{"type":"FeatureCollection","features":[{"type":"Feature","properties":{"territoryId":"cliopatria-q244796-4220536fee","name":"Achaean League","name_ko":"아카이아 동맹","color":"#75f0be","colorFamily":2,"startYear":-163,"endYear":-144,"source_name":"Cliopatria v0.2.0","source_url":"https://github.com/Seshat-Global-History-Databank/cliopatria","license":"CC BY 4.0","attribution":"Seshat Global History Databank, Cliopatria contributors"},"geometry":{"type":"MultiPolygon","coordinates":[[[[21.3937,37.7062],[21.4718,37.7062],[21.4687,37.6417],[21.5468,37.6417],[21.5436,37.5773],[21.6217,37.5773],[21.6186,37.5128],[22.0867,37.5128],[22.2362,37.3838],[22.3208,37.5128],[22.3989,37.5128],[22.7041,37.3838],[22.7144,37.5773],[22.7783,37.5969],[22.7912,37.5773],[22.9486,37.5773],[23.1756,37.4483],[23.1685,37.3193],[23.1959,37.3193],[23.186,37.3406],[23.278,37.3498],[23.2513,37.3573],[23.2576,37.3709],[23.23,37.3749],[23.2644,37.3908],[23.2627,37.401],[23.4077,37.4139],[23.4131,37.5098],[23.3352,37.5128],[23.3365,37.5356],[23.1661,37.6256],[23.1083,37.6417],[23.0373,37.7707],[23.0414,37.8445],[23.0125,37.8476],[22.9951,37.8821],[23.0151,37.9252],[23.0941,37.911],[23.2508,37.9752],[23.2864,38.0288],[23.2191,38.1512],[23.1755,38.145],[23.1755,38.1313],[23.2166,38.1033],[23.1729,38.0795],[23.0686,38.0589],[22.9762,38.077],[22.9754,37.979],[22.9463,37.9462],[22.8672,37.9395],[22.8201,37.9643],[22.6572,37.9643],[22.6126,38.0918],[22.5115,38.1293],[22.4148,38.1379],[22.3312,38.1789],[22.2185,38.1882],[22.1614,38.2132],[22.1433,38.2491],[22.1136,38.2678],[22.0488,38.2748],[22.0204,38.3132],[21.9559,38.3367],[21.8495,38.3413],[21.7642,38.2958],[21.7333,38.2514],[21.7286,38.1578],[21.4156,38.1578],[21.4124,38.0933],[21.6375,37.8998],[21.6311,37.7707],[21.3968,37.7707],[21.3937,37.7062]]],[[[21.738,38.344],[21.7625,38.3284],[21.7822,38.3637],[21.8312,38.3967],[21.8792,38.378],[21.9579,38.4117],[22.1326,38.3727],[22.1892,38.3231],[22.2249,38.3601],[22.2868,38.3515],[22.1335,38.416],[21.7417,38.416],[21.738,38.344]]],[[[23.4014,37.3193],[23.4024,37.3193],[23.4024,37.3199],[23.4014,37.3193]]]]}},{"type":"Feature","properties":{"territoryId":"cliopatria-q5724-1182393f17","name":"Anurādhapura","name_ko":"아누라다푸라","color":"#e1bf33","colorFamily":1,"startYear":-290,"endYear":77,"source_name":"Cliopatria v0.2.0","source_url":"https://github.com/Seshat-Global-History-Databank/cliopatria","license":"CC BY 4.0","attribution":"Seshat Global History Databank, Cliopatria contributors"},"geometry":{"type":"MultiPolygon","coordinates":[[[[79.7061,8.0645],[79.802,7.6593],[79.7786,7.6027],[79.8263,7.2104],[79.8616,7.1674],[79.8482,7.123],[79.8203,7.2055],[79.8616,7.0119],[79.863,6.8072],[79.9696,6.5353],[79.9642,6.4719],[80.032,6.2663],[80.094,6.1361],[80.2039,6.0262],[80.341,5.9709],[80.444,5.9709],[80.4652,5.9407],[80.5908,5.9237],[80.7144,5.9579],[80.8091,6.0351],[81.1126,6.1203],[81.1877,6.1816],[81.2044,6.1627],[81.3621,6.2254],[81.5681,6.3827],[81.7647,6.5931],[81.8846,6.9802],[81.8807,7.3271],[81.8331,7.4594],[81.8078,7.4103],[81.7934,7.4655],[81.771,7.457],[81.7358,7.6305],[81.714,7.6437],[81.7116,7.6225],[81.659,7.7233],[81.5955,7.7263],[81.6266,7.7602],[81.7131,7.7118],[81.6364,7.8355],[81.5876,7.8553],[81.5955,7.9174],[81.5607,7.9993],[81.5197,7.9993],[81.466,8.1109],[81.4356,8.0932],[81.3963,8.1365],[81.4036,8.1918],[81.4303,8.103],[81.4482,8.1275],[81.3993,8.3393],[81.3566,8.3625],[81.3518,8.4047],[81.3894,8.3637],[81.3657,8.4822],[81.3342,8.5146],[81.2864,8.5002],[81.2811,8.467],[81.2131,8.4724],[81.1703,8.5207],[81.134,8.5013],[81.159,8.5346],[81.2106,8.5071],[81.2122,8.5727],[81.2498,8.5458],[81.2249,8.6168],[81.2044,8.6101],[81.2317,8.6511],[80.9785,8.98],[80.9476,8.9329],[80.9149,8.9439],[80.9351,8.9649],[80.8753,9.0415],[80.9443,9.0006],[80.9583,9.0179],[80.8965,9.1166],[80.8753,9.1036],[80.8345,9.1418],[80.8775,9.1464],[80.8239,9.2705],[80.8036,9.2716],[80.814,9.2395],[80.7936,9.2506],[80.7365,9.309],[80.7988,9.2949],[80.7725,9.3262],[80.5453,9.5195],[80.4398,9.5431],[80.4653,9.5833],[80.2769,9.7751],[80.1377,9.8062],[80.2478,9.7551],[80.444,9.5759],[80.3386,9.6292],[80.2223,9.7545],[80.1301,9.7773],[80.1241,9.8092],[79.9885,9.8229],[79.9097,9.7683],[79.958,9.6857],[80.0874,9.6184],[80.1356,9.6038],[80.094,9.6448],[80.186,9.5841],[80.186,9.6485],[80.3687,9.5302],[80.4714,9.5281],[80.6148,9.4462],[80.4266,9.5002],[80.2869,9.4527],[80.2334,9.5342],[80.0734,9.5958],[80.197,9.4735],[80.053,9.3915],[80.0662,9.3326],[80.1182,9.3004],[80.1056,9.1929],[80.048,9.0263],[79.9155,8.9385],[79.9505,8.7398],[79.9417,8.6425],[79.8738,8.5381],[79.8067,8.2402],[79.8272,8.1365],[79.7935,8.0728],[79.8338,8.0031],[79.7638,7.9901],[79.7319,8.0131],[79.752,8.0546],[79.7061,8.0645]]],[[[79.7752,8.2519],[79.7786,8.26],[79.7757,8.2605],[79.7752,8.2519]]],[[[79.8636,9.6717],[79.9438,9.6477],[79.8947,9.6882],[79.8823,9.7609],[79.8636,9.6717]]]]}},{"type":"Feature","properties":{"territoryId":"cliopatria-q2429397-c0d5ad3f29","name":"Carthage","name_ko":"고대 카르타고","color":"#f075ad","colorFamily":3,"startYear":-163,"endYear":-144,"source_name":"Cliopatria v0.2.0","source_url":"https://github.com/Seshat-Global-History-Databank/cliopatria","license":"CC BY 4.0","attribution":"Seshat Global History Databank, Cliopatria contributors"},"geometry":{"type":"MultiPolygon","coordinates":[[[[8.6764,36.4172],[8.6783,36.224],[8.8352,36.0308],[8.8369,35.8377],[8.9924,35.7733],[8.9171,35.5158],[9.2283,35.2584],[9.3856,34.8079],[10.0045,34.2933],[10.0815,34.2933],[10.8512,34.8079],[10.8512,34.9366],[11.0181,35.0342],[11.0159,35.0928],[11.055,35.1404],[11.0057,35.3871],[11.0469,35.3871],[11.0577,35.4867],[11.0831,35.5073],[11.0392,35.5185],[11.0169,35.5986],[10.851,35.6445],[10.8317,35.7185],[10.4635,35.902],[10.491,36.0633],[10.4793,36.217],[10.5349,36.3573],[10.4625,36.4172],[11.0062,36.8037],[11.0063,36.9971],[10.5187,36.7558],[10.3553,36.7312],[10.2938,36.7856],[10.1885,36.7976],[10.2398,36.8418],[10.2685,36.9378],[10.1824,37.027],[10.1743,37.0762],[10.2271,37.1177],[10.1281,37.1587],[10.2273,37.1639],[10.2272,37.1949],[10.1501,37.2337],[9.9934,37.1904],[9.925,37.213],[9.8799,37.1501],[9.8159,37.1518],[9.7718,37.2133],[9.8157,37.2491],[9.6158,37.3151],[9.5746,37.3058],[9.0595,37.0615],[8.9723,37.0975],[8.8244,36.9795],[8.7623,36.9748],[8.8276,36.8682],[8.9083,36.546],[8.6764,36.4172]]],[[[9.8196,37.2276],[9.8612,37.2338],[9.906,37.2193],[9.842,37.2404],[9.8196,37.2276]]]]}},{"type":"Feature","properties":{"territoryId":"cliopatria-q321371-7660fdaa22","name":"Cimmerian Bosporus","name_ko":"보스포루스 왕국","color":"#33e189","colorFamily":2,"startYear":-229,"endYear":-91,"source_name":"Cliopatria v0.2.0","source_url":"https://github.com/Seshat-Global-History-Databank/cliopatria","license":"CC BY 4.0","attribution":"Seshat Global History Databank, Cliopatria contributors"},"geometry":{"type":"MultiPolygon","coordinates":[[[[35.1538,45.1042],[35.2351,45.1042],[35.2159,44.9734],[35.3879,45.0388],[35.4073,45.1696],[35.7324,45.1696],[35.8753,45.0388],[36.3726,45.1042],[36.4231,45.4313],[35.5178,45.2955],[35.438,45.3189],[35.1826,45.3004],[35.1538,45.1042]]],[[[36.7507,45.4095],[36.7535,45.3793],[36.8475,45.3673],[36.8025,45.3127],[36.7757,45.3648],[36.7581,45.3542],[36.7888,45.2922],[36.9473,45.3202],[36.9704,45.303],[36.7679,45.223],[36.7781,45.1124],[37.256,45.0388],[37.5285,44.7119],[37.9338,44.7119],[38.1173,44.8426],[38.3879,45.4968],[38.6987,45.8898],[38.862,45.8898],[39.0933,46.2833],[39.1047,46.3489],[39.2915,46.4802],[39.4317,46.8086],[39.5959,46.8086],[39.5492,47.0058],[39.7374,47.1374],[39.7153,47.4665],[39.2445,47.5982],[38.4902,47.5323],[38.3502,47.2032],[39.1969,47.3348],[39.2015,47.2699],[39.28,47.2353],[39.2492,47.1481],[39.2732,47.1356],[39.262,47.1076],[39.28,47.0878],[39.3294,47.1284],[39.3887,47.1152],[39.3036,47.0847],[39.28,47.0128],[39.0317,47.0058],[38.9373,46.9475],[38.8657,46.9429],[38.7863,46.8743],[38.6126,46.855],[38.5454,46.7163],[38.5858,46.6959],[38.5916,46.6592],[38.5133,46.6501],[38.4946,46.6115],[37.8386,46.6115],[37.8986,46.4802],[38.3679,46.3489],[38.3428,46.2007],[38.5708,46.1047],[38.5599,46.0327],[38.4274,46.0383],[38.2806,46.1281],[38.1641,46.0761],[38.0396,45.8161],[38.0012,45.8326],[38.073,45.9088],[38.0803,45.9464],[38.0418,45.9611],[38.074,46.0252],[37.9082,45.9621],[37.8611,45.8061],[37.7577,45.6278],[37.6709,45.6097],[37.5947,45.6278],[37.747,45.5623],[37.7189,45.3896],[37.7581,45.402],[37.713,45.3533],[37.7293,45.3017],[37.1734,45.3004],[37.3192,45.2717],[37.0784,45.239],[37.0659,45.2615],[37.1069,45.2717],[37.1117,45.3004],[36.9723,45.3004],[36.9166,45.4205],[36.8045,45.4313],[36.7507,45.4095]]]]}},{"type":"Feature","properties":{"territoryId":"cliopatria-q165198-b05c593442","name":"Cyrenaica","name_ko":"키레나이카","color":"#7eb1e7","colorFamily":0,"startYear":-109,"endYear":-91,"source_name":"Cliopatria v0.2.0","source_url":"https://github.com/Seshat-Global-History-Databank/cliopatria","license":"CC BY 4.0","attribution":"Seshat Global History Databank, Cliopatria contributors"},"geometry":{"type":"Polygon","coordinates":[[[18.812,30.0508],[19.4961,30.1151],[19.6514,30.2436],[20.9516,30.565],[21.9388,30.565],[22.7667,30.3722],[22.7618,30.2436],[22.916,30.3079],[23.5101,29.9865],[23.9622,29.9223],[24.7765,29.4723],[24.8522,29.4723],[24.8632,29.7294],[24.7201,29.9223],[24.7353,30.2653],[24.6887,30.1828],[24.7354,30.2673],[24.7429,30.4364],[24.9826,30.6935],[24.8641,31.4005],[25.102,31.5933],[25.1097,31.7462],[24.8925,31.9789],[24.1294,31.9789],[23.9064,32.1074],[23.3021,32.2099],[23.3122,32.1627],[23.2854,32.2038],[23.1486,32.236],[23.1367,32.3133],[23.0806,32.3341],[23.0944,32.4365],[23.1239,32.3971],[23.0894,32.6216],[22.5138,32.791],[22.2871,32.8845],[22.2068,32.8881],[22.1138,32.9413],[21.5698,32.8788],[21.4117,32.7502],[21.0578,32.7736],[20.8712,32.6216],[20.7962,32.6428],[20.6898,32.6041],[20.7159,32.5574],[20.563,32.5574],[20.482,32.4288],[20.417,32.4565],[20.3255,32.4098],[20.2461,32.236],[20.141,32.236],[20.0606,32.1583],[20.0891,32.1074],[19.9961,31.5933],[20.2143,31.2719],[20.1221,30.7578],[19.5014,30.3079],[19.0568,30.2662],[18.8944,30.3079],[18.812,30.0508]],[[24.6887,30.1828],[24.6967,30.127],[24.6883,30.1442],[24.6887,30.1828]]]}},{"type":"Feature","properties":{"territoryId":"cliopatria-q877155-6f381da4cb","name":"Early Cheras","name_ko":"체라 왕조","color":"#d5d93a","colorFamily":1,"startYear":-290,"endYear":298,"source_name":"Cliopatria v0.2.0","source_url":"https://github.com/Seshat-Global-History-Databank/cliopatria","license":"CC BY 4.0","attribution":"Seshat Global History Databank, Cliopatria contributors"},"geometry":{"type":"Polygon","coordinates":[[[75.9889,10.6278],[76.1532,10.2202],[76.2017,10.1997],[76.1948,10.2686],[76.2402,10.239],[76.1775,10.1706],[76.1824,10.1057],[76.2427,9.9875],[76.2153,10.1383],[76.2451,10.1022],[76.2782,9.9779],[76.3592,9.9154],[76.3941,9.8428],[76.407,9.5691],[76.5033,9.535],[76.459,9.4973],[76.3574,9.5207],[76.3941,9.6789],[76.3327,9.8708],[76.3389,9.6994],[76.3086,9.8796],[76.2808,9.8428],[76.2842,9.8912],[76.2669,9.876],[76.2568,9.9086],[76.291,9.9086],[76.2515,9.9631],[76.2889,9.704],[76.5387,8.9655],[76.5654,8.9943],[76.5586,8.9521],[76.5828,9.0006],[76.6685,9.0074],[76.6343,8.9869],[76.6576,8.9664],[76.6033,8.9732],[76.574,8.9426],[76.5816,8.9199],[76.6206,8.9254],[76.5733,8.9044],[76.5525,8.9246],[77.1465,8.2572],[77.2492,8.3869],[77.3448,9.5807],[77.2334,9.7601],[77.4144,10.2065],[76.8499,10.4502],[76.8924,10.7567],[76.7068,10.907],[75.9889,10.6278]]]}},{"type":"Feature","properties":{"territoryId":"cliopatria-q3532146-1504c126db","name":"Early Cholas","name_ko":"촐라 왕국","color":"#3a5dd9","colorFamily":0,"startYear":-290,"endYear":298,"source_name":"Cliopatria v0.2.0","source_url":"https://github.com/Seshat-Global-History-Databank/cliopatria","license":"CC BY 4.0","attribution":"Seshat Global History Databank, Cliopatria contributors"},"geometry":{"type":"Polygon","coordinates":[[[76.6815,10.9441],[76.9036,10.7691],[76.8467,10.4808],[77.3991,10.2148],[78.9246,10.1605],[79.3981,10.3247],[79.4826,10.313],[79.5869,10.3437],[79.604,10.3291],[79.5546,10.3048],[79.7601,10.2815],[79.6141,10.3096],[79.6331,10.3286],[79.7571,10.3091],[79.7789,10.2794],[79.8544,10.2885],[79.8553,11.1599],[79.8203,11.348],[78.9641,10.839],[77.8762,10.9386],[77.5908,11.1383],[77.0202,11.1694],[76.6815,10.9441]]]}},{"type":"Feature","properties":{"territoryId":"cliopatria-q3532152-a86e8eb864","name":"Early Pandyas","name_ko":"초기 판드야 왕조","color":"#5ce09f","colorFamily":2,"startYear":-290,"endYear":298,"source_name":"Cliopatria v0.2.0","source_url":"https://github.com/Seshat-Global-History-Databank/cliopatria","license":"CC BY 4.0","attribution":"Seshat Global History Databank, Cliopatria contributors"},"geometry":{"type":"Polygon","coordinates":[[[77.1585,8.2917],[77.2952,8.1448],[77.5255,8.081],[77.5952,8.139],[77.7683,8.1815],[78.0149,8.35],[78.1283,8.488],[78.1423,8.5931],[78.1146,8.6579],[78.1426,8.6579],[78.1692,8.7336],[78.2152,8.7654],[78.2102,8.7883],[78.1624,8.7535],[78.1828,8.8771],[78.2398,8.9656],[78.4121,9.0998],[78.6348,9.1446],[78.8438,9.244],[78.9889,9.2783],[79.1417,9.2624],[79.0399,9.3147],[78.9141,9.4504],[78.9366,9.6729],[79.2701,10.0283],[79.2363,10.1666],[79.2949,10.2653],[78.916,10.1266],[77.4407,10.1881],[77.2401,9.7739],[77.3636,9.5802],[77.2674,8.3937],[77.1585,8.2917]]]}},{"type":"Feature","properties":{"territoryId":"cliopatria-q26847-ca37a387e0","name":"Galatia","name_ko":"갈라티아","color":"#3ab8d9","colorFamily":6,"startYear":-238,"endYear":-126,"source_name":"Cliopatria v0.2.0","source_url":"https://github.com/Seshat-Global-History-Databank/cliopatria","license":"CC BY 4.0","attribution":"Seshat Global History Databank, Cliopatria contributors"},"geometry":{"type":"Polygon","coordinates":[[[31.233,39.3203],[31.443,39.0618],[31.4236,38.868],[31.7377,38.868],[31.8033,38.7389],[32.189,38.6743],[33.5872,38.5451],[33.6796,38.6743],[34.4787,38.8034],[34.7667,39.2557],[34.7263,39.5789],[34.8284,39.7729],[34.5363,39.967],[34.5679,40.2259],[33.5554,40.3554],[33.4125,40.4849],[32.7644,40.3554],[32.3043,40.4849],[32.11,40.1612],[31.7079,40.0964],[31.701,40.0317],[31.3061,40.0317],[31.2993,39.967],[31.3783,39.967],[31.233,39.3203]]]}},{"type":"Feature","properties":{"territoryId":"cliopatria-q28405-999e7a3b22","name":"Gojoseon","name_ko":"고조선","color":"#eab43e","colorFamily":1,"startYear":-196,"endYear":-110,"source_name":"Cliopatria v0.2.0","source_url":"https://github.com/Seshat-Global-History-Databank/cliopatria","license":"CC BY 4.0","attribution":"Seshat Global History Databank, Cliopatria contributors"},"geometry":{"type":"MultiPolygon","coordinates":[[[[123.8622,39.8276],[123.9421,39.8406],[123.9857,39.8102],[124.2022,39.8786],[124.3613,40.0112],[124.3702,40.0979],[124.4102,40.0362],[124.4996,40.0225],[124.4058,40.0278],[124.37,39.94],[124.3215,39.9127],[124.4177,39.8245],[124.5641,39.8143],[124.5848,39.7236],[124.647,39.6976],[124.6436,39.6677],[124.7557,39.6883],[124.7461,39.7829],[124.7707,39.7418],[124.8816,39.7042],[124.9016,39.6621],[125.0975,39.6027],[125.117,39.5659],[125.2252,39.5912],[125.2103,39.5731],[125.286,39.5212],[125.4449,39.5844],[125.442,39.5476],[125.3452,39.4537],[125.3836,39.4403],[125.3834,39.3952],[125.4592,39.3851],[125.4046,39.3647],[125.4449,39.3106],[125.3936,39.2458],[125.4109,39.2138],[125.3436,39.2129],[125.3435,39.1689],[125.2874,39.1523],[125.2841,39.0896],[125.3351,39.0834],[125.2708,39.0806],[125.1986,38.9861],[125.1372,38.8035],[125.1883,38.7386],[125.2166,38.7397],[125.241,38.7931],[125.2669,38.7551],[125.2435,38.7283],[125.2777,38.7033],[125.3084,38.7073],[125.301,38.7346],[125.4193,38.7293],[125.4109,38.7551],[125.4478,38.7772],[125.4791,38.7277],[125.6578,38.631],[125.6104,38.6311],[125.5452,38.6794],[125.5208,38.6527],[125.4627,38.7073],[125.301,38.6568],[125.1798,38.67],[125.1796,38.6347],[125.1566,38.6317],[125.1229,38.6641],[125.128,38.5803],[124.9839,38.5919],[125.0164,38.498],[124.9727,38.4404],[124.9722,38.4621],[124.9473,38.4505],[124.8797,38.3452],[124.8723,38.2576],[124.993,38.227],[124.9209,38.1894],[124.856,38.227],[124.7681,38.1017],[124.8655,38.1071],[124.8853,38.1317],[124.9563,38.0933],[125.0767,38.0933],[125.06,38.0754],[125.1406,38.0978],[125.2649,38.0779],[125.2463,38.0201],[125.2017,38.0494],[125.1067,38.0346],[125.1754,37.9699],[125.062,37.9786],[124.9795,37.9252],[125.0135,37.9395],[125.0132,37.906],[125.2151,37.8913],[125.26,37.9327],[125.3084,37.8781],[125.2542,37.8346],[125.3084,37.8091],[125.3773,37.8433],[125.3494,37.8644],[125.4449,37.8433],[125.3836,37.8918],[125.4244,37.9122],[125.5101,37.8943],[125.4791,37.8576],[125.5276,37.8433],[125.5242,37.8178],[125.3899,37.7961],[125.3773,37.7819],[125.4449,37.7744],[125.3638,37.7609],[125.3475,37.6756],[125.3853,37.7164],[125.4746,37.7312],[125.5276,37.7961],[125.5343,37.7722],[125.6387,37.8647],[125.6306,37.9252],[125.6773,37.8989],[125.7398,37.9252],[125.6988,37.9252],[125.7193,37.9525],[125.6783,37.9525],[125.6754,37.9776],[125.5965,37.9923],[125.5782,38.009],[125.5969,38.0322],[125.7993,37.9929],[125.8052,37.9516],[125.9216,37.8449],[125.9862,37.8228],[125.9595,37.9122],[126.0128,37.8543],[126.0558,37.8706],[126.0628,37.8022],[126.1509,37.8099],[126.1785,37.8405],[126.4059,37.8826],[126.9024,38.2869],[127.18,38.9326],[127.7335,39.1173],[127.5317,39.1461],[127.4913,39.1949],[127.4522,39.166],[127.372,39.2404],[127.3919,39.3419],[127.4734,39.3476],[127.3784,39.3789],[127.4829,39.437],[127.5229,39.3969],[127.5413,39.4287],[127.5204,39.5105],[127.5746,39.595],[127.5122,39.6495],[127.5208,39.747],[127.6237,39.8309],[127.6633,39.8068],[127.6958,39.8482],[127.789,39.8638],[127.7818,39.8854],[127.8869,39.9262],[127.9067,39.9839],[127.94,39.9748],[128.0068,40.0452],[128.0471,40.0398],[127.9314,40.2259],[127.6542,40.2906],[127.5742,40.4201],[127.6529,40.6792],[127.336,40.6792],[127.2969,40.8736],[126.2664,41.1328],[126.3468,41.2625],[126.0682,41.1977],[126.1084,41.2625],[125.5126,41.3274],[124.8366,41.1328],[124.4118,40.2906],[123.8622,39.8276]],[[124.3806,40.1056],[124.5282,40.2141],[124.5487,40.2209],[124.3806,40.1056]]],[[[124.8696,39.5805],[124.9222,39.5711],[124.9267,39.6048],[124.8805,39.6125],[124.8696,39.5805]]],[[[124.9002,38.4957],[124.904,38.4944],[124.9016,38.4984],[124.9002,38.4957]]],[[[125.2673,37.7115],[125.3377,37.7687],[125.2887,37.7526],[125.2673,37.7115]]]]}},{"type":"Feature","properties":{"territoryId":"cliopatria-q28405-999e7a3b22","name":"Gojoseon","name_ko":"고조선","color":"#eab43e","colorFamily":1,"startYear":-109,"endYear":-91,"source_name":"Cliopatria v0.2.0","source_url":"https://github.com/Seshat-Global-History-Databank/cliopatria","license":"CC BY 4.0","attribution":"Seshat Global History Databank, Cliopatria contributors"},"geometry":{"type":"MultiPolygon","coordinates":[[[[123.8622,39.8276],[123.9421,39.8406],[123.9857,39.8102],[124.2022,39.8786],[124.3613,40.0112],[124.3702,40.0979],[124.4102,40.0362],[124.4996,40.0225],[124.4058,40.0278],[124.37,39.94],[124.3215,39.9127],[124.4177,39.8245],[124.5641,39.8143],[124.5848,39.7236],[124.647,39.6976],[124.6436,39.6677],[124.7557,39.6883],[124.7461,39.7829],[124.7707,39.7418],[124.8816,39.7042],[124.9016,39.6621],[125.0975,39.6027],[125.117,39.5659],[125.2252,39.5912],[125.2103,39.5731],[125.286,39.5212],[125.4449,39.5844],[125.442,39.5476],[125.3452,39.4537],[125.3836,39.4403],[125.3834,39.3952],[125.4592,39.3851],[125.4046,39.3647],[125.4449,39.3106],[125.3936,39.2458],[125.4109,39.2138],[125.3436,39.2129],[125.3435,39.1689],[125.2874,39.1523],[125.2841,39.0896],[125.3351,39.0834],[125.2708,39.0806],[125.1986,38.9861],[125.1372,38.8035],[125.1883,38.7386],[125.2166,38.7397],[125.241,38.7931],[125.2669,38.7551],[125.2435,38.7283],[125.2777,38.7033],[125.3084,38.7073],[125.301,38.7346],[125.4193,38.7293],[125.4109,38.7551],[125.4478,38.7772],[125.4791,38.7277],[125.6578,38.631],[125.6104,38.6311],[125.5452,38.6794],[125.5208,38.6527],[125.4627,38.7073],[125.301,38.6568],[125.1798,38.67],[125.1796,38.6347],[125.1566,38.6317],[125.1229,38.6641],[125.128,38.5803],[124.9839,38.5919],[125.0164,38.498],[124.9727,38.4404],[124.9722,38.4621],[124.9473,38.4505],[124.8797,38.3452],[124.8723,38.2576],[124.993,38.227],[124.9209,38.1894],[124.856,38.227],[124.7681,38.1017],[124.8655,38.1071],[124.8853,38.1317],[124.9563,38.0933],[125.0767,38.0933],[125.06,38.0754],[125.1406,38.0978],[125.2649,38.0779],[125.2463,38.0201],[125.2017,38.0494],[125.1067,38.0346],[125.1754,37.9699],[125.062,37.9786],[124.9795,37.9252],[125.0135,37.9395],[125.0132,37.906],[125.2151,37.8913],[125.26,37.9327],[125.3084,37.8781],[125.2542,37.8346],[125.3084,37.8091],[125.3773,37.8433],[125.3494,37.8644],[125.4449,37.8433],[125.3836,37.8918],[125.4244,37.9122],[125.5101,37.8943],[125.4791,37.8576],[125.5276,37.8433],[125.5242,37.8178],[125.3899,37.7961],[125.3773,37.7819],[125.4449,37.7744],[125.3638,37.7609],[125.3475,37.6756],[125.3853,37.7164],[125.4746,37.7312],[125.5276,37.7961],[125.5343,37.7722],[125.6387,37.8647],[125.6306,37.9252],[125.6773,37.8989],[125.7398,37.9252],[125.6988,37.9252],[125.7193,37.9525],[125.6783,37.9525],[125.6754,37.9776],[125.5965,37.9923],[125.5782,38.009],[125.5969,38.0322],[125.7993,37.9929],[125.8052,37.9516],[125.9216,37.8449],[125.9862,37.8228],[125.9595,37.9122],[126.0128,37.8543],[126.0558,37.8706],[126.0628,37.8022],[126.1509,37.8099],[126.1785,37.8405],[126.4059,37.8826],[126.9024,38.2869],[127.18,38.9326],[127.7335,39.1173],[127.5317,39.1461],[127.4913,39.1949],[127.4522,39.166],[127.372,39.2404],[127.3919,39.3419],[127.4734,39.3476],[127.3784,39.3789],[127.4829,39.437],[127.5229,39.3969],[127.5413,39.4287],[127.5204,39.5105],[127.5746,39.595],[127.5122,39.6495],[127.5208,39.747],[127.6237,39.8309],[127.6633,39.8068],[127.6958,39.8482],[127.789,39.8638],[127.7818,39.8854],[127.8869,39.9262],[127.9067,39.9839],[127.94,39.9748],[128.0068,40.0452],[128.0471,40.0398],[127.9314,40.2259],[127.6542,40.2906],[127.5742,40.4201],[127.6529,40.6792],[127.336,40.6792],[127.3757,40.744],[127.2969,40.8736],[126.8608,40.9384],[126.9008,41.0032],[126.3852,41.068],[126.4253,41.1328],[126.2664,41.1328],[126.3468,41.2625],[126.0682,41.1977],[126.1084,41.2625],[125.5126,41.3274],[125.5528,41.3922],[124.9161,41.1328],[124.8366,41.1328],[124.4118,40.2906],[123.8622,39.8276]],[[124.3806,40.1056],[124.5282,40.2141],[124.5487,40.2209],[124.3806,40.1056]]],[[[124.8696,39.5805],[124.9222,39.5711],[124.9267,39.6048],[124.8805,39.6125],[124.8696,39.5805]]],[[[124.9002,38.4957],[124.904,38.4944],[124.9016,38.4984],[124.9002,38.4957]]],[[[125.2673,37.7115],[125.3377,37.7687],[125.2887,37.7526],[125.2673,37.7115]]]]}},{"type":"Feature","properties":{"territoryId":"cliopatria-q7313-1e8574dbe5","name":"Great Yuan","name_ko":"원나라","color":"#4bddc4","colorFamily":2,"startYear":-109,"endYear":-63,"source_name":"Cliopatria v0.2.0","source_url":"https://github.com/Seshat-Global-History-Databank/cliopatria","license":"CC BY 4.0","attribution":"Seshat Global History Databank, Cliopatria contributors"},"geometry":{"type":"Polygon","coordinates":[[[68.8567,40.9384],[69.3316,40.4201],[69.2729,40.2259],[68.997,40.0964],[68.9587,39.967],[69.3342,39.9023],[69.5924,39.7083],[70.558,39.7729],[70.7548,39.9023],[70.8141,40.0964],[70.9522,40.0317],[70.9127,39.9023],[71.0705,39.9023],[71.2091,40.0964],[71.9607,40.2259],[73.0193,40.8088],[73.0407,40.8736],[72.7234,40.8736],[72.47,41.068],[72.2318,41.068],[71.9995,41.3274],[71.92,41.3274],[71.6298,41.6518],[70.0157,41.5869],[69.8188,41.7167],[69.3995,41.6518],[68.978,41.3274],[68.8985,41.3274],[68.8567,40.9384]],[[69.313,39.9848],[69.314,39.9869],[69.3174,39.9848],[69.313,39.9848]],[[69.6528,40.6453],[69.6909,40.63],[69.6601,40.6387],[69.6528,40.6453]]]}},{"type":"Feature","properties":{"territoryId":"cliopatria-q488880-3b8363a08a","name":"Greco-Bactrian Kingdom","name_ko":"그리스-박트리아 왕국","color":"#4576e3","colorFamily":0,"startYear":-163,"endYear":-144,"source_name":"Cliopatria v0.2.0","source_url":"https://github.com/Seshat-Global-History-Databank/cliopatria","license":"CC BY 4.0","attribution":"Seshat Global History Databank, Cliopatria contributors"},"geometry":{"type":"MultiPolygon","coordinates":[[[[67.5611,33.8432],[67.6379,33.8432],[67.6521,33.9075],[67.5752,33.9075],[67.5611,33.8432]]],[[[63.9409,40.0964],[63.9673,39.9023],[64.1692,39.7729],[64.1346,39.6436],[64.3366,39.5143],[64.3024,39.385],[64.6109,39.0618],[64.5606,38.868],[64.7009,38.8034],[64.6677,38.6743],[65.7214,37.5773],[65.3931,36.8682],[65.5804,36.6749],[65.3968,36.224],[65.4744,36.224],[65.4445,36.0952],[65.5996,36.0952],[65.5402,35.8377],[65.6177,35.8377],[65.6363,35.5802],[66.3365,35.2584],[66.3266,34.8723],[66.703,34.4863],[66.78,34.4863],[66.7515,34.3577],[66.9682,34.2933],[66.9884,34.0361],[67.3872,34.1004],[67.4984,33.9075],[67.6663,33.9718],[67.7916,33.8432],[68.5171,33.6502],[68.4745,33.4574],[68.5512,33.4574],[68.3905,33.0716],[67.9391,32.7502],[67.7955,32.4288],[67.6294,32.3645],[67.5005,32.1074],[67.3478,32.1074],[67.3983,31.9789],[67.042,31.7218],[66.5373,31.0791],[66.5655,29.9865],[67.0171,29.5366],[67.1243,29.2795],[68.7215,28.8938],[69.2495,28.4438],[69.5298,28.3153],[69.9069,28.3153],[70.0692,27.9295],[70.5425,28.0581],[70.7367,27.8652],[70.7157,27.7367],[73.3536,28.1867],[74.8167,28.7652],[75.0042,28.9581],[75.4947,29.1509],[75.723,28.7652],[75.7381,28.4438],[76.2068,28.1224],[76.2011,27.6724],[76.1145,27.6081],[76.3065,27.4152],[76.2843,27.2866],[76.4878,27.158],[76.4659,27.0295],[76.6588,26.8366],[77.1524,26.6437],[77.6888,26.708],[78.022,26.9009],[78.0552,27.9295],[78.0402,28.251],[77.9648,28.251],[77.9897,29.1509],[77.8776,29.3438],[77.9305,29.6009],[77.8548,29.6009],[77.9358,29.9865],[79.4087,31.1434],[79.4237,31.2076],[79.1796,31.4647],[78.8448,31.3362],[78.8443,31.6575],[78.448,31.5933],[76.4634,32.236],[76.0811,32.5574],[76.1429,32.8145],[76.0663,32.8145],[76.0975,32.943],[75.9443,32.943],[75.8245,33.3931],[75.687,33.4574],[75.5406,34.1004],[74.0342,34.229],[73.8356,34.3146],[73.8999,34.3081],[73.9284,34.422],[73.4663,34.422],[73.2832,34.615],[72.9909,34.6793],[72.9459,34.8079],[72.7916,34.8079],[72.7466,34.9366],[72.1161,35.194],[71.9939,35.3227],[72.0263,35.4514],[71.8267,35.5802],[71.8594,35.7089],[71.7209,35.7733],[71.7093,36.0308],[71.6318,36.0308],[71.6983,36.2884],[71.6207,36.2884],[71.7487,36.4816],[71.6711,36.4816],[71.7049,36.6105],[71.8945,36.7393],[71.8855,36.9971],[72.9893,38.1578],[73.4942,38.5451],[73.7479,39.1265],[73.6303,39.2557],[73.6903,39.4496],[73.868,39.5143],[73.9325,39.967],[73.684,40.4201],[73.5257,40.4201],[73.4889,40.5496],[73.3305,40.5496],[73.2938,40.6792],[73.0951,40.773],[72.9768,40.7361],[73.0922,40.7744],[73.0193,40.8088],[72.7815,40.8088],[72.7662,41.0032],[72.5924,41.1977],[72.5129,41.1977],[71.8764,41.9114],[71.3257,42.1712],[71.086,42.1712],[71.0499,42.3012],[68.6857,41.9114],[67.5473,41.5869],[66.891,41.2625],[66.6525,41.2625],[66.6135,41.1328],[65.8035,40.8088],[65.5888,40.6144],[65.4304,40.6144],[65.449,40.6792],[65.3697,40.6792],[65.3511,40.6144],[65.2719,40.6144],[65.235,40.4849],[64.3894,40.2906],[63.9409,40.0964]],[[66.0797,37.4409],[66.1545,37.3835],[66.1429,37.3851],[66.0797,37.4409]],[[66.3069,38.0804],[66.4204,38.0419],[66.4083,38.0428],[66.3069,38.0804]],[[66.4878,37.3422],[66.5196,37.3642],[66.531,37.3649],[66.4878,37.3422]],[[66.5399,38.028],[66.5542,38.0269],[66.5722,38.0184],[66.5399,38.028]],[[67.7731,37.11],[67.7741,37.1205],[67.7823,37.1029],[67.7731,37.11]],[[67.8003,37.0891],[67.8176,37.0806],[67.808,37.0832],[67.8003,37.0891]],[[68.0169,36.9294],[68.0256,36.9271],[68.0202,36.9257],[68.0169,36.9294]],[[68.0433,36.9316],[68.1864,37.0183],[68.0549,36.9346],[68.0433,36.9316]],[[69.2457,37.1039],[69.3143,37.1189],[69.3121,37.1175],[69.2457,37.1039]],[[69.313,39.9848],[69.314,39.9869],[69.3174,39.9848],[69.313,39.9848]],[[69.4122,39.525],[69.5144,39.5376],[69.4773,39.5304],[69.4122,39.525]],[[69.6528,40.6453],[69.6909,40.63],[69.6601,40.6387],[69.6528,40.6453]],[[70.3579,42.0622],[70.4554,42.0937],[70.4631,42.0897],[70.3579,42.0622]],[[71.3191,36.2006],[71.3935,36.228],[71.3824,36.2186],[71.3191,36.2006]],[[71.3564,35.9331],[71.3685,35.894],[71.3607,35.9003],[71.3564,35.9331]],[[71.4008,35.868],[71.4167,35.8588],[71.4234,35.8499],[71.4008,35.868]],[[71.4471,35.8179],[71.4644,35.7947],[71.4658,35.7881],[71.4471,35.8179]],[[71.4756,35.741],[71.5027,35.7191],[71.5074,35.7095],[71.4756,35.741]],[[71.4833,35.6266],[71.5059,35.6034],[71.4927,35.6096],[71.4833,35.6266]],[[71.5144,35.6753],[71.5151,35.6935],[71.5198,35.6838],[71.5144,35.6753]],[[71.5316,35.3279],[71.6138,35.4035],[71.6111,35.3955],[71.5316,35.3279]],[[71.573,35.5692],[71.5842,35.5642],[71.5935,35.5494],[71.573,35.5692]],[[73.3676,39.4438],[73.4769,39.4648],[73.4924,39.4642],[73.3676,39.4438]],[[73.7749,34.371],[73.7798,34.3961],[73.7963,34.4185],[73.7749,34.371]],[[73.7827,34.3468],[73.8217,34.3204],[73.8042,34.3275],[73.7827,34.3468]],[[73.8198,39.7667],[73.8208,39.7783],[73.8295,39.747],[73.8198,39.7667]],[[73.8222,39.7962],[73.823,39.8057],[73.8287,39.8145],[73.8222,39.7962]],[[73.8381,39.8289],[73.8441,39.8381],[73.8807,39.865],[73.8381,39.8289]],[[73.8937,34.0543],[73.9458,34.0098],[73.9162,34.0279],[73.8937,34.0543]],[[74.5351,31.7711],[74.5408,31.8109],[74.5485,31.8201],[74.5351,31.7711]],[[74.5589,31.8325],[74.5656,31.8405],[74.67,31.9042],[74.5589,31.8325]]]]}},{"type":"Feature","properties":{"territoryId":"cliopatria-q488880-3b8363a08a","name":"Greco-Bactrian Kingdom","name_ko":"그리스-박트리아 왕국","color":"#4576e3","colorFamily":0,"startYear":-143,"endYear":-126,"source_name":"Cliopatria v0.2.0","source_url":"https://github.com/Seshat-Global-History-Databank/cliopatria","license":"CC BY 4.0","attribution":"Seshat Global History Databank, Cliopatria contributors"},"geometry":{"type":"MultiPolygon","coordinates":[[[[67.5611,33.8432],[67.6379,33.8432],[67.6521,33.9075],[67.5752,33.9075],[67.5611,33.8432]]],[[[65.0655,38.9972],[65.1441,38.9972],[65.0767,38.7389],[65.1551,38.7389],[65.0721,38.416],[65.1505,38.416],[65.209,38.0288],[65.7214,37.5773],[65.4706,37.1904],[65.3931,36.8682],[65.5804,36.6749],[65.3968,36.224],[65.4744,36.224],[65.4445,36.0952],[65.5996,36.0952],[65.5402,35.8377],[65.6177,35.8377],[65.6363,35.5802],[66.3365,35.2584],[66.3266,34.8723],[66.703,34.4863],[66.78,34.4863],[66.7515,34.3577],[66.9682,34.2933],[66.9884,34.0361],[67.3872,34.1004],[67.4984,33.9075],[67.6663,33.9718],[67.7916,33.8432],[68.5171,33.6502],[68.4745,33.4574],[68.5512,33.4574],[68.3905,33.0716],[67.9391,32.7502],[67.7955,32.4288],[67.6294,32.3645],[67.5005,32.1074],[67.3478,32.1074],[67.3983,31.9789],[67.2328,31.9146],[66.5494,31.1434],[66.5655,29.9865],[67.0171,29.5366],[67.1243,29.2795],[68.7215,28.8938],[69.4544,28.3153],[69.9069,28.3153],[70.0692,27.9295],[70.5425,28.0581],[70.7367,27.8652],[70.7157,27.7367],[73.3536,28.1867],[74.8167,28.7652],[75.0042,28.9581],[75.4947,29.1509],[75.723,28.7652],[75.7381,28.4438],[76.2068,28.1224],[76.2011,27.6724],[76.1145,27.6081],[76.3065,27.4152],[76.2843,27.2866],[76.4878,27.158],[76.4659,27.0295],[76.6588,26.8366],[77.1524,26.6437],[77.6888,26.708],[78.022,26.9009],[78.0552,27.9295],[78.0402,28.251],[77.9648,28.251],[77.9897,29.1509],[77.8776,29.3438],[77.9305,29.6009],[77.8548,29.6009],[77.9358,29.9865],[79.4087,31.1434],[79.4237,31.2076],[79.1796,31.4647],[78.8448,31.3362],[78.8443,31.6575],[78.448,31.5933],[76.4634,32.236],[76.0811,32.5574],[76.1429,32.8145],[76.0663,32.8145],[76.0975,32.943],[75.9443,32.943],[75.8245,33.3931],[75.687,33.4574],[75.5406,34.1004],[74.0342,34.229],[73.8356,34.3146],[73.8999,34.3081],[73.9284,34.422],[73.4663,34.422],[73.2832,34.615],[72.9909,34.6793],[72.9459,34.8079],[72.7916,34.8079],[72.7466,34.9366],[72.1161,35.194],[71.9939,35.3227],[72.0263,35.4514],[71.8267,35.5802],[71.8594,35.7089],[71.7209,35.7733],[71.7093,36.0308],[71.6318,36.0308],[71.6983,36.2884],[71.6207,36.2884],[71.7487,36.4816],[71.6711,36.4816],[71.7049,36.6105],[71.8945,36.7393],[71.8855,36.9971],[72.9893,38.1578],[73.4942,38.5451],[73.7479,39.1265],[73.6303,39.2557],[73.6903,39.4496],[73.868,39.5143],[73.9325,39.967],[73.684,40.4201],[73.5257,40.4201],[73.4889,40.5496],[73.3305,40.5496],[73.1566,40.744],[72.4595,40.5496],[71.7823,40.1612],[71.5067,40.2906],[70.6168,40.2259],[70.4395,40.4201],[70.2813,40.4201],[69.8066,40.1612],[69.0954,40.1612],[68.7377,40.5496],[68.0835,40.744],[68.1425,40.9384],[67.9838,41.1977],[66.8518,41.1328],[65.8497,40.4201],[65.5638,39.967],[65.2735,39.7729],[65.2031,39.5143],[65.2819,39.5143],[65.0655,38.9972]],[[66.0797,37.4409],[66.1545,37.3835],[66.1429,37.3851],[66.0797,37.4409]],[[66.3069,38.0804],[66.4204,38.0419],[66.4083,38.0428],[66.3069,38.0804]],[[66.4878,37.3422],[66.5196,37.3642],[66.531,37.3649],[66.4878,37.3422]],[[66.5399,38.028],[66.5542,38.0269],[66.5722,38.0184],[66.5399,38.028]],[[67.7731,37.11],[67.7741,37.1205],[67.7823,37.1029],[67.7731,37.11]],[[67.8003,37.0891],[67.8176,37.0806],[67.808,37.0832],[67.8003,37.0891]],[[68.0169,36.9294],[68.0256,36.9271],[68.0202,36.9257],[68.0169,36.9294]],[[68.0433,36.9316],[68.1864,37.0183],[68.0549,36.9346],[68.0433,36.9316]],[[69.2457,37.1039],[69.3143,37.1189],[69.3121,37.1175],[69.2457,37.1039]],[[69.313,39.9848],[69.314,39.9869],[69.3174,39.9848],[69.313,39.9848]],[[69.4122,39.525],[69.5144,39.5376],[69.4773,39.5304],[69.4122,39.525]],[[71.3191,36.2006],[71.3935,36.228],[71.3824,36.2186],[71.3191,36.2006]],[[71.3564,35.9331],[71.3685,35.894],[71.3607,35.9003],[71.3564,35.9331]],[[71.4008,35.868],[71.4167,35.8588],[71.4234,35.8499],[71.4008,35.868]],[[71.4471,35.8179],[71.4644,35.7947],[71.4658,35.7881],[71.4471,35.8179]],[[71.4756,35.741],[71.5027,35.7191],[71.5074,35.7095],[71.4756,35.741]],[[71.4833,35.6266],[71.5059,35.6034],[71.4927,35.6096],[71.4833,35.6266]],[[71.5144,35.6753],[71.5151,35.6935],[71.5198,35.6838],[71.5144,35.6753]],[[71.5316,35.3279],[71.6138,35.4035],[71.6111,35.3955],[71.5316,35.3279]],[[71.573,35.5692],[71.5842,35.5642],[71.5935,35.5494],[71.573,35.5692]],[[73.3676,39.4438],[73.4769,39.4648],[73.4924,39.4642],[73.3676,39.4438]],[[73.7749,34.371],[73.7798,34.3961],[73.7963,34.4185],[73.7749,34.371]],[[73.7827,34.3468],[73.8217,34.3204],[73.8042,34.3275],[73.7827,34.3468]],[[73.8198,39.7667],[73.8208,39.7783],[73.8295,39.747],[73.8198,39.7667]],[[73.8222,39.7962],[73.823,39.8057],[73.8287,39.8145],[73.8222,39.7962]],[[73.8381,39.8289],[73.8441,39.8381],[73.8807,39.865],[73.8381,39.8289]],[[73.8937,34.0543],[73.9458,34.0098],[73.9162,34.0279],[73.8937,34.0543]],[[74.5351,31.7711],[74.5408,31.8109],[74.5485,31.8201],[74.5351,31.7711]],[[74.5589,31.8325],[74.5656,31.8405],[74.67,31.9042],[74.5589,31.8325]]],[[[60.8735,37.1904],[60.9514,37.1904],[60.9658,37.2549],[60.8878,37.2549],[60.8735,37.1904]]]]}},{"type":"Feature","properties":{"territoryId":"cliopatria-q148837-11892bffbd","name":"Greek City-States","name_ko":"그리스 도시국가들","color":"#a95ce0","colorFamily":4,"startYear":-163,"endYear":-144,"source_name":"Cliopatria v0.2.0","source_url":"https://github.com/Seshat-Global-History-Databank/cliopatria","license":"CC BY 4.0","attribution":"Seshat Global History Databank, Cliopatria contributors"},"geometry":{"type":"MultiPolygon","coordinates":[[[[23.6154,35.5158],[23.6792,35.2584],[24.7574,35.194],[24.8237,35.001],[26.1401,35.0653],[26.2253,35.194],[25.7953,35.1151],[25.6806,35.1297],[25.6923,35.3227],[24.301,35.3227],[24.1499,35.3871],[24.1541,35.465],[24.0669,35.507],[24.1569,35.5158],[23.6154,35.5158]]],[[[22.9016,36.3383],[22.9292,36.178],[23.0533,36.1596],[23.0769,36.2707],[22.9446,36.3894],[22.9016,36.3383]]],[[[21.6031,37.1904],[21.681,37.1904],[21.7435,36.8682],[21.8992,36.8682],[21.9085,37.0615],[22.22,37.0615],[22.3757,36.6749],[22.5118,36.6749],[22.5994,36.8682],[22.8328,36.8682],[23.0391,36.7062],[22.8532,37.2549],[22.3989,37.5128],[22.3208,37.5128],[22.2362,37.3838],[22.0867,37.5128],[21.6966,37.5128],[21.6958,37.3164],[21.6031,37.1904]]],[[[23.0356,36.6926],[23.0463,36.6833],[23.0517,36.6872],[23.0498,36.6926],[23.0356,36.6926]]],[[[24.2754,37.5317],[24.3958,37.6247],[24.3728,37.6852],[24.2893,37.6453],[24.2754,37.5317]]],[[[24.9955,37.6789],[25.1255,37.5559],[25.216,37.5329],[25.2593,37.59],[24.9955,37.6789]]],[[[20.6195,37.8228],[20.7934,37.6685],[20.9261,37.7284],[20.886,37.814],[20.7247,37.8998],[20.6554,37.8998],[20.6195,37.8228]]],[[[24.6878,37.9287],[24.9118,37.7283],[24.9944,37.7541],[24.9538,37.8707],[24.7937,37.9941],[24.6878,37.9287]]],[[[21.2436,37.8352],[21.3217,37.8352],[21.3186,37.7707],[21.6311,37.7707],[21.6375,37.8998],[21.4124,38.0933],[21.3453,38.0933],[21.3279,37.9643],[21.2497,37.9643],[21.2436,37.8352]]],[[[20.339,38.2002],[20.3801,38.1518],[20.4253,38.1753],[20.4351,38.2788],[20.4943,38.1337],[20.7865,38.0933],[20.6817,38.2821],[20.6429,38.2534],[20.5991,38.3026],[20.6258,38.3518],[20.5664,38.416],[20.479,38.3095],[20.3999,38.3641],[20.339,38.2002]]],[[[20.6878,38.3367],[20.7194,38.3156],[20.7387,38.3189],[20.6951,38.3434],[20.6878,38.3367]]],[[[23.4849,38.7389],[23.5634,38.7389],[23.5668,38.7946],[23.4888,38.8034],[23.4849,38.7389]]],[[[24.4362,38.878],[24.557,38.8457],[24.5368,38.7918],[24.6643,38.7732],[24.523,38.9643],[24.4611,38.9677],[24.4362,38.878]]],[[[25.0447,39.9853],[25.047,39.8376],[25.2043,39.8376],[25.2388,39.9195],[25.2798,39.8891],[25.2388,39.8581],[25.3551,39.8376],[25.348,39.9064],[25.4499,39.9884],[25.4377,40.0317],[25.2852,39.9534],[25.2251,40.0089],[25.0447,39.9853]]],[[[20.4954,41.7167],[20.5434,41.1328],[20.8505,40.9384],[20.8364,40.6792],[20.9156,40.6792],[20.9052,40.4849],[20.5719,40.1612],[20.5588,39.9023],[20.9501,39.8376],[20.9434,39.7083],[21.3206,39.385],[21.3139,39.2557],[20.6059,39.2557],[20.6783,39.1265],[20.8224,39.1145],[21.0032,39.0151],[21.0852,39.0629],[21.1599,38.9977],[21.1774,38.876],[21.1023,38.9108],[21.0852,38.8643],[21.0274,38.9326],[20.8599,38.9605],[20.7414,38.8034],[20.9737,38.7389],[21.1933,38.416],[21.3431,38.416],[21.3225,38.4963],[21.3732,38.416],[22.4083,38.416],[22.4016,38.4534],[22.6036,38.416],[22.9881,38.2869],[23.0322,38.1859],[23.2234,38.1592],[23.2864,38.0288],[23.407,37.9951],[23.5746,38.0468],[23.553,37.9805],[23.6284,37.9331],[23.9786,37.8352],[24.0361,38.2224],[23.951,38.2909],[23.71,38.3367],[23.5929,38.4806],[23.3126,38.4806],[23.1826,38.6538],[23.1045,38.6384],[22.9149,38.7756],[22.5251,38.8581],[22.6216,38.9145],[22.792,38.878],[23.0731,39.0363],[22.9639,39.009],[22.9981,39.0698],[22.9516,39.1238],[22.7973,39.0618],[22.8163,39.385],[23.1318,39.4489],[22.6109,39.9023],[22.6497,39.9853],[22.5437,40.0964],[22.5716,40.5496],[22.9105,40.6446],[22.9832,40.5527],[22.9265,40.5153],[22.9592,40.4201],[23.7374,40.2259],[23.6936,40.3092],[23.7777,40.3548],[23.8386,40.5496],[23.6846,40.6144],[23.698,40.8088],[24.0106,40.744],[24.3418,40.9384],[24.3466,41.0032],[24.0337,41.068],[23.9636,41.1977],[23.8842,41.1977],[23.7344,41.3274],[23.7484,41.522],[23.6688,41.522],[23.4483,41.7816],[23.0542,41.8465],[22.7528,42.1063],[22.5931,42.1063],[22.442,42.2362],[22.455,42.4312],[21.4071,42.3012],[21.3193,42.1712],[21.0797,42.1712],[20.7527,42.0413],[20.7454,41.9114],[20.4954,41.7167]],[[20.6815,41.844],[20.7121,41.8605],[20.703,41.8496],[20.6815,41.844]],[[20.9579,40.5149],[20.999,40.54],[20.9815,40.5233],[20.9579,40.5149]],[[21.0152,40.5556],[21.0237,40.5888],[21.0188,40.559],[21.0152,40.5556]],[[21.0186,40.6909],[21.0353,40.6594],[21.0335,40.6487],[21.0186,40.6909]],[[21.2378,42.0974],[21.2917,42.0921],[21.2889,42.0897],[21.2378,42.0974]],[[21.295,42.149],[21.3013,42.1006],[21.2988,42.0984],[21.295,42.149]],[[21.3613,42.2182],[21.3668,42.2239],[21.3766,42.2226],[21.3613,42.2182]],[[21.5576,42.2639],[21.5717,42.2461],[21.5638,42.247],[21.5576,42.2639]],[[22.0476,42.3045],[22.076,42.3053],[22.0609,42.3011],[22.0476,42.3045]],[[22.8815,41.3356],[22.917,41.3358],[23.1152,41.3127],[22.8815,41.3356]],[[22.9014,41.8604],[22.9427,41.7758],[22.9397,41.7767],[22.9014,41.8604]],[[22.933,41.6123],[22.9351,41.6189],[22.9332,41.6055],[22.933,41.6123]],[[22.9334,41.595],[22.9487,41.561],[22.9337,41.5846],[22.9334,41.595]],[[22.9385,41.6299],[22.9409,41.6376],[22.9443,41.6388],[22.9385,41.6299]],[[22.967,41.647],[23.0004,41.7015],[22.9986,41.6931],[22.967,41.647]]],[[[22.833,38.8227],[22.9818,38.845],[22.9564,38.878],[23.0202,38.9214],[22.833,38.8227]]],[[[23.0365,38.9279],[23.3318,38.8034],[23.4651,38.8569],[23.2006,39.0093],[23.0365,38.9279]]],[[[23.4383,37.9863],[23.5436,37.9569],[23.5327,37.9751],[23.5369,37.988],[23.5182,37.9991],[23.4782,37.9988],[23.4705,37.9805],[23.4383,37.9863]]],[[[23.5592,37.9525],[23.5674,37.9502],[23.5735,37.9525],[23.5592,37.9525]]],[[[23.5634,38.7389],[23.6355,38.5286],[23.594,38.4534],[23.6492,38.4057],[24.0422,38.4015],[24.0669,38.351],[24.0254,38.3305],[24.1617,38.2698],[24.1789,38.5451],[24.0302,38.6743],[23.5634,38.7389]]],[[[24.1275,38.2224],[24.1447,38.2224],[24.1426,38.227],[24.157,38.2296],[24.1591,38.2287],[24.1614,38.2661],[24.1311,38.2358],[24.1275,38.2224]]],[[[24.5197,40.6853],[24.6397,40.5732],[24.7801,40.6122],[24.7864,40.7351],[24.6423,40.8039],[24.5197,40.6853]]],[[[2.6695,43.0165],[2.7754,42.4312],[2.6982,42.3662],[3.0397,41.8465],[3.1768,42.3613],[3.0099,42.5612],[2.9849,43.1467],[3.8509,43.6027],[4.173,43.6027],[4.1778,43.4723],[4.7288,43.4723],[4.6946,43.5791],[4.7424,43.4723],[5.0524,43.4723],[5.0291,43.5586],[5.14,43.4858],[5.2228,43.504],[5.1969,43.4454],[5.3869,43.4072],[5.3908,43.2769],[5.6319,43.2769],[5.7962,43.1467],[6.2782,43.1467],[6.5938,43.2758],[6.5936,43.4072],[5.8696,43.4072],[4.7279,43.8634],[3.4455,43.6678],[2.741,43.2118],[2.7497,43.0165],[2.6695,43.0165]]],[[[69.4544,28.3153],[69.5298,28.3153],[69.5405,28.3795],[69.4651,28.3795],[69.4544,28.3153]]],[[[66.5373,31.0791],[66.6133,31.0791],[66.6255,31.1434],[66.5494,31.1434],[66.5373,31.0791]]],[[[25.3418,37.083],[25.3936,36.9971],[25.5644,36.9971],[25.5727,37.126],[25.3418,37.083]]],[[[31.763,36.6749],[32.0681,36.6105],[32.4985,36.224],[32.5369,36.1],[32.733,36.0376],[33.2744,36.224],[33.8711,36.3149],[33.9791,36.2884],[34.2507,36.6749],[34.5816,36.8682],[34.8929,36.8682],[34.9352,36.726],[35.1127,36.7393],[35.3323,36.6105],[35.4875,36.6105],[35.8336,36.9326],[35.9481,36.883],[35.9964,36.9971],[36.1592,37.0615],[37.1975,36.6105],[37.5233,36.7393],[38.1607,36.8682],[38.1762,36.9971],[37.958,37.126],[37.9891,37.3838],[37.6381,37.7062],[37.764,38.0933],[37.1302,38.0288],[37.1146,37.8998],[36.3481,38.0288],[35.9981,37.7062],[35.6712,37.5773],[35.0538,37.6417],[34.8767,37.4483],[34.5647,37.4483],[34.3036,37.1904],[33.4337,37.0615],[33.0971,36.8037],[32.8637,36.8037],[32.7204,36.9326],[32.5526,36.8037],[31.7689,36.7393],[31.763,36.6749]]],[[[25.8407,38.5224],[25.989,38.3793],[25.9644,38.3026],[25.885,38.2794],[25.8898,38.2206],[26.0115,38.1578],[26.1121,38.2226],[26.1636,38.5428],[26.0159,38.602],[25.8696,38.5831],[25.8407,38.5224]]],[[[25.8359,39.1822],[26.1021,39.1115],[26.2256,39.2076],[26.2935,39.1772],[26.1002,39.0858],[26.1657,39.0224],[26.5471,38.9879],[26.437,39.1035],[26.4893,39.1137],[26.5394,39.0194],[26.61,39.0229],[26.5397,39.166],[26.3822,39.2771],[26.4074,39.3347],[26.1658,39.3681],[26.0606,39.2895],[25.9226,39.2911],[25.8359,39.1822]]],[[[25.7052,40.1144],[26.0122,40.1666],[25.9631,40.1571],[25.926,40.2428],[25.759,40.2067],[25.7052,40.1144]]],[[[27.6958,40.2906],[28.1703,40.2906],[28.18,40.3984],[27.9388,40.3554],[27.904,40.3999],[27.9505,40.4849],[27.7921,40.4849],[27.7918,40.3929],[27.8836,40.3863],[27.6958,40.2906]]],[[[29.0426,41.1328],[29.0582,41.1024],[29.0706,41.1302],[29.0635,41.1383],[29.0426,41.1328]]],[[[29.0666,41.0861],[29.1897,40.8974],[29.3668,41.1977],[29.0849,41.144],[29.0666,41.0861]]],[[[31.4084,41.242],[31.5917,41.1977],[31.6933,41.3922],[31.4084,41.242]]],[[[39.6305,43.733],[39.9778,43.4072],[40.2192,43.4072],[40.4055,43.1602],[40.8173,43.1467],[41.1158,43.0165],[41.1733,42.8864],[41.414,42.8864],[41.4369,43.0165],[41.2075,43.0816],[41.15,43.2118],[40.3801,43.4072],[40.322,43.5375],[40.4138,43.6027],[39.6305,43.733]],[[40.0676,43.5413],[40.0728,43.5511],[40.0857,43.5546],[40.0676,43.5413]]],[[[27.1749,42.4312],[27.6115,41.9764],[27.9307,41.9764],[27.937,42.0413],[27.4529,42.4801],[27.5135,42.6262],[27.8466,42.7563],[27.8049,43.1467],[27.8982,43.2769],[28.0607,43.3092],[28.1925,43.4078],[28.1592,43.4723],[28.4811,43.4723],[28.6163,43.9938],[28.5356,43.9938],[28.5769,44.3854],[28.7612,44.5223],[28.7578,44.6268],[28.8362,44.6268],[28.784,44.6492],[28.8257,44.7332],[28.802,44.9734],[28.6396,44.9734],[28.3685,44.7119],[28.422,44.4507],[28.341,44.4507],[28.3002,44.0591],[28.1186,43.8634],[27.9982,43.4723],[27.657,43.2769],[27.4584,42.8864],[27.298,42.8864],[27.3658,42.7563],[27.1932,42.6262],[27.1749,42.4312]]],[[[39.9529,43.733],[40.0335,43.733],[40.0447,43.7982],[39.964,43.7982],[39.9529,43.733]]],[[[33.2303,45.3004],[33.6101,45.1042],[33.6092,44.8717],[33.5151,44.6466],[33.5715,44.6206],[33.4767,44.6099],[33.5086,44.4953],[33.6249,44.4507],[33.9256,44.4507],[34.3763,44.7773],[35.1252,44.908],[35.2351,45.1042],[35.1538,45.1042],[35.1826,45.3004],[34.6038,45.235],[33.9169,44.9734],[33.637,45.3004],[33.2303,45.3004]]],[[[29.6148,45.6976],[29.6382,45.8263],[29.6939,45.7813],[29.6826,45.6968],[29.8353,45.6933],[29.8024,45.7375],[29.9087,45.7459],[30.045,45.8898],[30.2977,45.9554],[30.8766,46.6772],[31.4635,46.6772],[31.5059,46.7204],[31.4407,46.8005],[31.5083,46.7452],[31.5458,46.777],[31.5668,46.9401],[31.0821,47.0058],[31.0655,46.8743],[30.4584,46.6115],[30.2707,46.4145],[30.1888,46.4145],[29.6443,45.9554],[29.6148,45.6976]]],[[[31.5028,46.6772],[31.5329,46.6772],[31.5382,46.7183],[31.5028,46.6772]]]]}},{"type":"Feature","properties":{"territoryId":"cliopatria-q148837-11892bffbd","name":"Greek City-States","name_ko":"그리스 도시국가들","color":"#a95ce0","colorFamily":4,"startYear":-143,"endYear":-126,"source_name":"Cliopatria v0.2.0","source_url":"https://github.com/Seshat-Global-History-Databank/cliopatria","license":"CC BY 4.0","attribution":"Seshat Global History Databank, Cliopatria contributors"},"geometry":{"type":"MultiPolygon","coordinates":[[[[23.6154,35.5158],[23.6792,35.2584],[24.4484,35.194],[24.7574,35.194],[24.8237,35.001],[26.1401,35.0653],[26.2253,35.194],[25.8469,35.1493],[25.7953,35.1151],[25.6806,35.1297],[25.6923,35.3227],[25.4536,35.2941],[25.3991,35.3227],[24.301,35.3227],[24.1499,35.3871],[24.1541,35.465],[24.0669,35.507],[24.1569,35.5158],[23.6154,35.5158]]],[[[25.3418,37.083],[25.3936,36.9971],[25.5644,36.9971],[25.5727,37.126],[25.4128,37.126],[25.3418,37.083]]],[[[24.2754,37.5317],[24.3958,37.6247],[24.3728,37.6852],[24.2893,37.6453],[24.2754,37.5317]]],[[[24.9955,37.6789],[25.0113,37.6323],[25.1255,37.5559],[25.216,37.5329],[25.2593,37.59],[25.2456,37.6242],[24.9955,37.6789]]],[[[24.6878,37.9287],[24.7162,37.8791],[24.7385,37.8918],[24.9118,37.7283],[24.9944,37.7541],[24.9575,37.7744],[24.9849,37.816],[24.9434,37.8433],[24.9538,37.8707],[24.8484,37.9149],[24.7937,37.9941],[24.6936,37.9658],[24.6878,37.9287]]],[[[23.3051,38.3515],[23.3646,38.0288],[23.5746,38.0468],[23.5979,38.0211],[23.5597,37.9866],[23.9786,37.8352],[24.0224,38.0221],[23.989,38.1226],[24.0512,38.145],[24.0654,38.2059],[23.951,38.2909],[23.782,38.3436],[23.71,38.3367],[23.6441,38.3911],[23.3051,38.3515]]],[[[23.7583,38.4044],[23.794,38.3985],[23.8438,38.4057],[23.8565,38.4032],[23.8573,38.416],[23.7583,38.4044]]],[[[25.8407,38.5224],[25.9439,38.4534],[25.9507,38.4057],[25.989,38.3793],[25.9644,38.3026],[25.885,38.2794],[25.8898,38.2206],[26.0115,38.1578],[26.0401,38.2002],[26.1121,38.2226],[26.1022,38.2617],[26.1581,38.329],[26.1541,38.4673],[26.1219,38.4875],[26.1636,38.5428],[26.1307,38.5672],[26.1082,38.5428],[26.0159,38.602],[25.8696,38.5831],[25.8407,38.5224]]],[[[24.4362,38.878],[24.557,38.8457],[24.574,38.8098],[24.5368,38.7918],[24.6643,38.7732],[24.6673,38.8185],[24.5786,38.8756],[24.574,38.9326],[24.523,38.9643],[24.4611,38.9677],[24.4362,38.878]]],[[[25.7052,40.1144],[26.0122,40.1666],[25.9631,40.1571],[25.9719,40.2211],[25.926,40.2428],[25.759,40.2067],[25.7099,40.1758],[25.7052,40.1144]]],[[[24.5197,40.6853],[24.5313,40.6356],[24.6397,40.5732],[24.7801,40.6122],[24.7658,40.6697],[24.7864,40.7078],[24.7593,40.7234],[24.7864,40.7351],[24.7317,40.7835],[24.6423,40.8039],[24.5197,40.6853]]],[[[2.6695,43.0165],[2.7754,42.4312],[2.6982,42.3662],[3.0397,41.8465],[3.1188,42.2183],[3.1768,42.3613],[3.0099,42.5612],[2.9849,43.1467],[3.8509,43.6027],[4.173,43.6027],[4.1778,43.4723],[4.7288,43.4723],[4.6946,43.5791],[4.7424,43.5245],[4.7424,43.4723],[5.0524,43.4723],[5.0093,43.5176],[5.0291,43.5586],[5.1057,43.533],[5.14,43.4858],[5.2228,43.504],[5.1969,43.4454],[5.3869,43.4072],[5.3908,43.2769],[5.6319,43.2769],[5.7962,43.1467],[6.2782,43.1467],[6.5938,43.2758],[6.5936,43.4072],[5.8696,43.4072],[4.7279,43.8634],[3.4455,43.6678],[2.741,43.2118],[2.7497,43.0165],[2.6695,43.0165]]],[[[31.763,36.6749],[32.0681,36.6105],[32.4985,36.224],[32.5369,36.1],[32.733,36.0376],[33.2744,36.224],[33.8311,36.2749],[33.8711,36.3149],[33.9791,36.2884],[34.2507,36.6749],[34.5816,36.8682],[34.8929,36.8682],[34.9352,36.726],[35.021,36.7029],[35.1127,36.7393],[35.3323,36.6105],[35.4875,36.6105],[35.8336,36.9326],[35.9314,36.8682],[35.9875,36.9164],[35.9964,36.9971],[36.1592,37.0615],[37.1975,36.6105],[37.5233,36.7393],[38.1607,36.8682],[38.1762,36.9971],[37.958,37.126],[37.9891,37.3838],[37.6381,37.7062],[37.764,38.0933],[37.1302,38.0288],[37.1146,37.8998],[36.3481,38.0288],[35.9981,37.7062],[35.6712,37.5773],[35.0538,37.6417],[34.8767,37.4483],[34.5647,37.4483],[34.3036,37.1904],[33.4337,37.0615],[33.0971,36.8037],[32.8637,36.8037],[32.7204,36.9326],[32.5526,36.8037],[31.7689,36.7393],[31.763,36.6749]]],[[[25.8359,39.1822],[26.1021,39.1115],[26.1602,39.1833],[26.2256,39.2076],[26.2935,39.1772],[26.1002,39.0858],[26.1657,39.0224],[26.4242,38.9674],[26.5471,38.9879],[26.437,39.1035],[26.4893,39.1137],[26.5266,39.0834],[26.5394,39.0194],[26.61,39.0229],[26.5397,39.166],[26.3822,39.2771],[26.4074,39.3347],[26.1658,39.3681],[26.1628,39.3236],[26.0606,39.2895],[25.9226,39.2911],[25.8421,39.228],[25.8359,39.1822]]],[[[27.6958,40.2906],[28.1703,40.2906],[28.18,40.3984],[28.1004,40.3928],[28.097,40.3554],[27.9388,40.3554],[27.904,40.3999],[27.9445,40.4183],[27.9505,40.4849],[27.7921,40.4849],[27.7918,40.3929],[27.8836,40.3863],[27.7898,40.3205],[27.6982,40.3182],[27.6958,40.2906]]],[[[29.0426,41.1328],[29.0582,41.1024],[29.0706,41.1302],[29.0635,41.1383],[29.0426,41.1328]]],[[[29.0666,41.0861],[29.1573,40.9095],[29.1897,40.8974],[29.3668,41.1977],[29.0849,41.144],[29.0666,41.0861]]],[[[31.4084,41.242],[31.5122,41.1977],[31.5917,41.1977],[31.6933,41.3922],[31.4146,41.2836],[31.4084,41.242]]],[[[39.6305,43.733],[39.9778,43.4072],[40.2192,43.4072],[40.4055,43.1602],[40.8173,43.1467],[41.1158,43.0165],[41.1733,42.8864],[41.414,42.8864],[41.4369,43.0165],[41.2075,43.0816],[41.15,43.2118],[40.3801,43.4072],[40.322,43.5375],[40.4138,43.6027],[39.6305,43.733]],[[40.0676,43.5413],[40.0728,43.5511],[40.0857,43.5546],[40.0676,43.5413]]],[[[27.1749,42.4312],[27.4703,42.1712],[27.4641,42.1063],[27.6115,41.9764],[27.9307,41.9764],[27.937,42.0413],[27.4727,42.4619],[27.4657,42.4283],[27.4529,42.4801],[27.4802,42.4829],[27.5052,42.5388],[27.5135,42.6262],[27.8466,42.7563],[27.8049,43.1467],[27.8982,43.2769],[28.0607,43.3092],[28.1188,43.3915],[28.1925,43.4078],[28.1592,43.4723],[28.4811,43.4723],[28.6163,43.9938],[28.5356,43.9938],[28.5769,44.3854],[28.7612,44.5223],[28.7742,44.5523],[28.7327,44.5679],[28.7879,44.5865],[28.7578,44.6268],[28.7947,44.6343],[28.7742,44.6008],[28.8362,44.6268],[28.8338,44.6511],[28.784,44.6492],[28.7983,44.7202],[28.8257,44.7332],[28.802,44.9734],[28.6396,44.9734],[28.3685,44.7119],[28.422,44.4507],[28.341,44.4507],[28.3002,44.0591],[28.1186,43.8634],[27.9982,43.4723],[27.657,43.2769],[27.4584,42.8864],[27.298,42.8864],[27.3658,42.7563],[27.1932,42.6262],[27.1749,42.4312]]],[[[39.9529,43.733],[40.0335,43.733],[40.0447,43.7982],[39.964,43.7982],[39.9529,43.733]]],[[[33.2303,45.3004],[33.6101,45.1042],[33.6092,44.8717],[33.5759,44.8538],[33.5476,44.6466],[33.5151,44.6466],[33.5715,44.6206],[33.4767,44.6099],[33.5086,44.4953],[33.5784,44.4971],[33.6249,44.4507],[33.9256,44.4507],[34.3763,44.7773],[35.1252,44.908],[35.1347,44.9734],[35.2351,45.1042],[35.1538,45.1042],[35.1826,45.3004],[34.6038,45.235],[33.9169,44.9734],[33.637,45.3004],[33.2303,45.3004]]],[[[29.6148,45.6976],[29.6519,45.789],[29.6382,45.8263],[29.6939,45.7813],[29.6826,45.6968],[29.8353,45.6933],[29.8032,45.7042],[29.8024,45.7375],[29.8877,45.7651],[29.9087,45.7459],[29.9263,45.8138],[29.9429,45.782],[29.9685,45.8389],[30.045,45.8898],[30.2977,45.9554],[30.8766,46.6772],[31.4635,46.6772],[31.5059,46.7204],[31.4407,46.8005],[31.5083,46.7452],[31.5458,46.777],[31.5668,46.9401],[31.0821,47.0058],[31.0655,46.8743],[30.4584,46.6115],[30.2707,46.4145],[30.1888,46.4145],[29.6443,45.9554],[29.6148,45.6976]]],[[[31.5028,46.6772],[31.5329,46.6772],[31.5382,46.7183],[31.5028,46.6772]]]]}},{"type":"Feature","properties":{"territoryId":"cliopatria-q148837-11892bffbd","name":"Greek City-States","name_ko":"그리스 도시국가들","color":"#a95ce0","colorFamily":4,"startYear":-125,"endYear":-110,"source_name":"Cliopatria v0.2.0","source_url":"https://github.com/Seshat-Global-History-Databank/cliopatria","license":"CC BY 4.0","attribution":"Seshat Global History Databank, Cliopatria contributors"},"geometry":{"type":"MultiPolygon","coordinates":[[[[23.6154,35.5158],[23.6792,35.2584],[24.4484,35.194],[24.7574,35.194],[24.8237,35.001],[26.1401,35.0653],[26.2253,35.194],[25.8469,35.1493],[25.7953,35.1151],[25.6806,35.1297],[25.6923,35.3227],[25.4536,35.2941],[25.3991,35.3227],[24.301,35.3227],[24.1499,35.3871],[24.1541,35.465],[24.0669,35.507],[24.1569,35.5158],[23.6154,35.5158]]],[[[23.3051,38.3515],[23.3646,38.0288],[23.5746,38.0468],[23.5979,38.0211],[23.5597,37.9866],[23.9786,37.8352],[24.0224,38.0221],[23.989,38.1226],[24.0512,38.145],[24.0654,38.2059],[23.951,38.2909],[23.782,38.3436],[23.71,38.3367],[23.6441,38.3911],[23.3051,38.3515]]],[[[23.7583,38.4044],[23.794,38.3985],[23.8438,38.4057],[23.8565,38.4032],[23.8573,38.416],[23.7583,38.4044]]],[[[25.8359,39.1822],[26.1021,39.1115],[26.1602,39.1833],[26.2256,39.2076],[26.2935,39.1772],[26.1002,39.0858],[26.1657,39.0224],[26.4242,38.9674],[26.5471,38.9879],[26.437,39.1035],[26.4893,39.1137],[26.5266,39.0834],[26.5394,39.0194],[26.61,39.0229],[26.5397,39.166],[26.3822,39.2771],[26.4074,39.3347],[26.1658,39.3681],[26.1628,39.3236],[26.0606,39.2895],[25.9226,39.2911],[25.8421,39.228],[25.8359,39.1822]]],[[[25.7052,40.1144],[26.0122,40.1666],[25.9631,40.1571],[25.9719,40.2211],[25.926,40.2428],[25.759,40.2067],[25.7099,40.1758],[25.7052,40.1144]]],[[[27.6958,40.2906],[28.1703,40.2906],[28.18,40.3984],[28.1004,40.3928],[28.097,40.3554],[27.9388,40.3554],[27.904,40.3999],[27.9445,40.4183],[27.9505,40.4849],[27.7921,40.4849],[27.7918,40.3929],[27.8836,40.3863],[27.7898,40.3205],[27.6982,40.3182],[27.6958,40.2906]]],[[[24.5197,40.6853],[24.5313,40.6356],[24.6397,40.5732],[24.7801,40.6122],[24.7658,40.6697],[24.7864,40.7078],[24.7593,40.7234],[24.7864,40.7351],[24.7317,40.7835],[24.6423,40.8039],[24.5197,40.6853]]],[[[29.0426,41.1328],[29.0582,41.1024],[29.0706,41.1302],[29.0635,41.1383],[29.0426,41.1328]]],[[[29.0666,41.0861],[29.1573,40.9095],[29.1897,40.8974],[29.3668,41.1977],[29.0849,41.144],[29.0666,41.0861]]],[[[2.6695,43.0165],[2.7754,42.4312],[2.6982,42.3662],[3.0397,41.8465],[3.1188,42.2183],[3.1768,42.3613],[3.0099,42.5612],[2.9849,43.1467],[3.8509,43.6027],[4.173,43.6027],[4.1778,43.4723],[4.7288,43.4723],[4.6946,43.5791],[4.7424,43.5245],[4.7424,43.4723],[5.0524,43.4723],[5.0093,43.5176],[5.0291,43.5586],[5.1057,43.533],[5.14,43.4858],[5.2228,43.504],[5.1969,43.4454],[5.3869,43.4072],[5.3908,43.2769],[5.6319,43.2769],[5.7962,43.1467],[6.2782,43.1467],[6.5938,43.2758],[6.5936,43.4072],[5.8696,43.4072],[4.7279,43.8634],[3.4455,43.6678],[2.741,43.2118],[2.7497,43.0165],[2.6695,43.0165]]],[[[27.1749,42.4312],[27.4703,42.1712],[27.4641,42.1063],[27.6115,41.9764],[27.9307,41.9764],[27.937,42.0413],[27.4727,42.4619],[27.4657,42.4283],[27.4529,42.4801],[27.4802,42.4829],[27.5052,42.5388],[27.5135,42.6262],[27.8466,42.7563],[27.8049,43.1467],[27.8982,43.2769],[28.0607,43.3092],[28.1188,43.3915],[28.1925,43.4078],[28.1592,43.4723],[28.4811,43.4723],[28.6163,43.9938],[28.5356,43.9938],[28.5769,44.3854],[28.7612,44.5223],[28.7742,44.5523],[28.7327,44.5679],[28.7879,44.5865],[28.7578,44.6268],[28.7947,44.6343],[28.7742,44.6008],[28.8362,44.6268],[28.8338,44.6511],[28.784,44.6492],[28.7983,44.7202],[28.8257,44.7332],[28.802,44.9734],[28.6396,44.9734],[28.3685,44.7119],[28.422,44.4507],[28.341,44.4507],[28.3002,44.0591],[28.1186,43.8634],[27.9982,43.4723],[27.657,43.2769],[27.4584,42.8864],[27.298,42.8864],[27.3658,42.7563],[27.1932,42.6262],[27.1749,42.4312]]],[[[69.4544,28.3153],[69.5298,28.3153],[69.5405,28.3795],[69.4651,28.3795],[69.4544,28.3153]]],[[[66.5373,31.0791],[66.6133,31.0791],[66.6255,31.1434],[66.5494,31.1434],[66.5373,31.0791]]],[[[31.763,36.6749],[32.0681,36.6105],[32.4985,36.224],[32.5369,36.1],[32.733,36.0376],[33.2744,36.224],[33.8311,36.2749],[33.8711,36.3149],[33.9791,36.2884],[34.2507,36.6749],[34.5816,36.8682],[34.8929,36.8682],[34.9352,36.726],[35.021,36.7029],[35.1127,36.7393],[35.3323,36.6105],[35.4875,36.6105],[35.8336,36.9326],[35.9314,36.8682],[35.9875,36.9164],[35.9964,36.9971],[36.1592,37.0615],[37.1975,36.6105],[37.5233,36.7393],[38.1607,36.8682],[38.1762,36.9971],[37.958,37.126],[37.9891,37.3838],[37.6381,37.7062],[37.764,38.0933],[37.1302,38.0288],[37.1146,37.8998],[36.3481,38.0288],[35.9981,37.7062],[35.6712,37.5773],[35.0538,37.6417],[34.8767,37.4483],[34.5647,37.4483],[34.3036,37.1904],[33.4337,37.0615],[33.0971,36.8037],[32.8637,36.8037],[32.7983,36.9326],[32.5526,36.8037],[32.2414,36.8037],[31.7689,36.7393],[31.763,36.6749]]],[[[31.4084,41.242],[31.5122,41.1977],[31.5917,41.1977],[31.6933,41.3922],[31.4146,41.2836],[31.4084,41.242]]],[[[39.6305,43.733],[39.9778,43.4072],[40.2192,43.4072],[40.4055,43.1602],[40.8173,43.1467],[41.1158,43.0165],[41.1733,42.8864],[41.414,42.8864],[41.4369,43.0165],[41.2075,43.0816],[41.15,43.2118],[40.3801,43.4072],[40.322,43.5375],[40.4138,43.6027],[39.6305,43.733]],[[40.0676,43.5413],[40.0728,43.5511],[40.0857,43.5546],[40.0676,43.5413]]],[[[39.9529,43.733],[40.0335,43.733],[40.0447,43.7982],[39.964,43.7982],[39.9529,43.733]]],[[[33.2303,45.3004],[33.6101,45.1042],[33.6092,44.8717],[33.5759,44.8538],[33.5476,44.6466],[33.5151,44.6466],[33.5715,44.6206],[33.4767,44.6099],[33.5086,44.4953],[33.5784,44.4971],[33.6249,44.4507],[33.9256,44.4507],[34.3763,44.7773],[35.1252,44.908],[35.1347,44.9734],[35.2351,45.1042],[35.1538,45.1042],[35.1826,45.3004],[34.6038,45.235],[33.9169,44.9734],[33.637,45.3004],[33.2303,45.3004]]],[[[29.6148,45.6976],[29.6519,45.789],[29.6382,45.8263],[29.6939,45.7813],[29.6826,45.6968],[29.8353,45.6933],[29.8032,45.7042],[29.8024,45.7375],[29.8877,45.7651],[29.9087,45.7459],[29.9263,45.8138],[29.9429,45.782],[29.9685,45.8389],[30.045,45.8898],[30.2977,45.9554],[30.8766,46.6772],[31.4635,46.6772],[31.5059,46.7204],[31.4407,46.8005],[31.5083,46.7452],[31.5458,46.777],[31.5668,46.9401],[31.0821,47.0058],[31.0655,46.8743],[30.4584,46.6115],[30.2707,46.4145],[30.1888,46.4145],[29.6443,45.9554],[29.6148,45.6976]]],[[[31.5028,46.6772],[31.5329,46.6772],[31.5382,46.7183],[31.5028,46.6772]]]]}},{"type":"Feature","properties":{"territoryId":"cliopatria-q148837-11892bffbd","name":"Greek City-States","name_ko":"그리스 도시국가들","color":"#a95ce0","colorFamily":4,"startYear":-109,"endYear":-91,"source_name":"Cliopatria v0.2.0","source_url":"https://github.com/Seshat-Global-History-Databank/cliopatria","license":"CC BY 4.0","attribution":"Seshat Global History Databank, Cliopatria contributors"},"geometry":{"type":"MultiPolygon","coordinates":[[[[23.6154,35.5158],[23.6792,35.2584],[24.4484,35.194],[24.7574,35.194],[24.8237,35.001],[26.1401,35.0653],[26.2253,35.194],[25.8469,35.1493],[25.7953,35.1151],[25.6806,35.1297],[25.6923,35.3227],[25.4536,35.2941],[25.3991,35.3227],[24.301,35.3227],[24.1499,35.3871],[24.1541,35.465],[24.0669,35.507],[24.1569,35.5158],[23.6154,35.5158]]],[[[23.3051,38.3515],[23.3646,38.0288],[23.5746,38.0468],[23.5979,38.0211],[23.5597,37.9866],[23.9786,37.8352],[24.0224,38.0221],[23.989,38.1226],[24.0512,38.145],[24.0654,38.2059],[23.951,38.2909],[23.782,38.3436],[23.71,38.3367],[23.6441,38.3911],[23.3051,38.3515]]],[[[23.7583,38.4044],[23.794,38.3985],[23.8438,38.4057],[23.8565,38.4032],[23.8573,38.416],[23.7583,38.4044]]],[[[25.8359,39.1822],[26.1021,39.1115],[26.1602,39.1833],[26.2256,39.2076],[26.2935,39.1772],[26.1002,39.0858],[26.1657,39.0224],[26.4242,38.9674],[26.5471,38.9879],[26.437,39.1035],[26.4893,39.1137],[26.5266,39.0834],[26.5394,39.0194],[26.61,39.0229],[26.5397,39.166],[26.3822,39.2771],[26.4074,39.3347],[26.1658,39.3681],[26.1628,39.3236],[26.0606,39.2895],[25.9226,39.2911],[25.8421,39.228],[25.8359,39.1822]]],[[[25.7052,40.1144],[26.0122,40.1666],[25.9631,40.1571],[25.9719,40.2211],[25.926,40.2428],[25.759,40.2067],[25.7099,40.1758],[25.7052,40.1144]]],[[[27.6958,40.2906],[28.1703,40.2906],[28.18,40.3984],[28.1004,40.3928],[28.097,40.3554],[27.9388,40.3554],[27.904,40.3999],[27.9445,40.4183],[27.9505,40.4849],[27.7921,40.4849],[27.7918,40.3929],[27.8836,40.3863],[27.7898,40.3205],[27.6982,40.3182],[27.6958,40.2906]]],[[[24.5197,40.6853],[24.5313,40.6356],[24.6397,40.5732],[24.7801,40.6122],[24.7658,40.6697],[24.7864,40.7078],[24.7593,40.7234],[24.7864,40.7351],[24.7317,40.7835],[24.6423,40.8039],[24.5197,40.6853]]],[[[5.0589,43.6027],[5.061,43.5375],[5.1057,43.533],[5.14,43.4858],[5.2228,43.504],[5.2263,43.4803],[5.1738,43.4283],[5.0651,43.4072],[5.3869,43.4072],[5.3908,43.2769],[5.5515,43.2769],[5.3811,43.6027],[5.0589,43.6027]]],[[[27.1749,42.4312],[27.4703,42.1712],[27.4641,42.1063],[27.6115,41.9764],[27.9307,41.9764],[27.937,42.0413],[27.4727,42.4619],[27.4657,42.4283],[27.4529,42.4801],[27.4802,42.4829],[27.5052,42.5388],[27.5135,42.6262],[27.8466,42.7563],[27.8049,43.1467],[27.8982,43.2769],[28.0607,43.3092],[28.1188,43.3915],[28.1925,43.4078],[28.1592,43.4723],[28.4811,43.4723],[28.6163,43.9938],[28.5356,43.9938],[28.5769,44.3854],[28.7612,44.5223],[28.7742,44.5523],[28.7327,44.5679],[28.7879,44.5865],[28.7578,44.6268],[28.7947,44.6343],[28.7742,44.6008],[28.8362,44.6268],[28.8338,44.6511],[28.784,44.6492],[28.7983,44.7202],[28.8257,44.7332],[28.802,44.9734],[28.6396,44.9734],[28.3685,44.7119],[28.422,44.4507],[28.341,44.4507],[28.3002,44.0591],[28.1186,43.8634],[27.9982,43.4723],[27.657,43.2769],[27.4584,42.8864],[27.298,42.8864],[27.3658,42.7563],[27.1932,42.6262],[27.1749,42.4312]]],[[[31.763,36.6749],[32.0681,36.6105],[32.4985,36.224],[32.5369,36.1],[32.733,36.0376],[33.2744,36.224],[33.8311,36.2749],[33.8711,36.3149],[33.9791,36.2884],[34.2507,36.6749],[34.5816,36.8682],[34.8929,36.8682],[34.9352,36.726],[35.021,36.7029],[35.1127,36.7393],[35.3323,36.6105],[35.4875,36.6105],[35.8336,36.9326],[35.9314,36.8682],[35.9875,36.9164],[35.9964,36.9971],[36.1592,37.0615],[37.1975,36.6105],[37.5233,36.7393],[38.1607,36.8682],[38.1762,36.9971],[37.958,37.126],[37.9891,37.3838],[37.6381,37.7062],[37.764,38.0933],[37.1302,38.0288],[37.1146,37.8998],[36.3481,38.0288],[35.9981,37.7062],[35.6712,37.5773],[35.0538,37.6417],[34.8767,37.4483],[34.5647,37.4483],[34.3036,37.1904],[33.4337,37.0615],[33.0971,36.8037],[32.8637,36.8037],[32.7983,36.9326],[32.5526,36.8037],[32.2414,36.8037],[31.7689,36.7393],[31.763,36.6749]]],[[[29.0426,41.1328],[29.0582,41.1024],[29.0706,41.1302],[29.0635,41.1383],[29.0426,41.1328]]],[[[29.0666,41.0861],[29.1573,40.9095],[29.1897,40.8974],[29.3668,41.1977],[29.0849,41.144],[29.0666,41.0861]]],[[[31.4084,41.242],[31.5122,41.1977],[31.5917,41.1977],[31.6933,41.3922],[31.4146,41.2836],[31.4084,41.242]]],[[[39.6305,43.733],[39.9778,43.4072],[40.2192,43.4072],[40.4055,43.1602],[40.8173,43.1467],[41.1158,43.0165],[41.1733,42.8864],[41.414,42.8864],[41.4369,43.0165],[41.2075,43.0816],[41.15,43.2118],[40.3801,43.4072],[40.322,43.5375],[40.4138,43.6027],[39.6305,43.733]],[[40.0676,43.5413],[40.0728,43.5511],[40.0857,43.5546],[40.0676,43.5413]]],[[[39.9529,43.733],[40.0335,43.733],[40.0447,43.7982],[39.964,43.7982],[39.9529,43.733]]],[[[33.2303,45.3004],[33.6101,45.1042],[33.6092,44.8717],[33.5759,44.8538],[33.5476,44.6466],[33.5151,44.6466],[33.5715,44.6206],[33.4767,44.6099],[33.5086,44.4953],[33.5784,44.4971],[33.6249,44.4507],[33.9256,44.4507],[34.3763,44.7773],[35.1252,44.908],[35.1347,44.9734],[35.2351,45.1042],[35.1538,45.1042],[35.1826,45.3004],[34.6038,45.235],[33.9169,44.9734],[33.637,45.3004],[33.2303,45.3004]]],[[[29.6148,45.6976],[29.6519,45.789],[29.6382,45.8263],[29.6939,45.7813],[29.6826,45.6968],[29.8353,45.6933],[29.8032,45.7042],[29.8024,45.7375],[29.8877,45.7651],[29.9087,45.7459],[29.9263,45.8138],[29.9429,45.782],[29.9685,45.8389],[30.045,45.8898],[30.2977,45.9554],[30.8766,46.6772],[31.4635,46.6772],[31.5059,46.7204],[31.4407,46.8005],[31.5083,46.7452],[31.5458,46.777],[31.5668,46.9401],[31.0821,47.0058],[31.0655,46.8743],[30.4584,46.6115],[30.2707,46.4145],[30.1888,46.4145],[29.6443,45.9554],[29.6148,45.6976]]],[[[31.5028,46.6772],[31.5329,46.6772],[31.5382,46.7183],[31.5028,46.6772]]]]}},{"type":"Feature","properties":{"territoryId":"cliopatria-q1517159-2e52c10a80","name":"Hadhramaut","name_ko":"하드라마우트","color":"#e8af2c","colorFamily":1,"startYear":-349,"endYear":183,"source_name":"Cliopatria v0.2.0","source_url":"https://github.com/Seshat-Global-History-Databank/cliopatria","license":"CC BY 4.0","attribution":"Seshat Global History Databank, Cliopatria contributors"},"geometry":{"type":"MultiPolygon","coordinates":[[[[46.1494,15.5218],[46.5798,15.329],[47.5284,15.2004],[47.521,15.0718],[48.3223,14.9432],[48.5354,14.8147],[49.5097,14.7003],[49.9421,14.8388],[50.0298,14.8503],[50.0418,14.8183],[50.1801,14.8437],[50.4595,15.0104],[50.7756,15.0894],[50.8452,15.329],[51.0739,15.4575],[51.078,15.5218],[51.2417,15.779],[51.8605,16.229],[51.9516,16.4861],[51.8867,16.6147],[51.0806,16.679],[50.4825,16.5504],[50.1184,16.6147],[49.5943,16.4861],[48.1169,16.4219],[46.6982,16.1004],[46.5547,16.1647],[46.4735,16.0361],[46.3811,15.7147],[46.1494,15.5218]]],[[[46.6283,16.1647],[46.702,16.1647],[46.7058,16.229],[46.6322,16.229],[46.6283,16.1647]]]]}},{"type":"Feature","properties":{"territoryId":"cliopatria-q7209-2b87cb27ab","name":"Han Dynasty","name_ko":"한나라","color":"#7b7aeb","colorFamily":0,"startYear":-196,"endYear":-126,"source_name":"Cliopatria v0.2.0","source_url":"https://github.com/Seshat-Global-History-Databank/cliopatria","license":"CC BY 4.0","attribution":"Seshat Global History Databank, Cliopatria contributors"},"geometry":{"type":"MultiPolygon","coordinates":[[[[121.9946,30.0372],[122.0191,29.9972],[122.2798,29.9865],[122.2768,30.0676],[122.1033,30.1437],[122.0321,30.143],[121.9946,30.0372]]],[[[100.5975,30.5007],[100.6735,30.5007],[100.6743,30.2436],[100.8648,30.1151],[100.8279,29.9865],[101.0187,29.858],[100.9824,29.7294],[101.1556,29.5366],[101.4404,29.4723],[101.6141,29.2795],[102.602,29.0224],[102.9273,28.8295],[103.8568,28.6367],[103.8978,28.5081],[104.066,28.5724],[104.6178,28.3795],[105.4303,28.3153],[105.6159,28.4438],[106.0686,28.4438],[106.0284,28.5724],[106.2726,28.6367],[106.7255,28.6367],[107.6472,28.9581],[108.2703,29.0224],[110.443,28.9581],[110.8018,28.8938],[111.7273,28.4438],[111.9552,28.1867],[111.9401,27.8652],[112.0552,27.7367],[111.8903,26.8366],[111.9654,26.8366],[111.8197,26.258],[111.546,25.7436],[111.6059,25.6793],[111.3565,24.9078],[111.0225,24.3935],[111.4572,24.3292],[112.1092,24.5864],[113.8279,24.5864],[114.5331,24.3935],[114.7807,25.4864],[115.2281,26.3865],[114.9611,26.5151],[115.0283,26.7723],[114.9532,26.7723],[115.3347,28.8938],[115.2591,28.8938],[115.6425,29.858],[115.8038,30.1151],[115.9772,30.1794],[116.1289,30.1794],[116.27,29.9223],[116.5304,29.7937],[117.6996,29.6652],[117.8085,29.5366],[118.0356,29.5366],[118.1649,28.7652],[118.3512,28.6367],[118.2914,28.4438],[118.4225,28.3795],[118.4935,27.8652],[118.6252,27.8009],[118.8765,26.8366],[119.0091,26.7723],[119.1371,26.1294],[119.3772,26.0259],[119.509,26.0527],[119.6682,26.2215],[119.6543,26.2724],[119.9253,26.3474],[119.8258,26.4269],[119.6819,26.3171],[119.6484,26.4374],[119.5731,26.4378],[119.6537,26.498],[119.762,26.4075],[119.8189,26.4532],[119.7352,26.612],[119.5999,26.5704],[119.5542,26.6152],[119.606,26.6945],[119.5589,26.7082],[119.5755,26.788],[119.7249,26.6978],[119.6858,26.812],[119.7562,26.7377],[119.782,26.8285],[119.8463,26.8522],[119.7974,26.8164],[119.8401,26.79],[119.7918,26.6877],[119.8292,26.715],[119.9016,26.6597],[119.9251,26.7922],[120.0673,26.7965],[120.032,26.8999],[120.2374,26.9272],[120.1487,26.9819],[120.2552,26.9971],[120.2163,27.0371],[120.2783,27.0638],[120.2437,27.1327],[120.3618,27.1009],[120.4076,27.158],[120.3473,27.1805],[120.3473,27.2426],[120.1824,27.2169],[120.1958,27.2978],[120.3119,27.3177],[120.3031,27.2423],[120.4684,27.1822],[120.5178,27.2016],[120.5459,27.4033],[120.6489,27.4002],[120.682,27.4816],[120.5966,27.5703],[120.6756,27.6597],[120.6353,27.7633],[120.7077,27.7134],[120.8408,27.9487],[120.589,28.0267],[120.5596,28.1128],[120.606,28.0422],[120.8803,27.9986],[120.9969,28.0425],[121.0689,28.1569],[121.1081,28.2834],[121.025,28.3046],[121.1138,28.3017],[121.169,28.3848],[121.2647,28.366],[121.2031,28.3319],[121.2672,28.2164],[121.4132,28.2546],[121.4731,28.3306],[121.6398,28.3137],[121.6077,28.4772],[121.5116,28.4895],[121.5816,28.5047],[121.5101,28.6571],[121.2584,28.6751],[121.2993,28.7229],[121.1423,28.8459],[121.3512,28.7119],[121.6214,28.7359],[121.6699,28.8253],[121.4918,28.9284],[121.5874,28.9631],[121.6842,28.9147],[121.6898,29.0171],[121.5321,29.0205],[121.6214,29.1133],[121.4017,29.1065],[121.5868,29.2933],[121.647,29.4723],[121.5696,29.4746],[121.4849,29.3905],[121.5049,29.4838],[121.4426,29.4154],[121.4434,29.5242],[121.6873,29.5626],[122.0074,29.8874],[121.7219,29.9605],[121.4054,30.3079],[121.1328,30.3079],[120.8088,30.1151],[120.6944,30.1721],[120.6463,30.1269],[120.7922,30.0661],[120.6318,30.1224],[120.7314,30.2338],[120.6216,30.3726],[120.4505,30.3689],[120.3847,30.2496],[120.2744,30.2776],[120.1471,30.1989],[120.2579,30.2981],[120.379,30.2735],[120.4791,30.4035],[120.6981,30.394],[120.7883,30.2938],[120.9981,30.5579],[121.5192,30.822],[121.9131,30.859],[121.9551,30.9713],[121.7252,31.2816],[121.3203,31.5048],[121.1444,31.6847],[120.7315,31.8139],[120.7171,31.8611],[120.8248,31.8287],[120.7504,31.9783],[120.4695,32.0251],[120.23,31.9089],[120.0064,31.9503],[119.7725,32.1268],[119.7886,32.1986],[119.6904,32.2353],[119.606,32.1969],[119.6854,32.2924],[119.6129,32.3546],[119.8421,32.2991],[119.992,32.0159],[120.1314,31.9432],[120.2671,31.9487],[120.4908,32.0825],[120.6344,32.077],[120.8108,32.0226],[120.9407,31.8482],[121.1641,31.8265],[121.2864,31.8906],[121.8173,31.6909],[121.9173,31.7616],[121.7986,31.9705],[121.4434,32.1143],[121.3608,32.2316],[121.4193,32.2503],[121.3894,32.3849],[121.1008,32.498],[120.8303,32.6977],[120.9048,32.8126],[120.8958,33.0136],[120.8259,33.0302],[120.807,33.1378],[120.7302,33.2049],[120.7503,33.2696],[120.6672,33.3251],[120.6344,33.4669],[120.4837,33.65],[120.5049,33.7356],[120.3997,33.8693],[120.2571,34.3118],[119.6477,34.5338],[119.3467,34.7808],[119.1922,34.7182],[119.1929,35.0004],[119.2212,35.064],[119.358,35.0971],[119.4239,35.3135],[119.5319,35.3586],[119.648,35.5839],[119.7325,35.6208],[119.7439,35.5759],[119.8401,35.6579],[119.8602,35.6061],[119.9046,35.6246],[119.9082,35.7449],[120.0029,35.7278],[120.0972,35.9008],[120.189,35.9453],[120.1753,35.89],[120.2941,36.0024],[120.1753,35.9936],[120.0897,36.1117],[120.0972,36.2264],[120.2845,36.176],[120.3064,36.2742],[120.3616,36.1916],[120.292,36.062],[120.3535,36.0408],[120.6669,36.1321],[120.6436,36.3225],[120.7107,36.3245],[120.7141,36.4287],[120.95,36.4592],[120.9636,36.5479],[120.8504,36.6046],[120.7503,36.5408],[120.7506,36.6168],[120.8506,36.6509],[120.9774,36.5899],[121.4017,36.7124],[121.4595,36.8287],[121.6072,36.845],[121.5032,36.7886],[121.5247,36.7543],[121.9498,36.9389],[121.9263,36.9936],[122.0492,36.9799],[122.0365,36.8993],[122.1429,36.9458],[122.1661,37.0141],[122.1627,36.9458],[122.2659,36.898],[122.1852,36.8595],[122.3552,36.8291],[122.4364,36.8707],[122.4058,36.9222],[122.5268,36.9528],[122.54,37.0277],[122.4024,37.0215],[122.4539,37.1543],[122.4707,37.1103],[122.5735,37.2601],[122.5497,37.3198],[122.5947,37.2952],[122.5708,37.3448],[122.6847,37.4102],[122.2965,37.4182],[122.2454,37.4597],[122.1832,37.4182],[122.1218,37.5627],[122.0256,37.528],[121.988,37.4256],[121.635,37.4813],[121.5874,37.4536],[121.6761,37.4392],[121.5703,37.4287],[121.3817,37.5661],[121.4298,37.5969],[121.3936,37.6225],[121.1716,37.5771],[121.138,37.7012],[121.0326,37.7104],[120.9258,37.8193],[120.738,37.834],[120.2157,37.6841],[120.3225,37.6324],[120.1876,37.5118],[119.8589,37.3602],[119.8973,37.2494],[119.7706,37.1518],[119.2871,37.1373],[118.9612,37.2956],[118.97,37.5935],[119.0371,37.7221],[119.1746,37.7085],[119.2164,37.794],[118.9966,37.9631],[118.9248,38.0578],[118.95,38.0973],[118.7604,38.1551],[118.543,38.0683],[118.0652,38.1431],[117.6025,38.4806],[117.5435,38.6213],[117.584,38.8116],[117.7019,38.9953],[117.7663,39.0141],[117.7154,39.1114],[117.8856,39.2011],[118.0964,39.2024],[118.2249,39.0618],[118.4054,39.0618],[118.5271,39.1492],[118.7096,39.1495],[119.1145,39.2863],[119.2304,39.3617],[119.2814,39.575],[119.2293,39.536],[119.2086,39.5696],[119.2849,39.5954],[119.3804,39.7729],[119.5264,39.832],[119.5356,39.8908],[120.4722,40.2145],[120.5018,40.3269],[120.5888,40.3818],[120.5457,40.4024],[120.8253,40.674],[121.02,40.7192],[120.9395,40.7405],[120.9819,40.8268],[121.0684,40.8034],[121.2003,40.9307],[121.7565,40.8736],[121.8679,40.9958],[121.8259,40.9482],[121.8511,40.8323],[122.1594,40.7016],[122.1573,40.5993],[122.3019,40.5023],[122.1061,40.3101],[122.0916,40.2272],[121.9915,40.187],[121.9957,40.1239],[121.8269,40.0225],[121.8738,39.9914],[121.4811,39.8139],[121.4634,39.7435],[121.5501,39.6787],[121.5333,39.6223],[121.4639,39.6458],[121.2234,39.5286],[121.436,39.5086],[121.4976,39.385],[121.943,39.3994],[121.7798,39.3715],[121.628,39.2704],[121.5926,39.1922],[121.681,39.1364],[121.6741,39.088],[121.4673,39.0151],[121.3748,39.0442],[121.3343,38.9686],[121.1399,38.9473],[121.1143,38.8991],[121.1456,38.7389],[121.2367,38.7985],[121.485,38.8099],[121.634,38.9251],[121.5874,38.9401],[121.6358,38.9953],[121.9232,39.009],[121.8884,39.0425],[122.0065,39.0618],[122.29,39.351],[122.8486,39.6179],[123.2295,39.7297],[123.252,39.8171],[123.3141,39.7761],[123.6073,39.8323],[123.6567,39.9195],[123.7201,39.8306],[123.8622,39.8276],[124.4118,40.2906],[124.8366,41.1328],[124.4392,41.2625],[124.4789,41.3274],[124.2404,41.3274],[124.2802,41.3922],[124.0018,41.4571],[124.0417,41.522],[123.8029,41.522],[123.8429,41.5869],[123.5643,41.6518],[123.6044,41.7167],[123.3654,41.7167],[123.4055,41.7816],[123.1268,41.8465],[123.167,41.9114],[122.9277,41.9114],[118.979,40.6144],[117.4527,40.2906],[117.1095,40.0964],[116.1021,39.8376],[115.5498,39.8376],[115.2827,40.2259],[114.764,40.2906],[114.7987,40.3554],[114.4476,40.2906],[114.4823,40.3554],[114.0076,40.3554],[114.0423,40.4201],[113.4883,40.4201],[112.6288,40.2906],[112.0782,39.8376],[111.4865,38.8034],[110.1334,38.0933],[108.7541,36.7393],[108.3019,36.0308],[107.2671,35.7733],[106.6997,35.5158],[106.4931,35.5802],[106.1848,35.3871],[105.2595,35.194],[105.2347,35.1297],[103.5981,34.6793],[103.3788,34.2933],[103.0944,34.3577],[102.4087,34.1647],[102.2485,33.7146],[102.3252,33.7146],[102.2351,33.4574],[102.3118,33.4574],[102.1578,32.5574],[101.8358,32.0431],[101.3309,31.6575],[100.8467,31.0791],[100.5975,30.5007]]],[[[119.1687,26.0945],[119.2058,26.0535],[119.1952,26.0876],[119.1815,26.0986],[119.1687,26.0945]]],[[[119.2092,26.0986],[119.2575,26.0016],[119.3452,26.0194],[119.2092,26.0986]]],[[[119.554,26.0956],[119.5653,26.0805],[119.5736,26.078],[119.5854,26.1232],[119.5749,26.1195],[119.554,26.0956]]],[[[119.7162,32.2726],[119.8193,32.2038],[119.792,32.1218],[119.9019,32.0734],[119.8143,32.2756],[119.7162,32.2726]]],[[[119.8326,26.5505],[119.886,26.5244],[119.96,26.6113],[120.1344,26.6461],[120.1021,26.6892],[120.1428,26.7328],[120.0625,26.7723],[119.8326,26.5505]]],[[[120.7502,37.8986],[120.7546,37.8967],[120.7549,37.8996],[120.7538,37.8998],[120.7502,37.8986]]],[[[120.9419,31.8421],[120.9506,31.8252],[120.9778,31.8144],[121.0114,31.8171],[120.9419,31.8421]]],[[[121.2081,28.201],[121.257,28.2138],[121.2564,28.2148],[121.2306,28.2197],[121.2109,28.209],[121.2081,28.201]]],[[[121.212,31.8219],[121.4047,31.8032],[121.3861,31.8117],[121.3226,31.8293],[121.2641,31.8411],[121.2193,31.8295],[121.212,31.8219]]],[[[121.2202,31.7418],[121.4685,31.5894],[121.4544,31.6575],[121.2202,31.7418]]],[[[121.2655,39.4311],[121.2928,39.3905],[121.3643,39.4455],[121.3363,39.385],[121.4328,39.385],[121.4505,39.4503],[121.3406,39.4813],[121.2655,39.4311]]],[[[121.5735,31.529],[121.6292,31.5179],[121.6335,31.529],[121.5735,31.529]]],[[[121.5845,31.4414],[121.5968,31.4332],[121.6004,31.4425],[121.5845,31.4414]]],[[[121.6461,31.4005],[121.78,31.3252],[121.7206,31.4005],[121.6461,31.4005]]],[[[121.6562,29.5038],[121.7273,29.5302],[121.7246,29.5385],[121.7109,29.5386],[121.6562,29.5038]]],[[[121.7116,29.2152],[121.7743,29.2539],[121.7866,29.3745],[121.8406,29.3188],[121.7903,29.2152],[121.9384,29.2152],[121.9005,29.2987],[121.971,29.4491],[121.9104,29.5246],[121.9712,29.5933],[121.9158,29.6409],[121.7484,29.5626],[121.8474,29.5242],[121.7784,29.4694],[121.7432,29.5226],[121.7116,29.2152]]],[[[121.9336,29.9213],[121.9461,29.904],[121.9741,29.8998],[121.9924,29.9083],[121.9935,29.9188],[121.9771,29.9388],[121.952,29.9467],[121.9409,29.9377],[121.9336,29.9213]]]]}},{"type":"Feature","properties":{"territoryId":"cliopatria-q7209-2b87cb27ab","name":"Han Dynasty","name_ko":"한나라","color":"#7b7aeb","colorFamily":0,"startYear":-125,"endYear":-110,"source_name":"Cliopatria v0.2.0","source_url":"https://github.com/Seshat-Global-History-Databank/cliopatria","license":"CC BY 4.0","attribution":"Seshat Global History Databank, Cliopatria contributors"},"geometry":{"type":"MultiPolygon","coordinates":[[[[121.9946,30.0372],[122.0191,29.9972],[122.2798,29.9865],[122.2768,30.0676],[122.1033,30.1437],[122.0321,30.143],[121.9946,30.0372]]],[[[100.5975,30.5007],[100.6735,30.5007],[100.6743,30.2436],[100.8648,30.1151],[100.8279,29.9865],[101.0187,29.858],[100.9824,29.7294],[101.1556,29.5366],[101.4404,29.4723],[101.6141,29.2795],[102.602,29.0224],[102.9273,28.8295],[103.8568,28.6367],[103.8978,28.5081],[104.066,28.5724],[104.6178,28.3795],[105.4303,28.3153],[105.6159,28.4438],[106.0686,28.4438],[106.0284,28.5724],[106.2726,28.6367],[106.7255,28.6367],[107.6472,28.9581],[108.2703,29.0224],[110.443,28.9581],[110.8018,28.8938],[111.7273,28.4438],[111.9552,28.1867],[111.9401,27.8652],[112.0552,27.7367],[111.8903,26.8366],[111.9654,26.8366],[111.8197,26.258],[111.546,25.7436],[111.6059,25.6793],[111.3565,24.9078],[111.0225,24.3935],[111.4572,24.3292],[112.1092,24.5864],[113.8279,24.5864],[114.5331,24.3935],[114.7807,25.4864],[115.2281,26.3865],[114.9611,26.5151],[115.0283,26.7723],[114.9532,26.7723],[115.3347,28.8938],[115.2591,28.8938],[115.6425,29.858],[115.8038,30.1151],[116.1289,30.1794],[116.27,29.9223],[116.5304,29.7937],[117.6996,29.6652],[117.8085,29.5366],[118.0356,29.5366],[118.1649,28.7652],[118.3512,28.6367],[118.2914,28.4438],[118.4225,28.3795],[118.4935,27.8652],[118.6252,27.8009],[118.8765,26.8366],[119.0091,26.7723],[119.1371,26.1294],[119.2771,26.0529],[119.509,26.0527],[119.6682,26.2215],[119.6543,26.2724],[119.9253,26.3474],[119.8258,26.4269],[119.6819,26.3171],[119.6484,26.4374],[119.5731,26.4378],[119.6537,26.498],[119.762,26.4075],[119.8189,26.4532],[119.7352,26.612],[119.5999,26.5704],[119.5542,26.6152],[119.606,26.6945],[119.5589,26.7082],[119.5755,26.788],[119.7249,26.6978],[119.6858,26.812],[119.7562,26.7377],[119.782,26.8285],[119.8463,26.8522],[119.7974,26.8164],[119.8401,26.79],[119.7918,26.6877],[119.8292,26.715],[119.9016,26.6597],[119.9251,26.7922],[120.0673,26.7965],[120.032,26.8999],[120.2374,26.9272],[120.1487,26.9819],[120.2552,26.9971],[120.2163,27.0371],[120.2783,27.0638],[120.2437,27.1327],[120.3618,27.1009],[120.4076,27.158],[120.3473,27.1805],[120.3473,27.2426],[120.1824,27.2169],[120.1958,27.2978],[120.3119,27.3177],[120.3031,27.2423],[120.4684,27.1822],[120.5178,27.2016],[120.5459,27.4033],[120.6489,27.4002],[120.682,27.4816],[120.5966,27.5703],[120.6756,27.6597],[120.6353,27.7633],[120.7077,27.7134],[120.8408,27.9487],[120.589,28.0267],[120.5596,28.1128],[120.606,28.0422],[120.8803,27.9986],[120.9969,28.0425],[121.0689,28.1569],[121.1081,28.2834],[121.025,28.3046],[121.1138,28.3017],[121.169,28.3848],[121.2647,28.366],[121.2031,28.3319],[121.2672,28.2164],[121.4132,28.2546],[121.4731,28.3306],[121.6461,28.3235],[121.6077,28.4772],[121.5116,28.4895],[121.5816,28.5047],[121.5101,28.6571],[121.2584,28.6751],[121.2993,28.7229],[121.1423,28.8459],[121.3512,28.7119],[121.6214,28.7359],[121.6699,28.8253],[121.4918,28.9284],[121.5874,28.9631],[121.6842,28.9147],[121.6898,29.0171],[121.5321,29.0205],[121.6214,29.1133],[121.4017,29.1065],[121.5868,29.2933],[121.647,29.4723],[121.5696,29.4746],[121.4849,29.3905],[121.5049,29.4838],[121.4426,29.4154],[121.4434,29.5242],[121.6873,29.5626],[122.0074,29.8874],[121.7219,29.9605],[121.4054,30.3079],[121.1328,30.3079],[120.8088,30.1151],[120.6944,30.1721],[120.6463,30.1269],[120.7922,30.0661],[120.6318,30.1224],[120.7314,30.2338],[120.6216,30.3726],[120.4505,30.3689],[120.3847,30.2496],[120.2744,30.2776],[120.1471,30.1989],[120.2579,30.2981],[120.379,30.2735],[120.4791,30.4035],[120.6981,30.394],[120.7883,30.2938],[120.9981,30.5579],[121.5192,30.822],[121.9131,30.859],[121.9508,30.9821],[121.7252,31.2816],[121.3203,31.5048],[121.1444,31.6847],[120.7315,31.8139],[120.7171,31.8611],[120.8248,31.8287],[120.7504,31.9783],[120.4695,32.0251],[120.23,31.9089],[120.0064,31.9503],[119.7725,32.1268],[119.7886,32.1986],[119.6904,32.2353],[119.606,32.1969],[119.6854,32.2924],[119.6129,32.3546],[119.8421,32.2991],[119.992,32.0159],[120.1314,31.9432],[120.2671,31.9487],[120.4908,32.0825],[120.6344,32.077],[120.8108,32.0226],[120.9407,31.8482],[121.1641,31.8265],[121.2864,31.8906],[121.8173,31.6909],[121.9173,31.7616],[121.7986,31.9705],[121.4434,32.1143],[121.3608,32.2316],[121.4193,32.2503],[121.3894,32.3849],[121.1008,32.498],[120.8303,32.6977],[120.9048,32.8126],[120.8958,33.0136],[120.8259,33.0302],[120.807,33.1378],[120.7302,33.2049],[120.7503,33.2696],[120.6672,33.3251],[120.6344,33.4669],[120.4837,33.65],[120.5049,33.7356],[120.3997,33.8693],[120.2571,34.3118],[119.6477,34.5338],[119.3467,34.7808],[119.1922,34.7182],[119.1929,35.0004],[119.2212,35.064],[119.358,35.0971],[119.4239,35.3135],[119.5319,35.3586],[119.648,35.5839],[119.7325,35.6208],[119.7439,35.5759],[119.8401,35.6579],[119.8602,35.6061],[119.9046,35.6246],[119.9082,35.7449],[120.0029,35.7278],[120.0972,35.9008],[120.189,35.9453],[120.1753,35.89],[120.2941,36.0024],[120.1753,35.9936],[120.0897,36.1117],[120.0972,36.2264],[120.2845,36.176],[120.3064,36.2742],[120.3616,36.1916],[120.292,36.062],[120.3535,36.0408],[120.6669,36.1321],[120.6436,36.3225],[120.7107,36.3245],[120.7141,36.4287],[120.95,36.4592],[120.9636,36.5479],[120.8504,36.6046],[120.7503,36.5408],[120.7506,36.6168],[120.8506,36.6509],[120.9774,36.5899],[121.4017,36.7124],[121.4595,36.8287],[121.6072,36.845],[121.5032,36.7886],[121.5247,36.7543],[121.9498,36.9389],[121.9263,36.9936],[122.0492,36.9799],[122.0365,36.8993],[122.1429,36.9458],[122.1661,37.0141],[122.1627,36.9458],[122.2659,36.898],[122.1852,36.8595],[122.3552,36.8291],[122.4364,36.8707],[122.4058,36.9222],[122.5268,36.9528],[122.54,37.0277],[122.4024,37.0215],[122.4539,37.1543],[122.4707,37.1103],[122.5735,37.2601],[122.5497,37.3198],[122.5947,37.2952],[122.5708,37.3448],[122.6847,37.4102],[122.2965,37.4182],[122.2454,37.4597],[122.1832,37.4182],[122.1218,37.5627],[122.0256,37.528],[121.988,37.4256],[121.635,37.4813],[121.5874,37.4536],[121.6761,37.4392],[121.5703,37.4287],[121.3817,37.5661],[121.4298,37.5969],[121.3936,37.6225],[121.1716,37.5771],[121.138,37.7012],[121.0326,37.7104],[120.9258,37.8193],[120.738,37.834],[120.2157,37.6841],[120.3225,37.6324],[120.1876,37.5118],[119.8589,37.3602],[119.8973,37.2494],[119.7706,37.1518],[119.2871,37.1373],[118.9612,37.2956],[118.97,37.5935],[119.0371,37.7221],[119.1746,37.7085],[119.2164,37.794],[118.9966,37.9631],[118.9248,38.0578],[118.95,38.0973],[118.7604,38.1551],[118.543,38.0683],[118.0652,38.1431],[117.6025,38.4806],[117.5435,38.6213],[117.584,38.8116],[117.7019,38.9953],[117.7663,39.0141],[117.7154,39.1114],[118.028,39.2198],[118.2034,39.0821],[118.8275,39.1687],[118.8738,39.2138],[118.8819,39.1762],[118.9894,39.1911],[119.2381,39.3628],[119.2814,39.575],[119.2293,39.536],[119.2086,39.5696],[119.2849,39.5954],[119.3499,39.7318],[119.5356,39.8908],[120.473,40.2154],[120.6041,40.4652],[120.9504,40.7397],[120.9819,40.8268],[121.1062,40.8793],[120.9857,41.068],[121.0213,41.2625],[120.8623,41.2625],[118.979,40.6144],[117.4527,40.2906],[117.1095,40.0964],[116.1021,39.8376],[115.5498,39.8376],[115.4504,40.0964],[115.2924,40.0964],[115.1594,40.2906],[114.4476,40.2906],[114.4823,40.3554],[114.0076,40.3554],[114.0423,40.4201],[112.7869,40.2906],[112.821,40.3554],[111.8717,40.3554],[111.9057,40.4201],[110.5604,40.4201],[109.7358,40.3554],[108.197,39.967],[107.7087,39.4496],[107.2858,38.5451],[107.4426,38.5451],[107.5113,38.3515],[107.9029,38.3515],[108.0992,38.0933],[108.745,37.9643],[108.9419,37.7062],[109.1762,37.7062],[109.2748,37.5773],[109.1261,37.0615],[108.7541,36.7393],[108.3019,36.0308],[107.2671,35.7733],[106.6997,35.5158],[106.4931,35.5802],[106.1848,35.3871],[105.2595,35.194],[105.2347,35.1297],[103.5981,34.6793],[103.3788,34.2933],[103.0944,34.3577],[102.4087,34.1647],[102.2485,33.7146],[102.3252,33.7146],[102.2351,33.4574],[102.3118,33.4574],[102.1578,32.5574],[101.8358,32.0431],[101.3309,31.6575],[100.8467,31.0791],[100.5975,30.5007]]],[[[119.1687,26.0945],[119.2058,26.0535],[119.1952,26.0876],[119.1815,26.0986],[119.1687,26.0945]]],[[[119.2092,26.0986],[119.2575,26.0016],[119.3452,26.0194],[119.2092,26.0986]]],[[[119.554,26.0956],[119.5653,26.0805],[119.5736,26.078],[119.5854,26.1232],[119.5749,26.1195],[119.554,26.0956]]],[[[119.7162,32.2726],[119.8193,32.2038],[119.792,32.1218],[119.9019,32.0734],[119.8143,32.2756],[119.7162,32.2726]]],[[[119.8326,26.5505],[119.886,26.5244],[119.96,26.6113],[120.1344,26.6461],[120.1021,26.6892],[120.1428,26.7328],[120.0625,26.7723],[119.8326,26.5505]]],[[[120.7502,37.8986],[120.7546,37.8967],[120.7549,37.8996],[120.7538,37.8998],[120.7502,37.8986]]],[[[120.9419,31.8421],[120.9506,31.8252],[120.9778,31.8144],[121.0114,31.8171],[120.9419,31.8421]]],[[[121.2081,28.201],[121.257,28.2138],[121.2564,28.2148],[121.2306,28.2197],[121.2109,28.209],[121.2081,28.201]]],[[[121.212,31.8219],[121.4047,31.8032],[121.3861,31.8117],[121.3226,31.8293],[121.2641,31.8411],[121.2193,31.8295],[121.212,31.8219]]],[[[121.2202,31.7418],[121.4685,31.5894],[121.4544,31.6575],[121.2202,31.7418]]],[[[121.5735,31.529],[121.6292,31.5179],[121.6335,31.529],[121.5735,31.529]]],[[[121.5845,31.4414],[121.5968,31.4332],[121.6004,31.4425],[121.5845,31.4414]]],[[[121.6461,31.4005],[121.78,31.3252],[121.7206,31.4005],[121.6461,31.4005]]],[[[121.6562,29.5038],[121.7273,29.5302],[121.7246,29.5385],[121.7109,29.5386],[121.6562,29.5038]]],[[[121.7116,29.2152],[121.7743,29.2539],[121.7866,29.3745],[121.8406,29.3188],[121.7903,29.2152],[121.9384,29.2152],[121.9005,29.2987],[121.971,29.4491],[121.9104,29.5246],[121.9712,29.5933],[121.9158,29.6409],[121.7484,29.5626],[121.8474,29.5242],[121.7784,29.4694],[121.7432,29.5226],[121.7116,29.2152]]],[[[121.9336,29.9213],[121.9461,29.904],[121.9741,29.8998],[121.9924,29.9083],[121.9935,29.9188],[121.9771,29.9388],[121.952,29.9467],[121.9409,29.9377],[121.9336,29.9213]]]]}},{"type":"Feature","properties":{"territoryId":"cliopatria-q7209-2b87cb27ab","name":"Han Dynasty","name_ko":"한나라","color":"#7b7aeb","colorFamily":0,"startYear":-109,"endYear":-91,"source_name":"Cliopatria v0.2.0","source_url":"https://github.com/Seshat-Global-History-Databank/cliopatria","license":"CC BY 4.0","attribution":"Seshat Global History Databank, Cliopatria contributors"},"geometry":{"type":"MultiPolygon","coordinates":[[[[108.6586,18.8016],[108.7107,18.4997],[109.136,18.3612],[109.1796,18.2932],[109.7249,18.2219],[109.7393,18.2587],[109.6704,18.273],[109.7318,18.273],[109.7461,18.3959],[110.0232,18.4307],[110.0825,18.4778],[110.0342,18.5119],[110.0881,18.5043],[110.2708,18.6682],[110.4035,18.7038],[110.3352,18.6733],[110.4035,18.6628],[110.469,18.7772],[110.5344,18.7856],[110.5034,18.8819],[110.4928,18.7931],[110.4315,18.8215],[110.5134,18.9064],[110.5823,19.1501],[110.5549,19.0873],[110.4792,19.1693],[110.5803,19.1552],[110.6697,19.3817],[110.7962,19.4846],[110.7944,19.6013],[110.8477,19.6225],[110.8218,19.5678],[110.8765,19.5398],[111.0347,19.6422],[110.9346,19.9951],[110.7883,20.0104],[110.6706,20.1505],[110.6056,20.1076],[110.6058,19.9232],[110.5276,20.0202],[110.3766,20.0538],[110.4109,19.9234],[110.3447,20.0581],[110.157,20.0674],[110.0682,19.9848],[110.1496,20.0066],[110.1227,19.9743],[109.9901,19.906],[109.9426,19.9909],[109.8355,19.9309],[109.8159,19.9912],[109.7181,19.9575],[109.719,20.0106],[109.527,19.9514],[109.5202,19.8825],[109.5817,19.8557],[109.465,19.8341],[109.3114,19.9195],[109.2551,19.8983],[109.2111,19.7497],[109.3074,19.7869],[109.3074,19.7111],[109.2112,19.7248],[108.9448,19.492],[108.7042,19.3779],[108.6586,18.8016]]],[[[109.9686,18.4035],[109.9734,18.4059],[109.9686,18.4055],[109.9686,18.4035]]],[[[106.0816,23.5577],[106.1561,23.5577],[106.1681,23.622],[106.0935,23.622],[106.0816,23.5577]]],[[[90.4912,39.3203],[90.5981,39.1911],[91.1233,39.1265],[92.2484,39.385],[93.0882,39.3203],[93.9547,39.5143],[94.5061,39.5143],[94.9769,39.3203],[95.3185,39.385],[95.6823,38.9326],[96.3097,38.7389],[96.414,38.6097],[96.6493,38.6097],[96.7552,38.868],[96.6767,38.868],[96.7571,39.0618],[96.6785,39.0618],[96.7596,39.2557],[96.681,39.2557],[96.7629,39.4496],[97.4677,39.2557],[97.4916,39.1265],[97.8574,39.0618],[97.9602,38.9326],[98.1173,38.9326],[98.3841,39.1911],[98.9578,39.0618],[99.1198,39.2557],[99.0919,39.1911],[99.3786,39.1265],[99.8618,38.416],[100.1994,38.2869],[100.4138,38.6097],[100.6423,38.2224],[100.7988,38.2224],[100.7963,38.0288],[101.2901,37.8998],[101.3148,37.7707],[101.6007,37.7062],[101.7553,37.5128],[102.0961,37.7707],[102.0425,37.6417],[102.172,37.5773],[102.1705,37.3838],[102.5856,37.2549],[102.611,37.126],[103.0783,37.126],[103.3627,36.8682],[103.3107,36.7393],[103.4402,36.6749],[103.467,36.3528],[103.6488,36.224],[103.63,35.5802],[103.7353,35.4514],[103.4793,34.3577],[102.4087,34.1647],[102.2485,33.7146],[102.3252,33.7146],[102.2351,33.4574],[102.3118,33.4574],[102.1578,32.5574],[101.8358,32.0431],[101.3309,31.6575],[100.6929,30.822],[100.5975,30.5007],[100.6735,30.5007],[100.6743,30.2436],[100.8648,30.1151],[100.8279,29.9865],[101.0187,29.858],[100.9824,29.7294],[101.1556,29.5366],[101.9569,29.1509],[102.602,29.0224],[102.7181,28.8938],[103.8568,28.6367],[103.8978,28.5081],[104.066,28.5724],[105.1286,28.3153],[106.0686,28.4438],[106.0284,28.5724],[106.7255,28.6367],[107.6472,28.9581],[109.8574,29.0224],[110.8018,28.8938],[111.7273,28.4438],[111.9552,28.1867],[111.9401,27.8652],[112.0552,27.7367],[111.8903,26.8366],[111.9654,26.8366],[111.8197,26.258],[111.546,25.7436],[111.6059,25.6793],[111.3565,24.9078],[111.0091,24.3292],[109.3792,24.3935],[107.1495,24.072],[106.4664,23.622],[106.1561,23.5577],[105.7641,23.0434],[105.2716,22.7863],[105.2379,22.5934],[104.874,22.2077],[105.128,21.9505],[105.0956,21.7577],[104.9255,21.6291],[104.9785,21.5005],[104.8513,21.1791],[105.0956,20.8577],[104.873,20.8577],[104.9053,20.6005],[104.6191,20.6648],[104.4396,20.472],[104.9806,20.1505],[104.8648,19.8934],[104.9921,19.7648],[104.94,19.4434],[105.014,19.4434],[105.0152,18.9934],[105.1423,18.8648],[105.0373,18.6719],[105.1851,18.6719],[105.1438,18.4148],[106.4163,17.129],[106.3962,17.0005],[106.6074,16.9362],[106.9529,17.2012],[106.6346,17.4704],[106.5044,17.6828],[106.4087,17.6828],[106.3831,17.7192],[106.4292,17.7311],[106.2852,17.7721],[106.4981,17.7106],[106.436,17.882],[106.5247,17.9496],[106.4348,18.1235],[106.3467,18.0595],[106.2708,18.2041],[106.0934,18.2587],[105.8792,18.5109],[105.7644,18.759],[105.7507,18.6628],[105.752,18.7863],[105.6133,18.9855],[105.6438,19.0654],[105.7371,19.1085],[105.7434,19.2319],[105.8088,19.2802],[105.7909,19.6035],[105.9233,19.7668],[105.8674,19.7732],[105.9289,19.7936],[105.9556,19.9255],[106.0252,19.9992],[106.0835,19.965],[106.1071,20.0333],[106.1071,19.965],[106.176,19.9923],[106.3807,20.212],[106.5635,20.231],[106.4981,20.3083],[106.5762,20.2697],[106.5942,20.4482],[106.5186,20.4373],[106.5799,20.5472],[106.5186,20.541],[106.6248,20.5946],[106.5868,20.6633],[106.6375,20.6281],[106.7031,20.6597],[106.6626,20.698],[106.8059,20.6776],[106.7,20.8828],[106.7551,20.9385],[106.6421,21.0202],[106.7981,21.0248],[106.8206,20.976],[106.7725,20.9574],[106.8679,20.8827],[106.8743,20.9376],[106.9431,20.9103],[106.8538,20.9923],[107.001,20.9511],[107.0256,21.0338],[107.0462,20.9997],[107.1492,21.0406],[107.0661,20.9587],[107.1956,20.955],[107.3743,21.0276],[107.3606,21.2392],[107.4431,21.2877],[107.4153,21.3287],[107.5266,21.2988],[107.5223,21.3485],[107.5906,21.2939],[107.635,21.3832],[107.7864,21.4584],[107.7669,21.5202],[107.9097,21.5265],[107.9167,21.4575],[108.0806,21.4857],[107.9912,21.5484],[108.1764,21.5758],[108.2383,21.6439],[108.2256,21.5094],[108.314,21.5819],[108.3413,21.7258],[108.471,21.6713],[108.3897,21.5751],[108.471,21.562],[108.5654,21.6785],[108.5188,21.6713],[108.5331,21.7191],[108.5051,21.6713],[108.4635,21.7402],[108.5051,21.7879],[108.4487,21.8658],[108.4778,21.945],[108.4631,21.863],[108.553,21.9518],[108.5603,21.8955],[108.6355,21.8903],[108.5714,21.8128],[108.5945,21.7402],[108.677,21.8153],[108.6492,21.7333],[108.7249,21.7464],[108.7127,21.6884],[108.8371,21.666],[108.7796,21.7258],[108.8347,21.7258],[108.8326,21.7838],[108.7796,21.8153],[108.8614,21.8153],[108.8695,21.7538],[108.9241,21.7668],[108.8655,21.7397],[108.8695,21.6713],[109.1358,21.603],[109.1387,21.4016],[109.2146,21.4174],[109.2388,21.4857],[109.245,21.4316],[109.5308,21.4916],[109.5728,21.5817],[109.4647,21.6645],[109.521,21.6658],[109.4927,21.6986],[109.5677,21.76],[109.608,21.5751],[109.677,21.6234],[109.6497,21.5205],[109.7698,21.4936],[109.7732,21.5819],[109.8312,21.4759],[109.9444,21.4931],[109.9241,21.3628],[109.8466,21.3582],[109.696,20.8577],[109.7702,20.8577],[109.7869,20.6911],[109.8604,20.7155],[109.7806,20.685],[109.8211,20.5546],[109.8482,20.5956],[109.8227,20.5207],[109.9232,20.451],[109.9309,20.5063],[110.0155,20.4184],[109.9824,20.3515],[109.9174,20.4171],[109.9172,20.2393],[110.0379,20.3017],[110.1275,20.248],[110.2939,20.2585],[110.4068,20.3052],[110.5342,20.4783],[110.4789,20.5677],[110.3008,20.6571],[110.3418,20.8215],[110.3565,20.7323],[110.4094,20.751],[110.369,20.8489],[110.1567,20.8489],[110.1431,20.9923],[110.1956,21.0713],[110.2188,21.0276],[110.3994,21.1766],[110.3281,21.3355],[110.3895,21.3287],[110.3585,21.4357],[110.4373,21.3975],[110.4339,21.3088],[110.4863,21.3355],[110.4448,21.3076],[110.4789,21.2734],[110.4243,21.2877],[110.4312,21.1915],[110.6365,21.2302],[110.6356,21.381],[110.76,21.4447],[110.6365,21.3703],[110.6433,21.3218],[110.6776,21.3485],[110.6509,21.2604],[110.7682,21.3975],[110.8699,21.3832],[111.0686,21.4726],[110.9797,21.4447],[111.0276,21.5409],[111.1436,21.4658],[111.2263,21.4993],[111.158,21.5136],[111.1924,21.5312],[111.3108,21.4671],[111.4043,21.5267],[111.3628,21.5412],[111.438,21.5341],[111.4322,21.603],[111.4761,21.5136],[111.5956,21.5341],[111.5819,21.5819],[111.6305,21.5299],[111.7796,21.6754],[111.6781,21.7812],[111.8351,21.7668],[111.8325,21.7233],[112.0003,21.7743],[111.9041,21.8153],[111.8904,21.9251],[111.9692,21.824],[112.0413,21.8842],[112.0282,21.7973],[112.1926,21.8432],[112.1824,21.753],[112.2902,21.7101],[112.4021,21.8014],[112.3565,21.9797],[112.3975,22.0685],[112.3906,21.9555],[112.4937,21.9661],[112.4111,21.9012],[112.426,21.8452],[112.5509,21.7729],[112.826,21.9661],[112.8752,21.8863],[112.9665,21.8863],[113.0851,22.2076],[113.1164,22.076],[113.2306,22.0432],[113.3027,22.1833],[113.402,22.1796],[113.1602,22.4876],[113.1653,22.5756],[113.4837,22.1551],[113.5877,22.2379],[113.6104,22.3702],[113.5464,22.4376],[113.5992,22.5752],[113.3775,22.7674],[113.4942,22.7748],[113.3504,22.8897],[113.213,22.9045],[113.484,22.9243],[113.5023,23.0204],[113.4175,23.097],[113.5091,23.0622],[113.7031,23.1578],[113.8301,23.1175],[113.7202,23.1379],[113.5364,23.0631],[113.5762,22.9387],[113.6172,23.0349],[113.5967,22.9182],[113.6382,23.0349],[113.5923,22.8891],[113.6536,22.7587],[113.7581,22.7534],[113.8695,22.5034],[114.0915,22.5344],[113.9808,22.4695],[113.9969,22.3606],[114.1048,22.3699],[114.1719,22.2887],[114.2555,22.3223],[114.2967,22.2583],[114.2584,22.3621],[114.3186,22.3894],[114.3576,22.3324],[114.3997,22.4361],[114.3476,22.4229],[114.3237,22.48],[114.2093,22.3987],[114.1675,22.4481],[114.3351,22.5064],[114.2093,22.5237],[114.2298,22.5558],[114.3958,22.6135],[114.5158,22.4526],[114.6049,22.5327],[114.4954,22.562],[114.5903,22.6439],[114.5066,22.6465],[114.5221,22.706],[114.6955,22.7926],[114.817,22.8004],[114.742,22.7327],[114.7438,22.6094],[114.8658,22.6017],[114.896,22.5475],[114.9666,22.6765],[114.8625,22.7632],[114.9853,22.6893],[115.0655,22.796],[115.1803,22.7848],[115.3038,22.903],[115.3202,22.8505],[115.2334,22.7882],[115.4112,22.7883],[115.3385,22.7331],[115.3735,22.6942],[115.5752,22.6683],[115.5901,22.7372],[115.5556,22.7144],[115.527,22.767],[115.6121,22.8636],[115.468,22.8493],[115.483,22.9018],[115.406,22.925],[115.5476,22.8954],[115.5606,22.8493],[115.7303,22.9342],[115.697,22.8507],[115.8075,22.8033],[116.0762,22.8679],[116.0421,22.9329],[116.1237,22.8947],[116.0865,22.8458],[116.1537,22.856],[116.2815,22.9579],[116.2136,22.9828],[116.4947,22.9394],[116.6045,23.2096],[116.5089,23.2341],[116.6115,23.2387],[116.6511,23.172],[116.7151,23.2438],[116.6672,23.2813],[116.8035,23.2346],[116.7486,23.3263],[116.573,23.3237],[116.5232,23.4185],[116.7732,23.3494],[116.9165,23.6627],[116.9507,23.6109],[117.0684,23.6513],[117.0842,23.5506],[117.2192,23.6296],[117.2295,23.6928],[117.239,23.6055],[117.2774,23.7822],[117.4343,23.7759],[117.4901,23.8326],[117.4166,23.9468],[117.5711,23.9033],[117.626,23.8149],[117.7088,24.0355],[117.6671,24.0627],[117.7633,24.0703],[117.7981,24.0218],[117.76,23.9716],[117.8952,24.0696],[117.9073,24.1863],[117.9436,24.2126],[117.9788,24.1621],[118.0867,24.2497],[118.0906,24.3415],[118.0159,24.3269],[118.043,24.4067],[117.9073,24.3849],[117.7913,24.4675],[118.0217,24.4457],[118.0581,24.5159],[117.9749,24.5527],[118.0374,24.5606],[118.0444,24.6177],[118.1104,24.5841],[118.1605,24.6934],[118.219,24.5414],[118.4048,24.6066],[118.4312,24.6997],[118.4281,24.6313],[118.6471,24.5746],[118.6421,24.6787],[118.763,24.7627],[118.7018,24.81],[118.638,24.7721],[118.572,24.8852],[118.6712,24.8747],[118.6677,24.9534],[118.7295,24.9005],[118.7161,24.8436],[118.9229,24.8959],[118.9116,24.9534],[119.009,24.9473],[119.0042,25.0502],[118.9537,25.003],[118.8491,25.0738],[118.943,25.1088],[118.9746,25.1826],[118.8756,25.2438],[119.0273,25.2782],[118.9693,25.2264],[119.0689,25.2167],[119.0291,25.1405],[119.0929,25.1136],[119.1531,25.1397],[119.1161,25.2138],[119.2813,25.1794],[119.2725,25.2318],[119.3475,25.2678],[119.243,25.3302],[119.2013,25.2597],[119.2034,25.3581],[119.1732,25.3251],[119.1025,25.4203],[119.2378,25.4818],[119.3052,25.6046],[119.3809,25.5909],[119.3565,25.5269],[119.4491,25.5053],[119.447,25.4388],[119.5073,25.4744],[119.4832,25.3712],[119.5477,25.3838],[119.5386,25.4612],[119.5882,25.3966],[119.64,25.413],[119.5726,25.4879],[119.5794,25.5847],[119.4924,25.5648],[119.4491,25.6872],[119.5719,25.6802],[119.6209,25.7603],[119.5664,25.8721],[119.5999,25.8442],[119.6954,26.0026],[119.5191,26.0445],[119.3298,25.9443],[119.2468,25.9672],[119.1952,26.0876],[119.0935,26.1458],[119.4585,25.9825],[119.6682,26.2215],[119.6543,26.2724],[119.9253,26.3474],[119.8258,26.4269],[119.6819,26.3171],[119.6484,26.4374],[119.5664,26.4549],[119.6537,26.498],[119.7918,26.4133],[119.7849,26.5778],[119.6751,26.6188],[119.5999,26.5704],[119.5411,26.6563],[119.5999,26.6461],[119.606,26.6945],[119.5521,26.7491],[119.606,26.7969],[119.7249,26.6978],[119.6858,26.812],[119.7562,26.7377],[119.782,26.8285],[119.8463,26.8522],[119.7974,26.8164],[119.8401,26.79],[119.7918,26.6877],[119.8292,26.715],[119.9016,26.6597],[119.9251,26.7922],[120.0673,26.7965],[120.032,26.8999],[120.2374,26.9272],[120.1487,26.9819],[120.2552,26.9971],[120.2163,27.0371],[120.2783,27.0638],[120.2437,27.1327],[120.3618,27.1009],[120.4076,27.158],[120.3473,27.1805],[120.3473,27.2426],[120.1824,27.2169],[120.1958,27.2978],[120.3119,27.3177],[120.3031,27.2423],[120.4292,27.1737],[120.4217,27.2221],[120.5178,27.2016],[120.5493,27.321],[120.5049,27.345],[120.5459,27.4033],[120.6353,27.3797],[120.682,27.4816],[120.5966,27.5703],[120.6756,27.6597],[120.6353,27.7633],[120.7077,27.7134],[120.8408,27.9487],[120.589,28.0267],[120.5596,28.1128],[120.606,28.0422],[120.8803,27.9986],[120.9969,28.0425],[121.0689,28.1569],[121.1081,28.2834],[121.025,28.3046],[121.1138,28.3017],[121.169,28.3848],[121.2647,28.366],[121.2031,28.3319],[121.2672,28.2164],[121.4132,28.2546],[121.4731,28.3306],[121.6398,28.3137],[121.6077,28.4772],[121.5116,28.4895],[121.5816,28.5047],[121.5101,28.6571],[121.2584,28.6751],[121.2993,28.7229],[121.1423,28.8459],[121.3512,28.7119],[121.6214,28.7359],[121.6699,28.8253],[121.4978,28.9497],[121.7178,28.9488],[121.6419,29.0513],[121.5321,29.0205],[121.6214,29.1133],[121.4017,29.1065],[121.5561,29.2729],[121.5851,29.479],[121.4849,29.3905],[121.5049,29.4838],[121.4426,29.4154],[121.4434,29.5242],[121.6873,29.5626],[122.0074,29.8874],[121.7219,29.9605],[121.4054,30.3079],[121.1328,30.3079],[120.8088,30.1151],[120.6944,30.1721],[120.6463,30.1269],[120.7922,30.0661],[120.6318,30.1224],[120.7314,30.2338],[120.6216,30.3726],[120.4505,30.3689],[120.3847,30.2496],[120.2744,30.2776],[120.1471,30.1989],[120.2579,30.2981],[120.379,30.2735],[120.4791,30.4035],[120.6981,30.394],[120.7883,30.2938],[120.9981,30.5579],[121.5192,30.822],[121.9131,30.859],[121.9551,30.9713],[121.7252,31.2816],[121.3203,31.5048],[121.1444,31.6847],[120.7315,31.8139],[120.7171,31.8611],[120.8248,31.8287],[120.7504,31.9783],[120.4695,32.0251],[120.23,31.9089],[120.0064,31.9503],[119.7725,32.1268],[119.7886,32.1986],[119.6904,32.2353],[119.606,32.1969],[119.6854,32.2924],[119.6129,32.3546],[119.8421,32.2991],[119.992,32.0159],[120.1314,31.9432],[120.2671,31.9487],[120.4908,32.0825],[120.6344,32.077],[120.8108,32.0226],[120.9778,31.8144],[121.2864,31.8906],[121.8173,31.6909],[121.9173,31.7616],[121.7986,31.9705],[121.4434,32.1143],[121.3608,32.2316],[121.4193,32.2503],[121.3894,32.3849],[121.1008,32.498],[120.8303,32.6977],[120.9048,32.8126],[120.8958,33.0136],[120.8259,33.0302],[120.807,33.1378],[120.7302,33.2049],[120.7503,33.2696],[120.6672,33.3251],[120.6344,33.4669],[120.4837,33.65],[120.5049,33.7356],[120.3997,33.8693],[120.2571,34.3118],[119.6477,34.5338],[119.3467,34.7808],[119.1922,34.7182],[119.1929,35.0004],[119.2212,35.064],[119.358,35.0971],[119.4239,35.3135],[119.5319,35.3586],[119.648,35.5839],[119.7325,35.6208],[119.7439,35.5759],[119.8401,35.6579],[119.8602,35.6061],[119.9046,35.6246],[119.9082,35.7449],[120.0029,35.7278],[120.0972,35.9008],[120.189,35.9453],[120.1753,35.89],[120.2941,36.0024],[120.1753,35.9936],[120.0897,36.1117],[120.0972,36.2264],[120.2845,36.176],[120.3064,36.2742],[120.3616,36.1916],[120.292,36.062],[120.3535,36.0408],[120.6669,36.1321],[120.6436,36.3225],[120.7107,36.3245],[120.7141,36.4287],[120.95,36.4592],[120.9636,36.5479],[120.8504,36.6046],[120.7503,36.5408],[120.7506,36.6168],[120.8506,36.6509],[120.9774,36.5899],[121.4017,36.7124],[121.4595,36.8287],[121.6072,36.845],[121.5032,36.7886],[121.5247,36.7543],[121.9498,36.9389],[121.9263,36.9936],[122.0492,36.9799],[122.0365,36.8993],[122.1429,36.9458],[122.1661,37.0141],[122.1627,36.9458],[122.2659,36.898],[122.1852,36.8595],[122.3552,36.8291],[122.4364,36.8707],[122.4058,36.9222],[122.5268,36.9528],[122.54,37.0277],[122.4024,37.0215],[122.4539,37.1543],[122.4707,37.1103],[122.5735,37.2601],[122.5497,37.3198],[122.5947,37.2952],[122.5708,37.3448],[122.6847,37.4102],[122.2965,37.4182],[122.2454,37.4597],[122.1832,37.4182],[122.1218,37.5627],[122.0256,37.528],[121.988,37.4256],[121.635,37.4813],[121.5874,37.4536],[121.6761,37.4392],[121.5703,37.4287],[121.3817,37.5661],[121.4298,37.5969],[121.3936,37.6225],[121.1716,37.5771],[121.138,37.7012],[121.0326,37.7104],[120.9258,37.8193],[120.738,37.834],[120.2157,37.6841],[120.3225,37.6324],[120.1876,37.5118],[119.8589,37.3602],[119.8973,37.2494],[119.7706,37.1518],[119.2871,37.1373],[118.9612,37.2956],[118.97,37.5935],[119.0371,37.7221],[119.1746,37.7085],[119.2164,37.794],[118.9966,37.9631],[118.9248,38.0578],[118.95,38.0973],[118.7604,38.1551],[118.543,38.0683],[118.0652,38.1431],[117.6025,38.4806],[117.5435,38.6213],[117.584,38.8116],[117.7019,38.9953],[117.7663,39.0141],[117.7154,39.1114],[117.8856,39.2011],[118.0964,39.2024],[118.2249,39.0618],[118.4054,39.0618],[118.5271,39.1492],[118.7096,39.1495],[119.1145,39.2863],[119.2304,39.3617],[119.2814,39.575],[119.2293,39.536],[119.2086,39.5696],[119.2849,39.5954],[119.3804,39.7729],[119.5264,39.832],[119.5356,39.8908],[120.4722,40.2145],[120.5018,40.3269],[120.5888,40.3818],[120.5457,40.4024],[120.8253,40.674],[121.02,40.7192],[120.9395,40.7405],[120.9819,40.8268],[121.0684,40.8034],[121.2003,40.9307],[121.7565,40.8736],[121.8679,40.9958],[121.8259,40.9482],[121.8511,40.8323],[122.1594,40.7016],[122.1573,40.5993],[122.3019,40.5023],[122.1061,40.3101],[122.0916,40.2272],[121.9915,40.187],[121.9957,40.1239],[121.8269,40.0225],[121.8738,39.9914],[121.4811,39.8139],[121.4634,39.7435],[121.5501,39.6787],[121.5333,39.6223],[121.4639,39.6458],[121.2234,39.5286],[121.436,39.5086],[121.4976,39.385],[121.943,39.3994],[121.7798,39.3715],[121.628,39.2704],[121.5926,39.1922],[121.681,39.1364],[121.6741,39.088],[121.4673,39.0151],[121.3748,39.0442],[121.3343,38.9686],[121.1399,38.9473],[121.1143,38.8991],[121.1456,38.7389],[121.2367,38.7985],[121.485,38.8099],[121.634,38.9251],[121.5874,38.9401],[121.6358,38.9953],[121.9232,39.009],[121.8884,39.0425],[122.0065,39.0618],[122.29,39.351],[122.8486,39.6179],[123.2295,39.7297],[123.252,39.8171],[123.3141,39.7761],[123.4171,39.8245],[123.4126,39.7834],[123.6079,39.8342],[123.6567,39.9195],[123.7201,39.8306],[123.8622,39.8276],[124.4118,40.2906],[124.8366,41.1328],[124.0018,41.4571],[124.0417,41.522],[123.8029,41.522],[123.8429,41.5869],[123.5643,41.6518],[123.6044,41.7167],[123.3654,41.7167],[123.4055,41.7816],[123.1268,41.8465],[123.167,41.9114],[122.9277,41.9114],[119.1742,40.6792],[118.778,40.6792],[118.7048,40.5496],[118.2364,40.4201],[117.2945,40.2906],[117.0305,40.0964],[116.1021,39.8376],[115.5498,39.8376],[115.2827,40.2259],[114.764,40.2906],[114.7987,40.3554],[114.5267,40.2906],[114.5962,40.4201],[109.7358,40.3554],[108.197,39.967],[107.6778,39.385],[107.3937,39.4496],[107.408,39.6436],[107.2027,39.7083],[106.0898,38.6743],[105.5115,38.6097],[104.3926,38.7389],[104.4215,38.8034],[104.2645,38.8034],[104.3225,38.9326],[103.6079,38.7389],[104.0761,39.2557],[103.7122,39.3203],[103.7417,39.385],[103.3481,39.385],[102.673,38.9326],[102.0447,38.9326],[102.0731,38.9972],[101.7087,39.0618],[101.5874,39.3203],[101.2439,39.2557],[101.2103,39.7083],[100.6875,39.7729],[100.5388,39.967],[100.0945,40.0317],[100.124,40.0964],[99.6206,40.0317],[98.5026,40.3554],[98.2745,40.5496],[97.9081,40.6144],[97.8881,40.744],[97.6007,40.8088],[97.6305,40.8736],[96.8966,41.0032],[96.9264,41.068],[95.2297,41.0032],[93.6869,40.744],[93.7153,40.8088],[93.2678,40.8736],[93.2962,40.9384],[92.4798,41.068],[91.8679,40.9384],[91.1476,40.5496],[90.8279,39.967],[90.9069,39.967],[90.8812,39.7083],[90.5675,39.5143],[90.4912,39.3203]],[[114.2298,22.5558],[114.183,22.5562],[114.179,22.5593],[114.2298,22.5558]],[[107.6804,21.6222],[107.7448,21.6575],[107.6903,21.6247],[107.6804,21.6222]],[[107.7986,21.6497],[107.8116,21.6478],[107.8324,21.6394],[107.7986,21.6497]],[[114.1487,22.5381],[114.162,22.5605],[114.1695,22.56],[114.1487,22.5381]]],[[[106.7656,20.8768],[106.8865,20.7961],[106.8246,20.9152],[106.7656,20.8768]]],[[[106.9099,20.8185],[106.9173,20.8113],[106.9303,20.8438],[106.9129,20.8369],[106.9099,20.8185]]],[[[107.3729,21.0596],[107.6062,21.2174],[107.5327,21.1989],[107.4553,21.2757],[107.3729,21.0596]]],[[[110.2459,20.986],[110.4322,21.0058],[110.4572,21.06],[110.2874,21.0744],[110.3352,21.0686],[110.2731,21.0611],[110.2459,20.986]]],[[[110.4177,20.6548],[110.4358,20.6385],[110.4573,20.5869],[110.4758,20.5959],[110.4714,20.6474],[110.437,20.6679],[110.4177,20.6548]]],[[[110.4177,21.1785],[110.42,21.1785],[110.4194,21.1791],[110.5587,21.1791],[110.5686,21.1915],[110.5432,21.2042],[110.4929,21.1839],[110.4634,21.1907],[110.4963,21.1952],[110.4998,21.2063],[110.4622,21.2051],[110.4177,21.1785]]],[[[110.5739,21.1791],[110.6006,21.1791],[110.617,21.1915],[110.617,21.1989],[110.594,21.2028],[110.5739,21.1791]]],[[[113.2642,22.1049],[113.3136,22.0764],[113.3648,22.1579],[113.2642,22.1049]]],[[[113.3094,22.0241],[113.3186,22.0162],[113.3689,22.0821],[113.3436,22.0685],[113.3094,22.0241]]],[[[113.3962,22.8981],[113.5946,22.7561],[113.4756,22.9007],[113.3962,22.8981]]],[[[113.4765,22.7195],[113.6418,22.6016],[113.5595,22.735],[113.4765,22.7195]]],[[[113.5058,22.9516],[113.51,22.9212],[113.545,22.88],[113.5535,22.8858],[113.5536,22.9113],[113.5292,22.9604],[113.5154,22.9692],[113.5058,22.9516]]],[[[113.5202,22.1849],[113.5247,22.1737],[113.5571,22.2025],[113.5492,22.1997],[113.5538,22.2115],[113.5365,22.2171],[113.5243,22.2126],[113.5352,22.2075],[113.5202,22.1849]]],[[[113.5322,22.1526],[113.54,22.1434],[113.5616,22.1434],[113.5741,22.1608],[113.5586,22.163],[113.5344,22.1612],[113.5322,22.1526]]],[[[113.6104,22.4133],[113.6212,22.3914],[113.6423,22.4002],[113.6424,22.4114],[113.6578,22.4238],[113.6496,22.4386],[113.6234,22.4399],[113.6118,22.4305],[113.6104,22.4133]]],[[[113.9972,22.317],[114.0189,22.2646],[114.0549,22.3363],[113.9972,22.317]]],[[[113.9975,22.265],[113.9976,22.245],[114.0073,22.2521],[113.9975,22.265]]],[[[113.9977,22.2379],[113.9978,22.2151],[114.0002,22.2161],[114.015,22.2271],[113.9977,22.2379]]],[[[114.1043,22.216],[114.1141,22.2161],[114.1108,22.1771],[114.1374,22.1788],[114.1454,22.1787],[114.1391,22.1911],[114.1546,22.2036],[114.1257,22.2052],[114.1328,22.2161],[114.1257,22.2134],[114.1067,22.2358],[114.1043,22.216]]],[[[114.1126,22.2715],[114.2561,22.2036],[114.2156,22.2856],[114.1126,22.2715]]],[[[116.9543,23.5441],[116.9953,23.5348],[117.0093,23.555],[116.9956,23.5635],[116.9543,23.5441]]],[[[117.3405,23.689],[117.3561,23.6892],[117.4185,23.758],[117.4136,23.7717],[117.3727,23.7667],[117.3767,23.7289],[117.3405,23.689]]],[[[118.07,24.4603],[118.1271,24.4312],[118.1814,24.5351],[118.0925,24.5562],[118.07,24.4603]]],[[[119.2092,26.0986],[119.2576,26.0015],[119.405,25.9779],[119.2092,26.0986]]],[[[119.2829,25.4864],[119.3354,25.4864],[119.3465,25.5667],[119.2829,25.4864]]],[[[119.2835,25.4751],[119.2969,25.4229],[119.3222,25.4329],[119.2835,25.4751]]],[[[119.554,26.0956],[119.6441,26.0784],[119.5925,26.1257],[119.554,26.0956]]],[[[119.6685,25.4879],[119.71,25.4879],[119.7,25.4319],[119.8407,25.4765],[119.7988,25.5158],[119.8745,25.5568],[119.7078,25.615],[119.7162,25.5363],[119.7783,25.522],[119.6685,25.4879]]],[[[119.7162,32.2726],[119.8193,32.2038],[119.792,32.1218],[119.9019,32.0734],[119.8143,32.2756],[119.7162,32.2726]]],[[[119.8326,26.5505],[119.886,26.5244],[119.96,26.6113],[120.1344,26.6461],[120.1021,26.6892],[120.1428,26.7328],[120.0625,26.7723],[119.8326,26.5505]]],[[[120.7502,37.8986],[120.7546,37.8967],[120.7549,37.8996],[120.7538,37.8998],[120.7502,37.8986]]],[[[121.2081,28.201],[121.257,28.2138],[121.2564,28.2148],[121.2306,28.2197],[121.2109,28.209],[121.2081,28.201]]],[[[121.2655,39.4311],[121.2928,39.3905],[121.3643,39.4455],[121.3363,39.385],[121.4328,39.385],[121.4505,39.4503],[121.3406,39.4813],[121.2655,39.4311]]],[[[121.2912,31.695],[121.3145,31.6556],[121.4685,31.5894],[121.4544,31.6575],[121.2912,31.695]]],[[[121.5735,31.529],[121.6292,31.5179],[121.6335,31.529],[121.5735,31.529]]],[[[121.5845,31.4414],[121.5968,31.4332],[121.6004,31.4425],[121.5845,31.4414]]],[[[121.6461,31.4005],[121.78,31.3252],[121.7206,31.4005],[121.6461,31.4005]]],[[[121.67,29.5125],[121.7623,29.4836],[121.764,29.5308],[121.67,29.5125]]],[[[121.7116,29.2152],[121.7743,29.2539],[121.7595,29.357],[121.7116,29.2152]]],[[[121.745,29.5447],[121.8474,29.5242],[121.7608,29.361],[121.8406,29.3188],[121.7903,29.2152],[121.9384,29.2152],[121.9104,29.5246],[121.9712,29.5933],[121.9158,29.6409],[121.745,29.5447]]],[[[121.9336,29.9213],[121.9461,29.904],[121.9741,29.8998],[121.9924,29.9083],[121.9935,29.9188],[121.9771,29.9388],[121.952,29.9467],[121.9409,29.9377],[121.9336,29.9213]]],[[[121.9946,30.0372],[122.0191,29.9972],[122.2798,29.9865],[122.2768,30.0676],[122.1033,30.1437],[122.0321,30.143],[121.9946,30.0372]]],[[[103.1613,39.3203],[103.24,39.3203],[103.2989,39.4496],[103.2201,39.4496],[103.1613,39.3203]]]]}},{"type":"Feature","properties":{"territoryId":"cliopatria-q289577-065a2966f8","name":"Himyarite Kingdom","name_ko":"힘야르 왕국","color":"#3ad998","colorFamily":2,"startYear":-109,"endYear":-66,"source_name":"Cliopatria v0.2.0","source_url":"https://github.com/Seshat-Global-History-Databank/cliopatria","license":"CC BY 4.0","attribution":"Seshat Global History Databank, Cliopatria contributors"},"geometry":{"type":"Polygon","coordinates":[[[42.8896,15.0718],[42.9523,14.8795],[42.9307,14.8031],[43.0287,14.538],[43.0215,14.4421],[42.9729,14.5264],[42.9773,14.4979],[43.0955,14.084],[43.2332,13.8764],[43.2809,13.7221],[43.2952,13.5856],[43.2561,13.5293],[43.2426,13.2326],[43.4732,12.8466],[43.4652,12.6885],[43.5256,12.6904],[43.6006,12.7563],[43.9071,12.6397],[44.4368,12.6941],[44.5428,12.7973],[44.6106,12.8196],[44.6936,12.8035],[44.7278,12.742],[44.7852,12.7723],[44.9019,12.7419],[44.9209,12.7714],[44.8718,12.77],[44.8716,12.8035],[44.9168,12.7995],[45.0151,12.8587],[45.0352,12.8037],[44.9793,12.7823],[45.0586,12.762],[45.0588,12.8271],[45.1182,12.9617],[45.1935,13.0127],[45.403,13.0701],[45.6321,13.3249],[45.8154,13.3795],[46.1089,13.4067],[46.0471,13.5932],[46.2003,13.7218],[46.1631,14.4289],[45.9462,14.4932],[45.8163,14.8147],[45.0079,14.8147],[44.9277,14.6861],[44.4166,14.7504],[44.2897,15.1361],[42.8896,15.0718]]]}},{"type":"Feature","properties":{"territoryId":"cliopatria-q215643-8caba522ec","name":"Indo-Greeks","name_ko":"인도-그리스 왕국","color":"#dd4b85","colorFamily":3,"startYear":-125,"endYear":-110,"source_name":"Cliopatria v0.2.0","source_url":"https://github.com/Seshat-Global-History-Databank/cliopatria","license":"CC BY 4.0","attribution":"Seshat Global History Databank, Cliopatria contributors"},"geometry":{"type":"MultiPolygon","coordinates":[[[[66.2258,35.4514],[66.3845,35.1297],[66.2927,35.0653],[66.3266,34.8723],[66.5292,34.7436],[66.5005,34.615],[66.6745,34.3577],[66.9682,34.2933],[67.0026,34.1004],[67.3872,34.1004],[67.4356,33.9718],[68.2384,33.7789],[68.5171,33.6502],[68.4745,33.4574],[68.5512,33.4574],[68.3905,33.0716],[67.6294,32.3645],[66.5252,31.0148],[66.6012,31.0148],[66.506,30.5007],[66.582,30.5007],[66.5655,29.9865],[67.0171,29.5366],[67.1243,29.2795],[68.7215,28.8938],[69.2495,28.4438],[69.5298,28.3153],[69.9069,28.3153],[70.0692,27.9295],[70.5425,28.0581],[70.7367,27.8652],[70.7157,27.7367],[73.3536,28.1867],[74.8167,28.7652],[75.3435,29.1509],[75.621,29.0224],[75.7381,28.4438],[76.2068,28.1224],[76.1672,27.4795],[76.4878,27.158],[76.4659,27.0295],[76.8627,26.708],[77.4527,26.6437],[78.022,26.9009],[78.0552,27.9295],[78.0402,28.251],[77.9648,28.251],[77.9897,29.1509],[77.8776,29.3438],[77.9305,29.6009],[77.8548,29.6009],[77.9358,29.9865],[79.4087,31.1434],[79.4237,31.2076],[79.1796,31.4647],[78.8448,31.3362],[78.8443,31.6575],[78.448,31.5933],[76.4634,32.236],[76.0811,32.5574],[76.1429,32.8145],[76.0663,32.8145],[76.0975,32.943],[75.9443,32.943],[75.8245,33.3931],[75.687,33.4574],[75.5406,34.1004],[74.0342,34.229],[73.8356,34.3146],[73.8999,34.3081],[73.9284,34.422],[73.4663,34.422],[72.4701,35.0653],[71.6526,35.194],[71.672,35.5802],[71.2441,36.0308],[71.2771,36.1596],[70.9504,36.0952],[70.9668,36.1596],[70.0235,36.4172],[70.0116,36.6749],[69.4061,36.7393],[68.4568,36.6749],[68.2693,36.546],[67.7873,36.4816],[67.5239,36.6749],[66.7621,36.7393],[66.36,36.0308],[66.2258,35.4514]],[[71.4756,35.741],[71.5027,35.7191],[71.5074,35.7095],[71.4756,35.741]],[[71.4833,35.6266],[71.5059,35.6034],[71.4927,35.6096],[71.4833,35.6266]],[[71.5144,35.6753],[71.5151,35.6935],[71.5198,35.6838],[71.5144,35.6753]],[[71.5316,35.3279],[71.6138,35.4035],[71.6111,35.3955],[71.5316,35.3279]],[[71.573,35.5692],[71.5842,35.5642],[71.5935,35.5494],[71.573,35.5692]],[[73.7749,34.371],[73.7798,34.3961],[73.7963,34.4185],[73.7749,34.371]],[[73.7827,34.3468],[73.8217,34.3204],[73.8042,34.3275],[73.7827,34.3468]],[[73.8937,34.0543],[73.9458,34.0098],[73.9162,34.0279],[73.8937,34.0543]],[[74.5351,31.7711],[74.5408,31.8109],[74.5485,31.8201],[74.5351,31.7711]],[[74.5589,31.8325],[74.5656,31.8405],[74.67,31.9042],[74.5589,31.8325]]],[[[72.7277,35.7733],[72.8825,35.7733],[72.9935,35.902],[72.8386,35.902],[72.7277,35.7733]]],[[[60.8735,37.1904],[60.9514,37.1904],[60.9658,37.2549],[60.8878,37.2549],[60.8735,37.1904]]]]}},{"type":"Feature","properties":{"territoryId":"cliopatria-q215643-8caba522ec","name":"Indo-Greeks","name_ko":"인도-그리스 왕국","color":"#dd4b85","colorFamily":3,"startYear":-109,"endYear":-91,"source_name":"Cliopatria v0.2.0","source_url":"https://github.com/Seshat-Global-History-Databank/cliopatria","license":"CC BY 4.0","attribution":"Seshat Global History Databank, Cliopatria contributors"},"geometry":{"type":"MultiPolygon","coordinates":[[[[66.506,30.5007],[66.582,30.5007],[66.5655,29.9865],[67.0171,29.5366],[67.1243,29.2795],[68.7215,28.8938],[69.4544,28.3153],[69.9069,28.3153],[70.0692,27.9295],[70.5425,28.0581],[70.7367,27.8652],[70.7157,27.7367],[73.3536,28.1867],[74.8167,28.7652],[75.3435,29.1509],[75.621,29.0224],[75.7381,28.4438],[76.2068,28.1224],[76.1672,27.4795],[76.4878,27.158],[76.4659,27.0295],[76.8627,26.708],[77.4527,26.6437],[78.022,26.9009],[78.0552,27.9295],[78.0402,28.251],[77.9648,28.251],[77.9897,29.1509],[77.8776,29.3438],[77.9305,29.6009],[77.8548,29.6009],[77.9358,29.9865],[79.4087,31.1434],[79.4237,31.2076],[79.1796,31.4647],[78.8448,31.3362],[78.8443,31.6575],[78.448,31.5933],[78.0361,31.7861],[77.7311,31.7861],[76.2646,32.3645],[76.0811,32.5574],[76.0975,32.943],[75.9443,32.943],[75.8245,33.3931],[75.687,33.4574],[75.6013,34.0361],[74.0342,34.229],[73.8356,34.3146],[73.8999,34.3081],[73.9284,34.422],[72.8501,34.422],[72.5876,34.2933],[71.5561,34.1647],[70.9558,34.229],[70.7716,34.1004],[70.9272,33.7789],[70.8678,33.5217],[70.6229,33.4574],[70.5791,33.2645],[70.3969,33.1359],[70.4306,32.943],[70.2349,32.7502],[69.4419,32.6216],[68.3511,31.7861],[68.1223,31.7861],[67.9312,31.5933],[66.8783,31.2719],[66.6012,31.0148],[66.506,30.5007]],[[73.7749,34.371],[73.7798,34.3961],[73.7963,34.4185],[73.7749,34.371]],[[73.7827,34.3468],[73.8217,34.3204],[73.8042,34.3275],[73.7827,34.3468]],[[73.8937,34.0543],[73.9458,34.0098],[73.9162,34.0279],[73.8937,34.0543]],[[74.5351,31.7711],[74.5408,31.8109],[74.5485,31.8201],[74.5351,31.7711]],[[74.5589,31.8325],[74.5656,31.8405],[74.67,31.9042],[74.5589,31.8325]]],[[[60.8735,37.1904],[60.9514,37.1904],[60.9658,37.2549],[60.8878,37.2549],[60.8735,37.1904]]]]}},{"type":"Feature","properties":{"territoryId":"cliopatria-q240123-f083db7434","name":"Indo-Scythians","name_ko":"인도-스키타이","color":"#ea533e","colorFamily":5,"startYear":-143,"endYear":-126,"source_name":"Cliopatria v0.2.0","source_url":"https://github.com/Seshat-Global-History-Databank/cliopatria","license":"CC BY 4.0","attribution":"Seshat Global History Databank, Cliopatria contributors"},"geometry":{"type":"Polygon","coordinates":[[[60.3203,38.868],[60.4314,38.6743],[60.3708,38.416],[60.5608,38.2224],[60.531,38.0933],[60.736,37.9643],[60.6626,37.6417],[60.8041,37.5773],[60.7751,37.4483],[60.9658,37.2549],[60.9514,37.1904],[61.5378,36.6749],[61.5034,36.1596],[61.581,36.1596],[61.4849,35.7089],[61.303,35.5802],[61.804,35.3871],[62.1906,35.3871],[62.3045,35.194],[63.0549,35.4514],[63.1881,35.7089],[63.1107,35.7089],[63.1389,35.8377],[63.6179,35.902],[64.4804,36.2884],[64.6952,36.546],[64.9227,37.1835],[64.7788,37.118],[64.9891,37.2137],[64.9379,37.1904],[65.4706,37.1904],[65.7214,37.5773],[65.209,38.0288],[65.1505,38.416],[65.0721,38.416],[65.1551,38.7389],[65.0767,38.7389],[65.1441,38.9972],[65.0655,38.9972],[65.2819,39.5143],[65.2031,39.5143],[65.2735,39.7729],[65.5638,39.967],[65.8497,40.4201],[66.8518,41.1328],[66.8714,41.1977],[66.6525,41.2625],[65.5888,40.6144],[65.4304,40.6144],[65.449,40.6792],[65.3697,40.6792],[65.3511,40.6144],[65.2719,40.6144],[65.235,40.4849],[64.3894,40.2906],[64.0199,40.0964],[62.8795,39.967],[62.5018,40.0317],[60.7919,39.5143],[60.7131,39.5143],[60.4135,39.2557],[60.3203,38.868]],[[64.589,36.5802],[64.5901,36.5947],[64.6105,36.5009],[64.589,36.5802]],[[64.5911,36.6093],[64.592,36.6211],[64.5985,36.6369],[64.5911,36.6093]],[[64.614,36.6746],[64.6214,36.6926],[64.7652,36.9046],[64.614,36.6746]]]}},{"type":"Feature","properties":{"territoryId":"cliopatria-q240123-f083db7434","name":"Indo-Scythians","name_ko":"인도-스키타이","color":"#ea533e","colorFamily":5,"startYear":-125,"endYear":-110,"source_name":"Cliopatria v0.2.0","source_url":"https://github.com/Seshat-Global-History-Databank/cliopatria","license":"CC BY 4.0","attribution":"Seshat Global History Databank, Cliopatria contributors"},"geometry":{"type":"Polygon","coordinates":[[[60.3203,38.868],[60.4314,38.6743],[60.3708,38.416],[60.5608,38.2224],[60.531,38.0933],[60.736,37.9643],[60.6626,37.6417],[60.8041,37.5773],[60.7751,37.4483],[60.9658,37.2549],[60.9514,37.1904],[61.5378,36.6749],[61.5034,36.1596],[61.581,36.1596],[61.4849,35.7089],[61.3165,35.6445],[61.1855,35.3871],[61.0539,34.7436],[60.784,34.5506],[60.8227,34.3577],[60.5664,34.229],[60.4915,33.8432],[60.5684,33.8432],[60.5959,33.5859],[60.8906,33.5217],[60.6884,33.2645],[60.6164,32.8788],[60.693,32.8788],[60.6574,32.6859],[60.8814,32.236],[60.8439,31.5933],[61.0389,31.4005],[61.6482,31.4005],[61.8429,31.2076],[62.0825,31.2719],[62.3532,31.0791],[62.7336,31.0791],[63.0152,30.9506],[64.5067,31.2076],[64.7232,31.1434],[64.7469,31.2719],[65.3158,31.4647],[65.5444,31.4647],[65.5201,31.3362],[65.9008,31.3362],[66.3851,31.0791],[66.6255,31.1434],[67.6294,32.3645],[68.3905,33.0716],[68.5512,33.4574],[68.4745,33.4574],[68.5171,33.6502],[68.2384,33.7789],[67.4356,33.9718],[67.3872,34.1004],[67.0026,34.1004],[66.9682,34.2933],[66.6745,34.3577],[66.626,34.4863],[66.4577,34.422],[66.038,34.615],[66.0665,34.7436],[65.9265,34.8079],[65.6179,34.8079],[65.4149,34.9366],[65.092,34.8723],[64.854,35.194],[64.8285,35.7733],[64.7511,35.7733],[64.8389,36.1596],[64.7613,36.1596],[64.9143,37.1796],[64.7788,37.118],[64.9145,37.1815],[65.1551,38.7389],[65.0767,38.7389],[65.1441,38.9972],[65.0655,38.9972],[65.2819,39.5143],[65.2031,39.5143],[65.2912,39.8376],[65.5638,39.967],[65.8828,40.8088],[65.8035,40.8088],[65.5888,40.6144],[65.4304,40.6144],[65.449,40.6792],[65.3697,40.6792],[65.3511,40.6144],[65.2719,40.6144],[65.235,40.4849],[64.3894,40.2906],[64.0199,40.0964],[62.8795,39.967],[62.5018,40.0317],[60.7131,39.5143],[60.4135,39.2557],[60.3203,38.868]],[[64.589,36.5802],[64.5901,36.5947],[64.6105,36.5009],[64.589,36.5802]],[[64.5911,36.6093],[64.592,36.6211],[64.5985,36.6369],[64.5911,36.6093]],[[64.614,36.6746],[64.6214,36.6926],[64.7652,36.9046],[64.614,36.6746]]]}},{"type":"Feature","properties":{"territoryId":"cliopatria-q240123-f083db7434","name":"Indo-Scythians","name_ko":"인도-스키타이","color":"#ea533e","colorFamily":5,"startYear":-109,"endYear":-91,"source_name":"Cliopatria v0.2.0","source_url":"https://github.com/Seshat-Global-History-Databank/cliopatria","license":"CC BY 4.0","attribution":"Seshat Global History Databank, Cliopatria contributors"},"geometry":{"type":"Polygon","coordinates":[[[57.4609,25.7605],[57.7556,25.7427],[57.7717,25.6356],[57.9632,25.6932],[58.0462,25.5749],[58.1375,25.5507],[58.419,25.612],[58.8252,25.5604],[59.044,25.3996],[59.4539,25.4616],[59.538,25.3998],[59.8446,25.3579],[60.3993,25.3579],[60.4285,25.4196],[60.5497,25.4469],[60.6321,25.3579],[60.6335,25.275],[61.0306,25.2098],[61.2236,25.1124],[61.5074,25.1467],[61.4826,25.1937],[61.5584,25.2005],[61.5545,25.2541],[61.5882,25.2021],[61.7831,25.188],[61.7207,25.0364],[61.8473,25.0379],[61.8811,25.103],[62.0972,25.1071],[62.059,25.1616],[62.1452,25.2184],[62.2542,25.212],[62.3398,25.1302],[62.4894,25.2142],[63.1755,26.7076],[63.1896,26.846],[63.1767,26.7102],[63.2038,26.7723],[63.3625,26.8366],[63.5919,27.4152],[64.1459,28.1224],[64.1749,28.3153],[65.1897,29.4723],[65.4275,29.5366],[65.6226,29.7937],[66.0462,30.0508],[66.1791,30.3722],[66.3542,30.5007],[66.5252,31.0148],[66.6012,31.0148],[66.8783,31.2719],[67.9312,31.5933],[68.1223,31.7861],[68.3511,31.7861],[69.4419,32.6216],[70.2349,32.7502],[70.4306,32.943],[70.3969,33.1359],[70.5791,33.2645],[70.6229,33.4574],[70.8678,33.5217],[70.9272,33.7789],[70.8184,33.9718],[70.5728,33.9075],[69.9876,34.0361],[69.7394,34.2933],[66.8143,34.2933],[66.6887,34.422],[66.038,34.615],[66.0665,34.7436],[65.9265,34.8079],[65.6179,34.8079],[65.4149,34.9366],[65.092,34.8723],[64.854,35.194],[64.8285,35.7733],[64.7511,35.7733],[64.9404,37.1916],[64.7788,37.118],[64.9406,37.1928],[65.1551,38.7389],[65.0767,38.7389],[65.1441,38.9972],[65.0655,38.9972],[65.2819,39.5143],[65.2031,39.5143],[65.2912,39.8376],[65.5638,39.967],[65.8828,40.8088],[65.8035,40.8088],[65.5888,40.6144],[65.4304,40.6144],[65.449,40.6792],[65.3697,40.6792],[65.3511,40.6144],[65.2719,40.6144],[65.235,40.4849],[64.3894,40.2906],[64.0199,40.0964],[62.8795,39.967],[62.5018,40.0317],[60.7131,39.5143],[60.4135,39.2557],[60.3203,38.868],[60.4314,38.6743],[60.3708,38.416],[60.5608,38.2224],[60.531,38.0933],[60.736,37.9643],[60.6626,37.6417],[60.8041,37.5773],[60.7751,37.4483],[60.9658,37.2549],[60.9514,37.1904],[61.5378,36.6749],[61.5034,36.1596],[61.581,36.1596],[61.4849,35.7089],[61.3165,35.6445],[61.1855,35.3871],[61.0539,34.7436],[60.784,34.5506],[60.8227,34.3577],[60.5664,34.229],[60.4915,33.8432],[60.5684,33.8432],[60.5959,33.5859],[60.8906,33.5217],[60.6884,33.2645],[60.6164,32.8788],[60.693,32.8788],[60.6574,32.6859],[60.8814,32.236],[60.8439,31.5933],[61.0501,31.4647],[61.0278,31.3362],[60.6252,31.2076],[59.6932,30.6292],[59.6725,30.5007],[59.8141,30.4364],[59.7533,30.0508],[59.8291,30.0508],[59.7609,28.5724],[59.9028,28.5081],[59.8848,28.3795],[59.7161,28.251],[59.4145,28.251],[59.0527,27.8009],[58.9111,27.2866],[57.7733,26.5794],[57.4609,25.7605]],[[63.1896,26.846],[63.206,26.8537],[63.2467,26.8595],[63.1896,26.846]],[[64.589,36.5802],[64.5901,36.5947],[64.6105,36.5009],[64.589,36.5802]],[[64.5911,36.6093],[64.592,36.6211],[64.5985,36.6369],[64.5911,36.6093]],[[64.614,36.6746],[64.6214,36.6926],[64.7652,36.9046],[64.614,36.6746]]]}},{"type":"Feature","properties":{"territoryId":"cliopatria-q104028-b8f8275e15","name":"Judea","name_ko":"유대","color":"#e06e5c","colorFamily":5,"startYear":-143,"endYear":-126,"source_name":"Cliopatria v0.2.0","source_url":"https://github.com/Seshat-Global-History-Databank/cliopatria","license":"CC BY 4.0","attribution":"Seshat Global History Databank, Cliopatria contributors"},"geometry":{"type":"Polygon","coordinates":[[[34.8021,31.8503],[35.2378,31.5933],[35.314,31.5933],[35.3085,31.529],[35.3847,31.529],[35.3792,31.4647],[35.4554,31.4647],[35.5537,31.7218],[35.7881,31.7861],[35.8814,31.9789],[35.8281,32.236],[35.6047,32.3002],[35.5875,32.1074],[35.3585,32.1074],[35.2227,32.3002],[34.9171,32.3002],[34.8894,31.9789],[34.813,31.9789],[34.8021,31.8503]]]}},{"type":"Feature","properties":{"territoryId":"cliopatria-q104028-b8f8275e15","name":"Judea","name_ko":"유대","color":"#e06e5c","colorFamily":5,"startYear":-125,"endYear":-110,"source_name":"Cliopatria v0.2.0","source_url":"https://github.com/Seshat-Global-History-Databank/cliopatria","license":"CC BY 4.0","attribution":"Seshat Global History Databank, Cliopatria contributors"},"geometry":{"type":"Polygon","coordinates":[[[34.2972,31.2719],[34.3579,31.0791],[34.9771,31.2076],[34.9824,31.2719],[35.1346,31.2719],[35.3031,31.4647],[35.4582,31.4863],[35.4593,31.4958],[35.4587,31.4863],[35.7657,31.529],[35.9045,32.236],[35.8281,32.236],[35.8455,32.4288],[35.7867,32.6216],[35.4982,32.8145],[35.3162,32.4931],[34.9227,32.3645],[34.9171,32.3002],[34.8493,32.3298],[34.7926,32.161],[34.813,31.9789],[34.6909,31.9134],[34.5788,31.7218],[34.7913,31.7218],[34.7805,31.5933],[34.4704,31.529],[34.4599,31.4005],[34.3024,31.3362],[34.2972,31.2719]],[[35.552,32.3679],[35.5533,32.3691],[35.5656,32.3134],[35.552,32.3679]],[[35.5568,32.3724],[35.5594,32.3748],[35.5656,32.3679],[35.5568,32.3724]],[[35.5585,32.5191],[35.5614,32.5192],[35.5674,32.5102],[35.5585,32.5191]],[[35.5594,32.4704],[35.5626,32.4747],[35.5725,32.4567],[35.5594,32.4704]],[[35.5688,32.4829],[35.5778,32.4948],[35.58,32.4915],[35.5688,32.4829]]]}},{"type":"Feature","properties":{"territoryId":"cliopatria-q104028-b8f8275e15","name":"Judea","name_ko":"유대","color":"#e06e5c","colorFamily":5,"startYear":-109,"endYear":-91,"source_name":"Cliopatria v0.2.0","source_url":"https://github.com/Seshat-Global-History-Databank/cliopatria","license":"CC BY 4.0","attribution":"Seshat Global History Databank, Cliopatria contributors"},"geometry":{"type":"Polygon","coordinates":[[[34.2972,31.2719],[34.3579,31.0791],[34.9771,31.2076],[34.9824,31.2719],[35.1346,31.2719],[35.3031,31.4647],[35.4582,31.4863],[35.4593,31.4958],[35.4587,31.4863],[35.7657,31.529],[35.9278,32.4931],[35.875,32.7502],[35.4982,32.8145],[35.3162,32.4931],[34.9227,32.3645],[34.9171,32.3002],[34.8493,32.3298],[34.7926,32.161],[34.813,31.9789],[34.6909,31.9134],[34.5788,31.7218],[34.7913,31.7218],[34.7805,31.5933],[34.4704,31.529],[34.4599,31.4005],[34.3024,31.3362],[34.2972,31.2719]],[[35.552,32.3679],[35.5533,32.3691],[35.5656,32.3134],[35.552,32.3679]],[[35.5568,32.3724],[35.5594,32.3748],[35.5656,32.3679],[35.5568,32.3724]],[[35.5585,32.5191],[35.5614,32.5192],[35.5674,32.5102],[35.5585,32.5191]],[[35.5594,32.4704],[35.5626,32.4747],[35.5725,32.4567],[35.5594,32.4704]],[[35.5688,32.4829],[35.5778,32.4948],[35.58,32.4915],[35.5688,32.4829]],[[35.7716,32.7467],[35.7749,32.7473],[35.7882,32.7344],[35.7716,32.7467]]]}},{"type":"Feature","properties":{"territoryId":"cliopatria-q208404-677012330e","name":"Kingdom of Armenia","name_ko":"아르메니아 왕국","color":"#dd4b83","colorFamily":3,"startYear":-187,"endYear":-126,"source_name":"Cliopatria v0.2.0","source_url":"https://github.com/Seshat-Global-History-Databank/cliopatria","license":"CC BY 4.0","attribution":"Seshat Global History Databank, Cliopatria contributors"},"geometry":{"type":"MultiPolygon","coordinates":[[[[38.7449,39.5789],[38.9542,39.385],[39.2085,39.5143],[39.7506,39.4496],[39.848,39.5789],[40.4784,39.5789],[40.5097,39.2557],[40.6576,39.1911],[40.514,38.7389],[40.5201,38.2224],[40.5983,38.2224],[40.5716,38.0288],[41.6666,38.0288],[41.961,37.8998],[42.5082,37.8998],[43.9448,37.5773],[44.4131,37.5773],[44.7738,37.3838],[44.7446,37.1904],[44.8713,36.9971],[45.2509,36.9326],[45.4458,37.1904],[45.29,37.1904],[45.2517,37.4483],[45.1737,37.4483],[45.2238,37.7707],[45.6349,37.8998],[45.8539,38.2869],[46.1209,38.4806],[47.2516,38.6743],[48.326,38.0933],[48.7954,38.0933],[48.8206,38.6743],[48.7422,38.6743],[48.9275,39.2557],[48.7822,39.3203],[48.8065,39.4496],[48.6733,39.5789],[48.3035,39.7083],[47.5151,39.7083],[47.3812,39.8376],[47.0538,39.7729],[46.7736,39.967],[46.5367,39.967],[46.4932,40.1612],[45.5241,40.4849],[45.4922,40.744],[45.6747,40.8736],[45.4727,41.068],[45.2345,41.068],[45.2586,41.1977],[45.1238,41.3274],[44.9552,41.2627],[45.0514,41.3221],[44.2373,41.2625],[44.034,41.4571],[43.7836,41.3922],[42.5561,41.6518],[42.5335,41.522],[42.2947,41.522],[42.3631,41.4571],[42.2502,41.2625],[41.5348,41.2625],[41.3598,40.6792],[41.122,40.6792],[40.9947,40.8736],[41.0051,40.9384],[40.5674,40.6792],[40.7744,40.4849],[40.7542,40.3554],[40.5069,40.2906],[40.3982,40.0964],[38.7904,39.9023],[38.9298,39.7729],[38.7449,39.5789]],[[42.5355,41.4935],[42.555,41.5503],[42.5605,41.5555],[42.5355,41.4935]],[[42.5783,41.5723],[42.5852,41.5788],[42.5991,41.5805],[42.5783,41.5723]],[[42.661,41.5883],[42.8009,41.5792],[42.8199,41.5723],[42.661,41.5883]],[[42.8066,41.5428],[42.8199,41.5723],[42.8068,41.543],[42.8066,41.5428]],[[44.692,39.793],[44.7746,39.7028],[44.7769,39.6984],[44.692,39.793]],[[44.8011,39.653],[44.8085,39.6391],[44.807,39.6399],[44.8011,39.653]],[[44.814,39.6362],[44.8723,39.6251],[44.8278,39.6288],[44.814,39.6362]],[[45.0922,39.3444],[45.096,39.3411],[45.1358,39.2785],[45.0922,39.3444]],[[45.753,39.5635],[45.7655,39.5616],[45.7739,39.5549],[45.753,39.5635]],[[46.1064,38.8682],[46.1359,38.8637],[46.1261,38.8627],[46.1064,38.8682]],[[46.5901,38.9137],[46.6522,38.9929],[46.5992,38.9197],[46.5901,38.9137]]],[[[47.0656,39.8376],[47.1445,39.8376],[47.1564,39.9023],[47.0775,39.9023],[47.0656,39.8376]]],[[[46.9196,39.9023],[46.9986,39.9023],[47.0104,39.967],[46.9315,39.967],[46.9196,39.9023]]]]}},{"type":"Feature","properties":{"territoryId":"cliopatria-q208404-677012330e","name":"Kingdom of Armenia","name_ko":"아르메니아 왕국","color":"#dd4b83","colorFamily":3,"startYear":-125,"endYear":-110,"source_name":"Cliopatria v0.2.0","source_url":"https://github.com/Seshat-Global-History-Databank/cliopatria","license":"CC BY 4.0","attribution":"Seshat Global History Databank, Cliopatria contributors"},"geometry":{"type":"MultiPolygon","coordinates":[[[[38.7449,39.5789],[38.9542,39.385],[39.2085,39.5143],[39.7506,39.4496],[39.848,39.5789],[40.4784,39.5789],[40.5097,39.2557],[40.6576,39.1911],[40.514,38.7389],[40.5201,38.2224],[40.5983,38.2224],[40.5716,38.0288],[41.6666,38.0288],[41.961,37.8998],[43.5736,37.7062],[44.6374,37.5128],[44.7738,37.3838],[44.8031,37.0615],[45.2509,36.9326],[45.4458,37.1904],[45.29,37.1904],[45.2517,37.4483],[45.1737,37.4483],[45.2238,37.7707],[45.6349,37.8998],[45.8539,38.2869],[46.1209,38.4806],[47.2516,38.6743],[48.326,38.0933],[48.7954,38.0933],[48.8206,38.6743],[48.7422,38.6743],[48.9275,39.2557],[48.7822,39.3203],[48.8065,39.4496],[48.6733,39.5789],[48.3035,39.7083],[47.5151,39.7083],[47.3812,39.8376],[47.0538,39.7729],[46.7736,39.967],[46.5367,39.967],[46.4932,40.1612],[45.5241,40.4849],[45.4922,40.744],[45.6747,40.8736],[45.4727,41.068],[45.2345,41.068],[45.2586,41.1977],[45.1238,41.3274],[44.9552,41.2627],[45.0514,41.3221],[44.2373,41.2625],[44.034,41.4571],[43.7836,41.3922],[42.5561,41.6518],[42.5335,41.522],[42.2947,41.522],[42.3631,41.4571],[42.2502,41.2625],[41.5348,41.2625],[41.3598,40.6792],[41.122,40.6792],[40.9947,40.8736],[41.0051,40.9384],[40.5674,40.6792],[40.7744,40.4849],[40.7542,40.3554],[40.5069,40.2906],[40.3982,40.0964],[38.7904,39.9023],[38.9298,39.7729],[38.7449,39.5789]],[[42.5355,41.4935],[42.555,41.5503],[42.5605,41.5555],[42.5355,41.4935]],[[42.5783,41.5723],[42.5852,41.5788],[42.5991,41.5805],[42.5783,41.5723]],[[42.661,41.5883],[42.8009,41.5792],[42.8199,41.5723],[42.661,41.5883]],[[42.8066,41.5428],[42.8199,41.5723],[42.8068,41.543],[42.8066,41.5428]],[[44.692,39.793],[44.7746,39.7028],[44.7769,39.6984],[44.692,39.793]],[[44.8011,39.653],[44.8085,39.6391],[44.807,39.6399],[44.8011,39.653]],[[44.814,39.6362],[44.8723,39.6251],[44.8278,39.6288],[44.814,39.6362]],[[45.0922,39.3444],[45.096,39.3411],[45.1358,39.2785],[45.0922,39.3444]],[[45.753,39.5635],[45.7655,39.5616],[45.7739,39.5549],[45.753,39.5635]],[[46.1064,38.8682],[46.1359,38.8637],[46.1261,38.8627],[46.1064,38.8682]],[[46.5901,38.9137],[46.6522,38.9929],[46.5992,38.9197],[46.5901,38.9137]]],[[[47.0656,39.8376],[47.1445,39.8376],[47.1564,39.9023],[47.0775,39.9023],[47.0656,39.8376]]],[[[46.9196,39.9023],[46.9986,39.9023],[47.0104,39.967],[46.9315,39.967],[46.9196,39.9023]]]]}},{"type":"Feature","properties":{"territoryId":"cliopatria-q208404-677012330e","name":"Kingdom of Armenia","name_ko":"아르메니아 왕국","color":"#dd4b83","colorFamily":3,"startYear":-109,"endYear":-91,"source_name":"Cliopatria v0.2.0","source_url":"https://github.com/Seshat-Global-History-Databank/cliopatria","license":"CC BY 4.0","attribution":"Seshat Global History Databank, Cliopatria contributors"},"geometry":{"type":"Polygon","coordinates":[[[38.7449,39.5789],[38.9542,39.385],[39.2085,39.5143],[39.7506,39.4496],[39.848,39.5789],[40.4784,39.5789],[40.5097,39.2557],[40.6576,39.1911],[40.514,38.7389],[40.5201,38.2224],[40.5983,38.2224],[40.5716,38.0288],[41.6666,38.0288],[42.802,37.7707],[43.886,37.7062],[44.0131,38.0288],[43.9348,38.0288],[43.9546,38.1578],[44.3182,38.4806],[44.3593,38.7389],[44.1075,39.1265],[44.071,39.385],[44.3967,39.4496],[44.4971,39.5789],[44.4952,40.0317],[44.6419,40.4201],[44.5179,40.6144],[44.8464,40.6792],[44.8732,41.2625],[44.2373,41.2625],[44.034,41.4571],[43.7836,41.3922],[42.5561,41.6518],[42.5335,41.522],[42.2947,41.522],[42.3631,41.4571],[42.2502,41.2625],[41.5348,41.2625],[41.3598,40.6792],[41.122,40.6792],[40.9947,40.8736],[41.0051,40.9384],[40.5674,40.6792],[40.7744,40.4849],[40.7542,40.3554],[40.5069,40.2906],[40.3982,40.0964],[38.7904,39.9023],[38.9298,39.7729],[38.7449,39.5789]],[[42.5355,41.4935],[42.555,41.5503],[42.5605,41.5555],[42.5355,41.4935]],[[42.5783,41.5723],[42.5852,41.5788],[42.5991,41.5805],[42.5783,41.5723]],[[42.661,41.5883],[42.8009,41.5792],[42.8199,41.5723],[42.661,41.5883]],[[42.8066,41.5428],[42.8199,41.5723],[42.8068,41.543],[42.8066,41.5428]]]}},{"type":"Feature","properties":{"territoryId":"cliopatria-q3762571-32a49ec7b9","name":"Kingdom of Bithynia","name_ko":"비티니아 왕국","color":"#d93a56","colorFamily":3,"startYear":-202,"endYear":-126,"source_name":"Cliopatria v0.2.0","source_url":"https://github.com/Seshat-Global-History-Databank/cliopatria","license":"CC BY 4.0","attribution":"Seshat Global History Databank, Cliopatria contributors"},"geometry":{"type":"Polygon","coordinates":[[[28.7299,40.3554],[28.955,40.2259],[29.3503,40.2259],[29.4545,40.4849],[29.936,40.5496],[29.923,40.4201],[30.0682,40.2906],[30.457,40.2259],[30.6019,40.0964],[30.5888,39.967],[31.2993,39.967],[31.3061,40.0317],[31.701,40.0317],[31.7079,40.0964],[32.11,40.1612],[32.3043,40.4849],[32.1033,40.8088],[32.1404,41.1328],[32.3068,41.1977],[32.2577,41.4571],[32.115,41.5981],[32.073,41.5856],[32.0265,41.522],[31.8271,41.4823],[31.6803,41.4087],[31.5917,41.1977],[31.3955,41.1977],[31.1801,41.068],[30.6242,41.068],[30.53,41.1522],[30.342,41.1977],[30.2607,41.1977],[30.1369,41.1438],[29.3668,41.1977],[29.2664,40.8673],[29.2949,40.8388],[29.2546,40.8108],[29.493,40.8736],[29.4835,40.7778],[29.6662,40.7835],[29.7754,40.7487],[29.8901,40.7635],[29.9393,40.7351],[29.5599,40.6911],[29.4906,40.7272],[29.4168,40.6868],[29.3919,40.7078],[29.2816,40.6659],[28.9497,40.6228],[28.9113,40.5999],[28.9004,40.4849],[28.9695,40.4614],[29.0657,40.4819],[29.1515,40.4341],[29.0901,40.4272],[29.0463,40.3554],[28.7299,40.3554]]]}},{"type":"Feature","properties":{"territoryId":"cliopatria-q3762571-32a49ec7b9","name":"Kingdom of Bithynia","name_ko":"비티니아 왕국","color":"#d93a56","colorFamily":3,"startYear":-125,"endYear":-91,"source_name":"Cliopatria v0.2.0","source_url":"https://github.com/Seshat-Global-History-Databank/cliopatria","license":"CC BY 4.0","attribution":"Seshat Global History Databank, Cliopatria contributors"},"geometry":{"type":"Polygon","coordinates":[[[28.7299,40.3554],[28.955,40.2259],[29.3503,40.2259],[29.4545,40.4849],[29.936,40.5496],[29.923,40.4201],[30.0682,40.2906],[30.457,40.2259],[30.6019,40.0964],[30.5888,39.967],[31.2993,39.967],[31.3061,40.0317],[31.701,40.0317],[31.7079,40.0964],[32.11,40.1612],[32.297,40.4201],[32.3116,40.5496],[32.1605,40.6144],[32.1826,40.8088],[32.1033,40.8088],[32.1404,41.1328],[32.3068,41.1977],[32.322,41.3274],[32.115,41.5981],[32.0265,41.522],[31.8271,41.4823],[31.6803,41.4087],[31.5917,41.1977],[31.3955,41.1977],[31.1801,41.068],[30.6242,41.068],[30.53,41.1522],[30.342,41.1977],[30.2607,41.1977],[30.1369,41.1438],[29.3668,41.1977],[29.2664,40.8673],[29.2949,40.8388],[29.2546,40.8108],[29.493,40.8736],[29.4835,40.7778],[29.6662,40.7835],[29.7754,40.7487],[29.8901,40.7635],[29.9393,40.7351],[29.5599,40.6911],[29.4906,40.7272],[29.4168,40.6868],[29.3919,40.7078],[29.2816,40.6659],[28.9497,40.6228],[28.9113,40.5999],[28.9004,40.4849],[28.9695,40.4614],[29.0657,40.4819],[29.1515,40.4341],[29.0901,40.4272],[29.0463,40.3554],[28.7299,40.3554]]]}},{"type":"Feature","properties":{"territoryId":"cliopatria-q29654286-66bd37bf12","name":"Kingdom of Cappadocia","name_ko":"카파도키아 왕국","color":"#dde05c","colorFamily":7,"startYear":-187,"endYear":-126,"source_name":"Cliopatria v0.2.0","source_url":"https://github.com/Seshat-Global-History-Databank/cliopatria","license":"CC BY 4.0","attribution":"Seshat Global History Databank, Cliopatria contributors"},"geometry":{"type":"Polygon","coordinates":[[[33.5872,38.5451],[33.6174,38.0933],[33.6956,38.0933],[33.6484,37.6417],[33.7846,37.4483],[33.9406,37.4483],[33.9854,37.126],[34.3036,37.1904],[34.5647,37.4483],[34.8767,37.4483],[35.0538,37.6417],[35.6712,37.5773],[35.9981,37.7062],[36.3481,38.0288],[37.1146,37.8998],[37.1302,38.0288],[37.764,38.0933],[38.147,38.0288],[38.3116,38.0933],[38.423,38.3515],[38.658,38.3515],[38.8677,38.1578],[39.1807,38.1578],[39.3803,38.4806],[38.7525,39.0618],[37.8607,39.4496],[36.9326,39.5789],[35.4354,39.5789],[35.2937,39.7083],[34.8284,39.7729],[34.7263,39.5789],[34.7667,39.2557],[34.4787,38.8034],[33.6796,38.6743],[33.5872,38.5451]]]}},{"type":"Feature","properties":{"territoryId":"cliopatria-q29654286-66bd37bf12","name":"Kingdom of Cappadocia","name_ko":"카파도키아 왕국","color":"#dde05c","colorFamily":7,"startYear":-125,"endYear":-110,"source_name":"Cliopatria v0.2.0","source_url":"https://github.com/Seshat-Global-History-Databank/cliopatria","license":"CC BY 4.0","attribution":"Seshat Global History Databank, Cliopatria contributors"},"geometry":{"type":"Polygon","coordinates":[[[32.7579,37.3193],[32.7983,36.9326],[32.8637,36.8037],[33.0971,36.8037],[33.4337,37.0615],[34.3036,37.1904],[34.5647,37.4483],[34.8767,37.4483],[35.0538,37.6417],[35.6712,37.5773],[35.9981,37.7062],[36.3481,38.0288],[37.1146,37.8998],[37.1302,38.0288],[37.764,38.0933],[38.147,38.0288],[38.3116,38.0933],[38.423,38.3515],[38.658,38.3515],[38.8677,38.1578],[39.1807,38.1578],[39.3803,38.4806],[38.7525,39.0618],[37.8607,39.4496],[36.9326,39.5789],[35.4354,39.5789],[35.2937,39.7083],[34.8284,39.7729],[34.7263,39.5789],[34.7667,39.2557],[34.4787,38.8034],[33.6796,38.6743],[33.2668,38.4806],[33.3044,38.0933],[33.1281,37.8998],[33.0954,37.5773],[32.7579,37.3193]]]}},{"type":"Feature","properties":{"territoryId":"cliopatria-q29654286-66bd37bf12","name":"Kingdom of Cappadocia","name_ko":"카파도키아 왕국","color":"#dde05c","colorFamily":7,"startYear":-109,"endYear":-91,"source_name":"Cliopatria v0.2.0","source_url":"https://github.com/Seshat-Global-History-Databank/cliopatria","license":"CC BY 4.0","attribution":"Seshat Global History Databank, Cliopatria contributors"},"geometry":{"type":"Polygon","coordinates":[[[32.7579,37.3193],[32.7983,36.9326],[32.8637,36.8037],[33.0971,36.8037],[33.4337,37.0615],[34.3036,37.1904],[34.5647,37.4483],[34.8767,37.4483],[35.0538,37.6417],[35.6712,37.5773],[35.9981,37.7062],[36.3481,38.0288],[37.1146,37.8998],[37.1302,38.0288],[37.764,38.0933],[38.147,38.0288],[38.3116,38.0933],[38.423,38.3515],[38.658,38.3515],[38.8677,38.1578],[39.1807,38.1578],[39.1978,38.2869],[38.9799,38.416],[38.9272,38.6097],[38.622,38.6743],[38.6392,38.8034],[38.3595,39.0618],[38.5341,39.1911],[38.2282,39.2557],[38.167,39.385],[36.9326,39.5789],[35.4354,39.5789],[35.2937,39.7083],[34.8284,39.7729],[34.7263,39.5789],[34.7667,39.2557],[34.4787,38.8034],[33.6796,38.6743],[33.2668,38.4806],[33.3044,38.0933],[33.1281,37.8998],[33.0954,37.5773],[32.7579,37.3193]]]}},{"type":"Feature","properties":{"territoryId":"cliopatria-q241790-c835c9c865","name":"Kingdom of Kush","name_ko":"쿠시 왕국","color":"#e13373","colorFamily":3,"startYear":-629,"endYear":337,"source_name":"Cliopatria v0.2.0","source_url":"https://github.com/Seshat-Global-History-Databank/cliopatria","license":"CC BY 4.0","attribution":"Seshat Global History Databank, Cliopatria contributors"},"geometry":{"type":"MultiPolygon","coordinates":[[[[30.5372,23.3649],[30.742,22.8506],[30.7214,22.272],[30.5615,21.9505],[30.6358,21.9505],[30.6879,21.3077],[30.7621,21.3077],[30.7442,20.7934],[30.8184,20.7934],[30.8026,20.3434],[30.8768,20.3434],[31.147,17.6433],[31.2208,17.6433],[31.337,16.8076],[31.4771,16.6147],[31.3939,16.3576],[31.5364,16.229],[31.527,15.9718],[31.7337,15.5861],[32.0944,15.3933],[32.5334,15.329],[32.5286,15.2004],[33.8621,15.4575],[34.0981,15.8433],[34.6843,15.779],[34.5556,16.229],[34.7137,16.4861],[35.6713,16.4861],[36.0539,16.8076],[36.0033,17.3219],[35.5013,17.6433],[35.2998,18.0933],[34.939,18.2862],[34.8792,18.6076],[34.5974,18.9291],[34.4687,19.3791],[34.2575,19.6362],[33.8196,21.6291],[33.7453,21.6291],[33.7704,21.737],[33.5609,21.7091],[33.1811,21.9954],[31.4355,21.9954],[33.8307,21.9955],[33.7635,22.0791],[33.8378,22.0791],[33.8832,23.172],[33.8087,23.172],[33.8225,23.4934],[33.679,23.622],[33.6818,23.6863],[33.389,23.8149],[32.0409,23.6863],[31.6705,23.7506],[30.5372,23.3649]]],[[[33.1811,21.9954],[33.5584,21.711],[33.7707,21.7382],[33.8307,21.9955],[33.1811,21.9954]]]]}},{"type":"Feature","properties":{"territoryId":"cliopatria-q156173-e895788c8b","name":"Kingdom of Numidia","name_ko":"누미디아 왕국","color":"#e38645","colorFamily":1,"startYear":-196,"endYear":-144,"source_name":"Cliopatria v0.2.0","source_url":"https://github.com/Seshat-Global-History-Databank/cliopatria","license":"CC BY 4.0","attribution":"Seshat Global History Databank, Cliopatria contributors"},"geometry":{"type":"MultiPolygon","coordinates":[[[[-2.9598,34.8723],[-2.9455,34.615],[-2.7878,34.5506],[-2.8543,34.3577],[-2.4592,34.1647],[-1.693,34.229],[-1.6097,34.1004],[-1.5391,34.229],[-1.3051,34.1647],[-1.2374,34.3577],[0.3026,34.3577],[0.4513,34.4863],[0.685,34.422],[1.2938,34.615],[2.4499,34.615],[2.9205,34.3577],[3.4557,34.4863],[3.8427,34.422],[4.4539,34.615],[5.149,34.5506],[5.3774,34.6793],[6.1484,34.6793],[6.459,34.5506],[6.9203,34.615],[7.1535,34.4863],[7.6149,34.5506],[8.0016,34.422],[8.0808,34.229],[8.311,34.2933],[8.9278,34.1647],[8.9288,34.0361],[9.0826,34.0361],[9.0834,33.9075],[9.2376,33.8432],[9.3159,33.5859],[9.6236,33.4574],[9.5475,33.3288],[9.625,33.1359],[10.0848,33.1359],[10.0086,33.0073],[10.3916,33.0073],[11.1572,32.6859],[11.3099,32.4931],[11.4629,32.5574],[11.539,32.4288],[11.7684,32.4288],[11.7679,32.3002],[12.4559,32.3645],[13.0667,32.3002],[13.0657,32.1717],[13.2953,32.236],[13.8286,32.1074],[14.5861,31.6575],[14.5844,31.529],[15.1873,31.0791],[15.1845,30.8863],[15.4896,30.9506],[16.7012,30.6935],[18.2813,30.0508],[18.8104,29.9865],[18.8839,30.3173],[18.787,30.3722],[18.5925,30.3722],[18.0794,30.8155],[17.3659,31.0866],[16.1786,31.2076],[15.649,31.4005],[15.5323,31.6118],[15.4246,31.6575],[15.2069,32.3645],[14.4444,32.4931],[14.0979,32.7281],[13.4537,32.8145],[13.2571,32.9186],[12.8413,32.8085],[12.8408,32.7502],[12.229,32.8145],[11.4544,33.2002],[11.1578,33.2002],[11.0798,33.5856],[10.7381,33.478],[10.584,33.6644],[10.2368,33.7146],[10.0058,33.9075],[10.0052,34.1706],[10.0585,34.229],[10.0047,34.229],[10.0045,34.2933],[9.3856,34.8079],[9.2283,35.2584],[8.9171,35.5158],[8.9924,35.7733],[8.8369,35.8377],[8.8352,36.0308],[8.6783,36.224],[8.6764,36.4172],[8.9083,36.546],[8.7579,36.9744],[8.5164,36.8682],[7.9085,36.8496],[7.7383,36.8682],[7.4902,37.055],[7.3463,37.0615],[7.1937,36.8682],[6.8047,36.8682],[6.3339,37.0615],[6.2357,36.9212],[6.1043,36.8741],[6.1058,36.8037],[5.6788,36.8037],[5.5643,36.6749],[5.3044,36.643],[5.0978,36.6749],[4.8595,36.8682],[4.262,36.9116],[3.85,36.8037],[3.664,36.8344],[3.2299,36.7393],[2.8411,36.7393],[2.6008,36.5963],[2.3516,36.6383],[1.5296,36.4816],[1.1787,36.5109],[0.9138,36.3528],[0.6818,36.3322],[0.6837,36.2884],[0.3652,36.2096],[0.0835,35.8377],[-0.1451,35.7904],[-0.4587,35.8377],[-0.53,35.7089],[-0.9171,35.7089],[-1.0655,35.5802],[-1.1833,35.5765],[-1.1365,35.4514],[-1.3587,35.2584],[-1.5634,35.2584],[-1.6612,35.1297],[-1.9565,35.075],[-2.7425,35.1297],[-2.809,34.9366],[-2.9598,34.8723]]],[[[2.5313,34.4863],[2.5334,34.422],[2.6104,34.422],[2.6083,34.4863],[2.5313,34.4863]]]]}},{"type":"Feature","properties":{"territoryId":"cliopatria-q156173-e895788c8b","name":"Kingdom of Numidia","name_ko":"누미디아 왕국","color":"#e38645","colorFamily":1,"startYear":-143,"endYear":-110,"source_name":"Cliopatria v0.2.0","source_url":"https://github.com/Seshat-Global-History-Databank/cliopatria","license":"CC BY 4.0","attribution":"Seshat Global History Databank, Cliopatria contributors"},"geometry":{"type":"MultiPolygon","coordinates":[[[[-2.9598,34.8723],[-2.9455,34.615],[-2.7878,34.5506],[-2.8543,34.3577],[-2.4592,34.1647],[-1.693,34.229],[-1.6097,34.1004],[-1.5391,34.229],[-1.3051,34.1647],[-1.2374,34.3577],[0.3026,34.3577],[0.4513,34.4863],[0.685,34.422],[1.2938,34.615],[2.4499,34.615],[2.9205,34.3577],[3.4557,34.4863],[3.8427,34.422],[4.4539,34.615],[5.149,34.5506],[5.3774,34.6793],[6.1484,34.6793],[6.459,34.5506],[6.9203,34.615],[7.1535,34.4863],[7.6149,34.5506],[8.0016,34.422],[8.0808,34.229],[8.311,34.2933],[8.9278,34.1647],[8.9288,34.0361],[9.0826,34.0361],[9.0834,33.9075],[9.2376,33.8432],[9.3159,33.5859],[9.6236,33.4574],[9.5475,33.3288],[9.625,33.1359],[10.0848,33.1359],[10.0086,33.0073],[10.3916,33.0073],[11.1572,32.6859],[11.3099,32.4931],[11.4629,32.5574],[11.539,32.4288],[11.7684,32.4288],[11.7679,32.3002],[12.4559,32.3645],[13.0667,32.3002],[13.0657,32.1717],[13.2953,32.236],[13.8286,32.1074],[14.5861,31.6575],[14.5844,31.529],[15.1873,31.0791],[15.1845,30.8863],[15.4896,30.9506],[16.7012,30.6935],[18.2813,30.0508],[18.8104,29.9865],[18.8839,30.3173],[18.787,30.3722],[18.5925,30.3722],[18.0794,30.8155],[17.3659,31.0866],[16.1786,31.2076],[15.649,31.4005],[15.5323,31.6118],[15.4246,31.6575],[15.2069,32.3645],[14.4444,32.4931],[14.0979,32.7281],[13.4537,32.8145],[13.2571,32.9186],[12.8413,32.8085],[12.8408,32.7502],[12.229,32.8145],[11.4544,33.2002],[11.1578,33.2002],[11.0798,33.5856],[10.7381,33.478],[10.584,33.6644],[10.2368,33.7146],[10.0058,33.9075],[10.0052,34.1706],[10.0585,34.229],[10.0047,34.229],[10.0045,34.2933],[9.3856,34.8079],[9.2283,35.2584],[8.9171,35.5158],[8.9924,35.7733],[8.8369,35.8377],[8.8352,36.0308],[8.6783,36.224],[8.6764,36.4172],[8.9083,36.546],[8.7567,36.9743],[8.5164,36.8682],[7.9085,36.8496],[7.7383,36.8682],[7.6659,36.9855],[7.3463,37.0615],[7.1937,36.8682],[6.8047,36.8682],[6.3339,37.0615],[6.2357,36.9212],[6.1043,36.8741],[6.1058,36.8037],[5.6788,36.8037],[5.5643,36.6749],[5.3044,36.643],[5.0978,36.6749],[4.8595,36.8682],[4.262,36.9116],[3.85,36.8037],[3.664,36.8344],[3.2299,36.7393],[2.8411,36.7393],[2.6008,36.5963],[2.3516,36.6383],[1.5296,36.4816],[1.1787,36.5109],[0.9138,36.3528],[0.6818,36.3322],[0.6837,36.2884],[0.3652,36.2096],[0.0835,35.8377],[-0.1451,35.7904],[-0.4587,35.8377],[-0.53,35.7089],[-0.9171,35.7089],[-1.0655,35.5802],[-1.1833,35.5765],[-1.1365,35.4514],[-1.3587,35.2584],[-1.5634,35.2584],[-1.6612,35.1297],[-1.9565,35.075],[-2.7425,35.1297],[-2.809,34.9366],[-2.9598,34.8723]]],[[[2.5313,34.4863],[2.5334,34.422],[2.6104,34.422],[2.6083,34.4863],[2.5313,34.4863]]]]}},{"type":"Feature","properties":{"territoryId":"cliopatria-q156173-e895788c8b","name":"Kingdom of Numidia","name_ko":"누미디아 왕국","color":"#e38645","colorFamily":1,"startYear":-109,"endYear":-91,"source_name":"Cliopatria v0.2.0","source_url":"https://github.com/Seshat-Global-History-Databank/cliopatria","license":"CC BY 4.0","attribution":"Seshat Global History Databank, Cliopatria contributors"},"geometry":{"type":"MultiPolygon","coordinates":[[[[-2.9598,34.8723],[-2.9455,34.615],[-2.7878,34.5506],[-2.8543,34.3577],[-2.4592,34.1647],[-1.693,34.229],[-1.6097,34.1004],[-1.5391,34.229],[-1.3051,34.1647],[-1.2374,34.3577],[0.3026,34.3577],[0.4513,34.4863],[0.685,34.422],[1.2938,34.615],[1.5274,34.5506],[1.7515,34.7436],[1.8286,34.7436],[1.6791,34.615],[1.9104,34.615],[1.9127,34.5506],[1.9897,34.5506],[1.9874,34.615],[2.4499,34.615],[2.9205,34.3577],[3.4557,34.4863],[3.8427,34.422],[4.4539,34.615],[5.3788,34.615],[6.1484,34.6793],[6.459,34.5506],[6.9203,34.615],[7.1535,34.4863],[7.6149,34.5506],[8.0016,34.422],[8.0808,34.229],[8.7734,34.229],[8.9278,34.1647],[8.9288,34.0361],[9.0826,34.0361],[9.3159,33.5859],[9.6236,33.4574],[9.5475,33.3288],[9.625,33.1359],[10.0848,33.1359],[10.0086,33.0073],[10.3916,33.0073],[11.1572,32.6859],[11.3099,32.4931],[11.4629,32.5574],[11.539,32.4288],[11.7684,32.4288],[11.7679,32.3002],[12.4559,32.3645],[13.0667,32.3002],[13.0657,32.1717],[13.2953,32.236],[13.8286,32.1074],[14.5861,31.6575],[14.5844,31.529],[15.1873,31.0791],[15.1845,30.8863],[15.4896,30.9506],[16.7012,30.6935],[18.2813,30.0508],[18.8104,29.9865],[18.8839,30.3173],[18.787,30.3722],[18.5925,30.3722],[18.0794,30.8155],[17.3659,31.0866],[16.1786,31.2076],[15.649,31.4005],[15.5323,31.6118],[15.4246,31.6575],[15.2069,32.3645],[14.4444,32.4931],[14.0979,32.7281],[13.4537,32.8145],[13.2571,32.9186],[12.8413,32.8085],[12.8408,32.7502],[12.229,32.8145],[11.4544,33.2002],[11.1578,33.2002],[11.0798,33.5856],[10.7381,33.478],[10.584,33.6644],[10.2368,33.7146],[10.0058,33.9075],[10.0052,34.1706],[10.0585,34.229],[10.0047,34.229],[10.0045,34.2933],[9.3856,34.8079],[9.2283,35.2584],[8.9171,35.5158],[8.9924,35.7733],[8.8369,35.8377],[8.8352,36.0308],[8.6783,36.224],[8.6764,36.4172],[8.9083,36.546],[8.7567,36.9743],[8.5164,36.8682],[7.9085,36.8496],[7.7383,36.8682],[7.6659,36.9855],[7.3463,37.0615],[7.1937,36.8682],[6.8047,36.8682],[6.3339,37.0615],[6.2357,36.9212],[6.1043,36.8741],[6.1058,36.8037],[5.6788,36.8037],[5.5643,36.6749],[5.3044,36.643],[5.0978,36.6749],[4.8595,36.8682],[4.262,36.9116],[3.85,36.8037],[3.664,36.8344],[3.2299,36.7393],[2.8411,36.7393],[2.6008,36.5963],[2.3516,36.6383],[1.5296,36.4816],[1.1787,36.5109],[0.9138,36.3528],[0.6818,36.3322],[0.6837,36.2884],[0.3652,36.2096],[0.0835,35.8377],[-0.1451,35.7904],[-0.4587,35.8377],[-0.53,35.7089],[-0.9171,35.7089],[-1.0655,35.5802],[-1.1833,35.5765],[-1.1365,35.4514],[-1.3587,35.2584],[-1.5634,35.2584],[-1.6612,35.1297],[-1.9565,35.075],[-2.7425,35.1297],[-2.809,34.9366],[-2.9598,34.8723]]],[[[2.5313,34.4863],[2.5334,34.422],[2.6104,34.422],[2.6083,34.4863],[2.5313,34.4863]]]]}},{"type":"Feature","properties":{"territoryId":"cliopatria-q2022162-b8b260c969","name":"Kingdom of Pergamon","name_ko":"페르가몬 왕국","color":"#e7be7e","colorFamily":1,"startYear":-163,"endYear":-144,"source_name":"Cliopatria v0.2.0","source_url":"https://github.com/Seshat-Global-History-Databank/cliopatria","license":"CC BY 4.0","attribution":"Seshat Global History Databank, Cliopatria contributors"},"geometry":{"type":"MultiPolygon","coordinates":[[[[25.99,37.5165],[26.2306,37.5714],[26.3083,37.6267],[26.312,37.6796],[26.1974,37.6323],[26.0742,37.6379],[25.99,37.5165]]],[[[26.5861,37.7489],[26.6229,37.6789],[26.7083,37.7136],[26.7874,37.6472],[26.8693,37.6447],[27.017,37.7094],[27.0222,37.7803],[26.9451,37.7887],[26.9661,37.7477],[26.8064,37.8145],[26.6581,37.7928],[26.5861,37.7489]]],[[[27.0115,37.6657],[27.0137,37.6651],[27.0142,37.6717],[27.0115,37.6657]]],[[[26.1325,39.5143],[26.9377,39.5748],[26.9299,39.4877],[26.801,39.4335],[26.8147,39.3994],[26.7817,39.3781],[26.7422,39.2557],[26.8945,39.1911],[26.8793,38.9972],[26.9579,38.9972],[26.9399,38.9327],[27.0413,38.9401],[27.0413,38.8917],[27.0627,38.8869],[26.9588,38.8445],[26.9608,38.8061],[26.9084,38.8204],[26.9314,38.7551],[26.8857,38.739],[26.8495,38.6097],[27.0798,38.5451],[27.0728,38.4537],[27.1642,38.4466],[27.0694,38.4094],[27.065,38.3515],[26.6762,38.3515],[26.7,38.3258],[26.6731,38.3072],[26.6501,38.3515],[26.595,38.3515],[26.5358,38.6097],[26.3895,38.6719],[26.4058,38.4535],[26.4408,38.4728],[26.513,38.4329],[26.4891,38.4062],[26.4515,38.4261],[26.4759,38.3669],[26.4175,38.3367],[26.4289,38.2224],[26.8203,38.2224],[26.889,38.0933],[27.2753,38.0288],[27.243,37.9814],[27.2748,37.929],[27.2431,37.8352],[27.7296,37.8352],[27.969,37.8998],[28.1408,38.0933],[28.4537,38.0933],[28.6778,37.9643],[28.7245,37.5773],[29.2602,37.4483],[29.4002,37.2549],[29.7011,37.126],[29.602,36.8682],[29.5707,36.4816],[29.7208,36.4172],[30.5137,36.6105],[30.6191,36.9326],[31.086,36.9326],[31.6911,36.7393],[32.5526,36.8037],[32.7204,36.9326],[32.8637,36.8037],[33.0971,36.8037],[33.4337,37.0615],[33.9854,37.126],[33.9406,37.4483],[33.7846,37.4483],[33.6484,37.6417],[33.6956,38.0933],[33.6174,38.0933],[33.5872,38.5451],[32.189,38.6743],[31.8033,38.7389],[31.7377,38.868],[31.4236,38.868],[31.443,39.0618],[31.233,39.3203],[31.3783,39.967],[30.5888,39.967],[30.6019,40.0964],[30.457,40.2259],[30.0682,40.2906],[29.923,40.4201],[29.936,40.5496],[29.4545,40.4849],[29.3503,40.2259],[28.955,40.2259],[28.7299,40.3554],[28.3344,40.3554],[28.3388,40.4037],[28.18,40.3984],[28.1703,40.2906],[27.6167,40.2906],[27.5831,40.3202],[27.4523,40.322],[27.2948,40.4059],[26.6819,40.3561],[26.5007,40.213],[26.408,40.1937],[26.3622,40.0635],[26.2488,39.9955],[26.2465,39.967],[26.1675,39.967],[26.1325,39.5143]]],[[[26.2555,40.0801],[26.3758,40.1535],[26.3456,40.1998],[26.6167,40.3595],[26.6743,40.4257],[26.6839,40.4849],[26.6047,40.4849],[26.2723,40.2906],[26.2555,40.0801]]],[[[26.7685,40.5496],[26.8466,40.5165],[26.9746,40.5613],[27.102,40.744],[26.785,40.744],[26.7777,40.6582],[26.8289,40.602],[26.7685,40.5496]]],[[[26.0663,40.6792],[26.5417,40.6792],[26.3094,40.744],[26.2301,40.744],[26.0663,40.6792]]]]}},{"type":"Feature","properties":{"territoryId":"cliopatria-q2022162-b8b260c969","name":"Kingdom of Pergamon","name_ko":"페르가몬 왕국","color":"#e7be7e","colorFamily":1,"startYear":-143,"endYear":-126,"source_name":"Cliopatria v0.2.0","source_url":"https://github.com/Seshat-Global-History-Databank/cliopatria","license":"CC BY 4.0","attribution":"Seshat Global History Databank, Cliopatria contributors"},"geometry":{"type":"MultiPolygon","coordinates":[[[[25.99,37.5165],[26.2306,37.5714],[26.3083,37.6267],[26.312,37.6796],[26.1974,37.6323],[26.0742,37.6379],[25.99,37.5165]]],[[[26.5861,37.7489],[26.6229,37.6789],[26.7083,37.7136],[26.7874,37.6472],[26.8693,37.6447],[27.017,37.7094],[27.0222,37.7803],[26.9451,37.7887],[26.9661,37.7477],[26.8064,37.8145],[26.6581,37.7928],[26.5861,37.7489]]],[[[27.0115,37.6657],[27.0137,37.6651],[27.0142,37.6717],[27.0115,37.6657]]],[[[26.1325,39.5143],[26.9377,39.5748],[26.9299,39.4877],[26.801,39.4335],[26.8147,39.3994],[26.7817,39.3781],[26.7422,39.2557],[26.8945,39.1911],[26.8793,38.9972],[26.9579,38.9972],[26.9399,38.9327],[27.0413,38.9401],[27.0413,38.8917],[27.0627,38.8869],[26.9588,38.8445],[26.9608,38.8061],[26.9084,38.8204],[26.9314,38.7551],[26.8857,38.739],[26.8495,38.6097],[27.0798,38.5451],[27.0728,38.4537],[27.1642,38.4466],[27.0694,38.4094],[27.065,38.3515],[26.6762,38.3515],[26.7,38.3258],[26.6731,38.3072],[26.6501,38.3515],[26.595,38.3515],[26.5358,38.6097],[26.3895,38.6719],[26.4058,38.4535],[26.4408,38.4728],[26.513,38.4329],[26.4891,38.4062],[26.4515,38.4261],[26.4759,38.3669],[26.4175,38.3367],[26.4289,38.2224],[26.8203,38.2224],[26.889,38.0933],[27.2753,38.0288],[27.243,37.9814],[27.2748,37.929],[27.2431,37.8352],[27.7296,37.8352],[27.969,37.8998],[28.1408,38.0933],[28.4537,38.0933],[28.6778,37.9643],[28.7245,37.5773],[29.2602,37.4483],[29.4002,37.2549],[29.7011,37.126],[29.602,36.8682],[29.5707,36.4816],[29.7208,36.4172],[30.5137,36.6105],[30.6191,36.9326],[31.086,36.9326],[31.6911,36.7393],[32.5526,36.8037],[32.7204,36.9326],[32.8637,36.8037],[33.0971,36.8037],[33.4337,37.0615],[33.9854,37.126],[33.9406,37.4483],[33.7846,37.4483],[33.6484,37.6417],[33.6956,38.0933],[33.6174,38.0933],[33.5872,38.5451],[32.189,38.6743],[31.8033,38.7389],[31.7377,38.868],[31.4236,38.868],[31.443,39.0618],[31.233,39.3203],[31.3783,39.967],[30.5888,39.967],[30.6019,40.0964],[30.457,40.2259],[30.0682,40.2906],[29.923,40.4201],[29.936,40.5496],[29.4545,40.4849],[29.3503,40.2259],[28.955,40.2259],[28.7299,40.3554],[28.3344,40.3554],[28.3388,40.4037],[28.18,40.3984],[28.1703,40.2906],[27.6167,40.2906],[27.5831,40.3202],[27.4523,40.322],[27.2948,40.4059],[26.6819,40.3561],[26.5007,40.213],[26.408,40.1937],[26.3622,40.0635],[26.2488,39.9955],[26.2465,39.967],[26.1675,39.967],[26.1325,39.5143]]],[[[26.2555,40.0801],[26.3758,40.1535],[26.3456,40.1998],[26.6167,40.3595],[26.6743,40.4257],[26.6839,40.4849],[26.6047,40.4849],[26.2723,40.2906],[26.2555,40.0801]]],[[[26.7685,40.5496],[26.8466,40.5165],[26.9746,40.5613],[27.102,40.744],[26.785,40.744],[26.7777,40.6582],[26.8289,40.602],[26.7685,40.5496]]],[[[26.0663,40.6792],[26.5417,40.6792],[26.3094,40.744],[26.2301,40.744],[26.0663,40.6792]]]]}},{"type":"Feature","properties":{"territoryId":"cliopatria-q7380487-71ef8235cc","name":"Kingdom of Pontus","name_ko":"폰투스 왕국","color":"#e7967e","colorFamily":5,"startYear":-169,"endYear":-126,"source_name":"Cliopatria v0.2.0","source_url":"https://github.com/Seshat-Global-History-Databank/cliopatria","license":"CC BY 4.0","attribution":"Seshat Global History Databank, Cliopatria contributors"},"geometry":{"type":"Polygon","coordinates":[[[32.1137,41.5869],[32.2577,41.4571],[32.3068,41.1977],[32.6555,41.4571],[33.1329,41.4571],[33.3081,41.5869],[34.3349,41.522],[34.4061,41.4571],[34.2605,40.9384],[34.4028,40.8088],[34.3785,40.6144],[34.5999,40.4849],[34.5363,39.967],[34.8284,39.7729],[35.2937,39.7083],[35.4354,39.5789],[36.9326,39.5789],[37.8607,39.4496],[38.7525,39.0618],[38.9274,39.1911],[38.9542,39.385],[38.7449,39.5789],[38.9298,39.7729],[38.7904,39.9023],[40.3982,40.0964],[40.5069,40.2906],[40.7542,40.3554],[40.7744,40.4849],[40.5674,40.6792],[41.0051,40.9384],[41.0845,40.9384],[41.3544,41.1328],[41.2619,41.3395],[41.1356,41.2876],[41.0473,41.1977],[40.5393,41.0032],[40.4492,41.0425],[40.3815,41.0087],[40.3703,40.9384],[39.7355,40.9384],[39.3577,41.0781],[39.2732,41.0504],[39.1683,41.0797],[38.9692,41.0403],[38.5357,40.8736],[37.8782,41.0032],[37.4437,41.0032],[37.2147,41.068],[37.226,41.1475],[37.0651,41.1328],[36.7748,41.3274],[36.5756,41.3045],[36.451,41.2404],[36.3655,41.2804],[36.2092,41.2625],[35.9561,41.7127],[35.9153,41.6462],[35.9457,41.7167],[35.5767,41.6297],[35.2958,41.7167],[35.157,41.7167],[35.1408,41.8638],[35.0921,41.928],[35.123,42.0248],[35.0615,42.0413],[34.9178,42.0413],[34.7845,41.9114],[32.9945,41.9114],[32.6675,41.8369],[32.6947,41.7816],[32.1934,41.5869],[32.1137,41.5869]]]}},{"type":"Feature","properties":{"territoryId":"cliopatria-q7380487-71ef8235cc","name":"Kingdom of Pontus","name_ko":"폰투스 왕국","color":"#e7967e","colorFamily":5,"startYear":-125,"endYear":-110,"source_name":"Cliopatria v0.2.0","source_url":"https://github.com/Seshat-Global-History-Databank/cliopatria","license":"CC BY 4.0","attribution":"Seshat Global History Databank, Cliopatria contributors"},"geometry":{"type":"Polygon","coordinates":[[[30.152,37.8352],[30.5312,37.7062],[30.7481,37.5128],[30.7366,37.3838],[31.0485,37.3838],[31.2162,37.5128],[31.6004,37.4483],[31.5944,37.3838],[31.9722,37.2549],[32.2414,36.8037],[32.5526,36.8037],[32.7983,36.9326],[32.7579,37.3193],[33.0954,37.5773],[33.1281,37.8998],[33.3044,38.0933],[33.2668,38.4806],[33.6796,38.6743],[34.4787,38.8034],[34.7667,39.2557],[34.7263,39.5789],[34.8284,39.7729],[35.2937,39.7083],[35.4354,39.5789],[36.9326,39.5789],[37.8607,39.4496],[38.7525,39.0618],[38.9274,39.1911],[38.9542,39.385],[38.7449,39.5789],[38.9298,39.7729],[38.7904,39.9023],[40.3982,40.0964],[40.5069,40.2906],[40.7542,40.3554],[40.7744,40.4849],[40.5674,40.6792],[41.3544,41.1328],[41.2619,41.3395],[41.0473,41.1977],[40.5393,41.0032],[40.4492,41.0425],[40.3703,40.9384],[39.7355,40.9384],[39.3577,41.0781],[39.1683,41.0797],[38.5357,40.8736],[37.8782,41.0032],[37.4437,41.0032],[37.2147,41.068],[37.226,41.1475],[37.0651,41.1328],[36.7748,41.3274],[36.451,41.2404],[36.2092,41.2625],[35.9561,41.7127],[35.9227,41.6462],[35.9457,41.7167],[35.5767,41.6297],[35.157,41.7167],[35.0921,41.928],[35.123,42.0248],[35.0615,42.0413],[34.9178,42.0413],[34.7845,41.9114],[32.9945,41.9114],[32.6675,41.8369],[32.6947,41.7816],[32.1137,41.5869],[32.322,41.3274],[32.3068,41.1977],[32.1404,41.1328],[32.1033,40.8088],[32.1826,40.8088],[32.1605,40.6144],[32.3116,40.5496],[32.297,40.4201],[32.11,40.1612],[31.7079,40.0964],[31.701,40.0317],[31.3061,40.0317],[31.2993,39.967],[31.3783,39.967],[31.233,39.3203],[31.443,39.0618],[31.3857,38.4806],[30.9876,38.416],[30.8911,38.2224],[30.2474,38.0288],[30.152,37.8352]]]}},{"type":"Feature","properties":{"territoryId":"cliopatria-q7380487-71ef8235cc","name":"Kingdom of Pontus","name_ko":"폰투스 왕국","color":"#e7967e","colorFamily":5,"startYear":-109,"endYear":-91,"source_name":"Cliopatria v0.2.0","source_url":"https://github.com/Seshat-Global-History-Databank/cliopatria","license":"CC BY 4.0","attribution":"Seshat Global History Databank, Cliopatria contributors"},"geometry":{"type":"Polygon","coordinates":[[[30.152,37.8352],[30.5312,37.7062],[30.7481,37.5128],[30.7366,37.3838],[31.0485,37.3838],[31.2162,37.5128],[31.6004,37.4483],[31.5944,37.3838],[31.9722,37.2549],[32.2414,36.8037],[32.5526,36.8037],[32.7983,36.9326],[32.7579,37.3193],[33.0954,37.5773],[33.1281,37.8998],[33.3044,38.0933],[33.2668,38.4806],[33.6796,38.6743],[34.4787,38.8034],[34.7667,39.2557],[34.7263,39.5789],[34.8284,39.7729],[35.2937,39.7083],[35.4354,39.5789],[36.9326,39.5789],[38.167,39.385],[38.2282,39.2557],[38.5341,39.1911],[38.3595,39.0618],[38.6392,38.8034],[38.622,38.6743],[38.9272,38.6097],[38.9799,38.416],[39.2761,38.2869],[39.2847,38.3515],[39.363,38.3515],[39.3803,38.4806],[39.2322,38.5451],[39.2496,38.6743],[39.1102,38.8034],[38.8136,38.9326],[38.9542,39.385],[38.7449,39.5789],[38.9298,39.7729],[38.7904,39.9023],[40.3982,40.0964],[40.5069,40.2906],[40.7542,40.3554],[40.7744,40.4849],[40.5674,40.6792],[41.3544,41.1328],[41.2619,41.3395],[41.0473,41.1977],[40.5393,41.0032],[40.4492,41.0425],[40.3703,40.9384],[39.7355,40.9384],[39.3577,41.0781],[39.1683,41.0797],[38.5357,40.8736],[37.8782,41.0032],[37.4437,41.0032],[37.2147,41.068],[37.226,41.1475],[37.0651,41.1328],[36.7748,41.3274],[36.451,41.2404],[36.2092,41.2625],[35.9561,41.7127],[35.9227,41.6462],[35.9457,41.7167],[35.5767,41.6297],[35.157,41.7167],[35.0921,41.928],[35.123,42.0248],[35.0615,42.0413],[34.9178,42.0413],[34.7845,41.9114],[32.9945,41.9114],[32.6675,41.8369],[32.6947,41.7816],[32.1137,41.5869],[32.322,41.3274],[32.3068,41.1977],[32.1404,41.1328],[32.1033,40.8088],[32.1826,40.8088],[32.1605,40.6144],[32.3116,40.5496],[32.297,40.4201],[32.11,40.1612],[31.7079,40.0964],[31.701,40.0317],[31.3061,40.0317],[31.2993,39.967],[31.3783,39.967],[31.233,39.3203],[31.443,39.0618],[31.3857,38.4806],[30.9876,38.416],[30.8911,38.2224],[30.2474,38.0288],[30.152,37.8352]]]}},{"type":"Feature","properties":{"territoryId":"cliopatria-q2626105-39dccdb1ed","name":"Kingdom of Sophene","name_ko":"소페네 왕국","color":"#9133e1","colorFamily":4,"startYear":-187,"endYear":-110,"source_name":"Cliopatria v0.2.0","source_url":"https://github.com/Seshat-Global-History-Databank/cliopatria","license":"CC BY 4.0","attribution":"Seshat Global History Databank, Cliopatria contributors"},"geometry":{"type":"Polygon","coordinates":[[[38.7525,39.0618],[39.3803,38.4806],[40.1374,38.2869],[40.4507,38.2869],[40.4418,38.2224],[40.5201,38.2224],[40.514,38.7389],[40.6576,39.1911],[40.5097,39.2557],[40.4784,39.5789],[39.848,39.5789],[39.7506,39.4496],[39.2085,39.5143],[38.9542,39.385],[38.9274,39.1911],[38.7525,39.0618]]]}},{"type":"Feature","properties":{"territoryId":"cliopatria-q2626105-39dccdb1ed","name":"Kingdom of Sophene","name_ko":"소페네 왕국","color":"#9133e1","colorFamily":4,"startYear":-109,"endYear":-87,"source_name":"Cliopatria v0.2.0","source_url":"https://github.com/Seshat-Global-History-Databank/cliopatria","license":"CC BY 4.0","attribution":"Seshat Global History Databank, Cliopatria contributors"},"geometry":{"type":"Polygon","coordinates":[[[38.8136,38.9326],[39.1102,38.8034],[39.2496,38.6743],[39.2322,38.5451],[39.3803,38.4806],[40.5201,38.2224],[40.514,38.7389],[40.6576,39.1911],[40.5097,39.2557],[40.4784,39.5789],[39.848,39.5789],[39.7506,39.4496],[39.2085,39.5143],[38.9542,39.385],[38.8136,38.9326]]]}},{"type":"Feature","properties":{"territoryId":"cliopatria-q1155101-333fe1a1ea","name":"Korean Jin","name_ko":"진국","color":"#7ac1eb","colorFamily":0,"startYear":-196,"endYear":-110,"source_name":"Cliopatria v0.2.0","source_url":"https://github.com/Seshat-Global-History-Databank/cliopatria","license":"CC BY 4.0","attribution":"Seshat Global History Databank, Cliopatria contributors"},"geometry":{"type":"MultiPolygon","coordinates":[[[[126.1282,36.7613],[126.1449,36.7178],[126.1582,36.7608],[126.2026,36.7424],[126.2136,36.7116],[126.1619,36.7025],[126.1911,36.6762],[126.2742,36.7199],[126.2949,36.6212],[126.3357,36.6441],[126.3015,36.6994],[126.343,36.7404],[126.3699,36.7323],[126.3697,36.6468],[126.4448,36.6726],[126.438,36.7165],[126.4796,36.7471],[126.5007,36.7199],[126.4745,36.6879],[126.508,36.6704],[126.4838,36.6496],[126.5199,36.6262],[126.4577,36.5956],[126.4703,36.5402],[126.5139,36.5288],[126.4834,36.497],[126.4977,36.4484],[126.6174,36.4735],[126.4988,36.4201],[126.5206,36.3736],[126.5826,36.353],[126.5138,36.3227],[126.5826,36.2947],[126.5349,36.2196],[126.6033,36.1718],[126.5314,36.1739],[126.4934,36.1308],[126.5292,36.1535],[126.5894,36.1308],[126.6925,35.9999],[126.8707,36.062],[126.7445,35.9896],[126.6517,35.9817],[126.6128,35.902],[126.8375,35.8933],[126.7034,35.8485],[126.791,35.7914],[126.782,35.7602],[126.7331,35.7924],[126.6622,35.793],[126.5972,35.7139],[126.4953,35.6588],[126.4673,35.6002],[126.5132,35.5769],[126.655,35.5958],[126.6925,35.5344],[126.6429,35.5728],[126.4698,35.4985],[126.4182,35.394],[126.4585,35.3454],[126.4114,35.3699],[126.3567,35.26],[126.3812,35.2584],[126.3635,35.188],[126.4524,35.1003],[126.4503,35.0666],[126.4251,35.0198],[126.4114,35.0613],[126.345,35.0964],[126.343,35.157],[126.2859,35.0556],[126.3206,35.0833],[126.3741,35.0168],[126.3492,34.9726],[126.3015,34.9726],[126.3152,34.9379],[126.3633,34.9274],[126.3706,34.9685],[126.4364,34.9814],[126.3977,34.9515],[126.4251,34.8907],[126.3953,34.8271],[126.4872,34.8138],[126.5133,34.7823],[126.5676,34.9014],[126.5894,34.8832],[126.5758,34.8218],[126.6653,34.8081],[126.5444,34.7957],[126.5349,34.746],[126.4638,34.7765],[126.441,34.7274],[126.5084,34.7185],[126.6236,34.63],[126.5191,34.6504],[126.5357,34.6232],[126.4316,34.7072],[126.3818,34.6793],[126.3861,34.6358],[126.4161,34.6527],[126.4646,34.5847],[126.3699,34.6089],[126.3451,34.6793],[126.2715,34.6793],[126.2711,34.6425],[126.3228,34.6089],[126.2953,34.5891],[126.346,34.5846],[126.3909,34.5338],[126.5396,34.563],[126.5138,34.5338],[126.5418,34.5133],[126.4902,34.5086],[126.4659,34.4724],[126.4837,34.4863],[126.4758,34.4333],[126.5176,34.4138],[126.4796,34.3488],[126.5253,34.3255],[126.6034,34.3006],[126.6336,34.3957],[126.7269,34.433],[126.7088,34.4499],[126.7615,34.4792],[126.7351,34.5149],[126.766,34.5234],[126.7778,34.5865],[126.8067,34.5685],[126.8098,34.4512],[126.8975,34.4253],[126.9942,34.5407],[127.0103,34.6125],[127.1789,34.6904],[127.2481,34.7665],[127.2968,34.7436],[127.2908,34.7214],[127.3316,34.7412],[127.3579,34.6982],[127.3145,34.6519],[127.2747,34.7051],[127.2406,34.671],[127.2467,34.5837],[127.1929,34.5748],[127.2134,34.6369],[127.1297,34.5506],[127.1792,34.5133],[127.2235,34.5468],[127.3436,34.445],[127.3278,34.4739],[127.4392,34.5407],[127.3579,34.5543],[127.3494,34.5858],[127.5036,34.5913],[127.4952,34.6232],[127.4522,34.6369],[127.4876,34.6369],[127.4662,34.6622],[127.406,34.7],[127.3953,34.7567],[127.3579,34.7597],[127.4255,34.8007],[127.3653,34.824],[127.4839,34.8395],[127.5213,34.8898],[127.5354,34.8081],[127.5845,34.7462],[127.5608,34.6622],[127.6243,34.6296],[127.6243,34.6982],[127.6563,34.7313],[127.7425,34.7293],[127.7756,34.8491],[127.6565,34.8119],[127.5753,34.9136],[127.5916,34.9464],[127.6621,34.9068],[127.7092,34.9404],[127.7192,34.9901],[127.7444,34.9602],[127.8912,34.9467],[127.9258,35.0198],[127.9539,34.9788],[128.0068,34.9918],[128.001,35.0341],[128.0693,35.0825],[128.0557,34.9316],[128.3136,34.9366],[128.3023,34.908],[128.3351,34.9473],[128.3578,34.9099],[128.3245,34.8973],[128.3408,34.8727],[128.4593,34.8723],[128.4745,34.8907],[128.433,34.8907],[128.42,34.9827],[128.4915,34.9959],[128.4881,35.0512],[128.3714,35.0136],[128.3892,35.049],[128.4813,35.075],[128.4781,35.0991],[128.6363,35.0653],[128.5779,35.1787],[128.6021,35.2139],[128.6179,35.1433],[128.6799,35.116],[128.6963,35.1435],[128.7004,35.0961],[128.762,35.0794],[128.7811,35.1111],[128.7916,35.083],[128.8822,35.0815],[128.8979,35.1213],[128.9184,35.0819],[128.958,35.1369],[128.9531,35.0653],[129.0241,35.0653],[129.0638,35.1208],[129.1235,35.1008],[129.1203,35.1496],[129.1943,35.1555],[129.2692,35.3168],[129.3604,35.3536],[129.3578,35.4518],[129.3919,35.4757],[129.3735,35.5328],[129.4129,35.4721],[129.4546,35.5133],[129.4673,35.5997],[129.4431,35.6361],[129.4977,35.7479],[129.5356,35.939],[129.5873,36.0169],[129.5548,36.0825],[129.4533,35.9933],[129.3809,36.0415],[129.4294,36.0952],[129.3823,36.2019],[129.3866,36.3227],[129.4409,36.4079],[129.4226,36.6166],[129.4739,36.7306],[129.4127,37.0181],[129.4302,37.0731],[129.3789,37.1301],[129.3311,37.2822],[129.1482,37.5051],[129.1087,37.5974],[129.0733,37.613],[129.0642,37.6789],[128.9238,37.8023],[128.6316,38.145],[128.3649,38.6243],[128.3596,38.6787],[128.2828,38.7551],[128.2102,38.7277],[128.0912,38.8437],[128.0147,38.8581],[127.7593,39.117],[127.18,38.9326],[126.9024,38.2869],[126.4059,37.8826],[126.5933,37.7744],[126.7,37.8297],[126.6788,37.6863],[126.7552,37.6379],[126.6615,37.6724],[126.6619,37.758],[126.5349,37.7682],[126.5605,37.6074],[126.6025,37.5773],[126.6011,37.5068],[126.6442,37.5044],[126.595,37.4723],[126.596,37.4397],[126.6386,37.4138],[126.6182,37.3842],[126.6418,37.366],[126.7172,37.3838],[126.6898,37.3325],[126.8707,37.2679],[126.8192,37.2744],[126.782,37.2202],[126.7676,37.2543],[126.6726,37.2617],[126.6802,37.2177],[126.719,37.2129],[126.6685,37.1618],[126.7069,37.1649],[126.6856,37.1301],[126.7144,37.128],[126.8023,37.1854],[126.8298,37.1587],[126.8707,37.1755],[126.8635,37.1503],[126.7645,37.1177],[126.7552,37.0488],[126.8491,37.0373],[126.8905,37.0959],[126.911,37.0141],[126.8244,37.0026],[126.9127,36.9296],[126.9691,36.932],[126.9822,36.9802],[127.0394,36.982],[126.9942,36.9669],[126.9895,36.9186],[126.8602,36.8696],[126.9048,36.8223],[126.8633,36.8291],[126.8508,36.754],[126.8298,36.7751],[126.8491,36.788],[126.8302,36.9102],[126.782,36.8912],[126.7962,36.9558],[126.6815,36.9947],[126.6311,36.9116],[126.6361,36.9825],[126.5315,37.0499],[126.5123,37.0164],[126.5721,36.9775],[126.4934,36.997],[126.5826,36.898],[126.5191,36.9479],[126.4839,36.8415],[126.4785,36.9359],[126.4324,36.962],[126.4413,37.0037],[126.3528,36.9585],[126.4192,36.9223],[126.3773,36.8769],[126.4046,36.857],[126.3287,36.847],[126.3567,36.7888],[126.2827,36.8037],[126.3235,36.8832],[126.3069,36.9351],[126.2752,36.8747],[126.23,36.873],[126.233,36.8973],[126.1912,36.876],[126.2134,36.857],[126.1987,36.8232],[126.24,36.8161],[126.1922,36.8086],[126.2134,36.7813],[126.1656,36.8161],[126.1282,36.7613]]],[[[126.1351,34.3979],[126.1585,34.3823],[126.1462,34.3577],[126.1911,34.3577],[126.3093,34.424],[126.3359,34.4035],[126.3801,34.4984],[126.3495,34.5468],[126.3223,34.5338],[126.2477,34.5748],[126.2683,34.522],[126.2266,34.5276],[126.187,34.4942],[126.1351,34.3979]]],[[[126.2238,34.9234],[126.2254,34.9134],[126.2464,34.9162],[126.2532,34.9335],[126.228,34.9323],[126.2238,34.9234]]],[[[126.2469,34.8614],[126.3617,34.8374],[126.3201,34.8659],[126.3452,34.8962],[126.2974,34.9175],[126.2927,34.8807],[126.2469,34.8614]]],[[[126.3035,37.6861],[126.3499,37.6574],[126.3788,37.6787],[126.32,37.7472],[126.3035,37.6861]]],[[[126.3127,37.7628],[126.3182,37.7623],[126.3359,37.7744],[126.3425,37.7921],[126.3333,37.8004],[126.3295,37.8006],[126.3137,37.7707],[126.3127,37.7628]]],[[[126.367,37.7272],[126.4167,37.6518],[126.3701,37.631],[126.4102,37.602],[126.5078,37.5969],[126.542,37.631],[126.5164,37.7672],[126.4253,37.8244],[126.3738,37.7961],[126.367,37.7272]]],[[[126.5519,37.4803],[126.5831,37.4904],[126.5672,37.5097],[126.5519,37.4803]]],[[[126.6449,34.3371],[126.6846,34.3217],[126.7343,34.3459],[126.71,34.3929],[126.6702,34.4006],[126.6449,34.3371]]],[[[126.7532,34.3869],[126.7714,34.3639],[126.8515,34.4029],[126.823,34.4398],[126.7532,34.3869]]],[[[127.1792,34.4834],[127.2197,34.4283],[127.2419,34.4455],[127.2342,34.4803],[127.1792,34.4834]]],[[[127.8294,34.869],[127.8579,34.7436],[127.9377,34.767],[127.9598,34.7436],[128.0656,34.7436],[128.0696,34.815],[127.9619,34.807],[127.9199,34.8354],[127.9056,34.869],[127.9382,34.914],[127.9021,34.94],[127.8294,34.869]]],[[[127.9636,34.8598],[128.0747,34.8366],[128.0459,34.8936],[128.0134,34.8691],[128.0178,34.9166],[127.9636,34.8598]]],[[[128.4923,34.8723],[128.5145,34.8723],[128.4996,34.8408],[128.5288,34.8081],[128.6045,34.8354],[128.5643,34.7587],[128.6808,34.7436],[128.6572,34.757],[128.7472,34.8746],[128.7144,34.8764],[128.7207,34.9797],[128.611,34.9528],[128.6455,34.8907],[128.5737,34.9101],[128.4923,34.8723]]]]}},{"type":"Feature","properties":{"territoryId":"cliopatria-q1155101-333fe1a1ea","name":"Korean Jin","name_ko":"진국","color":"#7ac1eb","colorFamily":0,"startYear":-109,"endYear":-91,"source_name":"Cliopatria v0.2.0","source_url":"https://github.com/Seshat-Global-History-Databank/cliopatria","license":"CC BY 4.0","attribution":"Seshat Global History Databank, Cliopatria contributors"},"geometry":{"type":"MultiPolygon","coordinates":[[[[126.1282,36.7613],[126.1449,36.7178],[126.1582,36.7608],[126.2026,36.7424],[126.2136,36.7116],[126.1619,36.7025],[126.1911,36.6762],[126.2742,36.7199],[126.2949,36.6212],[126.3357,36.6441],[126.3015,36.6994],[126.343,36.7404],[126.3699,36.7323],[126.3697,36.6468],[126.4448,36.6726],[126.438,36.7165],[126.4796,36.7471],[126.5007,36.7199],[126.4745,36.6879],[126.508,36.6704],[126.4838,36.6496],[126.5199,36.6262],[126.4577,36.5956],[126.4703,36.5402],[126.5139,36.5288],[126.4834,36.497],[126.4977,36.4484],[126.6174,36.4735],[126.4988,36.4201],[126.5206,36.3736],[126.5826,36.353],[126.5138,36.3227],[126.5826,36.2947],[126.5349,36.2196],[126.6033,36.1718],[126.5314,36.1739],[126.4934,36.1308],[126.5292,36.1535],[126.5894,36.1308],[126.6925,35.9999],[126.8707,36.062],[126.7445,35.9896],[126.6517,35.9817],[126.6128,35.902],[126.8375,35.8933],[126.7034,35.8485],[126.791,35.7914],[126.782,35.7602],[126.7331,35.7924],[126.6622,35.793],[126.5972,35.7139],[126.4953,35.6588],[126.4673,35.6002],[126.5132,35.5769],[126.655,35.5958],[126.6925,35.5344],[126.6429,35.5728],[126.4698,35.4985],[126.4182,35.394],[126.4585,35.3454],[126.4114,35.3699],[126.3567,35.26],[126.3812,35.2584],[126.3635,35.188],[126.4524,35.1003],[126.4503,35.0666],[126.4251,35.0198],[126.4114,35.0613],[126.345,35.0964],[126.343,35.157],[126.2859,35.0556],[126.3206,35.0833],[126.3741,35.0168],[126.3492,34.9726],[126.3015,34.9726],[126.3152,34.9379],[126.3633,34.9274],[126.3706,34.9685],[126.4364,34.9814],[126.3977,34.9515],[126.4251,34.8907],[126.3953,34.8271],[126.4872,34.8138],[126.5133,34.7823],[126.5676,34.9014],[126.5894,34.8832],[126.5758,34.8218],[126.6653,34.8081],[126.5444,34.7957],[126.5349,34.746],[126.4638,34.7765],[126.441,34.7274],[126.5084,34.7185],[126.6236,34.63],[126.5191,34.6504],[126.5357,34.6232],[126.4316,34.7072],[126.3818,34.6793],[126.3861,34.6358],[126.4161,34.6527],[126.4646,34.5847],[126.3699,34.6089],[126.3451,34.6793],[126.2715,34.6793],[126.2711,34.6425],[126.3228,34.6089],[126.2953,34.5891],[126.346,34.5846],[126.3909,34.5338],[126.5396,34.563],[126.5138,34.5338],[126.5418,34.5133],[126.4902,34.5086],[126.4659,34.4724],[126.4837,34.4863],[126.4758,34.4333],[126.5176,34.4138],[126.4796,34.3488],[126.5253,34.3255],[126.6034,34.3006],[126.6336,34.3957],[126.7269,34.433],[126.7088,34.4499],[126.7615,34.4792],[126.7351,34.5149],[126.766,34.5234],[126.7778,34.5865],[126.8067,34.5685],[126.8098,34.4512],[126.8975,34.4253],[126.9942,34.5407],[127.0103,34.6125],[127.1789,34.6904],[127.2481,34.7665],[127.2968,34.7436],[127.2908,34.7214],[127.3316,34.7412],[127.3579,34.6982],[127.3145,34.6519],[127.2747,34.7051],[127.2406,34.671],[127.2467,34.5837],[127.1929,34.5748],[127.2134,34.6369],[127.1297,34.5506],[127.1792,34.5133],[127.2235,34.5468],[127.3436,34.445],[127.3278,34.4739],[127.4392,34.5407],[127.3579,34.5543],[127.3494,34.5858],[127.5036,34.5913],[127.4952,34.6232],[127.4522,34.6369],[127.4876,34.6369],[127.4662,34.6622],[127.406,34.7],[127.3953,34.7567],[127.3579,34.7597],[127.4255,34.8007],[127.3653,34.824],[127.4839,34.8395],[127.5213,34.8898],[127.5354,34.8081],[127.5845,34.7462],[127.5608,34.6622],[127.6243,34.6296],[127.6243,34.6982],[127.6563,34.7313],[127.7425,34.7293],[127.7756,34.8491],[127.6565,34.8119],[127.5753,34.9136],[127.5916,34.9464],[127.6621,34.9068],[127.7092,34.9404],[127.7192,34.9901],[127.7444,34.9602],[127.8912,34.9467],[127.9258,35.0198],[127.9539,34.9788],[128.0068,34.9918],[128.001,35.0341],[128.0693,35.0825],[128.0557,34.9316],[128.3136,34.9366],[128.3023,34.908],[128.3351,34.9473],[128.3578,34.9099],[128.3245,34.8973],[128.3408,34.8727],[128.4593,34.8723],[128.4745,34.8907],[128.433,34.8907],[128.42,34.9827],[128.4915,34.9959],[128.4881,35.0512],[128.3714,35.0136],[128.3892,35.049],[128.4813,35.075],[128.4781,35.0991],[128.6363,35.0653],[128.5779,35.1787],[128.6021,35.2139],[128.6179,35.1433],[128.6799,35.116],[128.6963,35.1435],[128.7004,35.0961],[128.762,35.0794],[128.7811,35.1111],[128.7916,35.083],[128.8822,35.0815],[128.8979,35.1213],[128.9184,35.0819],[128.958,35.1369],[128.9531,35.0653],[129.0241,35.0653],[129.0638,35.1208],[129.1235,35.1008],[129.1203,35.1496],[129.1943,35.1555],[129.2692,35.3168],[129.3604,35.3536],[129.3578,35.4518],[129.3919,35.4757],[129.3735,35.5328],[129.4129,35.4721],[129.4546,35.5133],[129.4673,35.5997],[129.4431,35.6361],[129.4977,35.7479],[129.5356,35.939],[129.5873,36.0169],[129.5548,36.0825],[129.4533,35.9933],[129.3809,36.0415],[129.4294,36.0952],[129.3823,36.2019],[129.3866,36.3227],[129.4409,36.4079],[129.4226,36.6166],[129.4739,36.7306],[129.4127,37.0181],[129.4302,37.0731],[129.3789,37.1301],[129.3311,37.2822],[129.1482,37.5051],[129.1087,37.5974],[129.0733,37.613],[129.0642,37.6789],[128.9238,37.8023],[128.6316,38.145],[128.3649,38.6243],[128.3596,38.6787],[128.2828,38.7551],[128.2102,38.7277],[128.0912,38.8437],[128.0147,38.8581],[127.7593,39.117],[127.18,38.9326],[126.9024,38.2869],[126.4059,37.8826],[126.5933,37.7744],[126.7,37.8297],[126.6788,37.6863],[126.7552,37.6379],[126.6615,37.6724],[126.6619,37.758],[126.5349,37.7682],[126.5605,37.6074],[126.6025,37.5773],[126.6011,37.5068],[126.6442,37.5044],[126.595,37.4723],[126.596,37.4397],[126.6386,37.4138],[126.6182,37.3842],[126.6418,37.366],[126.7172,37.3838],[126.6898,37.3325],[126.8707,37.2679],[126.8192,37.2744],[126.782,37.2202],[126.7676,37.2543],[126.6726,37.2617],[126.6802,37.2177],[126.719,37.2129],[126.6685,37.1618],[126.7069,37.1649],[126.6856,37.1301],[126.7144,37.128],[126.8023,37.1854],[126.8298,37.1587],[126.8707,37.1755],[126.8635,37.1503],[126.7645,37.1177],[126.7552,37.0488],[126.8491,37.0373],[126.8905,37.0959],[126.911,37.0141],[126.8244,37.0026],[126.9127,36.9296],[126.9691,36.932],[126.9822,36.9802],[127.0394,36.982],[126.9942,36.9669],[126.9895,36.9186],[126.8602,36.8696],[126.9048,36.8223],[126.8633,36.8291],[126.8508,36.754],[126.8298,36.7751],[126.8491,36.788],[126.8302,36.9102],[126.782,36.8912],[126.7962,36.9558],[126.6815,36.9947],[126.6311,36.9116],[126.6361,36.9825],[126.5315,37.0499],[126.5123,37.0164],[126.5721,36.9775],[126.4934,36.997],[126.5826,36.898],[126.5191,36.9479],[126.4839,36.8415],[126.4785,36.9359],[126.4324,36.962],[126.4413,37.0037],[126.3528,36.9585],[126.4192,36.9223],[126.3773,36.8769],[126.4046,36.857],[126.3287,36.847],[126.3567,36.7888],[126.2827,36.8037],[126.3235,36.8832],[126.3069,36.9351],[126.2752,36.8747],[126.23,36.873],[126.233,36.8973],[126.1912,36.876],[126.2134,36.857],[126.1987,36.8232],[126.24,36.8161],[126.1922,36.8086],[126.2134,36.7813],[126.1656,36.8161],[126.1282,36.7613]]],[[[126.1351,34.3979],[126.1585,34.3823],[126.1462,34.3577],[126.1911,34.3577],[126.3093,34.424],[126.3359,34.4035],[126.3801,34.4984],[126.3495,34.5468],[126.3223,34.5338],[126.2477,34.5748],[126.2683,34.522],[126.2266,34.5276],[126.187,34.4942],[126.1351,34.3979]]],[[[126.2238,34.9234],[126.2254,34.9134],[126.2464,34.9162],[126.2532,34.9335],[126.228,34.9323],[126.2238,34.9234]]],[[[126.2469,34.8614],[126.3617,34.8374],[126.3201,34.8659],[126.3452,34.8962],[126.2974,34.9175],[126.2927,34.8807],[126.2469,34.8614]]],[[[126.3035,37.6861],[126.3499,37.6574],[126.3788,37.6787],[126.32,37.7472],[126.3035,37.6861]]],[[[126.3127,37.7628],[126.3182,37.7623],[126.3359,37.7744],[126.3425,37.7921],[126.3333,37.8004],[126.3295,37.8006],[126.3137,37.7707],[126.3127,37.7628]]],[[[126.367,37.7272],[126.4167,37.6518],[126.3701,37.631],[126.4102,37.602],[126.5078,37.5969],[126.542,37.631],[126.5164,37.7672],[126.4253,37.8244],[126.3738,37.7961],[126.367,37.7272]]],[[[126.5519,37.4803],[126.5831,37.4904],[126.5672,37.5097],[126.5519,37.4803]]],[[[126.6449,34.3371],[126.6846,34.3217],[126.7343,34.3459],[126.71,34.3929],[126.6702,34.4006],[126.6449,34.3371]]],[[[126.7532,34.3869],[126.7714,34.3639],[126.8515,34.4029],[126.823,34.4398],[126.7532,34.3869]]],[[[127.1792,34.4834],[127.2197,34.4283],[127.2419,34.4455],[127.2342,34.4803],[127.1792,34.4834]]],[[[127.8294,34.869],[127.8579,34.7436],[127.9377,34.767],[127.9598,34.7436],[128.0656,34.7436],[128.0696,34.815],[127.9619,34.807],[127.9199,34.8354],[127.9056,34.869],[127.9382,34.914],[127.9021,34.94],[127.8294,34.869]]],[[[127.9636,34.8598],[128.0747,34.8366],[128.0459,34.8936],[128.0134,34.8691],[128.0178,34.9166],[127.9636,34.8598]]],[[[128.4923,34.8723],[128.5145,34.8723],[128.4996,34.8408],[128.5288,34.8081],[128.6045,34.8354],[128.5643,34.7587],[128.6808,34.7436],[128.6572,34.757],[128.7472,34.8746],[128.7144,34.8764],[128.7207,34.9797],[128.611,34.9528],[128.6455,34.8907],[128.5737,34.9101],[128.4923,34.8723]]]]}},{"type":"Feature","properties":{"territoryId":"cliopatria-q309272-457236c265","name":"Mauretania","name_ko":"마우레타니아","color":"#7aebb0","colorFamily":2,"startYear":-196,"endYear":-110,"source_name":"Cliopatria v0.2.0","source_url":"https://github.com/Seshat-Global-History-Databank/cliopatria","license":"CC BY 4.0","attribution":"Seshat Global History Databank, Cliopatria contributors"},"geometry":{"type":"MultiPolygon","coordinates":[[[[-8.4657,33.2626],[-8.1544,33.1359],[-8.0641,32.943],[-7.5281,32.943],[-6.9368,33.2645],[-6.7025,33.2002],[-6.6344,33.3288],[-6.0332,33.5217],[-5.7989,33.4574],[-5.2737,33.6502],[-5.0394,33.5859],[-4.3674,33.9075],[-4.2099,33.8432],[-4.1405,33.9718],[-3.7635,34.1004],[-2.4592,34.1647],[-2.8543,34.3577],[-2.7878,34.5506],[-2.9455,34.615],[-2.9598,34.8723],[-2.809,34.9366],[-2.7425,35.1297],[-2.882,35.1467],[-2.9686,35.4464],[-2.9904,35.4128],[-2.9816,35.2584],[-3.2869,35.194],[-4.2059,35.194],[-4.376,35.1518],[-4.5626,35.194],[-4.7548,35.194],[-5.2398,35.5158],[-5.292,35.6852],[-5.3188,35.7017],[-5.3411,35.8374],[-5.8766,35.7733],[-5.9999,35.3227],[-6.1455,35.194],[-6.132,35.001],[-6.2346,35.0425],[-6.2543,34.9872],[-6.2003,34.8723],[-6.2775,34.8723],[-6.3324,34.5506],[-6.4821,34.4863],[-6.4732,34.3577],[-6.6451,34.3088],[-6.6785,34.2615],[-6.6139,34.1647],[-6.9038,33.9075],[-6.9526,33.9273],[-7.3526,33.7247],[-7.4064,33.727],[-7.5291,33.6326],[-7.6676,33.6127],[-7.8914,33.5034],[-8.2847,33.3898],[-8.4657,33.2626]]],[[[-4.3019,35.1727],[-4.3009,35.1721],[-4.2994,35.1717],[-4.2977,35.1715],[-4.2969,35.1722],[-4.2987,35.1726],[-4.3,35.1727],[-4.3011,35.1729],[-4.3019,35.1727]]],[[[-2.8832,35.2385],[-2.8683,35.2174],[-2.8226,35.1788],[-2.8237,35.1982],[-2.8784,35.2463],[-2.8832,35.2385]]]]}},{"type":"Feature","properties":{"territoryId":"cliopatria-q309272-457236c265","name":"Mauretania","name_ko":"마우레타니아","color":"#7aebb0","colorFamily":2,"startYear":-109,"endYear":-91,"source_name":"Cliopatria v0.2.0","source_url":"https://github.com/Seshat-Global-History-Databank/cliopatria","license":"CC BY 4.0","attribution":"Seshat Global History Databank, Cliopatria contributors"},"geometry":{"type":"MultiPolygon","coordinates":[[[[-8.4657,33.2626],[-8.1544,33.1359],[-8.0641,32.943],[-7.5281,32.943],[-6.9368,33.2645],[-6.7025,33.2002],[-6.6344,33.3288],[-6.0332,33.5217],[-5.7989,33.4574],[-5.2737,33.6502],[-5.0394,33.5859],[-4.3674,33.9075],[-4.2099,33.8432],[-4.1405,33.9718],[-3.7635,34.1004],[-2.4592,34.1647],[-2.8543,34.3577],[-2.7878,34.5506],[-2.9455,34.615],[-2.9598,34.8723],[-2.809,34.9366],[-2.7425,35.1297],[-2.882,35.1467],[-2.9686,35.4464],[-2.9904,35.4128],[-2.9816,35.2584],[-3.2869,35.194],[-4.2059,35.194],[-4.376,35.1518],[-4.5626,35.194],[-4.7548,35.194],[-5.2398,35.5158],[-5.292,35.6852],[-5.3188,35.7017],[-5.3411,35.8374],[-5.8766,35.7733],[-5.9999,35.3227],[-6.1455,35.194],[-6.132,35.001],[-6.2346,35.0425],[-6.2543,34.9872],[-6.2003,34.8723],[-6.2775,34.8723],[-6.3324,34.5506],[-6.4821,34.4863],[-6.4732,34.3577],[-6.6451,34.3088],[-6.6785,34.2615],[-6.6139,34.1647],[-6.9038,33.9075],[-6.9526,33.9273],[-7.3526,33.7247],[-7.4064,33.727],[-7.5291,33.6326],[-7.6676,33.6127],[-7.8914,33.5034],[-8.2847,33.3898],[-8.4657,33.2626]]],[[[-4.3019,35.1727],[-4.3009,35.1721],[-4.2994,35.1717],[-4.2977,35.1715],[-4.2969,35.1722],[-4.2987,35.1726],[-4.3,35.1727],[-4.3011,35.1729],[-4.3019,35.1727]]],[[[-2.8832,35.2385],[-2.8683,35.2174],[-2.8226,35.1788],[-2.8237,35.1982],[-2.8784,35.2463],[-2.8832,35.2385]]]]}},{"type":"Feature","properties":{"territoryId":"cliopatria-q28567-c7643d10d7","name":"Mayan City-States","name_ko":"마야 도시국가들","color":"#5178ec","colorFamily":0,"startYear":-246,"endYear":259,"source_name":"Cliopatria v0.2.0","source_url":"https://github.com/Seshat-Global-History-Databank/cliopatria","license":"CC BY 4.0","attribution":"Seshat Global History Databank, Cliopatria contributors"},"geometry":{"type":"MultiPolygon","coordinates":[[[[-93.2836,15.547],[-93.092,15.365],[-92.7684,15.1715],[-92.6217,14.9229],[-92.2261,14.5493],[-92.2463,14.5463],[-91.7626,14.1802],[-91.5519,14.0573],[-91.3477,13.9692],[-90.4689,13.9146],[-89.95,13.6571],[-89.8666,13.7861],[-89.5657,13.7218],[-89.588,13.9146],[-89.3905,14.1075],[-89.0968,14.1075],[-89.1856,14.2361],[-88.8185,14.2361],[-88.9074,14.3646],[-88.6949,14.4289],[-88.629,15.0718],[-88.3773,15.3933],[-88.5122,15.8433],[-88.5577,15.8529],[-88.5503,15.7983],[-88.6055,15.7431],[-88.5952,15.7147],[-88.6362,15.7021],[-88.626,15.7539],[-88.7873,15.8591],[-88.8662,15.8603],[-88.914,15.8939],[-88.9276,15.9839],[-88.7457,16.1549],[-88.7401,16.2302],[-88.6539,16.2576],[-88.6466,16.2866],[-88.6059,16.2606],[-88.5782,16.2855],[-88.5782,16.244],[-88.5366,16.2713],[-88.3864,16.4904],[-88.3728,16.5382],[-88.3932,16.5518],[-88.3659,16.5518],[-88.3864,16.5593],[-88.3113,16.6623],[-88.3629,16.5058],[-88.3448,16.5246],[-88.3016,16.7717],[-88.2486,16.8131],[-88.2833,16.8913],[-88.2151,16.9671],[-88.3005,17.1779],[-88.2863,17.3397],[-88.2423,17.4875],[-88.1794,17.4926],[-88.1749,17.5143],[-88.2371,17.5516],[-88.3161,17.5148],[-88.4736,17.579],[-88.5037,17.7719],[-88.9466,17.7719],[-89.1044,17.8362],[-89.0509,17.9648],[-89.336,17.9005],[-90.2105,18.2862],[-91.6563,18.0933],[-91.6986,17.9005],[-91.9201,17.9005],[-91.9522,17.6433],[-92.4807,17.2576],[-92.4603,17.129],[-92.7149,16.8719],[-93.1488,15.8433],[-93.1209,15.6504],[-93.2836,15.547]],[[-89.3906,14.436],[-89.3616,14.4155],[-89.2255,14.3821],[-89.3618,14.4155],[-89.3906,14.436]],[[-89.2365,15.8939],[-89.1922,16.4057],[-89.1931,16.3926],[-89.2365,15.8939]],[[-89.1605,17.8143],[-89.1602,17.8193],[-89.1492,17.0363],[-89.1605,17.8143]]],[[[-92.7978,15.1654],[-92.7785,15.1523],[-92.7809,15.1588],[-92.7978,15.1654]]]]}},{"type":"Feature","properties":{"territoryId":"cliopatria-q1177379-1d49b8774b","name":"Minaeans","name_ko":"미나인","color":"#51bdec","colorFamily":0,"startYear":-163,"endYear":-66,"source_name":"Cliopatria v0.2.0","source_url":"https://github.com/Seshat-Global-History-Databank/cliopatria","license":"CC BY 4.0","attribution":"Seshat Global History Databank, Cliopatria contributors"},"geometry":{"type":"Polygon","coordinates":[[[38.2249,26.1294],[38.579,25.8079],[38.8227,24.9078],[38.8975,24.9078],[38.8638,24.3292],[38.7001,24.072],[38.3009,23.9041],[38.6011,23.622],[38.8653,22.9754],[38.9647,22.8704],[38.862,22.9112],[38.9709,22.7469],[38.9455,22.8312],[39.013,22.7668],[38.9857,22.7243],[39.1402,22.5291],[39.0333,21.7998],[39.1693,21.6291],[39.1565,21.1675],[39.2971,20.924],[39.4487,20.8273],[39.4232,20.7717],[39.506,20.7464],[39.5674,20.5677],[39.7708,20.3454],[39.9015,20.2791],[40.1404,20.2791],[40.3182,20.0892],[40.5345,19.9618],[40.626,19.8005],[40.851,19.7005],[40.8427,19.5439],[40.9447,19.5057],[41.0686,19.1254],[41.1765,19.0674],[41.1517,18.9864],[41.2501,18.8648],[41.2385,18.6519],[41.4508,18.4791],[41.7874,17.8343],[41.8695,17.8205],[42.3015,17.4536],[42.3538,17.129],[42.3567,17.1824],[42.4837,17.129],[42.7124,16.7306],[42.8135,16.4219],[43.1081,16.4219],[43.3921,16.229],[44.1249,16.1647],[44.3315,15.9076],[45.2147,15.9076],[45.2257,16.1004],[45.0121,16.229],[45.0195,16.3576],[44.5372,16.9362],[44.6222,17.129],[44.4747,17.129],[44.3385,17.3219],[44.4198,17.4505],[44.081,17.9648],[44.0923,18.1576],[43.8858,18.4148],[43.9047,18.7362],[43.6277,19.0577],[43.6389,19.2505],[43.4984,19.3791],[43.5096,19.5719],[43.3095,19.9577],[42.9572,20.2791],[42.8089,20.2791],[42.5302,20.6005],[42.3819,20.6005],[42.3147,20.7291],[42.1629,20.6648],[41.8163,21.1148],[41.5228,21.1791],[41.3846,21.372],[41.0909,21.4363],[40.8816,21.6934],[40.1585,22.0791],[40.0942,22.272],[39.8777,22.4005],[39.8338,22.9791],[39.9083,22.9791],[39.9292,23.3649],[40.2828,24.3292],[39.7948,24.9078],[39.72,24.9078],[39.5076,25.1007],[39.4613,25.5507],[39.3157,25.615],[39.0498,26.1294],[38.7671,26.3865],[38.4669,26.3865],[38.2291,26.1937],[38.2249,26.1294]],[[43.2301,17.2983],[43.2418,17.2934],[43.2522,17.272],[43.2301,17.2983]],[[43.4129,17.52],[43.4871,17.5175],[43.4962,17.514],[43.4129,17.52]],[[43.529,17.5014],[43.5771,17.483],[43.6195,17.4588],[43.529,17.5014]]]}},{"type":"Feature","properties":{"territoryId":"cliopatria-q1936158-6c73dc697a","name":"Minyue","name_ko":"민월","color":"#ac7ee7","colorFamily":4,"startYear":-125,"endYear":-110,"source_name":"Cliopatria v0.2.0","source_url":"https://github.com/Seshat-Global-History-Databank/cliopatria","license":"CC BY 4.0","attribution":"Seshat Global History Databank, Cliopatria contributors"},"geometry":{"type":"MultiPolygon","coordinates":[[[[114.4512,24.0077],[114.5258,24.0077],[114.4947,23.4934],[114.6309,23.4291],[114.6051,23.3006],[114.9016,22.9148],[114.742,22.7327],[114.7541,22.5897],[114.8658,22.6017],[114.896,22.5475],[114.9666,22.6765],[114.8625,22.7632],[114.9853,22.6893],[115.0655,22.796],[115.1803,22.7848],[115.3171,22.9045],[115.2334,22.7882],[115.4112,22.7883],[115.3385,22.7331],[115.3735,22.6942],[115.5752,22.6683],[115.5901,22.7372],[115.5556,22.7144],[115.527,22.767],[115.6121,22.8636],[115.468,22.8493],[115.483,22.9018],[115.406,22.925],[115.5476,22.8954],[115.5606,22.8493],[115.7303,22.9342],[115.697,22.8507],[115.8075,22.8033],[116.0762,22.8679],[116.0421,22.9329],[116.1237,22.8947],[116.0865,22.8458],[116.1537,22.856],[116.2815,22.9579],[116.2136,22.9828],[116.4947,22.9394],[116.6045,23.2096],[116.5089,23.2341],[116.6115,23.2387],[116.6511,23.172],[116.7151,23.2438],[116.6672,23.2813],[116.8035,23.2346],[116.7486,23.3263],[116.573,23.3237],[116.5232,23.4185],[116.7732,23.3494],[116.9165,23.6627],[116.9507,23.6109],[117.0684,23.6513],[117.0842,23.5506],[117.2192,23.6296],[117.2295,23.6928],[117.2571,23.6156],[117.2774,23.7822],[117.4343,23.7759],[117.4901,23.8326],[117.4166,23.9468],[117.5711,23.9033],[117.626,23.8149],[117.7088,24.0355],[117.6671,24.0627],[117.7633,24.0703],[117.7981,24.0218],[117.76,23.9716],[117.8952,24.0696],[117.9073,24.1863],[117.9436,24.2126],[117.9788,24.1621],[118.0867,24.2497],[118.0906,24.3415],[118.0159,24.3269],[118.043,24.4067],[117.9073,24.3849],[117.7913,24.4675],[118.0217,24.4457],[118.0581,24.5159],[117.9749,24.5527],[118.0374,24.5606],[118.0444,24.6177],[118.1104,24.5841],[118.1605,24.6934],[118.219,24.5414],[118.4048,24.6066],[118.4312,24.6997],[118.4281,24.6313],[118.6471,24.5746],[118.6421,24.6787],[118.763,24.7627],[118.7018,24.81],[118.638,24.7721],[118.572,24.8852],[118.6712,24.8747],[118.6677,24.9534],[118.7295,24.9005],[118.7161,24.8436],[118.9229,24.8959],[118.9116,24.9534],[119.009,24.9473],[119.0042,25.0502],[118.9537,25.003],[118.8491,25.0738],[118.943,25.1088],[118.9746,25.1826],[118.8756,25.2438],[119.0273,25.2782],[118.9693,25.2264],[119.0689,25.2167],[119.0291,25.1405],[119.0929,25.1136],[119.1531,25.1397],[119.1161,25.2138],[119.2813,25.1794],[119.2725,25.2318],[119.3475,25.2678],[119.243,25.3302],[119.2013,25.2597],[119.2034,25.3581],[119.1732,25.3251],[119.1025,25.4203],[119.2378,25.4818],[119.3052,25.6046],[119.3809,25.5909],[119.3565,25.5269],[119.4491,25.5053],[119.447,25.4388],[119.5073,25.4744],[119.4947,25.4033],[119.5476,25.3835],[119.576,25.4674],[119.5955,25.3655],[119.646,25.3926],[119.5726,25.4879],[119.5794,25.5847],[119.4924,25.5648],[119.4491,25.6872],[119.5719,25.6802],[119.6209,25.7603],[119.5664,25.8721],[119.5999,25.8442],[119.7024,25.9851],[119.5664,26.0502],[119.3298,25.9443],[119.2468,25.9672],[119.0935,26.1458],[119.1466,26.119],[119.0091,26.7723],[118.8765,26.8366],[118.6252,27.8009],[118.4935,27.8652],[118.4225,28.3795],[118.2914,28.4438],[118.3512,28.6367],[118.1649,28.7652],[118.0356,29.5366],[117.8085,29.5366],[117.6996,29.6652],[116.5304,29.7937],[116.27,29.9223],[116.1289,30.1794],[115.8038,30.1151],[115.6425,29.858],[115.2591,28.8938],[115.3347,28.8938],[114.9532,26.7723],[115.0283,26.7723],[114.9611,26.5151],[115.2281,26.3865],[114.7807,25.4864],[114.4512,24.0077]]],[[[116.9543,23.5441],[116.9953,23.5348],[117.0093,23.555],[116.9956,23.5635],[116.9543,23.5441]]],[[[117.3405,23.689],[117.3561,23.6892],[117.4185,23.758],[117.4136,23.7717],[117.3727,23.7667],[117.3767,23.7289],[117.3405,23.689]]],[[[118.07,24.4603],[118.1271,24.4312],[118.1814,24.5351],[118.0925,24.5562],[118.07,24.4603]]],[[[119.2577,26.0015],[119.3811,25.967],[119.405,25.9779],[119.4012,25.996],[119.3513,26.0168],[119.2577,26.0015]]],[[[119.2816,25.4832],[119.331,25.4647],[119.3465,25.5667],[119.2816,25.4832]]],[[[119.2835,25.4751],[119.2969,25.4229],[119.3222,25.4329],[119.2835,25.4751]]],[[[119.3852,26.0224],[119.4585,25.9825],[119.5009,26.0414],[119.3852,26.0224]]],[[[119.6685,25.4879],[119.7255,25.413],[119.8426,25.4716],[119.7988,25.5158],[119.8745,25.5568],[119.7078,25.615],[119.7162,25.5363],[119.7783,25.522],[119.6685,25.4879]]]]}},{"type":"Feature","properties":{"territoryId":"cliopatria-q220594-ee96d9a2af","name":"Nabataeans","name_ko":"나바테아인","color":"#cd7ee7","colorFamily":4,"startYear":-163,"endYear":-144,"source_name":"Cliopatria v0.2.0","source_url":"https://github.com/Seshat-Global-History-Databank/cliopatria","license":"CC BY 4.0","attribution":"Seshat Global History Databank, Cliopatria contributors"},"geometry":{"type":"MultiPolygon","coordinates":[[[[37.0704,26.8366],[37.1455,26.8366],[37.1498,26.9009],[37.0746,26.9009],[37.0704,26.8366]]],[[[38.0558,26.9652],[38.131,26.9652],[38.1354,27.0295],[38.0603,27.0295],[38.0558,26.9652]]],[[[37.8392,27.0938],[37.9144,27.0938],[37.9189,27.158],[37.8437,27.158],[37.8392,27.0938]]],[[[32.6003,29.8996],[32.6253,29.8743],[32.6136,29.818],[32.6907,29.7336],[32.684,29.6437],[32.7652,29.4429],[32.8172,29.414],[32.8174,29.3598],[32.8856,29.2431],[33.1779,28.9896],[33.1756,28.9283],[33.2139,28.8938],[33.2283,28.7639],[33.1992,28.6666],[33.2287,28.5694],[33.2562,28.5516],[33.2376,28.5661],[33.2629,28.5771],[33.2562,28.5441],[33.4339,28.3664],[33.5538,28.3153],[33.7854,28.0161],[34.0462,27.8235],[34.2201,27.7731],[34.2141,27.7915],[34.2717,27.8124],[34.2864,27.8644],[34.321,27.8613],[34.3313,27.9141],[34.4281,27.9859],[34.4553,28.1749],[34.4129,28.2331],[34.4102,28.32],[34.6245,28.736],[34.6403,28.9488],[34.6857,28.9887],[34.6746,29.1065],[34.729,29.1989],[34.7366,29.3113],[34.9572,29.569],[34.9978,29.518],[34.9421,29.2505],[34.8966,29.1789],[34.8535,28.5724],[34.6746,28.2772],[34.6577,28.1706],[34.6271,28.1767],[34.5978,28.1349],[34.6086,28.0603],[34.6683,28.0712],[34.6471,28.0991],[34.7092,28.1401],[34.7708,28.0929],[34.8191,28.1128],[34.8042,28.0879],[34.8368,28.1163],[34.8662,28.1128],[34.8443,28.0935],[35.0492,28.1224],[35.2163,28.0544],[35.2269,28.0331],[35.1885,28.0227],[35.4087,27.8652],[35.4196,27.7408],[35.7057,27.8009],[36.3702,27.6081],[36.5076,27.4152],[37.0167,27.158],[36.9995,26.9009],[37.1541,26.9652],[37.6542,26.5794],[37.9502,26.5151],[38.1625,26.3222],[38.1541,26.1937],[38.2291,26.1937],[38.4669,26.3865],[38.692,26.3865],[38.6964,26.4508],[38.4093,26.6437],[38.4932,26.7723],[38.2679,26.7723],[38.2061,26.9652],[38.0514,26.9009],[37.7685,27.158],[37.4722,27.2223],[37.4812,27.3509],[37.26,27.4152],[37.1275,27.6724],[36.6892,27.8652],[36.5522,28.0581],[36.4015,28.0581],[35.8581,28.8938],[35.9576,29.2152],[35.8258,29.4723],[35.8658,29.9865],[35.9416,29.9865],[36.1564,30.7578],[36.4009,30.9506],[36.3359,31.0791],[36.2598,31.0791],[36.2709,31.2076],[36.4231,31.2076],[36.3866,31.6575],[36.4629,31.6575],[36.4919,31.9789],[36.6564,32.1074],[36.5155,32.236],[36.7507,32.3002],[36.6863,32.4288],[36.6924,32.4931],[36.5515,32.6216],[36.0102,32.5574],[35.922,32.4288],[35.7691,32.4288],[35.7575,32.3002],[35.6047,32.3002],[35.5818,32.0431],[35.6582,32.0431],[35.6356,31.7861],[35.4609,31.529],[35.5098,31.2076],[35.0321,30.9506],[35.0217,30.822],[34.6974,30.565],[34.5455,30.565],[34.3029,30.3722],[33.1506,30.1794],[32.6019,29.9223],[32.6003,29.8996]],[[34.9635,29.5941],[34.967,29.6081],[34.9898,29.652],[34.9635,29.5941]],[[36.6896,32.3197],[36.7069,32.3283],[36.7231,32.3266],[36.6896,32.3197]]],[[[34.2319,27.7697],[34.2509,27.7642],[34.2573,27.7695],[34.2319,27.7697]]]]}},{"type":"Feature","properties":{"territoryId":"cliopatria-q220594-ee96d9a2af","name":"Nabataeans","name_ko":"나바테아인","color":"#cd7ee7","colorFamily":4,"startYear":-143,"endYear":-126,"source_name":"Cliopatria v0.2.0","source_url":"https://github.com/Seshat-Global-History-Databank/cliopatria","license":"CC BY 4.0","attribution":"Seshat Global History Databank, Cliopatria contributors"},"geometry":{"type":"MultiPolygon","coordinates":[[[[37.0704,26.8366],[37.1455,26.8366],[37.1498,26.9009],[37.0746,26.9009],[37.0704,26.8366]]],[[[38.0558,26.9652],[38.131,26.9652],[38.1354,27.0295],[38.0603,27.0295],[38.0558,26.9652]]],[[[37.8392,27.0938],[37.9144,27.0938],[37.9189,27.158],[37.8437,27.158],[37.8392,27.0938]]],[[[32.6003,29.8996],[32.6253,29.8743],[32.6136,29.818],[32.6907,29.7336],[32.684,29.6437],[32.7652,29.4429],[32.8172,29.414],[32.8174,29.3598],[32.8856,29.2431],[33.1779,28.9896],[33.1756,28.9283],[33.2139,28.8938],[33.2283,28.7639],[33.1992,28.6666],[33.2287,28.5694],[33.2562,28.5516],[33.2376,28.5661],[33.2629,28.5771],[33.2562,28.5441],[33.4339,28.3664],[33.5538,28.3153],[33.7854,28.0161],[34.0462,27.8235],[34.2201,27.7731],[34.2141,27.7915],[34.2717,27.8124],[34.2864,27.8644],[34.321,27.8613],[34.3313,27.9141],[34.4281,27.9859],[34.4553,28.1749],[34.4129,28.2331],[34.4102,28.32],[34.6245,28.736],[34.6403,28.9488],[34.6857,28.9887],[34.6746,29.1065],[34.729,29.1989],[34.7366,29.3113],[34.9572,29.569],[34.9978,29.518],[34.9421,29.2505],[34.8966,29.1789],[34.8535,28.5724],[34.6746,28.2772],[34.6577,28.1706],[34.6271,28.1767],[34.5978,28.1349],[34.6086,28.0603],[34.6683,28.0712],[34.6471,28.0991],[34.7092,28.1401],[34.7708,28.0929],[34.8191,28.1128],[34.8042,28.0879],[34.8368,28.1163],[34.8662,28.1128],[34.8443,28.0935],[35.0492,28.1224],[35.2163,28.0544],[35.2269,28.0331],[35.1885,28.0227],[35.4087,27.8652],[35.4196,27.7408],[35.7057,27.8009],[36.3702,27.6081],[36.5076,27.4152],[37.0167,27.158],[36.9995,26.9009],[37.1541,26.9652],[37.6542,26.5794],[37.9502,26.5151],[38.1625,26.3222],[38.1541,26.1937],[38.2291,26.1937],[38.4669,26.3865],[38.692,26.3865],[38.6964,26.4508],[38.4093,26.6437],[38.4932,26.7723],[38.2679,26.7723],[38.2061,26.9652],[38.0514,26.9009],[37.7685,27.158],[37.4722,27.2223],[37.4812,27.3509],[37.26,27.4152],[37.1275,27.6724],[36.6892,27.8652],[36.5522,28.0581],[36.4015,28.0581],[35.8581,28.8938],[35.9576,29.2152],[35.8258,29.4723],[35.8658,29.9865],[35.9416,29.9865],[36.1564,30.7578],[36.4009,30.9506],[36.3359,31.0791],[36.2598,31.0791],[36.2709,31.2076],[36.4231,31.2076],[36.3866,31.6575],[36.4629,31.6575],[36.4919,31.9789],[36.6564,32.1074],[36.5155,32.236],[36.7507,32.3002],[36.6863,32.4288],[36.6924,32.4931],[36.5515,32.6216],[36.0102,32.5574],[35.8281,32.236],[35.8814,31.9789],[35.7881,31.7861],[35.5537,31.7218],[35.4576,31.4704],[35.5098,31.2076],[35.0321,30.9506],[35.0217,30.822],[34.6974,30.565],[34.5455,30.565],[34.3029,30.3722],[33.1506,30.1794],[32.6019,29.9223],[32.6003,29.8996]],[[34.9635,29.5941],[34.967,29.6081],[34.9898,29.652],[34.9635,29.5941]],[[36.6896,32.3197],[36.7069,32.3283],[36.7231,32.3266],[36.6896,32.3197]]],[[[34.2319,27.7697],[34.2509,27.7642],[34.2573,27.7695],[34.2319,27.7697]]],[[[35.4554,31.4647],[35.4565,31.4594],[35.4571,31.4692],[35.4554,31.4647]]]]}},{"type":"Feature","properties":{"territoryId":"cliopatria-q220594-ee96d9a2af","name":"Nabataeans","name_ko":"나바테아인","color":"#cd7ee7","colorFamily":4,"startYear":-125,"endYear":-91,"source_name":"Cliopatria v0.2.0","source_url":"https://github.com/Seshat-Global-History-Databank/cliopatria","license":"CC BY 4.0","attribution":"Seshat Global History Databank, Cliopatria contributors"},"geometry":{"type":"MultiPolygon","coordinates":[[[[37.0704,26.8366],[37.1455,26.8366],[37.1498,26.9009],[37.0746,26.9009],[37.0704,26.8366]]],[[[38.0558,26.9652],[38.131,26.9652],[38.1354,27.0295],[38.0603,27.0295],[38.0558,26.9652]]],[[[37.8392,27.0938],[37.9144,27.0938],[37.9189,27.158],[37.8437,27.158],[37.8392,27.0938]]],[[[32.6003,29.8996],[32.6253,29.8743],[32.6136,29.818],[32.6907,29.7336],[32.684,29.6437],[32.7652,29.4429],[32.8172,29.414],[32.8174,29.3598],[32.8856,29.2431],[33.1779,28.9896],[33.1756,28.9283],[33.2139,28.8938],[33.2283,28.7639],[33.1992,28.6666],[33.2287,28.5694],[33.2562,28.5516],[33.2376,28.5661],[33.2629,28.5771],[33.2562,28.5441],[33.4339,28.3664],[33.5538,28.3153],[33.7854,28.0161],[34.0462,27.8235],[34.2201,27.7731],[34.2141,27.7915],[34.2717,27.8124],[34.2864,27.8644],[34.321,27.8613],[34.3313,27.9141],[34.4281,27.9859],[34.4553,28.1749],[34.4129,28.2331],[34.4102,28.32],[34.6245,28.736],[34.6403,28.9488],[34.6857,28.9887],[34.6746,29.1065],[34.729,29.1989],[34.7366,29.3113],[34.9572,29.569],[34.9978,29.518],[34.9421,29.2505],[34.8966,29.1789],[34.8535,28.5724],[34.6746,28.2772],[34.6577,28.1706],[34.6271,28.1767],[34.5978,28.1349],[34.6086,28.0603],[34.6683,28.0712],[34.6471,28.0991],[34.7092,28.1401],[34.7708,28.0929],[34.8191,28.1128],[34.8042,28.0879],[34.8368,28.1163],[34.8662,28.1128],[34.8443,28.0935],[35.0492,28.1224],[35.2163,28.0544],[35.2269,28.0331],[35.1885,28.0227],[35.4087,27.8652],[35.4196,27.7408],[35.7057,27.8009],[36.3702,27.6081],[36.5076,27.4152],[37.0167,27.158],[36.9995,26.9009],[37.1541,26.9652],[37.6542,26.5794],[37.9502,26.5151],[38.1625,26.3222],[38.1541,26.1937],[38.2291,26.1937],[38.4669,26.3865],[38.692,26.3865],[38.6964,26.4508],[38.4093,26.6437],[38.4932,26.7723],[38.2679,26.7723],[38.2061,26.9652],[38.0514,26.9009],[37.7685,27.158],[37.4722,27.2223],[37.4812,27.3509],[37.26,27.4152],[37.1275,27.6724],[36.6892,27.8652],[36.5522,28.0581],[36.4015,28.0581],[35.8581,28.8938],[35.9576,29.2152],[35.8258,29.4723],[35.8658,29.9865],[35.9416,29.9865],[36.1564,30.7578],[36.4009,30.9506],[36.3359,31.0791],[36.2598,31.0791],[36.2709,31.2076],[36.4231,31.2076],[36.3866,31.6575],[36.4629,31.6575],[36.4919,31.9789],[36.6564,32.1074],[36.5155,32.236],[36.7507,32.3002],[36.6863,32.4288],[36.6924,32.4931],[36.5515,32.6216],[36.3221,32.6216],[35.8455,32.4288],[35.8281,32.236],[35.9045,32.236],[35.7657,31.529],[35.4587,31.4863],[35.4529,31.4008],[35.4582,31.4863],[35.3031,31.4647],[35.1346,31.2719],[34.9824,31.2719],[34.9771,31.2076],[34.3579,31.0791],[34.2972,31.2719],[33.445,31.0791],[33.3304,30.565],[33.0747,30.1794],[32.6019,29.9223],[32.6003,29.8996]],[[34.9635,29.5941],[34.967,29.6081],[34.9898,29.652],[34.9635,29.5941]],[[36.6896,32.3197],[36.7069,32.3283],[36.7231,32.3266],[36.6896,32.3197]]],[[[34.2319,27.7697],[34.2509,27.7642],[34.2573,27.7695],[34.2319,27.7697]]]]}},{"type":"Feature","properties":{"territoryId":"cliopatria-q827040-fdbab3d5bf","name":"Nanyue","name_ko":"남월국","color":"#ddcb4b","colorFamily":1,"startYear":-169,"endYear":-126,"source_name":"Cliopatria v0.2.0","source_url":"https://github.com/Seshat-Global-History-Databank/cliopatria","license":"CC BY 4.0","attribution":"Seshat Global History Databank, Cliopatria contributors"},"geometry":{"type":"MultiPolygon","coordinates":[[[[104.4396,20.472],[104.9806,20.1505],[104.8648,19.8934],[104.9921,19.7648],[104.94,19.4434],[105.014,19.4434],[105.0152,18.9934],[105.1423,18.8648],[105.0373,18.6719],[105.1851,18.6719],[105.1438,18.4148],[106.4163,17.129],[106.3962,17.0005],[106.6074,16.9362],[106.9529,17.2012],[106.6346,17.4704],[106.5044,17.6828],[106.4087,17.6828],[106.3831,17.7192],[106.4292,17.7311],[106.2852,17.7721],[106.4981,17.7106],[106.436,17.882],[106.5247,17.9496],[106.4348,18.1235],[106.3467,18.0595],[106.2708,18.2041],[106.0934,18.2587],[105.8792,18.5109],[105.7644,18.759],[105.7507,18.6628],[105.752,18.7863],[105.6133,18.9855],[105.6438,19.0654],[105.7371,19.1085],[105.7434,19.2319],[105.8088,19.2802],[105.7909,19.6035],[105.9233,19.7668],[105.8674,19.7732],[105.9289,19.7936],[105.9556,19.9255],[106.0252,19.9992],[106.0835,19.965],[106.1071,20.0333],[106.1071,19.965],[106.176,19.9923],[106.3807,20.212],[106.5635,20.231],[106.4981,20.3083],[106.5762,20.2697],[106.5942,20.4482],[106.5186,20.4373],[106.5799,20.5472],[106.5186,20.541],[106.6248,20.5946],[106.5868,20.6633],[106.6375,20.6281],[106.7031,20.6597],[106.6626,20.698],[106.8059,20.6776],[106.7,20.8828],[106.7551,20.9385],[106.6421,21.0202],[106.7981,21.0248],[106.8206,20.976],[106.7725,20.9574],[106.8679,20.8827],[106.8743,20.9376],[106.9431,20.9103],[106.8538,20.9923],[107.001,20.9511],[107.0256,21.0338],[107.0462,20.9997],[107.1492,21.0406],[107.0661,20.9587],[107.1956,20.955],[107.3743,21.0276],[107.3606,21.2392],[107.4431,21.2877],[107.4153,21.3287],[107.5266,21.2988],[107.5223,21.3485],[107.5906,21.2939],[107.635,21.3832],[107.7864,21.4584],[107.7669,21.5202],[107.9097,21.5265],[107.9167,21.4575],[108.0806,21.4857],[107.9912,21.5484],[108.1764,21.5758],[108.2383,21.6439],[108.2256,21.5094],[108.314,21.5819],[108.3413,21.7258],[108.471,21.6713],[108.3897,21.5751],[108.471,21.562],[108.5654,21.6785],[108.5188,21.6713],[108.5331,21.7191],[108.5051,21.6713],[108.4635,21.7402],[108.5051,21.7879],[108.4487,21.8658],[108.4778,21.945],[108.4631,21.863],[108.553,21.9518],[108.5603,21.8955],[108.6355,21.8903],[108.5714,21.8128],[108.5945,21.7402],[108.677,21.8153],[108.6492,21.7333],[108.7249,21.7464],[108.7127,21.6884],[108.8371,21.666],[108.7796,21.7258],[108.8347,21.7258],[108.8326,21.7838],[108.7796,21.8153],[108.8614,21.8153],[108.8695,21.7538],[108.9241,21.7668],[108.8655,21.7397],[108.8695,21.6713],[109.1358,21.603],[109.1387,21.4016],[109.2146,21.4174],[109.2388,21.4857],[109.245,21.4316],[109.5308,21.4916],[109.5728,21.5817],[109.4647,21.6645],[109.521,21.6658],[109.4927,21.6986],[109.5677,21.76],[109.608,21.5751],[109.677,21.6234],[109.6497,21.5205],[109.7698,21.4936],[109.7732,21.5819],[109.8312,21.4759],[109.9444,21.4931],[109.9241,21.3628],[109.8466,21.3582],[109.696,20.8577],[109.7702,20.8577],[109.7869,20.6911],[109.8604,20.7155],[109.7806,20.685],[109.8211,20.5546],[109.8482,20.5956],[109.8227,20.5207],[109.9232,20.451],[109.9309,20.5063],[110.0155,20.4184],[109.9824,20.3515],[109.9174,20.4171],[109.9172,20.2393],[110.0379,20.3017],[110.1275,20.248],[110.2939,20.2585],[110.4068,20.3052],[110.5342,20.4783],[110.4789,20.5677],[110.3008,20.6571],[110.3418,20.8215],[110.3565,20.7323],[110.4094,20.751],[110.369,20.8489],[110.1567,20.8489],[110.1431,20.9923],[110.1956,21.0713],[110.2188,21.0276],[110.3994,21.1766],[110.3281,21.3355],[110.3895,21.3287],[110.3585,21.4357],[110.4373,21.3975],[110.4339,21.3088],[110.4863,21.3355],[110.4448,21.3076],[110.4789,21.2734],[110.4243,21.2877],[110.4312,21.1915],[110.6365,21.2302],[110.6356,21.381],[110.76,21.4447],[110.6365,21.3703],[110.6433,21.3218],[110.6776,21.3485],[110.6509,21.2604],[110.7682,21.3975],[110.8699,21.3832],[111.0686,21.4726],[110.9797,21.4447],[111.0276,21.5409],[111.1436,21.4658],[111.2263,21.4993],[111.158,21.5136],[111.1924,21.5312],[111.3108,21.4671],[111.4043,21.5267],[111.3628,21.5412],[111.438,21.5341],[111.4322,21.603],[111.4761,21.5136],[111.5956,21.5341],[111.5819,21.5819],[111.6305,21.5299],[111.7796,21.6754],[111.6781,21.7812],[111.8351,21.7668],[111.8325,21.7233],[112.0003,21.7743],[111.9041,21.8153],[111.8904,21.9251],[111.9692,21.824],[112.0413,21.8842],[112.0282,21.7973],[112.1926,21.8432],[112.1824,21.753],[112.2902,21.7101],[112.4021,21.8014],[112.3565,21.9797],[112.3975,22.0685],[112.3906,21.9555],[112.4937,21.9661],[112.4111,21.9012],[112.426,21.8452],[112.5509,21.7729],[112.826,21.9661],[112.8752,21.8863],[112.9665,21.8863],[113.0851,22.2076],[113.1164,22.076],[113.2306,22.0432],[113.3027,22.1833],[113.402,22.1796],[113.1602,22.4876],[113.1653,22.5756],[113.4837,22.1551],[113.5877,22.2379],[113.6104,22.3702],[113.5464,22.4376],[113.5992,22.5752],[113.3775,22.7674],[113.4942,22.7748],[113.3504,22.8897],[113.213,22.9045],[113.484,22.9243],[113.5023,23.0204],[113.4175,23.097],[113.5091,23.0622],[113.7031,23.1578],[113.8301,23.1175],[113.7202,23.1379],[113.5364,23.0631],[113.5762,22.9387],[113.6172,23.0349],[113.5967,22.9182],[113.6382,23.0349],[113.5923,22.8891],[113.6536,22.7587],[113.7581,22.7534],[113.8695,22.5034],[114.0915,22.5344],[113.9808,22.4695],[113.9969,22.3606],[114.1048,22.3699],[114.1719,22.2887],[114.2555,22.3223],[114.2967,22.2583],[114.2584,22.3621],[114.3186,22.3894],[114.3576,22.3324],[114.3997,22.4361],[114.3476,22.4229],[114.3237,22.48],[114.2093,22.3987],[114.1675,22.4481],[114.3351,22.5064],[114.2093,22.5237],[114.2298,22.5558],[114.3958,22.6135],[114.5158,22.4526],[114.6049,22.5327],[114.4954,22.562],[114.5903,22.6439],[114.5066,22.6465],[114.5221,22.706],[114.6955,22.7926],[114.817,22.8004],[114.742,22.7327],[114.7438,22.6094],[114.8658,22.6017],[114.896,22.5475],[114.9666,22.6765],[114.8625,22.7632],[114.9853,22.6893],[115.0655,22.796],[115.1803,22.7848],[115.3038,22.903],[115.3202,22.8505],[115.2334,22.7882],[115.4112,22.7883],[115.3385,22.7331],[115.3735,22.6942],[115.5752,22.6683],[115.5901,22.7372],[115.5556,22.7144],[115.527,22.767],[115.6121,22.8636],[115.468,22.8493],[115.483,22.9018],[115.406,22.925],[115.5476,22.8954],[115.5606,22.8493],[115.7303,22.9342],[115.697,22.8507],[115.8075,22.8033],[116.0762,22.8679],[116.0421,22.9329],[116.1237,22.8947],[116.0865,22.8458],[116.1537,22.856],[116.2815,22.9579],[116.2136,22.9828],[116.4947,22.9394],[116.6045,23.2096],[116.5089,23.2341],[116.6115,23.2387],[116.6511,23.172],[116.7151,23.2438],[116.6672,23.2813],[116.8035,23.2346],[116.7486,23.3263],[116.573,23.3237],[116.5232,23.4185],[116.7732,23.3494],[116.9165,23.6627],[116.9507,23.6109],[117.0684,23.6513],[117.0842,23.5506],[117.2192,23.6296],[117.2295,23.6928],[117.239,23.6055],[117.2774,23.7822],[117.4343,23.7759],[117.4901,23.8326],[117.4166,23.9468],[117.5711,23.9033],[117.626,23.8149],[117.7088,24.0355],[117.6671,24.0627],[117.7633,24.0703],[117.7981,24.0218],[117.76,23.9716],[117.8952,24.0696],[117.9073,24.1863],[117.9436,24.2126],[117.9788,24.1621],[118.0867,24.2497],[118.0906,24.3415],[118.0159,24.3269],[118.043,24.4067],[117.9073,24.3849],[117.7913,24.4675],[118.0217,24.4457],[118.0581,24.5159],[117.9749,24.5527],[118.0374,24.5606],[118.0444,24.6177],[118.1104,24.5841],[118.1605,24.6934],[118.219,24.5414],[118.4048,24.6066],[118.4312,24.6997],[118.4281,24.6313],[118.6471,24.5746],[118.6421,24.6787],[118.763,24.7627],[118.7018,24.81],[118.638,24.7721],[118.572,24.8852],[118.6712,24.8747],[118.6677,24.9534],[118.7295,24.9005],[118.7161,24.8436],[118.9229,24.8959],[118.9116,24.9534],[119.009,24.9473],[119.0042,25.0502],[118.9537,25.003],[118.8491,25.0738],[118.943,25.1088],[118.9746,25.1826],[118.8756,25.2438],[119.0273,25.2782],[118.9693,25.2264],[119.0689,25.2167],[119.0291,25.1405],[119.0929,25.1136],[119.1531,25.1397],[119.1161,25.2138],[119.2813,25.1794],[119.2725,25.2318],[119.3475,25.2678],[119.243,25.3302],[119.2013,25.2597],[119.2034,25.3581],[119.1732,25.3251],[119.1025,25.4203],[119.2378,25.4818],[119.3052,25.6046],[119.3809,25.5909],[119.3565,25.5269],[119.4491,25.5053],[119.447,25.4388],[119.5073,25.4744],[119.4947,25.4033],[119.5476,25.3835],[119.576,25.4674],[119.5955,25.3655],[119.646,25.3926],[119.5726,25.4879],[119.5794,25.5847],[119.4924,25.5648],[119.4491,25.6872],[119.5719,25.6802],[119.6209,25.7603],[119.5664,25.8721],[119.5999,25.8442],[119.7024,25.9851],[119.5664,26.0502],[119.3298,25.9443],[119.2468,25.9672],[119.0935,26.1458],[119.1466,26.119],[119.0091,26.7723],[118.8765,26.8366],[118.6252,27.8009],[118.4935,27.8652],[118.4225,28.3795],[118.2914,28.4438],[118.3512,28.6367],[118.1649,28.7652],[118.0356,29.5366],[117.8085,29.5366],[117.6996,29.6652],[116.5304,29.7937],[116.27,29.9223],[116.1289,30.1794],[115.8038,30.1151],[115.6425,29.858],[115.2591,28.8938],[115.3347,28.8938],[114.9532,26.7723],[115.0283,26.7723],[114.9611,26.5151],[115.2281,26.3865],[114.7807,25.4864],[114.5331,24.3935],[113.8279,24.5864],[112.1092,24.5864],[111.4572,24.3292],[111.0225,24.3935],[111.0091,24.3292],[109.3792,24.3935],[107.1495,24.072],[106.4664,23.622],[106.1561,23.5577],[105.7641,23.0434],[105.2716,22.7863],[105.1412,22.4648],[104.9813,22.4005],[104.8631,22.1434],[105.128,21.9505],[105.0956,21.7577],[104.9255,21.6291],[104.9785,21.5005],[104.8513,21.1791],[105.0956,20.8577],[104.873,20.8577],[104.9053,20.6005],[104.6191,20.6648],[104.4396,20.472]],[[114.2298,22.5558],[114.183,22.5562],[114.179,22.5593],[114.2298,22.5558]],[[107.6804,21.6222],[107.7448,21.6575],[107.6903,21.6247],[107.6804,21.6222]],[[107.7986,21.6497],[107.8116,21.6478],[107.8324,21.6394],[107.7986,21.6497]],[[114.1487,22.5381],[114.162,22.5605],[114.1695,22.56],[114.1487,22.5381]]],[[[106.7656,20.8768],[106.8865,20.7961],[106.8246,20.9152],[106.7656,20.8768]]],[[[106.9099,20.8185],[106.9173,20.8113],[106.9303,20.8438],[106.9129,20.8369],[106.9099,20.8185]]],[[[107.3729,21.0596],[107.6062,21.2174],[107.5327,21.1989],[107.4553,21.2757],[107.3729,21.0596]]],[[[110.2459,20.986],[110.4322,21.0058],[110.4572,21.06],[110.2874,21.0744],[110.3352,21.0686],[110.2731,21.0611],[110.2459,20.986]]],[[[110.4177,20.6548],[110.4358,20.6385],[110.4573,20.5869],[110.4758,20.5959],[110.4714,20.6474],[110.437,20.6679],[110.4177,20.6548]]],[[[110.4177,21.1785],[110.42,21.1785],[110.4194,21.1791],[110.5587,21.1791],[110.5686,21.1915],[110.5432,21.2042],[110.4929,21.1839],[110.4634,21.1907],[110.4963,21.1952],[110.4998,21.2063],[110.4622,21.2051],[110.4177,21.1785]]],[[[110.5739,21.1791],[110.6006,21.1791],[110.617,21.1915],[110.617,21.1989],[110.594,21.2028],[110.5739,21.1791]]],[[[113.2642,22.1049],[113.3136,22.0764],[113.3648,22.1579],[113.2642,22.1049]]],[[[113.3094,22.0241],[113.3186,22.0162],[113.3689,22.0821],[113.3436,22.0685],[113.3094,22.0241]]],[[[113.3962,22.8981],[113.5946,22.7561],[113.4756,22.9007],[113.3962,22.8981]]],[[[113.4765,22.7195],[113.6418,22.6016],[113.5595,22.735],[113.4765,22.7195]]],[[[113.5058,22.9516],[113.51,22.9212],[113.545,22.88],[113.5535,22.8858],[113.5536,22.9113],[113.5292,22.9604],[113.5154,22.9692],[113.5058,22.9516]]],[[[113.5202,22.1849],[113.5247,22.1737],[113.5571,22.2025],[113.5492,22.1997],[113.5538,22.2115],[113.5365,22.2171],[113.5243,22.2126],[113.5352,22.2075],[113.5202,22.1849]]],[[[113.5322,22.1526],[113.54,22.1434],[113.5616,22.1434],[113.5741,22.1608],[113.5586,22.163],[113.5344,22.1612],[113.5322,22.1526]]],[[[113.6104,22.4133],[113.6212,22.3914],[113.6423,22.4002],[113.6424,22.4114],[113.6578,22.4238],[113.6496,22.4386],[113.6234,22.4399],[113.6118,22.4305],[113.6104,22.4133]]],[[[113.9972,22.317],[114.0189,22.2646],[114.0549,22.3363],[113.9972,22.317]]],[[[113.9975,22.265],[113.9976,22.245],[114.0073,22.2521],[113.9975,22.265]]],[[[113.9977,22.2379],[113.9978,22.2151],[114.0002,22.2161],[114.015,22.2271],[113.9977,22.2379]]],[[[114.1043,22.216],[114.1141,22.2161],[114.1108,22.1771],[114.1374,22.1788],[114.1454,22.1787],[114.1391,22.1911],[114.1546,22.2036],[114.1257,22.2052],[114.1328,22.2161],[114.1257,22.2134],[114.1067,22.2358],[114.1043,22.216]]],[[[114.1126,22.2715],[114.2561,22.2036],[114.2156,22.2856],[114.1126,22.2715]]],[[[116.9543,23.5441],[116.9953,23.5348],[117.0093,23.555],[116.9956,23.5635],[116.9543,23.5441]]],[[[117.3405,23.689],[117.3561,23.6892],[117.4185,23.758],[117.4136,23.7717],[117.3727,23.7667],[117.3767,23.7289],[117.3405,23.689]]],[[[118.07,24.4603],[118.1271,24.4312],[118.1814,24.5351],[118.0925,24.5562],[118.07,24.4603]]],[[[119.2575,26.0016],[119.2576,26.0015],[119.3811,25.967],[119.405,25.9779],[119.4012,25.996],[119.3452,26.0194],[119.2575,26.0016]]],[[[119.2816,25.4832],[119.331,25.4647],[119.3465,25.5667],[119.2816,25.4832]]],[[[119.2835,25.4751],[119.2969,25.4229],[119.3222,25.4329],[119.2835,25.4751]]],[[[119.3772,26.0259],[119.4585,25.9825],[119.509,26.0527],[119.3772,26.0259]]],[[[119.6685,25.4879],[119.7255,25.413],[119.8426,25.4716],[119.7988,25.5158],[119.8745,25.5568],[119.7078,25.615],[119.7162,25.5363],[119.7783,25.522],[119.6685,25.4879]]],[[[106.0816,23.5577],[106.1561,23.5577],[106.1681,23.622],[106.0935,23.622],[106.0816,23.5577]]]]}},{"type":"Feature","properties":{"territoryId":"cliopatria-q827040-fdbab3d5bf","name":"Nanyue","name_ko":"남월국","color":"#ddcb4b","colorFamily":1,"startYear":-125,"endYear":-110,"source_name":"Cliopatria v0.2.0","source_url":"https://github.com/Seshat-Global-History-Databank/cliopatria","license":"CC BY 4.0","attribution":"Seshat Global History Databank, Cliopatria contributors"},"geometry":{"type":"MultiPolygon","coordinates":[[[[104.4396,20.472],[104.9806,20.1505],[104.8648,19.8934],[104.9921,19.7648],[104.94,19.4434],[105.014,19.4434],[105.0152,18.9934],[105.1423,18.8648],[105.0373,18.6719],[105.1851,18.6719],[105.1438,18.4148],[106.4163,17.129],[106.3962,17.0005],[106.6074,16.9362],[106.9529,17.2012],[106.6346,17.4704],[106.5044,17.6828],[106.4087,17.6828],[106.3831,17.7192],[106.4292,17.7311],[106.2852,17.7721],[106.4981,17.7106],[106.436,17.882],[106.5247,17.9496],[106.4348,18.1235],[106.3467,18.0595],[106.2708,18.2041],[106.0934,18.2587],[105.8792,18.5109],[105.7644,18.759],[105.7507,18.6628],[105.752,18.7863],[105.6133,18.9855],[105.6438,19.0654],[105.7371,19.1085],[105.7434,19.2319],[105.8088,19.2802],[105.7909,19.6035],[105.9233,19.7668],[105.8674,19.7732],[105.9289,19.7936],[105.9556,19.9255],[106.0252,19.9992],[106.0835,19.965],[106.1071,20.0333],[106.1071,19.965],[106.176,19.9923],[106.3807,20.212],[106.5635,20.231],[106.4981,20.3083],[106.5762,20.2697],[106.5942,20.4482],[106.5186,20.4373],[106.5799,20.5472],[106.5186,20.541],[106.6248,20.5946],[106.5868,20.6633],[106.6375,20.6281],[106.7031,20.6597],[106.6626,20.698],[106.8059,20.6776],[106.7,20.8828],[106.7551,20.9385],[106.6421,21.0202],[106.7981,21.0248],[106.8206,20.976],[106.7725,20.9574],[106.8679,20.8827],[106.8743,20.9376],[106.9431,20.9103],[106.8538,20.9923],[107.001,20.9511],[106.9978,21.0202],[107.1492,21.0406],[107.0661,20.9587],[107.1295,20.9457],[107.3338,21.0058],[107.3743,21.0276],[107.3674,21.2734],[107.4431,21.2877],[107.4153,21.3287],[107.5374,21.3019],[107.5223,21.3485],[107.5992,21.2988],[107.635,21.3832],[107.7864,21.4584],[107.7669,21.5202],[107.9097,21.5265],[107.9167,21.4575],[108.0806,21.4857],[107.9912,21.5484],[108.1764,21.5758],[108.2383,21.6439],[108.2256,21.5094],[108.314,21.5819],[108.3413,21.7258],[108.471,21.6713],[108.4021,21.5598],[108.5188,21.5955],[108.5654,21.6785],[108.4778,21.6986],[108.5051,21.7879],[108.4487,21.8658],[108.4778,21.945],[108.4915,21.8563],[108.5733,21.9518],[108.5603,21.8955],[108.6355,21.8903],[108.5714,21.8128],[108.5945,21.7402],[108.677,21.8153],[108.6492,21.7333],[108.7249,21.7464],[108.7127,21.6884],[108.8371,21.666],[108.7796,21.7258],[108.8347,21.7258],[108.8326,21.7838],[108.7796,21.8153],[108.8614,21.8153],[108.8695,21.7538],[108.9241,21.7668],[108.8655,21.7397],[108.8695,21.6713],[109.1358,21.603],[109.1387,21.4016],[109.2146,21.4174],[109.2388,21.4857],[109.245,21.4316],[109.5308,21.4916],[109.5728,21.5817],[109.4647,21.6645],[109.521,21.6658],[109.4927,21.6986],[109.5677,21.76],[109.608,21.5751],[109.677,21.6234],[109.6497,21.5205],[109.7698,21.4936],[109.7732,21.5819],[109.8312,21.4759],[109.9444,21.4931],[109.9241,21.3628],[109.8466,21.3582],[109.696,20.8577],[109.7702,20.8577],[109.7869,20.6911],[109.8604,20.7155],[109.7806,20.685],[109.8211,20.5546],[109.8482,20.5956],[109.8227,20.5207],[109.9232,20.451],[109.9309,20.5063],[110.0155,20.4184],[109.9824,20.3515],[109.9174,20.4171],[109.9172,20.2393],[110.0379,20.3017],[110.1275,20.248],[110.4068,20.3052],[110.5342,20.4783],[110.4789,20.5677],[110.3008,20.6571],[110.3418,20.8215],[110.3565,20.7323],[110.4094,20.751],[110.369,20.8489],[110.1642,20.842],[110.1431,20.9923],[110.2046,21.0822],[110.2188,21.0276],[110.3941,21.1625],[110.4082,21.238],[110.3281,21.3355],[110.3895,21.3287],[110.3585,21.4357],[110.4373,21.3975],[110.4339,21.3088],[110.4863,21.3355],[110.4448,21.3076],[110.4789,21.2734],[110.4243,21.2877],[110.4312,21.1915],[110.6365,21.2302],[110.6356,21.381],[110.76,21.4447],[110.6365,21.3703],[110.6433,21.3218],[110.6776,21.3485],[110.6509,21.2604],[110.7682,21.3975],[110.8699,21.3832],[111.0686,21.4726],[110.9797,21.4447],[111.0276,21.5409],[111.1436,21.4658],[111.2263,21.4993],[111.158,21.5136],[111.1924,21.5312],[111.3108,21.4671],[111.4043,21.5267],[111.3628,21.5412],[111.438,21.5341],[111.4322,21.603],[111.4761,21.5136],[111.5956,21.5341],[111.5819,21.5819],[111.6305,21.5299],[111.7796,21.6754],[111.6781,21.7812],[111.8351,21.7668],[111.8325,21.7233],[112.0003,21.7743],[111.9041,21.8153],[111.8904,21.9251],[111.9692,21.824],[112.0413,21.8842],[112.0282,21.7973],[112.1926,21.8432],[112.1824,21.753],[112.2902,21.7101],[112.4021,21.8014],[112.3565,21.9797],[112.3975,22.0685],[112.3906,21.9555],[112.4937,21.9661],[112.4111,21.9012],[112.426,21.8452],[112.5509,21.7729],[112.826,21.9661],[112.8752,21.8863],[112.9665,21.8863],[113.0851,22.2076],[113.1164,22.076],[113.2306,22.0432],[113.3027,22.1833],[113.402,22.1796],[113.1602,22.4876],[113.1653,22.5756],[113.4837,22.1551],[113.5877,22.2379],[113.6104,22.3702],[113.5464,22.4376],[113.5992,22.5752],[113.3775,22.7674],[113.4942,22.7748],[113.3504,22.8897],[113.213,22.9045],[113.484,22.9243],[113.5023,23.0204],[113.4175,23.097],[113.5091,23.0622],[113.7031,23.1578],[113.8301,23.1175],[113.5821,23.0985],[113.5288,23.0108],[113.583,23.0212],[113.5762,22.9387],[113.6172,23.0349],[113.5967,22.9182],[113.6382,23.0349],[113.6056,22.8472],[113.6172,22.8903],[113.6724,22.7469],[113.7581,22.7534],[113.8695,22.5034],[114.0915,22.5344],[113.9808,22.4695],[113.9969,22.3606],[114.1048,22.3699],[114.1719,22.2887],[114.2555,22.3223],[114.2967,22.2583],[114.2584,22.3621],[114.3186,22.3894],[114.3576,22.3324],[114.3997,22.4361],[114.3476,22.4229],[114.3237,22.48],[114.2093,22.3987],[114.1675,22.4481],[114.3351,22.5064],[114.2093,22.5237],[114.2298,22.5558],[114.3958,22.6135],[114.5016,22.4521],[114.5992,22.5024],[114.4954,22.562],[114.5903,22.6439],[114.5066,22.6465],[114.5221,22.706],[114.7549,22.7817],[114.9016,22.9148],[114.6051,23.3006],[114.6309,23.4291],[114.4947,23.4934],[114.5258,24.0077],[114.4512,24.0077],[114.5331,24.3935],[113.8279,24.5864],[112.1092,24.5864],[111.4572,24.3292],[111.0225,24.3935],[111.0091,24.3292],[109.3792,24.3935],[107.1495,24.072],[106.4664,23.622],[106.1561,23.5577],[105.7641,23.0434],[105.2716,22.7863],[105.1412,22.4648],[104.9813,22.4005],[104.8631,22.1434],[105.128,21.9505],[105.0956,21.7577],[104.9255,21.6291],[104.9785,21.5005],[104.8513,21.1791],[105.0956,20.8577],[104.873,20.8577],[104.9053,20.6005],[104.6191,20.6648],[104.4396,20.472]],[[114.2298,22.5558],[114.183,22.5562],[114.179,22.5593],[114.2298,22.5558]],[[107.6804,21.6222],[107.7448,21.6575],[107.6903,21.6247],[107.6804,21.6222]],[[107.7986,21.6497],[107.8116,21.6478],[107.8324,21.6394],[107.7986,21.6497]],[[114.1487,22.5381],[114.162,22.5605],[114.1695,22.56],[114.1487,22.5381]]],[[[106.7656,20.8768],[106.8865,20.7961],[106.8246,20.9152],[106.7656,20.8768]]],[[[106.9099,20.8185],[106.9173,20.8113],[106.9303,20.8438],[106.9129,20.8369],[106.9099,20.8185]]],[[[107.3729,21.0596],[107.6062,21.2174],[107.5327,21.1989],[107.4553,21.2757],[107.3729,21.0596]]],[[[110.2459,20.986],[110.4322,21.0058],[110.4572,21.06],[110.2874,21.0744],[110.3352,21.0686],[110.2731,21.0611],[110.2459,20.986]]],[[[110.4177,20.6548],[110.4358,20.6385],[110.4573,20.5869],[110.4758,20.5959],[110.4714,20.6474],[110.437,20.6679],[110.4177,20.6548]]],[[[110.4177,21.1785],[110.42,21.1785],[110.4194,21.1791],[110.5587,21.1791],[110.5686,21.1915],[110.5432,21.2042],[110.4929,21.1839],[110.4634,21.1907],[110.4963,21.1952],[110.4998,21.2063],[110.4622,21.2051],[110.4177,21.1785]]],[[[110.5739,21.1791],[110.6006,21.1791],[110.617,21.1915],[110.617,21.1989],[110.594,21.2028],[110.5739,21.1791]]],[[[113.2642,22.1049],[113.3136,22.0764],[113.3648,22.1579],[113.2642,22.1049]]],[[[113.3094,22.0241],[113.3186,22.0162],[113.3689,22.0821],[113.3436,22.0685],[113.3094,22.0241]]],[[[113.3962,22.8981],[113.5946,22.7561],[113.4756,22.9007],[113.3962,22.8981]]],[[[113.4765,22.7195],[113.6418,22.6016],[113.5595,22.735],[113.4765,22.7195]]],[[[113.5058,22.9516],[113.51,22.9212],[113.545,22.88],[113.5535,22.8858],[113.5536,22.9113],[113.5292,22.9604],[113.5154,22.9692],[113.5058,22.9516]]],[[[113.5202,22.1849],[113.5247,22.1737],[113.5571,22.2025],[113.5492,22.1997],[113.5538,22.2115],[113.5365,22.2171],[113.5243,22.2126],[113.5352,22.2075],[113.5202,22.1849]]],[[[113.5322,22.1526],[113.54,22.1434],[113.5616,22.1434],[113.5741,22.1608],[113.5586,22.163],[113.5344,22.1612],[113.5322,22.1526]]],[[[113.6104,22.4133],[113.6212,22.3914],[113.6423,22.4002],[113.6424,22.4114],[113.6578,22.4238],[113.6496,22.4386],[113.6234,22.4399],[113.6118,22.4305],[113.6104,22.4133]]],[[[113.9972,22.317],[114.0189,22.2646],[114.0549,22.3363],[113.9972,22.317]]],[[[113.9975,22.265],[113.9976,22.245],[114.0073,22.2521],[113.9975,22.265]]],[[[113.9977,22.2379],[113.9978,22.2151],[114.0002,22.2161],[114.015,22.2271],[113.9977,22.2379]]],[[[114.1043,22.216],[114.1141,22.2161],[114.1108,22.1771],[114.1374,22.1788],[114.1454,22.1787],[114.1391,22.1911],[114.1546,22.2036],[114.1257,22.2052],[114.1328,22.2161],[114.1257,22.2134],[114.1067,22.2358],[114.1043,22.216]]],[[[114.1126,22.2715],[114.2561,22.2036],[114.2156,22.2856],[114.1126,22.2715]]],[[[106.0816,23.5577],[106.1561,23.5577],[106.1681,23.622],[106.0935,23.622],[106.0816,23.5577]]]]}},{"type":"Feature","properties":{"territoryId":"cliopatria-q622032-270ae89d4c","name":"Paphlagonia","name_ko":"파플라고니아","color":"#4c45e3","colorFamily":0,"startYear":-278,"endYear":-144,"source_name":"Cliopatria v0.2.0","source_url":"https://github.com/Seshat-Global-History-Databank/cliopatria","license":"CC BY 4.0","attribution":"Seshat Global History Databank, Cliopatria contributors"},"geometry":{"type":"Polygon","coordinates":[[[32.1033,40.8088],[32.3043,40.4849],[32.7644,40.3554],[33.4125,40.4849],[33.5554,40.3554],[34.5679,40.2259],[34.5999,40.4849],[34.3785,40.6144],[34.4028,40.8088],[34.2605,40.9384],[34.4061,41.4571],[34.3349,41.522],[33.3081,41.5869],[33.1329,41.4571],[32.6555,41.4571],[32.3068,41.1977],[32.1404,41.1328],[32.1033,40.8088]]]}},{"type":"Feature","properties":{"territoryId":"cliopatria-q622032-270ae89d4c","name":"Paphlagonia","name_ko":"파플라고니아","color":"#4c45e3","colorFamily":0,"startYear":-143,"endYear":-126,"source_name":"Cliopatria v0.2.0","source_url":"https://github.com/Seshat-Global-History-Databank/cliopatria","license":"CC BY 4.0","attribution":"Seshat Global History Databank, Cliopatria contributors"},"geometry":{"type":"Polygon","coordinates":[[[32.1033,40.8088],[32.3043,40.4849],[32.7644,40.3554],[33.4125,40.4849],[33.5554,40.3554],[34.5679,40.2259],[34.5999,40.4849],[34.3785,40.6144],[34.4028,40.8088],[34.2605,40.9384],[34.4061,41.4571],[34.3349,41.522],[33.3081,41.5869],[33.1329,41.4571],[32.6555,41.4571],[32.3068,41.1977],[32.1404,41.1328],[32.1033,40.8088]]]}},{"type":"Feature","properties":{"territoryId":"cliopatria-q1986139-eb823025a7","name":"Parthian Empire","name_ko":"파르티아 제국","color":"#d9873a","colorFamily":1,"startYear":-163,"endYear":-144,"source_name":"Cliopatria v0.2.0","source_url":"https://github.com/Seshat-Global-History-Databank/cliopatria","license":"CC BY 4.0","attribution":"Seshat Global History Databank, Cliopatria contributors"},"geometry":{"type":"MultiPolygon","coordinates":[[[[45.1177,36.0308],[45.1952,36.0308],[45.2171,35.6445],[46.031,35.3871],[47.9542,35.3227],[48.7072,35.194],[48.7153,34.7436],[48.8499,34.615],[48.8591,34.1647],[48.9361,34.1647],[48.8978,33.9075],[48.6296,33.6502],[48.6508,33.2645],[48.8624,33.1359],[48.9024,32.8788],[49.123,32.8145],[49.3162,32.5574],[49.7077,32.6216],[49.8423,32.4931],[49.815,32.3002],[50.0261,32.1717],[50.0081,32.0431],[50.2775,31.7861],[50.0048,31.4647],[49.9702,31.2076],[50.0967,31.0148],[50.063,30.7578],[50.4177,30.565],[50.3928,30.3722],[50.0779,30.1871],[50.1449,29.9381],[50.6553,29.4491],[50.6895,29.2908],[50.6435,29.1458],[50.8403,29.1406],[50.915,29.0867],[50.929,29.0097],[50.8345,28.8914],[51.0588,28.7359],[51.0807,28.5339],[51.2853,28.2409],[51.2698,28.1405],[51.4083,27.9323],[51.5842,27.8511],[52.0112,27.8327],[52.4596,27.6326],[52.6701,27.4486],[52.6098,27.4123],[52.6669,27.3271],[52.9326,27.1603],[53.4441,26.9757],[53.7161,26.7086],[54.0158,26.7495],[54.3081,26.715],[54.62,26.5082],[54.791,26.4958],[55.2708,26.7925],[55.5217,26.7846],[55.5804,26.8591],[55.5545,26.8999],[55.6659,26.9954],[55.9393,27.0267],[56.1237,27.1606],[56.353,27.2016],[56.8088,27.1396],[56.8846,27.0781],[56.8677,27.0123],[56.9733,27.003],[56.9273,26.9556],[57.0524,26.8366],[57.1331,26.2637],[57.2129,26.1662],[57.1668,26.083],[57.1986,25.995],[57.3397,25.7812],[57.5207,25.7436],[57.4826,26.0008],[57.7733,26.5794],[58.2621,26.9009],[58.4046,26.8366],[58.428,27.0295],[58.5942,27.158],[58.7446,27.158],[58.8359,27.2866],[58.9782,27.2223],[58.9945,27.3509],[59.3955,27.5438],[60.244,28.251],[61.0273,29.4723],[61.3701,29.7294],[61.6801,30.2436],[62.1239,30.6292],[62.7259,31.4647],[62.8899,31.529],[63.3014,32.1074],[63.4421,32.0431],[63.6434,32.3002],[63.8726,32.3002],[64.4063,32.6859],[64.3552,32.8145],[64.687,32.943],[64.8287,33.2645],[64.982,33.2645],[65.1117,33.5217],[65.035,33.5217],[65.0617,33.6502],[65.2422,33.7789],[65.3873,34.1004],[65.7505,34.3577],[66.3524,34.2933],[66.4577,34.422],[66.6887,34.422],[66.703,34.4863],[66.3266,34.8723],[66.3365,35.2584],[65.6363,35.5802],[65.6177,35.8377],[65.5402,35.8377],[65.5996,36.0952],[65.4445,36.0952],[65.4744,36.224],[65.3968,36.224],[65.5804,36.6749],[65.3931,36.8682],[65.4239,36.9971],[65.7214,37.5773],[64.6677,38.6743],[64.7009,38.8034],[64.5606,38.868],[64.6109,39.0618],[64.3024,39.385],[64.3366,39.5143],[64.1346,39.6436],[64.1692,39.7729],[63.9673,39.9023],[63.9409,40.0964],[62.8795,39.967],[62.5018,40.0317],[61.202,39.5789],[60.7131,39.5143],[60.6826,39.7083],[60.0518,39.7083],[60.0839,39.8376],[59.7683,39.8376],[59.77,40.1612],[58.9797,40.1612],[58.8537,40.2906],[58.5374,40.2906],[58.332,40.4201],[57.3512,40.2906],[57.2411,40.1612],[57.1139,40.2906],[56.9558,40.2906],[56.9868,40.4201],[56.6548,40.3554],[54.5437,40.8088],[54.2937,40.7804],[54.3182,40.7216],[54.4304,40.7214],[54.3626,40.6879],[54.4036,40.6737],[54.1711,40.7297],[53.721,40.6257],[53.6939,40.7121],[53.4044,40.6792],[53.3794,40.7915],[53.3397,40.744],[52.9433,40.744],[52.9723,40.8736],[52.893,40.8736],[52.7927,40.4201],[52.7251,40.4201],[52.7151,40.364],[52.7505,40.0941],[53.4985,40.0317],[53.5036,39.9747],[53.5745,39.9679],[53.5111,39.8909],[53.5338,39.6376],[53.5335,39.6805],[53.7362,39.5179],[53.1375,39.4496],[53.5176,39.385],[53.9868,38.9972],[53.8298,37.8352],[53.9079,37.8352],[53.9105,37.4483],[54.0947,37.1904],[54.0143,36.8211],[53.0877,36.8037],[52.1859,36.546],[51.2647,36.6105],[50.532,36.8682],[50.611,36.9697],[50.4759,37.0379],[50.3209,36.9971],[49.8541,37.4483],[49.0851,37.5128],[48.8285,37.8352],[48.8736,38.0933],[48.326,38.0933],[47.2516,38.6743],[46.1209,38.4806],[45.8539,38.2869],[45.6349,37.8998],[45.2238,37.7707],[45.1737,37.4483],[45.2517,37.4483],[45.29,37.1904],[45.4458,37.1904],[45.2509,36.9326],[45.1748,36.4175],[45.2213,36.4209],[45.1742,36.4131],[45.1177,36.0308]],[[54.7873,37.6519],[54.8136,37.7186],[54.8234,37.7283],[54.7873,37.6519]],[[55.4474,38.0837],[55.6299,38.1056],[55.511,38.0858],[55.4474,38.0837]],[[55.724,38.1169],[55.7384,38.1186],[55.7688,38.1115],[55.724,38.1169]],[[55.8208,38.0995],[55.8798,38.0858],[55.8541,38.086],[55.8208,38.0995]],[[56.2141,38.0688],[56.3155,38.0895],[56.2997,38.0802],[56.2141,38.0688]],[[57.1814,38.2757],[57.1859,38.2765],[57.2183,38.2651],[57.1814,38.2757]],[[61.1016,35.2353],[61.1038,35.2494],[61.1124,35.202],[61.1016,35.2353]],[[64.589,36.5802],[64.5901,36.5947],[64.6105,36.5009],[64.589,36.5802]],[[64.5911,36.6093],[64.592,36.6211],[64.5985,36.6369],[64.5911,36.6093]],[[64.614,36.6746],[64.6214,36.6926],[64.7652,36.9046],[64.614,36.6746]],[[64.7788,37.118],[64.8079,37.1355],[64.9891,37.2137],[64.7788,37.118]]],[[[55.2926,26.5485],[55.8766,26.7429],[55.947,26.6963],[56.2874,26.9551],[56.2124,27.003],[55.8977,26.9068],[55.758,26.954],[55.7742,26.7969],[55.3045,26.6564],[55.2926,26.5485]]],[[[55.8659,26.6592],[55.8978,26.6672],[55.8943,26.6794],[55.8683,26.6664],[55.8659,26.6592]]]]}},{"type":"Feature","properties":{"territoryId":"cliopatria-q1986139-eb823025a7","name":"Parthian Empire","name_ko":"파르티아 제국","color":"#d9873a","colorFamily":1,"startYear":-143,"endYear":-126,"source_name":"Cliopatria v0.2.0","source_url":"https://github.com/Seshat-Global-History-Databank/cliopatria","license":"CC BY 4.0","attribution":"Seshat Global History Databank, Cliopatria contributors"},"geometry":{"type":"MultiPolygon","coordinates":[[[[43.4202,32.4931],[44.459,31.5933],[44.5814,31.3362],[44.9546,31.2719],[45.7705,30.4364],[46.5906,30.3079],[46.6151,29.858],[46.8497,29.9223],[46.994,29.858],[46.9794,29.7294],[47.2897,29.7937],[47.6464,29.6009],[48.1406,29.5464],[48.1809,29.5622],[47.9956,29.8277],[47.9348,30.1071],[47.969,30.0041],[48.1192,30.045],[48.434,29.9365],[48.5304,29.9564],[48.4766,29.984],[48.6587,29.9836],[48.6433,30.0554],[48.8904,30.0308],[48.9417,30.1651],[48.8623,30.3456],[49.0373,30.4325],[48.9456,30.4797],[48.9815,30.5156],[49.2112,30.5063],[49.2638,30.4497],[49.2029,30.3466],[49.062,30.4081],[48.9212,30.3808],[49.1614,30.2238],[49.2212,30.2646],[49.2457,30.1565],[49.4798,30.1561],[49.5322,30.0229],[50.0241,30.2163],[50.1277,30.1207],[50.1613,29.9263],[50.6553,29.4491],[50.6895,29.2908],[50.6435,29.1458],[50.8403,29.1406],[50.915,29.0867],[50.929,29.0097],[50.8345,28.8914],[51.0588,28.7359],[51.0807,28.5339],[51.2853,28.2409],[51.2698,28.1405],[51.4083,27.9323],[51.5842,27.8511],[52.0112,27.8327],[52.4596,27.6326],[52.6701,27.4486],[52.6098,27.4123],[52.6669,27.3271],[52.9326,27.1603],[53.4441,26.9757],[53.7161,26.7086],[54.0158,26.7495],[54.3081,26.715],[54.62,26.5082],[54.791,26.4958],[55.2708,26.7925],[55.5217,26.7846],[55.5804,26.8591],[55.5545,26.8999],[55.6659,26.9954],[55.9393,27.0267],[56.1237,27.1606],[56.353,27.2016],[56.8088,27.1396],[56.8846,27.0781],[56.8677,27.0123],[56.9733,27.003],[56.9273,26.9556],[57.0524,26.8366],[57.1331,26.2637],[57.2129,26.1662],[57.1668,26.083],[57.1986,25.995],[57.3397,25.7812],[57.5293,25.7442],[57.4826,26.0008],[57.7733,26.5794],[58.2621,26.9009],[58.4046,26.8366],[58.428,27.0295],[58.5942,27.158],[58.7446,27.158],[58.8359,27.2866],[58.9782,27.2223],[58.9945,27.3509],[59.3955,27.5438],[60.244,28.251],[61.0273,29.4723],[61.3701,29.7294],[61.6801,30.2436],[62.1239,30.6292],[62.7259,31.4647],[62.8899,31.529],[63.3014,32.1074],[63.4421,32.0431],[63.6434,32.3002],[63.8726,32.3002],[64.4063,32.6859],[64.3552,32.8145],[64.687,32.943],[64.8287,33.2645],[64.982,33.2645],[65.1117,33.5217],[65.035,33.5217],[65.0617,33.6502],[65.2422,33.7789],[65.3873,34.1004],[65.7505,34.3577],[66.3524,34.2933],[66.4577,34.422],[66.6887,34.422],[66.703,34.4863],[66.3266,34.8723],[66.3365,35.2584],[65.6363,35.5802],[65.6177,35.8377],[65.5402,35.8377],[65.5996,36.0952],[65.4445,36.0952],[65.4744,36.224],[65.3968,36.224],[65.5804,36.6749],[65.3931,36.8682],[65.4706,37.1904],[64.9227,37.1835],[64.6952,36.546],[64.4804,36.2884],[63.6179,35.902],[63.1389,35.8377],[63.1107,35.7089],[63.1881,35.7089],[63.0549,35.4514],[62.3045,35.194],[62.1906,35.3871],[61.804,35.3871],[61.303,35.5802],[61.4849,35.7089],[61.581,36.1596],[61.5034,36.1596],[61.5378,36.6749],[60.9514,37.1904],[60.8735,37.1904],[60.8878,37.2549],[60.9658,37.2549],[60.7751,37.4483],[60.8041,37.5773],[60.6626,37.6417],[60.736,37.9643],[60.531,38.0933],[60.5608,38.2224],[60.3708,38.416],[60.4314,38.6743],[60.3203,38.868],[60.4135,39.2557],[60.7292,39.5789],[60.6504,39.5789],[60.6826,39.7083],[60.0518,39.7083],[60.0839,39.8376],[59.7683,39.8376],[59.77,40.1612],[58.9797,40.1612],[58.8537,40.2906],[58.5374,40.2906],[58.332,40.4201],[57.3512,40.2906],[57.2411,40.1612],[56.9558,40.2906],[56.9868,40.4201],[56.6548,40.3554],[54.5437,40.8088],[54.2937,40.7804],[54.3182,40.7216],[54.4304,40.7214],[54.3626,40.6879],[54.4036,40.6737],[54.1711,40.7297],[53.721,40.6257],[53.6939,40.7121],[53.4044,40.6792],[53.3794,40.7915],[53.3397,40.744],[52.9433,40.744],[52.9723,40.8736],[52.893,40.8736],[52.7927,40.4201],[52.7251,40.4201],[52.7505,40.0941],[53.4985,40.0317],[53.5036,39.9747],[53.5745,39.9679],[53.5111,39.8909],[53.5338,39.6376],[53.5335,39.6805],[53.7362,39.5179],[53.1375,39.4496],[53.5176,39.385],[53.9868,38.9972],[53.8298,37.8352],[53.9079,37.8352],[53.9105,37.4483],[54.0947,37.1904],[54.0143,36.8211],[53.0877,36.8037],[52.1859,36.546],[51.2647,36.6105],[50.532,36.8682],[50.611,36.9697],[50.4759,37.0379],[50.3209,36.9971],[49.8541,37.4483],[49.0851,37.5128],[48.8285,37.8352],[48.8736,38.0933],[48.326,38.0933],[47.2516,38.6743],[46.1209,38.4806],[45.8539,38.2869],[45.6349,37.8998],[45.2238,37.7707],[45.1737,37.4483],[45.2517,37.4483],[45.29,37.1904],[45.4458,37.1904],[45.2509,36.9326],[45.1748,36.4175],[45.2213,36.4209],[45.1742,36.4131],[45.1177,36.0308],[45.1952,36.0308],[45.2171,35.6445],[46.031,35.3871],[47.9542,35.3227],[48.7072,35.194],[48.7153,34.7436],[48.8499,34.615],[48.8591,34.1647],[48.9361,34.1647],[48.8978,33.9075],[48.6296,33.6502],[48.5925,33.3931],[48.8624,33.1359],[48.9115,32.943],[48.7493,32.8788],[48.6143,33.0073],[48.0781,33.0073],[47.9748,32.8145],[47.8217,32.8145],[47.5596,33.1359],[46.6748,33.3931],[46.71,33.6502],[46.4205,33.7789],[46.2254,34.0361],[45.9178,34.0361],[45.9771,33.9075],[45.8567,33.5859],[46.0697,33.4574],[46.0525,33.3288],[45.8991,33.3288],[45.4654,32.943],[45.099,33.0716],[44.6311,33.0073],[44.5708,33.1359],[43.9657,33.2002],[44.1716,33.0073],[44.2084,32.6859],[43.9102,32.7502],[43.4279,32.5574],[43.4202,32.4931]],[[48.1351,30.4429],[48.1409,30.4419],[48.1705,30.4067],[48.1351,30.4429]],[[48.291,30.32],[48.2964,30.3198],[48.3014,30.3149],[48.291,30.32]],[[48.3292,30.2876],[48.397,30.221],[48.4026,30.2088],[48.3292,30.2876]],[[48.3811,30.1453],[48.3832,30.1481],[48.3831,30.1424],[48.3811,30.1453]],[[48.4082,30.1885],[48.4085,30.1961],[48.4106,30.1915],[48.4082,30.1885]],[[48.4239,30.0836],[48.4618,29.9949],[48.4531,30.0014],[48.4239,30.0836]],[[54.7873,37.6519],[54.8136,37.7186],[54.8234,37.7283],[54.7873,37.6519]],[[55.4474,38.0837],[55.6299,38.1056],[55.511,38.0858],[55.4474,38.0837]],[[55.724,38.1169],[55.7384,38.1186],[55.7688,38.1115],[55.724,38.1169]],[[55.8208,38.0995],[55.8798,38.0858],[55.8541,38.086],[55.8208,38.0995]],[[56.2141,38.0688],[56.3155,38.0895],[56.2997,38.0802],[56.2141,38.0688]],[[57.1814,38.2757],[57.1859,38.2765],[57.2183,38.2651],[57.1814,38.2757]],[[61.1016,35.2353],[61.1038,35.2494],[61.1124,35.202],[61.1016,35.2353]]],[[[48.0108,29.9805],[48.0311,29.971],[48.0789,30.0041],[48.1061,30.0176],[48.1092,30.028],[48.0547,30.0245],[48.0108,29.9805]]],[[[48.0461,29.8005],[48.1858,29.6039],[48.3527,29.7098],[48.3445,29.7906],[48.1621,29.9957],[48.1227,29.9697],[48.1974,29.9254],[48.0951,29.8947],[48.1133,29.8391],[48.0461,29.8005]]],[[[55.2926,26.5485],[55.8766,26.7429],[55.947,26.6963],[56.2874,26.9551],[56.2124,27.003],[55.8977,26.9068],[55.758,26.954],[55.7742,26.7969],[55.3045,26.6564],[55.2926,26.5485]]],[[[55.8659,26.6592],[55.8978,26.6672],[55.8943,26.6794],[55.8683,26.6664],[55.8659,26.6592]]],[[[64.9234,37.1853],[64.9351,37.1904],[64.9252,37.1904],[64.9234,37.1853]]]]}},{"type":"Feature","properties":{"territoryId":"cliopatria-q1986139-eb823025a7","name":"Parthian Empire","name_ko":"파르티아 제국","color":"#d9873a","colorFamily":1,"startYear":-125,"endYear":-110,"source_name":"Cliopatria v0.2.0","source_url":"https://github.com/Seshat-Global-History-Databank/cliopatria","license":"CC BY 4.0","attribution":"Seshat Global History Databank, Cliopatria contributors"},"geometry":{"type":"MultiPolygon","coordinates":[[[[51.1317,25.4221],[51.2066,25.4221],[51.2124,25.4864],[51.1375,25.4864],[51.1317,25.4221]]],[[[50.4507,26.1577],[50.4678,25.9576],[50.6075,25.8843],[50.6457,26.1457],[50.5516,26.1942],[50.6035,26.1977],[50.5933,26.2386],[50.4815,26.2426],[50.4507,26.1577]]],[[[50.6024,26.258],[50.6124,26.2413],[50.6478,26.2391],[50.6575,26.2112],[50.6736,26.2026],[50.6789,26.208],[50.681,26.2134],[50.682,26.224],[50.6564,26.2466],[50.656,26.258],[50.6024,26.258]]],[[[40.5336,35.3227],[40.5497,34.1647],[41.2116,33.9075],[41.4886,33.6502],[41.7881,33.5859],[42.0645,33.3288],[42.3636,33.2645],[42.7085,32.943],[43.1526,32.8145],[44.459,31.5933],[44.5814,31.3362],[44.9546,31.2719],[45.7705,30.4364],[46.5906,30.3079],[46.6151,29.858],[46.8497,29.9223],[46.994,29.858],[46.9794,29.7294],[47.2897,29.7937],[47.6538,29.6652],[47.5347,29.2795],[47.6717,29.1509],[47.6505,28.9581],[47.8087,29.0224],[48.0143,28.8295],[48.0003,28.701],[48.1444,28.6367],[48.0551,28.5081],[48.2061,28.5081],[48.2474,28.1867],[48.4669,28.1224],[48.5515,27.4795],[49.0588,27.2866],[49.2651,27.0938],[49.2525,26.9652],[49.8784,26.4508],[49.6745,25.8722],[50.0317,25.6793],[50.3438,24.9721],[50.6158,24.6506],[50.9201,24.7149],[51.1201,25.2936],[50.9647,25.2293],[50.982,25.4221],[51.2302,25.6793],[51.1733,25.8722],[51.3232,25.8722],[51.3504,25.3579],[51.2698,25.2936],[51.4022,25.1007],[51.3274,25.1007],[51.2939,24.7149],[51.1335,24.5864],[51.2028,24.5221],[51.1016,24.2006],[51.1658,24.072],[51.7423,23.9026],[51.5889,24.0894],[51.8219,23.8792],[51.9275,23.6876],[54.2732,23.7506],[54.8121,23.9435],[55.623,24.6506],[55.8412,24.5864],[55.8595,24.7792],[56.09,24.8435],[56.2895,24.5864],[56.2713,24.3935],[56.4894,24.3292],[56.5402,24.072],[56.8211,23.8792],[56.8095,23.7506],[57.8303,23.4934],[57.9736,23.4291],[57.962,23.3006],[58.3347,23.3006],[58.6096,23.0434],[58.9076,23.0434],[58.8961,22.9148],[59.2445,22.9148],[59.0879,23.0484],[58.7621,23.5421],[58.659,23.5625],[58.6045,23.6376],[58.3172,23.6209],[58.1316,23.7133],[57.8877,23.7209],[57.1515,23.9536],[56.9395,24.1159],[56.6112,24.4963],[56.4054,24.8973],[56.37,25.5257],[56.2666,25.6726],[56.3836,25.9261],[56.4533,25.9472],[56.3801,26.0382],[56.473,26.0986],[56.3638,26.1049],[56.3638,26.1458],[56.3359,26.1116],[56.3288,26.1728],[56.3911,26.2011],[56.4798,26.1458],[56.432,26.2215],[56.4873,26.2352],[56.3986,26.2687],[56.501,26.3587],[56.3601,26.3624],[56.3223,26.3096],[56.3638,26.2795],[56.3159,26.2904],[56.3084,26.2215],[56.4041,26.2147],[56.2949,26.1942],[56.1818,26.246],[55.9523,25.7721],[55.9597,25.8237],[55.6263,25.5363],[55.5482,25.5295],[55.551,25.5786],[55.4725,25.4128],[55.3037,25.283],[55.3289,25.2015],[55.2824,25.2607],[55.0823,25.0168],[54.722,24.7973],[54.5744,24.447],[54.3826,24.2546],[54.3245,24.2703],[53.8789,24.0648],[53.5896,24.0471],[53.4458,24.1198],[53.2538,24.0988],[53.0036,24.1635],[52.6813,24.1408],[52.6003,24.2095],[52.4281,24.0526],[52.2244,23.974],[51.8094,24.0007],[51.7684,24.2773],[51.7007,24.2219],[51.6726,24.2781],[51.6487,24.2186],[51.6278,24.2977],[51.5693,24.2562],[51.4129,24.3235],[51.2788,24.3078],[51.476,24.5891],[51.3953,24.6313],[51.3024,24.5172],[51.3064,24.6108],[51.2153,24.6258],[51.3391,24.6462],[51.3406,24.5699],[51.611,25.0224],[51.6076,25.2551],[51.5188,25.2971],[51.4719,25.5214],[51.4914,25.6182],[51.5495,25.6312],[51.5051,25.6872],[51.5901,25.7119],[51.5446,25.7374],[51.5945,25.7582],[51.5594,25.9138],[51.3884,25.967],[51.3139,26.1294],[51.1694,26.1294],[50.9829,25.969],[50.9263,25.6328],[50.9776,25.6461],[50.8987,25.5322],[50.8722,25.5933],[50.8328,25.577],[50.8472,25.4674],[50.7656,25.5121],[50.7578,25.1862],[50.8596,24.7956],[50.7606,24.7364],[50.7264,24.8817],[50.5622,25.0548],[50.4715,25.4372],[50.3814,25.5129],[50.348,25.4821],[50.1487,25.6999],[50.2575,25.6319],[50.1013,25.9895],[50.0241,26.036],[49.99,26.0018],[49.9758,26.1396],[50.021,26.1977],[50.1172,26.0858],[50.2122,26.1913],[50.2092,26.3695],[50.0306,26.4946],[49.9832,26.6837],[50.0064,26.7476],[50.0237,26.6995],[50.1267,26.6876],[49.973,26.8424],[49.6995,26.9582],[49.5114,27.1859],[49.5244,27.1327],[49.3748,27.1491],[49.4124,27.204],[49.3226,27.2057],[49.3128,27.345],[49.2234,27.3313],[49.2638,27.4139],[49.1198,27.4411],[49.2905,27.4753],[49.2398,27.5451],[49.0589,27.5382],[48.9685,27.6203],[48.9143,27.5715],[48.9006,27.633],[48.8318,27.6125],[48.8733,27.6125],[48.8767,27.6838],[48.7788,27.7196],[48.8125,27.8286],[48.805,27.7565],[48.8576,27.8035],[48.8392,27.7286],[48.8827,27.8267],[48.7437,27.9613],[48.792,28.007],[48.6521,28.0461],[48.6184,28.2173],[48.5222,28.3188],[48.5355,28.4076],[48.4688,28.3871],[48.4946,28.5001],[48.3518,28.6405],[48.3936,28.7434],[48.3288,28.76],[48.1585,29.0173],[48.1003,29.35],[47.9857,29.3938],[47.8579,29.323],[47.8164,29.3376],[47.8373,29.3875],[47.7047,29.3636],[47.8662,29.5366],[48.1734,29.5734],[47.9956,29.8277],[47.9348,30.1071],[47.969,30.0041],[48.1192,30.045],[48.4119,29.9384],[48.5593,29.9466],[48.4766,29.984],[48.6108,29.957],[48.6587,29.9836],[48.6433,30.0554],[48.8767,30.0245],[48.9417,30.1651],[48.8623,30.3456],[49.0373,30.4325],[48.9456,30.4797],[48.9815,30.5156],[49.2112,30.5063],[49.2638,30.4497],[49.2029,30.3466],[49.062,30.4081],[48.9212,30.3808],[49.1614,30.2238],[49.2212,30.2646],[49.2457,30.1565],[49.4798,30.1561],[49.5322,30.0229],[50.0241,30.2163],[50.1277,30.1207],[50.1613,29.9263],[50.6553,29.4491],[50.6895,29.2908],[50.6435,29.1458],[50.8403,29.1406],[50.915,29.0867],[50.929,29.0097],[50.8345,28.8914],[51.0588,28.7359],[51.0807,28.5339],[51.2853,28.2409],[51.2698,28.1405],[51.4083,27.9323],[51.5842,27.8511],[52.0112,27.8327],[52.4596,27.6326],[52.6701,27.4486],[52.6098,27.4123],[52.6669,27.3271],[52.9326,27.1603],[53.4441,26.9757],[53.7161,26.7086],[54.0158,26.7495],[54.3081,26.715],[54.62,26.5082],[54.791,26.4958],[55.2708,26.7925],[55.5217,26.7846],[55.5804,26.8591],[55.5545,26.8999],[55.6659,26.9954],[55.9393,27.0267],[56.1237,27.1606],[56.353,27.2016],[56.8088,27.1396],[56.8846,27.0781],[56.8677,27.0123],[56.9733,27.003],[56.9273,26.9556],[57.0524,26.8366],[57.1331,26.2637],[57.2129,26.1662],[57.1668,26.083],[57.1986,25.995],[57.3397,25.7812],[57.5293,25.7442],[57.4826,26.0008],[57.7733,26.5794],[58.2621,26.9009],[58.4046,26.8366],[58.428,27.0295],[58.9111,27.2866],[59.1536,27.9938],[59.3883,28.0581],[59.4145,28.251],[59.8759,28.3153],[59.9119,28.5724],[59.77,28.6367],[59.8731,28.8295],[59.7499,29.0224],[59.8244,30.5007],[59.6932,30.6292],[61.0278,31.3362],[61.0389,31.4005],[60.8439,31.5933],[60.8814,32.236],[60.6574,32.6859],[60.693,32.8788],[60.6164,32.8788],[60.6884,33.2645],[60.8906,33.5217],[60.5959,33.5859],[60.5684,33.8432],[60.4915,33.8432],[60.5664,34.229],[60.8227,34.3577],[60.784,34.5506],[61.0539,34.7436],[61.1855,35.3871],[61.3165,35.6445],[61.4849,35.7089],[61.581,36.1596],[61.5034,36.1596],[61.5378,36.6749],[60.9514,37.1904],[60.8735,37.1904],[60.8878,37.2549],[60.9658,37.2549],[60.7751,37.4483],[60.8041,37.5773],[60.6626,37.6417],[60.736,37.9643],[60.531,38.0933],[60.5608,38.2224],[60.3708,38.416],[60.4314,38.6743],[60.3203,38.868],[60.4135,39.2557],[60.7131,39.5143],[60.7292,39.5789],[60.6504,39.5789],[60.6826,39.7083],[60.0518,39.7083],[60.0839,39.8376],[59.7683,39.8376],[59.77,40.1612],[58.9797,40.1612],[58.8537,40.2906],[58.5374,40.2906],[58.332,40.4201],[57.3512,40.2906],[57.2411,40.1612],[56.9558,40.2906],[56.9868,40.4201],[56.6548,40.3554],[54.5437,40.8088],[54.2937,40.7804],[54.3182,40.7216],[54.4304,40.7214],[54.3626,40.6879],[54.4036,40.6737],[54.1711,40.7297],[53.721,40.6257],[53.6939,40.7121],[53.4044,40.6792],[53.3794,40.7915],[53.3397,40.744],[52.9433,40.744],[52.9723,40.8736],[52.893,40.8736],[52.7927,40.4201],[52.7251,40.4201],[52.7505,40.0941],[53.4985,40.0317],[53.5036,39.9747],[53.5745,39.9679],[53.5111,39.8909],[53.5338,39.6376],[53.5335,39.6805],[53.7362,39.5179],[53.1375,39.4496],[53.5176,39.385],[53.9868,38.9972],[53.8298,37.8352],[53.9079,37.8352],[53.9105,37.4483],[54.0947,37.1904],[54.0143,36.8211],[53.0877,36.8037],[52.1859,36.546],[51.2647,36.6105],[50.532,36.8682],[50.611,36.9697],[50.4759,37.0379],[50.3209,36.9971],[49.8541,37.4483],[49.0851,37.5128],[48.8285,37.8352],[48.8736,38.0933],[48.326,38.0933],[47.2516,38.6743],[46.1209,38.4806],[45.8539,38.2869],[45.6349,37.8998],[45.2238,37.7707],[45.1737,37.4483],[45.2517,37.4483],[45.29,37.1904],[45.4458,37.1904],[45.2509,36.9326],[44.8031,37.0615],[44.7738,37.3838],[44.6374,37.5128],[44.5736,37.5244],[44.5793,37.477],[44.5725,37.5246],[43.5736,37.7062],[43.2828,37.3193],[42.737,37.3193],[42.5538,37.126],[42.3112,37.0615],[42.1113,36.7393],[41.4636,36.546],[40.8619,36.0952],[40.6744,35.8377],[40.6109,35.3227],[40.5336,35.3227]],[[51.5693,24.2562],[51.5776,24.1171],[51.5732,24.1278],[51.5693,24.2562]],[[44.7525,37.1131],[44.7649,37.1394],[44.7544,37.1084],[44.7525,37.1131]],[[44.8666,36.7801],[44.9227,36.7759],[44.8772,36.7765],[44.8666,36.7801]],[[44.9962,36.7417],[45.0353,36.6896],[45.0373,36.6808],[44.9962,36.7417]],[[45.0355,36.633],[45.0426,36.6569],[45.0443,36.6493],[45.0355,36.633]],[[45.0382,36.494],[45.0608,36.4472],[45.0391,36.4798],[45.0382,36.494]],[[45.0791,36.4197],[45.1108,36.4025],[45.0837,36.4128],[45.0791,36.4197]],[[45.1108,36.4025],[45.196,36.4224],[45.2213,36.4209],[45.1108,36.4025]],[[48.1351,30.4429],[48.1409,30.4419],[48.1705,30.4067],[48.1351,30.4429]],[[48.291,30.32],[48.2964,30.3198],[48.3014,30.3149],[48.291,30.32]],[[48.3292,30.2876],[48.397,30.221],[48.4026,30.2088],[48.3292,30.2876]],[[48.3811,30.1453],[48.3832,30.1481],[48.3831,30.1424],[48.3811,30.1453]],[[48.4082,30.1885],[48.4085,30.1961],[48.4106,30.1915],[48.4082,30.1885]],[[48.4239,30.0836],[48.4618,29.9949],[48.4531,30.0014],[48.4239,30.0836]],[[54.7873,37.6519],[54.8136,37.7186],[54.8234,37.7283],[54.7873,37.6519]],[[55.4474,38.0837],[55.6299,38.1056],[55.511,38.0858],[55.4474,38.0837]],[[55.724,38.1169],[55.7384,38.1186],[55.7688,38.1115],[55.724,38.1169]],[[55.7927,24.7223],[55.7936,24.7339],[55.7943,24.7175],[55.7927,24.7223]],[[55.8208,38.0995],[55.8798,38.0858],[55.8541,38.086],[55.8208,38.0995]],[[55.9576,24.8687],[55.9609,24.8812],[55.9636,24.8626],[55.9576,24.8687]],[[56.2141,38.0688],[56.3155,38.0895],[56.2997,38.0802],[56.2141,38.0688]],[[57.1814,38.2757],[57.1859,38.2765],[57.2183,38.2651],[57.1814,38.2757]],[[61.1016,35.2353],[61.1038,35.2494],[61.1124,35.202],[61.1016,35.2353]]],[[[48.0108,29.9805],[48.0311,29.971],[48.0789,30.0041],[48.1061,30.0176],[48.1092,30.028],[48.0547,30.0245],[48.0108,29.9805]]],[[[48.0461,29.8005],[48.1858,29.6039],[48.3527,29.7098],[48.3445,29.7906],[48.1621,29.9957],[48.1227,29.9697],[48.1974,29.9254],[48.0951,29.8947],[48.1133,29.8391],[48.0461,29.8005]]],[[[49.292,27.4714],[49.2927,27.4529],[49.2992,27.4515],[49.292,27.4714]]],[[[51.8558,23.7685],[51.881,23.6863],[51.9244,23.6875],[51.8558,23.7685]]],[[[52.59,24.2566],[52.5922,24.2534],[52.6031,24.2642],[52.6003,24.2649],[52.59,24.2566]]],[[[53.7489,24.1363],[53.7747,24.1301],[53.7915,24.1363],[53.7489,24.1363]]],[[[54.1016,24.2978],[54.1908,24.2272],[54.1501,24.3143],[54.1016,24.2978]]],[[[54.2046,24.2983],[54.2222,24.2845],[54.2393,24.2812],[54.248,24.2855],[54.2046,24.2983]]],[[[55.2926,26.5485],[55.8766,26.7429],[55.947,26.6963],[56.2874,26.9551],[56.2124,27.003],[55.8977,26.9068],[55.758,26.954],[55.7742,26.7969],[55.3045,26.6564],[55.2926,26.5485]]],[[[55.8659,26.6592],[55.8978,26.6672],[55.8943,26.6794],[55.8683,26.6664],[55.8659,26.6592]]]]}},{"type":"Feature","properties":{"territoryId":"cliopatria-q1986139-eb823025a7","name":"Parthian Empire","name_ko":"파르티아 제국","color":"#d9873a","colorFamily":1,"startYear":-109,"endYear":-91,"source_name":"Cliopatria v0.2.0","source_url":"https://github.com/Seshat-Global-History-Databank/cliopatria","license":"CC BY 4.0","attribution":"Seshat Global History Databank, Cliopatria contributors"},"geometry":{"type":"MultiPolygon","coordinates":[[[[51.1317,25.4221],[51.2066,25.4221],[51.2124,25.4864],[51.1375,25.4864],[51.1317,25.4221]]],[[[50.4507,26.1577],[50.4678,25.9576],[50.6075,25.8843],[50.6457,26.1457],[50.5516,26.1942],[50.6035,26.1977],[50.5933,26.2386],[50.4815,26.2426],[50.4507,26.1577]]],[[[50.6024,26.258],[50.6124,26.2413],[50.6478,26.2391],[50.6575,26.2112],[50.6736,26.2026],[50.6789,26.208],[50.681,26.2134],[50.682,26.224],[50.6564,26.2466],[50.656,26.258],[50.6024,26.258]]],[[[37.6381,37.7062],[37.9891,37.3838],[37.958,37.126],[38.1762,36.9971],[38.1302,36.6105],[38.2079,36.6105],[38.0701,36.0952],[38.2657,35.7733],[38.0803,34.8079],[38.3324,34.2933],[38.5563,34.229],[39.1238,34.4863],[39.509,34.4863],[40.4033,34.229],[40.3115,34.1004],[40.8499,34.1004],[40.9117,33.9718],[41.2116,33.9075],[41.4886,33.6502],[42.5783,33.1359],[42.7085,32.943],[43.1526,32.8145],[44.459,31.5933],[44.5814,31.3362],[44.9546,31.2719],[45.7705,30.4364],[46.5906,30.3079],[46.6151,29.858],[46.8497,29.9223],[46.994,29.858],[46.9794,29.7294],[47.2897,29.7937],[47.6538,29.6652],[47.5347,29.2795],[47.6717,29.1509],[47.6505,28.9581],[47.8087,29.0224],[48.0143,28.8295],[48.0003,28.701],[48.1444,28.6367],[48.0551,28.5081],[48.2061,28.5081],[48.2474,28.1867],[48.4669,28.1224],[48.5515,27.4795],[49.0588,27.2866],[49.2651,27.0938],[49.2525,26.9652],[49.8784,26.4508],[49.6745,25.8722],[50.0317,25.6793],[50.3438,24.9721],[50.6158,24.6506],[50.9201,24.7149],[51.1201,25.2936],[50.9647,25.2293],[50.982,25.4221],[51.2302,25.6793],[51.1733,25.8722],[51.3232,25.8722],[51.3504,25.3579],[51.2698,25.2936],[51.4022,25.1007],[51.3274,25.1007],[51.2939,24.7149],[51.1335,24.5864],[51.2028,24.5221],[51.1016,24.2006],[51.1658,24.072],[51.7423,23.9026],[51.5889,24.0894],[51.8219,23.8792],[51.9275,23.6876],[54.2732,23.7506],[54.8121,23.9435],[55.623,24.6506],[55.8412,24.5864],[55.8595,24.7792],[56.09,24.8435],[56.2895,24.5864],[56.2713,24.3935],[56.4894,24.3292],[56.5402,24.072],[56.8211,23.8792],[56.8095,23.7506],[57.8303,23.4934],[57.9736,23.4291],[57.962,23.3006],[58.3347,23.3006],[58.6096,23.0434],[58.9076,23.0434],[58.8961,22.9148],[59.2445,22.9148],[59.0879,23.0484],[58.7621,23.5421],[58.659,23.5625],[58.6045,23.6376],[58.3172,23.6209],[58.1316,23.7133],[57.8877,23.7209],[57.1515,23.9536],[56.9395,24.1159],[56.6112,24.4963],[56.4054,24.8973],[56.37,25.5257],[56.2666,25.6726],[56.3836,25.9261],[56.4533,25.9472],[56.3801,26.0382],[56.473,26.0986],[56.3638,26.1049],[56.3638,26.1458],[56.3359,26.1116],[56.3288,26.1728],[56.3911,26.2011],[56.4798,26.1458],[56.432,26.2215],[56.4873,26.2352],[56.3986,26.2687],[56.501,26.3587],[56.3601,26.3624],[56.3223,26.3096],[56.3638,26.2795],[56.3159,26.2904],[56.3084,26.2215],[56.4041,26.2147],[56.2949,26.1942],[56.1818,26.246],[55.9523,25.7721],[55.9597,25.8237],[55.6263,25.5363],[55.5482,25.5295],[55.551,25.5786],[55.4725,25.4128],[55.3037,25.283],[55.3289,25.2015],[55.2824,25.2607],[55.0823,25.0168],[54.722,24.7973],[54.5744,24.447],[54.3826,24.2546],[54.3245,24.2703],[53.8789,24.0648],[53.5896,24.0471],[53.4458,24.1198],[53.2538,24.0988],[53.0036,24.1635],[52.6813,24.1408],[52.6003,24.2095],[52.4281,24.0526],[52.2244,23.974],[51.8094,24.0007],[51.7684,24.2773],[51.7007,24.2219],[51.6726,24.2781],[51.6487,24.2186],[51.6278,24.2977],[51.5693,24.2562],[51.4129,24.3235],[51.2788,24.3078],[51.476,24.5891],[51.3953,24.6313],[51.3024,24.5172],[51.3064,24.6108],[51.2153,24.6258],[51.3391,24.6462],[51.3406,24.5699],[51.611,25.0224],[51.6076,25.2551],[51.5188,25.2971],[51.4719,25.5214],[51.4914,25.6182],[51.5495,25.6312],[51.5051,25.6872],[51.5901,25.7119],[51.5446,25.7374],[51.5945,25.7582],[51.5594,25.9138],[51.3884,25.967],[51.3139,26.1294],[51.1694,26.1294],[50.9829,25.969],[50.9263,25.6328],[50.9776,25.6461],[50.8987,25.5322],[50.8722,25.5933],[50.8328,25.577],[50.8472,25.4674],[50.7656,25.5121],[50.7578,25.1862],[50.8596,24.7956],[50.7606,24.7364],[50.7264,24.8817],[50.5622,25.0548],[50.4715,25.4372],[50.3814,25.5129],[50.348,25.4821],[50.1487,25.6999],[50.2575,25.6319],[50.1013,25.9895],[50.0241,26.036],[49.99,26.0018],[49.9758,26.1396],[50.021,26.1977],[50.1172,26.0858],[50.2122,26.1913],[50.2092,26.3695],[50.0306,26.4946],[49.9832,26.6837],[50.0064,26.7476],[50.0237,26.6995],[50.1267,26.6876],[49.973,26.8424],[49.6995,26.9582],[49.5114,27.1859],[49.5244,27.1327],[49.3748,27.1491],[49.4124,27.204],[49.3226,27.2057],[49.3128,27.345],[49.2234,27.3313],[49.2638,27.4139],[49.1198,27.4411],[49.2905,27.4753],[49.2398,27.5451],[49.0589,27.5382],[48.9685,27.6203],[48.9143,27.5715],[48.9006,27.633],[48.8318,27.6125],[48.8733,27.6125],[48.8767,27.6838],[48.7788,27.7196],[48.8125,27.8286],[48.805,27.7565],[48.8576,27.8035],[48.8392,27.7286],[48.8827,27.8267],[48.7437,27.9613],[48.792,28.007],[48.6521,28.0461],[48.6184,28.2173],[48.5222,28.3188],[48.5355,28.4076],[48.4688,28.3871],[48.4946,28.5001],[48.3518,28.6405],[48.3936,28.7434],[48.3288,28.76],[48.1585,29.0173],[48.1003,29.35],[47.9857,29.3938],[47.8579,29.323],[47.8164,29.3376],[47.8373,29.3875],[47.7047,29.3636],[47.8662,29.5366],[48.1734,29.5734],[47.9956,29.8277],[47.9348,30.1071],[47.969,30.0041],[48.1192,30.045],[48.434,29.9365],[48.5304,29.9564],[48.4766,29.984],[48.6587,29.9836],[48.6433,30.0554],[48.8904,30.0308],[48.9417,30.1651],[48.8623,30.3456],[49.0373,30.4325],[48.9456,30.4797],[48.9815,30.5156],[49.2112,30.5063],[49.2638,30.4497],[49.2029,30.3466],[49.062,30.4081],[48.9212,30.3808],[49.1614,30.2238],[49.2212,30.2646],[49.2457,30.1565],[49.4798,30.1561],[49.5322,30.0229],[50.0241,30.2163],[50.1277,30.1207],[50.1613,29.9263],[50.6553,29.4491],[50.6895,29.2908],[50.6435,29.1458],[50.8403,29.1406],[50.915,29.0867],[50.929,29.0097],[50.8345,28.8914],[51.0588,28.7359],[51.0807,28.5339],[51.2853,28.2409],[51.2698,28.1405],[51.4083,27.9323],[51.5842,27.8511],[52.0112,27.8327],[52.4596,27.6326],[52.6701,27.4486],[52.6098,27.4123],[52.6669,27.3271],[52.9326,27.1603],[53.4441,26.9757],[53.7161,26.7086],[54.0158,26.7495],[54.3081,26.715],[54.62,26.5082],[54.791,26.4958],[55.2708,26.7925],[55.5217,26.7846],[55.5804,26.8591],[55.5545,26.8999],[55.6659,26.9954],[55.9393,27.0267],[56.1237,27.1606],[56.353,27.2016],[56.8088,27.1396],[56.8846,27.0781],[56.8677,27.0123],[56.9733,27.003],[56.9273,26.9556],[57.0524,26.8366],[57.0872,26.4061],[57.2129,26.1662],[57.1668,26.083],[57.1986,25.995],[57.3493,25.7803],[57.4609,25.7605],[57.7733,26.5794],[58.9111,27.2866],[59.0527,27.8009],[59.4145,28.251],[59.7161,28.251],[59.8848,28.3795],[59.9028,28.5081],[59.7609,28.5724],[59.8291,30.0508],[59.7533,30.0508],[59.8141,30.4364],[59.6725,30.5007],[59.6932,30.6292],[60.6252,31.2076],[61.0278,31.3362],[61.0501,31.4647],[60.8439,31.5933],[60.8814,32.236],[60.6574,32.6859],[60.693,32.8788],[60.6164,32.8788],[60.6884,33.2645],[60.8906,33.5217],[60.5959,33.5859],[60.5684,33.8432],[60.4915,33.8432],[60.5664,34.229],[60.8227,34.3577],[60.784,34.5506],[61.0539,34.7436],[61.1855,35.3871],[61.3165,35.6445],[61.4849,35.7089],[61.581,36.1596],[61.5034,36.1596],[61.5378,36.6749],[60.9514,37.1904],[60.8735,37.1904],[60.8878,37.2549],[60.9658,37.2549],[60.7751,37.4483],[60.8041,37.5773],[60.6626,37.6417],[60.736,37.9643],[60.531,38.0933],[60.5608,38.2224],[60.3708,38.416],[60.4314,38.6743],[60.3203,38.868],[60.4135,39.2557],[60.7131,39.5143],[60.7292,39.5789],[60.6504,39.5789],[60.6826,39.7083],[60.0518,39.7083],[60.0839,39.8376],[59.7683,39.8376],[59.77,40.1612],[58.9797,40.1612],[58.8537,40.2906],[58.5374,40.2906],[58.332,40.4201],[57.3512,40.2906],[57.1621,40.1612],[57.1139,40.2906],[56.9558,40.2906],[56.9868,40.4201],[56.6548,40.3554],[54.5437,40.8088],[54.2937,40.7804],[54.3182,40.7216],[54.4304,40.7214],[54.3626,40.6879],[54.4036,40.6737],[54.1711,40.7297],[53.721,40.6257],[53.6939,40.7121],[53.4044,40.6792],[53.3794,40.7915],[53.3397,40.744],[52.9433,40.744],[52.9723,40.8736],[52.893,40.8736],[52.7927,40.4201],[52.7251,40.4201],[52.7505,40.0941],[53.4985,40.0317],[53.5036,39.9747],[53.5745,39.9679],[53.5111,39.8909],[53.5338,39.6376],[53.5335,39.6805],[53.7362,39.5179],[53.1375,39.4496],[53.5176,39.385],[53.9868,38.9972],[53.8298,37.8352],[53.9079,37.8352],[53.9105,37.4483],[54.0947,37.1904],[54.0331,36.8458],[53.8892,36.7936],[53.4887,36.8682],[52.586,36.6105],[51.642,36.546],[50.8207,36.7393],[50.532,36.8682],[50.611,36.9697],[50.4759,37.0379],[50.3209,36.9971],[49.9988,37.3838],[49.0851,37.5128],[48.8843,37.7062],[48.8411,38.3515],[48.7627,38.3515],[48.8206,38.6743],[48.7422,38.6743],[48.9275,39.2557],[48.7822,39.3203],[48.8065,39.4496],[48.6733,39.5789],[48.3035,39.7083],[47.5151,39.7083],[47.3812,39.8376],[47.0538,39.7729],[46.4696,40.0317],[46.4814,40.0964],[46.2007,40.2906],[45.5241,40.4849],[45.4922,40.744],[45.6747,40.8736],[45.4727,41.068],[45.2345,41.068],[45.2586,41.1977],[45.1238,41.3274],[44.9552,41.2627],[45.06,41.3274],[44.8852,41.3274],[44.8464,40.6792],[44.5179,40.6144],[44.6419,40.4201],[44.4952,40.0317],[44.4971,39.5789],[44.3967,39.4496],[44.071,39.385],[44.1075,39.1265],[44.3593,38.7389],[44.3182,38.4806],[43.9546,38.1578],[43.9348,38.0288],[44.0131,38.0288],[43.886,37.7062],[42.802,37.7707],[41.6666,38.0288],[40.5716,38.0288],[40.5983,38.2224],[39.3803,38.4806],[39.363,38.3515],[39.1978,38.2869],[39.1807,38.1578],[38.8677,38.1578],[38.658,38.3515],[38.423,38.3515],[38.3116,38.0933],[38.147,38.0288],[37.764,38.0933],[37.6381,37.7062]],[[51.5693,24.2562],[51.5776,24.1171],[51.5732,24.1278],[51.5693,24.2562]],[[42.7157,37.3553],[42.7805,37.3755],[42.788,37.3732],[42.7157,37.3553]],[[42.7951,37.371],[42.8011,37.3691],[42.8141,37.3468],[42.7951,37.371]],[[44.5699,37.5144],[44.5732,37.5275],[44.5793,37.477],[44.5699,37.5144]],[[44.692,39.793],[44.7746,39.7028],[44.7769,39.6984],[44.692,39.793]],[[44.7525,37.1131],[44.7649,37.1394],[44.7544,37.1084],[44.7525,37.1131]],[[44.8011,39.653],[44.8085,39.6391],[44.807,39.6399],[44.8011,39.653]],[[44.814,39.6362],[44.8723,39.6251],[44.8278,39.6288],[44.814,39.6362]],[[44.8666,36.7801],[44.9227,36.7759],[44.8772,36.7765],[44.8666,36.7801]],[[44.9962,36.7417],[45.0353,36.6896],[45.0373,36.6808],[44.9962,36.7417]],[[45.0355,36.633],[45.0426,36.6569],[45.0443,36.6493],[45.0355,36.633]],[[45.0382,36.494],[45.0608,36.4472],[45.0391,36.4798],[45.0382,36.494]],[[45.0791,36.4197],[45.1108,36.4025],[45.0837,36.4128],[45.0791,36.4197]],[[45.0922,39.3444],[45.096,39.3411],[45.1358,39.2785],[45.0922,39.3444]],[[45.1108,36.4025],[45.196,36.4224],[45.2213,36.4209],[45.1108,36.4025]],[[45.753,39.5635],[45.7655,39.5616],[45.7739,39.5549],[45.753,39.5635]],[[46.1064,38.8682],[46.1359,38.8637],[46.1261,38.8627],[46.1064,38.8682]],[[46.5901,38.9137],[46.6522,38.9929],[46.5992,38.9197],[46.5901,38.9137]],[[48.1351,30.4429],[48.1409,30.4419],[48.1705,30.4067],[48.1351,30.4429]],[[48.291,30.32],[48.2964,30.3198],[48.3014,30.3149],[48.291,30.32]],[[48.3292,30.2876],[48.397,30.221],[48.4026,30.2088],[48.3292,30.2876]],[[48.3811,30.1453],[48.3832,30.1481],[48.3831,30.1424],[48.3811,30.1453]],[[48.4082,30.1885],[48.4085,30.1961],[48.4106,30.1915],[48.4082,30.1885]],[[48.4239,30.0836],[48.4618,29.9949],[48.4531,30.0014],[48.4239,30.0836]],[[54.7873,37.6519],[54.8136,37.7186],[54.8234,37.7283],[54.7873,37.6519]],[[55.4474,38.0837],[55.6299,38.1056],[55.511,38.0858],[55.4474,38.0837]],[[55.724,38.1169],[55.7384,38.1186],[55.7688,38.1115],[55.724,38.1169]],[[55.7927,24.7223],[55.7936,24.7339],[55.7943,24.7175],[55.7927,24.7223]],[[55.8208,38.0995],[55.8798,38.0858],[55.8541,38.086],[55.8208,38.0995]],[[55.9576,24.8687],[55.9609,24.8812],[55.9636,24.8626],[55.9576,24.8687]],[[56.2141,38.0688],[56.3155,38.0895],[56.2997,38.0802],[56.2141,38.0688]],[[57.1814,38.2757],[57.1859,38.2765],[57.2183,38.2651],[57.1814,38.2757]],[[61.1016,35.2353],[61.1038,35.2494],[61.1124,35.202],[61.1016,35.2353]]],[[[48.0108,29.9805],[48.0311,29.971],[48.0789,30.0041],[48.1061,30.0176],[48.1092,30.028],[48.0547,30.0245],[48.0108,29.9805]]],[[[48.0461,29.8005],[48.1858,29.6039],[48.3527,29.7098],[48.3445,29.7906],[48.1621,29.9957],[48.1227,29.9697],[48.1974,29.9254],[48.0951,29.8947],[48.1133,29.8391],[48.0461,29.8005]]],[[[49.292,27.4714],[49.2927,27.4529],[49.2992,27.4515],[49.292,27.4714]]],[[[51.8558,23.7685],[51.881,23.6863],[51.9244,23.6875],[51.8558,23.7685]]],[[[52.59,24.2566],[52.5922,24.2534],[52.6031,24.2642],[52.6003,24.2649],[52.59,24.2566]]],[[[53.7489,24.1363],[53.7747,24.1301],[53.7915,24.1363],[53.7489,24.1363]]],[[[54.1016,24.2978],[54.1908,24.2272],[54.1501,24.3143],[54.1016,24.2978]]],[[[54.2046,24.2983],[54.2222,24.2845],[54.2393,24.2812],[54.248,24.2855],[54.2046,24.2983]]],[[[55.2926,26.5485],[55.8766,26.7429],[55.947,26.6963],[56.2874,26.9551],[56.2124,27.003],[55.8977,26.9068],[55.758,26.954],[55.7742,26.7969],[55.3045,26.6564],[55.2926,26.5485]]],[[[55.8659,26.6592],[55.8978,26.6672],[55.8943,26.6794],[55.8683,26.6664],[55.8659,26.6592]]],[[[47.0656,39.8376],[47.1445,39.8376],[47.1564,39.9023],[47.0775,39.9023],[47.0656,39.8376]]],[[[46.9196,39.9023],[46.9986,39.9023],[47.0104,39.967],[46.9315,39.967],[46.9196,39.9023]]]]}},{"type":"Feature","properties":{"territoryId":"cliopatria-q2320005-a5f580c0ac","name":"Ptolemaic Kingdom","name_ko":"프톨레마이오스 왕국","color":"#3eea87","colorFamily":2,"startYear":-163,"endYear":-126,"source_name":"Cliopatria v0.2.0","source_url":"https://github.com/Seshat-Global-History-Databank/cliopatria","license":"CC BY 4.0","attribution":"Seshat Global History Databank, Cliopatria contributors"},"geometry":{"type":"MultiPolygon","coordinates":[[[[18.812,30.0508],[19.5719,30.1151],[19.6514,30.2436],[19.9567,30.3079],[20.5822,30.8863],[21.9507,30.8863],[22.8527,30.6292],[22.8476,30.5007],[23.2273,30.5007],[23.6669,30.1151],[24.2627,29.858],[24.4061,29.6652],[24.8549,29.5366],[24.9224,29.3438],[25.225,29.3438],[25.8829,28.8295],[26.8471,28.4438],[27.285,28.1224],[27.2763,27.9295],[27.4299,27.9938],[27.792,27.6724],[27.7109,27.5438],[27.9367,27.5438],[28.1537,27.3509],[28.2702,26.5794],[28.3453,26.5794],[28.2437,25.9365],[28.2886,25.165],[28.5688,24.6506],[29.6728,24.2006],[29.9595,23.8792],[30.1087,23.8792],[30.104,23.7506],[30.3952,23.5577],[30.4627,23.3649],[31.6705,23.7506],[32.0409,23.6863],[33.389,23.8149],[33.7564,23.6863],[35.108,23.8792],[35.4808,23.8253],[35.5139,23.9771],[35.7925,23.9023],[35.7386,23.9833],[35.4938,24.1089],[35.3919,24.2828],[35.1446,24.5002],[35.1603,24.5746],[34.5466,25.725],[34.3387,26.0018],[34.014,26.6116],[33.9414,26.6535],[33.9961,26.8966],[33.8368,27.1208],[33.8384,27.2426],[33.6917,27.3419],[33.4963,27.6466],[33.5877,27.651],[33.5579,27.7599],[33.4735,27.8232],[33.5921,27.7912],[33.5544,27.8965],[33.2494,28.1429],[33.0029,28.4895],[32.8689,28.5789],[32.8069,28.7781],[32.6255,28.9727],[32.6589,29.1108],[32.5812,29.3691],[32.3377,29.5925],[32.5092,29.8664],[32.4769,29.9322],[32.5715,29.9426],[32.5778,30.0114],[32.5805,29.9447],[33.1506,30.1794],[34.3029,30.3722],[34.5455,30.565],[34.2972,31.2719],[33.7493,31.0791],[32.8317,31.0148],[32.8055,31.0655],[32.6665,31.0523],[32.7907,31.0941],[32.5322,31.0791],[32.3894,31.2076],[32.2625,31.1696],[32.3039,31.0791],[31.9996,31.0791],[31.9063,31.2516],[31.7806,31.2076],[31.8077,31.2812],[31.7691,31.2988],[31.8741,31.4647],[31.2658,31.4647],[31.1215,31.5275],[31.0291,31.5185],[30.9807,31.4365],[30.7985,31.4465],[30.7344,31.3881],[30.5427,31.395],[30.6916,31.4647],[30.352,31.4647],[30.3019,31.3422],[30.3388,31.2719],[30.2887,31.2379],[29.9904,31.2719],[29.8315,31.1513],[29.8696,31.0791],[29.6332,30.9506],[29.5543,30.9848],[29.4481,30.9336],[29.3971,30.822],[28.865,30.822],[28.4964,31.0148],[27.5149,31.1434],[27.2975,31.3362],[26.9303,31.4411],[25.248,31.4647],[25.102,31.5933],[25.1097,31.7462],[24.8925,31.9789],[24.0907,32.0058],[23.3043,32.1999],[23.3122,32.1627],[23.1486,32.236],[23.1863,32.295],[23.0806,32.3341],[23.0894,32.6216],[22.1138,32.9413],[21.5698,32.8788],[21.4117,32.7502],[21.0578,32.7736],[20.8712,32.6216],[20.7962,32.6428],[20.6898,32.6041],[20.7159,32.5574],[20.563,32.5574],[20.482,32.4288],[20.417,32.4565],[20.3255,32.4098],[20.2461,32.236],[20.141,32.236],[20.0606,32.1583],[19.9961,31.5933],[20.2143,31.2719],[20.1221,30.7578],[19.5014,30.3079],[19.0568,30.2662],[18.8944,30.3079],[18.812,30.0508]],[[24.6883,30.1442],[24.6887,30.1828],[24.6967,30.127],[24.6883,30.1442]],[[24.6887,30.1828],[24.7629,30.3171],[24.767,30.3214],[24.6887,30.1828]]],[[[23.1087,32.4023],[23.1284,32.3955],[23.1313,32.4072],[23.1096,32.4164],[23.1087,32.4023]]],[[[30.1795,31.2714],[30.1849,31.2719],[30.1795,31.2719],[30.1795,31.2714]]],[[[30.2409,31.2653],[30.2648,31.2719],[30.2479,31.2719],[30.2409,31.2653]]],[[[30.9691,31.5785],[30.9739,31.5799],[30.9739,31.5867],[30.9695,31.5854],[30.9691,31.5785]]],[[[30.978,31.5843],[31.119,31.5305],[31.1608,31.5935],[30.978,31.5843]]],[[[33.9551,26.79],[34.0036,26.7082],[34.0029,26.7316],[33.9756,26.79],[33.9551,26.79]]],[[[32.2717,35.0728],[32.3294,34.8864],[32.459,34.7219],[32.7099,34.6458],[32.9136,34.6567],[32.9425,34.5794],[33.0303,34.5685],[33.0156,34.6344],[33.0864,34.6948],[33.2601,34.7005],[33.5917,34.8203],[33.7015,34.9729],[34.0685,34.9979],[33.9431,35.0653],[34.0123,35.0638],[33.8999,35.1645],[33.9121,35.26],[34.5384,35.671],[33.6603,35.3593],[33.4275,35.3289],[32.9231,35.3871],[32.9294,35.233],[32.8652,35.157],[32.6897,35.1839],[32.4138,35.043],[32.2717,35.0728]],[[33.7592,34.9887],[33.7911,34.9824],[33.7874,34.98],[33.7592,34.9887]],[[32.712,35.1731],[32.7315,35.1432],[32.7127,35.1634],[32.712,35.1731]],[[33.4666,35.0051],[33.4675,35.0126],[33.4768,35.0027],[33.4666,35.0051]],[[33.6195,35.0168],[33.7115,34.9856],[33.7029,34.9879],[33.6195,35.0168]],[[33.6794,35.0349],[33.7022,35.0223],[33.6794,35.0339],[33.6794,35.0349]],[[33.6966,35.009],[33.7022,35.0223],[33.7002,35.0067],[33.6966,35.009]],[[33.8412,35.0511],[33.8801,35.0731],[33.8551,35.0534],[33.8412,35.0511]]]]}},{"type":"Feature","properties":{"territoryId":"cliopatria-q2320005-a5f580c0ac","name":"Ptolemaic Kingdom","name_ko":"프톨레마이오스 왕국","color":"#3eea87","colorFamily":2,"startYear":-125,"endYear":-110,"source_name":"Cliopatria v0.2.0","source_url":"https://github.com/Seshat-Global-History-Databank/cliopatria","license":"CC BY 4.0","attribution":"Seshat Global History Databank, Cliopatria contributors"},"geometry":{"type":"MultiPolygon","coordinates":[[[[18.812,30.0508],[19.5719,30.1151],[19.6514,30.2436],[19.9567,30.3079],[20.5822,30.8863],[21.9507,30.8863],[22.8527,30.6292],[22.8476,30.5007],[23.2273,30.5007],[23.6669,30.1151],[24.2627,29.858],[24.4061,29.6652],[24.8549,29.5366],[24.9224,29.3438],[25.225,29.3438],[25.8829,28.8295],[26.8471,28.4438],[27.285,28.1224],[27.2763,27.9295],[27.4299,27.9938],[27.792,27.6724],[27.7109,27.5438],[27.9367,27.5438],[28.1537,27.3509],[28.2702,26.5794],[28.3453,26.5794],[28.2437,25.9365],[28.2886,25.165],[28.5688,24.6506],[29.6728,24.2006],[29.9595,23.8792],[30.1087,23.8792],[30.104,23.7506],[30.3952,23.5577],[30.4627,23.3649],[31.6705,23.7506],[32.0409,23.6863],[33.389,23.8149],[33.7564,23.6863],[35.108,23.8792],[35.4808,23.8253],[35.5139,23.9771],[35.7925,23.9023],[35.7386,23.9833],[35.4938,24.1089],[35.3919,24.2828],[35.1446,24.5002],[35.1603,24.5746],[34.5466,25.725],[34.3387,26.0018],[34.014,26.6116],[33.9414,26.6535],[33.9961,26.8966],[33.8368,27.1208],[33.8384,27.2426],[33.6917,27.3419],[33.4963,27.6466],[33.5877,27.651],[33.5579,27.7599],[33.4735,27.8232],[33.5921,27.7912],[33.5544,27.8965],[33.2494,28.1429],[33.0029,28.4895],[32.8689,28.5789],[32.8069,28.7781],[32.6255,28.9727],[32.6589,29.1108],[32.5812,29.3691],[32.3377,29.5925],[32.5092,29.8664],[32.4679,29.9152],[32.5134,29.9616],[32.5709,29.9433],[32.5778,30.0114],[32.5789,29.9471],[33.0747,30.1794],[33.3304,30.565],[33.445,31.0791],[32.8317,31.0148],[32.8055,31.0655],[32.6665,31.0523],[32.7907,31.0941],[32.6016,31.061],[32.3894,31.2076],[32.2944,31.2076],[32.3039,31.0791],[32.1065,31.0534],[31.9996,31.0791],[31.9063,31.2516],[31.7806,31.2076],[31.8077,31.2812],[31.7691,31.2988],[31.8741,31.4647],[31.2658,31.4647],[31.1215,31.5275],[31.0291,31.5185],[30.9807,31.4365],[30.7985,31.4465],[30.7344,31.3881],[30.5427,31.395],[30.6916,31.4647],[30.352,31.4647],[30.3019,31.3422],[30.3388,31.2719],[30.2887,31.2379],[29.9904,31.2719],[29.8315,31.1513],[29.8696,31.0791],[29.6332,30.9506],[29.5543,30.9848],[29.4481,30.9336],[29.3971,30.822],[28.865,30.822],[28.4964,31.0148],[27.5149,31.1434],[27.2975,31.3362],[26.9303,31.4411],[25.248,31.4647],[25.102,31.5933],[25.1097,31.7462],[24.8925,31.9789],[24.0907,32.0058],[23.3043,32.1999],[23.3122,32.1627],[23.1486,32.236],[23.1863,32.295],[23.0806,32.3341],[23.0894,32.6216],[22.1138,32.9413],[21.5698,32.8788],[21.4117,32.7502],[21.0578,32.7736],[20.8712,32.6216],[20.7962,32.6428],[20.6898,32.6041],[20.7159,32.5574],[20.563,32.5574],[20.482,32.4288],[20.417,32.4565],[20.3255,32.4098],[20.2461,32.236],[20.141,32.236],[20.0606,32.1583],[19.9961,31.5933],[20.2143,31.2719],[20.1221,30.7578],[19.5014,30.3079],[19.0568,30.2662],[18.8944,30.3079],[18.812,30.0508]],[[24.6883,30.1442],[24.6887,30.1828],[24.6967,30.127],[24.6883,30.1442]],[[24.6887,30.1828],[24.7629,30.3171],[24.767,30.3214],[24.6887,30.1828]]],[[[23.1087,32.4023],[23.1284,32.3955],[23.1313,32.4072],[23.1096,32.4164],[23.1087,32.4023]]],[[[30.1795,31.2714],[30.1849,31.2719],[30.1795,31.2719],[30.1795,31.2714]]],[[[30.2409,31.2653],[30.2648,31.2719],[30.2479,31.2719],[30.2409,31.2653]]],[[[30.9691,31.5785],[30.9739,31.5799],[30.9739,31.5867],[30.9695,31.5854],[30.9691,31.5785]]],[[[30.978,31.5843],[31.119,31.5305],[31.1608,31.5935],[30.978,31.5843]]],[[[33.9551,26.79],[34.0036,26.7082],[34.0029,26.7316],[33.9756,26.79],[33.9551,26.79]]],[[[32.2717,35.0728],[32.3294,34.8864],[32.459,34.7219],[32.7099,34.6458],[32.9136,34.6567],[32.9425,34.5794],[33.0303,34.5685],[33.0156,34.6344],[33.0864,34.6948],[33.2601,34.7005],[33.5917,34.8203],[33.7015,34.9729],[34.0685,34.9979],[33.9431,35.0653],[34.0123,35.0638],[33.8999,35.1645],[33.9121,35.26],[34.5384,35.671],[33.6603,35.3593],[33.4275,35.3289],[32.9231,35.3871],[32.9294,35.233],[32.8652,35.157],[32.6897,35.1839],[32.4138,35.043],[32.2717,35.0728]],[[33.7592,34.9887],[33.7911,34.9824],[33.7874,34.98],[33.7592,34.9887]],[[32.712,35.1731],[32.7315,35.1432],[32.7127,35.1634],[32.712,35.1731]],[[33.4666,35.0051],[33.4675,35.0126],[33.4768,35.0027],[33.4666,35.0051]],[[33.6195,35.0168],[33.7115,34.9856],[33.7029,34.9879],[33.6195,35.0168]],[[33.6794,35.0349],[33.7022,35.0223],[33.6794,35.0339],[33.6794,35.0349]],[[33.6966,35.009],[33.7022,35.0223],[33.7002,35.0067],[33.6966,35.009]],[[33.8412,35.0511],[33.8801,35.0731],[33.8551,35.0534],[33.8412,35.0511]]]]}},{"type":"Feature","properties":{"territoryId":"cliopatria-q2320005-a5f580c0ac","name":"Ptolemaic Kingdom","name_ko":"프톨레마이오스 왕국","color":"#3eea87","colorFamily":2,"startYear":-109,"endYear":-31,"source_name":"Cliopatria v0.2.0","source_url":"https://github.com/Seshat-Global-History-Databank/cliopatria","license":"CC BY 4.0","attribution":"Seshat Global History Databank, Cliopatria contributors"},"geometry":{"type":"MultiPolygon","coordinates":[[[[24.7201,29.9223],[24.8632,29.7294],[24.8494,29.4081],[25.3735,29.2795],[25.5863,28.9581],[27.1401,28.251],[27.285,28.1224],[27.2763,27.9295],[27.4299,27.9938],[27.792,27.6724],[27.7109,27.5438],[27.9367,27.5438],[28.1537,27.3509],[28.2702,26.5794],[28.3453,26.5794],[28.2437,25.9365],[28.2886,25.165],[28.5688,24.6506],[29.6728,24.2006],[29.9595,23.8792],[30.1087,23.8792],[30.104,23.7506],[30.3952,23.5577],[30.4627,23.3649],[31.6705,23.7506],[32.0409,23.6863],[33.389,23.8149],[33.7564,23.6863],[35.108,23.8792],[35.4808,23.8253],[35.5139,23.9771],[35.7925,23.9023],[35.7386,23.9833],[35.4938,24.1089],[35.3919,24.2828],[35.1446,24.5002],[35.1603,24.5746],[34.5466,25.725],[34.3387,26.0018],[34.014,26.6116],[33.9414,26.6535],[33.9961,26.8966],[33.8368,27.1208],[33.8384,27.2426],[33.6917,27.3419],[33.4963,27.6466],[33.5877,27.651],[33.5579,27.7599],[33.4735,27.8232],[33.5921,27.7912],[33.5544,27.8965],[33.2494,28.1429],[33.0029,28.4895],[32.8689,28.5789],[32.8069,28.7781],[32.6255,28.9727],[32.6589,29.1108],[32.5812,29.3691],[32.3377,29.5925],[32.5092,29.8664],[32.4679,29.9152],[32.5134,29.9616],[32.5709,29.9433],[32.5778,30.0114],[32.5789,29.9471],[33.0747,30.1794],[33.3304,30.565],[33.445,31.0791],[32.8317,31.0148],[32.8055,31.0655],[32.6665,31.0523],[32.7907,31.0941],[32.6016,31.061],[32.3894,31.2076],[32.2944,31.2076],[32.3039,31.0791],[32.1065,31.0534],[31.9996,31.0791],[31.9063,31.2516],[31.7806,31.2076],[31.8077,31.2812],[31.7691,31.2988],[31.8741,31.4647],[31.2658,31.4647],[31.1215,31.5275],[31.0291,31.5185],[30.9807,31.4365],[30.7985,31.4465],[30.7344,31.3881],[30.5427,31.395],[30.6916,31.4647],[30.352,31.4647],[30.3019,31.3422],[30.3388,31.2719],[30.2887,31.2379],[29.9904,31.2719],[29.8635,31.1964],[29.7894,31.0148],[29.6079,31.0148],[29.4481,30.9336],[29.3971,30.822],[28.865,30.822],[28.4964,31.0148],[27.5149,31.1434],[27.2975,31.3362],[26.9303,31.4411],[25.248,31.4647],[25.1603,31.5933],[25.102,31.5933],[24.8641,31.4005],[24.9826,30.6935],[24.7429,30.4364],[24.7201,29.9223]]],[[[30.1795,31.2714],[30.1849,31.2719],[30.1795,31.2719],[30.1795,31.2714]]],[[[30.2409,31.2653],[30.2648,31.2719],[30.2479,31.2719],[30.2409,31.2653]]],[[[30.9691,31.5785],[30.9739,31.5799],[30.9739,31.5867],[30.9695,31.5854],[30.9691,31.5785]]],[[[30.978,31.5843],[31.119,31.5305],[31.1608,31.5935],[30.978,31.5843]]],[[[33.9551,26.79],[34.0036,26.7082],[34.0029,26.7316],[33.9756,26.79],[33.9551,26.79]]],[[[32.2717,35.0728],[32.3294,34.8864],[32.459,34.7219],[32.7099,34.6458],[32.9136,34.6567],[32.9425,34.5794],[33.0303,34.5685],[33.0156,34.6344],[33.0864,34.6948],[33.2601,34.7005],[33.5917,34.8203],[33.7015,34.9729],[34.0685,34.9979],[33.9431,35.0653],[34.0123,35.0638],[33.8999,35.1645],[33.9121,35.26],[34.5384,35.671],[33.6603,35.3593],[33.4275,35.3289],[32.9231,35.3871],[32.9294,35.233],[32.8652,35.157],[32.6897,35.1839],[32.4138,35.043],[32.2717,35.0728]],[[33.7592,34.9887],[33.7911,34.9824],[33.7874,34.98],[33.7592,34.9887]],[[32.712,35.1731],[32.7315,35.1432],[32.7127,35.1634],[32.712,35.1731]],[[33.4666,35.0051],[33.4675,35.0126],[33.4768,35.0027],[33.4666,35.0051]],[[33.6195,35.0168],[33.7115,34.9856],[33.7029,34.9879],[33.6195,35.0168]],[[33.6794,35.0349],[33.7022,35.0223],[33.6794,35.0339],[33.6794,35.0349]],[[33.6966,35.009],[33.7022,35.0223],[33.7002,35.0067],[33.6966,35.009]],[[33.8412,35.0511],[33.8801,35.0731],[33.8551,35.0534],[33.8412,35.0511]]]]}},{"type":"Feature","properties":{"territoryId":"cliopatria-q748595-3af3059f01","name":"Qataban","name_ko":"카타반","color":"#3a59d9","colorFamily":0,"startYear":-349,"endYear":-110,"source_name":"Cliopatria v0.2.0","source_url":"https://github.com/Seshat-Global-History-Databank/cliopatria","license":"CC BY 4.0","attribution":"Seshat Global History Databank, Cliopatria contributors"},"geometry":{"type":"Polygon","coordinates":[[[44.2061,14.9432],[44.7774,14.6218],[45.1549,14.8147],[45.2283,14.8147],[45.2984,14.7504],[45.7497,14.9432],[46.3412,15.0075],[46.5761,15.2647],[46.5798,15.329],[46.1494,15.5218],[45.8551,15.5218],[45.8479,15.3933],[45.179,15.2647],[45.025,15.1361],[44.2897,15.1361],[44.2864,15.0718],[44.2061,14.9432]]]}},{"type":"Feature","properties":{"territoryId":"cliopatria-q748595-3af3059f01","name":"Qataban","name_ko":"카타반","color":"#3a59d9","colorFamily":0,"startYear":-109,"endYear":-66,"source_name":"Cliopatria v0.2.0","source_url":"https://github.com/Seshat-Global-History-Databank/cliopatria","license":"CC BY 4.0","attribution":"Seshat Global History Databank, Cliopatria contributors"},"geometry":{"type":"Polygon","coordinates":[[[44.2897,15.1361],[44.4166,14.7504],[44.9277,14.6861],[45.0079,14.8147],[45.5958,14.8147],[45.5992,14.8789],[46.3412,15.0075],[46.5761,15.2647],[46.5798,15.329],[46.1494,15.5218],[45.8551,15.5218],[45.8479,15.3933],[45.179,15.2647],[45.025,15.1361],[44.2897,15.1361]]]}},{"type":"Feature","properties":{"territoryId":"cliopatria-q175881-b6b4ba388a","name":"Roman Republic","name_ko":"로마 공화국","color":"#75a9f0","colorFamily":0,"startYear":-163,"endYear":-144,"source_name":"Cliopatria v0.2.0","source_url":"https://github.com/Seshat-Global-History-Databank/cliopatria","license":"CC BY 4.0","attribution":"Seshat Global History Databank, Cliopatria contributors"},"geometry":{"type":"MultiPolygon","coordinates":[[[[14.3384,35.9455],[14.3815,35.843],[14.5618,35.8298],[14.5078,35.9285],[14.3773,35.9936],[14.3384,35.9455]]],[[[-7.5754,37.6417],[-7.5539,37.3838],[-7.4653,37.2549],[-6.9042,37.2549],[-6.8527,37.2952],[-6.8854,37.2549],[-6.6192,37.0288],[-6.4323,36.9971],[-6.3473,36.8187],[-6.3447,36.9013],[-6.1948,36.9321],[-6.3382,36.8837],[-6.3409,36.8054],[-6.0661,36.2289],[-5.8311,36.224],[-5.6403,36.0422],[-5.3215,36.2067],[-5.2282,36.4816],[-4.6888,36.546],[-4.4686,36.7393],[-2.6801,36.7393],[-2.5321,36.8682],[-2.0616,36.8037],[-1.8574,37.3193],[-1.6521,37.3626],[-1.7087,37.4483],[-1.2427,37.5792],[-1.1717,37.5518],[-0.7078,37.6411],[-0.8099,37.6669],[-0.8561,37.7425],[-0.788,37.8228],[-0.7607,37.7961],[-0.8035,38.0288],[-0.6609,38.2869],[0.0994,38.7389],[-0.3137,39.1265],[-0.3454,39.7083],[-0.1265,40.0317],[0.1825,40.1612],[0.2478,40.4201],[0.7093,40.6792],[0.6958,40.9384],[1.2384,41.1977],[2.1066,41.3274],[2.3336,41.5869],[2.5725,41.5869],[2.9626,41.7816],[2.8692,42.1063],[2.7123,42.0413],[2.7179,41.9114],[1.997,41.9764],[1.422,42.3012],[1.1822,42.3012],[1.1788,42.3662],[-0.2764,42.6262],[-0.8495,42.8213],[-0.9381,42.9515],[-1.2591,42.9515],[-1.3305,42.8213],[-1.4909,42.8213],[-1.5489,42.4962],[-1.6289,42.4962],[-1.6069,42.1712],[-1.7534,41.9764],[-1.652,41.6518],[-1.7316,41.6518],[-1.781,41.1977],[-2.0989,41.1977],[-2.0064,41.0032],[-2.3063,40.744],[-2.4648,40.744],[-3.2065,40.0317],[-3.5921,39.9023],[-3.81,39.6436],[-4.3425,39.385],[-5.041,39.2557],[-5.4824,38.868],[-5.8699,38.8034],[-6.0114,38.6097],[-7.2224,38.0933],[-7.2845,37.8998],[-7.5754,37.6417]],[[-7.5297,37.5672],[-7.5236,37.5732],[-7.5275,37.5614],[-7.5297,37.5672]],[[-7.5223,37.5475],[-7.496,37.5121],[-7.5154,37.5293],[-7.5223,37.5475]],[[-7.445,37.3868],[-7.4276,37.2745],[-7.4322,37.2639],[-7.445,37.3868]]],[[[-0.7545,37.7744],[-0.7469,37.6838],[-0.7265,37.6652],[-0.7401,37.7025],[-0.7327,37.7477],[-0.7545,37.7744]]],[[[8.1567,40.7718],[8.1974,40.6912],[8.1618,40.5638],[8.1934,40.6175],[8.2163,40.5706],[8.312,40.5781],[8.386,40.3518],[8.4761,40.2921],[8.49,40.1045],[8.3772,40.0338],[8.4004,39.9361],[8.5453,39.8786],[8.5044,39.7215],[8.5658,39.7011],[8.4553,39.7561],[8.4634,39.5769],[8.374,39.3789],[8.4321,39.3018],[8.4095,39.1693],[8.5596,39.0567],[8.606,38.9088],[8.7166,38.9326],[8.8533,38.878],[9.0183,38.9953],[9.0183,39.1461],[9.0798,39.2246],[9.0139,39.2639],[9.166,39.1871],[9.2922,39.2213],[9.4052,39.1521],[9.5664,39.1492],[9.7111,39.9293],[9.6262,40.2631],[9.8225,40.5327],[9.6579,40.7999],[9.724,40.8449],[9.6141,40.8934],[9.6421,40.9206],[9.5042,40.9269],[9.6469,40.9922],[9.5119,41.0163],[9.5541,41.1239],[9.4691,41.1462],[9.4429,41.092],[9.4224,41.1807],[9.1711,41.2426],[9.1419,41.1528],[9.0055,41.1219],[8.8225,40.9473],[8.5205,40.827],[8.3102,40.8507],[8.1812,40.9341],[8.2153,40.8814],[8.1567,40.7718]]],[[[8.3533,39.0556],[8.4312,38.9661],[8.4839,39.0698],[8.3701,39.1131],[8.3533,39.0556]]],[[[9.3767,41.2147],[9.377,41.2133],[9.3953,41.2106],[9.4007,41.2115],[9.3767,41.2147]]],[[[9.437,41.1859],[9.4644,41.1727],[9.4749,41.1793],[9.4749,41.2014],[9.445,41.2055],[9.437,41.1859]]],[[[8.5453,42.2329],[8.5938,42.1745],[8.5596,42.154],[8.745,42.0566],[8.6457,41.9774],[8.8054,41.9069],[8.7508,41.8455],[8.7849,41.8244],[8.6551,41.7499],[8.9227,41.6946],[8.8018,41.6391],[8.7918,41.5612],[9.0798,41.4824],[9.0964,41.4035],[9.2255,41.3771],[9.2107,41.4482],[9.3506,41.5812],[9.2922,41.6264],[9.3467,41.6196],[9.4016,41.7064],[9.4032,41.9529],[9.5596,42.1466],[9.5281,42.5635],[9.4429,42.6406],[9.464,42.9901],[9.3467,43.0037],[9.3057,42.8393],[9.3425,42.7491],[9.2922,42.6748],[9.1178,42.732],[8.787,42.562],[8.7092,42.5792],[8.6595,42.4299],[8.5491,42.3771],[8.6878,42.2729],[8.5453,42.2329]]],[[[9.4566,42.6474],[9.4768,42.6191],[9.4769,42.6201],[9.4821,42.6201],[9.4566,42.6474]]],[[[-1.7711,42.2362],[-1.7667,42.1712],[-1.6868,42.1712],[-1.6912,42.2362],[-1.7711,42.2362]]],[[[10.1632,42.8164],[10.1963,42.7362],[10.3379,42.7648],[10.4307,42.7221],[10.3888,42.7635],[10.4367,42.8044],[10.4124,42.8734],[10.3473,42.8059],[10.1632,42.8164]]],[[[-0.9424,43.0165],[-0.9381,42.9515],[-0.8579,42.9515],[-0.8621,43.0165],[-0.9424,43.0165]]],[[[14.2616,44.6158],[14.2712,44.6125],[14.2619,44.6282],[14.2616,44.6158]]],[[[14.2625,44.6582],[14.2742,44.6617],[14.2804,44.6776],[14.2658,44.6795],[14.2629,44.6771],[14.2625,44.6582]]],[[[14.2925,44.9403],[14.4279,44.6566],[14.5047,44.6191],[14.4592,44.9154],[14.2925,44.9403]]],[[[14.3358,44.7168],[14.363,44.5734],[14.5024,44.516],[14.3358,44.7168]]],[[[27.708,36.1688],[27.7519,35.905],[27.9934,36.062],[28.0896,36.0551],[28.0617,36.1165],[28.1634,36.2377],[28.2311,36.4498],[27.8997,36.3402],[27.708,36.1688]]],[[[26.9177,36.7161],[27.1854,36.8037],[27.1442,36.8811],[26.9177,36.7161]]],[[[27.1794,37.6106],[27.31,37.4483],[27.2383,37.3426],[27.4072,37.4127],[27.4385,37.3908],[27.3921,37.3538],[27.5392,37.3838],[27.5644,37.2735],[27.616,37.2747],[27.598,37.126],[28.3294,37.0368],[28.2124,37.0004],[28.1653,36.9116],[28.1034,36.9353],[28.0583,36.7721],[28.1184,36.8006],[28.1305,36.754],[28.0314,36.6749],[28.1961,36.6854],[28.2572,36.8462],[28.315,36.8291],[28.2934,36.7959],[28.452,36.8836],[29.1249,36.7393],[29.2163,36.3291],[29.3496,36.2326],[29.4116,36.2674],[29.4666,36.224],[29.938,36.224],[30.0261,36.3528],[30.4919,36.3528],[30.5137,36.6105],[29.7208,36.4172],[29.5707,36.4816],[29.602,36.8682],[29.7011,37.126],[29.4002,37.2549],[29.2602,37.4483],[28.7245,37.5773],[28.6778,37.9643],[28.4537,38.0933],[28.1408,38.0933],[27.969,37.8998],[27.7296,37.8352],[27.2431,37.8352],[27.1794,37.6106]]],[[[27.5815,37.1982],[27.5831,37.1912],[27.5877,37.1988],[27.5815,37.1982]]],[[[20.1453,39.6436],[20.1517,39.6402],[20.1519,39.6436],[20.1453,39.6436]]],[[[23.7344,41.3274],[23.8842,41.1977],[23.9636,41.1977],[24.0337,41.068],[24.3466,41.0032],[25.1384,41.0101],[25.1358,40.9692],[25.8495,40.9384],[26.0822,40.8736],[26.0716,40.744],[26.621,40.6792],[27.1813,40.744],[27.5275,41.068],[27.9814,41.0145],[28.1688,41.1328],[28.5613,41.0232],[28.5519,41.0805],[28.6329,41.0032],[29.0362,41.068],[28.9791,41.252],[28.3525,41.3922],[28.1419,41.5989],[28.0528,41.5869],[27.9661,41.8489],[28.0043,41.9114],[27.9245,41.9114],[27.9307,41.9764],[27.6115,41.9764],[27.4641,42.1063],[26.8253,42.1063],[26.3179,41.7816],[25.2019,41.7816],[25.0322,41.6518],[24.7186,41.7167],[23.7484,41.522],[23.7344,41.3274]],[[24.1262,41.5294],[24.1463,41.5268],[24.1702,41.5116],[24.1262,41.5294]],[[24.1816,41.5374],[24.1963,41.547],[24.2121,41.5518],[24.1816,41.5374]],[[25.1771,41.2939],[25.2308,41.248],[25.2197,41.2497],[25.1771,41.2939]],[[26.0475,41.6746],[26.0493,41.6823],[26.055,41.6488],[26.0475,41.6746]],[[26.0522,41.6952],[26.0537,41.7015],[26.0579,41.7035],[26.0522,41.6952]],[[26.1312,41.5527],[26.1525,41.547],[26.1544,41.5437],[26.1312,41.5527]],[[26.1459,41.478],[26.1602,41.5019],[26.1593,41.4938],[26.1459,41.478]],[[26.1589,41.5362],[26.1631,41.5291],[26.1617,41.5157],[26.1589,41.5362]],[[26.2304,41.7466],[26.2344,41.7458],[26.2739,41.7149],[26.2304,41.7466]],[[26.3668,41.7112],[26.3774,41.7106],[26.4044,41.6918],[26.3668,41.7112]],[[26.5837,41.3326],[26.6097,41.3307],[26.5911,41.3293],[26.5837,41.3326]]],[[[8.026,44.4507],[8.1089,44.3201],[8.031,44.1243],[8.1934,44.0591],[8.1916,44.1896],[8.5925,44.4507],[9.1591,44.4507],[9.7274,44.1243],[9.9697,44.1243],[9.9627,44.0447],[10.1314,44.0591],[10.3742,43.6678],[10.5391,43.0796],[11.0163,42.8213],[11.0159,42.6629],[11.176,42.6262],[11.2552,42.4312],[11.4152,42.4312],[11.569,42.3314],[11.6548,42.3662],[11.8128,42.1063],[12.1317,42.0413],[12.1305,41.9131],[13,41.3274],[13.7145,41.2625],[13.862,41.1328],[13.9506,41.1328],[14.1046,40.8736],[14.4219,40.8736],[14.4194,40.7517],[14.4741,40.7297],[14.4363,40.6792],[14.8934,40.6792],[15.0414,40.2259],[15.1995,40.2259],[15.4319,40.0317],[15.5349,40.0778],[15.7478,40.0317],[15.7136,39.978],[15.7736,39.8424],[15.8989,39.7729],[16.1165,39.0618],[16.2703,38.9326],[16.2652,38.7389],[15.9497,38.6743],[15.8621,38.2869],[15.6328,38.2203],[15.6982,37.9643],[15.9328,37.9643],[16.4919,38.416],[16.5024,38.8034],[17.1383,39.0618],[17.0697,39.385],[16.9162,39.5143],[16.4473,39.6436],[16.4567,39.967],[16.6769,40.1511],[16.6245,40.2906],[16.777,40.2906],[16.9137,40.4464],[16.868,40.4849],[17.0285,40.5496],[17.3452,40.5496],[17.4175,40.3554],[17.8131,40.3554],[18.1122,39.9023],[18.3489,39.9023],[18.4381,40.1612],[17.9812,40.6144],[17.5107,40.744],[17.2027,41.0032],[15.9439,41.3922],[15.8738,41.7167],[16.1149,41.7816],[16.1189,41.9114],[15.2414,41.9114],[14.7659,42.0413],[14.7178,42.1506],[14.6077,42.1063],[14.0565,42.4962],[13.9014,42.7563],[13.9329,42.8295],[13.8625,43.0186],[13.7471,43.0816],[13.6726,43.4072],[13.3874,43.6413],[13.0338,43.733],[13.019,43.8567],[12.8734,43.7982],[12.313,44.1896],[12.1537,44.4507],[12.1572,44.8426],[12.4001,44.7989],[12.4026,45.0388],[12.3688,45.011],[12.16,45.1696],[12.1628,45.4968],[12.6522,45.5623],[12.8168,45.6933],[13.0658,45.6401],[13.1448,45.8243],[13.7149,45.7588],[13.7393,45.6491],[13.8081,45.6143],[13.7119,45.5933],[13.7529,45.5529],[13.7102,45.4968],[13.5473,45.4968],[13.5448,45.3427],[13.7056,45.235],[13.8032,44.908],[13.9432,44.908],[13.9457,45.0388],[14.1552,45.0388],[14.1962,45.3659],[14.6031,45.3659],[14.576,45.2623],[14.8528,45.0937],[14.9187,44.9734],[14.9113,44.6789],[15.308,44.3544],[15.5287,44.2718],[15.2612,44.3326],[15.2953,44.2507],[15.1981,44.3017],[15.1765,44.25],[15.2129,44.131],[15.4591,43.9938],[15.4551,43.928],[15.6186,43.9286],[15.6954,43.7982],[15.8566,43.7982],[16.0117,43.6027],[15.9595,43.504],[16.5754,43.6027],[16.7342,43.5375],[16.7302,43.4247],[17.0513,43.4072],[17.1139,43.2132],[17.2058,43.1691],[17.3654,43.2118],[17.3606,43.0893],[17.4336,43.0174],[17.502,43.031],[17.5156,42.9589],[17.6632,42.8864],[17.8339,42.8864],[18.2191,42.5984],[18.6286,42.4482],[18.6873,42.4829],[18.7063,42.4197],[18.852,42.3662],[19.4436,41.8653],[19.5916,41.8188],[19.5576,41.6605],[19.613,41.6053],[19.4715,41.5823],[19.5297,41.522],[19.4438,41.3922],[19.5233,41.3922],[19.4555,41.1485],[19.5234,40.9206],[19.3688,40.8022],[19.3044,40.6531],[19.4863,40.6144],[19.4714,40.2906],[19.6295,40.2906],[20.0094,39.967],[19.9876,39.7083],[20.155,39.7083],[20.4808,39.2557],[21.3139,39.2557],[21.3206,39.385],[20.9434,39.7083],[20.9501,39.8376],[20.5588,39.9023],[20.5719,40.1612],[20.9052,40.4849],[20.9156,40.6792],[20.8364,40.6792],[20.8505,40.9384],[20.5434,41.1328],[20.4954,41.7167],[20.7454,41.9114],[20.7527,42.0413],[21.0797,42.1712],[21.0835,42.2362],[20.9237,42.2362],[20.6187,42.4962],[20.6261,42.6262],[20.3822,42.5612],[20.3094,42.6912],[20.1492,42.6912],[20.2364,42.8213],[19.595,42.8213],[19.5215,42.9515],[19.6051,43.0165],[19.2038,43.0165],[18.8308,43.2769],[18.8952,43.2769],[18.8984,43.3421],[18.8179,43.3421],[18.8154,43.2877],[18.7375,43.3421],[18.5737,43.2769],[18.3443,43.5375],[17.8612,43.5375],[17.386,43.733],[17.313,43.9286],[17.1492,43.8634],[17.0735,43.9938],[16.912,43.9938],[16.6792,44.2548],[16.5175,44.2548],[16.126,44.6466],[15.8058,44.7773],[15.8198,45.235],[15.9824,45.235],[15.9072,45.4313],[15.9907,45.4968],[15.2683,45.8898],[15.2701,45.9554],[14.9451,46.0209],[14.9484,46.1521],[13.8024,46.0865],[13.6412,46.2177],[12.905,46.2177],[12.5749,45.9554],[12.4116,45.9554],[12.4103,45.8243],[12.0824,45.6278],[11.5112,45.4968],[10.8597,45.4968],[10.5337,45.6278],[8.9035,45.6278],[8.5792,45.4968],[8.581,45.3659],[8.3397,45.1696],[8.3434,44.908],[8.026,44.4507]],[[18.4437,42.8345],[18.4517,42.8023],[18.4446,42.8171],[18.4437,42.8345]],[[18.4598,42.7852],[18.4838,42.7525],[18.4674,42.7692],[18.4598,42.7852]],[[19.2749,42.1913],[19.4004,42.3259],[19.2764,42.1857],[19.2749,42.1913]],[[19.2803,42.1714],[19.2925,42.1577],[19.2821,42.1646],[19.2803,42.1714]],[[19.4004,42.3259],[19.4027,42.352],[19.4111,42.3648],[19.4004,42.3259]],[[19.4152,42.371],[19.4172,42.3741],[19.5178,42.458],[19.4152,42.371]],[[19.6218,42.605],[19.676,42.6467],[19.6993,42.6548],[19.6218,42.605]],[[19.7516,42.4934],[19.792,42.4729],[19.7845,42.4746],[19.7516,42.4934]],[[19.8102,42.4687],[19.8267,42.4697],[19.8196,42.4665],[19.8102,42.4687]],[[20.0248,42.7234],[20.1039,42.6531],[20.0361,42.708],[20.0248,42.7234]],[[20.0248,42.7234],[20.0265,42.7432],[20.0332,42.7473],[20.0248,42.7234]],[[20.0392,42.5578],[20.065,42.5468],[20.1526,42.4937],[20.0392,42.5578]],[[20.2166,42.7983],[20.2176,42.8027],[20.2226,42.8037],[20.2166,42.7983]],[[20.249,39.6848],[20.2875,39.7112],[20.2827,39.7044],[20.249,39.6848]],[[20.3334,42.3179],[20.457,42.2505],[20.4741,42.2352],[20.3334,42.3179]],[[20.4862,42.2243],[20.5008,42.2112],[20.5203,42.1761],[20.4862,42.2243]],[[20.5405,42.1396],[20.5494,42.1235],[20.5522,42.0738],[20.5405,42.1396]]],[[[12.4905,37.7062],[13.192,37.5773],[13.6022,37.2505],[14.2779,37.126],[14.6723,36.7393],[15.0498,36.7393],[15.2102,36.9971],[15.2133,37.1583],[15.0592,37.2549],[15.0665,37.6417],[15.3895,38.1578],[15.5432,38.1578],[15.5865,38.2377],[14.0562,37.9643],[13.6652,37.9643],[13.3547,38.1578],[13.1199,38.1578],[13.0404,38.0288],[12.6522,38.0929],[12.4919,37.8998],[12.4905,37.7062]]],[[[14.5158,45.1042],[14.7791,45.0187],[14.6653,45.0873],[14.6653,45.1618],[14.5974,45.1664],[14.5959,45.2375],[14.5158,45.1042]]],[[[14.9089,44.5813],[14.9595,44.5396],[14.9729,44.5361],[15.0142,44.5187],[15.0073,44.5045],[15.0755,44.4841],[15.0412,44.5275],[15.0039,44.5361],[14.9663,44.5734],[14.9095,44.6068],[14.9089,44.5813]]],[[[15.0415,44.4766],[15.1597,44.3262],[15.2271,44.3264],[15.1651,44.3674],[15.2544,44.34],[15.0415,44.4766]]],[[[15.1642,44.3057],[15.1652,44.3012],[15.1724,44.2991],[15.1642,44.3057]]],[[[15.2158,44.072],[15.2187,44.0591],[15.2398,44.0534],[15.2258,44.0662],[15.2158,44.072]]],[[[15.401,43.904],[15.4461,43.8875],[15.4268,43.9221],[15.4165,43.928],[15.401,43.904]]],[[[16.7272,43.3421],[16.7959,43.3559],[16.7282,43.3691],[16.7272,43.3421]]],[[[17.3552,42.9515],[17.4376,42.9515],[17.3905,42.9777],[17.3566,42.9879],[17.3552,42.9515]]],[[[17.5079,42.7563],[17.5159,42.7684],[17.5085,42.7718],[17.5079,42.7563]]],[[[17.5119,42.8554],[17.6218,42.8864],[17.5261,42.9218],[17.5119,42.8554]]],[[[19.7578,39.6436],[19.9065,39.5814],[19.8416,39.7042],[19.947,39.7729],[19.7637,39.7729],[19.7578,39.6436]]]]}},{"type":"Feature","properties":{"territoryId":"cliopatria-q175881-b6b4ba388a","name":"Roman Republic","name_ko":"로마 공화국","color":"#75a9f0","colorFamily":0,"startYear":-143,"endYear":-126,"source_name":"Cliopatria v0.2.0","source_url":"https://github.com/Seshat-Global-History-Databank/cliopatria","license":"CC BY 4.0","attribution":"Seshat Global History Databank, Cliopatria contributors"},"geometry":{"type":"MultiPolygon","coordinates":[[[[8.6764,36.4172],[8.6783,36.224],[8.8352,36.0308],[8.8369,35.8377],[8.9924,35.7733],[8.9171,35.5158],[9.2283,35.2584],[9.3856,34.8079],[10.0045,34.2933],[10.0815,34.2933],[10.8512,34.8079],[10.8512,34.9366],[11.0181,35.0342],[11.055,35.1404],[11.0057,35.3871],[11.0831,35.5073],[11.0169,35.5986],[10.851,35.6445],[10.8317,35.7185],[10.4635,35.902],[10.5349,36.3573],[10.4625,36.4172],[11.0062,36.8037],[11.0063,36.9971],[10.5187,36.7558],[10.3553,36.7312],[10.1885,36.7976],[10.2685,36.9378],[10.1824,37.027],[10.2271,37.1177],[10.1281,37.1587],[10.2272,37.1949],[10.1501,37.2337],[9.9934,37.1904],[9.8716,37.2574],[9.8196,37.2276],[9.925,37.2131],[9.9143,37.1783],[9.8159,37.1518],[9.7718,37.2133],[9.8536,37.2673],[9.759,37.3193],[9.3969,37.2594],[9.0595,37.0615],[8.9723,37.0975],[8.7567,36.9743],[8.9083,36.546],[8.6764,36.4172]]],[[[14.3384,35.9455],[14.3815,35.843],[14.5618,35.8298],[14.5078,35.9285],[14.3773,35.9936],[14.3384,35.9455]]],[[[-9.4975,38.8098],[-9.4717,38.7025],[-9.3218,38.6703],[-9.1125,38.7142],[-9.1003,38.8302],[-8.9359,39.0407],[-8.7651,39.0977],[-8.9432,39.0152],[-9.0115,38.9134],[-8.9426,38.7756],[-9.1077,38.6589],[-9.2324,38.6684],[-9.1838,38.5515],[-9.2085,38.416],[-8.9549,38.5051],[-8.7884,38.4814],[-8.7733,38.5653],[-8.7362,38.4519],[-8.6068,38.4187],[-8.8226,38.4463],[-8.7744,38.1869],[-8.817,37.7403],[-8.7522,37.7308],[-8.819,37.6273],[-8.816,37.4179],[-8.9969,37.0218],[-8.7011,37.126],[-7.7972,37.0121],[-7.459,37.178],[-7.4653,37.2549],[-6.9042,37.2549],[-6.8527,37.2952],[-6.8854,37.2549],[-6.5435,36.9851],[-6.3467,36.8958],[-6.1948,36.9321],[-6.3382,36.8837],[-6.3301,36.6749],[-6.1794,36.5135],[-6.2146,36.4793],[-6.0688,36.2325],[-5.8311,36.224],[-5.6403,36.0422],[-5.3215,36.2067],[-5.2282,36.4816],[-4.6888,36.546],[-4.4686,36.7393],[-2.6801,36.7393],[-2.5321,36.8682],[-2.0616,36.8037],[-1.8574,37.3193],[-1.6521,37.3626],[-1.7087,37.4483],[-1.2427,37.5792],[-1.1717,37.5518],[-0.7078,37.6411],[-0.8099,37.6669],[-0.8561,37.7425],[-0.788,37.8228],[-0.7607,37.7961],[-0.8035,38.0288],[-0.6609,38.2869],[0.0994,38.7389],[-0.3137,39.1265],[-0.3454,39.7083],[-0.1265,40.0317],[0.1825,40.1612],[0.2478,40.4201],[0.7093,40.6792],[0.6958,40.9384],[1.2384,41.1977],[2.1066,41.3274],[2.3336,41.5869],[2.5725,41.5869],[2.9626,41.7816],[2.8692,42.1063],[2.7123,42.0413],[2.7179,41.9114],[1.997,41.9764],[1.422,42.3012],[1.1822,42.3012],[1.1788,42.3662],[0.859,42.3662],[0.7719,42.4962],[0.4555,42.4312],[0.288,42.5612],[-0.685,42.7563],[-0.9381,42.9515],[-1.2591,42.9515],[-1.3305,42.8213],[-1.4909,42.8213],[-1.5489,42.4962],[-1.6289,42.4962],[-1.6069,42.1712],[-1.7534,41.9764],[-1.652,41.6518],[-1.7316,41.6518],[-1.781,41.1977],[-2.0989,41.1977],[-2.0064,41.0032],[-2.3063,40.744],[-2.4648,40.744],[-3.2065,40.0317],[-3.5921,39.9023],[-3.81,39.6436],[-4.3425,39.385],[-5.041,39.2557],[-5.4824,38.868],[-7.1093,38.6097],[-7.1988,38.7389],[-7.2773,38.7389],[-7.2829,38.8034],[-7.4342,38.7389],[-7.4455,38.868],[-7.6754,38.8034],[-7.7654,38.9326],[-8.1581,38.9326],[-8.2545,39.1265],[-8.5751,39.1911],[-8.666,39.3203],[-8.8234,39.3203],[-8.8358,39.4496],[-9.0721,39.4496],[-9.1274,39.5278],[-9.2176,39.4062],[-9.395,39.3733],[-9.3509,39.1973],[-9.4975,38.8098]],[[-7.5297,37.5672],[-7.5236,37.5732],[-7.5275,37.5614],[-7.5297,37.5672]],[[-7.5223,37.5475],[-7.496,37.5121],[-7.5154,37.5293],[-7.5223,37.5475]],[[-7.445,37.3868],[-7.4276,37.2745],[-7.4322,37.2639],[-7.445,37.3868]]],[[[-9.0797,38.8201],[-9.0414,38.8492],[-9.0346,38.8642],[-9.0411,38.8676],[-9.0614,38.8522],[-9.0797,38.8201]]],[[[-8.9426,38.4814],[-8.9114,38.4658],[-8.8817,38.4707],[-8.9045,38.4864],[-8.9273,38.4938],[-8.9426,38.4814]]],[[[-0.7545,37.7744],[-0.7469,37.6838],[-0.7265,37.6652],[-0.7401,37.7025],[-0.7327,37.7477],[-0.7545,37.7744]]],[[[8.1567,40.7718],[8.1974,40.6912],[8.1618,40.5638],[8.1934,40.6175],[8.2163,40.5706],[8.312,40.5781],[8.386,40.3518],[8.4761,40.2921],[8.49,40.1045],[8.3772,40.0338],[8.4004,39.9361],[8.5453,39.8786],[8.5044,39.7215],[8.5658,39.7011],[8.4553,39.7561],[8.4634,39.5769],[8.374,39.3789],[8.4321,39.3018],[8.4095,39.1693],[8.5596,39.0567],[8.606,38.9088],[8.7166,38.9326],[8.8533,38.878],[9.0183,38.9953],[9.0183,39.1461],[9.0798,39.2246],[9.0139,39.2639],[9.166,39.1871],[9.2922,39.2213],[9.4052,39.1521],[9.5664,39.1492],[9.7111,39.9293],[9.6262,40.2631],[9.8225,40.5327],[9.6579,40.7999],[9.724,40.8449],[9.6141,40.8934],[9.6421,40.9206],[9.5042,40.9269],[9.6469,40.9922],[9.5119,41.0163],[9.5541,41.1239],[9.4691,41.1462],[9.4429,41.092],[9.4224,41.1807],[9.1711,41.2426],[9.1419,41.1528],[9.0055,41.1219],[8.8225,40.9473],[8.5205,40.827],[8.3102,40.8507],[8.1812,40.9341],[8.2153,40.8814],[8.1567,40.7718]]],[[[8.3533,39.0556],[8.4312,38.9661],[8.4839,39.0698],[8.3701,39.1131],[8.3533,39.0556]]],[[[9.3767,41.2147],[9.377,41.2133],[9.3953,41.2106],[9.4007,41.2115],[9.3767,41.2147]]],[[[9.437,41.1859],[9.4644,41.1727],[9.4749,41.1793],[9.4749,41.2014],[9.445,41.2055],[9.437,41.1859]]],[[[8.026,44.4507],[8.1127,44.0591],[8.5925,44.4507],[9.1591,44.4507],[9.7274,44.1243],[9.9697,44.1243],[9.9627,44.0447],[10.1314,44.0591],[10.3742,43.6678],[10.5391,43.0796],[11.0163,42.8213],[11.0159,42.6629],[11.176,42.6262],[11.2552,42.4312],[11.4152,42.4312],[11.569,42.3314],[11.6548,42.3662],[11.8128,42.1063],[12.1317,42.0413],[12.1305,41.9131],[13,41.3274],[13.7145,41.2625],[13.862,41.1328],[13.9506,41.1328],[14.1046,40.8736],[14.4219,40.8736],[14.4194,40.7517],[14.4741,40.7297],[14.4363,40.6792],[14.8934,40.6792],[15.0414,40.2259],[15.1995,40.2259],[15.4319,40.0317],[15.5349,40.0778],[15.7478,40.0317],[15.7136,39.978],[15.7736,39.8424],[15.8989,39.7729],[16.1165,39.0618],[16.2703,38.9326],[16.2652,38.7389],[15.9497,38.6743],[15.8621,38.2869],[15.6328,38.2203],[15.6982,37.9643],[15.9328,37.9643],[16.4919,38.416],[16.5024,38.8034],[17.1383,39.0618],[17.0697,39.385],[16.9162,39.5143],[16.4473,39.6436],[16.4567,39.967],[16.6769,40.1511],[16.6245,40.2906],[16.777,40.2906],[16.9137,40.4464],[16.868,40.4849],[17.0285,40.5496],[17.3452,40.5496],[17.4175,40.3554],[17.8131,40.3554],[18.1122,39.9023],[18.3489,39.9023],[18.3565,40.0964],[18.4355,40.0964],[18.3642,40.2906],[17.9812,40.6144],[17.5107,40.744],[17.4136,40.8811],[16.8612,41.1386],[15.9439,41.3922],[15.8738,41.7167],[16.1149,41.7816],[16.1189,41.9114],[15.2414,41.9114],[14.7659,42.0413],[14.7178,42.1506],[14.6077,42.1063],[14.5308,42.2362],[14.3709,42.2362],[14.0565,42.4962],[13.9014,42.7563],[13.9329,42.8295],[13.8625,43.0186],[13.7471,43.0816],[13.6726,43.4072],[13.3874,43.6413],[13.0338,43.733],[13.019,43.8567],[12.8734,43.7982],[12.313,44.1896],[12.1537,44.4507],[12.1572,44.8426],[12.4001,44.7989],[12.4026,45.0388],[12.3688,45.011],[12.16,45.1696],[12.1628,45.4968],[12.6522,45.5623],[12.8168,45.6933],[13.0658,45.6401],[13.1448,45.8243],[13.7149,45.7588],[13.7393,45.6491],[13.8081,45.6143],[13.7119,45.5933],[13.7529,45.5529],[13.7102,45.4968],[13.5473,45.4968],[13.5448,45.3427],[13.7056,45.235],[13.8032,44.908],[13.9432,44.908],[13.9457,45.0388],[14.1552,45.0388],[14.1962,45.3659],[14.6031,45.3659],[14.576,45.2623],[14.8528,45.0937],[14.9187,44.9734],[14.9113,44.6789],[15.308,44.3544],[15.5287,44.2718],[15.2612,44.3326],[15.2953,44.2507],[15.1981,44.3017],[15.1765,44.25],[15.2129,44.131],[15.4591,43.9938],[15.4551,43.928],[15.6186,43.9286],[15.6954,43.7982],[15.8566,43.7982],[16.0117,43.6027],[15.9595,43.504],[16.5754,43.6027],[16.7342,43.5375],[16.7302,43.4247],[17.0513,43.4072],[17.1139,43.2132],[17.2058,43.1691],[17.3654,43.2118],[17.3606,43.0893],[17.4336,43.0174],[17.502,43.031],[17.5156,42.9589],[17.9915,42.8213],[18.2191,42.5984],[18.6286,42.4482],[18.6873,42.4829],[18.7063,42.4197],[18.852,42.3662],[19.4436,41.8653],[19.5916,41.8188],[19.5576,41.6605],[19.613,41.6053],[19.4715,41.5823],[19.5297,41.522],[19.4438,41.3922],[19.5233,41.3922],[19.4555,41.1485],[19.5234,40.9206],[19.3688,40.8022],[19.3044,40.6531],[19.4863,40.6144],[19.4714,40.2906],[19.6295,40.2906],[20.0094,39.967],[19.9876,39.7083],[20.155,39.7083],[20.2972,39.385],[20.9538,39.0342],[21.0584,39.009],[21.0852,39.0629],[21.1599,38.9977],[21.1774,38.876],[21.1023,38.9108],[21.0852,38.8643],[21.0274,38.9326],[20.8599,38.9605],[20.7414,38.8034],[20.9737,38.7389],[21.1933,38.416],[21.3376,38.3989],[21.3225,38.4963],[21.4224,38.3889],[21.7625,38.3284],[21.8312,38.3967],[21.9876,38.4106],[22.1892,38.3231],[22.3823,38.3427],[22.4016,38.4534],[22.5625,38.2935],[22.6465,38.39],[22.8057,38.227],[23.2234,38.1592],[23.1729,38.0795],[22.8755,38.0493],[22.9754,37.979],[22.8672,37.9395],[22.6804,38.0666],[22.2185,38.1882],[21.9559,38.3367],[21.7642,38.2958],[21.7286,38.1578],[21.4156,38.1578],[21.2436,37.8352],[21.6966,37.5128],[21.6958,37.3164],[21.6031,37.1904],[21.681,37.1904],[21.7435,36.8682],[21.8992,36.8682],[21.9085,37.0615],[22.22,37.0615],[22.3757,36.6749],[22.5118,36.6749],[22.5994,36.8682],[22.8328,36.8682],[23.0332,36.6946],[22.8532,37.2549],[22.7007,37.3193],[22.7144,37.5773],[22.9486,37.5773],[23.1756,37.4483],[23.1685,37.3193],[23.278,37.3498],[23.23,37.3749],[23.2627,37.401],[23.3849,37.4134],[23.36,37.5475],[23.1083,37.6417],[22.9951,37.8821],[23.3646,38.0288],[23.3051,38.3515],[23.6478,38.3866],[23.5929,38.4806],[23.3126,38.4806],[23.1826,38.6538],[23.1045,38.6384],[22.9149,38.7756],[22.5251,38.8581],[22.6216,38.9145],[22.792,38.878],[23.0731,39.0363],[22.9639,39.009],[22.9981,39.0698],[22.9516,39.1238],[22.7973,39.0618],[22.8163,39.385],[23.1318,39.4489],[22.6109,39.9023],[22.6497,39.9853],[22.5437,40.0964],[22.5716,40.5496],[22.9105,40.6446],[22.9832,40.5527],[22.9265,40.5153],[22.9592,40.4201],[23.7374,40.2259],[23.6936,40.3092],[23.7777,40.3548],[23.8386,40.5496],[23.6846,40.6144],[23.698,40.8088],[24.0106,40.744],[24.3466,41.0032],[25.3785,41.0032],[26.0822,40.8736],[26.0716,40.744],[26.7795,40.6792],[27.1813,40.744],[27.5275,41.068],[29.0362,41.068],[28.9791,41.252],[28.3525,41.3922],[28.1419,41.5989],[28.0528,41.5869],[27.9661,41.8489],[28.0043,41.9114],[27.9245,41.9114],[27.9307,41.9764],[27.6115,41.9764],[27.4641,42.1063],[26.8253,42.1063],[26.3179,41.7816],[25.2019,41.7816],[25.0322,41.6518],[24.7186,41.7167],[23.6688,41.522],[23.4483,41.7816],[23.0542,41.8465],[22.7528,42.1063],[22.5931,42.1063],[22.442,42.2362],[22.455,42.4312],[21.0797,42.1712],[20.6187,42.4962],[20.6261,42.6262],[20.3822,42.5612],[20.3094,42.6912],[20.1492,42.6912],[20.2364,42.8213],[19.595,42.8213],[19.5215,42.9515],[19.6051,43.0165],[19.2038,43.0165],[18.8308,43.2769],[18.8952,43.2769],[18.8984,43.3421],[18.8179,43.3421],[18.8154,43.2877],[18.7375,43.3421],[18.5737,43.2769],[18.3443,43.5375],[17.8612,43.5375],[17.386,43.733],[17.313,43.9286],[17.1492,43.8634],[17.0735,43.9938],[16.912,43.9938],[16.6792,44.2548],[16.5175,44.2548],[16.126,44.6466],[15.8058,44.7773],[15.8198,45.235],[15.9824,45.235],[15.9072,45.4313],[15.9907,45.4968],[15.2683,45.8898],[15.2701,45.9554],[14.9451,46.0209],[14.9484,46.1521],[13.8024,46.0865],[13.6412,46.2177],[12.905,46.2177],[12.5749,45.9554],[12.4116,45.9554],[12.4103,45.8243],[12.0824,45.6278],[11.5112,45.4968],[10.8597,45.4968],[10.5337,45.6278],[8.9035,45.6278],[8.5792,45.4968],[8.581,45.3659],[8.4191,45.3004],[8.3434,44.908],[8.026,44.4507]],[[18.4437,42.8345],[18.4517,42.8023],[18.4446,42.8171],[18.4437,42.8345]],[[18.4598,42.7852],[18.4838,42.7525],[18.4674,42.7692],[18.4598,42.7852]],[[19.2749,42.1913],[19.4004,42.3259],[19.2764,42.1857],[19.2749,42.1913]],[[19.2803,42.1714],[19.2925,42.1577],[19.2821,42.1646],[19.2803,42.1714]],[[19.4004,42.3259],[19.4027,42.352],[19.4111,42.3648],[19.4004,42.3259]],[[19.4152,42.371],[19.4172,42.3741],[19.5178,42.458],[19.4152,42.371]],[[19.6218,42.605],[19.676,42.6467],[19.6993,42.6548],[19.6218,42.605]],[[19.7516,42.4934],[19.792,42.4729],[19.7845,42.4746],[19.7516,42.4934]],[[19.8102,42.4687],[19.8267,42.4697],[19.8196,42.4665],[19.8102,42.4687]],[[20.0248,42.7234],[20.1039,42.6531],[20.0361,42.708],[20.0248,42.7234]],[[20.0248,42.7234],[20.0265,42.7432],[20.0332,42.7473],[20.0248,42.7234]],[[20.0392,42.5578],[20.065,42.5468],[20.1526,42.4937],[20.0392,42.5578]],[[20.2166,42.7983],[20.2176,42.8027],[20.2226,42.8037],[20.2166,42.7983]],[[20.249,39.6848],[20.2875,39.7112],[20.2827,39.7044],[20.249,39.6848]],[[20.3334,42.3179],[20.457,42.2505],[20.4741,42.2352],[20.3334,42.3179]],[[20.4862,42.2243],[20.5008,42.2112],[20.5203,42.1761],[20.4862,42.2243]],[[20.5405,42.1396],[20.5494,42.1235],[20.5522,42.0738],[20.5405,42.1396]],[[20.6815,41.844],[20.7121,41.8605],[20.703,41.8496],[20.6815,41.844]],[[20.9579,40.5149],[20.999,40.54],[20.9815,40.5233],[20.9579,40.5149]],[[21.0152,40.5556],[21.0237,40.5888],[21.0188,40.559],[21.0152,40.5556]],[[21.0186,40.6909],[21.0353,40.6594],[21.0335,40.6487],[21.0186,40.6909]],[[21.2378,42.0974],[21.2917,42.0921],[21.2889,42.0897],[21.2378,42.0974]],[[21.295,42.149],[21.3013,42.1006],[21.2988,42.0984],[21.295,42.149]],[[21.3613,42.2182],[21.3668,42.2239],[21.3766,42.2226],[21.3613,42.2182]],[[22.0476,42.3045],[22.076,42.3053],[22.0609,42.3011],[22.0476,42.3045]],[[22.8815,41.3356],[22.917,41.3358],[23.1152,41.3127],[22.8815,41.3356]],[[22.9014,41.8604],[22.9427,41.7758],[22.9397,41.7767],[22.9014,41.8604]],[[22.933,41.6123],[22.9351,41.6189],[22.9332,41.6055],[22.933,41.6123]],[[22.9334,41.595],[22.9487,41.561],[22.9337,41.5846],[22.9334,41.595]],[[22.9385,41.6299],[22.9409,41.6376],[22.9443,41.6388],[22.9385,41.6299]],[[22.967,41.647],[23.0004,41.7015],[22.9986,41.6931],[22.967,41.647]],[[24.1262,41.5294],[24.1463,41.5268],[24.1702,41.5116],[24.1262,41.5294]],[[24.1816,41.5374],[24.1963,41.547],[24.2121,41.5518],[24.1816,41.5374]],[[25.1771,41.2939],[25.2308,41.248],[25.2197,41.2497],[25.1771,41.2939]],[[26.0475,41.6746],[26.0493,41.6823],[26.055,41.6488],[26.0475,41.6746]],[[26.0522,41.6952],[26.0537,41.7015],[26.0579,41.7035],[26.0522,41.6952]],[[26.1312,41.5527],[26.1525,41.547],[26.1544,41.5437],[26.1312,41.5527]],[[26.1459,41.478],[26.1602,41.5019],[26.1593,41.4938],[26.1459,41.478]],[[26.1589,41.5362],[26.1631,41.5291],[26.1617,41.5157],[26.1589,41.5362]],[[26.2304,41.7466],[26.2344,41.7458],[26.2739,41.7149],[26.2304,41.7466]],[[26.3668,41.7112],[26.3774,41.7106],[26.4044,41.6918],[26.3668,41.7112]],[[26.5837,41.3326],[26.6097,41.3307],[26.5911,41.3293],[26.5837,41.3326]]],[[[12.4905,37.7062],[13.192,37.5773],[13.6022,37.2505],[14.2779,37.126],[14.6723,36.7393],[15.0498,36.7393],[15.2051,37.1662],[15.0592,37.2549],[15.0665,37.6417],[15.3895,38.1578],[15.5432,38.1578],[15.5865,38.2377],[14.0562,37.9643],[13.6652,37.9643],[13.3547,38.1578],[13.1199,38.1578],[13.0404,38.0288],[12.6522,38.0929],[12.4919,37.8998],[12.4905,37.7062]]],[[[14.5158,45.1042],[14.7791,45.0187],[14.6653,45.0873],[14.6653,45.1618],[14.5974,45.1664],[14.5959,45.2375],[14.5158,45.1042]]],[[[14.9089,44.5813],[14.9595,44.5396],[14.9729,44.5361],[15.0142,44.5187],[15.0073,44.5045],[15.0755,44.4841],[15.0412,44.5275],[15.0039,44.5361],[14.9663,44.5734],[14.9095,44.6068],[14.9089,44.5813]]],[[[15.0415,44.4766],[15.1597,44.3262],[15.2271,44.3264],[15.1651,44.3674],[15.2544,44.34],[15.0415,44.4766]]],[[[15.1642,44.3057],[15.1652,44.3012],[15.1724,44.2991],[15.1642,44.3057]]],[[[15.2158,44.072],[15.2187,44.0591],[15.2398,44.0534],[15.2258,44.0662],[15.2158,44.072]]],[[[15.401,43.904],[15.4461,43.8875],[15.4268,43.9221],[15.4165,43.928],[15.401,43.904]]],[[[16.7272,43.3421],[16.7959,43.3559],[16.7282,43.3691],[16.7272,43.3421]]],[[[17.3552,42.9515],[17.4376,42.9515],[17.3905,42.9777],[17.3566,42.9879],[17.3552,42.9515]]],[[[17.5079,42.7563],[17.5159,42.7684],[17.5085,42.7718],[17.5079,42.7563]]],[[[17.5119,42.8554],[17.6399,42.8788],[17.5261,42.9218],[17.5119,42.8554]]],[[[17.6662,42.8745],[17.677,42.8727],[17.6737,42.8751],[17.6662,42.8745]]],[[[19.7578,39.6436],[19.9065,39.5814],[19.8416,39.7042],[19.947,39.7729],[19.7637,39.7729],[19.7578,39.6436]]],[[[22.833,38.8227],[22.9818,38.845],[22.9564,38.878],[23.0202,38.9214],[22.833,38.8227]]],[[[23.0356,36.6926],[23.0463,36.6833],[23.0517,36.6872],[23.0498,36.6926],[23.0356,36.6926]]],[[[23.0365,38.9279],[23.3318,38.8034],[23.4651,38.8569],[23.2006,39.0093],[23.0365,38.9279]]],[[[23.3122,37.6174],[23.3406,37.6003],[23.3536,37.5821],[23.3442,37.6327],[23.3122,37.6174]]],[[[23.4014,37.3193],[23.4024,37.3193],[23.4023,37.3198],[23.4014,37.3193]]],[[[23.5634,38.7389],[23.6355,38.5286],[23.594,38.4534],[23.6492,38.4057],[24.0422,38.4015],[24.031,38.3333],[24.1617,38.2698],[24.1789,38.5451],[24.0302,38.6743],[23.5634,38.7389]]],[[[24.1368,38.2415],[24.1515,38.2286],[24.157,38.2296],[24.1591,38.2287],[24.1614,38.2661],[24.1368,38.2415]]],[[[8.5453,42.2329],[8.5938,42.1745],[8.5596,42.154],[8.745,42.0566],[8.6457,41.9774],[8.8054,41.9069],[8.7508,41.8455],[8.7849,41.8244],[8.6551,41.7499],[8.9227,41.6946],[8.8018,41.6391],[8.7918,41.5612],[9.0798,41.4824],[9.0964,41.4035],[9.2255,41.3771],[9.2107,41.4482],[9.3506,41.5812],[9.2922,41.6264],[9.3467,41.6196],[9.4016,41.7064],[9.4032,41.9529],[9.5596,42.1466],[9.5281,42.5635],[9.4429,42.6406],[9.464,42.9901],[9.3467,43.0037],[9.3057,42.8393],[9.3425,42.7491],[9.2922,42.6748],[9.1178,42.732],[8.787,42.562],[8.7092,42.5792],[8.6595,42.4299],[8.5491,42.3771],[8.6878,42.2729],[8.5453,42.2329]]],[[[9.4566,42.6474],[9.4768,42.6191],[9.4769,42.6201],[9.4821,42.6201],[9.4566,42.6474]]],[[[-1.7711,42.2362],[-1.7667,42.1712],[-1.6868,42.1712],[-1.6912,42.2362],[-1.7711,42.2362]]],[[[10.1632,42.8164],[10.1963,42.7362],[10.3379,42.7648],[10.4307,42.7221],[10.3888,42.7635],[10.4367,42.8044],[10.4124,42.8734],[10.3473,42.8059],[10.1632,42.8164]]],[[[-0.9424,43.0165],[-0.9381,42.9515],[-0.8579,42.9515],[-0.8621,43.0165],[-0.9424,43.0165]]],[[[14.2616,44.6158],[14.2712,44.6125],[14.2619,44.6282],[14.2616,44.6158]]],[[[14.2625,44.6582],[14.2742,44.6617],[14.2804,44.6776],[14.2658,44.6795],[14.2629,44.6771],[14.2625,44.6582]]],[[[14.2925,44.9403],[14.4279,44.6566],[14.5047,44.6191],[14.4592,44.9154],[14.2925,44.9403]]],[[[14.3358,44.7168],[14.363,44.5734],[14.5024,44.516],[14.3358,44.7168]]],[[[27.708,36.1688],[27.7519,35.905],[27.9934,36.062],[28.0896,36.0551],[28.0617,36.1165],[28.1634,36.2377],[28.2311,36.4498],[27.8997,36.3402],[27.708,36.1688]]],[[[22.9016,36.3383],[22.9292,36.178],[23.0533,36.1596],[23.0769,36.2707],[22.9446,36.3894],[22.9016,36.3383]]],[[[26.9177,36.7161],[27.1854,36.8037],[27.1442,36.8811],[26.9177,36.7161]]],[[[27.1794,37.6106],[27.31,37.4483],[27.2383,37.3426],[27.4072,37.4127],[27.4385,37.3908],[27.3921,37.3538],[27.5392,37.3838],[27.5644,37.2735],[27.616,37.2747],[27.598,37.126],[28.3294,37.0368],[28.2124,37.0004],[28.1653,36.9116],[28.1034,36.9353],[28.0583,36.7721],[28.1184,36.8006],[28.1305,36.754],[28.0314,36.6749],[28.1961,36.6854],[28.2572,36.8462],[28.315,36.8291],[28.2934,36.7959],[28.452,36.8836],[29.1249,36.7393],[29.2163,36.3291],[29.3496,36.2326],[29.4116,36.2674],[29.4666,36.224],[29.938,36.224],[30.0261,36.3528],[30.4919,36.3528],[30.5137,36.6105],[29.7208,36.4172],[29.5707,36.4816],[29.602,36.8682],[29.7011,37.126],[29.4002,37.2549],[29.2602,37.4483],[28.7245,37.5773],[28.6778,37.9643],[28.4537,38.0933],[28.1408,38.0933],[27.969,37.8998],[27.7296,37.8352],[27.2431,37.8352],[27.1794,37.6106]]],[[[27.5815,37.1982],[27.5831,37.1912],[27.5877,37.1988],[27.5815,37.1982]]],[[[20.6195,37.8228],[20.7934,37.6685],[20.9261,37.7284],[20.886,37.814],[20.7247,37.8998],[20.6554,37.8998],[20.6195,37.8228]]],[[[20.339,38.2002],[20.3801,38.1518],[20.4253,38.1753],[20.4351,38.2788],[20.4943,38.1337],[20.7865,38.0933],[20.6817,38.2821],[20.6429,38.2534],[20.5991,38.3026],[20.6258,38.3518],[20.5664,38.416],[20.479,38.3095],[20.3999,38.3641],[20.339,38.2002]]],[[[20.6878,38.3367],[20.7194,38.3156],[20.7387,38.3189],[20.6951,38.3434],[20.6878,38.3367]]],[[[23.4849,38.7389],[23.5634,38.7389],[23.5668,38.7946],[23.4888,38.8034],[23.4849,38.7389]]],[[[20.1453,39.6436],[20.1517,39.6402],[20.1519,39.6436],[20.1453,39.6436]]],[[[25.0447,39.9853],[25.047,39.8376],[25.2043,39.8376],[25.2388,39.9195],[25.2798,39.8891],[25.2388,39.8581],[25.3551,39.8376],[25.348,39.9064],[25.4499,39.9884],[25.4377,40.0317],[25.2852,39.9534],[25.2251,40.0089],[25.0447,39.9853]]]]}},{"type":"Feature","properties":{"territoryId":"cliopatria-q175881-b6b4ba388a","name":"Roman Republic","name_ko":"로마 공화국","color":"#75a9f0","colorFamily":0,"startYear":-125,"endYear":-110,"source_name":"Cliopatria v0.2.0","source_url":"https://github.com/Seshat-Global-History-Databank/cliopatria","license":"CC BY 4.0","attribution":"Seshat Global History Databank, Cliopatria contributors"},"geometry":{"type":"MultiPolygon","coordinates":[[[[8.6764,36.4172],[8.6783,36.224],[8.8352,36.0308],[8.8369,35.8377],[8.9924,35.7733],[8.9171,35.5158],[9.2283,35.2584],[9.3856,34.8079],[10.0045,34.2933],[10.0815,34.2933],[10.8512,34.8079],[10.8512,34.9366],[11.0181,35.0342],[11.055,35.1404],[11.0057,35.3871],[11.0831,35.5073],[11.0169,35.5986],[10.851,35.6445],[10.8317,35.7185],[10.4635,35.902],[10.5349,36.3573],[10.4625,36.4172],[11.0062,36.8037],[11.0063,36.9971],[10.5187,36.7558],[10.3553,36.7312],[10.1885,36.7976],[10.2685,36.9378],[10.1824,37.027],[10.2271,37.1177],[10.1281,37.1587],[10.2272,37.1949],[10.1501,37.2337],[9.9934,37.1904],[9.8716,37.2574],[9.8196,37.2276],[9.925,37.2131],[9.9143,37.1783],[9.8159,37.1518],[9.7718,37.2133],[9.8536,37.2673],[9.759,37.3193],[9.3969,37.2594],[9.0595,37.0615],[8.9723,37.0975],[8.7567,36.9743],[8.9083,36.546],[8.6764,36.4172]]],[[[14.3384,35.9455],[14.3815,35.843],[14.5618,35.8298],[14.5078,35.9285],[14.3773,35.9936],[14.3384,35.9455]]],[[[20.6195,37.8228],[20.7934,37.6685],[20.9261,37.7284],[20.886,37.814],[20.7247,37.8998],[20.6554,37.8998],[20.6195,37.8228]]],[[[20.339,38.2002],[20.3801,38.1518],[20.4253,38.1753],[20.4351,38.2788],[20.4943,38.1337],[20.7865,38.0933],[20.6817,38.2821],[20.6429,38.2534],[20.5991,38.3026],[20.6224,38.3596],[20.5497,38.3901],[20.479,38.3095],[20.3999,38.3641],[20.339,38.2002]]],[[[20.7064,38.3243],[20.7194,38.3156],[20.7249,38.3165],[20.7064,38.3243]]],[[[-9.4975,38.8098],[-9.4717,38.7025],[-9.3218,38.6703],[-9.1125,38.7142],[-9.1003,38.8302],[-8.9359,39.0407],[-8.7651,39.0977],[-8.9432,39.0152],[-9.0115,38.9134],[-8.9426,38.7756],[-9.1077,38.6589],[-9.2324,38.6684],[-9.1838,38.5515],[-9.2085,38.416],[-8.9549,38.5051],[-8.7884,38.4814],[-8.7733,38.5653],[-8.7362,38.4519],[-8.6068,38.4187],[-8.8226,38.4463],[-8.7744,38.1869],[-8.817,37.7403],[-8.7522,37.7308],[-8.819,37.6273],[-8.816,37.4179],[-8.9969,37.0218],[-8.7011,37.126],[-7.7972,37.0121],[-7.459,37.178],[-7.4653,37.2549],[-6.9042,37.2549],[-6.8527,37.2952],[-6.8854,37.2549],[-6.5435,36.9851],[-6.3467,36.8958],[-6.1948,36.9321],[-6.3382,36.8837],[-6.3301,36.6749],[-6.1794,36.5135],[-6.2146,36.4793],[-6.0688,36.2325],[-5.8311,36.224],[-5.6403,36.0422],[-5.3215,36.2067],[-5.2282,36.4816],[-4.6888,36.546],[-4.4686,36.7393],[-2.6801,36.7393],[-2.5321,36.8682],[-2.0616,36.8037],[-1.8574,37.3193],[-1.6521,37.3626],[-1.7087,37.4483],[-1.2427,37.5792],[-1.1717,37.5518],[-0.7078,37.6411],[-0.8099,37.6669],[-0.8561,37.7425],[-0.788,37.8228],[-0.7607,37.7961],[-0.8035,38.0288],[-0.6609,38.2869],[0.0994,38.7389],[-0.3137,39.1265],[-0.3454,39.7083],[-0.1265,40.0317],[0.1825,40.1612],[0.2478,40.4201],[0.7093,40.6792],[0.6958,40.9384],[1.2384,41.1977],[2.1066,41.3274],[2.3336,41.5869],[2.5725,41.5869],[2.9626,41.7816],[2.8692,42.1063],[2.7123,42.0413],[2.7179,41.9114],[1.997,41.9764],[1.422,42.3012],[1.1822,42.3012],[1.1788,42.3662],[0.859,42.3662],[0.7719,42.4962],[0.4555,42.4312],[0.288,42.5612],[-0.685,42.7563],[-0.9381,42.9515],[-1.2591,42.9515],[-1.3305,42.8213],[-1.4909,42.8213],[-1.4821,42.6912],[-1.949,42.4962],[-2.1137,42.5612],[-2.1799,42.3662],[-2.9649,42.1712],[-3.1149,42.0413],[-5.8407,42.1712],[-6.4614,41.9764],[-7.1859,42.0413],[-7.253,41.9114],[-8.29,41.9114],[-8.3563,41.7816],[-8.6683,41.7167],[-8.8764,41.7716],[-8.83,41.6946],[-8.6962,41.722],[-8.8305,41.6716],[-8.7372,41.2497],[-8.6483,41.1528],[-8.7508,40.6531],[-8.6553,40.8449],[-8.6684,40.7475],[-8.5727,40.7556],[-8.753,40.6408],[-8.9084,40.2007],[-8.785,40.1187],[-8.8682,40.1248],[-9.0904,39.5793],[-9.2176,39.4062],[-9.395,39.3733],[-9.3509,39.1973],[-9.4975,38.8098]],[[-7.5297,37.5672],[-7.5236,37.5732],[-7.5275,37.5614],[-7.5297,37.5672]],[[-7.5223,37.5475],[-7.496,37.5121],[-7.5154,37.5293],[-7.5223,37.5475]],[[-7.445,37.3868],[-7.4276,37.2745],[-7.4322,37.2639],[-7.445,37.3868]],[[-7.2658,39.2314],[-7.2643,39.2523],[-7.2596,39.2212],[-7.2658,39.2314]],[[-7.0768,39.1115],[-7.0649,39.1148],[-7.0515,39.1099],[-7.0768,39.1115]],[[-7.0298,39.1019],[-7.0158,39.0968],[-6.9857,39.0668],[-7.0298,39.1019]]],[[[-9.0797,38.8201],[-9.0414,38.8492],[-9.0346,38.8642],[-9.0411,38.8676],[-9.0614,38.8522],[-9.0797,38.8201]]],[[[-8.9426,38.4814],[-8.9114,38.4658],[-8.8817,38.4707],[-8.9045,38.4864],[-8.9273,38.4938],[-8.9426,38.4814]]],[[[-0.7545,37.7744],[-0.7469,37.6838],[-0.7265,37.6652],[-0.7401,37.7025],[-0.7327,37.7477],[-0.7545,37.7744]]],[[[20.1453,39.6436],[20.1517,39.6402],[20.1519,39.6436],[20.1453,39.6436]]],[[[8.1567,40.7718],[8.1974,40.6912],[8.1618,40.5638],[8.1934,40.6175],[8.2163,40.5706],[8.312,40.5781],[8.386,40.3518],[8.4761,40.2921],[8.49,40.1045],[8.3772,40.0338],[8.4004,39.9361],[8.5453,39.8786],[8.5044,39.7215],[8.5658,39.7011],[8.4553,39.7561],[8.4634,39.5769],[8.374,39.3789],[8.4321,39.3018],[8.4095,39.1693],[8.5596,39.0567],[8.606,38.9088],[8.7166,38.9326],[8.8533,38.878],[9.0183,38.9953],[9.0183,39.1461],[9.0798,39.2246],[9.0139,39.2639],[9.166,39.1871],[9.2922,39.2213],[9.4052,39.1521],[9.5664,39.1492],[9.7111,39.9293],[9.6262,40.2631],[9.8225,40.5327],[9.6579,40.7999],[9.724,40.8449],[9.6141,40.8934],[9.6421,40.9206],[9.5042,40.9269],[9.6469,40.9922],[9.5119,41.0163],[9.5541,41.1239],[9.4691,41.1462],[9.4429,41.092],[9.4224,41.1807],[9.1711,41.2426],[9.1419,41.1528],[9.0055,41.1219],[8.8225,40.9473],[8.5205,40.827],[8.3102,40.8507],[8.1812,40.9341],[8.2153,40.8814],[8.1567,40.7718]]],[[[8.3533,39.0556],[8.4312,38.9661],[8.4839,39.0698],[8.3701,39.1131],[8.3533,39.0556]]],[[[9.3767,41.2147],[9.377,41.2133],[9.3953,41.2106],[9.4007,41.2115],[9.3767,41.2147]]],[[[9.437,41.1859],[9.4644,41.1727],[9.4749,41.1793],[9.4749,41.2014],[9.445,41.2055],[9.437,41.1859]]],[[[8.026,44.4507],[8.1127,44.0591],[8.5925,44.4507],[9.1591,44.4507],[9.7274,44.1243],[9.9697,44.1243],[9.9627,44.0447],[10.1314,44.0591],[10.3742,43.6678],[10.5391,43.0796],[11.0163,42.8213],[11.0159,42.6629],[11.176,42.6262],[11.2552,42.4312],[11.4152,42.4312],[11.569,42.3314],[11.6548,42.3662],[11.8128,42.1063],[12.1317,42.0413],[12.1305,41.9131],[13,41.3274],[13.7145,41.2625],[13.862,41.1328],[13.9506,41.1328],[14.1046,40.8736],[14.4219,40.8736],[14.4194,40.7517],[14.4741,40.7297],[14.4363,40.6792],[14.8934,40.6792],[15.0414,40.2259],[15.1995,40.2259],[15.4319,40.0317],[15.5349,40.0778],[15.7478,40.0317],[15.7136,39.978],[15.7736,39.8424],[15.8989,39.7729],[16.1165,39.0618],[16.2703,38.9326],[16.2652,38.7389],[15.9497,38.6743],[15.8621,38.2869],[15.6328,38.2203],[15.6982,37.9643],[15.9328,37.9643],[16.4919,38.416],[16.5024,38.8034],[17.1383,39.0618],[17.0697,39.385],[16.9162,39.5143],[16.4473,39.6436],[16.4567,39.967],[16.6769,40.1511],[16.6245,40.2906],[16.777,40.2906],[16.9137,40.4464],[16.868,40.4849],[17.0285,40.5496],[17.3452,40.5496],[17.4175,40.3554],[17.8131,40.3554],[18.1122,39.9023],[18.3489,39.9023],[18.3565,40.0964],[18.4355,40.0964],[18.3642,40.2906],[17.9812,40.6144],[17.5107,40.744],[17.4136,40.8811],[16.8612,41.1386],[15.9439,41.3922],[15.8738,41.7167],[16.1149,41.7816],[16.1189,41.9114],[15.2414,41.9114],[14.7659,42.0413],[14.7178,42.1506],[14.6077,42.1063],[14.5308,42.2362],[14.3709,42.2362],[14.0565,42.4962],[13.9014,42.7563],[13.9329,42.8295],[13.8625,43.0186],[13.7471,43.0816],[13.6726,43.4072],[13.3874,43.6413],[13.0338,43.733],[13.019,43.8567],[12.8734,43.7982],[12.313,44.1896],[12.1537,44.4507],[12.1572,44.8426],[12.4001,44.7989],[12.4026,45.0388],[12.3688,45.011],[12.16,45.1696],[12.1628,45.4968],[12.6522,45.5623],[12.8168,45.6933],[13.0658,45.6401],[13.1448,45.8243],[13.7149,45.7588],[13.7393,45.6491],[13.8081,45.6143],[13.7119,45.5933],[13.7529,45.5529],[13.7102,45.4968],[13.5473,45.4968],[13.5448,45.3427],[13.7056,45.235],[13.8032,44.908],[13.9432,44.908],[13.9457,45.0388],[14.1552,45.0388],[14.1962,45.3659],[14.6031,45.3659],[14.576,45.2623],[14.8528,45.0937],[14.9187,44.9734],[14.9113,44.6789],[15.308,44.3544],[15.5287,44.2718],[15.2612,44.3326],[15.2953,44.2507],[15.1981,44.3017],[15.1765,44.25],[15.2129,44.131],[15.4591,43.9938],[15.4551,43.928],[15.6186,43.9286],[15.6954,43.7982],[15.8566,43.7982],[16.0117,43.6027],[15.9595,43.504],[16.5754,43.6027],[16.7342,43.5375],[16.7302,43.4247],[17.0513,43.4072],[17.1139,43.2132],[17.2058,43.1691],[17.3654,43.2118],[17.3606,43.0893],[17.4336,43.0174],[17.502,43.031],[17.5156,42.9589],[17.9915,42.8213],[18.2191,42.5984],[18.6286,42.4482],[18.6873,42.4829],[18.7063,42.4197],[18.852,42.3662],[19.4436,41.8653],[19.5916,41.8188],[19.5576,41.6605],[19.613,41.6053],[19.4715,41.5823],[19.5297,41.522],[19.4438,41.3922],[19.5233,41.3922],[19.4555,41.1485],[19.5234,40.9206],[19.3688,40.8022],[19.3044,40.6531],[19.4863,40.6144],[19.4714,40.2906],[19.6295,40.2906],[20.0094,39.967],[19.9876,39.7083],[20.155,39.7083],[20.2972,39.385],[20.9538,39.0342],[21.0584,39.009],[21.0852,39.0629],[21.1599,38.9977],[21.1774,38.876],[21.1023,38.9108],[21.0852,38.8643],[21.0274,38.9326],[20.8599,38.9605],[20.7414,38.8034],[20.9737,38.7389],[21.1933,38.416],[21.3376,38.3989],[21.3225,38.4963],[21.4224,38.3889],[21.7625,38.3284],[21.8312,38.3967],[21.9876,38.4106],[22.1892,38.3231],[22.3823,38.3427],[22.4016,38.4534],[22.5625,38.2935],[22.6465,38.39],[22.8057,38.227],[23.2234,38.1592],[23.1729,38.0795],[22.8755,38.0493],[22.9754,37.979],[22.8672,37.9395],[22.6804,38.0666],[22.2185,38.1882],[21.9559,38.3367],[21.7642,38.2958],[21.7286,38.1578],[21.4156,38.1578],[21.2436,37.8352],[21.6966,37.5128],[21.6958,37.3164],[21.6031,37.1904],[21.681,37.1904],[21.7435,36.8682],[21.8992,36.8682],[21.9085,37.0615],[22.22,37.0615],[22.3757,36.6749],[22.5118,36.6749],[22.5994,36.8682],[22.8328,36.8682],[23.0332,36.6946],[22.8532,37.2549],[22.7007,37.3193],[22.7144,37.5773],[22.9486,37.5773],[23.1756,37.4483],[23.1685,37.3193],[23.278,37.3498],[23.23,37.3749],[23.2627,37.401],[23.3849,37.4134],[23.36,37.5475],[23.1083,37.6417],[22.9951,37.8821],[23.3646,38.0288],[23.3051,38.3515],[23.6478,38.3866],[23.5929,38.4806],[23.3126,38.4806],[23.1826,38.6538],[23.1045,38.6384],[22.9149,38.7756],[22.5251,38.8581],[22.6216,38.9145],[22.792,38.878],[23.0731,39.0363],[22.9639,39.009],[22.9981,39.0698],[22.9516,39.1238],[22.7973,39.0618],[22.8163,39.385],[23.1318,39.4489],[22.6109,39.9023],[22.6497,39.9853],[22.5437,40.0964],[22.5716,40.5496],[22.9105,40.6446],[22.9832,40.5527],[22.9265,40.5153],[22.9592,40.4201],[23.7374,40.2259],[23.6936,40.3092],[23.7777,40.3548],[23.8386,40.5496],[23.6846,40.6144],[23.698,40.8088],[24.0106,40.744],[24.3466,41.0032],[25.1384,41.0101],[25.1358,40.9692],[25.8495,40.9384],[26.0822,40.8736],[26.1403,40.6144],[26.6264,40.744],[26.7335,40.65],[26.7904,40.6606],[26.8709,40.5293],[27.5275,41.068],[29.0362,41.068],[28.9791,41.252],[28.3525,41.3922],[28.1419,41.5989],[28.0528,41.5869],[27.9661,41.8489],[28.0043,41.9114],[27.9245,41.9114],[27.9307,41.9764],[27.6115,41.9764],[27.4641,42.1063],[26.8253,42.1063],[26.3179,41.7816],[25.2019,41.7816],[25.0322,41.6518],[24.7186,41.7167],[23.6688,41.522],[23.4483,41.7816],[23.0542,41.8465],[22.7528,42.1063],[22.5931,42.1063],[22.442,42.2362],[22.455,42.4312],[21.0797,42.1712],[20.6187,42.4962],[20.6261,42.6262],[20.3822,42.5612],[20.3094,42.6912],[20.1492,42.6912],[20.2364,42.8213],[19.595,42.8213],[19.5215,42.9515],[19.6051,43.0165],[19.2038,43.0165],[18.8308,43.2769],[18.8952,43.2769],[18.8984,43.3421],[18.8179,43.3421],[18.8154,43.2877],[18.7375,43.3421],[18.5737,43.2769],[18.3443,43.5375],[17.8612,43.5375],[17.386,43.733],[17.313,43.9286],[17.1492,43.8634],[17.0735,43.9938],[16.912,43.9938],[16.6792,44.2548],[16.5175,44.2548],[16.126,44.6466],[15.8058,44.7773],[15.8198,45.235],[15.9824,45.235],[15.9072,45.4313],[15.9907,45.4968],[15.2683,45.8898],[15.2701,45.9554],[14.9451,46.0209],[14.9484,46.1521],[13.8024,46.0865],[13.6412,46.2177],[12.905,46.2177],[12.5749,45.9554],[12.4116,45.9554],[12.4103,45.8243],[12.0824,45.6278],[11.5112,45.4968],[10.8597,45.4968],[10.5337,45.6278],[8.9035,45.6278],[8.5792,45.4968],[8.581,45.3659],[8.4191,45.3004],[8.3434,44.908],[8.026,44.4507]],[[18.4437,42.8345],[18.4517,42.8023],[18.4446,42.8171],[18.4437,42.8345]],[[18.4598,42.7852],[18.4838,42.7525],[18.4674,42.7692],[18.4598,42.7852]],[[19.2749,42.1913],[19.4004,42.3259],[19.2764,42.1857],[19.2749,42.1913]],[[19.2803,42.1714],[19.2925,42.1577],[19.2821,42.1646],[19.2803,42.1714]],[[19.4004,42.3259],[19.4027,42.352],[19.4111,42.3648],[19.4004,42.3259]],[[19.4152,42.371],[19.4172,42.3741],[19.5178,42.458],[19.4152,42.371]],[[19.6218,42.605],[19.676,42.6467],[19.6993,42.6548],[19.6218,42.605]],[[19.7516,42.4934],[19.792,42.4729],[19.7845,42.4746],[19.7516,42.4934]],[[19.8102,42.4687],[19.8267,42.4697],[19.8196,42.4665],[19.8102,42.4687]],[[20.0248,42.7234],[20.1039,42.6531],[20.0361,42.708],[20.0248,42.7234]],[[20.0248,42.7234],[20.0265,42.7432],[20.0332,42.7473],[20.0248,42.7234]],[[20.0392,42.5578],[20.065,42.5468],[20.1526,42.4937],[20.0392,42.5578]],[[20.2166,42.7983],[20.2176,42.8027],[20.2226,42.8037],[20.2166,42.7983]],[[20.249,39.6848],[20.2875,39.7112],[20.2827,39.7044],[20.249,39.6848]],[[20.3334,42.3179],[20.457,42.2505],[20.4741,42.2352],[20.3334,42.3179]],[[20.4862,42.2243],[20.5008,42.2112],[20.5203,42.1761],[20.4862,42.2243]],[[20.5405,42.1396],[20.5494,42.1235],[20.5522,42.0738],[20.5405,42.1396]],[[20.6815,41.844],[20.7121,41.8605],[20.703,41.8496],[20.6815,41.844]],[[20.9579,40.5149],[20.999,40.54],[20.9815,40.5233],[20.9579,40.5149]],[[21.0152,40.5556],[21.0237,40.5888],[21.0188,40.559],[21.0152,40.5556]],[[21.0186,40.6909],[21.0353,40.6594],[21.0335,40.6487],[21.0186,40.6909]],[[21.2378,42.0974],[21.2917,42.0921],[21.2889,42.0897],[21.2378,42.0974]],[[21.295,42.149],[21.3013,42.1006],[21.2988,42.0984],[21.295,42.149]],[[21.3613,42.2182],[21.3668,42.2239],[21.3766,42.2226],[21.3613,42.2182]],[[22.0476,42.3045],[22.076,42.3053],[22.0609,42.3011],[22.0476,42.3045]],[[22.8815,41.3356],[22.917,41.3358],[23.1152,41.3127],[22.8815,41.3356]],[[22.9014,41.8604],[22.9427,41.7758],[22.9397,41.7767],[22.9014,41.8604]],[[22.933,41.6123],[22.9351,41.6189],[22.9332,41.6055],[22.933,41.6123]],[[22.9334,41.595],[22.9487,41.561],[22.9337,41.5846],[22.9334,41.595]],[[22.9385,41.6299],[22.9409,41.6376],[22.9443,41.6388],[22.9385,41.6299]],[[22.967,41.647],[23.0004,41.7015],[22.9986,41.6931],[22.967,41.647]],[[24.1262,41.5294],[24.1463,41.5268],[24.1702,41.5116],[24.1262,41.5294]],[[24.1816,41.5374],[24.1963,41.547],[24.2121,41.5518],[24.1816,41.5374]],[[25.1771,41.2939],[25.2308,41.248],[25.2197,41.2497],[25.1771,41.2939]],[[26.0475,41.6746],[26.0493,41.6823],[26.055,41.6488],[26.0475,41.6746]],[[26.0522,41.6952],[26.0537,41.7015],[26.0579,41.7035],[26.0522,41.6952]],[[26.1312,41.5527],[26.1525,41.547],[26.1544,41.5437],[26.1312,41.5527]],[[26.1459,41.478],[26.1602,41.5019],[26.1593,41.4938],[26.1459,41.478]],[[26.1589,41.5362],[26.1631,41.5291],[26.1617,41.5157],[26.1589,41.5362]],[[26.2304,41.7466],[26.2344,41.7458],[26.2739,41.7149],[26.2304,41.7466]],[[26.3668,41.7112],[26.3774,41.7106],[26.4044,41.6918],[26.3668,41.7112]],[[26.5837,41.3326],[26.6097,41.3307],[26.5911,41.3293],[26.5837,41.3326]]],[[[12.4905,37.7062],[13.192,37.5773],[13.6022,37.2505],[14.2779,37.126],[14.6723,36.7393],[15.0498,36.7393],[15.2051,37.1662],[15.0592,37.2549],[15.0665,37.6417],[15.3895,38.1578],[15.5432,38.1578],[15.5865,38.2377],[14.0562,37.9643],[13.6652,37.9643],[13.3547,38.1578],[13.1199,38.1578],[13.0404,38.0288],[12.6522,38.0929],[12.4919,37.8998],[12.4905,37.7062]]],[[[14.5158,45.1042],[14.7791,45.0187],[14.6653,45.0873],[14.6653,45.1618],[14.5974,45.1664],[14.5959,45.2375],[14.5158,45.1042]]],[[[14.9089,44.5813],[14.9595,44.5396],[14.9729,44.5361],[15.0142,44.5187],[15.0073,44.5045],[15.0755,44.4841],[15.0412,44.5275],[15.0039,44.5361],[14.9663,44.5734],[14.9095,44.6068],[14.9089,44.5813]]],[[[15.0415,44.4766],[15.1597,44.3262],[15.2271,44.3264],[15.1651,44.3674],[15.2544,44.34],[15.0415,44.4766]]],[[[15.1642,44.3057],[15.1652,44.3012],[15.1724,44.2991],[15.1642,44.3057]]],[[[15.2158,44.072],[15.2187,44.0591],[15.2398,44.0534],[15.2258,44.0662],[15.2158,44.072]]],[[[15.401,43.904],[15.4461,43.8875],[15.4268,43.9221],[15.4165,43.928],[15.401,43.904]]],[[[16.7272,43.3421],[16.7959,43.3559],[16.7282,43.3691],[16.7272,43.3421]]],[[[17.3552,42.9515],[17.4376,42.9515],[17.3905,42.9777],[17.3566,42.9879],[17.3552,42.9515]]],[[[17.5079,42.7563],[17.5159,42.7684],[17.5085,42.7718],[17.5079,42.7563]]],[[[17.5119,42.8554],[17.6399,42.8788],[17.5261,42.9218],[17.5119,42.8554]]],[[[17.6662,42.8745],[17.677,42.8727],[17.6737,42.8751],[17.6662,42.8745]]],[[[19.7578,39.6436],[19.9065,39.5814],[19.8416,39.7042],[19.947,39.7729],[19.7637,39.7729],[19.7578,39.6436]]],[[[22.833,38.8227],[22.9818,38.845],[22.9564,38.878],[23.0202,38.9214],[22.833,38.8227]]],[[[23.0356,36.6926],[23.0463,36.6833],[23.0517,36.6872],[23.0498,36.6926],[23.0356,36.6926]]],[[[23.0365,38.9279],[23.3318,38.8034],[23.4651,38.8569],[23.2006,39.0093],[23.0365,38.9279]]],[[[23.3122,37.6174],[23.3406,37.6003],[23.3536,37.5821],[23.3442,37.6327],[23.3122,37.6174]]],[[[23.4014,37.3193],[23.4024,37.3193],[23.4023,37.3198],[23.4014,37.3193]]],[[[23.5634,38.7389],[23.6355,38.5286],[23.594,38.4534],[23.6492,38.4057],[24.0422,38.4015],[24.031,38.3333],[24.1617,38.2698],[24.1789,38.5451],[24.0302,38.6743],[23.5634,38.7389]]],[[[24.1368,38.2415],[24.1515,38.2286],[24.157,38.2296],[24.1591,38.2287],[24.1614,38.2661],[24.1368,38.2415]]],[[[8.5453,42.2329],[8.5938,42.1745],[8.5596,42.154],[8.745,42.0566],[8.6457,41.9774],[8.8054,41.9069],[8.7508,41.8455],[8.7849,41.8244],[8.6551,41.7499],[8.9227,41.6946],[8.8018,41.6391],[8.7918,41.5612],[9.0798,41.4824],[9.0964,41.4035],[9.2255,41.3771],[9.2107,41.4482],[9.3506,41.5812],[9.2922,41.6264],[9.3467,41.6196],[9.4016,41.7064],[9.4032,41.9529],[9.5596,42.1466],[9.5281,42.5635],[9.4429,42.6406],[9.464,42.9901],[9.3467,43.0037],[9.3057,42.8393],[9.3425,42.7491],[9.2922,42.6748],[9.1178,42.732],[8.787,42.562],[8.7092,42.5792],[8.6595,42.4299],[8.5491,42.3771],[8.6878,42.2729],[8.5453,42.2329]]],[[[9.4566,42.6474],[9.4768,42.6191],[9.4769,42.6201],[9.4821,42.6201],[9.4566,42.6474]]],[[[10.1632,42.8164],[10.1963,42.7362],[10.3379,42.7648],[10.4307,42.7221],[10.3888,42.7635],[10.4367,42.8044],[10.4124,42.8734],[10.3473,42.8059],[10.1632,42.8164]]],[[[-0.9424,43.0165],[-0.9381,42.9515],[-0.8579,42.9515],[-0.8621,43.0165],[-0.9424,43.0165]]],[[[14.2616,44.6158],[14.2712,44.6125],[14.2619,44.6282],[14.2616,44.6158]]],[[[14.2625,44.6582],[14.2742,44.6617],[14.2804,44.6776],[14.2658,44.6795],[14.2629,44.6771],[14.2625,44.6582]]],[[[14.2925,44.9403],[14.4279,44.6566],[14.5047,44.6191],[14.4592,44.9154],[14.2925,44.9403]]],[[[14.3358,44.7168],[14.363,44.5734],[14.5024,44.516],[14.3358,44.7168]]],[[[27.708,36.1688],[27.7519,35.905],[27.9934,36.062],[28.0896,36.0551],[28.0617,36.1165],[28.1634,36.2377],[28.2311,36.4498],[27.8997,36.3402],[27.708,36.1688]]],[[[22.9016,36.3383],[22.9292,36.178],[23.0533,36.1596],[23.0769,36.2707],[22.9446,36.3894],[22.9016,36.3383]]],[[[26.9177,36.7161],[27.1854,36.8037],[27.1442,36.8811],[26.9177,36.7161]]],[[[25.3418,37.083],[25.3936,36.9971],[25.5644,36.9971],[25.5727,37.126],[25.3418,37.083]]],[[[24.2754,37.5317],[24.3958,37.6247],[24.3728,37.6852],[24.2893,37.6453],[24.2754,37.5317]]],[[[24.9955,37.6789],[25.1255,37.5559],[25.216,37.5329],[25.2593,37.59],[24.9955,37.6789]]],[[[25.99,37.5165],[26.2306,37.5714],[26.312,37.6796],[26.0742,37.6379],[25.99,37.5165]]],[[[24.6878,37.9287],[24.9118,37.7283],[24.9944,37.7541],[24.9538,37.8707],[24.7937,37.9941],[24.6878,37.9287]]],[[[26.1325,39.5143],[26.9377,39.5748],[26.9299,39.4877],[26.801,39.4335],[26.7422,39.2557],[26.8945,39.1911],[26.8793,38.9972],[26.9579,38.9972],[26.9399,38.9327],[27.0413,38.9401],[27.0627,38.8869],[26.9084,38.8204],[26.9314,38.7551],[26.8495,38.6097],[27.0798,38.5451],[27.0728,38.4537],[27.1642,38.4466],[27.0694,38.4094],[27.065,38.3515],[26.6762,38.3515],[26.6731,38.3072],[26.595,38.3515],[26.4614,38.6732],[26.3742,38.5451],[26.4526,38.5451],[26.447,38.4694],[26.513,38.4329],[26.4515,38.4261],[26.4289,38.2224],[26.8203,38.2224],[26.889,38.0933],[27.2753,38.0288],[27.2559,37.7707],[27.1794,37.6106],[27.31,37.4483],[27.2461,37.3362],[27.4072,37.4127],[27.4385,37.3908],[27.3921,37.3538],[27.5392,37.3838],[27.5644,37.2735],[27.616,37.2747],[27.598,37.126],[28.0653,37.126],[28.1313,37.0363],[28.3294,37.0368],[28.2124,37.0004],[28.1653,36.9116],[28.1034,36.9353],[28.0583,36.7721],[28.1184,36.8006],[28.1305,36.754],[28.0314,36.6749],[28.1961,36.6854],[28.2572,36.8462],[28.315,36.8291],[28.2934,36.7959],[28.452,36.8836],[29.1249,36.7393],[29.2163,36.3291],[29.3223,36.2469],[29.938,36.224],[30.0261,36.3528],[30.4919,36.3528],[30.6191,36.9326],[31.086,36.9326],[31.6911,36.7393],[32.2414,36.8037],[31.9722,37.2549],[31.5164,37.3838],[31.5224,37.4483],[31.2162,37.5128],[31.0485,37.3838],[30.7366,37.3838],[30.7481,37.5128],[30.5312,37.7062],[30.152,37.8352],[30.2474,38.0288],[30.8911,38.2224],[30.9876,38.416],[31.3857,38.4806],[31.443,39.0618],[31.233,39.3203],[31.3783,39.967],[30.5888,39.967],[30.6019,40.0964],[30.457,40.2259],[30.0682,40.2906],[29.923,40.4201],[29.936,40.5496],[29.4545,40.4849],[29.3503,40.2259],[28.955,40.2259],[28.7299,40.3554],[28.2716,40.4014],[28.18,40.3984],[28.1703,40.2906],[27.6167,40.2906],[27.2948,40.4059],[26.6819,40.3561],[26.408,40.1937],[26.3622,40.0635],[26.2465,39.967],[26.1675,39.967],[26.1325,39.5143]]],[[[26.2555,40.0801],[26.3758,40.1535],[26.3456,40.1998],[26.6167,40.3595],[26.6839,40.4849],[26.2723,40.2906],[26.2555,40.0801]]],[[[27.5815,37.1982],[27.5831,37.1912],[27.5877,37.1988],[27.5815,37.1982]]],[[[25.8407,38.5224],[25.989,38.3793],[25.9644,38.3026],[25.885,38.2794],[25.8898,38.2206],[26.0115,38.1578],[26.1121,38.2226],[26.1636,38.5428],[26.0159,38.602],[25.8696,38.5831],[25.8407,38.5224]]],[[[23.4849,38.7389],[23.5634,38.7389],[23.5668,38.7946],[23.4888,38.8034],[23.4849,38.7389]]],[[[24.4362,38.878],[24.557,38.8457],[24.5368,38.7918],[24.6643,38.7732],[24.523,38.9643],[24.4611,38.9677],[24.4362,38.878]]],[[[25.0447,39.9853],[25.047,39.8376],[25.2043,39.8376],[25.2388,39.9195],[25.2798,39.8891],[25.2388,39.8581],[25.3551,39.8376],[25.348,39.9064],[25.4499,39.9884],[25.4377,40.0317],[25.2852,39.9534],[25.2251,40.0089],[25.0447,39.9853]]]]}},{"type":"Feature","properties":{"territoryId":"cliopatria-q175881-b6b4ba388a","name":"Roman Republic","name_ko":"로마 공화국","color":"#75a9f0","colorFamily":0,"startYear":-109,"endYear":-91,"source_name":"Cliopatria v0.2.0","source_url":"https://github.com/Seshat-Global-History-Databank/cliopatria","license":"CC BY 4.0","attribution":"Seshat Global History Databank, Cliopatria contributors"},"geometry":{"type":"MultiPolygon","coordinates":[[[[8.6764,36.4172],[8.6783,36.224],[8.8352,36.0308],[8.8369,35.8377],[8.9924,35.7733],[8.9171,35.5158],[9.2283,35.2584],[9.3856,34.8079],[10.0045,34.2933],[10.0815,34.2933],[10.8512,34.8079],[10.8512,34.9366],[11.0181,35.0342],[11.055,35.1404],[11.0057,35.3871],[11.0831,35.5073],[11.0169,35.5986],[10.851,35.6445],[10.8317,35.7185],[10.4635,35.902],[10.5349,36.3573],[10.4625,36.4172],[11.0062,36.8037],[11.0063,36.9971],[10.5187,36.7558],[10.3553,36.7312],[10.1885,36.7976],[10.2685,36.9378],[10.1824,37.027],[10.2271,37.1177],[10.1281,37.1587],[10.2272,37.1949],[10.1501,37.2337],[9.9934,37.1904],[9.8716,37.2574],[9.8196,37.2276],[9.925,37.2131],[9.9143,37.1783],[9.8159,37.1518],[9.7718,37.2133],[9.8536,37.2673],[9.759,37.3193],[9.3969,37.2594],[9.0595,37.0615],[8.9723,37.0975],[8.7567,36.9743],[8.9083,36.546],[8.6764,36.4172]]],[[[14.3384,35.9455],[14.3815,35.843],[14.5618,35.8298],[14.5078,35.9285],[14.3773,35.9936],[14.3384,35.9455]]],[[[20.339,38.2002],[20.3801,38.1518],[20.4253,38.1753],[20.4351,38.2788],[20.4943,38.1337],[20.7865,38.0933],[20.6817,38.2821],[20.6429,38.2534],[20.5991,38.3026],[20.6258,38.3518],[20.5664,38.416],[20.479,38.3095],[20.3999,38.3641],[20.339,38.2002]]],[[[20.6878,38.3367],[20.7194,38.3156],[20.7387,38.3189],[20.6951,38.3434],[20.6878,38.3367]]],[[[1.2204,38.9553],[1.2529,38.8623],[1.4031,38.8323],[1.4147,38.8906],[1.6231,39.0292],[1.5227,39.1189],[1.3568,39.0776],[1.2928,39.0333],[1.301,38.9678],[1.2204,38.9553]]],[[[20.1453,39.6436],[20.1517,39.6402],[20.1519,39.6436],[20.1453,39.6436]]],[[[2.3508,39.5765],[2.487,39.4788],[2.6817,39.5587],[2.7435,39.5234],[2.7866,39.3759],[3.1447,39.3203],[3.2825,39.4201],[3.4744,39.7497],[3.1626,39.7691],[3.1263,39.8319],[3.1959,39.8906],[3.0947,39.8812],[3.1738,39.967],[2.8132,39.8726],[2.3508,39.5765]]],[[[3.8032,40.0181],[3.8307,39.9361],[4.3008,39.8378],[4.1705,40.0646],[4.1423,40.0248],[4.1051,40.0794],[3.8032,40.0181]]],[[[8.1567,40.7718],[8.1974,40.6912],[8.1618,40.5638],[8.1934,40.6175],[8.2163,40.5706],[8.312,40.5781],[8.386,40.3518],[8.4761,40.2921],[8.49,40.1045],[8.3772,40.0338],[8.4004,39.9361],[8.5453,39.8786],[8.5044,39.7215],[8.5658,39.7011],[8.4553,39.7561],[8.4634,39.5769],[8.374,39.3789],[8.4321,39.3018],[8.4095,39.1693],[8.5596,39.0567],[8.606,38.9088],[8.7166,38.9326],[8.8533,38.878],[9.0183,38.9953],[9.0183,39.1461],[9.0798,39.2246],[9.0139,39.2639],[9.166,39.1871],[9.2922,39.2213],[9.4052,39.1521],[9.5664,39.1492],[9.7111,39.9293],[9.6262,40.2631],[9.8225,40.5327],[9.6579,40.7999],[9.724,40.8449],[9.6141,40.8934],[9.6421,40.9206],[9.5042,40.9269],[9.6469,40.9922],[9.5119,41.0163],[9.5541,41.1239],[9.4691,41.1462],[9.4429,41.092],[9.4224,41.1807],[9.1711,41.2426],[9.1419,41.1528],[9.0055,41.1219],[8.8225,40.9473],[8.5205,40.827],[8.3102,40.8507],[8.1812,40.9341],[8.2153,40.8814],[8.1567,40.7718]]],[[[8.3533,39.0556],[8.4312,38.9661],[8.4839,39.0698],[8.3701,39.1131],[8.3533,39.0556]]],[[[9.3767,41.2147],[9.377,41.2133],[9.3953,41.2106],[9.4007,41.2115],[9.3767,41.2147]]],[[[9.437,41.1859],[9.4644,41.1727],[9.4749,41.1793],[9.4749,41.2014],[9.445,41.2055],[9.437,41.1859]]],[[[-9.4975,38.8098],[-9.4717,38.7025],[-9.3218,38.6703],[-9.1125,38.7142],[-9.1003,38.8302],[-8.9359,39.0407],[-8.7651,39.0977],[-8.9432,39.0152],[-9.0115,38.9134],[-8.9426,38.7756],[-9.1077,38.6589],[-9.2324,38.6684],[-9.1838,38.5515],[-9.2085,38.416],[-8.9549,38.5051],[-8.7884,38.4814],[-8.7733,38.5653],[-8.7362,38.4519],[-8.6068,38.4187],[-8.8226,38.4463],[-8.7744,38.1869],[-8.817,37.7403],[-8.7522,37.7308],[-8.819,37.6273],[-8.816,37.4179],[-8.9969,37.0218],[-8.7011,37.126],[-8.3117,37.126],[-7.9887,36.9971],[-7.8196,36.9987],[-7.459,37.178],[-7.4653,37.2549],[-6.9042,37.2549],[-6.8527,37.2952],[-6.8854,37.2549],[-6.5435,36.9851],[-6.3467,36.8958],[-6.1948,36.9321],[-6.3382,36.8837],[-6.3301,36.6749],[-6.1794,36.5135],[-6.2146,36.4793],[-6.0688,36.2325],[-5.8311,36.224],[-5.6403,36.0422],[-5.3215,36.2067],[-5.2282,36.4816],[-4.6888,36.546],[-4.4686,36.7393],[-2.6801,36.7393],[-2.5321,36.8682],[-2.0616,36.8037],[-1.8574,37.3193],[-1.6521,37.3626],[-1.7087,37.4483],[-1.2427,37.5792],[-1.1717,37.5518],[-0.7078,37.6411],[-0.8099,37.6669],[-0.8561,37.7425],[-0.788,37.8228],[-0.7607,37.7961],[-0.8035,38.0288],[-0.6609,38.2869],[0.0994,38.7389],[-0.3137,39.1265],[-0.3454,39.7083],[-0.1265,40.0317],[0.1825,40.1612],[0.2478,40.4201],[0.7093,40.6792],[0.6958,40.9384],[1.2384,41.1977],[2.1066,41.3274],[2.3336,41.5869],[2.5725,41.5869],[3.1168,41.9114],[3.1188,42.2183],[3.1773,42.3606],[3.0099,42.5612],[2.9849,43.1467],[3.8509,43.6027],[4.173,43.6027],[4.1778,43.4723],[4.7288,43.4723],[4.6946,43.5791],[4.7424,43.4723],[5.0524,43.4723],[5.0093,43.5176],[5.0589,43.6027],[5.3811,43.6027],[5.5515,43.2769],[5.6319,43.2769],[5.7962,43.1467],[6.5176,43.2118],[6.6726,43.4723],[6.9985,43.5442],[7.1502,43.733],[8.0339,43.9286],[8.1916,44.1896],[8.5925,44.4507],[9.1591,44.4507],[9.7274,44.1243],[9.9697,44.1243],[9.9627,44.0447],[10.1314,44.0591],[10.3742,43.6678],[10.5391,43.0796],[11.0163,42.8213],[11.0159,42.6629],[11.176,42.6262],[11.2552,42.4312],[11.4152,42.4312],[11.569,42.3314],[11.6548,42.3662],[11.8128,42.1063],[12.1317,42.0413],[12.1305,41.9131],[13,41.3274],[13.7145,41.2625],[13.862,41.1328],[13.9506,41.1328],[14.1046,40.8736],[14.4219,40.8736],[14.4194,40.7517],[14.4741,40.7297],[14.4363,40.6792],[14.8934,40.6792],[15.0414,40.2259],[15.1995,40.2259],[15.4319,40.0317],[15.5349,40.0778],[15.7478,40.0317],[15.7136,39.978],[15.7736,39.8424],[15.8989,39.7729],[16.1165,39.0618],[16.2703,38.9326],[16.2652,38.7389],[15.9497,38.6743],[15.8621,38.2869],[15.6328,38.2203],[15.6982,37.9643],[15.9328,37.9643],[16.4919,38.416],[16.5024,38.8034],[17.1383,39.0618],[17.0697,39.385],[16.9162,39.5143],[16.4473,39.6436],[16.4567,39.967],[16.6769,40.1511],[16.6245,40.2906],[16.777,40.2906],[16.9137,40.4464],[16.868,40.4849],[17.0285,40.5496],[17.3452,40.5496],[17.4175,40.3554],[17.8131,40.3554],[18.1122,39.9023],[18.3489,39.9023],[18.4381,40.1612],[17.9812,40.6144],[17.5107,40.744],[17.2027,41.0032],[15.9439,41.3922],[15.8738,41.7167],[16.1149,41.7816],[16.1189,41.9114],[15.2414,41.9114],[14.7659,42.0413],[14.7178,42.1506],[14.6077,42.1063],[14.5308,42.2362],[14.3709,42.2362],[14.0565,42.4962],[13.9014,42.7563],[13.9329,42.8295],[13.8625,43.0186],[13.7471,43.0816],[13.6726,43.4072],[13.3874,43.6413],[13.0338,43.733],[13.019,43.8567],[12.8734,43.7982],[12.313,44.1896],[12.1537,44.4507],[12.1572,44.8426],[12.4001,44.7989],[12.4026,45.0388],[12.3688,45.011],[12.16,45.1696],[12.1628,45.4968],[12.6522,45.5623],[12.8168,45.6933],[13.0658,45.6401],[13.1448,45.8243],[13.7149,45.7588],[13.7393,45.6491],[13.8081,45.6143],[13.7119,45.5933],[13.7529,45.5529],[13.7102,45.4968],[13.5473,45.4968],[13.5448,45.3427],[13.7056,45.235],[13.8032,44.908],[13.9432,44.908],[13.9457,45.0388],[14.1552,45.0388],[14.1962,45.3659],[14.6031,45.3659],[14.576,45.2623],[14.8528,45.0937],[14.9187,44.9734],[14.9113,44.6789],[15.308,44.3544],[15.5287,44.2718],[15.2612,44.3326],[15.2953,44.2507],[15.1981,44.3017],[15.1765,44.25],[15.2129,44.131],[15.4591,43.9938],[15.4551,43.928],[15.6186,43.9286],[15.6954,43.7982],[15.8566,43.7982],[16.0117,43.6027],[15.9595,43.504],[16.5754,43.6027],[16.7342,43.5375],[16.7302,43.4247],[17.0513,43.4072],[17.1139,43.2132],[17.2058,43.1691],[17.3654,43.2118],[17.3606,43.0893],[17.4336,43.0174],[17.502,43.031],[17.5156,42.9589],[17.9915,42.8213],[18.2191,42.5984],[18.6286,42.4482],[18.6873,42.4829],[18.7063,42.4197],[18.852,42.3662],[19.4436,41.8653],[19.5916,41.8188],[19.5576,41.6605],[19.613,41.6053],[19.4715,41.5823],[19.5297,41.522],[19.4438,41.3922],[19.5233,41.3922],[19.4555,41.1485],[19.5234,40.9206],[19.3688,40.8022],[19.3044,40.6531],[19.4863,40.6144],[19.4714,40.2906],[19.6295,40.2906],[20.0094,39.967],[19.9876,39.7083],[20.155,39.7083],[20.2972,39.385],[20.9538,39.0342],[21.0584,39.009],[21.0852,39.0629],[21.1599,38.9977],[21.1774,38.876],[21.1023,38.9108],[21.0852,38.8643],[21.0274,38.9326],[20.8599,38.9605],[20.7414,38.8034],[20.9737,38.7389],[21.1933,38.416],[21.3376,38.3989],[21.3225,38.4963],[21.4224,38.3889],[21.7625,38.3284],[21.8312,38.3967],[21.9876,38.4106],[22.1892,38.3231],[22.3823,38.3427],[22.4016,38.4534],[22.5625,38.2935],[22.6465,38.39],[22.8057,38.227],[23.2234,38.1592],[23.1729,38.0795],[22.8755,38.0493],[22.9754,37.979],[22.8672,37.9395],[22.6804,38.0666],[22.2185,38.1882],[21.9559,38.3367],[21.7642,38.2958],[21.7286,38.1578],[21.4156,38.1578],[21.2436,37.8352],[21.6966,37.5128],[21.6958,37.3164],[21.6031,37.1904],[21.681,37.1904],[21.7435,36.8682],[21.8992,36.8682],[21.9085,37.0615],[22.22,37.0615],[22.3757,36.6749],[22.5118,36.6749],[22.5994,36.8682],[22.8328,36.8682],[23.0332,36.6946],[22.8532,37.2549],[22.7007,37.3193],[22.7144,37.5773],[22.9486,37.5773],[23.1756,37.4483],[23.1685,37.3193],[23.278,37.3498],[23.23,37.3749],[23.2627,37.401],[23.3849,37.4134],[23.36,37.5475],[23.1083,37.6417],[22.9951,37.8821],[23.3646,38.0288],[23.3051,38.3515],[23.6478,38.3866],[23.5929,38.4806],[23.3126,38.4806],[23.1826,38.6538],[23.1045,38.6384],[22.9149,38.7756],[22.5251,38.8581],[22.6216,38.9145],[22.792,38.878],[23.0731,39.0363],[22.9639,39.009],[22.9981,39.0698],[22.9516,39.1238],[22.7973,39.0618],[22.8163,39.385],[23.1318,39.4489],[22.6109,39.9023],[22.6497,39.9853],[22.5437,40.0964],[22.5716,40.5496],[22.9105,40.6446],[22.9832,40.5527],[22.9265,40.5153],[22.9592,40.4201],[23.7374,40.2259],[23.6936,40.3092],[23.7777,40.3548],[23.8386,40.5496],[23.6846,40.6144],[23.698,40.8088],[24.0106,40.744],[24.3466,41.0032],[25.1384,41.0101],[25.1358,40.9692],[25.8495,40.9384],[26.0822,40.8736],[26.1403,40.6144],[26.6264,40.744],[26.7335,40.65],[26.7904,40.6606],[26.8709,40.5293],[27.5275,41.068],[29.0362,41.068],[28.9791,41.252],[28.3525,41.3922],[28.1419,41.5989],[28.0528,41.5869],[27.9661,41.8489],[28.0043,41.9114],[27.9245,41.9114],[27.9307,41.9764],[27.6115,41.9764],[27.4641,42.1063],[26.8253,42.1063],[26.3179,41.7816],[25.2019,41.7816],[25.0322,41.6518],[24.7186,41.7167],[23.6688,41.522],[23.4483,41.7816],[23.0542,41.8465],[22.7528,42.1063],[22.5931,42.1063],[22.442,42.2362],[22.455,42.4312],[21.0797,42.1712],[20.6187,42.4962],[20.6261,42.6262],[20.3822,42.5612],[20.3094,42.6912],[20.1492,42.6912],[20.2364,42.8213],[19.595,42.8213],[19.5215,42.9515],[19.6051,43.0165],[19.2038,43.0165],[18.8308,43.2769],[18.8952,43.2769],[18.8984,43.3421],[18.8179,43.3421],[18.8154,43.2877],[18.7375,43.3421],[18.5737,43.2769],[18.3443,43.5375],[17.8612,43.5375],[17.386,43.733],[17.313,43.9286],[17.1492,43.8634],[17.0735,43.9938],[16.912,43.9938],[16.6792,44.2548],[16.5175,44.2548],[16.126,44.6466],[15.8058,44.7773],[15.8198,45.235],[15.9824,45.235],[15.9072,45.4313],[15.9907,45.4968],[15.2683,45.8898],[15.2701,45.9554],[14.9451,46.0209],[14.9484,46.1521],[13.8024,46.0865],[13.6412,46.2177],[12.905,46.2177],[12.5749,45.9554],[12.4116,45.9554],[12.4103,45.8243],[12.0824,45.6278],[11.5112,45.4968],[10.8597,45.4968],[10.5337,45.6278],[8.9035,45.6278],[8.5792,45.4968],[8.581,45.3659],[8.4191,45.3004],[8.1069,44.4507],[7.5451,44.1896],[7.2219,44.1896],[7.3052,44.0591],[7.067,43.8634],[6.9057,43.8634],[6.6696,43.6027],[4.6473,43.8634],[3.4455,43.6678],[3.2122,43.4723],[3.0512,43.4723],[2.741,43.2118],[2.7497,43.0165],[2.6695,43.0165],[2.6868,42.6262],[2.7669,42.6262],[2.6982,42.3662],[2.8637,42.2362],[2.7179,41.9114],[1.997,41.9764],[1.422,42.3012],[0.859,42.3662],[0.7719,42.4962],[0.4555,42.4312],[0.288,42.5612],[-0.685,42.7563],[-0.9381,42.9515],[-1.2591,42.9515],[-1.3305,42.8213],[-1.4909,42.8213],[-1.4821,42.6912],[-1.949,42.4962],[-2.1137,42.5612],[-2.1799,42.3662],[-2.9649,42.1712],[-3.1149,42.0413],[-5.8407,42.1712],[-6.4614,41.9764],[-7.1859,42.0413],[-7.253,41.9114],[-8.29,41.9114],[-8.3563,41.7816],[-8.6683,41.7167],[-8.8764,41.7716],[-8.83,41.6946],[-8.6962,41.722],[-8.8305,41.6716],[-8.7372,41.2497],[-8.6483,41.1528],[-8.7508,40.6531],[-8.6553,40.8449],[-8.6684,40.7475],[-8.5727,40.7556],[-8.753,40.6408],[-8.9084,40.2007],[-8.785,40.1187],[-8.8682,40.1248],[-9.0904,39.5793],[-9.2176,39.4062],[-9.395,39.3733],[-9.3509,39.1973],[-9.4975,38.8098]],[[-7.5297,37.5672],[-7.5236,37.5732],[-7.5275,37.5614],[-7.5297,37.5672]],[[-7.5223,37.5475],[-7.496,37.5121],[-7.5154,37.5293],[-7.5223,37.5475]],[[-7.445,37.3868],[-7.4276,37.2745],[-7.4322,37.2639],[-7.445,37.3868]],[[-7.2658,39.2314],[-7.2643,39.2523],[-7.2596,39.2212],[-7.2658,39.2314]],[[-7.0768,39.1115],[-7.0649,39.1148],[-7.0515,39.1099],[-7.0768,39.1115]],[[-7.0298,39.1019],[-7.0158,39.0968],[-6.9857,39.0668],[-7.0298,39.1019]],[[7.3093,44.1475],[7.339,44.1249],[7.331,44.1253],[7.3093,44.1475]],[[18.4437,42.8345],[18.4517,42.8023],[18.4446,42.8171],[18.4437,42.8345]],[[18.4598,42.7852],[18.4838,42.7525],[18.4674,42.7692],[18.4598,42.7852]],[[19.2749,42.1913],[19.4004,42.3259],[19.2764,42.1857],[19.2749,42.1913]],[[19.2803,42.1714],[19.2925,42.1577],[19.2821,42.1646],[19.2803,42.1714]],[[19.4004,42.3259],[19.4027,42.352],[19.4111,42.3648],[19.4004,42.3259]],[[19.4152,42.371],[19.4172,42.3741],[19.5178,42.458],[19.4152,42.371]],[[19.6218,42.605],[19.676,42.6467],[19.6993,42.6548],[19.6218,42.605]],[[19.7516,42.4934],[19.792,42.4729],[19.7845,42.4746],[19.7516,42.4934]],[[19.8102,42.4687],[19.8267,42.4697],[19.8196,42.4665],[19.8102,42.4687]],[[20.0248,42.7234],[20.1039,42.6531],[20.0361,42.708],[20.0248,42.7234]],[[20.0248,42.7234],[20.0265,42.7432],[20.0332,42.7473],[20.0248,42.7234]],[[20.0392,42.5578],[20.065,42.5468],[20.1526,42.4937],[20.0392,42.5578]],[[20.2166,42.7983],[20.2176,42.8027],[20.2226,42.8037],[20.2166,42.7983]],[[20.249,39.6848],[20.2875,39.7112],[20.2827,39.7044],[20.249,39.6848]],[[20.3334,42.3179],[20.457,42.2505],[20.4741,42.2352],[20.3334,42.3179]],[[20.4862,42.2243],[20.5008,42.2112],[20.5203,42.1761],[20.4862,42.2243]],[[20.5405,42.1396],[20.5494,42.1235],[20.5522,42.0738],[20.5405,42.1396]],[[20.6815,41.844],[20.7121,41.8605],[20.703,41.8496],[20.6815,41.844]],[[20.9579,40.5149],[20.999,40.54],[20.9815,40.5233],[20.9579,40.5149]],[[21.0152,40.5556],[21.0237,40.5888],[21.0188,40.559],[21.0152,40.5556]],[[21.0186,40.6909],[21.0353,40.6594],[21.0335,40.6487],[21.0186,40.6909]],[[21.2378,42.0974],[21.2917,42.0921],[21.2889,42.0897],[21.2378,42.0974]],[[21.295,42.149],[21.3013,42.1006],[21.2988,42.0984],[21.295,42.149]],[[21.3613,42.2182],[21.3668,42.2239],[21.3766,42.2226],[21.3613,42.2182]],[[22.0476,42.3045],[22.076,42.3053],[22.0609,42.3011],[22.0476,42.3045]],[[22.8815,41.3356],[22.917,41.3358],[23.1152,41.3127],[22.8815,41.3356]],[[22.9014,41.8604],[22.9427,41.7758],[22.9397,41.7767],[22.9014,41.8604]],[[22.933,41.6123],[22.9351,41.6189],[22.9332,41.6055],[22.933,41.6123]],[[22.9334,41.595],[22.9487,41.561],[22.9337,41.5846],[22.9334,41.595]],[[22.9385,41.6299],[22.9409,41.6376],[22.9443,41.6388],[22.9385,41.6299]],[[22.967,41.647],[23.0004,41.7015],[22.9986,41.6931],[22.967,41.647]],[[24.1262,41.5294],[24.1463,41.5268],[24.1702,41.5116],[24.1262,41.5294]],[[24.1816,41.5374],[24.1963,41.547],[24.2121,41.5518],[24.1816,41.5374]],[[25.1771,41.2939],[25.2308,41.248],[25.2197,41.2497],[25.1771,41.2939]],[[26.0475,41.6746],[26.0493,41.6823],[26.055,41.6488],[26.0475,41.6746]],[[26.0522,41.6952],[26.0537,41.7015],[26.0579,41.7035],[26.0522,41.6952]],[[26.1312,41.5527],[26.1525,41.547],[26.1544,41.5437],[26.1312,41.5527]],[[26.1459,41.478],[26.1602,41.5019],[26.1593,41.4938],[26.1459,41.478]],[[26.1589,41.5362],[26.1631,41.5291],[26.1617,41.5157],[26.1589,41.5362]],[[26.2304,41.7466],[26.2344,41.7458],[26.2739,41.7149],[26.2304,41.7466]],[[26.3668,41.7112],[26.3774,41.7106],[26.4044,41.6918],[26.3668,41.7112]],[[26.5837,41.3326],[26.6097,41.3307],[26.5911,41.3293],[26.5837,41.3326]]],[[[-9.0797,38.8201],[-9.0414,38.8492],[-9.0346,38.8642],[-9.0411,38.8676],[-9.0614,38.8522],[-9.0797,38.8201]]],[[[-8.9426,38.4814],[-8.9114,38.4658],[-8.8817,38.4707],[-8.9045,38.4864],[-8.9273,38.4938],[-8.9426,38.4814]]],[[[-7.8658,36.9971],[-7.8585,36.9971],[-7.8601,37.0004],[-7.8658,36.9971]]],[[[-0.7545,37.7744],[-0.7469,37.6838],[-0.7265,37.6652],[-0.7401,37.7025],[-0.7327,37.7477],[-0.7545,37.7744]]],[[[12.4905,37.7062],[13.192,37.5773],[13.6022,37.2505],[14.2779,37.126],[14.6723,36.7393],[15.0498,36.7393],[15.2051,37.1662],[15.0592,37.2549],[15.0665,37.6417],[15.3895,38.1578],[15.5432,38.1578],[15.5865,38.2377],[14.0562,37.9643],[13.6652,37.9643],[13.3547,38.1578],[13.1199,38.1578],[13.0404,38.0288],[12.6522,38.0929],[12.4919,37.8998],[12.4905,37.7062]]],[[[14.5158,45.1042],[14.7791,45.0187],[14.6653,45.0873],[14.6653,45.1618],[14.5974,45.1664],[14.5959,45.2375],[14.5158,45.1042]]],[[[14.9089,44.5813],[14.9595,44.5396],[14.9729,44.5361],[15.0142,44.5187],[15.0073,44.5045],[15.0755,44.4841],[15.0412,44.5275],[15.0039,44.5361],[14.9663,44.5734],[14.9095,44.6068],[14.9089,44.5813]]],[[[15.0415,44.4766],[15.1597,44.3262],[15.2271,44.3264],[15.1651,44.3674],[15.2544,44.34],[15.0415,44.4766]]],[[[15.1642,44.3057],[15.1652,44.3012],[15.1724,44.2991],[15.1642,44.3057]]],[[[15.2158,44.072],[15.2187,44.0591],[15.2398,44.0534],[15.2258,44.0662],[15.2158,44.072]]],[[[15.401,43.904],[15.4461,43.8875],[15.4268,43.9221],[15.4165,43.928],[15.401,43.904]]],[[[16.7272,43.3421],[16.7959,43.3559],[16.7282,43.3691],[16.7272,43.3421]]],[[[17.3552,42.9515],[17.4376,42.9515],[17.3905,42.9777],[17.3566,42.9879],[17.3552,42.9515]]],[[[17.5079,42.7563],[17.5159,42.7684],[17.5085,42.7718],[17.5079,42.7563]]],[[[17.5119,42.8554],[17.6399,42.8788],[17.5261,42.9218],[17.5119,42.8554]]],[[[17.6662,42.8745],[17.677,42.8727],[17.6737,42.8751],[17.6662,42.8745]]],[[[19.7578,39.6436],[19.9065,39.5814],[19.8416,39.7042],[19.947,39.7729],[19.7637,39.7729],[19.7578,39.6436]]],[[[22.833,38.8227],[22.9818,38.845],[22.9564,38.878],[23.0202,38.9214],[22.833,38.8227]]],[[[23.0356,36.6926],[23.0463,36.6833],[23.0517,36.6872],[23.0498,36.6926],[23.0356,36.6926]]],[[[23.0365,38.9279],[23.3318,38.8034],[23.4651,38.8569],[23.2006,39.0093],[23.0365,38.9279]]],[[[23.3122,37.6174],[23.3406,37.6003],[23.3536,37.5821],[23.3442,37.6327],[23.3122,37.6174]]],[[[23.4014,37.3193],[23.4024,37.3193],[23.4023,37.3198],[23.4014,37.3193]]],[[[23.5634,38.7389],[23.6355,38.5286],[23.594,38.4534],[23.6492,38.4057],[24.0422,38.4015],[24.031,38.3333],[24.1617,38.2698],[24.1789,38.5451],[24.0302,38.6743],[23.5634,38.7389]]],[[[24.1368,38.2415],[24.1515,38.2286],[24.157,38.2296],[24.1591,38.2287],[24.1614,38.2661],[24.1368,38.2415]]],[[[8.5453,42.2329],[8.5938,42.1745],[8.5596,42.154],[8.745,42.0566],[8.6457,41.9774],[8.8054,41.9069],[8.7508,41.8455],[8.7849,41.8244],[8.6551,41.7499],[8.9227,41.6946],[8.8018,41.6391],[8.7918,41.5612],[9.0798,41.4824],[9.0964,41.4035],[9.2255,41.3771],[9.2107,41.4482],[9.3506,41.5812],[9.2922,41.6264],[9.3467,41.6196],[9.4016,41.7064],[9.4032,41.9529],[9.5596,42.1466],[9.5281,42.5635],[9.4429,42.6406],[9.464,42.9901],[9.3467,43.0037],[9.3057,42.8393],[9.3425,42.7491],[9.2922,42.6748],[9.1178,42.732],[8.787,42.562],[8.7092,42.5792],[8.6595,42.4299],[8.5491,42.3771],[8.6878,42.2729],[8.5453,42.2329]]],[[[9.4566,42.6474],[9.4768,42.6191],[9.4769,42.6201],[9.4821,42.6201],[9.4566,42.6474]]],[[[10.1632,42.8164],[10.1963,42.7362],[10.3379,42.7648],[10.4307,42.7221],[10.3888,42.7635],[10.4367,42.8044],[10.4124,42.8734],[10.3473,42.8059],[10.1632,42.8164]]],[[[-0.9424,43.0165],[-0.9381,42.9515],[-0.8579,42.9515],[-0.8621,43.0165],[-0.9424,43.0165]]],[[[14.2616,44.6158],[14.2712,44.6125],[14.2619,44.6282],[14.2616,44.6158]]],[[[14.2625,44.6582],[14.2742,44.6617],[14.2804,44.6776],[14.2658,44.6795],[14.2629,44.6771],[14.2625,44.6582]]],[[[14.2925,44.9403],[14.4279,44.6566],[14.5047,44.6191],[14.4592,44.9154],[14.2925,44.9403]]],[[[14.3358,44.7168],[14.363,44.5734],[14.5024,44.516],[14.3358,44.7168]]],[[[27.708,36.1688],[27.7519,35.905],[27.9934,36.062],[28.0896,36.0551],[28.0617,36.1165],[28.1634,36.2377],[28.2311,36.4498],[27.8997,36.3402],[27.708,36.1688]]],[[[22.9016,36.3383],[22.9292,36.178],[23.0533,36.1596],[23.0769,36.2707],[22.9446,36.3894],[22.9016,36.3383]]],[[[26.9177,36.7161],[27.1854,36.8037],[27.1442,36.8811],[26.9177,36.7161]]],[[[25.3418,37.083],[25.3936,36.9971],[25.5644,36.9971],[25.5727,37.126],[25.3418,37.083]]],[[[24.2754,37.5317],[24.3958,37.6247],[24.3728,37.6852],[24.2893,37.6453],[24.2754,37.5317]]],[[[24.9955,37.6789],[25.1255,37.5559],[25.216,37.5329],[25.2593,37.59],[24.9955,37.6789]]],[[[25.99,37.5165],[26.2306,37.5714],[26.312,37.6796],[26.0742,37.6379],[25.99,37.5165]]],[[[20.6195,37.8228],[20.7934,37.6685],[20.9261,37.7284],[20.886,37.814],[20.7247,37.8998],[20.6554,37.8998],[20.6195,37.8228]]],[[[24.6878,37.9287],[24.9118,37.7283],[24.9944,37.7541],[24.9538,37.8707],[24.7937,37.9941],[24.6878,37.9287]]],[[[26.1325,39.5143],[26.9377,39.5748],[26.9299,39.4877],[26.801,39.4335],[26.7422,39.2557],[26.8945,39.1911],[26.8793,38.9972],[26.9579,38.9972],[26.9399,38.9327],[27.0413,38.9401],[27.0627,38.8869],[26.9084,38.8204],[26.9314,38.7551],[26.8495,38.6097],[27.0798,38.5451],[27.0728,38.4537],[27.1642,38.4466],[27.0694,38.4094],[27.065,38.3515],[26.6762,38.3515],[26.6731,38.3072],[26.595,38.3515],[26.4614,38.6732],[26.3742,38.5451],[26.4526,38.5451],[26.447,38.4694],[26.513,38.4329],[26.4515,38.4261],[26.4289,38.2224],[26.8203,38.2224],[26.889,38.0933],[27.2753,38.0288],[27.2559,37.7707],[27.1794,37.6106],[27.31,37.4483],[27.2461,37.3362],[27.4072,37.4127],[27.4385,37.3908],[27.3921,37.3538],[27.5392,37.3838],[27.5644,37.2735],[27.616,37.2747],[27.598,37.126],[28.0653,37.126],[28.1313,37.0363],[28.3294,37.0368],[28.2124,37.0004],[28.1653,36.9116],[28.1034,36.9353],[28.0583,36.7721],[28.1184,36.8006],[28.1305,36.754],[28.0314,36.6749],[28.1961,36.6854],[28.2572,36.8462],[28.315,36.8291],[28.2934,36.7959],[28.452,36.8836],[29.1249,36.7393],[29.2163,36.3291],[29.3223,36.2469],[29.938,36.224],[30.0261,36.3528],[30.4919,36.3528],[30.6191,36.9326],[31.086,36.9326],[31.6911,36.7393],[32.2414,36.8037],[31.9722,37.2549],[31.5164,37.3838],[31.5224,37.4483],[31.2162,37.5128],[31.0485,37.3838],[30.7366,37.3838],[30.7481,37.5128],[30.5312,37.7062],[30.152,37.8352],[30.2474,38.0288],[30.8911,38.2224],[30.9876,38.416],[31.3857,38.4806],[31.443,39.0618],[31.233,39.3203],[31.3783,39.967],[30.5888,39.967],[30.6019,40.0964],[30.457,40.2259],[30.0682,40.2906],[29.923,40.4201],[29.936,40.5496],[29.4545,40.4849],[29.3503,40.2259],[28.955,40.2259],[28.7299,40.3554],[28.2716,40.4014],[28.18,40.3984],[28.1703,40.2906],[27.6167,40.2906],[27.2948,40.4059],[26.6819,40.3561],[26.408,40.1937],[26.3622,40.0635],[26.2465,39.967],[26.1675,39.967],[26.1325,39.5143]]],[[[26.2555,40.0801],[26.3758,40.1535],[26.3456,40.1998],[26.6167,40.3595],[26.6839,40.4849],[26.2723,40.2906],[26.2555,40.0801]]],[[[27.5815,37.1982],[27.5831,37.1912],[27.5877,37.1988],[27.5815,37.1982]]],[[[25.8407,38.5224],[25.989,38.3793],[25.9644,38.3026],[25.885,38.2794],[25.8898,38.2206],[26.0115,38.1578],[26.1121,38.2226],[26.1636,38.5428],[26.0159,38.602],[25.8696,38.5831],[25.8407,38.5224]]],[[[23.4849,38.7389],[23.5634,38.7389],[23.5668,38.7946],[23.4888,38.8034],[23.4849,38.7389]]],[[[24.4362,38.878],[24.557,38.8457],[24.5368,38.7918],[24.6643,38.7732],[24.523,38.9643],[24.4611,38.9677],[24.4362,38.878]]],[[[25.0447,39.9853],[25.047,39.8376],[25.2043,39.8376],[25.2388,39.9195],[25.2798,39.8891],[25.2388,39.8581],[25.3551,39.8376],[25.348,39.9064],[25.4499,39.9884],[25.4377,40.0317],[25.2852,39.9534],[25.2251,40.0089],[25.0447,39.9853]]]]}},{"type":"Feature","properties":{"territoryId":"cliopatria-q940785-f47d030c11","name":"Sabaeans","name_ko":"사바인","color":"#ec516b","colorFamily":3,"startYear":-349,"endYear":-110,"source_name":"Cliopatria v0.2.0","source_url":"https://github.com/Seshat-Global-History-Databank/cliopatria","license":"CC BY 4.0","attribution":"Seshat Global History Databank, Cliopatria contributors"},"geometry":{"type":"Polygon","coordinates":[[[42.7083,15.6278],[42.7656,15.5218],[42.8069,15.3443],[42.8052,15.1692],[42.864,15.1364],[42.8815,15.0748],[44.2162,15.1361],[45.025,15.1361],[45.179,15.2647],[45.8479,15.3933],[45.8551,15.5218],[46.1494,15.5218],[46.3811,15.7147],[46.4697,15.9718],[46.1753,15.9718],[46.0206,15.8433],[45.579,15.8433],[45.3656,15.9718],[45.2883,15.9076],[44.3315,15.9076],[44.1249,16.1647],[43.3921,16.229],[43.1081,16.4219],[42.8135,16.4219],[42.8348,15.9154],[42.7525,15.8164],[42.7083,15.6278]]]}},{"type":"Feature","properties":{"territoryId":"cliopatria-q940785-f47d030c11","name":"Sabaeans","name_ko":"사바인","color":"#ec516b","colorFamily":3,"startYear":-109,"endYear":-66,"source_name":"Cliopatria v0.2.0","source_url":"https://github.com/Seshat-Global-History-Databank/cliopatria","license":"CC BY 4.0","attribution":"Seshat Global History Databank, Cliopatria contributors"},"geometry":{"type":"Polygon","coordinates":[[[42.7083,15.6278],[42.7656,15.5218],[42.8069,15.3443],[42.8052,15.1692],[42.864,15.1364],[42.8815,15.0747],[44.2897,15.1361],[45.025,15.1361],[45.179,15.2647],[45.8479,15.3933],[45.8551,15.5218],[46.1494,15.5218],[46.3811,15.7147],[46.4697,15.9718],[46.1753,15.9718],[46.0206,15.8433],[45.579,15.8433],[45.3656,15.9718],[45.2883,15.9076],[44.3315,15.9076],[44.1249,16.1647],[43.3921,16.229],[43.1081,16.4219],[42.8135,16.4219],[42.8348,15.9154],[42.7525,15.8164],[42.7083,15.6278]]]}},{"type":"Feature","properties":{"territoryId":"cliopatria-q5257-c148a748df","name":"Satavahana Dynasty","name_ko":"사타바하나 왕조","color":"#56cde6","colorFamily":6,"startYear":-163,"endYear":-144,"source_name":"Cliopatria v0.2.0","source_url":"https://github.com/Seshat-Global-History-Databank/cliopatria","license":"CC BY 4.0","attribution":"Seshat Global History Databank, Cliopatria contributors"},"geometry":{"type":"MultiPolygon","coordinates":[[[[72.7482,19.4442],[72.7819,19.3571],[72.9878,19.3007],[73.0497,19.2177],[72.8751,19.3105],[72.8957,18.996],[72.9748,19.1631],[72.9883,18.9986],[73.0568,19.0153],[72.9017,18.9035],[73.0163,18.8136],[72.9951,18.731],[72.9084,18.8009],[72.9243,18.5578],[73.015,18.47],[72.9258,18.5354],[72.9379,18.3503],[73.0715,18.273],[73.0715,18.2041],[72.9421,18.2852],[72.9465,18.2194],[72.9873,18.0666],[73.0435,18.067],[73.0186,17.9517],[73.1395,17.6433],[73.8775,17.6433],[74.4288,17.9648],[74.8789,18.0291],[75.0793,17.8362],[75.0653,17.7076],[75.4732,17.3862],[75.4593,17.2576],[75.7266,17.0005],[76.0815,16.8719],[76.0136,16.229],[76.2816,15.9718],[76.4288,15.9718],[76.6904,15.6504],[78.992,15.1361],[78.782,14.4932],[79.2718,14.2361],[79.2598,14.1075],[80.1755,14.4063],[80.197,14.565],[80.1419,14.5712],[80.1785,14.6058],[80.1082,14.7143],[80.053,15.0926],[80.1268,15.3881],[80.2796,15.7007],[80.3933,15.797],[80.6702,15.9077],[80.8565,15.8122],[80.8965,16.0311],[80.91,15.8527],[81.0189,15.7916],[80.9989,15.8467],[81.1497,15.9696],[81.2596,16.3327],[81.4114,16.3825],[81.4167,16.3402],[81.5402,16.3737],[81.7825,16.3331],[82.3074,16.5798],[82.3662,16.8719],[82.2679,16.8675],[82.2527,16.9292],[82.3877,17.1269],[82.7185,17.3486],[83.2389,17.593],[83.2129,17.6349],[83.2991,17.6643],[83.2469,17.7163],[83.3413,17.7174],[83.4519,17.9229],[84.1131,18.2983],[84.3499,18.5529],[84.2469,18.5256],[84.4237,18.6365],[84.7411,19.0281],[84.78,19.0971],[84.7405,19.0737],[84.7388,19.1476],[84.791,19.1206],[85.1804,19.475],[85.4089,19.6099],[85.2884,19.6013],[85.3779,19.6149],[85.3914,19.6906],[85.2476,19.6565],[85.193,19.5808],[85.2332,19.5541],[85.124,19.4783],[85.1029,19.5296],[85.2681,19.78],[85.4401,19.8962],[85.5703,19.8756],[85.5765,19.7458],[85.5099,19.7346],[85.5021,19.6739],[86.3724,19.965],[86.1677,20.0729],[86.1525,20.1431],[86.2092,20.0666],[86.4263,19.9992],[86.1565,20.1505],[86.1409,20.6005],[85.3499,20.7934],[82.7836,19.2505],[82.5194,19.5077],[82.1652,19.6362],[81.7761,20.0862],[80.8439,20.3434],[80.4532,20.7934],[80.1564,20.7934],[79.783,20.1505],[79.1008,20.022],[79.0704,19.7648],[78.8407,19.7005],[78.7152,19.8934],[78.7379,20.0862],[78.5972,20.1505],[78.6198,20.3434],[78.4199,20.5362],[78.3909,20.922],[77.3149,21.2434],[77.2189,21.6934],[77.0778,21.7577],[77.1031,22.5934],[76.5977,22.722],[75.4733,22.6577],[74.379,22.2077],[74.0524,21.9505],[73.758,21.3077],[73.7087,20.8577],[73.3955,20.022],[72.7565,19.5734],[72.8792,19.5324],[72.7482,19.4442]]],[[[72.7486,19.5177],[72.7556,19.5194],[72.7496,19.5271],[72.7486,19.5177]]],[[[80.8685,15.812],[80.8698,15.8105],[80.9628,15.7987],[80.8884,15.8467],[80.8685,15.812]]],[[[82.3489,16.9565],[82.3571,16.8975],[82.3642,16.9149],[82.3489,16.9565]]],[[[85.4994,19.6535],[85.5765,19.6906],[85.4996,19.6549],[85.4994,19.6535]]]]}},{"type":"Feature","properties":{"territoryId":"cliopatria-q5257-c148a748df","name":"Satavahana Dynasty","name_ko":"사타바하나 왕조","color":"#56cde6","colorFamily":6,"startYear":-143,"endYear":-91,"source_name":"Cliopatria v0.2.0","source_url":"https://github.com/Seshat-Global-History-Databank/cliopatria","license":"CC BY 4.0","attribution":"Seshat Global History Databank, Cliopatria contributors"},"geometry":{"type":"MultiPolygon","coordinates":[[[[72.7482,19.4442],[72.7819,19.3571],[72.9878,19.3007],[73.0497,19.2177],[72.8751,19.3105],[72.8957,18.996],[72.9748,19.1631],[72.9883,18.9986],[73.0568,19.0153],[72.9017,18.9035],[73.0163,18.8136],[72.9951,18.731],[72.9084,18.8009],[72.9243,18.5578],[73.015,18.47],[72.9258,18.5354],[72.9379,18.3503],[73.0715,18.273],[73.0715,18.2041],[72.9421,18.2852],[72.9465,18.2194],[72.9873,18.0666],[73.0435,18.067],[73.0186,17.9517],[73.1395,17.6433],[73.8775,17.6433],[74.4288,17.9648],[74.8789,18.0291],[75.0793,17.8362],[75.0653,17.7076],[75.4732,17.3862],[75.4593,17.2576],[75.7266,17.0005],[76.0815,16.8719],[76.0136,16.229],[76.2816,15.9718],[76.4288,15.9718],[76.6904,15.6504],[78.992,15.1361],[78.782,14.4932],[79.2718,14.2361],[79.2598,14.1075],[80.1755,14.4063],[80.197,14.565],[80.1419,14.5712],[80.1785,14.6058],[80.1082,14.7143],[80.053,15.0926],[80.1268,15.3881],[80.2796,15.7007],[80.3933,15.797],[80.6702,15.9077],[80.8565,15.8122],[80.8965,16.0311],[80.91,15.8527],[81.0189,15.7916],[80.9989,15.8467],[81.1497,15.9696],[81.2596,16.3327],[81.4114,16.3825],[81.4167,16.3402],[81.5402,16.3737],[81.7825,16.3331],[82.3074,16.5798],[82.3662,16.8719],[82.2679,16.8675],[82.2527,16.9292],[82.3877,17.1269],[82.7185,17.3486],[83.2389,17.593],[83.2129,17.6349],[83.2991,17.6643],[83.2469,17.7163],[83.3413,17.7174],[83.4519,17.9229],[84.1131,18.2983],[84.3499,18.5529],[84.2469,18.5256],[84.4237,18.6365],[84.7411,19.0281],[84.78,19.0971],[84.7405,19.0737],[84.7388,19.1476],[84.791,19.1206],[85.1804,19.475],[85.4089,19.6099],[85.2884,19.6013],[85.3779,19.6149],[85.3914,19.6906],[85.2476,19.6565],[85.193,19.5808],[85.2332,19.5541],[85.124,19.4783],[85.1029,19.5296],[85.2681,19.78],[85.4401,19.8962],[85.5703,19.8756],[85.5765,19.7458],[85.5099,19.7346],[85.5021,19.6739],[86.3724,19.965],[86.1677,20.0729],[86.1525,20.1431],[86.2092,20.0666],[86.4263,19.9992],[86.1565,20.1505],[86.1409,20.6005],[85.3499,20.7934],[82.7836,19.2505],[82.5194,19.5077],[82.1652,19.6362],[81.7761,20.0862],[80.8439,20.3434],[80.4532,20.7934],[80.008,20.7934],[79.4375,20.9862],[79.312,21.1791],[79.0969,21.2434],[79.1123,21.372],[78.8229,21.4363],[78.7716,21.6291],[78.4387,21.9505],[78.29,21.9505],[78.0314,22.272],[76.5977,22.722],[75.4733,22.6577],[74.379,22.2077],[74.0524,21.9505],[73.758,21.3077],[73.7087,20.8577],[73.3955,20.022],[72.7565,19.5734],[72.8792,19.5324],[72.7482,19.4442]]],[[[72.7486,19.5177],[72.7556,19.5194],[72.7496,19.5271],[72.7486,19.5177]]],[[[80.8685,15.812],[80.8698,15.8105],[80.9628,15.7987],[80.8884,15.8467],[80.8685,15.812]]],[[[82.3489,16.9565],[82.3571,16.8975],[82.3642,16.9149],[82.3489,16.9565]]],[[[85.4994,19.6535],[85.5765,19.6906],[85.4996,19.6549],[85.4994,19.6535]]]]}},{"type":"Feature","properties":{"territoryId":"cliopatria-q705904-feafb1f01a","name":"Seleucid Empire","name_ko":"셀레우코스 제국","color":"#dda44b","colorFamily":8,"startYear":-163,"endYear":-144,"source_name":"Cliopatria v0.2.0","source_url":"https://github.com/Seshat-Global-History-Databank/cliopatria","license":"CC BY 4.0","attribution":"Seshat Global History Databank, Cliopatria contributors"},"geometry":{"type":"MultiPolygon","coordinates":[[[[34.3024,31.3362],[34.5455,30.565],[34.6974,30.565],[35.0217,30.822],[35.0321,30.9506],[35.5098,31.2076],[35.4554,31.4647],[35.3792,31.4647],[35.314,31.5933],[34.873,31.7861],[34.9004,32.1074],[35.5875,32.1074],[35.6047,32.3002],[35.7575,32.3002],[35.7691,32.4288],[35.922,32.4288],[36.0102,32.5574],[36.5515,32.6216],[36.6924,32.4931],[36.8119,32.943],[36.901,33.0716],[37.0542,33.0716],[37.0732,33.2645],[37.5726,33.6502],[37.7261,33.6502],[37.7395,33.7789],[37.9902,33.9718],[39.1238,34.4863],[39.509,34.4863],[40.4033,34.229],[40.3115,34.1004],[40.8499,34.1004],[40.9117,33.9718],[41.2116,33.9075],[41.4886,33.6502],[42.5783,33.1359],[42.7085,32.943],[43.1526,32.8145],[44.459,31.5933],[44.5814,31.3362],[44.9546,31.2719],[45.7705,30.4364],[46.5906,30.3079],[46.6151,29.858],[46.8497,29.9223],[46.994,29.858],[46.9794,29.7294],[47.2897,29.7937],[47.6464,29.6009],[48.1406,29.5464],[48.1809,29.5622],[47.9956,29.8277],[47.9348,30.1071],[47.969,30.0041],[48.1192,30.045],[48.434,29.9365],[48.5304,29.9564],[48.4766,29.984],[48.6587,29.9836],[48.6433,30.0554],[48.8904,30.0308],[48.9417,30.1651],[48.8623,30.3456],[49.0373,30.4325],[48.953,30.5002],[49.1101,30.518],[49.2638,30.4497],[49.2029,30.3466],[49.062,30.4081],[48.9212,30.3808],[49.1614,30.2238],[49.2212,30.2646],[49.2457,30.1565],[49.4798,30.1561],[49.5645,30.0168],[50.3928,30.3722],[50.4177,30.565],[50.063,30.7578],[50.0967,31.0148],[49.9702,31.2076],[50.0048,31.4647],[50.2775,31.7861],[50.0081,32.0431],[50.0261,32.1717],[49.815,32.3002],[49.8423,32.4931],[49.7077,32.6216],[49.3162,32.5574],[49.123,32.8145],[48.9024,32.8788],[48.8624,33.1359],[48.6508,33.2645],[48.6296,33.6502],[48.8978,33.9075],[48.9361,34.1647],[48.8591,34.1647],[48.8499,34.615],[48.7153,34.7436],[48.7072,35.194],[47.9542,35.3227],[46.031,35.3871],[45.2171,35.6445],[45.1952,36.0308],[45.1177,36.0308],[45.1742,36.4131],[45.1108,36.4025],[45.1748,36.4175],[45.2509,36.9326],[44.8713,36.9971],[44.7446,37.1904],[44.7738,37.3838],[44.4131,37.5773],[43.9448,37.5773],[42.5082,37.8998],[41.961,37.8998],[41.6666,38.0288],[40.5716,38.0288],[40.5983,38.2224],[40.4418,38.2224],[40.4507,38.2869],[40.1374,38.2869],[39.3803,38.4806],[39.1807,38.1578],[38.8677,38.1578],[38.658,38.3515],[38.423,38.3515],[38.3116,38.0933],[38.147,38.0288],[37.764,38.0933],[37.6381,37.7062],[37.9891,37.3838],[37.958,37.126],[38.1762,36.9971],[38.1607,36.8682],[37.5233,36.7393],[37.1975,36.6105],[36.1592,37.0615],[35.9964,36.9971],[35.9875,36.9164],[36.1449,36.9326],[36.2862,36.8037],[36.2649,36.6105],[35.8417,36.2884],[35.9901,36.224],[35.9767,36.001],[35.8449,35.5802],[35.9929,35.5158],[35.9153,35.2879],[35.9624,35.1979],[35.927,34.8723],[36.0682,34.7436],[36.0488,34.5506],[35.7921,34.2933],[35.6652,34.3113],[35.6838,33.9718],[35.4705,33.9021],[35.4993,33.6502],[35.3944,33.65],[35.3984,33.3931],[35.2154,33.0716],[35.089,33.0205],[35.0218,32.6216],[34.8851,32.4821],[34.7926,32.161],[34.813,31.9789],[34.6909,31.9134],[34.6028,31.7558],[34.6334,31.6575],[34.3024,31.3362]],[[45.1108,36.4025],[45.0837,36.4128],[45.0791,36.4197],[45.1108,36.4025]],[[35.552,32.3679],[35.5533,32.3691],[35.5656,32.3134],[35.552,32.3679]],[[35.5568,32.3724],[35.5594,32.3748],[35.5656,32.3679],[35.5568,32.3724]],[[35.5585,32.5191],[35.5614,32.5192],[35.5674,32.5102],[35.5585,32.5191]],[[35.5594,32.4704],[35.5626,32.4747],[35.5725,32.4567],[35.5594,32.4704]],[[35.5688,32.4829],[35.5778,32.4948],[35.58,32.4915],[35.5688,32.4829]],[[35.7716,32.7467],[35.7749,32.7473],[35.7882,32.7344],[35.7716,32.7467]],[[36.2318,33.8525],[36.3178,33.8272],[36.3006,33.8287],[36.2318,33.8525]],[[36.2672,33.9104],[36.2886,33.9465],[36.2691,33.9073],[36.2672,33.9104]],[[36.2699,33.906],[36.3111,33.872],[36.2753,33.8972],[36.2699,33.906]],[[36.6665,36.2657],[36.6691,36.2599],[36.6681,36.2532],[36.6665,36.2657]],[[42.7157,37.3553],[42.7805,37.3755],[42.788,37.3732],[42.7157,37.3553]],[[42.7951,37.371],[42.8011,37.3691],[42.8141,37.3468],[42.7951,37.371]],[[44.7525,37.1131],[44.7649,37.1394],[44.7544,37.1084],[44.7525,37.1131]],[[44.8666,36.7801],[44.9227,36.7759],[44.8772,36.7765],[44.8666,36.7801]],[[44.9962,36.7417],[45.0353,36.6896],[45.0373,36.6808],[44.9962,36.7417]],[[45.0355,36.633],[45.0426,36.6569],[45.0443,36.6493],[45.0355,36.633]],[[45.0382,36.494],[45.0608,36.4472],[45.0391,36.4798],[45.0382,36.494]],[[48.1351,30.4429],[48.1409,30.4419],[48.1705,30.4067],[48.1351,30.4429]],[[48.291,30.32],[48.2964,30.3198],[48.3014,30.3149],[48.291,30.32]],[[48.3292,30.2876],[48.397,30.221],[48.4026,30.2088],[48.3292,30.2876]],[[48.3811,30.1453],[48.3832,30.1481],[48.3831,30.1424],[48.3811,30.1453]],[[48.4082,30.1885],[48.4085,30.1961],[48.4106,30.1915],[48.4082,30.1885]],[[48.4239,30.0836],[48.4618,29.9949],[48.4531,30.0014],[48.4239,30.0836]]],[[[48.0108,29.9805],[48.0311,29.971],[48.0789,30.0041],[48.1061,30.0176],[48.1092,30.028],[48.0547,30.0245],[48.0108,29.9805]]],[[[48.0461,29.8005],[48.1858,29.6039],[48.3527,29.7098],[48.3445,29.7906],[48.1621,29.9957],[48.1227,29.9697],[48.1974,29.9254],[48.0951,29.8947],[48.1133,29.8391],[48.0461,29.8005]]]]}},{"type":"Feature","properties":{"territoryId":"cliopatria-q705904-feafb1f01a","name":"Seleucid Empire","name_ko":"셀레우코스 제국","color":"#dda44b","colorFamily":8,"startYear":-143,"endYear":-126,"source_name":"Cliopatria v0.2.0","source_url":"https://github.com/Seshat-Global-History-Databank/cliopatria","license":"CC BY 4.0","attribution":"Seshat Global History Databank, Cliopatria contributors"},"geometry":{"type":"MultiPolygon","coordinates":[[[[34.2972,31.2719],[34.5455,30.565],[34.6974,30.565],[35.0217,30.822],[35.0321,30.9506],[35.5098,31.2076],[35.4554,31.4647],[35.3792,31.4647],[35.314,31.5933],[34.8021,31.8503],[34.813,31.9789],[34.7148,31.9617],[34.5466,31.529],[34.3024,31.3362],[34.2972,31.2719]]],[[[34.7926,32.161],[34.813,31.9789],[34.8894,31.9789],[34.9171,32.3002],[34.8493,32.3298],[34.7926,32.161]]],[[[34.8574,32.3645],[34.9227,32.3645],[34.9171,32.3002],[35.2227,32.3002],[35.3585,32.1074],[35.5875,32.1074],[35.6047,32.3002],[35.8281,32.236],[36.0102,32.5574],[36.5515,32.6216],[36.6924,32.4931],[36.8119,32.943],[36.901,33.0716],[37.0542,33.0716],[37.0732,33.2645],[37.5726,33.6502],[37.7261,33.6502],[37.7395,33.7789],[37.9902,33.9718],[39.1238,34.4863],[40.2569,34.2933],[40.4033,34.229],[40.3115,34.1004],[40.8499,34.1004],[40.9117,33.9718],[41.2116,33.9075],[41.4886,33.6502],[42.5783,33.1359],[42.7085,32.943],[43.1526,32.8145],[43.3514,32.5574],[43.9102,32.7502],[44.2084,32.6859],[44.1716,33.0073],[43.9657,33.2002],[44.5708,33.1359],[44.6311,33.0073],[45.099,33.0716],[45.4654,32.943],[45.8991,33.3288],[46.0525,33.3288],[46.0697,33.4574],[45.8567,33.5859],[45.9771,33.9075],[45.9178,34.0361],[46.2254,34.0361],[46.4205,33.7789],[46.71,33.6502],[46.6748,33.3931],[47.5596,33.1359],[47.8217,32.8145],[47.9748,32.8145],[48.0781,33.0073],[48.6143,33.0073],[48.7493,32.8788],[48.9115,32.943],[48.8624,33.1359],[48.5925,33.3931],[48.6296,33.6502],[48.8978,33.9075],[48.9361,34.1647],[48.8591,34.1647],[48.8499,34.615],[48.7153,34.7436],[48.7072,35.194],[47.9542,35.3227],[46.031,35.3871],[45.2171,35.6445],[45.1952,36.0308],[45.1177,36.0308],[45.1742,36.4131],[45.1108,36.4025],[45.1748,36.4175],[45.2509,36.9326],[44.8713,36.9971],[44.7446,37.1904],[44.7738,37.3838],[44.4131,37.5773],[43.9448,37.5773],[42.5082,37.8998],[41.961,37.8998],[41.6666,38.0288],[40.5716,38.0288],[40.5983,38.2224],[40.4418,38.2224],[40.4507,38.2869],[40.1374,38.2869],[39.3803,38.4806],[39.1807,38.1578],[38.8677,38.1578],[38.658,38.3515],[38.423,38.3515],[38.3116,38.0933],[38.147,38.0288],[37.764,38.0933],[37.6381,37.7062],[37.9891,37.3838],[37.958,37.126],[38.1762,36.9971],[38.1607,36.8682],[37.5233,36.7393],[37.1975,36.6105],[36.1592,37.0615],[35.9964,36.9971],[35.9875,36.9164],[36.1449,36.9326],[36.2862,36.8037],[36.2649,36.6105],[35.8417,36.2884],[35.9901,36.224],[35.9767,36.001],[35.8449,35.5802],[35.9929,35.5158],[35.9153,35.2879],[35.9624,35.1979],[35.927,34.8723],[36.0682,34.7436],[36.0488,34.5506],[35.7921,34.2933],[35.6652,34.3113],[35.6838,33.9718],[35.4705,33.9021],[35.4993,33.6502],[35.3944,33.65],[35.3984,33.3931],[35.2154,33.0716],[35.089,33.0205],[35.0218,32.6216],[34.907,32.5751],[34.8574,32.3645]],[[45.1108,36.4025],[45.0837,36.4128],[45.0791,36.4197],[45.1108,36.4025]],[[35.552,32.3679],[35.5533,32.3691],[35.5656,32.3134],[35.552,32.3679]],[[35.5568,32.3724],[35.5594,32.3748],[35.5656,32.3679],[35.5568,32.3724]],[[35.5585,32.5191],[35.5614,32.5192],[35.5674,32.5102],[35.5585,32.5191]],[[35.5594,32.4704],[35.5626,32.4747],[35.5725,32.4567],[35.5594,32.4704]],[[35.5688,32.4829],[35.5778,32.4948],[35.58,32.4915],[35.5688,32.4829]],[[35.7716,32.7467],[35.7749,32.7473],[35.7882,32.7344],[35.7716,32.7467]],[[36.2318,33.8525],[36.3178,33.8272],[36.3006,33.8287],[36.2318,33.8525]],[[36.2672,33.9104],[36.2886,33.9465],[36.2691,33.9073],[36.2672,33.9104]],[[36.2699,33.906],[36.3111,33.872],[36.2753,33.8972],[36.2699,33.906]],[[36.6665,36.2657],[36.6691,36.2599],[36.6681,36.2532],[36.6665,36.2657]],[[42.7157,37.3553],[42.7805,37.3755],[42.788,37.3732],[42.7157,37.3553]],[[42.7951,37.371],[42.8011,37.3691],[42.8141,37.3468],[42.7951,37.371]],[[44.7525,37.1131],[44.7649,37.1394],[44.7544,37.1084],[44.7525,37.1131]],[[44.8666,36.7801],[44.9227,36.7759],[44.8772,36.7765],[44.8666,36.7801]],[[44.9962,36.7417],[45.0353,36.6896],[45.0373,36.6808],[44.9962,36.7417]],[[45.0355,36.633],[45.0426,36.6569],[45.0443,36.6493],[45.0355,36.633]],[[45.0382,36.494],[45.0608,36.4472],[45.0391,36.4798],[45.0382,36.494]]]]}},{"type":"Feature","properties":{"territoryId":"cliopatria-q705904-feafb1f01a","name":"Seleucid Empire","name_ko":"셀레우코스 제국","color":"#dda44b","colorFamily":8,"startYear":-125,"endYear":-110,"source_name":"Cliopatria v0.2.0","source_url":"https://github.com/Seshat-Global-History-Databank/cliopatria","license":"CC BY 4.0","attribution":"Seshat Global History Databank, Cliopatria contributors"},"geometry":{"type":"Polygon","coordinates":[[[34.8582,32.3678],[35.3162,32.4931],[35.4982,32.8145],[35.7867,32.6216],[35.8455,32.4288],[36.3221,32.6216],[36.5515,32.6216],[36.6924,32.4931],[36.8119,32.943],[36.901,33.0716],[37.0542,33.0716],[37.0732,33.2645],[38.4794,34.229],[39.1238,34.4863],[39.509,34.4863],[40.4033,34.229],[40.3115,34.1004],[40.5497,34.1647],[40.5336,35.3227],[40.6109,35.3227],[40.6744,35.8377],[40.8619,36.0952],[41.4636,36.546],[42.1113,36.7393],[42.3112,37.0615],[42.5538,37.126],[42.737,37.3193],[43.2828,37.3193],[43.5736,37.7062],[41.961,37.8998],[41.6666,38.0288],[40.5716,38.0288],[40.5983,38.2224],[40.4418,38.2224],[40.4507,38.2869],[40.1374,38.2869],[39.3803,38.4806],[39.1807,38.1578],[38.8677,38.1578],[38.658,38.3515],[38.423,38.3515],[38.3116,38.0933],[38.147,38.0288],[37.764,38.0933],[37.6381,37.7062],[37.9891,37.3838],[37.958,37.126],[38.1762,36.9971],[38.1607,36.8682],[37.5233,36.7393],[37.1975,36.6105],[36.1592,37.0615],[35.9964,36.9971],[35.9875,36.9164],[36.1449,36.9326],[36.2862,36.8037],[36.2649,36.6105],[35.8417,36.2884],[35.9901,36.224],[35.9767,36.001],[35.8449,35.5802],[35.9929,35.5158],[35.9153,35.2879],[35.9624,35.1979],[35.927,34.8723],[36.0682,34.7436],[36.0488,34.5506],[35.7921,34.2933],[35.6652,34.3113],[35.6838,33.9718],[35.4705,33.9021],[35.4993,33.6502],[35.3944,33.65],[35.3984,33.3931],[35.2154,33.0716],[35.089,33.0205],[35.0218,32.6216],[34.907,32.5751],[34.8582,32.3678]],[[35.7716,32.7467],[35.7749,32.7473],[35.7882,32.7344],[35.7716,32.7467]],[[36.2318,33.8525],[36.3178,33.8272],[36.3006,33.8287],[36.2318,33.8525]],[[36.2672,33.9104],[36.2886,33.9465],[36.2691,33.9073],[36.2672,33.9104]],[[36.2699,33.906],[36.3111,33.872],[36.2753,33.8972],[36.2699,33.906]],[[36.6665,36.2657],[36.6691,36.2599],[36.6681,36.2532],[36.6665,36.2657]],[[42.7157,37.3553],[42.7805,37.3755],[42.788,37.3732],[42.7157,37.3553]],[[42.7951,37.371],[42.8011,37.3691],[42.8141,37.3468],[42.7951,37.371]]]}},{"type":"Feature","properties":{"territoryId":"cliopatria-q705904-feafb1f01a","name":"Seleucid Empire","name_ko":"셀레우코스 제국","color":"#dda44b","colorFamily":8,"startYear":-109,"endYear":-91,"source_name":"Cliopatria v0.2.0","source_url":"https://github.com/Seshat-Global-History-Databank/cliopatria","license":"CC BY 4.0","attribution":"Seshat Global History Databank, Cliopatria contributors"},"geometry":{"type":"Polygon","coordinates":[[[34.8574,32.3645],[35.3162,32.4931],[35.4982,32.8145],[35.875,32.7502],[35.9278,32.4931],[36.3221,32.6216],[36.5515,32.6216],[36.6924,32.4931],[36.8119,32.943],[36.901,33.0716],[37.0542,33.0716],[37.0732,33.2645],[37.5726,33.6502],[37.7261,33.6502],[37.7395,33.7789],[37.9902,33.9718],[38.4724,34.1647],[38.4794,34.229],[38.3324,34.2933],[38.0803,34.8079],[38.2657,35.7733],[38.0701,36.0952],[38.2079,36.6105],[38.1302,36.6105],[38.1607,36.8682],[37.5233,36.7393],[37.1975,36.6105],[36.1592,37.0615],[35.9964,36.9971],[35.9875,36.9164],[36.0966,36.896],[36.1449,36.9326],[36.2862,36.8037],[36.2649,36.6105],[35.8417,36.2884],[35.9901,36.224],[35.9554,36.0699],[35.9767,36.001],[35.9249,35.9351],[35.8449,35.5802],[35.9929,35.5158],[35.9153,35.2879],[35.9624,35.1979],[35.927,34.8723],[36.0682,34.7436],[36.0488,34.5506],[35.7921,34.2933],[35.7127,34.3279],[35.6652,34.3113],[35.6838,33.9718],[35.5909,33.9466],[35.572,33.91],[35.4705,33.9021],[35.4993,33.6502],[35.3944,33.65],[35.3653,33.5547],[35.3984,33.3931],[35.2154,33.0716],[35.089,33.0205],[35.0218,32.6216],[34.907,32.5751],[34.8574,32.3645]],[[36.2318,33.8525],[36.3178,33.8272],[36.3006,33.8287],[36.2318,33.8525]],[[36.2672,33.9104],[36.2886,33.9465],[36.2691,33.9073],[36.2672,33.9104]],[[36.2699,33.906],[36.3111,33.872],[36.2753,33.8972],[36.2699,33.906]],[[36.6665,36.2657],[36.6691,36.2599],[36.6681,36.2532],[36.6665,36.2657]]]}},{"type":"Feature","properties":{"territoryId":"cliopatria-q651377-55932576c3","name":"Shunga Empire","name_ko":"슝가 왕조","color":"#ebd47a","colorFamily":1,"startYear":-163,"endYear":-144,"source_name":"Cliopatria v0.2.0","source_url":"https://github.com/Seshat-Global-History-Databank/cliopatria","license":"CC BY 4.0","attribution":"Seshat Global History Databank, Cliopatria contributors"},"geometry":{"type":"MultiPolygon","coordinates":[[[[77.0778,21.7577],[77.2189,21.6934],[77.3149,21.2434],[78.3909,20.922],[78.4199,20.5362],[78.6198,20.3434],[78.5972,20.1505],[78.7379,20.0862],[78.7152,19.8934],[78.8407,19.7005],[79.0704,19.7648],[79.1008,20.022],[79.783,20.1505],[80.1564,20.7934],[80.4532,20.7934],[80.8439,20.3434],[81.7761,20.0862],[82.1652,19.6362],[82.5194,19.5077],[82.7836,19.2505],[85.3499,20.7934],[86.1409,20.6005],[86.1565,20.1505],[86.4248,20.0531],[86.5115,20.1975],[86.7546,20.3144],[86.6937,20.2939],[86.8071,20.4104],[86.7205,20.3685],[86.7515,20.4892],[87.0215,20.6756],[86.9402,20.698],[86.9987,20.7111],[86.9866,20.7519],[86.8788,20.7806],[86.9657,20.806],[86.844,21.0822],[86.9177,21.3274],[87.2009,21.552],[87.7038,21.6555],[87.834,21.7293],[87.9837,21.8542],[88.0431,22.0173],[88.1643,22.0898],[88.1326,22.1791],[87.9653,22.2448],[87.9066,22.4247],[88.009,22.2404],[88.198,22.1678],[88.2224,22.0779],[88.1467,21.9592],[88.2097,21.7886],[88.1819,21.6652],[88.3017,21.5786],[88.2616,21.7987],[88.3218,21.6057],[88.3312,21.7191],[88.4598,21.6934],[88.4956,21.9518],[88.5166,21.7017],[88.6602,22.205],[88.6442,22.0791],[88.763,22.1306],[88.7149,22.0791],[88.763,22.0173],[88.7196,21.9428],[88.728,21.6291],[88.8109,21.6917],[88.7989,21.6411],[88.8543,21.6504],[88.8587,21.7668],[88.89,21.6565],[89.0759,21.6879],[88.905,21.9694],[89.0095,21.9046],[89.0609,21.9385],[89.0437,22.1374],[89.1047,21.8159],[89.1877,21.8115],[89.2198,21.7122],[89.2822,21.7228],[89.3596,21.9723],[89.3696,21.7433],[89.4452,21.7503],[89.5218,21.9623],[89.4758,22.2951],[89.5329,21.9847],[89.5794,22.1132],[89.5492,22.2053],[89.6265,22.336],[89.5672,22.2028],[89.606,22.1132],[89.5352,21.7655],[89.692,21.792],[89.619,21.8699],[89.647,21.9251],[89.7092,21.8301],[89.8783,21.8837],[89.7972,22.076],[89.8713,22.0919],[89.8387,22.2678],[89.8729,22.4186],[89.9402,22.427],[89.7289,22.9148],[89.5894,22.9791],[89.9606,23.9435],[89.8216,24.0077],[89.9272,24.2006],[89.9483,24.7792],[89.7904,25.165],[89.9457,25.615],[89.8709,25.615],[89.8795,26.0651],[89.7417,26.1294],[89.9422,26.7723],[89.0666,26.9009],[88.8178,27.158],[88.8441,27.2866],[88.2915,27.158],[88.092,27.2866],[88.1183,27.4152],[87.9547,27.3509],[87.5428,27.5438],[87.5694,27.6724],[87.4055,27.6081],[87.3569,27.7367],[87.2063,27.7367],[87.1578,27.8652],[87.2467,27.9295],[87.1096,27.9938],[86.7812,27.8652],[86.5686,27.9295],[86.2274,27.7367],[85.8509,27.7367],[85.2125,27.9295],[84.8134,28.1867],[84.792,28.4438],[84.7165,28.4438],[84.8331,28.6367],[84.4832,28.7652],[84.2509,29.0867],[84.0101,29.0224],[83.7499,29.2152],[83.5231,29.2152],[83.49,29.4081],[83.2488,29.3438],[83.0502,29.4723],[82.4589,29.5366],[82.3359,29.6652],[81.6971,29.858],[81.3902,30.1794],[81.0868,30.1794],[80.9176,30.4364],[80.3395,30.565],[80.0484,30.9506],[79.531,31.0148],[79.4848,31.1434],[79.4087,31.1434],[77.9358,29.9865],[77.8548,29.6009],[77.9305,29.6009],[77.8776,29.3438],[77.9897,29.1509],[77.9648,28.251],[78.0402,28.251],[78.0552,27.9295],[78.1306,27.9295],[78.8414,27.2866],[78.8071,27.0938],[78.9765,26.7723],[77.9276,25.8722],[77.4263,25.0364],[77.1997,23.9435],[77.0778,21.7577]],[[79.739,30.9792],[79.8335,30.9615],[79.8504,30.9545],[79.739,30.9792]],[[80.0146,30.8374],[80.0286,30.8308],[80.0625,30.7848],[80.0146,30.8374]],[[80.0339,28.9159],[80.0529,28.9491],[80.0342,28.9052],[80.0339,28.9159]],[[80.0994,28.9773],[80.1131,29.0722],[80.1079,28.9946],[80.0994,28.9773]],[[80.8364,30.17],[80.8679,30.2002],[80.8839,30.2104],[80.8364,30.17]],[[80.9907,30.1956],[80.996,30.197],[81.0003,30.1915],[80.9907,30.1956]],[[81.0179,30.1692],[81.0309,30.1527],[81.0742,30.0719],[81.0179,30.1692]],[[84.6273,27.0365],[84.7607,26.999],[84.6402,27.0284],[84.6273,27.0365]],[[85.1949,26.7589],[85.2957,26.7387],[85.2873,26.737],[85.1949,26.7589]],[[88.0095,27.0456],[88.0428,27.0289],[88.0491,27.022],[88.0095,27.0456]],[[88.0656,27.0041],[88.0769,26.9918],[88.0902,26.9688],[88.0656,27.0041]],[[88.1017,26.5819],[88.1528,26.6838],[88.1466,26.6612],[88.1017,26.5819]],[[88.1653,26.73],[88.1673,26.7562],[88.1691,26.744],[88.1653,26.73]],[[88.3657,26.5964],[88.3725,26.6116],[88.3853,26.6235],[88.3657,26.5964]],[[88.5401,23.65],[88.5612,23.741],[88.5416,23.6388],[88.5401,23.65]],[[88.5764,23.5918],[88.6092,23.5888],[88.5815,23.5883],[88.5764,23.5918]],[[88.7544,27.2126],[88.7759,27.2409],[88.8012,27.2564],[88.7544,27.2126]],[[89.0623,22.2116],[89.0762,22.175],[89.0782,22.1508],[89.0623,22.2116]]],[[[88.1338,21.631],[88.1394,21.6303],[88.1444,21.6578],[88.1391,21.67],[88.1338,21.631]]],[[[88.1421,21.6913],[88.1634,21.7055],[88.167,21.7654],[88.1584,21.8099],[88.1421,21.6913]]],[[[88.7169,22.0443],[88.7179,22.0085],[88.7307,22.0372],[88.7169,22.0443]]],[[[89.0457,21.9171],[89.0515,21.7932],[89.1325,21.7216],[89.0457,21.9171]]],[[[89.8768,22.2747],[89.9101,22.1078],[89.9499,22.4046],[89.8768,22.2747]]]]}},{"type":"Feature","properties":{"territoryId":"cliopatria-q651377-55932576c3","name":"Shunga Empire","name_ko":"슝가 왕조","color":"#ebd47a","colorFamily":1,"startYear":-143,"endYear":-91,"source_name":"Cliopatria v0.2.0","source_url":"https://github.com/Seshat-Global-History-Databank/cliopatria","license":"CC BY 4.0","attribution":"Seshat Global History Databank, Cliopatria contributors"},"geometry":{"type":"MultiPolygon","coordinates":[[[[77.1031,22.5934],[78.0314,22.272],[78.29,21.9505],[78.4387,21.9505],[78.7716,21.6291],[78.8229,21.4363],[79.1123,21.372],[79.0969,21.2434],[79.312,21.1791],[79.4375,20.9862],[80.008,20.7934],[80.4532,20.7934],[80.8439,20.3434],[81.7761,20.0862],[82.1652,19.6362],[82.5194,19.5077],[82.7836,19.2505],[85.3499,20.7934],[86.1409,20.6005],[86.1565,20.1505],[86.4248,20.0531],[86.5115,20.1975],[86.7546,20.3144],[86.6937,20.2939],[86.8071,20.4104],[86.7205,20.3685],[86.7515,20.4892],[87.0215,20.6756],[86.9402,20.698],[86.9987,20.7111],[86.9866,20.7519],[86.8788,20.7806],[86.9657,20.806],[86.844,21.0822],[86.9177,21.3274],[87.2009,21.552],[87.7038,21.6555],[87.834,21.7293],[87.9837,21.8542],[88.0431,22.0173],[88.1643,22.0898],[88.1326,22.1791],[87.9653,22.2448],[87.9066,22.4247],[88.009,22.2404],[88.198,22.1678],[88.2224,22.0779],[88.1467,21.9592],[88.2097,21.7886],[88.1819,21.6652],[88.3017,21.5786],[88.2616,21.7987],[88.3218,21.6057],[88.3312,21.7191],[88.4598,21.6934],[88.4956,21.9518],[88.5166,21.7017],[88.6602,22.205],[88.6442,22.0791],[88.763,22.1306],[88.7149,22.0791],[88.763,22.0173],[88.7196,21.9428],[88.728,21.6291],[88.8109,21.6917],[88.7989,21.6411],[88.8543,21.6504],[88.8587,21.7668],[88.89,21.6565],[89.0759,21.6879],[88.905,21.9694],[89.0095,21.9046],[89.0609,21.9385],[89.0437,22.1374],[89.1047,21.8159],[89.1877,21.8115],[89.2198,21.7122],[89.2822,21.7228],[89.3596,21.9723],[89.3696,21.7433],[89.4452,21.7503],[89.5218,21.9623],[89.4758,22.2951],[89.5329,21.9847],[89.5794,22.1132],[89.5492,22.2053],[89.6265,22.336],[89.5672,22.2028],[89.606,22.1132],[89.5352,21.7655],[89.692,21.792],[89.619,21.8699],[89.647,21.9251],[89.7092,21.8301],[89.8783,21.8837],[89.7972,22.076],[89.8713,22.0919],[89.8387,22.2678],[89.8729,22.4186],[89.9402,22.427],[89.7289,22.9148],[89.5894,22.9791],[89.9606,23.9435],[89.8216,24.0077],[89.9272,24.2006],[89.9483,24.7792],[89.7904,25.165],[89.9457,25.615],[89.8709,25.615],[89.8795,26.0651],[89.7417,26.1294],[89.9422,26.7723],[89.0666,26.9009],[88.8178,27.158],[88.8441,27.2866],[88.2915,27.158],[88.092,27.2866],[88.1183,27.4152],[87.9547,27.3509],[87.5428,27.5438],[87.5694,27.6724],[87.4055,27.6081],[87.3569,27.7367],[87.2063,27.7367],[87.1578,27.8652],[87.2467,27.9295],[87.1096,27.9938],[86.7812,27.8652],[86.5686,27.9295],[86.2274,27.7367],[85.8509,27.7367],[85.2125,27.9295],[84.8134,28.1867],[84.792,28.4438],[84.7165,28.4438],[84.8331,28.6367],[84.4832,28.7652],[84.2509,29.0867],[84.0101,29.0224],[83.7499,29.2152],[83.5231,29.2152],[83.49,29.4081],[83.2488,29.3438],[83.0502,29.4723],[82.4589,29.5366],[82.3359,29.6652],[81.6971,29.858],[81.3902,30.1794],[81.0868,30.1794],[80.9176,30.4364],[80.3395,30.565],[80.0484,30.9506],[79.531,31.0148],[79.4848,31.1434],[79.4087,31.1434],[77.9358,29.9865],[77.8548,29.6009],[77.9305,29.6009],[77.8776,29.3438],[77.9897,29.1509],[77.9648,28.251],[78.0402,28.251],[78.0552,27.9295],[78.1306,27.9295],[78.8414,27.2866],[78.8071,27.0938],[78.9765,26.7723],[77.9276,25.8722],[77.4263,25.0364],[77.1997,23.9435],[77.1031,22.5934]],[[79.739,30.9792],[79.8335,30.9615],[79.8504,30.9545],[79.739,30.9792]],[[80.0146,30.8374],[80.0286,30.8308],[80.0625,30.7848],[80.0146,30.8374]],[[80.0339,28.9159],[80.0529,28.9491],[80.0342,28.9052],[80.0339,28.9159]],[[80.0994,28.9773],[80.1131,29.0722],[80.1079,28.9946],[80.0994,28.9773]],[[80.8364,30.17],[80.8679,30.2002],[80.8839,30.2104],[80.8364,30.17]],[[80.9907,30.1956],[80.996,30.197],[81.0003,30.1915],[80.9907,30.1956]],[[81.0179,30.1692],[81.0309,30.1527],[81.0742,30.0719],[81.0179,30.1692]],[[84.6273,27.0365],[84.7607,26.999],[84.6402,27.0284],[84.6273,27.0365]],[[85.1949,26.7589],[85.2957,26.7387],[85.2873,26.737],[85.1949,26.7589]],[[88.0095,27.0456],[88.0428,27.0289],[88.0491,27.022],[88.0095,27.0456]],[[88.0656,27.0041],[88.0769,26.9918],[88.0902,26.9688],[88.0656,27.0041]],[[88.1017,26.5819],[88.1528,26.6838],[88.1466,26.6612],[88.1017,26.5819]],[[88.1653,26.73],[88.1673,26.7562],[88.1691,26.744],[88.1653,26.73]],[[88.3657,26.5964],[88.3725,26.6116],[88.3853,26.6235],[88.3657,26.5964]],[[88.5401,23.65],[88.5612,23.741],[88.5416,23.6388],[88.5401,23.65]],[[88.5764,23.5918],[88.6092,23.5888],[88.5815,23.5883],[88.5764,23.5918]],[[88.7544,27.2126],[88.7759,27.2409],[88.8012,27.2564],[88.7544,27.2126]],[[89.0623,22.2116],[89.0762,22.175],[89.0782,22.1508],[89.0623,22.2116]]],[[[88.1338,21.631],[88.1394,21.6303],[88.1444,21.6578],[88.1391,21.67],[88.1338,21.631]]],[[[88.1421,21.6913],[88.1634,21.7055],[88.167,21.7654],[88.1584,21.8099],[88.1421,21.6913]]],[[[88.7169,22.0443],[88.7179,22.0085],[88.7307,22.0372],[88.7169,22.0443]]],[[[89.0457,21.9171],[89.0515,21.7932],[89.1325,21.7216],[89.0457,21.9171]]],[[[89.8768,22.2747],[89.9101,22.1078],[89.9499,22.4046],[89.8768,22.2747]]]]}},{"type":"Feature","properties":{"territoryId":"cliopatria-q854062-8134124df6","name":"Wusun","name_ko":"오손","color":"#e77e9a","colorFamily":3,"startYear":-169,"endYear":-144,"source_name":"Cliopatria v0.2.0","source_url":"https://github.com/Seshat-Global-History-Databank/cliopatria","license":"CC BY 4.0","attribution":"Seshat Global History Databank, Cliopatria contributors"},"geometry":{"type":"Polygon","coordinates":[[[74.0311,44.7773],[74.387,44.6466],[74.5558,44.4507],[74.5064,44.3201],[75.0544,44.0591],[74.8754,43.7982],[75.2611,43.5375],[75.1958,43.1467],[75.7095,43.0165],[75.8776,42.8213],[75.7577,42.4962],[76.2139,42.4312],[76.1985,42.1712],[76.3345,42.1063],[76.1839,41.9114],[76.7983,41.8465],[76.6715,41.7167],[76.7043,41.5869],[76.976,41.4571],[77.3738,41.4571],[77.3037,41.2625],[77.5189,41.1977],[77.4494,41.0032],[78.1077,41.068],[78.7746,41.5869],[79.0135,41.5869],[80.1424,42.0413],[80.2872,42.8213],[80.4734,42.8864],[80.4711,43.0816],[80.6317,43.0816],[80.7907,43.2769],[80.6825,43.4072],[80.7354,43.5375],[80.3572,43.9938],[80.3832,44.4507],[80.3023,44.4507],[80.4103,44.7119],[79.9779,44.8426],[80.005,44.908],[79.518,44.908],[79.5449,44.9734],[78.5692,45.1696],[78.3504,45.4313],[77.9965,45.5623],[78.0218,45.8243],[77.8305,45.9554],[77.8016,46.2833],[77.7198,46.2833],[77.6101,46.4145],[77.3644,46.4145],[77.3914,46.4802],[75.5069,46.4802],[75.5332,46.5459],[74.8814,46.3489],[74.7526,46.0209],[74.3186,45.9554],[74.117,45.4313],[74.2547,45.3659],[74.1301,45.0388],[74.0489,45.0388],[74.0311,44.7773]],[[80.1498,42.6524],[80.1525,42.6604],[80.1965,42.7192],[80.1889,42.7016],[80.1498,42.6524]]]}},{"type":"Feature","properties":{"territoryId":"cliopatria-q188836-2224155b01","name":"Xiongnu","name_ko":"흉노","color":"#51ecb9","colorFamily":2,"startYear":-163,"endYear":-144,"source_name":"Cliopatria v0.2.0","source_url":"https://github.com/Seshat-Global-History-Databank/cliopatria","license":"CC BY 4.0","attribution":"Seshat Global History Databank, Cliopatria contributors"},"geometry":{"type":"MultiPolygon","coordinates":[[[[77.8016,46.2833],[77.8305,45.9554],[78.0218,45.8243],[77.9965,45.5623],[78.3504,45.4313],[78.5692,45.1696],[79.5449,44.9734],[79.518,44.908],[80.005,44.908],[79.9779,44.8426],[80.4103,44.7119],[80.3023,44.4507],[80.3832,44.4507],[80.3572,43.9938],[80.7354,43.5375],[80.6825,43.4072],[80.7907,43.2769],[80.6317,43.0816],[80.4711,43.0816],[80.4734,42.8864],[80.2872,42.8213],[80.1424,42.0413],[80.2222,42.0413],[80.1723,41.9114],[80.4467,41.5869],[80.606,41.5869],[80.6362,41.4571],[81.174,41.1977],[81.4123,41.1977],[81.6563,41.0032],[82.3214,40.8736],[82.4309,40.744],[82.748,40.744],[83.3628,40.4849],[84.2633,40.3554],[84.743,40.1612],[85.1381,40.1612],[85.6961,39.967],[87.5448,39.6436],[90.4125,39.3203],[92.616,39.3203],[92.5901,39.2557],[92.6687,39.2557],[92.6947,39.3203],[93.0882,39.3203],[93.9547,39.5143],[94.5061,39.5143],[94.9769,39.3203],[95.3185,39.385],[95.6823,38.9326],[96.3097,38.7389],[96.414,38.6097],[96.6493,38.6097],[96.7552,38.868],[96.6767,38.868],[96.7571,39.0618],[96.6785,39.0618],[96.7596,39.2557],[96.681,39.2557],[96.7629,39.4496],[97.4677,39.2557],[97.4916,39.1265],[97.8574,39.0618],[97.9602,38.9326],[98.1173,38.9326],[98.3841,39.1911],[98.9578,39.0618],[99.1198,39.2557],[99.0919,39.1911],[99.3786,39.1265],[99.8618,38.416],[100.1994,38.2869],[100.4138,38.6097],[100.6423,38.2224],[100.7988,38.2224],[100.7963,38.0288],[101.2901,37.8998],[101.3148,37.7707],[101.6007,37.7062],[101.7553,37.5128],[102.0961,37.7707],[102.119,37.4483],[102.5856,37.2549],[102.611,37.126],[102.871,37.1904],[104.166,36.7393],[106.0289,36.3528],[106.0802,36.2884],[105.847,35.902],[105.9506,35.7733],[105.2595,35.194],[106.1848,35.3871],[106.4931,35.5802],[106.6997,35.5158],[107.2671,35.7733],[108.3019,36.0308],[108.7541,36.7393],[110.1334,38.0933],[111.4865,38.8034],[112.0782,39.8376],[112.6288,40.2906],[113.4883,40.4201],[114.0423,40.4201],[114.0076,40.3554],[114.4823,40.3554],[114.4476,40.2906],[114.7987,40.3554],[114.764,40.2906],[115.2827,40.2259],[115.5498,39.8376],[116.1021,39.8376],[117.1095,40.0964],[117.4527,40.2906],[118.979,40.6144],[122.9277,41.9114],[123.167,41.9114],[123.1268,41.8465],[123.4055,41.7816],[123.3654,41.7167],[123.6044,41.7167],[123.5643,41.6518],[123.8429,41.5869],[123.8029,41.522],[124.0417,41.522],[124.0018,41.4571],[124.2802,41.3922],[124.2404,41.3274],[124.4789,41.3274],[124.4392,41.2625],[124.8366,41.1328],[125.5126,41.3274],[125.6762,41.7167],[127.9905,44.1243],[128.2424,44.2548],[128.4344,44.6466],[129.6313,45.7588],[129.8213,46.0209],[129.7395,46.0209],[129.8636,46.4145],[129.7817,46.4145],[129.8934,46.6772],[129.5318,46.7429],[129.5804,46.8086],[129.3006,46.8743],[129.3494,46.9401],[129.1029,46.9401],[129.1516,47.0058],[128.9872,47.0058],[129.036,47.0716],[128.7893,47.0716],[128.8382,47.1374],[128.6736,47.1374],[128.7226,47.2032],[128.4756,47.2032],[128.5246,47.269],[128.3599,47.269],[128.4089,47.3348],[128.1618,47.3348],[128.2108,47.4006],[128.046,47.4006],[128.0951,47.4665],[127.8478,47.4665],[127.8969,47.5323],[127.7319,47.5323],[127.7811,47.5982],[127.5336,47.5982],[127.5828,47.6641],[127.3019,47.73],[127.3513,47.7959],[126.7889,47.9278],[126.8385,47.9938],[126.673,47.9938],[126.7226,48.0597],[126.4744,48.0597],[126.524,48.1257],[126.3584,48.1257],[126.4082,48.1917],[126.1597,48.1917],[126.2095,48.2578],[126.0437,48.2578],[126.0936,48.3238],[125.8449,48.3238],[125.8948,48.3899],[125.7289,48.3899],[125.7789,48.4559],[125.53,48.4559],[125.5801,48.522],[125.2981,48.5881],[125.3483,48.6542],[124.9831,48.7204],[125.0335,48.7865],[124.784,48.7865],[124.8345,48.8527],[124.6354,48.9189],[124.686,48.9851],[124.5195,48.9851],[124.5703,49.0513],[124.1864,48.9851],[124.2371,49.0513],[123.6718,49.1838],[123.7226,49.25],[122.6743,49.5152],[122.7255,49.5816],[122.5582,49.5816],[122.6095,49.6479],[121.5596,49.9136],[121.6113,49.98],[121.4436,49.98],[121.4954,50.0465],[121.2438,50.0465],[121.2956,50.113],[121.0439,50.113],[121.0958,50.1795],[119.8995,49.7143],[119.6484,49.7143],[119.6987,49.7807],[119.5313,49.7807],[119.5817,49.8471],[119.0962,49.98],[119.1468,50.0465],[118.7781,50.113],[118.829,50.1795],[118.4932,50.1795],[118.5441,50.246],[118.2921,50.246],[118.3431,50.3125],[116.7476,50.6455],[116.7988,50.7121],[116.546,50.7121],[116.5973,50.7788],[116.0583,50.8455],[116.1096,50.9122],[115.772,50.9122],[115.8234,50.9789],[113.8646,51.1792],[113.9156,51.246],[110.4613,51.3797],[110.5112,51.4465],[109.9678,51.5134],[110.0176,51.5803],[109.6784,51.5803],[109.7783,51.7142],[109.3888,51.6472],[109.4038,51.7811],[109.184,51.7142],[109.2339,51.7811],[108.0235,51.9822],[108.0734,52.0492],[107.9032,52.0492],[107.9532,52.1163],[107.5773,52.1833],[107.6274,52.2505],[107.1659,52.3176],[107.2161,52.3847],[107.0454,52.3847],[107.0956,52.4519],[106.9249,52.4519],[106.8248,52.3176],[106.3983,52.3176],[106.006,51.7811],[105.7399,51.6472],[104.8341,51.4465],[104.0715,51.4465],[104.1183,51.5134],[103.5716,51.5803],[103.8448,51.8481],[104.4397,51.8481],[105.2645,52.0492],[105.9146,52.5863],[106.4076,52.7881],[105.032,53.1248],[105.0827,53.1922],[104.9109,53.1922],[104.9616,53.2596],[104.2894,53.3946],[104.3402,53.4621],[101.7123,53.8676],[101.7626,53.9352],[100.4299,54.0029],[100.4797,54.0706],[95.377,54.0706],[93.9414,53.8676],[91.4374,53.8676],[89.451,53.5971],[89.0631,53.6647],[88.9775,53.5296],[87.9463,53.3946],[85.3092,52.7208],[83.4699,51.5803],[82.6877,50.9122],[82.7019,50.7788],[82.3947,50.5122],[81.1271,48.7865],[80.2153,47.1374],[79.3617,46.8743],[79.3876,46.7429],[79.0856,46.6115],[78.9748,46.3489],[77.8016,46.2833]],[[86.596,49.6019],[86.6068,49.6128],[86.5967,49.5956],[86.596,49.6019]],[[86.5986,49.5798],[86.6106,49.5667],[86.5993,49.5735],[86.5986,49.5798]],[[87.0125,49.2807],[87.0225,49.2542],[87.0171,49.2586],[87.0125,49.2807]],[[87.0308,49.2474],[87.0534,49.2422],[87.0366,49.2427],[87.0308,49.2474]],[[88.1155,49.3566],[88.1617,49.4301],[88.1682,49.4342],[88.1155,49.3566]],[[88.5588,48.2881],[88.5808,48.212],[88.5612,48.2683],[88.5588,48.2881]],[[88.5808,48.212],[88.6358,48.1758],[88.5962,48.1977],[88.5808,48.212]],[[88.8587,49.5274],[88.8682,49.5381],[88.8799,49.5375],[88.8587,49.5274]],[[89.0747,47.9843],[89.244,47.9802],[89.2187,47.977],[89.0747,47.9843]],[[98.8401,52.0328],[98.8556,52.1067],[98.8465,52.0393],[98.8401,52.0328]],[[117.7588,49.5127],[117.795,49.5191],[117.7987,49.5182],[117.7588,49.5127]],[[117.9901,49.5869],[118.0285,49.603],[118.0171,49.5958],[117.9901,49.5869]],[[119.8344,46.651],[119.8598,46.6657],[119.8544,46.6597],[119.8344,46.651]]],[[[77.7198,46.2833],[77.8016,46.2833],[77.8287,46.3489],[77.7468,46.3489],[77.7198,46.2833]]],[[[109.4387,51.7142],[109.5236,51.7142],[109.5737,51.7811],[109.4888,51.7811],[109.4387,51.7142]]]]}},{"type":"Feature","properties":{"territoryId":"cliopatria-q188836-2224155b01","name":"Xiongnu","name_ko":"흉노","color":"#51ecb9","colorFamily":2,"startYear":-143,"endYear":-126,"source_name":"Cliopatria v0.2.0","source_url":"https://github.com/Seshat-Global-History-Databank/cliopatria","license":"CC BY 4.0","attribution":"Seshat Global History Databank, Cliopatria contributors"},"geometry":{"type":"MultiPolygon","coordinates":[[[[74.0311,44.7773],[74.387,44.6466],[74.5558,44.4507],[74.5064,44.3201],[75.0544,44.0591],[74.8754,43.7982],[75.2611,43.5375],[75.1958,43.1467],[75.7095,43.0165],[75.8776,42.8213],[75.7577,42.4962],[76.2139,42.4312],[76.1985,42.1712],[76.3345,42.1063],[76.2074,41.9764],[76.2402,41.8465],[76.7983,41.8465],[76.6715,41.7167],[76.7043,41.5869],[76.976,41.4571],[77.3738,41.4571],[77.2112,41.0032],[77.2906,41.0032],[77.8108,40.2259],[77.9689,40.2259],[78.1169,39.967],[78.2748,39.967],[78.73,39.4496],[78.8875,39.4496],[79.0586,39.2557],[79.3733,39.2557],[79.8587,39.0618],[82.0818,39.1265],[82.8806,39.385],[85.2284,39.7729],[85.5137,39.9023],[87.4868,39.9023],[89.1748,39.5789],[92.1957,39.4496],[92.8521,39.3203],[94.5061,39.5143],[94.9769,39.3203],[95.3185,39.385],[95.6823,38.9326],[96.3097,38.7389],[96.414,38.6097],[96.6493,38.6097],[96.7552,38.868],[96.6767,38.868],[96.7571,39.0618],[96.6785,39.0618],[96.7596,39.2557],[96.681,39.2557],[96.7629,39.4496],[97.4677,39.2557],[97.4916,39.1265],[97.8574,39.0618],[97.9602,38.9326],[98.1173,38.9326],[98.3841,39.1911],[98.9578,39.0618],[99.1198,39.2557],[99.0919,39.1911],[99.3786,39.1265],[99.8618,38.416],[100.1994,38.2869],[100.4138,38.6097],[100.6423,38.2224],[100.7988,38.2224],[100.7963,38.0288],[101.2901,37.8998],[101.3148,37.7707],[101.6007,37.7062],[101.7553,37.5128],[102.0961,37.7707],[102.119,37.4483],[102.5856,37.2549],[102.611,37.126],[102.871,37.1904],[104.166,36.7393],[106.0289,36.3528],[106.0802,36.2884],[105.847,35.902],[105.9506,35.7733],[105.2595,35.194],[106.1848,35.3871],[106.4931,35.5802],[106.6997,35.5158],[107.2671,35.7733],[108.3019,36.0308],[108.7541,36.7393],[110.1334,38.0933],[111.4865,38.8034],[112.0782,39.8376],[112.6288,40.2906],[113.4883,40.4201],[114.0423,40.4201],[114.0076,40.3554],[114.4823,40.3554],[114.4476,40.2906],[114.7987,40.3554],[114.764,40.2906],[115.2827,40.2259],[115.5498,39.8376],[116.1021,39.8376],[117.1095,40.0964],[117.4527,40.2906],[118.979,40.6144],[122.9277,41.9114],[123.167,41.9114],[123.1268,41.8465],[123.4055,41.7816],[123.3654,41.7167],[123.6044,41.7167],[123.5643,41.6518],[123.8429,41.5869],[123.8029,41.522],[124.0417,41.522],[124.0018,41.4571],[124.2802,41.3922],[124.2404,41.3274],[124.4789,41.3274],[124.4392,41.2625],[124.8366,41.1328],[125.5126,41.3274],[125.6762,41.7167],[127.9905,44.1243],[128.2424,44.2548],[128.4344,44.6466],[129.6313,45.7588],[129.8213,46.0209],[129.7395,46.0209],[129.8636,46.4145],[129.7817,46.4145],[129.8934,46.6772],[129.5318,46.7429],[129.5804,46.8086],[129.3006,46.8743],[129.3494,46.9401],[129.1029,46.9401],[129.1516,47.0058],[128.9872,47.0058],[129.036,47.0716],[128.7893,47.0716],[128.8382,47.1374],[128.6736,47.1374],[128.7226,47.2032],[128.4756,47.2032],[128.5246,47.269],[128.3599,47.269],[128.4089,47.3348],[128.1618,47.3348],[128.2108,47.4006],[128.046,47.4006],[128.0951,47.4665],[127.8478,47.4665],[127.8969,47.5323],[127.7319,47.5323],[127.7811,47.5982],[127.5336,47.5982],[127.5828,47.6641],[127.3019,47.73],[127.3513,47.7959],[126.7889,47.9278],[126.8385,47.9938],[126.673,47.9938],[126.7226,48.0597],[126.4744,48.0597],[126.524,48.1257],[126.3584,48.1257],[126.4082,48.1917],[126.1597,48.1917],[126.2095,48.2578],[126.0437,48.2578],[126.0936,48.3238],[125.8449,48.3238],[125.8948,48.3899],[125.7289,48.3899],[125.7789,48.4559],[125.53,48.4559],[125.5801,48.522],[125.2981,48.5881],[125.3483,48.6542],[124.9831,48.7204],[125.0335,48.7865],[124.784,48.7865],[124.8345,48.8527],[124.6354,48.9189],[124.686,48.9851],[124.5195,48.9851],[124.5703,49.0513],[124.1864,48.9851],[124.2371,49.0513],[123.6718,49.1838],[123.7226,49.25],[122.6743,49.5152],[122.7255,49.5816],[122.5582,49.5816],[122.6095,49.6479],[121.5596,49.9136],[121.6113,49.98],[121.4436,49.98],[121.4954,50.0465],[121.2438,50.0465],[121.2956,50.113],[121.0439,50.113],[121.0958,50.1795],[119.8995,49.7143],[119.6484,49.7143],[119.6987,49.7807],[119.5313,49.7807],[119.5817,49.8471],[119.0962,49.98],[119.1468,50.0465],[118.7781,50.113],[118.829,50.1795],[118.4932,50.1795],[118.5441,50.246],[118.2921,50.246],[118.3431,50.3125],[116.7476,50.6455],[116.7988,50.7121],[116.546,50.7121],[116.5973,50.7788],[116.0583,50.8455],[116.1096,50.9122],[115.772,50.9122],[115.8234,50.9789],[113.8646,51.1792],[113.9156,51.246],[110.4613,51.3797],[110.5112,51.4465],[109.9678,51.5134],[110.0176,51.5803],[109.6784,51.5803],[109.7783,51.7142],[109.3888,51.6472],[109.4038,51.7811],[109.184,51.7142],[109.2339,51.7811],[108.0235,51.9822],[108.0734,52.0492],[107.9032,52.0492],[107.9532,52.1163],[107.5773,52.1833],[107.6274,52.2505],[107.1659,52.3176],[107.2161,52.3847],[107.0454,52.3847],[107.0956,52.4519],[106.9249,52.4519],[106.8248,52.3176],[106.3983,52.3176],[106.006,51.7811],[105.7399,51.6472],[104.8341,51.4465],[104.0715,51.4465],[104.1183,51.5134],[103.5716,51.5803],[103.8448,51.8481],[104.4397,51.8481],[105.2645,52.0492],[105.9146,52.5863],[106.4076,52.7881],[105.032,53.1248],[105.0827,53.1922],[104.9109,53.1922],[104.9616,53.2596],[104.2894,53.3946],[104.3402,53.4621],[101.7123,53.8676],[101.7626,53.9352],[100.4299,54.0029],[100.4797,54.0706],[95.377,54.0706],[93.9414,53.8676],[91.4374,53.8676],[89.451,53.5971],[89.0631,53.6647],[88.9775,53.5296],[87.6465,53.3271],[81.5059,51.7142],[80.4116,51.246],[80.3586,50.9789],[79.7844,50.8455],[78.8662,50.1795],[77.86,49.6479],[77.3807,49.5152],[77.3201,49.3826],[76.4163,48.8527],[74.8077,47.5982],[74.4074,46.8086],[76.3226,46.8743],[76.351,46.7429],[76.7614,46.7429],[76.7344,46.6772],[77.9103,46.7429],[77.8829,46.6772],[78.2656,46.6115],[78.4304,46.8086],[79.2795,46.8743],[79.2496,46.6115],[79.0856,46.6115],[78.9748,46.3489],[77.8016,46.2833],[77.8287,46.3489],[77.3644,46.4145],[77.3914,46.4802],[75.4512,46.5459],[75.3168,46.4145],[74.8814,46.3489],[74.7526,46.0209],[74.3186,45.9554],[74.117,45.4313],[74.2547,45.3659],[74.1301,45.0388],[74.0489,45.0388],[74.0311,44.7773]],[[80.1498,42.6524],[80.1525,42.6604],[80.1965,42.7192],[80.1889,42.7016],[80.1498,42.6524]],[[86.596,49.6019],[86.6068,49.6128],[86.5967,49.5956],[86.596,49.6019]],[[86.5986,49.5798],[86.6106,49.5667],[86.5993,49.5735],[86.5986,49.5798]],[[87.0125,49.2807],[87.0225,49.2542],[87.0171,49.2586],[87.0125,49.2807]],[[87.0308,49.2474],[87.0534,49.2422],[87.0366,49.2427],[87.0308,49.2474]],[[88.1155,49.3566],[88.1617,49.4301],[88.1682,49.4342],[88.1155,49.3566]],[[88.5588,48.2881],[88.5808,48.212],[88.5612,48.2683],[88.5588,48.2881]],[[88.5808,48.212],[88.6358,48.1758],[88.5962,48.1977],[88.5808,48.212]],[[88.8587,49.5274],[88.8682,49.5381],[88.8799,49.5375],[88.8587,49.5274]],[[89.0747,47.9843],[89.244,47.9802],[89.2187,47.977],[89.0747,47.9843]],[[98.8401,52.0328],[98.8556,52.1067],[98.8465,52.0393],[98.8401,52.0328]],[[117.7588,49.5127],[117.795,49.5191],[117.7987,49.5182],[117.7588,49.5127]],[[117.9901,49.5869],[118.0285,49.603],[118.0171,49.5958],[117.9901,49.5869]],[[119.8344,46.651],[119.8598,46.6657],[119.8544,46.6597],[119.8344,46.651]]],[[[109.4387,51.7142],[109.5236,51.7142],[109.5737,51.7811],[109.4888,51.7811],[109.4387,51.7142]]]]}},{"type":"Feature","properties":{"territoryId":"cliopatria-q188836-2224155b01","name":"Xiongnu","name_ko":"흉노","color":"#51ecb9","colorFamily":2,"startYear":-125,"endYear":-110,"source_name":"Cliopatria v0.2.0","source_url":"https://github.com/Seshat-Global-History-Databank/cliopatria","license":"CC BY 4.0","attribution":"Seshat Global History Databank, Cliopatria contributors"},"geometry":{"type":"MultiPolygon","coordinates":[[[[74.0311,44.7773],[74.387,44.6466],[74.5558,44.4507],[74.5064,44.3201],[75.0544,44.0591],[74.8754,43.7982],[75.2611,43.5375],[75.1958,43.1467],[75.7095,43.0165],[75.8776,42.8213],[75.7577,42.4962],[76.2139,42.4312],[76.1985,42.1712],[76.3345,42.1063],[76.2074,41.9764],[76.2402,41.8465],[76.7983,41.8465],[76.6715,41.7167],[76.7043,41.5869],[76.976,41.4571],[77.3738,41.4571],[77.2112,41.0032],[77.2906,41.0032],[77.8108,40.2259],[77.9689,40.2259],[78.1169,39.967],[78.2748,39.967],[78.73,39.4496],[78.8875,39.4496],[79.0586,39.2557],[79.3733,39.2557],[79.8587,39.0618],[82.0818,39.1265],[82.8806,39.385],[85.2284,39.7729],[85.5137,39.9023],[87.4868,39.9023],[89.1748,39.5789],[92.1957,39.4496],[92.8521,39.3203],[94.5061,39.5143],[94.9769,39.3203],[95.3185,39.385],[95.6823,38.9326],[96.3097,38.7389],[96.414,38.6097],[96.6493,38.6097],[96.7552,38.868],[96.6767,38.868],[96.7571,39.0618],[96.6785,39.0618],[96.7596,39.2557],[96.681,39.2557],[96.7629,39.4496],[97.4677,39.2557],[97.4916,39.1265],[97.8574,39.0618],[97.9602,38.9326],[98.1173,38.9326],[98.3841,39.1911],[98.9578,39.0618],[99.1198,39.2557],[99.0919,39.1911],[99.3786,39.1265],[99.8618,38.416],[100.1994,38.2869],[100.4138,38.6097],[100.6423,38.2224],[100.7988,38.2224],[100.7963,38.0288],[101.2901,37.8998],[101.3148,37.7707],[101.6007,37.7062],[101.7553,37.5128],[102.0961,37.7707],[102.119,37.4483],[102.5856,37.2549],[102.611,37.126],[102.871,37.1904],[104.166,36.7393],[106.0289,36.3528],[106.0802,36.2884],[105.847,35.902],[105.9506,35.7733],[105.2595,35.194],[106.1848,35.3871],[106.4931,35.5802],[106.6997,35.5158],[107.2671,35.7733],[108.3019,36.0308],[108.7541,36.7393],[109.1261,37.0615],[109.2748,37.5773],[109.1762,37.7062],[108.9419,37.7062],[108.745,37.9643],[108.0992,38.0933],[107.9029,38.3515],[107.5113,38.3515],[107.4426,38.5451],[107.2858,38.5451],[107.7087,39.4496],[108.197,39.967],[109.7358,40.3554],[110.5604,40.4201],[111.9057,40.4201],[111.8717,40.3554],[112.821,40.3554],[112.7869,40.2906],[114.0423,40.4201],[114.0076,40.3554],[114.4823,40.3554],[114.4476,40.2906],[115.1594,40.2906],[115.2924,40.0964],[115.4504,40.0964],[115.5498,39.8376],[116.1021,39.8376],[117.1095,40.0964],[117.4527,40.2906],[118.979,40.6144],[120.8623,41.2625],[121.0213,41.2625],[120.9857,41.068],[121.1062,40.8793],[121.3613,40.9396],[121.5203,40.8736],[121.7565,40.8736],[121.8679,40.9958],[121.8259,40.9482],[121.8511,40.8323],[122.1594,40.7016],[122.1573,40.5993],[122.3019,40.5023],[122.1061,40.3101],[122.0916,40.2272],[121.9915,40.187],[121.9957,40.1239],[121.8269,40.0225],[121.8738,39.9914],[121.4811,39.8139],[121.4634,39.7435],[121.5501,39.6787],[121.5333,39.6223],[121.4639,39.6458],[121.2234,39.5286],[121.436,39.5086],[121.4976,39.385],[121.943,39.3994],[121.7798,39.3715],[121.628,39.2704],[121.5926,39.1922],[121.681,39.1364],[121.6741,39.088],[121.1399,38.9473],[121.1456,38.7389],[121.2367,38.7985],[121.485,38.8099],[121.7247,39.0302],[121.9232,39.009],[121.8884,39.0425],[122.0065,39.0618],[122.29,39.351],[122.8486,39.6179],[123.2295,39.7297],[123.252,39.8171],[123.3141,39.7761],[123.4171,39.8245],[123.4126,39.7834],[123.6079,39.8342],[123.6567,39.9195],[123.7201,39.8306],[123.8622,39.8276],[124.4118,40.2906],[124.8366,41.1328],[125.5126,41.3274],[125.6762,41.7167],[127.9905,44.1243],[128.2424,44.2548],[128.4344,44.6466],[129.6313,45.7588],[129.8213,46.0209],[129.7395,46.0209],[129.8636,46.4145],[129.7817,46.4145],[129.8934,46.6772],[129.5318,46.7429],[129.5804,46.8086],[129.3006,46.8743],[129.3494,46.9401],[129.1029,46.9401],[129.1516,47.0058],[128.9872,47.0058],[129.036,47.0716],[128.7893,47.0716],[128.8382,47.1374],[128.6736,47.1374],[128.7226,47.2032],[128.4756,47.2032],[128.5246,47.269],[128.3599,47.269],[128.4089,47.3348],[128.1618,47.3348],[128.2108,47.4006],[128.046,47.4006],[128.0951,47.4665],[127.8478,47.4665],[127.8969,47.5323],[127.7319,47.5323],[127.7811,47.5982],[127.5336,47.5982],[127.5828,47.6641],[127.3019,47.73],[127.3513,47.7959],[126.7889,47.9278],[126.8385,47.9938],[126.673,47.9938],[126.7226,48.0597],[126.4744,48.0597],[126.524,48.1257],[126.3584,48.1257],[126.4082,48.1917],[126.1597,48.1917],[126.2095,48.2578],[126.0437,48.2578],[126.0936,48.3238],[125.8449,48.3238],[125.8948,48.3899],[125.7289,48.3899],[125.7789,48.4559],[125.53,48.4559],[125.5801,48.522],[125.2981,48.5881],[125.3483,48.6542],[124.9831,48.7204],[125.0335,48.7865],[124.784,48.7865],[124.8345,48.8527],[124.6354,48.9189],[124.686,48.9851],[124.5195,48.9851],[124.5703,49.0513],[124.1864,48.9851],[124.2371,49.0513],[123.6718,49.1838],[123.7226,49.25],[122.6743,49.5152],[122.7255,49.5816],[122.5582,49.5816],[122.6095,49.6479],[121.5596,49.9136],[121.6113,49.98],[121.4436,49.98],[121.4954,50.0465],[121.2438,50.0465],[121.2956,50.113],[121.0439,50.113],[121.0958,50.1795],[119.8995,49.7143],[119.6484,49.7143],[119.6987,49.7807],[119.5313,49.7807],[119.5817,49.8471],[119.0962,49.98],[119.1468,50.0465],[118.7781,50.113],[118.829,50.1795],[118.4932,50.1795],[118.5441,50.246],[118.2921,50.246],[118.3431,50.3125],[116.7476,50.6455],[116.7988,50.7121],[116.546,50.7121],[116.5973,50.7788],[116.0583,50.8455],[116.1096,50.9122],[115.772,50.9122],[115.8234,50.9789],[113.8646,51.1792],[113.9156,51.246],[110.4613,51.3797],[110.5112,51.4465],[109.9678,51.5134],[110.0176,51.5803],[109.6784,51.5803],[109.7783,51.7142],[109.3888,51.6472],[109.4038,51.7811],[109.184,51.7142],[109.2339,51.7811],[108.0235,51.9822],[108.0734,52.0492],[107.9032,52.0492],[107.9532,52.1163],[107.5773,52.1833],[107.6274,52.2505],[107.1659,52.3176],[107.2161,52.3847],[107.0454,52.3847],[107.0956,52.4519],[106.9249,52.4519],[106.8248,52.3176],[106.3983,52.3176],[106.006,51.7811],[105.7399,51.6472],[104.8341,51.4465],[104.0715,51.4465],[104.1183,51.5134],[103.5716,51.5803],[103.8448,51.8481],[104.4397,51.8481],[105.2645,52.0492],[105.9146,52.5863],[106.4076,52.7881],[105.032,53.1248],[105.0827,53.1922],[104.9109,53.1922],[104.9616,53.2596],[104.2894,53.3946],[104.3402,53.4621],[101.7123,53.8676],[101.7626,53.9352],[100.4299,54.0029],[100.4797,54.0706],[95.377,54.0706],[93.9414,53.8676],[91.4374,53.8676],[89.451,53.5971],[89.0631,53.6647],[88.9775,53.5296],[87.6465,53.3271],[81.5059,51.7142],[80.4116,51.246],[80.3586,50.9789],[79.7844,50.8455],[78.8662,50.1795],[77.86,49.6479],[77.3807,49.5152],[77.3201,49.3826],[76.4163,48.8527],[74.8077,47.5982],[74.4074,46.8086],[76.3226,46.8743],[76.351,46.7429],[76.7614,46.7429],[76.7344,46.6772],[77.9103,46.7429],[77.8829,46.6772],[78.2656,46.6115],[78.4304,46.8086],[79.2795,46.8743],[79.2496,46.6115],[79.0856,46.6115],[78.9748,46.3489],[77.8016,46.2833],[77.8287,46.3489],[77.3644,46.4145],[77.3914,46.4802],[75.4512,46.5459],[75.3168,46.4145],[74.8814,46.3489],[74.7526,46.0209],[74.3186,45.9554],[74.117,45.4313],[74.2547,45.3659],[74.1301,45.0388],[74.0489,45.0388],[74.0311,44.7773]],[[80.1498,42.6524],[80.1525,42.6604],[80.1965,42.7192],[80.1889,42.7016],[80.1498,42.6524]],[[86.596,49.6019],[86.6068,49.6128],[86.5967,49.5956],[86.596,49.6019]],[[86.5986,49.5798],[86.6106,49.5667],[86.5993,49.5735],[86.5986,49.5798]],[[87.0125,49.2807],[87.0225,49.2542],[87.0171,49.2586],[87.0125,49.2807]],[[87.0308,49.2474],[87.0534,49.2422],[87.0366,49.2427],[87.0308,49.2474]],[[88.1155,49.3566],[88.1617,49.4301],[88.1682,49.4342],[88.1155,49.3566]],[[88.5588,48.2881],[88.5808,48.212],[88.5612,48.2683],[88.5588,48.2881]],[[88.5808,48.212],[88.6358,48.1758],[88.5962,48.1977],[88.5808,48.212]],[[88.8587,49.5274],[88.8682,49.5381],[88.8799,49.5375],[88.8587,49.5274]],[[89.0747,47.9843],[89.244,47.9802],[89.2187,47.977],[89.0747,47.9843]],[[98.8401,52.0328],[98.8556,52.1067],[98.8465,52.0393],[98.8401,52.0328]],[[117.7588,49.5127],[117.795,49.5191],[117.7987,49.5182],[117.7588,49.5127]],[[117.9901,49.5869],[118.0285,49.603],[118.0171,49.5958],[117.9901,49.5869]],[[119.8344,46.651],[119.8598,46.6657],[119.8544,46.6597],[119.8344,46.651]]],[[[121.2655,39.4311],[121.2928,39.3905],[121.3643,39.4455],[121.3363,39.385],[121.4328,39.385],[121.4505,39.4503],[121.3406,39.4813],[121.2655,39.4311]]],[[[109.4387,51.7142],[109.5236,51.7142],[109.5737,51.7811],[109.4888,51.7811],[109.4387,51.7142]]]]}},{"type":"Feature","properties":{"territoryId":"cliopatria-q188836-2224155b01","name":"Xiongnu","name_ko":"흉노","color":"#51ecb9","colorFamily":2,"startYear":-109,"endYear":-91,"source_name":"Cliopatria v0.2.0","source_url":"https://github.com/Seshat-Global-History-Databank/cliopatria","license":"CC BY 4.0","attribution":"Seshat Global History Databank, Cliopatria contributors"},"geometry":{"type":"MultiPolygon","coordinates":[[[[73.9429,44.9734],[74.0241,44.9734],[73.9746,44.8426],[74.0875,44.7119],[74.4433,44.5813],[74.5627,44.2548],[74.9983,44.1243],[74.7948,43.7982],[75.205,43.6027],[75.1076,43.3421],[75.188,43.3421],[75.1396,43.2118],[75.252,43.0816],[75.6293,43.0165],[75.8776,42.8213],[75.7015,42.5612],[75.8139,42.4312],[76.1578,42.4962],[76.1423,42.2362],[76.2784,42.1712],[76.1276,41.9764],[76.1604,41.8465],[76.7983,41.8465],[76.6153,41.7816],[76.6247,41.5869],[76.8635,41.5869],[76.8168,41.4571],[77.3738,41.4571],[77.1319,41.0032],[77.2906,41.0032],[77.8108,40.2259],[77.9689,40.2259],[78.1169,39.967],[78.2748,39.967],[78.4233,39.7083],[78.581,39.7083],[78.9229,39.3203],[79.8587,39.0618],[82.0818,39.1265],[82.8806,39.385],[85.2284,39.7729],[85.5137,39.9023],[87.4868,39.9023],[89.1748,39.5789],[90.5675,39.5143],[90.8812,39.7083],[90.9069,39.967],[90.8279,39.967],[91.1476,40.5496],[91.8679,40.9384],[92.4798,41.068],[93.2962,40.9384],[93.2678,40.8736],[93.7153,40.8088],[93.6869,40.744],[95.2297,41.0032],[96.9264,41.068],[96.8966,41.0032],[97.6305,40.8736],[97.6007,40.8088],[97.8881,40.744],[97.9081,40.6144],[98.2745,40.5496],[98.5026,40.3554],[99.6206,40.0317],[100.5039,40.744],[100.8629,41.6518],[101.2488,42.1063],[102.4835,42.9515],[102.8851,43.4072],[103.0246,43.6678],[102.9335,43.7982],[103.0392,43.9938],[102.9585,43.9938],[103.0647,44.1896],[102.9741,44.3201],[103.0626,44.7773],[103.2882,45.0388],[103.8038,45.235],[104.1505,45.5623],[104.1431,45.6933],[105.3041,46.1521],[107.4977,46.6772],[107.8232,46.8086],[107.943,47.0058],[108.1476,47.0716],[108.146,47.2032],[108.7619,47.5323],[111.121,47.9938],[112.0003,48.3238],[113.1661,49.1838],[114.0924,50.246],[114.0084,50.246],[114.1211,50.5122],[114.0369,50.5122],[114.1363,50.6455],[113.8148,50.7788],[113.8309,50.9122],[113.6621,50.9122],[113.7124,50.9789],[113.5435,50.9789],[113.594,51.0457],[113.425,51.0457],[113.4756,51.1124],[111.5121,51.3128],[111.5623,51.3797],[110.4613,51.3797],[110.5112,51.4465],[109.9678,51.5134],[110.0176,51.5803],[109.6784,51.5803],[109.7783,51.7142],[109.3888,51.6472],[109.4038,51.7811],[109.184,51.7142],[109.2339,51.7811],[108.0235,51.9822],[108.0734,52.0492],[107.9032,52.0492],[107.9532,52.1163],[107.5773,52.1833],[107.6274,52.2505],[107.1659,52.3176],[107.2161,52.3847],[107.0454,52.3847],[107.0956,52.4519],[106.9249,52.4519],[106.8248,52.3176],[106.3983,52.3176],[106.006,51.7811],[105.7399,51.6472],[104.8341,51.4465],[104.0715,51.4465],[104.1183,51.5134],[103.5716,51.5803],[103.8448,51.8481],[104.4397,51.8481],[105.2645,52.0492],[105.9146,52.5863],[106.4076,52.7881],[105.032,53.1248],[105.0827,53.1922],[104.9109,53.1922],[104.9616,53.2596],[104.2894,53.3946],[104.3402,53.4621],[101.7123,53.8676],[101.7626,53.9352],[100.4299,54.0029],[100.4797,54.0706],[95.377,54.0706],[93.9414,53.8676],[91.4374,53.8676],[89.451,53.5971],[89.0631,53.6647],[88.9775,53.5296],[87.6465,53.3271],[86.8805,53.0574],[82.1243,51.9151],[80.6504,51.3797],[80.4116,51.246],[80.3586,50.9789],[79.7844,50.8455],[78.5188,49.98],[77.3807,49.5152],[77.3201,49.3826],[76.4163,48.8527],[75.4948,48.0597],[74.9443,47.73],[74.565,47.2032],[74.4074,46.8086],[76.3226,46.8743],[76.351,46.7429],[76.7614,46.7429],[76.7344,46.6772],[77.9103,46.7429],[78.1016,46.6115],[78.7046,46.8743],[79.3336,46.8086],[79.2496,46.6115],[79.0856,46.6115],[78.9748,46.3489],[78.4563,46.2833],[77.8016,46.2833],[77.8287,46.3489],[77.3644,46.4145],[77.3914,46.4802],[75.4512,46.5459],[75.3168,46.4145],[74.8814,46.3489],[74.7526,46.0209],[74.3186,45.9554],[74.117,45.4313],[74.2547,45.3659],[74.1301,45.0388],[73.9429,44.9734]],[[80.1498,42.6524],[80.1525,42.6604],[80.1965,42.7192],[80.1889,42.7016],[80.1498,42.6524]],[[86.596,49.6019],[86.6068,49.6128],[86.5967,49.5956],[86.596,49.6019]],[[86.5986,49.5798],[86.6106,49.5667],[86.5993,49.5735],[86.5986,49.5798]],[[87.0125,49.2807],[87.0225,49.2542],[87.0171,49.2586],[87.0125,49.2807]],[[87.0308,49.2474],[87.0534,49.2422],[87.0366,49.2427],[87.0308,49.2474]],[[88.1155,49.3566],[88.1617,49.4301],[88.1682,49.4342],[88.1155,49.3566]],[[88.5588,48.2881],[88.5808,48.212],[88.5612,48.2683],[88.5588,48.2881]],[[88.5808,48.212],[88.6358,48.1758],[88.5962,48.1977],[88.5808,48.212]],[[88.8587,49.5274],[88.8682,49.5381],[88.8799,49.5375],[88.8587,49.5274]],[[89.0747,47.9843],[89.244,47.9802],[89.2187,47.977],[89.0747,47.9843]],[[98.8401,52.0328],[98.8556,52.1067],[98.8465,52.0393],[98.8401,52.0328]]],[[[109.4387,51.7142],[109.5236,51.7142],[109.5737,51.7811],[109.4888,51.7811],[109.4387,51.7142]]]]}},{"type":"Feature","properties":{"territoryId":"cliopatria-q467985-6d4c86cf2c","name":"Yuezhi","name_ko":"월지","color":"#b756e6","colorFamily":4,"startYear":-169,"endYear":-144,"source_name":"Cliopatria v0.2.0","source_url":"https://github.com/Seshat-Global-History-Databank/cliopatria","license":"CC BY 4.0","attribution":"Seshat Global History Databank, Cliopatria contributors"},"geometry":{"type":"Polygon","coordinates":[[[70.7084,42.2362],[71.0499,42.3012],[71.2179,42.2064],[71.0538,42.2871],[71.086,42.1712],[71.3257,42.1712],[71.8764,41.9114],[72.5129,41.1977],[72.5924,41.1977],[72.7662,41.0032],[72.7815,40.8088],[73.0193,40.8088],[73.118,40.7829],[73.0951,40.773],[73.2938,40.6792],[73.3305,40.5496],[73.4889,40.5496],[73.5257,40.4201],[73.684,40.4201],[73.9325,39.967],[74.0115,39.967],[74.749,40.2906],[74.8926,40.4849],[75.2667,40.4201],[75.4905,40.6144],[76.2929,40.8736],[77.4494,41.0032],[77.5189,41.1977],[77.3037,41.2625],[77.3738,41.4571],[76.976,41.4571],[76.7043,41.5869],[76.6715,41.7167],[76.7983,41.8465],[76.1839,41.9114],[76.3345,42.1063],[76.1985,42.1712],[76.2139,42.4312],[75.7577,42.4962],[75.8776,42.8213],[75.7095,43.0165],[75.1958,43.1467],[75.2611,43.5375],[74.8754,43.7982],[75.0544,44.0591],[74.5064,44.3201],[74.5558,44.4507],[74.387,44.6466],[74.0311,44.7773],[74.0489,45.0388],[73.9676,45.0388],[73.8617,44.9734],[73.9112,45.1042],[73.7416,45.3004],[73.2461,45.4968],[72.2086,44.4507],[71.731,43.7982],[71.1488,42.6619],[71.1481,42.6174],[71.1476,42.6609],[70.7302,42.3012],[70.7084,42.2362]],[[71.3298,42.737],[71.3559,42.7504],[71.3476,42.7428],[71.3298,42.737]],[[71.5597,42.7606],[71.573,42.7601],[71.5663,42.7572],[71.5597,42.7606]],[[73.1891,42.5208],[73.2783,42.5134],[73.2872,42.5088],[73.1891,42.5208]],[[73.9653,40.0301],[73.9664,40.0333],[73.9705,40.0363],[73.9653,40.0301]]]}},{"type":"Feature","properties":{"territoryId":"cliopatria-q467985-6d4c86cf2c","name":"Yuezhi","name_ko":"월지","color":"#b756e6","colorFamily":4,"startYear":-143,"endYear":-126,"source_name":"Cliopatria v0.2.0","source_url":"https://github.com/Seshat-Global-History-Databank/cliopatria","license":"CC BY 4.0","attribution":"Seshat Global History Databank, Cliopatria contributors"},"geometry":{"type":"Polygon","coordinates":[[[66.8115,41.2625],[66.8714,41.1977],[66.8518,41.1328],[67.9838,41.1977],[68.1425,40.9384],[68.0835,40.744],[68.7377,40.5496],[69.0954,40.1612],[69.8066,40.1612],[70.2813,40.4201],[70.4395,40.4201],[70.6168,40.2259],[71.5067,40.2906],[71.7823,40.1612],[72.4595,40.5496],[73.1566,40.744],[73.3305,40.5496],[73.4889,40.5496],[73.5257,40.4201],[73.684,40.4201],[73.9325,39.967],[74.749,40.2906],[74.8926,40.4849],[75.2667,40.4201],[75.8517,40.744],[77.2112,41.0032],[77.3738,41.4571],[76.976,41.4571],[76.7043,41.5869],[76.6715,41.7167],[76.7983,41.8465],[76.2402,41.8465],[76.2074,41.9764],[76.3345,42.1063],[76.1985,42.1712],[76.2139,42.4312],[75.7577,42.4962],[75.8776,42.8213],[75.7095,43.0165],[75.1958,43.1467],[75.2611,43.5375],[74.8754,43.7982],[75.0544,44.0591],[74.5064,44.3201],[74.5558,44.4507],[74.387,44.6466],[74.0311,44.7773],[74.0489,45.0388],[73.8617,44.9734],[73.9112,45.1042],[73.7416,45.3004],[73.2461,45.4968],[72.2086,44.4507],[71.731,43.7982],[71.1481,42.6174],[71.1473,42.6571],[70.7084,42.2362],[68.4257,41.8465],[67.0099,41.3922],[66.8115,41.2625]],[[69.6528,40.6453],[69.6909,40.63],[69.6601,40.6387],[69.6528,40.6453]],[[70.3579,42.0622],[70.4554,42.0937],[70.4631,42.0897],[70.3579,42.0622]],[[71.0458,42.291],[71.0776,42.2812],[71.2179,42.2064],[71.0458,42.291]],[[71.3298,42.737],[71.3559,42.7504],[71.3476,42.7428],[71.3298,42.737]],[[71.5597,42.7606],[71.573,42.7601],[71.5663,42.7572],[71.5597,42.7606]],[[72.9768,40.7361],[73.118,40.7829],[73.0706,40.7625],[72.9768,40.7361]],[[73.1891,42.5208],[73.2783,42.5134],[73.2872,42.5088],[73.1891,42.5208]],[[73.9653,40.0301],[73.9664,40.0333],[73.9705,40.0363],[73.9653,40.0301]]]}},{"type":"Feature","properties":{"territoryId":"cliopatria-q467985-6d4c86cf2c","name":"Yuezhi","name_ko":"월지","color":"#b756e6","colorFamily":4,"startYear":-125,"endYear":-110,"source_name":"Cliopatria v0.2.0","source_url":"https://github.com/Seshat-Global-History-Databank/cliopatria","license":"CC BY 4.0","attribution":"Seshat Global History Databank, Cliopatria contributors"},"geometry":{"type":"Polygon","coordinates":[[[64.7511,35.7733],[64.8285,35.7733],[64.854,35.194],[65.092,34.8723],[65.4149,34.9366],[65.6179,34.8079],[65.9265,34.8079],[66.0665,34.7436],[66.038,34.615],[66.4577,34.422],[66.626,34.4863],[66.5005,34.615],[66.5292,34.7436],[66.3266,34.8723],[66.2927,35.0653],[66.3845,35.1297],[66.2258,35.4514],[66.36,36.0308],[66.7621,36.7393],[67.5239,36.6749],[67.7873,36.4816],[68.2693,36.546],[68.4568,36.6749],[69.4061,36.7393],[70.0116,36.6749],[70.0235,36.4172],[70.9668,36.1596],[71.2161,36.224],[71.825,37.0615],[72.3982,37.4483],[72.6625,37.8352],[73.4942,38.5451],[73.7479,39.1265],[73.6303,39.2557],[73.6903,39.4496],[73.868,39.5143],[73.9325,39.967],[74.749,40.2906],[74.8926,40.4849],[75.2667,40.4201],[75.8517,40.744],[77.2112,41.0032],[77.3738,41.4571],[76.976,41.4571],[76.7043,41.5869],[76.6715,41.7167],[76.7983,41.8465],[76.2402,41.8465],[76.2074,41.9764],[76.3345,42.1063],[76.1985,42.1712],[76.2139,42.4312],[75.7577,42.4962],[75.8776,42.8213],[75.7095,43.0165],[75.1958,43.1467],[75.2611,43.5375],[74.8754,43.7982],[75.0544,44.0591],[74.5064,44.3201],[74.5558,44.4507],[74.387,44.6466],[74.0311,44.7773],[74.0489,45.0388],[73.8617,44.9734],[73.9112,45.1042],[73.7416,45.3004],[73.2461,45.4968],[72.2086,44.4507],[71.731,43.7982],[71.1481,42.6174],[71.1473,42.6571],[70.7084,42.2362],[68.6857,41.9114],[67.5473,41.5869],[66.891,41.2625],[66.6525,41.2625],[65.9621,40.8088],[65.8828,40.8088],[65.5638,39.967],[65.2912,39.8376],[65.2031,39.5143],[65.2819,39.5143],[65.0655,38.9972],[65.1441,38.9972],[65.0767,38.7389],[65.1551,38.7389],[64.9175,37.1828],[64.9891,37.2137],[64.9172,37.181],[64.7613,36.1596],[64.8389,36.1596],[64.7511,35.7733]],[[66.0797,37.4409],[66.1545,37.3835],[66.1429,37.3851],[66.0797,37.4409]],[[66.3069,38.0804],[66.4204,38.0419],[66.4083,38.0428],[66.3069,38.0804]],[[66.4878,37.3422],[66.5196,37.3642],[66.531,37.3649],[66.4878,37.3422]],[[66.5399,38.028],[66.5542,38.0269],[66.5722,38.0184],[66.5399,38.028]],[[67.7731,37.11],[67.7741,37.1205],[67.7823,37.1029],[67.7731,37.11]],[[67.8003,37.0891],[67.8176,37.0806],[67.808,37.0832],[67.8003,37.0891]],[[68.0169,36.9294],[68.0256,36.9271],[68.0202,36.9257],[68.0169,36.9294]],[[68.0433,36.9316],[68.1864,37.0183],[68.0549,36.9346],[68.0433,36.9316]],[[69.2457,37.1039],[69.3143,37.1189],[69.3121,37.1175],[69.2457,37.1039]],[[69.313,39.9848],[69.314,39.9869],[69.3174,39.9848],[69.313,39.9848]],[[69.4122,39.525],[69.5144,39.5376],[69.4773,39.5304],[69.4122,39.525]],[[69.6528,40.6453],[69.6909,40.63],[69.6601,40.6387],[69.6528,40.6453]],[[70.3579,42.0622],[70.4554,42.0937],[70.4631,42.0897],[70.3579,42.0622]],[[71.0458,42.291],[71.0776,42.2812],[71.2179,42.2064],[71.0458,42.291]],[[71.3298,42.737],[71.3559,42.7504],[71.3476,42.7428],[71.3298,42.737]],[[71.5597,42.7606],[71.573,42.7601],[71.5663,42.7572],[71.5597,42.7606]],[[72.9768,40.7361],[73.118,40.7829],[73.0706,40.7625],[72.9768,40.7361]],[[73.1891,42.5208],[73.2783,42.5134],[73.2872,42.5088],[73.1891,42.5208]],[[73.3676,39.4438],[73.4769,39.4648],[73.4924,39.4642],[73.3676,39.4438]],[[73.8198,39.7667],[73.8208,39.7783],[73.8295,39.747],[73.8198,39.7667]],[[73.8222,39.7962],[73.823,39.8057],[73.8287,39.8145],[73.8222,39.7962]],[[73.8381,39.8289],[73.8441,39.8381],[73.8807,39.865],[73.8381,39.8289]],[[73.9653,40.0301],[73.9664,40.0333],[73.9705,40.0363],[73.9653,40.0301]]]}},{"type":"Feature","properties":{"territoryId":"cliopatria-q467985-6d4c86cf2c","name":"Yuezhi","name_ko":"월지","color":"#b756e6","colorFamily":4,"startYear":-109,"endYear":-91,"source_name":"Cliopatria v0.2.0","source_url":"https://github.com/Seshat-Global-History-Databank/cliopatria","license":"CC BY 4.0","attribution":"Seshat Global History Databank, Cliopatria contributors"},"geometry":{"type":"Polygon","coordinates":[[[64.7511,35.7733],[64.8285,35.7733],[64.854,35.194],[65.092,34.8723],[65.4149,34.9366],[65.6179,34.8079],[65.9265,34.8079],[66.0665,34.7436],[66.038,34.615],[66.6887,34.422],[66.8143,34.2933],[69.7394,34.2933],[69.9876,34.0361],[70.5728,33.9075],[70.8184,33.9718],[70.7716,34.1004],[70.9558,34.229],[71.4792,34.1647],[71.9431,34.8079],[71.6048,35.001],[71.672,35.5802],[71.2441,36.0308],[71.2493,36.3528],[71.6612,36.7393],[71.825,37.0615],[72.3982,37.4483],[72.6625,37.8352],[73.4942,38.5451],[73.7479,39.1265],[73.6303,39.2557],[73.6903,39.4496],[73.868,39.5143],[73.9495,39.7729],[73.8706,39.7729],[74.0323,40.0317],[73.8743,40.0317],[73.858,40.2259],[73.684,40.4201],[73.1353,40.6792],[73.1072,40.7783],[72.9768,40.7361],[73.107,40.7792],[73.0193,40.8088],[71.9607,40.2259],[71.2091,40.0964],[71.0705,39.9023],[70.9127,39.9023],[70.9522,40.0317],[70.8141,40.0964],[70.7548,39.9023],[70.558,39.7729],[69.5924,39.7083],[69.3342,39.9023],[68.9587,39.967],[68.997,40.0964],[69.2729,40.2259],[69.3316,40.4201],[68.8567,40.9384],[68.8985,41.3274],[67.8064,41.6518],[67.0099,41.3922],[66.891,41.2625],[66.6525,41.2625],[65.9621,40.8088],[65.8828,40.8088],[65.5638,39.967],[65.2912,39.8376],[65.2031,39.5143],[65.2819,39.5143],[65.0655,38.9972],[65.1441,38.9972],[65.0767,38.7389],[65.1551,38.7389],[64.9447,37.1945],[64.9891,37.2137],[64.9446,37.1934],[64.7511,35.7733]],[[66.0797,37.4409],[66.1545,37.3835],[66.1429,37.3851],[66.0797,37.4409]],[[66.3069,38.0804],[66.4204,38.0419],[66.4083,38.0428],[66.3069,38.0804]],[[66.4878,37.3422],[66.5196,37.3642],[66.531,37.3649],[66.4878,37.3422]],[[66.5399,38.028],[66.5542,38.0269],[66.5722,38.0184],[66.5399,38.028]],[[67.7731,37.11],[67.7741,37.1205],[67.7823,37.1029],[67.7731,37.11]],[[67.8003,37.0891],[67.8176,37.0806],[67.808,37.0832],[67.8003,37.0891]],[[68.0169,36.9294],[68.0256,36.9271],[68.0202,36.9257],[68.0169,36.9294]],[[68.0433,36.9316],[68.1864,37.0183],[68.0549,36.9346],[68.0433,36.9316]],[[69.2457,37.1039],[69.3143,37.1189],[69.3121,37.1175],[69.2457,37.1039]],[[69.4122,39.525],[69.5144,39.5376],[69.4773,39.5304],[69.4122,39.525]],[[71.4756,35.741],[71.5027,35.7191],[71.5074,35.7095],[71.4756,35.741]],[[71.4833,35.6266],[71.5059,35.6034],[71.4927,35.6096],[71.4833,35.6266]],[[71.5144,35.6753],[71.5151,35.6935],[71.5198,35.6838],[71.5144,35.6753]],[[71.5316,35.3279],[71.6138,35.4035],[71.6111,35.3955],[71.5316,35.3279]],[[71.573,35.5692],[71.5842,35.5642],[71.5935,35.5494],[71.573,35.5692]],[[73.3676,39.4438],[73.4769,39.4648],[73.4924,39.4642],[73.3676,39.4438]],[[73.8198,39.7667],[73.8208,39.7783],[73.8295,39.747],[73.8198,39.7667]],[[73.8222,39.7962],[73.823,39.8057],[73.8287,39.8145],[73.8222,39.7962]],[[73.8381,39.8289],[73.8441,39.8381],[73.8807,39.865],[73.8381,39.8289]]]}},{"type":"Feature","properties":{"territoryId":"cliopatria-q844750-59afc4b7bd","name":"Zapotec Civilization","name_ko":"사포텍 문명","color":"#4b57dd","colorFamily":0,"startYear":-290,"endYear":-91,"source_name":"Cliopatria v0.2.0","source_url":"https://github.com/Seshat-Global-History-Databank/cliopatria","license":"CC BY 4.0","attribution":"Seshat Global History Databank, Cliopatria contributors"},"geometry":{"type":"Polygon","coordinates":[[[-97.4135,17.6433],[-97.2333,17.4505],[-97.37,17.3862],[-97.3485,17.2576],[-97.1903,17.1933],[-97.1797,17.129],[-96.8956,16.7433],[-96.5375,16.8076],[-96.5583,16.9362],[-96.2634,16.9362],[-96.3054,17.1933],[-96.8644,17.4505],[-96.9078,17.7076],[-96.9598,17.579],[-97.4135,17.6433]]]}}]}
