{"type":"FeatureCollection","features":[{"type":"Feature","properties":{"territoryId":"cliopatria-q83958-5930a7fa48","name":"(Macedonian Empire)","name_ko":"마케도니아 왕국","color":"#e9eb7a","colorFamily":1,"startYear":-365,"endYear":-350,"source_name":"Cliopatria v0.2.0","source_url":"https://github.com/Seshat-Global-History-Databank/cliopatria","license":"CC BY 4.0","attribution":"Seshat Global History Databank, Cliopatria contributors"},"geometry":{"type":"Polygon","coordinates":[[[20.7746,41.0032],[20.8364,40.6792],[20.9156,40.6792],[20.9121,40.6144],[21.0188,40.5697],[21.0237,40.5888],[21.0205,40.5691],[21.3765,40.4201],[21.5095,39.967],[21.9154,40.1612],[22.299,39.967],[22.6008,40.016],[22.5693,40.0964],[22.5437,40.0964],[22.5716,40.5496],[22.9105,40.6446],[22.944,40.6144],[23.5262,40.6144],[23.6143,40.744],[23.6277,40.9384],[24.0384,41.1328],[23.8047,41.1977],[23.8139,41.3274],[23.5846,41.4571],[22.9436,41.3922],[21.838,41.522],[21.83,41.3922],[21.5119,41.3922],[21.2808,41.522],[21.1068,41.2625],[20.8647,41.1977],[20.937,41.068],[20.7746,41.0032]],[[21.0186,40.6909],[21.0353,40.6594],[21.0335,40.6487],[21.0186,40.6909]],[[22.8815,41.3356],[22.917,41.3358],[23.1152,41.3127],[22.8815,41.3356]]]}},{"type":"Feature","properties":{"territoryId":"cliopatria-q83958-5930a7fa48","name":"(Macedonian Empire)","name_ko":"마케도니아 왕국","color":"#e9eb7a","colorFamily":1,"startYear":-349,"endYear":-337,"source_name":"Cliopatria v0.2.0","source_url":"https://github.com/Seshat-Global-History-Databank/cliopatria","license":"CC BY 4.0","attribution":"Seshat Global History Databank, Cliopatria contributors"},"geometry":{"type":"MultiPolygon","coordinates":[[[[20.2784,40.6144],[20.3576,40.6144],[20.3478,40.4201],[20.5027,40.3554],[20.4929,40.1612],[20.8056,40.0964],[20.9434,39.7083],[21.0978,39.6436],[21.0944,39.5789],[21.3926,39.2557],[21.7107,39.3203],[22.0078,38.9972],[22.1685,39.0618],[22.5251,38.8809],[22.6216,38.9145],[22.689,38.878],[22.792,38.878],[22.8465,38.9264],[22.8984,38.9196],[22.9977,38.9657],[22.9588,39.0251],[22.9799,39.0381],[22.9516,39.1238],[22.7973,39.0618],[22.8163,39.385],[23.1318,39.4489],[22.9395,39.5806],[22.906,39.6475],[22.6109,39.9023],[22.6497,39.9853],[22.5713,40.0543],[22.5693,40.0964],[22.5437,40.0964],[22.5716,40.5496],[22.8558,40.607],[22.854,40.6395],[22.9105,40.6446],[22.944,40.6144],[23.5262,40.6144],[23.535,40.744],[23.6935,40.744],[23.698,40.8088],[24.0106,40.744],[24.3466,41.0032],[24.4259,41.0032],[24.7632,41.2625],[24.7731,41.3922],[24.5493,41.5869],[22.9436,41.3922],[21.838,41.522],[21.83,41.3922],[21.5119,41.3922],[21.2808,41.522],[21.1068,41.2625],[20.5469,41.1977],[20.5399,41.068],[20.3777,41.0032],[20.4469,40.8088],[20.285,40.744],[20.2784,40.6144]],[[20.9579,40.5149],[20.999,40.54],[20.9815,40.5233],[20.9579,40.5149]],[[21.0152,40.5556],[21.0237,40.5888],[21.0188,40.559],[21.0152,40.5556]],[[21.0186,40.6909],[21.0353,40.6594],[21.0335,40.6487],[21.0186,40.6909]],[[22.8815,41.3356],[22.917,41.3358],[23.1152,41.3127],[22.8815,41.3356]],[[24.1262,41.5294],[24.1463,41.5268],[24.1702,41.5116],[24.1262,41.5294]]],[[[22.8652,38.868],[23.0191,38.8783],[23.0094,38.918],[22.8652,38.868]]]]}},{"type":"Feature","properties":{"territoryId":"cliopatria-q83958-5930a7fa48","name":"(Macedonian Empire)","name_ko":"마케도니아 왕국","color":"#e9eb7a","colorFamily":1,"startYear":-336,"endYear":-333,"source_name":"Cliopatria v0.2.0","source_url":"https://github.com/Seshat-Global-History-Databank/cliopatria","license":"CC BY 4.0","attribution":"Seshat Global History Databank, Cliopatria contributors"},"geometry":{"type":"MultiPolygon","coordinates":[[[[19.8063,40.6792],[20.1895,40.4201],[20.5027,40.3554],[20.5686,40.0964],[20.8056,40.0964],[20.9434,39.7083],[21.3926,39.2557],[21.7107,39.3203],[21.9292,38.9972],[22.0864,38.9972],[22.3403,39.3203],[23.1312,39.385],[22.6109,39.9023],[22.6497,39.9853],[22.5437,40.0964],[22.5595,40.3554],[22.6549,40.6144],[22.9105,40.6446],[22.9832,40.5527],[22.8842,40.4849],[23.2673,40.2906],[23.7374,40.2259],[23.6936,40.3092],[23.7777,40.3548],[23.8386,40.5496],[23.6846,40.6144],[23.698,40.8088],[24.0106,40.744],[24.3466,41.0032],[25.1384,41.0101],[25.1358,40.9692],[25.8495,40.9384],[26.0822,40.8736],[26.1403,40.6144],[26.6264,40.744],[26.7335,40.65],[26.7904,40.6606],[26.8709,40.5293],[27.5275,41.068],[29.0362,41.068],[28.9791,41.252],[28.5053,41.3274],[28.0814,41.6518],[27.9794,41.6518],[27.937,42.0413],[27.4534,42.4652],[27.5135,42.6262],[27.8466,42.7563],[27.8049,43.1467],[27.8982,43.2769],[28.0607,43.3092],[28.1925,43.4078],[28.1592,43.4723],[28.4811,43.4723],[28.6163,43.9938],[28.5356,43.9938],[28.5769,44.3854],[28.7612,44.5223],[28.7578,44.6268],[28.8362,44.6268],[28.784,44.6492],[28.8257,44.7332],[28.802,44.9734],[27.7266,44.7773],[27.7067,44.5813],[27.8687,44.5813],[27.8488,44.3854],[27.9297,44.3854],[27.7481,44.1896],[26.3682,44.1243],[25.5205,43.6678],[24.8062,43.7982],[23.9193,43.7982],[23.9897,43.6678],[23.4064,43.4072],[23.3967,43.2769],[23.0705,43.2118],[23.1414,43.0816],[22.9808,43.0816],[22.5526,42.6912],[22.3968,42.7563],[22.3036,42.5612],[21.815,42.4312],[21.8068,42.3012],[21.487,42.3012],[21.559,42.1712],[21.224,41.9114],[21.0683,41.9764],[21.0569,41.7816],[20.8141,41.7167],[20.6405,41.4571],[19.8318,41.1977],[19.8063,40.6792]],[[20.9579,40.5149],[20.999,40.54],[20.9815,40.5233],[20.9579,40.5149]],[[21.0152,40.5556],[21.0237,40.5888],[21.0188,40.559],[21.0152,40.5556]],[[21.0186,40.6909],[21.0353,40.6594],[21.0335,40.6487],[21.0186,40.6909]],[[21.5576,42.2639],[21.5717,42.2461],[21.5638,42.247],[21.5576,42.2639]],[[22.0476,42.3045],[22.076,42.3053],[22.0609,42.3011],[22.0476,42.3045]],[[22.5088,42.4049],[22.5365,42.4784],[22.5331,42.4576],[22.5088,42.4049]],[[22.5152,42.5141],[22.5249,42.5077],[22.5365,42.4784],[22.5152,42.5141]],[[22.8815,41.3356],[22.917,41.3358],[23.1152,41.3127],[22.8815,41.3356]],[[22.9014,41.8604],[22.9427,41.7758],[22.9397,41.7767],[22.9014,41.8604]],[[22.933,41.6123],[22.9351,41.6189],[22.9332,41.6055],[22.933,41.6123]],[[22.9334,41.595],[22.9487,41.561],[22.9337,41.5846],[22.9334,41.595]],[[22.9385,41.6299],[22.9409,41.6376],[22.9443,41.6388],[22.9385,41.6299]],[[22.967,41.647],[23.0004,41.7015],[22.9986,41.6931],[22.967,41.647]],[[24.1262,41.5294],[24.1463,41.5268],[24.1702,41.5116],[24.1262,41.5294]],[[24.1816,41.5374],[24.1963,41.547],[24.2121,41.5518],[24.1816,41.5374]],[[25.1771,41.2939],[25.2308,41.248],[25.2197,41.2497],[25.1771,41.2939]],[[26.0475,41.6746],[26.0493,41.6823],[26.055,41.6488],[26.0475,41.6746]],[[26.0522,41.6952],[26.0537,41.7015],[26.0579,41.7035],[26.0522,41.6952]],[[26.1312,41.5527],[26.1525,41.547],[26.1544,41.5437],[26.1312,41.5527]],[[26.1459,41.478],[26.1602,41.5019],[26.1593,41.4938],[26.1459,41.478]],[[26.1589,41.5362],[26.1631,41.5291],[26.1617,41.5157],[26.1589,41.5362]],[[26.2304,41.7466],[26.2344,41.7458],[26.2739,41.7149],[26.2304,41.7466]],[[26.3668,41.7112],[26.3774,41.7106],[26.4044,41.6918],[26.3668,41.7112]],[[26.5837,41.3326],[26.6097,41.3307],[26.5911,41.3293],[26.5837,41.3326]]],[[[22.6462,42.8864],[22.7264,42.8864],[22.7309,42.9515],[22.6506,42.9515],[22.6462,42.8864]]],[[[22.7309,42.9515],[22.8111,42.9515],[22.8157,43.0165],[22.7354,43.0165],[22.7309,42.9515]]],[[[22.8157,43.0165],[22.8959,43.0165],[22.9005,43.0816],[22.8203,43.0816],[22.8157,43.0165]]]]}},{"type":"Feature","properties":{"territoryId":"cliopatria-q83958-5930a7fa48","name":"(Macedonian Empire)","name_ko":"마케도니아 왕국","color":"#e9eb7a","colorFamily":1,"startYear":-332,"endYear":-331,"source_name":"Cliopatria v0.2.0","source_url":"https://github.com/Seshat-Global-History-Databank/cliopatria","license":"CC BY 4.0","attribution":"Seshat Global History Databank, Cliopatria contributors"},"geometry":{"type":"MultiPolygon","coordinates":[[[[26.1325,39.5143],[26.9377,39.5748],[26.9299,39.4877],[26.801,39.4335],[26.7422,39.2557],[26.8945,39.1911],[26.8793,38.9972],[26.9579,38.9972],[26.9399,38.9327],[27.0413,38.9401],[27.0627,38.8869],[26.9084,38.8204],[26.9314,38.7551],[26.8495,38.6097],[27.0798,38.5451],[27.0728,38.4537],[27.1642,38.4466],[27.0694,38.4094],[27.065,38.3515],[26.6762,38.3515],[26.6731,38.3072],[26.595,38.3515],[26.5358,38.6097],[26.3895,38.6719],[26.4058,38.4535],[26.513,38.4329],[26.4515,38.4261],[26.4289,38.2224],[26.8203,38.2224],[26.889,38.0933],[27.2753,38.0288],[27.2559,37.7707],[27.1794,37.6106],[27.31,37.4483],[27.2383,37.3426],[27.4072,37.4127],[27.4385,37.3908],[27.3921,37.3538],[27.5392,37.3838],[27.5644,37.2735],[27.616,37.2747],[27.598,37.126],[28.0653,37.126],[28.1313,37.0363],[28.3294,37.0368],[28.2124,37.0004],[28.1653,36.9116],[28.1034,36.9353],[28.0583,36.7721],[28.1184,36.8006],[28.1305,36.754],[28.0314,36.6749],[28.1961,36.6854],[28.2572,36.8462],[28.315,36.8291],[28.2934,36.7959],[28.452,36.8836],[29.1249,36.7393],[29.2163,36.3291],[29.3496,36.2326],[29.4116,36.2674],[29.4666,36.224],[29.938,36.224],[30.0261,36.3528],[30.4919,36.3528],[30.6191,36.9326],[31.3916,36.8682],[32.0681,36.6105],[32.4985,36.224],[32.5369,36.1],[32.6639,36.05],[33.824,36.2603],[33.8711,36.3149],[33.9791,36.2884],[34.2507,36.6749],[34.5816,36.8682],[34.8929,36.8682],[34.9352,36.726],[35.1127,36.7393],[35.4875,36.6106],[35.8336,36.9326],[36.1449,36.9326],[36.2862,36.8037],[36.2649,36.6105],[35.8417,36.2884],[35.9901,36.224],[35.9767,36.001],[35.8449,35.5802],[35.9929,35.5158],[35.9153,35.2879],[35.9624,35.1979],[35.927,34.8723],[36.0682,34.7436],[36.0488,34.5506],[35.7921,34.2933],[35.6652,34.3113],[35.6838,33.9718],[35.5538,33.9075],[35.6007,33.9075],[35.5946,33.8432],[35.4705,33.9021],[35.4993,33.6502],[35.3851,33.6042],[35.3522,33.5217],[35.7174,33.5217],[35.8313,33.9075],[36.2669,34.422],[36.2094,34.615],[36.2865,34.615],[36.3128,34.8723],[36.165,34.9366],[36.1849,35.1297],[36.3527,35.2584],[36.4208,35.902],[36.5967,36.0952],[36.7822,37.0615],[36.6486,37.2549],[36.2028,37.4483],[35.8128,37.4483],[35.3661,37.6417],[35.3168,37.8998],[35.2386,37.8998],[35.3459,38.1578],[35.2114,38.3515],[35.1852,38.8034],[35.1067,38.8034],[35.1046,39.4496],[35.0259,39.4496],[34.9862,39.7729],[34.8363,39.8376],[34.8521,39.967],[34.7731,39.967],[34.868,40.0964],[34.71,40.0964],[34.726,40.2259],[34.6469,40.2259],[34.6791,40.4849],[34.3785,40.6144],[34.411,40.8736],[34.2686,41.0032],[34.3727,41.1977],[34.54,41.2625],[34.6789,41.7167],[34.3517,41.6518],[34.4729,41.9734],[33.2771,41.9764],[32.6675,41.8369],[32.6947,41.7816],[32.1137,41.5869],[32.322,41.3274],[32.3068,41.1977],[32.1404,41.1328],[32.118,40.9384],[31.714,40.8736],[31.196,40.4849],[30.4111,40.5496],[29.9354,40.744],[29.5599,40.6911],[29.4906,40.7272],[28.9538,40.6253],[28.9004,40.4849],[29.1515,40.4341],[29.0463,40.3554],[27.9388,40.3554],[27.904,40.3999],[27.9505,40.4849],[27.7921,40.4849],[27.7918,40.3929],[27.8836,40.3863],[27.6958,40.2906],[27.5376,40.2906],[27.301,40.4076],[26.689,40.3624],[26.408,40.1937],[26.3622,40.0635],[26.236,39.9989],[26.1325,39.5143]]],[[[26.253,40.0786],[26.3758,40.1535],[26.3567,40.1731],[26.2568,40.0964],[26.253,40.0786]]],[[[26.5172,40.2964],[26.5397,40.3037],[26.6016,40.3461],[26.6137,40.3569],[26.594,40.3554],[26.5172,40.2964]]],[[[27.5815,37.1982],[27.5831,37.1912],[27.5877,37.1988],[27.5815,37.1982]]],[[[34.8521,39.967],[34.931,39.967],[34.939,40.0317],[34.86,40.0317],[34.8521,39.967]]],[[[19.8063,40.6792],[20.1895,40.4201],[20.5027,40.3554],[20.5686,40.0964],[20.8056,40.0964],[20.9434,39.7083],[21.3926,39.2557],[21.7107,39.3203],[21.9292,38.9972],[22.0864,38.9972],[22.3403,39.3203],[23.1312,39.385],[22.6109,39.9023],[22.6497,39.9853],[22.5437,40.0964],[22.5595,40.3554],[22.6549,40.6144],[22.9105,40.6446],[22.9832,40.5527],[22.8842,40.4849],[23.2673,40.2906],[23.7374,40.2259],[23.6936,40.3092],[23.7777,40.3548],[23.8386,40.5496],[23.6846,40.6144],[23.698,40.8088],[24.0106,40.744],[24.3466,41.0032],[25.1384,41.0101],[25.1358,40.9692],[25.8495,40.9384],[26.0822,40.8736],[26.1403,40.6144],[26.6264,40.744],[26.7335,40.65],[26.7904,40.6606],[26.8709,40.5293],[27.5275,41.068],[29.0362,41.068],[28.9791,41.252],[28.5053,41.3274],[28.0814,41.6518],[27.9794,41.6518],[27.937,42.0413],[27.4534,42.4652],[27.5135,42.6262],[27.8466,42.7563],[27.8049,43.1467],[27.8982,43.2769],[28.0607,43.3092],[28.1925,43.4078],[28.1592,43.4723],[28.4811,43.4723],[28.6163,43.9938],[28.5356,43.9938],[28.5769,44.3854],[28.7612,44.5223],[28.7578,44.6268],[28.8362,44.6268],[28.784,44.6492],[28.8257,44.7332],[28.802,44.9734],[27.7266,44.7773],[27.7067,44.5813],[27.8687,44.5813],[27.8488,44.3854],[27.9297,44.3854],[27.7481,44.1896],[26.3682,44.1243],[25.5205,43.6678],[24.8062,43.7982],[23.9193,43.7982],[23.9897,43.6678],[23.4064,43.4072],[23.3967,43.2769],[23.0705,43.2118],[23.1414,43.0816],[22.9808,43.0816],[22.5526,42.6912],[22.3968,42.7563],[22.3036,42.5612],[21.815,42.4312],[21.8068,42.3012],[21.487,42.3012],[21.559,42.1712],[21.224,41.9114],[21.0683,41.9764],[21.0569,41.7816],[20.8141,41.7167],[20.6405,41.4571],[19.8318,41.1977],[19.8063,40.6792]],[[20.9579,40.5149],[20.999,40.54],[20.9815,40.5233],[20.9579,40.5149]],[[21.0152,40.5556],[21.0237,40.5888],[21.0188,40.559],[21.0152,40.5556]],[[21.0186,40.6909],[21.0353,40.6594],[21.0335,40.6487],[21.0186,40.6909]],[[21.5576,42.2639],[21.5717,42.2461],[21.5638,42.247],[21.5576,42.2639]],[[22.0476,42.3045],[22.076,42.3053],[22.0609,42.3011],[22.0476,42.3045]],[[22.5088,42.4049],[22.5365,42.4784],[22.5331,42.4576],[22.5088,42.4049]],[[22.5152,42.5141],[22.5249,42.5077],[22.5365,42.4784],[22.5152,42.5141]],[[22.8815,41.3356],[22.917,41.3358],[23.1152,41.3127],[22.8815,41.3356]],[[22.9014,41.8604],[22.9427,41.7758],[22.9397,41.7767],[22.9014,41.8604]],[[22.933,41.6123],[22.9351,41.6189],[22.9332,41.6055],[22.933,41.6123]],[[22.9334,41.595],[22.9487,41.561],[22.9337,41.5846],[22.9334,41.595]],[[22.9385,41.6299],[22.9409,41.6376],[22.9443,41.6388],[22.9385,41.6299]],[[22.967,41.647],[23.0004,41.7015],[22.9986,41.6931],[22.967,41.647]],[[24.1262,41.5294],[24.1463,41.5268],[24.1702,41.5116],[24.1262,41.5294]],[[24.1816,41.5374],[24.1963,41.547],[24.2121,41.5518],[24.1816,41.5374]],[[25.1771,41.2939],[25.2308,41.248],[25.2197,41.2497],[25.1771,41.2939]],[[26.0475,41.6746],[26.0493,41.6823],[26.055,41.6488],[26.0475,41.6746]],[[26.0522,41.6952],[26.0537,41.7015],[26.0579,41.7035],[26.0522,41.6952]],[[26.1312,41.5527],[26.1525,41.547],[26.1544,41.5437],[26.1312,41.5527]],[[26.1459,41.478],[26.1602,41.5019],[26.1593,41.4938],[26.1459,41.478]],[[26.1589,41.5362],[26.1631,41.5291],[26.1617,41.5157],[26.1589,41.5362]],[[26.2304,41.7466],[26.2344,41.7458],[26.2739,41.7149],[26.2304,41.7466]],[[26.3668,41.7112],[26.3774,41.7106],[26.4044,41.6918],[26.3668,41.7112]],[[26.5837,41.3326],[26.6097,41.3307],[26.5911,41.3293],[26.5837,41.3326]]],[[[22.6462,42.8864],[22.7264,42.8864],[22.7309,42.9515],[22.6506,42.9515],[22.6462,42.8864]]],[[[22.7309,42.9515],[22.8111,42.9515],[22.8157,43.0165],[22.7354,43.0165],[22.7309,42.9515]]],[[[22.8157,43.0165],[22.8959,43.0165],[22.9005,43.0816],[22.8203,43.0816],[22.8157,43.0165]]]]}},{"type":"Feature","properties":{"territoryId":"cliopatria-q83958-5930a7fa48","name":"(Macedonian Empire)","name_ko":"마케도니아 왕국","color":"#e9eb7a","colorFamily":1,"startYear":-330,"endYear":-326,"source_name":"Cliopatria v0.2.0","source_url":"https://github.com/Seshat-Global-History-Databank/cliopatria","license":"CC BY 4.0","attribution":"Seshat Global History Databank, Cliopatria contributors"},"geometry":{"type":"MultiPolygon","coordinates":[[[[19.8063,40.6792],[20.1895,40.4201],[20.5027,40.3554],[20.5686,40.0964],[20.8056,40.0964],[20.9434,39.7083],[21.0978,39.6436],[21.0944,39.5789],[21.4713,39.2557],[21.7107,39.3203],[21.9292,38.9972],[22.0864,38.9972],[22.3403,39.3203],[23.1312,39.385],[22.6109,39.9023],[22.6497,39.9853],[22.5437,40.0964],[22.5595,40.3554],[22.6549,40.6144],[22.9105,40.6446],[22.9832,40.5527],[22.8842,40.4849],[23.2673,40.2906],[23.7374,40.2259],[23.6936,40.3092],[23.7777,40.3548],[23.8386,40.5496],[23.6846,40.6144],[23.698,40.8088],[24.0106,40.744],[24.3466,41.0032],[25.1384,41.0101],[25.1358,40.9692],[25.8495,40.9384],[26.0822,40.8736],[26.1403,40.6144],[26.6264,40.744],[26.7335,40.65],[26.7904,40.6606],[26.8709,40.5293],[27.5275,41.068],[29.0362,41.068],[28.9791,41.252],[28.5053,41.3274],[28.0814,41.6518],[27.9794,41.6518],[27.937,42.0413],[27.4534,42.4652],[27.5135,42.6262],[27.8466,42.7563],[27.8049,43.1467],[27.8982,43.2769],[28.0607,43.3092],[28.1925,43.4078],[28.1592,43.4723],[28.4811,43.4723],[28.6163,43.9938],[28.5356,43.9938],[28.5769,44.3854],[28.7612,44.5223],[28.7578,44.6268],[28.8362,44.6268],[28.784,44.6492],[28.8257,44.7332],[28.802,44.9734],[27.7266,44.7773],[27.7067,44.5813],[27.8687,44.5813],[27.8488,44.3854],[27.9297,44.3854],[27.7481,44.1896],[26.3682,44.1243],[25.5205,43.6678],[24.8062,43.7982],[23.9193,43.7982],[23.9897,43.6678],[23.4064,43.4072],[23.3967,43.2769],[23.0705,43.2118],[23.1414,43.0816],[22.9808,43.0816],[22.5526,42.6912],[22.3968,42.7563],[22.3036,42.5612],[21.815,42.4312],[21.8068,42.3012],[21.487,42.3012],[21.559,42.1712],[21.224,41.9114],[21.0683,41.9764],[21.0569,41.7816],[20.8141,41.7167],[20.6405,41.4571],[19.8318,41.1977],[19.8063,40.6792]],[[20.9579,40.5149],[20.999,40.54],[20.9815,40.5233],[20.9579,40.5149]],[[21.0152,40.5556],[21.0237,40.5888],[21.0188,40.559],[21.0152,40.5556]],[[21.0186,40.6909],[21.0353,40.6594],[21.0335,40.6487],[21.0186,40.6909]],[[21.5576,42.2639],[21.5717,42.2461],[21.5638,42.247],[21.5576,42.2639]],[[22.0476,42.3045],[22.076,42.3053],[22.0609,42.3011],[22.0476,42.3045]],[[22.5088,42.4049],[22.5365,42.4784],[22.5331,42.4576],[22.5088,42.4049]],[[22.5152,42.5141],[22.5249,42.5077],[22.5365,42.4784],[22.5152,42.5141]],[[22.8815,41.3356],[22.917,41.3358],[23.1152,41.3127],[22.8815,41.3356]],[[22.9014,41.8604],[22.9427,41.7758],[22.9397,41.7767],[22.9014,41.8604]],[[22.933,41.6123],[22.9351,41.6189],[22.9332,41.6055],[22.933,41.6123]],[[22.9334,41.595],[22.9487,41.561],[22.9337,41.5846],[22.9334,41.595]],[[22.9385,41.6299],[22.9409,41.6376],[22.9443,41.6388],[22.9385,41.6299]],[[22.967,41.647],[23.0004,41.7015],[22.9986,41.6931],[22.967,41.647]],[[24.1262,41.5294],[24.1463,41.5268],[24.1702,41.5116],[24.1262,41.5294]],[[24.1816,41.5374],[24.1963,41.547],[24.2121,41.5518],[24.1816,41.5374]],[[25.1771,41.2939],[25.2308,41.248],[25.2197,41.2497],[25.1771,41.2939]],[[26.0475,41.6746],[26.0493,41.6823],[26.055,41.6488],[26.0475,41.6746]],[[26.0522,41.6952],[26.0537,41.7015],[26.0579,41.7035],[26.0522,41.6952]],[[26.1312,41.5527],[26.1525,41.547],[26.1544,41.5437],[26.1312,41.5527]],[[26.1459,41.478],[26.1602,41.5019],[26.1593,41.4938],[26.1459,41.478]],[[26.1589,41.5362],[26.1631,41.5291],[26.1617,41.5157],[26.1589,41.5362]],[[26.2304,41.7466],[26.2344,41.7458],[26.2739,41.7149],[26.2304,41.7466]],[[26.3668,41.7112],[26.3774,41.7106],[26.4044,41.6918],[26.3668,41.7112]],[[26.5837,41.3326],[26.6097,41.3307],[26.5911,41.3293],[26.5837,41.3326]]],[[[22.6462,42.8864],[22.7264,42.8864],[22.7309,42.9515],[22.6506,42.9515],[22.6462,42.8864]]],[[[22.7309,42.9515],[22.8111,42.9515],[22.8157,43.0165],[22.7354,43.0165],[22.7309,42.9515]]],[[[22.8157,43.0165],[22.8959,43.0165],[22.9005,43.0816],[22.8203,43.0816],[22.8157,43.0165]]]]}},{"type":"Feature","properties":{"territoryId":"cliopatria-q83958-5930a7fa48","name":"(Macedonian Empire)","name_ko":"마케도니아 왕국","color":"#e9eb7a","colorFamily":1,"startYear":-325,"endYear":-323,"source_name":"Cliopatria v0.2.0","source_url":"https://github.com/Seshat-Global-History-Databank/cliopatria","license":"CC BY 4.0","attribution":"Seshat Global History Databank, Cliopatria contributors"},"geometry":{"type":"MultiPolygon","coordinates":[[[[70.3404,40.3554],[70.4195,40.3554],[70.4395,40.4201],[70.3604,40.4201],[70.3404,40.3554]]],[[[19.8063,40.6792],[20.1895,40.4201],[20.4269,40.4201],[20.5686,40.0964],[20.8056,40.0964],[20.9434,39.7083],[21.3926,39.2557],[21.7107,39.3203],[21.9292,38.9972],[22.0864,38.9972],[22.3403,39.3203],[23.1312,39.385],[22.6109,39.9023],[22.6497,39.9853],[22.5437,40.0964],[22.5595,40.3554],[22.6549,40.6144],[22.9105,40.6446],[22.9832,40.5527],[22.8842,40.4849],[23.2673,40.2906],[23.7374,40.2259],[23.6936,40.3092],[23.7777,40.3548],[23.8386,40.5496],[23.6846,40.6144],[23.698,40.8088],[24.0106,40.744],[24.3466,41.0032],[25.1384,41.0101],[25.1358,40.9692],[25.8495,40.9384],[26.0822,40.8736],[26.1403,40.6144],[26.6264,40.744],[26.7335,40.65],[26.7904,40.6606],[26.8709,40.5293],[27.5275,41.068],[29.0362,41.068],[28.9791,41.252],[28.5053,41.3274],[28.0814,41.6518],[27.9794,41.6518],[27.937,42.0413],[27.4534,42.4652],[27.5135,42.6262],[27.8466,42.7563],[27.8049,43.1467],[27.8982,43.2769],[28.0607,43.3092],[28.1925,43.4078],[28.1592,43.4723],[28.4811,43.4723],[28.6163,43.9938],[28.5356,43.9938],[28.5769,44.3854],[28.7612,44.5223],[28.7578,44.6268],[28.8362,44.6268],[28.784,44.6492],[28.8257,44.7332],[28.802,44.9734],[27.7266,44.7773],[27.7067,44.5813],[27.8687,44.5813],[27.8488,44.3854],[27.9297,44.3854],[27.7481,44.1896],[26.3682,44.1243],[25.5205,43.6678],[24.8062,43.7982],[23.9193,43.7982],[23.9897,43.6678],[23.4064,43.4072],[23.3967,43.2769],[23.0705,43.2118],[23.1414,43.0816],[22.9808,43.0816],[22.5526,42.6912],[22.3968,42.7563],[22.3036,42.5612],[21.815,42.4312],[21.8068,42.3012],[21.487,42.3012],[21.559,42.1712],[21.224,41.9114],[21.0683,41.9764],[21.0569,41.7816],[20.8141,41.7167],[20.6405,41.4571],[19.9145,41.2625],[19.8063,40.6792]],[[20.9579,40.5149],[20.999,40.54],[20.9815,40.5233],[20.9579,40.5149]],[[21.0152,40.5556],[21.0237,40.5888],[21.0188,40.559],[21.0152,40.5556]],[[21.0186,40.6909],[21.0353,40.6594],[21.0335,40.6487],[21.0186,40.6909]],[[21.5576,42.2639],[21.5717,42.2461],[21.5638,42.247],[21.5576,42.2639]],[[22.0476,42.3045],[22.076,42.3053],[22.0609,42.3011],[22.0476,42.3045]],[[22.5088,42.4049],[22.5365,42.4784],[22.5331,42.4576],[22.5088,42.4049]],[[22.5152,42.5141],[22.5249,42.5077],[22.5365,42.4784],[22.5152,42.5141]],[[22.8815,41.3356],[22.917,41.3358],[23.1152,41.3127],[22.8815,41.3356]],[[22.9014,41.8604],[22.9427,41.7758],[22.9397,41.7767],[22.9014,41.8604]],[[22.933,41.6123],[22.9351,41.6189],[22.9332,41.6055],[22.933,41.6123]],[[22.9334,41.595],[22.9487,41.561],[22.9337,41.5846],[22.9334,41.595]],[[22.9385,41.6299],[22.9409,41.6376],[22.9443,41.6388],[22.9385,41.6299]],[[22.967,41.647],[23.0004,41.7015],[22.9986,41.6931],[22.967,41.647]],[[24.1262,41.5294],[24.1463,41.5268],[24.1702,41.5116],[24.1262,41.5294]],[[24.1816,41.5374],[24.1963,41.547],[24.2121,41.5518],[24.1816,41.5374]],[[25.1771,41.2939],[25.2308,41.248],[25.2197,41.2497],[25.1771,41.2939]],[[26.0475,41.6746],[26.0493,41.6823],[26.055,41.6488],[26.0475,41.6746]],[[26.0522,41.6952],[26.0537,41.7015],[26.0579,41.7035],[26.0522,41.6952]],[[26.1312,41.5527],[26.1525,41.547],[26.1544,41.5437],[26.1312,41.5527]],[[26.1459,41.478],[26.1602,41.5019],[26.1593,41.4938],[26.1459,41.478]],[[26.1589,41.5362],[26.1631,41.5291],[26.1617,41.5157],[26.1589,41.5362]],[[26.2304,41.7466],[26.2344,41.7458],[26.2739,41.7149],[26.2304,41.7466]],[[26.3668,41.7112],[26.3774,41.7106],[26.4044,41.6918],[26.3668,41.7112]],[[26.5837,41.3326],[26.6097,41.3307],[26.5911,41.3293],[26.5837,41.3326]]],[[[22.6462,42.8864],[22.7264,42.8864],[22.7309,42.9515],[22.6506,42.9515],[22.6462,42.8864]]],[[[22.7309,42.9515],[22.8111,42.9515],[22.8157,43.0165],[22.7354,43.0165],[22.7309,42.9515]]],[[[22.8157,43.0165],[22.8959,43.0165],[22.9005,43.0816],[22.8203,43.0816],[22.8157,43.0165]]]]}},{"type":"Feature","properties":{"territoryId":"cliopatria-q83958-5930a7fa48","name":"(Macedonian Empire)","name_ko":"마케도니아 왕국","color":"#e9eb7a","colorFamily":1,"startYear":-322,"endYear":-318,"source_name":"Cliopatria v0.2.0","source_url":"https://github.com/Seshat-Global-History-Databank/cliopatria","license":"CC BY 4.0","attribution":"Seshat Global History Databank, Cliopatria contributors"},"geometry":{"type":"MultiPolygon","coordinates":[[[[25.3763,29.3438],[25.6618,28.9581],[27.0676,28.3153],[27.285,28.1224],[27.2763,27.9295],[27.4299,27.9938],[27.792,27.6724],[27.7109,27.5438],[27.9367,27.5438],[28.1537,27.3509],[28.2702,26.5794],[28.3453,26.5794],[28.2437,25.9365],[28.2886,25.165],[28.5688,24.6506],[29.6728,24.2006],[29.9595,23.8792],[30.1087,23.8792],[30.104,23.7506],[30.3952,23.5577],[30.4627,23.3649],[31.6705,23.7506],[32.0409,23.6863],[33.389,23.8149],[33.7564,23.6863],[35.108,23.8792],[35.4808,23.8253],[35.5139,23.9771],[35.7865,23.8939],[35.7386,23.9833],[35.4938,24.1089],[35.3919,24.2828],[35.1446,24.5002],[35.1603,24.5746],[34.5466,25.725],[34.3387,26.0018],[34.014,26.6116],[33.9414,26.6535],[33.9961,26.8966],[33.8368,27.1208],[33.8384,27.2426],[33.6917,27.3419],[33.4963,27.6466],[33.5877,27.651],[33.5579,27.7599],[33.4735,27.8232],[33.5921,27.7912],[33.5544,27.8965],[33.2494,28.1429],[33.0029,28.4895],[32.8689,28.5789],[32.8069,28.7781],[32.6255,28.9727],[32.6589,29.1108],[32.5812,29.3691],[32.3377,29.5925],[32.3639,29.6882],[32.5092,29.8664],[32.4769,29.9322],[32.5715,29.9426],[32.5778,30.0114],[32.5715,29.9289],[32.6733,29.858],[32.7579,29.9865],[32.9095,29.9865],[32.9185,30.1151],[33.838,30.2436],[34.4646,30.5007],[34.6114,30.4364],[34.6164,30.5007],[35.3522,31.1434],[35.499,31.0791],[35.662,31.2076],[36.4231,31.2076],[36.3866,31.6575],[36.6623,32.1717],[36.5155,32.236],[36.7507,32.3002],[36.7168,32.7502],[36.901,33.0716],[37.0542,33.0716],[37.0732,33.2645],[37.5726,33.6502],[37.7261,33.6502],[37.7395,33.7789],[37.9902,33.9718],[39.1238,34.4863],[39.2706,34.422],[39.2779,34.4863],[40.2569,34.2933],[40.4033,34.229],[40.3115,34.1004],[40.8499,34.1004],[40.9117,33.9718],[41.2116,33.9075],[41.4886,33.6502],[42.5783,33.1359],[42.7085,32.943],[43.1526,32.8145],[43.3514,32.5574],[43.4279,32.5574],[43.4202,32.4931],[44.459,31.5933],[44.5814,31.3362],[44.9546,31.2719],[45.7705,30.4364],[46.5906,30.3079],[46.6151,29.858],[46.8497,29.9223],[46.994,29.858],[46.9794,29.7294],[47.2897,29.7937],[47.6464,29.6009],[48.1406,29.5464],[48.1809,29.5622],[47.9956,29.8277],[47.9348,30.1071],[47.969,30.0041],[48.1192,30.045],[48.5205,29.9289],[48.5549,29.9565],[48.4766,29.984],[48.5971,29.9581],[48.6588,29.9962],[48.6433,30.0554],[48.9038,30.0369],[48.936,30.2101],[48.8623,30.3456],[49.0373,30.4325],[48.9456,30.4797],[48.9815,30.5156],[49.2112,30.5063],[49.2638,30.4497],[49.2029,30.3466],[49.062,30.4081],[48.9212,30.3808],[49.1614,30.2238],[49.2212,30.2646],[49.2457,30.1565],[49.4798,30.1561],[49.5322,30.0229],[49.9146,30.2039],[50.0734,30.1957],[50.1613,29.9263],[50.6553,29.4491],[50.6895,29.2908],[50.6435,29.1458],[50.8403,29.1406],[50.915,29.0867],[50.929,29.0097],[50.8345,28.8914],[51.0588,28.7359],[51.0807,28.5339],[51.2853,28.2409],[51.2698,28.1405],[51.4083,27.9323],[51.5842,27.8511],[52.0112,27.8327],[52.4596,27.6326],[52.6701,27.4486],[52.6098,27.4123],[52.6669,27.3271],[52.9326,27.1603],[53.4441,26.9757],[53.7161,26.7086],[54.0158,26.7495],[54.3081,26.715],[54.3894,26.6051],[54.791,26.4958],[55.2708,26.7925],[55.5217,26.7846],[55.5804,26.8591],[55.5545,26.8999],[55.6659,26.9954],[55.9393,27.0267],[56.1237,27.1606],[56.353,27.2016],[56.8088,27.1396],[56.8846,27.0781],[56.8677,27.0123],[56.9733,27.003],[56.9273,26.9556],[57.0524,26.8366],[57.0872,26.4061],[57.2129,26.1662],[57.1668,26.083],[57.3493,25.7803],[57.7556,25.7427],[57.7717,25.6356],[57.9632,25.6932],[58.0462,25.5749],[58.1375,25.5507],[58.419,25.612],[58.8252,25.5604],[59.044,25.3996],[59.4539,25.4616],[59.9063,25.3316],[60.082,25.366],[60.2092,25.3197],[60.2015,25.3712],[60.2894,25.3772],[60.3192,25.3299],[60.4366,25.3342],[60.3953,25.3779],[60.4285,25.4196],[60.5497,25.4469],[60.6321,25.3579],[60.6335,25.275],[61.0306,25.2098],[61.2236,25.1124],[61.5074,25.1467],[61.4826,25.1937],[61.5584,25.2005],[61.5545,25.2541],[61.5882,25.2021],[61.7831,25.188],[61.7207,25.0364],[61.8473,25.0379],[61.8811,25.103],[62.0972,25.1071],[62.059,25.1616],[62.1452,25.2184],[62.2542,25.212],[62.3398,25.1302],[62.4894,25.2142],[62.4772,25.2591],[63.5108,25.2293],[63.4695,25.2893],[63.5725,25.365],[64.0727,25.3579],[64.0488,25.4165],[63.9766,25.4128],[64.0454,25.4503],[64.1553,25.4469],[64.0838,25.4267],[64.1,25.3579],[64.225,25.3579],[64.4393,25.2346],[64.5654,25.2703],[64.6136,25.1923],[64.7071,25.1786],[64.6686,25.2551],[64.7444,25.324],[65.1899,25.3135],[65.2323,25.3707],[65.3954,25.3923],[65.6521,25.3445],[66.1361,25.4467],[66.1895,25.4881],[66.0944,25.4748],[66.1672,25.5661],[66.3755,25.6257],[66.531,25.5181],[66.5912,25.3996],[66.5479,25.3656],[66.6203,25.3579],[66.7372,25.1811],[66.7044,24.892],[66.6541,24.8392],[66.9651,24.8436],[67.2555,24.748],[67.2117,24.7156],[67.2423,24.473],[67.3625,24.3439],[67.3203,24.3431],[67.3019,24.1829],[67.3535,24.072],[67.5331,24.0703],[67.4583,23.9994],[67.4989,23.9256],[67.5405,23.9393],[67.4886,23.8885],[67.6145,23.8501],[67.6504,23.9331],[67.6301,23.8162],[67.8329,23.8149],[67.8552,23.9119],[67.8689,23.8505],[68.0443,23.8149],[68.0135,23.9393],[68.1523,23.787],[68.1575,23.9051],[68.1637,23.7577],[68.2804,23.686],[68.1434,23.6127],[68.3273,23.5869],[68.4277,23.7143],[68.6335,23.8331],[68.8342,23.8792],[68.8417,23.9435],[68.767,23.9435],[68.9972,26.3222],[69.203,26.708],[69.532,26.9009],[69.8465,27.4795],[70.0071,27.5438],[70.3918,28.0581],[70.5425,28.0581],[70.7367,27.8652],[70.7157,27.7367],[71.6406,27.8652],[71.8882,27.9938],[72.3885,28.701],[72.9878,29.0867],[73.4129,29.7294],[73.3623,29.858],[73.9441,30.1151],[74.135,30.3079],[74.7062,30.5007],[74.8364,30.7578],[74.6011,31.0791],[74.6712,31.4005],[74.5614,31.5933],[74.6244,31.8748],[74.5589,31.8325],[74.8915,32.0431],[75.0569,32.4288],[75.3164,32.5574],[75.5205,33.7146],[75.4437,33.7146],[75.5081,33.9718],[75.4313,33.9718],[75.4247,34.5506],[75.5018,34.5506],[75.3204,34.7436],[75.3874,35.001],[75.2234,35.2584],[75.2574,35.3871],[75.1801,35.3871],[74.958,36.2884],[74.8804,36.2884],[74.8914,36.6105],[74.8137,36.6105],[74.8245,36.9941],[75.0134,37.3193],[74.7384,37.4483],[74.1924,37.4483],[73.766,37.3193],[73.7426,37.5128],[73.1602,37.3838],[72.5542,37.4483],[72.1396,37.6417],[72.0975,37.7707],[71.9412,37.7707],[71.779,38.0288],[71.364,38.2224],[71.2021,38.4806],[70.5933,38.5451],[70.63,38.6743],[70.3581,38.5451],[70.3162,38.6743],[69.5679,38.8034],[69.4053,39.0618],[69.5208,39.1911],[69.3635,39.1911],[69.3592,39.4496],[69.2805,39.4496],[69.4157,39.6436],[69.296,39.7729],[69.3151,39.8376],[69.7276,40.1612],[69.8856,40.1612],[69.846,40.2906],[70.7377,40.6144],[70.6817,40.9384],[70.4849,41.068],[69.8072,40.6792],[69.3718,40.8088],[69.1931,40.4849],[69.2722,40.4849],[69.2729,40.2259],[69.0357,40.2259],[68.997,40.0964],[68.6239,39.9023],[68.5301,39.5789],[66.2199,39.7729],[65.5638,39.967],[65.2301,39.9023],[64.9322,39.967],[64.8889,40.0964],[63.4669,40.0964],[62.8795,39.967],[62.5018,40.0317],[60.9495,39.5143],[60.6504,39.5789],[60.5238,39.385],[59.049,38.8034],[57.8777,38.4806],[56.6742,38.3515],[56.2279,38.0933],[55.2891,38.0933],[54.8456,37.8352],[54.7033,37.5128],[53.976,37.3838],[54.0947,37.1904],[54.0143,36.8211],[53.0877,36.8037],[52.586,36.6105],[52.1974,36.6105],[52.1081,36.546],[50.8207,36.7393],[50.532,36.8682],[50.611,36.9697],[50.4759,37.0379],[50.3209,36.9971],[49.9988,37.3838],[49.0182,37.5773],[49.0293,37.6417],[48.8285,37.8352],[48.8736,38.0933],[48.326,38.0933],[47.2516,38.6743],[46.1209,38.4806],[45.8539,38.2869],[45.6349,37.8998],[45.2238,37.7707],[45.1737,37.4483],[45.2517,37.4483],[45.29,37.1904],[45.4458,37.1904],[45.2509,36.9326],[44.8713,36.9971],[44.7446,37.1904],[44.7738,37.3838],[44.4131,37.5773],[43.9448,37.5773],[42.5082,37.8998],[41.961,37.8998],[41.6666,38.0288],[39.259,38.1578],[39.2505,38.0933],[37.772,38.1578],[37.7559,38.0288],[37.1146,37.8998],[36.4969,37.9643],[36.5122,38.0933],[36.3405,37.9643],[36.2623,37.9643],[36.2699,38.0288],[36.1285,38.1578],[36.1514,38.3515],[35.9871,38.2869],[35.8456,38.416],[35.7347,38.8034],[35.436,38.9326],[35.4514,39.0618],[35.0584,39.0618],[35.0027,39.2557],[34.8454,39.2557],[34.7973,39.5143],[34.4341,39.7729],[34.3552,39.7729],[34.3629,39.8376],[34.284,39.8376],[34.3307,40.2259],[34.4098,40.2259],[34.4496,40.5496],[34.3705,40.5496],[34.348,41.0032],[33.4513,40.8088],[32.9039,40.8736],[32.8093,40.744],[32.1974,40.9384],[31.714,40.8736],[31.196,40.4849],[29.4906,40.7272],[28.9113,40.5999],[28.9156,40.4714],[29.1515,40.4341],[29.0463,40.3554],[27.9388,40.3554],[27.904,40.3999],[27.9505,40.4849],[27.7921,40.4849],[27.7918,40.3929],[27.8836,40.3863],[27.6958,40.2906],[27.5376,40.2906],[27.2948,40.4059],[26.6819,40.3561],[26.4052,40.1887],[26.3622,40.0635],[26.236,39.9989],[26.1325,39.5143],[26.9377,39.5748],[26.9299,39.4877],[26.801,39.4335],[26.7422,39.2557],[26.8209,39.2557],[26.9579,38.9972],[26.9399,38.9327],[27.0413,38.9401],[27.0627,38.8869],[26.9084,38.8204],[26.9314,38.7551],[26.8495,38.6097],[27.0798,38.5451],[27.0728,38.4537],[27.1642,38.4466],[27.0694,38.4094],[27.065,38.3515],[26.6762,38.3515],[26.6731,38.3072],[26.595,38.3515],[26.5358,38.6097],[26.3895,38.6719],[26.4058,38.4535],[26.513,38.4329],[26.4515,38.4261],[26.4289,38.2224],[26.8203,38.2224],[26.889,38.0933],[27.2753,38.0288],[27.2559,37.7707],[27.1794,37.6106],[27.31,37.4483],[27.2383,37.3426],[27.4072,37.4127],[27.4385,37.3908],[27.3921,37.3538],[27.5392,37.3838],[27.5644,37.2735],[27.616,37.2747],[27.598,37.126],[28.3294,37.0368],[28.2124,37.0004],[28.1653,36.9116],[28.1034,36.9353],[28.0583,36.7721],[28.1184,36.8006],[28.1305,36.754],[28.0314,36.6749],[28.2534,36.7641],[28.2572,36.8462],[28.315,36.795],[28.452,36.8836],[28.4535,36.8444],[28.5127,36.8682],[29.1198,36.6749],[29.1101,36.5515],[29.2549,36.4172],[29.1722,36.3528],[29.3496,36.2326],[29.4116,36.2674],[29.4666,36.224],[29.938,36.224],[30.0261,36.3528],[30.4919,36.3528],[30.6191,36.9326],[31.3916,36.8682],[31.763,36.6749],[31.9185,36.6749],[32.4985,36.224],[32.5369,36.1],[32.733,36.0376],[33.2744,36.224],[33.8711,36.3149],[33.9791,36.2884],[34.2507,36.6749],[34.5816,36.8682],[34.8929,36.8682],[34.9352,36.726],[35.1127,36.7393],[35.4875,36.6106],[35.8336,36.9326],[36.1449,36.9326],[36.2862,36.8037],[36.2649,36.6105],[35.8417,36.2884],[35.9901,36.224],[35.9767,36.001],[35.8449,35.5802],[35.9929,35.5158],[35.9153,35.2879],[35.9624,35.1979],[35.927,34.8723],[36.0682,34.7436],[36.0488,34.5506],[35.7921,34.2933],[35.6652,34.3113],[35.6838,33.9718],[35.4705,33.9021],[35.4993,33.6502],[35.3944,33.65],[35.3984,33.3931],[35.2154,33.0716],[35.089,33.0205],[35.0218,32.6216],[34.8851,32.4821],[34.7926,32.161],[34.813,31.9789],[34.6909,31.9134],[34.6028,31.7558],[34.6334,31.6575],[34.3024,31.3362],[34.2972,31.2719],[33.7493,31.0791],[32.9077,31.0148],[32.8345,31.0809],[32.6665,31.0523],[32.8102,31.1028],[32.6016,31.061],[32.2915,31.1839],[32.3039,31.0791],[32.1065,31.0534],[31.9996,31.0791],[31.9063,31.2516],[31.7806,31.2076],[31.8077,31.2812],[31.7691,31.2988],[31.8741,31.4647],[31.2658,31.4647],[31.1215,31.5275],[31.0291,31.5185],[30.9807,31.4365],[30.7985,31.4465],[30.7344,31.3881],[30.5427,31.395],[30.6916,31.4647],[30.352,31.4647],[30.3019,31.3422],[30.3388,31.2719],[30.2887,31.2379],[29.9904,31.2719],[29.8315,31.1513],[29.8696,31.0791],[29.6332,30.9506],[29.5543,30.9848],[29.4481,30.9336],[29.3971,30.822],[28.865,30.822],[28.4964,31.0148],[27.5149,31.1434],[27.1699,31.3857],[26.3179,31.529],[25.3905,29.6652],[25.3763,29.3438]],[[31.5884,37.3193],[31.6004,37.4483],[31.6784,37.4483],[31.6664,37.3193],[31.5884,37.3193]],[[35.4529,31.4008],[35.4585,31.4916],[35.4587,31.4916],[35.4593,31.4958],[35.4529,31.4008]],[[35.552,32.3679],[35.5533,32.3691],[35.5656,32.3134],[35.552,32.3679]],[[35.5568,32.3724],[35.5594,32.3748],[35.5656,32.3679],[35.5568,32.3724]],[[35.5585,32.5191],[35.5614,32.5192],[35.5674,32.5102],[35.5585,32.5191]],[[35.5594,32.4704],[35.5626,32.4747],[35.5725,32.4567],[35.5594,32.4704]],[[35.5688,32.4829],[35.5778,32.4948],[35.58,32.4915],[35.5688,32.4829]],[[35.7716,32.7467],[35.7749,32.7473],[35.7882,32.7344],[35.7716,32.7467]],[[36.2318,33.8525],[36.3178,33.8272],[36.3006,33.8287],[36.2318,33.8525]],[[36.2672,33.9104],[36.2886,33.9465],[36.2691,33.9073],[36.2672,33.9104]],[[36.2699,33.906],[36.3111,33.872],[36.2753,33.8972],[36.2699,33.906]],[[36.6665,36.2657],[36.6691,36.2599],[36.6681,36.2532],[36.6665,36.2657]],[[36.6896,32.3197],[36.7069,32.3283],[36.7231,32.3266],[36.6896,32.3197]],[[42.7157,37.3553],[42.7805,37.3755],[42.788,37.3732],[42.7157,37.3553]],[[42.7951,37.371],[42.8011,37.3691],[42.8141,37.3468],[42.7951,37.371]],[[44.7525,37.1131],[44.7649,37.1394],[44.7544,37.1084],[44.7525,37.1131]],[[44.8666,36.7801],[44.9227,36.7759],[44.8772,36.7765],[44.8666,36.7801]],[[44.9962,36.7417],[45.0353,36.6896],[45.0373,36.6808],[44.9962,36.7417]],[[45.0355,36.633],[45.0426,36.6569],[45.0443,36.6493],[45.0355,36.633]],[[45.0382,36.494],[45.0608,36.4472],[45.0391,36.4798],[45.0382,36.494]],[[45.0791,36.4197],[45.1108,36.4025],[45.0837,36.4128],[45.0791,36.4197]],[[45.1108,36.4025],[45.196,36.4224],[45.2213,36.4209],[45.1108,36.4025]],[[48.1351,30.4429],[48.1409,30.4419],[48.1705,30.4067],[48.1351,30.4429]],[[48.291,30.32],[48.2964,30.3198],[48.3014,30.3149],[48.291,30.32]],[[48.3292,30.2876],[48.397,30.221],[48.4026,30.2088],[48.3292,30.2876]],[[48.3811,30.1453],[48.3832,30.1481],[48.3831,30.1424],[48.3811,30.1453]],[[48.4082,30.1885],[48.4085,30.1961],[48.4106,30.1915],[48.4082,30.1885]],[[48.4239,30.0836],[48.4618,29.9949],[48.4531,30.0014],[48.4239,30.0836]],[[53.5278,31.5933],[53.5374,31.6575],[53.6136,31.6575],[53.604,31.5933],[53.5278,31.5933]],[[53.6516,31.4005],[53.6611,31.4647],[53.7373,31.4647],[53.7278,31.4005],[53.6516,31.4005]],[[54.7873,37.6519],[54.8136,37.7186],[54.8234,37.7283],[54.7873,37.6519]],[[56.2141,38.0688],[56.3155,38.0895],[56.2997,38.0802],[56.2141,38.0688]],[[56.9697,35.5802],[56.982,35.6445],[57.0594,35.6445],[57.0471,35.5802],[56.9697,35.5802]],[[57.1814,38.2757],[57.1859,38.2765],[57.2183,38.2651],[57.1814,38.2757]],[[60.8735,37.1904],[60.8878,37.2549],[60.9658,37.2549],[60.9514,37.1904],[60.8735,37.1904]],[[61.1016,35.2353],[61.1038,35.2494],[61.1124,35.202],[61.1016,35.2353]],[[63.1743,26.685],[63.1823,26.8302],[63.1896,26.846],[63.1743,26.685]],[[63.1896,26.846],[63.206,26.8537],[63.2467,26.8595],[63.1896,26.846]],[[64.589,36.5802],[64.5901,36.5947],[64.6105,36.5009],[64.589,36.5802]],[[64.5911,36.6093],[64.592,36.6211],[64.5985,36.6369],[64.5911,36.6093]],[[64.614,36.6746],[64.6214,36.6926],[64.7652,36.9046],[64.614,36.6746]],[[64.7788,37.118],[64.8079,37.1355],[64.9891,37.2137],[64.7788,37.118]],[[66.0797,37.4409],[66.1545,37.3835],[66.1429,37.3851],[66.0797,37.4409]],[[66.3069,38.0804],[66.4204,38.0419],[66.4083,38.0428],[66.3069,38.0804]],[[66.4878,37.3422],[66.5196,37.3642],[66.531,37.3649],[66.4878,37.3422]],[[66.5399,38.028],[66.5542,38.0269],[66.5722,38.0184],[66.5399,38.028]],[[67.7731,37.11],[67.7741,37.1205],[67.7823,37.1029],[67.7731,37.11]],[[67.8003,37.0891],[67.8176,37.0806],[67.808,37.0832],[67.8003,37.0891]],[[68.0169,36.9294],[68.0256,36.9271],[68.0202,36.9257],[68.0169,36.9294]],[[68.0433,36.9316],[68.1864,37.0183],[68.0549,36.9346],[68.0433,36.9316]],[[68.3214,23.9247],[68.335,23.941],[68.326,23.9278],[68.3214,23.9247]],[[68.3439,23.9651],[68.3489,23.9646],[68.3536,23.9393],[68.3439,23.9651]],[[69.2457,37.1039],[69.3143,37.1189],[69.3121,37.1175],[69.2457,37.1039]],[[69.313,39.9848],[69.314,39.9869],[69.3174,39.9848],[69.313,39.9848]],[[69.6528,40.6453],[69.6909,40.63],[69.6601,40.6387],[69.6528,40.6453]],[[71.3191,36.2006],[71.3935,36.228],[71.3824,36.2186],[71.3191,36.2006]],[[71.3564,35.9331],[71.3685,35.894],[71.3607,35.9003],[71.3564,35.9331]],[[71.4008,35.868],[71.4167,35.8588],[71.4234,35.8499],[71.4008,35.868]],[[71.4471,35.8179],[71.4644,35.7947],[71.4658,35.7881],[71.4471,35.8179]],[[71.4756,35.741],[71.5027,35.7191],[71.5074,35.7095],[71.4756,35.741]],[[71.4833,35.6266],[71.5059,35.6034],[71.4927,35.6096],[71.4833,35.6266]],[[71.5144,35.6753],[71.5151,35.6935],[71.5198,35.6838],[71.5144,35.6753]],[[71.5316,35.3279],[71.6138,35.4035],[71.6111,35.3955],[71.5316,35.3279]],[[71.573,35.5692],[71.5842,35.5642],[71.5935,35.5494],[71.573,35.5692]],[[72.1496,36.6893],[72.1535,36.7021],[72.1657,36.7071],[72.1496,36.6893]],[[72.1861,36.7153],[72.2136,36.7264],[72.2821,36.738],[72.1861,36.7153]],[[72.3215,36.7447],[72.3873,36.7558],[72.4541,36.758],[72.3215,36.7447]],[[72.6028,36.8252],[72.6296,36.8329],[72.6623,36.8326],[72.6028,36.8252]],[[72.7375,36.8318],[72.8677,36.8304],[72.7794,36.8268],[72.7375,36.8318]],[[73.4517,35.5802],[73.8555,35.6445],[73.5291,35.5802],[73.4517,35.5802]],[[73.4517,35.5802],[73.4853,35.7089],[73.4685,35.6445],[73.4517,35.5802]],[[73.5897,35.5158],[73.6023,35.5641],[73.8218,35.5158],[73.5897,35.5158]],[[73.6401,36.8966],[73.7729,36.892],[73.8071,36.8848],[73.6401,36.8966]],[[73.7749,34.371],[73.7798,34.3961],[73.7963,34.4185],[73.7749,34.371]],[[73.7827,34.3468],[73.8217,34.3204],[73.8042,34.3275],[73.7827,34.3468]],[[73.8356,34.3146],[73.9377,34.3042],[73.8533,34.3074],[73.8356,34.3146]],[[73.8492,36.876],[73.8651,36.8726],[73.9469,36.8309],[73.8492,36.876]],[[73.8937,34.0543],[73.9458,34.0098],[73.9162,34.0279],[73.8937,34.0543]],[[74.4446,37.0023],[74.457,37.0044],[74.4713,36.9998],[74.4446,37.0023]],[[74.4787,36.9974],[74.4803,36.9969],[74.5214,36.9585],[74.4787,36.9974]],[[74.5351,31.7711],[74.5408,31.8109],[74.5485,31.8201],[74.5351,31.7711]]],[[[26.253,40.0786],[26.3758,40.1535],[26.3655,40.1641],[26.2568,40.0964],[26.253,40.0786]]],[[[27.5815,37.1982],[27.5831,37.1912],[27.5877,37.1988],[27.5815,37.1982]]],[[[30.1795,31.2714],[30.1849,31.2719],[30.1795,31.2719],[30.1795,31.2714]]],[[[30.2409,31.2653],[30.2648,31.2719],[30.2479,31.2719],[30.2409,31.2653]]],[[[30.9691,31.5785],[30.9739,31.5799],[30.9739,31.5867],[30.9695,31.5854],[30.9691,31.5785]]],[[[30.978,31.5843],[31.119,31.5305],[31.1608,31.5935],[30.978,31.5843]]],[[[33.9551,26.79],[34.0036,26.7082],[34.0029,26.7316],[33.9756,26.79],[33.9551,26.79]]],[[[48.0108,29.9805],[48.0311,29.971],[48.0789,30.0041],[48.1061,30.0176],[48.1092,30.028],[48.0547,30.0245],[48.0108,29.9805]]],[[[48.0461,29.8005],[48.1858,29.6039],[48.3527,29.7098],[48.3445,29.7906],[48.1621,29.9957],[48.1227,29.9697],[48.1974,29.9254],[48.0951,29.8947],[48.1133,29.8391],[48.0461,29.8005]]],[[[55.2926,26.5485],[55.8766,26.7429],[55.947,26.6963],[56.2874,26.9551],[56.2124,27.003],[55.8977,26.9068],[55.758,26.954],[55.7742,26.7969],[55.3045,26.6564],[55.2926,26.5485]]],[[[66.2581,25.5431],[66.2582,25.5413],[66.261,25.5435],[66.2581,25.5431]]],[[[66.2843,25.5465],[66.3957,25.5134],[66.3885,25.522],[66.3527,25.5355],[66.3364,25.5534],[66.2843,25.5465]]],[[[66.4555,25.4957],[66.4605,25.4942],[66.4562,25.496],[66.4555,25.4957]]],[[[66.4886,25.4825],[66.49,25.4793],[66.4922,25.481],[66.4886,25.4825]]],[[[67.4418,24.0595],[67.4542,24.0142],[67.4854,24.0485],[67.4418,24.0595]]],[[[68.1425,23.7],[68.1491,23.6945],[68.1575,23.6962],[68.1473,23.7428],[68.1425,23.7]]],[[[68.4089,23.6213],[68.4103,23.5577],[68.4808,23.6209],[68.4089,23.6213]]],[[[68.4688,23.6408],[68.4927,23.6376],[68.4925,23.6341],[68.532,23.6787],[68.4694,23.6592],[68.4688,23.6408]]],[[[68.6153,23.7506],[68.6703,23.7506],[68.7174,23.8184],[68.6707,23.8157],[68.6379,23.7615],[68.6153,23.7506]]],[[[19.364,40.7489],[19.7333,40.8088],[20.1895,40.4201],[20.4269,40.4201],[20.4929,40.1612],[20.8056,40.0964],[21.0911,39.5143],[21.3926,39.2557],[21.7107,39.3203],[21.5095,39.967],[21.8253,39.967],[21.9154,40.1612],[22.2125,39.8376],[22.6233,40.0019],[22.5437,40.0964],[22.6109,40.4096],[22.5791,40.4682],[22.6255,40.4773],[22.6549,40.6144],[22.854,40.6395],[22.9338,40.6309],[22.9832,40.5527],[22.8842,40.4849],[23.2673,40.2906],[23.7374,40.2259],[23.6936,40.3092],[23.7777,40.3548],[23.8386,40.5496],[23.6846,40.6144],[23.698,40.8088],[24.0106,40.744],[24.2578,40.8736],[24.2625,40.9384],[23.9636,41.1977],[23.8047,41.1977],[23.7484,41.522],[23.5938,41.5869],[23.528,41.7816],[22.8194,41.9114],[22.6729,42.1063],[22.4377,42.1712],[22.3707,42.3662],[22.5394,42.4962],[22.4725,42.6912],[22.3924,42.6912],[22.3036,42.5612],[21.815,42.4312],[21.8068,42.3012],[21.4071,42.3012],[21.3193,42.1712],[21.0036,42.2362],[20.7527,42.0413],[20.194,42.0413],[20.1073,41.9114],[19.8747,42.0413],[19.7084,41.9114],[19.3894,41.9114],[19.5916,41.8188],[19.5576,41.6605],[19.613,41.6053],[19.4634,41.5595],[19.5297,41.522],[19.4438,41.3922],[19.5233,41.3922],[19.4555,41.1485],[19.5234,40.9206],[19.364,40.7489]],[[20.6815,41.844],[20.7121,41.8605],[20.703,41.8496],[20.6815,41.844]],[[20.9579,40.5149],[20.999,40.54],[20.9815,40.5233],[20.9579,40.5149]],[[21.0152,40.5556],[21.0237,40.5888],[21.0188,40.559],[21.0152,40.5556]],[[21.0186,40.6909],[21.0353,40.6594],[21.0335,40.6487],[21.0186,40.6909]],[[21.2378,42.0974],[21.2917,42.0921],[21.2889,42.0897],[21.2378,42.0974]],[[21.295,42.149],[21.3013,42.1006],[21.2988,42.0984],[21.295,42.149]],[[21.3613,42.2182],[21.3668,42.2239],[21.3766,42.2226],[21.3613,42.2182]],[[21.5576,42.2639],[21.5717,42.2461],[21.5638,42.247],[21.5576,42.2639]],[[22.0476,42.3045],[22.076,42.3053],[22.0609,42.3011],[22.0476,42.3045]],[[22.8815,41.3356],[22.917,41.3358],[23.1152,41.3127],[22.8815,41.3356]],[[22.9014,41.8604],[22.9427,41.7758],[22.9397,41.7767],[22.9014,41.8604]],[[22.933,41.6123],[22.9351,41.6189],[22.9332,41.6055],[22.933,41.6123]],[[22.9334,41.595],[22.9487,41.561],[22.9337,41.5846],[22.9334,41.595]],[[22.9385,41.6299],[22.9409,41.6376],[22.9443,41.6388],[22.9385,41.6299]],[[22.967,41.647],[23.0004,41.7015],[22.9986,41.6931],[22.967,41.647]]],[[[70.3404,40.3554],[70.4195,40.3554],[70.4395,40.4201],[70.3604,40.4201],[70.3404,40.3554]]]]}},{"type":"Feature","properties":{"territoryId":"cliopatria-q83958-5930a7fa48","name":"(Macedonian Empire)","name_ko":"마케도니아 왕국","color":"#e9eb7a","colorFamily":1,"startYear":-317,"endYear":-315,"source_name":"Cliopatria v0.2.0","source_url":"https://github.com/Seshat-Global-History-Databank/cliopatria","license":"CC BY 4.0","attribution":"Seshat Global History Databank, Cliopatria contributors"},"geometry":{"type":"MultiPolygon","coordinates":[[[[25.3763,29.3438],[25.5163,29.0867],[25.8829,28.8295],[26.1822,28.7652],[26.252,28.6367],[27.0676,28.3153],[27.285,28.1224],[27.2763,27.9295],[27.4299,27.9938],[27.792,27.6724],[27.7109,27.5438],[27.9367,27.5438],[28.1537,27.3509],[28.2702,26.5794],[28.3453,26.5794],[28.2437,25.9365],[28.2886,25.165],[28.5688,24.6506],[29.6728,24.2006],[29.9595,23.8792],[30.1087,23.8792],[30.104,23.7506],[30.3952,23.5577],[30.4627,23.3649],[31.6705,23.7506],[32.0409,23.6863],[33.389,23.8149],[33.7564,23.6863],[35.108,23.8792],[35.4808,23.8253],[35.5139,23.9771],[35.7865,23.8939],[35.7386,23.9833],[35.4938,24.1089],[35.3919,24.2828],[35.1446,24.5002],[35.1603,24.5746],[34.5466,25.725],[34.3387,26.0018],[34.014,26.6116],[33.9414,26.6535],[33.9961,26.8966],[33.8368,27.1208],[33.8384,27.2426],[33.6917,27.3419],[33.4963,27.6466],[33.5877,27.651],[33.5579,27.7599],[33.4735,27.8232],[33.5921,27.7912],[33.5544,27.8965],[33.2494,28.1429],[33.0029,28.4895],[32.8689,28.5789],[32.8069,28.7781],[32.6255,28.9727],[32.6528,29.081],[32.5623,29.3863],[32.3377,29.5925],[32.4939,29.8733],[32.4769,29.9322],[32.5715,29.9426],[32.5778,30.0114],[32.5715,29.9289],[32.6733,29.858],[32.7579,29.9865],[32.9095,29.9865],[32.9185,30.1151],[33.838,30.2436],[34.3029,30.3722],[34.3886,30.5007],[34.6114,30.4364],[34.6214,30.565],[35.3522,31.1434],[35.499,31.0791],[35.662,31.2076],[36.4231,31.2076],[36.3866,31.6575],[36.6623,32.1717],[36.5155,32.236],[36.7507,32.3002],[36.7168,32.7502],[36.901,33.0716],[37.0542,33.0716],[37.0732,33.2645],[37.5726,33.6502],[37.7261,33.6502],[37.7395,33.7789],[37.9902,33.9718],[39.1238,34.4863],[39.2008,34.4863],[39.1936,34.422],[39.2706,34.422],[39.2779,34.4863],[40.2569,34.2933],[40.4033,34.229],[40.3115,34.1004],[40.8499,34.1004],[40.9117,33.9718],[41.2116,33.9075],[41.4886,33.6502],[42.5783,33.1359],[42.7085,32.943],[43.1526,32.8145],[43.3514,32.5574],[43.9102,32.7502],[44.2084,32.6859],[44.2481,33.0073],[44.4175,33.1359],[44.5708,33.1359],[44.6311,33.0073],[45.099,33.0716],[45.4654,32.943],[45.8991,33.3288],[46.0525,33.3288],[46.0697,33.4574],[45.8567,33.5859],[45.8915,33.8432],[45.9683,33.8432],[45.9178,34.0361],[46.1485,34.0361],[46.71,33.6502],[46.6748,33.3931],[47.4151,33.2002],[47.8217,32.8145],[47.9748,32.8145],[47.7098,31.9789],[47.9813,31.7218],[47.7957,31.4647],[47.739,31.0148],[48.1031,30.8863],[48.0478,30.4364],[48.2755,30.4364],[48.4117,30.3079],[48.3884,30.1151],[48.6005,29.9865],[48.6588,29.9962],[48.6433,30.0554],[48.9153,30.0422],[48.936,30.2101],[48.8623,30.3456],[49.0373,30.4325],[48.9456,30.4797],[48.9815,30.5156],[49.2112,30.5063],[49.2638,30.4497],[49.2029,30.3466],[49.062,30.4081],[48.9212,30.3808],[49.1614,30.2238],[49.2212,30.2646],[49.2457,30.1565],[49.4798,30.1561],[49.5322,30.0229],[49.9146,30.2039],[50.0734,30.1957],[50.1613,29.9263],[50.6553,29.4491],[50.6895,29.2908],[50.6435,29.1458],[50.8403,29.1406],[50.915,29.0867],[50.929,29.0097],[50.8345,28.8914],[51.0588,28.7359],[51.0807,28.5339],[51.2853,28.2409],[51.2698,28.1405],[51.4083,27.9323],[51.5842,27.8511],[52.0112,27.8327],[52.4596,27.6326],[52.6701,27.4486],[52.6098,27.4123],[52.6669,27.3271],[52.9326,27.1603],[53.4441,26.9757],[53.7161,26.7086],[54.0158,26.7495],[54.3081,26.715],[54.3894,26.6051],[54.791,26.4958],[55.2708,26.7925],[55.5217,26.7846],[55.5804,26.8591],[55.5545,26.8999],[55.6659,26.9954],[55.9393,27.0267],[56.1237,27.1606],[56.353,27.2016],[56.8088,27.1396],[56.8846,27.0781],[56.8677,27.0123],[56.9733,27.003],[56.9273,26.9556],[57.0524,26.8366],[57.0872,26.4061],[57.2129,26.1662],[57.1668,26.083],[57.3493,25.7803],[57.7556,25.7427],[57.7717,25.6356],[57.9632,25.6932],[58.0462,25.5749],[58.1375,25.5507],[58.419,25.612],[58.8252,25.5604],[59.044,25.3996],[59.4539,25.4616],[59.9063,25.3316],[60.082,25.366],[60.2092,25.3197],[60.2015,25.3712],[60.2894,25.3772],[60.3192,25.3299],[60.4366,25.3342],[60.3953,25.3779],[60.4285,25.4196],[60.5497,25.4469],[60.6321,25.3579],[60.6335,25.275],[61.0306,25.2098],[61.2236,25.1124],[61.5074,25.1467],[61.4826,25.1937],[61.5584,25.2005],[61.5545,25.2541],[61.5882,25.2021],[61.7831,25.188],[61.7207,25.0364],[61.8473,25.0379],[61.8811,25.103],[62.0972,25.1071],[62.059,25.1616],[62.1452,25.2184],[62.2542,25.212],[62.3398,25.1302],[62.4894,25.2142],[62.4772,25.2591],[63.5108,25.2293],[63.4695,25.2893],[63.5725,25.365],[64.0727,25.3579],[64.0488,25.4165],[63.9766,25.4128],[64.0454,25.4503],[64.1553,25.4469],[64.0838,25.4267],[64.1,25.3579],[64.225,25.3579],[64.4393,25.2346],[64.5654,25.2703],[64.6136,25.1923],[64.7071,25.1786],[64.6686,25.2551],[64.7444,25.324],[65.1899,25.3135],[65.2323,25.3707],[65.3954,25.3923],[65.6521,25.3445],[66.1361,25.4467],[66.1895,25.4881],[66.0944,25.4748],[66.1672,25.5661],[66.3755,25.6257],[66.531,25.5181],[66.5912,25.3996],[66.5479,25.3656],[66.6203,25.3579],[66.7372,25.1811],[66.7044,24.892],[66.6541,24.8392],[66.9651,24.8436],[67.2555,24.748],[67.2117,24.7156],[67.2423,24.473],[67.3625,24.3439],[67.3203,24.3431],[67.3019,24.1829],[67.3535,24.072],[67.5331,24.0703],[67.4583,23.9994],[67.4989,23.9256],[67.5405,23.9393],[67.4886,23.8885],[67.6145,23.8501],[67.6504,23.9331],[67.6301,23.8162],[67.8329,23.8149],[67.8552,23.9119],[67.8689,23.8505],[68.0443,23.8149],[68.0135,23.9393],[68.1523,23.787],[68.1575,23.9051],[68.1637,23.7577],[68.2804,23.686],[68.1434,23.6127],[68.3273,23.5869],[68.4277,23.7143],[68.6335,23.8331],[68.8342,23.8792],[68.8417,23.9435],[68.767,23.9435],[68.9972,26.3222],[69.203,26.708],[69.532,26.9009],[69.8465,27.4795],[70.0071,27.5438],[70.3918,28.0581],[70.5425,28.0581],[70.7367,27.8652],[70.7157,27.7367],[71.6406,27.8652],[71.8882,27.9938],[72.3885,28.701],[72.9878,29.0867],[73.4129,29.7294],[73.3623,29.858],[73.9441,30.1151],[74.135,30.3079],[74.7062,30.5007],[74.8364,30.7578],[74.6011,31.0791],[74.6712,31.4005],[74.5614,31.5933],[74.6244,31.8748],[74.5589,31.8325],[74.8915,32.0431],[75.0569,32.4288],[75.3164,32.5574],[75.5205,33.7146],[75.4437,33.7146],[75.5081,33.9718],[75.4313,33.9718],[75.4247,34.5506],[75.5018,34.5506],[75.3204,34.7436],[75.3874,35.001],[75.2234,35.2584],[75.2574,35.3871],[75.1801,35.3871],[74.958,36.2884],[74.8804,36.2884],[74.8914,36.6105],[74.8137,36.6105],[74.8245,36.9941],[75.0134,37.3193],[74.7384,37.4483],[74.1924,37.4483],[73.766,37.3193],[73.7426,37.5128],[73.1602,37.3838],[72.5542,37.4483],[72.1396,37.6417],[72.0975,37.7707],[71.9412,37.7707],[71.779,38.0288],[71.364,38.2224],[71.2021,38.4806],[70.5933,38.5451],[70.63,38.6743],[70.3581,38.5451],[70.3162,38.6743],[69.5679,38.8034],[69.4053,39.0618],[69.5208,39.1911],[69.3635,39.1911],[69.3592,39.4496],[69.2805,39.4496],[69.4157,39.6436],[69.277,39.7083],[69.3342,39.9023],[69.8856,40.1612],[69.846,40.2906],[70.7377,40.6144],[70.7786,40.744],[70.6405,40.8088],[70.6817,40.9384],[70.5643,41.068],[69.8072,40.6792],[69.6097,40.8088],[69.2725,40.744],[69.1931,40.4849],[69.2722,40.4849],[69.2729,40.2259],[69.0357,40.2259],[68.997,40.0964],[68.6239,39.9023],[68.5301,39.5789],[66.2199,39.7729],[65.5638,39.967],[65.2301,39.9023],[64.9322,39.967],[64.8889,40.0964],[63.4669,40.0964],[62.8795,39.967],[62.5018,40.0317],[60.9495,39.5143],[60.6504,39.5789],[60.6184,39.4496],[60.2562,39.2557],[58.627,38.6743],[57.55,38.416],[56.6742,38.3515],[56.2279,38.0933],[55.2891,38.0933],[54.8456,37.8352],[54.7033,37.5128],[53.976,37.3838],[54.0947,37.1904],[54.0143,36.8211],[53.0877,36.8037],[52.1859,36.546],[50.8207,36.7393],[50.532,36.8682],[50.611,36.9697],[50.4759,37.0379],[50.3209,36.9971],[49.9988,37.3838],[49.0182,37.5773],[49.0293,37.6417],[48.8285,37.8352],[48.8736,38.0933],[48.326,38.0933],[47.2516,38.6743],[46.1209,38.4806],[45.8539,38.2869],[45.6349,37.8998],[45.2238,37.7707],[45.1737,37.4483],[45.2517,37.4483],[45.29,37.1904],[45.4458,37.1904],[45.2509,36.9326],[44.8713,36.9971],[44.7446,37.1904],[44.7738,37.3838],[44.4131,37.5773],[43.9448,37.5773],[42.5082,37.8998],[41.961,37.8998],[41.6666,38.0288],[40.5805,38.0933],[40.5983,38.2224],[40.4507,38.2869],[39.45,38.416],[38.7525,39.0618],[38.3768,39.1911],[38.473,39.3203],[36.9326,39.5789],[36.074,39.6436],[34.7896,39.4496],[34.4341,39.7729],[34.3552,39.7729],[34.3629,39.8376],[34.284,39.8376],[34.3307,40.2259],[34.4098,40.2259],[34.4496,40.5496],[34.3705,40.5496],[34.348,41.0032],[33.4513,40.8088],[32.9039,40.8736],[32.8093,40.744],[32.1974,40.9384],[31.714,40.8736],[31.196,40.4849],[29.4906,40.7272],[28.9113,40.5999],[28.9156,40.4714],[29.1515,40.4341],[29.0463,40.3554],[27.9388,40.3554],[27.904,40.3999],[27.9505,40.4849],[27.7921,40.4849],[27.7918,40.3929],[27.8836,40.3863],[27.6958,40.2906],[27.5376,40.2906],[27.2948,40.4059],[26.6819,40.3561],[26.4052,40.1887],[26.3622,40.0635],[26.236,39.9989],[26.1325,39.5143],[26.9377,39.5748],[26.9299,39.4877],[26.801,39.4335],[26.7422,39.2557],[26.8209,39.2557],[26.9579,38.9972],[26.9399,38.9327],[27.0413,38.9401],[27.0627,38.8869],[26.9084,38.8204],[26.9314,38.7551],[26.8495,38.6097],[27.0798,38.5451],[27.0728,38.4537],[27.1642,38.4466],[27.0694,38.4094],[27.065,38.3515],[26.6762,38.3515],[26.6731,38.3072],[26.595,38.3515],[26.5358,38.6097],[26.3895,38.6719],[26.4058,38.4535],[26.513,38.4329],[26.4515,38.4261],[26.4289,38.2224],[26.8203,38.2224],[26.889,38.0933],[27.2753,38.0288],[27.2559,37.7707],[27.1794,37.6106],[27.31,37.4483],[27.2383,37.3426],[27.4072,37.4127],[27.4385,37.3908],[27.3921,37.3538],[27.5392,37.3838],[27.5644,37.2735],[27.616,37.2747],[27.598,37.126],[28.3294,37.0368],[28.2124,37.0004],[28.1653,36.9116],[28.1034,36.9353],[28.0583,36.7721],[28.1184,36.8006],[28.1305,36.754],[28.0314,36.6749],[28.2534,36.7641],[28.2572,36.8462],[28.315,36.795],[28.452,36.8836],[28.4535,36.8444],[28.5127,36.8682],[29.1198,36.6749],[29.1101,36.5515],[29.2549,36.4172],[29.1722,36.3528],[29.3496,36.2326],[29.4116,36.2674],[29.4666,36.224],[29.938,36.224],[30.0261,36.3528],[30.4919,36.3528],[30.6191,36.9326],[31.3916,36.8682],[31.763,36.6749],[31.9185,36.6749],[32.4985,36.224],[32.5369,36.1],[32.733,36.0376],[33.2744,36.224],[33.8711,36.3149],[33.9791,36.2884],[34.2507,36.6749],[34.5816,36.8682],[34.8929,36.8682],[34.9352,36.726],[35.1127,36.7393],[35.4875,36.6106],[35.8336,36.9326],[36.1449,36.9326],[36.2862,36.8037],[36.2649,36.6105],[35.8417,36.2884],[35.9901,36.224],[35.9767,36.001],[35.8449,35.5802],[35.9929,35.5158],[35.9153,35.2879],[35.9624,35.1979],[35.927,34.8723],[36.0682,34.7436],[36.0488,34.5506],[35.7921,34.2933],[35.6652,34.3113],[35.6838,33.9718],[35.4705,33.9021],[35.4993,33.6502],[35.3944,33.65],[35.3984,33.3931],[35.2154,33.0716],[35.089,33.0205],[35.0218,32.6216],[34.8851,32.4821],[34.7926,32.161],[34.813,31.9789],[34.6909,31.9134],[34.6028,31.7558],[34.6334,31.6575],[34.3076,31.4005],[34.2972,31.2719],[33.7493,31.0791],[32.8317,31.0148],[32.8055,31.0655],[32.6665,31.0523],[32.7907,31.0941],[32.6016,31.061],[32.2915,31.1839],[32.3039,31.0791],[31.9996,31.0791],[31.9063,31.2516],[31.7806,31.2076],[31.8077,31.2812],[31.7691,31.2988],[31.8741,31.4647],[31.2658,31.4647],[31.1215,31.5275],[31.0291,31.5185],[30.9807,31.4365],[30.7985,31.4465],[30.7344,31.3881],[30.5427,31.395],[30.6916,31.4647],[30.352,31.4647],[30.3019,31.3422],[30.3388,31.2719],[30.2887,31.2379],[29.9904,31.2719],[29.8315,31.1513],[29.8696,31.0791],[29.6332,30.9506],[29.5543,30.9848],[29.4481,30.9336],[29.3971,30.822],[28.865,30.822],[28.4964,31.0148],[27.5149,31.1434],[27.1699,31.3857],[26.3179,31.529],[25.478,29.9223],[25.3763,29.3438]],[[31.5884,37.3193],[31.6004,37.4483],[31.6784,37.4483],[31.6664,37.3193],[31.5884,37.3193]],[[35.4529,31.4008],[35.4585,31.4916],[35.4587,31.4916],[35.4593,31.4958],[35.4529,31.4008]],[[35.552,32.3679],[35.5533,32.3691],[35.5656,32.3134],[35.552,32.3679]],[[35.5568,32.3724],[35.5594,32.3748],[35.5656,32.3679],[35.5568,32.3724]],[[35.5585,32.5191],[35.5614,32.5192],[35.5674,32.5102],[35.5585,32.5191]],[[35.5594,32.4704],[35.5626,32.4747],[35.5725,32.4567],[35.5594,32.4704]],[[35.5688,32.4829],[35.5778,32.4948],[35.58,32.4915],[35.5688,32.4829]],[[35.7716,32.7467],[35.7749,32.7473],[35.7882,32.7344],[35.7716,32.7467]],[[36.2318,33.8525],[36.3178,33.8272],[36.3006,33.8287],[36.2318,33.8525]],[[36.2672,33.9104],[36.2886,33.9465],[36.2691,33.9073],[36.2672,33.9104]],[[36.2699,33.906],[36.3111,33.872],[36.2753,33.8972],[36.2699,33.906]],[[36.6665,36.2657],[36.6691,36.2599],[36.6681,36.2532],[36.6665,36.2657]],[[36.6896,32.3197],[36.7069,32.3283],[36.7231,32.3266],[36.6896,32.3197]],[[42.7157,37.3553],[42.7805,37.3755],[42.788,37.3732],[42.7157,37.3553]],[[42.7951,37.371],[42.8011,37.3691],[42.8141,37.3468],[42.7951,37.371]],[[44.7525,37.1131],[44.7649,37.1394],[44.7544,37.1084],[44.7525,37.1131]],[[44.8666,36.7801],[44.9227,36.7759],[44.8772,36.7765],[44.8666,36.7801]],[[44.9962,36.7417],[45.0353,36.6896],[45.0373,36.6808],[44.9962,36.7417]],[[45.0355,36.633],[45.0426,36.6569],[45.0443,36.6493],[45.0355,36.633]],[[45.0382,36.494],[45.0608,36.4472],[45.0391,36.4798],[45.0382,36.494]],[[45.0791,36.4197],[45.1108,36.4025],[45.0837,36.4128],[45.0791,36.4197]],[[45.1108,36.4025],[45.196,36.4224],[45.2213,36.4209],[45.1108,36.4025]],[[48.4082,30.1885],[48.4085,30.1961],[48.4106,30.1915],[48.4082,30.1885]],[[53.5278,31.5933],[53.5374,31.6575],[53.6136,31.6575],[53.604,31.5933],[53.5278,31.5933]],[[53.6516,31.4005],[53.6611,31.4647],[53.7373,31.4647],[53.7278,31.4005],[53.6516,31.4005]],[[54.7873,37.6519],[54.8136,37.7186],[54.8234,37.7283],[54.7873,37.6519]],[[56.2141,38.0688],[56.3155,38.0895],[56.2997,38.0802],[56.2141,38.0688]],[[57.1814,38.2757],[57.1859,38.2765],[57.2183,38.2651],[57.1814,38.2757]],[[61.1016,35.2353],[61.1038,35.2494],[61.1124,35.202],[61.1016,35.2353]],[[63.1743,26.685],[63.1823,26.8302],[63.1896,26.846],[63.1743,26.685]],[[63.1896,26.846],[63.206,26.8537],[63.2467,26.8595],[63.1896,26.846]],[[64.589,36.5802],[64.5901,36.5947],[64.6105,36.5009],[64.589,36.5802]],[[64.5911,36.6093],[64.592,36.6211],[64.5985,36.6369],[64.5911,36.6093]],[[64.614,36.6746],[64.6214,36.6926],[64.7652,36.9046],[64.614,36.6746]],[[64.7788,37.118],[64.8079,37.1355],[64.9891,37.2137],[64.7788,37.118]],[[66.0797,37.4409],[66.1545,37.3835],[66.1429,37.3851],[66.0797,37.4409]],[[66.3069,38.0804],[66.4204,38.0419],[66.4083,38.0428],[66.3069,38.0804]],[[66.4878,37.3422],[66.5196,37.3642],[66.531,37.3649],[66.4878,37.3422]],[[66.5399,38.028],[66.5542,38.0269],[66.5722,38.0184],[66.5399,38.028]],[[67.7731,37.11],[67.7741,37.1205],[67.7823,37.1029],[67.7731,37.11]],[[67.8003,37.0891],[67.8176,37.0806],[67.808,37.0832],[67.8003,37.0891]],[[68.0169,36.9294],[68.0256,36.9271],[68.0202,36.9257],[68.0169,36.9294]],[[68.0433,36.9316],[68.1864,37.0183],[68.0549,36.9346],[68.0433,36.9316]],[[68.3214,23.9247],[68.335,23.941],[68.326,23.9278],[68.3214,23.9247]],[[68.3439,23.9651],[68.3489,23.9646],[68.3536,23.9393],[68.3439,23.9651]],[[69.2457,37.1039],[69.3143,37.1189],[69.3121,37.1175],[69.2457,37.1039]],[[69.313,39.9848],[69.314,39.9869],[69.3174,39.9848],[69.313,39.9848]],[[69.6528,40.6453],[69.6909,40.63],[69.6601,40.6387],[69.6528,40.6453]],[[71.3191,36.2006],[71.3935,36.228],[71.3824,36.2186],[71.3191,36.2006]],[[71.3564,35.9331],[71.3685,35.894],[71.3607,35.9003],[71.3564,35.9331]],[[71.4008,35.868],[71.4167,35.8588],[71.4234,35.8499],[71.4008,35.868]],[[71.4471,35.8179],[71.4644,35.7947],[71.4658,35.7881],[71.4471,35.8179]],[[71.4756,35.741],[71.5027,35.7191],[71.5074,35.7095],[71.4756,35.741]],[[71.4833,35.6266],[71.5059,35.6034],[71.4927,35.6096],[71.4833,35.6266]],[[71.5144,35.6753],[71.5151,35.6935],[71.5198,35.6838],[71.5144,35.6753]],[[71.5316,35.3279],[71.6138,35.4035],[71.6111,35.3955],[71.5316,35.3279]],[[71.573,35.5692],[71.5842,35.5642],[71.5935,35.5494],[71.573,35.5692]],[[72.1496,36.6893],[72.1535,36.7021],[72.1657,36.7071],[72.1496,36.6893]],[[72.1861,36.7153],[72.2136,36.7264],[72.2821,36.738],[72.1861,36.7153]],[[72.3215,36.7447],[72.3873,36.7558],[72.4541,36.758],[72.3215,36.7447]],[[72.6028,36.8252],[72.6296,36.8329],[72.6623,36.8326],[72.6028,36.8252]],[[72.7375,36.8318],[72.8677,36.8304],[72.7794,36.8268],[72.7375,36.8318]],[[73.4517,35.5802],[73.8555,35.6445],[73.5291,35.5802],[73.4517,35.5802]],[[73.4517,35.5802],[73.4853,35.7089],[73.4685,35.6445],[73.4517,35.5802]],[[73.5897,35.5158],[73.6023,35.5641],[73.8218,35.5158],[73.5897,35.5158]],[[73.6401,36.8966],[73.7729,36.892],[73.8071,36.8848],[73.6401,36.8966]],[[73.7749,34.371],[73.7798,34.3961],[73.7963,34.4185],[73.7749,34.371]],[[73.7827,34.3468],[73.8217,34.3204],[73.8042,34.3275],[73.7827,34.3468]],[[73.8356,34.3146],[73.9377,34.3042],[73.8533,34.3074],[73.8356,34.3146]],[[73.8492,36.876],[73.8651,36.8726],[73.9469,36.8309],[73.8492,36.876]],[[73.8937,34.0543],[73.9458,34.0098],[73.9162,34.0279],[73.8937,34.0543]],[[74.4446,37.0023],[74.457,37.0044],[74.4713,36.9998],[74.4446,37.0023]],[[74.4787,36.9974],[74.4803,36.9969],[74.5214,36.9585],[74.4787,36.9974]],[[74.5351,31.7711],[74.5408,31.8109],[74.5485,31.8201],[74.5351,31.7711]]],[[[26.253,40.0786],[26.3758,40.1535],[26.3655,40.1641],[26.2568,40.0964],[26.253,40.0786]]],[[[27.5815,37.1982],[27.5831,37.1912],[27.5877,37.1988],[27.5815,37.1982]]],[[[30.1795,31.2714],[30.1849,31.2719],[30.1795,31.2719],[30.1795,31.2714]]],[[[30.2409,31.2653],[30.2648,31.2719],[30.2479,31.2719],[30.2409,31.2653]]],[[[30.9691,31.5785],[30.9739,31.5799],[30.9739,31.5867],[30.9695,31.5854],[30.9691,31.5785]]],[[[30.978,31.5843],[31.119,31.5305],[31.1608,31.5935],[30.978,31.5843]]],[[[33.9551,26.79],[34.0036,26.7082],[34.0029,26.7316],[33.9756,26.79],[33.9551,26.79]]],[[[55.2926,26.5485],[55.8766,26.7429],[55.947,26.6963],[56.2874,26.9551],[56.2124,27.003],[55.8977,26.9068],[55.758,26.954],[55.7742,26.7969],[55.3045,26.6564],[55.2926,26.5485]]],[[[66.2581,25.5431],[66.2582,25.5413],[66.261,25.5435],[66.2581,25.5431]]],[[[66.2843,25.5465],[66.3957,25.5134],[66.3885,25.522],[66.3527,25.5355],[66.3364,25.5534],[66.2843,25.5465]]],[[[66.4555,25.4957],[66.4605,25.4942],[66.4562,25.496],[66.4555,25.4957]]],[[[66.4886,25.4825],[66.49,25.4793],[66.4922,25.481],[66.4886,25.4825]]],[[[67.4418,24.0595],[67.4542,24.0142],[67.4854,24.0485],[67.4418,24.0595]]],[[[68.1425,23.7],[68.1491,23.6945],[68.1575,23.6962],[68.1473,23.7428],[68.1425,23.7]]],[[[68.4089,23.6213],[68.4103,23.5577],[68.4808,23.6209],[68.4089,23.6213]]],[[[68.4688,23.6408],[68.4927,23.6376],[68.4925,23.6341],[68.532,23.6787],[68.4694,23.6592],[68.4688,23.6408]]],[[[68.6153,23.7506],[68.6703,23.7506],[68.7174,23.8184],[68.6707,23.8157],[68.6379,23.7615],[68.6153,23.7506]]],[[[38.6826,39.1265],[38.7613,39.1265],[38.7701,39.1911],[38.6914,39.1911],[38.6826,39.1265]]],[[[21.9154,40.1612],[22.2125,39.8376],[22.6233,40.0019],[22.5437,40.0964],[22.5716,40.5496],[22.6508,40.5496],[22.6549,40.6144],[22.1756,40.5496],[21.9154,40.1612]]],[[[22.9265,40.5153],[22.9592,40.4201],[23.7374,40.2259],[23.6936,40.3092],[23.7505,40.4201],[23.8297,40.4201],[23.8386,40.5496],[23.6846,40.6144],[23.6891,40.6792],[22.9416,40.6184],[22.9832,40.5527],[22.9265,40.5153]]],[[[70.3404,40.3554],[70.4195,40.3554],[70.4395,40.4201],[70.3604,40.4201],[70.3404,40.3554]]]]}},{"type":"Feature","properties":{"territoryId":"cliopatria-q83958-5930a7fa48","name":"(Macedonian Empire)","name_ko":"마케도니아 왕국","color":"#e9eb7a","colorFamily":1,"startYear":-314,"endYear":-307,"source_name":"Cliopatria v0.2.0","source_url":"https://github.com/Seshat-Global-History-Databank/cliopatria","license":"CC BY 4.0","attribution":"Seshat Global History Databank, Cliopatria contributors"},"geometry":{"type":"MultiPolygon","coordinates":[[[[22.9016,36.3383],[22.9292,36.178],[23.0533,36.1596],[23.0769,36.2707],[22.9446,36.3894],[22.9016,36.3383]]],[[[25.3418,37.083],[25.3936,36.9971],[25.5644,36.9971],[25.5727,37.126],[25.3418,37.083]]],[[[25.3763,29.3438],[25.6618,28.9581],[27.0676,28.3153],[27.285,28.1224],[27.2763,27.9295],[27.4299,27.9938],[27.792,27.6724],[27.7109,27.5438],[27.9367,27.5438],[28.1537,27.3509],[28.2702,26.5794],[28.3453,26.5794],[28.2437,25.9365],[28.2886,25.165],[28.5688,24.6506],[29.6728,24.2006],[29.9595,23.8792],[30.1087,23.8792],[30.104,23.7506],[30.3952,23.5577],[30.4627,23.3649],[31.6705,23.7506],[32.0409,23.6863],[33.389,23.8149],[33.7564,23.6863],[35.108,23.8792],[35.4808,23.8253],[35.5139,23.9771],[35.7865,23.8939],[35.7386,23.9833],[35.4938,24.1089],[35.3919,24.2828],[35.1446,24.5002],[35.1603,24.5746],[34.5466,25.725],[34.3387,26.0018],[34.014,26.6116],[33.9414,26.6535],[33.9961,26.8966],[33.8368,27.1208],[33.8384,27.2426],[33.6917,27.3419],[33.4963,27.6466],[33.5877,27.651],[33.5579,27.7599],[33.4735,27.8232],[33.5921,27.7912],[33.5544,27.8965],[33.2494,28.1429],[33.0029,28.4895],[32.8689,28.5789],[32.8069,28.7781],[32.6255,28.9727],[32.6528,29.081],[32.5623,29.3863],[32.3377,29.5925],[32.3639,29.6882],[32.4939,29.8733],[32.4769,29.9322],[32.5715,29.9426],[32.5778,30.0114],[32.5715,29.9289],[32.6733,29.858],[32.7579,29.9865],[32.9095,29.9865],[32.9185,30.1151],[33.838,30.2436],[34.3029,30.3722],[34.3886,30.5007],[34.6114,30.4364],[34.6214,30.565],[35.3522,31.1434],[35.499,31.0791],[35.662,31.2076],[36.4231,31.2076],[36.3866,31.6575],[36.6623,32.1717],[36.5155,32.236],[36.7507,32.3002],[36.7168,32.7502],[36.901,33.0716],[37.0542,33.0716],[37.0732,33.2645],[37.5726,33.6502],[37.7261,33.6502],[37.7395,33.7789],[37.9902,33.9718],[39.1238,34.4863],[39.2008,34.4863],[39.1936,34.422],[39.2706,34.422],[39.2779,34.4863],[40.2569,34.2933],[40.4033,34.229],[40.3115,34.1004],[40.8499,34.1004],[40.9117,33.9718],[41.2116,33.9075],[41.4886,33.6502],[42.5783,33.1359],[42.7085,32.943],[43.1526,32.8145],[43.3514,32.5574],[43.4279,32.5574],[43.4202,32.4931],[44.459,31.5933],[44.5814,31.3362],[44.9546,31.2719],[45.7705,30.4364],[46.5906,30.3079],[46.6151,29.858],[46.8497,29.9223],[46.994,29.858],[46.9794,29.7294],[47.2897,29.7937],[47.6464,29.6009],[48.1406,29.5464],[48.1809,29.5622],[47.9956,29.8277],[47.9348,30.1071],[47.969,30.0041],[48.1192,30.045],[48.5205,29.9289],[48.5549,29.9565],[48.4766,29.984],[48.5971,29.9581],[48.6588,29.9962],[48.6433,30.0554],[48.9038,30.0369],[48.936,30.2101],[48.8623,30.3456],[49.0373,30.4325],[48.9456,30.4797],[48.9815,30.5156],[49.2112,30.5063],[49.2638,30.4497],[49.2029,30.3466],[49.062,30.4081],[48.9212,30.3808],[49.1614,30.2238],[49.2212,30.2646],[49.2457,30.1565],[49.4798,30.1561],[49.5322,30.0229],[49.9146,30.2039],[50.0734,30.1957],[50.1613,29.9263],[50.6553,29.4491],[50.6895,29.2908],[50.6435,29.1458],[50.8403,29.1406],[50.915,29.0867],[50.929,29.0097],[50.8345,28.8914],[51.0588,28.7359],[51.0807,28.5339],[51.2853,28.2409],[51.2698,28.1405],[51.4083,27.9323],[51.5842,27.8511],[52.0112,27.8327],[52.4596,27.6326],[52.6701,27.4486],[52.6098,27.4123],[52.6669,27.3271],[52.9326,27.1603],[53.4441,26.9757],[53.7161,26.7086],[54.0158,26.7495],[54.3081,26.715],[54.3894,26.6051],[54.791,26.4958],[55.2708,26.7925],[55.5217,26.7846],[55.5804,26.8591],[55.5545,26.8999],[55.6659,26.9954],[55.9393,27.0267],[56.1237,27.1606],[56.353,27.2016],[56.8088,27.1396],[56.8846,27.0781],[56.8677,27.0123],[56.9733,27.003],[56.9273,26.9556],[57.0524,26.8366],[57.0872,26.4061],[57.2129,26.1662],[57.1668,26.083],[57.3493,25.7803],[57.7556,25.7427],[57.7717,25.6356],[57.9632,25.6932],[58.0462,25.5749],[58.1375,25.5507],[58.419,25.612],[58.8252,25.5604],[59.044,25.3996],[59.4539,25.4616],[59.9063,25.3316],[60.082,25.366],[60.2092,25.3197],[60.2015,25.3712],[60.2894,25.3772],[60.3192,25.3299],[60.4366,25.3342],[60.3953,25.3779],[60.4285,25.4196],[60.5497,25.4469],[60.6321,25.3579],[60.6335,25.275],[61.0306,25.2098],[61.2236,25.1124],[61.5074,25.1467],[61.4826,25.1937],[61.5584,25.2005],[61.5545,25.2541],[61.5882,25.2021],[61.7831,25.188],[61.7205,25.0367],[61.8811,25.103],[62.0972,25.1071],[62.059,25.1616],[62.1452,25.2184],[62.2975,25.1851],[62.2901,25.1241],[62.4894,25.2142],[62.4772,25.2591],[62.5958,25.2636],[63.1752,26.7013],[63.1896,26.846],[63.1761,26.7034],[63.2038,26.7723],[63.3625,26.8366],[63.7881,27.7367],[64.738,29.0224],[65.2761,29.5366],[66.164,29.858],[69.2028,30.3079],[70.4169,30.3079],[71.049,30.4364],[72.5544,30.3722],[72.5415,30.3079],[72.6933,30.3079],[72.6804,30.2436],[73.2616,30.1151],[73.2865,29.858],[73.438,29.858],[74.135,30.3079],[74.7062,30.5007],[74.8364,30.7578],[74.6011,31.0791],[74.6712,31.4005],[74.5614,31.5933],[74.6244,31.8748],[74.5589,31.8325],[74.8915,32.0431],[75.0569,32.4288],[75.3164,32.5574],[75.5205,33.7146],[75.4437,33.7146],[75.5081,33.9718],[75.4313,33.9718],[75.4247,34.5506],[75.5018,34.5506],[75.3204,34.7436],[75.3874,35.001],[75.2234,35.2584],[75.2574,35.3871],[75.1801,35.3871],[74.958,36.2884],[74.8804,36.2884],[74.8914,36.6105],[74.8137,36.6105],[74.8245,36.9941],[75.0134,37.3193],[74.7384,37.4483],[74.1924,37.4483],[73.766,37.3193],[73.7426,37.5128],[73.1602,37.3838],[72.5542,37.4483],[72.1396,37.6417],[72.0975,37.7707],[71.9412,37.7707],[71.779,38.0288],[71.364,38.2224],[71.2021,38.4806],[70.5933,38.5451],[70.63,38.6743],[70.2979,38.6097],[70.0991,38.7389],[69.5679,38.8034],[69.4053,39.0618],[69.5208,39.1911],[69.3635,39.1911],[69.2992,39.5143],[69.378,39.5143],[69.4157,39.6436],[69.277,39.7083],[69.3342,39.9023],[69.8856,40.1612],[69.846,40.2906],[70.7377,40.6144],[70.7786,40.744],[70.6405,40.8088],[70.6817,40.9384],[70.5643,41.068],[69.8072,40.6792],[69.6097,40.8088],[69.2725,40.744],[69.1931,40.4849],[69.2722,40.4849],[69.2729,40.2259],[69.0357,40.2259],[68.997,40.0964],[68.6239,39.9023],[68.5301,39.5789],[66.2199,39.7729],[65.5638,39.967],[65.2301,39.9023],[64.8889,40.0964],[63.4669,40.0964],[62.8795,39.967],[62.5018,40.0317],[60.9495,39.5143],[60.6504,39.5789],[60.6184,39.4496],[60.2562,39.2557],[58.627,38.6743],[57.55,38.416],[56.6742,38.3515],[56.2279,38.0933],[55.2891,38.0933],[54.8456,37.8352],[54.7033,37.5128],[53.976,37.3838],[54.0947,37.1904],[54.0143,36.8211],[53.0877,36.8037],[52.1859,36.546],[51.642,36.546],[50.8207,36.7393],[50.532,36.8682],[50.611,36.9697],[50.4759,37.0379],[50.3209,36.9971],[49.9988,37.3838],[49.0851,37.5128],[48.8285,37.8352],[48.8736,38.0933],[48.326,38.0933],[47.2516,38.6743],[46.1209,38.4806],[45.8539,38.2869],[45.6349,37.8998],[45.2238,37.7707],[45.1737,37.4483],[45.2517,37.4483],[45.29,37.1904],[45.4458,37.1904],[45.4261,37.0615],[45.0952,36.9326],[44.8031,37.0615],[44.7738,37.3838],[44.6374,37.5128],[44.5739,37.5217],[44.5793,37.477],[44.5718,37.522],[42.802,37.7707],[42.5082,37.8998],[41.961,37.8998],[41.6666,38.0288],[40.5716,38.0288],[40.5983,38.2224],[40.4507,38.2869],[39.45,38.416],[38.7525,39.0618],[38.3768,39.1911],[38.473,39.3203],[36.9326,39.5789],[36.074,39.6436],[34.7896,39.4496],[34.6552,39.6436],[34.4975,39.6436],[34.284,39.8376],[34.4496,40.5496],[34.3705,40.5496],[34.348,41.0032],[33.4513,40.8088],[32.9039,40.8736],[32.8093,40.744],[32.1974,40.9384],[31.714,40.8736],[31.196,40.4849],[29.4906,40.7272],[28.9113,40.5999],[28.9156,40.4714],[29.1515,40.4341],[29.0463,40.3554],[27.9388,40.3554],[27.904,40.3999],[27.9505,40.4849],[27.7921,40.4849],[27.7918,40.3929],[27.8836,40.3863],[27.6958,40.2906],[27.5376,40.2906],[27.2948,40.4059],[26.6819,40.3561],[26.4052,40.1887],[26.3622,40.0635],[26.236,39.9989],[26.1325,39.5143],[26.9377,39.5748],[26.9299,39.4877],[26.801,39.4335],[26.7422,39.2557],[26.8945,39.1911],[26.8793,38.9972],[26.9579,38.9972],[26.9399,38.9327],[27.0413,38.9401],[27.0627,38.8869],[26.9084,38.8204],[26.9314,38.7551],[26.8495,38.6097],[27.0798,38.5451],[27.0728,38.4537],[27.1642,38.4466],[27.0694,38.4094],[27.065,38.3515],[26.6762,38.3515],[26.6731,38.3072],[26.595,38.3515],[26.5358,38.6097],[26.3895,38.6719],[26.4058,38.4535],[26.513,38.4329],[26.4515,38.4261],[26.4289,38.2224],[26.8203,38.2224],[26.889,38.0933],[27.2753,38.0288],[27.2559,37.7707],[27.1794,37.6106],[27.31,37.4483],[27.2383,37.3426],[27.4072,37.4127],[27.4385,37.3908],[27.3921,37.3538],[27.5392,37.3838],[27.5644,37.2735],[27.616,37.2747],[27.598,37.126],[28.3294,37.0368],[28.2124,37.0004],[28.1653,36.9116],[28.1034,36.9353],[28.0583,36.7721],[28.1184,36.8006],[28.1305,36.754],[28.0314,36.6749],[28.2534,36.7641],[28.2572,36.8462],[28.315,36.795],[28.452,36.8836],[28.4535,36.8444],[28.5127,36.8682],[29.1198,36.6749],[29.1101,36.5515],[29.2549,36.4172],[29.1722,36.3528],[29.3496,36.2326],[29.4116,36.2674],[29.4666,36.224],[29.938,36.224],[30.0261,36.3528],[30.4919,36.3528],[30.6191,36.9326],[31.3916,36.8682],[31.763,36.6749],[31.9185,36.6749],[32.4985,36.224],[32.5369,36.1],[32.733,36.0376],[33.2744,36.224],[33.8711,36.3149],[33.9791,36.2884],[34.2507,36.6749],[34.5816,36.8682],[34.8929,36.8682],[34.9352,36.726],[35.1127,36.7393],[35.3323,36.6105],[35.4875,36.6105],[35.8336,36.9326],[36.1449,36.9326],[36.2862,36.8037],[36.2649,36.6105],[35.8417,36.2884],[35.9901,36.224],[35.9767,36.001],[35.8449,35.5802],[35.9929,35.5158],[35.9153,35.2879],[35.9624,35.1979],[35.927,34.8723],[36.0682,34.7436],[36.0488,34.5506],[35.7921,34.2933],[35.6652,34.3113],[35.6838,33.9718],[35.4705,33.9021],[35.4993,33.6502],[35.3944,33.65],[35.3984,33.3931],[35.2154,33.0716],[35.089,33.0205],[35.0218,32.6216],[34.8851,32.4821],[34.7926,32.161],[34.813,31.9789],[34.6909,31.9134],[34.5466,31.529],[34.3076,31.4005],[34.2972,31.2719],[33.9826,31.1434],[32.8317,31.0148],[32.8055,31.0655],[32.6665,31.0523],[32.7907,31.0941],[32.5322,31.0791],[32.3894,31.2076],[32.2625,31.1696],[32.3039,31.0791],[31.9996,31.0791],[31.9063,31.2516],[31.7806,31.2076],[31.8077,31.2812],[31.7691,31.2988],[31.8741,31.4647],[31.2658,31.4647],[31.1215,31.5275],[31.0291,31.5185],[30.9807,31.4365],[30.7985,31.4465],[30.7344,31.3881],[30.5427,31.395],[30.6916,31.4647],[30.352,31.4647],[30.3019,31.3422],[30.3388,31.2719],[30.2887,31.2379],[29.9904,31.2719],[29.8315,31.1513],[29.8696,31.0791],[29.6332,30.9506],[29.5543,30.9848],[29.4481,30.9336],[29.3971,30.822],[28.865,30.822],[28.4964,31.0148],[27.5149,31.1434],[27.1699,31.3857],[26.3179,31.529],[25.3905,29.6652],[25.3763,29.3438]],[[63.1896,26.846],[63.206,26.8537],[63.2467,26.8595],[63.1896,26.846]],[[35.4529,31.4008],[35.4585,31.4916],[35.4587,31.4916],[35.4593,31.4958],[35.4529,31.4008]],[[35.552,32.3679],[35.5533,32.3691],[35.5656,32.3134],[35.552,32.3679]],[[35.5568,32.3724],[35.5594,32.3748],[35.5656,32.3679],[35.5568,32.3724]],[[35.5585,32.5191],[35.5614,32.5192],[35.5674,32.5102],[35.5585,32.5191]],[[35.5594,32.4704],[35.5626,32.4747],[35.5725,32.4567],[35.5594,32.4704]],[[35.5688,32.4829],[35.5778,32.4948],[35.58,32.4915],[35.5688,32.4829]],[[35.7716,32.7467],[35.7749,32.7473],[35.7882,32.7344],[35.7716,32.7467]],[[36.2318,33.8525],[36.3178,33.8272],[36.3006,33.8287],[36.2318,33.8525]],[[36.2672,33.9104],[36.2886,33.9465],[36.2691,33.9073],[36.2672,33.9104]],[[36.2699,33.906],[36.3111,33.872],[36.2753,33.8972],[36.2699,33.906]],[[36.6665,36.2657],[36.6691,36.2599],[36.6681,36.2532],[36.6665,36.2657]],[[36.6896,32.3197],[36.7069,32.3283],[36.7231,32.3266],[36.6896,32.3197]],[[42.7157,37.3553],[42.7805,37.3755],[42.788,37.3732],[42.7157,37.3553]],[[42.7951,37.371],[42.8011,37.3691],[42.8141,37.3468],[42.7951,37.371]],[[44.7525,37.1131],[44.7649,37.1394],[44.7544,37.1084],[44.7525,37.1131]],[[44.8666,36.7801],[44.9227,36.7759],[44.8772,36.7765],[44.8666,36.7801]],[[44.9962,36.7417],[45.0353,36.6896],[45.0373,36.6808],[44.9962,36.7417]],[[45.0355,36.633],[45.0426,36.6569],[45.0443,36.6493],[45.0355,36.633]],[[45.0382,36.494],[45.0608,36.4472],[45.0391,36.4798],[45.0382,36.494]],[[45.0791,36.4197],[45.1108,36.4025],[45.0837,36.4128],[45.0791,36.4197]],[[45.1108,36.4025],[45.196,36.4224],[45.2213,36.4209],[45.1108,36.4025]],[[48.1351,30.4429],[48.1409,30.4419],[48.1705,30.4067],[48.1351,30.4429]],[[48.291,30.32],[48.2964,30.3198],[48.3014,30.3149],[48.291,30.32]],[[48.3292,30.2876],[48.397,30.221],[48.4026,30.2088],[48.3292,30.2876]],[[48.3811,30.1453],[48.3832,30.1481],[48.3831,30.1424],[48.3811,30.1453]],[[48.4082,30.1885],[48.4085,30.1961],[48.4106,30.1915],[48.4082,30.1885]],[[48.4239,30.0836],[48.4618,29.9949],[48.4531,30.0014],[48.4239,30.0836]],[[54.7873,37.6519],[54.8136,37.7186],[54.8234,37.7283],[54.7873,37.6519]],[[56.2141,38.0688],[56.3155,38.0895],[56.2997,38.0802],[56.2141,38.0688]],[[57.1814,38.2757],[57.1859,38.2765],[57.2183,38.2651],[57.1814,38.2757]],[[61.1016,35.2353],[61.1038,35.2494],[61.1124,35.202],[61.1016,35.2353]],[[64.589,36.5802],[64.5901,36.5947],[64.6105,36.5009],[64.589,36.5802]],[[64.5911,36.6093],[64.592,36.6211],[64.5985,36.6369],[64.5911,36.6093]],[[64.614,36.6746],[64.6214,36.6926],[64.7652,36.9046],[64.614,36.6746]],[[64.7788,37.118],[64.8079,37.1355],[64.9891,37.2137],[64.7788,37.118]],[[66.0797,37.4409],[66.1545,37.3835],[66.1429,37.3851],[66.0797,37.4409]],[[66.3069,38.0804],[66.4204,38.0419],[66.4083,38.0428],[66.3069,38.0804]],[[66.4878,37.3422],[66.5196,37.3642],[66.531,37.3649],[66.4878,37.3422]],[[66.5399,38.028],[66.5542,38.0269],[66.5722,38.0184],[66.5399,38.028]],[[67.7731,37.11],[67.7741,37.1205],[67.7823,37.1029],[67.7731,37.11]],[[67.8003,37.0891],[67.8176,37.0806],[67.808,37.0832],[67.8003,37.0891]],[[68.0169,36.9294],[68.0256,36.9271],[68.0202,36.9257],[68.0169,36.9294]],[[68.0433,36.9316],[68.1864,37.0183],[68.0549,36.9346],[68.0433,36.9316]],[[69.2457,37.1039],[69.3143,37.1189],[69.3121,37.1175],[69.2457,37.1039]],[[69.313,39.9848],[69.314,39.9869],[69.3174,39.9848],[69.313,39.9848]],[[69.6528,40.6453],[69.6909,40.63],[69.6601,40.6387],[69.6528,40.6453]],[[71.3191,36.2006],[71.3935,36.228],[71.3824,36.2186],[71.3191,36.2006]],[[71.3564,35.9331],[71.3685,35.894],[71.3607,35.9003],[71.3564,35.9331]],[[71.4008,35.868],[71.4167,35.8588],[71.4234,35.8499],[71.4008,35.868]],[[71.4471,35.8179],[71.4644,35.7947],[71.4658,35.7881],[71.4471,35.8179]],[[71.4756,35.741],[71.5027,35.7191],[71.5074,35.7095],[71.4756,35.741]],[[71.4833,35.6266],[71.5059,35.6034],[71.4927,35.6096],[71.4833,35.6266]],[[71.5144,35.6753],[71.5151,35.6935],[71.5198,35.6838],[71.5144,35.6753]],[[71.5316,35.3279],[71.6138,35.4035],[71.6111,35.3955],[71.5316,35.3279]],[[71.573,35.5692],[71.5842,35.5642],[71.5935,35.5494],[71.573,35.5692]],[[72.1496,36.6893],[72.1535,36.7021],[72.1657,36.7071],[72.1496,36.6893]],[[72.1861,36.7153],[72.2136,36.7264],[72.2821,36.738],[72.1861,36.7153]],[[72.3215,36.7447],[72.3873,36.7558],[72.4541,36.758],[72.3215,36.7447]],[[72.6028,36.8252],[72.6296,36.8329],[72.6623,36.8326],[72.6028,36.8252]],[[72.7375,36.8318],[72.8677,36.8304],[72.7794,36.8268],[72.7375,36.8318]],[[73.4517,35.5802],[73.8555,35.6445],[73.5291,35.5802],[73.4517,35.5802]],[[73.4517,35.5802],[73.4853,35.7089],[73.4685,35.6445],[73.4517,35.5802]],[[73.5897,35.5158],[73.6023,35.5641],[73.8218,35.5158],[73.5897,35.5158]],[[73.6401,36.8966],[73.7729,36.892],[73.8071,36.8848],[73.6401,36.8966]],[[73.7749,34.371],[73.7798,34.3961],[73.7963,34.4185],[73.7749,34.371]],[[73.7827,34.3468],[73.8217,34.3204],[73.8042,34.3275],[73.7827,34.3468]],[[73.8356,34.3146],[73.9377,34.3042],[73.8533,34.3074],[73.8356,34.3146]],[[73.8492,36.876],[73.8651,36.8726],[73.9469,36.8309],[73.8492,36.876]],[[73.8937,34.0543],[73.9458,34.0098],[73.9162,34.0279],[73.8937,34.0543]],[[74.4446,37.0023],[74.457,37.0044],[74.4713,36.9998],[74.4446,37.0023]],[[74.4787,36.9974],[74.4803,36.9969],[74.5214,36.9585],[74.4787,36.9974]],[[74.5351,31.7711],[74.5408,31.8109],[74.5485,31.8201],[74.5351,31.7711]]],[[[26.253,40.0786],[26.3758,40.1535],[26.3655,40.1641],[26.2568,40.0964],[26.253,40.0786]]],[[[27.5815,37.1982],[27.5831,37.1912],[27.5877,37.1988],[27.5815,37.1982]]],[[[30.1795,31.2714],[30.1849,31.2719],[30.1795,31.2719],[30.1795,31.2714]]],[[[30.2409,31.2653],[30.2648,31.2719],[30.2479,31.2719],[30.2409,31.2653]]],[[[30.9691,31.5785],[30.9739,31.5799],[30.9739,31.5867],[30.9695,31.5854],[30.9691,31.5785]]],[[[30.978,31.5843],[31.119,31.5305],[31.1608,31.5935],[30.978,31.5843]]],[[[33.9551,26.79],[34.0036,26.7082],[34.0029,26.7316],[33.9756,26.79],[33.9551,26.79]]],[[[48.0108,29.9805],[48.0311,29.971],[48.0789,30.0041],[48.1061,30.0176],[48.1092,30.028],[48.0547,30.0245],[48.0108,29.9805]]],[[[48.0461,29.8005],[48.1858,29.6039],[48.3527,29.7098],[48.3445,29.7906],[48.1621,29.9957],[48.1227,29.9697],[48.1974,29.9254],[48.0951,29.8947],[48.1133,29.8391],[48.0461,29.8005]]],[[[55.2926,26.5485],[55.8766,26.7429],[55.947,26.6963],[56.2874,26.9551],[56.2124,27.003],[55.8977,26.9068],[55.758,26.954],[55.7742,26.7969],[55.3045,26.6564],[55.2926,26.5485]]],[[[24.2754,37.5317],[24.3958,37.6247],[24.3728,37.6852],[24.2893,37.6453],[24.2754,37.5317]]],[[[24.9955,37.6789],[25.1255,37.5559],[25.216,37.5329],[25.2593,37.59],[24.9955,37.6789]]],[[[20.6195,37.8228],[20.7934,37.6685],[20.9261,37.7284],[20.886,37.814],[20.7247,37.8998],[20.6554,37.8998],[20.6195,37.8228]]],[[[24.6878,37.9287],[24.9118,37.7283],[24.9944,37.7541],[24.9538,37.8707],[24.7937,37.9941],[24.6878,37.9287]]],[[[20.339,38.2002],[20.3801,38.1518],[20.4253,38.1753],[20.4351,38.2788],[20.4943,38.1337],[20.7865,38.0933],[20.6817,38.2821],[20.6429,38.2534],[20.5991,38.3026],[20.6258,38.3518],[20.5664,38.416],[20.479,38.3095],[20.3999,38.3641],[20.339,38.2002]]],[[[20.6878,38.3367],[20.7194,38.3156],[20.7387,38.3189],[20.6951,38.3434],[20.6878,38.3367]]],[[[23.4849,38.7389],[23.5634,38.7389],[23.5668,38.7946],[23.4888,38.8034],[23.4849,38.7389]]],[[[24.4362,38.878],[24.557,38.8457],[24.5368,38.7918],[24.6643,38.7732],[24.523,38.9643],[24.4611,38.9677],[24.4362,38.878]]],[[[20.1453,39.6436],[20.1517,39.6402],[20.1519,39.6436],[20.1453,39.6436]]],[[[19.3044,40.6531],[19.4863,40.6144],[19.4714,40.2906],[19.6295,40.2906],[20.0094,39.967],[19.9876,39.7083],[20.155,39.7083],[20.2972,39.385],[20.9538,39.0342],[21.0584,39.009],[21.0852,39.0629],[21.1599,38.9977],[21.1774,38.876],[21.1023,38.9108],[21.0852,38.8643],[21.0274,38.9326],[20.8599,38.9605],[20.7414,38.8034],[20.9737,38.7389],[21.1933,38.416],[21.3376,38.3989],[21.3225,38.4963],[21.4224,38.3889],[21.7625,38.3284],[21.8312,38.3967],[21.9876,38.4106],[22.1892,38.3231],[22.3823,38.3427],[22.4016,38.4534],[22.5625,38.2935],[22.6465,38.39],[22.8057,38.227],[23.2234,38.1592],[23.1729,38.0795],[22.8755,38.0493],[22.9754,37.979],[22.8672,37.9395],[22.6804,38.0666],[22.2185,38.1882],[21.9559,38.3367],[21.7642,38.2958],[21.7286,38.1578],[21.4156,38.1578],[21.2436,37.8352],[21.6966,37.5128],[21.6958,37.3164],[21.6031,37.1904],[21.681,37.1904],[21.7435,36.8682],[21.8992,36.8682],[21.9085,37.0615],[22.22,37.0615],[22.3757,36.6749],[22.5118,36.6749],[22.5994,36.8682],[22.8328,36.8682],[23.0332,36.6946],[22.8532,37.2549],[22.7007,37.3193],[22.7144,37.5773],[22.9486,37.5773],[23.1756,37.4483],[23.1959,37.3193],[23.278,37.3498],[23.23,37.3749],[23.2627,37.401],[23.3849,37.4134],[23.36,37.5475],[23.1083,37.6417],[23.0151,37.9252],[23.2044,37.963],[23.2082,38.0288],[23.5746,38.0468],[23.5597,37.9866],[23.9786,37.8352],[24.0361,38.2224],[23.951,38.2909],[23.71,38.3367],[23.5929,38.4806],[23.3126,38.4806],[23.1826,38.6538],[23.1045,38.6384],[22.9149,38.7756],[22.5251,38.8581],[22.6216,38.9145],[22.792,38.878],[23.0731,39.0363],[22.9639,39.009],[22.9981,39.0698],[22.9516,39.1238],[22.7973,39.0618],[22.8163,39.385],[23.1318,39.4489],[22.6109,39.9023],[22.6497,39.9853],[22.5437,40.0964],[22.5716,40.5496],[22.9105,40.6446],[22.9832,40.5527],[22.9265,40.5153],[22.9592,40.4201],[23.7374,40.2259],[23.6936,40.3092],[23.7777,40.3548],[23.8386,40.5496],[23.6846,40.6144],[23.698,40.8088],[24.0106,40.744],[24.2578,40.8736],[24.2625,40.9384],[23.9636,41.1977],[23.8047,41.1977],[23.7484,41.522],[23.5938,41.5869],[23.528,41.7816],[22.8194,41.9114],[22.6729,42.1063],[22.4377,42.1712],[22.3707,42.3662],[22.5394,42.4962],[22.4725,42.6912],[22.3924,42.6912],[22.3036,42.5612],[21.815,42.4312],[21.8068,42.3012],[21.4071,42.3012],[21.3193,42.1712],[21.0036,42.2362],[20.7527,42.0413],[20.194,42.0413],[20.1073,41.9114],[19.9545,42.0413],[19.7084,41.9114],[19.4723,41.9764],[19.3948,41.8595],[19.5916,41.8188],[19.5576,41.6605],[19.613,41.6053],[19.4634,41.5595],[19.5297,41.522],[19.4438,41.3922],[19.5233,41.3922],[19.4555,41.1485],[19.5234,40.9206],[19.3688,40.8022],[19.3044,40.6531]],[[20.249,39.6848],[20.2875,39.7112],[20.2827,39.7044],[20.249,39.6848]],[[20.6815,41.844],[20.7121,41.8605],[20.703,41.8496],[20.6815,41.844]],[[20.9579,40.5149],[20.999,40.54],[20.9815,40.5233],[20.9579,40.5149]],[[21.0152,40.5556],[21.0237,40.5888],[21.0188,40.559],[21.0152,40.5556]],[[21.0186,40.6909],[21.0353,40.6594],[21.0335,40.6487],[21.0186,40.6909]],[[21.2378,42.0974],[21.2917,42.0921],[21.2889,42.0897],[21.2378,42.0974]],[[21.295,42.149],[21.3013,42.1006],[21.2988,42.0984],[21.295,42.149]],[[21.3613,42.2182],[21.3668,42.2239],[21.3766,42.2226],[21.3613,42.2182]],[[21.5576,42.2639],[21.5717,42.2461],[21.5638,42.247],[21.5576,42.2639]],[[22.0476,42.3045],[22.076,42.3053],[22.0609,42.3011],[22.0476,42.3045]],[[22.8815,41.3356],[22.917,41.3358],[23.1152,41.3127],[22.8815,41.3356]],[[22.9014,41.8604],[22.9427,41.7758],[22.9397,41.7767],[22.9014,41.8604]],[[22.933,41.6123],[22.9351,41.6189],[22.9332,41.6055],[22.933,41.6123]],[[22.9334,41.595],[22.9487,41.561],[22.9337,41.5846],[22.9334,41.595]],[[22.9385,41.6299],[22.9409,41.6376],[22.9443,41.6388],[22.9385,41.6299]],[[22.967,41.647],[23.0004,41.7015],[22.9986,41.6931],[22.967,41.647]]],[[[19.9293,39.7394],[19.9338,39.7412],[19.9463,39.7592],[19.948,39.7904],[19.9471,39.7899],[19.9293,39.7394]]],[[[22.833,38.8227],[22.9818,38.845],[22.9564,38.878],[23.0202,38.9214],[22.833,38.8227]]],[[[23.0356,36.6926],[23.0463,36.6833],[23.0517,36.6872],[23.0498,36.6926],[23.0356,36.6926]]],[[[23.0365,38.9279],[23.3318,38.8034],[23.4651,38.8569],[23.2006,39.0093],[23.0365,38.9279]]],[[[23.3122,37.6174],[23.3406,37.6003],[23.3536,37.5821],[23.3442,37.6327],[23.3122,37.6174]]],[[[23.4014,37.3193],[23.4024,37.3193],[23.4023,37.3198],[23.4014,37.3193]]],[[[23.5634,38.7389],[23.6355,38.5286],[23.594,38.4534],[23.6492,38.4057],[24.0422,38.4015],[24.0669,38.351],[24.0254,38.3305],[24.1617,38.2698],[24.1789,38.5451],[24.0302,38.6743],[23.5634,38.7389]]],[[[24.1275,38.2224],[24.1447,38.2224],[24.1426,38.227],[24.157,38.2296],[24.1591,38.2287],[24.1614,38.2661],[24.1311,38.2358],[24.1275,38.2224]]],[[[25.0447,39.9853],[25.047,39.8376],[25.2043,39.8376],[25.2388,39.9195],[25.2798,39.8891],[25.2388,39.8581],[25.3551,39.8376],[25.348,39.9064],[25.4499,39.9884],[25.4377,40.0317],[25.2852,39.9534],[25.2251,40.0089],[25.0447,39.9853]]],[[[24.5197,40.6853],[24.6397,40.5732],[24.7801,40.6122],[24.7864,40.7351],[24.6423,40.8039],[24.5197,40.6853]]],[[[38.6826,39.1265],[38.7613,39.1265],[38.7701,39.1911],[38.6914,39.1911],[38.6826,39.1265]]],[[[70.3404,40.3554],[70.4195,40.3554],[70.4395,40.4201],[70.3604,40.4201],[70.3404,40.3554]]]]}},{"type":"Feature","properties":{"territoryId":"cliopatria-q83958-5930a7fa48","name":"(Macedonian Empire)","name_ko":"마케도니아 왕국","color":"#e9eb7a","colorFamily":1,"startYear":-306,"endYear":-301,"source_name":"Cliopatria v0.2.0","source_url":"https://github.com/Seshat-Global-History-Databank/cliopatria","license":"CC BY 4.0","attribution":"Seshat Global History Databank, Cliopatria contributors"},"geometry":{"type":"MultiPolygon","coordinates":[[[[22.914,36.9326],[22.9919,36.9326],[22.9953,36.9971],[22.9174,36.9971],[22.914,36.9326]]],[[[19.364,40.7489],[19.7333,40.8088],[20.1895,40.4201],[20.4269,40.4201],[20.5686,40.0964],[20.8056,40.0964],[21.0911,39.5143],[21.4713,39.2557],[21.3859,39.1265],[21.15,39.1265],[21.1774,38.876],[21.1023,38.9108],[21.0852,38.8643],[21.0274,38.9326],[20.7572,38.9326],[20.8052,38.8677],[20.7414,38.8034],[20.9737,38.7389],[21.1933,38.416],[21.3431,38.416],[21.3225,38.4963],[21.3732,38.416],[21.7417,38.416],[21.7625,38.3284],[21.8312,38.3967],[21.9579,38.4117],[22.1892,38.3231],[22.2868,38.3515],[22.1335,38.416],[22.4083,38.416],[22.4016,38.4534],[22.6036,38.416],[22.6001,38.3515],[22.6793,38.3684],[22.682,38.416],[22.9881,38.2869],[23.0322,38.1859],[23.2234,38.1592],[23.1571,38.0764],[23.5746,38.0468],[23.5597,37.9866],[23.9786,37.8352],[24.0361,38.2224],[23.951,38.2909],[23.71,38.3367],[23.5929,38.4806],[23.3126,38.4806],[22.999,38.7518],[22.5251,38.8581],[22.6216,38.9145],[22.792,38.878],[22.9977,38.9657],[22.9516,39.1238],[22.7973,39.0618],[22.8163,39.385],[23.1318,39.4489],[22.6109,39.9023],[22.6497,39.9853],[22.5437,40.0964],[22.5716,40.5496],[22.9105,40.6446],[22.9832,40.5527],[22.9265,40.5153],[22.9592,40.4201],[23.7374,40.2259],[23.6936,40.3092],[23.7777,40.3548],[23.8386,40.5496],[23.6846,40.6144],[23.698,40.8088],[24.0106,40.744],[24.2578,40.8736],[24.2625,40.9384],[23.9636,41.1977],[23.8047,41.1977],[23.7484,41.522],[23.5938,41.5869],[23.528,41.7816],[22.8194,41.9114],[22.6729,42.1063],[22.4377,42.1712],[22.3707,42.3662],[22.5394,42.4962],[22.4725,42.6912],[22.3924,42.6912],[22.3036,42.5612],[21.815,42.4312],[21.8068,42.3012],[21.4071,42.3012],[21.3193,42.1712],[21.0036,42.2362],[20.7527,42.0413],[20.194,42.0413],[20.1073,41.9114],[19.9545,42.0413],[19.7084,41.9114],[19.4723,41.9764],[19.3948,41.8595],[19.5916,41.8188],[19.5576,41.6605],[19.613,41.6053],[19.4634,41.5595],[19.5297,41.522],[19.4438,41.3922],[19.5233,41.3922],[19.4555,41.1485],[19.5234,40.9206],[19.364,40.7489]],[[20.6815,41.844],[20.7121,41.8605],[20.703,41.8496],[20.6815,41.844]],[[20.9579,40.5149],[20.999,40.54],[20.9815,40.5233],[20.9579,40.5149]],[[21.0152,40.5556],[21.0237,40.5888],[21.0188,40.559],[21.0152,40.5556]],[[21.0186,40.6909],[21.0353,40.6594],[21.0335,40.6487],[21.0186,40.6909]],[[21.2378,42.0974],[21.2917,42.0921],[21.2889,42.0897],[21.2378,42.0974]],[[21.295,42.149],[21.3013,42.1006],[21.2988,42.0984],[21.295,42.149]],[[21.3613,42.2182],[21.3668,42.2239],[21.3766,42.2226],[21.3613,42.2182]],[[21.5576,42.2639],[21.5717,42.2461],[21.5638,42.247],[21.5576,42.2639]],[[22.0476,42.3045],[22.076,42.3053],[22.0609,42.3011],[22.0476,42.3045]],[[22.8815,41.3356],[22.917,41.3358],[23.1152,41.3127],[22.8815,41.3356]],[[22.9014,41.8604],[22.9427,41.7758],[22.9397,41.7767],[22.9014,41.8604]],[[22.933,41.6123],[22.9351,41.6189],[22.9332,41.6055],[22.933,41.6123]],[[22.9334,41.595],[22.9487,41.561],[22.9337,41.5846],[22.9334,41.595]],[[22.9385,41.6299],[22.9409,41.6376],[22.9443,41.6388],[22.9385,41.6299]],[[22.967,41.647],[23.0004,41.7015],[22.9986,41.6931],[22.967,41.647]]],[[[21.2436,37.8352],[21.6966,37.5128],[21.6958,37.3164],[21.6482,37.2598],[22.155,37.3193],[22.694,37.1904],[22.6906,37.126],[22.9174,36.9971],[22.8532,37.2549],[22.7007,37.3193],[22.7144,37.5773],[22.9486,37.5773],[23.132,37.4486],[23.1685,37.3193],[23.278,37.3498],[23.23,37.3749],[23.2627,37.401],[23.4077,37.4139],[23.3468,37.6339],[23.3367,37.5355],[23.1083,37.6417],[23.0117,37.9053],[22.6572,37.9643],[22.6126,38.0918],[22.2185,38.1882],[21.9559,38.3367],[21.7642,38.2958],[21.7286,38.1578],[21.4156,38.1578],[21.2497,37.9643],[21.2436,37.8352]]],[[[22.833,38.8227],[23.0191,38.8783],[23.0094,38.918],[22.833,38.8227]]],[[[23.4014,37.3193],[23.4024,37.3193],[23.4024,37.3199],[23.4014,37.3193]]],[[[23.5634,38.7389],[23.6355,38.5286],[23.594,38.4534],[23.6492,38.4057],[24.0422,38.4015],[24.0669,38.351],[24.0254,38.3305],[24.1617,38.2698],[24.1789,38.5451],[24.0302,38.6743],[23.5634,38.7389]]],[[[24.1275,38.2224],[24.1447,38.2224],[24.1426,38.227],[24.157,38.2296],[24.1591,38.2287],[24.1614,38.2661],[24.1311,38.2358],[24.1275,38.2224]]],[[[20.6195,37.8228],[20.7934,37.6685],[20.9261,37.7284],[20.886,37.814],[20.7247,37.8998],[20.6554,37.8998],[20.6195,37.8228]]],[[[20.339,38.2002],[20.3801,38.1518],[20.4253,38.1753],[20.4351,38.2788],[20.4943,38.1337],[20.7865,38.0933],[20.6817,38.2821],[20.6429,38.2534],[20.5991,38.3026],[20.6224,38.3596],[20.5497,38.3901],[20.479,38.3095],[20.3999,38.3641],[20.339,38.2002]]],[[[20.7064,38.3243],[20.7194,38.3156],[20.7249,38.3165],[20.7064,38.3243]]],[[[23.4849,38.7389],[23.5634,38.7389],[23.5668,38.7946],[23.4888,38.8034],[23.4849,38.7389]]],[[[23.0302,39.0123],[23.0731,39.0363],[23.0731,39.0425],[23.0425,39.0401],[23.0315,39.0358],[23.0302,39.0123]]],[[[23.0365,38.9279],[23.3318,38.8034],[23.4651,38.8569],[23.3435,38.9972],[23.233,39.0202],[23.0365,38.9279]]],[[[64.6624,29.0224],[64.738,29.0224],[65.2761,29.5366],[66.164,29.858],[69.2028,30.3079],[70.4169,30.3079],[71.049,30.4364],[72.5544,30.3722],[72.5415,30.3079],[72.6933,30.3079],[72.6804,30.2436],[73.2616,30.1151],[73.2865,29.858],[73.438,29.858],[74.135,30.3079],[74.7062,30.5007],[74.8364,30.7578],[74.6011,31.0791],[74.6712,31.4005],[74.5614,31.5933],[74.6244,31.8748],[74.5589,31.8325],[74.8915,32.0431],[75.0569,32.4288],[75.3164,32.5574],[75.5205,33.7146],[75.4437,33.7146],[75.5081,33.9718],[75.4313,33.9718],[75.4247,34.5506],[75.5018,34.5506],[75.3204,34.7436],[75.3874,35.001],[75.2234,35.2584],[75.2574,35.3871],[75.1801,35.3871],[74.958,36.2884],[74.8804,36.2884],[74.8914,36.6105],[74.8137,36.6105],[74.8245,36.9941],[75.0134,37.3193],[74.7384,37.4483],[74.1924,37.4483],[73.766,37.3193],[73.7426,37.5128],[73.1602,37.3838],[72.5542,37.4483],[72.1396,37.6417],[72.0975,37.7707],[71.9412,37.7707],[71.779,38.0288],[71.364,38.2224],[71.2021,38.4806],[70.8886,38.4806],[70.2147,38.0288],[70.1619,37.8352],[70.2658,37.6417],[70.0752,37.5128],[69.4509,37.5128],[69.3498,37.126],[69.1161,37.126],[69.0103,37.3193],[68.7764,37.3193],[67.9768,36.9326],[66.5754,36.6105],[66.5444,36.4816],[66.6221,36.4816],[66.483,36.224],[67.1038,36.224],[67.2463,35.5158],[67.7256,35.5802],[67.6975,35.1297],[67.6203,35.1297],[67.2961,34.0361],[66.9399,33.4574],[66.9755,33.2645],[66.8086,33.2002],[66.625,32.6859],[66.2798,32.4931],[66.1518,32.236],[65.7069,31.9146],[65.0567,30.8863],[64.8221,29.9865],[64.6624,29.0224]],[[68.0169,36.9294],[68.0256,36.9271],[68.0202,36.9257],[68.0169,36.9294]],[[68.0433,36.9316],[68.1864,37.0183],[68.0549,36.9346],[68.0433,36.9316]],[[69.2457,37.1039],[69.3143,37.1189],[69.3121,37.1175],[69.2457,37.1039]],[[71.3191,36.2006],[71.3935,36.228],[71.3824,36.2186],[71.3191,36.2006]],[[71.3564,35.9331],[71.3685,35.894],[71.3607,35.9003],[71.3564,35.9331]],[[71.4008,35.868],[71.4167,35.8588],[71.4234,35.8499],[71.4008,35.868]],[[71.4471,35.8179],[71.4644,35.7947],[71.4658,35.7881],[71.4471,35.8179]],[[71.4756,35.741],[71.5027,35.7191],[71.5074,35.7095],[71.4756,35.741]],[[71.4833,35.6266],[71.5059,35.6034],[71.4927,35.6096],[71.4833,35.6266]],[[71.5144,35.6753],[71.5151,35.6935],[71.5198,35.6838],[71.5144,35.6753]],[[71.5316,35.3279],[71.6138,35.4035],[71.6111,35.3955],[71.5316,35.3279]],[[71.573,35.5692],[71.5842,35.5642],[71.5935,35.5494],[71.573,35.5692]],[[72.1496,36.6893],[72.1535,36.7021],[72.1657,36.7071],[72.1496,36.6893]],[[72.1861,36.7153],[72.2136,36.7264],[72.2821,36.738],[72.1861,36.7153]],[[72.3215,36.7447],[72.3873,36.7558],[72.4541,36.758],[72.3215,36.7447]],[[72.6028,36.8252],[72.6296,36.8329],[72.6623,36.8326],[72.6028,36.8252]],[[72.7375,36.8318],[72.8677,36.8304],[72.7794,36.8268],[72.7375,36.8318]],[[73.6401,36.8966],[73.7729,36.892],[73.8071,36.8848],[73.6401,36.8966]],[[73.7749,34.371],[73.7798,34.3961],[73.7963,34.4185],[73.7749,34.371]],[[73.7827,34.3468],[73.8217,34.3204],[73.8042,34.3275],[73.7827,34.3468]],[[73.8356,34.3146],[73.9377,34.3042],[73.8533,34.3074],[73.8356,34.3146]],[[73.8492,36.876],[73.8651,36.8726],[73.9469,36.8309],[73.8492,36.876]],[[73.8937,34.0543],[73.9458,34.0098],[73.9162,34.0279],[73.8937,34.0543]],[[74.4446,37.0023],[74.457,37.0044],[74.4713,36.9998],[74.4446,37.0023]],[[74.4787,36.9974],[74.4803,36.9969],[74.5214,36.9585],[74.4787,36.9974]],[[74.5351,31.7711],[74.5408,31.8109],[74.5485,31.8201],[74.5351,31.7711]]],[[[26.1325,39.5143],[26.9377,39.5748],[26.9299,39.4877],[26.801,39.4335],[26.7422,39.2557],[26.8945,39.1911],[26.8793,38.9972],[26.9579,38.9972],[26.9399,38.9327],[27.0413,38.9401],[27.0627,38.8869],[26.9084,38.8204],[26.9314,38.7551],[26.8495,38.6097],[27.0798,38.5451],[27.0728,38.4537],[27.1642,38.4466],[27.0694,38.4094],[27.065,38.3515],[26.6762,38.3515],[26.6731,38.3072],[26.595,38.3515],[26.5358,38.6097],[26.3895,38.6719],[26.4058,38.4535],[26.513,38.4329],[26.4515,38.4261],[26.4289,38.2224],[26.8203,38.2224],[26.889,38.0933],[27.2753,38.0288],[27.2559,37.7707],[27.1794,37.6106],[27.31,37.4483],[27.2383,37.3426],[27.4072,37.4127],[27.4385,37.3908],[27.3921,37.3538],[27.5392,37.3838],[27.5644,37.2735],[27.616,37.2747],[27.598,37.126],[28.0653,37.126],[28.1313,37.0363],[28.3294,37.0368],[28.2124,37.0004],[28.1653,36.9116],[28.1034,36.9353],[28.0583,36.7721],[28.1184,36.8006],[28.1305,36.754],[28.0314,36.6749],[28.1961,36.6854],[28.2572,36.8462],[28.315,36.8291],[28.2934,36.7959],[28.452,36.8836],[29.1249,36.7393],[29.2163,36.3291],[29.3496,36.2326],[29.4116,36.2674],[29.4666,36.224],[29.938,36.224],[30.0261,36.3528],[30.4919,36.3528],[30.6191,36.9326],[31.3916,36.8682],[31.8407,36.6749],[31.7384,37.2549],[31.5944,37.3838],[31.6185,37.6417],[32.0338,37.8998],[33.6753,37.8998],[34.358,37.7062],[35.6712,37.5773],[35.9981,37.7062],[36.3481,38.0288],[37.1146,37.8998],[37.764,38.0933],[39.1722,38.0933],[39.599,37.7707],[39.4626,37.3193],[38.737,37.126],[38.2696,37.126],[38.1762,36.9971],[38.0205,36.9971],[37.7969,36.4172],[37.4789,36.3528],[37.4643,36.224],[35.9194,36.2884],[35.9125,36.224],[35.9901,36.224],[35.9767,36.001],[35.8449,35.5802],[35.9929,35.5158],[35.9153,35.2879],[35.9624,35.1979],[35.927,34.8723],[36.0682,34.7436],[36.0488,34.5506],[35.7921,34.2933],[35.6652,34.3113],[35.6838,33.9718],[35.4705,33.9021],[35.4993,33.6502],[35.3944,33.65],[35.3984,33.3931],[35.2154,33.0716],[35.089,33.0205],[35.0218,32.6216],[34.8851,32.4821],[34.7926,32.161],[34.813,31.9789],[34.6909,31.9134],[34.6028,31.7558],[34.6334,31.6575],[34.3024,31.3362],[34.434,31.0791],[34.5405,30.5007],[34.6164,30.5007],[35.3522,31.1434],[35.499,31.0791],[35.662,31.2076],[36.4231,31.2076],[36.3866,31.6575],[36.6623,32.1717],[36.5155,32.236],[36.7507,32.3002],[36.7168,32.7502],[36.901,33.0716],[37.0542,33.0716],[37.0732,33.2645],[37.5726,33.6502],[37.7261,33.6502],[37.7395,33.7789],[37.9902,33.9718],[39.1238,34.4863],[40.2569,34.2933],[40.4033,34.229],[40.3115,34.1004],[40.8499,34.1004],[40.9117,33.9718],[41.2116,33.9075],[41.4886,33.6502],[42.5783,33.1359],[42.7085,32.943],[43.1526,32.8145],[43.3514,32.5574],[43.9102,32.7502],[44.2084,32.6859],[44.2481,33.0073],[44.4175,33.1359],[44.5708,33.1359],[44.6311,33.0073],[45.099,33.0716],[45.4654,32.943],[45.8991,33.3288],[46.0525,33.3288],[46.0697,33.4574],[45.8567,33.5859],[45.9771,33.9075],[45.9178,34.0361],[46.1574,34.1004],[46.1432,34.5506],[45.9573,34.8723],[45.994,35.1297],[45.5855,35.5158],[45.1489,35.7089],[45.2081,36.4187],[45.1108,36.4025],[45.2083,36.4217],[45.2509,36.9326],[44.8713,36.9971],[44.7446,37.1904],[44.7738,37.3838],[44.4131,37.5773],[43.9448,37.5773],[42.5082,37.8998],[41.961,37.8998],[41.6666,38.0288],[40.5716,38.0288],[40.5983,38.2224],[40.4507,38.2869],[39.45,38.416],[38.7525,39.0618],[38.3768,39.1911],[38.473,39.3203],[37.4756,39.5143],[36.1528,39.6436],[34.7896,39.4496],[34.6552,39.6436],[34.4975,39.6436],[34.284,39.8376],[34.4496,40.5496],[34.3705,40.5496],[34.348,41.0032],[33.4513,40.8088],[32.9039,40.8736],[32.8093,40.744],[32.1974,40.9384],[31.714,40.8736],[31.196,40.4849],[29.4906,40.7272],[28.9113,40.5999],[28.9156,40.4714],[29.1515,40.4341],[29.0463,40.3554],[27.9388,40.3554],[27.904,40.3999],[27.9505,40.4849],[27.7921,40.4849],[27.7918,40.3929],[27.8836,40.3863],[27.6958,40.2906],[27.5376,40.2906],[27.2948,40.4059],[26.6819,40.3561],[26.4052,40.1887],[26.3622,40.0635],[26.236,39.9989],[26.1325,39.5143]],[[45.1108,36.4025],[45.0837,36.4128],[45.0791,36.4197],[45.1108,36.4025]],[[35.4529,31.4008],[35.4585,31.4916],[35.4587,31.4916],[35.4593,31.4958],[35.4529,31.4008]],[[35.552,32.3679],[35.5533,32.3691],[35.5656,32.3134],[35.552,32.3679]],[[35.5568,32.3724],[35.5594,32.3748],[35.5656,32.3679],[35.5568,32.3724]],[[35.5585,32.5191],[35.5614,32.5192],[35.5674,32.5102],[35.5585,32.5191]],[[35.5594,32.4704],[35.5626,32.4747],[35.5725,32.4567],[35.5594,32.4704]],[[35.5688,32.4829],[35.5778,32.4948],[35.58,32.4915],[35.5688,32.4829]],[[35.7716,32.7467],[35.7749,32.7473],[35.7882,32.7344],[35.7716,32.7467]],[[36.2318,33.8525],[36.3178,33.8272],[36.3006,33.8287],[36.2318,33.8525]],[[36.2672,33.9104],[36.2886,33.9465],[36.2691,33.9073],[36.2672,33.9104]],[[36.2699,33.906],[36.3111,33.872],[36.2753,33.8972],[36.2699,33.906]],[[36.6896,32.3197],[36.7069,32.3283],[36.7231,32.3266],[36.6896,32.3197]],[[42.7157,37.3553],[42.7805,37.3755],[42.788,37.3732],[42.7157,37.3553]],[[42.7951,37.371],[42.8011,37.3691],[42.8141,37.3468],[42.7951,37.371]],[[44.7525,37.1131],[44.7649,37.1394],[44.7544,37.1084],[44.7525,37.1131]],[[44.8666,36.7801],[44.9227,36.7759],[44.8772,36.7765],[44.8666,36.7801]],[[44.9962,36.7417],[45.0353,36.6896],[45.0373,36.6808],[44.9962,36.7417]],[[45.0355,36.633],[45.0426,36.6569],[45.0443,36.6493],[45.0355,36.633]],[[45.0382,36.494],[45.0608,36.4472],[45.0391,36.4798],[45.0382,36.494]]],[[[26.253,40.0786],[26.3758,40.1535],[26.3655,40.1641],[26.2568,40.0964],[26.253,40.0786]]],[[[27.5815,37.1982],[27.5831,37.1912],[27.5877,37.1988],[27.5815,37.1982]]],[[[38.6826,39.1265],[38.7613,39.1265],[38.7701,39.1911],[38.6914,39.1911],[38.6826,39.1265]]]]}},{"type":"Feature","properties":{"territoryId":"cliopatria-q846025-10414cdb10","name":"(Mahajanapadas)","name_ko":"십육대국","color":"#3a52d9","colorFamily":0,"startYear":-365,"endYear":-350,"source_name":"Cliopatria v0.2.0","source_url":"https://github.com/Seshat-Global-History-Databank/cliopatria","license":"CC BY 4.0","attribution":"Seshat Global History Databank, Cliopatria contributors"},"geometry":{"type":"MultiPolygon","coordinates":[[[[77.8039,19.7005],[77.952,19.7005],[77.9296,19.5077],[78.3738,19.5077],[78.5294,19.5719],[78.5445,19.7005],[78.6926,19.7005],[78.7969,19.9577],[78.4415,20.0862],[78.4565,20.2148],[78.16,20.2148],[78.1451,20.0862],[77.8338,19.9577],[77.8039,19.7005]]],[[[74.363,23.236],[74.986,22.851],[81.008,22.272],[81.289,22.143],[81.446,22.208],[81.652,22.079],[83.409,21.886],[83.541,21.758],[83.92,21.822],[85.362,21.501],[86.02,20.858],[86.192,20.472],[86.15,20.151],[86.3321,20.022],[86.3932,20.022],[86.5115,20.1975],[86.7546,20.3144],[86.6937,20.2939],[86.8019,20.4015],[86.7205,20.3685],[86.7515,20.4892],[87.0146,20.6685],[86.9402,20.698],[86.9987,20.7111],[86.9866,20.7519],[86.8788,20.7806],[86.9657,20.806],[86.844,21.0822],[86.9177,21.3274],[87.2009,21.552],[87.7038,21.6555],[87.834,21.7293],[87.9837,21.8542],[88.0431,22.0173],[88.1643,22.0898],[88.1326,22.1791],[87.9653,22.2448],[87.9066,22.4247],[88.009,22.2404],[88.198,22.1678],[88.2224,22.0779],[88.1467,21.9592],[88.2081,21.6036],[88.3039,21.5749],[88.2616,21.7987],[88.3097,21.6102],[88.3312,21.7191],[88.4599,21.693],[88.4956,21.9518],[88.5115,21.719],[88.6602,22.205],[88.6442,22.079],[88.763,22.1306],[88.7085,22.0722],[88.763,22.0173],[88.7102,21.8849],[88.717,21.629],[88.7819,21.629],[88.8109,21.6917],[88.803,21.629],[88.8511,21.629],[88.8587,21.7668],[88.8916,21.6535],[89.0832,21.629],[89.0159,21.8533],[88.905,21.9694],[89.0095,21.9046],[89.0609,21.9385],[89.0437,22.1374],[89.1047,21.8159],[89.2947,21.758],[89.3596,21.9723],[89.369,21.758],[89.4503,21.758],[89.5218,21.9623],[89.4758,22.2951],[89.5329,21.9847],[89.5794,22.1132],[89.5492,22.2053],[89.6265,22.336],[89.5274,21.8128],[89.5364,21.758],[89.675,21.758],[89.7007,21.7849],[89.619,21.8699],[89.647,21.9251],[89.7092,21.8301],[89.8642,21.8805],[89.7972,22.076],[89.8713,22.0919],[89.8729,22.4186],[89.9204,22.3918],[90.0101,22.4902],[89.8768,22.2747],[89.9146,22.0617],[89.9678,21.9746],[90.0784,22.164],[89.9963,22.0002],[90.058,21.9937],[90.2361,22.1989],[90.0339,21.9435],[90.08,21.8639],[90.1262,21.932],[90.0948,21.8525],[90.1457,21.8135],[90.2907,21.8903],[90.4129,22.178],[90.3943,22.2882],[90.4085,22.0859],[90.558,22.2034],[90.6066,22.4658],[90.5241,22.5831],[90.4421,22.4936],[90.5127,22.6115],[90.4929,22.7099],[90.3726,22.7614],[90.54,22.8966],[90.4489,23.0557],[90.572,23.0817],[90.6108,23.2308],[90.2503,23.4669],[90.5519,23.385],[90.5768,23.5395],[90.4763,23.583],[90.6333,23.5966],[90.6078,23.4911],[90.7056,23.5545],[90.715,23.4984],[90.6003,23.4499],[90.6673,23.2676],[90.6294,23.0644],[90.7949,22.7414],[90.9549,22.5758],[91.0379,22.5886],[91.0183,22.6831],[91.0802,22.562],[91.229,22.593],[91.2645,22.6408],[91.169,22.6849],[91.1819,22.7265],[91.3174,22.6972],[91.2908,22.7384],[91.4147,22.7537],[91.4905,22.9045],[91.4613,22.7716],[91.509,22.979],[91.658,22.979],[91.473,23.236],[91.26,23.301],[91.29,23.493],[91.215,23.493],[91.412,24.265],[91.263,24.265],[91.391,24.586],[91.316,24.586],[91.244,25.036],[91.106,25.101],[91.203,25.229],[90.979,25.229],[90.789,25.422],[90.214,25.551],[90.088,25.679],[89.926,25.615],[89.875,25.744],[89.714,25.679],[89.513,25.808],[89.213,25.808],[88.362,26.065],[88.236,26.194],[88.074,26.129],[88.098,26.258],[87.862,26.194],[87.286,26.322],[87.385,26.451],[87.16,26.451],[87.034,26.579],[86.722,26.515],[86.608,26.708],[86.396,26.772],[86.42,26.901],[86.183,26.837],[86.082,27.094],[85.493,27.158],[85.518,27.287],[85.281,27.222],[84.705,27.351],[84.729,27.479],[84.592,27.544],[84.291,27.544],[84.316,27.672],[83.552,27.608],[82.7175,27.2191],[80.7902,27.0021],[77.5004,25.4224],[76.548,25.1844],[75.6538,24.7337],[74.8838,24.2162],[74.363,23.236]],[[84.6273,27.0365],[84.7607,26.999],[84.6402,27.0284],[84.6273,27.0365]],[[85.1949,26.7589],[85.2957,26.7387],[85.2873,26.737],[85.1949,26.7589]],[[88.5401,23.65],[88.5612,23.741],[88.5416,23.6388],[88.5401,23.65]],[[88.5764,23.5918],[88.6092,23.5888],[88.5815,23.5883],[88.5764,23.5918]],[[89.0623,22.2116],[89.0762,22.175],[89.0782,22.1508],[89.0623,22.2116]],[[91.1406,23.6197],[91.1951,23.4952],[91.1408,23.6121],[91.1406,23.6197]],[[91.214,23.7996],[91.2282,23.845],[91.2253,23.8261],[91.214,23.7996]]],[[[86.2743,20.0286],[86.281,20.022],[86.292,20.022],[86.2891,20.0264],[86.2743,20.0286]]],[[[88.1235,21.6324],[88.1394,21.6303],[88.1444,21.6578],[88.1326,21.685],[88.1634,21.7055],[88.167,21.7654],[88.1521,21.842],[88.1235,21.6324]]],[[[88.7058,22.05],[88.7075,21.9852],[88.7307,22.0372],[88.7058,22.05]]],[[[89.0457,21.9171],[89.1022,21.7369],[89.139,21.7668],[89.0457,21.9171]]],[[[90.3396,21.9723],[90.37,22.0095],[90.3832,22.0314],[90.3875,22.048],[90.3739,22.0456],[90.3587,22.0227],[90.3396,21.9723]]],[[[90.4297,23.3852],[90.4373,23.3618],[90.4871,23.319],[90.5061,23.3142],[90.5241,23.3223],[90.5296,23.3336],[90.5862,23.3017],[90.5776,23.3236],[90.5394,23.35],[90.4557,23.385],[90.4297,23.3852]]],[[[90.4557,22.7674],[90.521,22.7118],[90.591,22.8139],[90.6782,22.8083],[90.5444,22.8807],[90.4734,22.8651],[90.4557,22.7674]]],[[[90.4557,23.0628],[90.4695,23.0076],[90.5156,23.0519],[90.5104,23.069],[90.4557,23.0628]]],[[[90.4976,22.079],[90.5734,22.079],[90.6135,22.164],[90.4976,22.079]]],[[[90.5081,22.9758],[90.6673,22.9182],[90.5862,23.0349],[90.5081,22.9758]]],[[[90.5563,22.6747],[90.6818,22.4453],[90.6112,22.079],[90.6276,22.0294],[90.6818,22.1026],[90.6475,21.994],[90.8279,22.1524],[90.855,22.4347],[90.6506,22.7874],[90.5855,22.7681],[90.5563,22.6747]]],[[[90.6014,22.4292],[90.6401,22.3087],[90.6587,22.3795],[90.6014,22.4292]]],[[[90.6475,22.4247],[90.6673,22.439],[90.6653,22.4691],[90.6535,22.4835],[90.6475,22.4247]]]]}},{"type":"Feature","properties":{"territoryId":"cliopatria-q185063-0862ee3e46","name":"(Warring States China)","name_ko":"전국 시대","color":"#e0a35c","colorFamily":1,"startYear":-365,"endYear":-350,"source_name":"Cliopatria v0.2.0","source_url":"https://github.com/Seshat-Global-History-Databank/cliopatria","license":"CC BY 4.0","attribution":"Seshat Global History Databank, Cliopatria contributors"},"geometry":{"type":"MultiPolygon","coordinates":[[[[108.1695,35.5158],[108.3497,35.3871],[108.2982,35.2584],[108.4528,35.2584],[108.2477,34.9366],[109.2254,34.8723],[109.2516,34.7436],[109.5862,34.615],[109.5608,34.5506],[109.7149,34.5506],[109.6643,34.422],[110.0241,34.3577],[110.2314,34.1004],[110.514,34.0361],[110.3872,33.9075],[110.5409,33.9075],[110.4912,33.7789],[110.2115,33.6502],[110.2149,33.4574],[109.7829,33.3288],[109.7109,33.1359],[109.8165,33.0073],[109.5524,32.4931],[109.6288,32.4931],[109.3125,31.5933],[109.4752,31.4005],[109.3555,31.2719],[109.4861,31.2076],[109.4763,30.9506],[109.9158,30.4364],[110.4056,30.3079],[110.2273,29.9865],[110.6618,29.9223],[111.2987,29.5366],[111.8086,29.4723],[111.9959,29.3438],[112.9037,29.3438],[113.2668,29.5366],[113.5836,30.0508],[113.9506,30.2436],[114.1127,30.5007],[116.1186,30.3722],[116.0966,30.3079],[116.27,29.9223],[116.7364,29.7294],[117.1908,29.7294],[117.5269,29.6009],[117.9054,29.6009],[117.8842,29.5366],[117.9599,29.5366],[117.9811,29.6009],[118.3597,29.6009],[119.2257,29.9223],[119.7784,29.9865],[120.2424,29.7937],[121.3124,29.6009],[121.42,29.4723],[121.511,29.549],[121.5308,29.51],[121.6873,29.5626],[122.0108,29.8874],[121.7219,29.9605],[121.4054,30.3079],[121.1328,30.3079],[120.8088,30.1151],[120.6944,30.1721],[120.6463,30.1269],[120.7922,30.0661],[120.6318,30.1224],[120.7314,30.2338],[120.6216,30.3726],[120.4505,30.3689],[120.3847,30.2496],[120.2744,30.2776],[120.1471,30.1989],[120.2579,30.2981],[120.379,30.2735],[120.4791,30.4035],[120.6981,30.394],[120.7883,30.2938],[120.9981,30.5579],[121.5192,30.822],[121.9131,30.859],[121.9551,30.9713],[121.7252,31.2816],[121.3203,31.5048],[121.1444,31.6847],[120.7315,31.8139],[120.7171,31.8611],[120.8248,31.8287],[120.7504,31.9783],[120.4695,32.0251],[120.23,31.9089],[120.0064,31.9503],[119.7725,32.1268],[119.7886,32.1986],[119.6904,32.2353],[119.606,32.1969],[119.6854,32.2924],[119.6129,32.3546],[119.8421,32.2991],[119.992,32.0159],[120.1314,31.9432],[120.2671,31.9487],[120.4908,32.0825],[120.6344,32.077],[120.8108,32.0226],[120.9407,31.8482],[121.1641,31.8265],[121.2864,31.8906],[121.8173,31.6909],[121.9173,31.7616],[121.7986,31.9705],[121.4434,32.1143],[121.3608,32.2316],[121.4193,32.2503],[121.3894,32.3849],[121.1008,32.498],[120.8303,32.6977],[120.9048,32.8126],[120.8958,33.0136],[120.8259,33.0302],[120.807,33.1378],[120.7302,33.2049],[120.7503,33.2696],[120.6672,33.3251],[120.6344,33.4669],[120.4837,33.65],[120.5049,33.7356],[120.3997,33.8693],[120.2571,34.3118],[119.6477,34.5338],[119.3467,34.7808],[119.1922,34.7182],[119.1929,35.0004],[119.2212,35.064],[119.358,35.0971],[119.4239,35.3135],[119.5319,35.3586],[119.648,35.5839],[119.7325,35.6208],[119.7439,35.5759],[119.8401,35.6579],[119.8602,35.6061],[119.9046,35.6246],[119.9082,35.7449],[120.0029,35.7278],[120.0388,35.8428],[120.2617,35.9859],[120.1753,35.9936],[120.1002,36.0961],[120.0972,36.2264],[120.2845,36.176],[120.3064,36.2742],[120.3616,36.1916],[120.292,36.062],[120.3535,36.0408],[120.6278,36.1165],[120.6836,36.2056],[120.6436,36.3225],[120.7107,36.3245],[120.7141,36.4287],[120.95,36.4592],[120.9636,36.5479],[120.8504,36.6046],[120.7503,36.5408],[120.7506,36.6168],[120.8506,36.6509],[120.9774,36.5899],[121.4017,36.7124],[121.4595,36.8287],[121.6072,36.845],[121.5032,36.7886],[121.5247,36.7543],[121.9498,36.9389],[121.9263,36.9936],[122.0872,36.9326],[122.1661,37.0141],[122.1627,36.9458],[122.2659,36.898],[122.1969,36.898],[122.1853,36.8499],[122.2921,36.8285],[122.4364,36.8707],[122.4058,36.9222],[122.4985,36.9389],[122.5074,36.898],[122.5373,37.0122],[122.4024,37.0215],[122.4539,37.1543],[122.4707,37.1103],[122.5779,37.2553],[122.5497,37.3198],[122.5947,37.2952],[122.5708,37.3448],[122.6861,37.41],[122.2965,37.4182],[122.2454,37.4597],[122.1832,37.4182],[122.1218,37.5627],[122.0256,37.528],[121.988,37.4256],[121.635,37.4813],[121.5874,37.4536],[121.6761,37.4392],[121.5703,37.4287],[121.3817,37.5661],[121.4298,37.5969],[121.3936,37.6225],[121.1716,37.5771],[121.138,37.7012],[121.0326,37.7104],[120.9258,37.8193],[120.738,37.834],[120.2157,37.6841],[120.3225,37.6324],[120.1876,37.5118],[119.8589,37.3602],[119.8973,37.2494],[119.7706,37.1518],[119.2871,37.1373],[118.9612,37.2956],[118.97,37.5935],[119.0371,37.7221],[119.1746,37.7085],[119.2164,37.794],[118.9966,37.9631],[118.9248,38.0578],[118.95,38.0973],[118.7604,38.1551],[118.543,38.0683],[118.0652,38.1431],[117.6025,38.4806],[117.5435,38.6213],[117.584,38.8116],[117.7604,39.0355],[117.7154,39.1114],[118.028,39.2198],[118.2249,39.0618],[118.4054,39.0618],[118.5271,39.1492],[118.9894,39.1911],[119.2844,39.4496],[119.2814,39.575],[119.2293,39.536],[119.2086,39.5696],[119.2849,39.5954],[119.3804,39.7729],[119.5264,39.832],[119.5356,39.8908],[120.4722,40.2145],[120.6041,40.4652],[120.8253,40.674],[120.971,40.7381],[120.9363,40.7556],[120.9819,40.8268],[121.0488,40.799],[121.227,40.9384],[119.3442,40.4201],[117.5675,40.3554],[117.0656,40.1612],[117.0305,40.0964],[116.4522,39.9023],[116.1365,39.9023],[116.1021,39.8376],[115.8997,39.9023],[115.8312,39.7729],[115.4479,39.6436],[114.359,38.7389],[114.0917,38.6743],[114.1069,38.5451],[113.2674,37.7707],[112.6499,37.4483],[112.3086,37.3838],[112.1722,37.2549],[109.6546,36.4816],[108.7896,35.7089],[108.2215,35.6445],[108.1695,35.5158]]],[[[119.7162,32.2726],[119.8193,32.2038],[119.792,32.1218],[119.9019,32.0734],[119.8143,32.2756],[119.7162,32.2726]]],[[[120.282,36.0019],[120.2888,36.0073],[120.2849,36.0109],[120.282,36.0019]]],[[[120.7502,37.8986],[120.7546,37.8967],[120.7549,37.8996],[120.7538,37.8998],[120.7502,37.8986]]],[[[120.9419,31.8421],[120.9506,31.8252],[120.9778,31.8144],[121.0114,31.8171],[120.9419,31.8421]]],[[[121.212,31.8219],[121.4047,31.8032],[121.3861,31.8117],[121.3226,31.8293],[121.2641,31.8411],[121.2193,31.8295],[121.212,31.8219]]],[[[121.2202,31.7418],[121.4685,31.5894],[121.4544,31.6575],[121.2202,31.7418]]],[[[121.5735,31.529],[121.6292,31.5179],[121.6335,31.529],[121.5735,31.529]]],[[[121.5845,31.4414],[121.5968,31.4332],[121.6004,31.4425],[121.5845,31.4414]]],[[[121.6461,31.4005],[121.78,31.3252],[121.7206,31.4005],[121.6461,31.4005]]],[[[121.6698,29.5124],[121.73,29.5221],[121.7246,29.5385],[121.7109,29.5386],[121.6698,29.5124]]],[[[121.745,29.5447],[121.8255,29.5462],[121.8696,29.6273],[121.745,29.5447]]],[[[121.7499,29.5253],[121.7633,29.5274],[121.764,29.5308],[121.7499,29.5253]]],[[[121.9336,29.9213],[121.9461,29.904],[121.9741,29.8998],[121.9924,29.9083],[121.9935,29.9188],[121.9771,29.9388],[121.952,29.9467],[121.9409,29.9377],[121.9336,29.9213]]]]}},{"type":"Feature","properties":{"territoryId":"cliopatria-q185063-0862ee3e46","name":"(Warring States China)","name_ko":"전국 시대","color":"#e0a35c","colorFamily":1,"startYear":-349,"endYear":-337,"source_name":"Cliopatria v0.2.0","source_url":"https://github.com/Seshat-Global-History-Databank/cliopatria","license":"CC BY 4.0","attribution":"Seshat Global History Databank, Cliopatria contributors"},"geometry":{"type":"MultiPolygon","coordinates":[[[[108.1695,35.5158],[108.3497,35.3871],[108.2982,35.2584],[108.4528,35.2584],[108.2477,34.9366],[109.2254,34.8723],[109.2516,34.7436],[109.5862,34.615],[109.5608,34.5506],[109.7149,34.5506],[109.6643,34.422],[110.0241,34.3577],[110.2314,34.1004],[110.514,34.0361],[110.3872,33.9075],[110.5409,33.9075],[110.4912,33.7789],[110.2115,33.6502],[110.2149,33.4574],[109.7829,33.3288],[109.7109,33.1359],[109.8165,33.0073],[109.5524,32.4931],[109.6288,32.4931],[109.3125,31.5933],[109.4752,31.4005],[109.3555,31.2719],[109.4861,31.2076],[109.4763,30.9506],[109.9158,30.4364],[110.4056,30.3079],[110.2273,29.9865],[110.6618,29.9223],[111.2987,29.5366],[111.8086,29.4723],[111.9959,29.3438],[112.9037,29.3438],[113.2668,29.5366],[113.5836,30.0508],[113.9506,30.2436],[114.1127,30.5007],[116.1186,30.3722],[116.0966,30.3079],[116.27,29.9223],[116.7364,29.7294],[117.1908,29.7294],[117.5269,29.6009],[117.9054,29.6009],[117.8842,29.5366],[117.9599,29.5366],[117.9811,29.6009],[118.3597,29.6009],[119.2257,29.9223],[119.7784,29.9865],[120.2424,29.7937],[121.3124,29.6009],[121.42,29.4723],[121.511,29.549],[121.5308,29.51],[121.6873,29.5626],[122.0108,29.8874],[121.7219,29.9605],[121.4054,30.3079],[121.1328,30.3079],[120.8088,30.1151],[120.6944,30.1721],[120.6463,30.1269],[120.7922,30.0661],[120.6318,30.1224],[120.7314,30.2338],[120.6216,30.3726],[120.4505,30.3689],[120.3847,30.2496],[120.2744,30.2776],[120.1471,30.1989],[120.2579,30.2981],[120.379,30.2735],[120.4791,30.4035],[120.6981,30.394],[120.7883,30.2938],[120.9981,30.5579],[121.5192,30.822],[121.9131,30.859],[121.9551,30.9713],[121.7252,31.2816],[121.3203,31.5048],[121.1444,31.6847],[120.7315,31.8139],[120.7171,31.8611],[120.8248,31.8287],[120.7504,31.9783],[120.4695,32.0251],[120.23,31.9089],[120.0064,31.9503],[119.7725,32.1268],[119.7886,32.1986],[119.6904,32.2353],[119.606,32.1969],[119.6854,32.2924],[119.6129,32.3546],[119.8421,32.2991],[119.992,32.0159],[120.1314,31.9432],[120.2671,31.9487],[120.4908,32.0825],[120.6344,32.077],[120.8108,32.0226],[120.9407,31.8482],[121.1641,31.8265],[121.2864,31.8906],[121.8173,31.6909],[121.9173,31.7616],[121.7986,31.9705],[121.4434,32.1143],[121.3608,32.2316],[121.4193,32.2503],[121.3894,32.3849],[121.1008,32.498],[120.8303,32.6977],[120.9048,32.8126],[120.8958,33.0136],[120.8259,33.0302],[120.807,33.1378],[120.7302,33.2049],[120.7503,33.2696],[120.6672,33.3251],[120.6344,33.4669],[120.4837,33.65],[120.5049,33.7356],[120.3997,33.8693],[120.2571,34.3118],[119.6477,34.5338],[119.3467,34.7808],[119.1922,34.7182],[119.1929,35.0004],[119.2212,35.064],[119.358,35.0971],[119.4239,35.3135],[119.5319,35.3586],[119.648,35.5839],[119.7325,35.6208],[119.7439,35.5759],[119.8401,35.6579],[119.8602,35.6061],[119.9046,35.6246],[119.9082,35.7449],[120.0029,35.7278],[120.0388,35.8428],[120.2617,35.9859],[120.1753,35.9936],[120.1002,36.0961],[120.0972,36.2264],[120.2845,36.176],[120.3064,36.2742],[120.3616,36.1916],[120.292,36.062],[120.3535,36.0408],[120.6278,36.1165],[120.6836,36.2056],[120.6436,36.3225],[120.7107,36.3245],[120.7141,36.4287],[120.95,36.4592],[120.9636,36.5479],[120.8504,36.6046],[120.7503,36.5408],[120.7506,36.6168],[120.8506,36.6509],[120.9774,36.5899],[121.4017,36.7124],[121.4595,36.8287],[121.6072,36.845],[121.5032,36.7886],[121.5247,36.7543],[121.9498,36.9389],[121.9263,36.9936],[122.0872,36.9326],[122.1661,37.0141],[122.1627,36.9458],[122.2659,36.898],[122.1969,36.898],[122.1853,36.8499],[122.2921,36.8285],[122.4364,36.8707],[122.4058,36.9222],[122.4985,36.9389],[122.5074,36.898],[122.5373,37.0122],[122.4024,37.0215],[122.4539,37.1543],[122.4707,37.1103],[122.5779,37.2553],[122.5497,37.3198],[122.5947,37.2952],[122.5708,37.3448],[122.6861,37.41],[122.2965,37.4182],[122.2454,37.4597],[122.1832,37.4182],[122.1218,37.5627],[122.0256,37.528],[121.988,37.4256],[121.635,37.4813],[121.5874,37.4536],[121.6761,37.4392],[121.5703,37.4287],[121.3817,37.5661],[121.4298,37.5969],[121.3936,37.6225],[121.1716,37.5771],[121.138,37.7012],[121.0326,37.7104],[120.9258,37.8193],[120.738,37.834],[120.2157,37.6841],[120.3225,37.6324],[120.1876,37.5118],[119.8589,37.3602],[119.8973,37.2494],[119.7706,37.1518],[119.2871,37.1373],[118.9612,37.2956],[118.97,37.5935],[119.0371,37.7221],[119.1746,37.7085],[119.2164,37.794],[118.9966,37.9631],[118.9248,38.0578],[118.95,38.0973],[118.7604,38.1551],[118.543,38.0683],[118.0652,38.1431],[117.6025,38.4806],[117.5435,38.6213],[117.584,38.8116],[117.7604,39.0355],[117.7154,39.1114],[118.028,39.2198],[118.2249,39.0618],[118.4054,39.0618],[118.5271,39.1492],[118.9894,39.1911],[119.2844,39.4496],[119.2814,39.575],[119.2293,39.536],[119.2086,39.5696],[119.2849,39.5954],[119.3804,39.7729],[119.5264,39.832],[119.5356,39.8908],[120.4722,40.2145],[120.6041,40.4652],[120.8253,40.674],[120.971,40.7381],[120.9363,40.7556],[120.9819,40.8268],[121.0488,40.799],[121.227,40.9384],[119.3442,40.4201],[117.5675,40.3554],[117.0656,40.1612],[117.0305,40.0964],[116.4522,39.9023],[116.1365,39.9023],[116.1021,39.8376],[115.8997,39.9023],[115.8312,39.7729],[115.4479,39.6436],[114.359,38.7389],[114.0917,38.6743],[114.1069,38.5451],[113.825,38.2869],[113.7467,38.2869],[113.2674,37.7707],[112.4645,37.3838],[112.3086,37.3838],[110.8818,36.8037],[110.7543,36.8682],[110.6981,36.7393],[109.6546,36.4816],[108.7896,35.7089],[108.2215,35.6445],[108.1695,35.5158]]],[[[119.7162,32.2726],[119.8193,32.2038],[119.792,32.1218],[119.9019,32.0734],[119.8143,32.2756],[119.7162,32.2726]]],[[[120.282,36.0019],[120.2888,36.0073],[120.2849,36.0109],[120.282,36.0019]]],[[[120.7502,37.8986],[120.7546,37.8967],[120.7549,37.8996],[120.7538,37.8998],[120.7502,37.8986]]],[[[120.9419,31.8421],[120.9506,31.8252],[120.9778,31.8144],[121.0114,31.8171],[120.9419,31.8421]]],[[[121.212,31.8219],[121.4047,31.8032],[121.3861,31.8117],[121.3226,31.8293],[121.2641,31.8411],[121.2193,31.8295],[121.212,31.8219]]],[[[121.2202,31.7418],[121.4685,31.5894],[121.4544,31.6575],[121.2202,31.7418]]],[[[121.5735,31.529],[121.6292,31.5179],[121.6335,31.529],[121.5735,31.529]]],[[[121.5845,31.4414],[121.5968,31.4332],[121.6004,31.4425],[121.5845,31.4414]]],[[[121.6461,31.4005],[121.78,31.3252],[121.7206,31.4005],[121.6461,31.4005]]],[[[121.6698,29.5124],[121.73,29.5221],[121.7246,29.5385],[121.7109,29.5386],[121.6698,29.5124]]],[[[121.745,29.5447],[121.8255,29.5462],[121.8696,29.6273],[121.745,29.5447]]],[[[121.7499,29.5253],[121.7633,29.5274],[121.764,29.5308],[121.7499,29.5253]]],[[[121.9336,29.9213],[121.9461,29.904],[121.9741,29.8998],[121.9924,29.9083],[121.9935,29.9188],[121.9771,29.9388],[121.952,29.9467],[121.9409,29.9377],[121.9336,29.9213]]]]}},{"type":"Feature","properties":{"territoryId":"cliopatria-q185063-0862ee3e46","name":"(Warring States China)","name_ko":"전국 시대","color":"#e0a35c","colorFamily":1,"startYear":-336,"endYear":-333,"source_name":"Cliopatria v0.2.0","source_url":"https://github.com/Seshat-Global-History-Databank/cliopatria","license":"CC BY 4.0","attribution":"Seshat Global History Databank, Cliopatria contributors"},"geometry":{"type":"MultiPolygon","coordinates":[[[[108.1695,35.5158],[108.3497,35.3871],[108.2982,35.2584],[108.4528,35.2584],[108.2477,34.9366],[109.2254,34.8723],[109.2516,34.7436],[109.5862,34.615],[109.5608,34.5506],[109.7149,34.5506],[109.6643,34.422],[110.0241,34.3577],[110.2314,34.1004],[110.514,34.0361],[110.3872,33.9075],[110.5409,33.9075],[110.4912,33.7789],[110.2115,33.6502],[110.2149,33.4574],[109.7829,33.3288],[109.7109,33.1359],[109.8165,33.0073],[109.5524,32.4931],[109.6288,32.4931],[109.3125,31.5933],[109.4752,31.4005],[109.3555,31.2719],[109.4861,31.2076],[109.4763,30.9506],[109.9158,30.4364],[110.4056,30.3079],[110.2273,29.9865],[110.6618,29.9223],[111.2987,29.5366],[111.8086,29.4723],[111.9959,29.3438],[112.9037,29.3438],[113.2668,29.5366],[113.5836,30.0508],[113.9506,30.2436],[114.1127,30.5007],[116.1186,30.3722],[116.0966,30.3079],[116.27,29.9223],[116.7364,29.7294],[117.1908,29.7294],[117.5269,29.6009],[117.9054,29.6009],[117.8842,29.5366],[117.9599,29.5366],[117.9811,29.6009],[118.3597,29.6009],[119.2257,29.9223],[119.7784,29.9865],[120.2424,29.7937],[121.3124,29.6009],[121.42,29.4723],[121.511,29.549],[121.5308,29.51],[121.6873,29.5626],[122.0108,29.8874],[121.7219,29.9605],[121.4054,30.3079],[121.1328,30.3079],[120.8088,30.1151],[120.6944,30.1721],[120.6463,30.1269],[120.7922,30.0661],[120.6318,30.1224],[120.7314,30.2338],[120.6216,30.3726],[120.4505,30.3689],[120.3847,30.2496],[120.2744,30.2776],[120.1471,30.1989],[120.2579,30.2981],[120.379,30.2735],[120.4791,30.4035],[120.6981,30.394],[120.7883,30.2938],[120.9981,30.5579],[121.5192,30.822],[121.9131,30.859],[121.9551,30.9713],[121.7252,31.2816],[121.3203,31.5048],[121.1444,31.6847],[120.7315,31.8139],[120.7171,31.8611],[120.8248,31.8287],[120.7504,31.9783],[120.4695,32.0251],[120.23,31.9089],[120.0064,31.9503],[119.7725,32.1268],[119.7886,32.1986],[119.6904,32.2353],[119.606,32.1969],[119.6854,32.2924],[119.6129,32.3546],[119.8421,32.2991],[119.992,32.0159],[120.1314,31.9432],[120.2671,31.9487],[120.4908,32.0825],[120.6344,32.077],[120.8108,32.0226],[120.9407,31.8482],[121.1641,31.8265],[121.2864,31.8906],[121.8173,31.6909],[121.9173,31.7616],[121.7986,31.9705],[121.4434,32.1143],[121.3608,32.2316],[121.4193,32.2503],[121.3894,32.3849],[121.1008,32.498],[120.8303,32.6977],[120.9048,32.8126],[120.8958,33.0136],[120.8259,33.0302],[120.807,33.1378],[120.7302,33.2049],[120.7503,33.2696],[120.6672,33.3251],[120.6344,33.4669],[120.4837,33.65],[120.5049,33.7356],[120.3997,33.8693],[120.2571,34.3118],[119.6477,34.5338],[119.3467,34.7808],[119.1922,34.7182],[119.1929,35.0004],[119.2212,35.064],[119.358,35.0971],[119.4239,35.3135],[119.5319,35.3586],[119.648,35.5839],[119.7325,35.6208],[119.7439,35.5759],[119.8401,35.6579],[119.8602,35.6061],[119.9046,35.6246],[119.9082,35.7449],[120.0029,35.7278],[120.0388,35.8428],[120.2617,35.9859],[120.1753,35.9936],[120.1002,36.0961],[120.0972,36.2264],[120.2845,36.176],[120.3064,36.2742],[120.3616,36.1916],[120.292,36.062],[120.3535,36.0408],[120.6278,36.1165],[120.6836,36.2056],[120.6436,36.3225],[120.7107,36.3245],[120.7141,36.4287],[120.95,36.4592],[120.9636,36.5479],[120.8504,36.6046],[120.7503,36.5408],[120.7506,36.6168],[120.8506,36.6509],[120.9774,36.5899],[121.4017,36.7124],[121.4595,36.8287],[121.6072,36.845],[121.5032,36.7886],[121.5247,36.7543],[121.9498,36.9389],[121.9263,36.9936],[122.0872,36.9326],[122.1661,37.0141],[122.1627,36.9458],[122.2659,36.898],[122.1969,36.898],[122.1853,36.8499],[122.2921,36.8285],[122.4364,36.8707],[122.4058,36.9222],[122.4985,36.9389],[122.5074,36.898],[122.5373,37.0122],[122.4024,37.0215],[122.4539,37.1543],[122.4707,37.1103],[122.5779,37.2553],[122.5497,37.3198],[122.5947,37.2952],[122.5708,37.3448],[122.6861,37.41],[122.2965,37.4182],[122.2454,37.4597],[122.1832,37.4182],[122.1218,37.5627],[122.0256,37.528],[121.988,37.4256],[121.635,37.4813],[121.5874,37.4536],[121.6761,37.4392],[121.5703,37.4287],[121.3817,37.5661],[121.4298,37.5969],[121.3936,37.6225],[121.1716,37.5771],[121.138,37.7012],[121.0326,37.7104],[120.9258,37.8193],[120.738,37.834],[120.2157,37.6841],[120.3225,37.6324],[120.1876,37.5118],[119.8589,37.3602],[119.8973,37.2494],[119.7706,37.1518],[119.2871,37.1373],[118.9612,37.2956],[118.97,37.5935],[119.0371,37.7221],[119.1746,37.7085],[119.2164,37.794],[118.9966,37.9631],[118.9248,38.0578],[118.95,38.0973],[118.7604,38.1551],[118.543,38.0683],[118.0652,38.1431],[117.6025,38.4806],[117.5435,38.6213],[117.584,38.8116],[117.7604,39.0355],[117.7154,39.1114],[118.028,39.2198],[118.2249,39.0618],[118.4054,39.0618],[118.5271,39.1492],[118.9894,39.1911],[119.2844,39.4496],[119.2814,39.575],[119.2293,39.536],[119.2086,39.5696],[119.2849,39.5954],[119.3804,39.7729],[119.5264,39.832],[119.5356,39.8908],[120.4722,40.2145],[120.6041,40.4652],[120.8253,40.674],[120.971,40.7381],[120.9363,40.7556],[120.9819,40.8268],[121.0488,40.799],[121.227,40.9384],[119.3442,40.4201],[117.5675,40.3554],[117.0656,40.1612],[117.0305,40.0964],[116.4522,39.9023],[116.1365,39.9023],[116.1021,39.8376],[115.8997,39.9023],[115.8312,39.7729],[115.4479,39.6436],[114.359,38.7389],[114.0917,38.6743],[114.1069,38.5451],[112.9433,37.5773],[110.8818,36.8037],[110.7543,36.8682],[110.6981,36.7393],[109.6546,36.4816],[108.7896,35.7089],[108.2215,35.6445],[108.1695,35.5158]]],[[[119.7162,32.2726],[119.8193,32.2038],[119.792,32.1218],[119.9019,32.0734],[119.8143,32.2756],[119.7162,32.2726]]],[[[120.282,36.0019],[120.2888,36.0073],[120.2849,36.0109],[120.282,36.0019]]],[[[120.7502,37.8986],[120.7546,37.8967],[120.7549,37.8996],[120.7538,37.8998],[120.7502,37.8986]]],[[[120.9419,31.8421],[120.9506,31.8252],[120.9778,31.8144],[121.0114,31.8171],[120.9419,31.8421]]],[[[121.212,31.8219],[121.4047,31.8032],[121.3861,31.8117],[121.3226,31.8293],[121.2641,31.8411],[121.2193,31.8295],[121.212,31.8219]]],[[[121.2202,31.7418],[121.4685,31.5894],[121.4544,31.6575],[121.2202,31.7418]]],[[[121.5735,31.529],[121.6292,31.5179],[121.6335,31.529],[121.5735,31.529]]],[[[121.5845,31.4414],[121.5968,31.4332],[121.6004,31.4425],[121.5845,31.4414]]],[[[121.6461,31.4005],[121.78,31.3252],[121.7206,31.4005],[121.6461,31.4005]]],[[[121.6698,29.5124],[121.73,29.5221],[121.7246,29.5385],[121.7109,29.5386],[121.6698,29.5124]]],[[[121.745,29.5447],[121.8255,29.5462],[121.8696,29.6273],[121.745,29.5447]]],[[[121.7499,29.5253],[121.7633,29.5274],[121.764,29.5308],[121.7499,29.5253]]],[[[121.9336,29.9213],[121.9461,29.904],[121.9741,29.8998],[121.9924,29.9083],[121.9935,29.9188],[121.9771,29.9388],[121.952,29.9467],[121.9409,29.9377],[121.9336,29.9213]]]]}},{"type":"Feature","properties":{"territoryId":"cliopatria-q185063-0862ee3e46","name":"(Warring States China)","name_ko":"전국 시대","color":"#e0a35c","colorFamily":1,"startYear":-332,"endYear":-326,"source_name":"Cliopatria v0.2.0","source_url":"https://github.com/Seshat-Global-History-Databank/cliopatria","license":"CC BY 4.0","attribution":"Seshat Global History Databank, Cliopatria contributors"},"geometry":{"type":"MultiPolygon","coordinates":[[[[108.1695,35.5158],[108.3497,35.3871],[108.2982,35.2584],[108.4528,35.2584],[108.2477,34.9366],[109.2254,34.8723],[109.2516,34.7436],[109.5862,34.615],[109.5608,34.5506],[109.7149,34.5506],[109.6643,34.422],[110.0241,34.3577],[110.2314,34.1004],[110.514,34.0361],[110.3872,33.9075],[110.5409,33.9075],[110.4912,33.7789],[110.2115,33.6502],[110.2149,33.4574],[109.7829,33.3288],[109.7109,33.1359],[109.8165,33.0073],[109.5524,32.4931],[109.6288,32.4931],[109.3125,31.5933],[109.4752,31.4005],[109.3555,31.2719],[109.4861,31.2076],[109.4763,30.9506],[109.9158,30.4364],[110.4056,30.3079],[110.2273,29.9865],[110.6618,29.9223],[111.2987,29.5366],[111.8086,29.4723],[111.9959,29.3438],[112.9037,29.3438],[113.2668,29.5366],[113.5836,30.0508],[113.9506,30.2436],[114.1127,30.5007],[114.8719,30.5007],[115.2078,30.3722],[115.6851,30.4364],[116.1186,30.3722],[116.1289,30.1794],[116.27,29.9223],[116.7364,29.7294],[118.3597,29.6009],[119.7026,29.9865],[120.1538,30.1993],[120.2579,30.2981],[120.3924,30.3118],[120.4303,30.3898],[120.6981,30.394],[120.8012,30.3079],[120.9288,30.4081],[120.9981,30.5579],[121.5192,30.822],[121.9131,30.859],[121.9508,30.9821],[121.7252,31.2816],[121.3203,31.5048],[121.1444,31.6847],[120.7315,31.8139],[120.7171,31.8611],[120.8248,31.8287],[120.7504,31.9783],[120.4695,32.0251],[120.4558,31.9825],[120.131,31.9123],[119.7725,32.1268],[119.7886,32.1986],[119.6904,32.2353],[119.606,32.1969],[119.6854,32.2924],[119.6409,32.3588],[119.8421,32.2991],[119.992,32.0159],[120.1314,31.9432],[120.2671,31.9487],[120.4908,32.0825],[120.6344,32.077],[120.8108,32.0226],[120.9407,31.8503],[121.2864,31.8906],[121.6756,31.7236],[121.872,31.6907],[121.9304,31.7267],[121.8219,31.9525],[121.6554,32.0629],[121.4434,32.1143],[121.3608,32.2316],[121.4193,32.2503],[121.3894,32.3849],[121.1008,32.498],[120.8303,32.6977],[120.9048,32.8126],[120.8958,33.0136],[120.8259,33.0302],[120.807,33.1378],[120.7302,33.2049],[120.7503,33.2696],[120.6672,33.3251],[120.6344,33.4669],[120.4837,33.65],[120.5049,33.7356],[120.3997,33.8693],[120.2571,34.3118],[119.6477,34.5338],[119.4422,34.746],[119.3467,34.7808],[119.1922,34.7182],[119.1929,35.0004],[119.2212,35.064],[119.358,35.0971],[119.4239,35.3135],[119.5319,35.3586],[119.648,35.5839],[119.9027,35.6539],[119.9082,35.7449],[120.0029,35.7278],[120.0388,35.8428],[120.2617,35.9859],[120.1753,35.9936],[120.1002,36.0961],[120.0972,36.2264],[120.2845,36.176],[120.3064,36.2742],[120.3616,36.1916],[120.292,36.062],[120.3535,36.0408],[120.6278,36.1165],[120.6836,36.2056],[120.6436,36.3225],[120.7107,36.3245],[120.7141,36.4287],[120.95,36.4592],[120.9636,36.5479],[120.8504,36.6046],[120.7503,36.5408],[120.7506,36.6168],[120.8506,36.6509],[120.9774,36.5899],[121.4017,36.7124],[121.4595,36.8287],[121.6072,36.845],[121.5032,36.7886],[121.5247,36.7543],[121.9498,36.9389],[121.9263,36.9936],[122.0872,36.9326],[122.1661,37.0141],[122.1627,36.9458],[122.2659,36.898],[122.1969,36.898],[122.1853,36.8499],[122.2921,36.8285],[122.4364,36.8707],[122.4058,36.9222],[122.4985,36.9389],[122.5074,36.898],[122.5373,37.0122],[122.4024,37.0215],[122.4539,37.1543],[122.4707,37.1103],[122.5779,37.2553],[122.5497,37.3198],[122.5947,37.2952],[122.5708,37.3448],[122.6861,37.41],[122.2965,37.4182],[122.2454,37.4597],[122.1832,37.4182],[122.1218,37.5627],[122.0256,37.528],[121.988,37.4256],[121.635,37.4813],[121.5874,37.4536],[121.6761,37.4392],[121.5703,37.4287],[121.3817,37.5661],[121.4298,37.5969],[121.3936,37.6225],[121.1716,37.5771],[121.138,37.7012],[121.0326,37.7104],[120.9258,37.8193],[120.738,37.834],[120.2157,37.6841],[120.3225,37.6324],[120.1876,37.5118],[119.8589,37.3602],[119.8973,37.2494],[119.7706,37.1518],[119.2871,37.1373],[118.9612,37.2956],[118.97,37.5935],[119.0371,37.7221],[119.1746,37.7085],[119.2164,37.794],[118.9966,37.9631],[118.9248,38.0578],[118.95,38.0973],[118.7604,38.1551],[118.543,38.0683],[118.0652,38.1431],[117.6025,38.4806],[117.5435,38.6213],[117.584,38.8116],[117.7604,39.0355],[117.7154,39.1114],[118.028,39.2198],[118.2249,39.0618],[118.4054,39.0618],[118.5271,39.1492],[118.9894,39.1911],[119.2844,39.4496],[119.2814,39.575],[119.2293,39.536],[119.2086,39.5696],[119.2849,39.5954],[119.3804,39.7729],[119.5264,39.832],[119.5356,39.8908],[120.4722,40.2145],[120.6041,40.4652],[120.8253,40.674],[120.971,40.7381],[120.9363,40.7556],[120.9819,40.8268],[121.0488,40.799],[121.227,40.9384],[119.3442,40.4201],[117.5675,40.3554],[117.0656,40.1612],[117.0305,40.0964],[116.4522,39.9023],[116.1365,39.9023],[116.1021,39.8376],[115.8997,39.9023],[115.8312,39.7729],[115.4479,39.6436],[114.359,38.7389],[114.0917,38.6743],[114.1069,38.5451],[112.9433,37.5773],[110.8818,36.8037],[110.7543,36.8682],[110.6981,36.7393],[109.6546,36.4816],[108.7896,35.7089],[108.2215,35.6445],[108.1695,35.5158]]],[[[119.7162,32.2726],[119.8193,32.2038],[119.792,32.1218],[119.9019,32.0734],[119.8143,32.2756],[119.7162,32.2726]]],[[[120.227,30.2338],[120.3063,30.2712],[120.2955,30.2787],[120.2744,30.2776],[120.25,30.2701],[120.2302,30.236],[120.227,30.2338]]],[[[120.282,36.0019],[120.2888,36.0073],[120.2849,36.0109],[120.282,36.0019]]],[[[120.4284,30.3287],[120.5205,30.3722],[120.66,30.3402],[120.5249,30.3779],[120.4284,30.3287]]],[[[120.7502,37.8986],[120.7546,37.8967],[120.7549,37.8996],[120.7538,37.8998],[120.7502,37.8986]]],[[[120.9419,31.8421],[120.9506,31.8252],[120.9778,31.8144],[121.0114,31.8171],[120.9419,31.8421]]],[[[121.2202,31.7418],[121.4685,31.5894],[121.4544,31.6575],[121.2202,31.7418]]],[[[121.5735,31.529],[121.6292,31.5179],[121.6335,31.529],[121.5735,31.529]]],[[[121.5845,31.4414],[121.5968,31.4332],[121.6004,31.4425],[121.5845,31.4414]]],[[[121.6461,31.4005],[121.78,31.3252],[121.7206,31.4005],[121.6461,31.4005]]]]}},{"type":"Feature","properties":{"territoryId":"cliopatria-q185063-0862ee3e46","name":"(Warring States China)","name_ko":"전국 시대","color":"#e0a35c","colorFamily":1,"startYear":-325,"endYear":-315,"source_name":"Cliopatria v0.2.0","source_url":"https://github.com/Seshat-Global-History-Databank/cliopatria","license":"CC BY 4.0","attribution":"Seshat Global History Databank, Cliopatria contributors"},"geometry":{"type":"MultiPolygon","coordinates":[[[[108.1695,35.5158],[108.3497,35.3871],[108.2982,35.2584],[108.4528,35.2584],[108.2477,34.9366],[109.2254,34.8723],[109.2516,34.7436],[109.5862,34.615],[109.5608,34.5506],[109.7149,34.5506],[109.6643,34.422],[110.0241,34.3577],[110.2314,34.1004],[110.514,34.0361],[110.3872,33.9075],[110.5409,33.9075],[110.4912,33.7789],[110.2115,33.6502],[110.2149,33.4574],[109.7829,33.3288],[109.7109,33.1359],[109.8165,33.0073],[109.5524,32.4931],[109.6288,32.4931],[109.3125,31.5933],[109.4752,31.4005],[109.3555,31.2719],[109.4861,31.2076],[109.4763,30.9506],[109.9158,30.4364],[110.4056,30.3079],[110.2273,29.9865],[110.6618,29.9223],[111.2987,29.5366],[111.8086,29.4723],[111.9959,29.3438],[112.9037,29.3438],[113.2668,29.5366],[113.5836,30.0508],[113.9506,30.2436],[114.1127,30.5007],[114.8719,30.5007],[115.2078,30.3722],[115.6851,30.4364],[116.1186,30.3722],[116.1289,30.1794],[116.27,29.9223],[116.7364,29.7294],[118.3597,29.6009],[119.7026,29.9865],[120.1538,30.1993],[120.2579,30.2981],[120.3924,30.3118],[120.4303,30.3898],[120.6981,30.394],[120.8012,30.3079],[120.9288,30.4081],[120.9981,30.5579],[121.5192,30.822],[121.9131,30.859],[121.9508,30.9821],[121.7252,31.2816],[121.3203,31.5048],[121.1444,31.6847],[120.7315,31.8139],[120.7171,31.8611],[120.8248,31.8287],[120.7504,31.9783],[120.4695,32.0251],[120.4558,31.9825],[120.131,31.9123],[119.7725,32.1268],[119.7886,32.1986],[119.6904,32.2353],[119.606,32.1969],[119.6854,32.2924],[119.6409,32.3588],[119.8421,32.2991],[119.992,32.0159],[120.1314,31.9432],[120.2671,31.9487],[120.4908,32.0825],[120.6344,32.077],[120.8108,32.0226],[120.9407,31.8503],[121.2864,31.8906],[121.6756,31.7236],[121.872,31.6907],[121.9304,31.7267],[121.8219,31.9525],[121.6554,32.0629],[121.4434,32.1143],[121.3608,32.2316],[121.4193,32.2503],[121.3894,32.3849],[121.1008,32.498],[120.8303,32.6977],[120.9048,32.8126],[120.8958,33.0136],[120.8259,33.0302],[120.807,33.1378],[120.7302,33.2049],[120.7503,33.2696],[120.6672,33.3251],[120.6344,33.4669],[120.4837,33.65],[120.5049,33.7356],[120.3997,33.8693],[120.2571,34.3118],[119.6477,34.5338],[119.4422,34.746],[119.3467,34.7808],[119.1922,34.7182],[119.1929,35.0004],[119.2212,35.064],[119.358,35.0971],[119.4239,35.3135],[119.5319,35.3586],[119.648,35.5839],[119.9027,35.6539],[119.9082,35.7449],[120.0029,35.7278],[120.0388,35.8428],[120.2617,35.9859],[120.1753,35.9936],[120.1002,36.0961],[120.0972,36.2264],[120.2845,36.176],[120.3064,36.2742],[120.3616,36.1916],[120.292,36.062],[120.3535,36.0408],[120.6278,36.1165],[120.6836,36.2056],[120.6436,36.3225],[120.7107,36.3245],[120.7141,36.4287],[120.95,36.4592],[120.9636,36.5479],[120.8504,36.6046],[120.7503,36.5408],[120.7506,36.6168],[120.8506,36.6509],[120.9774,36.5899],[121.4017,36.7124],[121.4595,36.8287],[121.6072,36.845],[121.5032,36.7886],[121.5247,36.7543],[121.9498,36.9389],[121.9263,36.9936],[122.0872,36.9326],[122.1661,37.0141],[122.1627,36.9458],[122.2659,36.898],[122.1969,36.898],[122.1853,36.8499],[122.2921,36.8285],[122.4364,36.8707],[122.4058,36.9222],[122.4985,36.9389],[122.5074,36.898],[122.5373,37.0122],[122.4024,37.0215],[122.4539,37.1543],[122.4707,37.1103],[122.5779,37.2553],[122.5497,37.3198],[122.5947,37.2952],[122.5708,37.3448],[122.6861,37.41],[122.2965,37.4182],[122.2454,37.4597],[122.1832,37.4182],[122.1218,37.5627],[122.0256,37.528],[121.988,37.4256],[121.635,37.4813],[121.5874,37.4536],[121.6761,37.4392],[121.5703,37.4287],[121.3817,37.5661],[121.4298,37.5969],[121.3936,37.6225],[121.1716,37.5771],[121.138,37.7012],[121.0326,37.7104],[120.9258,37.8193],[120.738,37.834],[120.2157,37.6841],[120.3225,37.6324],[120.1876,37.5118],[119.8589,37.3602],[119.8973,37.2494],[119.7706,37.1518],[119.2871,37.1373],[118.9612,37.2956],[118.97,37.5935],[119.0371,37.7221],[119.1746,37.7085],[119.2164,37.794],[118.9966,37.9631],[118.9248,38.0578],[118.95,38.0973],[118.7604,38.1551],[118.543,38.0683],[118.0652,38.1431],[117.6025,38.4806],[117.5435,38.6213],[117.584,38.8116],[117.7604,39.0355],[117.7154,39.1114],[118.028,39.2198],[118.2249,39.0618],[118.4054,39.0618],[118.5271,39.1492],[118.9894,39.1911],[119.2844,39.4496],[119.2814,39.575],[119.2293,39.536],[119.2086,39.5696],[119.2849,39.5954],[119.3804,39.7729],[119.5264,39.832],[119.5356,39.8908],[120.4722,40.2145],[120.6041,40.4652],[120.8253,40.674],[120.971,40.7381],[120.9363,40.7556],[120.9819,40.8268],[121.0488,40.799],[121.227,40.9384],[119.3442,40.4201],[117.5675,40.3554],[117.0656,40.1612],[117.0305,40.0964],[116.4522,39.9023],[116.1365,39.9023],[116.1021,39.8376],[115.5498,39.8376],[115.1594,40.2906],[114.5267,40.2906],[114.5962,40.4201],[113.0927,40.4201],[112.7419,40.3554],[112.1113,39.9023],[112.236,39.8376],[112.1701,39.7083],[113.1163,39.7083],[113.0832,39.6436],[113.8051,39.5143],[113.7721,39.4496],[113.9296,39.4496],[113.8967,39.385],[114.0542,39.385],[114.146,39.2557],[114.0808,39.1265],[111.4337,36.9971],[109.6546,36.4816],[108.7896,35.7089],[108.2215,35.6445],[108.1695,35.5158]]],[[[119.7162,32.2726],[119.8193,32.2038],[119.792,32.1218],[119.9019,32.0734],[119.8143,32.2756],[119.7162,32.2726]]],[[[120.227,30.2338],[120.3063,30.2712],[120.2955,30.2787],[120.2744,30.2776],[120.25,30.2701],[120.2302,30.236],[120.227,30.2338]]],[[[120.282,36.0019],[120.2888,36.0073],[120.2849,36.0109],[120.282,36.0019]]],[[[120.4284,30.3287],[120.5205,30.3722],[120.66,30.3402],[120.5249,30.3779],[120.4284,30.3287]]],[[[120.7502,37.8986],[120.7546,37.8967],[120.7549,37.8996],[120.7538,37.8998],[120.7502,37.8986]]],[[[120.9419,31.8421],[120.9506,31.8252],[120.9778,31.8144],[121.0114,31.8171],[120.9419,31.8421]]],[[[121.2202,31.7418],[121.4685,31.5894],[121.4544,31.6575],[121.2202,31.7418]]],[[[121.5735,31.529],[121.6292,31.5179],[121.6335,31.529],[121.5735,31.529]]],[[[121.5845,31.4414],[121.5968,31.4332],[121.6004,31.4425],[121.5845,31.4414]]],[[[121.6461,31.4005],[121.78,31.3252],[121.7206,31.4005],[121.6461,31.4005]]]]}},{"type":"Feature","properties":{"territoryId":"cliopatria-q185063-0862ee3e46","name":"(Warring States China)","name_ko":"전국 시대","color":"#e0a35c","colorFamily":1,"startYear":-314,"endYear":-291,"source_name":"Cliopatria v0.2.0","source_url":"https://github.com/Seshat-Global-History-Databank/cliopatria","license":"CC BY 4.0","attribution":"Seshat Global History Databank, Cliopatria contributors"},"geometry":{"type":"MultiPolygon","coordinates":[[[[100.5975,30.5007],[100.6735,30.5007],[100.6743,30.2436],[100.8648,30.1151],[100.8279,29.9865],[101.0187,29.858],[100.9824,29.7294],[101.1556,29.5366],[101.4404,29.4723],[101.4805,29.3438],[102.602,29.0224],[102.9273,28.8295],[103.8568,28.6367],[103.8978,28.5081],[104.066,28.5724],[105.1286,28.3153],[106.0686,28.4438],[106.0284,28.5724],[107.4594,28.8295],[110.2829,29.9223],[110.6618,29.9223],[111.2987,29.5366],[111.8086,29.4723],[111.9959,29.3438],[112.9037,29.3438],[113.2668,29.5366],[113.5836,30.0508],[113.9506,30.2436],[114.1127,30.5007],[114.8719,30.5007],[115.2078,30.3722],[115.6851,30.4364],[116.1186,30.3722],[116.1289,30.1794],[116.27,29.9223],[116.7364,29.7294],[118.3597,29.6009],[119.7026,29.9865],[120.1538,30.1993],[120.2579,30.2981],[120.3924,30.3118],[120.4303,30.3898],[120.6981,30.394],[120.8012,30.3079],[120.9288,30.4081],[120.9981,30.5579],[121.5192,30.822],[121.9131,30.859],[121.9508,30.9821],[121.7252,31.2816],[121.3203,31.5048],[121.1444,31.6847],[120.7315,31.8139],[120.7171,31.8611],[120.8248,31.8287],[120.7504,31.9783],[120.4695,32.0251],[120.23,31.9089],[120.0064,31.9503],[119.7725,32.1268],[119.7886,32.1986],[119.6904,32.2353],[119.606,32.1969],[119.6854,32.2924],[119.6129,32.3546],[119.8421,32.2991],[119.992,32.0159],[120.1314,31.9432],[120.2671,31.9487],[120.4908,32.0825],[120.6344,32.077],[120.8108,32.0226],[120.9407,31.8503],[121.2864,31.8906],[121.8173,31.6909],[121.9095,31.7045],[121.9221,31.7544],[121.7986,31.9705],[121.4434,32.1143],[121.3608,32.2316],[121.4193,32.2503],[121.3894,32.3849],[121.1008,32.498],[120.8303,32.6977],[120.9048,32.8126],[120.8958,33.0136],[120.8259,33.0302],[120.807,33.1378],[120.7302,33.2049],[120.7503,33.2696],[120.6672,33.3251],[120.6344,33.4669],[120.4837,33.65],[120.5049,33.7356],[120.3997,33.8693],[120.2571,34.3118],[119.6477,34.5338],[119.4422,34.746],[119.3467,34.7808],[119.1922,34.7182],[119.1929,35.0004],[119.2212,35.064],[119.358,35.0971],[119.4239,35.3135],[119.5319,35.3586],[119.648,35.5839],[119.9027,35.6539],[119.9082,35.7449],[120.0029,35.7278],[120.0388,35.8428],[120.2617,35.9859],[120.1753,35.9936],[120.1002,36.0961],[120.0972,36.2264],[120.2845,36.176],[120.3064,36.2742],[120.3616,36.1916],[120.292,36.062],[120.3535,36.0408],[120.6278,36.1165],[120.6836,36.2056],[120.6436,36.3225],[120.7107,36.3245],[120.7141,36.4287],[120.95,36.4592],[120.9636,36.5479],[120.8504,36.6046],[120.7503,36.5408],[120.7506,36.6168],[120.8506,36.6509],[120.9774,36.5899],[121.4017,36.7124],[121.4595,36.8287],[121.6072,36.845],[121.5032,36.7886],[121.5247,36.7543],[121.9498,36.9389],[121.9263,36.9936],[122.0872,36.9326],[122.1661,37.0141],[122.1627,36.9458],[122.2659,36.898],[122.1969,36.898],[122.1853,36.8499],[122.2921,36.8285],[122.4364,36.8707],[122.4058,36.9222],[122.4985,36.9389],[122.5074,36.898],[122.5373,37.0122],[122.4024,37.0215],[122.4539,37.1543],[122.4707,37.1103],[122.5779,37.2553],[122.5497,37.3198],[122.5947,37.2952],[122.5708,37.3448],[122.6861,37.41],[122.2965,37.4182],[122.2454,37.4597],[122.1832,37.4182],[122.1218,37.5627],[122.0256,37.528],[121.988,37.4256],[121.635,37.4813],[121.5874,37.4536],[121.6761,37.4392],[121.5703,37.4287],[121.3817,37.5661],[121.4298,37.5969],[121.3936,37.6225],[121.1716,37.5771],[121.138,37.7012],[121.0326,37.7104],[120.9258,37.8193],[120.738,37.834],[120.2157,37.6841],[120.3225,37.6324],[120.1876,37.5118],[119.8589,37.3602],[119.8973,37.2494],[119.7706,37.1518],[119.2871,37.1373],[118.9612,37.2956],[118.97,37.5935],[119.0371,37.7221],[119.1746,37.7085],[119.2164,37.794],[118.9966,37.9631],[118.9248,38.0578],[118.95,38.0973],[118.7604,38.1551],[118.543,38.0683],[118.0652,38.1431],[117.6025,38.4806],[117.5435,38.6213],[117.584,38.8116],[117.7604,39.0355],[117.7154,39.1114],[118.028,39.2198],[118.2249,39.0618],[118.4054,39.0618],[118.5271,39.1492],[118.9894,39.1911],[119.2844,39.4496],[119.2814,39.575],[119.2293,39.536],[119.2086,39.5696],[119.2849,39.5954],[119.3804,39.7729],[119.5264,39.832],[119.5356,39.8908],[120.4722,40.2145],[120.6041,40.4652],[120.8253,40.674],[120.971,40.7381],[120.9363,40.7556],[120.9819,40.8268],[121.0488,40.799],[121.227,40.9384],[119.3442,40.4201],[117.5675,40.3554],[117.0656,40.1612],[117.0305,40.0964],[116.4522,39.9023],[116.1365,39.9023],[116.1021,39.8376],[115.5498,39.8376],[115.1594,40.2906],[114.5267,40.2906],[114.5962,40.4201],[113.0927,40.4201],[112.7419,40.3554],[112.1113,39.9023],[112.236,39.8376],[112.1701,39.7083],[113.1163,39.7083],[113.0832,39.6436],[113.8051,39.5143],[113.7721,39.4496],[113.9296,39.4496],[113.8967,39.385],[114.0542,39.385],[114.146,39.2557],[114.0808,39.1265],[111.4337,36.9971],[110.8818,36.8037],[110.7543,36.8682],[110.6981,36.7393],[109.81,36.4816],[109.4216,36.4816],[109.3671,36.3528],[108.0693,36.0308],[107.0605,35.6445],[106.854,35.7089],[106.8026,35.5802],[106.4931,35.5802],[106.1848,35.3871],[104.1331,34.8723],[103.4972,34.615],[103.4793,34.3577],[103.3788,34.2933],[103.0944,34.3577],[102.4087,34.1647],[102.2485,33.7146],[102.3252,33.7146],[102.2351,33.4574],[102.3118,33.4574],[102.1578,32.5574],[101.8358,32.0431],[100.9819,31.2719],[100.5975,30.5007]]],[[[119.7162,32.2726],[119.8193,32.2038],[119.792,32.1218],[119.9019,32.0734],[119.8143,32.2756],[119.7162,32.2726]]],[[[120.227,30.2338],[120.3063,30.2712],[120.2955,30.2787],[120.2744,30.2776],[120.25,30.2701],[120.2302,30.236],[120.227,30.2338]]],[[[120.282,36.0019],[120.2888,36.0073],[120.2849,36.0109],[120.282,36.0019]]],[[[120.4284,30.3287],[120.5205,30.3722],[120.66,30.3402],[120.5249,30.3779],[120.4284,30.3287]]],[[[120.7502,37.8986],[120.7546,37.8967],[120.7549,37.8996],[120.7538,37.8998],[120.7502,37.8986]]],[[[120.9419,31.8421],[120.9506,31.8252],[120.9778,31.8144],[121.0114,31.8171],[120.9419,31.8421]]],[[[121.2202,31.7418],[121.4685,31.5894],[121.4544,31.6575],[121.2202,31.7418]]],[[[121.5735,31.529],[121.6292,31.5179],[121.6335,31.529],[121.5735,31.529]]],[[[121.5845,31.4414],[121.5968,31.4332],[121.6004,31.4425],[121.5845,31.4414]]],[[[121.6461,31.4005],[121.78,31.3252],[121.7206,31.4005],[121.6461,31.4005]]]]}},{"type":"Feature","properties":{"territoryId":"cliopatria-q389688-94ab11beac","name":"Achaemenid Empire","name_ko":"아케메네스 왕조","color":"#ec8b51","colorFamily":5,"startYear":-365,"endYear":-350,"source_name":"Cliopatria v0.2.0","source_url":"https://github.com/Seshat-Global-History-Databank/cliopatria","license":"CC BY 4.0","attribution":"Seshat Global History Databank, Cliopatria contributors"},"geometry":{"type":"MultiPolygon","coordinates":[[[[26.1325,39.5143],[26.9377,39.5748],[26.9299,39.4877],[26.801,39.4335],[26.7422,39.2557],[26.8945,39.1911],[26.8793,38.9972],[26.9579,38.9972],[26.9399,38.9327],[27.0413,38.9401],[27.0627,38.8869],[26.9084,38.8204],[26.9314,38.7551],[26.8495,38.6097],[27.0798,38.5451],[27.0728,38.4537],[27.1642,38.4466],[27.0694,38.4094],[27.065,38.3515],[26.7516,38.3515],[26.742,38.2224],[26.889,38.0933],[27.2753,38.0288],[27.2559,37.7707],[27.1794,37.6106],[27.31,37.4483],[27.2383,37.3426],[27.4072,37.4127],[27.4385,37.3908],[27.3921,37.3538],[27.5392,37.3838],[27.5644,37.2735],[27.616,37.2747],[27.598,37.126],[28.0653,37.126],[28.1313,37.0363],[28.3294,37.0368],[28.2124,37.0004],[28.1653,36.9116],[28.1034,36.9353],[28.0583,36.7721],[28.1184,36.8006],[28.1305,36.754],[28.0314,36.6749],[28.1918,36.7393],[28.367,36.9971],[28.4349,36.8682],[28.7361,36.7393],[29.1249,36.7393],[29.2163,36.3291],[29.3496,36.2326],[29.4116,36.2674],[29.4666,36.224],[29.938,36.224],[30.0261,36.3528],[30.4919,36.3528],[30.6191,36.9326],[31.086,36.9326],[32.0681,36.6105],[32.4985,36.224],[32.5369,36.1],[32.6639,36.05],[33.824,36.2603],[33.8711,36.3149],[33.9791,36.2884],[34.2507,36.6749],[34.5816,36.8682],[34.8929,36.8682],[34.9352,36.726],[35.1127,36.7393],[35.3323,36.6105],[35.4875,36.6105],[35.8336,36.9326],[36.1449,36.9326],[36.2862,36.8037],[36.2649,36.6105],[35.8417,36.2884],[35.9901,36.224],[35.9767,36.001],[35.8449,35.5802],[35.9929,35.5158],[35.9153,35.2879],[35.9624,35.1979],[35.927,34.8723],[36.0682,34.7436],[36.0488,34.5506],[35.7921,34.2933],[35.6652,34.3113],[35.6838,33.9718],[35.5538,33.9075],[35.6007,33.9075],[35.5946,33.8432],[35.4705,33.9021],[35.4993,33.6502],[35.3944,33.65],[35.3984,33.3931],[35.2154,33.0716],[35.089,33.0205],[35.0218,32.6216],[34.8851,32.4821],[34.8574,32.3645],[34.9227,32.3645],[34.9171,32.3002],[34.8423,32.3002],[34.7926,32.161],[34.813,31.9789],[34.6909,31.9134],[34.6028,31.7558],[34.6334,31.6575],[34.3076,31.4005],[34.2972,31.2719],[33.9826,31.1434],[32.7556,31.0148],[32.7415,30.822],[32.8175,30.822],[32.7182,30.5007],[32.8609,30.3722],[32.914,30.0508],[32.6003,29.8996],[32.7652,29.4429],[32.8856,29.2431],[33.1779,28.9896],[33.2287,28.5694],[34.0462,27.8235],[34.2201,27.7731],[34.4281,27.9859],[34.4553,28.1749],[34.4102,28.32],[34.6245,28.736],[34.7366,29.3113],[34.9572,29.569],[34.9978,29.518],[34.9629,29.3671],[35.4282,29.2152],[35.8063,29.2152],[35.7749,29.7937],[35.8506,29.7937],[36.0697,30.6292],[36.4009,30.9506],[36.2709,31.2076],[36.4231,31.2076],[36.3866,31.6575],[36.6623,32.1717],[36.5155,32.236],[36.7507,32.3002],[36.7168,32.7502],[36.901,33.0716],[37.0542,33.0716],[37.0732,33.2645],[37.5726,33.6502],[37.7261,33.6502],[37.7395,33.7789],[37.9902,33.9718],[39.1238,34.4863],[39.509,34.4863],[40.4033,34.229],[40.3115,34.1004],[40.8499,34.1004],[40.9117,33.9718],[41.2116,33.9075],[41.4886,33.6502],[42.5783,33.1359],[42.7085,32.943],[43.1526,32.8145],[44.459,31.5933],[44.5814,31.3362],[44.9546,31.2719],[45.7705,30.4364],[46.5906,30.3079],[46.6151,29.858],[46.8497,29.9223],[46.994,29.858],[46.9794,29.7294],[47.2897,29.7937],[47.6464,29.6009],[48.1406,29.5464],[48.1809,29.5622],[47.9956,29.8277],[47.9348,30.1071],[47.969,30.0041],[48.1192,30.045],[48.434,29.9365],[48.5304,29.9564],[48.4766,29.984],[48.6587,29.9836],[48.6433,30.0554],[48.8904,30.0308],[48.9417,30.1651],[48.8623,30.3456],[49.0373,30.4325],[48.9456,30.4797],[48.9815,30.5156],[49.2112,30.5063],[49.2638,30.4497],[49.2029,30.3466],[49.062,30.4081],[48.9212,30.3808],[49.1614,30.2238],[49.2212,30.2646],[49.2457,30.1565],[49.4798,30.1561],[49.5322,30.0229],[50.0241,30.2163],[50.1277,30.1207],[50.1613,29.9263],[50.6553,29.4491],[50.6895,29.2908],[50.6435,29.1458],[50.8403,29.1406],[50.915,29.0867],[50.929,29.0097],[50.8345,28.8914],[51.0588,28.7359],[51.0807,28.5339],[51.2853,28.2409],[51.4062,27.9322],[51.6834,27.8306],[52.0112,27.8327],[52.4596,27.6326],[52.6701,27.4486],[52.6098,27.4123],[52.6669,27.3271],[52.9326,27.1603],[53.4441,26.9757],[53.7161,26.7086],[54.0158,26.7495],[54.3081,26.715],[54.3894,26.6051],[54.5613,26.5847],[54.62,26.5082],[54.791,26.4958],[55.2708,26.7925],[55.5217,26.7846],[55.5804,26.8591],[55.5545,26.8999],[55.6659,26.9954],[55.9393,27.0267],[56.1237,27.1606],[56.353,27.2016],[56.8088,27.1396],[56.8846,27.0781],[56.8677,27.0123],[56.9733,27.003],[56.9273,26.9556],[57.0524,26.8366],[57.0872,26.4061],[57.2129,26.1662],[57.1668,26.083],[57.3493,25.7803],[57.7556,25.7427],[57.7717,25.6356],[57.9632,25.6932],[58.0462,25.5749],[58.1375,25.5507],[58.419,25.612],[58.8252,25.5604],[59.044,25.3996],[59.4486,25.4864],[58.9819,26.0008],[59.1767,26.3865],[59.0419,26.5151],[59.1558,26.8366],[58.9304,26.8366],[58.871,26.9652],[58.9863,27.2866],[58.9274,27.4152],[59.0027,27.4152],[59.1536,27.9938],[59.3883,28.0581],[59.4145,28.251],[59.5653,28.251],[59.5255,28.5081],[59.6282,28.701],[59.77,28.6367],[59.8917,28.9581],[61.7285,29.6009],[62.228,29.4081],[64.1953,29.4081],[64.2921,29.5366],[64.6055,29.6009],[65.2004,29.5366],[66.2286,29.7937],[66.5011,30.0508],[66.8158,30.1151],[67.7813,30.822],[67.9333,30.822],[69.1768,31.7218],[69.2032,31.8503],[69.6742,31.9146],[69.6247,32.0431],[69.7146,32.1074],[70.2627,32.1717],[70.4569,32.3645],[70.5958,32.3002],[70.8811,32.5574],[71.1728,32.4931],[71.2154,32.6859],[71.5503,32.8145],[71.6231,33.1359],[71.4992,33.2645],[71.5288,33.3931],[71.6971,33.4574],[71.8491,33.7789],[72.0027,33.7789],[72.0485,33.9718],[72.4639,34.1004],[72.8161,35.5158],[72.6945,35.6445],[72.8218,35.8377],[72.6061,35.902],[72.6564,36.0952],[72.4044,36.6105],[72.5513,36.8682],[72.3957,36.8682],[72.5259,37.0615],[72.3701,37.0615],[72.4053,37.1904],[72.3273,37.1904],[72.285,38.1578],[72.083,38.5451],[72.0798,38.8034],[72.0014,38.8034],[72.0584,38.9972],[71.8822,38.9326],[71.5254,39.3203],[70.6383,39.5143],[70.4791,39.7729],[70.3214,39.7729],[70.0241,40.0964],[70.1425,40.2259],[69.6486,40.1612],[69.4305,40.4849],[69.2722,40.4849],[69.3118,40.6144],[69.1336,40.5496],[69.1339,40.8088],[68.8767,41.0032],[68.8578,41.1977],[68.361,41.1328],[68.3211,41.0032],[67.2908,40.744],[66.9118,41.068],[67.0303,41.1977],[66.5926,41.3274],[66.6319,41.4571],[66.4531,41.3922],[66.2134,41.6518],[65.0948,42.1712],[64.8552,42.1712],[64.4541,42.4312],[63.8531,42.5612],[62.8673,43.0165],[62.6265,43.0165],[62.4853,43.0816],[62.5436,43.2769],[62.042,43.2118],[60.9312,43.5375],[59.1235,43.4072],[58.7135,43.6678],[58.4356,43.5375],[58.3995,43.4072],[58.5424,43.3421],[58.5064,43.2118],[58.6757,42.9515],[58.3048,42.1712],[57.0657,41.068],[56.4022,40.2906],[55.092,39.385],[53.9733,38.9326],[53.8298,37.8352],[53.9079,37.8352],[53.9105,37.4483],[54.0947,37.1904],[54.0143,36.8211],[53.0877,36.8037],[52.1859,36.546],[51.642,36.546],[50.8207,36.7393],[50.532,36.8682],[50.611,36.9697],[50.4759,37.0379],[50.3209,36.9971],[49.9988,37.3838],[49.0851,37.5128],[48.8843,37.7062],[48.8411,38.3515],[48.7627,38.3515],[48.801,38.9972],[48.9155,39.1911],[49.1514,39.1911],[49.379,39.967],[48.3824,39.7083],[47.7516,39.7083],[47.4913,39.5789],[47.1091,39.6436],[47.0857,39.5143],[46.8494,39.5143],[46.8726,39.6436],[46.1632,39.6436],[45.8262,39.967],[45.5218,40.0317],[45.3984,40.2259],[45.0145,40.2906],[44.8908,40.4849],[44.9256,40.6792],[44.4502,40.6792],[44.4055,40.8736],[44.2469,40.8736],[44.0435,41.068],[44.034,41.4571],[43.8188,41.5869],[43.9458,41.8465],[43.7185,41.9114],[43.6625,42.0413],[43.2282,41.8465],[42.7613,41.9114],[42.4194,41.7816],[42.1231,41.9114],[41.7731,41.9114],[41.7817,41.7816],[41.592,41.603],[41.5674,41.4571],[41.4471,41.4571],[41.0473,41.1977],[40.46,41.0032],[40.5981,40.8736],[40.5776,40.744],[40.4089,40.6792],[39.6165,40.6792],[39.3984,40.8088],[39.0019,40.8088],[38.8241,40.6792],[37.8732,40.6792],[37.3551,40.9384],[36.5091,41.1328],[36.5271,41.2625],[36.1386,41.3274],[36.095,41.5869],[35.9571,41.7137],[35.9227,41.6462],[35.9457,41.7167],[35.5767,41.6297],[35.157,41.7167],[35.0921,41.928],[35.123,42.0248],[34.9178,42.0413],[34.7845,41.9114],[33.2771,41.9764],[32.6675,41.8369],[32.6947,41.7816],[31.4983,41.352],[31.3928,41.1884],[31.1801,41.068],[30.6242,41.068],[30.53,41.1522],[30.342,41.1977],[30.1369,41.1438],[29.3668,41.1977],[29.2546,40.8108],[29.493,40.8736],[29.4835,40.7778],[29.9393,40.7351],[29.5599,40.6911],[29.4906,40.7272],[28.9497,40.6228],[28.9004,40.4849],[29.1515,40.4341],[29.0463,40.3554],[27.9388,40.3554],[27.904,40.3999],[27.9505,40.4849],[27.7921,40.4849],[27.7918,40.3929],[27.8836,40.3863],[27.6958,40.2906],[27.5376,40.2906],[27.2948,40.4059],[26.6819,40.3561],[26.4052,40.1887],[26.3622,40.0635],[26.236,39.9989],[26.1325,39.5143]],[[34.9635,29.5941],[34.967,29.6081],[34.9898,29.652],[34.9635,29.5941]],[[35.4529,31.4008],[35.4585,31.4916],[35.4587,31.4916],[35.4593,31.4958],[35.4529,31.4008]],[[35.552,32.3679],[35.5533,32.3691],[35.5656,32.3134],[35.552,32.3679]],[[35.5568,32.3724],[35.5594,32.3748],[35.5656,32.3679],[35.5568,32.3724]],[[35.5585,32.5191],[35.5614,32.5192],[35.5674,32.5102],[35.5585,32.5191]],[[35.5594,32.4704],[35.5626,32.4747],[35.5725,32.4567],[35.5594,32.4704]],[[35.5688,32.4829],[35.5778,32.4948],[35.58,32.4915],[35.5688,32.4829]],[[35.7716,32.7467],[35.7749,32.7473],[35.7882,32.7344],[35.7716,32.7467]],[[36.2318,33.8525],[36.3178,33.8272],[36.3006,33.8287],[36.2318,33.8525]],[[36.2672,33.9104],[36.2886,33.9465],[36.2691,33.9073],[36.2672,33.9104]],[[36.2699,33.906],[36.3111,33.872],[36.2753,33.8972],[36.2699,33.906]],[[36.6665,36.2657],[36.6691,36.2599],[36.6681,36.2532],[36.6665,36.2657]],[[36.6896,32.3197],[36.7069,32.3283],[36.7231,32.3266],[36.6896,32.3197]],[[42.5355,41.4935],[42.555,41.5503],[42.5605,41.5555],[42.5355,41.4935]],[[42.5783,41.5723],[42.5852,41.5788],[42.5991,41.5805],[42.5783,41.5723]],[[42.661,41.5883],[42.8009,41.5792],[42.8199,41.5723],[42.661,41.5883]],[[42.7157,37.3553],[42.7805,37.3755],[42.788,37.3732],[42.7157,37.3553]],[[42.7951,37.371],[42.8011,37.3691],[42.8141,37.3468],[42.7951,37.371]],[[42.8066,41.5428],[42.8199,41.5723],[42.8068,41.543],[42.8066,41.5428]],[[44.5699,37.5144],[44.5732,37.5275],[44.5793,37.477],[44.5699,37.5144]],[[44.692,39.793],[44.7746,39.7028],[44.7769,39.6984],[44.692,39.793]],[[44.7525,37.1131],[44.7649,37.1394],[44.7544,37.1084],[44.7525,37.1131]],[[44.8011,39.653],[44.8085,39.6391],[44.807,39.6399],[44.8011,39.653]],[[44.814,39.6362],[44.8723,39.6251],[44.8278,39.6288],[44.814,39.6362]],[[44.8666,36.7801],[44.9227,36.7759],[44.8772,36.7765],[44.8666,36.7801]],[[44.9962,36.7417],[45.0353,36.6896],[45.0373,36.6808],[44.9962,36.7417]],[[45.0355,36.633],[45.0426,36.6569],[45.0443,36.6493],[45.0355,36.633]],[[45.0382,36.494],[45.0608,36.4472],[45.0391,36.4798],[45.0382,36.494]],[[45.0791,36.4197],[45.1108,36.4025],[45.0837,36.4128],[45.0791,36.4197]],[[45.0922,39.3444],[45.096,39.3411],[45.1358,39.2785],[45.0922,39.3444]],[[45.1108,36.4025],[45.196,36.4224],[45.2213,36.4209],[45.1108,36.4025]],[[45.753,39.5635],[45.7655,39.5616],[45.7739,39.5549],[45.753,39.5635]],[[46.1064,38.8682],[46.1359,38.8637],[46.1261,38.8627],[46.1064,38.8682]],[[46.5901,38.9137],[46.6522,38.9929],[46.5992,38.9197],[46.5901,38.9137]],[[48.1351,30.4429],[48.1409,30.4419],[48.1705,30.4067],[48.1351,30.4429]],[[48.291,30.32],[48.2964,30.3198],[48.3014,30.3149],[48.291,30.32]],[[48.3292,30.2876],[48.397,30.221],[48.4026,30.2088],[48.3292,30.2876]],[[48.3811,30.1453],[48.3832,30.1481],[48.3831,30.1424],[48.3811,30.1453]],[[48.4082,30.1885],[48.4085,30.1961],[48.4106,30.1915],[48.4082,30.1885]],[[48.4239,30.0836],[48.4618,29.9949],[48.4531,30.0014],[48.4239,30.0836]],[[54.7873,37.6519],[54.8136,37.7186],[54.8234,37.7283],[54.7873,37.6519]],[[55.4474,38.0837],[55.6299,38.1056],[55.511,38.0858],[55.4474,38.0837]],[[55.724,38.1169],[55.7384,38.1186],[55.7688,38.1115],[55.724,38.1169]],[[55.8208,38.0995],[55.8798,38.0858],[55.8541,38.086],[55.8208,38.0995]],[[56.2141,38.0688],[56.3155,38.0895],[56.2997,38.0802],[56.2141,38.0688]],[[57.1814,38.2757],[57.1859,38.2765],[57.2183,38.2651],[57.1814,38.2757]],[[61.1016,35.2353],[61.1038,35.2494],[61.1124,35.202],[61.1016,35.2353]],[[64.589,36.5802],[64.5901,36.5947],[64.6105,36.5009],[64.589,36.5802]],[[64.5911,36.6093],[64.592,36.6211],[64.5985,36.6369],[64.5911,36.6093]],[[64.614,36.6746],[64.6214,36.6926],[64.7652,36.9046],[64.614,36.6746]],[[64.7788,37.118],[64.8079,37.1355],[64.9891,37.2137],[64.7788,37.118]],[[66.0797,37.4409],[66.1545,37.3835],[66.1429,37.3851],[66.0797,37.4409]],[[66.3069,38.0804],[66.4204,38.0419],[66.4083,38.0428],[66.3069,38.0804]],[[66.4878,37.3422],[66.5196,37.3642],[66.531,37.3649],[66.4878,37.3422]],[[66.5399,38.028],[66.5542,38.0269],[66.5722,38.0184],[66.5399,38.028]],[[67.7282,31.3362],[67.7408,31.4005],[67.817,31.4005],[67.8044,31.3362],[67.7282,31.3362]],[[67.7731,37.11],[67.7741,37.1205],[67.7823,37.1029],[67.7731,37.11]],[[67.8003,37.0891],[67.8176,37.0806],[67.808,37.0832],[67.8003,37.0891]],[[68.0169,36.9294],[68.0256,36.9271],[68.0202,36.9257],[68.0169,36.9294]],[[68.0433,36.9316],[68.1864,37.0183],[68.0549,36.9346],[68.0433,36.9316]],[[69.2457,37.1039],[69.3143,37.1189],[69.3121,37.1175],[69.2457,37.1039]],[[69.313,39.9848],[69.314,39.9869],[69.3174,39.9848],[69.313,39.9848]],[[69.4122,39.525],[69.5144,39.5376],[69.4773,39.5304],[69.4122,39.525]],[[71.3191,36.2006],[71.3935,36.228],[71.3824,36.2186],[71.3191,36.2006]],[[71.3564,35.9331],[71.3685,35.894],[71.3607,35.9003],[71.3564,35.9331]],[[71.4008,35.868],[71.4167,35.8588],[71.4234,35.8499],[71.4008,35.868]],[[71.4471,35.8179],[71.4644,35.7947],[71.4658,35.7881],[71.4471,35.8179]],[[71.4756,35.741],[71.5027,35.7191],[71.5074,35.7095],[71.4756,35.741]],[[71.4833,35.6266],[71.5059,35.6034],[71.4927,35.6096],[71.4833,35.6266]],[[71.5144,35.6753],[71.5151,35.6935],[71.5198,35.6838],[71.5144,35.6753]],[[71.5316,35.3279],[71.6138,35.4035],[71.6111,35.3955],[71.5316,35.3279]],[[71.573,35.5692],[71.5842,35.5642],[71.5935,35.5494],[71.573,35.5692]],[[72.1496,36.6893],[72.1535,36.7021],[72.1657,36.7071],[72.1496,36.6893]],[[72.1861,36.7153],[72.2136,36.7264],[72.2821,36.738],[72.1861,36.7153]],[[72.3215,36.7447],[72.3873,36.7558],[72.4541,36.758],[72.3215,36.7447]]],[[[26.253,40.0786],[26.3758,40.1535],[26.3655,40.1641],[26.2568,40.0964],[26.253,40.0786]]],[[[27.5815,37.1982],[27.5831,37.1912],[27.5877,37.1988],[27.5815,37.1982]]],[[[34.2319,27.7697],[34.2509,27.7642],[34.2573,27.7695],[34.2319,27.7697]]],[[[48.0108,29.9805],[48.0311,29.971],[48.0789,30.0041],[48.1061,30.0176],[48.1092,30.028],[48.0547,30.0245],[48.0108,29.9805]]],[[[48.0461,29.8005],[48.1858,29.6039],[48.3527,29.7098],[48.3445,29.7906],[48.1621,29.9957],[48.1227,29.9697],[48.1974,29.9254],[48.0951,29.8947],[48.1133,29.8391],[48.0461,29.8005]]],[[[55.2926,26.5485],[55.8766,26.7429],[55.947,26.6963],[56.2874,26.9551],[56.2124,27.003],[55.8977,26.9068],[55.758,26.954],[55.7742,26.7969],[55.3045,26.6564],[55.2926,26.5485]]],[[[32.2717,35.0728],[32.3294,34.8864],[32.459,34.7219],[32.7099,34.6458],[32.9136,34.6567],[32.9425,34.5794],[33.0303,34.5685],[33.0156,34.6344],[33.0864,34.6948],[33.2601,34.7005],[33.5917,34.8203],[33.7015,34.9729],[34.0685,34.9979],[33.9431,35.0653],[34.0123,35.0638],[33.8999,35.1645],[33.9121,35.26],[34.5384,35.671],[33.6603,35.3593],[33.4275,35.3289],[32.9231,35.3871],[32.9294,35.233],[32.8652,35.157],[32.6897,35.1839],[32.4138,35.043],[32.2717,35.0728]],[[33.7592,34.9887],[33.7911,34.9824],[33.7874,34.98],[33.7592,34.9887]],[[32.712,35.1731],[32.7315,35.1432],[32.7127,35.1634],[32.712,35.1731]],[[33.4666,35.0051],[33.4675,35.0126],[33.4768,35.0027],[33.4666,35.0051]],[[33.6195,35.0168],[33.7115,34.9856],[33.7029,34.9879],[33.6195,35.0168]],[[33.6794,35.0349],[33.7022,35.0223],[33.6794,35.0339],[33.6794,35.0349]],[[33.6966,35.009],[33.7022,35.0223],[33.7002,35.0067],[33.6966,35.009]],[[33.8412,35.0511],[33.8801,35.0731],[33.8551,35.0534],[33.8412,35.0511]]],[[[40.3806,41.0032],[40.46,41.0032],[40.4674,41.0496],[40.3806,41.0032]]],[[[58.4268,42.6262],[58.5069,42.6262],[58.5245,42.6912],[58.4444,42.6912],[58.4268,42.6262]]],[[[62.0613,43.2769],[62.1416,43.2769],[62.161,43.3421],[62.0806,43.3421],[62.0613,43.2769]]]]}},{"type":"Feature","properties":{"territoryId":"cliopatria-q389688-94ab11beac","name":"Achaemenid Empire","name_ko":"아케메네스 왕조","color":"#ec8b51","colorFamily":5,"startYear":-349,"endYear":-337,"source_name":"Cliopatria v0.2.0","source_url":"https://github.com/Seshat-Global-History-Databank/cliopatria","license":"CC BY 4.0","attribution":"Seshat Global History Databank, Cliopatria contributors"},"geometry":{"type":"MultiPolygon","coordinates":[[[[26.1325,39.5143],[26.9377,39.5748],[26.9299,39.4877],[26.801,39.4335],[26.7422,39.2557],[26.8945,39.1911],[26.8793,38.9972],[26.9579,38.9972],[26.9399,38.9327],[27.0413,38.9401],[27.0627,38.8869],[26.9084,38.8204],[26.9314,38.7551],[26.8495,38.6097],[27.0798,38.5451],[27.0728,38.4537],[27.1642,38.4466],[27.0694,38.4094],[27.065,38.3515],[26.6762,38.3515],[26.6731,38.3072],[26.595,38.3515],[26.5358,38.6097],[26.3895,38.6719],[26.4058,38.4535],[26.513,38.4329],[26.4515,38.4261],[26.4289,38.2224],[26.8203,38.2224],[26.889,38.0933],[27.2753,38.0288],[27.2559,37.7707],[27.1794,37.6106],[27.31,37.4483],[27.2383,37.3426],[27.4072,37.4127],[27.4385,37.3908],[27.3921,37.3538],[27.5392,37.3838],[27.5644,37.2735],[27.616,37.2747],[27.598,37.126],[28.0653,37.126],[28.1313,37.0363],[28.3294,37.0368],[28.2124,37.0004],[28.1653,36.9116],[28.1034,36.9353],[28.0583,36.7721],[28.1184,36.8006],[28.1305,36.754],[28.0314,36.6749],[28.1961,36.6854],[28.2572,36.8462],[28.315,36.8291],[28.2934,36.7959],[28.452,36.8836],[29.1249,36.7393],[29.2163,36.3291],[29.3496,36.2326],[29.4116,36.2674],[29.4666,36.224],[29.938,36.224],[30.0261,36.3528],[30.4919,36.3528],[30.6191,36.9326],[31.3916,36.8682],[32.0681,36.6105],[32.4985,36.224],[32.5369,36.1],[32.6639,36.05],[33.824,36.2603],[33.8711,36.3149],[33.9791,36.2884],[34.2507,36.6749],[34.5816,36.8682],[34.8929,36.8682],[34.9352,36.726],[35.1127,36.7393],[35.3323,36.6105],[35.4875,36.6105],[35.8336,36.9326],[36.1449,36.9326],[36.2862,36.8037],[36.2649,36.6105],[35.8417,36.2884],[35.9901,36.224],[35.9767,36.001],[35.8449,35.5802],[35.9929,35.5158],[35.9153,35.2879],[35.9624,35.1979],[35.927,34.8723],[36.0682,34.7436],[36.0488,34.5506],[35.7921,34.2933],[35.6652,34.3113],[35.6838,33.9718],[35.5538,33.9075],[35.6007,33.9075],[35.5946,33.8432],[35.4705,33.9021],[35.4993,33.6502],[35.3944,33.65],[35.3984,33.3931],[35.2154,33.0716],[35.089,33.0205],[35.0218,32.6216],[34.8851,32.4821],[34.8574,32.3645],[34.9227,32.3645],[34.9171,32.3002],[34.8423,32.3002],[34.7926,32.161],[34.813,31.9789],[34.6909,31.9134],[34.6028,31.7558],[34.6334,31.6575],[34.3076,31.4005],[34.2972,31.2719],[33.9826,31.1434],[32.7556,31.0148],[32.7415,30.822],[32.8175,30.822],[32.7182,30.5007],[32.8609,30.3722],[32.914,30.0508],[32.6003,29.8996],[32.7652,29.4429],[32.8856,29.2431],[33.1779,28.9896],[33.2287,28.5694],[34.0462,27.8235],[34.2201,27.7731],[34.4281,27.9859],[34.4553,28.1749],[34.4102,28.32],[34.6245,28.736],[34.7366,29.3113],[34.9572,29.569],[34.9978,29.518],[34.9629,29.3671],[35.4282,29.2152],[35.8063,29.2152],[35.7749,29.7937],[35.8506,29.7937],[36.0697,30.6292],[36.4009,30.9506],[36.2709,31.2076],[36.4231,31.2076],[36.3866,31.6575],[36.6623,32.1717],[36.5155,32.236],[36.7507,32.3002],[36.7168,32.7502],[36.901,33.0716],[37.0542,33.0716],[37.0732,33.2645],[37.5726,33.6502],[37.7261,33.6502],[37.7395,33.7789],[37.9902,33.9718],[39.1238,34.4863],[39.509,34.4863],[40.4033,34.229],[40.3115,34.1004],[40.8499,34.1004],[40.9117,33.9718],[41.2116,33.9075],[41.4886,33.6502],[42.5783,33.1359],[42.7085,32.943],[43.1526,32.8145],[44.459,31.5933],[44.5814,31.3362],[44.9546,31.2719],[45.7705,30.4364],[46.5906,30.3079],[46.6151,29.858],[46.8497,29.9223],[46.994,29.858],[46.9794,29.7294],[47.2897,29.7937],[47.6464,29.6009],[48.1406,29.5464],[48.1809,29.5622],[47.9956,29.8277],[47.9348,30.1071],[47.969,30.0041],[48.1192,30.045],[48.434,29.9365],[48.5304,29.9564],[48.4766,29.984],[48.6587,29.9836],[48.6433,30.0554],[48.8904,30.0308],[48.9417,30.1651],[48.8623,30.3456],[49.0373,30.4325],[48.9456,30.4797],[48.9815,30.5156],[49.2112,30.5063],[49.2638,30.4497],[49.2029,30.3466],[49.062,30.4081],[48.9212,30.3808],[49.1614,30.2238],[49.2212,30.2646],[49.2457,30.1565],[49.4798,30.1561],[49.5322,30.0229],[50.0241,30.2163],[50.1277,30.1207],[50.1613,29.9263],[50.6553,29.4491],[50.6895,29.2908],[50.6435,29.1458],[50.8403,29.1406],[50.915,29.0867],[50.929,29.0097],[50.8345,28.8914],[51.0588,28.7359],[51.0807,28.5339],[51.2853,28.2409],[51.4062,27.9322],[51.6834,27.8306],[52.0112,27.8327],[52.4596,27.6326],[52.6701,27.4486],[52.6098,27.4123],[52.6669,27.3271],[52.9326,27.1603],[53.4441,26.9757],[53.7161,26.7086],[54.0158,26.7495],[54.3081,26.715],[54.3894,26.6051],[54.5613,26.5847],[54.62,26.5082],[54.791,26.4958],[55.2708,26.7925],[55.5217,26.7846],[55.5804,26.8591],[55.5545,26.8999],[55.6659,26.9954],[55.9393,27.0267],[56.1237,27.1606],[56.353,27.2016],[56.8088,27.1396],[56.8846,27.0781],[56.8677,27.0123],[56.9733,27.003],[56.9273,26.9556],[57.0524,26.8366],[57.0872,26.4061],[57.2129,26.1662],[57.1668,26.083],[57.3493,25.7803],[57.7556,25.7427],[57.7717,25.6356],[57.9632,25.6932],[58.0462,25.5749],[58.1375,25.5507],[58.419,25.612],[58.8252,25.5604],[59.044,25.3996],[59.4486,25.4864],[58.9819,26.0008],[59.1767,26.3865],[59.0419,26.5151],[59.1558,26.8366],[58.9304,26.8366],[58.871,26.9652],[58.9863,27.2866],[58.9274,27.4152],[59.0027,27.4152],[59.1536,27.9938],[59.3883,28.0581],[59.4145,28.251],[59.5653,28.251],[59.5255,28.5081],[59.6282,28.701],[59.77,28.6367],[59.8917,28.9581],[61.7285,29.6009],[62.228,29.4081],[64.1953,29.4081],[64.2921,29.5366],[64.6055,29.6009],[65.2004,29.5366],[66.2286,29.7937],[66.5011,30.0508],[66.8158,30.1151],[67.7813,30.822],[67.9333,30.822],[69.0874,31.6575],[69.2927,31.9146],[69.5216,31.9146],[69.7146,32.1074],[70.1863,32.1717],[70.4569,32.3645],[70.6861,32.3645],[70.8811,32.5574],[71.0964,32.4931],[71.2154,32.6859],[71.5503,32.8145],[71.5288,33.3931],[71.9563,33.9075],[72.4794,34.1647],[72.7997,35.4514],[72.6945,35.6445],[72.8218,35.8377],[72.6061,35.902],[72.6564,36.0952],[72.4044,36.6105],[72.5513,36.8682],[72.3957,36.8682],[72.5259,37.0615],[72.3701,37.0615],[72.4053,37.1904],[72.3273,37.1904],[72.285,38.1578],[72.083,38.5451],[72.0798,38.8034],[72.0014,38.8034],[72.0584,38.9972],[71.8822,38.9326],[71.5254,39.3203],[70.6383,39.5143],[70.4791,39.7729],[70.3214,39.7729],[70.0241,40.0964],[70.1425,40.2259],[69.6486,40.1612],[69.4305,40.4849],[69.2722,40.4849],[69.3118,40.6144],[69.1336,40.5496],[69.1339,40.8088],[68.8767,41.0032],[68.8578,41.1977],[68.361,41.1328],[68.3211,41.0032],[67.2908,40.744],[66.9118,41.068],[67.0303,41.1977],[66.5926,41.3274],[66.6319,41.4571],[66.4531,41.3922],[66.2134,41.6518],[65.0948,42.1712],[64.8552,42.1712],[64.4541,42.4312],[63.8531,42.5612],[62.8673,43.0165],[62.6265,43.0165],[62.4853,43.0816],[62.5436,43.2769],[62.042,43.2118],[60.9312,43.5375],[59.1235,43.4072],[58.7135,43.6678],[58.4356,43.5375],[58.3995,43.4072],[58.5424,43.3421],[58.5064,43.2118],[58.6757,42.9515],[58.3048,42.1712],[57.0657,41.068],[56.4022,40.2906],[55.092,39.385],[53.9733,38.9326],[53.8298,37.8352],[53.9079,37.8352],[53.9105,37.4483],[54.0947,37.1904],[54.0143,36.8211],[53.0877,36.8037],[52.1859,36.546],[51.642,36.546],[50.8207,36.7393],[50.532,36.8682],[50.611,36.9697],[50.4759,37.0379],[50.3209,36.9971],[49.9988,37.3838],[49.0851,37.5128],[48.8843,37.7062],[48.8411,38.3515],[48.7627,38.3515],[48.801,38.9972],[48.9155,39.1911],[49.1514,39.1911],[49.379,39.967],[48.3824,39.7083],[47.7516,39.7083],[47.4913,39.5789],[47.1091,39.6436],[47.0857,39.5143],[46.8494,39.5143],[46.8726,39.6436],[46.1632,39.6436],[45.8262,39.967],[45.5218,40.0317],[45.3984,40.2259],[45.0145,40.2906],[44.8908,40.4849],[44.9256,40.6792],[44.4502,40.6792],[44.4055,40.8736],[44.2469,40.8736],[44.0435,41.068],[44.034,41.4571],[43.8188,41.5869],[43.9458,41.8465],[43.7185,41.9114],[43.6625,42.0413],[43.2282,41.8465],[42.7613,41.9114],[42.4194,41.7816],[42.1231,41.9114],[41.7731,41.9114],[41.7817,41.7816],[41.592,41.603],[41.5674,41.4571],[41.4471,41.4571],[41.0473,41.1977],[40.46,41.0032],[40.5981,40.8736],[40.5776,40.744],[40.4089,40.6792],[39.6165,40.6792],[39.3984,40.8088],[39.0019,40.8088],[38.8241,40.6792],[37.8732,40.6792],[37.3551,40.9384],[36.5091,41.1328],[36.5271,41.2625],[36.1386,41.3274],[36.095,41.5869],[35.9571,41.7137],[35.9227,41.6462],[35.9457,41.7167],[35.5767,41.6297],[35.157,41.7167],[35.0921,41.928],[35.123,42.0248],[34.9178,42.0413],[34.7845,41.9114],[33.2771,41.9764],[32.6675,41.8369],[32.6947,41.7816],[31.4983,41.352],[31.3928,41.1884],[31.1801,41.068],[30.6242,41.068],[30.53,41.1522],[30.342,41.1977],[30.1369,41.1438],[29.3668,41.1977],[29.2546,40.8108],[29.493,40.8736],[29.4835,40.7778],[29.9393,40.7351],[29.5599,40.6911],[29.4906,40.7272],[28.9497,40.6228],[28.9004,40.4849],[29.1515,40.4341],[29.0463,40.3554],[27.9388,40.3554],[27.904,40.3999],[27.9505,40.4849],[27.7921,40.4849],[27.7918,40.3929],[27.8836,40.3863],[27.6958,40.2906],[27.5376,40.2906],[27.2948,40.4059],[26.6819,40.3561],[26.4052,40.1887],[26.3622,40.0635],[26.236,39.9989],[26.1325,39.5143]],[[34.9635,29.5941],[34.967,29.6081],[34.9898,29.652],[34.9635,29.5941]],[[35.4529,31.4008],[35.4585,31.4916],[35.4587,31.4916],[35.4593,31.4958],[35.4529,31.4008]],[[35.552,32.3679],[35.5533,32.3691],[35.5656,32.3134],[35.552,32.3679]],[[35.5568,32.3724],[35.5594,32.3748],[35.5656,32.3679],[35.5568,32.3724]],[[35.5585,32.5191],[35.5614,32.5192],[35.5674,32.5102],[35.5585,32.5191]],[[35.5594,32.4704],[35.5626,32.4747],[35.5725,32.4567],[35.5594,32.4704]],[[35.5688,32.4829],[35.5778,32.4948],[35.58,32.4915],[35.5688,32.4829]],[[35.7716,32.7467],[35.7749,32.7473],[35.7882,32.7344],[35.7716,32.7467]],[[36.2318,33.8525],[36.3178,33.8272],[36.3006,33.8287],[36.2318,33.8525]],[[36.2672,33.9104],[36.2886,33.9465],[36.2691,33.9073],[36.2672,33.9104]],[[36.2699,33.906],[36.3111,33.872],[36.2753,33.8972],[36.2699,33.906]],[[36.6665,36.2657],[36.6691,36.2599],[36.6681,36.2532],[36.6665,36.2657]],[[36.6896,32.3197],[36.7069,32.3283],[36.7231,32.3266],[36.6896,32.3197]],[[42.5355,41.4935],[42.555,41.5503],[42.5605,41.5555],[42.5355,41.4935]],[[42.5783,41.5723],[42.5852,41.5788],[42.5991,41.5805],[42.5783,41.5723]],[[42.661,41.5883],[42.8009,41.5792],[42.8199,41.5723],[42.661,41.5883]],[[42.7157,37.3553],[42.7805,37.3755],[42.788,37.3732],[42.7157,37.3553]],[[42.7951,37.371],[42.8011,37.3691],[42.8141,37.3468],[42.7951,37.371]],[[42.8066,41.5428],[42.8199,41.5723],[42.8068,41.543],[42.8066,41.5428]],[[44.5699,37.5144],[44.5732,37.5275],[44.5793,37.477],[44.5699,37.5144]],[[44.692,39.793],[44.7746,39.7028],[44.7769,39.6984],[44.692,39.793]],[[44.7525,37.1131],[44.7649,37.1394],[44.7544,37.1084],[44.7525,37.1131]],[[44.8011,39.653],[44.8085,39.6391],[44.807,39.6399],[44.8011,39.653]],[[44.814,39.6362],[44.8723,39.6251],[44.8278,39.6288],[44.814,39.6362]],[[44.8666,36.7801],[44.9227,36.7759],[44.8772,36.7765],[44.8666,36.7801]],[[44.9962,36.7417],[45.0353,36.6896],[45.0373,36.6808],[44.9962,36.7417]],[[45.0355,36.633],[45.0426,36.6569],[45.0443,36.6493],[45.0355,36.633]],[[45.0382,36.494],[45.0608,36.4472],[45.0391,36.4798],[45.0382,36.494]],[[45.0791,36.4197],[45.1108,36.4025],[45.0837,36.4128],[45.0791,36.4197]],[[45.0922,39.3444],[45.096,39.3411],[45.1358,39.2785],[45.0922,39.3444]],[[45.1108,36.4025],[45.196,36.4224],[45.2213,36.4209],[45.1108,36.4025]],[[45.753,39.5635],[45.7655,39.5616],[45.7739,39.5549],[45.753,39.5635]],[[46.1064,38.8682],[46.1359,38.8637],[46.1261,38.8627],[46.1064,38.8682]],[[46.5901,38.9137],[46.6522,38.9929],[46.5992,38.9197],[46.5901,38.9137]],[[48.1351,30.4429],[48.1409,30.4419],[48.1705,30.4067],[48.1351,30.4429]],[[48.291,30.32],[48.2964,30.3198],[48.3014,30.3149],[48.291,30.32]],[[48.3292,30.2876],[48.397,30.221],[48.4026,30.2088],[48.3292,30.2876]],[[48.3811,30.1453],[48.3832,30.1481],[48.3831,30.1424],[48.3811,30.1453]],[[48.4082,30.1885],[48.4085,30.1961],[48.4106,30.1915],[48.4082,30.1885]],[[48.4239,30.0836],[48.4618,29.9949],[48.4531,30.0014],[48.4239,30.0836]],[[54.7873,37.6519],[54.8136,37.7186],[54.8234,37.7283],[54.7873,37.6519]],[[55.4474,38.0837],[55.6299,38.1056],[55.511,38.0858],[55.4474,38.0837]],[[55.724,38.1169],[55.7384,38.1186],[55.7688,38.1115],[55.724,38.1169]],[[55.8208,38.0995],[55.8798,38.0858],[55.8541,38.086],[55.8208,38.0995]],[[56.2141,38.0688],[56.3155,38.0895],[56.2997,38.0802],[56.2141,38.0688]],[[57.1814,38.2757],[57.1859,38.2765],[57.2183,38.2651],[57.1814,38.2757]],[[61.1016,35.2353],[61.1038,35.2494],[61.1124,35.202],[61.1016,35.2353]],[[64.589,36.5802],[64.5901,36.5947],[64.6105,36.5009],[64.589,36.5802]],[[64.5911,36.6093],[64.592,36.6211],[64.5985,36.6369],[64.5911,36.6093]],[[64.614,36.6746],[64.6214,36.6926],[64.7652,36.9046],[64.614,36.6746]],[[64.7788,37.118],[64.8079,37.1355],[64.9891,37.2137],[64.7788,37.118]],[[66.0797,37.4409],[66.1545,37.3835],[66.1429,37.3851],[66.0797,37.4409]],[[66.3069,38.0804],[66.4204,38.0419],[66.4083,38.0428],[66.3069,38.0804]],[[66.4878,37.3422],[66.5196,37.3642],[66.531,37.3649],[66.4878,37.3422]],[[66.5399,38.028],[66.5542,38.0269],[66.5722,38.0184],[66.5399,38.028]],[[67.7282,31.3362],[67.7408,31.4005],[67.817,31.4005],[67.8044,31.3362],[67.7282,31.3362]],[[67.7731,37.11],[67.7741,37.1205],[67.7823,37.1029],[67.7731,37.11]],[[67.8003,37.0891],[67.8176,37.0806],[67.808,37.0832],[67.8003,37.0891]],[[68.0169,36.9294],[68.0256,36.9271],[68.0202,36.9257],[68.0169,36.9294]],[[68.0433,36.9316],[68.1864,37.0183],[68.0549,36.9346],[68.0433,36.9316]],[[69.2457,37.1039],[69.3143,37.1189],[69.3121,37.1175],[69.2457,37.1039]],[[69.313,39.9848],[69.314,39.9869],[69.3174,39.9848],[69.313,39.9848]],[[69.4122,39.525],[69.5144,39.5376],[69.4773,39.5304],[69.4122,39.525]],[[71.3191,36.2006],[71.3935,36.228],[71.3824,36.2186],[71.3191,36.2006]],[[71.3564,35.9331],[71.3685,35.894],[71.3607,35.9003],[71.3564,35.9331]],[[71.4008,35.868],[71.4167,35.8588],[71.4234,35.8499],[71.4008,35.868]],[[71.4471,35.8179],[71.4644,35.7947],[71.4658,35.7881],[71.4471,35.8179]],[[71.4756,35.741],[71.5027,35.7191],[71.5074,35.7095],[71.4756,35.741]],[[71.4833,35.6266],[71.5059,35.6034],[71.4927,35.6096],[71.4833,35.6266]],[[71.5144,35.6753],[71.5151,35.6935],[71.5198,35.6838],[71.5144,35.6753]],[[71.5316,35.3279],[71.6138,35.4035],[71.6111,35.3955],[71.5316,35.3279]],[[71.573,35.5692],[71.5842,35.5642],[71.5935,35.5494],[71.573,35.5692]],[[72.1496,36.6893],[72.1535,36.7021],[72.1657,36.7071],[72.1496,36.6893]],[[72.1861,36.7153],[72.2136,36.7264],[72.2821,36.738],[72.1861,36.7153]],[[72.3215,36.7447],[72.3873,36.7558],[72.4541,36.758],[72.3215,36.7447]]],[[[26.253,40.0786],[26.3758,40.1535],[26.3655,40.1641],[26.2568,40.0964],[26.253,40.0786]]],[[[27.5815,37.1982],[27.5831,37.1912],[27.5877,37.1988],[27.5815,37.1982]]],[[[34.2319,27.7697],[34.2509,27.7642],[34.2573,27.7695],[34.2319,27.7697]]],[[[48.0108,29.9805],[48.0311,29.971],[48.0789,30.0041],[48.1061,30.0176],[48.1092,30.028],[48.0547,30.0245],[48.0108,29.9805]]],[[[48.0461,29.8005],[48.1858,29.6039],[48.3527,29.7098],[48.3445,29.7906],[48.1621,29.9957],[48.1227,29.9697],[48.1974,29.9254],[48.0951,29.8947],[48.1133,29.8391],[48.0461,29.8005]]],[[[55.2926,26.5485],[55.8766,26.7429],[55.947,26.6963],[56.2874,26.9551],[56.2124,27.003],[55.8977,26.9068],[55.758,26.954],[55.7742,26.7969],[55.3045,26.6564],[55.2926,26.5485]]],[[[32.2717,35.0728],[32.3294,34.8864],[32.459,34.7219],[32.7099,34.6458],[32.9136,34.6567],[32.9425,34.5794],[33.0303,34.5685],[33.0156,34.6344],[33.0864,34.6948],[33.2601,34.7005],[33.5917,34.8203],[33.7015,34.9729],[34.0685,34.9979],[33.9431,35.0653],[34.0123,35.0638],[33.8999,35.1645],[33.9121,35.26],[34.5384,35.671],[33.6603,35.3593],[33.4275,35.3289],[32.9231,35.3871],[32.9294,35.233],[32.8652,35.157],[32.6897,35.1839],[32.4138,35.043],[32.2717,35.0728]],[[33.7592,34.9887],[33.7911,34.9824],[33.7874,34.98],[33.7592,34.9887]],[[32.712,35.1731],[32.7315,35.1432],[32.7127,35.1634],[32.712,35.1731]],[[33.4666,35.0051],[33.4675,35.0126],[33.4768,35.0027],[33.4666,35.0051]],[[33.6195,35.0168],[33.7115,34.9856],[33.7029,34.9879],[33.6195,35.0168]],[[33.6794,35.0349],[33.7022,35.0223],[33.6794,35.0339],[33.6794,35.0349]],[[33.6966,35.009],[33.7022,35.0223],[33.7002,35.0067],[33.6966,35.009]],[[33.8412,35.0511],[33.8801,35.0731],[33.8551,35.0534],[33.8412,35.0511]]],[[[27.708,36.1688],[27.7519,35.905],[27.9934,36.062],[28.0896,36.0551],[28.0617,36.1165],[28.1634,36.2377],[28.2311,36.4498],[27.8997,36.3402],[27.708,36.1688]]],[[[40.3806,41.0032],[40.46,41.0032],[40.4674,41.0496],[40.3806,41.0032]]],[[[58.4268,42.6262],[58.5069,42.6262],[58.5245,42.6912],[58.4444,42.6912],[58.4268,42.6262]]],[[[62.0613,43.2769],[62.1416,43.2769],[62.161,43.3421],[62.0806,43.3421],[62.0613,43.2769]]]]}},{"type":"Feature","properties":{"territoryId":"cliopatria-q389688-94ab11beac","name":"Achaemenid Empire","name_ko":"아케메네스 왕조","color":"#ec8b51","colorFamily":5,"startYear":-336,"endYear":-333,"source_name":"Cliopatria v0.2.0","source_url":"https://github.com/Seshat-Global-History-Databank/cliopatria","license":"CC BY 4.0","attribution":"Seshat Global History Databank, Cliopatria contributors"},"geometry":{"type":"MultiPolygon","coordinates":[[[[18.7346,29.9865],[19.5719,30.1151],[19.6514,30.2436],[19.9567,30.3079],[20.5822,30.8863],[20.9623,30.8863],[21.034,30.7578],[22.1643,30.5007],[23.3006,30.4364],[23.9702,30.1151],[24.0407,29.9865],[24.3412,29.9223],[24.6333,29.6652],[24.9334,29.6009],[24.9224,29.3438],[25.0764,29.4081],[25.295,29.2152],[25.2895,29.0867],[25.8717,28.5724],[26.0816,28.1867],[26.6627,27.6724],[26.582,27.5438],[26.7325,27.5438],[27.2376,27.0295],[27.3021,26.7723],[27.4497,26.708],[27.5842,26.3222],[27.7317,26.258],[28.1511,25.4864],[28.1438,25.2936],[28.2886,25.165],[28.4217,24.7149],[29.6728,24.2006],[29.9595,23.8792],[30.1087,23.8792],[30.104,23.7506],[30.3952,23.5577],[30.4627,23.3649],[31.6705,23.7506],[32.0409,23.6863],[33.389,23.8149],[33.7564,23.6863],[35.108,23.8792],[35.4808,23.8253],[35.5139,23.9771],[35.7925,23.9023],[35.7386,23.9833],[35.4938,24.1089],[35.3919,24.2828],[35.1446,24.5002],[35.1603,24.5746],[34.5466,25.725],[34.3387,26.0018],[34.014,26.6116],[33.9414,26.6535],[33.9961,26.8966],[33.8368,27.1208],[33.8384,27.2426],[33.6917,27.3419],[33.4963,27.6466],[33.5877,27.651],[33.5579,27.7599],[33.4735,27.8232],[33.5921,27.7912],[33.5544,27.8965],[33.2494,28.1429],[33.0029,28.4895],[32.8689,28.5789],[32.8069,28.7781],[32.6255,28.9727],[32.6528,29.081],[32.5623,29.3863],[32.3377,29.5925],[32.3639,29.6882],[32.5095,29.8668],[32.4769,29.9322],[32.5715,29.9426],[32.5778,30.0114],[32.6045,29.8242],[32.6907,29.7336],[32.7239,29.4705],[32.8172,29.414],[32.8856,29.2431],[33.1779,28.9896],[33.2287,28.5694],[33.5538,28.3153],[33.8794,27.9346],[34.2201,27.7731],[34.4281,27.9859],[34.4553,28.1749],[34.4102,28.32],[34.6245,28.736],[34.7366,29.3113],[34.9572,29.569],[34.9978,29.518],[34.9629,29.3671],[35.4282,29.2152],[35.8063,29.2152],[35.7749,29.7937],[35.8506,29.7937],[36.0697,30.6292],[36.4009,30.9506],[36.2709,31.2076],[36.4231,31.2076],[36.3866,31.6575],[36.6623,32.1717],[36.5155,32.236],[36.7507,32.3002],[36.7168,32.7502],[36.901,33.0716],[37.0542,33.0716],[37.0732,33.2645],[37.5726,33.6502],[37.7261,33.6502],[37.7395,33.7789],[37.9902,33.9718],[39.1238,34.4863],[40.2569,34.2933],[40.4033,34.229],[40.3115,34.1004],[40.7036,34.1647],[40.9117,33.9718],[41.2116,33.9075],[41.2733,33.7789],[41.427,33.7789],[41.4886,33.6502],[42.0031,33.4574],[42.0645,33.3288],[42.5783,33.1359],[42.7085,32.943],[43.1526,32.8145],[44.459,31.5933],[44.5814,31.3362],[44.9546,31.2719],[45.7705,30.4364],[46.5906,30.3079],[46.6151,29.858],[46.8497,29.9223],[46.994,29.858],[46.9794,29.7294],[47.2897,29.7937],[47.6464,29.6009],[48.1406,29.5464],[48.1809,29.5622],[47.9956,29.8277],[47.9348,30.1071],[47.969,30.0041],[48.1192,30.045],[48.434,29.9365],[48.5304,29.9564],[48.4766,29.984],[48.6587,29.9836],[48.6433,30.0554],[48.8904,30.0308],[48.9417,30.1651],[48.8623,30.3456],[49.0373,30.4325],[48.9456,30.4797],[48.9815,30.5156],[49.2112,30.5063],[49.2638,30.4497],[49.2029,30.3466],[49.062,30.4081],[48.9212,30.3808],[49.1614,30.2238],[49.2212,30.2646],[49.2457,30.1565],[49.4798,30.1561],[49.5322,30.0229],[50.0241,30.2163],[50.1277,30.1207],[50.1613,29.9263],[50.6553,29.4491],[50.6895,29.2908],[50.6435,29.1458],[50.8403,29.1406],[50.915,29.0867],[50.929,29.0097],[50.8345,28.8914],[51.0588,28.7359],[51.0807,28.5339],[51.2853,28.2409],[51.2698,28.1405],[51.4083,27.9323],[51.5842,27.8511],[52.0112,27.8327],[52.4596,27.6326],[52.6701,27.4486],[52.6098,27.4123],[52.6669,27.3271],[52.9326,27.1603],[53.4441,26.9757],[53.7161,26.7086],[54.0158,26.7495],[54.3081,26.715],[54.62,26.5082],[54.791,26.4958],[55.2708,26.7925],[55.5217,26.7846],[55.5804,26.8591],[55.5545,26.8999],[55.6659,26.9954],[55.9393,27.0267],[56.1237,27.1606],[56.353,27.2016],[56.8088,27.1396],[56.8846,27.0781],[56.8677,27.0123],[56.9733,27.003],[56.9273,26.9556],[57.0524,26.8366],[57.0872,26.4061],[57.2129,26.1662],[57.1668,26.083],[57.3493,25.7803],[57.7556,25.7427],[57.7717,25.6356],[57.9632,25.6932],[58.0462,25.5749],[58.1375,25.5507],[58.419,25.612],[58.8252,25.5604],[58.9943,25.4196],[59.1172,25.3942],[59.4486,25.4864],[58.9819,26.0008],[59.1767,26.3865],[59.0419,26.5151],[59.1558,26.8366],[58.9304,26.8366],[58.871,26.9652],[58.9863,27.2866],[58.9274,27.4152],[59.0027,27.4152],[59.1536,27.9938],[59.3883,28.0581],[59.4145,28.251],[59.5653,28.251],[59.5255,28.5081],[59.6282,28.701],[59.77,28.6367],[59.8917,28.9581],[61.7285,29.6009],[62.228,29.4081],[64.1953,29.4081],[64.2921,29.5366],[64.6055,29.6009],[65.2004,29.5366],[66.066,29.7294],[66.5011,30.0508],[67.154,30.3079],[67.7813,30.822],[67.9333,30.822],[69.0874,31.6575],[69.2927,31.9146],[69.5216,31.9146],[69.7146,32.1074],[70.1863,32.1717],[70.4569,32.3645],[70.6861,32.3645],[70.8811,32.5574],[71.0964,32.4931],[71.2154,32.6859],[71.5503,32.8145],[71.5288,33.3931],[71.9563,33.9075],[72.4794,34.1647],[72.7997,35.4514],[72.6945,35.6445],[72.8218,35.8377],[72.6061,35.902],[72.6564,36.0952],[72.4044,36.6105],[72.5513,36.8682],[72.3957,36.8682],[72.5259,37.0615],[72.3701,37.0615],[72.4053,37.1904],[72.3273,37.1904],[72.285,38.1578],[72.083,38.5451],[72.0798,38.8034],[72.0014,38.8034],[72.0584,38.9972],[71.8822,38.9326],[71.5254,39.3203],[70.6383,39.5143],[70.4791,39.7729],[70.3214,39.7729],[70.0241,40.0964],[70.1425,40.2259],[69.6486,40.1612],[69.4305,40.4849],[69.2722,40.4849],[69.3118,40.6144],[69.1336,40.5496],[69.1339,40.8088],[68.8767,41.0032],[68.8578,41.1977],[68.361,41.1328],[68.3211,41.0032],[67.2908,40.744],[66.9118,41.068],[67.0303,41.1977],[66.5926,41.3274],[66.6319,41.4571],[66.4531,41.3922],[66.2134,41.6518],[65.0948,42.1712],[64.8552,42.1712],[64.4541,42.4312],[63.8531,42.5612],[62.8673,43.0165],[62.6265,43.0165],[62.4853,43.0816],[62.5436,43.2769],[62.042,43.2118],[60.9312,43.5375],[59.1235,43.4072],[58.7135,43.6678],[58.4356,43.5375],[58.3995,43.4072],[58.5424,43.3421],[58.5064,43.2118],[58.6757,42.9515],[58.3048,42.1712],[57.0657,41.068],[56.4022,40.2906],[55.092,39.385],[53.9733,38.9326],[53.8298,37.8352],[53.9079,37.8352],[53.9105,37.4483],[54.0947,37.1904],[54.0143,36.8211],[53.0877,36.8037],[52.1859,36.546],[51.642,36.546],[50.8207,36.7393],[50.532,36.8682],[50.611,36.9697],[50.4759,37.0379],[50.3209,36.9971],[49.9988,37.3838],[49.0851,37.5128],[48.8843,37.7062],[48.8411,38.3515],[48.7627,38.3515],[48.801,38.9972],[48.9155,39.1911],[49.1514,39.1911],[49.379,39.967],[48.3824,39.7083],[47.7516,39.7083],[47.4913,39.5789],[47.1091,39.6436],[47.0857,39.5143],[46.8494,39.5143],[46.8726,39.6436],[46.1632,39.6436],[45.8262,39.967],[45.5218,40.0317],[45.3984,40.2259],[45.0145,40.2906],[44.8908,40.4849],[44.9256,40.6792],[44.4502,40.6792],[44.4055,40.8736],[44.2469,40.8736],[44.0435,41.068],[44.034,41.4571],[43.8188,41.5869],[43.9458,41.8465],[43.7185,41.9114],[43.6625,42.0413],[43.2282,41.8465],[42.7613,41.9114],[42.4194,41.7816],[42.1231,41.9114],[41.7731,41.9114],[41.7817,41.7816],[41.592,41.603],[41.5674,41.4571],[41.4471,41.4571],[41.0473,41.1977],[40.46,41.0032],[40.5981,40.8736],[40.5776,40.744],[40.4089,40.6792],[39.6165,40.6792],[39.3984,40.8088],[39.0019,40.8088],[38.8241,40.6792],[37.8732,40.6792],[37.3551,40.9384],[36.5091,41.1328],[36.5271,41.2625],[36.1386,41.3274],[36.095,41.5869],[35.9571,41.7137],[35.9227,41.6462],[35.9457,41.7167],[35.5767,41.6297],[35.157,41.7167],[35.0921,41.928],[35.123,42.0248],[35.0615,42.0413],[34.9178,42.0413],[34.7845,41.9114],[32.9945,41.9114],[32.6675,41.8369],[32.6947,41.7816],[31.4983,41.352],[31.3928,41.1884],[31.1801,41.068],[30.6242,41.068],[30.53,41.1522],[30.3518,41.1919],[30.1369,41.1438],[29.0879,41.1348],[29.1931,40.8961],[29.2949,40.8388],[29.2546,40.8108],[29.493,40.8736],[29.4438,40.7766],[29.9393,40.7351],[29.5599,40.6911],[29.4906,40.7272],[28.9422,40.6184],[28.9156,40.4714],[29.1515,40.4341],[29.0463,40.3554],[27.9388,40.3554],[27.904,40.3999],[27.9505,40.4849],[27.7921,40.4849],[27.7918,40.3929],[27.8836,40.3863],[27.6958,40.2906],[27.5376,40.2906],[27.301,40.4076],[26.689,40.3624],[26.4189,40.196],[26.311,40.0195],[26.1675,39.967],[26.1325,39.5143],[26.9377,39.5748],[26.9299,39.4877],[26.801,39.4335],[26.7422,39.2557],[26.8945,39.1911],[26.8793,38.9972],[26.9579,38.9972],[26.9399,38.9327],[27.0413,38.9401],[27.0627,38.8869],[26.9084,38.8204],[26.9314,38.7551],[26.8495,38.6097],[27.0798,38.5451],[27.0728,38.4537],[27.1642,38.4466],[27.0694,38.4094],[27.065,38.3515],[26.6762,38.3515],[26.6731,38.3072],[26.595,38.3515],[26.5358,38.6097],[26.3895,38.6719],[26.4058,38.4535],[26.513,38.4329],[26.4515,38.4261],[26.4289,38.2224],[26.8203,38.2224],[26.889,38.0933],[27.2753,38.0288],[27.2559,37.7707],[27.1794,37.6106],[27.31,37.4483],[27.2383,37.3426],[27.4072,37.4127],[27.4385,37.3908],[27.3921,37.3538],[27.5392,37.3838],[27.5644,37.2735],[27.616,37.2747],[27.598,37.126],[28.0653,37.126],[28.1313,37.0363],[28.3294,37.0368],[28.2124,37.0004],[28.1653,36.9116],[28.1034,36.9353],[28.0583,36.7721],[28.1184,36.8006],[28.1305,36.754],[28.0314,36.6749],[28.1961,36.6854],[28.2572,36.8462],[28.315,36.8291],[28.2934,36.7959],[28.452,36.8836],[29.1249,36.7393],[29.2163,36.3291],[29.3496,36.2326],[29.4116,36.2674],[29.4666,36.224],[29.938,36.224],[30.0261,36.3528],[30.4919,36.3528],[30.6191,36.9326],[31.3916,36.8682],[32.0681,36.6105],[32.4985,36.224],[32.5369,36.1],[32.6639,36.05],[33.824,36.2603],[33.8711,36.3149],[33.9791,36.2884],[34.2507,36.6749],[34.5816,36.8682],[34.8929,36.8682],[34.9352,36.726],[35.1127,36.7393],[35.3323,36.6105],[35.4875,36.6105],[35.8336,36.9326],[36.1449,36.9326],[36.2862,36.8037],[36.2649,36.6105],[35.8417,36.2884],[35.9901,36.224],[35.9767,36.001],[35.8449,35.5802],[35.9929,35.5158],[35.9153,35.2879],[35.9624,35.1979],[35.927,34.8723],[36.0682,34.7436],[36.0488,34.5506],[35.7921,34.2933],[35.6652,34.3113],[35.6838,33.9718],[35.5538,33.9075],[35.6007,33.9075],[35.5946,33.8432],[35.4705,33.9021],[35.4993,33.6502],[35.3944,33.65],[35.3984,33.3931],[35.2154,33.0716],[35.089,33.0205],[35.0218,32.6216],[34.8851,32.4821],[34.8574,32.3645],[34.9227,32.3645],[34.9171,32.3002],[34.8423,32.3002],[34.7926,32.161],[34.813,31.9789],[34.6909,31.9134],[34.6028,31.7558],[34.6334,31.6575],[34.3076,31.4005],[34.2972,31.2719],[33.7493,31.0791],[32.8317,31.0148],[32.8055,31.0655],[32.6665,31.0523],[32.7907,31.0941],[32.5322,31.0791],[32.3894,31.2076],[32.2625,31.1696],[32.3039,31.0791],[31.9996,31.0791],[31.9063,31.2516],[31.7806,31.2076],[31.8077,31.2812],[31.7691,31.2988],[31.8741,31.4647],[31.2658,31.4647],[31.1215,31.5275],[31.0291,31.5185],[30.9807,31.4365],[30.7985,31.4465],[30.7344,31.3881],[30.5427,31.395],[30.6916,31.4647],[30.352,31.4647],[30.3019,31.3422],[30.3388,31.2719],[30.2887,31.2379],[29.9904,31.2719],[29.8315,31.1513],[29.8696,31.0791],[29.6332,30.9506],[29.5543,30.9848],[29.4481,30.9336],[29.3971,30.822],[28.865,30.822],[28.4964,31.0148],[27.5149,31.1434],[27.2975,31.3362],[26.9303,31.4411],[25.248,31.4647],[25.102,31.5933],[25.1097,31.7462],[24.8925,31.9789],[24.1294,31.9789],[23.6803,32.1717],[23.3122,32.1627],[23.1486,32.236],[23.1863,32.295],[23.0806,32.3341],[23.0894,32.6216],[21.99,32.9134],[21.8067,32.9133],[21.4117,32.7502],[21.0578,32.7736],[20.8712,32.6216],[20.7962,32.6428],[20.6898,32.6041],[20.7159,32.5574],[20.563,32.5574],[20.482,32.4288],[20.417,32.4565],[20.3255,32.4098],[20.2461,32.236],[20.0715,32.1764],[19.9961,31.5933],[20.2143,31.2719],[20.1467,31.1636],[20.2021,30.8863],[19.9682,30.6935],[19.9643,30.565],[19.655,30.3722],[19.272,30.2436],[18.8944,30.3079],[18.7378,30.1151],[18.7346,29.9865]],[[24.6883,30.1442],[24.6887,30.1828],[24.6967,30.127],[24.6883,30.1442]],[[24.6887,30.1828],[24.7629,30.3171],[24.767,30.3214],[24.6887,30.1828]],[[34.9635,29.5941],[34.967,29.6081],[34.9898,29.652],[34.9635,29.5941]],[[35.4529,31.4008],[35.4585,31.4916],[35.4587,31.4916],[35.4593,31.4958],[35.4529,31.4008]],[[35.552,32.3679],[35.5533,32.3691],[35.5656,32.3134],[35.552,32.3679]],[[35.5568,32.3724],[35.5594,32.3748],[35.5656,32.3679],[35.5568,32.3724]],[[35.5585,32.5191],[35.5614,32.5192],[35.5674,32.5102],[35.5585,32.5191]],[[35.5594,32.4704],[35.5626,32.4747],[35.5725,32.4567],[35.5594,32.4704]],[[35.5688,32.4829],[35.5778,32.4948],[35.58,32.4915],[35.5688,32.4829]],[[35.7716,32.7467],[35.7749,32.7473],[35.7882,32.7344],[35.7716,32.7467]],[[36.2318,33.8525],[36.3178,33.8272],[36.3006,33.8287],[36.2318,33.8525]],[[36.2672,33.9104],[36.2886,33.9465],[36.2691,33.9073],[36.2672,33.9104]],[[36.2699,33.906],[36.3111,33.872],[36.2753,33.8972],[36.2699,33.906]],[[36.6665,36.2657],[36.6691,36.2599],[36.6681,36.2532],[36.6665,36.2657]],[[36.6896,32.3197],[36.7069,32.3283],[36.7231,32.3266],[36.6896,32.3197]],[[42.5355,41.4935],[42.555,41.5503],[42.5605,41.5555],[42.5355,41.4935]],[[42.5783,41.5723],[42.5852,41.5788],[42.5991,41.5805],[42.5783,41.5723]],[[42.661,41.5883],[42.8009,41.5792],[42.8199,41.5723],[42.661,41.5883]],[[42.7157,37.3553],[42.7805,37.3755],[42.788,37.3732],[42.7157,37.3553]],[[42.7951,37.371],[42.8011,37.3691],[42.8141,37.3468],[42.7951,37.371]],[[42.8066,41.5428],[42.8199,41.5723],[42.8068,41.543],[42.8066,41.5428]],[[44.5699,37.5144],[44.5732,37.5275],[44.5793,37.477],[44.5699,37.5144]],[[44.692,39.793],[44.7746,39.7028],[44.7769,39.6984],[44.692,39.793]],[[44.7525,37.1131],[44.7649,37.1394],[44.7544,37.1084],[44.7525,37.1131]],[[44.8011,39.653],[44.8085,39.6391],[44.807,39.6399],[44.8011,39.653]],[[44.814,39.6362],[44.8723,39.6251],[44.8278,39.6288],[44.814,39.6362]],[[44.8666,36.7801],[44.9227,36.7759],[44.8772,36.7765],[44.8666,36.7801]],[[44.9962,36.7417],[45.0353,36.6896],[45.0373,36.6808],[44.9962,36.7417]],[[45.0355,36.633],[45.0426,36.6569],[45.0443,36.6493],[45.0355,36.633]],[[45.0382,36.494],[45.0608,36.4472],[45.0391,36.4798],[45.0382,36.494]],[[45.0791,36.4197],[45.1108,36.4025],[45.0837,36.4128],[45.0791,36.4197]],[[45.0922,39.3444],[45.096,39.3411],[45.1358,39.2785],[45.0922,39.3444]],[[45.1108,36.4025],[45.196,36.4224],[45.2213,36.4209],[45.1108,36.4025]],[[45.753,39.5635],[45.7655,39.5616],[45.7739,39.5549],[45.753,39.5635]],[[46.1064,38.8682],[46.1359,38.8637],[46.1261,38.8627],[46.1064,38.8682]],[[46.5901,38.9137],[46.6522,38.9929],[46.5992,38.9197],[46.5901,38.9137]],[[48.1351,30.4429],[48.1409,30.4419],[48.1705,30.4067],[48.1351,30.4429]],[[48.291,30.32],[48.2964,30.3198],[48.3014,30.3149],[48.291,30.32]],[[48.3292,30.2876],[48.397,30.221],[48.4026,30.2088],[48.3292,30.2876]],[[48.3811,30.1453],[48.3832,30.1481],[48.3831,30.1424],[48.3811,30.1453]],[[48.4082,30.1885],[48.4085,30.1961],[48.4106,30.1915],[48.4082,30.1885]],[[48.4239,30.0836],[48.4618,29.9949],[48.4531,30.0014],[48.4239,30.0836]],[[54.7873,37.6519],[54.8136,37.7186],[54.8234,37.7283],[54.7873,37.6519]],[[55.4474,38.0837],[55.6299,38.1056],[55.511,38.0858],[55.4474,38.0837]],[[55.724,38.1169],[55.7384,38.1186],[55.7688,38.1115],[55.724,38.1169]],[[55.8208,38.0995],[55.8798,38.0858],[55.8541,38.086],[55.8208,38.0995]],[[56.2141,38.0688],[56.3155,38.0895],[56.2997,38.0802],[56.2141,38.0688]],[[57.1814,38.2757],[57.1859,38.2765],[57.2183,38.2651],[57.1814,38.2757]],[[61.1016,35.2353],[61.1038,35.2494],[61.1124,35.202],[61.1016,35.2353]],[[64.589,36.5802],[64.5901,36.5947],[64.6105,36.5009],[64.589,36.5802]],[[64.5911,36.6093],[64.592,36.6211],[64.5985,36.6369],[64.5911,36.6093]],[[64.614,36.6746],[64.6214,36.6926],[64.7652,36.9046],[64.614,36.6746]],[[64.7788,37.118],[64.8079,37.1355],[64.9891,37.2137],[64.7788,37.118]],[[66.0797,37.4409],[66.1545,37.3835],[66.1429,37.3851],[66.0797,37.4409]],[[66.3069,38.0804],[66.4204,38.0419],[66.4083,38.0428],[66.3069,38.0804]],[[66.4878,37.3422],[66.5196,37.3642],[66.531,37.3649],[66.4878,37.3422]],[[66.5399,38.028],[66.5542,38.0269],[66.5722,38.0184],[66.5399,38.028]],[[67.7282,31.3362],[67.7408,31.4005],[67.817,31.4005],[67.8044,31.3362],[67.7282,31.3362]],[[67.7731,37.11],[67.7741,37.1205],[67.7823,37.1029],[67.7731,37.11]],[[67.8003,37.0891],[67.8176,37.0806],[67.808,37.0832],[67.8003,37.0891]],[[68.0169,36.9294],[68.0256,36.9271],[68.0202,36.9257],[68.0169,36.9294]],[[68.0433,36.9316],[68.1864,37.0183],[68.0549,36.9346],[68.0433,36.9316]],[[69.2457,37.1039],[69.3143,37.1189],[69.3121,37.1175],[69.2457,37.1039]],[[69.313,39.9848],[69.314,39.9869],[69.3174,39.9848],[69.313,39.9848]],[[69.4122,39.525],[69.5144,39.5376],[69.4773,39.5304],[69.4122,39.525]],[[71.3191,36.2006],[71.3935,36.228],[71.3824,36.2186],[71.3191,36.2006]],[[71.3564,35.9331],[71.3685,35.894],[71.3607,35.9003],[71.3564,35.9331]],[[71.4008,35.868],[71.4167,35.8588],[71.4234,35.8499],[71.4008,35.868]],[[71.4471,35.8179],[71.4644,35.7947],[71.4658,35.7881],[71.4471,35.8179]],[[71.4756,35.741],[71.5027,35.7191],[71.5074,35.7095],[71.4756,35.741]],[[71.4833,35.6266],[71.5059,35.6034],[71.4927,35.6096],[71.4833,35.6266]],[[71.5144,35.6753],[71.5151,35.6935],[71.5198,35.6838],[71.5144,35.6753]],[[71.5316,35.3279],[71.6138,35.4035],[71.6111,35.3955],[71.5316,35.3279]],[[71.573,35.5692],[71.5842,35.5642],[71.5935,35.5494],[71.573,35.5692]],[[72.1496,36.6893],[72.1535,36.7021],[72.1657,36.7071],[72.1496,36.6893]],[[72.1861,36.7153],[72.2136,36.7264],[72.2821,36.738],[72.1861,36.7153]],[[72.3215,36.7447],[72.3873,36.7558],[72.4541,36.758],[72.3215,36.7447]]],[[[23.1087,32.4023],[23.1284,32.3955],[23.1313,32.4072],[23.1096,32.4164],[23.1087,32.4023]]],[[[26.3652,40.147],[26.3758,40.1535],[26.3742,40.1552],[26.3652,40.147]]],[[[26.5359,40.3025],[26.5397,40.3037],[26.6016,40.3461],[26.6137,40.3569],[26.594,40.3554],[26.5359,40.3025]]],[[[27.5815,37.1982],[27.5831,37.1912],[27.5877,37.1988],[27.5815,37.1982]]],[[[29.0426,41.1328],[29.0598,41.1058],[29.0706,41.1302],[29.0674,41.1339],[29.0426,41.1328]]],[[[30.1795,31.2714],[30.1849,31.2719],[30.1795,31.2719],[30.1795,31.2714]]],[[[30.2409,31.2653],[30.2648,31.2719],[30.2479,31.2719],[30.2409,31.2653]]],[[[30.9691,31.5785],[30.9739,31.5799],[30.9739,31.5867],[30.9695,31.5854],[30.9691,31.5785]]],[[[30.978,31.5843],[31.119,31.5305],[31.1608,31.5935],[30.978,31.5843]]],[[[33.9551,26.79],[34.0036,26.7082],[34.0029,26.7316],[33.9756,26.79],[33.9551,26.79]]],[[[34.2319,27.7697],[34.2509,27.7642],[34.2573,27.7695],[34.2319,27.7697]]],[[[48.0108,29.9805],[48.0311,29.971],[48.0789,30.0041],[48.1061,30.0176],[48.1092,30.028],[48.0547,30.0245],[48.0108,29.9805]]],[[[48.0461,29.8005],[48.1858,29.6039],[48.3527,29.7098],[48.3445,29.7906],[48.1621,29.9957],[48.1227,29.9697],[48.1974,29.9254],[48.0951,29.8947],[48.1133,29.8391],[48.0461,29.8005]]],[[[55.2926,26.5485],[55.8766,26.7429],[55.947,26.6963],[56.2874,26.9551],[56.2124,27.003],[55.8977,26.9068],[55.758,26.954],[55.7742,26.7969],[55.3045,26.6564],[55.2926,26.5485]]],[[[55.8659,26.6592],[55.8978,26.6672],[55.8943,26.6794],[55.8683,26.6664],[55.8659,26.6592]]],[[[32.2717,35.0728],[32.3294,34.8864],[32.459,34.7219],[32.7099,34.6458],[32.9136,34.6567],[32.9425,34.5794],[33.0303,34.5685],[33.0156,34.6344],[33.0864,34.6948],[33.2601,34.7005],[33.5917,34.8203],[33.7015,34.9729],[34.0685,34.9979],[33.9431,35.0653],[34.0123,35.0638],[33.8999,35.1645],[33.9121,35.26],[34.5384,35.671],[33.6603,35.3593],[33.4275,35.3289],[32.9231,35.3871],[32.9294,35.233],[32.8652,35.157],[32.6897,35.1839],[32.4138,35.043],[32.2717,35.0728]],[[33.7592,34.9887],[33.7911,34.9824],[33.7874,34.98],[33.7592,34.9887]],[[32.712,35.1731],[32.7315,35.1432],[32.7127,35.1634],[32.712,35.1731]],[[33.4666,35.0051],[33.4675,35.0126],[33.4768,35.0027],[33.4666,35.0051]],[[33.6195,35.0168],[33.7115,34.9856],[33.7029,34.9879],[33.6195,35.0168]],[[33.6794,35.0349],[33.7022,35.0223],[33.6794,35.0339],[33.6794,35.0349]],[[33.6966,35.009],[33.7022,35.0223],[33.7002,35.0067],[33.6966,35.009]],[[33.8412,35.0511],[33.8801,35.0731],[33.8551,35.0534],[33.8412,35.0511]]],[[[40.3806,41.0032],[40.46,41.0032],[40.4674,41.0496],[40.3806,41.0032]]],[[[58.4268,42.6262],[58.5069,42.6262],[58.5245,42.6912],[58.4444,42.6912],[58.4268,42.6262]]],[[[62.0613,43.2769],[62.1416,43.2769],[62.161,43.3421],[62.0806,43.3421],[62.0613,43.2769]]]]}},{"type":"Feature","properties":{"territoryId":"cliopatria-q389688-94ab11beac","name":"Achaemenid Empire","name_ko":"아케메네스 왕조","color":"#ec8b51","colorFamily":5,"startYear":-332,"endYear":-331,"source_name":"Cliopatria v0.2.0","source_url":"https://github.com/Seshat-Global-History-Databank/cliopatria","license":"CC BY 4.0","attribution":"Seshat Global History Databank, Cliopatria contributors"},"geometry":{"type":"MultiPolygon","coordinates":[[[[18.7346,29.9865],[19.5719,30.1151],[19.6514,30.2436],[19.9567,30.3079],[20.5822,30.8863],[20.9623,30.8863],[21.034,30.7578],[22.1643,30.5007],[23.3006,30.4364],[23.9702,30.1151],[24.0407,29.9865],[24.3412,29.9223],[24.6333,29.6652],[24.9334,29.6009],[24.9224,29.3438],[25.0764,29.4081],[25.295,29.2152],[25.2895,29.0867],[25.8717,28.5724],[26.0816,28.1867],[26.6627,27.6724],[26.582,27.5438],[26.7325,27.5438],[27.2376,27.0295],[27.3021,26.7723],[27.4497,26.708],[27.5842,26.3222],[27.7317,26.258],[28.1511,25.4864],[28.1438,25.2936],[28.2886,25.165],[28.4217,24.7149],[29.6728,24.2006],[29.9595,23.8792],[30.1087,23.8792],[30.104,23.7506],[30.3952,23.5577],[30.4627,23.3649],[31.6705,23.7506],[32.0409,23.6863],[33.389,23.8149],[33.7564,23.6863],[35.108,23.8792],[35.4808,23.8253],[35.5139,23.9771],[35.7925,23.9023],[35.7386,23.9833],[35.4938,24.1089],[35.3919,24.2828],[35.1446,24.5002],[35.1603,24.5746],[34.5466,25.725],[34.3387,26.0018],[34.014,26.6116],[33.9414,26.6535],[33.9961,26.8966],[33.8368,27.1208],[33.8384,27.2426],[33.6917,27.3419],[33.4963,27.6466],[33.5877,27.651],[33.5579,27.7599],[33.4735,27.8232],[33.5921,27.7912],[33.5544,27.8965],[33.2494,28.1429],[33.0029,28.4895],[32.8689,28.5789],[32.8069,28.7781],[32.6255,28.9727],[32.6528,29.081],[32.5623,29.3863],[32.3377,29.5925],[32.3639,29.6882],[32.5095,29.8668],[32.4769,29.9322],[32.5715,29.9426],[32.5778,30.0114],[32.6045,29.8242],[32.6907,29.7336],[32.7239,29.4705],[32.8172,29.414],[32.8856,29.2431],[33.1779,28.9896],[33.2287,28.5694],[33.5538,28.3153],[33.8794,27.9346],[34.2201,27.7731],[34.4281,27.9859],[34.4553,28.1749],[34.4102,28.32],[34.6245,28.736],[34.7366,29.3113],[34.9572,29.569],[34.9978,29.518],[34.9629,29.3671],[35.4282,29.2152],[35.8063,29.2152],[35.7749,29.7937],[35.8506,29.7937],[36.0697,30.6292],[36.4009,30.9506],[36.2709,31.2076],[36.4231,31.2076],[36.3866,31.6575],[36.6623,32.1717],[36.5155,32.236],[36.7507,32.3002],[36.7168,32.7502],[36.901,33.0716],[37.0542,33.0716],[37.0732,33.2645],[37.5726,33.6502],[37.7261,33.6502],[37.7395,33.7789],[37.9902,33.9718],[39.1238,34.4863],[40.2569,34.2933],[40.4033,34.229],[40.3115,34.1004],[40.7036,34.1647],[40.9117,33.9718],[41.2116,33.9075],[41.2733,33.7789],[41.427,33.7789],[41.4886,33.6502],[42.0031,33.4574],[42.0645,33.3288],[42.5783,33.1359],[42.7085,32.943],[43.1526,32.8145],[44.459,31.5933],[44.5814,31.3362],[44.9546,31.2719],[45.7705,30.4364],[46.5906,30.3079],[46.6151,29.858],[46.8497,29.9223],[46.994,29.858],[46.9794,29.7294],[47.2897,29.7937],[47.6464,29.6009],[48.1406,29.5464],[48.1809,29.5622],[47.9956,29.8277],[47.9348,30.1071],[47.969,30.0041],[48.1192,30.045],[48.434,29.9365],[48.5304,29.9564],[48.4766,29.984],[48.6587,29.9836],[48.6433,30.0554],[48.8904,30.0308],[48.9417,30.1651],[48.8623,30.3456],[49.0373,30.4325],[48.9456,30.4797],[48.9815,30.5156],[49.2112,30.5063],[49.2638,30.4497],[49.2029,30.3466],[49.062,30.4081],[48.9212,30.3808],[49.1614,30.2238],[49.2212,30.2646],[49.2457,30.1565],[49.4798,30.1561],[49.5322,30.0229],[50.0241,30.2163],[50.1277,30.1207],[50.1613,29.9263],[50.6553,29.4491],[50.6895,29.2908],[50.6435,29.1458],[50.8403,29.1406],[50.915,29.0867],[50.929,29.0097],[50.8345,28.8914],[51.0588,28.7359],[51.0807,28.5339],[51.2853,28.2409],[51.2698,28.1405],[51.4083,27.9323],[51.5842,27.8511],[52.0112,27.8327],[52.4596,27.6326],[52.6701,27.4486],[52.6098,27.4123],[52.6669,27.3271],[52.9326,27.1603],[53.4441,26.9757],[53.7161,26.7086],[54.0158,26.7495],[54.3081,26.715],[54.62,26.5082],[54.791,26.4958],[55.2708,26.7925],[55.5217,26.7846],[55.5804,26.8591],[55.5545,26.8999],[55.6659,26.9954],[55.9393,27.0267],[56.1237,27.1606],[56.353,27.2016],[56.8088,27.1396],[56.8846,27.0781],[56.8677,27.0123],[56.9733,27.003],[56.9273,26.9556],[57.0524,26.8366],[57.0872,26.4061],[57.2129,26.1662],[57.1668,26.083],[57.3493,25.7803],[57.7556,25.7427],[57.7717,25.6356],[57.9632,25.6932],[58.0462,25.5749],[58.1375,25.5507],[58.419,25.612],[58.8252,25.5604],[58.9943,25.4196],[59.1172,25.3942],[59.4486,25.4864],[58.9819,26.0008],[59.1767,26.3865],[59.0419,26.5151],[59.1558,26.8366],[58.9304,26.8366],[58.871,26.9652],[58.9863,27.2866],[58.9274,27.4152],[59.0027,27.4152],[59.1536,27.9938],[59.3883,28.0581],[59.4145,28.251],[59.5653,28.251],[59.5255,28.5081],[59.6282,28.701],[59.77,28.6367],[59.8917,28.9581],[61.7285,29.6009],[62.228,29.4081],[64.1953,29.4081],[64.2921,29.5366],[64.6055,29.6009],[65.2004,29.5366],[66.066,29.7294],[66.5011,30.0508],[67.154,30.3079],[67.7813,30.822],[67.9333,30.822],[69.0874,31.6575],[69.2927,31.9146],[69.5216,31.9146],[69.7146,32.1074],[70.1863,32.1717],[70.4569,32.3645],[70.6861,32.3645],[70.8811,32.5574],[71.0964,32.4931],[71.2154,32.6859],[71.5503,32.8145],[71.5288,33.3931],[71.9563,33.9075],[72.4794,34.1647],[72.7997,35.4514],[72.6945,35.6445],[72.8218,35.8377],[72.6061,35.902],[72.6564,36.0952],[72.4044,36.6105],[72.5513,36.8682],[72.3957,36.8682],[72.5259,37.0615],[72.3701,37.0615],[72.4053,37.1904],[72.3273,37.1904],[72.285,38.1578],[72.083,38.5451],[72.0798,38.8034],[72.0014,38.8034],[72.0584,38.9972],[71.8822,38.9326],[71.5254,39.3203],[70.6383,39.5143],[70.4791,39.7729],[70.3214,39.7729],[70.0241,40.0964],[70.1425,40.2259],[69.6486,40.1612],[69.4305,40.4849],[69.2722,40.4849],[69.3118,40.6144],[69.1336,40.5496],[69.1339,40.8088],[68.8767,41.0032],[68.8578,41.1977],[68.361,41.1328],[68.3211,41.0032],[67.2908,40.744],[66.9118,41.068],[67.0303,41.1977],[66.5926,41.3274],[66.6319,41.4571],[66.4531,41.3922],[66.2134,41.6518],[65.0948,42.1712],[64.8552,42.1712],[64.4541,42.4312],[63.8531,42.5612],[62.8673,43.0165],[62.6265,43.0165],[62.4853,43.0816],[62.5436,43.2769],[62.042,43.2118],[60.9312,43.5375],[59.1235,43.4072],[58.7135,43.6678],[58.4356,43.5375],[58.3995,43.4072],[58.5424,43.3421],[58.5064,43.2118],[58.6757,42.9515],[58.3048,42.1712],[57.0657,41.068],[56.4022,40.2906],[55.092,39.385],[53.9733,38.9326],[53.8298,37.8352],[53.9079,37.8352],[53.9105,37.4483],[54.0947,37.1904],[54.0143,36.8211],[53.0877,36.8037],[52.1859,36.546],[51.642,36.546],[50.8207,36.7393],[50.532,36.8682],[50.611,36.9697],[50.4759,37.0379],[50.3209,36.9971],[49.9988,37.3838],[49.0851,37.5128],[48.8843,37.7062],[48.8411,38.3515],[48.7627,38.3515],[48.801,38.9972],[48.9155,39.1911],[49.1514,39.1911],[49.379,39.967],[48.3824,39.7083],[47.7516,39.7083],[47.4913,39.5789],[47.1091,39.6436],[47.0857,39.5143],[46.8494,39.5143],[46.8726,39.6436],[46.1632,39.6436],[45.8262,39.967],[45.5218,40.0317],[45.3984,40.2259],[45.0145,40.2906],[44.8908,40.4849],[44.9256,40.6792],[44.4502,40.6792],[44.4055,40.8736],[44.2469,40.8736],[44.0435,41.068],[44.034,41.4571],[43.8188,41.5869],[43.9458,41.8465],[43.7185,41.9114],[43.6625,42.0413],[43.2282,41.8465],[42.7613,41.9114],[42.4194,41.7816],[42.1231,41.9114],[41.7731,41.9114],[41.7817,41.7816],[41.592,41.603],[41.5674,41.4571],[41.4471,41.4571],[41.0473,41.1977],[40.46,41.0032],[40.5981,40.8736],[40.5776,40.744],[40.4089,40.6792],[39.6165,40.6792],[39.3984,40.8088],[39.0019,40.8088],[38.8241,40.6792],[37.8732,40.6792],[37.3551,40.9384],[36.888,41.0032],[36.879,40.9384],[36.5616,40.9384],[36.5877,40.5496],[36.2796,40.6144],[36.0954,40.4201],[35.7082,40.4849],[35.4457,40.2906],[35.1294,40.2906],[35.097,40.0317],[34.8521,39.967],[34.8363,39.8376],[34.9862,39.7729],[35.0259,39.4496],[35.1046,39.4496],[35.1067,38.8034],[35.1852,38.8034],[35.2114,38.3515],[35.3459,38.1578],[35.2386,37.8998],[35.3168,37.8998],[35.3661,37.6417],[35.8128,37.4483],[36.2028,37.4483],[36.6486,37.2549],[36.7822,37.0615],[36.5967,36.0952],[36.4208,35.902],[36.3527,35.2584],[36.1849,35.1297],[36.165,34.9366],[36.3128,34.8723],[36.2865,34.615],[36.2094,34.615],[36.2669,34.422],[35.8313,33.9075],[35.7174,33.5217],[35.3318,33.5014],[35.3277,33.4574],[35.4044,33.4574],[35.3038,33.2002],[35.0926,33.0356],[35.0218,32.6216],[34.8851,32.4821],[34.8574,32.3645],[34.9227,32.3645],[34.9171,32.3002],[34.8423,32.3002],[34.7926,32.161],[34.813,31.9789],[34.6909,31.9134],[34.6028,31.7558],[34.6334,31.6575],[34.3076,31.4005],[34.2972,31.2719],[33.7493,31.0791],[32.8317,31.0148],[32.8055,31.0655],[32.6665,31.0523],[32.7907,31.0941],[32.5322,31.0791],[32.3894,31.2076],[32.2625,31.1696],[32.3039,31.0791],[31.9996,31.0791],[31.9063,31.2516],[31.7806,31.2076],[31.8077,31.2812],[31.7691,31.2988],[31.8741,31.4647],[31.2658,31.4647],[31.1215,31.5275],[31.0291,31.5185],[30.9807,31.4365],[30.7985,31.4465],[30.7344,31.3881],[30.5427,31.395],[30.6916,31.4647],[30.352,31.4647],[30.3019,31.3422],[30.3388,31.2719],[30.2887,31.2379],[29.9904,31.2719],[29.8315,31.1513],[29.8696,31.0791],[29.6332,30.9506],[29.5543,30.9848],[29.4481,30.9336],[29.3971,30.822],[28.865,30.822],[28.4964,31.0148],[27.5149,31.1434],[27.2975,31.3362],[26.9303,31.4411],[25.248,31.4647],[25.102,31.5933],[25.1097,31.7462],[24.8925,31.9789],[24.1294,31.9789],[23.6803,32.1717],[23.3122,32.1627],[23.1486,32.236],[23.1863,32.295],[23.0806,32.3341],[23.0894,32.6216],[22.1138,32.9413],[21.5698,32.8788],[21.4117,32.7502],[21.0578,32.7736],[20.8712,32.6216],[20.7962,32.6428],[20.6898,32.6041],[20.7159,32.5574],[20.563,32.5574],[20.482,32.4288],[20.417,32.4565],[20.3255,32.4098],[20.2461,32.236],[20.141,32.236],[20.0606,32.1583],[19.9961,31.5933],[20.2143,31.2719],[20.1467,31.1636],[20.2021,30.8863],[19.9682,30.6935],[19.9643,30.565],[19.272,30.2436],[18.8944,30.3079],[18.7378,30.1151],[18.7346,29.9865]],[[24.6883,30.1442],[24.6887,30.1828],[24.6967,30.127],[24.6883,30.1442]],[[24.6887,30.1828],[24.7629,30.3171],[24.767,30.3214],[24.6887,30.1828]],[[34.9635,29.5941],[34.967,29.6081],[34.9898,29.652],[34.9635,29.5941]],[[35.4529,31.4008],[35.4585,31.4916],[35.4587,31.4916],[35.4593,31.4958],[35.4529,31.4008]],[[35.552,32.3679],[35.5533,32.3691],[35.5656,32.3134],[35.552,32.3679]],[[35.5568,32.3724],[35.5594,32.3748],[35.5656,32.3679],[35.5568,32.3724]],[[35.5585,32.5191],[35.5614,32.5192],[35.5674,32.5102],[35.5585,32.5191]],[[35.5594,32.4704],[35.5626,32.4747],[35.5725,32.4567],[35.5594,32.4704]],[[35.5688,32.4829],[35.5778,32.4948],[35.58,32.4915],[35.5688,32.4829]],[[35.7716,32.7467],[35.7749,32.7473],[35.7882,32.7344],[35.7716,32.7467]],[[36.2318,33.8525],[36.3178,33.8272],[36.3006,33.8287],[36.2318,33.8525]],[[36.2672,33.9104],[36.2886,33.9465],[36.2691,33.9073],[36.2672,33.9104]],[[36.2699,33.906],[36.3111,33.872],[36.2753,33.8972],[36.2699,33.906]],[[36.6665,36.2657],[36.6691,36.2599],[36.6681,36.2532],[36.6665,36.2657]],[[36.6896,32.3197],[36.7069,32.3283],[36.7231,32.3266],[36.6896,32.3197]],[[42.5355,41.4935],[42.555,41.5503],[42.5605,41.5555],[42.5355,41.4935]],[[42.5783,41.5723],[42.5852,41.5788],[42.5991,41.5805],[42.5783,41.5723]],[[42.661,41.5883],[42.8009,41.5792],[42.8199,41.5723],[42.661,41.5883]],[[42.7157,37.3553],[42.7805,37.3755],[42.788,37.3732],[42.7157,37.3553]],[[42.7951,37.371],[42.8011,37.3691],[42.8141,37.3468],[42.7951,37.371]],[[42.8066,41.5428],[42.8199,41.5723],[42.8068,41.543],[42.8066,41.5428]],[[44.5699,37.5144],[44.5732,37.5275],[44.5793,37.477],[44.5699,37.5144]],[[44.692,39.793],[44.7746,39.7028],[44.7769,39.6984],[44.692,39.793]],[[44.7525,37.1131],[44.7649,37.1394],[44.7544,37.1084],[44.7525,37.1131]],[[44.8011,39.653],[44.8085,39.6391],[44.807,39.6399],[44.8011,39.653]],[[44.814,39.6362],[44.8723,39.6251],[44.8278,39.6288],[44.814,39.6362]],[[44.8666,36.7801],[44.9227,36.7759],[44.8772,36.7765],[44.8666,36.7801]],[[44.9962,36.7417],[45.0353,36.6896],[45.0373,36.6808],[44.9962,36.7417]],[[45.0355,36.633],[45.0426,36.6569],[45.0443,36.6493],[45.0355,36.633]],[[45.0382,36.494],[45.0608,36.4472],[45.0391,36.4798],[45.0382,36.494]],[[45.0791,36.4197],[45.1108,36.4025],[45.0837,36.4128],[45.0791,36.4197]],[[45.0922,39.3444],[45.096,39.3411],[45.1358,39.2785],[45.0922,39.3444]],[[45.1108,36.4025],[45.196,36.4224],[45.2213,36.4209],[45.1108,36.4025]],[[45.753,39.5635],[45.7655,39.5616],[45.7739,39.5549],[45.753,39.5635]],[[46.1064,38.8682],[46.1359,38.8637],[46.1261,38.8627],[46.1064,38.8682]],[[46.5901,38.9137],[46.6522,38.9929],[46.5992,38.9197],[46.5901,38.9137]],[[48.1351,30.4429],[48.1409,30.4419],[48.1705,30.4067],[48.1351,30.4429]],[[48.291,30.32],[48.2964,30.3198],[48.3014,30.3149],[48.291,30.32]],[[48.3292,30.2876],[48.397,30.221],[48.4026,30.2088],[48.3292,30.2876]],[[48.3811,30.1453],[48.3832,30.1481],[48.3831,30.1424],[48.3811,30.1453]],[[48.4082,30.1885],[48.4085,30.1961],[48.4106,30.1915],[48.4082,30.1885]],[[48.4239,30.0836],[48.4618,29.9949],[48.4531,30.0014],[48.4239,30.0836]],[[54.7873,37.6519],[54.8136,37.7186],[54.8234,37.7283],[54.7873,37.6519]],[[55.4474,38.0837],[55.6299,38.1056],[55.511,38.0858],[55.4474,38.0837]],[[55.724,38.1169],[55.7384,38.1186],[55.7688,38.1115],[55.724,38.1169]],[[55.8208,38.0995],[55.8798,38.0858],[55.8541,38.086],[55.8208,38.0995]],[[56.2141,38.0688],[56.3155,38.0895],[56.2997,38.0802],[56.2141,38.0688]],[[57.1814,38.2757],[57.1859,38.2765],[57.2183,38.2651],[57.1814,38.2757]],[[61.1016,35.2353],[61.1038,35.2494],[61.1124,35.202],[61.1016,35.2353]],[[64.589,36.5802],[64.5901,36.5947],[64.6105,36.5009],[64.589,36.5802]],[[64.5911,36.6093],[64.592,36.6211],[64.5985,36.6369],[64.5911,36.6093]],[[64.614,36.6746],[64.6214,36.6926],[64.7652,36.9046],[64.614,36.6746]],[[64.7788,37.118],[64.8079,37.1355],[64.9891,37.2137],[64.7788,37.118]],[[66.0797,37.4409],[66.1545,37.3835],[66.1429,37.3851],[66.0797,37.4409]],[[66.3069,38.0804],[66.4204,38.0419],[66.4083,38.0428],[66.3069,38.0804]],[[66.4878,37.3422],[66.5196,37.3642],[66.531,37.3649],[66.4878,37.3422]],[[66.5399,38.028],[66.5542,38.0269],[66.5722,38.0184],[66.5399,38.028]],[[67.7282,31.3362],[67.7408,31.4005],[67.817,31.4005],[67.8044,31.3362],[67.7282,31.3362]],[[67.7731,37.11],[67.7741,37.1205],[67.7823,37.1029],[67.7731,37.11]],[[67.8003,37.0891],[67.8176,37.0806],[67.808,37.0832],[67.8003,37.0891]],[[68.0169,36.9294],[68.0256,36.9271],[68.0202,36.9257],[68.0169,36.9294]],[[68.0433,36.9316],[68.1864,37.0183],[68.0549,36.9346],[68.0433,36.9316]],[[69.2457,37.1039],[69.3143,37.1189],[69.3121,37.1175],[69.2457,37.1039]],[[69.313,39.9848],[69.314,39.9869],[69.3174,39.9848],[69.313,39.9848]],[[69.4122,39.525],[69.5144,39.5376],[69.4773,39.5304],[69.4122,39.525]],[[71.3191,36.2006],[71.3935,36.228],[71.3824,36.2186],[71.3191,36.2006]],[[71.3564,35.9331],[71.3685,35.894],[71.3607,35.9003],[71.3564,35.9331]],[[71.4008,35.868],[71.4167,35.8588],[71.4234,35.8499],[71.4008,35.868]],[[71.4471,35.8179],[71.4644,35.7947],[71.4658,35.7881],[71.4471,35.8179]],[[71.4756,35.741],[71.5027,35.7191],[71.5074,35.7095],[71.4756,35.741]],[[71.4833,35.6266],[71.5059,35.6034],[71.4927,35.6096],[71.4833,35.6266]],[[71.5144,35.6753],[71.5151,35.6935],[71.5198,35.6838],[71.5144,35.6753]],[[71.5316,35.3279],[71.6138,35.4035],[71.6111,35.3955],[71.5316,35.3279]],[[71.573,35.5692],[71.5842,35.5642],[71.5935,35.5494],[71.573,35.5692]],[[72.1496,36.6893],[72.1535,36.7021],[72.1657,36.7071],[72.1496,36.6893]],[[72.1861,36.7153],[72.2136,36.7264],[72.2821,36.738],[72.1861,36.7153]],[[72.3215,36.7447],[72.3873,36.7558],[72.4541,36.758],[72.3215,36.7447]]],[[[23.1087,32.4023],[23.1284,32.3955],[23.1313,32.4072],[23.1096,32.4164],[23.1087,32.4023]]],[[[30.1795,31.2714],[30.1849,31.2719],[30.1795,31.2719],[30.1795,31.2714]]],[[[30.2409,31.2653],[30.2648,31.2719],[30.2479,31.2719],[30.2409,31.2653]]],[[[30.9691,31.5785],[30.9739,31.5799],[30.9739,31.5867],[30.9695,31.5854],[30.9691,31.5785]]],[[[30.978,31.5843],[31.119,31.5305],[31.1608,31.5935],[30.978,31.5843]]],[[[33.9551,26.79],[34.0036,26.7082],[34.0029,26.7316],[33.9756,26.79],[33.9551,26.79]]],[[[34.2319,27.7697],[34.2509,27.7642],[34.2573,27.7695],[34.2319,27.7697]]],[[[48.0108,29.9805],[48.0311,29.971],[48.0789,30.0041],[48.1061,30.0176],[48.1092,30.028],[48.0547,30.0245],[48.0108,29.9805]]],[[[48.0461,29.8005],[48.1858,29.6039],[48.3527,29.7098],[48.3445,29.7906],[48.1621,29.9957],[48.1227,29.9697],[48.1974,29.9254],[48.0951,29.8947],[48.1133,29.8391],[48.0461,29.8005]]],[[[55.2926,26.5485],[55.8766,26.7429],[55.947,26.6963],[56.2874,26.9551],[56.2124,27.003],[55.8977,26.9068],[55.758,26.954],[55.7742,26.7969],[55.3045,26.6564],[55.2926,26.5485]]],[[[55.8659,26.6592],[55.8978,26.6672],[55.8943,26.6794],[55.8683,26.6664],[55.8659,26.6592]]],[[[32.2717,35.0728],[32.3294,34.8864],[32.459,34.7219],[32.7099,34.6458],[32.9136,34.6567],[32.9425,34.5794],[33.0303,34.5685],[33.0156,34.6344],[33.0864,34.6948],[33.2601,34.7005],[33.5917,34.8203],[33.7015,34.9729],[34.0685,34.9979],[33.9431,35.0653],[34.0123,35.0638],[33.8999,35.1645],[33.9121,35.26],[34.5384,35.671],[33.6603,35.3593],[33.4275,35.3289],[32.9231,35.3871],[32.9294,35.233],[32.8652,35.157],[32.6897,35.1839],[32.4138,35.043],[32.2717,35.0728]],[[33.7592,34.9887],[33.7911,34.9824],[33.7874,34.98],[33.7592,34.9887]],[[32.712,35.1731],[32.7315,35.1432],[32.7127,35.1634],[32.712,35.1731]],[[33.4666,35.0051],[33.4675,35.0126],[33.4768,35.0027],[33.4666,35.0051]],[[33.6195,35.0168],[33.7115,34.9856],[33.7029,34.9879],[33.6195,35.0168]],[[33.6794,35.0349],[33.7022,35.0223],[33.6794,35.0339],[33.6794,35.0349]],[[33.6966,35.009],[33.7022,35.0223],[33.7002,35.0067],[33.6966,35.009]],[[33.8412,35.0511],[33.8801,35.0731],[33.8551,35.0534],[33.8412,35.0511]]],[[[34.7731,39.967],[34.8521,39.967],[34.86,40.0317],[34.7811,40.0317],[34.7731,39.967]]],[[[34.86,40.0317],[34.939,40.0317],[34.947,40.0964],[34.868,40.0964],[34.86,40.0317]]],[[[40.3806,41.0032],[40.46,41.0032],[40.4674,41.0496],[40.3806,41.0032]]],[[[58.4268,42.6262],[58.5069,42.6262],[58.5245,42.6912],[58.4444,42.6912],[58.4268,42.6262]]],[[[62.0613,43.2769],[62.1416,43.2769],[62.161,43.3421],[62.0806,43.3421],[62.0613,43.2769]]]]}},{"type":"Feature","properties":{"territoryId":"cliopatria-q389688-94ab11beac","name":"Achaemenid Empire","name_ko":"아케메네스 왕조","color":"#ec8b51","colorFamily":5,"startYear":-330,"endYear":-326,"source_name":"Cliopatria v0.2.0","source_url":"https://github.com/Seshat-Global-History-Databank/cliopatria","license":"CC BY 4.0","attribution":"Seshat Global History Databank, Cliopatria contributors"},"geometry":{"type":"MultiPolygon","coordinates":[[[[37.6493,33.6502],[37.7261,33.6502],[37.7395,33.7789],[37.6626,33.7789],[37.6493,33.6502]]],[[[37.6872,40.4849],[37.7663,40.4849],[37.7032,40.0317],[37.9045,39.7729],[38.0622,39.7729],[38.2721,39.5789],[38.4381,39.0618],[38.8574,38.6743],[39.4587,38.4806],[39.6154,38.4806],[39.6067,38.416],[40.5805,38.0933],[40.737,38.0933],[40.7281,38.0288],[41.0319,37.9643],[41.0922,37.8352],[41.3357,37.8998],[41.6279,37.1904],[41.8352,36.9971],[42.1377,36.9326],[42.1979,36.8037],[42.3534,36.8037],[42.4135,36.6749],[42.569,36.6749],[42.9732,36.224],[42.0336,36.1596],[41.0699,35.902],[40.6825,35.902],[40.589,35.7733],[40.1939,35.7089],[38.789,34.9366],[38.7745,34.8079],[37.7529,33.9075],[37.7395,33.7789],[37.8163,33.7789],[37.9902,33.9718],[39.1238,34.4863],[40.2569,34.2933],[40.4033,34.229],[40.3115,34.1004],[40.7036,34.1647],[40.9117,33.9718],[41.2116,33.9075],[41.2733,33.7789],[41.427,33.7789],[41.4886,33.6502],[42.0031,33.4574],[42.0645,33.3288],[42.5783,33.1359],[42.7085,32.943],[43.1526,32.8145],[44.459,31.5933],[44.5814,31.3362],[44.9546,31.2719],[45.7705,30.4364],[46.5906,30.3079],[46.6151,29.858],[46.8497,29.9223],[46.994,29.858],[46.9794,29.7294],[47.2897,29.7937],[47.6464,29.6009],[48.1406,29.5464],[48.1809,29.5622],[47.9956,29.8277],[47.9348,30.1071],[47.969,30.0041],[48.1192,30.045],[48.434,29.9365],[48.5304,29.9564],[48.4766,29.984],[48.6587,29.9836],[48.6433,30.0554],[48.8904,30.0308],[48.9417,30.1651],[48.8623,30.3456],[49.0373,30.4325],[48.9456,30.4797],[48.9815,30.5156],[49.2112,30.5063],[49.2638,30.4497],[49.2029,30.3466],[49.062,30.4081],[48.9212,30.3808],[49.1614,30.2238],[49.2212,30.2646],[49.2457,30.1565],[49.4798,30.1561],[49.5322,30.0229],[50.0241,30.2163],[50.1277,30.1207],[50.1613,29.9263],[50.6553,29.4491],[50.6895,29.2908],[50.6435,29.1458],[50.8403,29.1406],[50.915,29.0867],[50.929,29.0097],[50.8345,28.8914],[51.0588,28.7359],[51.0807,28.5339],[51.2853,28.2409],[51.4062,27.9322],[51.6834,27.8306],[52.0112,27.8327],[52.4596,27.6326],[52.6701,27.4486],[52.6098,27.4123],[52.6669,27.3271],[52.9326,27.1603],[53.4441,26.9757],[53.7161,26.7086],[54.0158,26.7495],[54.3081,26.715],[54.3894,26.6051],[54.5613,26.5847],[54.62,26.5082],[54.791,26.4958],[55.2708,26.7925],[55.5217,26.7846],[55.5804,26.8591],[55.5545,26.8999],[55.6659,26.9954],[55.9393,27.0267],[56.1237,27.1606],[56.353,27.2016],[56.8088,27.1396],[56.8846,27.0781],[56.8677,27.0123],[56.9733,27.003],[56.9273,26.9556],[57.0524,26.8366],[57.0872,26.4061],[57.2129,26.1662],[57.1668,26.083],[57.3493,25.7803],[57.7556,25.7427],[57.7717,25.6356],[57.9632,25.6932],[58.0462,25.5749],[58.1375,25.5507],[58.419,25.612],[58.8252,25.5604],[59.044,25.3996],[59.4486,25.4864],[58.9819,26.0008],[59.1767,26.3865],[59.0419,26.5151],[59.1558,26.8366],[58.9304,26.8366],[58.871,26.9652],[58.9863,27.2866],[58.9274,27.4152],[59.0027,27.4152],[59.1536,27.9938],[59.3883,28.0581],[59.4145,28.251],[59.5653,28.251],[59.5255,28.5081],[59.6282,28.701],[59.77,28.6367],[59.8917,28.9581],[61.7285,29.6009],[62.228,29.4081],[64.1953,29.4081],[64.2921,29.5366],[64.6055,29.6009],[65.2004,29.5366],[66.2286,29.7937],[66.5011,30.0508],[66.8158,30.1151],[67.7813,30.822],[67.9333,30.822],[69.0874,31.6575],[69.2927,31.9146],[69.5216,31.9146],[69.7146,32.1074],[70.1863,32.1717],[70.4569,32.3645],[70.6861,32.3645],[70.8811,32.5574],[71.0964,32.4931],[71.2154,32.6859],[71.5503,32.8145],[71.5288,33.3931],[71.9563,33.9075],[72.4794,34.1647],[72.7997,35.4514],[72.6945,35.6445],[72.8218,35.8377],[72.6061,35.902],[72.6564,36.0952],[72.4044,36.6105],[72.5513,36.8682],[72.3957,36.8682],[72.5259,37.0615],[72.3701,37.0615],[72.4053,37.1904],[72.3273,37.1904],[72.285,38.1578],[72.083,38.5451],[72.0798,38.8034],[72.0014,38.8034],[72.0584,38.9972],[71.8822,38.9326],[71.5254,39.3203],[70.6383,39.5143],[70.4791,39.7729],[70.3214,39.7729],[70.0241,40.0964],[70.1425,40.2259],[69.6486,40.1612],[69.4305,40.4849],[69.2722,40.4849],[69.3118,40.6144],[69.1336,40.5496],[69.1339,40.8088],[68.8767,41.0032],[68.8578,41.1977],[68.361,41.1328],[68.3211,41.0032],[67.2908,40.744],[66.9118,41.068],[67.0303,41.1977],[66.5926,41.3274],[66.6319,41.4571],[66.4531,41.3922],[66.2134,41.6518],[65.0948,42.1712],[64.8552,42.1712],[64.4541,42.4312],[63.8531,42.5612],[62.8673,43.0165],[62.6265,43.0165],[62.4853,43.0816],[62.5436,43.2769],[62.042,43.2118],[61.5981,43.3421],[61.6173,43.4072],[60.9312,43.5375],[59.1235,43.4072],[58.7135,43.6678],[58.4356,43.5375],[58.3995,43.4072],[58.5424,43.3421],[58.5064,43.2118],[58.6757,42.9515],[58.3048,42.1712],[57.0657,41.068],[56.4022,40.2906],[55.092,39.385],[53.9733,38.9326],[53.8298,37.8352],[53.9079,37.8352],[53.9105,37.4483],[54.0947,37.1904],[54.0143,36.8211],[53.0877,36.8037],[52.1859,36.546],[51.642,36.546],[50.8207,36.7393],[50.532,36.8682],[50.611,36.9697],[50.4759,37.0379],[50.3209,36.9971],[49.9988,37.3838],[49.0851,37.5128],[48.8843,37.7062],[48.8411,38.3515],[48.7627,38.3515],[48.801,38.9972],[48.9155,39.1911],[49.1514,39.1911],[49.379,39.967],[48.3824,39.7083],[47.7516,39.7083],[47.4913,39.5789],[47.1091,39.6436],[47.0857,39.5143],[46.8494,39.5143],[46.8726,39.6436],[46.1632,39.6436],[45.8262,39.967],[45.5218,40.0317],[45.3984,40.2259],[45.0145,40.2906],[44.8908,40.4849],[44.9256,40.6792],[44.4502,40.6792],[44.4055,40.8736],[44.2469,40.8736],[44.0435,41.068],[44.034,41.4571],[43.8188,41.5869],[43.9458,41.8465],[43.7185,41.9114],[43.6625,42.0413],[43.2282,41.8465],[42.7613,41.9114],[42.4194,41.7816],[42.1231,41.9114],[41.7731,41.9114],[41.7817,41.7816],[41.592,41.603],[41.5674,41.4571],[41.4471,41.4571],[41.0473,41.1977],[40.46,41.0032],[40.5981,40.8736],[40.5776,40.744],[40.4089,40.6792],[39.6165,40.6792],[39.3984,40.8088],[39.0019,40.8088],[38.8241,40.6792],[37.7939,40.6792],[37.6872,40.4849]],[[42.5355,41.4935],[42.555,41.5503],[42.5605,41.5555],[42.5355,41.4935]],[[42.5783,41.5723],[42.5852,41.5788],[42.5991,41.5805],[42.5783,41.5723]],[[42.661,41.5883],[42.8009,41.5792],[42.8199,41.5723],[42.661,41.5883]],[[42.7157,37.3553],[42.7805,37.3755],[42.788,37.3732],[42.7157,37.3553]],[[42.7951,37.371],[42.8011,37.3691],[42.8141,37.3468],[42.7951,37.371]],[[42.8066,41.5428],[42.8199,41.5723],[42.8068,41.543],[42.8066,41.5428]],[[44.5699,37.5144],[44.5732,37.5275],[44.5793,37.477],[44.5699,37.5144]],[[44.692,39.793],[44.7746,39.7028],[44.7769,39.6984],[44.692,39.793]],[[44.7525,37.1131],[44.7649,37.1394],[44.7544,37.1084],[44.7525,37.1131]],[[44.8011,39.653],[44.8085,39.6391],[44.807,39.6399],[44.8011,39.653]],[[44.814,39.6362],[44.8723,39.6251],[44.8278,39.6288],[44.814,39.6362]],[[44.8666,36.7801],[44.9227,36.7759],[44.8772,36.7765],[44.8666,36.7801]],[[44.9962,36.7417],[45.0353,36.6896],[45.0373,36.6808],[44.9962,36.7417]],[[45.0355,36.633],[45.0426,36.6569],[45.0443,36.6493],[45.0355,36.633]],[[45.0382,36.494],[45.0608,36.4472],[45.0391,36.4798],[45.0382,36.494]],[[45.0791,36.4197],[45.1108,36.4025],[45.0837,36.4128],[45.0791,36.4197]],[[45.0922,39.3444],[45.096,39.3411],[45.1358,39.2785],[45.0922,39.3444]],[[45.1108,36.4025],[45.196,36.4224],[45.2213,36.4209],[45.1108,36.4025]],[[45.753,39.5635],[45.7655,39.5616],[45.7739,39.5549],[45.753,39.5635]],[[46.1064,38.8682],[46.1359,38.8637],[46.1261,38.8627],[46.1064,38.8682]],[[46.5901,38.9137],[46.6522,38.9929],[46.5992,38.9197],[46.5901,38.9137]],[[48.1351,30.4429],[48.1409,30.4419],[48.1705,30.4067],[48.1351,30.4429]],[[48.291,30.32],[48.2964,30.3198],[48.3014,30.3149],[48.291,30.32]],[[48.3292,30.2876],[48.397,30.221],[48.4026,30.2088],[48.3292,30.2876]],[[48.3811,30.1453],[48.3832,30.1481],[48.3831,30.1424],[48.3811,30.1453]],[[48.4082,30.1885],[48.4085,30.1961],[48.4106,30.1915],[48.4082,30.1885]],[[48.4239,30.0836],[48.4618,29.9949],[48.4531,30.0014],[48.4239,30.0836]],[[54.7873,37.6519],[54.8136,37.7186],[54.8234,37.7283],[54.7873,37.6519]],[[55.4474,38.0837],[55.6299,38.1056],[55.511,38.0858],[55.4474,38.0837]],[[55.724,38.1169],[55.7384,38.1186],[55.7688,38.1115],[55.724,38.1169]],[[55.8208,38.0995],[55.8798,38.0858],[55.8541,38.086],[55.8208,38.0995]],[[56.2141,38.0688],[56.3155,38.0895],[56.2997,38.0802],[56.2141,38.0688]],[[57.1814,38.2757],[57.1859,38.2765],[57.2183,38.2651],[57.1814,38.2757]],[[61.1016,35.2353],[61.1038,35.2494],[61.1124,35.202],[61.1016,35.2353]],[[64.589,36.5802],[64.5901,36.5947],[64.6105,36.5009],[64.589,36.5802]],[[64.5911,36.6093],[64.592,36.6211],[64.5985,36.6369],[64.5911,36.6093]],[[64.614,36.6746],[64.6214,36.6926],[64.7652,36.9046],[64.614,36.6746]],[[64.7788,37.118],[64.8079,37.1355],[64.9891,37.2137],[64.7788,37.118]],[[66.0797,37.4409],[66.1545,37.3835],[66.1429,37.3851],[66.0797,37.4409]],[[66.3069,38.0804],[66.4204,38.0419],[66.4083,38.0428],[66.3069,38.0804]],[[66.4878,37.3422],[66.5196,37.3642],[66.531,37.3649],[66.4878,37.3422]],[[66.5399,38.028],[66.5542,38.0269],[66.5722,38.0184],[66.5399,38.028]],[[67.7731,37.11],[67.7741,37.1205],[67.7823,37.1029],[67.7731,37.11]],[[67.8003,37.0891],[67.8176,37.0806],[67.808,37.0832],[67.8003,37.0891]],[[68.0169,36.9294],[68.0256,36.9271],[68.0202,36.9257],[68.0169,36.9294]],[[68.0433,36.9316],[68.1864,37.0183],[68.0549,36.9346],[68.0433,36.9316]],[[69.2457,37.1039],[69.3143,37.1189],[69.3121,37.1175],[69.2457,37.1039]],[[69.313,39.9848],[69.314,39.9869],[69.3174,39.9848],[69.313,39.9848]],[[69.4122,39.525],[69.5144,39.5376],[69.4773,39.5304],[69.4122,39.525]],[[71.3191,36.2006],[71.3935,36.228],[71.3824,36.2186],[71.3191,36.2006]],[[71.3564,35.9331],[71.3685,35.894],[71.3607,35.9003],[71.3564,35.9331]],[[71.4008,35.868],[71.4167,35.8588],[71.4234,35.8499],[71.4008,35.868]],[[71.4471,35.8179],[71.4644,35.7947],[71.4658,35.7881],[71.4471,35.8179]],[[71.4756,35.741],[71.5027,35.7191],[71.5074,35.7095],[71.4756,35.741]],[[71.4833,35.6266],[71.5059,35.6034],[71.4927,35.6096],[71.4833,35.6266]],[[71.5144,35.6753],[71.5151,35.6935],[71.5198,35.6838],[71.5144,35.6753]],[[71.5316,35.3279],[71.6138,35.4035],[71.6111,35.3955],[71.5316,35.3279]],[[71.573,35.5692],[71.5842,35.5642],[71.5935,35.5494],[71.573,35.5692]],[[72.1496,36.6893],[72.1535,36.7021],[72.1657,36.7071],[72.1496,36.6893]],[[72.1861,36.7153],[72.2136,36.7264],[72.2821,36.738],[72.1861,36.7153]],[[72.3215,36.7447],[72.3873,36.7558],[72.4541,36.758],[72.3215,36.7447]]],[[[48.0108,29.9805],[48.0311,29.971],[48.0789,30.0041],[48.1061,30.0176],[48.1092,30.028],[48.0547,30.0245],[48.0108,29.9805]]],[[[48.0461,29.8005],[48.1858,29.6039],[48.3527,29.7098],[48.3445,29.7906],[48.1621,29.9957],[48.1227,29.9697],[48.1974,29.9254],[48.0951,29.8947],[48.1133,29.8391],[48.0461,29.8005]]],[[[55.2926,26.5485],[55.8766,26.7429],[55.947,26.6963],[56.2874,26.9551],[56.2124,27.003],[55.8977,26.9068],[55.758,26.954],[55.7742,26.7969],[55.3045,26.6564],[55.2926,26.5485]]],[[[40.3806,41.0032],[40.46,41.0032],[40.4674,41.0496],[40.3806,41.0032]]],[[[58.4268,42.6262],[58.5069,42.6262],[58.5245,42.6912],[58.4444,42.6912],[58.4268,42.6262]]],[[[62.0613,43.2769],[62.1416,43.2769],[62.161,43.3421],[62.0806,43.3421],[62.0613,43.2769]]]]}},{"type":"Feature","properties":{"territoryId":"cliopatria-q33745-9dc189104b","name":"Athenian Coalition","name_ko":"아테네 동맹","color":"#e14c33","colorFamily":5,"startYear":-322,"endYear":-318,"source_name":"Cliopatria v0.2.0","source_url":"https://github.com/Seshat-Global-History-Databank/cliopatria","license":"CC BY 4.0","attribution":"Seshat Global History Databank, Cliopatria contributors"},"geometry":{"type":"MultiPolygon","coordinates":[[[[24.2754,37.5317],[24.3958,37.6247],[24.3728,37.6852],[24.2893,37.6453],[24.2754,37.5317]]],[[[24.9955,37.6789],[25.0113,37.6323],[25.1255,37.5559],[25.216,37.5329],[25.2593,37.59],[25.2456,37.6242],[24.9955,37.6789]]],[[[22.5515,37.4483],[22.7076,37.4483],[22.7144,37.5773],[22.7783,37.5969],[22.7925,37.5773],[22.803,37.7707],[22.5686,37.7707],[22.5515,37.4483]]],[[[26.5861,37.7489],[26.6229,37.6789],[26.7083,37.7136],[26.7874,37.6472],[26.8693,37.6447],[27.017,37.7094],[27.0222,37.7803],[26.9451,37.7887],[26.9661,37.7477],[26.8064,37.8145],[26.6581,37.7928],[26.5861,37.7489]]],[[[27.0115,37.6657],[27.0137,37.6651],[27.0142,37.6717],[27.0115,37.6657]]],[[[24.6878,37.9287],[24.7162,37.8791],[24.7385,37.8918],[24.9118,37.7283],[24.9944,37.7541],[24.9575,37.7744],[24.9849,37.816],[24.9434,37.8433],[24.9538,37.8707],[24.8484,37.9149],[24.7937,37.9941],[24.6936,37.9658],[24.6878,37.9287]]],[[[23.2864,38.0288],[23.5746,38.0468],[23.5979,38.0211],[23.5597,37.9866],[23.9786,37.8352],[24.0021,38.2224],[24.0361,38.2224],[23.951,38.2909],[23.782,38.3436],[23.6862,38.3494],[23.3796,38.2869],[23.2864,38.0288]]],[[[23.5634,38.7389],[23.666,38.4076],[24.0422,38.4015],[24.0669,38.351],[24.0254,38.3305],[24.1216,38.3095],[24.1094,38.2563],[24.1617,38.2698],[24.1789,38.5451],[24.0302,38.6743],[23.5634,38.7389]]],[[[24.1275,38.2224],[24.1591,38.2287],[24.1614,38.2661],[24.1275,38.2224]]],[[[22.6001,38.3515],[22.6462,38.3618],[22.6268,38.3715],[22.6465,38.39],[22.6793,38.3684],[22.682,38.416],[22.6036,38.416],[22.6001,38.3515]]],[[[23.4849,38.7389],[23.5634,38.7389],[23.5668,38.7946],[23.4888,38.8034],[23.4849,38.7389]]],[[[24.4362,38.878],[24.557,38.8457],[24.574,38.8098],[24.5368,38.7918],[24.6643,38.7732],[24.6673,38.8185],[24.5786,38.8756],[24.574,38.9326],[24.523,38.9643],[24.4611,38.9677],[24.4362,38.878]]],[[[21.5095,39.967],[21.7107,39.3203],[22.0078,38.9972],[21.987,38.6097],[22.1335,38.416],[22.2119,38.416],[22.2084,38.3515],[22.2868,38.3515],[22.2902,38.416],[22.4083,38.416],[22.4016,38.4534],[22.473,38.416],[22.6036,38.416],[22.618,38.6743],[22.7786,38.7389],[22.7811,38.7819],[22.7026,38.8507],[22.5828,38.832],[22.5539,38.8481],[22.5729,38.8643],[22.5251,38.8581],[22.5251,38.8854],[22.6216,38.9145],[22.689,38.878],[22.792,38.878],[22.8465,38.9264],[22.9429,38.9326],[23.0072,38.9739],[23.0667,39.0327],[22.9639,39.009],[22.9981,39.0698],[22.9516,39.1238],[22.7973,39.0618],[22.8163,39.385],[23.1318,39.4489],[22.7569,39.7083],[22.7648,39.8376],[22.6109,39.9023],[22.6927,39.9662],[22.6233,40.0019],[22.2125,39.8376],[21.9154,40.1612],[21.8253,39.967],[21.5095,39.967]]],[[[22.8652,38.868],[23.0222,38.8776],[23.0248,38.9229],[22.8652,38.868]]],[[[23.0388,38.9326],[23.1825,38.9326],[23.1787,38.868],[23.4888,38.8034],[23.3435,38.9972],[23.1116,38.9972],[23.0388,38.9326]]]]}},{"type":"Feature","properties":{"territoryId":"cliopatria-q260437-a0eacb87b2","name":"Atropatene","name_ko":"아트로파테네","color":"#2ce89e","colorFamily":2,"startYear":-306,"endYear":-301,"source_name":"Cliopatria v0.2.0","source_url":"https://github.com/Seshat-Global-History-Databank/cliopatria","license":"CC BY 4.0","attribution":"Seshat Global History Databank, Cliopatria contributors"},"geometry":{"type":"Polygon","coordinates":[[[45.1489,35.7089],[45.5855,35.5158],[46.031,35.3871],[47.9542,35.3227],[49.0834,35.1297],[49.5001,35.3227],[49.6082,35.5158],[50.4804,35.6445],[50.8546,36.0308],[52.0076,36.4172],[52.1082,36.546],[50.8207,36.7393],[50.532,36.8682],[50.611,36.9697],[50.4759,37.0379],[50.3209,36.9971],[49.9988,37.3838],[49.0182,37.5773],[49.0293,37.6417],[48.8285,37.8352],[48.8736,38.0933],[48.326,38.0933],[47.2516,38.6743],[46.1209,38.4806],[45.8539,38.2869],[45.6349,37.8998],[45.2238,37.7707],[45.1737,37.4483],[45.2517,37.4483],[45.29,37.1904],[45.4458,37.1904],[45.2509,36.9326],[45.1489,35.7089]]]}},{"type":"Feature","properties":{"territoryId":"cliopatria-q2429397-c0d5ad3f29","name":"Carthage","name_ko":"고대 카르타고","color":"#f075ad","colorFamily":3,"startYear":-382,"endYear":-337,"source_name":"Cliopatria v0.2.0","source_url":"https://github.com/Seshat-Global-History-Databank/cliopatria","license":"CC BY 4.0","attribution":"Seshat Global History Databank, Cliopatria contributors"},"geometry":{"type":"MultiPolygon","coordinates":[[[[-7.8746,33.5213],[-7.4735,33.2645],[-7.1844,33.5217],[-6.7283,33.5859],[-6.8138,33.7146],[-6.592,33.8432],[-6.6007,33.9718],[-6.3105,34.229],[-6.1566,34.229],[-6.2422,34.3577],[-5.9689,34.8723],[-5.8145,34.8723],[-5.9005,35.001],[-5.6265,35.5158],[-5.3901,35.4514],[-5.2141,35.1297],[-4.7425,35.001],[-4.7344,34.8723],[-2.809,34.9366],[-1.8763,34.8079],[-1.8057,34.9366],[-1.3459,35.001],[-1.1978,35.1297],[-1.0402,35.0653],[-0.2917,35.5802],[0.4793,35.6445],[0.7724,36.0308],[1.005,36.0308],[1.1547,36.1596],[2.008,36.1596],[2.0031,36.2884],[2.3159,36.224],[2.7747,36.4172],[5.6494,36.3528],[5.8795,36.4816],[6.3468,36.4172],[6.422,36.546],[6.8893,36.4816],[6.9647,36.6105],[7.5865,36.6105],[7.9024,36.224],[7.8282,35.9664],[7.9057,35.9664],[8.0728,34.9366],[8.2286,34.8079],[8.4594,34.8723],[8.8462,34.7436],[8.9263,34.3577],[9.0033,34.3577],[8.9288,34.0361],[9.0826,34.0361],[9.3159,33.5859],[9.5465,33.5217],[9.6242,33.3288],[9.854,33.3931],[10.4679,33.2645],[10.468,33.1359],[10.6979,33.1359],[11.0809,32.8788],[11.617,32.943],[12.0756,32.7502],[11.9985,32.6216],[13.7577,32.6216],[14.4427,32.3645],[14.5166,32.1717],[14.8994,32.236],[15.0502,32.1074],[15.193,31.4647],[15.5687,31.1434],[17.1611,30.8863],[18.2161,30.5007],[18.5861,30.1151],[18.8136,30.1151],[18.8793,30.3199],[18.787,30.3722],[18.5925,30.3722],[18.2175,30.7602],[17.9268,30.8552],[17.8486,30.9237],[17.4003,31.0673],[16.8136,31.2076],[16.1786,31.2076],[15.649,31.4005],[15.6027,31.5227],[15.5323,31.6118],[15.4246,31.6575],[15.2823,32.3002],[15.0825,32.4133],[14.7493,32.4288],[14.6316,32.4957],[14.5142,32.5126],[14.4444,32.4931],[14.0979,32.7281],[13.7591,32.7502],[13.7596,32.7939],[13.4537,32.8145],[13.3467,32.905],[13.2571,32.9186],[13.0987,32.8788],[13.148,32.8788],[13.1475,32.8145],[13.0709,32.8145],[13.0714,32.8656],[12.8413,32.8085],[12.8408,32.7502],[12.5347,32.7502],[12.5723,32.8127],[12.3438,32.8338],[12.229,32.8145],[11.4544,33.2002],[11.1578,33.2002],[11.1218,33.28],[11.1243,33.3698],[11.1021,33.3641],[11.0798,33.5856],[10.9228,33.5594],[10.7381,33.478],[10.584,33.6644],[10.4893,33.6471],[10.3155,33.7146],[10.2368,33.7146],[10.0058,33.9075],[10.0347,34.0299],[10.0052,34.1706],[10.0661,34.242],[10.0045,34.2933],[10.543,34.5506],[10.8512,34.8079],[10.8512,34.9366],[10.9844,34.9994],[11.055,35.1404],[11.0057,35.3871],[11.0469,35.3871],[11.0577,35.4867],[11.0831,35.5073],[11.0392,35.5185],[11.0169,35.5986],[10.851,35.6445],[10.8317,35.7185],[10.4635,35.902],[10.491,36.0633],[10.4793,36.217],[10.5349,36.3573],[10.4625,36.4172],[11.0062,36.8037],[11.0063,36.9971],[10.5187,36.7558],[10.3553,36.7312],[10.2938,36.7856],[10.1885,36.7976],[10.2398,36.8418],[10.2685,36.9378],[10.2048,36.9971],[10.1499,36.9971],[10.1497,37.0615],[10.2271,37.1177],[10.1281,37.1587],[10.2273,37.1639],[10.2272,37.1949],[10.1501,37.2337],[9.9934,37.1904],[9.8716,37.2574],[9.8196,37.2276],[9.925,37.2131],[9.9143,37.1783],[9.8799,37.1501],[9.8159,37.1518],[9.7718,37.2133],[9.8536,37.2673],[9.759,37.3193],[9.3969,37.2594],[9.0595,37.0615],[8.9723,37.0975],[8.8544,36.9971],[8.9043,36.9971],[8.9049,36.9326],[8.827,36.9326],[8.8266,36.9808],[8.6921,36.9694],[8.5164,36.8682],[7.9085,36.8496],[7.7383,36.8682],[7.4902,37.055],[7.3979,37.0615],[7.3463,37.0615],[7.1937,36.8682],[6.8047,36.8682],[6.3339,37.0615],[6.2669,37.0178],[6.2357,36.9212],[6.1043,36.8741],[6.1058,36.8037],[5.6788,36.8037],[5.6274,36.7836],[5.5643,36.6749],[5.3044,36.643],[5.0978,36.6749],[4.8595,36.8682],[4.262,36.9116],[4.1595,36.9042],[3.85,36.8037],[3.664,36.8344],[3.4805,36.7772],[3.3158,36.7876],[3.2299,36.7393],[2.8411,36.7393],[2.6902,36.6105],[2.6008,36.5963],[2.4473,36.5906],[2.3516,36.6383],[1.5296,36.4816],[1.3015,36.5285],[1.1787,36.5109],[0.9138,36.3528],[0.8421,36.3724],[0.6818,36.3322],[0.6837,36.2884],[0.3652,36.2096],[0.0835,35.8377],[-0.1451,35.7904],[-0.2962,35.8377],[-0.4587,35.8377],[-0.53,35.7089],[-0.9171,35.7089],[-1.0655,35.5802],[-1.1233,35.6037],[-1.1833,35.5765],[-1.1365,35.4514],[-1.3587,35.2584],[-1.5634,35.2584],[-1.8896,35.0653],[-2.6617,35.0653],[-2.8561,35.1313],[-2.9098,35.1867],[-2.899,35.26],[-2.9478,35.3298],[-2.9686,35.4464],[-2.9904,35.4128],[-2.9816,35.2584],[-3.1324,35.194],[-4.2059,35.194],[-4.376,35.1518],[-4.5626,35.194],[-4.7548,35.194],[-5.2398,35.5158],[-5.292,35.6852],[-5.3188,35.7017],[-5.3411,35.8377],[-5.5673,35.8377],[-5.9456,35.7102],[-6.132,35.001],[-6.2346,35.0425],[-6.2488,35.0024],[-6.2048,34.9366],[-6.2642,34.6793],[-6.4821,34.4863],[-6.4732,34.3577],[-6.6678,34.2805],[-6.6139,34.1647],[-6.9038,33.9075],[-6.9526,33.9273],[-7.3526,33.7247],[-7.4155,33.72],[-7.5291,33.6326],[-7.6647,33.6125],[-7.8746,33.5213]]],[[[-4.3019,35.1727],[-4.3009,35.1721],[-4.2994,35.1717],[-4.2977,35.1715],[-4.2969,35.1722],[-4.2987,35.1726],[-4.3,35.1727],[-4.3011,35.1729],[-4.3019,35.1727]]],[[[-2.8832,35.2385],[-2.8683,35.2174],[-2.8226,35.1788],[-2.8237,35.1982],[-2.8784,35.2463],[-2.8832,35.2385]]],[[[14.3384,35.9455],[14.3457,35.8759],[14.3815,35.843],[14.5275,35.8012],[14.5618,35.8298],[14.5078,35.9285],[14.3494,35.9731],[14.3773,35.9936],[14.3389,35.9793],[14.3384,35.9455]]],[[[-6.2475,36.6105],[-6.2008,36.5122],[-6.1794,36.5135],[-6.1942,36.4983],[-6.0625,36.224],[-5.8311,36.224],[-5.5848,36.0308],[-5.5162,36.1596],[-5.315,36.2164],[-5.2282,36.4816],[-4.6888,36.546],[-4.4686,36.7393],[-3.8507,36.8037],[-4.5551,36.8682],[-5.3104,36.546],[-5.3059,36.4816],[-5.4521,36.3528],[-5.9179,36.3528],[-6.2475,36.6105]]],[[[12.4905,37.7062],[12.9585,37.6417],[13.114,37.5773],[13.1934,37.7062],[12.7259,37.8352],[12.8063,38.0933],[12.6524,38.0933],[12.4919,37.8998],[12.4905,37.7062]]],[[[13.0397,37.9643],[13.6652,37.9643],[13.5096,38.0288],[13.5104,38.0933],[13.1199,38.1578],[13.0397,37.9643]]],[[[1.2204,38.9553],[1.2529,38.8623],[1.2835,38.8746],[1.4031,38.8323],[1.4147,38.8906],[1.5098,38.9302],[1.6231,39.0292],[1.606,39.0913],[1.5227,39.1189],[1.3568,39.0776],[1.2928,39.0333],[1.301,38.9678],[1.2204,38.9553]]],[[[8.1567,40.7718],[8.1575,40.71],[8.1974,40.6912],[8.1584,40.634],[8.1618,40.5638],[8.1934,40.6175],[8.2163,40.6122],[8.196,40.5781],[8.2163,40.5706],[8.2673,40.5941],[8.312,40.5781],[8.3317,40.5107],[8.3799,40.4687],[8.386,40.3518],[8.4761,40.2921],[8.4634,40.1632],[8.49,40.1045],[8.4686,40.0622],[8.3772,40.0338],[8.4071,40.0222],[8.4004,39.9361],[8.5453,39.8786],[8.5488,39.8072],[8.5181,39.7625],[8.5453,39.7829],[8.5044,39.7215],[8.5658,39.7011],[8.5169,39.7021],[8.4553,39.7561],[8.4634,39.5769],[8.3869,39.4698],[8.405,39.4272],[8.374,39.3789],[8.4321,39.3018],[8.3962,39.2557],[8.4095,39.1693],[8.4828,39.0804],[8.5181,39.0834],[8.5044,39.0629],[8.5596,39.0567],[8.5801,38.9605],[8.6155,38.9476],[8.606,38.9088],[8.6532,38.8933],[8.7166,38.9326],[8.8533,38.878],[9.0183,38.9953],[9.0449,39.0513],[9.0183,39.1461],[9.0798,39.2246],[9.0379,39.2271],[9.0139,39.2639],[9.166,39.1871],[9.2163,39.228],[9.2922,39.2213],[9.4052,39.1521],[9.5664,39.1492],[9.5676,39.2381],[9.6169,39.2918],[9.6021,39.3557],[9.6449,39.484],[9.6284,39.5018],[9.6966,39.8519],[9.6843,39.8942],[9.7111,39.9293],[9.6873,39.9612],[9.687,40.1193],[9.6311,40.1962],[9.6262,40.2631],[9.7617,40.3907],[9.8225,40.5327],[9.7565,40.5952],[9.7445,40.6805],[9.6579,40.7999],[9.724,40.8449],[9.6141,40.8934],[9.6421,40.9206],[9.5042,40.9269],[9.5711,40.9349],[9.5876,40.9958],[9.6469,40.9922],[9.6157,41.0196],[9.5527,41.0095],[9.5431,41.0369],[9.5119,41.0163],[9.5541,41.1239],[9.4691,41.1462],[9.4429,41.092],[9.4224,41.1807],[9.3352,41.2117],[9.333,41.1876],[9.2853,41.195],[9.2853,41.2217],[9.2783,41.195],[9.2681,41.2358],[9.1887,41.2487],[9.1419,41.1528],[9.0055,41.1219],[8.8225,40.9473],[8.641,40.8965],[8.5205,40.827],[8.3102,40.8507],[8.2342,40.9254],[8.1812,40.9341],[8.2153,40.8814],[8.1567,40.7718]]],[[[8.3533,39.0556],[8.4312,38.9661],[8.4839,39.0698],[8.3701,39.1131],[8.3533,39.0556]]],[[[9.3758,41.2183],[9.377,41.2133],[9.3953,41.2106],[9.4092,41.2128],[9.3758,41.2183]]],[[[9.437,41.1859],[9.4644,41.1727],[9.4749,41.2021],[9.437,41.1859]]]]}},{"type":"Feature","properties":{"territoryId":"cliopatria-q2429397-c0d5ad3f29","name":"Carthage","name_ko":"고대 카르타고","color":"#f075ad","colorFamily":3,"startYear":-336,"endYear":-331,"source_name":"Cliopatria v0.2.0","source_url":"https://github.com/Seshat-Global-History-Databank/cliopatria","license":"CC BY 4.0","attribution":"Seshat Global History Databank, Cliopatria contributors"},"geometry":{"type":"MultiPolygon","coordinates":[[[[-7.8746,33.5213],[-7.4735,33.2645],[-7.1844,33.5217],[-6.7283,33.5859],[-6.8138,33.7146],[-6.592,33.8432],[-6.6007,33.9718],[-6.3105,34.229],[-6.1566,34.229],[-6.2422,34.3577],[-5.9689,34.8723],[-5.8145,34.8723],[-5.9005,35.001],[-5.6265,35.5158],[-5.3901,35.4514],[-5.2141,35.1297],[-4.7425,35.001],[-4.7344,34.8723],[-2.809,34.9366],[-1.8763,34.8079],[-1.8057,34.9366],[-1.3459,35.001],[-1.1978,35.1297],[-1.0402,35.0653],[-0.2917,35.5802],[0.4793,35.6445],[0.7724,36.0308],[1.005,36.0308],[1.1547,36.1596],[2.008,36.1596],[2.0031,36.2884],[2.3159,36.224],[2.7747,36.4172],[5.6494,36.3528],[5.8795,36.4816],[6.3468,36.4172],[6.422,36.546],[6.8893,36.4816],[6.9647,36.6105],[7.5865,36.6105],[7.9024,36.224],[7.8282,35.9664],[7.9057,35.9664],[8.0728,34.9366],[8.2286,34.8079],[8.4594,34.8723],[8.8462,34.7436],[8.9263,34.3577],[9.0033,34.3577],[8.9288,34.0361],[9.0826,34.0361],[9.3159,33.5859],[9.5465,33.5217],[9.6242,33.3288],[9.854,33.3931],[10.4679,33.2645],[10.468,33.1359],[10.6979,33.1359],[11.0809,32.8788],[11.617,32.943],[12.0756,32.7502],[11.9985,32.6216],[13.7577,32.6216],[14.4427,32.3645],[14.5166,32.1717],[14.8994,32.236],[15.0502,32.1074],[15.193,31.4647],[15.5687,31.1434],[17.1611,30.8863],[18.2161,30.5007],[18.5861,30.1151],[18.8136,30.1151],[18.8793,30.3199],[18.787,30.3722],[18.5925,30.3722],[18.2175,30.7602],[17.9268,30.8552],[17.8486,30.9237],[17.4003,31.0673],[16.8136,31.2076],[16.1786,31.2076],[15.649,31.4005],[15.6027,31.5227],[15.5323,31.6118],[15.4246,31.6575],[15.2823,32.3002],[15.0825,32.4133],[14.7493,32.4288],[14.6316,32.4957],[14.5142,32.5126],[14.4444,32.4931],[14.0979,32.7281],[13.7591,32.7502],[13.7596,32.7939],[13.4537,32.8145],[13.3467,32.905],[13.2571,32.9186],[13.0987,32.8788],[13.148,32.8788],[13.1475,32.8145],[13.0709,32.8145],[13.0714,32.8656],[12.8413,32.8085],[12.8408,32.7502],[12.5347,32.7502],[12.5723,32.8127],[12.3438,32.8338],[12.229,32.8145],[11.4544,33.2002],[11.1578,33.2002],[11.1218,33.28],[11.1243,33.3698],[11.1021,33.3641],[11.0798,33.5856],[10.9228,33.5594],[10.7381,33.478],[10.584,33.6644],[10.4893,33.6471],[10.3155,33.7146],[10.2368,33.7146],[10.0058,33.9075],[10.0347,34.0299],[10.0052,34.1706],[10.0661,34.242],[10.0045,34.2933],[10.543,34.5506],[10.8512,34.8079],[10.8512,34.9366],[10.9844,34.9994],[11.055,35.1404],[11.0057,35.3871],[11.0469,35.3871],[11.0577,35.4867],[11.0831,35.5073],[11.0392,35.5185],[11.0169,35.5986],[10.851,35.6445],[10.8317,35.7185],[10.4635,35.902],[10.491,36.0633],[10.4793,36.217],[10.5349,36.3573],[10.4625,36.4172],[11.0062,36.8037],[11.0063,36.9971],[10.5187,36.7558],[10.3553,36.7312],[10.2938,36.7856],[10.1885,36.7976],[10.2398,36.8418],[10.2685,36.9378],[10.2048,36.9971],[10.1499,36.9971],[10.1497,37.0615],[10.2271,37.1177],[10.1281,37.1587],[10.2273,37.1639],[10.2272,37.1949],[10.1501,37.2337],[9.9934,37.1904],[9.8716,37.2574],[9.8196,37.2276],[9.925,37.2131],[9.9143,37.1783],[9.8799,37.1501],[9.8159,37.1518],[9.7718,37.2133],[9.8536,37.2673],[9.759,37.3193],[9.3969,37.2594],[9.0595,37.0615],[8.9723,37.0975],[8.8544,36.9971],[8.9043,36.9971],[8.9049,36.9326],[8.827,36.9326],[8.8266,36.9808],[8.6921,36.9694],[8.5164,36.8682],[7.9085,36.8496],[7.7383,36.8682],[7.4902,37.055],[7.3979,37.0615],[7.3463,37.0615],[7.1937,36.8682],[6.8047,36.8682],[6.3339,37.0615],[6.2669,37.0178],[6.2357,36.9212],[6.1043,36.8741],[6.1058,36.8037],[5.6788,36.8037],[5.6274,36.7836],[5.5643,36.6749],[5.3044,36.643],[5.0978,36.6749],[4.8595,36.8682],[4.262,36.9116],[4.1595,36.9042],[3.85,36.8037],[3.664,36.8344],[3.4805,36.7772],[3.3158,36.7876],[3.2299,36.7393],[2.8411,36.7393],[2.6902,36.6105],[2.6008,36.5963],[2.4473,36.5906],[2.3516,36.6383],[1.5296,36.4816],[1.3015,36.5285],[1.1787,36.5109],[0.9138,36.3528],[0.8421,36.3724],[0.6818,36.3322],[0.6837,36.2884],[0.3652,36.2096],[0.0835,35.8377],[-0.1451,35.7904],[-0.2962,35.8377],[-0.4587,35.8377],[-0.53,35.7089],[-0.9171,35.7089],[-1.0655,35.5802],[-1.1233,35.6037],[-1.1833,35.5765],[-1.1365,35.4514],[-1.3587,35.2584],[-1.5634,35.2584],[-1.8896,35.0653],[-2.6617,35.0653],[-2.8561,35.1313],[-2.9098,35.1867],[-2.899,35.26],[-2.9478,35.3298],[-2.9686,35.4464],[-2.9904,35.4128],[-2.9816,35.2584],[-3.1324,35.194],[-4.2059,35.194],[-4.376,35.1518],[-4.5626,35.194],[-4.7548,35.194],[-5.2398,35.5158],[-5.292,35.6852],[-5.3188,35.7017],[-5.3411,35.8377],[-5.5673,35.8377],[-5.9456,35.7102],[-6.132,35.001],[-6.2346,35.0425],[-6.2488,35.0024],[-6.2048,34.9366],[-6.2642,34.6793],[-6.4821,34.4863],[-6.4732,34.3577],[-6.6678,34.2805],[-6.6139,34.1647],[-6.9038,33.9075],[-6.9526,33.9273],[-7.3526,33.7247],[-7.4155,33.72],[-7.5291,33.6326],[-7.6647,33.6125],[-7.8746,33.5213]]],[[[-4.3019,35.1727],[-4.3009,35.1721],[-4.2994,35.1717],[-4.2977,35.1715],[-4.2969,35.1722],[-4.2987,35.1726],[-4.3,35.1727],[-4.3011,35.1729],[-4.3019,35.1727]]],[[[-2.8832,35.2385],[-2.8683,35.2174],[-2.8226,35.1788],[-2.8237,35.1982],[-2.8784,35.2463],[-2.8832,35.2385]]],[[[14.3384,35.9455],[14.3457,35.8759],[14.3815,35.843],[14.5275,35.8012],[14.5618,35.8298],[14.5078,35.9285],[14.3494,35.9731],[14.3773,35.9936],[14.3389,35.9793],[14.3384,35.9455]]],[[[-6.2475,36.6105],[-6.2008,36.5122],[-6.1794,36.5135],[-6.1942,36.4983],[-6.0625,36.224],[-5.8311,36.224],[-5.5848,36.0308],[-5.5162,36.1596],[-5.315,36.2164],[-5.2282,36.4816],[-4.6888,36.546],[-4.4686,36.7393],[-3.8507,36.8037],[-4.5551,36.8682],[-5.3104,36.546],[-5.3059,36.4816],[-5.4521,36.3528],[-5.9179,36.3528],[-6.2475,36.6105]]],[[[12.4905,37.7062],[12.7242,37.6417],[12.8063,38.0933],[12.5711,38.0288],[12.4905,37.7062]]],[[[13.0397,37.9643],[13.6652,37.9643],[13.5096,38.0288],[13.5104,38.0933],[13.1199,38.1578],[13.0397,37.9643]]],[[[1.2204,38.9553],[1.2529,38.8623],[1.2835,38.8746],[1.4031,38.8323],[1.4147,38.8906],[1.5098,38.9302],[1.6231,39.0292],[1.606,39.0913],[1.5227,39.1189],[1.3568,39.0776],[1.2928,39.0333],[1.301,38.9678],[1.2204,38.9553]]],[[[8.1567,40.7718],[8.1575,40.71],[8.1974,40.6912],[8.1584,40.634],[8.1618,40.5638],[8.1934,40.6175],[8.2163,40.6122],[8.196,40.5781],[8.2163,40.5706],[8.2673,40.5941],[8.312,40.5781],[8.3317,40.5107],[8.3799,40.4687],[8.386,40.3518],[8.4761,40.2921],[8.4634,40.1632],[8.49,40.1045],[8.4686,40.0622],[8.3772,40.0338],[8.4071,40.0222],[8.4004,39.9361],[8.5453,39.8786],[8.5488,39.8072],[8.5181,39.7625],[8.5453,39.7829],[8.5044,39.7215],[8.5658,39.7011],[8.5169,39.7021],[8.4553,39.7561],[8.4634,39.5769],[8.3869,39.4698],[8.405,39.4272],[8.374,39.3789],[8.4321,39.3018],[8.3962,39.2557],[8.4095,39.1693],[8.4828,39.0804],[8.5181,39.0834],[8.5044,39.0629],[8.5596,39.0567],[8.5801,38.9605],[8.6155,38.9476],[8.606,38.9088],[8.6532,38.8933],[8.7166,38.9326],[8.8533,38.878],[9.0183,38.9953],[9.0449,39.0513],[9.0183,39.1461],[9.0798,39.2246],[9.0379,39.2271],[9.0139,39.2639],[9.166,39.1871],[9.2163,39.228],[9.2922,39.2213],[9.4052,39.1521],[9.5664,39.1492],[9.5676,39.2381],[9.6169,39.2918],[9.6021,39.3557],[9.6449,39.484],[9.6284,39.5018],[9.6966,39.8519],[9.6843,39.8942],[9.7111,39.9293],[9.6873,39.9612],[9.687,40.1193],[9.6311,40.1962],[9.6262,40.2631],[9.7617,40.3907],[9.8225,40.5327],[9.7565,40.5952],[9.7445,40.6805],[9.6579,40.7999],[9.724,40.8449],[9.6141,40.8934],[9.6421,40.9206],[9.5042,40.9269],[9.5711,40.9349],[9.5876,40.9958],[9.6469,40.9922],[9.6157,41.0196],[9.5527,41.0095],[9.5431,41.0369],[9.5119,41.0163],[9.5541,41.1239],[9.4691,41.1462],[9.4429,41.092],[9.4224,41.1807],[9.3352,41.2117],[9.333,41.1876],[9.2853,41.195],[9.2853,41.2217],[9.2783,41.195],[9.2681,41.2358],[9.1887,41.2487],[9.1419,41.1528],[9.0055,41.1219],[8.8225,40.9473],[8.641,40.8965],[8.5205,40.827],[8.3102,40.8507],[8.2342,40.9254],[8.1812,40.9341],[8.2153,40.8814],[8.1567,40.7718]]],[[[8.3533,39.0556],[8.4312,38.9661],[8.4839,39.0698],[8.3701,39.1131],[8.3533,39.0556]]],[[[9.3758,41.2183],[9.377,41.2133],[9.3953,41.2106],[9.4092,41.2128],[9.3758,41.2183]]],[[[9.437,41.1859],[9.4644,41.1727],[9.4749,41.2021],[9.437,41.1859]]]]}},{"type":"Feature","properties":{"territoryId":"cliopatria-q2429397-c0d5ad3f29","name":"Carthage","name_ko":"고대 카르타고","color":"#f075ad","colorFamily":3,"startYear":-330,"endYear":-307,"source_name":"Cliopatria v0.2.0","source_url":"https://github.com/Seshat-Global-History-Databank/cliopatria","license":"CC BY 4.0","attribution":"Seshat Global History Databank, Cliopatria contributors"},"geometry":{"type":"MultiPolygon","coordinates":[[[[-7.8746,33.5213],[-7.4735,33.2645],[-7.1844,33.5217],[-6.7283,33.5859],[-6.8138,33.7146],[-6.592,33.8432],[-6.6007,33.9718],[-6.3105,34.229],[-6.1566,34.229],[-6.2422,34.3577],[-5.9689,34.8723],[-5.8145,34.8723],[-5.9005,35.001],[-5.6265,35.5158],[-5.3901,35.4514],[-5.2141,35.1297],[-4.7425,35.001],[-4.7344,34.8723],[-2.809,34.9366],[-1.8763,34.8079],[-1.8057,34.9366],[-1.3459,35.001],[-1.1978,35.1297],[-1.0402,35.0653],[-0.2917,35.5802],[0.4793,35.6445],[0.7724,36.0308],[1.005,36.0308],[1.1547,36.1596],[2.008,36.1596],[2.0031,36.2884],[2.3159,36.224],[2.7747,36.4172],[5.6494,36.3528],[5.8795,36.4816],[6.3468,36.4172],[6.422,36.546],[6.8893,36.4816],[6.9647,36.6105],[7.5865,36.6105],[7.9024,36.224],[7.8282,35.9664],[7.9057,35.9664],[8.0728,34.9366],[8.2286,34.8079],[8.4594,34.8723],[8.8462,34.7436],[8.9263,34.3577],[9.0033,34.3577],[8.9288,34.0361],[9.0826,34.0361],[9.3159,33.5859],[9.5465,33.5217],[9.6242,33.3288],[9.854,33.3931],[10.4679,33.2645],[10.468,33.1359],[10.6979,33.1359],[11.0809,32.8788],[11.617,32.943],[12.0756,32.7502],[11.9985,32.6216],[13.7577,32.6216],[14.4427,32.3645],[14.5166,32.1717],[14.8994,32.236],[15.0502,32.1074],[15.193,31.4647],[15.5687,31.1434],[17.1611,30.8863],[18.2161,30.5007],[18.5861,30.1151],[18.8136,30.1151],[18.8793,30.3199],[18.787,30.3722],[18.5925,30.3722],[18.2175,30.7602],[17.9268,30.8552],[17.8486,30.9237],[17.4003,31.0673],[16.8136,31.2076],[16.1786,31.2076],[15.649,31.4005],[15.6027,31.5227],[15.5323,31.6118],[15.4246,31.6575],[15.2823,32.3002],[15.0825,32.4133],[14.7493,32.4288],[14.6316,32.4957],[14.5142,32.5126],[14.4444,32.4931],[14.0979,32.7281],[13.7591,32.7502],[13.7596,32.7939],[13.4537,32.8145],[13.3467,32.905],[13.2571,32.9186],[12.8413,32.8085],[12.8408,32.7502],[12.5347,32.7502],[12.5723,32.8127],[12.3438,32.8338],[12.229,32.8145],[11.4544,33.2002],[11.1578,33.2002],[11.1218,33.28],[11.1243,33.3698],[11.1021,33.3641],[11.0798,33.5856],[10.9228,33.5594],[10.7381,33.478],[10.584,33.6644],[10.4893,33.6471],[10.3155,33.7146],[10.2368,33.7146],[10.0058,33.9075],[10.0347,34.0299],[10.0052,34.1706],[10.0661,34.242],[10.0045,34.2933],[10.543,34.5506],[10.8512,34.8079],[10.8512,34.9366],[10.9844,34.9994],[11.055,35.1404],[11.0057,35.3871],[11.0469,35.3871],[11.0577,35.4867],[11.0831,35.5073],[11.0392,35.5185],[11.0169,35.5986],[10.851,35.6445],[10.8317,35.7185],[10.4635,35.902],[10.491,36.0633],[10.4793,36.217],[10.5349,36.3573],[10.4625,36.4172],[11.0062,36.8037],[11.0063,36.9971],[10.5187,36.7558],[10.3553,36.7312],[10.2938,36.7856],[10.1885,36.7976],[10.2398,36.8418],[10.2685,36.9378],[10.1824,37.027],[10.1743,37.0762],[10.2271,37.1177],[10.1281,37.1587],[10.2273,37.1639],[10.2272,37.1949],[10.1501,37.2337],[9.9934,37.1904],[9.8716,37.2574],[9.8196,37.2276],[9.925,37.2131],[9.9143,37.1783],[9.8799,37.1501],[9.8159,37.1518],[9.7718,37.2133],[9.8536,37.2673],[9.759,37.3193],[9.3969,37.2594],[9.0595,37.0615],[8.9723,37.0975],[8.8244,36.9795],[8.6443,36.9535],[8.5164,36.8682],[7.9085,36.8496],[7.7383,36.8682],[7.4902,37.055],[7.3979,37.0615],[7.3463,37.0615],[7.1937,36.8682],[6.8047,36.8682],[6.3339,37.0615],[6.2669,37.0178],[6.2357,36.9212],[6.1043,36.8741],[6.1058,36.8037],[5.6788,36.8037],[5.6274,36.7836],[5.5643,36.6749],[5.3044,36.643],[5.0978,36.6749],[4.8595,36.8682],[4.262,36.9116],[4.1595,36.9042],[3.85,36.8037],[3.664,36.8344],[3.4805,36.7772],[3.3158,36.7876],[3.2299,36.7393],[2.8411,36.7393],[2.6902,36.6105],[2.6008,36.5963],[2.4473,36.5906],[2.3516,36.6383],[1.5296,36.4816],[1.3015,36.5285],[1.1787,36.5109],[0.9138,36.3528],[0.8421,36.3724],[0.6818,36.3322],[0.6837,36.2884],[0.3652,36.2096],[0.0835,35.8377],[-0.1451,35.7904],[-0.2962,35.8377],[-0.4587,35.8377],[-0.53,35.7089],[-0.9171,35.7089],[-1.0655,35.5802],[-1.1233,35.6037],[-1.1833,35.5765],[-1.1365,35.4514],[-1.3587,35.2584],[-1.5634,35.2584],[-1.8896,35.0653],[-2.6617,35.0653],[-2.8561,35.1313],[-2.9098,35.1867],[-2.899,35.26],[-2.9478,35.3298],[-2.9686,35.4464],[-2.9904,35.4128],[-2.9816,35.2584],[-3.1324,35.194],[-4.2059,35.194],[-4.376,35.1518],[-4.5626,35.194],[-4.7548,35.194],[-5.2398,35.5158],[-5.292,35.6852],[-5.3188,35.7017],[-5.3411,35.8377],[-5.5673,35.8377],[-5.9456,35.7102],[-6.132,35.001],[-6.2346,35.0425],[-6.2488,35.0024],[-6.2048,34.9366],[-6.2642,34.6793],[-6.4821,34.4863],[-6.4732,34.3577],[-6.6678,34.2805],[-6.6139,34.1647],[-6.9038,33.9075],[-6.9526,33.9273],[-7.3526,33.7247],[-7.4155,33.72],[-7.5291,33.6326],[-7.6647,33.6125],[-7.8746,33.5213]]],[[[-4.3019,35.1727],[-4.3009,35.1721],[-4.2994,35.1717],[-4.2977,35.1715],[-4.2969,35.1722],[-4.2987,35.1726],[-4.3,35.1727],[-4.3011,35.1729],[-4.3019,35.1727]]],[[[-2.8832,35.2385],[-2.8683,35.2174],[-2.8226,35.1788],[-2.8237,35.1982],[-2.8784,35.2463],[-2.8832,35.2385]]],[[[14.3384,35.9455],[14.3457,35.8759],[14.3815,35.843],[14.5275,35.8012],[14.5618,35.8298],[14.5078,35.9285],[14.3494,35.9731],[14.3773,35.9936],[14.3389,35.9793],[14.3384,35.9455]]],[[[-6.2475,36.6105],[-6.2008,36.5122],[-6.1794,36.5135],[-6.1942,36.4983],[-6.0625,36.224],[-5.8311,36.224],[-5.5848,36.0308],[-5.5162,36.1596],[-5.315,36.2164],[-5.2282,36.4816],[-4.6888,36.546],[-4.4686,36.7393],[-3.8507,36.8037],[-4.5551,36.8682],[-5.3104,36.546],[-5.3059,36.4816],[-5.4521,36.3528],[-5.9179,36.3528],[-6.2475,36.6105]]],[[[12.4905,37.7062],[12.7242,37.6417],[12.8063,38.0933],[12.5711,38.0288],[12.4905,37.7062]]],[[[13.0397,37.9643],[13.6652,37.9643],[13.5096,38.0288],[13.5104,38.0933],[13.1199,38.1578],[13.0397,37.9643]]],[[[1.2204,38.9553],[1.2529,38.8623],[1.2835,38.8746],[1.4031,38.8323],[1.4147,38.8906],[1.5098,38.9302],[1.6231,39.0292],[1.606,39.0913],[1.5227,39.1189],[1.3568,39.0776],[1.2928,39.0333],[1.301,38.9678],[1.2204,38.9553]]],[[[8.1567,40.7718],[8.1575,40.71],[8.1974,40.6912],[8.1584,40.634],[8.1618,40.5638],[8.1934,40.6175],[8.2163,40.6122],[8.196,40.5781],[8.2163,40.5706],[8.2673,40.5941],[8.312,40.5781],[8.3317,40.5107],[8.3799,40.4687],[8.386,40.3518],[8.4761,40.2921],[8.4634,40.1632],[8.49,40.1045],[8.4686,40.0622],[8.3772,40.0338],[8.4071,40.0222],[8.4004,39.9361],[8.5453,39.8786],[8.5488,39.8072],[8.5181,39.7625],[8.5453,39.7829],[8.5044,39.7215],[8.5658,39.7011],[8.5169,39.7021],[8.4553,39.7561],[8.4634,39.5769],[8.3869,39.4698],[8.405,39.4272],[8.374,39.3789],[8.4321,39.3018],[8.3962,39.2557],[8.4095,39.1693],[8.4828,39.0804],[8.5181,39.0834],[8.5044,39.0629],[8.5596,39.0567],[8.5801,38.9605],[8.6155,38.9476],[8.606,38.9088],[8.6532,38.8933],[8.7166,38.9326],[8.8533,38.878],[9.0183,38.9953],[9.0449,39.0513],[9.0183,39.1461],[9.0798,39.2246],[9.0379,39.2271],[9.0139,39.2639],[9.166,39.1871],[9.2163,39.228],[9.2922,39.2213],[9.4052,39.1521],[9.5664,39.1492],[9.5676,39.2381],[9.6169,39.2918],[9.6021,39.3557],[9.6449,39.484],[9.6284,39.5018],[9.6966,39.8519],[9.6843,39.8942],[9.7111,39.9293],[9.6873,39.9612],[9.687,40.1193],[9.6311,40.1962],[9.6262,40.2631],[9.7617,40.3907],[9.8225,40.5327],[9.7565,40.5952],[9.7445,40.6805],[9.6579,40.7999],[9.724,40.8449],[9.6141,40.8934],[9.6421,40.9206],[9.5042,40.9269],[9.5711,40.9349],[9.5876,40.9958],[9.6469,40.9922],[9.6157,41.0196],[9.5527,41.0095],[9.5431,41.0369],[9.5119,41.0163],[9.5541,41.1239],[9.4691,41.1462],[9.4429,41.092],[9.4224,41.1807],[9.3352,41.2117],[9.333,41.1876],[9.2853,41.195],[9.2853,41.2217],[9.2783,41.195],[9.2681,41.2358],[9.1887,41.2487],[9.1419,41.1528],[9.0055,41.1219],[8.8225,40.9473],[8.641,40.8965],[8.5205,40.827],[8.3102,40.8507],[8.2342,40.9254],[8.1812,40.9341],[8.2153,40.8814],[8.1567,40.7718]]],[[[8.3533,39.0556],[8.4312,38.9661],[8.4839,39.0698],[8.3701,39.1131],[8.3533,39.0556]]],[[[9.3758,41.2183],[9.377,41.2133],[9.3953,41.2106],[9.4092,41.2128],[9.3758,41.2183]]],[[[9.437,41.1859],[9.4644,41.1727],[9.4749,41.2021],[9.437,41.1859]]]]}},{"type":"Feature","properties":{"territoryId":"cliopatria-q2429397-c0d5ad3f29","name":"Carthage","name_ko":"고대 카르타고","color":"#f075ad","colorFamily":3,"startYear":-306,"endYear":-301,"source_name":"Cliopatria v0.2.0","source_url":"https://github.com/Seshat-Global-History-Databank/cliopatria","license":"CC BY 4.0","attribution":"Seshat Global History Databank, Cliopatria contributors"},"geometry":{"type":"MultiPolygon","coordinates":[[[[-7.8746,33.5213],[-7.4735,33.2645],[-7.1844,33.5217],[-6.7283,33.5859],[-6.8138,33.7146],[-6.592,33.8432],[-6.6007,33.9718],[-6.3105,34.229],[-6.1566,34.229],[-6.2422,34.3577],[-5.9689,34.8723],[-5.8145,34.8723],[-5.9005,35.001],[-5.6265,35.5158],[-5.3901,35.4514],[-5.2141,35.1297],[-4.7425,35.001],[-4.7344,34.8723],[-2.809,34.9366],[-1.8763,34.8079],[-1.8057,34.9366],[-1.3459,35.001],[-1.1978,35.1297],[-1.0402,35.0653],[-0.2917,35.5802],[0.4793,35.6445],[0.7724,36.0308],[1.005,36.0308],[1.1547,36.1596],[2.008,36.1596],[2.0031,36.2884],[2.3159,36.224],[2.7747,36.4172],[5.6494,36.3528],[5.8795,36.4816],[6.3468,36.4172],[6.422,36.546],[6.8893,36.4816],[6.9647,36.6105],[7.5865,36.6105],[7.9024,36.224],[7.8282,35.9664],[7.9057,35.9664],[8.0728,34.9366],[8.2286,34.8079],[8.4594,34.8723],[8.8462,34.7436],[8.9263,34.3577],[9.0033,34.3577],[8.9288,34.0361],[9.0826,34.0361],[9.3159,33.5859],[9.5465,33.5217],[9.6242,33.3288],[9.854,33.3931],[10.4679,33.2645],[10.468,33.1359],[10.6979,33.1359],[11.0809,32.8788],[11.617,32.943],[12.0756,32.7502],[11.9985,32.6216],[13.7577,32.6216],[14.4427,32.3645],[14.5166,32.1717],[14.8994,32.236],[15.0502,32.1074],[15.193,31.4647],[15.5687,31.1434],[17.1611,30.8863],[18.2161,30.5007],[18.5861,30.1151],[18.8136,30.1151],[18.8793,30.3199],[18.5925,30.3722],[18.2175,30.7602],[17.8486,30.9237],[16.8136,31.2076],[16.1786,31.2076],[15.649,31.4005],[15.5323,31.6118],[15.4246,31.6575],[15.2823,32.3002],[15.0825,32.4133],[14.4444,32.4931],[14.0979,32.7281],[13.4537,32.8145],[13.2571,32.9186],[12.8413,32.8085],[12.8408,32.7502],[12.229,32.8145],[11.4544,33.2002],[11.1578,33.2002],[11.0798,33.5856],[10.7381,33.478],[10.584,33.6644],[10.2368,33.7146],[10.0058,33.9075],[10.0052,34.1706],[10.0661,34.242],[10.0045,34.2933],[10.543,34.5506],[10.8512,34.8079],[10.8512,34.9366],[10.9844,34.9994],[11.055,35.1404],[11.0057,35.3871],[11.0831,35.5073],[11.0169,35.5986],[10.851,35.6445],[10.8317,35.7185],[10.4635,35.902],[10.5349,36.3573],[10.4625,36.4172],[11.0062,36.8037],[11.0063,36.9971],[10.5187,36.7558],[10.3553,36.7312],[10.1885,36.7976],[10.2685,36.9378],[10.1824,37.027],[10.2271,37.1177],[10.1281,37.1587],[10.2272,37.1949],[10.1501,37.2337],[9.9934,37.1904],[9.8716,37.2574],[9.8196,37.2276],[9.925,37.2131],[9.9143,37.1783],[9.8159,37.1518],[9.7718,37.2133],[9.8536,37.2673],[9.759,37.3193],[9.3969,37.2594],[9.0595,37.0615],[8.9723,37.0975],[8.8244,36.9795],[8.6443,36.9535],[8.5164,36.8682],[7.7383,36.8682],[7.4902,37.055],[7.3979,37.0615],[7.3463,37.0615],[7.1937,36.8682],[6.8047,36.8682],[6.3339,37.0615],[6.2357,36.9212],[6.1043,36.8741],[6.1058,36.8037],[5.6788,36.8037],[5.5643,36.6749],[5.3044,36.643],[5.0978,36.6749],[4.8595,36.8682],[4.262,36.9116],[3.85,36.8037],[3.664,36.8344],[3.2299,36.7393],[2.8411,36.7393],[2.6008,36.5963],[2.3516,36.6383],[1.5296,36.4816],[1.1787,36.5109],[0.9138,36.3528],[0.6818,36.3322],[0.6837,36.2884],[0.3652,36.2096],[0.0835,35.8377],[-0.1451,35.7904],[-0.4587,35.8377],[-0.53,35.7089],[-0.9171,35.7089],[-1.0655,35.5802],[-1.1833,35.5765],[-1.1365,35.4514],[-1.3587,35.2584],[-1.5634,35.2584],[-1.8896,35.0653],[-2.6617,35.0653],[-2.8561,35.1313],[-2.9686,35.4464],[-2.9816,35.2584],[-3.1324,35.194],[-4.2059,35.194],[-4.376,35.1518],[-4.7548,35.194],[-5.2398,35.5158],[-5.3411,35.8377],[-5.5673,35.8377],[-5.9456,35.7102],[-6.132,35.001],[-6.2346,35.0425],[-6.2488,35.0024],[-6.2048,34.9366],[-6.2642,34.6793],[-6.4821,34.4863],[-6.4732,34.3577],[-6.6678,34.2805],[-6.6139,34.1647],[-6.9038,33.9075],[-6.9526,33.9273],[-7.5291,33.6326],[-7.8746,33.5213]]],[[[-4.3019,35.1727],[-4.3009,35.1721],[-4.2994,35.1717],[-4.2977,35.1715],[-4.2969,35.1722],[-4.2987,35.1726],[-4.3,35.1727],[-4.3011,35.1729],[-4.3019,35.1727]]],[[[-2.8832,35.2385],[-2.8683,35.2174],[-2.8226,35.1788],[-2.8237,35.1982],[-2.8784,35.2463],[-2.8832,35.2385]]],[[[14.3384,35.9455],[14.3815,35.843],[14.5618,35.8298],[14.5078,35.9285],[14.3773,35.9936],[14.3384,35.9455]]],[[[-6.2475,36.6105],[-6.0625,36.224],[-5.8311,36.224],[-5.5848,36.0308],[-5.5162,36.1596],[-5.315,36.2164],[-5.2282,36.4816],[-4.6888,36.546],[-4.4686,36.7393],[-3.8507,36.8037],[-4.5551,36.8682],[-5.3104,36.546],[-5.3059,36.4816],[-5.4521,36.3528],[-5.9179,36.3528],[-6.2475,36.6105]]],[[[12.4905,37.7062],[13.192,37.5773],[13.5995,37.2524],[14.123,37.1904],[14.4307,36.9326],[14.5085,36.9326],[14.6723,36.7393],[15.0498,36.7393],[15.1372,37.2549],[15.0592,37.2549],[15.0665,37.6417],[15.3895,38.1578],[15.5432,38.1578],[15.627,38.2808],[15.2111,38.2015],[15.0879,38.1282],[14.9942,38.1569],[14.0562,37.9643],[13.6652,37.9643],[13.3547,38.1578],[13.1199,38.1578],[13.0404,38.0288],[12.6522,38.0929],[12.4919,37.8998],[12.4905,37.7062]]],[[[1.2204,38.9553],[1.2529,38.8623],[1.4031,38.8323],[1.4147,38.8906],[1.6231,39.0292],[1.5227,39.1189],[1.3568,39.0776],[1.2928,39.0333],[1.301,38.9678],[1.2204,38.9553]]],[[[8.1567,40.7718],[8.1974,40.6912],[8.1618,40.5638],[8.1934,40.6175],[8.2163,40.5706],[8.312,40.5781],[8.386,40.3518],[8.4761,40.2921],[8.49,40.1045],[8.3772,40.0338],[8.4004,39.9361],[8.5453,39.8786],[8.5044,39.7215],[8.5658,39.7011],[8.4553,39.7561],[8.4634,39.5769],[8.374,39.3789],[8.4321,39.3018],[8.4095,39.1693],[8.5596,39.0567],[8.606,38.9088],[8.7166,38.9326],[8.8533,38.878],[9.0183,38.9953],[9.0183,39.1461],[9.0798,39.2246],[9.0139,39.2639],[9.166,39.1871],[9.2922,39.2213],[9.4052,39.1521],[9.5664,39.1492],[9.7111,39.9293],[9.6262,40.2631],[9.8225,40.5327],[9.6579,40.7999],[9.724,40.8449],[9.6141,40.8934],[9.6421,40.9206],[9.5042,40.9269],[9.6469,40.9922],[9.5119,41.0163],[9.5541,41.1239],[9.4691,41.1462],[9.4429,41.092],[9.4224,41.1807],[9.1887,41.2487],[9.1419,41.1528],[9.0055,41.1219],[8.8225,40.9473],[8.5205,40.827],[8.3102,40.8507],[8.1812,40.9341],[8.2153,40.8814],[8.1567,40.7718]]],[[[8.3533,39.0556],[8.4312,38.9661],[8.4839,39.0698],[8.3701,39.1131],[8.3533,39.0556]]],[[[9.3758,41.2183],[9.377,41.2133],[9.3953,41.2106],[9.4092,41.2128],[9.3758,41.2183]]],[[[9.437,41.1859],[9.4644,41.1727],[9.4749,41.1793],[9.4749,41.2021],[9.4456,41.2069],[9.437,41.1859]]]]}},{"type":"Feature","properties":{"territoryId":"cliopatria-q504759-a596384ca7","name":"Chu","name_ko":"초나라","color":"#7aebd9","colorFamily":2,"startYear":-365,"endYear":-337,"source_name":"Cliopatria v0.2.0","source_url":"https://github.com/Seshat-Global-History-Databank/cliopatria","license":"CC BY 4.0","attribution":"Seshat Global History Databank, Cliopatria contributors"},"geometry":{"type":"Polygon","coordinates":[[[109.3125,31.5933],[109.4752,31.4005],[109.3555,31.2719],[109.4861,31.2076],[109.4763,30.9506],[109.9158,30.4364],[110.4056,30.3079],[110.2273,29.9865],[110.6618,29.9223],[111.2987,29.5366],[111.8086,29.4723],[111.9959,29.3438],[112.9037,29.3438],[113.2668,29.5366],[113.5836,30.0508],[113.9506,30.2436],[114.1127,30.5007],[116.0427,30.3722],[116.8374,30.6935],[117.1096,31.6575],[118.8542,32.8145],[118.8551,33.0073],[118.5746,33.0716],[118.4228,33.2645],[118.4275,33.6502],[118.3508,33.6502],[118.934,35.194],[119.3093,35.5158],[119.6194,35.5158],[119.7325,35.6208],[119.7439,35.5759],[119.8401,35.6579],[119.8602,35.6061],[119.9046,35.6246],[119.9002,35.7363],[120.0029,35.7278],[120.0235,35.776],[119.5323,35.8377],[119.0093,35.7089],[117.9657,34.7436],[117.7239,34.3577],[117.2311,34.1004],[116.6157,34.1004],[116.107,34.3577],[115.5947,34.422],[115.4942,34.5506],[114.6466,34.5506],[114.3412,34.7436],[114.4721,34.8723],[113.493,34.7436],[113.44,34.615],[111.359,34.615],[110.5884,34.8079],[109.5862,34.615],[109.5608,34.5506],[109.7149,34.5506],[109.6643,34.422],[110.0241,34.3577],[110.2314,34.1004],[110.514,34.0361],[110.3872,33.9075],[110.5409,33.9075],[110.4912,33.7789],[110.2115,33.6502],[110.2149,33.4574],[109.7829,33.3288],[109.7109,33.1359],[109.8165,33.0073],[109.5524,32.4931],[109.6288,32.4931],[109.3125,31.5933]]]}},{"type":"Feature","properties":{"territoryId":"cliopatria-q504759-a596384ca7","name":"Chu","name_ko":"초나라","color":"#7aebd9","colorFamily":2,"startYear":-336,"endYear":-333,"source_name":"Cliopatria v0.2.0","source_url":"https://github.com/Seshat-Global-History-Databank/cliopatria","license":"CC BY 4.0","attribution":"Seshat Global History Databank, Cliopatria contributors"},"geometry":{"type":"Polygon","coordinates":[[[109.3125,31.5933],[109.4752,31.4005],[109.3555,31.2719],[109.4861,31.2076],[109.4763,30.9506],[109.9158,30.4364],[110.4056,30.3079],[110.2273,29.9865],[110.6618,29.9223],[111.2987,29.5366],[111.8086,29.4723],[111.9959,29.3438],[112.9037,29.3438],[113.2668,29.5366],[113.5836,30.0508],[113.9506,30.2436],[114.1127,30.5007],[116.0427,30.3722],[116.8374,30.6935],[117.1096,31.6575],[118.8542,32.8145],[118.8551,33.0073],[118.5746,33.0716],[118.4228,33.2645],[118.4275,33.6502],[118.3508,33.6502],[118.934,35.194],[119.3093,35.5158],[119.6194,35.5158],[119.7325,35.6208],[119.7439,35.5759],[119.8401,35.6579],[119.8602,35.6061],[119.9046,35.6246],[119.9002,35.7363],[120.0029,35.7278],[120.0235,35.776],[119.5323,35.8377],[119.0093,35.7089],[117.9657,34.7436],[117.7239,34.3577],[117.2311,34.1004],[116.6157,34.1004],[116.107,34.3577],[115.5947,34.422],[115.4942,34.5506],[114.6466,34.5506],[114.3412,34.7436],[114.4721,34.8723],[113.6738,34.8079],[113.44,34.615],[111.5902,34.615],[110.2798,34.8079],[109.5862,34.615],[109.5608,34.5506],[109.7149,34.5506],[109.6643,34.422],[110.0241,34.3577],[110.2314,34.1004],[110.514,34.0361],[110.3872,33.9075],[110.5409,33.9075],[110.4912,33.7789],[110.2115,33.6502],[110.2149,33.4574],[109.7829,33.3288],[109.7109,33.1359],[109.8165,33.0073],[109.5524,32.4931],[109.6288,32.4931],[109.3125,31.5933]]]}},{"type":"Feature","properties":{"territoryId":"cliopatria-q504759-a596384ca7","name":"Chu","name_ko":"초나라","color":"#7aebd9","colorFamily":2,"startYear":-332,"endYear":-315,"source_name":"Cliopatria v0.2.0","source_url":"https://github.com/Seshat-Global-History-Databank/cliopatria","license":"CC BY 4.0","attribution":"Seshat Global History Databank, Cliopatria contributors"},"geometry":{"type":"MultiPolygon","coordinates":[[[[109.3125,31.5933],[109.4752,31.4005],[109.3555,31.2719],[109.4861,31.2076],[109.4763,30.9506],[109.9158,30.4364],[110.4056,30.3079],[110.2273,29.9865],[110.6618,29.9223],[111.2987,29.5366],[111.8086,29.4723],[111.9959,29.3438],[112.9037,29.3438],[113.2668,29.5366],[113.5836,30.0508],[113.9506,30.2436],[114.1127,30.5007],[114.8719,30.5007],[115.2078,30.3722],[115.6851,30.4364],[116.1186,30.3722],[116.1289,30.1794],[116.27,29.9223],[116.7364,29.7294],[118.3597,29.6009],[119.7026,29.9865],[120.1538,30.1993],[120.2579,30.2981],[120.3924,30.3118],[120.4303,30.3898],[120.6981,30.394],[120.8012,30.3079],[120.9288,30.4081],[120.9981,30.5579],[121.5192,30.822],[121.9131,30.859],[121.9551,30.9713],[121.7252,31.2816],[121.3203,31.5048],[121.1444,31.6847],[120.7315,31.8139],[120.7171,31.8611],[120.8248,31.8287],[120.7504,31.9783],[120.4695,32.0251],[120.4558,31.9825],[120.131,31.9123],[119.7725,32.1268],[119.7886,32.1986],[119.6904,32.2353],[119.606,32.1969],[119.6854,32.2924],[119.6409,32.3588],[119.8421,32.2991],[119.992,32.0159],[120.1314,31.9432],[120.2671,31.9487],[120.4908,32.0825],[120.6344,32.077],[120.8108,32.0226],[120.9407,31.8503],[121.2864,31.8906],[121.6756,31.7236],[121.872,31.6907],[121.9304,31.7267],[121.8219,31.9525],[121.6554,32.0629],[121.4434,32.1143],[121.3608,32.2316],[121.4193,32.2503],[121.3894,32.3849],[121.1008,32.498],[120.8303,32.6977],[120.9048,32.8126],[120.8958,33.0136],[120.8259,33.0302],[120.807,33.1378],[120.7302,33.2049],[120.7503,33.2696],[120.6672,33.3251],[120.6344,33.4669],[120.4837,33.65],[120.5049,33.7356],[120.3997,33.8693],[120.2571,34.3118],[119.6477,34.5338],[119.4422,34.746],[119.3467,34.7808],[119.1922,34.7182],[119.2073,35.0484],[119.358,35.0971],[119.4239,35.3135],[119.5319,35.3586],[119.648,35.5839],[119.9027,35.6539],[119.9082,35.7449],[120.0029,35.7278],[120.0235,35.776],[119.5323,35.8377],[119.0093,35.7089],[117.9657,34.7436],[117.7239,34.3577],[117.2311,34.1004],[116.6157,34.1004],[116.107,34.3577],[115.5947,34.422],[115.4942,34.5506],[114.6466,34.5506],[114.3412,34.7436],[114.4721,34.8723],[113.6738,34.8079],[113.44,34.615],[111.5902,34.615],[110.2798,34.8079],[109.5862,34.615],[109.5608,34.5506],[109.7149,34.5506],[109.6643,34.422],[110.0241,34.3577],[110.2314,34.1004],[110.514,34.0361],[110.3872,33.9075],[110.5409,33.9075],[110.4912,33.7789],[110.2115,33.6502],[110.2149,33.4574],[109.7829,33.3288],[109.7109,33.1359],[109.8165,33.0073],[109.5524,32.4931],[109.6288,32.4931],[109.3125,31.5933]]],[[[119.7162,32.2726],[119.8193,32.2038],[119.792,32.1218],[119.9019,32.0734],[119.8143,32.2756],[119.7162,32.2726]]],[[[120.227,30.2338],[120.3063,30.2712],[120.2955,30.2787],[120.2744,30.2776],[120.25,30.2701],[120.2302,30.236],[120.227,30.2338]]],[[[120.4284,30.3287],[120.5205,30.3722],[120.66,30.3402],[120.5249,30.3779],[120.4284,30.3287]]],[[[120.9419,31.8421],[120.9506,31.8252],[120.9778,31.8144],[121.0114,31.8171],[120.9419,31.8421]]],[[[121.2202,31.7418],[121.4685,31.5894],[121.4544,31.6575],[121.2202,31.7418]]],[[[121.5735,31.529],[121.6292,31.5179],[121.6335,31.529],[121.5735,31.529]]],[[[121.5845,31.4414],[121.5968,31.4332],[121.6004,31.4425],[121.5845,31.4414]]],[[[121.6461,31.4005],[121.78,31.3252],[121.7206,31.4005],[121.6461,31.4005]]]]}},{"type":"Feature","properties":{"territoryId":"cliopatria-q504759-a596384ca7","name":"Chu","name_ko":"초나라","color":"#7aebd9","colorFamily":2,"startYear":-314,"endYear":-284,"source_name":"Cliopatria v0.2.0","source_url":"https://github.com/Seshat-Global-History-Databank/cliopatria","license":"CC BY 4.0","attribution":"Seshat Global History Databank, Cliopatria contributors"},"geometry":{"type":"MultiPolygon","coordinates":[[[[109.3125,31.5933],[109.4752,31.4005],[109.4763,30.9506],[109.9158,30.4364],[110.4056,30.3079],[110.2273,29.9865],[110.3587,29.9223],[110.6618,29.9223],[111.2987,29.5366],[111.8086,29.4723],[111.9959,29.3438],[112.9037,29.3438],[113.2668,29.5366],[113.5836,30.0508],[113.9506,30.2436],[114.1127,30.5007],[114.8719,30.5007],[115.2078,30.3722],[115.6851,30.4364],[116.1186,30.3722],[116.1289,30.1794],[116.27,29.9223],[116.7364,29.7294],[118.3597,29.6009],[119.7026,29.9865],[120.1538,30.1993],[120.2579,30.2981],[120.3924,30.3118],[120.4303,30.3898],[120.6981,30.394],[120.8012,30.3079],[120.9288,30.4081],[120.9981,30.5579],[121.5192,30.822],[121.9131,30.859],[121.9551,30.9713],[121.7252,31.2816],[121.3203,31.5048],[121.1444,31.6847],[120.7315,31.8139],[120.7171,31.8611],[120.8248,31.8287],[120.7504,31.9783],[120.4695,32.0251],[120.4558,31.9825],[120.131,31.9123],[119.7725,32.1268],[119.7886,32.1986],[119.6904,32.2353],[119.606,32.1969],[119.6854,32.2924],[119.6409,32.3588],[119.8421,32.2991],[119.992,32.0159],[120.1314,31.9432],[120.2671,31.9487],[120.4908,32.0825],[120.6344,32.077],[120.8108,32.0226],[120.9407,31.8503],[121.2864,31.8906],[121.6756,31.7236],[121.872,31.6907],[121.9304,31.7267],[121.8219,31.9525],[121.6554,32.0629],[121.4434,32.1143],[121.3608,32.2316],[121.4193,32.2503],[121.3894,32.3849],[121.1008,32.498],[120.8303,32.6977],[120.9048,32.8126],[120.8958,33.0136],[120.8259,33.0302],[120.807,33.1378],[120.7302,33.2049],[120.7503,33.2696],[120.6672,33.3251],[120.6344,33.4669],[120.4837,33.65],[120.5049,33.7356],[120.3997,33.8693],[120.2571,34.3118],[119.6477,34.5338],[119.4422,34.746],[119.3467,34.7808],[119.1922,34.7182],[119.2073,35.0484],[119.358,35.0971],[119.4239,35.3135],[119.5319,35.3586],[119.648,35.5839],[119.9027,35.6539],[119.9082,35.7449],[120.0029,35.7278],[120.0235,35.776],[119.5323,35.8377],[119.0093,35.7089],[117.9657,34.7436],[117.7239,34.3577],[117.2311,34.1004],[116.6157,34.1004],[116.107,34.3577],[115.5947,34.422],[115.4942,34.5506],[114.6466,34.5506],[114.3412,34.7436],[114.4721,34.8723],[113.6738,34.8079],[113.44,34.615],[111.5902,34.615],[110.7168,34.7436],[110.6911,34.4863],[110.8196,34.422],[110.7447,34.0361],[110.514,34.0361],[110.4912,33.7789],[110.3129,33.7146],[110.2149,33.4574],[109.8596,33.3288],[109.7637,33.0716],[109.8693,32.943],[109.3125,31.5933]]],[[[119.7162,32.2726],[119.8193,32.2038],[119.792,32.1218],[119.9019,32.0734],[119.8143,32.2756],[119.7162,32.2726]]],[[[120.227,30.2338],[120.3063,30.2712],[120.2955,30.2787],[120.2744,30.2776],[120.25,30.2701],[120.2302,30.236],[120.227,30.2338]]],[[[120.4284,30.3287],[120.5205,30.3722],[120.66,30.3402],[120.5249,30.3779],[120.4284,30.3287]]],[[[120.9419,31.8421],[120.9506,31.8252],[120.9778,31.8144],[121.0114,31.8171],[120.9419,31.8421]]],[[[121.2202,31.7418],[121.4685,31.5894],[121.4544,31.6575],[121.2202,31.7418]]],[[[121.5735,31.529],[121.6292,31.5179],[121.6335,31.529],[121.5735,31.529]]],[[[121.5845,31.4414],[121.5968,31.4332],[121.6004,31.4425],[121.5845,31.4414]]],[[[121.6461,31.4005],[121.78,31.3252],[121.7206,31.4005],[121.6461,31.4005]]]]}},{"type":"Feature","properties":{"territoryId":"cliopatria-q321371-7660fdaa22","name":"Cimmerian Bosporus","name_ko":"보스포루스 왕국","color":"#33e189","colorFamily":2,"startYear":-365,"endYear":-230,"source_name":"Cliopatria v0.2.0","source_url":"https://github.com/Seshat-Global-History-Databank/cliopatria","license":"CC BY 4.0","attribution":"Seshat Global History Databank, Cliopatria contributors"},"geometry":{"type":"MultiPolygon","coordinates":[[[[36.7507,45.4095],[36.7535,45.3793],[36.7816,45.3876],[36.8475,45.3673],[36.8122,45.3474],[36.8025,45.3127],[36.7757,45.3648],[36.7581,45.3542],[36.7888,45.2922],[36.9473,45.3202],[36.9704,45.303],[36.9617,45.2829],[36.8408,45.2329],[36.7679,45.223],[36.7781,45.1124],[37.1039,45.1042],[37.3268,44.9734],[37.3164,44.908],[37.5285,44.7119],[37.7913,44.7119],[37.7785,44.7298],[37.8212,44.7119],[37.9338,44.7119],[37.7858,45.3004],[37.612,45.3004],[37.5911,45.2894],[37.5692,45.3004],[37.1734,45.3004],[37.2743,45.2941],[37.3192,45.2717],[37.2544,45.2769],[37.2365,45.2553],[37.0784,45.239],[37.0659,45.2615],[37.1069,45.2717],[37.1117,45.3004],[36.9723,45.3004],[36.9166,45.4205],[36.8045,45.4313],[36.7507,45.4095]]],[[[35.1538,45.1042],[35.2351,45.1042],[35.2159,44.9734],[35.3879,45.0388],[35.4073,45.1696],[35.7324,45.1696],[35.8753,45.0388],[36.3726,45.1042],[36.4231,45.4313],[36.0874,45.3659],[35.7058,45.3383],[35.5178,45.2955],[35.438,45.3189],[35.1826,45.3004],[35.1538,45.1042]]]]}},{"type":"Feature","properties":{"territoryId":"cliopatria-q165198-b05c593442","name":"Cyrenaica","name_ko":"키레나이카","color":"#7eb1e7","colorFamily":0,"startYear":-330,"endYear":-291,"source_name":"Cliopatria v0.2.0","source_url":"https://github.com/Seshat-Global-History-Databank/cliopatria","license":"CC BY 4.0","attribution":"Seshat Global History Databank, Cliopatria contributors"},"geometry":{"type":"MultiPolygon","coordinates":[[[[18.7346,29.9865],[19.5719,30.1151],[20.6582,30.8863],[20.4448,31.3362],[20.5405,31.9146],[21.1556,32.0431],[21.5348,31.9789],[21.6924,32.1074],[23.0666,32.1074],[23.1864,32.2949],[23.0806,32.3341],[23.0894,32.6216],[22.5138,32.791],[22.2871,32.8845],[22.2068,32.8881],[22.1138,32.9413],[21.5698,32.8788],[21.4117,32.7502],[21.0578,32.7736],[20.8712,32.6216],[20.7962,32.6428],[20.6898,32.6041],[20.7159,32.5574],[20.563,32.5574],[20.482,32.4288],[20.417,32.4565],[20.3255,32.4098],[20.2461,32.236],[20.141,32.236],[20.0606,32.1583],[20.0891,32.1074],[19.9961,31.5933],[20.2143,31.2719],[20.1221,30.7578],[19.5014,30.3079],[19.0568,30.2662],[18.8944,30.3079],[18.7346,29.9865]]],[[[23.1087,32.4023],[23.1284,32.3955],[23.1313,32.4072],[23.1096,32.4164],[23.1087,32.4023]]]]}},{"type":"Feature","properties":{"territoryId":"cliopatria-q17161-c181b09960","name":"Etruscans","name_ko":"에트루리아인","color":"#e7cb7e","colorFamily":1,"startYear":-382,"endYear":-337,"source_name":"Cliopatria v0.2.0","source_url":"https://github.com/Seshat-Global-History-Databank/cliopatria","license":"CC BY 4.0","attribution":"Seshat Global History Databank, Cliopatria contributors"},"geometry":{"type":"MultiPolygon","coordinates":[[[[8.5453,42.2329],[8.5741,42.2199],[8.5658,42.1745],[8.5938,42.1745],[8.5596,42.154],[8.6992,42.1093],[8.745,42.0566],[8.6457,41.9774],[8.6945,41.9187],[8.7644,41.9343],[8.8054,41.9069],[8.7918,41.8591],[8.7508,41.8455],[8.7849,41.8244],[8.7092,41.8045],[8.7175,41.772],[8.6551,41.7499],[8.6956,41.7294],[8.7849,41.7425],[8.7888,41.7126],[8.9227,41.6946],[8.8726,41.6511],[8.8018,41.6391],[8.7918,41.5612],[8.9357,41.4892],[9.0387,41.4619],[9.0798,41.4824],[9.0666,41.4619],[9.1213,41.4346],[9.0964,41.4035],[9.2255,41.3771],[9.2503,41.4278],[9.2107,41.4073],[9.2107,41.4482],[9.2708,41.4687],[9.2647,41.5308],[9.3506,41.5812],[9.3451,41.6045],[9.2786,41.5984],[9.2922,41.6264],[9.3467,41.6196],[9.4016,41.7064],[9.4032,41.9529],[9.5596,42.1466],[9.5281,42.5635],[9.4896,42.6126],[9.5119,42.5655],[9.4769,42.5792],[9.4429,42.6406],[9.4828,42.8023],[9.464,42.9901],[9.4238,43.0165],[9.3467,43.0037],[9.3602,42.9286],[9.3057,42.8393],[9.3425,42.7491],[9.2922,42.6748],[9.2368,42.7226],[9.1178,42.732],[9.05,42.6622],[8.8054,42.6064],[8.787,42.562],[8.7092,42.5792],[8.7166,42.5307],[8.6675,42.5097],[8.6595,42.4299],[8.5491,42.3771],[8.5521,42.3389],[8.6128,42.3524],[8.6348,42.3389],[8.6053,42.3105],[8.6878,42.2729],[8.5453,42.2329]]],[[[9.4566,42.6474],[9.4768,42.6191],[9.4769,42.6201],[9.4821,42.6201],[9.4566,42.6474]]],[[[10.1632,42.8164],[10.1963,42.7362],[10.3379,42.7648],[10.3814,42.7226],[10.4307,42.7221],[10.3888,42.7635],[10.4367,42.8044],[10.4434,42.8454],[10.4124,42.8734],[10.3473,42.8059],[10.3268,42.8262],[10.2721,42.8273],[10.2659,42.8044],[10.1632,42.8164]]],[[[10.2934,43.7982],[10.4289,43.3968],[10.5282,43.2468],[10.5391,43.0796],[11.0163,42.8213],[11.0159,42.6629],[11.0788,42.6262],[11.176,42.6262],[11.2552,42.4312],[11.4152,42.4312],[11.4485,42.3766],[11.569,42.3314],[11.6548,42.3662],[11.7351,42.1705],[11.8927,42.1063],[12.4517,42.1063],[12.4524,42.1712],[12.3732,42.2362],[12.3807,42.9515],[12.3005,42.9515],[12.3064,43.5375],[12.0655,43.6027],[11.9059,43.7982],[10.2934,43.7982]]]]}},{"type":"Feature","properties":{"territoryId":"cliopatria-q17161-c181b09960","name":"Etruscans","name_ko":"에트루리아인","color":"#e7cb7e","colorFamily":1,"startYear":-336,"endYear":-326,"source_name":"Cliopatria v0.2.0","source_url":"https://github.com/Seshat-Global-History-Databank/cliopatria","license":"CC BY 4.0","attribution":"Seshat Global History Databank, Cliopatria contributors"},"geometry":{"type":"MultiPolygon","coordinates":[[[[8.5453,42.2329],[8.5741,42.2199],[8.5658,42.1745],[8.5938,42.1745],[8.5596,42.154],[8.6992,42.1093],[8.745,42.0566],[8.6457,41.9774],[8.6945,41.9187],[8.7644,41.9343],[8.8054,41.9069],[8.7918,41.8591],[8.7508,41.8455],[8.7849,41.8244],[8.7092,41.8045],[8.7175,41.772],[8.6551,41.7499],[8.6956,41.7294],[8.7849,41.7425],[8.7888,41.7126],[8.9227,41.6946],[8.8726,41.6511],[8.8018,41.6391],[8.7918,41.5612],[8.9357,41.4892],[9.0387,41.4619],[9.0798,41.4824],[9.0666,41.4619],[9.1213,41.4346],[9.0964,41.4035],[9.2255,41.3771],[9.2503,41.4278],[9.2107,41.4073],[9.2107,41.4482],[9.2708,41.4687],[9.2647,41.5308],[9.3506,41.5812],[9.3451,41.6045],[9.2786,41.5984],[9.2922,41.6264],[9.3467,41.6196],[9.4016,41.7064],[9.4032,41.9529],[9.5596,42.1466],[9.5281,42.5635],[9.4896,42.6126],[9.5119,42.5655],[9.4769,42.5792],[9.4429,42.6406],[9.4828,42.8023],[9.464,42.9901],[9.4238,43.0165],[9.3467,43.0037],[9.3602,42.9286],[9.3057,42.8393],[9.3425,42.7491],[9.2922,42.6748],[9.2368,42.7226],[9.1178,42.732],[9.05,42.6622],[8.8054,42.6064],[8.787,42.562],[8.7092,42.5792],[8.7166,42.5307],[8.6675,42.5097],[8.6595,42.4299],[8.5491,42.3771],[8.5521,42.3389],[8.6128,42.3524],[8.6348,42.3389],[8.6053,42.3105],[8.6878,42.2729],[8.5453,42.2329]]],[[[9.4566,42.6474],[9.4768,42.6191],[9.4769,42.6201],[9.4821,42.6201],[9.4566,42.6474]]],[[[10.1632,42.8164],[10.1963,42.7362],[10.3379,42.7648],[10.3814,42.7226],[10.4307,42.7221],[10.3888,42.7635],[10.4367,42.8044],[10.4434,42.8454],[10.4124,42.8734],[10.3473,42.8059],[10.3268,42.8262],[10.2721,42.8273],[10.2659,42.8044],[10.1632,42.8164]]],[[[10.2934,43.7982],[10.4289,43.3968],[10.5282,43.2468],[10.5391,43.0796],[11.0163,42.8213],[11.0159,42.6629],[11.0788,42.6262],[11.176,42.6262],[11.2552,42.4312],[11.4152,42.4312],[11.4485,42.3766],[11.569,42.3314],[11.6548,42.3662],[11.7346,42.1712],[11.8133,42.1712],[11.9741,42.3012],[11.8952,42.4312],[12.3745,42.3662],[12.3807,42.9515],[12.3005,42.9515],[12.3064,43.5375],[12.0655,43.6027],[11.9059,43.7982],[10.2934,43.7982]]]]}},{"type":"Feature","properties":{"territoryId":"cliopatria-q17161-c181b09960","name":"Etruscans","name_ko":"에트루리아인","color":"#e7cb7e","colorFamily":1,"startYear":-325,"endYear":-291,"source_name":"Cliopatria v0.2.0","source_url":"https://github.com/Seshat-Global-History-Databank/cliopatria","license":"CC BY 4.0","attribution":"Seshat Global History Databank, Cliopatria contributors"},"geometry":{"type":"MultiPolygon","coordinates":[[[[8.5453,42.2329],[8.5741,42.2199],[8.5658,42.1745],[8.5938,42.1745],[8.5596,42.154],[8.6992,42.1093],[8.745,42.0566],[8.6457,41.9774],[8.6945,41.9187],[8.7644,41.9343],[8.8054,41.9069],[8.7918,41.8591],[8.7508,41.8455],[8.7849,41.8244],[8.7092,41.8045],[8.7175,41.772],[8.6551,41.7499],[8.6956,41.7294],[8.7849,41.7425],[8.7888,41.7126],[8.9227,41.6946],[8.8726,41.6511],[8.8018,41.6391],[8.7918,41.5612],[8.9357,41.4892],[9.0387,41.4619],[9.0798,41.4824],[9.0666,41.4619],[9.1213,41.4346],[9.0964,41.4035],[9.2255,41.3771],[9.2503,41.4278],[9.2107,41.4073],[9.2107,41.4482],[9.2708,41.4687],[9.2647,41.5308],[9.3506,41.5812],[9.3451,41.6045],[9.2786,41.5984],[9.2922,41.6264],[9.3467,41.6196],[9.4016,41.7064],[9.4032,41.9529],[9.5596,42.1466],[9.5281,42.5635],[9.4896,42.6126],[9.5119,42.5655],[9.4769,42.5792],[9.4429,42.6406],[9.4828,42.8023],[9.464,42.9901],[9.4238,43.0165],[9.3467,43.0037],[9.3602,42.9286],[9.3057,42.8393],[9.3425,42.7491],[9.2922,42.6748],[9.2368,42.7226],[9.1178,42.732],[9.05,42.6622],[8.8054,42.6064],[8.787,42.562],[8.7092,42.5792],[8.7166,42.5307],[8.6675,42.5097],[8.6595,42.4299],[8.5491,42.3771],[8.5521,42.3389],[8.6128,42.3524],[8.6348,42.3389],[8.6053,42.3105],[8.6878,42.2729],[8.5453,42.2329]]],[[[9.4566,42.6474],[9.4768,42.6191],[9.4769,42.6201],[9.4821,42.6201],[9.4566,42.6474]]],[[[10.1632,42.8164],[10.1963,42.7362],[10.3379,42.7648],[10.3814,42.7226],[10.4307,42.7221],[10.3888,42.7635],[10.4367,42.8044],[10.4434,42.8454],[10.4124,42.8734],[10.3473,42.8059],[10.3268,42.8262],[10.2721,42.8273],[10.2659,42.8044],[10.1632,42.8164]]],[[[10.2934,43.7982],[10.4289,43.3968],[10.5282,43.2468],[10.5391,43.0796],[11.0163,42.8213],[11.0159,42.6629],[11.0788,42.6262],[11.176,42.6262],[11.2552,42.4312],[11.4152,42.4312],[11.4485,42.3766],[11.569,42.3314],[11.6548,42.3662],[11.7346,42.1712],[11.8133,42.1712],[11.9741,42.3012],[11.8952,42.4312],[12.3745,42.3662],[12.3759,42.4962],[12.1358,42.4962],[12.1382,42.7563],[12.3786,42.7563],[12.3807,42.9515],[12.3005,42.9515],[12.3064,43.5375],[12.0655,43.6027],[11.9059,43.7982],[10.2934,43.7982]]]]}},{"type":"Feature","properties":{"territoryId":"cliopatria-q148837-11892bffbd","name":"Greek City-States","name_ko":"그리스 도시국가들","color":"#a95ce0","colorFamily":4,"startYear":-365,"endYear":-350,"source_name":"Cliopatria v0.2.0","source_url":"https://github.com/Seshat-Global-History-Databank/cliopatria","license":"CC BY 4.0","attribution":"Seshat Global History Databank, Cliopatria contributors"},"geometry":{"type":"MultiPolygon","coordinates":[[[[22.9016,36.3383],[22.9292,36.178],[23.0533,36.1596],[23.0584,36.2165],[23.1039,36.2372],[23.0769,36.2707],[22.9446,36.3894],[22.9016,36.3383]]],[[[20.6195,37.8228],[20.7934,37.6685],[20.8481,37.6571],[20.8435,37.7016],[20.9261,37.7284],[20.886,37.814],[20.7525,37.8549],[20.7247,37.8998],[20.6554,37.8998],[20.6195,37.8228]]],[[[20.5504,38.6097],[20.716,38.627],[20.6724,38.8427],[20.6026,38.7817],[20.5504,38.6097]]],[[[21.1212,38.5451],[21.1933,38.416],[21.3376,38.3989],[21.3533,38.4329],[21.3225,38.4963],[21.3601,38.4677],[21.3775,38.3989],[21.4224,38.3889],[21.7754,38.3515],[21.8312,38.3967],[21.8792,38.378],[21.9406,38.4043],[22.062,38.5451],[22.0078,38.9972],[21.8541,39.0618],[21.8576,39.1265],[21.779,39.1265],[21.7755,39.0618],[21.5397,39.0618],[21.1243,38.6097],[21.1212,38.5451]]],[[[13.114,37.5773],[13.6022,37.2505],[14.2779,37.126],[14.6723,36.7393],[15.0498,36.7393],[15.2051,37.1662],[15.1853,37.2023],[15.0592,37.2549],[15.0665,37.6417],[15.3895,38.1578],[15.5432,38.1578],[15.5697,38.227],[15.6516,38.2753],[15.1545,38.1491],[15.1521,38.0288],[14.8346,37.7707],[14.7519,37.5128],[14.9778,37.0615],[14.7442,37.0615],[13.505,37.6417],[13.1934,37.7062],[13.114,37.5773]]],[[[14.6556,40.6792],[14.9711,40.6144],[15.0414,40.2259],[15.1995,40.2259],[15.4319,40.0317],[15.5349,40.0778],[15.6243,40.0778],[15.6575,40.0317],[15.7478,40.0317],[15.7136,39.978],[15.7744,39.8911],[15.7736,39.8424],[15.8989,39.7729],[16.1165,39.0618],[16.2703,38.9326],[16.2652,38.7389],[15.9497,38.6743],[15.9419,38.3515],[15.8198,38.3215],[15.7865,38.278],[15.6328,38.2203],[15.638,38.122],[15.6982,37.9643],[15.9328,37.9643],[16.4919,38.416],[16.5024,38.8034],[17.1383,39.0618],[17.0697,39.385],[16.9162,39.5143],[16.4473,39.6436],[16.4567,39.967],[16.6005,40.0443],[16.6047,40.0845],[16.6769,40.1511],[16.6245,40.2906],[16.777,40.2906],[16.9137,40.4464],[16.868,40.4849],[17.0285,40.5496],[17.3452,40.5496],[17.4175,40.3554],[17.8131,40.3554],[17.9128,40.2553],[17.924,40.1873],[17.9972,40.1204],[17.9996,40.0728],[18.1122,39.9023],[18.3489,39.9023],[18.3565,40.0964],[18.4355,40.0964],[18.3642,40.2906],[17.9812,40.6144],[17.5036,40.5496],[17.5083,40.6792],[17.1936,40.744],[16.8765,40.744],[16.3872,40.2906],[16.3853,40.2259],[16.3062,40.2259],[16.3796,40.0317],[16.1409,39.967],[16.1463,40.1612],[15.5157,40.2259],[15.3607,40.3554],[15.1342,40.8088],[14.6584,40.8088],[14.6556,40.6792]]],[[[-0.5711,39.5143],[-0.539,38.9326],[-0.126,38.5451],[0.0961,38.8034],[-0.1059,38.9365],[-0.3137,39.1265],[-0.3454,39.7083],[-0.2019,39.967],[-0.514,39.9023],[-0.5711,39.5143]]],[[[22.7262,39.1911],[22.8049,39.1911],[22.8163,39.385],[23.1312,39.385],[23.1215,39.4614],[22.9395,39.5806],[22.8358,39.7083],[22.7569,39.7083],[22.7262,39.1911]]],[[[20.1453,39.6436],[20.1517,39.6402],[20.1519,39.6436],[20.1453,39.6436]]],[[[19.3044,40.6531],[19.3354,40.6144],[19.4863,40.6144],[19.4714,40.2906],[19.6295,40.2906],[20.0094,39.967],[19.9781,39.8782],[20.0142,39.833],[19.9876,39.7083],[20.155,39.7083],[20.4292,39.2855],[20.4824,39.2827],[20.4801,39.2444],[20.9896,39.0618],[21.0682,39.0618],[21.1566,39.2557],[21.4713,39.2557],[21.632,39.3203],[21.646,39.5789],[21.4919,39.6436],[21.5095,39.967],[21.3765,40.4201],[20.9121,40.6144],[20.9087,40.5496],[20.7469,40.4849],[20.5719,40.1612],[20.4929,40.1612],[20.4302,40.4849],[20.3511,40.4849],[20.2686,40.4201],[20.196,40.5496],[19.8824,40.6144],[19.8157,40.8736],[19.8951,40.8736],[19.9047,41.068],[19.7491,41.1328],[19.762,41.3922],[19.6824,41.3922],[19.7783,41.7167],[19.6319,41.9764],[19.4723,41.9764],[19.3948,41.8595],[19.5916,41.8188],[19.5576,41.6605],[19.613,41.6053],[19.5848,41.6196],[19.5652,41.5851],[19.4715,41.5823],[19.4634,41.5595],[19.5297,41.522],[19.4438,41.3922],[19.5233,41.3922],[19.4695,41.3108],[19.5166,41.2564],[19.4555,41.1485],[19.4839,40.9668],[19.4955,41.0026],[19.5234,40.9206],[19.4938,40.9033],[19.4985,40.8736],[19.3688,40.8022],[19.3605,40.7098],[19.3044,40.6531]],[[20.249,39.6848],[20.2875,39.7112],[20.2827,39.7044],[20.249,39.6848]],[[20.9579,40.5149],[20.999,40.54],[20.9815,40.5233],[20.9579,40.5149]]],[[[19.9293,39.7394],[19.9338,39.7412],[19.9463,39.7592],[19.948,39.7904],[19.9471,39.7899],[19.9293,39.7394]]],[[[2.6695,43.0165],[2.7754,42.4312],[2.6982,42.3662],[3.0397,41.8465],[3.1188,42.2183],[3.1768,42.3613],[3.0099,42.5612],[2.9849,43.1467],[3.8509,43.6027],[4.173,43.6027],[4.1778,43.4723],[4.7288,43.4723],[4.6946,43.5791],[4.7424,43.5245],[4.7424,43.4723],[5.0524,43.4723],[5.0093,43.5176],[5.0291,43.5586],[5.1057,43.533],[5.14,43.4858],[5.2228,43.504],[5.1969,43.4454],[5.3869,43.4072],[5.3908,43.2769],[5.6319,43.2769],[5.7962,43.1467],[6.2782,43.1467],[6.5938,43.2758],[6.5936,43.4072],[5.8696,43.4072],[4.7279,43.8634],[3.4455,43.6678],[2.741,43.2118],[2.7497,43.0165],[2.6695,43.0165]]],[[[23.6154,35.5158],[23.6792,35.2584],[24.4484,35.194],[24.7574,35.194],[24.8237,35.001],[26.1401,35.0653],[26.2253,35.194],[25.8469,35.1493],[25.7953,35.1151],[25.6806,35.1297],[25.6923,35.3227],[25.4536,35.2941],[25.3991,35.3227],[24.301,35.3227],[24.1499,35.3871],[24.1541,35.465],[24.0669,35.507],[24.1569,35.5158],[23.6154,35.5158]]],[[[22.7925,37.5773],[23.1011,37.5128],[23.1685,37.3193],[23.278,37.3498],[23.23,37.3749],[23.2627,37.401],[23.3849,37.4134],[23.36,37.5475],[23.3367,37.5355],[23.1686,37.6142],[23.1626,37.6417],[23.1083,37.6417],[23.0373,37.7707],[23.0414,37.8445],[22.9951,37.8821],[23.0151,37.9252],[23.0941,37.911],[23.2508,37.9752],[23.2864,38.0288],[23.3013,38.2869],[23.0627,38.2224],[23.0425,38.1851],[23.1096,38.2101],[23.1489,38.1859],[23.1284,38.1723],[23.2234,38.1592],[23.1755,38.145],[23.2166,38.1033],[23.0686,38.0589],[22.9833,38.0756],[22.9449,38.0047],[22.9754,37.979],[22.9117,37.9433],[22.8846,37.8352],[22.8065,37.8352],[22.7925,37.5773]]],[[[23.3122,37.6174],[23.3406,37.6003],[23.3536,37.5821],[23.3442,37.6327],[23.3122,37.6174]]],[[[23.4014,37.3193],[23.4024,37.3193],[23.4023,37.3198],[23.4014,37.3193]]],[[[22.9083,40.513],[22.9592,40.4201],[23.6589,40.2265],[23.7305,40.359],[23.7699,40.3524],[23.8297,40.4201],[23.7594,40.5496],[23.7638,40.6144],[23.6846,40.6144],[23.6935,40.744],[23.6143,40.744],[23.5262,40.6144],[22.944,40.6144],[22.9832,40.5527],[22.9083,40.513]]],[[[36.5091,41.1328],[37.3551,40.9384],[37.8732,40.6792],[38.8241,40.6792],[39.0019,40.8088],[39.3984,40.8088],[39.6165,40.6792],[40.4089,40.6792],[40.5776,40.744],[40.5981,40.8736],[40.46,41.0032],[40.1428,40.9228],[40.0268,40.9645],[39.7355,40.9384],[39.3577,41.0781],[39.2732,41.0504],[39.1683,41.0797],[38.9573,41.0398],[38.9518,41.0032],[38.2977,40.8736],[38.2217,40.9441],[38.0253,40.9769],[37.8312,40.9384],[37.7706,41.068],[37.619,41.068],[37.5806,41.0368],[37.4768,41.068],[37.2147,41.068],[37.226,41.1475],[37.0651,41.1328],[36.7748,41.3274],[36.6066,41.2625],[36.5271,41.2625],[36.5091,41.1328]]],[[[39.6305,43.733],[39.9778,43.4072],[40.2192,43.4072],[40.4055,43.1602],[40.8173,43.1467],[41.1158,43.0165],[41.1733,42.8864],[41.414,42.8864],[41.4369,43.0165],[41.2075,43.0816],[41.15,43.2118],[40.3801,43.4072],[40.322,43.5375],[40.4138,43.6027],[39.6305,43.733]],[[40.0676,43.5413],[40.0728,43.5511],[40.0857,43.5546],[40.0676,43.5413]]],[[[27.1749,42.4312],[27.3288,42.3662],[27.3166,42.2362],[27.6115,41.9764],[27.9307,41.9764],[27.937,42.0413],[27.4727,42.4619],[27.4657,42.4283],[27.4529,42.4801],[27.4802,42.4829],[27.5052,42.5388],[27.5135,42.6262],[27.8466,42.7563],[27.8049,43.1467],[27.8982,43.2769],[28.0607,43.3092],[28.1188,43.3915],[28.1925,43.4078],[28.1592,43.4723],[28.4811,43.4723],[28.6163,43.9938],[28.5356,43.9938],[28.5769,44.3854],[28.7612,44.5223],[28.7742,44.5523],[28.7327,44.5679],[28.7879,44.5865],[28.7578,44.6268],[28.7947,44.6343],[28.7742,44.6008],[28.8362,44.6268],[28.8338,44.6511],[28.784,44.6492],[28.7983,44.7202],[28.8257,44.7332],[28.802,44.9734],[28.6396,44.9734],[28.4634,44.8426],[28.3002,44.0591],[28.018,43.6678],[27.9917,43.4072],[27.657,43.2769],[27.4521,42.8213],[27.1932,42.6262],[27.1749,42.4312]]],[[[39.9529,43.733],[40.0335,43.733],[40.0447,43.7982],[39.964,43.7982],[39.9529,43.733]]],[[[33.4515,44.5259],[33.9256,44.4507],[34.3763,44.7773],[35.1252,44.908],[35.2351,45.1042],[35.1013,45.3004],[33.9169,44.9734],[33.7797,45.1556],[33.537,45.164],[33.6101,45.1042],[33.5877,45.0224],[33.6196,44.9315],[33.6092,44.8717],[33.5596,44.8498],[33.5199,44.7753],[33.5483,44.6987],[33.5163,44.6343],[33.5715,44.6206],[33.4745,44.6097],[33.4515,44.5259]]],[[[29.6148,45.6976],[29.6519,45.789],[29.6382,45.8263],[29.6939,45.7813],[29.6826,45.6968],[29.8353,45.6933],[29.8032,45.7042],[29.8024,45.7375],[29.8877,45.7651],[29.9087,45.7459],[29.9263,45.8138],[29.9429,45.782],[29.9685,45.8389],[30.045,45.8898],[30.2977,45.9554],[30.8766,46.6772],[31.4635,46.6772],[31.5059,46.7204],[31.4407,46.8005],[31.5083,46.7452],[31.5458,46.777],[31.5668,46.9401],[31.0821,47.0058],[31.0655,46.8743],[30.4584,46.6115],[30.2707,46.4145],[30.1888,46.4145],[29.6443,45.9554],[29.6148,45.6976]]],[[[31.5028,46.6772],[31.5329,46.6772],[31.5382,46.7183],[31.5028,46.6772]]],[[[38.3502,47.2032],[39.1969,47.3348],[39.1263,47.4006],[39.1382,47.4665],[39.0794,47.5982],[38.6669,47.5982],[38.3846,47.4006],[38.3502,47.2032]]]]}},{"type":"Feature","properties":{"territoryId":"cliopatria-q148837-11892bffbd","name":"Greek City-States","name_ko":"그리스 도시국가들","color":"#a95ce0","colorFamily":4,"startYear":-349,"endYear":-337,"source_name":"Cliopatria v0.2.0","source_url":"https://github.com/Seshat-Global-History-Databank/cliopatria","license":"CC BY 4.0","attribution":"Seshat Global History Databank, Cliopatria contributors"},"geometry":{"type":"MultiPolygon","coordinates":[[[[23.6154,35.5158],[23.6792,35.2584],[24.4484,35.194],[24.7574,35.194],[24.8237,35.001],[26.1401,35.0653],[26.2253,35.194],[25.8469,35.1493],[25.7953,35.1151],[25.6806,35.1297],[25.6923,35.3227],[25.4536,35.2941],[25.3991,35.3227],[24.301,35.3227],[24.1499,35.3871],[24.1541,35.465],[24.0669,35.507],[24.1569,35.5158],[23.6154,35.5158]]],[[[22.9016,36.3383],[22.9292,36.178],[23.0533,36.1596],[23.0584,36.2165],[23.1039,36.2372],[23.0769,36.2707],[22.9446,36.3894],[22.9016,36.3383]]],[[[21.6031,37.1904],[21.681,37.1904],[21.7435,36.8682],[21.8992,36.8682],[21.9085,37.0615],[22.22,37.0615],[22.3856,37.2549],[22.6228,37.3193],[22.6262,37.3838],[22.7041,37.3838],[22.7144,37.5773],[22.7783,37.5969],[22.9486,37.5773],[23.1756,37.4483],[23.1685,37.3193],[23.278,37.3498],[23.23,37.3749],[23.2627,37.401],[23.3849,37.4134],[23.36,37.5475],[23.3367,37.5355],[23.1686,37.6142],[23.1626,37.6417],[23.1083,37.6417],[23.0373,37.7707],[23.0414,37.8445],[22.9951,37.8821],[23.0151,37.9252],[23.0941,37.911],[23.2508,37.9752],[23.2864,38.0288],[23.3013,38.2869],[23.0627,38.2224],[23.0454,38.1849],[23.1096,38.2101],[23.1489,38.1859],[23.1284,38.1723],[23.2234,38.1592],[23.1755,38.145],[23.2166,38.1033],[23.0686,38.0589],[22.9941,38.0735],[22.9463,37.9462],[22.572,37.8352],[22.5617,37.6417],[21.6832,37.2861],[21.605,37.2293],[21.6031,37.1904]]],[[[23.3122,37.6174],[23.3406,37.6003],[23.3536,37.5821],[23.3442,37.6327],[23.3122,37.6174]]],[[[23.4014,37.3193],[23.4024,37.3193],[23.4023,37.3198],[23.4014,37.3193]]],[[[20.6195,37.8228],[20.7934,37.6685],[20.8481,37.6571],[20.8435,37.7016],[20.9261,37.7284],[20.886,37.814],[20.7525,37.8549],[20.7247,37.8998],[20.6554,37.8998],[20.6195,37.8228]]],[[[20.339,38.2002],[20.3801,38.1518],[20.4253,38.1753],[20.4351,38.2788],[20.5098,38.1797],[20.4688,38.1928],[20.4943,38.1337],[20.7865,38.0933],[20.7887,38.1412],[20.6817,38.2821],[20.6429,38.2534],[20.5991,38.3026],[20.6258,38.3518],[20.5664,38.416],[20.5411,38.416],[20.5298,38.3375],[20.479,38.3095],[20.3999,38.3641],[20.339,38.2002]]],[[[20.6878,38.3367],[20.7194,38.3156],[20.7387,38.3189],[20.6951,38.3434],[20.6878,38.3367]]],[[[22.6001,38.3515],[22.6462,38.3618],[22.6268,38.3715],[22.6465,38.39],[22.6793,38.3684],[22.682,38.416],[22.6036,38.416],[22.6001,38.3515]]],[[[20.2972,39.385],[20.8929,39.0713],[20.9485,39.0698],[20.9538,39.0342],[20.9878,39.0251],[20.9896,39.0618],[21.1467,39.0618],[21.1608,38.9742],[21.1407,38.9402],[21.1774,38.876],[21.1023,38.9108],[21.0852,38.8643],[21.0256,38.898],[21.0274,38.9326],[20.9207,38.9543],[20.8667,38.9264],[20.8599,38.9605],[20.7414,38.8034],[20.8249,38.7802],[20.8599,38.8035],[20.8888,38.7625],[20.9737,38.7389],[21.1933,38.416],[21.3376,38.3989],[21.3533,38.4329],[21.3225,38.4963],[21.3601,38.4677],[21.3775,38.3989],[21.4224,38.3889],[21.7163,38.3579],[21.7625,38.3284],[21.8312,38.3967],[21.8792,38.378],[21.9876,38.4106],[22.1326,38.3727],[22.1892,38.3231],[22.2249,38.3601],[22.2865,38.3472],[22.2902,38.416],[22.4083,38.416],[22.4016,38.4534],[22.473,38.416],[22.6036,38.416],[22.5396,38.6743],[21.9939,38.7389],[22.0078,38.9972],[21.7107,39.3203],[21.3926,39.2557],[21.0944,39.5789],[21.0156,39.5789],[21.009,39.4496],[20.8483,39.385],[20.5365,39.4496],[20.2972,39.385]]],[[[21.4124,38.0933],[21.9567,38.0288],[21.9634,38.1578],[22.1199,38.1578],[22.2662,37.9643],[22.6572,37.9643],[22.6294,38.0855],[22.4328,38.1433],[22.4295,38.0933],[22.3512,38.0933],[22.3547,38.1578],[22.3742,38.1578],[22.3312,38.1789],[22.1982,38.1578],[22.2002,38.1962],[22.1433,38.2491],[21.9559,38.3367],[21.8495,38.3413],[21.7642,38.2958],[21.7333,38.2514],[21.7286,38.1578],[21.4156,38.1578],[21.4124,38.0933]]],[[[13.114,37.5773],[13.6022,37.2505],[14.2779,37.126],[14.6723,36.7393],[15.0498,36.7393],[15.2051,37.1662],[15.1853,37.2023],[15.0592,37.2549],[15.0665,37.6417],[15.3895,38.1578],[15.5432,38.1578],[15.5697,38.227],[15.6516,38.2753],[15.1545,38.1491],[15.1521,38.0288],[14.8346,37.7707],[14.7519,37.5128],[14.9778,37.0615],[14.7442,37.0615],[13.505,37.6417],[13.1934,37.7062],[13.114,37.5773]]],[[[14.6556,40.6792],[14.9711,40.6144],[15.0414,40.2259],[15.1995,40.2259],[15.4319,40.0317],[15.5349,40.0778],[15.6243,40.0778],[15.6575,40.0317],[15.7478,40.0317],[15.7136,39.978],[15.7744,39.8911],[15.7736,39.8424],[15.8989,39.7729],[16.1165,39.0618],[16.2703,38.9326],[16.2652,38.7389],[15.9497,38.6743],[15.9419,38.3515],[15.8198,38.3215],[15.7865,38.278],[15.6328,38.2203],[15.638,38.122],[15.6982,37.9643],[15.9328,37.9643],[16.4919,38.416],[16.5024,38.8034],[17.1383,39.0618],[17.0697,39.385],[16.9162,39.5143],[16.4473,39.6436],[16.4567,39.967],[16.6005,40.0443],[16.6047,40.0845],[16.6769,40.1511],[16.6245,40.2906],[16.777,40.2906],[16.9137,40.4464],[16.868,40.4849],[17.0285,40.5496],[17.3452,40.5496],[17.4175,40.3554],[17.8131,40.3554],[17.9128,40.2553],[17.924,40.1873],[17.9972,40.1204],[17.9996,40.0728],[18.1122,39.9023],[18.3489,39.9023],[18.3565,40.0964],[18.4355,40.0964],[18.3642,40.2906],[17.9812,40.6144],[17.5036,40.5496],[17.5083,40.6792],[17.1936,40.744],[16.8765,40.744],[16.3872,40.2906],[16.3853,40.2259],[16.3062,40.2259],[16.3796,40.0317],[16.1409,39.967],[16.1463,40.1612],[15.5157,40.2259],[15.3607,40.3554],[15.1342,40.8088],[14.6584,40.8088],[14.6556,40.6792]]],[[[-0.5711,39.5143],[-0.539,38.9326],[-0.126,38.5451],[0.0961,38.8034],[-0.1059,38.9365],[-0.3137,39.1265],[-0.3454,39.7083],[-0.2019,39.967],[-0.514,39.9023],[-0.5711,39.5143]]],[[[22.9083,40.513],[22.9592,40.4201],[23.6589,40.2265],[23.7305,40.359],[23.7699,40.3524],[23.8297,40.4201],[23.7594,40.5496],[23.7638,40.6144],[23.6846,40.6144],[23.6935,40.744],[23.535,40.744],[23.5262,40.6144],[22.944,40.6144],[22.9832,40.5527],[22.9083,40.513]]],[[[24.5197,40.6853],[24.5313,40.6356],[24.6397,40.5732],[24.7801,40.6122],[24.7658,40.6697],[24.7864,40.7078],[24.7593,40.7234],[24.7864,40.7351],[24.7317,40.7835],[24.6423,40.8039],[24.5197,40.6853]]],[[[19.3044,40.6531],[19.3354,40.6144],[19.4863,40.6144],[19.4714,40.2906],[19.6295,40.2906],[20.0094,39.967],[19.989,39.6867],[20.0889,39.6731],[20.2463,39.967],[20.5686,40.0964],[20.4236,40.3554],[20.4269,40.4201],[19.8824,40.6144],[19.8157,40.8736],[19.8951,40.8736],[19.9047,41.068],[19.7491,41.1328],[19.762,41.3922],[19.6824,41.3922],[19.7783,41.7167],[19.6319,41.9764],[19.4723,41.9764],[19.3948,41.8595],[19.5916,41.8188],[19.5576,41.6605],[19.613,41.6053],[19.5848,41.6196],[19.5652,41.5851],[19.4715,41.5823],[19.4634,41.5595],[19.5297,41.522],[19.4438,41.3922],[19.5233,41.3922],[19.4695,41.3108],[19.5166,41.2564],[19.4555,41.1485],[19.4839,40.9668],[19.4955,41.0026],[19.5234,40.9206],[19.4938,40.9033],[19.4985,40.8736],[19.3688,40.8022],[19.3605,40.7098],[19.3044,40.6531]]],[[[19.7637,39.7729],[19.8337,39.5789],[19.8754,39.6426],[19.845,39.6527],[19.8416,39.7042],[19.9338,39.7412],[19.947,39.7729],[19.7637,39.7729]]],[[[2.6695,43.0165],[2.7754,42.4312],[2.6982,42.3662],[3.0397,41.8465],[3.1188,42.2183],[3.1768,42.3613],[3.0099,42.5612],[2.9849,43.1467],[3.8509,43.6027],[4.173,43.6027],[4.1778,43.4723],[4.7288,43.4723],[4.6946,43.5791],[4.7424,43.5245],[4.7424,43.4723],[5.0524,43.4723],[5.0093,43.5176],[5.0291,43.5586],[5.1057,43.533],[5.14,43.4858],[5.2228,43.504],[5.1969,43.4454],[5.3869,43.4072],[5.3908,43.2769],[5.6319,43.2769],[5.7962,43.1467],[6.2782,43.1467],[6.5938,43.2758],[6.5936,43.4072],[5.8696,43.4072],[4.7279,43.8634],[3.4455,43.6678],[2.741,43.2118],[2.7497,43.0165],[2.6695,43.0165]]],[[[27.565,36.6749],[27.678,36.6934],[27.7194,36.7563],[27.9491,36.757],[27.8971,36.8123],[27.76,36.7813],[27.6454,36.8065],[27.565,36.6749]]],[[[25.8407,38.5224],[25.9439,38.4534],[25.9507,38.4057],[25.989,38.3793],[25.9644,38.3026],[25.885,38.2794],[25.8898,38.2206],[26.0115,38.1578],[26.0401,38.2002],[26.1121,38.2226],[26.1022,38.2617],[26.1581,38.329],[26.1541,38.4673],[26.1219,38.4875],[26.1636,38.5428],[26.1307,38.5672],[26.1082,38.5428],[26.0159,38.602],[25.8696,38.5831],[25.8407,38.5224]]],[[[25.0447,39.9853],[25.0682,39.9208],[25.047,39.8376],[25.1649,39.8591],[25.1606,39.8376],[25.2043,39.8376],[25.1773,39.845],[25.2251,39.8854],[25.1971,39.8928],[25.2388,39.9195],[25.2798,39.8891],[25.2388,39.8581],[25.3551,39.8376],[25.3416,39.8839],[25.3685,39.899],[25.348,39.9064],[25.4499,39.9884],[25.4377,40.0317],[25.2852,39.9534],[25.2251,40.0089],[25.0447,39.9853]]],[[[25.7052,40.1144],[26.0122,40.1666],[25.9631,40.1571],[25.9719,40.2211],[25.926,40.2428],[25.759,40.2067],[25.7099,40.1758],[25.7052,40.1144]]],[[[26.2568,40.0964],[26.3655,40.1641],[26.3456,40.1998],[26.6016,40.3461],[26.673,40.4249],[26.6047,40.4849],[26.3567,40.3554],[26.3514,40.2906],[26.2723,40.2906],[26.2568,40.0964]]],[[[26.4052,40.1887],[26.4158,40.1953],[26.408,40.1937],[26.4052,40.1887]]],[[[36.5091,41.1328],[37.3551,40.9384],[37.8732,40.6792],[38.8241,40.6792],[39.0019,40.8088],[39.3984,40.8088],[39.6165,40.6792],[40.4089,40.6792],[40.5776,40.744],[40.5981,40.8736],[40.46,41.0032],[40.1428,40.9228],[40.0268,40.9645],[39.7355,40.9384],[39.3577,41.0781],[39.2732,41.0504],[39.1683,41.0797],[38.9573,41.0398],[38.9518,41.0032],[38.2977,40.8736],[38.2217,40.9441],[38.0253,40.9769],[37.8312,40.9384],[37.7706,41.068],[37.619,41.068],[37.5806,41.0368],[37.4768,41.068],[37.2147,41.068],[37.226,41.1475],[37.0651,41.1328],[36.7748,41.3274],[36.6066,41.2625],[36.5271,41.2625],[36.5091,41.1328]]],[[[24.4259,41.0032],[25.0101,40.9766],[25.0391,41.006],[25.1384,41.0101],[25.1699,40.9958],[25.1363,40.9709],[25.8495,40.9384],[26.0822,40.8736],[26.1403,40.6144],[26.6264,40.744],[26.7795,40.6792],[26.8289,40.602],[26.8121,40.5781],[26.8341,40.5099],[26.9215,40.5524],[27.5275,41.068],[27.9814,41.0145],[28.1273,41.074],[28.1688,41.1328],[28.4071,41.1328],[28.5542,41.0484],[28.5278,41.0851],[28.5519,41.0805],[28.6329,41.0032],[29.0268,41.0561],[29.0706,41.1302],[28.9631,41.1328],[28.975,41.2529],[28.3525,41.3922],[28.2756,41.4988],[28.1324,41.5869],[27.8078,41.522],[27.6306,41.3274],[27.0856,41.4571],[26.983,41.1977],[26.4952,41.068],[26.1776,41.068],[26.0295,41.1977],[24.7632,41.2625],[24.4259,41.0032]]],[[[29.0403,41.0579],[29.1156,41.068],[29.1034,40.9447],[29.255,40.8736],[29.3668,41.1977],[29.0732,41.1505],[29.0906,41.1409],[29.0403,41.0579]]],[[[39.6305,43.733],[39.9778,43.4072],[40.2192,43.4072],[40.4055,43.1602],[40.8173,43.1467],[41.1158,43.0165],[41.1733,42.8864],[41.414,42.8864],[41.4369,43.0165],[41.2075,43.0816],[41.15,43.2118],[40.3801,43.4072],[40.322,43.5375],[40.4138,43.6027],[39.6305,43.733]],[[40.0676,43.5413],[40.0728,43.5511],[40.0857,43.5546],[40.0676,43.5413]]],[[[27.1749,42.4312],[27.3288,42.3662],[27.3166,42.2362],[27.6115,41.9764],[27.9307,41.9764],[27.937,42.0413],[27.4727,42.4619],[27.4657,42.4283],[27.4529,42.4801],[27.4802,42.4829],[27.5052,42.5388],[27.5135,42.6262],[27.8466,42.7563],[27.8049,43.1467],[27.8982,43.2769],[28.0607,43.3092],[28.1188,43.3915],[28.1925,43.4078],[28.1592,43.4723],[28.4811,43.4723],[28.6163,43.9938],[28.5356,43.9938],[28.5769,44.3854],[28.7612,44.5223],[28.7742,44.5523],[28.7327,44.5679],[28.7879,44.5865],[28.7578,44.6268],[28.7947,44.6343],[28.7742,44.6008],[28.8362,44.6268],[28.8338,44.6511],[28.784,44.6492],[28.7983,44.7202],[28.8257,44.7332],[28.802,44.9734],[28.6396,44.9734],[28.4634,44.8426],[28.3002,44.0591],[28.018,43.6678],[27.9917,43.4072],[27.657,43.2769],[27.4521,42.8213],[27.1932,42.6262],[27.1749,42.4312]]],[[[39.9529,43.733],[40.0335,43.733],[40.0447,43.7982],[39.964,43.7982],[39.9529,43.733]]],[[[33.4515,44.5259],[33.9256,44.4507],[34.3763,44.7773],[35.1252,44.908],[35.2351,45.1042],[35.1538,45.1042],[35.1826,45.3004],[34.9863,45.3004],[33.9169,44.9734],[33.7796,45.1553],[33.4589,45.1872],[33.6101,45.1042],[33.5877,45.0224],[33.6196,44.9315],[33.6092,44.8717],[33.5596,44.8498],[33.5199,44.7753],[33.5483,44.6987],[33.5163,44.6343],[33.5715,44.6206],[33.4745,44.6097],[33.4515,44.5259]]],[[[29.6148,45.6976],[29.6519,45.789],[29.6382,45.8263],[29.6939,45.7813],[29.6826,45.6968],[29.8353,45.6933],[29.8032,45.7042],[29.8024,45.7375],[29.8877,45.7651],[29.9087,45.7459],[29.9263,45.8138],[29.9429,45.782],[29.9685,45.8389],[30.045,45.8898],[30.2977,45.9554],[30.8766,46.6772],[31.4635,46.6772],[31.5059,46.7204],[31.4407,46.8005],[31.5083,46.7452],[31.5458,46.777],[31.5668,46.9401],[31.0821,47.0058],[31.0655,46.8743],[30.4584,46.6115],[30.2707,46.4145],[30.1888,46.4145],[29.6443,45.9554],[29.6148,45.6976]]],[[[31.5028,46.6772],[31.5329,46.6772],[31.5382,46.7183],[31.5028,46.6772]]],[[[38.3502,47.2032],[39.1969,47.3348],[39.1263,47.4006],[39.1382,47.4665],[39.0794,47.5982],[38.6669,47.5982],[38.3846,47.4006],[38.3502,47.2032]]]]}},{"type":"Feature","properties":{"territoryId":"cliopatria-q148837-11892bffbd","name":"Greek City-States","name_ko":"그리스 도시국가들","color":"#a95ce0","colorFamily":4,"startYear":-336,"endYear":-333,"source_name":"Cliopatria v0.2.0","source_url":"https://github.com/Seshat-Global-History-Databank/cliopatria","license":"CC BY 4.0","attribution":"Seshat Global History Databank, Cliopatria contributors"},"geometry":{"type":"MultiPolygon","coordinates":[[[[22.9016,36.3383],[22.9292,36.178],[23.0533,36.1596],[23.0584,36.2165],[23.1039,36.2372],[23.0769,36.2707],[22.9446,36.3894],[22.9016,36.3383]]],[[[22.3577,36.7033],[22.388,36.7062],[22.3757,36.6749],[22.5118,36.6749],[22.5994,36.8682],[22.8328,36.8682],[23.0391,36.7062],[22.9174,36.9971],[22.8396,36.9971],[22.6194,37.2549],[22.3856,37.2549],[22.3577,36.7033]]],[[[23.0356,36.6926],[23.0463,36.6833],[23.051,36.6866],[23.0484,36.6926],[23.0356,36.6926]]],[[[12.7242,37.6417],[13.192,37.5773],[13.6022,37.2505],[14.2779,37.126],[14.6723,36.7393],[15.0498,36.7393],[15.2051,37.1662],[15.1853,37.2023],[15.0592,37.2549],[15.0665,37.6417],[15.3895,38.1578],[15.5432,38.1578],[15.5697,38.227],[15.6516,38.2753],[15.1545,38.1491],[15.1521,38.0288],[14.8346,37.7707],[14.7519,37.5128],[14.9778,37.0615],[14.7442,37.0615],[12.9603,37.8352],[12.804,37.8352],[12.7242,37.6417]]],[[[14.6556,40.6792],[14.9711,40.6144],[15.0414,40.2259],[15.1995,40.2259],[15.4319,40.0317],[15.5349,40.0778],[15.6243,40.0778],[15.6575,40.0317],[15.7478,40.0317],[15.7136,39.978],[15.7744,39.8911],[15.7736,39.8424],[15.8989,39.7729],[16.1165,39.0618],[16.2703,38.9326],[16.2652,38.7389],[15.9497,38.6743],[15.9419,38.3515],[15.8198,38.3215],[15.7865,38.278],[15.6328,38.2203],[15.638,38.122],[15.6982,37.9643],[15.9328,37.9643],[16.4919,38.416],[16.5024,38.8034],[17.1383,39.0618],[17.0697,39.385],[16.9162,39.5143],[16.4473,39.6436],[16.4567,39.967],[16.6005,40.0443],[16.6047,40.0845],[16.6769,40.1511],[16.6245,40.2906],[16.777,40.2906],[16.9137,40.4464],[16.868,40.4849],[17.0285,40.5496],[17.3452,40.5496],[17.4175,40.3554],[17.8131,40.3554],[17.9128,40.2553],[17.924,40.1873],[17.9972,40.1204],[17.9996,40.0728],[18.1122,39.9023],[18.3489,39.9023],[18.3565,40.0964],[18.4355,40.0964],[18.3642,40.2906],[17.9812,40.6144],[17.5036,40.5496],[17.5083,40.6792],[17.1936,40.744],[16.8765,40.744],[16.3872,40.2906],[16.3853,40.2259],[16.3062,40.2259],[16.3796,40.0317],[16.1409,39.967],[16.1463,40.1612],[15.5157,40.2259],[15.3607,40.3554],[15.1342,40.8088],[14.6584,40.8088],[14.6556,40.6792]]],[[[-0.5711,39.5143],[-0.539,38.9326],[-0.126,38.5451],[0.0961,38.8034],[-0.1059,38.9365],[-0.3137,39.1265],[-0.3454,39.7083],[-0.2019,39.967],[-0.514,39.9023],[-0.5711,39.5143]]],[[[20.2972,39.385],[20.781,39.0929],[20.8342,39.1085],[20.8257,39.0698],[20.8494,39.0618],[21.1467,39.0618],[21.4679,39.1911],[21.2453,39.4496],[21.1665,39.4496],[21.0156,39.5789],[21.009,39.4496],[20.8483,39.385],[20.5365,39.4496],[20.2972,39.385]]],[[[19.3044,40.6531],[19.3354,40.6144],[19.4863,40.6144],[19.4714,40.2906],[19.6295,40.2906],[20.0094,39.967],[19.989,39.6867],[20.0445,39.6833],[20.24,39.8376],[20.2463,39.967],[20.5686,40.0964],[20.4994,40.2906],[20.5027,40.3554],[20.1895,40.4201],[19.8063,40.6792],[19.8285,41.1328],[19.7491,41.1328],[19.6889,41.522],[19.7685,41.522],[19.7783,41.7167],[19.6319,41.9764],[19.4723,41.9764],[19.3948,41.8595],[19.5916,41.8188],[19.5576,41.6605],[19.613,41.6053],[19.5848,41.6196],[19.5652,41.5851],[19.4715,41.5823],[19.4634,41.5595],[19.5297,41.522],[19.4438,41.3922],[19.5233,41.3922],[19.4695,41.3108],[19.5166,41.2564],[19.4555,41.1485],[19.4839,40.9668],[19.4955,41.0026],[19.5234,40.9206],[19.4938,40.9033],[19.4985,40.8736],[19.3688,40.8022],[19.3605,40.7098],[19.3044,40.6531]]],[[[19.9214,39.7729],[19.9368,39.7455],[19.9463,39.7592],[19.947,39.7729],[19.9214,39.7729]]],[[[2.6695,43.0165],[2.7754,42.4312],[2.6982,42.3662],[3.0397,41.8465],[3.1188,42.2183],[3.1768,42.3613],[3.0099,42.5612],[2.9849,43.1467],[3.8509,43.6027],[4.173,43.6027],[4.1778,43.4723],[4.7288,43.4723],[4.6946,43.5791],[4.7424,43.5245],[4.7424,43.4723],[5.0524,43.4723],[5.0093,43.5176],[5.0291,43.5586],[5.1057,43.533],[5.14,43.4858],[5.2228,43.504],[5.1969,43.4454],[5.3869,43.4072],[5.3908,43.2769],[5.6319,43.2769],[5.7962,43.1467],[6.2782,43.1467],[6.5938,43.2758],[6.5936,43.4072],[5.8696,43.4072],[4.7279,43.8634],[3.4455,43.6678],[2.741,43.2118],[2.7497,43.0165],[2.6695,43.0165]]],[[[23.6154,35.5158],[23.6792,35.2584],[24.4484,35.194],[24.7574,35.194],[24.8237,35.001],[26.1401,35.0653],[26.2253,35.194],[25.8469,35.1493],[25.7953,35.1151],[25.6806,35.1297],[25.6923,35.3227],[25.4536,35.2941],[25.3991,35.3227],[24.301,35.3227],[24.1499,35.3871],[24.1541,35.465],[24.0669,35.507],[24.1569,35.5158],[23.6154,35.5158]]],[[[36.5091,41.1328],[37.3551,40.9384],[37.8732,40.6792],[38.8241,40.6792],[39.0019,40.8088],[39.3984,40.8088],[39.6165,40.6792],[40.4089,40.6792],[40.5776,40.744],[40.5981,40.8736],[40.46,41.0032],[40.3679,41.0019],[40.1428,40.9228],[40.0225,40.9672],[39.7355,40.9384],[39.3577,41.0781],[39.2732,41.0504],[39.1683,41.0797],[38.9573,41.0398],[38.9518,41.0032],[38.2977,40.8736],[38.2217,40.9441],[38.0253,40.9769],[37.8312,40.9384],[37.7706,41.068],[37.619,41.068],[37.5806,41.0368],[37.4768,41.068],[37.2147,41.068],[37.226,41.1475],[37.0651,41.1328],[36.7748,41.3274],[36.6066,41.2625],[36.5271,41.2625],[36.5091,41.1328]]],[[[39.6305,43.733],[39.9778,43.4072],[40.2192,43.4072],[40.4055,43.1602],[40.8173,43.1467],[41.1158,43.0165],[41.1733,42.8864],[41.414,42.8864],[41.4369,43.0165],[41.2075,43.0816],[41.15,43.2118],[40.3801,43.4072],[40.322,43.5375],[40.4138,43.6027],[39.6305,43.733]],[[40.0676,43.5413],[40.0728,43.5511],[40.0857,43.5546],[40.0676,43.5413]]],[[[39.9529,43.733],[40.0335,43.733],[40.0447,43.7982],[39.964,43.7982],[39.9529,43.733]]],[[[33.4515,44.5259],[33.9256,44.4507],[34.3763,44.7773],[35.1252,44.908],[35.2351,45.1042],[35.1538,45.1042],[35.1826,45.3004],[34.9863,45.3004],[33.9169,44.9734],[33.7796,45.1553],[33.4589,45.1872],[33.6101,45.1042],[33.5877,45.0224],[33.6196,44.9315],[33.6092,44.8717],[33.5596,44.8498],[33.5199,44.7753],[33.5483,44.6987],[33.5163,44.6343],[33.5715,44.6206],[33.4745,44.6097],[33.4515,44.5259]]],[[[29.6148,45.6976],[29.6519,45.789],[29.6382,45.8263],[29.6939,45.7813],[29.6826,45.6968],[29.8353,45.6933],[29.8032,45.7042],[29.8024,45.7375],[29.8877,45.7651],[29.9087,45.7459],[29.9263,45.8138],[29.9429,45.782],[29.9685,45.8389],[30.045,45.8898],[30.2977,45.9554],[30.8766,46.6772],[31.4635,46.6772],[31.5059,46.7204],[31.4407,46.8005],[31.5083,46.7452],[31.5458,46.777],[31.5668,46.9401],[31.0821,47.0058],[31.0655,46.8743],[30.4584,46.6115],[30.2707,46.4145],[30.1888,46.4145],[29.6443,45.9554],[29.6148,45.6976]]],[[[31.5028,46.6772],[31.5329,46.6772],[31.5382,46.7183],[31.5028,46.6772]]],[[[38.3502,47.2032],[39.1969,47.3348],[39.1263,47.4006],[39.1382,47.4665],[39.0794,47.5982],[38.6669,47.5982],[38.3846,47.4006],[38.3502,47.2032]]]]}},{"type":"Feature","properties":{"territoryId":"cliopatria-q148837-11892bffbd","name":"Greek City-States","name_ko":"그리스 도시국가들","color":"#a95ce0","colorFamily":4,"startYear":-332,"endYear":-331,"source_name":"Cliopatria v0.2.0","source_url":"https://github.com/Seshat-Global-History-Databank/cliopatria","license":"CC BY 4.0","attribution":"Seshat Global History Databank, Cliopatria contributors"},"geometry":{"type":"MultiPolygon","coordinates":[[[[23.6154,35.5158],[23.6792,35.2584],[24.4484,35.194],[24.7574,35.194],[24.8237,35.001],[26.1401,35.0653],[26.2253,35.194],[25.8469,35.1493],[25.7953,35.1151],[25.6806,35.1297],[25.6923,35.3227],[25.4536,35.2941],[25.3991,35.3227],[24.301,35.3227],[24.1499,35.3871],[24.1541,35.465],[24.0669,35.507],[24.1569,35.5158],[23.6154,35.5158]]],[[[22.9016,36.3383],[22.9292,36.178],[23.0533,36.1596],[23.0584,36.2165],[23.1039,36.2372],[23.0769,36.2707],[22.9446,36.3894],[22.9016,36.3383]]],[[[22.3577,36.7033],[22.388,36.7062],[22.3757,36.6749],[22.5118,36.6749],[22.5994,36.8682],[22.8328,36.8682],[23.0391,36.7062],[22.9174,36.9971],[22.8396,36.9971],[22.6194,37.2549],[22.3856,37.2549],[22.3577,36.7033]]],[[[23.0356,36.6926],[23.0463,36.6833],[23.051,36.6866],[23.0484,36.6926],[23.0356,36.6926]]],[[[12.7242,37.6417],[13.192,37.5773],[13.6022,37.2505],[14.2779,37.126],[14.6723,36.7393],[15.0498,36.7393],[15.2051,37.1662],[15.1853,37.2023],[15.0592,37.2549],[15.0665,37.6417],[15.3895,38.1578],[15.5432,38.1578],[15.5697,38.227],[15.6516,38.2753],[15.1545,38.1491],[15.1521,38.0288],[14.8346,37.7707],[14.7519,37.5128],[14.9778,37.0615],[14.7442,37.0615],[12.9603,37.8352],[12.804,37.8352],[12.7242,37.6417]]],[[[14.6556,40.6792],[14.9711,40.6144],[15.0414,40.2259],[15.1995,40.2259],[15.4319,40.0317],[15.5349,40.0778],[15.6243,40.0778],[15.6575,40.0317],[15.7478,40.0317],[15.7136,39.978],[15.7744,39.8911],[15.7736,39.8424],[15.8989,39.7729],[16.1165,39.0618],[16.2703,38.9326],[16.2652,38.7389],[15.9497,38.6743],[15.9419,38.3515],[15.8198,38.3215],[15.7865,38.278],[15.6328,38.2203],[15.638,38.122],[15.6982,37.9643],[15.9328,37.9643],[16.4919,38.416],[16.5024,38.8034],[17.1383,39.0618],[17.0697,39.385],[16.9162,39.5143],[16.4473,39.6436],[16.4567,39.967],[16.6005,40.0443],[16.6047,40.0845],[16.6769,40.1511],[16.6245,40.2906],[16.777,40.2906],[16.9137,40.4464],[16.868,40.4849],[17.0285,40.5496],[17.3452,40.5496],[17.4175,40.3554],[17.8131,40.3554],[17.9128,40.2553],[17.924,40.1873],[17.9972,40.1204],[17.9996,40.0728],[18.1122,39.9023],[18.3489,39.9023],[18.3565,40.0964],[18.4355,40.0964],[18.3642,40.2906],[17.9812,40.6144],[17.5036,40.5496],[17.5083,40.6792],[17.1936,40.744],[16.8765,40.744],[16.3872,40.2906],[16.3853,40.2259],[16.3062,40.2259],[16.3796,40.0317],[16.1409,39.967],[16.1463,40.1612],[15.5157,40.2259],[15.3607,40.3554],[15.1342,40.8088],[14.6584,40.8088],[14.6556,40.6792]]],[[[-0.5711,39.5143],[-0.539,38.9326],[-0.126,38.5451],[0.0961,38.8034],[-0.1059,38.9365],[-0.3137,39.1265],[-0.3454,39.7083],[-0.2019,39.967],[-0.514,39.9023],[-0.5711,39.5143]]],[[[20.2972,39.385],[20.781,39.0929],[20.8342,39.1085],[20.8257,39.0698],[20.8494,39.0618],[21.1467,39.0618],[21.4679,39.1911],[21.2453,39.4496],[21.1665,39.4496],[21.0156,39.5789],[21.009,39.4496],[20.8483,39.385],[20.5365,39.4496],[20.2972,39.385]]],[[[19.3044,40.6531],[19.3354,40.6144],[19.4863,40.6144],[19.4714,40.2906],[19.6295,40.2906],[20.0094,39.967],[19.989,39.6867],[20.0445,39.6833],[20.24,39.8376],[20.2463,39.967],[20.5686,40.0964],[20.4994,40.2906],[20.5027,40.3554],[20.1895,40.4201],[19.8063,40.6792],[19.8285,41.1328],[19.7491,41.1328],[19.6889,41.522],[19.7685,41.522],[19.7783,41.7167],[19.6319,41.9764],[19.4723,41.9764],[19.3948,41.8595],[19.5916,41.8188],[19.5576,41.6605],[19.613,41.6053],[19.5848,41.6196],[19.5652,41.5851],[19.4715,41.5823],[19.4634,41.5595],[19.5297,41.522],[19.4438,41.3922],[19.5233,41.3922],[19.4695,41.3108],[19.5166,41.2564],[19.4555,41.1485],[19.4839,40.9668],[19.4955,41.0026],[19.5234,40.9206],[19.4938,40.9033],[19.4985,40.8736],[19.3688,40.8022],[19.3605,40.7098],[19.3044,40.6531]]],[[[19.9214,39.7729],[19.9368,39.7455],[19.9463,39.7592],[19.947,39.7729],[19.9214,39.7729]]],[[[29.0426,41.1328],[29.0582,41.1024],[29.0706,41.1302],[29.0635,41.1383],[29.0426,41.1328]]],[[[29.0666,41.0861],[29.1573,40.9095],[29.1897,40.8974],[29.3668,41.1977],[29.0849,41.144],[29.0666,41.0861]]],[[[2.6695,43.0165],[2.7754,42.4312],[2.6982,42.3662],[3.0397,41.8465],[3.1188,42.2183],[3.1768,42.3613],[3.0099,42.5612],[2.9849,43.1467],[3.8509,43.6027],[4.173,43.6027],[4.1778,43.4723],[4.7288,43.4723],[4.6946,43.5791],[4.7424,43.5245],[4.7424,43.4723],[5.0524,43.4723],[5.0093,43.5176],[5.0291,43.5586],[5.1057,43.533],[5.14,43.4858],[5.2228,43.504],[5.1969,43.4454],[5.3869,43.4072],[5.3908,43.2769],[5.6319,43.2769],[5.7962,43.1467],[6.2782,43.1467],[6.5938,43.2758],[6.5936,43.4072],[5.8696,43.4072],[4.7279,43.8634],[3.4455,43.6678],[2.741,43.2118],[2.7497,43.0165],[2.6695,43.0165]]],[[[36.4572,41.2425],[36.5091,41.1328],[36.8971,41.068],[36.888,41.0032],[37.3551,40.9384],[37.8732,40.6792],[38.8241,40.6792],[39.0019,40.8088],[39.3984,40.8088],[39.6165,40.6792],[40.4089,40.6792],[40.5776,40.744],[40.5981,40.8736],[40.46,41.0032],[40.3679,41.0019],[40.1428,40.9228],[40.0225,40.9672],[39.7355,40.9384],[39.3577,41.0781],[39.2732,41.0504],[39.1683,41.0797],[38.9573,41.0398],[38.9518,41.0032],[38.2977,40.8736],[38.2217,40.9441],[38.0253,40.9769],[37.8312,40.9384],[37.7706,41.068],[37.619,41.068],[37.5806,41.0368],[37.4768,41.068],[37.2147,41.068],[37.226,41.1475],[37.0651,41.1328],[36.7748,41.3274],[36.4572,41.2425]]],[[[31.4084,41.242],[31.5122,41.1977],[31.5917,41.1977],[31.6933,41.3922],[31.4146,41.2836],[31.4084,41.242]]],[[[34.8087,41.9673],[35.015,41.8465],[35.0063,41.7816],[35.086,41.7816],[35.119,42.0252],[34.8087,41.9673]]],[[[39.6305,43.733],[39.9778,43.4072],[40.2192,43.4072],[40.4055,43.1602],[40.8173,43.1467],[41.1158,43.0165],[41.1733,42.8864],[41.414,42.8864],[41.4369,43.0165],[41.2075,43.0816],[41.15,43.2118],[40.3801,43.4072],[40.322,43.5375],[40.4138,43.6027],[39.6305,43.733]],[[40.0676,43.5413],[40.0728,43.5511],[40.0857,43.5546],[40.0676,43.5413]]],[[[39.9529,43.733],[40.0335,43.733],[40.0447,43.7982],[39.964,43.7982],[39.9529,43.733]]],[[[33.4515,44.5259],[33.9256,44.4507],[34.3763,44.7773],[35.1252,44.908],[35.2351,45.1042],[35.1538,45.1042],[35.1826,45.3004],[34.9863,45.3004],[33.9169,44.9734],[33.7796,45.1553],[33.4589,45.1872],[33.6101,45.1042],[33.5877,45.0224],[33.6196,44.9315],[33.6092,44.8717],[33.5596,44.8498],[33.5199,44.7753],[33.5483,44.6987],[33.5163,44.6343],[33.5715,44.6206],[33.4745,44.6097],[33.4515,44.5259]]],[[[29.6148,45.6976],[29.6519,45.789],[29.6382,45.8263],[29.6939,45.7813],[29.6826,45.6968],[29.8353,45.6933],[29.8032,45.7042],[29.8024,45.7375],[29.8877,45.7651],[29.9087,45.7459],[29.9263,45.8138],[29.9429,45.782],[29.9685,45.8389],[30.045,45.8898],[30.2977,45.9554],[30.8766,46.6772],[31.4635,46.6772],[31.5059,46.7204],[31.4407,46.8005],[31.5083,46.7452],[31.5458,46.777],[31.5668,46.9401],[31.0821,47.0058],[31.0655,46.8743],[30.4584,46.6115],[30.2707,46.4145],[30.1888,46.4145],[29.6443,45.9554],[29.6148,45.6976]]],[[[31.5028,46.6772],[31.5329,46.6772],[31.5382,46.7183],[31.5028,46.6772]]],[[[38.3502,47.2032],[39.1969,47.3348],[39.1263,47.4006],[39.1382,47.4665],[39.0794,47.5982],[38.6669,47.5982],[38.3846,47.4006],[38.3502,47.2032]]]]}},{"type":"Feature","properties":{"territoryId":"cliopatria-q148837-11892bffbd","name":"Greek City-States","name_ko":"그리스 도시국가들","color":"#a95ce0","colorFamily":4,"startYear":-330,"endYear":-326,"source_name":"Cliopatria v0.2.0","source_url":"https://github.com/Seshat-Global-History-Databank/cliopatria","license":"CC BY 4.0","attribution":"Seshat Global History Databank, Cliopatria contributors"},"geometry":{"type":"MultiPolygon","coordinates":[[[[23.6154,35.5158],[23.6792,35.2584],[24.4484,35.194],[24.7574,35.194],[24.8237,35.001],[26.1401,35.0653],[26.2253,35.194],[25.8469,35.1493],[25.7953,35.1151],[25.6806,35.1297],[25.6923,35.3227],[25.4536,35.2941],[25.3991,35.3227],[24.301,35.3227],[24.1499,35.3871],[24.1541,35.465],[24.0669,35.507],[24.1569,35.5158],[23.6154,35.5158]]],[[[22.9016,36.3383],[22.9292,36.178],[23.0533,36.1596],[23.0584,36.2165],[23.1039,36.2372],[23.0769,36.2707],[22.9446,36.3894],[22.9016,36.3383]]],[[[22.3577,36.7033],[22.388,36.7062],[22.3757,36.6749],[22.5118,36.6749],[22.5994,36.8682],[22.8328,36.8682],[23.0391,36.7062],[22.9174,36.9971],[22.8396,36.9971],[22.6194,37.2549],[22.3856,37.2549],[22.3577,36.7033]]],[[[23.0356,36.6926],[23.0463,36.6833],[23.051,36.6866],[23.0484,36.6926],[23.0356,36.6926]]],[[[12.7242,37.6417],[13.192,37.5773],[13.6022,37.2505],[14.2779,37.126],[14.6723,36.7393],[15.0498,36.7393],[15.2051,37.1662],[15.1853,37.2023],[15.0592,37.2549],[15.0665,37.6417],[15.3895,38.1578],[15.5432,38.1578],[15.5697,38.227],[15.6516,38.2753],[15.1545,38.1491],[15.1521,38.0288],[14.8346,37.7707],[14.7519,37.5128],[14.9778,37.0615],[14.7442,37.0615],[12.9603,37.8352],[12.804,37.8352],[12.7242,37.6417]]],[[[14.6556,40.6792],[14.9711,40.6144],[15.0414,40.2259],[15.1995,40.2259],[15.4319,40.0317],[15.5349,40.0778],[15.6243,40.0778],[15.6575,40.0317],[15.7478,40.0317],[15.7136,39.978],[15.7744,39.8911],[15.7736,39.8424],[15.8989,39.7729],[16.1165,39.0618],[16.2703,38.9326],[16.2652,38.7389],[15.9497,38.6743],[15.9419,38.3515],[15.8198,38.3215],[15.7865,38.278],[15.6328,38.2203],[15.638,38.122],[15.6982,37.9643],[15.9328,37.9643],[16.4919,38.416],[16.5024,38.8034],[17.1383,39.0618],[17.0697,39.385],[16.9162,39.5143],[16.4473,39.6436],[16.4567,39.967],[16.6005,40.0443],[16.6047,40.0845],[16.6769,40.1511],[16.6245,40.2906],[16.777,40.2906],[16.9137,40.4464],[16.868,40.4849],[17.0285,40.5496],[17.3452,40.5496],[17.4175,40.3554],[17.8131,40.3554],[17.9128,40.2553],[17.924,40.1873],[17.9972,40.1204],[17.9996,40.0728],[18.1122,39.9023],[18.3489,39.9023],[18.3565,40.0964],[18.4355,40.0964],[18.3642,40.2906],[17.9812,40.6144],[17.5036,40.5496],[17.5083,40.6792],[17.1936,40.744],[16.8765,40.744],[16.3872,40.2906],[16.3853,40.2259],[16.3062,40.2259],[16.3796,40.0317],[16.1409,39.967],[16.1463,40.1612],[15.5157,40.2259],[15.3607,40.3554],[15.1342,40.8088],[14.6584,40.8088],[14.6556,40.6792]]],[[[-0.5711,39.5143],[-0.539,38.9326],[-0.126,38.5451],[0.0961,38.8034],[-0.1059,38.9365],[-0.3137,39.1265],[-0.3454,39.7083],[-0.2019,39.967],[-0.514,39.9023],[-0.5711,39.5143]]],[[[20.9896,39.0618],[21.3859,39.1265],[21.3892,39.1911],[21.4679,39.1911],[21.4713,39.2557],[21.0944,39.5789],[21.0156,39.5789],[20.9896,39.0618]]],[[[19.3044,40.6531],[19.3354,40.6144],[19.4863,40.6144],[19.4714,40.2906],[19.6295,40.2906],[20.0094,39.967],[19.989,39.6867],[20.0445,39.6833],[20.24,39.8376],[20.2463,39.967],[20.5686,40.0964],[20.4994,40.2906],[20.5027,40.3554],[20.1895,40.4201],[19.8063,40.6792],[19.8285,41.1328],[19.7491,41.1328],[19.6889,41.522],[19.7685,41.522],[19.7783,41.7167],[19.6319,41.9764],[19.4723,41.9764],[19.3948,41.8595],[19.5916,41.8188],[19.5576,41.6605],[19.613,41.6053],[19.5848,41.6196],[19.5652,41.5851],[19.4715,41.5823],[19.4634,41.5595],[19.5297,41.522],[19.4438,41.3922],[19.5233,41.3922],[19.4695,41.3108],[19.5166,41.2564],[19.4555,41.1485],[19.4839,40.9668],[19.4955,41.0026],[19.5234,40.9206],[19.4938,40.9033],[19.4985,40.8736],[19.3688,40.8022],[19.3605,40.7098],[19.3044,40.6531]]],[[[19.9214,39.7729],[19.9368,39.7455],[19.9463,39.7592],[19.947,39.7729],[19.9214,39.7729]]],[[[29.0426,41.1328],[29.0582,41.1024],[29.0706,41.1302],[29.0635,41.1383],[29.0426,41.1328]]],[[[29.0666,41.0861],[29.1573,40.9095],[29.1897,40.8974],[29.3668,41.1977],[29.0849,41.144],[29.0666,41.0861]]],[[[2.6695,43.0165],[2.7754,42.4312],[2.6982,42.3662],[3.0397,41.8465],[3.1188,42.2183],[3.1768,42.3613],[3.0099,42.5612],[2.9849,43.1467],[3.8509,43.6027],[4.173,43.6027],[4.1778,43.4723],[4.7288,43.4723],[4.6946,43.5791],[4.7424,43.5245],[4.7424,43.4723],[5.0524,43.4723],[5.0093,43.5176],[5.0291,43.5586],[5.1057,43.533],[5.14,43.4858],[5.2228,43.504],[5.1969,43.4454],[5.3869,43.4072],[5.3908,43.2769],[5.6319,43.2769],[5.7962,43.1467],[6.2782,43.1467],[6.5938,43.2758],[6.5936,43.4072],[5.8696,43.4072],[4.7279,43.8634],[3.4455,43.6678],[2.741,43.2118],[2.7497,43.0165],[2.6695,43.0165]]],[[[32.2717,35.0728],[32.3294,34.8864],[32.459,34.7219],[32.7099,34.6458],[32.8343,34.671],[32.9136,34.6567],[32.9425,34.5794],[33.0303,34.5685],[33.0156,34.6344],[33.0864,34.6948],[33.2601,34.7005],[33.3992,34.7453],[33.4002,34.7734],[33.4387,34.7628],[33.5917,34.8203],[33.6541,34.9447],[33.7015,34.9729],[33.7809,34.9763],[33.7592,34.9887],[33.828,34.9584],[34.0685,34.9979],[34.022,35.057],[33.9431,35.0653],[34.0123,35.0638],[33.8999,35.1645],[33.9121,35.26],[33.9517,35.3115],[34.0589,35.3241],[34.1377,35.4151],[34.5346,35.6332],[34.5384,35.671],[34.1817,35.5542],[34.0356,35.4714],[33.6603,35.3593],[33.4275,35.3289],[32.9231,35.3871],[32.9294,35.233],[32.8652,35.157],[32.6897,35.1839],[32.5141,35.1297],[32.4138,35.043],[32.3534,35.0479],[32.2866,35.0972],[32.2717,35.0728]],[[33.7592,34.9887],[33.7911,34.9824],[33.7874,34.98],[33.7592,34.9887]],[[32.712,35.1731],[32.7315,35.1432],[32.7127,35.1634],[32.712,35.1731]],[[33.4666,35.0051],[33.4675,35.0126],[33.4768,35.0027],[33.4666,35.0051]],[[33.6195,35.0168],[33.7115,34.9856],[33.7029,34.9879],[33.6195,35.0168]],[[33.6794,35.0349],[33.7022,35.0223],[33.6794,35.0339],[33.6794,35.0349]],[[33.6966,35.009],[33.7022,35.0223],[33.7002,35.0067],[33.6966,35.009]],[[33.8412,35.0511],[33.8801,35.0731],[33.8551,35.0534],[33.8412,35.0511]]],[[[36.4572,41.2425],[36.5091,41.1328],[36.8971,41.068],[36.879,40.9384],[37.1262,41.0032],[37.8825,40.744],[37.8732,40.6792],[38.8241,40.6792],[39.0019,40.8088],[39.3984,40.8088],[39.6165,40.6792],[40.4089,40.6792],[40.5776,40.744],[40.5981,40.8736],[40.46,41.0032],[40.3679,41.0019],[40.1428,40.9228],[40.0225,40.9672],[39.7355,40.9384],[39.3577,41.0781],[39.2732,41.0504],[39.1683,41.0797],[38.9573,41.0398],[38.9518,41.0032],[38.2977,40.8736],[38.2217,40.9441],[38.0253,40.9769],[37.8312,40.9384],[37.7706,41.068],[37.619,41.068],[37.5806,41.0368],[37.4768,41.068],[37.2147,41.068],[37.226,41.1475],[37.0651,41.1328],[36.7748,41.3274],[36.4572,41.2425]]],[[[31.4084,41.242],[31.5122,41.1977],[31.5917,41.1977],[31.6933,41.3922],[31.4146,41.2836],[31.4084,41.242]]],[[[34.8087,41.9673],[35.015,41.8465],[35.0063,41.7816],[35.086,41.7816],[35.119,42.0252],[34.8087,41.9673]]],[[[39.6305,43.733],[39.9778,43.4072],[40.2192,43.4072],[40.4055,43.1602],[40.8173,43.1467],[41.1158,43.0165],[41.1733,42.8864],[41.414,42.8864],[41.4369,43.0165],[41.2075,43.0816],[41.15,43.2118],[40.3801,43.4072],[40.322,43.5375],[40.4138,43.6027],[39.6305,43.733]],[[40.0676,43.5413],[40.0728,43.5511],[40.0857,43.5546],[40.0676,43.5413]]],[[[39.9529,43.733],[40.0335,43.733],[40.0447,43.7982],[39.964,43.7982],[39.9529,43.733]]],[[[33.4515,44.5259],[33.9256,44.4507],[34.3763,44.7773],[35.1252,44.908],[35.2351,45.1042],[35.1538,45.1042],[35.1826,45.3004],[34.9863,45.3004],[33.9169,44.9734],[33.7796,45.1553],[33.4589,45.1872],[33.6101,45.1042],[33.5877,45.0224],[33.6196,44.9315],[33.6092,44.8717],[33.5596,44.8498],[33.5199,44.7753],[33.5483,44.6987],[33.5163,44.6343],[33.5715,44.6206],[33.4745,44.6097],[33.4515,44.5259]]],[[[29.6148,45.6976],[29.6519,45.789],[29.6382,45.8263],[29.6939,45.7813],[29.6826,45.6968],[29.8353,45.6933],[29.8032,45.7042],[29.8024,45.7375],[29.8877,45.7651],[29.9087,45.7459],[29.9263,45.8138],[29.9429,45.782],[29.9685,45.8389],[30.045,45.8898],[30.2977,45.9554],[30.8766,46.6772],[31.4635,46.6772],[31.5059,46.7204],[31.4407,46.8005],[31.5083,46.7452],[31.5458,46.777],[31.5668,46.9401],[31.0821,47.0058],[31.0655,46.8743],[30.4584,46.6115],[30.2707,46.4145],[30.1888,46.4145],[29.6443,45.9554],[29.6148,45.6976]]],[[[31.5028,46.6772],[31.5329,46.6772],[31.5382,46.7183],[31.5028,46.6772]]],[[[38.3502,47.2032],[39.1969,47.3348],[39.1263,47.4006],[39.1382,47.4665],[39.0794,47.5982],[38.6669,47.5982],[38.3846,47.4006],[38.3502,47.2032]]]]}},{"type":"Feature","properties":{"territoryId":"cliopatria-q148837-11892bffbd","name":"Greek City-States","name_ko":"그리스 도시국가들","color":"#a95ce0","colorFamily":4,"startYear":-325,"endYear":-323,"source_name":"Cliopatria v0.2.0","source_url":"https://github.com/Seshat-Global-History-Databank/cliopatria","license":"CC BY 4.0","attribution":"Seshat Global History Databank, Cliopatria contributors"},"geometry":{"type":"MultiPolygon","coordinates":[[[[23.6154,35.5158],[23.6792,35.2584],[24.4484,35.194],[24.7574,35.194],[24.8237,35.001],[26.1401,35.0653],[26.2253,35.194],[25.8469,35.1493],[25.7953,35.1151],[25.6806,35.1297],[25.6923,35.3227],[25.4536,35.2941],[25.3991,35.3227],[24.301,35.3227],[24.1499,35.3871],[24.1541,35.465],[24.0669,35.507],[24.1569,35.5158],[23.6154,35.5158]]],[[[22.9016,36.3383],[22.9292,36.178],[23.0533,36.1596],[23.0584,36.2165],[23.1039,36.2372],[23.0769,36.2707],[22.9446,36.3894],[22.9016,36.3383]]],[[[22.3577,36.7033],[22.388,36.7062],[22.3757,36.6749],[22.5118,36.6749],[22.5994,36.8682],[22.8328,36.8682],[23.0391,36.7062],[22.9174,36.9971],[22.8396,36.9971],[22.6194,37.2549],[22.3856,37.2549],[22.3577,36.7033]]],[[[23.0356,36.6926],[23.0463,36.6833],[23.051,36.6866],[23.0484,36.6926],[23.0356,36.6926]]],[[[12.7242,37.6417],[13.192,37.5773],[13.6022,37.2505],[14.2779,37.126],[14.6723,36.7393],[15.0498,36.7393],[15.2051,37.1662],[15.1853,37.2023],[15.0592,37.2549],[15.0665,37.6417],[15.3895,38.1578],[15.5432,38.1578],[15.5697,38.227],[15.6516,38.2753],[15.1545,38.1491],[15.1521,38.0288],[14.8346,37.7707],[14.7519,37.5128],[14.9778,37.0615],[14.7442,37.0615],[12.9603,37.8352],[12.804,37.8352],[12.7242,37.6417]]],[[[14.6556,40.6792],[14.9711,40.6144],[15.0414,40.2259],[15.1995,40.2259],[15.4319,40.0317],[15.5349,40.0778],[15.6243,40.0778],[15.6575,40.0317],[15.7478,40.0317],[15.7136,39.978],[15.7744,39.8911],[15.7736,39.8424],[15.8989,39.7729],[16.1165,39.0618],[16.2703,38.9326],[16.2652,38.7389],[15.9497,38.6743],[15.9419,38.3515],[15.8198,38.3215],[15.7865,38.278],[15.6328,38.2203],[15.638,38.122],[15.6982,37.9643],[15.9328,37.9643],[16.4919,38.416],[16.5024,38.8034],[17.1383,39.0618],[17.0697,39.385],[16.9162,39.5143],[16.4473,39.6436],[16.4567,39.967],[16.6005,40.0443],[16.6047,40.0845],[16.6769,40.1511],[16.6245,40.2906],[16.777,40.2906],[16.9137,40.4464],[16.868,40.4849],[17.0285,40.5496],[17.3452,40.5496],[17.4175,40.3554],[17.8131,40.3554],[17.9128,40.2553],[17.924,40.1873],[17.9972,40.1204],[17.9996,40.0728],[18.1122,39.9023],[18.3489,39.9023],[18.3565,40.0964],[18.4355,40.0964],[18.3642,40.2906],[17.9812,40.6144],[17.5036,40.5496],[17.5083,40.6792],[17.1936,40.744],[16.8765,40.744],[16.3872,40.2906],[16.3853,40.2259],[16.3062,40.2259],[16.3796,40.0317],[16.1409,39.967],[16.1463,40.1612],[15.5157,40.2259],[15.3607,40.3554],[15.1342,40.8088],[14.6584,40.8088],[14.6556,40.6792]]],[[[-0.5711,39.5143],[-0.539,38.9326],[-0.126,38.5451],[0.0961,38.8034],[-0.1059,38.9365],[-0.3137,39.1265],[-0.3454,39.7083],[-0.2019,39.967],[-0.514,39.9023],[-0.5711,39.5143]]],[[[29.0426,41.1328],[29.0582,41.1024],[29.0706,41.1302],[29.0635,41.1383],[29.0426,41.1328]]],[[[29.0666,41.0861],[29.1573,40.9095],[29.1897,40.8974],[29.3668,41.1977],[29.0849,41.144],[29.0666,41.0861]]],[[[19.3639,40.7481],[19.8126,40.8088],[19.8285,41.1328],[19.6824,41.3922],[19.7783,41.7167],[19.6319,41.9764],[19.3894,41.9114],[19.4439,41.8652],[19.5916,41.8188],[19.5576,41.6605],[19.613,41.6053],[19.5848,41.6196],[19.5652,41.5851],[19.4636,41.5831],[19.5142,41.53],[19.4766,41.4595],[19.5166,41.2564],[19.5108,41.1328],[19.4462,41.1328],[19.4488,41.0655],[19.4782,40.9521],[19.4955,41.0026],[19.5234,40.9206],[19.3639,40.7481]]],[[[2.6695,43.0165],[2.7754,42.4312],[2.6982,42.3662],[3.0397,41.8465],[3.1188,42.2183],[3.1768,42.3613],[3.0099,42.5612],[2.9849,43.1467],[3.8509,43.6027],[4.173,43.6027],[4.1778,43.4723],[4.7288,43.4723],[4.6946,43.5791],[4.7424,43.5245],[4.7424,43.4723],[5.0524,43.4723],[5.0093,43.5176],[5.0291,43.5586],[5.1057,43.533],[5.14,43.4858],[5.2228,43.504],[5.1969,43.4454],[5.3869,43.4072],[5.3908,43.2769],[5.6319,43.2769],[5.7962,43.1467],[6.2782,43.1467],[6.5938,43.2758],[6.5936,43.4072],[5.8696,43.4072],[4.7279,43.8634],[3.4455,43.6678],[2.741,43.2118],[2.7497,43.0165],[2.6695,43.0165]]],[[[29.6148,45.6976],[29.6519,45.789],[29.6382,45.8263],[29.6939,45.7813],[29.6826,45.6968],[29.8353,45.6933],[29.8032,45.7042],[29.8024,45.7375],[29.8877,45.7651],[29.9087,45.7459],[29.9263,45.8138],[29.9429,45.782],[29.9685,45.8389],[30.045,45.8898],[30.2977,45.9554],[30.8766,46.6772],[31.4635,46.6772],[31.5059,46.7204],[31.4407,46.8005],[31.5083,46.7452],[31.5458,46.777],[31.5668,46.9401],[31.0821,47.0058],[31.0655,46.8743],[30.4584,46.6115],[30.2707,46.4145],[30.1888,46.4145],[29.6443,45.9554],[29.6148,45.6976]]],[[[31.5028,46.6772],[31.5329,46.6772],[31.5382,46.7183],[31.5028,46.6772]]],[[[32.2717,35.0728],[32.3294,34.8864],[32.459,34.7219],[32.7099,34.6458],[32.8343,34.671],[32.9136,34.6567],[32.9425,34.5794],[33.0303,34.5685],[33.0156,34.6344],[33.0864,34.6948],[33.2601,34.7005],[33.3992,34.7453],[33.4002,34.7734],[33.4387,34.7628],[33.5917,34.8203],[33.6541,34.9447],[33.7015,34.9729],[33.7809,34.9763],[33.7592,34.9887],[33.828,34.9584],[34.0685,34.9979],[34.022,35.057],[33.9431,35.0653],[34.0123,35.0638],[33.8999,35.1645],[33.9121,35.26],[33.9517,35.3115],[34.0589,35.3241],[34.1377,35.4151],[34.5346,35.6332],[34.5384,35.671],[34.1817,35.5542],[34.0356,35.4714],[33.6603,35.3593],[33.4275,35.3289],[32.9231,35.3871],[32.9294,35.233],[32.8652,35.157],[32.6897,35.1839],[32.5141,35.1297],[32.4138,35.043],[32.3534,35.0479],[32.2866,35.0972],[32.2717,35.0728]],[[33.7592,34.9887],[33.7911,34.9824],[33.7874,34.98],[33.7592,34.9887]],[[32.712,35.1731],[32.7315,35.1432],[32.7127,35.1634],[32.712,35.1731]],[[33.4666,35.0051],[33.4675,35.0126],[33.4768,35.0027],[33.4666,35.0051]],[[33.6195,35.0168],[33.7115,34.9856],[33.7029,34.9879],[33.6195,35.0168]],[[33.6794,35.0349],[33.7022,35.0223],[33.6794,35.0339],[33.6794,35.0349]],[[33.6966,35.009],[33.7022,35.0223],[33.7002,35.0067],[33.6966,35.009]],[[33.8412,35.0511],[33.8801,35.0731],[33.8551,35.0534],[33.8412,35.0511]]],[[[36.4386,41.1977],[36.8971,41.068],[36.879,40.9384],[37.1262,41.0032],[37.8732,40.6792],[38.8241,40.6792],[39.1605,40.8088],[39.5471,40.744],[39.6858,40.6144],[39.8642,40.744],[40.5674,40.6792],[40.6084,40.9384],[40.4649,41.0504],[40.3703,40.9384],[40.1428,40.9228],[39.7355,40.9384],[39.3577,41.0781],[39.2732,41.0504],[39.1683,41.0797],[38.9573,41.0398],[38.9518,41.0032],[38.2977,40.8736],[38.2217,40.9441],[38.0253,40.9769],[37.8312,40.9384],[37.7706,41.068],[37.619,41.068],[37.5806,41.0368],[37.4768,41.068],[37.2147,41.068],[37.226,41.1475],[37.0651,41.1328],[36.7748,41.3274],[36.4386,41.1977]]],[[[31.4084,41.242],[31.5122,41.1977],[31.5917,41.1977],[31.6933,41.3922],[31.4146,41.2836],[31.4084,41.242]]],[[[34.8087,41.9673],[35.015,41.8465],[35.0063,41.7816],[35.086,41.7816],[35.119,42.0252],[34.8087,41.9673]]],[[[39.6305,43.733],[39.9778,43.4072],[40.2192,43.4072],[40.4055,43.1602],[40.8173,43.1467],[41.1158,43.0165],[41.1733,42.8864],[41.414,42.8864],[41.4369,43.0165],[41.2075,43.0816],[41.15,43.2118],[40.3801,43.4072],[40.322,43.5375],[40.4138,43.6027],[39.6305,43.733]],[[40.0676,43.5413],[40.0728,43.5511],[40.0857,43.5546],[40.0676,43.5413]]],[[[39.9529,43.733],[40.0335,43.733],[40.0447,43.7982],[39.964,43.7982],[39.9529,43.733]]],[[[33.4515,44.5259],[33.9256,44.4507],[34.3763,44.7773],[35.1252,44.908],[35.2351,45.1042],[35.1538,45.1042],[35.1826,45.3004],[34.9863,45.3004],[33.9169,44.9734],[33.7796,45.1553],[33.4589,45.1872],[33.6101,45.1042],[33.5877,45.0224],[33.6196,44.9315],[33.6092,44.8717],[33.5596,44.8498],[33.5199,44.7753],[33.5483,44.6987],[33.5163,44.6343],[33.5715,44.6206],[33.4745,44.6097],[33.4515,44.5259]]],[[[38.3502,47.2032],[39.1969,47.3348],[39.1263,47.4006],[39.1382,47.4665],[39.0794,47.5982],[38.6669,47.5982],[38.3846,47.4006],[38.3502,47.2032]]]]}},{"type":"Feature","properties":{"territoryId":"cliopatria-q148837-11892bffbd","name":"Greek City-States","name_ko":"그리스 도시국가들","color":"#a95ce0","colorFamily":4,"startYear":-322,"endYear":-318,"source_name":"Cliopatria v0.2.0","source_url":"https://github.com/Seshat-Global-History-Databank/cliopatria","license":"CC BY 4.0","attribution":"Seshat Global History Databank, Cliopatria contributors"},"geometry":{"type":"MultiPolygon","coordinates":[[[[23.6154,35.5158],[23.6792,35.2584],[24.4484,35.194],[24.7574,35.194],[24.8237,35.001],[26.1401,35.0653],[26.2253,35.194],[25.8469,35.1493],[25.7953,35.1151],[25.6806,35.1297],[25.6923,35.3227],[25.4536,35.2941],[25.3991,35.3227],[24.301,35.3227],[24.1499,35.3871],[24.1541,35.465],[24.0669,35.507],[24.1569,35.5158],[23.6154,35.5158]]],[[[22.9016,36.3383],[22.9292,36.178],[23.0533,36.1596],[23.0584,36.2165],[23.1039,36.2372],[23.0769,36.2707],[22.9446,36.3894],[22.9016,36.3383]]],[[[25.3418,37.083],[25.3936,36.9971],[25.5644,36.9971],[25.5727,37.126],[25.4128,37.126],[25.3418,37.083]]],[[[25.99,37.5165],[26.2306,37.5714],[26.3083,37.6267],[26.312,37.6796],[26.1974,37.6323],[26.0742,37.6379],[25.99,37.5165]]],[[[20.6195,37.8228],[20.7934,37.6685],[20.8481,37.6571],[20.8435,37.7016],[20.9261,37.7284],[20.886,37.814],[20.7525,37.8549],[20.7247,37.8998],[20.6554,37.8998],[20.6195,37.8228]]],[[[20.7414,38.8034],[20.8249,38.7802],[20.8599,38.8035],[20.8888,38.7625],[20.9737,38.7389],[21.1933,38.416],[21.3376,38.3989],[21.3533,38.4329],[21.3225,38.4963],[21.3601,38.4677],[21.3775,38.3989],[21.7163,38.3579],[21.7625,38.3284],[21.8312,38.3967],[21.8792,38.378],[21.9876,38.4106],[22.1312,38.3731],[22.1335,38.416],[21.987,38.6097],[22.0078,38.9972],[21.7107,39.3203],[21.632,39.3203],[21.3859,39.1265],[21.15,39.1265],[21.1608,38.9742],[21.1407,38.9402],[21.1774,38.876],[21.1023,38.9108],[21.0852,38.8643],[21.0256,38.898],[21.0274,38.9326],[20.9207,38.9543],[20.8667,38.9264],[20.8599,38.9605],[20.7981,38.9287],[20.7779,38.8839],[20.8052,38.8677],[20.7673,38.8606],[20.7414,38.8034]]],[[[20.8156,38.9671],[20.8318,38.9637],[20.8235,38.9779],[20.821,38.9791],[20.8156,38.9671]]],[[[21.2436,37.8352],[21.6966,37.5128],[21.6476,37.4377],[21.6958,37.3164],[21.6331,37.2491],[21.6718,36.9971],[21.7435,36.8682],[21.8992,36.8682],[21.9085,37.0615],[22.22,37.0615],[22.3356,36.7337],[22.388,36.7062],[22.3757,36.6749],[22.5118,36.6749],[22.5994,36.8682],[22.8328,36.8682],[23.0332,36.6946],[22.9953,36.9971],[22.7041,37.3838],[22.7076,37.4483],[22.5515,37.4483],[22.5686,37.7707],[22.803,37.7707],[22.7925,37.5773],[23.1011,37.5128],[23.1685,37.3193],[23.278,37.3498],[23.2302,37.3846],[23.3849,37.4134],[23.36,37.5475],[23.3367,37.5355],[23.1686,37.6142],[23.1626,37.6417],[23.1083,37.6417],[23.0373,37.7707],[23.0859,37.8441],[23.0125,37.8476],[22.9951,37.8821],[23.0151,37.9252],[23.0941,37.911],[23.1466,37.9358],[23.2082,38.0288],[23.2864,38.0288],[23.3796,38.2869],[23.6862,38.3494],[23.5735,38.4534],[23.5929,38.4806],[23.3126,38.4806],[22.999,38.7518],[22.7811,38.7819],[22.7786,38.7389],[22.618,38.6743],[22.6036,38.416],[22.682,38.416],[22.9881,38.2869],[23.0441,38.185],[23.1096,38.2101],[23.1489,38.1859],[23.1284,38.1723],[23.2234,38.1592],[23.1755,38.145],[23.2166,38.1033],[23.0686,38.0589],[23.018,38.0688],[22.9463,37.9462],[22.6572,37.9643],[22.6126,38.0918],[22.2185,38.1882],[22.0204,38.3132],[21.8495,38.3413],[21.7333,38.2514],[21.7286,38.1578],[21.4156,38.1578],[21.3024,38.0257],[21.3259,38.0214],[21.2497,37.9643],[21.2436,37.8352]]],[[[22.165,38.3515],[22.1892,38.3231],[22.2128,38.3515],[22.165,38.3515]]],[[[22.278,38.3515],[22.2849,38.3473],[22.2866,38.3472],[22.2868,38.3515],[22.278,38.3515]]],[[[22.833,38.8227],[22.9415,38.8412],[22.9431,38.868],[22.8652,38.868],[22.833,38.8227]]],[[[23.0356,36.6926],[23.0463,36.6833],[23.0535,36.6884],[23.0527,36.6926],[23.0356,36.6926]]],[[[23.3122,37.6174],[23.3406,37.6003],[23.3536,37.5821],[23.3442,37.6327],[23.3122,37.6174]]],[[[23.4014,37.3193],[23.4024,37.3193],[23.4023,37.3198],[23.4014,37.3193]]],[[[23.594,38.4534],[23.666,38.4076],[23.6261,38.4806],[23.594,38.4534]]],[[[20.339,38.2002],[20.3801,38.1518],[20.4253,38.1753],[20.4351,38.2788],[20.5098,38.1797],[20.4688,38.1928],[20.4943,38.1337],[20.7865,38.0933],[20.7887,38.1412],[20.6817,38.2821],[20.6429,38.2534],[20.5991,38.3026],[20.6258,38.3518],[20.5664,38.416],[20.5411,38.416],[20.5298,38.3375],[20.479,38.3095],[20.3999,38.3641],[20.339,38.2002]]],[[[20.6878,38.3367],[20.7194,38.3156],[20.7387,38.3189],[20.6951,38.3434],[20.6878,38.3367]]],[[[25.8407,38.5224],[25.9439,38.4534],[25.9507,38.4057],[25.989,38.3793],[25.9644,38.3026],[25.885,38.2794],[25.8898,38.2206],[26.0115,38.1578],[26.0401,38.2002],[26.1121,38.2226],[26.1022,38.2617],[26.1581,38.329],[26.1541,38.4673],[26.1219,38.4875],[26.1636,38.5428],[26.1307,38.5672],[26.1082,38.5428],[26.0159,38.602],[25.8696,38.5831],[25.8407,38.5224]]],[[[12.7242,37.6417],[13.192,37.5773],[13.6022,37.2505],[14.2779,37.126],[14.6723,36.7393],[15.0498,36.7393],[15.2051,37.1662],[15.1853,37.2023],[15.0592,37.2549],[15.0665,37.6417],[15.3895,38.1578],[15.5432,38.1578],[15.5697,38.227],[15.6516,38.2753],[15.1545,38.1491],[15.1521,38.0288],[14.8346,37.7707],[14.7519,37.5128],[14.9778,37.0615],[14.7442,37.0615],[12.9603,37.8352],[12.804,37.8352],[12.7242,37.6417]]],[[[14.8934,40.6792],[15.0414,40.2259],[15.1995,40.2259],[15.4319,40.0317],[15.5349,40.0778],[15.6243,40.0778],[15.6575,40.0317],[15.7478,40.0317],[15.7136,39.978],[15.7744,39.8911],[15.7736,39.8424],[15.8989,39.7729],[16.1165,39.0618],[16.2703,38.9326],[16.2652,38.7389],[15.9497,38.6743],[15.9419,38.3515],[15.8198,38.3215],[15.7865,38.278],[15.6328,38.2203],[15.638,38.122],[15.6982,37.9643],[15.9328,37.9643],[16.4919,38.416],[16.5024,38.8034],[17.1383,39.0618],[17.0697,39.385],[16.9162,39.5143],[16.4473,39.6436],[16.4567,39.967],[16.6005,40.0443],[16.6047,40.0845],[16.6769,40.1511],[16.6245,40.2906],[16.777,40.2906],[16.9137,40.4464],[16.868,40.4849],[17.0285,40.5496],[17.3452,40.5496],[17.4175,40.3554],[17.8131,40.3554],[17.9128,40.2553],[17.924,40.1873],[17.9972,40.1204],[17.9996,40.0728],[18.1122,39.9023],[18.3489,39.9023],[18.3565,40.0964],[18.4355,40.0964],[18.3642,40.2906],[17.9812,40.6144],[17.5036,40.5496],[17.5083,40.6792],[16.8765,40.744],[16.5513,40.4849],[16.5493,40.4201],[16.3062,40.2259],[16.3796,40.0317],[16.1409,39.967],[16.1463,40.1612],[15.5157,40.2259],[15.3607,40.3554],[15.1342,40.8088],[15.0518,40.6792],[14.8934,40.6792]]],[[[25.8359,39.1822],[26.1021,39.1115],[26.1602,39.1833],[26.2256,39.2076],[26.2935,39.1772],[26.1002,39.0858],[26.1657,39.0224],[26.4242,38.9674],[26.5471,38.9879],[26.437,39.1035],[26.4893,39.1137],[26.5266,39.0834],[26.5394,39.0194],[26.61,39.0229],[26.5397,39.166],[26.3822,39.2771],[26.4074,39.3347],[26.1658,39.3681],[26.1628,39.3236],[26.0606,39.2895],[25.9226,39.2911],[25.8421,39.228],[25.8359,39.1822]]],[[[-0.5711,39.5143],[-0.539,38.9326],[-0.126,38.5451],[0.0961,38.8034],[-0.1059,38.9365],[-0.3137,39.1265],[-0.3454,39.7083],[-0.2019,39.967],[-0.514,39.9023],[-0.5711,39.5143]]],[[[19.7578,39.6436],[19.9065,39.5814],[19.9148,39.6295],[19.845,39.6527],[19.8391,39.6799],[19.8416,39.7042],[19.9197,39.7355],[19.9214,39.7729],[19.7637,39.7729],[19.7578,39.6436]]],[[[25.0447,39.9853],[25.0682,39.9208],[25.047,39.8376],[25.1649,39.8591],[25.1606,39.8376],[25.2043,39.8376],[25.1773,39.845],[25.2251,39.8854],[25.1971,39.8928],[25.2388,39.9195],[25.2798,39.8891],[25.2388,39.8581],[25.3551,39.8376],[25.3416,39.8839],[25.3685,39.899],[25.348,39.9064],[25.4499,39.9884],[25.4377,40.0317],[25.2852,39.9534],[25.2251,40.0089],[25.0447,39.9853]]],[[[25.7052,40.1144],[26.0122,40.1666],[25.9631,40.1571],[25.9719,40.2211],[25.926,40.2428],[25.759,40.2067],[25.7099,40.1758],[25.7052,40.1144]]],[[[24.5197,40.6853],[24.5313,40.6356],[24.6397,40.5732],[24.7801,40.6122],[24.7658,40.6697],[24.7864,40.7078],[24.7593,40.7234],[24.7864,40.7351],[24.7317,40.7835],[24.6423,40.8039],[24.5197,40.6853]]],[[[2.6695,43.0165],[2.7754,42.4312],[2.6982,42.3662],[3.0397,41.8465],[3.1188,42.2183],[3.1768,42.3613],[3.0099,42.5612],[2.9849,43.1467],[3.8509,43.6027],[4.173,43.6027],[4.1778,43.4723],[4.7288,43.4723],[4.6946,43.5791],[4.7424,43.5245],[4.7424,43.4723],[5.0524,43.4723],[5.0093,43.5176],[5.0291,43.5586],[5.1057,43.533],[5.14,43.4858],[5.2228,43.504],[5.1969,43.4454],[5.3869,43.4072],[5.3908,43.2769],[5.6319,43.2769],[5.7962,43.1467],[6.2782,43.1467],[6.5938,43.2758],[6.5936,43.4072],[5.8696,43.4072],[4.7279,43.8634],[3.4455,43.6678],[2.741,43.2118],[2.7497,43.0165],[2.6695,43.0165]]],[[[32.2717,35.0728],[32.3294,34.8864],[32.459,34.7219],[32.7099,34.6458],[32.8343,34.671],[32.9136,34.6567],[32.9425,34.5794],[33.0303,34.5685],[33.0156,34.6344],[33.0864,34.6948],[33.2601,34.7005],[33.3992,34.7453],[33.4002,34.7734],[33.4387,34.7628],[33.5917,34.8203],[33.6541,34.9447],[33.7015,34.9729],[33.7809,34.9763],[33.7592,34.9887],[33.828,34.9584],[34.0685,34.9979],[34.022,35.057],[33.9431,35.0653],[34.0123,35.0638],[33.8999,35.1645],[33.9121,35.26],[33.9517,35.3115],[34.0589,35.3241],[34.1377,35.4151],[34.5346,35.6332],[34.5384,35.671],[34.1817,35.5542],[34.0356,35.4714],[33.6603,35.3593],[33.4275,35.3289],[32.9231,35.3871],[32.9294,35.233],[32.8652,35.157],[32.6897,35.1839],[32.5141,35.1297],[32.4138,35.043],[32.3534,35.0479],[32.2866,35.0972],[32.2717,35.0728]],[[33.7592,34.9887],[33.7911,34.9824],[33.7874,34.98],[33.7592,34.9887]],[[32.712,35.1731],[32.7315,35.1432],[32.7127,35.1634],[32.712,35.1731]],[[33.4666,35.0051],[33.4675,35.0126],[33.4768,35.0027],[33.4666,35.0051]],[[33.6195,35.0168],[33.7115,34.9856],[33.7029,34.9879],[33.6195,35.0168]],[[33.6794,35.0349],[33.7022,35.0223],[33.6794,35.0339],[33.6794,35.0349]],[[33.6966,35.009],[33.7022,35.0223],[33.7002,35.0067],[33.6966,35.009]],[[33.8412,35.0511],[33.8801,35.0731],[33.8551,35.0534],[33.8412,35.0511]]],[[[27.708,36.1688],[27.714,36.1225],[27.7571,36.0844],[27.7311,35.9907],[27.7519,35.905],[27.8638,35.9413],[27.9934,36.062],[28.0896,36.0551],[28.0964,36.1035],[28.0617,36.1165],[28.1634,36.2377],[28.2311,36.4498],[27.8997,36.3402],[27.8032,36.2702],[27.772,36.1978],[27.708,36.1688]]],[[[27.565,36.6749],[27.678,36.6934],[27.7194,36.7563],[27.9491,36.757],[27.8971,36.8123],[27.76,36.7813],[27.6454,36.8065],[27.565,36.6749]]],[[[26.9177,36.7161],[26.9303,36.7011],[26.9845,36.7229],[26.992,36.7536],[27.1854,36.8037],[27.1442,36.8811],[26.986,36.7676],[26.9264,36.7656],[26.9177,36.7161]]],[[[27.2288,37.0618],[27.2632,36.9634],[27.3081,36.9594],[27.3286,37.0141],[27.3765,37.0277],[27.3821,36.9996],[27.4385,37.124],[27.2529,37.124],[27.2944,37.1103],[27.2288,37.0618]]],[[[26.2568,40.0964],[26.3655,40.1641],[26.3456,40.1998],[26.6016,40.3461],[26.673,40.4249],[26.6047,40.4849],[26.3567,40.3554],[26.3514,40.2906],[26.2723,40.2906],[26.2568,40.0964]]],[[[26.4052,40.1887],[26.4158,40.1953],[26.408,40.1937],[26.4052,40.1887]]],[[[36.4386,41.1977],[36.8971,41.068],[36.879,40.9384],[37.1262,41.0032],[37.8732,40.6792],[38.8241,40.6792],[39.1605,40.8088],[39.5471,40.744],[39.6858,40.6144],[39.8642,40.744],[40.5674,40.6792],[40.6084,40.9384],[40.4649,41.0504],[40.3703,40.9384],[40.1428,40.9228],[39.7355,40.9384],[39.3577,41.0781],[39.2732,41.0504],[39.1683,41.0797],[38.9573,41.0398],[38.9518,41.0032],[38.2977,40.8736],[38.2217,40.9441],[38.0253,40.9769],[37.8312,40.9384],[37.7706,41.068],[37.619,41.068],[37.5806,41.0368],[37.4768,41.068],[37.2147,41.068],[37.226,41.1475],[37.0651,41.1328],[36.7748,41.3274],[36.4386,41.1977]]],[[[29.0426,41.1328],[29.0582,41.1024],[29.0706,41.1302],[29.0635,41.1383],[29.0426,41.1328]]],[[[29.0666,41.0861],[29.1573,40.9095],[29.1897,40.8974],[29.3668,41.1977],[29.0849,41.144],[29.0666,41.0861]]],[[[31.4084,41.242],[31.5122,41.1977],[31.5917,41.1977],[31.6933,41.3922],[31.4146,41.2836],[31.4084,41.242]]],[[[34.8087,41.9673],[35.015,41.8465],[35.0063,41.7816],[35.086,41.7816],[35.119,42.0252],[34.8087,41.9673]]],[[[39.6305,43.733],[39.9778,43.4072],[40.2192,43.4072],[40.4055,43.1602],[40.8173,43.1467],[41.1158,43.0165],[41.1733,42.8864],[41.414,42.8864],[41.4369,43.0165],[41.2075,43.0816],[41.15,43.2118],[40.3801,43.4072],[40.322,43.5375],[40.4138,43.6027],[39.6305,43.733]],[[40.0676,43.5413],[40.0728,43.5511],[40.0857,43.5546],[40.0676,43.5413]]],[[[39.9529,43.733],[40.0335,43.733],[40.0447,43.7982],[39.964,43.7982],[39.9529,43.733]]],[[[33.4515,44.5259],[33.9256,44.4507],[34.3763,44.7773],[35.1252,44.908],[35.2351,45.1042],[35.1538,45.1042],[35.1826,45.3004],[34.9863,45.3004],[33.9169,44.9734],[33.7796,45.1553],[33.4589,45.1872],[33.6101,45.1042],[33.5877,45.0224],[33.6196,44.9315],[33.6092,44.8717],[33.5596,44.8498],[33.5199,44.7753],[33.5483,44.6987],[33.5163,44.6343],[33.5715,44.6206],[33.4745,44.6097],[33.4515,44.5259]]],[[[29.6148,45.6976],[29.6519,45.789],[29.6382,45.8263],[29.6939,45.7813],[29.6826,45.6968],[29.8353,45.6933],[29.8032,45.7042],[29.8024,45.7375],[29.8877,45.7651],[29.9087,45.7459],[29.9263,45.8138],[29.9429,45.782],[29.9685,45.8389],[30.045,45.8898],[30.2977,45.9554],[30.8766,46.6772],[31.4635,46.6772],[31.5059,46.7204],[31.4407,46.8005],[31.5083,46.7452],[31.5458,46.777],[31.5668,46.9401],[31.0821,47.0058],[31.0655,46.8743],[30.4584,46.6115],[30.2707,46.4145],[30.1888,46.4145],[29.6443,45.9554],[29.6148,45.6976]]],[[[31.5028,46.6772],[31.5329,46.6772],[31.5382,46.7183],[31.5028,46.6772]]],[[[38.3502,47.2032],[39.1969,47.3348],[39.1263,47.4006],[39.1382,47.4665],[39.0794,47.5982],[38.6669,47.5982],[38.3846,47.4006],[38.3502,47.2032]]]]}},{"type":"Feature","properties":{"territoryId":"cliopatria-q148837-11892bffbd","name":"Greek City-States","name_ko":"그리스 도시국가들","color":"#a95ce0","colorFamily":4,"startYear":-317,"endYear":-307,"source_name":"Cliopatria v0.2.0","source_url":"https://github.com/Seshat-Global-History-Databank/cliopatria","license":"CC BY 4.0","attribution":"Seshat Global History Databank, Cliopatria contributors"},"geometry":{"type":"MultiPolygon","coordinates":[[[[23.6154,35.5158],[23.6792,35.2584],[24.4484,35.194],[24.7574,35.194],[24.8237,35.001],[26.1401,35.0653],[26.2253,35.194],[25.8469,35.1493],[25.7953,35.1151],[25.6806,35.1297],[25.6923,35.3227],[25.4536,35.2941],[25.3991,35.3227],[24.301,35.3227],[24.1499,35.3871],[24.1541,35.465],[24.0669,35.507],[24.1569,35.5158],[23.6154,35.5158]]],[[[22.9016,36.3383],[22.9292,36.178],[23.0533,36.1596],[23.0584,36.2165],[23.1039,36.2372],[23.0769,36.2707],[22.9446,36.3894],[22.9016,36.3383]]],[[[25.3418,37.083],[25.3936,36.9971],[25.5644,36.9971],[25.5727,37.126],[25.4128,37.126],[25.3418,37.083]]],[[[24.2754,37.5317],[24.3958,37.6247],[24.3728,37.6852],[24.2893,37.6453],[24.2754,37.5317]]],[[[24.9955,37.6789],[25.0113,37.6323],[25.1255,37.5559],[25.216,37.5329],[25.2593,37.59],[25.2456,37.6242],[24.9955,37.6789]]],[[[20.6195,37.8228],[20.7934,37.6685],[20.8481,37.6571],[20.8435,37.7016],[20.9261,37.7284],[20.886,37.814],[20.7525,37.8549],[20.7247,37.8998],[20.6554,37.8998],[20.6195,37.8228]]],[[[24.6878,37.9287],[24.7162,37.8791],[24.7385,37.8918],[24.9118,37.7283],[24.9944,37.7541],[24.9575,37.7744],[24.9849,37.816],[24.9434,37.8433],[24.9538,37.8707],[24.8484,37.9149],[24.7937,37.9941],[24.6936,37.9658],[24.6878,37.9287]]],[[[20.339,38.2002],[20.3801,38.1518],[20.4253,38.1753],[20.4351,38.2788],[20.5098,38.1797],[20.4688,38.1928],[20.4943,38.1337],[20.7865,38.0933],[20.7887,38.1412],[20.6817,38.2821],[20.6429,38.2534],[20.5991,38.3026],[20.6258,38.3518],[20.5664,38.416],[20.5411,38.416],[20.5298,38.3375],[20.479,38.3095],[20.3999,38.3641],[20.339,38.2002]]],[[[20.6878,38.3367],[20.7194,38.3156],[20.7387,38.3189],[20.6951,38.3434],[20.6878,38.3367]]],[[[25.8407,38.5224],[25.9439,38.4534],[25.9507,38.4057],[25.989,38.3793],[25.9644,38.3026],[25.885,38.2794],[25.8898,38.2206],[26.0115,38.1578],[26.0401,38.2002],[26.1121,38.2226],[26.1022,38.2617],[26.1581,38.329],[26.1541,38.4673],[26.1219,38.4875],[26.1636,38.5428],[26.1307,38.5672],[26.1082,38.5428],[26.0159,38.602],[25.8696,38.5831],[25.8407,38.5224]]],[[[20.7414,38.8034],[20.8249,38.7802],[20.8599,38.8035],[20.8888,38.7625],[20.9737,38.7389],[21.1933,38.416],[21.3376,38.3989],[21.3533,38.4329],[21.3225,38.4963],[21.3601,38.4677],[21.3775,38.3989],[21.4224,38.3889],[21.7163,38.3579],[21.7625,38.3284],[21.8312,38.3967],[21.8792,38.378],[21.9876,38.4106],[22.1326,38.3727],[22.1892,38.3231],[22.2249,38.3601],[22.3823,38.3427],[22.4016,38.4534],[22.4684,38.4211],[22.5625,38.2935],[22.6003,38.3026],[22.5872,38.3367],[22.6462,38.3618],[22.6268,38.3715],[22.6465,38.39],[22.6965,38.3169],[22.7988,38.2821],[22.7648,38.248],[22.8057,38.227],[22.895,38.2412],[22.9087,38.1928],[22.9695,38.1928],[22.9224,38.207],[22.9519,38.2253],[23.0667,38.1832],[23.1227,38.2081],[23.1489,38.1859],[23.1284,38.1723],[23.2234,38.1592],[23.1755,38.145],[23.2166,38.1033],[23.1729,38.0795],[23.0686,38.0589],[22.9429,38.0835],[22.8755,38.0493],[22.854,38.0351],[22.9754,37.979],[22.9463,37.9462],[22.8672,37.9395],[22.6804,38.0666],[22.3312,38.1789],[22.2185,38.1882],[21.9559,38.3367],[21.8495,38.3413],[21.7642,38.2958],[21.7333,38.2514],[21.7286,38.1578],[21.4156,38.1578],[21.2436,37.8352],[21.6966,37.5128],[21.6664,37.4088],[21.6958,37.3164],[21.6031,37.1904],[21.681,37.1904],[21.7435,36.8682],[21.8992,36.8682],[21.9085,37.0615],[22.22,37.0615],[22.3356,36.7337],[22.388,36.7062],[22.3757,36.6749],[22.5118,36.6749],[22.5994,36.8682],[22.8328,36.8682],[23.0332,36.6946],[22.8532,37.2549],[22.7007,37.3193],[22.7144,37.5773],[22.7783,37.5969],[22.9486,37.5773],[23.1756,37.4483],[23.1685,37.3193],[23.278,37.3498],[23.23,37.3749],[23.2627,37.401],[23.3849,37.4134],[23.36,37.5475],[23.3367,37.5355],[23.1686,37.6142],[23.1626,37.6417],[23.1083,37.6417],[23.0586,37.8427],[23.0125,37.8476],[22.9951,37.8821],[23.0151,37.9252],[23.0941,37.911],[23.2044,37.963],[23.2082,38.0288],[23.5746,38.0468],[23.5979,38.0211],[23.5597,37.9866],[23.9786,37.8352],[24.0021,38.2224],[24.0361,38.2224],[23.951,38.2909],[23.782,38.3436],[23.71,38.3367],[23.594,38.4261],[23.5735,38.4534],[23.5929,38.4806],[23.3126,38.4806],[23.1826,38.6538],[23.1045,38.6384],[23.0698,38.7015],[22.9356,38.7389],[22.9149,38.7756],[22.8672,38.7551],[22.7481,38.7992],[22.7026,38.8507],[22.5934,38.8302],[22.5539,38.8481],[22.5729,38.8643],[22.5251,38.8581],[22.5251,38.8854],[22.6216,38.9145],[22.689,38.878],[22.792,38.878],[22.8465,38.9264],[22.9429,38.9326],[23.0072,38.9739],[23.0667,39.0327],[22.9639,39.009],[22.9981,39.0698],[22.9516,39.1238],[22.7973,39.0618],[22.8163,39.385],[23.1318,39.4489],[22.7569,39.7083],[22.7648,39.8376],[22.6109,39.9023],[22.6927,39.9662],[22.6233,40.0019],[22.2125,39.8376],[21.9154,40.1612],[21.8253,39.967],[21.2726,39.967],[21.1011,39.7083],[21.0911,39.5143],[21.4679,39.1911],[21.15,39.1265],[21.1608,38.9742],[21.1407,38.9402],[21.1774,38.876],[21.1023,38.9108],[21.0852,38.8643],[21.0256,38.898],[21.0274,38.9326],[20.9207,38.9543],[20.8667,38.9264],[20.8599,38.9605],[20.7981,38.9287],[20.7779,38.8839],[20.8052,38.8677],[20.7673,38.8606],[20.7414,38.8034]]],[[[20.8156,38.9671],[20.8318,38.9637],[20.8235,38.9779],[20.821,38.9791],[20.8156,38.9671]]],[[[22.833,38.8227],[22.9415,38.8412],[22.9694,38.8891],[23.1825,38.9326],[23.1787,38.868],[23.4888,38.8034],[23.3435,38.9972],[23.1116,38.9972],[23.0868,38.9543],[22.8748,38.8749],[22.833,38.8227]]],[[[23.0356,36.6926],[23.0463,36.6833],[23.0517,36.6872],[23.0498,36.6926],[23.0356,36.6926]]],[[[23.3122,37.6174],[23.3406,37.6003],[23.3536,37.5821],[23.3442,37.6327],[23.3122,37.6174]]],[[[23.4014,37.3193],[23.4024,37.3193],[23.4023,37.3198],[23.4014,37.3193]]],[[[23.5634,38.7389],[23.6355,38.5286],[23.594,38.4534],[23.6144,38.4609],[23.6492,38.4057],[24.0422,38.4015],[24.0669,38.351],[24.0254,38.3305],[24.1216,38.3095],[24.1094,38.2563],[24.1617,38.2698],[24.1789,38.5451],[24.0302,38.6743],[23.5634,38.7389]]],[[[24.1275,38.2224],[24.1591,38.2287],[24.1614,38.2661],[24.1275,38.2224]]],[[[23.4849,38.7389],[23.5634,38.7389],[23.5668,38.7946],[23.4888,38.8034],[23.4849,38.7389]]],[[[12.7242,37.6417],[13.192,37.5773],[13.6022,37.2505],[14.2779,37.126],[14.6723,36.7393],[15.0498,36.7393],[15.2051,37.1662],[15.1853,37.2023],[15.0592,37.2549],[15.0665,37.6417],[15.3895,38.1578],[15.5432,38.1578],[15.5697,38.227],[15.6516,38.2753],[15.1545,38.1491],[15.1521,38.0288],[14.8346,37.7707],[14.7519,37.5128],[14.9778,37.0615],[14.7442,37.0615],[12.9603,37.8352],[12.804,37.8352],[12.7242,37.6417]]],[[[14.8934,40.6792],[15.0414,40.2259],[15.1995,40.2259],[15.4319,40.0317],[15.5349,40.0778],[15.6243,40.0778],[15.6575,40.0317],[15.7478,40.0317],[15.7136,39.978],[15.7744,39.8911],[15.7736,39.8424],[15.8989,39.7729],[16.1165,39.0618],[16.2703,38.9326],[16.2652,38.7389],[15.9497,38.6743],[15.9419,38.3515],[15.8198,38.3215],[15.7865,38.278],[15.6328,38.2203],[15.638,38.122],[15.6982,37.9643],[15.9328,37.9643],[16.4919,38.416],[16.5024,38.8034],[17.1383,39.0618],[17.0697,39.385],[16.9162,39.5143],[16.4473,39.6436],[16.4567,39.967],[16.6005,40.0443],[16.6047,40.0845],[16.6769,40.1511],[16.6245,40.2906],[16.777,40.2906],[16.9137,40.4464],[16.868,40.4849],[17.0285,40.5496],[17.3452,40.5496],[17.4175,40.3554],[17.8131,40.3554],[17.9128,40.2553],[17.924,40.1873],[17.9972,40.1204],[17.9996,40.0728],[18.1122,39.9023],[18.3489,39.9023],[18.3565,40.0964],[18.4355,40.0964],[18.3642,40.2906],[17.9812,40.6144],[17.5036,40.5496],[17.5083,40.6792],[16.8765,40.744],[16.5513,40.4849],[16.5493,40.4201],[16.3062,40.2259],[16.3796,40.0317],[16.1409,39.967],[16.1463,40.1612],[15.5157,40.2259],[15.3607,40.3554],[15.1342,40.8088],[15.0518,40.6792],[14.8934,40.6792]]],[[[24.4362,38.878],[24.557,38.8457],[24.574,38.8098],[24.5368,38.7918],[24.6643,38.7732],[24.6673,38.8185],[24.5786,38.8756],[24.574,38.9326],[24.523,38.9643],[24.4611,38.9677],[24.4362,38.878]]],[[[-0.5711,39.5143],[-0.539,38.9326],[-0.126,38.5451],[0.0961,38.8034],[-0.1059,38.9365],[-0.3137,39.1265],[-0.3454,39.7083],[-0.2019,39.967],[-0.514,39.9023],[-0.5711,39.5143]]],[[[19.7578,39.6436],[19.9065,39.5814],[19.9148,39.6295],[19.845,39.6527],[19.8391,39.6799],[19.8416,39.7042],[19.9197,39.7355],[19.9214,39.7729],[19.7637,39.7729],[19.7578,39.6436]]],[[[25.0447,39.9853],[25.0682,39.9208],[25.047,39.8376],[25.1649,39.8591],[25.1606,39.8376],[25.2043,39.8376],[25.1773,39.845],[25.2251,39.8854],[25.1971,39.8928],[25.2388,39.9195],[25.2798,39.8891],[25.2388,39.8581],[25.3551,39.8376],[25.3416,39.8839],[25.3685,39.899],[25.348,39.9064],[25.4499,39.9884],[25.4377,40.0317],[25.2852,39.9534],[25.2251,40.0089],[25.0447,39.9853]]],[[[25.7052,40.1144],[26.0122,40.1666],[25.9631,40.1571],[25.9719,40.2211],[25.926,40.2428],[25.759,40.2067],[25.7099,40.1758],[25.7052,40.1144]]],[[[24.5197,40.6853],[24.5313,40.6356],[24.6397,40.5732],[24.7801,40.6122],[24.7658,40.6697],[24.7864,40.7078],[24.7593,40.7234],[24.7864,40.7351],[24.7317,40.7835],[24.6423,40.8039],[24.5197,40.6853]]],[[[2.6695,43.0165],[2.7754,42.4312],[2.6982,42.3662],[3.0397,41.8465],[3.1188,42.2183],[3.1768,42.3613],[3.0099,42.5612],[2.9849,43.1467],[3.8509,43.6027],[4.173,43.6027],[4.1778,43.4723],[4.7288,43.4723],[4.6946,43.5791],[4.7424,43.5245],[4.7424,43.4723],[5.0524,43.4723],[5.0093,43.5176],[5.0291,43.5586],[5.1057,43.533],[5.14,43.4858],[5.2228,43.504],[5.1969,43.4454],[5.3869,43.4072],[5.3908,43.2769],[5.6319,43.2769],[5.7962,43.1467],[6.2782,43.1467],[6.5938,43.2758],[6.5936,43.4072],[5.8696,43.4072],[4.7279,43.8634],[3.4455,43.6678],[2.741,43.2118],[2.7497,43.0165],[2.6695,43.0165]]],[[[32.2717,35.0728],[32.3294,34.8864],[32.459,34.7219],[32.7099,34.6458],[32.8343,34.671],[32.9136,34.6567],[32.9425,34.5794],[33.0303,34.5685],[33.0156,34.6344],[33.0864,34.6948],[33.2601,34.7005],[33.3992,34.7453],[33.4002,34.7734],[33.4387,34.7628],[33.5917,34.8203],[33.6541,34.9447],[33.7015,34.9729],[33.7809,34.9763],[33.7592,34.9887],[33.828,34.9584],[34.0685,34.9979],[34.022,35.057],[33.9431,35.0653],[34.0123,35.0638],[33.8999,35.1645],[33.9121,35.26],[33.9517,35.3115],[34.0589,35.3241],[34.1377,35.4151],[34.5346,35.6332],[34.5384,35.671],[34.1817,35.5542],[34.0356,35.4714],[33.6603,35.3593],[33.4275,35.3289],[32.9231,35.3871],[32.9294,35.233],[32.8652,35.157],[32.6897,35.1839],[32.5141,35.1297],[32.4138,35.043],[32.3534,35.0479],[32.2866,35.0972],[32.2717,35.0728]],[[33.7592,34.9887],[33.7911,34.9824],[33.7874,34.98],[33.7592,34.9887]],[[32.712,35.1731],[32.7315,35.1432],[32.7127,35.1634],[32.712,35.1731]],[[33.4666,35.0051],[33.4675,35.0126],[33.4768,35.0027],[33.4666,35.0051]],[[33.6195,35.0168],[33.7115,34.9856],[33.7029,34.9879],[33.6195,35.0168]],[[33.6794,35.0349],[33.7022,35.0223],[33.6794,35.0339],[33.6794,35.0349]],[[33.6966,35.009],[33.7022,35.0223],[33.7002,35.0067],[33.6966,35.009]],[[33.8412,35.0511],[33.8801,35.0731],[33.8551,35.0534],[33.8412,35.0511]]],[[[27.708,36.1688],[27.714,36.1225],[27.7571,36.0844],[27.7311,35.9907],[27.7519,35.905],[27.8638,35.9413],[27.9934,36.062],[28.0896,36.0551],[28.0964,36.1035],[28.0617,36.1165],[28.1634,36.2377],[28.2311,36.4498],[27.8997,36.3402],[27.8032,36.2702],[27.772,36.1978],[27.708,36.1688]]],[[[27.565,36.6749],[27.678,36.6934],[27.7194,36.7563],[27.9491,36.757],[27.8971,36.8123],[27.76,36.7813],[27.6454,36.8065],[27.565,36.6749]]],[[[26.9177,36.7161],[26.9303,36.7011],[26.9845,36.7229],[26.992,36.7536],[27.1854,36.8037],[27.1442,36.8811],[26.986,36.7676],[26.9264,36.7656],[26.9177,36.7161]]],[[[27.2288,37.0618],[27.2632,36.9634],[27.3081,36.9594],[27.3286,37.0141],[27.3765,37.0277],[27.3821,36.9996],[27.4385,37.124],[27.2529,37.124],[27.2944,37.1103],[27.2288,37.0618]]],[[[25.99,37.5165],[26.2306,37.5714],[26.3083,37.6267],[26.312,37.6796],[26.1974,37.6323],[26.0742,37.6379],[25.99,37.5165]]],[[[26.5861,37.7489],[26.6229,37.6789],[26.7083,37.7136],[26.7874,37.6472],[26.8693,37.6447],[27.017,37.7094],[27.0222,37.7803],[26.9451,37.7887],[26.9661,37.7477],[26.8064,37.8145],[26.6581,37.7928],[26.5861,37.7489]]],[[[27.0115,37.6657],[27.0137,37.6651],[27.0142,37.6717],[27.0115,37.6657]]],[[[25.8359,39.1822],[26.1021,39.1115],[26.1602,39.1833],[26.2256,39.2076],[26.2935,39.1772],[26.1002,39.0858],[26.1657,39.0224],[26.4242,38.9674],[26.5471,38.9879],[26.437,39.1035],[26.4893,39.1137],[26.5266,39.0834],[26.5394,39.0194],[26.61,39.0229],[26.5397,39.166],[26.3822,39.2771],[26.4074,39.3347],[26.1658,39.3681],[26.1628,39.3236],[26.0606,39.2895],[25.9226,39.2911],[25.8421,39.228],[25.8359,39.1822]]],[[[26.2568,40.0964],[26.3655,40.1641],[26.3456,40.1998],[26.6016,40.3461],[26.673,40.4249],[26.6047,40.4849],[26.3567,40.3554],[26.3514,40.2906],[26.2723,40.2906],[26.2568,40.0964]]],[[[26.4052,40.1887],[26.4158,40.1953],[26.408,40.1937],[26.4052,40.1887]]],[[[36.4386,41.1977],[36.8971,41.068],[36.879,40.9384],[37.1262,41.0032],[37.8732,40.6792],[38.8241,40.6792],[39.1605,40.8088],[39.5471,40.744],[39.6858,40.6144],[39.8642,40.744],[40.5674,40.6792],[40.6084,40.9384],[40.4649,41.0504],[40.3703,40.9384],[40.1428,40.9228],[39.7355,40.9384],[39.3577,41.0781],[39.2732,41.0504],[39.1683,41.0797],[38.9573,41.0398],[38.9518,41.0032],[38.2977,40.8736],[38.2217,40.9441],[38.0253,40.9769],[37.8312,40.9384],[37.7706,41.068],[37.619,41.068],[37.5806,41.0368],[37.4768,41.068],[37.2147,41.068],[37.226,41.1475],[37.0651,41.1328],[36.7748,41.3274],[36.4386,41.1977]]],[[[29.0426,41.1328],[29.0582,41.1024],[29.0706,41.1302],[29.0635,41.1383],[29.0426,41.1328]]],[[[29.0666,41.0861],[29.1573,40.9095],[29.1897,40.8974],[29.3668,41.1977],[29.0849,41.144],[29.0666,41.0861]]],[[[31.4084,41.242],[31.5122,41.1977],[31.5917,41.1977],[31.6933,41.3922],[31.4146,41.2836],[31.4084,41.242]]],[[[34.8087,41.9673],[35.015,41.8465],[35.0063,41.7816],[35.086,41.7816],[35.119,42.0252],[34.8087,41.9673]]],[[[39.6305,43.733],[39.9778,43.4072],[40.2192,43.4072],[40.4055,43.1602],[40.8173,43.1467],[41.1158,43.0165],[41.1733,42.8864],[41.414,42.8864],[41.4369,43.0165],[41.2075,43.0816],[41.15,43.2118],[40.3801,43.4072],[40.322,43.5375],[40.4138,43.6027],[39.6305,43.733]],[[40.0676,43.5413],[40.0728,43.5511],[40.0857,43.5546],[40.0676,43.5413]]],[[[39.9529,43.733],[40.0335,43.733],[40.0447,43.7982],[39.964,43.7982],[39.9529,43.733]]],[[[33.4515,44.5259],[33.9256,44.4507],[34.3763,44.7773],[35.1252,44.908],[35.2351,45.1042],[35.1538,45.1042],[35.1826,45.3004],[34.9863,45.3004],[33.9169,44.9734],[33.7796,45.1553],[33.4589,45.1872],[33.6101,45.1042],[33.5877,45.0224],[33.6196,44.9315],[33.6092,44.8717],[33.5596,44.8498],[33.5199,44.7753],[33.5483,44.6987],[33.5163,44.6343],[33.5715,44.6206],[33.4745,44.6097],[33.4515,44.5259]]],[[[29.6148,45.6976],[29.6519,45.789],[29.6382,45.8263],[29.6939,45.7813],[29.6826,45.6968],[29.8353,45.6933],[29.8032,45.7042],[29.8024,45.7375],[29.8877,45.7651],[29.9087,45.7459],[29.9263,45.8138],[29.9429,45.782],[29.9685,45.8389],[30.045,45.8898],[30.2977,45.9554],[30.8766,46.6772],[31.4635,46.6772],[31.5059,46.7204],[31.4407,46.8005],[31.5083,46.7452],[31.5458,46.777],[31.5668,46.9401],[31.0821,47.0058],[31.0655,46.8743],[30.4584,46.6115],[30.2707,46.4145],[30.1888,46.4145],[29.6443,45.9554],[29.6148,45.6976]]],[[[31.5028,46.6772],[31.5329,46.6772],[31.5382,46.7183],[31.5028,46.6772]]],[[[38.3502,47.2032],[39.1969,47.3348],[39.1263,47.4006],[39.1382,47.4665],[39.0794,47.5982],[38.6669,47.5982],[38.3846,47.4006],[38.3502,47.2032]]]]}},{"type":"Feature","properties":{"territoryId":"cliopatria-q148837-11892bffbd","name":"Greek City-States","name_ko":"그리스 도시국가들","color":"#a95ce0","colorFamily":4,"startYear":-306,"endYear":-301,"source_name":"Cliopatria v0.2.0","source_url":"https://github.com/Seshat-Global-History-Databank/cliopatria","license":"CC BY 4.0","attribution":"Seshat Global History Databank, Cliopatria contributors"},"geometry":{"type":"MultiPolygon","coordinates":[[[[23.6154,35.5158],[23.6792,35.2584],[24.4484,35.194],[24.7574,35.194],[24.8237,35.001],[26.1401,35.0653],[26.2253,35.194],[25.8469,35.1493],[25.7953,35.1151],[25.6806,35.1297],[25.6923,35.3227],[25.4536,35.2941],[25.3991,35.3227],[24.301,35.3227],[24.1499,35.3871],[24.1541,35.465],[24.0669,35.507],[24.1569,35.5158],[23.6154,35.5158]]],[[[22.9016,36.3383],[22.9292,36.178],[23.0533,36.1596],[23.0584,36.2165],[23.1039,36.2372],[23.0769,36.2707],[22.9446,36.3894],[22.9016,36.3383]]],[[[21.6031,37.1904],[21.681,37.1904],[21.7435,36.8682],[21.8992,36.8682],[21.9085,37.0615],[22.22,37.0615],[22.3356,36.7337],[22.388,36.7062],[22.3757,36.6749],[22.5118,36.6749],[22.5994,36.8682],[22.8328,36.8682],[23.0391,36.7062],[22.9919,36.9326],[22.6906,37.126],[22.694,37.1904],[22.155,37.3193],[21.6482,37.2598],[21.605,37.2293],[21.6031,37.1904]]],[[[23.0356,36.6926],[23.0463,36.6833],[23.0528,36.6879],[23.0516,36.6926],[23.0356,36.6926]]],[[[25.3418,37.083],[25.3936,36.9971],[25.5644,36.9971],[25.5727,37.126],[25.4128,37.126],[25.3418,37.083]]],[[[15.1324,36.9971],[15.2127,37.126],[15.1896,37.1904],[15.136,37.1904],[15.1324,36.9971]]],[[[24.2754,37.5317],[24.3958,37.6247],[24.3728,37.6852],[24.2893,37.6453],[24.2754,37.5317]]],[[[24.9955,37.6789],[25.0113,37.6323],[25.1255,37.5559],[25.216,37.5329],[25.2593,37.59],[25.2456,37.6242],[24.9955,37.6789]]],[[[24.6878,37.9287],[24.7162,37.8791],[24.7385,37.8918],[24.9118,37.7283],[24.9944,37.7541],[24.9575,37.7744],[24.9849,37.816],[24.9434,37.8433],[24.9538,37.8707],[24.8484,37.9149],[24.7937,37.9941],[24.6936,37.9658],[24.6878,37.9287]]],[[[25.8407,38.5224],[25.9439,38.4534],[25.9507,38.4057],[25.989,38.3793],[25.9644,38.3026],[25.885,38.2794],[25.8898,38.2206],[26.0115,38.1578],[26.0401,38.2002],[26.1121,38.2226],[26.1022,38.2617],[26.1581,38.329],[26.1541,38.4673],[26.1219,38.4875],[26.1636,38.5428],[26.1307,38.5672],[26.1082,38.5428],[26.0159,38.602],[25.8696,38.5831],[25.8407,38.5224]]],[[[24.4362,38.878],[24.557,38.8457],[24.574,38.8098],[24.5368,38.7918],[24.6643,38.7732],[24.6673,38.8185],[24.5786,38.8756],[24.574,38.9326],[24.523,38.9643],[24.4611,38.9677],[24.4362,38.878]]],[[[-0.5711,39.5143],[-0.539,38.9326],[-0.126,38.5451],[0.0961,38.8034],[-0.1059,38.9365],[-0.3137,39.1265],[-0.3454,39.7083],[-0.2019,39.967],[-0.514,39.9023],[-0.5711,39.5143]]],[[[14.8934,40.6792],[15.0414,40.2259],[15.1995,40.2259],[15.4319,40.0317],[15.5349,40.0778],[15.6243,40.0778],[15.6575,40.0317],[15.7478,40.0317],[15.7136,39.978],[15.7744,39.8911],[15.7736,39.8424],[15.8989,39.7729],[16.1165,39.0618],[16.2703,38.9326],[16.2652,38.7389],[15.9497,38.6743],[15.9419,38.3515],[15.8216,38.3268],[15.7865,38.278],[15.6399,38.2286],[15.6982,37.9643],[15.9328,37.9643],[16.4919,38.416],[16.5024,38.8034],[16.663,38.9326],[17.1383,39.0618],[17.0697,39.385],[16.9162,39.5143],[16.4473,39.6436],[16.4567,39.967],[16.6005,40.0443],[16.6047,40.0845],[16.6769,40.1511],[16.6245,40.2906],[16.8061,40.3276],[16.8992,40.4309],[16.868,40.4849],[17.3452,40.5496],[17.4175,40.3554],[17.8131,40.3554],[17.9128,40.2553],[17.924,40.1873],[17.9972,40.1204],[17.9996,40.0728],[18.1122,39.9023],[18.3489,39.9023],[18.3565,40.0964],[18.4355,40.0964],[18.3642,40.2906],[17.9812,40.6144],[17.5036,40.5496],[17.5083,40.6792],[16.8765,40.744],[16.5513,40.4849],[16.5493,40.4201],[16.3062,40.2259],[16.3796,40.0317],[16.1409,39.967],[16.1463,40.1612],[15.5157,40.2259],[15.3607,40.3554],[15.1342,40.8088],[15.0518,40.6792],[14.8934,40.6792]]],[[[15.6285,38.2804],[15.6326,38.262],[15.6424,38.2623],[15.6516,38.2753],[15.6285,38.2804]]],[[[19.7578,39.6436],[19.9065,39.5814],[19.9148,39.6295],[19.845,39.6527],[19.8391,39.6799],[19.8416,39.7042],[19.9197,39.7355],[19.9214,39.7729],[19.7637,39.7729],[19.7578,39.6436]]],[[[25.0447,39.9853],[25.0682,39.9208],[25.047,39.8376],[25.1649,39.8591],[25.1606,39.8376],[25.2043,39.8376],[25.1773,39.845],[25.2251,39.8854],[25.1971,39.8928],[25.2388,39.9195],[25.2798,39.8891],[25.2388,39.8581],[25.3551,39.8376],[25.3416,39.8839],[25.3685,39.899],[25.348,39.9064],[25.4499,39.9884],[25.4377,40.0317],[25.2852,39.9534],[25.2251,40.0089],[25.0447,39.9853]]],[[[25.7052,40.1144],[26.0122,40.1666],[25.9631,40.1571],[25.9719,40.2211],[25.926,40.2428],[25.759,40.2067],[25.7099,40.1758],[25.7052,40.1144]]],[[[24.5197,40.6853],[24.5313,40.6356],[24.6397,40.5732],[24.7801,40.6122],[24.7658,40.6697],[24.7864,40.7078],[24.7593,40.7234],[24.7864,40.7351],[24.7317,40.7835],[24.6423,40.8039],[24.5197,40.6853]]],[[[2.6695,43.0165],[2.7754,42.4312],[2.6982,42.3662],[3.0397,41.8465],[3.1188,42.2183],[3.1768,42.3613],[3.0099,42.5612],[2.9849,43.1467],[3.8509,43.6027],[4.173,43.6027],[4.1778,43.4723],[4.7288,43.4723],[4.6946,43.5791],[4.7424,43.5245],[4.7424,43.4723],[5.0524,43.4723],[5.0093,43.5176],[5.0291,43.5586],[5.1057,43.533],[5.14,43.4858],[5.2228,43.504],[5.1969,43.4454],[5.3869,43.4072],[5.3908,43.2769],[5.6319,43.2769],[5.7962,43.1467],[6.2782,43.1467],[6.5938,43.2758],[6.5936,43.4072],[5.8696,43.4072],[4.7279,43.8634],[3.4455,43.6678],[2.741,43.2118],[2.7497,43.0165],[2.6695,43.0165]]],[[[27.708,36.1688],[27.714,36.1225],[27.7571,36.0844],[27.7311,35.9907],[27.7519,35.905],[27.8638,35.9413],[27.9934,36.062],[28.0896,36.0551],[28.0964,36.1035],[28.0617,36.1165],[28.1634,36.2377],[28.2311,36.4498],[27.8997,36.3402],[27.8032,36.2702],[27.772,36.1978],[27.708,36.1688]]],[[[27.565,36.6749],[27.678,36.6934],[27.7194,36.7563],[27.9491,36.757],[27.8971,36.8123],[27.76,36.7813],[27.6454,36.8065],[27.565,36.6749]]],[[[26.9177,36.7161],[26.9303,36.7011],[26.9845,36.7229],[26.992,36.7536],[27.1854,36.8037],[27.1442,36.8811],[26.986,36.7676],[26.9264,36.7656],[26.9177,36.7161]]],[[[27.2288,37.0618],[27.2632,36.9634],[27.3081,36.9594],[27.3286,37.0141],[27.3765,37.0277],[27.3821,36.9996],[27.4385,37.124],[27.2529,37.124],[27.2944,37.1103],[27.2288,37.0618]]],[[[25.99,37.5165],[26.2306,37.5714],[26.3083,37.6267],[26.312,37.6796],[26.1974,37.6323],[26.0742,37.6379],[25.99,37.5165]]],[[[26.5861,37.7489],[26.6229,37.6789],[26.7083,37.7136],[26.7874,37.6472],[26.8693,37.6447],[27.017,37.7094],[27.0222,37.7803],[26.9451,37.7887],[26.9661,37.7477],[26.8064,37.8145],[26.6581,37.7928],[26.5861,37.7489]]],[[[27.0115,37.6657],[27.0137,37.6651],[27.0142,37.6717],[27.0115,37.6657]]],[[[25.8359,39.1822],[26.1021,39.1115],[26.1602,39.1833],[26.2256,39.2076],[26.2935,39.1772],[26.1002,39.0858],[26.1657,39.0224],[26.4242,38.9674],[26.5471,38.9879],[26.437,39.1035],[26.4893,39.1137],[26.5266,39.0834],[26.5394,39.0194],[26.61,39.0229],[26.5397,39.166],[26.3822,39.2771],[26.4074,39.3347],[26.1658,39.3681],[26.1628,39.3236],[26.0606,39.2895],[25.9226,39.2911],[25.8421,39.228],[25.8359,39.1822]]],[[[26.2568,40.0964],[26.3655,40.1641],[26.3456,40.1998],[26.6016,40.3461],[26.673,40.4249],[26.6047,40.4849],[26.3567,40.3554],[26.3514,40.2906],[26.2723,40.2906],[26.2568,40.0964]]],[[[26.4052,40.1887],[26.4158,40.1953],[26.408,40.1937],[26.4052,40.1887]]],[[[36.4386,41.1977],[36.8971,41.068],[36.879,40.9384],[37.1262,41.0032],[37.8732,40.6792],[38.8241,40.6792],[39.1605,40.8088],[39.5471,40.744],[39.6858,40.6144],[39.8642,40.744],[40.5674,40.6792],[40.6084,40.9384],[40.4649,41.0504],[40.3703,40.9384],[40.1428,40.9228],[39.7355,40.9384],[39.3577,41.0781],[39.2732,41.0504],[39.1683,41.0797],[38.9573,41.0398],[38.9518,41.0032],[38.2977,40.8736],[38.2217,40.9441],[38.0253,40.9769],[37.8312,40.9384],[37.7706,41.068],[37.619,41.068],[37.5806,41.0368],[37.4768,41.068],[37.2147,41.068],[37.226,41.1475],[37.0651,41.1328],[36.7748,41.3274],[36.4386,41.1977]]],[[[29.0426,41.1328],[29.0582,41.1024],[29.0706,41.1302],[29.0635,41.1383],[29.0426,41.1328]]],[[[29.0666,41.0861],[29.1573,40.9095],[29.1897,40.8974],[29.3668,41.1977],[29.0849,41.144],[29.0666,41.0861]]],[[[31.4084,41.242],[31.5122,41.1977],[31.5917,41.1977],[31.6933,41.3922],[31.4146,41.2836],[31.4084,41.242]]],[[[34.8087,41.9673],[35.015,41.8465],[35.0063,41.7816],[35.086,41.7816],[35.119,42.0252],[34.8087,41.9673]]],[[[39.6305,43.733],[39.9778,43.4072],[40.2192,43.4072],[40.4055,43.1602],[40.8173,43.1467],[41.1158,43.0165],[41.1733,42.8864],[41.414,42.8864],[41.4369,43.0165],[41.2075,43.0816],[41.15,43.2118],[40.3801,43.4072],[40.322,43.5375],[40.4138,43.6027],[39.6305,43.733]],[[40.0676,43.5413],[40.0728,43.5511],[40.0857,43.5546],[40.0676,43.5413]]],[[[39.9529,43.733],[40.0335,43.733],[40.0447,43.7982],[39.964,43.7982],[39.9529,43.733]]],[[[33.4515,44.5259],[33.9256,44.4507],[34.3763,44.7773],[35.1252,44.908],[35.2351,45.1042],[35.1538,45.1042],[35.1826,45.3004],[34.9863,45.3004],[33.9169,44.9734],[33.7796,45.1553],[33.4589,45.1872],[33.6101,45.1042],[33.5877,45.0224],[33.6196,44.9315],[33.6092,44.8717],[33.5596,44.8498],[33.5199,44.7753],[33.5483,44.6987],[33.5163,44.6343],[33.5715,44.6206],[33.4745,44.6097],[33.4515,44.5259]]],[[[29.6148,45.6976],[29.6519,45.789],[29.6382,45.8263],[29.6939,45.7813],[29.6826,45.6968],[29.8353,45.6933],[29.8032,45.7042],[29.8024,45.7375],[29.8877,45.7651],[29.9087,45.7459],[29.9263,45.8138],[29.9429,45.782],[29.9685,45.8389],[30.045,45.8898],[30.2977,45.9554],[30.8766,46.6772],[31.4635,46.6772],[31.5059,46.7204],[31.4407,46.8005],[31.5083,46.7452],[31.5458,46.777],[31.5668,46.9401],[31.0821,47.0058],[31.0655,46.8743],[30.4584,46.6115],[30.2707,46.4145],[30.1888,46.4145],[29.6443,45.9554],[29.6148,45.6976]]],[[[31.5028,46.6772],[31.5329,46.6772],[31.5382,46.7183],[31.5028,46.6772]]],[[[38.3502,47.2032],[39.1969,47.3348],[39.1263,47.4006],[39.1382,47.4665],[39.0794,47.5982],[38.6669,47.5982],[38.3846,47.4006],[38.3502,47.2032]]]]}},{"type":"Feature","properties":{"territoryId":"cliopatria-q1517159-2e52c10a80","name":"Hadhramaut","name_ko":"하드라마우트","color":"#e8af2c","colorFamily":1,"startYear":-699,"endYear":-350,"source_name":"Cliopatria v0.2.0","source_url":"https://github.com/Seshat-Global-History-Databank/cliopatria","license":"CC BY 4.0","attribution":"Seshat Global History Databank, Cliopatria contributors"},"geometry":{"type":"MultiPolygon","coordinates":[[[[46.1494,15.5218],[46.223,15.5218],[46.5062,15.329],[47.5284,15.2004],[47.521,15.0718],[49.4098,14.6861],[49.9421,14.8388],[50.2539,14.8883],[50.554,15.0486],[50.7756,15.0894],[50.8452,15.329],[51.0739,15.4575],[51.078,15.5218],[51.2417,15.779],[51.8605,16.229],[51.9516,16.4861],[51.8867,16.6147],[51.0806,16.679],[50.4825,16.5504],[50.1184,16.6147],[49.5943,16.4861],[48.1169,16.4219],[46.6982,16.1004],[46.5547,16.1647],[46.4735,16.0361],[46.3811,15.7147],[46.1494,15.5218]]],[[[46.6283,16.1647],[46.702,16.1647],[46.7058,16.229],[46.6322,16.229],[46.6283,16.1647]]]]}},{"type":"Feature","properties":{"territoryId":"cliopatria-q1517159-2e52c10a80","name":"Hadhramaut","name_ko":"하드라마우트","color":"#e8af2c","colorFamily":1,"startYear":-349,"endYear":183,"source_name":"Cliopatria v0.2.0","source_url":"https://github.com/Seshat-Global-History-Databank/cliopatria","license":"CC BY 4.0","attribution":"Seshat Global History Databank, Cliopatria contributors"},"geometry":{"type":"MultiPolygon","coordinates":[[[[46.1494,15.5218],[46.5798,15.329],[47.5284,15.2004],[47.521,15.0718],[48.3223,14.9432],[48.5354,14.8147],[49.5097,14.7003],[49.9421,14.8388],[50.0298,14.8503],[50.0418,14.8183],[50.1801,14.8437],[50.4595,15.0104],[50.7756,15.0894],[50.8452,15.329],[51.0739,15.4575],[51.078,15.5218],[51.2417,15.779],[51.8605,16.229],[51.9516,16.4861],[51.8867,16.6147],[51.0806,16.679],[50.4825,16.5504],[50.1184,16.6147],[49.5943,16.4861],[48.1169,16.4219],[46.6982,16.1004],[46.5547,16.1647],[46.4735,16.0361],[46.3811,15.7147],[46.1494,15.5218]]],[[[46.6283,16.1647],[46.702,16.1647],[46.7058,16.229],[46.6322,16.229],[46.6283,16.1647]]]]}},{"type":"Feature","properties":{"territoryId":"cliopatria-q1968654-15710324dd","name":"Han","name_ko":"한","color":"#7ea5e7","colorFamily":0,"startYear":-365,"endYear":-350,"source_name":"Cliopatria v0.2.0","source_url":"https://github.com/Seshat-Global-History-Databank/cliopatria","license":"CC BY 4.0","attribution":"Seshat Global History Databank, Cliopatria contributors"},"geometry":{"type":"Polygon","coordinates":[[[110.5884,34.8079],[111.359,34.615],[113.44,34.615],[113.493,34.7436],[113.8281,34.8079],[114.2433,35.9664],[113.6233,35.9664],[113.4528,35.3871],[113.5301,35.3871],[113.3414,34.9366],[112.133,35.001],[112.3199,35.4514],[111.0825,35.4514],[111.0294,35.3227],[110.5884,34.8079]]]}},{"type":"Feature","properties":{"territoryId":"cliopatria-q1968654-15710324dd","name":"Han","name_ko":"한","color":"#7ea5e7","colorFamily":0,"startYear":-349,"endYear":-337,"source_name":"Cliopatria v0.2.0","source_url":"https://github.com/Seshat-Global-History-Databank/cliopatria","license":"CC BY 4.0","attribution":"Seshat Global History Databank, Cliopatria contributors"},"geometry":{"type":"Polygon","coordinates":[[[110.5884,34.8079],[111.359,34.615],[113.44,34.615],[113.6738,34.8079],[114.4721,34.8723],[114.499,34.9366],[114.476,35.0653],[114.2714,35.1297],[113.4758,35.2584],[113.4218,35.1297],[112.186,35.1297],[112.3199,35.4514],[112.9386,35.4514],[112.9157,35.5802],[111.9871,35.5802],[111.8559,35.4514],[111.0825,35.4514],[111.0559,35.3871],[110.5884,34.8079]]]}},{"type":"Feature","properties":{"territoryId":"cliopatria-q1968654-15710324dd","name":"Han","name_ko":"한","color":"#7ea5e7","colorFamily":0,"startYear":-336,"endYear":-256,"source_name":"Cliopatria v0.2.0","source_url":"https://github.com/Seshat-Global-History-Databank/cliopatria","license":"CC BY 4.0","attribution":"Seshat Global History Databank, Cliopatria contributors"},"geometry":{"type":"Polygon","coordinates":[[[111.5902,34.615],[113.44,34.615],[113.6738,34.8079],[114.4721,34.8723],[114.499,34.9366],[114.476,35.0653],[114.2714,35.1297],[113.4758,35.2584],[113.4218,35.1297],[112.186,35.1297],[112.3199,35.4514],[112.9386,35.4514],[112.9157,35.5802],[111.8828,35.5158],[111.5902,34.615]]]}},{"type":"Feature","properties":{"territoryId":"cliopatria-q1194906-43f6b89094","name":"Janapada of Aśmaka","name_ko":"아사카","color":"#f0af75","colorFamily":1,"startYear":-365,"endYear":-350,"source_name":"Cliopatria v0.2.0","source_url":"https://github.com/Seshat-Global-History-Databank/cliopatria","license":"CC BY 4.0","attribution":"Seshat Global History Databank, Cliopatria contributors"},"geometry":{"type":"Polygon","coordinates":[[[77.8039,19.7005],[77.952,19.7005],[77.9296,19.5077],[78.3738,19.5077],[78.5294,19.5719],[78.5445,19.7005],[78.6926,19.7005],[78.7969,19.9577],[78.4415,20.0862],[78.4565,20.2148],[78.16,20.2148],[78.1451,20.0862],[77.8338,19.9577],[77.8039,19.7005]]]}},{"type":"Feature","properties":{"territoryId":"cliopatria-q356524-f6057f2d12","name":"Kalinga","name_ko":"칼링가 (동음이의)","color":"#7e9ee7","colorFamily":0,"startYear":-317,"endYear":-291,"source_name":"Cliopatria v0.2.0","source_url":"https://github.com/Seshat-Global-History-Databank/cliopatria","license":"CC BY 4.0","attribution":"Seshat Global History Databank, Cliopatria contributors"},"geometry":{"type":"MultiPolygon","coordinates":[[[[81.4394,18.5434],[81.5717,18.4148],[81.4745,18.2219],[81.5174,17.9648],[81.6927,17.579],[81.8988,17.4505],[81.8836,17.3219],[82.2922,17.0005],[82.4749,17.206],[83.2389,17.593],[83.2129,17.6349],[83.2991,17.6643],[83.2469,17.7163],[83.2986,17.6901],[83.3413,17.7174],[83.453,17.8685],[83.4519,17.9229],[83.4729,17.9025],[83.5261,17.9425],[83.6139,18.0452],[84.1131,18.2983],[84.1439,18.3748],[84.3499,18.5529],[84.271,18.5002],[84.2469,18.5256],[84.3329,18.5537],[84.4237,18.6365],[84.7411,19.0281],[84.78,19.0971],[84.7405,19.0737],[84.72,19.1016],[84.7388,19.1476],[84.791,19.1206],[84.8721,19.2199],[85.1804,19.475],[85.4089,19.6099],[85.3029,19.5739],[85.2884,19.6013],[85.3779,19.6149],[85.4033,19.6449],[85.3914,19.6906],[85.3091,19.6422],[85.2476,19.6565],[85.2476,19.6087],[85.193,19.5808],[85.2332,19.5541],[85.1992,19.5541],[85.2029,19.5172],[85.124,19.4783],[85.1029,19.5296],[85.1514,19.5603],[85.1401,19.5966],[85.2681,19.78],[85.4401,19.8962],[85.5703,19.8756],[85.5765,19.7458],[85.515,19.7111],[85.5099,19.7346],[85.5021,19.6739],[85.7344,19.7636],[86.0567,19.8569],[86.089,19.8442],[86.3724,19.965],[86.1677,20.0729],[86.1525,20.1431],[86.2092,20.0666],[86.2754,20.0674],[86.3972,19.9829],[86.4263,19.9992],[86.3914,20.0202],[86.4069,20.0355],[86.1565,20.1505],[86.1983,20.472],[86.0667,20.6005],[85.9184,20.6005],[85.1356,20.8577],[83.371,20.9862],[82.7532,20.7934],[82.5067,20.6005],[82.2286,20.1505],[81.9085,19.9577],[81.4707,18.8005],[81.4394,18.5434]]],[[[85.4994,19.6535],[85.5765,19.6906],[85.4996,19.6549],[85.4994,19.6535]]]]}},{"type":"Feature","properties":{"territoryId":"cliopatria-q208404-677012330e","name":"Kingdom of Armenia","name_ko":"아르메니아 왕국","color":"#dd4b83","colorFamily":3,"startYear":-325,"endYear":-323,"source_name":"Cliopatria v0.2.0","source_url":"https://github.com/Seshat-Global-History-Databank/cliopatria","license":"CC BY 4.0","attribution":"Seshat Global History Databank, Cliopatria contributors"},"geometry":{"type":"MultiPolygon","coordinates":[[[[38.7449,39.5789],[38.9632,39.4496],[38.8136,38.9326],[39.1102,38.8034],[39.2496,38.6743],[39.2322,38.5451],[39.389,38.5451],[39.45,38.416],[40.4507,38.2869],[40.5983,38.2224],[40.5716,38.0288],[41.6666,38.0288],[41.961,37.8998],[42.5082,37.8998],[43.9448,37.5773],[44.4131,37.5773],[44.6374,37.5128],[44.7738,37.3838],[44.8031,37.0615],[45.0952,36.9326],[45.4261,37.0615],[45.4458,37.1904],[45.29,37.1904],[45.2517,37.4483],[45.1737,37.4483],[45.2238,37.7707],[45.6349,37.8998],[45.8539,38.2869],[46.1209,38.4806],[47.2516,38.6743],[48.326,38.0933],[48.7954,38.0933],[48.8206,38.6743],[48.7422,38.6743],[48.9275,39.2557],[48.7822,39.3203],[48.8065,39.4496],[48.6733,39.5789],[48.3035,39.7083],[47.5151,39.7083],[47.3812,39.8376],[47.0538,39.7729],[46.7736,39.967],[46.5367,39.967],[46.4932,40.1612],[45.5241,40.4849],[45.4922,40.744],[45.6747,40.8736],[45.4727,41.068],[45.2345,41.068],[45.2586,41.1977],[45.1238,41.3274],[44.9552,41.2627],[45.0514,41.3221],[44.2373,41.2625],[44.034,41.4571],[43.7836,41.3922],[42.5561,41.6518],[42.5335,41.522],[42.2947,41.522],[42.3631,41.4571],[42.2502,41.2625],[41.5348,41.2625],[41.3598,40.6792],[41.122,40.6792],[41.0051,40.9384],[40.8464,40.9384],[40.5776,40.744],[40.5471,40.5496],[40.7643,40.4201],[40.4278,40.2906],[40.3982,40.0964],[38.7904,39.9023],[38.9298,39.7729],[38.7449,39.5789]],[[42.5355,41.4935],[42.555,41.5503],[42.5605,41.5555],[42.5355,41.4935]],[[42.5783,41.5723],[42.5852,41.5788],[42.5991,41.5805],[42.5783,41.5723]],[[42.661,41.5883],[42.8009,41.5792],[42.8199,41.5723],[42.661,41.5883]],[[42.8066,41.5428],[42.8199,41.5723],[42.8068,41.543],[42.8066,41.5428]],[[44.692,39.793],[44.7746,39.7028],[44.7769,39.6984],[44.692,39.793]],[[44.8011,39.653],[44.8085,39.6391],[44.807,39.6399],[44.8011,39.653]],[[44.814,39.6362],[44.8723,39.6251],[44.8278,39.6288],[44.814,39.6362]],[[45.0922,39.3444],[45.096,39.3411],[45.1358,39.2785],[45.0922,39.3444]],[[45.753,39.5635],[45.7655,39.5616],[45.7739,39.5549],[45.753,39.5635]],[[46.1064,38.8682],[46.1359,38.8637],[46.1261,38.8627],[46.1064,38.8682]],[[46.5901,38.9137],[46.6522,38.9929],[46.5992,38.9197],[46.5901,38.9137]]],[[[47.0656,39.8376],[47.1445,39.8376],[47.1564,39.9023],[47.0775,39.9023],[47.0656,39.8376]]],[[[46.9196,39.9023],[46.9986,39.9023],[47.0104,39.967],[46.9315,39.967],[46.9196,39.9023]]]]}},{"type":"Feature","properties":{"territoryId":"cliopatria-q208404-677012330e","name":"Kingdom of Armenia","name_ko":"아르메니아 왕국","color":"#dd4b83","colorFamily":3,"startYear":-322,"endYear":-318,"source_name":"Cliopatria v0.2.0","source_url":"https://github.com/Seshat-Global-History-Databank/cliopatria","license":"CC BY 4.0","attribution":"Seshat Global History Databank, Cliopatria contributors"},"geometry":{"type":"MultiPolygon","coordinates":[[[[39.363,38.3515],[39.4413,38.3515],[39.45,38.416],[39.3716,38.416],[39.363,38.3515]]],[[[38.7437,38.9972],[39.2496,38.6743],[39.2933,38.416],[39.4587,38.4806],[40.0591,38.2869],[40.4507,38.2869],[40.5894,38.1578],[40.5805,38.0933],[41.6666,38.0288],[41.961,37.8998],[42.5082,37.8998],[43.9448,37.5773],[44.4131,37.5773],[44.7738,37.3838],[44.7446,37.1904],[44.8713,36.9971],[45.2509,36.9326],[45.4458,37.1904],[45.29,37.1904],[45.2517,37.4483],[45.1737,37.4483],[45.2238,37.7707],[45.6349,37.8998],[45.8539,38.2869],[46.1209,38.4806],[47.2516,38.6743],[48.326,38.0933],[48.7954,38.0933],[48.8206,38.6743],[48.7422,38.6743],[48.9275,39.2557],[48.7822,39.3203],[48.8065,39.4496],[48.6733,39.5789],[48.3035,39.7083],[47.5151,39.7083],[47.3812,39.8376],[47.0538,39.7729],[46.7736,39.967],[46.5367,39.967],[46.4932,40.1612],[45.5241,40.4849],[45.4922,40.744],[45.6747,40.8736],[45.4727,41.068],[45.2345,41.068],[45.2586,41.1977],[45.1238,41.3274],[44.9552,41.2627],[45.0514,41.3221],[44.2373,41.2625],[44.034,41.4571],[43.7836,41.3922],[42.5561,41.6518],[42.5335,41.522],[42.2947,41.522],[42.3631,41.4571],[42.2502,41.2625],[41.5348,41.2625],[41.3598,40.6792],[41.122,40.6792],[41.0051,40.9384],[40.8464,40.9384],[40.5776,40.744],[40.5471,40.5496],[40.7643,40.4201],[40.4278,40.2906],[40.3982,40.0964],[38.7904,39.9023],[38.9298,39.7729],[38.7449,39.5789],[38.8934,39.5143],[38.8665,39.3203],[38.9452,39.3203],[38.7437,38.9972]],[[42.5355,41.4935],[42.555,41.5503],[42.5605,41.5555],[42.5355,41.4935]],[[42.5783,41.5723],[42.5852,41.5788],[42.5991,41.5805],[42.5783,41.5723]],[[42.661,41.5883],[42.8009,41.5792],[42.8199,41.5723],[42.661,41.5883]],[[42.8066,41.5428],[42.8199,41.5723],[42.8068,41.543],[42.8066,41.5428]],[[44.692,39.793],[44.7746,39.7028],[44.7769,39.6984],[44.692,39.793]],[[44.8011,39.653],[44.8085,39.6391],[44.807,39.6399],[44.8011,39.653]],[[44.814,39.6362],[44.8723,39.6251],[44.8278,39.6288],[44.814,39.6362]],[[45.0922,39.3444],[45.096,39.3411],[45.1358,39.2785],[45.0922,39.3444]],[[45.753,39.5635],[45.7655,39.5616],[45.7739,39.5549],[45.753,39.5635]],[[46.1064,38.8682],[46.1359,38.8637],[46.1261,38.8627],[46.1064,38.8682]],[[46.5901,38.9137],[46.6522,38.9929],[46.5992,38.9197],[46.5901,38.9137]]],[[[47.0656,39.8376],[47.1445,39.8376],[47.1564,39.9023],[47.0775,39.9023],[47.0656,39.8376]]],[[[46.9196,39.9023],[46.9986,39.9023],[47.0104,39.967],[46.9315,39.967],[46.9196,39.9023]]]]}},{"type":"Feature","properties":{"territoryId":"cliopatria-q208404-677012330e","name":"Kingdom of Armenia","name_ko":"아르메니아 왕국","color":"#dd4b83","colorFamily":3,"startYear":-317,"endYear":-315,"source_name":"Cliopatria v0.2.0","source_url":"https://github.com/Seshat-Global-History-Databank/cliopatria","license":"CC BY 4.0","attribution":"Seshat Global History Databank, Cliopatria contributors"},"geometry":{"type":"MultiPolygon","coordinates":[[[[38.7449,39.5789],[38.8934,39.5143],[38.8665,39.3203],[38.9452,39.3203],[38.7525,39.0618],[39.45,38.416],[40.4507,38.2869],[40.5983,38.2224],[40.5805,38.0933],[41.6666,38.0288],[41.961,37.8998],[42.5082,37.8998],[43.9448,37.5773],[44.4131,37.5773],[44.7738,37.3838],[44.7446,37.1904],[44.8713,36.9971],[45.2509,36.9326],[45.4458,37.1904],[45.29,37.1904],[45.2517,37.4483],[45.1737,37.4483],[45.2238,37.7707],[45.6349,37.8998],[45.8539,38.2869],[46.1209,38.4806],[47.2516,38.6743],[48.326,38.0933],[48.7954,38.0933],[48.8206,38.6743],[48.7422,38.6743],[48.9275,39.2557],[48.7822,39.3203],[48.8065,39.4496],[48.6733,39.5789],[48.3035,39.7083],[47.5151,39.7083],[47.3812,39.8376],[47.0538,39.7729],[46.7736,39.967],[46.5367,39.967],[46.4932,40.1612],[45.5241,40.4849],[45.4922,40.744],[45.6747,40.8736],[45.4727,41.068],[45.2345,41.068],[45.2586,41.1977],[45.1238,41.3274],[44.9552,41.2627],[45.0514,41.3221],[44.2373,41.2625],[44.034,41.4571],[43.7836,41.3922],[42.5561,41.6518],[42.5335,41.522],[42.2947,41.522],[42.3631,41.4571],[42.2502,41.2625],[41.5348,41.2625],[41.3598,40.6792],[41.122,40.6792],[41.0051,40.9384],[40.8464,40.9384],[40.5776,40.744],[40.5471,40.5496],[40.7643,40.4201],[40.4278,40.2906],[40.3982,40.0964],[38.7904,39.9023],[38.9298,39.7729],[38.7449,39.5789]],[[42.5355,41.4935],[42.555,41.5503],[42.5605,41.5555],[42.5355,41.4935]],[[42.5783,41.5723],[42.5852,41.5788],[42.5991,41.5805],[42.5783,41.5723]],[[42.661,41.5883],[42.8009,41.5792],[42.8199,41.5723],[42.661,41.5883]],[[42.8066,41.5428],[42.8199,41.5723],[42.8068,41.543],[42.8066,41.5428]],[[44.692,39.793],[44.7746,39.7028],[44.7769,39.6984],[44.692,39.793]],[[44.8011,39.653],[44.8085,39.6391],[44.807,39.6399],[44.8011,39.653]],[[44.814,39.6362],[44.8723,39.6251],[44.8278,39.6288],[44.814,39.6362]],[[45.0922,39.3444],[45.096,39.3411],[45.1358,39.2785],[45.0922,39.3444]],[[45.753,39.5635],[45.7655,39.5616],[45.7739,39.5549],[45.753,39.5635]],[[46.1064,38.8682],[46.1359,38.8637],[46.1261,38.8627],[46.1064,38.8682]],[[46.5901,38.9137],[46.6522,38.9929],[46.5992,38.9197],[46.5901,38.9137]]],[[[47.0656,39.8376],[47.1445,39.8376],[47.1564,39.9023],[47.0775,39.9023],[47.0656,39.8376]]],[[[46.9196,39.9023],[46.9986,39.9023],[47.0104,39.967],[46.9315,39.967],[46.9196,39.9023]]]]}},{"type":"Feature","properties":{"territoryId":"cliopatria-q208404-677012330e","name":"Kingdom of Armenia","name_ko":"아르메니아 왕국","color":"#dd4b83","colorFamily":3,"startYear":-314,"endYear":-307,"source_name":"Cliopatria v0.2.0","source_url":"https://github.com/Seshat-Global-History-Databank/cliopatria","license":"CC BY 4.0","attribution":"Seshat Global History Databank, Cliopatria contributors"},"geometry":{"type":"MultiPolygon","coordinates":[[[[38.7449,39.5789],[38.8934,39.5143],[38.8665,39.3203],[38.9452,39.3203],[38.7525,39.0618],[39.45,38.416],[40.4507,38.2869],[40.5983,38.2224],[40.5716,38.0288],[41.6666,38.0288],[41.961,37.8998],[42.5082,37.8998],[42.802,37.7707],[44.6374,37.5128],[44.7738,37.3838],[44.8031,37.0615],[45.0952,36.9326],[45.4261,37.0615],[45.4458,37.1904],[45.29,37.1904],[45.2517,37.4483],[45.1737,37.4483],[45.2238,37.7707],[45.6349,37.8998],[45.8539,38.2869],[46.1209,38.4806],[47.2516,38.6743],[48.326,38.0933],[48.7954,38.0933],[48.8206,38.6743],[48.7422,38.6743],[48.9275,39.2557],[48.7822,39.3203],[48.8065,39.4496],[48.6733,39.5789],[48.3035,39.7083],[47.5151,39.7083],[47.3812,39.8376],[47.0538,39.7729],[46.7736,39.967],[46.5367,39.967],[46.4932,40.1612],[45.5241,40.4849],[45.4922,40.744],[45.6747,40.8736],[45.4727,41.068],[45.2345,41.068],[45.2586,41.1977],[45.1238,41.3274],[44.9552,41.2627],[45.0514,41.3221],[44.2373,41.2625],[44.034,41.4571],[43.7836,41.3922],[42.5561,41.6518],[42.5335,41.522],[42.2947,41.522],[42.3631,41.4571],[42.2502,41.2625],[41.5348,41.2625],[41.3598,40.6792],[41.122,40.6792],[41.0051,40.9384],[40.8464,40.9384],[40.5776,40.744],[40.5471,40.5496],[40.7643,40.4201],[40.4278,40.2906],[40.3982,40.0964],[38.7904,39.9023],[38.9298,39.7729],[38.7449,39.5789]],[[42.5355,41.4935],[42.555,41.5503],[42.5605,41.5555],[42.5355,41.4935]],[[42.5783,41.5723],[42.5852,41.5788],[42.5991,41.5805],[42.5783,41.5723]],[[42.661,41.5883],[42.8009,41.5792],[42.8199,41.5723],[42.661,41.5883]],[[42.8066,41.5428],[42.8199,41.5723],[42.8068,41.543],[42.8066,41.5428]],[[44.692,39.793],[44.7746,39.7028],[44.7769,39.6984],[44.692,39.793]],[[44.8011,39.653],[44.8085,39.6391],[44.807,39.6399],[44.8011,39.653]],[[44.814,39.6362],[44.8723,39.6251],[44.8278,39.6288],[44.814,39.6362]],[[45.0922,39.3444],[45.096,39.3411],[45.1358,39.2785],[45.0922,39.3444]],[[45.753,39.5635],[45.7655,39.5616],[45.7739,39.5549],[45.753,39.5635]],[[46.1064,38.8682],[46.1359,38.8637],[46.1261,38.8627],[46.1064,38.8682]],[[46.5901,38.9137],[46.6522,38.9929],[46.5992,38.9197],[46.5901,38.9137]]],[[[47.0656,39.8376],[47.1445,39.8376],[47.1564,39.9023],[47.0775,39.9023],[47.0656,39.8376]]],[[[46.9196,39.9023],[46.9986,39.9023],[47.0104,39.967],[46.9315,39.967],[46.9196,39.9023]]]]}},{"type":"Feature","properties":{"territoryId":"cliopatria-q208404-677012330e","name":"Kingdom of Armenia","name_ko":"아르메니아 왕국","color":"#dd4b83","colorFamily":3,"startYear":-306,"endYear":-301,"source_name":"Cliopatria v0.2.0","source_url":"https://github.com/Seshat-Global-History-Databank/cliopatria","license":"CC BY 4.0","attribution":"Seshat Global History Databank, Cliopatria contributors"},"geometry":{"type":"MultiPolygon","coordinates":[[[[38.7449,39.5789],[38.8934,39.5143],[38.8665,39.3203],[38.9452,39.3203],[38.7525,39.0618],[39.45,38.416],[40.4507,38.2869],[40.5983,38.2224],[40.5716,38.0288],[41.6666,38.0288],[41.961,37.8998],[42.5082,37.8998],[43.9448,37.5773],[44.4131,37.5773],[44.7738,37.3838],[44.7446,37.1904],[44.8713,36.9971],[45.2509,36.9326],[45.4458,37.1904],[45.29,37.1904],[45.2517,37.4483],[45.1737,37.4483],[45.2238,37.7707],[45.6349,37.8998],[45.8539,38.2869],[46.1209,38.4806],[47.2516,38.6743],[48.326,38.0933],[48.7954,38.0933],[48.8206,38.6743],[48.7422,38.6743],[48.9275,39.2557],[48.7822,39.3203],[48.8065,39.4496],[48.6733,39.5789],[48.3035,39.7083],[47.5151,39.7083],[47.3812,39.8376],[47.0538,39.7729],[46.7736,39.967],[46.5367,39.967],[46.4932,40.1612],[45.5241,40.4849],[45.4922,40.744],[45.6747,40.8736],[45.4727,41.068],[45.2345,41.068],[45.2586,41.1977],[45.1238,41.3274],[44.9552,41.2627],[45.0514,41.3221],[44.2373,41.2625],[44.034,41.4571],[43.7836,41.3922],[42.5561,41.6518],[42.5335,41.522],[42.2947,41.522],[42.3631,41.4571],[42.2502,41.2625],[41.5348,41.2625],[41.3598,40.6792],[41.122,40.6792],[41.0051,40.9384],[40.8464,40.9384],[40.5776,40.744],[40.5471,40.5496],[40.7643,40.4201],[40.4278,40.2906],[40.3982,40.0964],[38.7904,39.9023],[38.9298,39.7729],[38.7449,39.5789]],[[42.5355,41.4935],[42.555,41.5503],[42.5605,41.5555],[42.5355,41.4935]],[[42.5783,41.5723],[42.5852,41.5788],[42.5991,41.5805],[42.5783,41.5723]],[[42.661,41.5883],[42.8009,41.5792],[42.8199,41.5723],[42.661,41.5883]],[[42.8066,41.5428],[42.8199,41.5723],[42.8068,41.543],[42.8066,41.5428]],[[44.692,39.793],[44.7746,39.7028],[44.7769,39.6984],[44.692,39.793]],[[44.8011,39.653],[44.8085,39.6391],[44.807,39.6399],[44.8011,39.653]],[[44.814,39.6362],[44.8723,39.6251],[44.8278,39.6288],[44.814,39.6362]],[[45.0922,39.3444],[45.096,39.3411],[45.1358,39.2785],[45.0922,39.3444]],[[45.753,39.5635],[45.7655,39.5616],[45.7739,39.5549],[45.753,39.5635]],[[46.1064,38.8682],[46.1359,38.8637],[46.1261,38.8627],[46.1064,38.8682]],[[46.5901,38.9137],[46.6522,38.9929],[46.5992,38.9197],[46.5901,38.9137]]],[[[47.0656,39.8376],[47.1445,39.8376],[47.1564,39.9023],[47.0775,39.9023],[47.0656,39.8376]]],[[[46.9196,39.9023],[46.9986,39.9023],[47.0104,39.967],[46.9315,39.967],[46.9196,39.9023]]]]}},{"type":"Feature","properties":{"territoryId":"cliopatria-q3762571-32a49ec7b9","name":"Kingdom of Bithynia","name_ko":"비티니아 왕국","color":"#d93a56","colorFamily":3,"startYear":-332,"endYear":-331,"source_name":"Cliopatria v0.2.0","source_url":"https://github.com/Seshat-Global-History-Databank/cliopatria","license":"CC BY 4.0","attribution":"Seshat Global History Databank, Cliopatria contributors"},"geometry":{"type":"Polygon","coordinates":[[[29.2546,40.8108],[29.3154,40.8244],[29.338,40.8088],[29.4865,40.8088],[29.4834,40.7778],[29.6662,40.7835],[29.7754,40.7487],[29.9292,40.758],[29.9354,40.744],[30.4111,40.5496],[31.196,40.4849],[31.714,40.8736],[32.118,40.9384],[32.1404,41.1328],[32.3068,41.1977],[32.322,41.3274],[32.115,41.5981],[32.073,41.5856],[32.0265,41.522],[31.8271,41.4823],[31.6803,41.4087],[31.5917,41.1977],[31.3955,41.1977],[31.3236,41.1339],[31.1801,41.068],[30.6242,41.068],[30.53,41.1522],[30.37,41.1813],[30.342,41.1977],[30.2607,41.1977],[30.2171,41.1671],[30.1369,41.1438],[29.8846,41.149],[29.5011,41.1977],[29.3668,41.1977],[29.2664,40.8673],[29.2949,40.8388],[29.2746,40.8388],[29.2546,40.8108]]]}},{"type":"Feature","properties":{"territoryId":"cliopatria-q3762571-32a49ec7b9","name":"Kingdom of Bithynia","name_ko":"비티니아 왕국","color":"#d93a56","colorFamily":3,"startYear":-330,"endYear":-323,"source_name":"Cliopatria v0.2.0","source_url":"https://github.com/Seshat-Global-History-Databank/cliopatria","license":"CC BY 4.0","attribution":"Seshat Global History Databank, Cliopatria contributors"},"geometry":{"type":"Polygon","coordinates":[[[29.2546,40.8108],[29.3154,40.8244],[29.338,40.8088],[29.4865,40.8088],[29.4834,40.7778],[29.6662,40.7835],[29.7754,40.7487],[29.9292,40.758],[29.9393,40.7351],[29.9242,40.7165],[29.8672,40.7289],[29.6888,40.7134],[30.807,40.5496],[30.8862,40.5496],[31.196,40.4849],[31.714,40.8736],[32.118,40.9384],[32.1404,41.1328],[32.3068,41.1977],[32.322,41.3274],[32.115,41.5981],[32.073,41.5856],[32.0265,41.522],[31.8271,41.4823],[31.6803,41.4087],[31.5917,41.1977],[31.3955,41.1977],[31.3236,41.1339],[31.1801,41.068],[30.6242,41.068],[30.53,41.1522],[30.37,41.1813],[30.342,41.1977],[30.2607,41.1977],[30.2171,41.1671],[30.1369,41.1438],[29.8846,41.149],[29.5011,41.1977],[29.3668,41.1977],[29.2664,40.8673],[29.2949,40.8388],[29.2746,40.8388],[29.2546,40.8108]]]}},{"type":"Feature","properties":{"territoryId":"cliopatria-q3762571-32a49ec7b9","name":"Kingdom of Bithynia","name_ko":"비티니아 왕국","color":"#d93a56","colorFamily":3,"startYear":-322,"endYear":-301,"source_name":"Cliopatria v0.2.0","source_url":"https://github.com/Seshat-Global-History-Databank/cliopatria","license":"CC BY 4.0","attribution":"Seshat Global History Databank, Cliopatria contributors"},"geometry":{"type":"Polygon","coordinates":[[[29.2546,40.8108],[29.3154,40.8244],[29.338,40.8088],[29.4865,40.8088],[29.4834,40.7778],[29.6662,40.7835],[29.7754,40.7487],[29.9292,40.758],[29.9393,40.7351],[29.9242,40.7165],[29.8672,40.7289],[29.6888,40.7134],[30.807,40.5496],[30.8862,40.5496],[31.196,40.4849],[31.714,40.8736],[32.118,40.9384],[32.1404,41.1328],[32.2992,41.1328],[32.3296,41.3922],[32.1047,41.595],[32.0323,41.5716],[32.0265,41.522],[31.8271,41.4823],[31.6803,41.4087],[31.5917,41.1977],[31.3955,41.1977],[31.3236,41.1339],[31.1801,41.068],[30.6242,41.068],[30.53,41.1522],[30.37,41.1813],[30.342,41.1977],[30.2607,41.1977],[30.2171,41.1671],[30.1369,41.1438],[29.8846,41.149],[29.5011,41.1977],[29.3668,41.1977],[29.2664,40.8673],[29.2949,40.8388],[29.2746,40.8388],[29.2546,40.8108]]]}},{"type":"Feature","properties":{"territoryId":"cliopatria-q241790-c835c9c865","name":"Kingdom of Kush","name_ko":"쿠시 왕국","color":"#e13373","colorFamily":3,"startYear":-629,"endYear":337,"source_name":"Cliopatria v0.2.0","source_url":"https://github.com/Seshat-Global-History-Databank/cliopatria","license":"CC BY 4.0","attribution":"Seshat Global History Databank, Cliopatria contributors"},"geometry":{"type":"MultiPolygon","coordinates":[[[[30.5372,23.3649],[30.742,22.8506],[30.7214,22.272],[30.5615,21.9505],[30.6358,21.9505],[30.6879,21.3077],[30.7621,21.3077],[30.7442,20.7934],[30.8184,20.7934],[30.8026,20.3434],[30.8768,20.3434],[31.147,17.6433],[31.2208,17.6433],[31.337,16.8076],[31.4771,16.6147],[31.3939,16.3576],[31.5364,16.229],[31.527,15.9718],[31.7337,15.5861],[32.0944,15.3933],[32.5334,15.329],[32.5286,15.2004],[33.8621,15.4575],[34.0981,15.8433],[34.6843,15.779],[34.5556,16.229],[34.7137,16.4861],[35.6713,16.4861],[36.0539,16.8076],[36.0033,17.3219],[35.5013,17.6433],[35.2998,18.0933],[34.939,18.2862],[34.8792,18.6076],[34.5974,18.9291],[34.4687,19.3791],[34.2575,19.6362],[33.8196,21.6291],[33.7453,21.6291],[33.7704,21.737],[33.5609,21.7091],[33.1811,21.9954],[31.4355,21.9954],[33.8307,21.9955],[33.7635,22.0791],[33.8378,22.0791],[33.8832,23.172],[33.8087,23.172],[33.8225,23.4934],[33.679,23.622],[33.6818,23.6863],[33.389,23.8149],[32.0409,23.6863],[31.6705,23.7506],[30.5372,23.3649]]],[[[33.1811,21.9954],[33.5584,21.711],[33.7707,21.7382],[33.8307,21.9955],[33.1811,21.9954]]]]}},{"type":"Feature","properties":{"territoryId":"cliopatria-q32133-440acccbcb","name":"Kingdom of Lysimachus","name_ko":"리시마코스","color":"#e07a5c","colorFamily":5,"startYear":-322,"endYear":-318,"source_name":"Cliopatria v0.2.0","source_url":"https://github.com/Seshat-Global-History-Databank/cliopatria","license":"CC BY 4.0","attribution":"Seshat Global History Databank, Cliopatria contributors"},"geometry":{"type":"MultiPolygon","coordinates":[[[[22.3924,42.6912],[22.4725,42.6912],[22.4769,42.7563],[22.3968,42.7563],[22.3924,42.6912]]],[[[22.6462,42.8864],[22.7264,42.8864],[22.7309,42.9515],[22.6506,42.9515],[22.6462,42.8864]]],[[[22.7309,42.9515],[22.8111,42.9515],[22.8157,43.0165],[22.7354,43.0165],[22.7309,42.9515]]],[[[22.3707,42.3662],[22.4377,42.1712],[22.6729,42.1063],[22.8194,41.9114],[23.528,41.7816],[23.5938,41.5869],[23.7484,41.522],[23.8047,41.1977],[23.9636,41.1977],[24.2625,40.9384],[24.5051,40.9616],[24.5714,40.9384],[24.9458,40.9384],[24.9898,40.9421],[25.0391,41.006],[25.1384,41.0101],[25.1699,40.9958],[25.134,40.9629],[25.2039,40.9384],[25.8495,40.9384],[26.0822,40.8736],[26.1403,40.6144],[26.6264,40.744],[26.7335,40.65],[26.7904,40.6606],[26.8289,40.602],[26.814,40.5793],[26.8709,40.5293],[26.9576,40.5584],[27.0172,40.6792],[27.5275,41.068],[29.0362,41.068],[28.9791,41.252],[28.5053,41.3274],[28.2792,41.4571],[28.2645,41.504],[28.0814,41.6518],[27.9794,41.6518],[27.937,42.0413],[27.4727,42.4619],[27.4657,42.4283],[27.4529,42.4801],[27.4802,42.4829],[27.5052,42.5388],[27.5135,42.6262],[27.8466,42.7563],[27.8049,43.1467],[27.8982,43.2769],[28.0607,43.3092],[28.1188,43.3915],[28.1925,43.4078],[28.1592,43.4723],[28.4811,43.4723],[28.6163,43.9938],[28.5356,43.9938],[28.5769,44.3854],[28.7612,44.5223],[28.7742,44.5523],[28.7327,44.5679],[28.7879,44.5865],[28.7578,44.6268],[28.7947,44.6343],[28.7742,44.6008],[28.8362,44.6268],[28.8338,44.6511],[28.784,44.6492],[28.7983,44.7202],[28.8257,44.7332],[28.802,44.9734],[28.9086,44.9734],[28.9832,45.0123],[29.0583,45.001],[29.1106,44.97],[29.0418,44.9257],[29.0603,44.8323],[29.1038,44.8403],[29.0964,44.8751],[29.1387,44.8215],[29.2746,44.8426],[29.6213,45.0388],[29.6659,45.4313],[29.1847,45.4968],[28.7561,45.3004],[28.4307,45.3004],[28.275,45.3659],[28.2812,45.4249],[28.2376,45.4521],[28.2814,45.4265],[28.2888,45.4968],[28.0513,45.5623],[28.0376,45.4313],[27.7867,45.3659],[27.7666,45.1696],[27.9224,45.1042],[27.8888,44.7773],[27.7266,44.7773],[27.7067,44.5813],[27.8687,44.5813],[27.8488,44.3854],[27.9297,44.3854],[27.7481,44.1896],[26.3682,44.1243],[25.5205,43.6678],[24.8062,43.7982],[24.0754,43.733],[23.9244,43.8634],[23.5211,43.8634],[23.582,43.6027],[23.4209,43.6027],[23.3307,43.4723],[23.3967,43.2769],[23.0705,43.2118],[23.1414,43.0816],[22.9808,43.0816],[22.5526,42.6912],[22.4725,42.6912],[22.5365,42.4784],[22.3707,42.3662]],[[22.5365,42.4784],[22.5331,42.4576],[22.5088,42.4049],[22.5365,42.4784]],[[24.1262,41.5294],[24.1463,41.5268],[24.1702,41.5116],[24.1262,41.5294]],[[24.1816,41.5374],[24.1963,41.547],[24.2121,41.5518],[24.1816,41.5374]],[[25.1771,41.2939],[25.2308,41.248],[25.2197,41.2497],[25.1771,41.2939]],[[26.0475,41.6746],[26.0493,41.6823],[26.055,41.6488],[26.0475,41.6746]],[[26.0522,41.6952],[26.0537,41.7015],[26.0579,41.7035],[26.0522,41.6952]],[[26.1312,41.5527],[26.1525,41.547],[26.1544,41.5437],[26.1312,41.5527]],[[26.1459,41.478],[26.1602,41.5019],[26.1593,41.4938],[26.1459,41.478]],[[26.1589,41.5362],[26.1631,41.5291],[26.1617,41.5157],[26.1589,41.5362]],[[26.2304,41.7466],[26.2344,41.7458],[26.2739,41.7149],[26.2304,41.7466]],[[26.3668,41.7112],[26.3774,41.7106],[26.4044,41.6918],[26.3668,41.7112]],[[26.5837,41.3326],[26.6097,41.3307],[26.5911,41.3293],[26.5837,41.3326]]],[[[22.8157,43.0165],[22.8959,43.0165],[22.9005,43.0816],[22.8203,43.0816],[22.8157,43.0165]]]]}},{"type":"Feature","properties":{"territoryId":"cliopatria-q32133-440acccbcb","name":"Kingdom of Lysimachus","name_ko":"리시마코스","color":"#e07a5c","colorFamily":5,"startYear":-317,"endYear":-315,"source_name":"Cliopatria v0.2.0","source_url":"https://github.com/Seshat-Global-History-Databank/cliopatria","license":"CC BY 4.0","attribution":"Seshat Global History Databank, Cliopatria contributors"},"geometry":{"type":"MultiPolygon","coordinates":[[[[22.3924,42.6912],[22.4725,42.6912],[22.4769,42.7563],[22.3968,42.7563],[22.3924,42.6912]]],[[[22.6462,42.8864],[22.7264,42.8864],[22.7309,42.9515],[22.6506,42.9515],[22.6462,42.8864]]],[[[22.7309,42.9515],[22.8111,42.9515],[22.8157,43.0165],[22.7354,43.0165],[22.7309,42.9515]]],[[[22.3707,42.3662],[22.4377,42.1712],[22.6729,42.1063],[22.8194,41.9114],[23.528,41.7816],[23.5938,41.5869],[23.7484,41.522],[23.7344,41.3274],[24.2625,40.9384],[24.5051,40.9616],[24.5714,40.9384],[24.9458,40.9384],[24.9898,40.9421],[25.0391,41.006],[25.1384,41.0101],[25.1699,40.9958],[25.134,40.9629],[25.2039,40.9384],[25.8495,40.9384],[26.0822,40.8736],[26.1403,40.6144],[26.6264,40.744],[26.7335,40.65],[26.7904,40.6606],[26.8289,40.602],[26.814,40.5793],[26.8709,40.5293],[26.9576,40.5584],[27.0172,40.6792],[27.5275,41.068],[29.0362,41.068],[28.9791,41.252],[28.5053,41.3274],[28.2792,41.4571],[28.2645,41.504],[28.0814,41.6518],[27.9794,41.6518],[27.937,42.0413],[27.4727,42.4619],[27.4657,42.4283],[27.4529,42.4801],[27.4802,42.4829],[27.5052,42.5388],[27.5135,42.6262],[27.8466,42.7563],[27.8049,43.1467],[27.8982,43.2769],[28.0607,43.3092],[28.1188,43.3915],[28.1925,43.4078],[28.1592,43.4723],[28.4811,43.4723],[28.6163,43.9938],[28.5356,43.9938],[28.5769,44.3854],[28.7612,44.5223],[28.7742,44.5523],[28.7327,44.5679],[28.7879,44.5865],[28.7578,44.6268],[28.7947,44.6343],[28.7742,44.6008],[28.8362,44.6268],[28.8338,44.6511],[28.784,44.6492],[28.7983,44.7202],[28.8257,44.7332],[28.802,44.9734],[28.9086,44.9734],[28.9832,45.0123],[29.0583,45.001],[29.1106,44.97],[29.0418,44.9257],[29.0603,44.8323],[29.1038,44.8403],[29.0964,44.8751],[29.1387,44.8215],[29.2746,44.8426],[29.6213,45.0388],[29.6659,45.4313],[29.1847,45.4968],[28.7561,45.3004],[28.4307,45.3004],[28.275,45.3659],[28.2812,45.4249],[28.2376,45.4521],[28.2814,45.4265],[28.2888,45.4968],[28.0513,45.5623],[28.0376,45.4313],[27.7867,45.3659],[27.7666,45.1696],[27.9224,45.1042],[27.8888,44.7773],[27.7266,44.7773],[27.7067,44.5813],[27.8687,44.5813],[27.8488,44.3854],[27.9297,44.3854],[27.7481,44.1896],[26.3682,44.1243],[25.5205,43.6678],[24.8062,43.7982],[24.0754,43.733],[23.9244,43.8634],[23.5211,43.8634],[23.582,43.6027],[23.4209,43.6027],[23.3307,43.4723],[23.3967,43.2769],[23.0705,43.2118],[23.1414,43.0816],[22.9808,43.0816],[22.5526,42.6912],[22.4725,42.6912],[22.5365,42.4784],[22.3707,42.3662]],[[22.5365,42.4784],[22.5331,42.4576],[22.5088,42.4049],[22.5365,42.4784]],[[24.1262,41.5294],[24.1463,41.5268],[24.1702,41.5116],[24.1262,41.5294]],[[24.1816,41.5374],[24.1963,41.547],[24.2121,41.5518],[24.1816,41.5374]],[[25.1771,41.2939],[25.2308,41.248],[25.2197,41.2497],[25.1771,41.2939]],[[26.0475,41.6746],[26.0493,41.6823],[26.055,41.6488],[26.0475,41.6746]],[[26.0522,41.6952],[26.0537,41.7015],[26.0579,41.7035],[26.0522,41.6952]],[[26.1312,41.5527],[26.1525,41.547],[26.1544,41.5437],[26.1312,41.5527]],[[26.1459,41.478],[26.1602,41.5019],[26.1593,41.4938],[26.1459,41.478]],[[26.1589,41.5362],[26.1631,41.5291],[26.1617,41.5157],[26.1589,41.5362]],[[26.2304,41.7466],[26.2344,41.7458],[26.2739,41.7149],[26.2304,41.7466]],[[26.3668,41.7112],[26.3774,41.7106],[26.4044,41.6918],[26.3668,41.7112]],[[26.5837,41.3326],[26.6097,41.3307],[26.5911,41.3293],[26.5837,41.3326]]],[[[22.8157,43.0165],[22.8959,43.0165],[22.9005,43.0816],[22.8203,43.0816],[22.8157,43.0165]]]]}},{"type":"Feature","properties":{"territoryId":"cliopatria-q32133-440acccbcb","name":"Kingdom of Lysimachus","name_ko":"리시마코스","color":"#e07a5c","colorFamily":5,"startYear":-314,"endYear":-301,"source_name":"Cliopatria v0.2.0","source_url":"https://github.com/Seshat-Global-History-Databank/cliopatria","license":"CC BY 4.0","attribution":"Seshat Global History Databank, Cliopatria contributors"},"geometry":{"type":"MultiPolygon","coordinates":[[[[22.3924,42.6912],[22.4725,42.6912],[22.4769,42.7563],[22.3968,42.7563],[22.3924,42.6912]]],[[[22.6462,42.8864],[22.7264,42.8864],[22.7309,42.9515],[22.6506,42.9515],[22.6462,42.8864]]],[[[22.7309,42.9515],[22.8111,42.9515],[22.8157,43.0165],[22.7354,43.0165],[22.7309,42.9515]]],[[[22.3707,42.3662],[22.4377,42.1712],[22.6729,42.1063],[22.8194,41.9114],[23.528,41.7816],[23.5938,41.5869],[23.7484,41.522],[23.8047,41.1977],[23.9636,41.1977],[24.2625,40.9384],[24.5051,40.9616],[24.5714,40.9384],[24.9458,40.9384],[24.9898,40.9421],[25.0391,41.006],[25.1384,41.0101],[25.1699,40.9958],[25.134,40.9629],[25.2039,40.9384],[25.8495,40.9384],[26.0822,40.8736],[26.1403,40.6144],[26.6264,40.744],[26.7335,40.65],[26.7904,40.6606],[26.8289,40.602],[26.814,40.5793],[26.8709,40.5293],[26.9576,40.5584],[27.0172,40.6792],[27.5275,41.068],[29.0362,41.068],[28.9791,41.252],[28.5053,41.3274],[28.2792,41.4571],[28.2645,41.504],[28.0814,41.6518],[27.9794,41.6518],[27.937,42.0413],[27.4727,42.4619],[27.4657,42.4283],[27.4529,42.4801],[27.4802,42.4829],[27.5052,42.5388],[27.5135,42.6262],[27.8466,42.7563],[27.8049,43.1467],[27.8982,43.2769],[28.0607,43.3092],[28.1188,43.3915],[28.1925,43.4078],[28.1592,43.4723],[28.4811,43.4723],[28.6163,43.9938],[28.5356,43.9938],[28.5769,44.3854],[28.7612,44.5223],[28.7742,44.5523],[28.7327,44.5679],[28.7879,44.5865],[28.7578,44.6268],[28.7947,44.6343],[28.7742,44.6008],[28.8362,44.6268],[28.8338,44.6511],[28.784,44.6492],[28.7983,44.7202],[28.8257,44.7332],[28.802,44.9734],[28.9086,44.9734],[28.9832,45.0123],[29.0583,45.001],[29.1106,44.97],[29.0418,44.9257],[29.0603,44.8323],[29.1038,44.8403],[29.0964,44.8751],[29.1387,44.8215],[29.2746,44.8426],[29.6213,45.0388],[29.6659,45.4313],[29.1847,45.4968],[28.7561,45.3004],[28.4307,45.3004],[28.275,45.3659],[28.2812,45.4249],[28.2376,45.4521],[28.2814,45.4265],[28.2888,45.4968],[28.0513,45.5623],[28.0376,45.4313],[27.7867,45.3659],[27.7666,45.1696],[27.9224,45.1042],[27.8888,44.7773],[27.7266,44.7773],[27.7067,44.5813],[27.8687,44.5813],[27.8488,44.3854],[27.9297,44.3854],[27.7481,44.1896],[26.3682,44.1243],[25.5205,43.6678],[24.8062,43.7982],[24.0754,43.733],[23.9244,43.8634],[23.5211,43.8634],[23.582,43.6027],[23.4209,43.6027],[23.3307,43.4723],[23.3967,43.2769],[23.0705,43.2118],[23.1414,43.0816],[22.9808,43.0816],[22.5526,42.6912],[22.4725,42.6912],[22.5365,42.4784],[22.3707,42.3662]],[[22.5365,42.4784],[22.5331,42.4576],[22.5088,42.4049],[22.5365,42.4784]],[[24.1262,41.5294],[24.1463,41.5268],[24.1702,41.5116],[24.1262,41.5294]],[[24.1816,41.5374],[24.1963,41.547],[24.2121,41.5518],[24.1816,41.5374]],[[25.1771,41.2939],[25.2308,41.248],[25.2197,41.2497],[25.1771,41.2939]],[[26.0475,41.6746],[26.0493,41.6823],[26.055,41.6488],[26.0475,41.6746]],[[26.0522,41.6952],[26.0537,41.7015],[26.0579,41.7035],[26.0522,41.6952]],[[26.1312,41.5527],[26.1525,41.547],[26.1544,41.5437],[26.1312,41.5527]],[[26.1459,41.478],[26.1602,41.5019],[26.1593,41.4938],[26.1459,41.478]],[[26.1589,41.5362],[26.1631,41.5291],[26.1617,41.5157],[26.1589,41.5362]],[[26.2304,41.7466],[26.2344,41.7458],[26.2739,41.7149],[26.2304,41.7466]],[[26.3668,41.7112],[26.3774,41.7106],[26.4044,41.6918],[26.3668,41.7112]],[[26.5837,41.3326],[26.6097,41.3307],[26.5911,41.3293],[26.5837,41.3326]]],[[[22.8157,43.0165],[22.8959,43.0165],[22.9005,43.0816],[22.8203,43.0816],[22.8157,43.0165]]]]}},{"type":"Feature","properties":{"territoryId":"cliopatria-q977461-a8a1152fb7","name":"Laomedon","name_ko":"라오메돈","color":"#33e1d7","colorFamily":2,"startYear":-322,"endYear":-318,"source_name":"Cliopatria v0.2.0","source_url":"https://github.com/Seshat-Global-History-Databank/cliopatria","license":"CC BY 4.0","attribution":"Seshat Global History Databank, Cliopatria contributors"},"geometry":{"type":"MultiPolygon","coordinates":[[[[34.2972,31.2719],[34.434,31.0791],[34.5405,30.5007],[34.6164,30.5007],[35.3522,31.1434],[35.499,31.0791],[35.662,31.2076],[36.4231,31.2076],[36.3866,31.6575],[36.6623,32.1717],[36.5155,32.236],[36.7507,32.3002],[36.7168,32.7502],[36.901,33.0716],[37.0542,33.0716],[37.0732,33.2645],[37.5726,33.6502],[37.7261,33.6502],[37.7395,33.7789],[37.9902,33.9718],[39.1238,34.4863],[39.2008,34.4863],[39.1675,34.8723],[38.9507,35.001],[38.8735,35.001],[38.8183,35.194],[38.5165,35.2584],[38.4611,35.4514],[38.3137,35.5158],[37.897,36.6105],[37.7969,36.4172],[37.4789,36.3528],[37.4643,36.224],[35.9194,36.2884],[35.9125,36.224],[35.9901,36.224],[35.9554,36.0699],[35.9767,36.001],[35.9249,35.9351],[35.8449,35.5802],[35.9929,35.5158],[35.9153,35.2879],[35.9624,35.1979],[35.927,34.8723],[36.0682,34.7436],[36.0488,34.5506],[35.7921,34.2933],[35.7127,34.3279],[35.6652,34.3113],[35.6838,33.9718],[35.5909,33.9466],[35.572,33.91],[35.4705,33.9021],[35.4993,33.6502],[35.3944,33.65],[35.3653,33.5547],[35.3984,33.3931],[35.2154,33.0716],[35.089,33.0205],[35.0218,32.6216],[34.8851,32.4821],[34.7926,32.161],[34.813,31.9789],[34.6909,31.9134],[34.6028,31.7558],[34.6334,31.6575],[34.3024,31.3362],[34.2972,31.2719]],[[35.4529,31.4008],[35.4585,31.4916],[35.4587,31.4916],[35.4593,31.4958],[35.4529,31.4008]],[[35.552,32.3679],[35.5533,32.3691],[35.5656,32.3134],[35.552,32.3679]],[[35.5568,32.3724],[35.5594,32.3748],[35.5656,32.3679],[35.5568,32.3724]],[[35.5585,32.5191],[35.5614,32.5192],[35.5674,32.5102],[35.5585,32.5191]],[[35.5594,32.4704],[35.5626,32.4747],[35.5725,32.4567],[35.5594,32.4704]],[[35.5688,32.4829],[35.5778,32.4948],[35.58,32.4915],[35.5688,32.4829]],[[35.7716,32.7467],[35.7749,32.7473],[35.7882,32.7344],[35.7716,32.7467]],[[36.2318,33.8525],[36.3178,33.8272],[36.3006,33.8287],[36.2318,33.8525]],[[36.2672,33.9104],[36.2886,33.9465],[36.2691,33.9073],[36.2672,33.9104]],[[36.2699,33.906],[36.3111,33.872],[36.2753,33.8972],[36.2699,33.906]],[[36.6896,32.3197],[36.7069,32.3283],[36.7231,32.3266],[36.6896,32.3197]]],[[[39.1936,34.422],[39.2706,34.422],[39.2779,34.4863],[39.2008,34.4863],[39.1936,34.422]]]]}},{"type":"Feature","properties":{"territoryId":"cliopatria-q1154556-3ef19a7638","name":"Later Zhou","name_ko":"주 왕실","color":"#a87ee7","colorFamily":4,"startYear":-365,"endYear":-350,"source_name":"Cliopatria v0.2.0","source_url":"https://github.com/Seshat-Global-History-Databank/cliopatria","license":"CC BY 4.0","attribution":"Seshat Global History Databank, Cliopatria contributors"},"geometry":{"type":"Polygon","coordinates":[[[112.133,35.001],[113.3414,34.9366],[113.5301,35.3871],[112.3199,35.4514],[112.133,35.001]]]}},{"type":"Feature","properties":{"territoryId":"cliopatria-q1154556-3ef19a7638","name":"Later Zhou","name_ko":"주 왕실","color":"#a87ee7","colorFamily":4,"startYear":-349,"endYear":-256,"source_name":"Cliopatria v0.2.0","source_url":"https://github.com/Seshat-Global-History-Databank/cliopatria","license":"CC BY 4.0","attribution":"Seshat Global History Databank, Cliopatria contributors"},"geometry":{"type":"Polygon","coordinates":[[[112.186,35.1297],[113.4218,35.1297],[113.5301,35.3871],[113.4027,35.4514],[112.3199,35.4514],[112.186,35.1297]]]}},{"type":"Feature","properties":{"territoryId":"cliopatria-q555994-eef6ef9869","name":"Lu","name_ko":"노나라","color":"#e6567d","colorFamily":3,"startYear":-403,"endYear":-284,"source_name":"Cliopatria v0.2.0","source_url":"https://github.com/Seshat-Global-History-Databank/cliopatria","license":"CC BY 4.0","attribution":"Seshat Global History Databank, Cliopatria contributors"},"geometry":{"type":"Polygon","coordinates":[[[115.6466,36.1596],[115.8017,36.1596],[115.765,35.902],[116.0465,35.8377],[115.9616,35.6445],[116.0602,35.5158],[116.2149,35.5158],[116.2856,35.3227],[116.5175,35.3227],[117.0659,35.5158],[116.9678,35.6445],[117.0249,35.7733],[116.8498,35.902],[116.9073,36.0308],[116.4998,36.1596],[116.4802,36.2884],[116.1988,36.3528],[116.2279,36.4172],[115.6753,36.224],[115.6466,36.1596]]]}},{"type":"Feature","properties":{"territoryId":"cliopatria-q83958-3ad32c531e","name":"Macedonian Empire","name_ko":"마케도니아 왕국","color":"#5158ec","colorFamily":0,"startYear":-365,"endYear":-350,"source_name":"Cliopatria v0.2.0","source_url":"https://github.com/Seshat-Global-History-Databank/cliopatria","license":"CC BY 4.0","attribution":"Seshat Global History Databank, Cliopatria contributors"},"geometry":{"type":"Polygon","coordinates":[[[20.7746,41.0032],[20.8364,40.6792],[20.9156,40.6792],[20.9121,40.6144],[21.0188,40.5697],[21.0237,40.5888],[21.0205,40.5691],[21.3765,40.4201],[21.5095,39.967],[21.9154,40.1612],[22.299,39.967],[22.6008,40.016],[22.5693,40.0964],[22.5437,40.0964],[22.5716,40.5496],[22.9105,40.6446],[22.944,40.6144],[23.5262,40.6144],[23.6143,40.744],[23.6277,40.9384],[24.0384,41.1328],[23.8047,41.1977],[23.8139,41.3274],[23.5846,41.4571],[22.9436,41.3922],[21.838,41.522],[21.83,41.3922],[21.5119,41.3922],[21.2808,41.522],[21.1068,41.2625],[20.8647,41.1977],[20.937,41.068],[20.7746,41.0032]],[[21.0186,40.6909],[21.0353,40.6594],[21.0335,40.6487],[21.0186,40.6909]],[[22.8815,41.3356],[22.917,41.3358],[23.1152,41.3127],[22.8815,41.3356]]]}},{"type":"Feature","properties":{"territoryId":"cliopatria-q83958-3ad32c531e","name":"Macedonian Empire","name_ko":"마케도니아 왕국","color":"#5158ec","colorFamily":0,"startYear":-349,"endYear":-337,"source_name":"Cliopatria v0.2.0","source_url":"https://github.com/Seshat-Global-History-Databank/cliopatria","license":"CC BY 4.0","attribution":"Seshat Global History Databank, Cliopatria contributors"},"geometry":{"type":"MultiPolygon","coordinates":[[[[20.2784,40.6144],[20.3576,40.6144],[20.3478,40.4201],[20.5027,40.3554],[20.4929,40.1612],[20.8056,40.0964],[20.9434,39.7083],[21.0978,39.6436],[21.0944,39.5789],[21.3926,39.2557],[21.7107,39.3203],[22.0078,38.9972],[22.1685,39.0618],[22.5251,38.8809],[22.6216,38.9145],[22.689,38.878],[22.792,38.878],[22.8465,38.9264],[22.8984,38.9196],[22.9977,38.9657],[22.9588,39.0251],[22.9799,39.0381],[22.9516,39.1238],[22.7973,39.0618],[22.8163,39.385],[23.1318,39.4489],[22.9395,39.5806],[22.906,39.6475],[22.6109,39.9023],[22.6497,39.9853],[22.5713,40.0543],[22.5693,40.0964],[22.5437,40.0964],[22.5716,40.5496],[22.8558,40.607],[22.854,40.6395],[22.9105,40.6446],[22.944,40.6144],[23.5262,40.6144],[23.535,40.744],[23.6935,40.744],[23.698,40.8088],[24.0106,40.744],[24.3466,41.0032],[24.4259,41.0032],[24.7632,41.2625],[24.7731,41.3922],[24.5493,41.5869],[22.9436,41.3922],[21.838,41.522],[21.83,41.3922],[21.5119,41.3922],[21.2808,41.522],[21.1068,41.2625],[20.5469,41.1977],[20.5399,41.068],[20.3777,41.0032],[20.4469,40.8088],[20.285,40.744],[20.2784,40.6144]],[[20.9579,40.5149],[20.999,40.54],[20.9815,40.5233],[20.9579,40.5149]],[[21.0152,40.5556],[21.0237,40.5888],[21.0188,40.559],[21.0152,40.5556]],[[21.0186,40.6909],[21.0353,40.6594],[21.0335,40.6487],[21.0186,40.6909]],[[22.8815,41.3356],[22.917,41.3358],[23.1152,41.3127],[22.8815,41.3356]],[[24.1262,41.5294],[24.1463,41.5268],[24.1702,41.5116],[24.1262,41.5294]]],[[[22.8652,38.868],[23.0191,38.8783],[23.0094,38.918],[22.8652,38.868]]]]}},{"type":"Feature","properties":{"territoryId":"cliopatria-q83958-3ad32c531e","name":"Macedonian Empire","name_ko":"마케도니아 왕국","color":"#5158ec","colorFamily":0,"startYear":-336,"endYear":-333,"source_name":"Cliopatria v0.2.0","source_url":"https://github.com/Seshat-Global-History-Databank/cliopatria","license":"CC BY 4.0","attribution":"Seshat Global History Databank, Cliopatria contributors"},"geometry":{"type":"MultiPolygon","coordinates":[[[[19.8063,40.6792],[20.1895,40.4201],[20.5027,40.3554],[20.5686,40.0964],[20.8056,40.0964],[20.9434,39.7083],[21.3926,39.2557],[21.7107,39.3203],[21.9292,38.9972],[22.0864,38.9972],[22.3403,39.3203],[23.1312,39.385],[22.6109,39.9023],[22.6497,39.9853],[22.5437,40.0964],[22.5595,40.3554],[22.6549,40.6144],[22.9105,40.6446],[22.9832,40.5527],[22.8842,40.4849],[23.2673,40.2906],[23.7374,40.2259],[23.6936,40.3092],[23.7777,40.3548],[23.8386,40.5496],[23.6846,40.6144],[23.698,40.8088],[24.0106,40.744],[24.3466,41.0032],[25.1384,41.0101],[25.1358,40.9692],[25.8495,40.9384],[26.0822,40.8736],[26.1403,40.6144],[26.6264,40.744],[26.7335,40.65],[26.7904,40.6606],[26.8709,40.5293],[27.5275,41.068],[29.0362,41.068],[28.9791,41.252],[28.5053,41.3274],[28.0814,41.6518],[27.9794,41.6518],[27.937,42.0413],[27.4534,42.4652],[27.5135,42.6262],[27.8466,42.7563],[27.8049,43.1467],[27.8982,43.2769],[28.0607,43.3092],[28.1925,43.4078],[28.1592,43.4723],[28.4811,43.4723],[28.6163,43.9938],[28.5356,43.9938],[28.5769,44.3854],[28.7612,44.5223],[28.7578,44.6268],[28.8362,44.6268],[28.784,44.6492],[28.8257,44.7332],[28.802,44.9734],[27.7266,44.7773],[27.7067,44.5813],[27.8687,44.5813],[27.8488,44.3854],[27.9297,44.3854],[27.7481,44.1896],[26.3682,44.1243],[25.5205,43.6678],[24.8062,43.7982],[23.9193,43.7982],[23.9897,43.6678],[23.4064,43.4072],[23.3967,43.2769],[23.0705,43.2118],[23.1414,43.0816],[22.9808,43.0816],[22.5526,42.6912],[22.3968,42.7563],[22.3036,42.5612],[21.815,42.4312],[21.8068,42.3012],[21.487,42.3012],[21.559,42.1712],[21.224,41.9114],[21.0683,41.9764],[21.0569,41.7816],[20.8141,41.7167],[20.6405,41.4571],[19.8318,41.1977],[19.8063,40.6792]],[[20.9579,40.5149],[20.999,40.54],[20.9815,40.5233],[20.9579,40.5149]],[[21.0152,40.5556],[21.0237,40.5888],[21.0188,40.559],[21.0152,40.5556]],[[21.0186,40.6909],[21.0353,40.6594],[21.0335,40.6487],[21.0186,40.6909]],[[21.5576,42.2639],[21.5717,42.2461],[21.5638,42.247],[21.5576,42.2639]],[[22.0476,42.3045],[22.076,42.3053],[22.0609,42.3011],[22.0476,42.3045]],[[22.5088,42.4049],[22.5365,42.4784],[22.5331,42.4576],[22.5088,42.4049]],[[22.5152,42.5141],[22.5249,42.5077],[22.5365,42.4784],[22.5152,42.5141]],[[22.8815,41.3356],[22.917,41.3358],[23.1152,41.3127],[22.8815,41.3356]],[[22.9014,41.8604],[22.9427,41.7758],[22.9397,41.7767],[22.9014,41.8604]],[[22.933,41.6123],[22.9351,41.6189],[22.9332,41.6055],[22.933,41.6123]],[[22.9334,41.595],[22.9487,41.561],[22.9337,41.5846],[22.9334,41.595]],[[22.9385,41.6299],[22.9409,41.6376],[22.9443,41.6388],[22.9385,41.6299]],[[22.967,41.647],[23.0004,41.7015],[22.9986,41.6931],[22.967,41.647]],[[24.1262,41.5294],[24.1463,41.5268],[24.1702,41.5116],[24.1262,41.5294]],[[24.1816,41.5374],[24.1963,41.547],[24.2121,41.5518],[24.1816,41.5374]],[[25.1771,41.2939],[25.2308,41.248],[25.2197,41.2497],[25.1771,41.2939]],[[26.0475,41.6746],[26.0493,41.6823],[26.055,41.6488],[26.0475,41.6746]],[[26.0522,41.6952],[26.0537,41.7015],[26.0579,41.7035],[26.0522,41.6952]],[[26.1312,41.5527],[26.1525,41.547],[26.1544,41.5437],[26.1312,41.5527]],[[26.1459,41.478],[26.1602,41.5019],[26.1593,41.4938],[26.1459,41.478]],[[26.1589,41.5362],[26.1631,41.5291],[26.1617,41.5157],[26.1589,41.5362]],[[26.2304,41.7466],[26.2344,41.7458],[26.2739,41.7149],[26.2304,41.7466]],[[26.3668,41.7112],[26.3774,41.7106],[26.4044,41.6918],[26.3668,41.7112]],[[26.5837,41.3326],[26.6097,41.3307],[26.5911,41.3293],[26.5837,41.3326]]],[[[22.6462,42.8864],[22.7264,42.8864],[22.7309,42.9515],[22.6506,42.9515],[22.6462,42.8864]]],[[[22.7309,42.9515],[22.8111,42.9515],[22.8157,43.0165],[22.7354,43.0165],[22.7309,42.9515]]],[[[22.8157,43.0165],[22.8959,43.0165],[22.9005,43.0816],[22.8203,43.0816],[22.8157,43.0165]]]]}},{"type":"Feature","properties":{"territoryId":"cliopatria-q83958-3ad32c531e","name":"Macedonian Empire","name_ko":"마케도니아 왕국","color":"#5158ec","colorFamily":0,"startYear":-332,"endYear":-331,"source_name":"Cliopatria v0.2.0","source_url":"https://github.com/Seshat-Global-History-Databank/cliopatria","license":"CC BY 4.0","attribution":"Seshat Global History Databank, Cliopatria contributors"},"geometry":{"type":"MultiPolygon","coordinates":[[[[26.1325,39.5143],[26.9377,39.5748],[26.9299,39.4877],[26.801,39.4335],[26.7422,39.2557],[26.8945,39.1911],[26.8793,38.9972],[26.9579,38.9972],[26.9399,38.9327],[27.0413,38.9401],[27.0627,38.8869],[26.9084,38.8204],[26.9314,38.7551],[26.8495,38.6097],[27.0798,38.5451],[27.0728,38.4537],[27.1642,38.4466],[27.0694,38.4094],[27.065,38.3515],[26.6762,38.3515],[26.6731,38.3072],[26.595,38.3515],[26.5358,38.6097],[26.3895,38.6719],[26.4058,38.4535],[26.513,38.4329],[26.4515,38.4261],[26.4289,38.2224],[26.8203,38.2224],[26.889,38.0933],[27.2753,38.0288],[27.2559,37.7707],[27.1794,37.6106],[27.31,37.4483],[27.2383,37.3426],[27.4072,37.4127],[27.4385,37.3908],[27.3921,37.3538],[27.5392,37.3838],[27.5644,37.2735],[27.616,37.2747],[27.598,37.126],[28.0653,37.126],[28.1313,37.0363],[28.3294,37.0368],[28.2124,37.0004],[28.1653,36.9116],[28.1034,36.9353],[28.0583,36.7721],[28.1184,36.8006],[28.1305,36.754],[28.0314,36.6749],[28.1961,36.6854],[28.2572,36.8462],[28.315,36.8291],[28.2934,36.7959],[28.452,36.8836],[29.1249,36.7393],[29.2163,36.3291],[29.3496,36.2326],[29.4116,36.2674],[29.4666,36.224],[29.938,36.224],[30.0261,36.3528],[30.4919,36.3528],[30.6191,36.9326],[31.3916,36.8682],[32.0681,36.6105],[32.4985,36.224],[32.5369,36.1],[32.6639,36.05],[33.824,36.2603],[33.8711,36.3149],[33.9791,36.2884],[34.2507,36.6749],[34.5816,36.8682],[34.8929,36.8682],[34.9352,36.726],[35.1127,36.7393],[35.4875,36.6106],[35.8336,36.9326],[36.1449,36.9326],[36.2862,36.8037],[36.2649,36.6105],[35.8417,36.2884],[35.9901,36.224],[35.9767,36.001],[35.8449,35.5802],[35.9929,35.5158],[35.9153,35.2879],[35.9624,35.1979],[35.927,34.8723],[36.0682,34.7436],[36.0488,34.5506],[35.7921,34.2933],[35.6652,34.3113],[35.6838,33.9718],[35.5538,33.9075],[35.6007,33.9075],[35.5946,33.8432],[35.4705,33.9021],[35.4993,33.6502],[35.3851,33.6042],[35.3522,33.5217],[35.7174,33.5217],[35.8313,33.9075],[36.2669,34.422],[36.2094,34.615],[36.2865,34.615],[36.3128,34.8723],[36.165,34.9366],[36.1849,35.1297],[36.3527,35.2584],[36.4208,35.902],[36.5967,36.0952],[36.7822,37.0615],[36.6486,37.2549],[36.2028,37.4483],[35.8128,37.4483],[35.3661,37.6417],[35.3168,37.8998],[35.2386,37.8998],[35.3459,38.1578],[35.2114,38.3515],[35.1852,38.8034],[35.1067,38.8034],[35.1046,39.4496],[35.0259,39.4496],[34.9862,39.7729],[34.8363,39.8376],[34.8521,39.967],[34.7731,39.967],[34.868,40.0964],[34.71,40.0964],[34.726,40.2259],[34.6469,40.2259],[34.6791,40.4849],[34.3785,40.6144],[34.411,40.8736],[34.2686,41.0032],[34.3727,41.1977],[34.54,41.2625],[34.6789,41.7167],[34.3517,41.6518],[34.4729,41.9734],[33.2771,41.9764],[32.6675,41.8369],[32.6947,41.7816],[32.1137,41.5869],[32.322,41.3274],[32.3068,41.1977],[32.1404,41.1328],[32.118,40.9384],[31.714,40.8736],[31.196,40.4849],[30.4111,40.5496],[29.9354,40.744],[29.5599,40.6911],[29.4906,40.7272],[28.9538,40.6253],[28.9004,40.4849],[29.1515,40.4341],[29.0463,40.3554],[27.9388,40.3554],[27.904,40.3999],[27.9505,40.4849],[27.7921,40.4849],[27.7918,40.3929],[27.8836,40.3863],[27.6958,40.2906],[27.5376,40.2906],[27.301,40.4076],[26.689,40.3624],[26.408,40.1937],[26.3622,40.0635],[26.236,39.9989],[26.1325,39.5143]]],[[[26.253,40.0786],[26.3758,40.1535],[26.3567,40.1731],[26.2568,40.0964],[26.253,40.0786]]],[[[26.5172,40.2964],[26.5397,40.3037],[26.6016,40.3461],[26.6137,40.3569],[26.594,40.3554],[26.5172,40.2964]]],[[[27.5815,37.1982],[27.5831,37.1912],[27.5877,37.1988],[27.5815,37.1982]]],[[[34.8521,39.967],[34.931,39.967],[34.939,40.0317],[34.86,40.0317],[34.8521,39.967]]],[[[19.8063,40.6792],[20.1895,40.4201],[20.5027,40.3554],[20.5686,40.0964],[20.8056,40.0964],[20.9434,39.7083],[21.3926,39.2557],[21.7107,39.3203],[21.9292,38.9972],[22.0864,38.9972],[22.3403,39.3203],[23.1312,39.385],[22.6109,39.9023],[22.6497,39.9853],[22.5437,40.0964],[22.5595,40.3554],[22.6549,40.6144],[22.9105,40.6446],[22.9832,40.5527],[22.8842,40.4849],[23.2673,40.2906],[23.7374,40.2259],[23.6936,40.3092],[23.7777,40.3548],[23.8386,40.5496],[23.6846,40.6144],[23.698,40.8088],[24.0106,40.744],[24.3466,41.0032],[25.1384,41.0101],[25.1358,40.9692],[25.8495,40.9384],[26.0822,40.8736],[26.1403,40.6144],[26.6264,40.744],[26.7335,40.65],[26.7904,40.6606],[26.8709,40.5293],[27.5275,41.068],[29.0362,41.068],[28.9791,41.252],[28.5053,41.3274],[28.0814,41.6518],[27.9794,41.6518],[27.937,42.0413],[27.4534,42.4652],[27.5135,42.6262],[27.8466,42.7563],[27.8049,43.1467],[27.8982,43.2769],[28.0607,43.3092],[28.1925,43.4078],[28.1592,43.4723],[28.4811,43.4723],[28.6163,43.9938],[28.5356,43.9938],[28.5769,44.3854],[28.7612,44.5223],[28.7578,44.6268],[28.8362,44.6268],[28.784,44.6492],[28.8257,44.7332],[28.802,44.9734],[27.7266,44.7773],[27.7067,44.5813],[27.8687,44.5813],[27.8488,44.3854],[27.9297,44.3854],[27.7481,44.1896],[26.3682,44.1243],[25.5205,43.6678],[24.8062,43.7982],[23.9193,43.7982],[23.9897,43.6678],[23.4064,43.4072],[23.3967,43.2769],[23.0705,43.2118],[23.1414,43.0816],[22.9808,43.0816],[22.5526,42.6912],[22.3968,42.7563],[22.3036,42.5612],[21.815,42.4312],[21.8068,42.3012],[21.487,42.3012],[21.559,42.1712],[21.224,41.9114],[21.0683,41.9764],[21.0569,41.7816],[20.8141,41.7167],[20.6405,41.4571],[19.8318,41.1977],[19.8063,40.6792]],[[20.9579,40.5149],[20.999,40.54],[20.9815,40.5233],[20.9579,40.5149]],[[21.0152,40.5556],[21.0237,40.5888],[21.0188,40.559],[21.0152,40.5556]],[[21.0186,40.6909],[21.0353,40.6594],[21.0335,40.6487],[21.0186,40.6909]],[[21.5576,42.2639],[21.5717,42.2461],[21.5638,42.247],[21.5576,42.2639]],[[22.0476,42.3045],[22.076,42.3053],[22.0609,42.3011],[22.0476,42.3045]],[[22.5088,42.4049],[22.5365,42.4784],[22.5331,42.4576],[22.5088,42.4049]],[[22.5152,42.5141],[22.5249,42.5077],[22.5365,42.4784],[22.5152,42.5141]],[[22.8815,41.3356],[22.917,41.3358],[23.1152,41.3127],[22.8815,41.3356]],[[22.9014,41.8604],[22.9427,41.7758],[22.9397,41.7767],[22.9014,41.8604]],[[22.933,41.6123],[22.9351,41.6189],[22.9332,41.6055],[22.933,41.6123]],[[22.9334,41.595],[22.9487,41.561],[22.9337,41.5846],[22.9334,41.595]],[[22.9385,41.6299],[22.9409,41.6376],[22.9443,41.6388],[22.9385,41.6299]],[[22.967,41.647],[23.0004,41.7015],[22.9986,41.6931],[22.967,41.647]],[[24.1262,41.5294],[24.1463,41.5268],[24.1702,41.5116],[24.1262,41.5294]],[[24.1816,41.5374],[24.1963,41.547],[24.2121,41.5518],[24.1816,41.5374]],[[25.1771,41.2939],[25.2308,41.248],[25.2197,41.2497],[25.1771,41.2939]],[[26.0475,41.6746],[26.0493,41.6823],[26.055,41.6488],[26.0475,41.6746]],[[26.0522,41.6952],[26.0537,41.7015],[26.0579,41.7035],[26.0522,41.6952]],[[26.1312,41.5527],[26.1525,41.547],[26.1544,41.5437],[26.1312,41.5527]],[[26.1459,41.478],[26.1602,41.5019],[26.1593,41.4938],[26.1459,41.478]],[[26.1589,41.5362],[26.1631,41.5291],[26.1617,41.5157],[26.1589,41.5362]],[[26.2304,41.7466],[26.2344,41.7458],[26.2739,41.7149],[26.2304,41.7466]],[[26.3668,41.7112],[26.3774,41.7106],[26.4044,41.6918],[26.3668,41.7112]],[[26.5837,41.3326],[26.6097,41.3307],[26.5911,41.3293],[26.5837,41.3326]]],[[[22.6462,42.8864],[22.7264,42.8864],[22.7309,42.9515],[22.6506,42.9515],[22.6462,42.8864]]],[[[22.7309,42.9515],[22.8111,42.9515],[22.8157,43.0165],[22.7354,43.0165],[22.7309,42.9515]]],[[[22.8157,43.0165],[22.8959,43.0165],[22.9005,43.0816],[22.8203,43.0816],[22.8157,43.0165]]]]}},{"type":"Feature","properties":{"territoryId":"cliopatria-q83958-3ad32c531e","name":"Macedonian Empire","name_ko":"마케도니아 왕국","color":"#5158ec","colorFamily":0,"startYear":-330,"endYear":-326,"source_name":"Cliopatria v0.2.0","source_url":"https://github.com/Seshat-Global-History-Databank/cliopatria","license":"CC BY 4.0","attribution":"Seshat Global History Databank, Cliopatria contributors"},"geometry":{"type":"MultiPolygon","coordinates":[[[[19.8063,40.6792],[20.1895,40.4201],[20.5027,40.3554],[20.5686,40.0964],[20.8056,40.0964],[20.9434,39.7083],[21.0978,39.6436],[21.0944,39.5789],[21.4713,39.2557],[21.7107,39.3203],[21.9292,38.9972],[22.0864,38.9972],[22.3403,39.3203],[23.1312,39.385],[22.6109,39.9023],[22.6497,39.9853],[22.5437,40.0964],[22.5595,40.3554],[22.6549,40.6144],[22.9105,40.6446],[22.9832,40.5527],[22.8842,40.4849],[23.2673,40.2906],[23.7374,40.2259],[23.6936,40.3092],[23.7777,40.3548],[23.8386,40.5496],[23.6846,40.6144],[23.698,40.8088],[24.0106,40.744],[24.3466,41.0032],[25.1384,41.0101],[25.1358,40.9692],[25.8495,40.9384],[26.0822,40.8736],[26.1403,40.6144],[26.6264,40.744],[26.7335,40.65],[26.7904,40.6606],[26.8709,40.5293],[27.5275,41.068],[29.0362,41.068],[28.9791,41.252],[28.5053,41.3274],[28.0814,41.6518],[27.9794,41.6518],[27.937,42.0413],[27.4534,42.4652],[27.5135,42.6262],[27.8466,42.7563],[27.8049,43.1467],[27.8982,43.2769],[28.0607,43.3092],[28.1925,43.4078],[28.1592,43.4723],[28.4811,43.4723],[28.6163,43.9938],[28.5356,43.9938],[28.5769,44.3854],[28.7612,44.5223],[28.7578,44.6268],[28.8362,44.6268],[28.784,44.6492],[28.8257,44.7332],[28.802,44.9734],[27.7266,44.7773],[27.7067,44.5813],[27.8687,44.5813],[27.8488,44.3854],[27.9297,44.3854],[27.7481,44.1896],[26.3682,44.1243],[25.5205,43.6678],[24.8062,43.7982],[23.9193,43.7982],[23.9897,43.6678],[23.4064,43.4072],[23.3967,43.2769],[23.0705,43.2118],[23.1414,43.0816],[22.9808,43.0816],[22.5526,42.6912],[22.3968,42.7563],[22.3036,42.5612],[21.815,42.4312],[21.8068,42.3012],[21.487,42.3012],[21.559,42.1712],[21.224,41.9114],[21.0683,41.9764],[21.0569,41.7816],[20.8141,41.7167],[20.6405,41.4571],[19.8318,41.1977],[19.8063,40.6792]],[[20.9579,40.5149],[20.999,40.54],[20.9815,40.5233],[20.9579,40.5149]],[[21.0152,40.5556],[21.0237,40.5888],[21.0188,40.559],[21.0152,40.5556]],[[21.0186,40.6909],[21.0353,40.6594],[21.0335,40.6487],[21.0186,40.6909]],[[21.5576,42.2639],[21.5717,42.2461],[21.5638,42.247],[21.5576,42.2639]],[[22.0476,42.3045],[22.076,42.3053],[22.0609,42.3011],[22.0476,42.3045]],[[22.5088,42.4049],[22.5365,42.4784],[22.5331,42.4576],[22.5088,42.4049]],[[22.5152,42.5141],[22.5249,42.5077],[22.5365,42.4784],[22.5152,42.5141]],[[22.8815,41.3356],[22.917,41.3358],[23.1152,41.3127],[22.8815,41.3356]],[[22.9014,41.8604],[22.9427,41.7758],[22.9397,41.7767],[22.9014,41.8604]],[[22.933,41.6123],[22.9351,41.6189],[22.9332,41.6055],[22.933,41.6123]],[[22.9334,41.595],[22.9487,41.561],[22.9337,41.5846],[22.9334,41.595]],[[22.9385,41.6299],[22.9409,41.6376],[22.9443,41.6388],[22.9385,41.6299]],[[22.967,41.647],[23.0004,41.7015],[22.9986,41.6931],[22.967,41.647]],[[24.1262,41.5294],[24.1463,41.5268],[24.1702,41.5116],[24.1262,41.5294]],[[24.1816,41.5374],[24.1963,41.547],[24.2121,41.5518],[24.1816,41.5374]],[[25.1771,41.2939],[25.2308,41.248],[25.2197,41.2497],[25.1771,41.2939]],[[26.0475,41.6746],[26.0493,41.6823],[26.055,41.6488],[26.0475,41.6746]],[[26.0522,41.6952],[26.0537,41.7015],[26.0579,41.7035],[26.0522,41.6952]],[[26.1312,41.5527],[26.1525,41.547],[26.1544,41.5437],[26.1312,41.5527]],[[26.1459,41.478],[26.1602,41.5019],[26.1593,41.4938],[26.1459,41.478]],[[26.1589,41.5362],[26.1631,41.5291],[26.1617,41.5157],[26.1589,41.5362]],[[26.2304,41.7466],[26.2344,41.7458],[26.2739,41.7149],[26.2304,41.7466]],[[26.3668,41.7112],[26.3774,41.7106],[26.4044,41.6918],[26.3668,41.7112]],[[26.5837,41.3326],[26.6097,41.3307],[26.5911,41.3293],[26.5837,41.3326]]],[[[22.6462,42.8864],[22.7264,42.8864],[22.7309,42.9515],[22.6506,42.9515],[22.6462,42.8864]]],[[[22.7309,42.9515],[22.8111,42.9515],[22.8157,43.0165],[22.7354,43.0165],[22.7309,42.9515]]],[[[22.8157,43.0165],[22.8959,43.0165],[22.9005,43.0816],[22.8203,43.0816],[22.8157,43.0165]]]]}},{"type":"Feature","properties":{"territoryId":"cliopatria-q83958-3ad32c531e","name":"Macedonian Empire","name_ko":"마케도니아 왕국","color":"#5158ec","colorFamily":0,"startYear":-325,"endYear":-323,"source_name":"Cliopatria v0.2.0","source_url":"https://github.com/Seshat-Global-History-Databank/cliopatria","license":"CC BY 4.0","attribution":"Seshat Global History Databank, Cliopatria contributors"},"geometry":{"type":"MultiPolygon","coordinates":[[[[70.3404,40.3554],[70.4195,40.3554],[70.4395,40.4201],[70.3604,40.4201],[70.3404,40.3554]]],[[[19.8063,40.6792],[20.1895,40.4201],[20.4269,40.4201],[20.5686,40.0964],[20.8056,40.0964],[20.9434,39.7083],[21.3926,39.2557],[21.7107,39.3203],[21.9292,38.9972],[22.0864,38.9972],[22.3403,39.3203],[23.1312,39.385],[22.6109,39.9023],[22.6497,39.9853],[22.5437,40.0964],[22.5595,40.3554],[22.6549,40.6144],[22.9105,40.6446],[22.9832,40.5527],[22.8842,40.4849],[23.2673,40.2906],[23.7374,40.2259],[23.6936,40.3092],[23.7777,40.3548],[23.8386,40.5496],[23.6846,40.6144],[23.698,40.8088],[24.0106,40.744],[24.3466,41.0032],[25.1384,41.0101],[25.1358,40.9692],[25.8495,40.9384],[26.0822,40.8736],[26.1403,40.6144],[26.6264,40.744],[26.7335,40.65],[26.7904,40.6606],[26.8709,40.5293],[27.5275,41.068],[29.0362,41.068],[28.9791,41.252],[28.5053,41.3274],[28.0814,41.6518],[27.9794,41.6518],[27.937,42.0413],[27.4534,42.4652],[27.5135,42.6262],[27.8466,42.7563],[27.8049,43.1467],[27.8982,43.2769],[28.0607,43.3092],[28.1925,43.4078],[28.1592,43.4723],[28.4811,43.4723],[28.6163,43.9938],[28.5356,43.9938],[28.5769,44.3854],[28.7612,44.5223],[28.7578,44.6268],[28.8362,44.6268],[28.784,44.6492],[28.8257,44.7332],[28.802,44.9734],[27.7266,44.7773],[27.7067,44.5813],[27.8687,44.5813],[27.8488,44.3854],[27.9297,44.3854],[27.7481,44.1896],[26.3682,44.1243],[25.5205,43.6678],[24.8062,43.7982],[23.9193,43.7982],[23.9897,43.6678],[23.4064,43.4072],[23.3967,43.2769],[23.0705,43.2118],[23.1414,43.0816],[22.9808,43.0816],[22.5526,42.6912],[22.3968,42.7563],[22.3036,42.5612],[21.815,42.4312],[21.8068,42.3012],[21.487,42.3012],[21.559,42.1712],[21.224,41.9114],[21.0683,41.9764],[21.0569,41.7816],[20.8141,41.7167],[20.6405,41.4571],[19.9145,41.2625],[19.8063,40.6792]],[[20.9579,40.5149],[20.999,40.54],[20.9815,40.5233],[20.9579,40.5149]],[[21.0152,40.5556],[21.0237,40.5888],[21.0188,40.559],[21.0152,40.5556]],[[21.0186,40.6909],[21.0353,40.6594],[21.0335,40.6487],[21.0186,40.6909]],[[21.5576,42.2639],[21.5717,42.2461],[21.5638,42.247],[21.5576,42.2639]],[[22.0476,42.3045],[22.076,42.3053],[22.0609,42.3011],[22.0476,42.3045]],[[22.5088,42.4049],[22.5365,42.4784],[22.5331,42.4576],[22.5088,42.4049]],[[22.5152,42.5141],[22.5249,42.5077],[22.5365,42.4784],[22.5152,42.5141]],[[22.8815,41.3356],[22.917,41.3358],[23.1152,41.3127],[22.8815,41.3356]],[[22.9014,41.8604],[22.9427,41.7758],[22.9397,41.7767],[22.9014,41.8604]],[[22.933,41.6123],[22.9351,41.6189],[22.9332,41.6055],[22.933,41.6123]],[[22.9334,41.595],[22.9487,41.561],[22.9337,41.5846],[22.9334,41.595]],[[22.9385,41.6299],[22.9409,41.6376],[22.9443,41.6388],[22.9385,41.6299]],[[22.967,41.647],[23.0004,41.7015],[22.9986,41.6931],[22.967,41.647]],[[24.1262,41.5294],[24.1463,41.5268],[24.1702,41.5116],[24.1262,41.5294]],[[24.1816,41.5374],[24.1963,41.547],[24.2121,41.5518],[24.1816,41.5374]],[[25.1771,41.2939],[25.2308,41.248],[25.2197,41.2497],[25.1771,41.2939]],[[26.0475,41.6746],[26.0493,41.6823],[26.055,41.6488],[26.0475,41.6746]],[[26.0522,41.6952],[26.0537,41.7015],[26.0579,41.7035],[26.0522,41.6952]],[[26.1312,41.5527],[26.1525,41.547],[26.1544,41.5437],[26.1312,41.5527]],[[26.1459,41.478],[26.1602,41.5019],[26.1593,41.4938],[26.1459,41.478]],[[26.1589,41.5362],[26.1631,41.5291],[26.1617,41.5157],[26.1589,41.5362]],[[26.2304,41.7466],[26.2344,41.7458],[26.2739,41.7149],[26.2304,41.7466]],[[26.3668,41.7112],[26.3774,41.7106],[26.4044,41.6918],[26.3668,41.7112]],[[26.5837,41.3326],[26.6097,41.3307],[26.5911,41.3293],[26.5837,41.3326]]],[[[22.6462,42.8864],[22.7264,42.8864],[22.7309,42.9515],[22.6506,42.9515],[22.6462,42.8864]]],[[[22.7309,42.9515],[22.8111,42.9515],[22.8157,43.0165],[22.7354,43.0165],[22.7309,42.9515]]],[[[22.8157,43.0165],[22.8959,43.0165],[22.9005,43.0816],[22.8203,43.0816],[22.8157,43.0165]]]]}},{"type":"Feature","properties":{"territoryId":"cliopatria-q83958-3ad32c531e","name":"Macedonian Empire","name_ko":"마케도니아 왕국","color":"#5158ec","colorFamily":0,"startYear":-322,"endYear":-318,"source_name":"Cliopatria v0.2.0","source_url":"https://github.com/Seshat-Global-History-Databank/cliopatria","license":"CC BY 4.0","attribution":"Seshat Global History Databank, Cliopatria contributors"},"geometry":{"type":"MultiPolygon","coordinates":[[[[25.3763,29.3438],[25.6618,28.9581],[27.0676,28.3153],[27.285,28.1224],[27.2763,27.9295],[27.4299,27.9938],[27.792,27.6724],[27.7109,27.5438],[27.9367,27.5438],[28.1537,27.3509],[28.2702,26.5794],[28.3453,26.5794],[28.2437,25.9365],[28.2886,25.165],[28.5688,24.6506],[29.6728,24.2006],[29.9595,23.8792],[30.1087,23.8792],[30.104,23.7506],[30.3952,23.5577],[30.4627,23.3649],[31.6705,23.7506],[32.0409,23.6863],[33.389,23.8149],[33.7564,23.6863],[35.108,23.8792],[35.4808,23.8253],[35.5139,23.9771],[35.7925,23.9023],[35.7386,23.9833],[35.4938,24.1089],[35.3919,24.2828],[35.1446,24.5002],[35.1603,24.5746],[34.5466,25.725],[34.3387,26.0018],[34.014,26.6116],[33.9414,26.6535],[33.9961,26.8966],[33.8368,27.1208],[33.8384,27.2426],[33.6917,27.3419],[33.4963,27.6466],[33.5877,27.651],[33.5579,27.7599],[33.4735,27.8232],[33.5921,27.7912],[33.5544,27.8965],[33.2494,28.1429],[33.0029,28.4895],[32.8689,28.5789],[32.8069,28.7781],[32.6255,28.9727],[32.6589,29.1108],[32.5812,29.3691],[32.3377,29.5925],[32.5092,29.8664],[32.4769,29.9322],[32.5715,29.9426],[32.5778,30.0114],[32.5715,29.9289],[32.6733,29.858],[32.7579,29.9865],[32.9095,29.9865],[32.9185,30.1151],[33.838,30.2436],[34.5405,30.5007],[34.434,31.0791],[34.2972,31.2719],[33.7493,31.0791],[32.9077,31.0148],[32.8345,31.0809],[32.6665,31.0523],[32.8102,31.1028],[32.6016,31.061],[32.2915,31.1839],[32.3039,31.0791],[32.1065,31.0534],[31.9996,31.0791],[31.9063,31.2516],[31.7806,31.2076],[31.8077,31.2812],[31.7691,31.2988],[31.8741,31.4647],[31.2658,31.4647],[31.1215,31.5275],[31.0291,31.5185],[30.9807,31.4365],[30.7985,31.4465],[30.7344,31.3881],[30.5427,31.395],[30.6916,31.4647],[30.352,31.4647],[30.3019,31.3422],[30.3388,31.2719],[30.2887,31.2379],[29.9904,31.2719],[29.8315,31.1513],[29.8696,31.0791],[29.6332,30.9506],[29.5543,30.9848],[29.4481,30.9336],[29.3971,30.822],[28.865,30.822],[28.4964,31.0148],[27.5149,31.1434],[27.1699,31.3857],[26.3179,31.529],[25.3905,29.6652],[25.3763,29.3438]]],[[[30.1795,31.2714],[30.1849,31.2719],[30.1795,31.2719],[30.1795,31.2714]]],[[[30.2409,31.2653],[30.2648,31.2719],[30.2479,31.2719],[30.2409,31.2653]]],[[[30.9691,31.5785],[30.9739,31.5799],[30.9739,31.5867],[30.9695,31.5854],[30.9691,31.5785]]],[[[30.978,31.5843],[31.119,31.5305],[31.1608,31.5935],[30.978,31.5843]]],[[[33.9551,26.79],[34.0036,26.7082],[34.0029,26.7316],[33.9756,26.79],[33.9551,26.79]]],[[[26.1325,39.5143],[26.9377,39.5748],[26.9299,39.4877],[26.801,39.4335],[26.7422,39.2557],[26.8209,39.2557],[26.9579,38.9972],[26.9399,38.9327],[27.0413,38.9401],[27.0627,38.8869],[26.9084,38.8204],[26.9314,38.7551],[26.8495,38.6097],[27.0798,38.5451],[27.0728,38.4537],[27.1642,38.4466],[27.0694,38.4094],[27.065,38.3515],[26.6762,38.3515],[26.6731,38.3072],[26.595,38.3515],[26.5358,38.6097],[26.3895,38.6719],[26.4058,38.4535],[26.513,38.4329],[26.4515,38.4261],[26.4289,38.2224],[26.8203,38.2224],[26.889,38.0933],[27.2753,38.0288],[27.2559,37.7707],[27.1794,37.6106],[27.31,37.4483],[27.2383,37.3426],[27.4072,37.4127],[27.4385,37.3908],[27.3921,37.3538],[27.5392,37.3838],[27.5644,37.2735],[27.616,37.2747],[27.598,37.126],[28.3294,37.0368],[28.2124,37.0004],[28.1653,36.9116],[28.1034,36.9353],[28.0583,36.7721],[28.1184,36.8006],[28.1305,36.754],[28.0314,36.6749],[28.2534,36.7641],[28.2572,36.8462],[28.315,36.795],[28.452,36.8836],[28.4535,36.8444],[28.5127,36.8682],[29.1198,36.6749],[29.1101,36.5515],[29.2549,36.4172],[29.1722,36.3528],[29.3496,36.2326],[29.4116,36.2674],[29.4666,36.224],[29.938,36.224],[30.0261,36.3528],[30.4919,36.3528],[30.6191,36.9326],[31.3916,36.8682],[31.763,36.6749],[31.9185,36.6749],[32.4985,36.224],[32.5369,36.1],[32.733,36.0376],[33.2744,36.224],[33.8711,36.3149],[33.9791,36.2884],[34.2507,36.6749],[34.5816,36.8682],[34.8929,36.8682],[34.9352,36.726],[35.1127,36.7393],[35.4875,36.6106],[35.8336,36.9326],[36.1449,36.9326],[36.2862,36.8037],[36.2649,36.6105],[35.8417,36.2884],[37.4643,36.224],[37.4789,36.3528],[37.7969,36.4172],[37.897,36.6105],[38.3137,35.5158],[38.4611,35.4514],[38.5165,35.2584],[38.8183,35.194],[38.8735,35.001],[39.1675,34.8723],[39.2008,34.4863],[40.2569,34.2933],[40.4033,34.229],[40.3115,34.1004],[40.8499,34.1004],[40.9117,33.9718],[41.2116,33.9075],[41.4886,33.6502],[42.5783,33.1359],[42.7085,32.943],[43.1526,32.8145],[43.3514,32.5574],[43.9102,32.7502],[44.2084,32.6859],[44.2481,33.0073],[44.4175,33.1359],[44.5708,33.1359],[44.6311,33.0073],[45.099,33.0716],[45.4654,32.943],[45.8991,33.3288],[46.0525,33.3288],[46.0697,33.4574],[45.8567,33.5859],[45.8915,33.8432],[45.9683,33.8432],[45.9178,34.0361],[46.1485,34.0361],[46.71,33.6502],[46.6748,33.3931],[47.4151,33.2002],[47.6951,33.0073],[47.6862,32.943],[47.7628,32.943],[47.8217,32.8145],[47.9748,32.8145],[47.7098,31.9789],[47.9813,31.7218],[47.7957,31.4647],[47.739,31.0148],[48.1031,30.8863],[48.0478,30.4364],[48.2755,30.4364],[48.4117,30.3079],[48.3884,30.1151],[48.6005,29.9865],[48.6588,29.9962],[48.6433,30.0554],[48.9153,30.0422],[48.936,30.2101],[48.8623,30.3456],[49.0373,30.4325],[48.9456,30.4797],[48.9815,30.5156],[49.2112,30.5063],[49.2638,30.4497],[49.2029,30.3466],[49.062,30.4081],[48.9212,30.3808],[49.1614,30.2238],[49.2212,30.2646],[49.2457,30.1565],[49.4798,30.1561],[49.5322,30.0229],[49.9146,30.2039],[50.0734,30.1957],[50.1613,29.9263],[50.6553,29.4491],[50.6895,29.2908],[50.6435,29.1458],[50.8403,29.1406],[50.915,29.0867],[50.929,29.0097],[50.8345,28.8914],[51.0588,28.7359],[51.0807,28.5339],[51.2853,28.2409],[51.2698,28.1405],[51.4083,27.9323],[51.5842,27.8511],[52.0112,27.8327],[52.4596,27.6326],[52.6701,27.4486],[52.6098,27.4123],[52.6669,27.3271],[52.9326,27.1603],[53.4441,26.9757],[53.7161,26.7086],[54.0158,26.7495],[54.3081,26.715],[54.3732,26.6328],[54.791,26.4958],[55.2708,26.7925],[55.5217,26.7846],[55.5804,26.8591],[55.5545,26.8999],[55.6659,26.9954],[55.9393,27.0267],[56.1237,27.1606],[56.353,27.2016],[56.8088,27.1396],[56.8846,27.0781],[56.8677,27.0123],[56.9733,27.003],[56.9273,26.9556],[57.0524,26.8366],[57.0872,26.4061],[57.2129,26.1662],[57.1668,26.083],[57.3493,25.7803],[57.7556,25.7427],[57.7717,25.6356],[57.9632,25.6932],[58.0462,25.5749],[58.1375,25.5507],[58.419,25.612],[58.8252,25.5604],[59.044,25.3996],[59.4539,25.4616],[59.9063,25.3316],[60.082,25.366],[60.2092,25.3197],[60.2015,25.3712],[60.2894,25.3772],[60.3192,25.3299],[60.4366,25.3342],[60.3953,25.3779],[60.4285,25.4196],[60.5497,25.4469],[60.6321,25.3579],[60.6335,25.275],[61.0306,25.2098],[61.2236,25.1124],[61.5074,25.1467],[61.4826,25.1937],[61.5584,25.2005],[61.5545,25.2541],[61.5882,25.2021],[61.7831,25.188],[61.7207,25.0364],[61.8473,25.0379],[61.8811,25.103],[62.0972,25.1071],[62.059,25.1616],[62.1452,25.2184],[62.2542,25.212],[62.3398,25.1302],[62.4894,25.2142],[62.4772,25.2591],[63.5108,25.2293],[63.4695,25.2893],[63.5725,25.365],[64.0727,25.3579],[64.0488,25.4165],[63.9766,25.4128],[64.0454,25.4503],[64.1553,25.4469],[64.0838,25.4267],[64.1,25.3579],[64.225,25.3579],[64.4393,25.2346],[64.5654,25.2703],[64.6136,25.1923],[64.7071,25.1786],[64.6686,25.2551],[64.7444,25.324],[65.1899,25.3135],[65.2323,25.3707],[65.3954,25.3923],[65.6521,25.3445],[66.1361,25.4467],[66.1895,25.4881],[66.0944,25.4748],[66.1672,25.5661],[66.3755,25.6257],[66.531,25.5181],[66.5912,25.3996],[66.5479,25.3656],[66.6203,25.3579],[66.7372,25.1811],[66.7044,24.892],[66.6541,24.8392],[66.9651,24.8436],[67.2555,24.748],[67.2117,24.7156],[67.2423,24.473],[67.3625,24.3439],[67.3203,24.3431],[67.3019,24.1829],[67.3535,24.072],[67.5331,24.0703],[67.4583,23.9994],[67.4989,23.9256],[67.5405,23.9393],[67.4886,23.8885],[67.6145,23.8501],[67.6504,23.9331],[67.6301,23.8162],[67.8329,23.8149],[67.8552,23.9119],[67.8689,23.8505],[68.0443,23.8149],[68.0135,23.9393],[68.1523,23.787],[68.1575,23.9051],[68.1637,23.7577],[68.2804,23.686],[68.1502,23.6314],[68.1814,23.5941],[68.3273,23.5869],[68.4277,23.7143],[68.6335,23.8331],[68.8342,23.8792],[68.8417,23.9435],[68.767,23.9435],[68.9972,26.3222],[69.203,26.708],[69.532,26.9009],[69.8465,27.4795],[70.0071,27.5438],[70.3918,28.0581],[70.5425,28.0581],[70.7367,27.8652],[70.7157,27.7367],[71.6406,27.8652],[71.8882,27.9938],[72.3885,28.701],[72.9878,29.0867],[73.4129,29.7294],[73.3623,29.858],[73.9441,30.1151],[74.135,30.3079],[74.7062,30.5007],[74.8364,30.7578],[74.6011,31.0791],[74.6712,31.4005],[74.5614,31.5933],[74.6244,31.8748],[74.5589,31.8325],[74.8915,32.0431],[75.0569,32.4288],[75.3164,32.5574],[75.5205,33.7146],[75.4437,33.7146],[75.5081,33.9718],[75.4313,33.9718],[75.4247,34.5506],[75.5018,34.5506],[75.3204,34.7436],[75.3874,35.001],[75.2234,35.2584],[75.2574,35.3871],[75.1801,35.3871],[74.958,36.2884],[74.8804,36.2884],[74.8914,36.6105],[74.8137,36.6105],[74.8245,36.9941],[75.0134,37.3193],[74.7384,37.4483],[74.1924,37.4483],[73.766,37.3193],[73.7426,37.5128],[73.1602,37.3838],[72.5542,37.4483],[72.1396,37.6417],[72.0975,37.7707],[71.9412,37.7707],[71.779,38.0288],[71.364,38.2224],[71.2021,38.4806],[70.5933,38.5451],[70.63,38.6743],[70.3581,38.5451],[70.3162,38.6743],[69.5679,38.8034],[69.4053,39.0618],[69.5208,39.1911],[69.3635,39.1911],[69.3592,39.4496],[69.2805,39.4496],[69.4157,39.6436],[69.296,39.7729],[69.3151,39.8376],[69.7276,40.1612],[69.8856,40.1612],[69.846,40.2906],[70.7377,40.6144],[70.6817,40.9384],[70.4849,41.068],[69.8072,40.6792],[69.3718,40.8088],[69.1931,40.4849],[69.2722,40.4849],[69.2729,40.2259],[69.0357,40.2259],[68.997,40.0964],[68.6239,39.9023],[68.5301,39.5789],[66.2199,39.7729],[65.5638,39.967],[65.2301,39.9023],[64.9322,39.967],[64.8889,40.0964],[63.4669,40.0964],[62.8795,39.967],[62.5018,40.0317],[60.9495,39.5143],[60.6504,39.5789],[60.5238,39.385],[59.049,38.8034],[57.8777,38.4806],[56.6742,38.3515],[56.2279,38.0933],[55.2891,38.0933],[54.8456,37.8352],[54.7033,37.5128],[53.976,37.3838],[54.0947,37.1904],[54.0143,36.8211],[53.0877,36.8037],[52.586,36.6105],[52.1974,36.6105],[52.1081,36.546],[50.8207,36.7393],[50.532,36.8682],[50.611,36.9697],[50.4759,37.0379],[50.3209,36.9971],[49.9988,37.3838],[49.0182,37.5773],[49.0293,37.6417],[48.8285,37.8352],[48.8736,38.0933],[48.326,38.0933],[47.2516,38.6743],[46.1209,38.4806],[45.8539,38.2869],[45.6349,37.8998],[45.2238,37.7707],[45.1737,37.4483],[45.2517,37.4483],[45.29,37.1904],[45.4458,37.1904],[45.2509,36.9326],[44.8713,36.9971],[44.7446,37.1904],[44.7738,37.3838],[44.4131,37.5773],[43.9448,37.5773],[42.5082,37.8998],[41.961,37.8998],[41.6666,38.0288],[39.259,38.1578],[39.2505,38.0933],[37.772,38.1578],[37.7559,38.0288],[37.1146,37.8998],[36.4969,37.9643],[36.5122,38.0933],[36.3405,37.9643],[36.2623,37.9643],[36.2699,38.0288],[36.1285,38.1578],[36.1514,38.3515],[35.9871,38.2869],[35.8456,38.416],[35.7347,38.8034],[35.436,38.9326],[35.4514,39.0618],[35.0584,39.0618],[35.0027,39.2557],[34.8454,39.2557],[34.7973,39.5143],[34.4341,39.7729],[34.3552,39.7729],[34.3629,39.8376],[34.284,39.8376],[34.3307,40.2259],[34.4098,40.2259],[34.4496,40.5496],[34.3705,40.5496],[34.348,41.0032],[33.4513,40.8088],[32.9039,40.8736],[32.8093,40.744],[32.1974,40.9384],[31.714,40.8736],[31.196,40.4849],[29.4906,40.7272],[28.9113,40.5999],[28.9156,40.4714],[29.1515,40.4341],[29.0463,40.3554],[27.9388,40.3554],[27.904,40.3999],[27.9505,40.4849],[27.7921,40.4849],[27.7918,40.3929],[27.8836,40.3863],[27.6958,40.2906],[27.5376,40.2906],[27.2948,40.4059],[26.6819,40.3561],[26.4052,40.1887],[26.3622,40.0635],[26.236,39.9989],[26.1325,39.5143]],[[31.5884,37.3193],[31.6004,37.4483],[31.6784,37.4483],[31.6664,37.3193],[31.5884,37.3193]],[[42.7157,37.3553],[42.7805,37.3755],[42.788,37.3732],[42.7157,37.3553]],[[42.7951,37.371],[42.8011,37.3691],[42.8141,37.3468],[42.7951,37.371]],[[44.7525,37.1131],[44.7649,37.1394],[44.7544,37.1084],[44.7525,37.1131]],[[44.8666,36.7801],[44.9227,36.7759],[44.8772,36.7765],[44.8666,36.7801]],[[44.9962,36.7417],[45.0353,36.6896],[45.0373,36.6808],[44.9962,36.7417]],[[45.0355,36.633],[45.0426,36.6569],[45.0443,36.6493],[45.0355,36.633]],[[45.0382,36.494],[45.0608,36.4472],[45.0391,36.4798],[45.0382,36.494]],[[45.0791,36.4197],[45.1108,36.4025],[45.0837,36.4128],[45.0791,36.4197]],[[45.1108,36.4025],[45.196,36.4224],[45.2213,36.4209],[45.1108,36.4025]],[[48.4082,30.1885],[48.4085,30.1961],[48.4106,30.1915],[48.4082,30.1885]],[[53.5278,31.5933],[53.5374,31.6575],[53.6136,31.6575],[53.604,31.5933],[53.5278,31.5933]],[[53.6516,31.4005],[53.6611,31.4647],[53.7373,31.4647],[53.7278,31.4005],[53.6516,31.4005]],[[54.7873,37.6519],[54.8136,37.7186],[54.8234,37.7283],[54.7873,37.6519]],[[56.2141,38.0688],[56.3155,38.0895],[56.2997,38.0802],[56.2141,38.0688]],[[56.9697,35.5802],[56.982,35.6445],[57.0594,35.6445],[57.0471,35.5802],[56.9697,35.5802]],[[57.1814,38.2757],[57.1859,38.2765],[57.2183,38.2651],[57.1814,38.2757]],[[60.8735,37.1904],[60.8878,37.2549],[60.9658,37.2549],[60.9514,37.1904],[60.8735,37.1904]],[[61.1016,35.2353],[61.1038,35.2494],[61.1124,35.202],[61.1016,35.2353]],[[63.1743,26.685],[63.1823,26.8302],[63.1896,26.846],[63.1743,26.685]],[[63.1896,26.846],[63.206,26.8537],[63.2467,26.8595],[63.1896,26.846]],[[64.589,36.5802],[64.5901,36.5947],[64.6105,36.5009],[64.589,36.5802]],[[64.5911,36.6093],[64.592,36.6211],[64.5985,36.6369],[64.5911,36.6093]],[[64.614,36.6746],[64.6214,36.6926],[64.7652,36.9046],[64.614,36.6746]],[[64.7788,37.118],[64.8079,37.1355],[64.9891,37.2137],[64.7788,37.118]],[[66.0797,37.4409],[66.1545,37.3835],[66.1429,37.3851],[66.0797,37.4409]],[[66.3069,38.0804],[66.4204,38.0419],[66.4083,38.0428],[66.3069,38.0804]],[[66.4878,37.3422],[66.5196,37.3642],[66.531,37.3649],[66.4878,37.3422]],[[66.5399,38.028],[66.5542,38.0269],[66.5722,38.0184],[66.5399,38.028]],[[67.7731,37.11],[67.7741,37.1205],[67.7823,37.1029],[67.7731,37.11]],[[67.8003,37.0891],[67.8176,37.0806],[67.808,37.0832],[67.8003,37.0891]],[[68.0169,36.9294],[68.0256,36.9271],[68.0202,36.9257],[68.0169,36.9294]],[[68.0433,36.9316],[68.1864,37.0183],[68.0549,36.9346],[68.0433,36.9316]],[[68.3214,23.9247],[68.335,23.941],[68.326,23.9278],[68.3214,23.9247]],[[68.3439,23.9651],[68.3489,23.9646],[68.3536,23.9393],[68.3439,23.9651]],[[69.2457,37.1039],[69.3143,37.1189],[69.3121,37.1175],[69.2457,37.1039]],[[69.313,39.9848],[69.314,39.9869],[69.3174,39.9848],[69.313,39.9848]],[[69.6528,40.6453],[69.6909,40.63],[69.6601,40.6387],[69.6528,40.6453]],[[71.3191,36.2006],[71.3935,36.228],[71.3824,36.2186],[71.3191,36.2006]],[[71.3564,35.9331],[71.3685,35.894],[71.3607,35.9003],[71.3564,35.9331]],[[71.4008,35.868],[71.4167,35.8588],[71.4234,35.8499],[71.4008,35.868]],[[71.4471,35.8179],[71.4644,35.7947],[71.4658,35.7881],[71.4471,35.8179]],[[71.4756,35.741],[71.5027,35.7191],[71.5074,35.7095],[71.4756,35.741]],[[71.4833,35.6266],[71.5059,35.6034],[71.4927,35.6096],[71.4833,35.6266]],[[71.5144,35.6753],[71.5151,35.6935],[71.5198,35.6838],[71.5144,35.6753]],[[71.5316,35.3279],[71.6138,35.4035],[71.6111,35.3955],[71.5316,35.3279]],[[71.573,35.5692],[71.5842,35.5642],[71.5935,35.5494],[71.573,35.5692]],[[72.1496,36.6893],[72.1535,36.7021],[72.1657,36.7071],[72.1496,36.6893]],[[72.1861,36.7153],[72.2136,36.7264],[72.2821,36.738],[72.1861,36.7153]],[[72.3215,36.7447],[72.3873,36.7558],[72.4541,36.758],[72.3215,36.7447]],[[72.6028,36.8252],[72.6296,36.8329],[72.6623,36.8326],[72.6028,36.8252]],[[72.7375,36.8318],[72.8677,36.8304],[72.7794,36.8268],[72.7375,36.8318]],[[73.4517,35.5802],[73.8555,35.6445],[73.5291,35.5802],[73.4517,35.5802]],[[73.4517,35.5802],[73.4853,35.7089],[73.4685,35.6445],[73.4517,35.5802]],[[73.5897,35.5158],[73.6023,35.5641],[73.8218,35.5158],[73.5897,35.5158]],[[73.6401,36.8966],[73.7729,36.892],[73.8071,36.8848],[73.6401,36.8966]],[[73.7749,34.371],[73.7798,34.3961],[73.7963,34.4185],[73.7749,34.371]],[[73.7827,34.3468],[73.8217,34.3204],[73.8042,34.3275],[73.7827,34.3468]],[[73.8356,34.3146],[73.9377,34.3042],[73.8533,34.3074],[73.8356,34.3146]],[[73.8492,36.876],[73.8651,36.8726],[73.9469,36.8309],[73.8492,36.876]],[[73.8937,34.0543],[73.9458,34.0098],[73.9162,34.0279],[73.8937,34.0543]],[[74.4446,37.0023],[74.457,37.0044],[74.4713,36.9998],[74.4446,37.0023]],[[74.4787,36.9974],[74.4803,36.9969],[74.5214,36.9585],[74.4787,36.9974]],[[74.5351,31.7711],[74.5408,31.8109],[74.5485,31.8201],[74.5351,31.7711]]],[[[26.253,40.0786],[26.3758,40.1535],[26.3655,40.1641],[26.2568,40.0964],[26.253,40.0786]]],[[[27.5815,37.1982],[27.5831,37.1912],[27.5877,37.1988],[27.5815,37.1982]]],[[[55.2926,26.5485],[55.8766,26.7429],[55.947,26.6963],[56.2874,26.9551],[56.2124,27.003],[55.8977,26.9068],[55.758,26.954],[55.7742,26.7969],[55.3045,26.6564],[55.2926,26.5485]]],[[[66.2581,25.5431],[66.2582,25.5413],[66.261,25.5435],[66.2581,25.5431]]],[[[66.2843,25.5465],[66.3957,25.5134],[66.3885,25.522],[66.3527,25.5355],[66.3364,25.5534],[66.2843,25.5465]]],[[[66.4555,25.4957],[66.4605,25.4942],[66.4562,25.496],[66.4555,25.4957]]],[[[66.4886,25.4825],[66.49,25.4793],[66.4922,25.481],[66.4886,25.4825]]],[[[67.4418,24.0595],[67.4542,24.0142],[67.4854,24.0485],[67.4418,24.0595]]],[[[68.1425,23.7],[68.1491,23.6945],[68.1575,23.6962],[68.1473,23.7428],[68.1425,23.7]]],[[[68.4089,23.6213],[68.4103,23.5577],[68.4808,23.6209],[68.4089,23.6213]]],[[[68.4688,23.6408],[68.4927,23.6376],[68.4925,23.6341],[68.532,23.6787],[68.4694,23.6592],[68.4688,23.6408]]],[[[68.6153,23.7506],[68.6703,23.7506],[68.7174,23.8184],[68.6707,23.8157],[68.6379,23.7615],[68.6153,23.7506]]],[[[34.5355,30.4364],[34.6114,30.4364],[34.6164,30.5007],[34.5405,30.5007],[34.5355,30.4364]]],[[[19.364,40.7489],[19.7333,40.8088],[20.1895,40.4201],[20.4269,40.4201],[20.4929,40.1612],[20.8056,40.0964],[21.0911,39.5143],[21.3926,39.2557],[21.7107,39.3203],[21.5095,39.967],[21.8253,39.967],[21.9154,40.1612],[22.2125,39.8376],[22.6233,40.0019],[22.5437,40.0964],[22.6109,40.4096],[22.5791,40.4682],[22.6255,40.4773],[22.6549,40.6144],[22.854,40.6395],[22.9338,40.6309],[22.9832,40.5527],[22.8842,40.4849],[23.2673,40.2906],[23.7374,40.2259],[23.6936,40.3092],[23.7777,40.3548],[23.8386,40.5496],[23.6846,40.6144],[23.698,40.8088],[24.0106,40.744],[24.2578,40.8736],[24.2625,40.9384],[23.9636,41.1977],[23.8047,41.1977],[23.7484,41.522],[23.5938,41.5869],[23.528,41.7816],[22.8194,41.9114],[22.6729,42.1063],[22.4377,42.1712],[22.3707,42.3662],[22.5394,42.4962],[22.4725,42.6912],[22.3924,42.6912],[22.3036,42.5612],[21.815,42.4312],[21.8068,42.3012],[21.4071,42.3012],[21.3193,42.1712],[21.0036,42.2362],[20.7527,42.0413],[20.194,42.0413],[20.1073,41.9114],[19.8747,42.0413],[19.7084,41.9114],[19.3894,41.9114],[19.5916,41.8188],[19.5576,41.6605],[19.613,41.6053],[19.4634,41.5595],[19.5297,41.522],[19.4438,41.3922],[19.5233,41.3922],[19.4555,41.1485],[19.5234,40.9206],[19.364,40.7489]],[[20.6815,41.844],[20.7121,41.8605],[20.703,41.8496],[20.6815,41.844]],[[20.9579,40.5149],[20.999,40.54],[20.9815,40.5233],[20.9579,40.5149]],[[21.0152,40.5556],[21.0237,40.5888],[21.0188,40.559],[21.0152,40.5556]],[[21.0186,40.6909],[21.0353,40.6594],[21.0335,40.6487],[21.0186,40.6909]],[[21.2378,42.0974],[21.2917,42.0921],[21.2889,42.0897],[21.2378,42.0974]],[[21.295,42.149],[21.3013,42.1006],[21.2988,42.0984],[21.295,42.149]],[[21.3613,42.2182],[21.3668,42.2239],[21.3766,42.2226],[21.3613,42.2182]],[[21.5576,42.2639],[21.5717,42.2461],[21.5638,42.247],[21.5576,42.2639]],[[22.0476,42.3045],[22.076,42.3053],[22.0609,42.3011],[22.0476,42.3045]],[[22.8815,41.3356],[22.917,41.3358],[23.1152,41.3127],[22.8815,41.3356]],[[22.9014,41.8604],[22.9427,41.7758],[22.9397,41.7767],[22.9014,41.8604]],[[22.933,41.6123],[22.9351,41.6189],[22.9332,41.6055],[22.933,41.6123]],[[22.9334,41.595],[22.9487,41.561],[22.9337,41.5846],[22.9334,41.595]],[[22.9385,41.6299],[22.9409,41.6376],[22.9443,41.6388],[22.9385,41.6299]],[[22.967,41.647],[23.0004,41.7015],[22.9986,41.6931],[22.967,41.647]]],[[[70.3404,40.3554],[70.4195,40.3554],[70.4395,40.4201],[70.3604,40.4201],[70.3404,40.3554]]]]}},{"type":"Feature","properties":{"territoryId":"cliopatria-q83958-3ad32c531e","name":"Macedonian Empire","name_ko":"마케도니아 왕국","color":"#5158ec","colorFamily":0,"startYear":-317,"endYear":-315,"source_name":"Cliopatria v0.2.0","source_url":"https://github.com/Seshat-Global-History-Databank/cliopatria","license":"CC BY 4.0","attribution":"Seshat Global History Databank, Cliopatria contributors"},"geometry":{"type":"MultiPolygon","coordinates":[[[[25.3763,29.3438],[25.5163,29.0867],[25.8829,28.8295],[26.1822,28.7652],[26.252,28.6367],[27.0676,28.3153],[27.285,28.1224],[27.2763,27.9295],[27.4299,27.9938],[27.792,27.6724],[27.7109,27.5438],[27.9367,27.5438],[28.1537,27.3509],[28.2702,26.5794],[28.3453,26.5794],[28.2437,25.9365],[28.2886,25.165],[28.5688,24.6506],[29.6728,24.2006],[29.9595,23.8792],[30.1087,23.8792],[30.104,23.7506],[30.3952,23.5577],[30.4627,23.3649],[31.6705,23.7506],[32.0409,23.6863],[33.389,23.8149],[33.7564,23.6863],[35.108,23.8792],[35.4808,23.8253],[35.5139,23.9771],[35.7865,23.8939],[35.7386,23.9833],[35.4938,24.1089],[35.3919,24.2828],[35.1446,24.5002],[35.1603,24.5746],[34.5466,25.725],[34.3387,26.0018],[34.014,26.6116],[33.9414,26.6535],[33.9961,26.8966],[33.8368,27.1208],[33.8384,27.2426],[33.6917,27.3419],[33.4963,27.6466],[33.5877,27.651],[33.5579,27.7599],[33.4735,27.8232],[33.5921,27.7912],[33.5544,27.8965],[33.2494,28.1429],[33.0029,28.4895],[32.8689,28.5789],[32.8069,28.7781],[32.6255,28.9727],[32.6528,29.081],[32.5623,29.3863],[32.3377,29.5925],[32.4939,29.8733],[32.4769,29.9322],[32.5715,29.9426],[32.5778,30.0114],[32.5715,29.9289],[32.6733,29.858],[32.7579,29.9865],[32.9095,29.9865],[32.9185,30.1151],[33.838,30.2436],[34.3029,30.3722],[34.3886,30.5007],[34.6114,30.4364],[34.6214,30.565],[35.3522,31.1434],[35.499,31.0791],[35.662,31.2076],[36.4231,31.2076],[36.3866,31.6575],[36.6623,32.1717],[36.5155,32.236],[36.7507,32.3002],[36.7168,32.7502],[36.901,33.0716],[37.0542,33.0716],[37.0732,33.2645],[37.5726,33.6502],[37.7261,33.6502],[37.7395,33.7789],[37.9902,33.9718],[39.1238,34.4863],[39.2008,34.4863],[39.1936,34.422],[39.2706,34.422],[39.2779,34.4863],[40.2569,34.2933],[40.4033,34.229],[40.3115,34.1004],[40.8499,34.1004],[40.9117,33.9718],[41.2116,33.9075],[41.4886,33.6502],[42.5783,33.1359],[42.7085,32.943],[43.1526,32.8145],[43.3514,32.5574],[43.9102,32.7502],[44.2084,32.6859],[44.2481,33.0073],[44.4175,33.1359],[44.5708,33.1359],[44.6311,33.0073],[45.099,33.0716],[45.4654,32.943],[45.8991,33.3288],[46.0525,33.3288],[46.0697,33.4574],[45.8567,33.5859],[45.8915,33.8432],[45.9683,33.8432],[45.9178,34.0361],[46.1485,34.0361],[46.71,33.6502],[46.6748,33.3931],[47.4151,33.2002],[47.8217,32.8145],[47.9748,32.8145],[47.7098,31.9789],[47.9813,31.7218],[47.7957,31.4647],[47.739,31.0148],[48.1031,30.8863],[48.0478,30.4364],[48.2755,30.4364],[48.4117,30.3079],[48.3884,30.1151],[48.6005,29.9865],[48.6588,29.9962],[48.6433,30.0554],[48.9153,30.0422],[48.936,30.2101],[48.8623,30.3456],[49.0373,30.4325],[48.9456,30.4797],[48.9815,30.5156],[49.2112,30.5063],[49.2638,30.4497],[49.2029,30.3466],[49.062,30.4081],[48.9212,30.3808],[49.1614,30.2238],[49.2212,30.2646],[49.2457,30.1565],[49.4798,30.1561],[49.5322,30.0229],[49.9146,30.2039],[50.0734,30.1957],[50.1613,29.9263],[50.6553,29.4491],[50.6895,29.2908],[50.6435,29.1458],[50.8403,29.1406],[50.915,29.0867],[50.929,29.0097],[50.8345,28.8914],[51.0588,28.7359],[51.0807,28.5339],[51.2853,28.2409],[51.2698,28.1405],[51.4083,27.9323],[51.5842,27.8511],[52.0112,27.8327],[52.4596,27.6326],[52.6701,27.4486],[52.6098,27.4123],[52.6669,27.3271],[52.9326,27.1603],[53.4441,26.9757],[53.7161,26.7086],[54.0158,26.7495],[54.3081,26.715],[54.3894,26.6051],[54.791,26.4958],[55.2708,26.7925],[55.5217,26.7846],[55.5804,26.8591],[55.5545,26.8999],[55.6659,26.9954],[55.9393,27.0267],[56.1237,27.1606],[56.353,27.2016],[56.8088,27.1396],[56.8846,27.0781],[56.8677,27.0123],[56.9733,27.003],[56.9273,26.9556],[57.0524,26.8366],[57.0872,26.4061],[57.2129,26.1662],[57.1668,26.083],[57.3493,25.7803],[57.7556,25.7427],[57.7717,25.6356],[57.9632,25.6932],[58.0462,25.5749],[58.1375,25.5507],[58.419,25.612],[58.8252,25.5604],[59.044,25.3996],[59.4539,25.4616],[59.9063,25.3316],[60.082,25.366],[60.2092,25.3197],[60.2015,25.3712],[60.2894,25.3772],[60.3192,25.3299],[60.4366,25.3342],[60.3953,25.3779],[60.4285,25.4196],[60.5497,25.4469],[60.6321,25.3579],[60.6335,25.275],[61.0306,25.2098],[61.2236,25.1124],[61.5074,25.1467],[61.4826,25.1937],[61.5584,25.2005],[61.5545,25.2541],[61.5882,25.2021],[61.7831,25.188],[61.7207,25.0364],[61.8473,25.0379],[61.8811,25.103],[62.0972,25.1071],[62.059,25.1616],[62.1452,25.2184],[62.2542,25.212],[62.3398,25.1302],[62.4894,25.2142],[62.4772,25.2591],[63.5108,25.2293],[63.4695,25.2893],[63.5725,25.365],[64.0727,25.3579],[64.0488,25.4165],[63.9766,25.4128],[64.0454,25.4503],[64.1553,25.4469],[64.0838,25.4267],[64.1,25.3579],[64.225,25.3579],[64.4393,25.2346],[64.5654,25.2703],[64.6136,25.1923],[64.7071,25.1786],[64.6686,25.2551],[64.7444,25.324],[65.1899,25.3135],[65.2323,25.3707],[65.3954,25.3923],[65.6521,25.3445],[66.1361,25.4467],[66.1895,25.4881],[66.0944,25.4748],[66.1672,25.5661],[66.3755,25.6257],[66.531,25.5181],[66.5912,25.3996],[66.5479,25.3656],[66.6203,25.3579],[66.7372,25.1811],[66.7044,24.892],[66.6541,24.8392],[66.9651,24.8436],[67.2555,24.748],[67.2117,24.7156],[67.2423,24.473],[67.3625,24.3439],[67.3203,24.3431],[67.3019,24.1829],[67.3535,24.072],[67.5331,24.0703],[67.4583,23.9994],[67.4989,23.9256],[67.5405,23.9393],[67.4886,23.8885],[67.6145,23.8501],[67.6504,23.9331],[67.6301,23.8162],[67.8329,23.8149],[67.8552,23.9119],[67.8689,23.8505],[68.0443,23.8149],[68.0135,23.9393],[68.1523,23.787],[68.1575,23.9051],[68.1637,23.7577],[68.2804,23.686],[68.1434,23.6127],[68.3273,23.5869],[68.4277,23.7143],[68.6335,23.8331],[68.8342,23.8792],[68.8417,23.9435],[68.767,23.9435],[68.9972,26.3222],[69.203,26.708],[69.532,26.9009],[69.8465,27.4795],[70.0071,27.5438],[70.3918,28.0581],[70.5425,28.0581],[70.7367,27.8652],[70.7157,27.7367],[71.6406,27.8652],[71.8882,27.9938],[72.3885,28.701],[72.9878,29.0867],[73.4129,29.7294],[73.3623,29.858],[73.9441,30.1151],[74.135,30.3079],[74.7062,30.5007],[74.8364,30.7578],[74.6011,31.0791],[74.6712,31.4005],[74.5614,31.5933],[74.6244,31.8748],[74.5589,31.8325],[74.8915,32.0431],[75.0569,32.4288],[75.3164,32.5574],[75.5205,33.7146],[75.4437,33.7146],[75.5081,33.9718],[75.4313,33.9718],[75.4247,34.5506],[75.5018,34.5506],[75.3204,34.7436],[75.3874,35.001],[75.2234,35.2584],[75.2574,35.3871],[75.1801,35.3871],[74.958,36.2884],[74.8804,36.2884],[74.8914,36.6105],[74.8137,36.6105],[74.8245,36.9941],[75.0134,37.3193],[74.7384,37.4483],[74.1924,37.4483],[73.766,37.3193],[73.7426,37.5128],[73.1602,37.3838],[72.5542,37.4483],[72.1396,37.6417],[72.0975,37.7707],[71.9412,37.7707],[71.779,38.0288],[71.364,38.2224],[71.2021,38.4806],[70.5933,38.5451],[70.63,38.6743],[70.3581,38.5451],[70.3162,38.6743],[69.5679,38.8034],[69.4053,39.0618],[69.5208,39.1911],[69.3635,39.1911],[69.3592,39.4496],[69.2805,39.4496],[69.4157,39.6436],[69.277,39.7083],[69.3342,39.9023],[69.8856,40.1612],[69.846,40.2906],[70.7377,40.6144],[70.7786,40.744],[70.6405,40.8088],[70.6817,40.9384],[70.5643,41.068],[69.8072,40.6792],[69.6097,40.8088],[69.2725,40.744],[69.1931,40.4849],[69.2722,40.4849],[69.2729,40.2259],[69.0357,40.2259],[68.997,40.0964],[68.6239,39.9023],[68.5301,39.5789],[66.2199,39.7729],[65.5638,39.967],[65.2301,39.9023],[64.9322,39.967],[64.8889,40.0964],[63.4669,40.0964],[62.8795,39.967],[62.5018,40.0317],[60.9495,39.5143],[60.6504,39.5789],[60.6184,39.4496],[60.2562,39.2557],[58.627,38.6743],[57.55,38.416],[56.6742,38.3515],[56.2279,38.0933],[55.2891,38.0933],[54.8456,37.8352],[54.7033,37.5128],[53.976,37.3838],[54.0947,37.1904],[54.0143,36.8211],[53.0877,36.8037],[52.1859,36.546],[50.8207,36.7393],[50.532,36.8682],[50.611,36.9697],[50.4759,37.0379],[50.3209,36.9971],[49.9988,37.3838],[49.0182,37.5773],[49.0293,37.6417],[48.8285,37.8352],[48.8736,38.0933],[48.326,38.0933],[47.2516,38.6743],[46.1209,38.4806],[45.8539,38.2869],[45.6349,37.8998],[45.2238,37.7707],[45.1737,37.4483],[45.2517,37.4483],[45.29,37.1904],[45.4458,37.1904],[45.2509,36.9326],[44.8713,36.9971],[44.7446,37.1904],[44.7738,37.3838],[44.4131,37.5773],[43.9448,37.5773],[42.5082,37.8998],[41.961,37.8998],[41.6666,38.0288],[40.5805,38.0933],[40.5983,38.2224],[40.4507,38.2869],[39.45,38.416],[38.7525,39.0618],[38.3768,39.1911],[38.473,39.3203],[36.9326,39.5789],[36.074,39.6436],[34.7896,39.4496],[34.4341,39.7729],[34.3552,39.7729],[34.3629,39.8376],[34.284,39.8376],[34.3307,40.2259],[34.4098,40.2259],[34.4496,40.5496],[34.3705,40.5496],[34.348,41.0032],[33.4513,40.8088],[32.9039,40.8736],[32.8093,40.744],[32.1974,40.9384],[31.714,40.8736],[31.196,40.4849],[29.4906,40.7272],[28.9113,40.5999],[28.9156,40.4714],[29.1515,40.4341],[29.0463,40.3554],[27.9388,40.3554],[27.904,40.3999],[27.9505,40.4849],[27.7921,40.4849],[27.7918,40.3929],[27.8836,40.3863],[27.6958,40.2906],[27.5376,40.2906],[27.2948,40.4059],[26.6819,40.3561],[26.4052,40.1887],[26.3622,40.0635],[26.236,39.9989],[26.1325,39.5143],[26.9377,39.5748],[26.9299,39.4877],[26.801,39.4335],[26.7422,39.2557],[26.8209,39.2557],[26.9579,38.9972],[26.9399,38.9327],[27.0413,38.9401],[27.0627,38.8869],[26.9084,38.8204],[26.9314,38.7551],[26.8495,38.6097],[27.0798,38.5451],[27.0728,38.4537],[27.1642,38.4466],[27.0694,38.4094],[27.065,38.3515],[26.6762,38.3515],[26.6731,38.3072],[26.595,38.3515],[26.5358,38.6097],[26.3895,38.6719],[26.4058,38.4535],[26.513,38.4329],[26.4515,38.4261],[26.4289,38.2224],[26.8203,38.2224],[26.889,38.0933],[27.2753,38.0288],[27.2559,37.7707],[27.1794,37.6106],[27.31,37.4483],[27.2383,37.3426],[27.4072,37.4127],[27.4385,37.3908],[27.3921,37.3538],[27.5392,37.3838],[27.5644,37.2735],[27.616,37.2747],[27.598,37.126],[28.3294,37.0368],[28.2124,37.0004],[28.1653,36.9116],[28.1034,36.9353],[28.0583,36.7721],[28.1184,36.8006],[28.1305,36.754],[28.0314,36.6749],[28.2534,36.7641],[28.2572,36.8462],[28.315,36.795],[28.452,36.8836],[28.4535,36.8444],[28.5127,36.8682],[29.1198,36.6749],[29.1101,36.5515],[29.2549,36.4172],[29.1722,36.3528],[29.3496,36.2326],[29.4116,36.2674],[29.4666,36.224],[29.938,36.224],[30.0261,36.3528],[30.4919,36.3528],[30.6191,36.9326],[31.3916,36.8682],[31.763,36.6749],[31.9185,36.6749],[32.4985,36.224],[32.5369,36.1],[32.733,36.0376],[33.2744,36.224],[33.8711,36.3149],[33.9791,36.2884],[34.2507,36.6749],[34.5816,36.8682],[34.8929,36.8682],[34.9352,36.726],[35.1127,36.7393],[35.4875,36.6106],[35.8336,36.9326],[36.1449,36.9326],[36.2862,36.8037],[36.2649,36.6105],[35.8417,36.2884],[35.9901,36.224],[35.9767,36.001],[35.8449,35.5802],[35.9929,35.5158],[35.9153,35.2879],[35.9624,35.1979],[35.927,34.8723],[36.0682,34.7436],[36.0488,34.5506],[35.7921,34.2933],[35.6652,34.3113],[35.6838,33.9718],[35.4705,33.9021],[35.4993,33.6502],[35.3944,33.65],[35.3984,33.3931],[35.2154,33.0716],[35.089,33.0205],[35.0218,32.6216],[34.8851,32.4821],[34.7926,32.161],[34.813,31.9789],[34.6909,31.9134],[34.6028,31.7558],[34.6334,31.6575],[34.3076,31.4005],[34.2972,31.2719],[33.7493,31.0791],[32.8317,31.0148],[32.8055,31.0655],[32.6665,31.0523],[32.7907,31.0941],[32.6016,31.061],[32.2915,31.1839],[32.3039,31.0791],[31.9996,31.0791],[31.9063,31.2516],[31.7806,31.2076],[31.8077,31.2812],[31.7691,31.2988],[31.8741,31.4647],[31.2658,31.4647],[31.1215,31.5275],[31.0291,31.5185],[30.9807,31.4365],[30.7985,31.4465],[30.7344,31.3881],[30.5427,31.395],[30.6916,31.4647],[30.352,31.4647],[30.3019,31.3422],[30.3388,31.2719],[30.2887,31.2379],[29.9904,31.2719],[29.8315,31.1513],[29.8696,31.0791],[29.6332,30.9506],[29.5543,30.9848],[29.4481,30.9336],[29.3971,30.822],[28.865,30.822],[28.4964,31.0148],[27.5149,31.1434],[27.1699,31.3857],[26.3179,31.529],[25.478,29.9223],[25.3763,29.3438]],[[31.5884,37.3193],[31.6004,37.4483],[31.6784,37.4483],[31.6664,37.3193],[31.5884,37.3193]],[[35.4529,31.4008],[35.4585,31.4916],[35.4587,31.4916],[35.4593,31.4958],[35.4529,31.4008]],[[35.552,32.3679],[35.5533,32.3691],[35.5656,32.3134],[35.552,32.3679]],[[35.5568,32.3724],[35.5594,32.3748],[35.5656,32.3679],[35.5568,32.3724]],[[35.5585,32.5191],[35.5614,32.5192],[35.5674,32.5102],[35.5585,32.5191]],[[35.5594,32.4704],[35.5626,32.4747],[35.5725,32.4567],[35.5594,32.4704]],[[35.5688,32.4829],[35.5778,32.4948],[35.58,32.4915],[35.5688,32.4829]],[[35.7716,32.7467],[35.7749,32.7473],[35.7882,32.7344],[35.7716,32.7467]],[[36.2318,33.8525],[36.3178,33.8272],[36.3006,33.8287],[36.2318,33.8525]],[[36.2672,33.9104],[36.2886,33.9465],[36.2691,33.9073],[36.2672,33.9104]],[[36.2699,33.906],[36.3111,33.872],[36.2753,33.8972],[36.2699,33.906]],[[36.6665,36.2657],[36.6691,36.2599],[36.6681,36.2532],[36.6665,36.2657]],[[36.6896,32.3197],[36.7069,32.3283],[36.7231,32.3266],[36.6896,32.3197]],[[42.7157,37.3553],[42.7805,37.3755],[42.788,37.3732],[42.7157,37.3553]],[[42.7951,37.371],[42.8011,37.3691],[42.8141,37.3468],[42.7951,37.371]],[[44.7525,37.1131],[44.7649,37.1394],[44.7544,37.1084],[44.7525,37.1131]],[[44.8666,36.7801],[44.9227,36.7759],[44.8772,36.7765],[44.8666,36.7801]],[[44.9962,36.7417],[45.0353,36.6896],[45.0373,36.6808],[44.9962,36.7417]],[[45.0355,36.633],[45.0426,36.6569],[45.0443,36.6493],[45.0355,36.633]],[[45.0382,36.494],[45.0608,36.4472],[45.0391,36.4798],[45.0382,36.494]],[[45.0791,36.4197],[45.1108,36.4025],[45.0837,36.4128],[45.0791,36.4197]],[[45.1108,36.4025],[45.196,36.4224],[45.2213,36.4209],[45.1108,36.4025]],[[48.4082,30.1885],[48.4085,30.1961],[48.4106,30.1915],[48.4082,30.1885]],[[53.5278,31.5933],[53.5374,31.6575],[53.6136,31.6575],[53.604,31.5933],[53.5278,31.5933]],[[53.6516,31.4005],[53.6611,31.4647],[53.7373,31.4647],[53.7278,31.4005],[53.6516,31.4005]],[[54.7873,37.6519],[54.8136,37.7186],[54.8234,37.7283],[54.7873,37.6519]],[[56.2141,38.0688],[56.3155,38.0895],[56.2997,38.0802],[56.2141,38.0688]],[[57.1814,38.2757],[57.1859,38.2765],[57.2183,38.2651],[57.1814,38.2757]],[[61.1016,35.2353],[61.1038,35.2494],[61.1124,35.202],[61.1016,35.2353]],[[63.1743,26.685],[63.1823,26.8302],[63.1896,26.846],[63.1743,26.685]],[[63.1896,26.846],[63.206,26.8537],[63.2467,26.8595],[63.1896,26.846]],[[64.589,36.5802],[64.5901,36.5947],[64.6105,36.5009],[64.589,36.5802]],[[64.5911,36.6093],[64.592,36.6211],[64.5985,36.6369],[64.5911,36.6093]],[[64.614,36.6746],[64.6214,36.6926],[64.7652,36.9046],[64.614,36.6746]],[[64.7788,37.118],[64.8079,37.1355],[64.9891,37.2137],[64.7788,37.118]],[[66.0797,37.4409],[66.1545,37.3835],[66.1429,37.3851],[66.0797,37.4409]],[[66.3069,38.0804],[66.4204,38.0419],[66.4083,38.0428],[66.3069,38.0804]],[[66.4878,37.3422],[66.5196,37.3642],[66.531,37.3649],[66.4878,37.3422]],[[66.5399,38.028],[66.5542,38.0269],[66.5722,38.0184],[66.5399,38.028]],[[67.7731,37.11],[67.7741,37.1205],[67.7823,37.1029],[67.7731,37.11]],[[67.8003,37.0891],[67.8176,37.0806],[67.808,37.0832],[67.8003,37.0891]],[[68.0169,36.9294],[68.0256,36.9271],[68.0202,36.9257],[68.0169,36.9294]],[[68.0433,36.9316],[68.1864,37.0183],[68.0549,36.9346],[68.0433,36.9316]],[[68.3214,23.9247],[68.335,23.941],[68.326,23.9278],[68.3214,23.9247]],[[68.3439,23.9651],[68.3489,23.9646],[68.3536,23.9393],[68.3439,23.9651]],[[69.2457,37.1039],[69.3143,37.1189],[69.3121,37.1175],[69.2457,37.1039]],[[69.313,39.9848],[69.314,39.9869],[69.3174,39.9848],[69.313,39.9848]],[[69.6528,40.6453],[69.6909,40.63],[69.6601,40.6387],[69.6528,40.6453]],[[71.3191,36.2006],[71.3935,36.228],[71.3824,36.2186],[71.3191,36.2006]],[[71.3564,35.9331],[71.3685,35.894],[71.3607,35.9003],[71.3564,35.9331]],[[71.4008,35.868],[71.4167,35.8588],[71.4234,35.8499],[71.4008,35.868]],[[71.4471,35.8179],[71.4644,35.7947],[71.4658,35.7881],[71.4471,35.8179]],[[71.4756,35.741],[71.5027,35.7191],[71.5074,35.7095],[71.4756,35.741]],[[71.4833,35.6266],[71.5059,35.6034],[71.4927,35.6096],[71.4833,35.6266]],[[71.5144,35.6753],[71.5151,35.6935],[71.5198,35.6838],[71.5144,35.6753]],[[71.5316,35.3279],[71.6138,35.4035],[71.6111,35.3955],[71.5316,35.3279]],[[71.573,35.5692],[71.5842,35.5642],[71.5935,35.5494],[71.573,35.5692]],[[72.1496,36.6893],[72.1535,36.7021],[72.1657,36.7071],[72.1496,36.6893]],[[72.1861,36.7153],[72.2136,36.7264],[72.2821,36.738],[72.1861,36.7153]],[[72.3215,36.7447],[72.3873,36.7558],[72.4541,36.758],[72.3215,36.7447]],[[72.6028,36.8252],[72.6296,36.8329],[72.6623,36.8326],[72.6028,36.8252]],[[72.7375,36.8318],[72.8677,36.8304],[72.7794,36.8268],[72.7375,36.8318]],[[73.4517,35.5802],[73.8555,35.6445],[73.5291,35.5802],[73.4517,35.5802]],[[73.4517,35.5802],[73.4853,35.7089],[73.4685,35.6445],[73.4517,35.5802]],[[73.5897,35.5158],[73.6023,35.5641],[73.8218,35.5158],[73.5897,35.5158]],[[73.6401,36.8966],[73.7729,36.892],[73.8071,36.8848],[73.6401,36.8966]],[[73.7749,34.371],[73.7798,34.3961],[73.7963,34.4185],[73.7749,34.371]],[[73.7827,34.3468],[73.8217,34.3204],[73.8042,34.3275],[73.7827,34.3468]],[[73.8356,34.3146],[73.9377,34.3042],[73.8533,34.3074],[73.8356,34.3146]],[[73.8492,36.876],[73.8651,36.8726],[73.9469,36.8309],[73.8492,36.876]],[[73.8937,34.0543],[73.9458,34.0098],[73.9162,34.0279],[73.8937,34.0543]],[[74.4446,37.0023],[74.457,37.0044],[74.4713,36.9998],[74.4446,37.0023]],[[74.4787,36.9974],[74.4803,36.9969],[74.5214,36.9585],[74.4787,36.9974]],[[74.5351,31.7711],[74.5408,31.8109],[74.5485,31.8201],[74.5351,31.7711]]],[[[26.253,40.0786],[26.3758,40.1535],[26.3655,40.1641],[26.2568,40.0964],[26.253,40.0786]]],[[[27.5815,37.1982],[27.5831,37.1912],[27.5877,37.1988],[27.5815,37.1982]]],[[[30.1795,31.2714],[30.1849,31.2719],[30.1795,31.2719],[30.1795,31.2714]]],[[[30.2409,31.2653],[30.2648,31.2719],[30.2479,31.2719],[30.2409,31.2653]]],[[[30.9691,31.5785],[30.9739,31.5799],[30.9739,31.5867],[30.9695,31.5854],[30.9691,31.5785]]],[[[30.978,31.5843],[31.119,31.5305],[31.1608,31.5935],[30.978,31.5843]]],[[[33.9551,26.79],[34.0036,26.7082],[34.0029,26.7316],[33.9756,26.79],[33.9551,26.79]]],[[[55.2926,26.5485],[55.8766,26.7429],[55.947,26.6963],[56.2874,26.9551],[56.2124,27.003],[55.8977,26.9068],[55.758,26.954],[55.7742,26.7969],[55.3045,26.6564],[55.2926,26.5485]]],[[[66.2581,25.5431],[66.2582,25.5413],[66.261,25.5435],[66.2581,25.5431]]],[[[66.2843,25.5465],[66.3957,25.5134],[66.3885,25.522],[66.3527,25.5355],[66.3364,25.5534],[66.2843,25.5465]]],[[[66.4555,25.4957],[66.4605,25.4942],[66.4562,25.496],[66.4555,25.4957]]],[[[66.4886,25.4825],[66.49,25.4793],[66.4922,25.481],[66.4886,25.4825]]],[[[67.4418,24.0595],[67.4542,24.0142],[67.4854,24.0485],[67.4418,24.0595]]],[[[68.1425,23.7],[68.1491,23.6945],[68.1575,23.6962],[68.1473,23.7428],[68.1425,23.7]]],[[[68.4089,23.6213],[68.4103,23.5577],[68.4808,23.6209],[68.4089,23.6213]]],[[[68.4688,23.6408],[68.4927,23.6376],[68.4925,23.6341],[68.532,23.6787],[68.4694,23.6592],[68.4688,23.6408]]],[[[68.6153,23.7506],[68.6703,23.7506],[68.7174,23.8184],[68.6707,23.8157],[68.6379,23.7615],[68.6153,23.7506]]],[[[38.6826,39.1265],[38.7613,39.1265],[38.7701,39.1911],[38.6914,39.1911],[38.6826,39.1265]]],[[[21.9154,40.1612],[22.2125,39.8376],[22.6233,40.0019],[22.5437,40.0964],[22.5716,40.5496],[22.6508,40.5496],[22.6549,40.6144],[22.1756,40.5496],[21.9154,40.1612]]],[[[22.9265,40.5153],[22.9592,40.4201],[23.7374,40.2259],[23.6936,40.3092],[23.7505,40.4201],[23.8297,40.4201],[23.8386,40.5496],[23.6846,40.6144],[23.6891,40.6792],[22.9416,40.6184],[22.9832,40.5527],[22.9265,40.5153]]],[[[70.3404,40.3554],[70.4195,40.3554],[70.4395,40.4201],[70.3604,40.4201],[70.3404,40.3554]]]]}},{"type":"Feature","properties":{"territoryId":"cliopatria-q83958-3ad32c531e","name":"Macedonian Empire","name_ko":"마케도니아 왕국","color":"#5158ec","colorFamily":0,"startYear":-314,"endYear":-307,"source_name":"Cliopatria v0.2.0","source_url":"https://github.com/Seshat-Global-History-Databank/cliopatria","license":"CC BY 4.0","attribution":"Seshat Global History Databank, Cliopatria contributors"},"geometry":{"type":"MultiPolygon","coordinates":[[[[22.9016,36.3383],[22.9292,36.178],[23.0533,36.1596],[23.0769,36.2707],[22.9446,36.3894],[22.9016,36.3383]]],[[[25.3418,37.083],[25.3936,36.9971],[25.5644,36.9971],[25.5727,37.126],[25.3418,37.083]]],[[[25.3763,29.3438],[25.6618,28.9581],[27.0676,28.3153],[27.285,28.1224],[27.2763,27.9295],[27.4299,27.9938],[27.792,27.6724],[27.7109,27.5438],[27.9367,27.5438],[28.1537,27.3509],[28.2702,26.5794],[28.3453,26.5794],[28.2437,25.9365],[28.2886,25.165],[28.5688,24.6506],[29.6728,24.2006],[29.9595,23.8792],[30.1087,23.8792],[30.104,23.7506],[30.3952,23.5577],[30.4627,23.3649],[31.6705,23.7506],[32.0409,23.6863],[33.389,23.8149],[33.7564,23.6863],[35.108,23.8792],[35.4808,23.8253],[35.5139,23.9771],[35.7865,23.8939],[35.7386,23.9833],[35.4938,24.1089],[35.3919,24.2828],[35.1446,24.5002],[35.1603,24.5746],[34.5466,25.725],[34.3387,26.0018],[34.014,26.6116],[33.9414,26.6535],[33.9961,26.8966],[33.8368,27.1208],[33.8384,27.2426],[33.6917,27.3419],[33.4963,27.6466],[33.5877,27.651],[33.5579,27.7599],[33.4735,27.8232],[33.5921,27.7912],[33.5544,27.8965],[33.2494,28.1429],[33.0029,28.4895],[32.8689,28.5789],[32.8069,28.7781],[32.6255,28.9727],[32.6528,29.081],[32.5623,29.3863],[32.3377,29.5925],[32.3639,29.6882],[32.4939,29.8733],[32.4769,29.9322],[32.5715,29.9426],[32.5778,30.0114],[32.5715,29.9289],[32.6733,29.858],[32.7579,29.9865],[32.9095,29.9865],[32.9185,30.1151],[33.838,30.2436],[34.3029,30.3722],[34.3886,30.5007],[34.6114,30.4364],[34.6214,30.565],[35.3522,31.1434],[35.499,31.0791],[35.662,31.2076],[36.4231,31.2076],[36.3866,31.6575],[36.6623,32.1717],[36.5155,32.236],[36.7507,32.3002],[36.7168,32.7502],[36.901,33.0716],[37.0542,33.0716],[37.0732,33.2645],[37.5726,33.6502],[37.7261,33.6502],[37.7395,33.7789],[37.9902,33.9718],[39.1238,34.4863],[39.2008,34.4863],[39.1936,34.422],[39.2706,34.422],[39.2779,34.4863],[40.2569,34.2933],[40.4033,34.229],[40.3115,34.1004],[40.8499,34.1004],[40.9117,33.9718],[41.2116,33.9075],[41.4886,33.6502],[42.5783,33.1359],[42.7085,32.943],[43.1526,32.8145],[43.3514,32.5574],[43.4279,32.5574],[43.4202,32.4931],[44.459,31.5933],[44.5814,31.3362],[44.9546,31.2719],[45.7705,30.4364],[46.5906,30.3079],[46.6151,29.858],[46.8497,29.9223],[46.994,29.858],[46.9794,29.7294],[47.2897,29.7937],[47.6464,29.6009],[48.1406,29.5464],[48.1809,29.5622],[47.9956,29.8277],[47.9348,30.1071],[47.969,30.0041],[48.1192,30.045],[48.5205,29.9289],[48.5549,29.9565],[48.4766,29.984],[48.5971,29.9581],[48.6588,29.9962],[48.6433,30.0554],[48.9038,30.0369],[48.936,30.2101],[48.8623,30.3456],[49.0373,30.4325],[48.9456,30.4797],[48.9815,30.5156],[49.2112,30.5063],[49.2638,30.4497],[49.2029,30.3466],[49.062,30.4081],[48.9212,30.3808],[49.1614,30.2238],[49.2212,30.2646],[49.2457,30.1565],[49.4798,30.1561],[49.5322,30.0229],[49.9146,30.2039],[50.0734,30.1957],[50.1613,29.9263],[50.6553,29.4491],[50.6895,29.2908],[50.6435,29.1458],[50.8403,29.1406],[50.915,29.0867],[50.929,29.0097],[50.8345,28.8914],[51.0588,28.7359],[51.0807,28.5339],[51.2853,28.2409],[51.2698,28.1405],[51.4083,27.9323],[51.5842,27.8511],[52.0112,27.8327],[52.4596,27.6326],[52.6701,27.4486],[52.6098,27.4123],[52.6669,27.3271],[52.9326,27.1603],[53.4441,26.9757],[53.7161,26.7086],[54.0158,26.7495],[54.3081,26.715],[54.3894,26.6051],[54.791,26.4958],[55.2708,26.7925],[55.5217,26.7846],[55.5804,26.8591],[55.5545,26.8999],[55.6659,26.9954],[55.9393,27.0267],[56.1237,27.1606],[56.353,27.2016],[56.8088,27.1396],[56.8846,27.0781],[56.8677,27.0123],[56.9733,27.003],[56.9273,26.9556],[57.0524,26.8366],[57.0872,26.4061],[57.2129,26.1662],[57.1668,26.083],[57.3493,25.7803],[57.7556,25.7427],[57.7717,25.6356],[57.9632,25.6932],[58.0462,25.5749],[58.1375,25.5507],[58.419,25.612],[58.8252,25.5604],[59.044,25.3996],[59.4539,25.4616],[59.9063,25.3316],[60.082,25.366],[60.2092,25.3197],[60.2015,25.3712],[60.2894,25.3772],[60.3192,25.3299],[60.4366,25.3342],[60.3953,25.3779],[60.4285,25.4196],[60.5497,25.4469],[60.6321,25.3579],[60.6335,25.275],[61.0306,25.2098],[61.2236,25.1124],[61.5074,25.1467],[61.4826,25.1937],[61.5584,25.2005],[61.5545,25.2541],[61.5882,25.2021],[61.7831,25.188],[61.7205,25.0367],[61.8811,25.103],[62.0972,25.1071],[62.059,25.1616],[62.1452,25.2184],[62.2975,25.1851],[62.2901,25.1241],[62.4894,25.2142],[62.4772,25.2591],[62.5958,25.2636],[63.1752,26.7013],[63.1896,26.846],[63.1761,26.7034],[63.2038,26.7723],[63.3625,26.8366],[63.7881,27.7367],[64.738,29.0224],[65.2761,29.5366],[66.164,29.858],[69.2028,30.3079],[70.4169,30.3079],[71.049,30.4364],[72.5544,30.3722],[72.5415,30.3079],[72.6933,30.3079],[72.6804,30.2436],[73.2616,30.1151],[73.2865,29.858],[73.438,29.858],[74.135,30.3079],[74.7062,30.5007],[74.8364,30.7578],[74.6011,31.0791],[74.6712,31.4005],[74.5614,31.5933],[74.6244,31.8748],[74.5589,31.8325],[74.8915,32.0431],[75.0569,32.4288],[75.3164,32.5574],[75.5205,33.7146],[75.4437,33.7146],[75.5081,33.9718],[75.4313,33.9718],[75.4247,34.5506],[75.5018,34.5506],[75.3204,34.7436],[75.3874,35.001],[75.2234,35.2584],[75.2574,35.3871],[75.1801,35.3871],[74.958,36.2884],[74.8804,36.2884],[74.8914,36.6105],[74.8137,36.6105],[74.8245,36.9941],[75.0134,37.3193],[74.7384,37.4483],[74.1924,37.4483],[73.766,37.3193],[73.7426,37.5128],[73.1602,37.3838],[72.5542,37.4483],[72.1396,37.6417],[72.0975,37.7707],[71.9412,37.7707],[71.779,38.0288],[71.364,38.2224],[71.2021,38.4806],[70.5933,38.5451],[70.63,38.6743],[70.2979,38.6097],[70.0991,38.7389],[69.5679,38.8034],[69.4053,39.0618],[69.5208,39.1911],[69.3635,39.1911],[69.2992,39.5143],[69.378,39.5143],[69.4157,39.6436],[69.277,39.7083],[69.3342,39.9023],[69.8856,40.1612],[69.846,40.2906],[70.7377,40.6144],[70.7786,40.744],[70.6405,40.8088],[70.6817,40.9384],[70.5643,41.068],[69.8072,40.6792],[69.6097,40.8088],[69.2725,40.744],[69.1931,40.4849],[69.2722,40.4849],[69.2729,40.2259],[69.0357,40.2259],[68.997,40.0964],[68.6239,39.9023],[68.5301,39.5789],[66.2199,39.7729],[65.5638,39.967],[65.2301,39.9023],[64.8889,40.0964],[63.4669,40.0964],[62.8795,39.967],[62.5018,40.0317],[60.9495,39.5143],[60.6504,39.5789],[60.6184,39.4496],[60.2562,39.2557],[58.627,38.6743],[57.55,38.416],[56.6742,38.3515],[56.2279,38.0933],[55.2891,38.0933],[54.8456,37.8352],[54.7033,37.5128],[53.976,37.3838],[54.0947,37.1904],[54.0143,36.8211],[53.0877,36.8037],[52.1859,36.546],[51.642,36.546],[50.8207,36.7393],[50.532,36.8682],[50.611,36.9697],[50.4759,37.0379],[50.3209,36.9971],[49.9988,37.3838],[49.0851,37.5128],[48.8285,37.8352],[48.8736,38.0933],[48.326,38.0933],[47.2516,38.6743],[46.1209,38.4806],[45.8539,38.2869],[45.6349,37.8998],[45.2238,37.7707],[45.1737,37.4483],[45.2517,37.4483],[45.29,37.1904],[45.4458,37.1904],[45.4261,37.0615],[45.0952,36.9326],[44.8031,37.0615],[44.7738,37.3838],[44.6374,37.5128],[44.5739,37.5217],[44.5793,37.477],[44.5718,37.522],[42.802,37.7707],[42.5082,37.8998],[41.961,37.8998],[41.6666,38.0288],[40.5716,38.0288],[40.5983,38.2224],[40.4507,38.2869],[39.45,38.416],[38.7525,39.0618],[38.3768,39.1911],[38.473,39.3203],[36.9326,39.5789],[36.074,39.6436],[34.7896,39.4496],[34.6552,39.6436],[34.4975,39.6436],[34.284,39.8376],[34.4496,40.5496],[34.3705,40.5496],[34.348,41.0032],[33.4513,40.8088],[32.9039,40.8736],[32.8093,40.744],[32.1974,40.9384],[31.714,40.8736],[31.196,40.4849],[29.4906,40.7272],[28.9113,40.5999],[28.9156,40.4714],[29.1515,40.4341],[29.0463,40.3554],[27.9388,40.3554],[27.904,40.3999],[27.9505,40.4849],[27.7921,40.4849],[27.7918,40.3929],[27.8836,40.3863],[27.6958,40.2906],[27.5376,40.2906],[27.2948,40.4059],[26.6819,40.3561],[26.4052,40.1887],[26.3622,40.0635],[26.236,39.9989],[26.1325,39.5143],[26.9377,39.5748],[26.9299,39.4877],[26.801,39.4335],[26.7422,39.2557],[26.8945,39.1911],[26.8793,38.9972],[26.9579,38.9972],[26.9399,38.9327],[27.0413,38.9401],[27.0627,38.8869],[26.9084,38.8204],[26.9314,38.7551],[26.8495,38.6097],[27.0798,38.5451],[27.0728,38.4537],[27.1642,38.4466],[27.0694,38.4094],[27.065,38.3515],[26.6762,38.3515],[26.6731,38.3072],[26.595,38.3515],[26.5358,38.6097],[26.3895,38.6719],[26.4058,38.4535],[26.513,38.4329],[26.4515,38.4261],[26.4289,38.2224],[26.8203,38.2224],[26.889,38.0933],[27.2753,38.0288],[27.2559,37.7707],[27.1794,37.6106],[27.31,37.4483],[27.2383,37.3426],[27.4072,37.4127],[27.4385,37.3908],[27.3921,37.3538],[27.5392,37.3838],[27.5644,37.2735],[27.616,37.2747],[27.598,37.126],[28.3294,37.0368],[28.2124,37.0004],[28.1653,36.9116],[28.1034,36.9353],[28.0583,36.7721],[28.1184,36.8006],[28.1305,36.754],[28.0314,36.6749],[28.2534,36.7641],[28.2572,36.8462],[28.315,36.795],[28.452,36.8836],[28.4535,36.8444],[28.5127,36.8682],[29.1198,36.6749],[29.1101,36.5515],[29.2549,36.4172],[29.1722,36.3528],[29.3496,36.2326],[29.4116,36.2674],[29.4666,36.224],[29.938,36.224],[30.0261,36.3528],[30.4919,36.3528],[30.6191,36.9326],[31.3916,36.8682],[31.763,36.6749],[31.9185,36.6749],[32.4985,36.224],[32.5369,36.1],[32.733,36.0376],[33.2744,36.224],[33.8711,36.3149],[33.9791,36.2884],[34.2507,36.6749],[34.5816,36.8682],[34.8929,36.8682],[34.9352,36.726],[35.1127,36.7393],[35.3323,36.6105],[35.4875,36.6105],[35.8336,36.9326],[36.1449,36.9326],[36.2862,36.8037],[36.2649,36.6105],[35.8417,36.2884],[35.9901,36.224],[35.9767,36.001],[35.8449,35.5802],[35.9929,35.5158],[35.9153,35.2879],[35.9624,35.1979],[35.927,34.8723],[36.0682,34.7436],[36.0488,34.5506],[35.7921,34.2933],[35.6652,34.3113],[35.6838,33.9718],[35.4705,33.9021],[35.4993,33.6502],[35.3944,33.65],[35.3984,33.3931],[35.2154,33.0716],[35.089,33.0205],[35.0218,32.6216],[34.8851,32.4821],[34.7926,32.161],[34.813,31.9789],[34.6909,31.9134],[34.5466,31.529],[34.3076,31.4005],[34.2972,31.2719],[33.9826,31.1434],[32.8317,31.0148],[32.8055,31.0655],[32.6665,31.0523],[32.7907,31.0941],[32.5322,31.0791],[32.3894,31.2076],[32.2625,31.1696],[32.3039,31.0791],[31.9996,31.0791],[31.9063,31.2516],[31.7806,31.2076],[31.8077,31.2812],[31.7691,31.2988],[31.8741,31.4647],[31.2658,31.4647],[31.1215,31.5275],[31.0291,31.5185],[30.9807,31.4365],[30.7985,31.4465],[30.7344,31.3881],[30.5427,31.395],[30.6916,31.4647],[30.352,31.4647],[30.3019,31.3422],[30.3388,31.2719],[30.2887,31.2379],[29.9904,31.2719],[29.8315,31.1513],[29.8696,31.0791],[29.6332,30.9506],[29.5543,30.9848],[29.4481,30.9336],[29.3971,30.822],[28.865,30.822],[28.4964,31.0148],[27.5149,31.1434],[27.1699,31.3857],[26.3179,31.529],[25.3905,29.6652],[25.3763,29.3438]],[[63.1896,26.846],[63.206,26.8537],[63.2467,26.8595],[63.1896,26.846]],[[35.4529,31.4008],[35.4585,31.4916],[35.4587,31.4916],[35.4593,31.4958],[35.4529,31.4008]],[[35.552,32.3679],[35.5533,32.3691],[35.5656,32.3134],[35.552,32.3679]],[[35.5568,32.3724],[35.5594,32.3748],[35.5656,32.3679],[35.5568,32.3724]],[[35.5585,32.5191],[35.5614,32.5192],[35.5674,32.5102],[35.5585,32.5191]],[[35.5594,32.4704],[35.5626,32.4747],[35.5725,32.4567],[35.5594,32.4704]],[[35.5688,32.4829],[35.5778,32.4948],[35.58,32.4915],[35.5688,32.4829]],[[35.7716,32.7467],[35.7749,32.7473],[35.7882,32.7344],[35.7716,32.7467]],[[36.2318,33.8525],[36.3178,33.8272],[36.3006,33.8287],[36.2318,33.8525]],[[36.2672,33.9104],[36.2886,33.9465],[36.2691,33.9073],[36.2672,33.9104]],[[36.2699,33.906],[36.3111,33.872],[36.2753,33.8972],[36.2699,33.906]],[[36.6665,36.2657],[36.6691,36.2599],[36.6681,36.2532],[36.6665,36.2657]],[[36.6896,32.3197],[36.7069,32.3283],[36.7231,32.3266],[36.6896,32.3197]],[[42.7157,37.3553],[42.7805,37.3755],[42.788,37.3732],[42.7157,37.3553]],[[42.7951,37.371],[42.8011,37.3691],[42.8141,37.3468],[42.7951,37.371]],[[44.7525,37.1131],[44.7649,37.1394],[44.7544,37.1084],[44.7525,37.1131]],[[44.8666,36.7801],[44.9227,36.7759],[44.8772,36.7765],[44.8666,36.7801]],[[44.9962,36.7417],[45.0353,36.6896],[45.0373,36.6808],[44.9962,36.7417]],[[45.0355,36.633],[45.0426,36.6569],[45.0443,36.6493],[45.0355,36.633]],[[45.0382,36.494],[45.0608,36.4472],[45.0391,36.4798],[45.0382,36.494]],[[45.0791,36.4197],[45.1108,36.4025],[45.0837,36.4128],[45.0791,36.4197]],[[45.1108,36.4025],[45.196,36.4224],[45.2213,36.4209],[45.1108,36.4025]],[[48.1351,30.4429],[48.1409,30.4419],[48.1705,30.4067],[48.1351,30.4429]],[[48.291,30.32],[48.2964,30.3198],[48.3014,30.3149],[48.291,30.32]],[[48.3292,30.2876],[48.397,30.221],[48.4026,30.2088],[48.3292,30.2876]],[[48.3811,30.1453],[48.3832,30.1481],[48.3831,30.1424],[48.3811,30.1453]],[[48.4082,30.1885],[48.4085,30.1961],[48.4106,30.1915],[48.4082,30.1885]],[[48.4239,30.0836],[48.4618,29.9949],[48.4531,30.0014],[48.4239,30.0836]],[[54.7873,37.6519],[54.8136,37.7186],[54.8234,37.7283],[54.7873,37.6519]],[[56.2141,38.0688],[56.3155,38.0895],[56.2997,38.0802],[56.2141,38.0688]],[[57.1814,38.2757],[57.1859,38.2765],[57.2183,38.2651],[57.1814,38.2757]],[[61.1016,35.2353],[61.1038,35.2494],[61.1124,35.202],[61.1016,35.2353]],[[64.589,36.5802],[64.5901,36.5947],[64.6105,36.5009],[64.589,36.5802]],[[64.5911,36.6093],[64.592,36.6211],[64.5985,36.6369],[64.5911,36.6093]],[[64.614,36.6746],[64.6214,36.6926],[64.7652,36.9046],[64.614,36.6746]],[[64.7788,37.118],[64.8079,37.1355],[64.9891,37.2137],[64.7788,37.118]],[[66.0797,37.4409],[66.1545,37.3835],[66.1429,37.3851],[66.0797,37.4409]],[[66.3069,38.0804],[66.4204,38.0419],[66.4083,38.0428],[66.3069,38.0804]],[[66.4878,37.3422],[66.5196,37.3642],[66.531,37.3649],[66.4878,37.3422]],[[66.5399,38.028],[66.5542,38.0269],[66.5722,38.0184],[66.5399,38.028]],[[67.7731,37.11],[67.7741,37.1205],[67.7823,37.1029],[67.7731,37.11]],[[67.8003,37.0891],[67.8176,37.0806],[67.808,37.0832],[67.8003,37.0891]],[[68.0169,36.9294],[68.0256,36.9271],[68.0202,36.9257],[68.0169,36.9294]],[[68.0433,36.9316],[68.1864,37.0183],[68.0549,36.9346],[68.0433,36.9316]],[[69.2457,37.1039],[69.3143,37.1189],[69.3121,37.1175],[69.2457,37.1039]],[[69.313,39.9848],[69.314,39.9869],[69.3174,39.9848],[69.313,39.9848]],[[69.6528,40.6453],[69.6909,40.63],[69.6601,40.6387],[69.6528,40.6453]],[[71.3191,36.2006],[71.3935,36.228],[71.3824,36.2186],[71.3191,36.2006]],[[71.3564,35.9331],[71.3685,35.894],[71.3607,35.9003],[71.3564,35.9331]],[[71.4008,35.868],[71.4167,35.8588],[71.4234,35.8499],[71.4008,35.868]],[[71.4471,35.8179],[71.4644,35.7947],[71.4658,35.7881],[71.4471,35.8179]],[[71.4756,35.741],[71.5027,35.7191],[71.5074,35.7095],[71.4756,35.741]],[[71.4833,35.6266],[71.5059,35.6034],[71.4927,35.6096],[71.4833,35.6266]],[[71.5144,35.6753],[71.5151,35.6935],[71.5198,35.6838],[71.5144,35.6753]],[[71.5316,35.3279],[71.6138,35.4035],[71.6111,35.3955],[71.5316,35.3279]],[[71.573,35.5692],[71.5842,35.5642],[71.5935,35.5494],[71.573,35.5692]],[[72.1496,36.6893],[72.1535,36.7021],[72.1657,36.7071],[72.1496,36.6893]],[[72.1861,36.7153],[72.2136,36.7264],[72.2821,36.738],[72.1861,36.7153]],[[72.3215,36.7447],[72.3873,36.7558],[72.4541,36.758],[72.3215,36.7447]],[[72.6028,36.8252],[72.6296,36.8329],[72.6623,36.8326],[72.6028,36.8252]],[[72.7375,36.8318],[72.8677,36.8304],[72.7794,36.8268],[72.7375,36.8318]],[[73.4517,35.5802],[73.8555,35.6445],[73.5291,35.5802],[73.4517,35.5802]],[[73.4517,35.5802],[73.4853,35.7089],[73.4685,35.6445],[73.4517,35.5802]],[[73.5897,35.5158],[73.6023,35.5641],[73.8218,35.5158],[73.5897,35.5158]],[[73.6401,36.8966],[73.7729,36.892],[73.8071,36.8848],[73.6401,36.8966]],[[73.7749,34.371],[73.7798,34.3961],[73.7963,34.4185],[73.7749,34.371]],[[73.7827,34.3468],[73.8217,34.3204],[73.8042,34.3275],[73.7827,34.3468]],[[73.8356,34.3146],[73.9377,34.3042],[73.8533,34.3074],[73.8356,34.3146]],[[73.8492,36.876],[73.8651,36.8726],[73.9469,36.8309],[73.8492,36.876]],[[73.8937,34.0543],[73.9458,34.0098],[73.9162,34.0279],[73.8937,34.0543]],[[74.4446,37.0023],[74.457,37.0044],[74.4713,36.9998],[74.4446,37.0023]],[[74.4787,36.9974],[74.4803,36.9969],[74.5214,36.9585],[74.4787,36.9974]],[[74.5351,31.7711],[74.5408,31.8109],[74.5485,31.8201],[74.5351,31.7711]]],[[[26.253,40.0786],[26.3758,40.1535],[26.3655,40.1641],[26.2568,40.0964],[26.253,40.0786]]],[[[27.5815,37.1982],[27.5831,37.1912],[27.5877,37.1988],[27.5815,37.1982]]],[[[30.1795,31.2714],[30.1849,31.2719],[30.1795,31.2719],[30.1795,31.2714]]],[[[30.2409,31.2653],[30.2648,31.2719],[30.2479,31.2719],[30.2409,31.2653]]],[[[30.9691,31.5785],[30.9739,31.5799],[30.9739,31.5867],[30.9695,31.5854],[30.9691,31.5785]]],[[[30.978,31.5843],[31.119,31.5305],[31.1608,31.5935],[30.978,31.5843]]],[[[33.9551,26.79],[34.0036,26.7082],[34.0029,26.7316],[33.9756,26.79],[33.9551,26.79]]],[[[48.0108,29.9805],[48.0311,29.971],[48.0789,30.0041],[48.1061,30.0176],[48.1092,30.028],[48.0547,30.0245],[48.0108,29.9805]]],[[[48.0461,29.8005],[48.1858,29.6039],[48.3527,29.7098],[48.3445,29.7906],[48.1621,29.9957],[48.1227,29.9697],[48.1974,29.9254],[48.0951,29.8947],[48.1133,29.8391],[48.0461,29.8005]]],[[[55.2926,26.5485],[55.8766,26.7429],[55.947,26.6963],[56.2874,26.9551],[56.2124,27.003],[55.8977,26.9068],[55.758,26.954],[55.7742,26.7969],[55.3045,26.6564],[55.2926,26.5485]]],[[[24.2754,37.5317],[24.3958,37.6247],[24.3728,37.6852],[24.2893,37.6453],[24.2754,37.5317]]],[[[24.9955,37.6789],[25.1255,37.5559],[25.216,37.5329],[25.2593,37.59],[24.9955,37.6789]]],[[[20.6195,37.8228],[20.7934,37.6685],[20.9261,37.7284],[20.886,37.814],[20.7247,37.8998],[20.6554,37.8998],[20.6195,37.8228]]],[[[24.6878,37.9287],[24.9118,37.7283],[24.9944,37.7541],[24.9538,37.8707],[24.7937,37.9941],[24.6878,37.9287]]],[[[20.339,38.2002],[20.3801,38.1518],[20.4253,38.1753],[20.4351,38.2788],[20.4943,38.1337],[20.7865,38.0933],[20.6817,38.2821],[20.6429,38.2534],[20.5991,38.3026],[20.6258,38.3518],[20.5664,38.416],[20.479,38.3095],[20.3999,38.3641],[20.339,38.2002]]],[[[20.6878,38.3367],[20.7194,38.3156],[20.7387,38.3189],[20.6951,38.3434],[20.6878,38.3367]]],[[[23.4849,38.7389],[23.5634,38.7389],[23.5668,38.7946],[23.4888,38.8034],[23.4849,38.7389]]],[[[24.4362,38.878],[24.557,38.8457],[24.5368,38.7918],[24.6643,38.7732],[24.523,38.9643],[24.4611,38.9677],[24.4362,38.878]]],[[[20.1453,39.6436],[20.1517,39.6402],[20.1519,39.6436],[20.1453,39.6436]]],[[[19.3044,40.6531],[19.4863,40.6144],[19.4714,40.2906],[19.6295,40.2906],[20.0094,39.967],[19.9876,39.7083],[20.155,39.7083],[20.2972,39.385],[20.9538,39.0342],[21.0584,39.009],[21.0852,39.0629],[21.1599,38.9977],[21.1774,38.876],[21.1023,38.9108],[21.0852,38.8643],[21.0274,38.9326],[20.8599,38.9605],[20.7414,38.8034],[20.9737,38.7389],[21.1933,38.416],[21.3376,38.3989],[21.3225,38.4963],[21.4224,38.3889],[21.7625,38.3284],[21.8312,38.3967],[21.9876,38.4106],[22.1892,38.3231],[22.3823,38.3427],[22.4016,38.4534],[22.5625,38.2935],[22.6465,38.39],[22.8057,38.227],[23.2234,38.1592],[23.1729,38.0795],[22.8755,38.0493],[22.9754,37.979],[22.8672,37.9395],[22.6804,38.0666],[22.2185,38.1882],[21.9559,38.3367],[21.7642,38.2958],[21.7286,38.1578],[21.4156,38.1578],[21.2436,37.8352],[21.6966,37.5128],[21.6958,37.3164],[21.6031,37.1904],[21.681,37.1904],[21.7435,36.8682],[21.8992,36.8682],[21.9085,37.0615],[22.22,37.0615],[22.3757,36.6749],[22.5118,36.6749],[22.5994,36.8682],[22.8328,36.8682],[23.0332,36.6946],[22.8532,37.2549],[22.7007,37.3193],[22.7144,37.5773],[22.9486,37.5773],[23.1756,37.4483],[23.1959,37.3193],[23.278,37.3498],[23.23,37.3749],[23.2627,37.401],[23.3849,37.4134],[23.36,37.5475],[23.1083,37.6417],[23.0151,37.9252],[23.2044,37.963],[23.2082,38.0288],[23.5746,38.0468],[23.5597,37.9866],[23.9786,37.8352],[24.0361,38.2224],[23.951,38.2909],[23.71,38.3367],[23.5929,38.4806],[23.3126,38.4806],[23.1826,38.6538],[23.1045,38.6384],[22.9149,38.7756],[22.5251,38.8581],[22.6216,38.9145],[22.792,38.878],[23.0731,39.0363],[22.9639,39.009],[22.9981,39.0698],[22.9516,39.1238],[22.7973,39.0618],[22.8163,39.385],[23.1318,39.4489],[22.6109,39.9023],[22.6497,39.9853],[22.5437,40.0964],[22.5716,40.5496],[22.9105,40.6446],[22.9832,40.5527],[22.9265,40.5153],[22.9592,40.4201],[23.7374,40.2259],[23.6936,40.3092],[23.7777,40.3548],[23.8386,40.5496],[23.6846,40.6144],[23.698,40.8088],[24.0106,40.744],[24.2578,40.8736],[24.2625,40.9384],[23.9636,41.1977],[23.8047,41.1977],[23.7484,41.522],[23.5938,41.5869],[23.528,41.7816],[22.8194,41.9114],[22.6729,42.1063],[22.4377,42.1712],[22.3707,42.3662],[22.5394,42.4962],[22.4725,42.6912],[22.3924,42.6912],[22.3036,42.5612],[21.815,42.4312],[21.8068,42.3012],[21.4071,42.3012],[21.3193,42.1712],[21.0036,42.2362],[20.7527,42.0413],[20.194,42.0413],[20.1073,41.9114],[19.9545,42.0413],[19.7084,41.9114],[19.4723,41.9764],[19.3948,41.8595],[19.5916,41.8188],[19.5576,41.6605],[19.613,41.6053],[19.4634,41.5595],[19.5297,41.522],[19.4438,41.3922],[19.5233,41.3922],[19.4555,41.1485],[19.5234,40.9206],[19.3688,40.8022],[19.3044,40.6531]],[[20.249,39.6848],[20.2875,39.7112],[20.2827,39.7044],[20.249,39.6848]],[[20.6815,41.844],[20.7121,41.8605],[20.703,41.8496],[20.6815,41.844]],[[20.9579,40.5149],[20.999,40.54],[20.9815,40.5233],[20.9579,40.5149]],[[21.0152,40.5556],[21.0237,40.5888],[21.0188,40.559],[21.0152,40.5556]],[[21.0186,40.6909],[21.0353,40.6594],[21.0335,40.6487],[21.0186,40.6909]],[[21.2378,42.0974],[21.2917,42.0921],[21.2889,42.0897],[21.2378,42.0974]],[[21.295,42.149],[21.3013,42.1006],[21.2988,42.0984],[21.295,42.149]],[[21.3613,42.2182],[21.3668,42.2239],[21.3766,42.2226],[21.3613,42.2182]],[[21.5576,42.2639],[21.5717,42.2461],[21.5638,42.247],[21.5576,42.2639]],[[22.0476,42.3045],[22.076,42.3053],[22.0609,42.3011],[22.0476,42.3045]],[[22.8815,41.3356],[22.917,41.3358],[23.1152,41.3127],[22.8815,41.3356]],[[22.9014,41.8604],[22.9427,41.7758],[22.9397,41.7767],[22.9014,41.8604]],[[22.933,41.6123],[22.9351,41.6189],[22.9332,41.6055],[22.933,41.6123]],[[22.9334,41.595],[22.9487,41.561],[22.9337,41.5846],[22.9334,41.595]],[[22.9385,41.6299],[22.9409,41.6376],[22.9443,41.6388],[22.9385,41.6299]],[[22.967,41.647],[23.0004,41.7015],[22.9986,41.6931],[22.967,41.647]]],[[[19.9293,39.7394],[19.9338,39.7412],[19.9463,39.7592],[19.948,39.7904],[19.9471,39.7899],[19.9293,39.7394]]],[[[22.833,38.8227],[22.9818,38.845],[22.9564,38.878],[23.0202,38.9214],[22.833,38.8227]]],[[[23.0356,36.6926],[23.0463,36.6833],[23.0517,36.6872],[23.0498,36.6926],[23.0356,36.6926]]],[[[23.0365,38.9279],[23.3318,38.8034],[23.4651,38.8569],[23.2006,39.0093],[23.0365,38.9279]]],[[[23.3122,37.6174],[23.3406,37.6003],[23.3536,37.5821],[23.3442,37.6327],[23.3122,37.6174]]],[[[23.4014,37.3193],[23.4024,37.3193],[23.4023,37.3198],[23.4014,37.3193]]],[[[23.5634,38.7389],[23.6355,38.5286],[23.594,38.4534],[23.6492,38.4057],[24.0422,38.4015],[24.0669,38.351],[24.0254,38.3305],[24.1617,38.2698],[24.1789,38.5451],[24.0302,38.6743],[23.5634,38.7389]]],[[[24.1275,38.2224],[24.1447,38.2224],[24.1426,38.227],[24.157,38.2296],[24.1591,38.2287],[24.1614,38.2661],[24.1311,38.2358],[24.1275,38.2224]]],[[[25.0447,39.9853],[25.047,39.8376],[25.2043,39.8376],[25.2388,39.9195],[25.2798,39.8891],[25.2388,39.8581],[25.3551,39.8376],[25.348,39.9064],[25.4499,39.9884],[25.4377,40.0317],[25.2852,39.9534],[25.2251,40.0089],[25.0447,39.9853]]],[[[24.5197,40.6853],[24.6397,40.5732],[24.7801,40.6122],[24.7864,40.7351],[24.6423,40.8039],[24.5197,40.6853]]],[[[38.6826,39.1265],[38.7613,39.1265],[38.7701,39.1911],[38.6914,39.1911],[38.6826,39.1265]]],[[[70.3404,40.3554],[70.4195,40.3554],[70.4395,40.4201],[70.3604,40.4201],[70.3404,40.3554]]]]}},{"type":"Feature","properties":{"territoryId":"cliopatria-q83958-3ad32c531e","name":"Macedonian Empire","name_ko":"마케도니아 왕국","color":"#5158ec","colorFamily":0,"startYear":-306,"endYear":-301,"source_name":"Cliopatria v0.2.0","source_url":"https://github.com/Seshat-Global-History-Databank/cliopatria","license":"CC BY 4.0","attribution":"Seshat Global History Databank, Cliopatria contributors"},"geometry":{"type":"MultiPolygon","coordinates":[[[[22.914,36.9326],[22.9919,36.9326],[22.9953,36.9971],[22.9174,36.9971],[22.914,36.9326]]],[[[19.364,40.7489],[19.7333,40.8088],[20.1895,40.4201],[20.4269,40.4201],[20.5686,40.0964],[20.8056,40.0964],[21.0911,39.5143],[21.4713,39.2557],[21.3859,39.1265],[21.15,39.1265],[21.1774,38.876],[21.1023,38.9108],[21.0852,38.8643],[21.0274,38.9326],[20.7572,38.9326],[20.8052,38.8677],[20.7414,38.8034],[20.9737,38.7389],[21.1933,38.416],[21.3431,38.416],[21.3225,38.4963],[21.3732,38.416],[21.7417,38.416],[21.7625,38.3284],[21.8312,38.3967],[21.9579,38.4117],[22.1892,38.3231],[22.2868,38.3515],[22.1335,38.416],[22.4083,38.416],[22.4016,38.4534],[22.6036,38.416],[22.6001,38.3515],[22.6793,38.3684],[22.682,38.416],[22.9881,38.2869],[23.0322,38.1859],[23.2234,38.1592],[23.1571,38.0764],[23.5746,38.0468],[23.5597,37.9866],[23.9786,37.8352],[24.0361,38.2224],[23.951,38.2909],[23.71,38.3367],[23.5929,38.4806],[23.3126,38.4806],[22.999,38.7518],[22.5251,38.8581],[22.6216,38.9145],[22.792,38.878],[22.9977,38.9657],[22.9516,39.1238],[22.7973,39.0618],[22.8163,39.385],[23.1318,39.4489],[22.6109,39.9023],[22.6497,39.9853],[22.5437,40.0964],[22.5716,40.5496],[22.9105,40.6446],[22.9832,40.5527],[22.9265,40.5153],[22.9592,40.4201],[23.7374,40.2259],[23.6936,40.3092],[23.7777,40.3548],[23.8386,40.5496],[23.6846,40.6144],[23.698,40.8088],[24.0106,40.744],[24.2578,40.8736],[24.2625,40.9384],[23.9636,41.1977],[23.8047,41.1977],[23.7484,41.522],[23.5938,41.5869],[23.528,41.7816],[22.8194,41.9114],[22.6729,42.1063],[22.4377,42.1712],[22.3707,42.3662],[22.5394,42.4962],[22.4725,42.6912],[22.3924,42.6912],[22.3036,42.5612],[21.815,42.4312],[21.8068,42.3012],[21.4071,42.3012],[21.3193,42.1712],[21.0036,42.2362],[20.7527,42.0413],[20.194,42.0413],[20.1073,41.9114],[19.9545,42.0413],[19.7084,41.9114],[19.4723,41.9764],[19.3948,41.8595],[19.5916,41.8188],[19.5576,41.6605],[19.613,41.6053],[19.4634,41.5595],[19.5297,41.522],[19.4438,41.3922],[19.5233,41.3922],[19.4555,41.1485],[19.5234,40.9206],[19.364,40.7489]],[[20.6815,41.844],[20.7121,41.8605],[20.703,41.8496],[20.6815,41.844]],[[20.9579,40.5149],[20.999,40.54],[20.9815,40.5233],[20.9579,40.5149]],[[21.0152,40.5556],[21.0237,40.5888],[21.0188,40.559],[21.0152,40.5556]],[[21.0186,40.6909],[21.0353,40.6594],[21.0335,40.6487],[21.0186,40.6909]],[[21.2378,42.0974],[21.2917,42.0921],[21.2889,42.0897],[21.2378,42.0974]],[[21.295,42.149],[21.3013,42.1006],[21.2988,42.0984],[21.295,42.149]],[[21.3613,42.2182],[21.3668,42.2239],[21.3766,42.2226],[21.3613,42.2182]],[[21.5576,42.2639],[21.5717,42.2461],[21.5638,42.247],[21.5576,42.2639]],[[22.0476,42.3045],[22.076,42.3053],[22.0609,42.3011],[22.0476,42.3045]],[[22.8815,41.3356],[22.917,41.3358],[23.1152,41.3127],[22.8815,41.3356]],[[22.9014,41.8604],[22.9427,41.7758],[22.9397,41.7767],[22.9014,41.8604]],[[22.933,41.6123],[22.9351,41.6189],[22.9332,41.6055],[22.933,41.6123]],[[22.9334,41.595],[22.9487,41.561],[22.9337,41.5846],[22.9334,41.595]],[[22.9385,41.6299],[22.9409,41.6376],[22.9443,41.6388],[22.9385,41.6299]],[[22.967,41.647],[23.0004,41.7015],[22.9986,41.6931],[22.967,41.647]]],[[[21.2436,37.8352],[21.6966,37.5128],[21.6958,37.3164],[21.6482,37.2598],[22.155,37.3193],[22.694,37.1904],[22.6906,37.126],[22.9174,36.9971],[22.8532,37.2549],[22.7007,37.3193],[22.7144,37.5773],[22.9486,37.5773],[23.132,37.4486],[23.1685,37.3193],[23.278,37.3498],[23.23,37.3749],[23.2627,37.401],[23.4077,37.4139],[23.3468,37.6339],[23.3367,37.5355],[23.1083,37.6417],[23.0117,37.9053],[22.6572,37.9643],[22.6126,38.0918],[22.2185,38.1882],[21.9559,38.3367],[21.7642,38.2958],[21.7286,38.1578],[21.4156,38.1578],[21.2497,37.9643],[21.2436,37.8352]]],[[[22.833,38.8227],[23.0191,38.8783],[23.0094,38.918],[22.833,38.8227]]],[[[23.4014,37.3193],[23.4024,37.3193],[23.4024,37.3199],[23.4014,37.3193]]],[[[23.5634,38.7389],[23.6355,38.5286],[23.594,38.4534],[23.6492,38.4057],[24.0422,38.4015],[24.0669,38.351],[24.0254,38.3305],[24.1617,38.2698],[24.1789,38.5451],[24.0302,38.6743],[23.5634,38.7389]]],[[[24.1275,38.2224],[24.1447,38.2224],[24.1426,38.227],[24.157,38.2296],[24.1591,38.2287],[24.1614,38.2661],[24.1311,38.2358],[24.1275,38.2224]]],[[[20.6195,37.8228],[20.7934,37.6685],[20.9261,37.7284],[20.886,37.814],[20.7247,37.8998],[20.6554,37.8998],[20.6195,37.8228]]],[[[20.339,38.2002],[20.3801,38.1518],[20.4253,38.1753],[20.4351,38.2788],[20.4943,38.1337],[20.7865,38.0933],[20.6817,38.2821],[20.6429,38.2534],[20.5991,38.3026],[20.6224,38.3596],[20.5497,38.3901],[20.479,38.3095],[20.3999,38.3641],[20.339,38.2002]]],[[[20.7064,38.3243],[20.7194,38.3156],[20.7249,38.3165],[20.7064,38.3243]]],[[[23.4849,38.7389],[23.5634,38.7389],[23.5668,38.7946],[23.4888,38.8034],[23.4849,38.7389]]],[[[23.0302,39.0123],[23.0731,39.0363],[23.0731,39.0425],[23.0425,39.0401],[23.0315,39.0358],[23.0302,39.0123]]],[[[23.0365,38.9279],[23.3318,38.8034],[23.4651,38.8569],[23.3435,38.9972],[23.233,39.0202],[23.0365,38.9279]]],[[[64.6624,29.0224],[64.738,29.0224],[65.2761,29.5366],[66.164,29.858],[69.2028,30.3079],[70.4169,30.3079],[71.049,30.4364],[72.5544,30.3722],[72.5415,30.3079],[72.6933,30.3079],[72.6804,30.2436],[73.2616,30.1151],[73.2865,29.858],[73.438,29.858],[74.135,30.3079],[74.7062,30.5007],[74.8364,30.7578],[74.6011,31.0791],[74.6712,31.4005],[74.5614,31.5933],[74.6244,31.8748],[74.5589,31.8325],[74.8915,32.0431],[75.0569,32.4288],[75.3164,32.5574],[75.5205,33.7146],[75.4437,33.7146],[75.5081,33.9718],[75.4313,33.9718],[75.4247,34.5506],[75.5018,34.5506],[75.3204,34.7436],[75.3874,35.001],[75.2234,35.2584],[75.2574,35.3871],[75.1801,35.3871],[74.958,36.2884],[74.8804,36.2884],[74.8914,36.6105],[74.8137,36.6105],[74.8245,36.9941],[75.0134,37.3193],[74.7384,37.4483],[74.1924,37.4483],[73.766,37.3193],[73.7426,37.5128],[73.1602,37.3838],[72.5542,37.4483],[72.1396,37.6417],[72.0975,37.7707],[71.9412,37.7707],[71.779,38.0288],[71.364,38.2224],[71.2021,38.4806],[70.8886,38.4806],[70.2147,38.0288],[70.1619,37.8352],[70.2658,37.6417],[70.0752,37.5128],[69.4509,37.5128],[69.3498,37.126],[69.1161,37.126],[69.0103,37.3193],[68.7764,37.3193],[67.9768,36.9326],[66.5754,36.6105],[66.5444,36.4816],[66.6221,36.4816],[66.483,36.224],[67.1038,36.224],[67.2463,35.5158],[67.7256,35.5802],[67.6975,35.1297],[67.6203,35.1297],[67.2961,34.0361],[66.9399,33.4574],[66.9755,33.2645],[66.8086,33.2002],[66.625,32.6859],[66.2798,32.4931],[66.1518,32.236],[65.7069,31.9146],[65.0567,30.8863],[64.8221,29.9865],[64.6624,29.0224]],[[68.0169,36.9294],[68.0256,36.9271],[68.0202,36.9257],[68.0169,36.9294]],[[68.0433,36.9316],[68.1864,37.0183],[68.0549,36.9346],[68.0433,36.9316]],[[69.2457,37.1039],[69.3143,37.1189],[69.3121,37.1175],[69.2457,37.1039]],[[71.3191,36.2006],[71.3935,36.228],[71.3824,36.2186],[71.3191,36.2006]],[[71.3564,35.9331],[71.3685,35.894],[71.3607,35.9003],[71.3564,35.9331]],[[71.4008,35.868],[71.4167,35.8588],[71.4234,35.8499],[71.4008,35.868]],[[71.4471,35.8179],[71.4644,35.7947],[71.4658,35.7881],[71.4471,35.8179]],[[71.4756,35.741],[71.5027,35.7191],[71.5074,35.7095],[71.4756,35.741]],[[71.4833,35.6266],[71.5059,35.6034],[71.4927,35.6096],[71.4833,35.6266]],[[71.5144,35.6753],[71.5151,35.6935],[71.5198,35.6838],[71.5144,35.6753]],[[71.5316,35.3279],[71.6138,35.4035],[71.6111,35.3955],[71.5316,35.3279]],[[71.573,35.5692],[71.5842,35.5642],[71.5935,35.5494],[71.573,35.5692]],[[72.1496,36.6893],[72.1535,36.7021],[72.1657,36.7071],[72.1496,36.6893]],[[72.1861,36.7153],[72.2136,36.7264],[72.2821,36.738],[72.1861,36.7153]],[[72.3215,36.7447],[72.3873,36.7558],[72.4541,36.758],[72.3215,36.7447]],[[72.6028,36.8252],[72.6296,36.8329],[72.6623,36.8326],[72.6028,36.8252]],[[72.7375,36.8318],[72.8677,36.8304],[72.7794,36.8268],[72.7375,36.8318]],[[73.6401,36.8966],[73.7729,36.892],[73.8071,36.8848],[73.6401,36.8966]],[[73.7749,34.371],[73.7798,34.3961],[73.7963,34.4185],[73.7749,34.371]],[[73.7827,34.3468],[73.8217,34.3204],[73.8042,34.3275],[73.7827,34.3468]],[[73.8356,34.3146],[73.9377,34.3042],[73.8533,34.3074],[73.8356,34.3146]],[[73.8492,36.876],[73.8651,36.8726],[73.9469,36.8309],[73.8492,36.876]],[[73.8937,34.0543],[73.9458,34.0098],[73.9162,34.0279],[73.8937,34.0543]],[[74.4446,37.0023],[74.457,37.0044],[74.4713,36.9998],[74.4446,37.0023]],[[74.4787,36.9974],[74.4803,36.9969],[74.5214,36.9585],[74.4787,36.9974]],[[74.5351,31.7711],[74.5408,31.8109],[74.5485,31.8201],[74.5351,31.7711]]],[[[26.1325,39.5143],[26.9377,39.5748],[26.9299,39.4877],[26.801,39.4335],[26.7422,39.2557],[26.8945,39.1911],[26.8793,38.9972],[26.9579,38.9972],[26.9399,38.9327],[27.0413,38.9401],[27.0627,38.8869],[26.9084,38.8204],[26.9314,38.7551],[26.8495,38.6097],[27.0798,38.5451],[27.0728,38.4537],[27.1642,38.4466],[27.0694,38.4094],[27.065,38.3515],[26.6762,38.3515],[26.6731,38.3072],[26.595,38.3515],[26.5358,38.6097],[26.3895,38.6719],[26.4058,38.4535],[26.513,38.4329],[26.4515,38.4261],[26.4289,38.2224],[26.8203,38.2224],[26.889,38.0933],[27.2753,38.0288],[27.2559,37.7707],[27.1794,37.6106],[27.31,37.4483],[27.2383,37.3426],[27.4072,37.4127],[27.4385,37.3908],[27.3921,37.3538],[27.5392,37.3838],[27.5644,37.2735],[27.616,37.2747],[27.598,37.126],[28.0653,37.126],[28.1313,37.0363],[28.3294,37.0368],[28.2124,37.0004],[28.1653,36.9116],[28.1034,36.9353],[28.0583,36.7721],[28.1184,36.8006],[28.1305,36.754],[28.0314,36.6749],[28.1961,36.6854],[28.2572,36.8462],[28.315,36.8291],[28.2934,36.7959],[28.452,36.8836],[29.1249,36.7393],[29.2163,36.3291],[29.3496,36.2326],[29.4116,36.2674],[29.4666,36.224],[29.938,36.224],[30.0261,36.3528],[30.4919,36.3528],[30.6191,36.9326],[31.3916,36.8682],[31.8407,36.6749],[31.7384,37.2549],[31.5944,37.3838],[31.6185,37.6417],[32.0338,37.8998],[33.6753,37.8998],[34.358,37.7062],[35.6712,37.5773],[35.9981,37.7062],[36.3481,38.0288],[37.1146,37.8998],[37.764,38.0933],[39.1722,38.0933],[39.599,37.7707],[39.4626,37.3193],[38.737,37.126],[38.2696,37.126],[38.1762,36.9971],[38.0205,36.9971],[37.7969,36.4172],[37.4789,36.3528],[37.4643,36.224],[35.9194,36.2884],[35.9125,36.224],[35.9901,36.224],[35.9767,36.001],[35.8449,35.5802],[35.9929,35.5158],[35.9153,35.2879],[35.9624,35.1979],[35.927,34.8723],[36.0682,34.7436],[36.0488,34.5506],[35.7921,34.2933],[35.6652,34.3113],[35.6838,33.9718],[35.4705,33.9021],[35.4993,33.6502],[35.3944,33.65],[35.3984,33.3931],[35.2154,33.0716],[35.089,33.0205],[35.0218,32.6216],[34.8851,32.4821],[34.7926,32.161],[34.813,31.9789],[34.6909,31.9134],[34.6028,31.7558],[34.6334,31.6575],[34.3024,31.3362],[34.434,31.0791],[34.5405,30.5007],[34.6164,30.5007],[35.3522,31.1434],[35.499,31.0791],[35.662,31.2076],[36.4231,31.2076],[36.3866,31.6575],[36.6623,32.1717],[36.5155,32.236],[36.7507,32.3002],[36.7168,32.7502],[36.901,33.0716],[37.0542,33.0716],[37.0732,33.2645],[37.5726,33.6502],[37.7261,33.6502],[37.7395,33.7789],[37.9902,33.9718],[39.1238,34.4863],[40.2569,34.2933],[40.4033,34.229],[40.3115,34.1004],[40.8499,34.1004],[40.9117,33.9718],[41.2116,33.9075],[41.4886,33.6502],[42.5783,33.1359],[42.7085,32.943],[43.1526,32.8145],[43.3514,32.5574],[43.9102,32.7502],[44.2084,32.6859],[44.2481,33.0073],[44.4175,33.1359],[44.5708,33.1359],[44.6311,33.0073],[45.099,33.0716],[45.4654,32.943],[45.8991,33.3288],[46.0525,33.3288],[46.0697,33.4574],[45.8567,33.5859],[45.9771,33.9075],[45.9178,34.0361],[46.1574,34.1004],[46.1432,34.5506],[45.9573,34.8723],[45.994,35.1297],[45.5855,35.5158],[45.1489,35.7089],[45.2081,36.4187],[45.1108,36.4025],[45.2083,36.4217],[45.2509,36.9326],[44.8713,36.9971],[44.7446,37.1904],[44.7738,37.3838],[44.4131,37.5773],[43.9448,37.5773],[42.5082,37.8998],[41.961,37.8998],[41.6666,38.0288],[40.5716,38.0288],[40.5983,38.2224],[40.4507,38.2869],[39.45,38.416],[38.7525,39.0618],[38.3768,39.1911],[38.473,39.3203],[37.4756,39.5143],[36.1528,39.6436],[34.7896,39.4496],[34.6552,39.6436],[34.4975,39.6436],[34.284,39.8376],[34.4496,40.5496],[34.3705,40.5496],[34.348,41.0032],[33.4513,40.8088],[32.9039,40.8736],[32.8093,40.744],[32.1974,40.9384],[31.714,40.8736],[31.196,40.4849],[29.4906,40.7272],[28.9113,40.5999],[28.9156,40.4714],[29.1515,40.4341],[29.0463,40.3554],[27.9388,40.3554],[27.904,40.3999],[27.9505,40.4849],[27.7921,40.4849],[27.7918,40.3929],[27.8836,40.3863],[27.6958,40.2906],[27.5376,40.2906],[27.2948,40.4059],[26.6819,40.3561],[26.4052,40.1887],[26.3622,40.0635],[26.236,39.9989],[26.1325,39.5143]],[[45.1108,36.4025],[45.0837,36.4128],[45.0791,36.4197],[45.1108,36.4025]],[[35.4529,31.4008],[35.4585,31.4916],[35.4587,31.4916],[35.4593,31.4958],[35.4529,31.4008]],[[35.552,32.3679],[35.5533,32.3691],[35.5656,32.3134],[35.552,32.3679]],[[35.5568,32.3724],[35.5594,32.3748],[35.5656,32.3679],[35.5568,32.3724]],[[35.5585,32.5191],[35.5614,32.5192],[35.5674,32.5102],[35.5585,32.5191]],[[35.5594,32.4704],[35.5626,32.4747],[35.5725,32.4567],[35.5594,32.4704]],[[35.5688,32.4829],[35.5778,32.4948],[35.58,32.4915],[35.5688,32.4829]],[[35.7716,32.7467],[35.7749,32.7473],[35.7882,32.7344],[35.7716,32.7467]],[[36.2318,33.8525],[36.3178,33.8272],[36.3006,33.8287],[36.2318,33.8525]],[[36.2672,33.9104],[36.2886,33.9465],[36.2691,33.9073],[36.2672,33.9104]],[[36.2699,33.906],[36.3111,33.872],[36.2753,33.8972],[36.2699,33.906]],[[36.6896,32.3197],[36.7069,32.3283],[36.7231,32.3266],[36.6896,32.3197]],[[42.7157,37.3553],[42.7805,37.3755],[42.788,37.3732],[42.7157,37.3553]],[[42.7951,37.371],[42.8011,37.3691],[42.8141,37.3468],[42.7951,37.371]],[[44.7525,37.1131],[44.7649,37.1394],[44.7544,37.1084],[44.7525,37.1131]],[[44.8666,36.7801],[44.9227,36.7759],[44.8772,36.7765],[44.8666,36.7801]],[[44.9962,36.7417],[45.0353,36.6896],[45.0373,36.6808],[44.9962,36.7417]],[[45.0355,36.633],[45.0426,36.6569],[45.0443,36.6493],[45.0355,36.633]],[[45.0382,36.494],[45.0608,36.4472],[45.0391,36.4798],[45.0382,36.494]]],[[[26.253,40.0786],[26.3758,40.1535],[26.3655,40.1641],[26.2568,40.0964],[26.253,40.0786]]],[[[27.5815,37.1982],[27.5831,37.1912],[27.5877,37.1988],[27.5815,37.1982]]],[[[38.6826,39.1265],[38.7613,39.1265],[38.7701,39.1911],[38.6914,39.1911],[38.6826,39.1265]]]]}},{"type":"Feature","properties":{"territoryId":"cliopatria-q972165-036dcd8bdf","name":"Magadha - Shaishunaga dynasty","name_ko":"시슈나가 왕조","color":"#56e6b3","colorFamily":2,"startYear":-403,"endYear":-350,"source_name":"Cliopatria v0.2.0","source_url":"https://github.com/Seshat-Global-History-Databank/cliopatria","license":"CC BY 4.0","attribution":"Seshat Global History Databank, Cliopatria contributors"},"geometry":{"type":"MultiPolygon","coordinates":[[[[74.363,23.236],[74.986,22.851],[81.008,22.272],[81.289,22.143],[81.446,22.208],[81.652,22.079],[83.409,21.886],[83.541,21.758],[83.92,21.822],[85.362,21.501],[86.02,20.858],[86.192,20.472],[86.15,20.151],[86.3321,20.022],[86.3932,20.022],[86.5115,20.1975],[86.7546,20.3144],[86.6937,20.2939],[86.8019,20.4015],[86.7205,20.3685],[86.7515,20.4892],[87.0146,20.6685],[86.9402,20.698],[86.9987,20.7111],[86.9866,20.7519],[86.8788,20.7806],[86.9657,20.806],[86.844,21.0822],[86.9177,21.3274],[87.2009,21.552],[87.7038,21.6555],[87.834,21.7293],[87.9837,21.8542],[88.0431,22.0173],[88.1643,22.0898],[88.1326,22.1791],[87.9653,22.2448],[87.9066,22.4247],[88.009,22.2404],[88.198,22.1678],[88.2224,22.0779],[88.1467,21.9592],[88.2081,21.6036],[88.3039,21.5749],[88.2616,21.7987],[88.3097,21.6102],[88.3312,21.7191],[88.4599,21.693],[88.4956,21.9518],[88.5115,21.719],[88.6602,22.205],[88.6442,22.079],[88.763,22.1306],[88.7085,22.0722],[88.763,22.0173],[88.7102,21.8849],[88.717,21.629],[88.7819,21.629],[88.8109,21.6917],[88.803,21.629],[88.8511,21.629],[88.8587,21.7668],[88.8916,21.6535],[89.0832,21.629],[89.0159,21.8533],[88.905,21.9694],[89.0095,21.9046],[89.0609,21.9385],[89.0437,22.1374],[89.1047,21.8159],[89.2947,21.758],[89.3596,21.9723],[89.369,21.758],[89.4503,21.758],[89.5218,21.9623],[89.4758,22.2951],[89.5329,21.9847],[89.5794,22.1132],[89.5492,22.2053],[89.6265,22.336],[89.5274,21.8128],[89.5364,21.758],[89.675,21.758],[89.7007,21.7849],[89.619,21.8699],[89.647,21.9251],[89.7092,21.8301],[89.8642,21.8805],[89.7972,22.076],[89.8713,22.0919],[89.8729,22.4186],[89.9204,22.3918],[90.0101,22.4902],[89.8768,22.2747],[89.9146,22.0617],[89.9678,21.9746],[90.0784,22.164],[89.9963,22.0002],[90.058,21.9937],[90.2361,22.1989],[90.0339,21.9435],[90.08,21.8639],[90.1262,21.932],[90.0948,21.8525],[90.1457,21.8135],[90.2907,21.8903],[90.4129,22.178],[90.3943,22.2882],[90.4085,22.0859],[90.558,22.2034],[90.6066,22.4658],[90.5241,22.5831],[90.4421,22.4936],[90.5127,22.6115],[90.4929,22.7099],[90.3726,22.7614],[90.54,22.8966],[90.4489,23.0557],[90.572,23.0817],[90.6108,23.2308],[90.2503,23.4669],[90.5519,23.385],[90.5768,23.5395],[90.4763,23.583],[90.6333,23.5966],[90.6078,23.4911],[90.7056,23.5545],[90.715,23.4984],[90.6003,23.4499],[90.6673,23.2676],[90.6294,23.0644],[90.7949,22.7414],[90.9549,22.5758],[91.0379,22.5886],[91.0183,22.6831],[91.0802,22.562],[91.229,22.593],[91.2645,22.6408],[91.169,22.6849],[91.1819,22.7265],[91.3174,22.6972],[91.2908,22.7384],[91.4147,22.7537],[91.4905,22.9045],[91.4613,22.7716],[91.509,22.979],[91.658,22.979],[91.473,23.236],[91.26,23.301],[91.29,23.493],[91.215,23.493],[91.412,24.265],[91.263,24.265],[91.391,24.586],[91.316,24.586],[91.244,25.036],[91.106,25.101],[91.203,25.229],[90.979,25.229],[90.789,25.422],[90.214,25.551],[90.088,25.679],[89.926,25.615],[89.875,25.744],[89.714,25.679],[89.513,25.808],[89.213,25.808],[88.362,26.065],[88.236,26.194],[88.074,26.129],[88.098,26.258],[87.862,26.194],[87.286,26.322],[87.385,26.451],[87.16,26.451],[87.034,26.579],[86.722,26.515],[86.608,26.708],[86.396,26.772],[86.42,26.901],[86.183,26.837],[86.082,27.094],[85.493,27.158],[85.518,27.287],[85.281,27.222],[84.705,27.351],[84.729,27.479],[84.592,27.544],[84.291,27.544],[84.316,27.672],[83.552,27.608],[82.7175,27.2191],[80.7902,27.0021],[77.5004,25.4224],[76.548,25.1844],[75.6538,24.7337],[74.8838,24.2162],[74.363,23.236]],[[84.6273,27.0365],[84.7607,26.999],[84.6402,27.0284],[84.6273,27.0365]],[[85.1949,26.7589],[85.2957,26.7387],[85.2873,26.737],[85.1949,26.7589]],[[88.5401,23.65],[88.5612,23.741],[88.5416,23.6388],[88.5401,23.65]],[[88.5764,23.5918],[88.6092,23.5888],[88.5815,23.5883],[88.5764,23.5918]],[[89.0623,22.2116],[89.0762,22.175],[89.0782,22.1508],[89.0623,22.2116]],[[91.1406,23.6197],[91.1951,23.4952],[91.1408,23.6121],[91.1406,23.6197]],[[91.214,23.7996],[91.2282,23.845],[91.2253,23.8261],[91.214,23.7996]]],[[[86.2743,20.0286],[86.281,20.022],[86.292,20.022],[86.2891,20.0264],[86.2743,20.0286]]],[[[88.1235,21.6324],[88.1394,21.6303],[88.1444,21.6578],[88.1326,21.685],[88.1634,21.7055],[88.167,21.7654],[88.1521,21.842],[88.1235,21.6324]]],[[[88.7058,22.05],[88.7075,21.9852],[88.7307,22.0372],[88.7058,22.05]]],[[[89.0457,21.9171],[89.1022,21.7369],[89.139,21.7668],[89.0457,21.9171]]],[[[90.3396,21.9723],[90.37,22.0095],[90.3832,22.0314],[90.3875,22.048],[90.3739,22.0456],[90.3587,22.0227],[90.3396,21.9723]]],[[[90.4297,23.3852],[90.4373,23.3618],[90.4871,23.319],[90.5061,23.3142],[90.5241,23.3223],[90.5296,23.3336],[90.5862,23.3017],[90.5776,23.3236],[90.5394,23.35],[90.4557,23.385],[90.4297,23.3852]]],[[[90.4557,22.7674],[90.521,22.7118],[90.591,22.8139],[90.6782,22.8083],[90.5444,22.8807],[90.4734,22.8651],[90.4557,22.7674]]],[[[90.4557,23.0628],[90.4695,23.0076],[90.5156,23.0519],[90.5104,23.069],[90.4557,23.0628]]],[[[90.4976,22.079],[90.5734,22.079],[90.6135,22.164],[90.4976,22.079]]],[[[90.5081,22.9758],[90.6673,22.9182],[90.5862,23.0349],[90.5081,22.9758]]],[[[90.5563,22.6747],[90.6818,22.4453],[90.6112,22.079],[90.6276,22.0294],[90.6818,22.1026],[90.6475,21.994],[90.8279,22.1524],[90.855,22.4347],[90.6506,22.7874],[90.5855,22.7681],[90.5563,22.6747]]],[[[90.6014,22.4292],[90.6401,22.3087],[90.6587,22.3795],[90.6014,22.4292]]],[[[90.6475,22.4247],[90.6673,22.439],[90.6653,22.4691],[90.6535,22.4835],[90.6475,22.4247]]]]}},{"type":"Feature","properties":{"territoryId":"cliopatria-q972165-036dcd8bdf","name":"Magadha - Shaishunaga dynasty","name_ko":"시슈나가 왕조","color":"#56e6b3","colorFamily":2,"startYear":-349,"endYear":-337,"source_name":"Cliopatria v0.2.0","source_url":"https://github.com/Seshat-Global-History-Databank/cliopatria","license":"CC BY 4.0","attribution":"Seshat Global History Databank, Cliopatria contributors"},"geometry":{"type":"MultiPolygon","coordinates":[[[[74.363,23.236],[74.986,22.851],[81.008,22.272],[81.289,22.143],[81.446,22.208],[81.652,22.079],[83.409,21.886],[83.541,21.758],[83.92,21.822],[85.362,21.501],[86.02,20.858],[86.192,20.472],[86.15,20.151],[86.3321,20.022],[86.3932,20.022],[86.5115,20.1975],[86.7546,20.3144],[86.6937,20.2939],[86.8019,20.4015],[86.7205,20.3685],[86.7515,20.4892],[87.0146,20.6685],[86.9402,20.698],[86.9987,20.7111],[86.9866,20.7519],[86.8788,20.7806],[86.9657,20.806],[86.844,21.0822],[86.9177,21.3274],[87.2009,21.552],[87.7038,21.6555],[87.834,21.7293],[87.9837,21.8542],[88.0431,22.0173],[88.1643,22.0898],[88.1326,22.1791],[87.9653,22.2448],[87.9066,22.4247],[88.009,22.2404],[88.198,22.1678],[88.2224,22.0779],[88.1467,21.9592],[88.2081,21.6036],[88.3039,21.5749],[88.2616,21.7987],[88.3097,21.6102],[88.3312,21.7191],[88.4599,21.693],[88.4956,21.9518],[88.5115,21.719],[88.6602,22.205],[88.6442,22.079],[88.763,22.1306],[88.7085,22.0722],[88.763,22.0173],[88.7102,21.8849],[88.717,21.629],[88.7819,21.629],[88.8109,21.6917],[88.803,21.629],[88.8511,21.629],[88.8587,21.7668],[88.8916,21.6535],[89.0832,21.629],[89.0159,21.8533],[88.905,21.9694],[89.0095,21.9046],[89.0609,21.9385],[89.0437,22.1374],[89.1047,21.8159],[89.2947,21.758],[89.3596,21.9723],[89.369,21.758],[89.4503,21.758],[89.5218,21.9623],[89.4758,22.2951],[89.5329,21.9847],[89.5794,22.1132],[89.5492,22.2053],[89.6265,22.336],[89.5274,21.8128],[89.5364,21.758],[89.675,21.758],[89.7007,21.7849],[89.619,21.8699],[89.647,21.9251],[89.7092,21.8301],[89.8642,21.8805],[89.7972,22.076],[89.8713,22.0919],[89.8729,22.4186],[89.9204,22.3918],[90.0101,22.4902],[89.8768,22.2747],[89.9146,22.0617],[89.9678,21.9746],[90.0784,22.164],[89.9963,22.0002],[90.058,21.9937],[90.2361,22.1989],[90.0339,21.9435],[90.08,21.8639],[90.1262,21.932],[90.0948,21.8525],[90.1457,21.8135],[90.2907,21.8903],[90.4129,22.178],[90.3943,22.2882],[90.4085,22.0859],[90.558,22.2034],[90.6066,22.4658],[90.5241,22.5831],[90.4421,22.4936],[90.5127,22.6115],[90.4929,22.7099],[90.3726,22.7614],[90.54,22.8966],[90.4489,23.0557],[90.572,23.0817],[90.6108,23.2308],[90.2503,23.4669],[90.5519,23.385],[90.5768,23.5395],[90.4763,23.583],[90.6333,23.5966],[90.6078,23.4911],[90.7056,23.5545],[90.715,23.4984],[90.6003,23.4499],[90.6673,23.2676],[90.6294,23.0644],[90.7949,22.7414],[90.9549,22.5758],[91.0379,22.5886],[91.0183,22.6831],[91.0802,22.562],[91.229,22.593],[91.2645,22.6408],[91.169,22.6849],[91.1819,22.7265],[91.3174,22.6972],[91.2908,22.7384],[91.4147,22.7537],[91.4905,22.9045],[91.4613,22.7716],[91.509,22.979],[91.658,22.979],[91.473,23.236],[91.26,23.301],[91.29,23.493],[91.215,23.493],[91.412,24.265],[91.263,24.265],[91.391,24.586],[91.316,24.586],[91.244,25.036],[91.106,25.101],[91.203,25.229],[90.979,25.229],[90.789,25.422],[90.214,25.551],[90.088,25.679],[89.926,25.615],[89.875,25.744],[89.714,25.679],[89.513,25.808],[89.213,25.808],[88.362,26.065],[88.236,26.194],[88.074,26.129],[88.098,26.258],[87.862,26.194],[87.286,26.322],[87.385,26.451],[87.16,26.451],[87.034,26.579],[86.722,26.515],[86.608,26.708],[86.396,26.772],[86.42,26.901],[86.183,26.837],[86.082,27.094],[85.493,27.158],[85.518,27.287],[85.281,27.222],[84.705,27.351],[84.729,27.479],[84.592,27.544],[84.291,27.544],[84.316,27.672],[83.552,27.608],[82.7175,27.2191],[80.7902,27.0021],[77.5004,25.4224],[76.548,25.1844],[75.6538,24.7337],[74.8838,24.2162],[74.363,23.236]],[[84.6273,27.0365],[84.7607,26.999],[84.6402,27.0284],[84.6273,27.0365]],[[85.1949,26.7589],[85.2957,26.7387],[85.2873,26.737],[85.1949,26.7589]],[[88.5401,23.65],[88.5612,23.741],[88.5416,23.6388],[88.5401,23.65]],[[88.5764,23.5918],[88.6092,23.5888],[88.5815,23.5883],[88.5764,23.5918]],[[89.0623,22.2116],[89.0762,22.175],[89.0782,22.1508],[89.0623,22.2116]],[[91.1406,23.6197],[91.1951,23.4952],[91.1408,23.6121],[91.1406,23.6197]],[[91.214,23.7996],[91.2282,23.845],[91.2253,23.8261],[91.214,23.7996]]],[[[86.2743,20.0286],[86.281,20.022],[86.292,20.022],[86.2891,20.0264],[86.2743,20.0286]]],[[[88.1235,21.6324],[88.1394,21.6303],[88.1444,21.6578],[88.1326,21.685],[88.1634,21.7055],[88.167,21.7654],[88.1521,21.842],[88.1235,21.6324]]],[[[88.7058,22.05],[88.7075,21.9852],[88.7307,22.0372],[88.7058,22.05]]],[[[89.0457,21.9171],[89.1022,21.7369],[89.139,21.7668],[89.0457,21.9171]]],[[[90.3396,21.9723],[90.37,22.0095],[90.3832,22.0314],[90.3875,22.048],[90.3739,22.0456],[90.3587,22.0227],[90.3396,21.9723]]],[[[90.4297,23.3852],[90.4373,23.3618],[90.4871,23.319],[90.5061,23.3142],[90.5241,23.3223],[90.5296,23.3336],[90.5862,23.3017],[90.5776,23.3236],[90.5394,23.35],[90.4557,23.385],[90.4297,23.3852]]],[[[90.4557,22.7674],[90.521,22.7118],[90.591,22.8139],[90.6782,22.8083],[90.5444,22.8807],[90.4734,22.8651],[90.4557,22.7674]]],[[[90.4557,23.0628],[90.4695,23.0076],[90.5156,23.0519],[90.5104,23.069],[90.4557,23.0628]]],[[[90.4976,22.079],[90.5734,22.079],[90.6135,22.164],[90.4976,22.079]]],[[[90.5081,22.9758],[90.6673,22.9182],[90.5862,23.0349],[90.5081,22.9758]]],[[[90.5563,22.6747],[90.6818,22.4453],[90.6112,22.079],[90.6276,22.0294],[90.6818,22.1026],[90.6475,21.994],[90.8279,22.1524],[90.855,22.4347],[90.6506,22.7874],[90.5855,22.7681],[90.5563,22.6747]]],[[[90.6014,22.4292],[90.6401,22.3087],[90.6587,22.3795],[90.6014,22.4292]]],[[[90.6475,22.4247],[90.6673,22.439],[90.6653,22.4691],[90.6535,22.4835],[90.6475,22.4247]]]]}},{"type":"Feature","properties":{"territoryId":"cliopatria-q972165-036dcd8bdf","name":"Magadha - Shaishunaga dynasty","name_ko":"시슈나가 왕조","color":"#56e6b3","colorFamily":2,"startYear":-336,"endYear":-333,"source_name":"Cliopatria v0.2.0","source_url":"https://github.com/Seshat-Global-History-Databank/cliopatria","license":"CC BY 4.0","attribution":"Seshat Global History Databank, Cliopatria contributors"},"geometry":{"type":"MultiPolygon","coordinates":[[[[74.363,23.236],[74.986,22.851],[81.008,22.272],[81.289,22.143],[81.446,22.208],[81.652,22.079],[83.409,21.886],[83.541,21.758],[83.92,21.822],[85.362,21.501],[86.02,20.858],[86.192,20.472],[86.15,20.151],[86.3321,20.022],[86.3932,20.022],[86.5115,20.1975],[86.7546,20.3144],[86.6937,20.2939],[86.8019,20.4015],[86.7205,20.3685],[86.7515,20.4892],[87.0146,20.6685],[86.9402,20.698],[86.9987,20.7111],[86.9866,20.7519],[86.8788,20.7806],[86.9657,20.806],[86.844,21.0822],[86.9177,21.3274],[87.2009,21.552],[87.7038,21.6555],[87.834,21.7293],[87.9837,21.8542],[88.0431,22.0173],[88.1643,22.0898],[88.1326,22.1791],[87.9653,22.2448],[87.9066,22.4247],[88.009,22.2404],[88.198,22.1678],[88.2224,22.0779],[88.1467,21.9592],[88.2081,21.6036],[88.3039,21.5749],[88.2616,21.7987],[88.3097,21.6102],[88.3312,21.7191],[88.4599,21.693],[88.4956,21.9518],[88.5115,21.719],[88.6602,22.205],[88.6442,22.079],[88.763,22.1306],[88.7085,22.0722],[88.763,22.0173],[88.7102,21.8849],[88.717,21.629],[88.7819,21.629],[88.8109,21.6917],[88.803,21.629],[88.8511,21.629],[88.8587,21.7668],[88.8916,21.6535],[89.0832,21.629],[89.0159,21.8533],[88.905,21.9694],[89.0095,21.9046],[89.0609,21.9385],[89.0437,22.1374],[89.1047,21.8159],[89.2947,21.758],[89.3596,21.9723],[89.369,21.758],[89.4503,21.758],[89.5218,21.9623],[89.4758,22.2951],[89.5329,21.9847],[89.5794,22.1132],[89.5492,22.2053],[89.6265,22.336],[89.5274,21.8128],[89.5364,21.758],[89.675,21.758],[89.7007,21.7849],[89.619,21.8699],[89.647,21.9251],[89.7092,21.8301],[89.8642,21.8805],[89.7972,22.076],[89.8713,22.0919],[89.8729,22.4186],[89.9204,22.3918],[90.0101,22.4902],[89.8768,22.2747],[89.9146,22.0617],[89.9678,21.9746],[90.0784,22.164],[89.9963,22.0002],[90.058,21.9937],[90.2361,22.1989],[90.0339,21.9435],[90.08,21.8639],[90.1262,21.932],[90.0948,21.8525],[90.1457,21.8135],[90.2907,21.8903],[90.4129,22.178],[90.3943,22.2882],[90.4085,22.0859],[90.558,22.2034],[90.6066,22.4658],[90.5241,22.5831],[90.4421,22.4936],[90.5127,22.6115],[90.4929,22.7099],[90.3726,22.7614],[90.54,22.8966],[90.4489,23.0557],[90.572,23.0817],[90.6108,23.2308],[90.2503,23.4669],[90.5519,23.385],[90.5768,23.5395],[90.4763,23.583],[90.6333,23.5966],[90.6078,23.4911],[90.7056,23.5545],[90.715,23.4984],[90.6003,23.4499],[90.6673,23.2676],[90.6294,23.0644],[90.7949,22.7414],[90.9549,22.5758],[91.0379,22.5886],[91.0183,22.6831],[91.0802,22.562],[91.229,22.593],[91.2645,22.6408],[91.169,22.6849],[91.1819,22.7265],[91.3174,22.6972],[91.2908,22.7384],[91.4147,22.7537],[91.4905,22.9045],[91.4613,22.7716],[91.509,22.979],[91.658,22.979],[91.473,23.236],[91.26,23.301],[91.29,23.493],[91.215,23.493],[91.412,24.265],[91.263,24.265],[91.391,24.586],[91.316,24.586],[91.244,25.036],[91.106,25.101],[91.203,25.229],[90.979,25.229],[90.789,25.422],[90.214,25.551],[90.088,25.679],[89.926,25.615],[89.875,25.744],[89.714,25.679],[89.513,25.808],[89.213,25.808],[88.362,26.065],[88.236,26.194],[88.074,26.129],[88.098,26.258],[87.862,26.194],[87.286,26.322],[87.385,26.451],[87.16,26.451],[87.034,26.579],[86.722,26.515],[86.608,26.708],[86.396,26.772],[86.42,26.901],[86.183,26.837],[86.082,27.094],[85.493,27.158],[85.518,27.287],[85.281,27.222],[84.705,27.351],[84.729,27.479],[84.592,27.544],[84.291,27.544],[84.316,27.672],[83.552,27.608],[82.7175,27.2191],[80.7902,27.0021],[77.5004,25.4224],[76.548,25.1844],[75.6538,24.7337],[74.8838,24.2162],[74.363,23.236]],[[84.6273,27.0365],[84.7607,26.999],[84.6402,27.0284],[84.6273,27.0365]],[[85.1949,26.7589],[85.2957,26.7387],[85.2873,26.737],[85.1949,26.7589]],[[88.5401,23.65],[88.5612,23.741],[88.5416,23.6388],[88.5401,23.65]],[[88.5764,23.5918],[88.6092,23.5888],[88.5815,23.5883],[88.5764,23.5918]],[[89.0623,22.2116],[89.0762,22.175],[89.0782,22.1508],[89.0623,22.2116]],[[91.1406,23.6197],[91.1951,23.4952],[91.1408,23.6121],[91.1406,23.6197]],[[91.214,23.7996],[91.2282,23.845],[91.2253,23.8261],[91.214,23.7996]]],[[[86.2743,20.0286],[86.281,20.022],[86.292,20.022],[86.2891,20.0264],[86.2743,20.0286]]],[[[88.1235,21.6324],[88.1394,21.6303],[88.1444,21.6578],[88.1326,21.685],[88.1634,21.7055],[88.167,21.7654],[88.1521,21.842],[88.1235,21.6324]]],[[[88.7058,22.05],[88.7075,21.9852],[88.7307,22.0372],[88.7058,22.05]]],[[[89.0457,21.9171],[89.1022,21.7369],[89.139,21.7668],[89.0457,21.9171]]],[[[90.3396,21.9723],[90.37,22.0095],[90.3832,22.0314],[90.3875,22.048],[90.3739,22.0456],[90.3587,22.0227],[90.3396,21.9723]]],[[[90.4297,23.3852],[90.4373,23.3618],[90.4871,23.319],[90.5061,23.3142],[90.5241,23.3223],[90.5296,23.3336],[90.5862,23.3017],[90.5776,23.3236],[90.5394,23.35],[90.4557,23.385],[90.4297,23.3852]]],[[[90.4557,22.7674],[90.521,22.7118],[90.591,22.8139],[90.6782,22.8083],[90.5444,22.8807],[90.4734,22.8651],[90.4557,22.7674]]],[[[90.4557,23.0628],[90.4695,23.0076],[90.5156,23.0519],[90.5104,23.069],[90.4557,23.0628]]],[[[90.4976,22.079],[90.5734,22.079],[90.6135,22.164],[90.4976,22.079]]],[[[90.5081,22.9758],[90.6673,22.9182],[90.5862,23.0349],[90.5081,22.9758]]],[[[90.5563,22.6747],[90.6818,22.4453],[90.6112,22.079],[90.6276,22.0294],[90.6818,22.1026],[90.6475,21.994],[90.8279,22.1524],[90.855,22.4347],[90.6506,22.7874],[90.5855,22.7681],[90.5563,22.6747]]],[[[90.6014,22.4292],[90.6401,22.3087],[90.6587,22.3795],[90.6014,22.4292]]],[[[90.6475,22.4247],[90.6673,22.439],[90.6653,22.4691],[90.6535,22.4835],[90.6475,22.4247]]]]}},{"type":"Feature","properties":{"territoryId":"cliopatria-q62943-e46a1cb62e","name":"Maurya Empire","name_ko":"마우리아 제국","color":"#45e3b8","colorFamily":2,"startYear":-317,"endYear":-315,"source_name":"Cliopatria v0.2.0","source_url":"https://github.com/Seshat-Global-History-Databank/cliopatria","license":"CC BY 4.0","attribution":"Seshat Global History Databank, Cliopatria contributors"},"geometry":{"type":"MultiPolygon","coordinates":[[[[68.8047,24.2649],[71.0213,24.072],[72.6318,23.8149],[73.2049,23.622],[73.6524,23.622],[73.935,23.4934],[74.0529,23.2363],[74.3509,23.2363],[74.767,22.9791],[74.9905,22.9791],[74.9751,22.8506],[75.3397,22.7863],[81.0068,22.272],[81.6517,22.0791],[84.2866,21.7577],[85.5077,21.4363],[85.9027,21.0505],[86.0667,20.6005],[86.1983,20.472],[86.1565,20.1505],[86.4069,20.0355],[86.5115,20.1975],[86.7546,20.3144],[86.6937,20.2939],[86.8071,20.4104],[86.7205,20.3685],[86.7515,20.4892],[87.0215,20.6756],[86.9402,20.698],[86.9987,20.7111],[86.9866,20.7519],[86.8788,20.7806],[86.9657,20.806],[86.844,21.0822],[86.9177,21.3274],[87.2009,21.552],[87.7038,21.6555],[87.834,21.7293],[87.9837,21.8542],[88.0431,22.0173],[88.1643,22.0898],[88.1326,22.1791],[87.9653,22.2448],[87.9066,22.4247],[88.009,22.2404],[88.198,22.1678],[88.2224,22.0779],[88.1467,21.9592],[88.2097,21.7886],[88.1819,21.6652],[88.3017,21.5786],[88.2616,21.7987],[88.3218,21.6057],[88.3312,21.7191],[88.4598,21.6934],[88.4956,21.9518],[88.5166,21.7017],[88.6602,22.205],[88.6442,22.0791],[88.763,22.1306],[88.7149,22.0791],[88.763,22.0173],[88.7196,21.9428],[88.728,21.6291],[88.8109,21.6917],[88.803,21.6291],[88.8587,21.6365],[88.8587,21.7668],[88.8916,21.6535],[89.0832,21.6291],[89.0159,21.8533],[88.905,21.9694],[89.0095,21.9046],[89.0609,21.9385],[89.0437,22.1374],[89.1047,21.8159],[89.2947,21.7577],[89.3596,21.9723],[89.369,21.7577],[89.4501,21.7577],[89.5218,21.9623],[89.4758,22.2951],[89.5329,21.9847],[89.5794,22.1132],[89.5492,22.2053],[89.6265,22.336],[89.5274,21.8128],[89.5365,21.7577],[89.6747,21.7577],[89.7007,21.7849],[89.619,21.8699],[89.647,21.9251],[89.7092,21.8301],[89.8782,21.8837],[89.7972,22.076],[89.8713,22.0919],[89.8387,22.2678],[89.8729,22.4186],[89.9204,22.3918],[90.0101,22.4902],[89.8768,22.2747],[89.9344,21.9977],[89.9828,21.9866],[90.0784,22.164],[89.9963,22.0002],[90.058,21.9937],[90.2361,22.1989],[90.0302,21.9124],[90.0866,21.8691],[90.1262,21.932],[90.1005,21.8585],[90.1848,21.801],[90.2727,21.8574],[90.4129,22.178],[90.3943,22.2882],[90.3875,22.1026],[90.446,22.0791],[90.6135,22.3149],[90.5597,22.5623],[90.4725,22.5756],[90.4421,22.4936],[90.5127,22.6115],[90.4929,22.7099],[90.3726,22.7614],[90.54,22.8966],[90.4536,23.0723],[90.572,23.0817],[90.6145,23.1955],[90.5691,23.295],[90.4285,23.3261],[90.2503,23.4669],[90.5519,23.385],[90.5768,23.5395],[90.4763,23.583],[90.612,23.6061],[90.6078,23.4911],[90.7158,23.5351],[90.6003,23.4499],[90.6673,23.2676],[90.6294,23.0644],[90.7949,22.7414],[90.9417,22.5859],[91.0379,22.5886],[91.0183,22.6831],[91.0816,22.5592],[91.2449,22.5934],[91.2645,22.6408],[91.169,22.6849],[91.1819,22.7265],[91.3174,22.6972],[91.2908,22.7384],[91.4002,22.762],[91.4905,22.9045],[91.4596,22.7863],[91.676,22.5346],[91.7871,22.2379],[91.9081,22.4247],[91.8088,22.3063],[91.813,22.1803],[91.8672,22.1374],[91.9157,21.8625],[91.9497,21.8842],[91.8993,21.7895],[91.99,21.7948],[91.9497,21.716],[91.9839,21.6501],[92.0293,21.7049],[91.99,21.562],[92.0531,21.5005],[92.0525,21.1548],[92.233,20.8878],[92.2941,20.8694],[92.2649,21.0544],[92.3331,20.8577],[92.3318,21.372],[92.759,21.2434],[92.7309,21.5648],[92.6566,21.5648],[92.7314,22.0791],[92.6016,22.2077],[92.6398,22.4648],[92.4747,22.8506],[92.5042,23.0434],[92.4297,23.0434],[92.3713,23.622],[92.2324,23.6863],[92.3174,23.7506],[92.3058,24.1363],[92.2311,24.1363],[92.2633,24.3292],[92.1139,24.3292],[92.3517,24.8435],[92.5241,24.9721],[92.386,25.0364],[92.4839,25.165],[92.3343,25.165],[92.2316,25.4221],[92.0308,25.5507],[92.0671,25.7436],[91.9417,25.8722],[92.0664,26.1294],[91.929,26.1937],[91.9083,26.8366],[90.6312,26.8366],[90.5956,27.0295],[90.1711,27.158],[90.2731,27.2866],[90.0474,27.2866],[90.0744,27.4152],[89.76,27.3509],[89.486,27.4795],[89.3763,27.6724],[88.9862,27.6081],[88.9519,27.8009],[88.835,27.7696],[88.8057,27.6551],[88.8333,27.7691],[88.7123,27.7367],[88.589,27.8652],[88.363,27.8652],[88.3906,27.9938],[87.3838,27.8652],[86.6983,28.1867],[85.8962,28.3153],[85.8483,28.4438],[85.2105,28.6367],[84.7576,28.6367],[84.4832,28.7652],[84.2509,29.0867],[84.0101,29.0224],[83.7499,29.2152],[83.5231,29.2152],[83.49,29.4081],[83.2488,29.3438],[82.1087,29.6652],[81.6971,29.858],[81.3902,30.1794],[81.1482,30.1151],[80.8417,30.4364],[80.3395,30.565],[79.9113,31.0148],[79.531,31.0148],[79.1796,31.4647],[78.6627,31.2076],[77.8255,31.2076],[75.7761,30.8863],[74.135,30.3079],[73.9441,30.1151],[73.3623,29.858],[73.4129,29.7294],[72.9878,29.0867],[72.3885,28.701],[71.8882,27.9938],[71.6406,27.8652],[70.7157,27.7367],[70.7367,27.8652],[70.5425,28.0581],[70.3918,28.0581],[70.0071,27.5438],[69.8465,27.4795],[69.532,26.9009],[69.203,26.708],[68.9972,26.3222],[68.8047,24.2649]],[[88.8057,27.6551],[88.7473,27.5564],[88.7482,27.5601],[88.8057,27.6551]],[[70.0521,24.2021],[70.0872,24.2826],[70.0929,24.2883],[70.0521,24.2021]],[[70.1052,24.3004],[70.1097,24.3049],[70.2426,24.3306],[70.1052,24.3004]],[[70.5658,24.2806],[70.5767,24.2675],[70.5677,24.2728],[70.5658,24.2806]],[[79.739,30.9792],[79.8335,30.9615],[79.8504,30.9545],[79.739,30.9792]],[[80.0146,30.8374],[80.0286,30.8308],[80.0625,30.7848],[80.0146,30.8374]],[[80.0339,28.9159],[80.0529,28.9491],[80.0342,28.9052],[80.0339,28.9159]],[[80.0994,28.9773],[80.1131,29.0722],[80.1079,28.9946],[80.0994,28.9773]],[[80.8364,30.17],[80.8679,30.2002],[80.8839,30.2104],[80.8364,30.17]],[[80.9907,30.1956],[80.996,30.197],[81.0003,30.1915],[80.9907,30.1956]],[[81.0179,30.1692],[81.0309,30.1527],[81.0742,30.0719],[81.0179,30.1692]],[[84.6273,27.0365],[84.7607,26.999],[84.6402,27.0284],[84.6273,27.0365]],[[85.0874,28.3041],[85.1231,28.2949],[85.1094,28.2923],[85.0874,28.3041]],[[85.1949,26.7589],[85.2957,26.7387],[85.2873,26.737],[85.1949,26.7589]],[[85.2197,28.2744],[85.2351,28.2702],[85.2239,28.2717],[85.2197,28.2744]],[[85.2468,28.2686],[85.3126,28.2828],[85.2596,28.2669],[85.2468,28.2686]],[[86.662,28.1068],[86.6801,28.1057],[86.6881,28.1013],[86.662,28.1068]],[[88.0095,27.0456],[88.0428,27.0289],[88.0491,27.022],[88.0095,27.0456]],[[88.0656,27.0041],[88.0769,26.9918],[88.0902,26.9688],[88.0656,27.0041]],[[88.0999,27.9283],[88.1157,27.9473],[88.1229,27.9472],[88.0999,27.9283]],[[88.1017,26.5819],[88.1528,26.6838],[88.1466,26.6612],[88.1017,26.5819]],[[88.1653,26.73],[88.1673,26.7562],[88.1691,26.744],[88.1653,26.73]],[[88.3657,26.5964],[88.3725,26.6116],[88.3853,26.6235],[88.3657,26.5964]],[[88.5401,23.65],[88.5612,23.741],[88.5416,23.6388],[88.5401,23.65]],[[88.5764,23.5918],[88.6092,23.5888],[88.5815,23.5883],[88.5764,23.5918]],[[88.7416,27.5317],[88.7436,27.5403],[88.7576,27.5114],[88.7416,27.5317]],[[88.7544,27.2126],[88.7759,27.2409],[88.8012,27.2564],[88.7544,27.2126]],[[88.7544,27.4642],[88.7576,27.5114],[88.7594,27.4498],[88.7544,27.4642]],[[88.7686,27.4229],[88.7862,27.3986],[88.7736,27.4085],[88.7686,27.4229]],[[89.0623,22.2116],[89.0762,22.175],[89.0782,22.1508],[89.0623,22.2116]],[[91.1406,23.6197],[91.1951,23.4952],[91.1408,23.6121],[91.1406,23.6197]],[[91.214,23.7996],[91.2282,23.845],[91.2253,23.8261],[91.214,23.7996]],[[92.175,21.1756],[92.1799,21.207],[92.1807,21.1661],[92.175,21.1756]],[[92.1951,21.1421],[92.2118,21.1235],[92.2243,21.0932],[92.1951,21.1421]]],[[[88.1338,21.631],[88.1394,21.6303],[88.1444,21.6578],[88.1391,21.67],[88.1338,21.631]]],[[[88.1421,21.6913],[88.1634,21.7055],[88.167,21.7654],[88.1584,21.8099],[88.1421,21.6913]]],[[[88.7169,22.0443],[88.7179,22.0085],[88.7307,22.0372],[88.7169,22.0443]]],[[[89.0457,21.9171],[89.0515,21.7932],[89.1136,21.7311],[89.139,21.7668],[89.0457,21.9171]]],[[[90.3233,21.9087],[90.376,21.9959],[90.3714,21.9948],[90.3322,21.9388],[90.3233,21.9087]]],[[[90.3396,21.9723],[90.3811,22.0231],[90.3875,22.048],[90.3739,22.0456],[90.3587,22.0227],[90.3396,21.9723]]],[[[90.4297,23.3852],[90.4373,23.3618],[90.4871,23.319],[90.5061,23.3142],[90.5241,23.3223],[90.5296,23.3336],[90.5862,23.3017],[90.5776,23.3236],[90.5394,23.35],[90.4557,23.385],[90.4297,23.3852]]],[[[90.4557,22.7674],[90.521,22.7118],[90.591,22.8139],[90.6782,22.8083],[90.5444,22.8807],[90.4734,22.8651],[90.4557,22.7674]]],[[[90.4557,23.0628],[90.4695,23.0076],[90.5156,23.0519],[90.5104,23.069],[90.4557,23.0628]]],[[[90.4977,22.0791],[90.5734,22.0791],[90.6135,22.164],[90.4977,22.0791]]],[[[90.5081,22.9758],[90.6673,22.9182],[90.5862,23.0349],[90.5081,22.9758]]],[[[90.5563,22.6747],[90.6818,22.4453],[90.6112,22.0791],[90.6818,22.1026],[90.6475,21.994],[90.8279,22.1524],[90.855,22.4347],[90.6506,22.7874],[90.5855,22.7681],[90.5563,22.6747]]],[[[90.6014,22.4292],[90.6401,22.3087],[90.6587,22.3795],[90.6014,22.4292]]],[[[90.6475,22.4247],[90.6673,22.439],[90.6653,22.4691],[90.6535,22.4835],[90.6475,22.4247]]],[[[91.4238,22.5253],[91.4761,22.4133],[91.5552,22.402],[91.4676,22.5863],[91.4238,22.5253]]],[[[91.8538,21.6647],[91.866,21.5005],[91.9611,21.5062],[91.9356,21.7812],[91.8877,21.685],[91.8723,21.7548],[91.8538,21.6647]]],[[[91.8798,21.8462],[91.8877,21.8662],[91.8843,21.8772],[91.8798,21.8462]]],[[[90.6575,26.9652],[90.7326,26.9652],[90.7459,27.0295],[90.6707,27.0295],[90.6575,26.9652]]],[[[90.5956,27.0295],[90.6707,27.0295],[90.684,27.0938],[90.6088,27.0938],[90.5956,27.0295]]]]}},{"type":"Feature","properties":{"territoryId":"cliopatria-q62943-e46a1cb62e","name":"Maurya Empire","name_ko":"마우리아 제국","color":"#45e3b8","colorFamily":2,"startYear":-314,"endYear":-301,"source_name":"Cliopatria v0.2.0","source_url":"https://github.com/Seshat-Global-History-Databank/cliopatria","license":"CC BY 4.0","attribution":"Seshat Global History Databank, Cliopatria contributors"},"geometry":{"type":"MultiPolygon","coordinates":[[[[62.5777,25.2637],[63.5108,25.2293],[63.4695,25.2893],[63.5725,25.365],[64.0727,25.3579],[64.0488,25.4165],[63.9766,25.4128],[64.1273,25.4538],[64.1,25.3579],[64.225,25.3579],[64.4393,25.2346],[64.5654,25.2703],[64.6111,25.1886],[64.7018,25.1773],[64.6686,25.2551],[64.7444,25.324],[65.1899,25.3135],[65.2323,25.3707],[65.3954,25.3923],[65.6521,25.3445],[66.1813,25.4531],[66.3411,25.5483],[66.0944,25.4748],[66.1672,25.5661],[66.3755,25.6257],[66.531,25.5181],[66.5912,25.3996],[66.5479,25.3656],[66.7372,25.1811],[66.7044,24.892],[66.6541,24.8392],[66.9651,24.8436],[67.2555,24.748],[67.2117,24.7156],[67.2423,24.473],[67.3625,24.3439],[67.3203,24.3431],[67.3019,24.1829],[67.3535,24.072],[67.5331,24.0703],[67.4583,23.9994],[67.4989,23.9256],[67.5405,23.9393],[67.4886,23.8885],[67.6145,23.8501],[67.6504,23.9331],[67.6301,23.8162],[67.8329,23.8149],[67.8552,23.9119],[67.8689,23.8505],[68.0443,23.8149],[68.0135,23.9393],[68.1523,23.787],[68.1575,23.9051],[68.1637,23.7577],[68.2804,23.686],[68.1502,23.6314],[68.1814,23.5941],[68.3273,23.5869],[68.4277,23.7143],[68.8216,23.8784],[68.4694,23.6592],[68.4915,23.6188],[68.4089,23.6213],[68.4248,23.5577],[68.8342,23.8792],[68.8047,24.2649],[69.5514,24.2649],[69.76,24.1363],[71.9013,23.9435],[73.2049,23.622],[73.6524,23.622],[73.935,23.4934],[74.0529,23.2363],[74.3509,23.2363],[74.767,22.9791],[74.9905,22.9791],[74.9751,22.8506],[81.0068,22.272],[81.6517,22.0791],[84.8643,21.6291],[85.5077,21.4363],[85.9027,21.0505],[86.0667,20.6005],[86.1983,20.472],[86.1565,20.1505],[86.4069,20.0355],[86.5115,20.1975],[86.7546,20.3144],[86.6937,20.2939],[86.8071,20.4104],[86.7205,20.3685],[86.7515,20.4892],[87.0215,20.6756],[86.9402,20.698],[86.9987,20.7111],[86.9866,20.7519],[86.8788,20.7806],[86.9657,20.806],[86.844,21.0822],[86.9177,21.3274],[87.2009,21.552],[87.7038,21.6555],[87.834,21.7293],[87.9837,21.8542],[88.0431,22.0173],[88.1643,22.0898],[88.1326,22.1791],[87.9653,22.2448],[87.9066,22.4247],[88.009,22.2404],[88.198,22.1678],[88.2224,22.0779],[88.1467,21.9592],[88.2097,21.7886],[88.1819,21.6652],[88.3017,21.5786],[88.2616,21.7987],[88.3218,21.6057],[88.3312,21.7191],[88.4598,21.6934],[88.4956,21.9518],[88.5166,21.7017],[88.6602,22.205],[88.6442,22.0791],[88.763,22.1306],[88.7149,22.0791],[88.763,22.0173],[88.7196,21.9428],[88.728,21.6291],[88.8109,21.6917],[88.803,21.6291],[88.8587,21.6365],[88.8587,21.7668],[88.8916,21.6535],[89.0832,21.6291],[89.0159,21.8533],[88.905,21.9694],[89.0095,21.9046],[89.0609,21.9385],[89.0437,22.1374],[89.1047,21.8159],[89.2947,21.7577],[89.3596,21.9723],[89.369,21.7577],[89.4501,21.7577],[89.5218,21.9623],[89.4758,22.2951],[89.5329,21.9847],[89.5794,22.1132],[89.5492,22.2053],[89.6265,22.336],[89.5274,21.8128],[89.5365,21.7577],[89.6747,21.7577],[89.7007,21.7849],[89.619,21.8699],[89.647,21.9251],[89.7092,21.8301],[89.8782,21.8837],[89.7972,22.076],[89.8713,22.0919],[89.8387,22.2678],[89.8729,22.4186],[89.9204,22.3918],[90.0101,22.4902],[89.8768,22.2747],[89.9344,21.9977],[89.9828,21.9866],[90.0784,22.164],[89.9963,22.0002],[90.058,21.9937],[90.2361,22.1989],[90.0302,21.9124],[90.0866,21.8691],[90.1262,21.932],[90.1005,21.8585],[90.1848,21.801],[90.2727,21.8574],[90.4129,22.178],[90.3943,22.2882],[90.3875,22.1026],[90.446,22.0791],[90.6135,22.3149],[90.5597,22.5623],[90.4725,22.5756],[90.4421,22.4936],[90.5127,22.6115],[90.4929,22.7099],[90.3726,22.7614],[90.54,22.8966],[90.4536,23.0723],[90.572,23.0817],[90.6145,23.1955],[90.5691,23.295],[90.4285,23.3261],[90.2503,23.4669],[90.5519,23.385],[90.5768,23.5395],[90.4763,23.583],[90.612,23.6061],[90.6078,23.4911],[90.7158,23.5351],[90.6003,23.4499],[90.6673,23.2676],[90.6294,23.0644],[90.7949,22.7414],[90.9417,22.5859],[91.0379,22.5886],[91.0183,22.6831],[91.0816,22.5592],[91.2449,22.5934],[91.2645,22.6408],[91.169,22.6849],[91.1819,22.7265],[91.3174,22.6972],[91.2908,22.7384],[91.4002,22.762],[91.4905,22.9045],[91.4596,22.7863],[91.676,22.5346],[91.7871,22.2379],[91.9081,22.4247],[91.8088,22.3063],[91.813,22.1803],[91.8672,22.1374],[91.9157,21.8625],[91.9497,21.8842],[91.8993,21.7895],[91.99,21.7948],[91.9497,21.716],[91.9839,21.6501],[92.0293,21.7049],[91.99,21.562],[92.0531,21.5005],[92.0525,21.1548],[92.233,20.8878],[92.2941,20.8694],[92.2649,21.0544],[92.3331,20.8577],[92.3318,21.372],[92.759,21.2434],[92.7309,21.5648],[92.6566,21.5648],[92.7314,22.0791],[92.6016,22.2077],[92.6398,22.4648],[92.4747,22.8506],[92.5042,23.0434],[92.4297,23.0434],[92.3713,23.622],[92.2324,23.6863],[92.3174,23.7506],[92.3058,24.1363],[92.2311,24.1363],[92.2633,24.3292],[92.1139,24.3292],[92.3517,24.8435],[92.5241,24.9721],[92.386,25.0364],[92.4839,25.165],[92.3343,25.165],[92.2316,25.4221],[92.0308,25.5507],[92.0671,25.7436],[91.9417,25.8722],[92.0664,26.1294],[91.929,26.1937],[91.9083,26.8366],[90.6312,26.8366],[90.5956,27.0295],[90.1711,27.158],[90.2731,27.2866],[90.0474,27.2866],[90.0744,27.4152],[89.76,27.3509],[89.486,27.4795],[89.3763,27.6724],[88.9862,27.6081],[88.9519,27.8009],[88.835,27.7696],[88.8057,27.6551],[88.8333,27.7691],[88.7123,27.7367],[88.589,27.8652],[88.363,27.8652],[88.3906,27.9938],[87.3838,27.8652],[86.6983,28.1867],[85.8962,28.3153],[85.8483,28.4438],[85.2105,28.6367],[84.7576,28.6367],[84.4832,28.7652],[84.2509,29.0867],[84.0101,29.0224],[83.7499,29.2152],[83.5231,29.2152],[83.49,29.4081],[83.2488,29.3438],[82.1087,29.6652],[81.6971,29.858],[81.3902,30.1794],[81.1482,30.1151],[80.8417,30.4364],[80.3395,30.565],[79.9113,31.0148],[79.531,31.0148],[79.1796,31.4647],[78.6627,31.2076],[77.8255,31.2076],[75.7761,30.8863],[74.135,30.3079],[73.438,29.858],[73.2865,29.858],[73.2616,30.1151],[72.6804,30.2436],[72.6933,30.3079],[72.5415,30.3079],[72.5544,30.3722],[71.049,30.4364],[70.4169,30.3079],[69.2028,30.3079],[66.164,29.858],[65.2761,29.5366],[64.738,29.0224],[63.7881,27.7367],[63.3625,26.8366],[63.2038,26.7723],[62.5777,25.2637]],[[88.8057,27.6551],[88.7473,27.5564],[88.7482,27.5601],[88.8057,27.6551]],[[68.3214,23.9247],[68.335,23.941],[68.326,23.9278],[68.3214,23.9247]],[[68.3439,23.9651],[68.3489,23.9646],[68.3536,23.9393],[68.3439,23.9651]],[[70.0521,24.2021],[70.0872,24.2826],[70.0929,24.2883],[70.0521,24.2021]],[[70.1052,24.3004],[70.1097,24.3049],[70.2426,24.3306],[70.1052,24.3004]],[[70.5658,24.2806],[70.5767,24.2675],[70.5677,24.2728],[70.5658,24.2806]],[[79.739,30.9792],[79.8335,30.9615],[79.8504,30.9545],[79.739,30.9792]],[[80.0146,30.8374],[80.0286,30.8308],[80.0625,30.7848],[80.0146,30.8374]],[[80.0339,28.9159],[80.0529,28.9491],[80.0342,28.9052],[80.0339,28.9159]],[[80.0994,28.9773],[80.1131,29.0722],[80.1079,28.9946],[80.0994,28.9773]],[[80.8364,30.17],[80.8679,30.2002],[80.8839,30.2104],[80.8364,30.17]],[[80.9907,30.1956],[80.996,30.197],[81.0003,30.1915],[80.9907,30.1956]],[[81.0179,30.1692],[81.0309,30.1527],[81.0742,30.0719],[81.0179,30.1692]],[[84.6273,27.0365],[84.7607,26.999],[84.6402,27.0284],[84.6273,27.0365]],[[85.0874,28.3041],[85.1231,28.2949],[85.1094,28.2923],[85.0874,28.3041]],[[85.1949,26.7589],[85.2957,26.7387],[85.2873,26.737],[85.1949,26.7589]],[[85.2197,28.2744],[85.2351,28.2702],[85.2239,28.2717],[85.2197,28.2744]],[[85.2468,28.2686],[85.3126,28.2828],[85.2596,28.2669],[85.2468,28.2686]],[[86.662,28.1068],[86.6801,28.1057],[86.6881,28.1013],[86.662,28.1068]],[[88.0095,27.0456],[88.0428,27.0289],[88.0491,27.022],[88.0095,27.0456]],[[88.0656,27.0041],[88.0769,26.9918],[88.0902,26.9688],[88.0656,27.0041]],[[88.0999,27.9283],[88.1157,27.9473],[88.1229,27.9472],[88.0999,27.9283]],[[88.1017,26.5819],[88.1528,26.6838],[88.1466,26.6612],[88.1017,26.5819]],[[88.1653,26.73],[88.1673,26.7562],[88.1691,26.744],[88.1653,26.73]],[[88.3657,26.5964],[88.3725,26.6116],[88.3853,26.6235],[88.3657,26.5964]],[[88.5401,23.65],[88.5612,23.741],[88.5416,23.6388],[88.5401,23.65]],[[88.5764,23.5918],[88.6092,23.5888],[88.5815,23.5883],[88.5764,23.5918]],[[88.7416,27.5317],[88.7436,27.5403],[88.7576,27.5114],[88.7416,27.5317]],[[88.7544,27.2126],[88.7759,27.2409],[88.8012,27.2564],[88.7544,27.2126]],[[88.7544,27.4642],[88.7576,27.5114],[88.7594,27.4498],[88.7544,27.4642]],[[88.7686,27.4229],[88.7862,27.3986],[88.7736,27.4085],[88.7686,27.4229]],[[89.0623,22.2116],[89.0762,22.175],[89.0782,22.1508],[89.0623,22.2116]],[[91.1406,23.6197],[91.1951,23.4952],[91.1408,23.6121],[91.1406,23.6197]],[[91.214,23.7996],[91.2282,23.845],[91.2253,23.8261],[91.214,23.7996]],[[92.175,21.1756],[92.1799,21.207],[92.1807,21.1661],[92.175,21.1756]],[[92.1951,21.1421],[92.2118,21.1235],[92.2243,21.0932],[92.1951,21.1421]]],[[[66.3662,25.5304],[66.5006,25.4011],[66.4575,25.4538],[66.4922,25.481],[66.3662,25.5304]]],[[[67.4418,24.0595],[67.4542,24.0142],[67.4854,24.0485],[67.4418,24.0595]]],[[[68.1425,23.7],[68.1491,23.6945],[68.1575,23.6962],[68.1473,23.7428],[68.1425,23.7]]],[[[88.1338,21.631],[88.1394,21.6303],[88.1444,21.6578],[88.1391,21.67],[88.1338,21.631]]],[[[88.1421,21.6913],[88.1634,21.7055],[88.167,21.7654],[88.1584,21.8099],[88.1421,21.6913]]],[[[88.7169,22.0443],[88.7179,22.0085],[88.7307,22.0372],[88.7169,22.0443]]],[[[89.0457,21.9171],[89.0515,21.7932],[89.1136,21.7311],[89.139,21.7668],[89.0457,21.9171]]],[[[90.3233,21.9087],[90.376,21.9959],[90.3714,21.9948],[90.3322,21.9388],[90.3233,21.9087]]],[[[90.3396,21.9723],[90.3811,22.0231],[90.3875,22.048],[90.3739,22.0456],[90.3587,22.0227],[90.3396,21.9723]]],[[[90.4297,23.3852],[90.4373,23.3618],[90.4871,23.319],[90.5061,23.3142],[90.5241,23.3223],[90.5296,23.3336],[90.5862,23.3017],[90.5776,23.3236],[90.5394,23.35],[90.4557,23.385],[90.4297,23.3852]]],[[[90.4557,22.7674],[90.521,22.7118],[90.591,22.8139],[90.6782,22.8083],[90.5444,22.8807],[90.4734,22.8651],[90.4557,22.7674]]],[[[90.4557,23.0628],[90.4695,23.0076],[90.5156,23.0519],[90.5104,23.069],[90.4557,23.0628]]],[[[90.4977,22.0791],[90.5734,22.0791],[90.6135,22.164],[90.4977,22.0791]]],[[[90.5081,22.9758],[90.6673,22.9182],[90.5862,23.0349],[90.5081,22.9758]]],[[[90.5563,22.6747],[90.6818,22.4453],[90.6112,22.0791],[90.6818,22.1026],[90.6475,21.994],[90.8279,22.1524],[90.855,22.4347],[90.6506,22.7874],[90.5855,22.7681],[90.5563,22.6747]]],[[[90.6014,22.4292],[90.6401,22.3087],[90.6587,22.3795],[90.6014,22.4292]]],[[[90.6475,22.4247],[90.6673,22.439],[90.6653,22.4691],[90.6535,22.4835],[90.6475,22.4247]]],[[[91.4238,22.5253],[91.4761,22.4133],[91.5552,22.402],[91.4676,22.5863],[91.4238,22.5253]]],[[[91.8538,21.6647],[91.866,21.5005],[91.9611,21.5062],[91.9356,21.7812],[91.8877,21.685],[91.8723,21.7548],[91.8538,21.6647]]],[[[91.8798,21.8462],[91.8877,21.8662],[91.8843,21.8772],[91.8798,21.8462]]],[[[90.6575,26.9652],[90.7326,26.9652],[90.7459,27.0295],[90.6707,27.0295],[90.6575,26.9652]]],[[[90.5956,27.0295],[90.6707,27.0295],[90.684,27.0938],[90.6088,27.0938],[90.5956,27.0295]]]]}},{"type":"Feature","properties":{"territoryId":"cliopatria-q1177379-1d49b8774b","name":"Minaeans","name_ko":"미나인","color":"#51bdec","colorFamily":0,"startYear":-382,"endYear":-188,"source_name":"Cliopatria v0.2.0","source_url":"https://github.com/Seshat-Global-History-Databank/cliopatria","license":"CC BY 4.0","attribution":"Seshat Global History Databank, Cliopatria contributors"},"geometry":{"type":"Polygon","coordinates":[[[42.4788,17.038],[42.5442,17.0043],[42.5547,16.929],[42.7574,16.7433],[42.8135,16.4219],[43.1081,16.4219],[43.3921,16.229],[44.1249,16.1647],[44.3315,15.9076],[45.2147,15.9076],[45.2257,16.1004],[44.8097,16.5504],[44.8134,16.6147],[44.305,16.7433],[44.3124,16.8719],[44.0875,16.8076],[43.8184,17.2576],[43.8996,17.3862],[43.4791,17.7719],[43.2503,17.6433],[43.0326,17.7076],[43.0216,17.5148],[42.6348,17.1933],[42.4873,17.1933],[42.4788,17.038]],[[43.2301,17.2983],[43.2418,17.2934],[43.2522,17.272],[43.2301,17.2983]],[[43.4129,17.52],[43.4871,17.5175],[43.4962,17.514],[43.4129,17.52]],[[43.529,17.5014],[43.5771,17.483],[43.6195,17.4588],[43.529,17.5014]]]}},{"type":"Feature","properties":{"territoryId":"cliopatria-q1936158-6c73dc697a","name":"Minyue","name_ko":"민월","color":"#ac7ee7","colorFamily":4,"startYear":-332,"endYear":-218,"source_name":"Cliopatria v0.2.0","source_url":"https://github.com/Seshat-Global-History-Databank/cliopatria","license":"CC BY 4.0","attribution":"Seshat Global History Databank, Cliopatria contributors"},"geometry":{"type":"MultiPolygon","coordinates":[[[[114.4462,23.622],[114.9016,22.9148],[114.7401,22.8506],[114.7429,22.7783],[114.8213,22.7906],[114.7446,22.7368],[114.7541,22.5897],[114.8658,22.6017],[114.896,22.5475],[114.9666,22.6765],[114.8625,22.7632],[114.9853,22.6893],[115.0655,22.796],[115.1803,22.7848],[115.3171,22.9045],[115.2334,22.7882],[115.4112,22.7883],[115.3385,22.7331],[115.3735,22.6942],[115.5752,22.6683],[115.5901,22.7372],[115.5556,22.7144],[115.527,22.767],[115.6121,22.8636],[115.468,22.8493],[115.483,22.9018],[115.406,22.925],[115.5476,22.8954],[115.5606,22.8493],[115.7303,22.9342],[115.697,22.8507],[115.8075,22.8033],[116.0762,22.8679],[116.0421,22.9329],[116.1237,22.8947],[116.0865,22.8458],[116.1537,22.856],[116.2815,22.9579],[116.2136,22.9828],[116.4947,22.9394],[116.6045,23.2096],[116.5089,23.2341],[116.6115,23.2387],[116.6511,23.172],[116.7151,23.2438],[116.6672,23.2813],[116.8035,23.2346],[116.7486,23.3263],[116.573,23.3237],[116.5232,23.4185],[116.7732,23.3494],[116.9165,23.6627],[116.9507,23.6109],[117.0684,23.6513],[117.0842,23.5506],[117.2192,23.6296],[117.2295,23.6928],[117.2571,23.6156],[117.2774,23.7822],[117.4343,23.7759],[117.4901,23.8326],[117.4166,23.9468],[117.5711,23.9033],[117.626,23.8149],[117.7088,24.0355],[117.6671,24.0627],[117.7633,24.0703],[117.7981,24.0218],[117.76,23.9716],[117.8952,24.0696],[117.9073,24.1863],[117.9436,24.2126],[117.9788,24.1621],[118.0867,24.2497],[118.0906,24.3415],[118.0159,24.3269],[118.043,24.4067],[117.9073,24.3849],[117.7913,24.4675],[118.0217,24.4457],[118.0581,24.5159],[117.9749,24.5527],[118.0374,24.5606],[118.0444,24.6177],[118.1104,24.5841],[118.1605,24.6934],[118.219,24.5414],[118.4048,24.6066],[118.4312,24.6997],[118.4281,24.6313],[118.6471,24.5746],[118.6421,24.6787],[118.763,24.7627],[118.7018,24.81],[118.638,24.7721],[118.572,24.8852],[118.6712,24.8747],[118.6677,24.9534],[118.7295,24.9005],[118.7161,24.8436],[119.0177,24.9603],[119.0042,25.0502],[118.9537,25.003],[118.8491,25.0738],[118.943,25.1088],[118.9746,25.1826],[118.8756,25.2438],[119.0273,25.2782],[118.9693,25.2264],[119.0689,25.2167],[119.0291,25.1405],[119.0929,25.1136],[119.1531,25.1397],[119.1161,25.2138],[119.2813,25.1794],[119.2725,25.2318],[119.3475,25.2678],[119.243,25.3302],[119.2013,25.2597],[119.2034,25.3581],[119.1732,25.3251],[119.1025,25.4203],[119.2378,25.4818],[119.3052,25.6046],[119.3809,25.5909],[119.3565,25.5269],[119.4491,25.5053],[119.447,25.4388],[119.5073,25.4744],[119.4832,25.3712],[119.5477,25.3838],[119.5386,25.4612],[119.5882,25.3966],[119.64,25.413],[119.5726,25.4879],[119.5794,25.5847],[119.4924,25.5648],[119.4491,25.6872],[119.5719,25.6802],[119.6209,25.7603],[119.5664,25.8721],[119.5999,25.8442],[119.6954,26.0026],[119.5191,26.0445],[119.3298,25.9443],[119.2468,25.9672],[119.1952,26.0876],[119.0935,26.1458],[119.4585,25.9825],[119.6682,26.2215],[119.6341,26.2551],[119.8444,26.3256],[119.8258,26.4269],[119.6819,26.3171],[119.6484,26.4374],[119.5731,26.4378],[119.6537,26.498],[119.762,26.4075],[119.8189,26.4532],[119.7352,26.612],[119.5999,26.5704],[119.5542,26.6152],[119.606,26.6945],[119.5589,26.7082],[119.5755,26.788],[119.7249,26.6978],[119.6858,26.812],[119.7562,26.7377],[119.782,26.8285],[119.8463,26.8522],[119.7974,26.8164],[119.8401,26.79],[119.7918,26.6877],[119.8292,26.715],[119.8569,26.6535],[119.9016,26.6597],[119.9251,26.7922],[120.0797,26.7969],[119.9841,26.6535],[119.8538,26.5983],[119.8472,26.5236],[119.96,26.6113],[120.1344,26.6461],[120.1282,26.7969],[120.0245,26.8379],[120.032,26.8999],[120.1842,26.9198],[120.2147,26.9651],[120.1487,26.9819],[120.2305,26.9888],[120.2163,27.0371],[120.2783,27.0638],[120.2437,27.1327],[120.34,27.104],[120.4217,27.147],[120.3473,27.1805],[120.3473,27.2426],[120.1824,27.2169],[120.1958,27.2978],[120.3119,27.3177],[120.3031,27.2423],[120.4292,27.1737],[120.4217,27.2221],[120.5178,27.2016],[120.5493,27.321],[120.5049,27.345],[120.5459,27.4033],[120.6353,27.3797],[120.682,27.4816],[120.5966,27.5703],[120.6756,27.6597],[120.6353,27.7633],[120.7077,27.7134],[120.8408,27.9487],[120.589,28.0267],[120.5596,28.1128],[120.606,28.0422],[120.8803,27.9986],[120.9969,28.0425],[121.0689,28.1569],[121.1081,28.2834],[121.025,28.3046],[121.1138,28.3017],[121.169,28.3848],[121.2647,28.366],[121.2031,28.3319],[121.2672,28.2164],[121.4132,28.2546],[121.4731,28.3306],[121.6461,28.3235],[121.6077,28.4772],[121.5116,28.4895],[121.5816,28.5047],[121.5101,28.6571],[121.2584,28.6751],[121.2993,28.7229],[121.1423,28.8459],[121.3512,28.7119],[121.6214,28.7359],[121.6699,28.8253],[121.4918,28.9284],[121.5874,28.9631],[121.6842,28.9147],[121.6898,29.0171],[121.5321,29.0205],[121.6214,29.1133],[121.4017,29.1065],[121.4564,29.1338],[121.4085,29.1611],[121.5035,29.1789],[121.5743,29.3051],[121.6289,29.1884],[121.6404,29.3066],[121.6525,29.183],[121.7243,29.182],[121.7866,29.3745],[121.8406,29.3188],[121.7853,29.1681],[121.9384,29.2152],[121.9005,29.2987],[121.971,29.4491],[121.9104,29.5246],[121.9712,29.5933],[121.9158,29.6409],[121.7961,29.6006],[121.745,29.5447],[121.8448,29.5362],[121.812,29.4901],[121.7109,29.5386],[121.4849,29.3905],[121.5049,29.4838],[121.4426,29.4154],[121.4434,29.5242],[121.6873,29.5626],[122.0074,29.8874],[121.7219,29.9605],[121.4054,30.3079],[121.1328,30.3079],[120.8088,30.1151],[120.7323,30.2076],[120.6463,30.1269],[120.7922,30.0661],[120.6825,30.0849],[120.6301,30.135],[120.7217,30.2204],[120.666,30.3265],[120.5205,30.3722],[120.3847,30.2496],[120.3063,30.2712],[119.7026,29.9865],[118.3597,29.6009],[116.7364,29.7294],[116.27,29.9223],[116.1289,30.1794],[115.8038,30.1151],[115.6425,29.858],[115.2591,28.8938],[115.3347,28.8938],[114.9532,26.7723],[115.0283,26.7723],[114.9611,26.5151],[115.2281,26.3865],[114.8556,25.4864],[114.6604,25.2936],[114.7203,25.2293],[114.4724,24.4578],[114.5471,24.4578],[114.4462,23.622]]],[[[116.9543,23.5441],[116.9953,23.5348],[117.0093,23.555],[116.9956,23.5635],[116.9543,23.5441]]],[[[117.3405,23.689],[117.3561,23.6892],[117.4185,23.758],[117.4136,23.7717],[117.3727,23.7667],[117.3767,23.7289],[117.3405,23.689]]],[[[118.07,24.4603],[118.1271,24.4312],[118.1814,24.5351],[118.0925,24.5562],[118.07,24.4603]]],[[[119.2092,26.0986],[119.2576,26.0015],[119.405,25.9779],[119.2092,26.0986]]],[[[119.2829,25.4864],[119.3354,25.4864],[119.3465,25.5667],[119.2829,25.4864]]],[[[119.2835,25.4751],[119.2969,25.4229],[119.3222,25.4329],[119.2835,25.4751]]],[[[119.554,26.0956],[119.6441,26.0784],[119.5925,26.1257],[119.554,26.0956]]],[[[119.6685,25.4879],[119.71,25.4879],[119.7,25.4319],[119.8407,25.4765],[119.7988,25.5158],[119.8745,25.5568],[119.7078,25.615],[119.7162,25.5363],[119.7783,25.522],[119.6685,25.4879]]],[[[120.3324,30.2835],[120.3646,30.2686],[120.379,30.2735],[120.3924,30.3118],[120.3324,30.2835]]],[[[121.2081,28.201],[121.257,28.2138],[121.2564,28.2148],[121.2306,28.2197],[121.2109,28.209],[121.2081,28.201]]],[[[121.9336,29.9213],[121.9461,29.904],[121.9741,29.8998],[121.9924,29.9083],[121.9935,29.9188],[121.9771,29.9388],[121.952,29.9467],[121.9409,29.9377],[121.9336,29.9213]]],[[[121.9946,30.0372],[122.0191,29.9972],[122.2798,29.9865],[122.2768,30.0676],[122.1033,30.1437],[122.0321,30.143],[121.9946,30.0372]]]]}},{"type":"Feature","properties":{"territoryId":"cliopatria-q949268-4bffd447f5","name":"Nanda Empire","name_ko":"난다 왕조","color":"#e77e88","colorFamily":3,"startYear":-332,"endYear":-326,"source_name":"Cliopatria v0.2.0","source_url":"https://github.com/Seshat-Global-History-Databank/cliopatria","license":"CC BY 4.0","attribution":"Seshat Global History Databank, Cliopatria contributors"},"geometry":{"type":"MultiPolygon","coordinates":[[[[65.8889,25.418],[66.2061,25.4601],[66.2446,25.5144],[66.0944,25.4748],[66.2581,25.612],[66.437,25.5977],[66.7372,25.1811],[66.7044,24.892],[66.6543,24.8407],[66.9651,24.8436],[67.2327,24.7707],[67.1806,24.6925],[67.3078,24.3576],[67.3625,24.3439],[67.3186,24.3292],[68.5212,24.3935],[68.73,24.2649],[69.5514,24.2649],[69.76,24.1363],[71.9013,23.9435],[73.7937,23.5577],[74.0017,23.4291],[74.0529,23.2363],[74.3509,23.2363],[74.767,22.9791],[74.9905,22.9791],[74.9751,22.8506],[81.0068,22.272],[81.6517,22.0791],[83.9233,21.822],[85.3675,21.5005],[85.9027,21.0505],[85.886,20.922],[86.026,20.8577],[86.1983,20.472],[86.1565,20.1505],[86.3621,20.022],[86.5115,20.1975],[86.7546,20.3144],[86.6937,20.2939],[86.8071,20.4104],[86.7205,20.3685],[86.7515,20.4892],[87.0215,20.6756],[86.9402,20.698],[86.9987,20.7111],[86.9866,20.7519],[86.8788,20.7806],[86.9657,20.806],[86.844,21.0822],[86.9177,21.3274],[87.2009,21.552],[87.7038,21.6555],[87.834,21.7293],[87.9837,21.8542],[88.0431,22.0173],[88.1643,22.0898],[88.1326,22.1791],[87.9653,22.2448],[87.9066,22.4247],[88.009,22.2404],[88.198,22.1678],[88.2224,22.0779],[88.1467,21.9592],[88.2065,21.6072],[88.3017,21.5786],[88.2616,21.7987],[88.3097,21.6102],[88.3312,21.7191],[88.4598,21.6934],[88.4956,21.9518],[88.5166,21.7017],[88.6602,22.205],[88.6442,22.0791],[88.763,22.1306],[88.7149,22.0791],[88.763,22.0173],[88.7196,21.9428],[88.728,21.6291],[88.8109,21.6917],[88.803,21.6291],[88.8587,21.6365],[88.8587,21.7668],[88.8916,21.6535],[89.0832,21.6291],[89.0159,21.8533],[88.905,21.9694],[89.0095,21.9046],[89.0609,21.9385],[89.0437,22.1374],[89.1047,21.8159],[89.2947,21.7577],[89.3596,21.9723],[89.369,21.7577],[89.4501,21.7577],[89.5218,21.9623],[89.4758,22.2951],[89.5329,21.9847],[89.5794,22.1132],[89.5492,22.2053],[89.6265,22.336],[89.5274,21.8128],[89.5365,21.7577],[89.6747,21.7577],[89.7007,21.7849],[89.619,21.8699],[89.647,21.9251],[89.7092,21.8301],[89.8782,21.8837],[89.7972,22.076],[89.8713,22.0919],[89.8387,22.2678],[89.8729,22.4186],[89.9204,22.3918],[90.0101,22.4902],[89.8768,22.2747],[89.9146,22.0617],[89.9678,21.9746],[90.0784,22.164],[89.9963,22.0002],[90.058,21.9937],[90.2361,22.1989],[90.0339,21.9435],[90.0866,21.8691],[90.1262,21.932],[90.1005,21.8585],[90.1689,21.8061],[90.2907,21.8903],[90.4129,22.178],[90.3943,22.2882],[90.4085,22.0859],[90.558,22.2034],[90.6066,22.4658],[90.5241,22.5831],[90.4421,22.4936],[90.5127,22.6115],[90.4929,22.7099],[90.3726,22.7614],[90.54,22.8966],[90.4489,23.0557],[90.572,23.0817],[90.6108,23.2308],[90.2503,23.4669],[90.5519,23.385],[90.5768,23.5395],[90.4763,23.583],[90.6333,23.5966],[90.6078,23.4911],[90.7056,23.5545],[90.715,23.4984],[90.6003,23.4499],[90.6673,23.2676],[90.6294,23.0644],[90.7949,22.7414],[90.9549,22.5758],[91.0379,22.5886],[91.0183,22.6831],[91.0816,22.5592],[91.2449,22.5934],[91.2645,22.6408],[91.169,22.6849],[91.1819,22.7265],[91.3174,22.6972],[91.2908,22.7384],[91.4147,22.7537],[91.4905,22.9045],[91.4649,22.7618],[91.526,22.9791],[91.675,22.9791],[91.4908,23.2363],[91.2771,23.3006],[91.3071,23.4934],[91.2325,23.4934],[91.4311,24.2649],[91.2817,24.2649],[91.4103,24.5864],[91.3356,24.5864],[91.264,25.0364],[91.1257,25.1007],[91.2235,25.2293],[90.999,25.2293],[90.8092,25.4221],[90.2336,25.5507],[90.1073,25.6793],[89.9457,25.615],[88.392,26.1294],[87.3029,26.3222],[87.1141,26.5151],[86.8017,26.4508],[86.4245,26.8366],[86.1991,26.8366],[86.0986,27.0938],[84.7202,27.3509],[84.7454,27.4795],[84.6076,27.5438],[83.855,27.5438],[83.0648,27.7367],[82.5252,27.6724],[82.1863,27.8652],[81.885,27.8652],[81.1945,28.1867],[80.957,28.5081],[80.6811,28.6367],[80.3036,28.6367],[79.9913,28.9581],[78.95,29.4081],[78.3286,30.0508],[78.3424,30.1151],[77.8052,30.4364],[77.5775,30.4364],[77.2063,30.822],[76.9023,30.822],[76.7929,31.0148],[76.0943,30.9506],[74.135,30.3079],[73.438,29.858],[73.2107,29.858],[72.6942,29.5366],[72.3036,29.4723],[71.4759,29.0867],[69.8214,28.701],[69.6484,28.5724],[69.3465,28.5724],[68.1857,27.9295],[67.4124,27.8009],[66.573,27.2223],[66.2922,26.8366],[65.8889,25.418]],[[70.0521,24.2021],[70.0872,24.2826],[70.0929,24.2883],[70.0521,24.2021]],[[70.1052,24.3004],[70.1097,24.3049],[70.2426,24.3306],[70.1052,24.3004]],[[70.5658,24.2806],[70.5767,24.2675],[70.5677,24.2728],[70.5658,24.2806]],[[84.6273,27.0365],[84.7607,26.999],[84.6402,27.0284],[84.6273,27.0365]],[[85.1949,26.7589],[85.2957,26.7387],[85.2873,26.737],[85.1949,26.7589]],[[88.5401,23.65],[88.5612,23.741],[88.5416,23.6388],[88.5401,23.65]],[[88.5764,23.5918],[88.6092,23.5888],[88.5815,23.5883],[88.5764,23.5918]],[[89.0623,22.2116],[89.0762,22.175],[89.0782,22.1508],[89.0623,22.2116]],[[91.1406,23.6197],[91.1951,23.4952],[91.1408,23.6121],[91.1406,23.6197]],[[91.214,23.7996],[91.2282,23.845],[91.2253,23.8261],[91.214,23.7996]]],[[[66.2581,25.5431],[66.2584,25.534],[66.2656,25.5441],[66.2581,25.5431]]],[[[66.2843,25.5465],[66.3957,25.5134],[66.3885,25.522],[66.3527,25.5355],[66.3364,25.5534],[66.2843,25.5465]]],[[[66.4555,25.4957],[66.4605,25.4942],[66.4562,25.496],[66.4555,25.4957]]],[[[66.4902,25.4818],[66.4913,25.4803],[66.4922,25.481],[66.4902,25.4818]]],[[[88.1338,21.631],[88.1394,21.6303],[88.1444,21.6578],[88.1391,21.67],[88.1338,21.631]]],[[[88.1421,21.6913],[88.1634,21.7055],[88.167,21.7654],[88.1584,21.8099],[88.1421,21.6913]]],[[[88.7169,22.0443],[88.7179,22.0085],[88.7307,22.0372],[88.7169,22.0443]]],[[[89.0457,21.9171],[89.0515,21.7932],[89.1136,21.7311],[89.139,21.7668],[89.0457,21.9171]]],[[[90.3233,21.9087],[90.376,21.9959],[90.3714,21.9948],[90.3322,21.9388],[90.3233,21.9087]]],[[[90.3396,21.9723],[90.3811,22.0231],[90.3875,22.048],[90.3739,22.0456],[90.3587,22.0227],[90.3396,21.9723]]],[[[90.4297,23.3852],[90.4373,23.3618],[90.4871,23.319],[90.5061,23.3142],[90.5241,23.3223],[90.5296,23.3336],[90.5862,23.3017],[90.5776,23.3236],[90.5394,23.35],[90.4557,23.385],[90.4297,23.3852]]],[[[90.4557,22.7674],[90.521,22.7118],[90.591,22.8139],[90.6782,22.8083],[90.5444,22.8807],[90.4734,22.8651],[90.4557,22.7674]]],[[[90.4557,23.0628],[90.4695,23.0076],[90.5156,23.0519],[90.5104,23.069],[90.4557,23.0628]]],[[[90.4977,22.0791],[90.5734,22.0791],[90.6135,22.164],[90.4977,22.0791]]],[[[90.5081,22.9758],[90.6673,22.9182],[90.5862,23.0349],[90.5081,22.9758]]],[[[90.5563,22.6747],[90.6818,22.4453],[90.6112,22.0791],[90.6818,22.1026],[90.6475,21.994],[90.8279,22.1524],[90.855,22.4347],[90.6506,22.7874],[90.5855,22.7681],[90.5563,22.6747]]],[[[90.6014,22.4292],[90.6401,22.3087],[90.6587,22.3795],[90.6014,22.4292]]],[[[90.6475,22.4247],[90.6673,22.439],[90.6653,22.4691],[90.6535,22.4835],[90.6475,22.4247]]]]}},{"type":"Feature","properties":{"territoryId":"cliopatria-q949268-4bffd447f5","name":"Nanda Empire","name_ko":"난다 왕조","color":"#e77e88","colorFamily":3,"startYear":-325,"endYear":-323,"source_name":"Cliopatria v0.2.0","source_url":"https://github.com/Seshat-Global-History-Databank/cliopatria","license":"CC BY 4.0","attribution":"Seshat Global History Databank, Cliopatria contributors"},"geometry":{"type":"MultiPolygon","coordinates":[[[[66.6203,25.3579],[66.7372,25.1811],[66.7044,24.892],[66.6543,24.8407],[66.9651,24.8436],[67.2327,24.7707],[67.1806,24.6925],[67.3078,24.3576],[67.3625,24.3439],[67.3186,24.3292],[68.5212,24.3935],[68.73,24.2649],[69.5514,24.2649],[69.76,24.1363],[71.9013,23.9435],[73.7937,23.5577],[74.0017,23.4291],[74.0529,23.2363],[74.3509,23.2363],[74.767,22.9791],[74.9905,22.9791],[74.9751,22.8506],[81.0068,22.272],[81.6517,22.0791],[83.9233,21.822],[85.3675,21.5005],[85.9027,21.0505],[85.886,20.922],[86.026,20.8577],[86.1983,20.472],[86.1565,20.1505],[86.3621,20.022],[86.5115,20.1975],[86.7546,20.3144],[86.6937,20.2939],[86.8071,20.4104],[86.7205,20.3685],[86.7515,20.4892],[87.0215,20.6756],[86.9402,20.698],[86.9987,20.7111],[86.9866,20.7519],[86.8788,20.7806],[86.9657,20.806],[86.844,21.0822],[86.9177,21.3274],[87.2009,21.552],[87.7038,21.6555],[87.834,21.7293],[87.9837,21.8542],[88.0431,22.0173],[88.1643,22.0898],[88.1326,22.1791],[87.9653,22.2448],[87.9066,22.4247],[88.009,22.2404],[88.198,22.1678],[88.2224,22.0779],[88.1467,21.9592],[88.2065,21.6072],[88.3017,21.5786],[88.2616,21.7987],[88.3097,21.6102],[88.3312,21.7191],[88.4598,21.6934],[88.4956,21.9518],[88.5166,21.7017],[88.6602,22.205],[88.6442,22.0791],[88.763,22.1306],[88.7149,22.0791],[88.763,22.0173],[88.7196,21.9428],[88.728,21.6291],[88.8109,21.6917],[88.803,21.6291],[88.8587,21.6365],[88.8587,21.7668],[88.8916,21.6535],[89.0832,21.6291],[89.0159,21.8533],[88.905,21.9694],[89.0095,21.9046],[89.0609,21.9385],[89.0437,22.1374],[89.1047,21.8159],[89.2947,21.7577],[89.3596,21.9723],[89.369,21.7577],[89.4501,21.7577],[89.5218,21.9623],[89.4758,22.2951],[89.5329,21.9847],[89.5794,22.1132],[89.5492,22.2053],[89.6265,22.336],[89.5274,21.8128],[89.5365,21.7577],[89.6747,21.7577],[89.7007,21.7849],[89.619,21.8699],[89.647,21.9251],[89.7092,21.8301],[89.8782,21.8837],[89.7972,22.076],[89.8713,22.0919],[89.8387,22.2678],[89.8729,22.4186],[89.9204,22.3918],[90.0101,22.4902],[89.8768,22.2747],[89.9146,22.0617],[89.9678,21.9746],[90.0784,22.164],[89.9963,22.0002],[90.058,21.9937],[90.2361,22.1989],[90.0339,21.9435],[90.0866,21.8691],[90.1262,21.932],[90.1005,21.8585],[90.1689,21.8061],[90.2907,21.8903],[90.4129,22.178],[90.3943,22.2882],[90.4085,22.0859],[90.558,22.2034],[90.6066,22.4658],[90.5241,22.5831],[90.4421,22.4936],[90.5127,22.6115],[90.4929,22.7099],[90.3726,22.7614],[90.54,22.8966],[90.4489,23.0557],[90.572,23.0817],[90.6108,23.2308],[90.2503,23.4669],[90.5519,23.385],[90.5768,23.5395],[90.4763,23.583],[90.6333,23.5966],[90.6078,23.4911],[90.7056,23.5545],[90.715,23.4984],[90.6003,23.4499],[90.6673,23.2676],[90.6294,23.0644],[90.7949,22.7414],[90.9549,22.5758],[91.0379,22.5886],[91.0183,22.6831],[91.0816,22.5592],[91.2449,22.5934],[91.2645,22.6408],[91.169,22.6849],[91.1819,22.7265],[91.3174,22.6972],[91.2908,22.7384],[91.4147,22.7537],[91.4905,22.9045],[91.4649,22.7618],[91.526,22.9791],[91.675,22.9791],[91.4908,23.2363],[91.2771,23.3006],[91.3071,23.4934],[91.2325,23.4934],[91.4311,24.2649],[91.2817,24.2649],[91.4103,24.5864],[91.3356,24.5864],[91.264,25.0364],[91.1257,25.1007],[91.2235,25.2293],[90.999,25.2293],[90.8092,25.4221],[90.2336,25.5507],[90.1073,25.6793],[89.9457,25.615],[88.392,26.1294],[87.3029,26.3222],[87.1141,26.5151],[86.8017,26.4508],[86.4245,26.8366],[86.1991,26.8366],[86.0986,27.0938],[84.7202,27.3509],[84.7454,27.4795],[84.6076,27.5438],[83.855,27.5438],[83.0648,27.7367],[82.5252,27.6724],[82.1863,27.8652],[81.885,27.8652],[81.1945,28.1867],[80.957,28.5081],[80.6811,28.6367],[80.3036,28.6367],[79.9913,28.9581],[78.95,29.4081],[78.3286,30.0508],[78.3424,30.1151],[77.8052,30.4364],[77.5775,30.4364],[77.2063,30.822],[76.9023,30.822],[76.7929,31.0148],[75.7761,30.8863],[74.7062,30.5007],[72.5306,29.4723],[72.3036,29.4723],[71.0749,28.9581],[69.3465,28.5724],[68.8616,28.3795],[68.8404,28.251],[68.6896,28.251],[68.5076,28.0581],[67.563,27.8009],[67.184,27.2866],[67.1278,26.9009],[66.932,26.5794],[66.8277,25.8079],[66.6203,25.3579]],[[70.0521,24.2021],[70.0872,24.2826],[70.0929,24.2883],[70.0521,24.2021]],[[70.1052,24.3004],[70.1097,24.3049],[70.2426,24.3306],[70.1052,24.3004]],[[70.5658,24.2806],[70.5767,24.2675],[70.5677,24.2728],[70.5658,24.2806]],[[84.6273,27.0365],[84.7607,26.999],[84.6402,27.0284],[84.6273,27.0365]],[[85.1949,26.7589],[85.2957,26.7387],[85.2873,26.737],[85.1949,26.7589]],[[88.5401,23.65],[88.5612,23.741],[88.5416,23.6388],[88.5401,23.65]],[[88.5764,23.5918],[88.6092,23.5888],[88.5815,23.5883],[88.5764,23.5918]],[[89.0623,22.2116],[89.0762,22.175],[89.0782,22.1508],[89.0623,22.2116]],[[91.1406,23.6197],[91.1951,23.4952],[91.1408,23.6121],[91.1406,23.6197]],[[91.214,23.7996],[91.2282,23.845],[91.2253,23.8261],[91.214,23.7996]]],[[[88.1338,21.631],[88.1394,21.6303],[88.1444,21.6578],[88.1391,21.67],[88.1338,21.631]]],[[[88.1421,21.6913],[88.1634,21.7055],[88.167,21.7654],[88.1584,21.8099],[88.1421,21.6913]]],[[[88.7169,22.0443],[88.7179,22.0085],[88.7307,22.0372],[88.7169,22.0443]]],[[[89.0457,21.9171],[89.0515,21.7932],[89.1136,21.7311],[89.139,21.7668],[89.0457,21.9171]]],[[[90.3233,21.9087],[90.376,21.9959],[90.3714,21.9948],[90.3322,21.9388],[90.3233,21.9087]]],[[[90.3396,21.9723],[90.3811,22.0231],[90.3875,22.048],[90.3739,22.0456],[90.3587,22.0227],[90.3396,21.9723]]],[[[90.4297,23.3852],[90.4373,23.3618],[90.4871,23.319],[90.5061,23.3142],[90.5241,23.3223],[90.5296,23.3336],[90.5862,23.3017],[90.5776,23.3236],[90.5394,23.35],[90.4557,23.385],[90.4297,23.3852]]],[[[90.4557,22.7674],[90.521,22.7118],[90.591,22.8139],[90.6782,22.8083],[90.5444,22.8807],[90.4734,22.8651],[90.4557,22.7674]]],[[[90.4557,23.0628],[90.4695,23.0076],[90.5156,23.0519],[90.5104,23.069],[90.4557,23.0628]]],[[[90.4977,22.0791],[90.5734,22.0791],[90.6135,22.164],[90.4977,22.0791]]],[[[90.5081,22.9758],[90.6673,22.9182],[90.5862,23.0349],[90.5081,22.9758]]],[[[90.5563,22.6747],[90.6818,22.4453],[90.6112,22.0791],[90.6818,22.1026],[90.6475,21.994],[90.8279,22.1524],[90.855,22.4347],[90.6506,22.7874],[90.5855,22.7681],[90.5563,22.6747]]],[[[90.6014,22.4292],[90.6401,22.3087],[90.6587,22.3795],[90.6014,22.4292]]],[[[90.6475,22.4247],[90.6673,22.439],[90.6653,22.4691],[90.6535,22.4835],[90.6475,22.4247]]]]}},{"type":"Feature","properties":{"territoryId":"cliopatria-q949268-4bffd447f5","name":"Nanda Empire","name_ko":"난다 왕조","color":"#e77e88","colorFamily":3,"startYear":-322,"endYear":-318,"source_name":"Cliopatria v0.2.0","source_url":"https://github.com/Seshat-Global-History-Databank/cliopatria","license":"CC BY 4.0","attribution":"Seshat Global History Databank, Cliopatria contributors"},"geometry":{"type":"MultiPolygon","coordinates":[[[[68.8047,24.2649],[71.0213,24.072],[73.7937,23.5577],[74.0017,23.4291],[74.0529,23.2363],[74.3509,23.2363],[74.767,22.9791],[74.9905,22.9791],[74.9751,22.8506],[75.3397,22.7863],[81.0068,22.272],[81.6517,22.0791],[84.8643,21.6291],[85.5077,21.4363],[85.9027,21.0505],[85.886,20.922],[86.026,20.8577],[86.1983,20.472],[86.1565,20.1505],[86.3621,20.022],[86.5115,20.1975],[86.7546,20.3144],[86.6937,20.2939],[86.8071,20.4104],[86.7205,20.3685],[86.7515,20.4892],[87.0215,20.6756],[86.9402,20.698],[86.9987,20.7111],[86.9866,20.7519],[86.8788,20.7806],[86.9657,20.806],[86.844,21.0822],[86.9177,21.3274],[87.2009,21.552],[87.7038,21.6555],[87.834,21.7293],[87.9837,21.8542],[88.0431,22.0173],[88.1643,22.0898],[88.1326,22.1791],[87.9653,22.2448],[87.9066,22.4247],[88.009,22.2404],[88.198,22.1678],[88.2224,22.0779],[88.1467,21.9592],[88.2065,21.6072],[88.3017,21.5786],[88.2616,21.7987],[88.3097,21.6102],[88.3312,21.7191],[88.4598,21.6934],[88.4956,21.9518],[88.5166,21.7017],[88.6602,22.205],[88.6442,22.0791],[88.763,22.1306],[88.7149,22.0791],[88.763,22.0173],[88.7196,21.9428],[88.728,21.6291],[88.8109,21.6917],[88.803,21.6291],[88.8587,21.6365],[88.8587,21.7668],[88.8916,21.6535],[89.0832,21.6291],[89.0159,21.8533],[88.905,21.9694],[89.0095,21.9046],[89.0609,21.9385],[89.0437,22.1374],[89.1047,21.8159],[89.2947,21.7577],[89.3596,21.9723],[89.369,21.7577],[89.4501,21.7577],[89.5218,21.9623],[89.4758,22.2951],[89.5329,21.9847],[89.5794,22.1132],[89.5492,22.2053],[89.6265,22.336],[89.5274,21.8128],[89.5365,21.7577],[89.6747,21.7577],[89.7007,21.7849],[89.619,21.8699],[89.647,21.9251],[89.7092,21.8301],[89.8782,21.8837],[89.7972,22.076],[89.8713,22.0919],[89.8387,22.2678],[89.8729,22.4186],[89.9204,22.3918],[90.0101,22.4902],[89.8768,22.2747],[89.9146,22.0617],[89.9678,21.9746],[90.0784,22.164],[89.9963,22.0002],[90.058,21.9937],[90.2361,22.1989],[90.0339,21.9435],[90.0866,21.8691],[90.1262,21.932],[90.1005,21.8585],[90.1689,21.8061],[90.2907,21.8903],[90.4129,22.178],[90.3943,22.2882],[90.4085,22.0859],[90.558,22.2034],[90.6066,22.4658],[90.5241,22.5831],[90.4421,22.4936],[90.5127,22.6115],[90.4929,22.7099],[90.3726,22.7614],[90.54,22.8966],[90.4489,23.0557],[90.572,23.0817],[90.6108,23.2308],[90.2503,23.4669],[90.5519,23.385],[90.5768,23.5395],[90.4763,23.583],[90.6333,23.5966],[90.6078,23.4911],[90.7056,23.5545],[90.715,23.4984],[90.6003,23.4499],[90.6673,23.2676],[90.6294,23.0644],[90.7949,22.7414],[90.9549,22.5758],[91.0379,22.5886],[91.0183,22.6831],[91.0816,22.5592],[91.2449,22.5934],[91.2645,22.6408],[91.169,22.6849],[91.1819,22.7265],[91.3174,22.6972],[91.2908,22.7384],[91.4147,22.7537],[91.4905,22.9045],[91.4649,22.7618],[91.526,22.9791],[91.675,22.9791],[91.4908,23.2363],[91.2771,23.3006],[91.3071,23.4934],[91.2325,23.4934],[91.4311,24.2649],[91.2817,24.2649],[91.4103,24.5864],[91.3356,24.5864],[91.264,25.0364],[91.1257,25.1007],[91.2235,25.2293],[90.999,25.2293],[90.8092,25.4221],[90.2336,25.5507],[90.1073,25.6793],[89.9457,25.615],[88.392,26.1294],[87.3029,26.3222],[87.1141,26.5151],[86.8017,26.4508],[86.4245,26.8366],[86.1991,26.8366],[86.0986,27.0938],[84.7202,27.3509],[84.7454,27.4795],[84.6076,27.5438],[83.855,27.5438],[83.0648,27.7367],[82.5252,27.6724],[82.1863,27.8652],[81.885,27.8652],[81.1945,28.1867],[80.957,28.5081],[80.6811,28.6367],[80.3036,28.6367],[79.9913,28.9581],[78.95,29.4081],[78.3286,30.0508],[78.3424,30.1151],[77.8052,30.4364],[77.5775,30.4364],[77.2063,30.822],[76.9023,30.822],[76.7929,31.0148],[75.7761,30.8863],[74.135,30.3079],[73.9441,30.1151],[73.3623,29.858],[73.4129,29.7294],[72.9878,29.0867],[72.3885,28.701],[71.8882,27.9938],[71.6406,27.8652],[70.7157,27.7367],[70.7367,27.8652],[70.5425,28.0581],[70.3918,28.0581],[70.0071,27.5438],[69.8465,27.4795],[69.532,26.9009],[69.203,26.708],[68.9972,26.3222],[68.8047,24.2649]],[[70.0521,24.2021],[70.0872,24.2826],[70.0929,24.2883],[70.0521,24.2021]],[[70.1052,24.3004],[70.1097,24.3049],[70.2426,24.3306],[70.1052,24.3004]],[[70.5658,24.2806],[70.5767,24.2675],[70.5677,24.2728],[70.5658,24.2806]],[[84.6273,27.0365],[84.7607,26.999],[84.6402,27.0284],[84.6273,27.0365]],[[85.1949,26.7589],[85.2957,26.7387],[85.2873,26.737],[85.1949,26.7589]],[[88.5401,23.65],[88.5612,23.741],[88.5416,23.6388],[88.5401,23.65]],[[88.5764,23.5918],[88.6092,23.5888],[88.5815,23.5883],[88.5764,23.5918]],[[89.0623,22.2116],[89.0762,22.175],[89.0782,22.1508],[89.0623,22.2116]],[[91.1406,23.6197],[91.1951,23.4952],[91.1408,23.6121],[91.1406,23.6197]],[[91.214,23.7996],[91.2282,23.845],[91.2253,23.8261],[91.214,23.7996]]],[[[88.1338,21.631],[88.1394,21.6303],[88.1444,21.6578],[88.1391,21.67],[88.1338,21.631]]],[[[88.1421,21.6913],[88.1634,21.7055],[88.167,21.7654],[88.1584,21.8099],[88.1421,21.6913]]],[[[88.7169,22.0443],[88.7179,22.0085],[88.7307,22.0372],[88.7169,22.0443]]],[[[89.0457,21.9171],[89.0515,21.7932],[89.1136,21.7311],[89.139,21.7668],[89.0457,21.9171]]],[[[90.3233,21.9087],[90.376,21.9959],[90.3714,21.9948],[90.3322,21.9388],[90.3233,21.9087]]],[[[90.3396,21.9723],[90.3811,22.0231],[90.3875,22.048],[90.3739,22.0456],[90.3587,22.0227],[90.3396,21.9723]]],[[[90.4297,23.3852],[90.4373,23.3618],[90.4871,23.319],[90.5061,23.3142],[90.5241,23.3223],[90.5296,23.3336],[90.5862,23.3017],[90.5776,23.3236],[90.5394,23.35],[90.4557,23.385],[90.4297,23.3852]]],[[[90.4557,22.7674],[90.521,22.7118],[90.591,22.8139],[90.6782,22.8083],[90.5444,22.8807],[90.4734,22.8651],[90.4557,22.7674]]],[[[90.4557,23.0628],[90.4695,23.0076],[90.5156,23.0519],[90.5104,23.069],[90.4557,23.0628]]],[[[90.4977,22.0791],[90.5734,22.0791],[90.6135,22.164],[90.4977,22.0791]]],[[[90.5081,22.9758],[90.6673,22.9182],[90.5862,23.0349],[90.5081,22.9758]]],[[[90.5563,22.6747],[90.6818,22.4453],[90.6112,22.0791],[90.6818,22.1026],[90.6475,21.994],[90.8279,22.1524],[90.855,22.4347],[90.6506,22.7874],[90.5855,22.7681],[90.5563,22.6747]]],[[[90.6014,22.4292],[90.6401,22.3087],[90.6587,22.3795],[90.6014,22.4292]]],[[[90.6475,22.4247],[90.6673,22.439],[90.6653,22.4691],[90.6535,22.4835],[90.6475,22.4247]]]]}},{"type":"Feature","properties":{"territoryId":"cliopatria-q870517-3d51e6dd83","name":"Odrysian Kingdom","name_ko":"오드뤼사이 왕국","color":"#4bc4dd","colorFamily":6,"startYear":-365,"endYear":-350,"source_name":"Cliopatria v0.2.0","source_url":"https://github.com/Seshat-Global-History-Databank/cliopatria","license":"CC BY 4.0","attribution":"Seshat Global History Databank, Cliopatria contributors"},"geometry":{"type":"Polygon","coordinates":[[[23.152,42.1063],[23.2888,41.7816],[23.5892,41.522],[23.5846,41.4571],[23.8139,41.3274],[23.8047,41.1977],[24.0384,41.1328],[25.215,41.2546],[25.1771,41.2939],[25.2248,41.2531],[26.4952,41.068],[26.983,41.1977],[27.0856,41.4571],[27.6306,41.3274],[27.8078,41.522],[28.2058,41.522],[28.1198,41.6126],[27.9794,41.6518],[27.9936,41.7996],[27.9661,41.8489],[28.0043,41.9114],[27.9245,41.9114],[27.9307,41.9764],[27.6115,41.9764],[27.3166,42.2362],[27.3288,42.3662],[27.1749,42.4312],[27.1932,42.6262],[27.4521,42.8213],[27.657,43.2769],[27.9917,43.4072],[28.018,43.6678],[28.3002,44.0591],[28.4634,44.8426],[28.6396,44.9734],[27.7266,44.7773],[27.7067,44.5813],[27.8687,44.5813],[27.8488,44.3854],[27.9297,44.3854],[27.7481,44.1896],[26.3682,44.1243],[25.5205,43.6678],[24.8062,43.7982],[24.0754,43.733],[24.1406,43.5375],[23.8941,43.4723],[23.9544,43.2118],[23.7084,43.1467],[23.6937,42.9515],[23.4339,42.6912],[23.5845,42.5612],[23.575,42.4312],[23.2457,42.3012],[23.3164,42.1712],[23.152,42.1063]],[[24.1262,41.5294],[24.1463,41.5268],[24.1702,41.5116],[24.1262,41.5294]],[[24.1816,41.5374],[24.1963,41.547],[24.2121,41.5518],[24.1816,41.5374]],[[26.0475,41.6746],[26.0493,41.6823],[26.055,41.6488],[26.0475,41.6746]],[[26.0522,41.6952],[26.0537,41.7015],[26.0579,41.7035],[26.0522,41.6952]],[[26.1312,41.5527],[26.1525,41.547],[26.1544,41.5437],[26.1312,41.5527]],[[26.1459,41.478],[26.1602,41.5019],[26.1593,41.4938],[26.1459,41.478]],[[26.1589,41.5362],[26.1631,41.5291],[26.1617,41.5157],[26.1589,41.5362]],[[26.2304,41.7466],[26.2344,41.7458],[26.2739,41.7149],[26.2304,41.7466]],[[26.3668,41.7112],[26.3774,41.7106],[26.4044,41.6918],[26.3668,41.7112]],[[26.5837,41.3326],[26.6097,41.3307],[26.5911,41.3293],[26.5837,41.3326]]]}},{"type":"Feature","properties":{"territoryId":"cliopatria-q870517-3d51e6dd83","name":"Odrysian Kingdom","name_ko":"오드뤼사이 왕국","color":"#4bc4dd","colorFamily":6,"startYear":-349,"endYear":-337,"source_name":"Cliopatria v0.2.0","source_url":"https://github.com/Seshat-Global-History-Databank/cliopatria","license":"CC BY 4.0","attribution":"Seshat Global History Databank, Cliopatria contributors"},"geometry":{"type":"MultiPolygon","coordinates":[[[[28.1324,41.5869],[28.1525,41.5869],[28.1419,41.5989],[28.134,41.6038],[28.1324,41.5869]]],[[[23.152,42.1063],[23.2888,41.7816],[23.5892,41.522],[23.5846,41.4571],[24.5493,41.5869],[24.7731,41.3922],[24.7632,41.2625],[26.0295,41.1977],[26.1776,41.068],[26.4952,41.068],[26.983,41.1977],[27.0856,41.4571],[27.6306,41.3274],[27.8078,41.522],[28.1324,41.5869],[28.0528,41.5869],[28.0276,41.7553],[27.9661,41.8489],[28.0043,41.9114],[27.9245,41.9114],[27.9307,41.9764],[27.6115,41.9764],[27.3166,42.2362],[27.3288,42.3662],[27.1749,42.4312],[27.1932,42.6262],[27.4521,42.8213],[27.657,43.2769],[27.9917,43.4072],[28.018,43.6678],[28.3002,44.0591],[28.4634,44.8426],[28.6396,44.9734],[27.7266,44.7773],[27.7067,44.5813],[27.8687,44.5813],[27.8488,44.3854],[27.9297,44.3854],[27.7481,44.1896],[26.3682,44.1243],[25.5205,43.6678],[24.8062,43.7982],[24.0754,43.733],[24.1406,43.5375],[23.8941,43.4723],[23.9544,43.2118],[23.7084,43.1467],[23.6937,42.9515],[23.4339,42.6912],[23.5845,42.5612],[23.575,42.4312],[23.2457,42.3012],[23.3164,42.1712],[23.152,42.1063]],[[25.1771,41.2939],[25.2308,41.248],[25.2197,41.2497],[25.1771,41.2939]],[[26.0475,41.6746],[26.0493,41.6823],[26.055,41.6488],[26.0475,41.6746]],[[26.0522,41.6952],[26.0537,41.7015],[26.0579,41.7035],[26.0522,41.6952]],[[26.1312,41.5527],[26.1525,41.547],[26.1544,41.5437],[26.1312,41.5527]],[[26.1459,41.478],[26.1602,41.5019],[26.1593,41.4938],[26.1459,41.478]],[[26.1589,41.5362],[26.1631,41.5291],[26.1617,41.5157],[26.1589,41.5362]],[[26.2304,41.7466],[26.2344,41.7458],[26.2739,41.7149],[26.2304,41.7466]],[[26.3668,41.7112],[26.3774,41.7106],[26.4044,41.6918],[26.3668,41.7112]],[[26.5837,41.3326],[26.6097,41.3307],[26.5911,41.3293],[26.5837,41.3326]]]]}},{"type":"Feature","properties":{"territoryId":"cliopatria-q135364-98dd2e622e","name":"Olmec Civilization","name_ko":"올메크","color":"#4b8fdd","colorFamily":0,"startYear":-365,"endYear":-350,"source_name":"Cliopatria v0.2.0","source_url":"https://github.com/Seshat-Global-History-Databank/cliopatria","license":"CC BY 4.0","attribution":"Seshat Global History Databank, Cliopatria contributors"},"geometry":{"type":"MultiPolygon","coordinates":[[[[-95.9548,18.6076],[-95.9325,18.4791],[-95.4559,18.2862],[-94.8626,17.8362],[-94.3781,18.0291],[-94.3889,18.0933],[-94.3094,18.1745],[-94.4669,18.1442],[-94.5809,18.1898],[-94.6087,18.2459],[-94.6952,18.1576],[-94.9168,18.1576],[-95.3413,18.4791],[-95.4891,18.4791],[-95.5113,18.6076],[-95.3747,18.6719],[-95.4007,18.7066],[-95.5836,18.7217],[-95.6642,18.751],[-95.7328,18.8],[-95.7284,18.7572],[-95.5683,18.6833],[-95.585,18.6697],[-95.6469,18.7106],[-95.7747,18.744],[-95.852,18.7168],[-95.8729,18.7461],[-95.9548,18.6076]]],[[[-95.8654,18.7588],[-95.8074,18.7447],[-95.8074,18.7521],[-95.851,18.7832],[-95.8654,18.7588]]],[[[-95.8053,18.8005],[-95.7528,18.7658],[-95.7528,18.8],[-95.7537,18.8005],[-95.8053,18.8005]]]]}},{"type":"Feature","properties":{"territoryId":"cliopatria-q208742-919bc95e39","name":"Peloponnesian League","name_ko":"펠로폰네소스 동맹","color":"#5c77e0","colorFamily":0,"startYear":-365,"endYear":-350,"source_name":"Cliopatria v0.2.0","source_url":"https://github.com/Seshat-Global-History-Databank/cliopatria","license":"CC BY 4.0","attribution":"Seshat Global History Databank, Cliopatria contributors"},"geometry":{"type":"MultiPolygon","coordinates":[[[[22.2168,36.9971],[22.3239,36.7497],[22.3586,36.7021],[22.388,36.7062],[22.3757,36.6749],[22.5118,36.6749],[22.5994,36.8682],[22.8328,36.8682],[23.0332,36.6946],[23.0391,36.7062],[23.0256,36.7156],[23.0363,36.7311],[22.9208,37.0615],[22.9241,37.1224],[22.8464,37.126],[22.8532,37.2549],[22.7753,37.2549],[22.7787,37.3193],[22.7007,37.3193],[22.7041,37.3838],[22.22,37.0615],[22.2168,36.9971]]],[[[23.0356,36.6926],[23.0463,36.6833],[23.0517,36.6872],[23.0498,36.6926],[23.0356,36.6926]]],[[[21.2436,37.8352],[21.5468,37.6417],[21.5436,37.5773],[21.6966,37.5128],[21.6565,37.424],[21.6914,37.3566],[21.6958,37.3164],[21.6832,37.2861],[22.5617,37.6417],[22.572,37.8352],[22.2628,37.8998],[22.1165,38.0933],[21.9601,38.0933],[21.9534,37.9643],[21.331,38.0288],[21.3279,37.9643],[21.2436,37.8352]]]]}},{"type":"Feature","properties":{"territoryId":"cliopatria-q208742-919bc95e39","name":"Peloponnesian League","name_ko":"펠로폰네소스 동맹","color":"#5c77e0","colorFamily":0,"startYear":-349,"endYear":-337,"source_name":"Cliopatria v0.2.0","source_url":"https://github.com/Seshat-Global-History-Databank/cliopatria","license":"CC BY 4.0","attribution":"Seshat Global History Databank, Cliopatria contributors"},"geometry":{"type":"MultiPolygon","coordinates":[[[[22.2168,36.9971],[22.3239,36.7497],[22.3586,36.7021],[22.388,36.7062],[22.3757,36.6749],[22.5118,36.6749],[22.5994,36.8682],[22.8328,36.8682],[23.0332,36.6946],[23.0391,36.7062],[23.0256,36.7156],[23.0363,36.7311],[22.9208,37.0615],[22.9241,37.1224],[22.9032,37.1213],[22.8972,37.1495],[22.6262,37.3838],[22.6228,37.3193],[22.3856,37.2549],[22.22,37.0615],[22.2168,36.9971]]],[[[23.0356,36.6926],[23.0463,36.6833],[23.0517,36.6872],[23.0498,36.6926],[23.0356,36.6926]]],[[[21.2436,37.8352],[21.6966,37.5128],[21.6565,37.424],[21.6914,37.3566],[21.6958,37.3164],[21.6832,37.2861],[22.5617,37.6417],[22.572,37.8352],[22.9027,37.9425],[22.8672,37.9395],[22.8201,37.9643],[22.2662,37.9643],[22.1199,38.1578],[21.9634,38.1578],[21.9567,38.0288],[21.3445,38.0922],[21.2436,37.8352]]],[[[22.9593,37.9609],[22.9699,37.9643],[22.9624,37.9643],[22.9593,37.9609]]]]}},{"type":"Feature","properties":{"territoryId":"cliopatria-q202113-6d4721eb68","name":"Perdiccas","name_ko":"페르디카스","color":"#3ad97a","colorFamily":2,"startYear":-322,"endYear":-318,"source_name":"Cliopatria v0.2.0","source_url":"https://github.com/Seshat-Global-History-Databank/cliopatria","license":"CC BY 4.0","attribution":"Seshat Global History Databank, Cliopatria contributors"},"geometry":{"type":"MultiPolygon","coordinates":[[[[43.4202,32.4931],[44.459,31.5933],[44.5814,31.3362],[44.9546,31.2719],[45.7705,30.4364],[46.5906,30.3079],[46.6151,29.858],[46.8497,29.9223],[46.994,29.858],[46.9794,29.7294],[47.2897,29.7937],[47.6464,29.6009],[47.9398,29.5587],[48.0239,29.5848],[48.1406,29.5464],[48.1809,29.5622],[48.0789,29.744],[48.0524,29.743],[47.9956,29.8277],[47.9348,30.1071],[47.969,30.0041],[48.1192,30.045],[48.4119,29.9384],[48.5593,29.9466],[48.4766,29.984],[48.5971,29.9581],[48.6005,29.9865],[48.3884,30.1151],[48.4001,30.2116],[48.3292,30.2876],[48.4003,30.2138],[48.4117,30.3079],[48.2755,30.4364],[48.1455,30.4364],[48.1705,30.4067],[48.1415,30.4364],[48.0478,30.4364],[48.1031,30.8863],[47.739,31.0148],[47.7957,31.4647],[47.9813,31.7218],[47.7098,31.9789],[47.9748,32.8145],[47.8217,32.8145],[47.8306,32.8788],[47.754,32.8788],[47.7628,32.943],[47.6862,32.943],[47.6951,33.0073],[47.4151,33.2002],[46.6748,33.3931],[46.71,33.6502],[46.1485,34.0361],[45.9178,34.0361],[45.9683,33.8432],[45.8915,33.8432],[45.8567,33.5859],[46.0697,33.4574],[46.0525,33.3288],[45.8991,33.3288],[45.4654,32.943],[45.099,33.0716],[44.6311,33.0073],[44.5708,33.1359],[44.4175,33.1359],[44.2481,33.0073],[44.2084,32.6859],[43.9102,32.7502],[43.4279,32.5574],[43.4202,32.4931]],[[48.291,30.32],[48.2964,30.3198],[48.3014,30.3149],[48.291,30.32]],[[48.3811,30.1453],[48.3832,30.1481],[48.3831,30.1424],[48.3811,30.1453]],[[48.4239,30.0836],[48.4618,29.9949],[48.4531,30.0014],[48.4239,30.0836]]],[[[48.0108,29.9805],[48.1092,30.028],[48.0547,30.0245],[48.0108,29.9805]]],[[[48.0461,29.8005],[48.1858,29.6039],[48.229,29.5999],[48.3031,29.6452],[48.3527,29.7098],[48.3445,29.7906],[48.1621,29.9957],[48.1227,29.9697],[48.1974,29.9254],[48.1587,29.8792],[48.0951,29.8947],[48.1133,29.8391],[48.0461,29.8005]]]]}},{"type":"Feature","properties":{"territoryId":"cliopatria-q312008-9b3bc6f2de","name":"Polyperchon","name_ko":"폴리페르콘","color":"#3eeac4","colorFamily":2,"startYear":-317,"endYear":-315,"source_name":"Cliopatria v0.2.0","source_url":"https://github.com/Seshat-Global-History-Databank/cliopatria","license":"CC BY 4.0","attribution":"Seshat Global History Databank, Cliopatria contributors"},"geometry":{"type":"Polygon","coordinates":[[[19.364,40.7489],[19.7333,40.8088],[20.1895,40.4201],[20.4269,40.4201],[20.4929,40.1612],[20.8056,40.0964],[21.0223,39.7083],[21.1011,39.7083],[21.2726,39.967],[21.8253,39.967],[21.9154,40.1612],[22.1756,40.5496],[22.9105,40.6446],[23.6891,40.6792],[23.6935,40.744],[23.8093,40.7804],[24.0106,40.744],[24.2578,40.8736],[24.2625,40.9384],[23.7344,41.3274],[23.7484,41.522],[23.5938,41.5869],[23.528,41.7816],[22.8194,41.9114],[22.6729,42.1063],[22.4377,42.1712],[22.3707,42.3662],[22.5301,42.4891],[22.5152,42.5141],[22.5394,42.4962],[22.4725,42.6912],[22.3924,42.6912],[22.3036,42.5612],[21.815,42.4312],[21.8068,42.3012],[21.4071,42.3012],[21.3193,42.1712],[21.0036,42.2362],[20.7527,42.0413],[20.194,42.0413],[20.1073,41.9114],[19.9545,42.0413],[19.7084,41.9114],[19.3894,41.9114],[19.4439,41.8652],[19.5916,41.8188],[19.5576,41.6605],[19.613,41.6053],[19.5848,41.6196],[19.5652,41.5851],[19.4715,41.5823],[19.4634,41.5595],[19.5297,41.522],[19.4438,41.3922],[19.5233,41.3922],[19.4695,41.3108],[19.5166,41.2564],[19.4555,41.1485],[19.4839,40.9668],[19.4955,41.0026],[19.5234,40.9206],[19.364,40.7489]],[[20.6815,41.844],[20.7121,41.8605],[20.703,41.8496],[20.6815,41.844]],[[20.9579,40.5149],[20.999,40.54],[20.9815,40.5233],[20.9579,40.5149]],[[21.0152,40.5556],[21.0237,40.5888],[21.0188,40.559],[21.0152,40.5556]],[[21.0186,40.6909],[21.0353,40.6594],[21.0335,40.6487],[21.0186,40.6909]],[[21.2378,42.0974],[21.2917,42.0921],[21.2889,42.0897],[21.2378,42.0974]],[[21.295,42.149],[21.3013,42.1006],[21.2988,42.0984],[21.295,42.149]],[[21.3613,42.2182],[21.3668,42.2239],[21.3766,42.2226],[21.3613,42.2182]],[[21.5576,42.2639],[21.5717,42.2461],[21.5638,42.247],[21.5576,42.2639]],[[22.0476,42.3045],[22.076,42.3053],[22.0609,42.3011],[22.0476,42.3045]],[[22.8815,41.3356],[22.917,41.3358],[23.1152,41.3127],[22.8815,41.3356]],[[22.9014,41.8604],[22.9427,41.7758],[22.9397,41.7767],[22.9014,41.8604]],[[22.933,41.6123],[22.9351,41.6189],[22.9332,41.6055],[22.933,41.6123]],[[22.9334,41.595],[22.9487,41.561],[22.9337,41.5846],[22.9334,41.595]],[[22.9385,41.6299],[22.9409,41.6376],[22.9443,41.6388],[22.9385,41.6299]],[[22.967,41.647],[23.0004,41.7015],[22.9986,41.6931],[22.967,41.647]]]}},{"type":"Feature","properties":{"territoryId":"cliopatria-q2320005-a5f580c0ac","name":"Ptolemaic Kingdom","name_ko":"프톨레마이오스 왕국","color":"#3eea87","colorFamily":2,"startYear":-330,"endYear":-326,"source_name":"Cliopatria v0.2.0","source_url":"https://github.com/Seshat-Global-History-Databank/cliopatria","license":"CC BY 4.0","attribution":"Seshat Global History Databank, Cliopatria contributors"},"geometry":{"type":"MultiPolygon","coordinates":[[[[25.3763,29.3438],[25.5163,29.0867],[25.8829,28.8295],[26.1822,28.7652],[26.252,28.6367],[27.0676,28.3153],[27.285,28.1224],[27.2763,27.9295],[27.4299,27.9938],[27.792,27.6724],[27.7109,27.5438],[27.9367,27.5438],[28.1537,27.3509],[28.2702,26.5794],[28.3453,26.5794],[28.2437,25.9365],[28.2886,25.165],[28.5688,24.6506],[29.6728,24.2006],[29.9595,23.8792],[30.1087,23.8792],[30.104,23.7506],[30.3952,23.5577],[30.4627,23.3649],[31.6705,23.7506],[32.0409,23.6863],[33.389,23.8149],[33.7564,23.6863],[35.108,23.8792],[35.4808,23.8253],[35.5139,23.9771],[35.7865,23.8939],[35.7386,23.9833],[35.4938,24.1089],[35.3919,24.2828],[35.1446,24.5002],[35.1603,24.5746],[34.5466,25.725],[34.3387,26.0018],[34.014,26.6116],[33.9414,26.6535],[33.9961,26.8966],[33.8368,27.1208],[33.8384,27.2426],[33.6917,27.3419],[33.4963,27.6466],[33.5877,27.651],[33.5579,27.7599],[33.4735,27.8232],[33.5921,27.7912],[33.5544,27.8965],[33.2494,28.1429],[33.0029,28.4895],[32.8689,28.5789],[32.8069,28.7781],[32.6255,28.9727],[32.6528,29.081],[32.5623,29.3863],[32.3377,29.5925],[32.4939,29.8733],[32.4769,29.9322],[32.5715,29.9426],[32.5778,30.0114],[32.5715,29.9289],[32.6733,29.858],[32.7579,29.9865],[32.9095,29.9865],[32.9185,30.1151],[33.838,30.2436],[34.3029,30.3722],[34.3886,30.5007],[34.6114,30.4364],[34.6214,30.565],[35.3522,31.1434],[35.499,31.0791],[35.662,31.2076],[36.4231,31.2076],[36.3866,31.6575],[36.4629,31.6575],[36.4919,31.9789],[36.6564,32.1074],[36.5155,32.236],[36.7507,32.3002],[36.7168,32.7502],[36.901,33.0716],[37.0542,33.0716],[37.0732,33.2645],[37.6493,33.6502],[37.6626,33.7789],[37.7395,33.7789],[37.7529,33.9075],[38.7745,34.8079],[38.789,34.9366],[40.1939,35.7089],[40.589,35.7733],[40.6825,35.902],[41.0699,35.902],[42.0336,36.1596],[42.9732,36.224],[42.569,36.6749],[42.4135,36.6749],[42.3534,36.8037],[42.1979,36.8037],[42.1377,36.9326],[41.8352,36.9971],[41.6279,37.1904],[41.3357,37.8998],[41.0922,37.8352],[41.0319,37.9643],[40.5716,38.0288],[40.5805,38.0933],[39.6067,38.416],[39.45,38.416],[39.4587,38.4806],[38.8574,38.6743],[38.4381,39.0618],[38.2721,39.5789],[38.0622,39.7729],[37.9045,39.7729],[37.7032,40.0317],[36.9221,40.0964],[36.2451,40.3554],[36.042,40.6144],[35.7337,40.6792],[35.6801,40.8736],[35.7681,40.9384],[35.6267,41.068],[35.1418,41.0032],[35.1165,40.8088],[34.862,40.6792],[34.8456,40.5496],[34.5208,40.4849],[34.3785,40.6144],[34.348,41.0032],[34.2686,41.0032],[34.3727,41.1977],[34.54,41.2625],[34.6789,41.7167],[34.3517,41.6518],[34.4729,41.9734],[33.2771,41.9764],[32.6675,41.8369],[32.6947,41.7816],[32.1137,41.5869],[32.322,41.3274],[32.3068,41.1977],[32.1404,41.1328],[32.118,40.9384],[31.714,40.8736],[31.196,40.4849],[29.4906,40.7272],[28.9113,40.5999],[28.9156,40.4714],[29.1515,40.4341],[29.0463,40.3554],[27.9388,40.3554],[27.904,40.3999],[27.9505,40.4849],[27.7921,40.4849],[27.7918,40.3929],[27.8836,40.3863],[27.6958,40.2906],[27.5376,40.2906],[27.301,40.4076],[26.689,40.3624],[26.4189,40.196],[26.311,40.0195],[26.1675,39.967],[26.1325,39.5143],[26.9377,39.5748],[26.9299,39.4877],[26.801,39.4335],[26.7422,39.2557],[26.8945,39.1911],[26.8793,38.9972],[26.9579,38.9972],[26.9399,38.9327],[27.0413,38.9401],[27.0627,38.8869],[26.9084,38.8204],[26.9314,38.7551],[26.8495,38.6097],[27.0798,38.5451],[27.0728,38.4537],[27.1642,38.4466],[27.0694,38.4094],[27.065,38.3515],[26.6762,38.3515],[26.6731,38.3072],[26.595,38.3515],[26.5358,38.6097],[26.3895,38.6719],[26.4058,38.4535],[26.513,38.4329],[26.4515,38.4261],[26.4289,38.2224],[26.8203,38.2224],[26.889,38.0933],[27.2753,38.0288],[27.2559,37.7707],[27.1794,37.6106],[27.31,37.4483],[27.2461,37.3362],[27.4072,37.4127],[27.4385,37.3908],[27.3921,37.3538],[27.5392,37.3838],[27.5644,37.2735],[27.616,37.2747],[27.598,37.126],[28.0653,37.126],[28.1313,37.0363],[28.3294,37.0368],[28.2124,37.0004],[28.1653,36.9116],[28.1034,36.9353],[28.0583,36.7721],[28.1184,36.8006],[28.1305,36.754],[28.0314,36.6749],[28.1961,36.6854],[28.2731,36.852],[28.2934,36.7959],[28.3571,36.8682],[28.5905,36.8682],[28.7361,36.7393],[29.1249,36.7393],[29.2163,36.3291],[29.3496,36.2326],[29.4116,36.2674],[29.4666,36.224],[29.938,36.224],[30.0261,36.3528],[30.4919,36.3528],[30.6191,36.9326],[31.086,36.9326],[32.0681,36.6105],[32.4985,36.224],[32.5369,36.1],[32.733,36.0376],[33.2744,36.224],[33.8711,36.3149],[33.9791,36.2884],[34.2507,36.6749],[34.5816,36.8682],[34.8929,36.8682],[34.9352,36.726],[35.1127,36.7393],[35.3323,36.6105],[35.4875,36.6105],[35.8336,36.9326],[36.1449,36.9326],[36.2862,36.8037],[36.2649,36.6105],[35.8417,36.2884],[35.9901,36.224],[35.9767,36.001],[35.8449,35.5802],[35.9929,35.5158],[35.9153,35.2879],[35.9624,35.1979],[35.927,34.8723],[36.0682,34.7436],[36.0488,34.5506],[35.7921,34.2933],[35.6652,34.3113],[35.6838,33.9718],[35.4705,33.9021],[35.4993,33.6502],[35.3944,33.65],[35.3984,33.3931],[35.2154,33.0716],[35.089,33.0205],[35.0218,32.6216],[34.8851,32.4821],[34.7926,32.161],[34.813,31.9789],[34.6909,31.9134],[34.6028,31.7558],[34.6334,31.6575],[34.3076,31.4005],[34.2972,31.2719],[33.7493,31.0791],[32.8317,31.0148],[32.8055,31.0655],[32.6665,31.0523],[32.7907,31.0941],[32.5322,31.0791],[32.3894,31.2076],[32.2625,31.1696],[32.3039,31.0791],[31.9996,31.0791],[31.9063,31.2516],[31.7806,31.2076],[31.8077,31.2812],[31.7691,31.2988],[31.8741,31.4647],[31.2658,31.4647],[31.1215,31.5275],[31.0291,31.5185],[30.9807,31.4365],[30.7985,31.4465],[30.7344,31.3881],[30.5427,31.395],[30.6916,31.4647],[30.352,31.4647],[30.3019,31.3422],[30.3388,31.2719],[30.2887,31.2379],[29.9904,31.2719],[29.8315,31.1513],[29.8696,31.0791],[29.6332,30.9506],[29.5543,30.9848],[29.4481,30.9336],[29.3971,30.822],[28.865,30.822],[28.4964,31.0148],[27.5149,31.1434],[27.1699,31.3857],[26.3179,31.529],[25.478,29.9223],[25.3763,29.3438]],[[35.4529,31.4008],[35.4585,31.4916],[35.4587,31.4916],[35.4593,31.4958],[35.4529,31.4008]],[[35.552,32.3679],[35.5533,32.3691],[35.5656,32.3134],[35.552,32.3679]],[[35.5568,32.3724],[35.5594,32.3748],[35.5656,32.3679],[35.5568,32.3724]],[[35.5585,32.5191],[35.5614,32.5192],[35.5674,32.5102],[35.5585,32.5191]],[[35.5594,32.4704],[35.5626,32.4747],[35.5725,32.4567],[35.5594,32.4704]],[[35.5688,32.4829],[35.5778,32.4948],[35.58,32.4915],[35.5688,32.4829]],[[35.7716,32.7467],[35.7749,32.7473],[35.7882,32.7344],[35.7716,32.7467]],[[36.2318,33.8525],[36.3178,33.8272],[36.3006,33.8287],[36.2318,33.8525]],[[36.2672,33.9104],[36.2886,33.9465],[36.2691,33.9073],[36.2672,33.9104]],[[36.2699,33.906],[36.3111,33.872],[36.2753,33.8972],[36.2699,33.906]],[[36.6665,36.2657],[36.6691,36.2599],[36.6681,36.2532],[36.6665,36.2657]],[[36.6896,32.3197],[36.7069,32.3283],[36.7231,32.3266],[36.6896,32.3197]]],[[[26.3652,40.147],[26.3758,40.1535],[26.3742,40.1552],[26.3652,40.147]]],[[[26.5359,40.3025],[26.5397,40.3037],[26.6016,40.3461],[26.6137,40.3569],[26.594,40.3554],[26.5359,40.3025]]],[[[27.5815,37.1982],[27.5831,37.1912],[27.5877,37.1988],[27.5815,37.1982]]],[[[30.1795,31.2714],[30.1849,31.2719],[30.1795,31.2719],[30.1795,31.2714]]],[[[30.2409,31.2653],[30.2648,31.2719],[30.2479,31.2719],[30.2409,31.2653]]],[[[30.9691,31.5785],[30.9739,31.5799],[30.9739,31.5867],[30.9695,31.5854],[30.9691,31.5785]]],[[[30.978,31.5843],[31.119,31.5305],[31.1608,31.5935],[30.978,31.5843]]],[[[33.9551,26.79],[34.0036,26.7082],[34.0029,26.7316],[33.9756,26.79],[33.9551,26.79]]]]}},{"type":"Feature","properties":{"territoryId":"cliopatria-q2320005-a5f580c0ac","name":"Ptolemaic Kingdom","name_ko":"프톨레마이오스 왕국","color":"#3eea87","colorFamily":2,"startYear":-325,"endYear":-323,"source_name":"Cliopatria v0.2.0","source_url":"https://github.com/Seshat-Global-History-Databank/cliopatria","license":"CC BY 4.0","attribution":"Seshat Global History Databank, Cliopatria contributors"},"geometry":{"type":"MultiPolygon","coordinates":[[[[25.3763,29.3438],[25.5163,29.0867],[25.8829,28.8295],[26.1822,28.7652],[26.252,28.6367],[27.0676,28.3153],[27.285,28.1224],[27.2763,27.9295],[27.4299,27.9938],[27.792,27.6724],[27.7109,27.5438],[27.9367,27.5438],[28.1537,27.3509],[28.2702,26.5794],[28.3453,26.5794],[28.2437,25.9365],[28.2886,25.165],[28.5688,24.6506],[29.6728,24.2006],[29.9595,23.8792],[30.1087,23.8792],[30.104,23.7506],[30.3952,23.5577],[30.4627,23.3649],[31.6705,23.7506],[32.0409,23.6863],[33.389,23.8149],[33.7564,23.6863],[35.108,23.8792],[35.4808,23.8253],[35.5139,23.9771],[35.7865,23.8939],[35.7386,23.9833],[35.4938,24.1089],[35.3919,24.2828],[35.1446,24.5002],[35.1603,24.5746],[34.5466,25.725],[34.3387,26.0018],[34.014,26.6116],[33.9414,26.6535],[33.9961,26.8966],[33.8368,27.1208],[33.8384,27.2426],[33.6917,27.3419],[33.4963,27.6466],[33.5877,27.651],[33.5579,27.7599],[33.4735,27.8232],[33.5921,27.7912],[33.5544,27.8965],[33.2494,28.1429],[33.0029,28.4895],[32.8689,28.5789],[32.8069,28.7781],[32.6255,28.9727],[32.6528,29.081],[32.5623,29.3863],[32.3377,29.5925],[32.3639,29.6882],[32.4939,29.8733],[32.4769,29.9322],[32.5715,29.9426],[32.5778,30.0114],[32.5715,29.9289],[32.6733,29.858],[32.7579,29.9865],[32.9095,29.9865],[32.9185,30.1151],[33.838,30.2436],[34.3029,30.3722],[34.3886,30.5007],[34.6114,30.4364],[34.6214,30.565],[35.3522,31.1434],[35.499,31.0791],[35.662,31.2076],[36.4231,31.2076],[36.3866,31.6575],[36.6623,32.1717],[36.5155,32.236],[36.7507,32.3002],[36.7168,32.7502],[36.901,33.0716],[37.0542,33.0716],[37.0732,33.2645],[37.5726,33.6502],[37.7261,33.6502],[37.7395,33.7789],[37.9902,33.9718],[39.1238,34.4863],[40.2569,34.2933],[40.4033,34.229],[40.3115,34.1004],[40.7036,34.1647],[40.9117,33.9718],[41.2116,33.9075],[41.2733,33.7789],[41.427,33.7789],[41.4886,33.6502],[42.0031,33.4574],[42.0645,33.3288],[42.5783,33.1359],[42.7085,32.943],[43.1526,32.8145],[44.459,31.5933],[44.5814,31.3362],[44.9546,31.2719],[45.7705,30.4364],[46.5906,30.3079],[46.6151,29.858],[46.8497,29.9223],[46.994,29.858],[46.9794,29.7294],[47.2897,29.7937],[47.6464,29.6009],[48.1406,29.5464],[48.1809,29.5622],[47.9956,29.8277],[47.9348,30.1071],[47.969,30.0041],[48.1192,30.045],[48.434,29.9365],[48.5304,29.9564],[48.4766,29.984],[48.6587,29.9836],[48.6433,30.0554],[48.8904,30.0308],[48.9417,30.1651],[48.8623,30.3456],[49.0373,30.4325],[48.9456,30.4797],[48.9815,30.5156],[49.2112,30.5063],[49.2638,30.4497],[49.2029,30.3466],[49.062,30.4081],[48.9212,30.3808],[49.1614,30.2238],[49.2212,30.2646],[49.2457,30.1565],[49.4798,30.1561],[49.5322,30.0229],[49.9146,30.2039],[50.0734,30.1957],[50.1613,29.9263],[50.6553,29.4491],[50.6895,29.2908],[50.6435,29.1458],[50.8403,29.1406],[50.915,29.0867],[50.929,29.0097],[50.8345,28.8914],[51.0588,28.7359],[51.0807,28.5339],[51.2853,28.2409],[51.3979,27.9379],[51.6834,27.8306],[52.0112,27.8327],[52.4596,27.6326],[52.6701,27.4486],[52.6098,27.4123],[52.6669,27.3271],[52.9326,27.1603],[53.4441,26.9757],[53.7161,26.7086],[54.0158,26.7495],[54.3081,26.715],[54.3894,26.6051],[54.791,26.4958],[55.2708,26.7925],[55.5217,26.7846],[55.5804,26.8591],[55.5545,26.8999],[55.6659,26.9954],[55.9393,27.0267],[56.1237,27.1606],[56.353,27.2016],[56.8088,27.1396],[56.8846,27.0781],[56.8677,27.0123],[56.9733,27.003],[56.9273,26.9556],[57.0524,26.8366],[57.0872,26.4061],[57.2129,26.1662],[57.1668,26.083],[57.3493,25.7803],[57.7556,25.7427],[57.7717,25.6356],[57.9632,25.6932],[58.0462,25.5749],[58.1375,25.5507],[58.419,25.612],[58.8252,25.5604],[59.044,25.3996],[59.4539,25.4616],[59.538,25.3998],[59.8446,25.3579],[60.3993,25.3579],[60.4285,25.4196],[60.5497,25.4469],[60.6321,25.3579],[60.6335,25.275],[61.0306,25.2098],[61.2236,25.1124],[61.5074,25.1467],[61.4826,25.1937],[61.5584,25.2005],[61.5545,25.2541],[61.5882,25.2021],[61.7831,25.188],[61.7207,25.0364],[61.8473,25.0379],[61.8811,25.103],[62.0972,25.1071],[62.059,25.1616],[62.1452,25.2184],[62.2542,25.212],[62.3398,25.1302],[62.4894,25.2142],[62.4772,25.2591],[63.5108,25.2293],[63.4695,25.2893],[63.5725,25.365],[64.0727,25.3579],[64.0488,25.4165],[63.9766,25.4128],[64.0454,25.4503],[64.1553,25.4469],[64.0838,25.4267],[64.1,25.3579],[64.225,25.3579],[64.4393,25.2346],[64.5654,25.2703],[64.6111,25.1886],[64.7018,25.1773],[64.6686,25.2551],[64.7444,25.324],[65.1899,25.3135],[65.2323,25.3707],[65.3954,25.3923],[65.6521,25.3445],[66.1361,25.4467],[66.1895,25.4881],[66.0944,25.4748],[66.1672,25.5661],[66.3755,25.6257],[66.531,25.5181],[66.5912,25.3996],[66.5479,25.3656],[66.6203,25.3579],[66.8277,25.8079],[66.932,26.5794],[67.1278,26.9009],[67.184,27.2866],[67.563,27.8009],[68.5076,28.0581],[68.6896,28.251],[68.8404,28.251],[68.8616,28.3795],[69.3465,28.5724],[71.0749,28.9581],[72.3036,29.4723],[72.5306,29.4723],[74.7062,30.5007],[74.8364,30.7578],[74.6011,31.0791],[74.632,31.8796],[74.5589,31.8325],[74.8915,32.0431],[75.0419,32.3645],[75.3164,32.5574],[75.5205,33.7146],[75.4437,33.7146],[75.4687,34.422],[75.3917,34.422],[75.5184,34.615],[75.3642,34.615],[75.3874,35.001],[75.1801,35.3871],[75.1713,35.6445],[75.0939,35.6445],[74.958,36.2884],[74.8804,36.2884],[74.8914,36.6105],[74.8137,36.6105],[74.8245,36.9941],[75.0134,37.3193],[74.7384,37.4483],[74.1924,37.4483],[73.766,37.3193],[73.7426,37.5128],[73.1602,37.3838],[72.5542,37.4483],[72.1396,37.6417],[72.0975,37.7707],[71.9412,37.7707],[71.779,38.0288],[71.364,38.2224],[71.2021,38.4806],[70.5933,38.5451],[70.63,38.6743],[70.2979,38.6097],[70.0991,38.7389],[69.5679,38.8034],[69.4053,39.0618],[69.5208,39.1911],[69.3635,39.1911],[69.3592,39.4496],[69.2805,39.4496],[69.4157,39.6436],[69.277,39.7083],[69.3342,39.9023],[69.8856,40.1612],[69.846,40.2906],[70.7377,40.6144],[70.7786,40.744],[70.6405,40.8088],[70.6817,40.9384],[70.5643,41.068],[69.8072,40.6792],[69.6097,40.8088],[69.2725,40.744],[69.1931,40.4849],[69.2722,40.4849],[69.2729,40.2259],[69.0357,40.2259],[68.997,40.0964],[68.6239,39.9023],[68.5301,39.5789],[66.2199,39.7729],[65.5638,39.967],[65.2301,39.9023],[64.9322,39.967],[64.8889,40.0964],[63.4669,40.0964],[62.8795,39.967],[62.5018,40.0317],[60.9495,39.5143],[60.6504,39.5789],[60.6184,39.4496],[60.2562,39.2557],[58.627,38.6743],[57.55,38.416],[56.6742,38.3515],[56.2279,38.0933],[55.2891,38.0933],[54.8456,37.8352],[54.7033,37.5128],[53.976,37.3838],[54.0947,37.1904],[54.0143,36.8211],[53.0877,36.8037],[52.1859,36.546],[51.642,36.546],[50.8207,36.7393],[50.532,36.8682],[50.611,36.9697],[50.4759,37.0379],[50.3209,36.9971],[49.9988,37.3838],[49.0851,37.5128],[48.8285,37.8352],[48.8736,38.0933],[48.326,38.0933],[47.2516,38.6743],[46.1209,38.4806],[45.8539,38.2869],[45.6349,37.8998],[45.2238,37.7707],[45.1737,37.4483],[45.2517,37.4483],[45.29,37.1904],[45.4458,37.1904],[45.4261,37.0615],[45.0952,36.9326],[44.8031,37.0615],[44.7738,37.3838],[44.6374,37.5128],[44.4131,37.5773],[43.9448,37.5773],[42.5082,37.8998],[41.961,37.8998],[41.6666,38.0288],[40.5716,38.0288],[40.5983,38.2224],[40.4507,38.2869],[39.45,38.416],[39.389,38.5451],[39.2322,38.5451],[39.2496,38.6743],[39.1102,38.8034],[38.8136,38.9326],[38.9632,39.4496],[38.7449,39.5789],[38.9298,39.7729],[38.7904,39.9023],[38.493,40.0317],[38.0101,39.967],[36.6937,40.1612],[36.2451,40.3554],[36.042,40.6144],[35.7337,40.6792],[35.6801,40.8736],[35.7681,40.9384],[35.6267,41.068],[35.1418,41.0032],[35.1165,40.8088],[34.862,40.6792],[34.8456,40.5496],[34.5208,40.4849],[34.3785,40.6144],[34.348,41.0032],[34.2686,41.0032],[34.3727,41.1977],[34.54,41.2625],[34.6789,41.7167],[34.3517,41.6518],[34.4729,41.9734],[33.2771,41.9764],[32.6675,41.8369],[32.6947,41.7816],[32.1137,41.5869],[32.322,41.3274],[32.3068,41.1977],[32.1404,41.1328],[32.118,40.9384],[31.714,40.8736],[31.196,40.4849],[29.4906,40.7272],[28.9113,40.5999],[28.9156,40.4714],[29.1515,40.4341],[29.0463,40.3554],[27.9388,40.3554],[27.904,40.3999],[27.9505,40.4849],[27.7921,40.4849],[27.7918,40.3929],[27.8836,40.3863],[27.6958,40.2906],[27.5376,40.2906],[27.301,40.4076],[26.689,40.3624],[26.4189,40.196],[26.311,40.0195],[26.1675,39.967],[26.1325,39.5143],[26.9377,39.5748],[26.9299,39.4877],[26.801,39.4335],[26.7422,39.2557],[26.8945,39.1911],[26.8793,38.9972],[26.9579,38.9972],[26.9399,38.9327],[27.0413,38.9401],[27.0627,38.8869],[26.9084,38.8204],[26.9314,38.7551],[26.8495,38.6097],[27.0798,38.5451],[27.0728,38.4537],[27.1642,38.4466],[27.0694,38.4094],[27.065,38.3515],[26.6762,38.3515],[26.6731,38.3072],[26.595,38.3515],[26.5358,38.6097],[26.3895,38.6719],[26.4058,38.4535],[26.513,38.4329],[26.4515,38.4261],[26.4289,38.2224],[26.8203,38.2224],[26.889,38.0933],[27.2753,38.0288],[27.2559,37.7707],[27.1794,37.6106],[27.31,37.4483],[27.2383,37.3426],[27.4072,37.4127],[27.4385,37.3908],[27.3921,37.3538],[27.5392,37.3838],[27.5644,37.2735],[27.616,37.2747],[27.598,37.126],[28.0653,37.126],[28.1313,37.0363],[28.3294,37.0368],[28.2124,37.0004],[28.1653,36.9116],[28.1034,36.9353],[28.0583,36.7721],[28.1184,36.8006],[28.1305,36.754],[28.0314,36.6749],[28.1961,36.6854],[28.2572,36.8462],[28.315,36.8291],[28.2934,36.7959],[28.452,36.8836],[28.5905,36.8682],[28.7361,36.7393],[29.1249,36.7393],[29.2163,36.3291],[29.3496,36.2326],[29.4116,36.2674],[29.4666,36.224],[29.938,36.224],[30.0261,36.3528],[30.4919,36.3528],[30.6191,36.9326],[31.086,36.9326],[32.0681,36.6105],[32.4985,36.224],[32.5369,36.1],[32.733,36.0376],[33.2744,36.224],[33.8711,36.3149],[33.9791,36.2884],[34.2507,36.6749],[34.5816,36.8682],[34.8929,36.8682],[34.9352,36.726],[35.1127,36.7393],[35.3323,36.6105],[35.4875,36.6105],[35.8336,36.9326],[36.1449,36.9326],[36.2862,36.8037],[36.2649,36.6105],[35.8417,36.2884],[35.9901,36.224],[35.9767,36.001],[35.8449,35.5802],[35.9929,35.5158],[35.9153,35.2879],[35.9624,35.1979],[35.927,34.8723],[36.0682,34.7436],[36.0488,34.5506],[35.7921,34.2933],[35.6652,34.3113],[35.6838,33.9718],[35.4705,33.9021],[35.4993,33.6502],[35.3944,33.65],[35.3984,33.3931],[35.2154,33.0716],[35.089,33.0205],[35.0218,32.6216],[34.8851,32.4821],[34.7926,32.161],[34.813,31.9789],[34.6909,31.9134],[34.6028,31.7558],[34.6334,31.6575],[34.3076,31.4005],[34.2972,31.2719],[33.7493,31.0791],[32.8317,31.0148],[32.8055,31.0655],[32.6665,31.0523],[32.7907,31.0941],[32.5322,31.0791],[32.3894,31.2076],[32.2625,31.1696],[32.3039,31.0791],[31.9996,31.0791],[31.9063,31.2516],[31.7806,31.2076],[31.8077,31.2812],[31.7691,31.2988],[31.8741,31.4647],[31.2658,31.4647],[31.1215,31.5275],[31.0291,31.5185],[30.9807,31.4365],[30.7985,31.4465],[30.7344,31.3881],[30.5427,31.395],[30.6916,31.4647],[30.352,31.4647],[30.3019,31.3422],[30.3388,31.2719],[30.2887,31.2379],[29.9904,31.2719],[29.8315,31.1513],[29.8696,31.0791],[29.6332,30.9506],[29.5543,30.9848],[29.4481,30.9336],[29.3971,30.822],[28.865,30.822],[28.4964,31.0148],[27.5149,31.1434],[27.1699,31.3857],[26.3179,31.529],[25.478,29.9223],[25.3763,29.3438]],[[35.4529,31.4008],[35.4585,31.4916],[35.4587,31.4916],[35.4593,31.4958],[35.4529,31.4008]],[[35.552,32.3679],[35.5533,32.3691],[35.5656,32.3134],[35.552,32.3679]],[[35.5568,32.3724],[35.5594,32.3748],[35.5656,32.3679],[35.5568,32.3724]],[[35.5585,32.5191],[35.5614,32.5192],[35.5674,32.5102],[35.5585,32.5191]],[[35.5594,32.4704],[35.5626,32.4747],[35.5725,32.4567],[35.5594,32.4704]],[[35.5688,32.4829],[35.5778,32.4948],[35.58,32.4915],[35.5688,32.4829]],[[35.7716,32.7467],[35.7749,32.7473],[35.7882,32.7344],[35.7716,32.7467]],[[36.2318,33.8525],[36.3178,33.8272],[36.3006,33.8287],[36.2318,33.8525]],[[36.2672,33.9104],[36.2886,33.9465],[36.2691,33.9073],[36.2672,33.9104]],[[36.2699,33.906],[36.3111,33.872],[36.2753,33.8972],[36.2699,33.906]],[[36.6665,36.2657],[36.6691,36.2599],[36.6681,36.2532],[36.6665,36.2657]],[[36.6896,32.3197],[36.7069,32.3283],[36.7231,32.3266],[36.6896,32.3197]],[[42.7157,37.3553],[42.7805,37.3755],[42.788,37.3732],[42.7157,37.3553]],[[42.7951,37.371],[42.8011,37.3691],[42.8141,37.3468],[42.7951,37.371]],[[44.5699,37.5144],[44.5732,37.5275],[44.5793,37.477],[44.5699,37.5144]],[[44.7525,37.1131],[44.7649,37.1394],[44.7544,37.1084],[44.7525,37.1131]],[[44.8666,36.7801],[44.9227,36.7759],[44.8772,36.7765],[44.8666,36.7801]],[[44.9962,36.7417],[45.0353,36.6896],[45.0373,36.6808],[44.9962,36.7417]],[[45.0355,36.633],[45.0426,36.6569],[45.0443,36.6493],[45.0355,36.633]],[[45.0382,36.494],[45.0608,36.4472],[45.0391,36.4798],[45.0382,36.494]],[[45.0791,36.4197],[45.1108,36.4025],[45.0837,36.4128],[45.0791,36.4197]],[[45.1108,36.4025],[45.196,36.4224],[45.2213,36.4209],[45.1108,36.4025]],[[48.1351,30.4429],[48.1409,30.4419],[48.1705,30.4067],[48.1351,30.4429]],[[48.291,30.32],[48.2964,30.3198],[48.3014,30.3149],[48.291,30.32]],[[48.3292,30.2876],[48.397,30.221],[48.4026,30.2088],[48.3292,30.2876]],[[48.3811,30.1453],[48.3832,30.1481],[48.3831,30.1424],[48.3811,30.1453]],[[48.4082,30.1885],[48.4085,30.1961],[48.4106,30.1915],[48.4082,30.1885]],[[48.4239,30.0836],[48.4618,29.9949],[48.4531,30.0014],[48.4239,30.0836]],[[54.7873,37.6519],[54.8136,37.7186],[54.8234,37.7283],[54.7873,37.6519]],[[56.2141,38.0688],[56.3155,38.0895],[56.2997,38.0802],[56.2141,38.0688]],[[57.1814,38.2757],[57.1859,38.2765],[57.2183,38.2651],[57.1814,38.2757]],[[61.1016,35.2353],[61.1038,35.2494],[61.1124,35.202],[61.1016,35.2353]],[[63.1743,26.685],[63.1823,26.8302],[63.1896,26.846],[63.1743,26.685]],[[63.1896,26.846],[63.206,26.8537],[63.2467,26.8595],[63.1896,26.846]],[[64.589,36.5802],[64.5901,36.5947],[64.6105,36.5009],[64.589,36.5802]],[[64.5911,36.6093],[64.592,36.6211],[64.5985,36.6369],[64.5911,36.6093]],[[64.614,36.6746],[64.6214,36.6926],[64.7652,36.9046],[64.614,36.6746]],[[64.7788,37.118],[64.8079,37.1355],[64.9891,37.2137],[64.7788,37.118]],[[66.0797,37.4409],[66.1545,37.3835],[66.1429,37.3851],[66.0797,37.4409]],[[66.3069,38.0804],[66.4204,38.0419],[66.4083,38.0428],[66.3069,38.0804]],[[66.4878,37.3422],[66.5196,37.3642],[66.531,37.3649],[66.4878,37.3422]],[[66.5399,38.028],[66.5542,38.0269],[66.5722,38.0184],[66.5399,38.028]],[[67.7731,37.11],[67.7741,37.1205],[67.7823,37.1029],[67.7731,37.11]],[[67.8003,37.0891],[67.8176,37.0806],[67.808,37.0832],[67.8003,37.0891]],[[68.0169,36.9294],[68.0256,36.9271],[68.0202,36.9257],[68.0169,36.9294]],[[68.0433,36.9316],[68.1864,37.0183],[68.0549,36.9346],[68.0433,36.9316]],[[69.2457,37.1039],[69.3143,37.1189],[69.3121,37.1175],[69.2457,37.1039]],[[69.313,39.9848],[69.314,39.9869],[69.3174,39.9848],[69.313,39.9848]],[[69.6528,40.6453],[69.6909,40.63],[69.6601,40.6387],[69.6528,40.6453]],[[71.3191,36.2006],[71.3935,36.228],[71.3824,36.2186],[71.3191,36.2006]],[[71.3564,35.9331],[71.3685,35.894],[71.3607,35.9003],[71.3564,35.9331]],[[71.4008,35.868],[71.4167,35.8588],[71.4234,35.8499],[71.4008,35.868]],[[71.4471,35.8179],[71.4644,35.7947],[71.4658,35.7881],[71.4471,35.8179]],[[71.4756,35.741],[71.5027,35.7191],[71.5074,35.7095],[71.4756,35.741]],[[71.4833,35.6266],[71.5059,35.6034],[71.4927,35.6096],[71.4833,35.6266]],[[71.5144,35.6753],[71.5151,35.6935],[71.5198,35.6838],[71.5144,35.6753]],[[71.5316,35.3279],[71.6138,35.4035],[71.6111,35.3955],[71.5316,35.3279]],[[71.573,35.5692],[71.5842,35.5642],[71.5935,35.5494],[71.573,35.5692]],[[72.1496,36.6893],[72.1535,36.7021],[72.1657,36.7071],[72.1496,36.6893]],[[72.1861,36.7153],[72.2136,36.7264],[72.2821,36.738],[72.1861,36.7153]],[[72.3215,36.7447],[72.3873,36.7558],[72.4541,36.758],[72.3215,36.7447]],[[72.6028,36.8252],[72.6296,36.8329],[72.6623,36.8326],[72.6028,36.8252]],[[72.7375,36.8318],[72.8677,36.8304],[72.7794,36.8268],[72.7375,36.8318]],[[73.6401,36.8966],[73.7729,36.892],[73.8071,36.8848],[73.6401,36.8966]],[[73.7749,34.371],[73.7798,34.3961],[73.7963,34.4185],[73.7749,34.371]],[[73.7827,34.3468],[73.8217,34.3204],[73.8042,34.3275],[73.7827,34.3468]],[[73.8356,34.3146],[73.9377,34.3042],[73.8533,34.3074],[73.8356,34.3146]],[[73.8492,36.876],[73.8651,36.8726],[73.9469,36.8309],[73.8492,36.876]],[[73.8937,34.0543],[73.9458,34.0098],[73.9162,34.0279],[73.8937,34.0543]],[[74.4446,37.0023],[74.457,37.0044],[74.4713,36.9998],[74.4446,37.0023]],[[74.4787,36.9974],[74.4803,36.9969],[74.5214,36.9585],[74.4787,36.9974]],[[74.5351,31.7711],[74.5408,31.8109],[74.5485,31.8201],[74.5351,31.7711]]],[[[26.3652,40.147],[26.3758,40.1535],[26.3742,40.1552],[26.3652,40.147]]],[[[26.5359,40.3025],[26.5397,40.3037],[26.6016,40.3461],[26.6137,40.3569],[26.594,40.3554],[26.5359,40.3025]]],[[[27.5815,37.1982],[27.5831,37.1912],[27.5877,37.1988],[27.5815,37.1982]]],[[[30.1795,31.2714],[30.1849,31.2719],[30.1795,31.2719],[30.1795,31.2714]]],[[[30.2409,31.2653],[30.2648,31.2719],[30.2479,31.2719],[30.2409,31.2653]]],[[[30.9691,31.5785],[30.9739,31.5799],[30.9739,31.5867],[30.9695,31.5854],[30.9691,31.5785]]],[[[30.978,31.5843],[31.119,31.5305],[31.1608,31.5935],[30.978,31.5843]]],[[[33.9551,26.79],[34.0036,26.7082],[34.0029,26.7316],[33.9756,26.79],[33.9551,26.79]]],[[[48.0108,29.9805],[48.0311,29.971],[48.0789,30.0041],[48.1061,30.0176],[48.1092,30.028],[48.0547,30.0245],[48.0108,29.9805]]],[[[48.0461,29.8005],[48.1858,29.6039],[48.3527,29.7098],[48.3445,29.7906],[48.1621,29.9957],[48.1227,29.9697],[48.1974,29.9254],[48.0951,29.8947],[48.1133,29.8391],[48.0461,29.8005]]],[[[55.2926,26.5485],[55.8766,26.7429],[55.947,26.6963],[56.2874,26.9551],[56.2124,27.003],[55.8977,26.9068],[55.758,26.954],[55.7742,26.7969],[55.3045,26.6564],[55.2926,26.5485]]],[[[66.2581,25.5431],[66.2582,25.5413],[66.261,25.5435],[66.2581,25.5431]]],[[[66.2843,25.5465],[66.3957,25.5134],[66.3885,25.522],[66.3527,25.5355],[66.3364,25.5534],[66.2843,25.5465]]],[[[66.4555,25.4957],[66.4605,25.4942],[66.4562,25.496],[66.4555,25.4957]]],[[[66.4886,25.4825],[66.49,25.4793],[66.4922,25.481],[66.4886,25.4825]]]]}},{"type":"Feature","properties":{"territoryId":"cliopatria-q2320005-a5f580c0ac","name":"Ptolemaic Kingdom","name_ko":"프톨레마이오스 왕국","color":"#3eea87","colorFamily":2,"startYear":-306,"endYear":-301,"source_name":"Cliopatria v0.2.0","source_url":"https://github.com/Seshat-Global-History-Databank/cliopatria","license":"CC BY 4.0","attribution":"Seshat Global History Databank, Cliopatria contributors"},"geometry":{"type":"MultiPolygon","coordinates":[[[[25.3763,29.3438],[25.6618,28.9581],[27.0676,28.3153],[27.285,28.1224],[27.2763,27.9295],[27.4299,27.9938],[27.792,27.6724],[27.7109,27.5438],[27.9367,27.5438],[28.1537,27.3509],[28.2702,26.5794],[28.3453,26.5794],[28.2437,25.9365],[28.2886,25.165],[28.5688,24.6506],[29.6728,24.2006],[29.9595,23.8792],[30.1087,23.8792],[30.104,23.7506],[30.3952,23.5577],[30.4627,23.3649],[31.6705,23.7506],[32.0409,23.6863],[33.389,23.8149],[33.7564,23.6863],[35.108,23.8792],[35.4808,23.8253],[35.5139,23.9771],[35.7925,23.9023],[35.7386,23.9833],[35.4938,24.1089],[35.3919,24.2828],[35.1446,24.5002],[35.1603,24.5746],[34.5466,25.725],[34.3387,26.0018],[34.014,26.6116],[33.9414,26.6535],[33.9961,26.8966],[33.8368,27.1208],[33.8384,27.2426],[33.6917,27.3419],[33.4963,27.6466],[33.5877,27.651],[33.5579,27.7599],[33.4735,27.8232],[33.5921,27.7912],[33.5544,27.8965],[33.2494,28.1429],[33.0029,28.4895],[32.8689,28.5789],[32.8069,28.7781],[32.6255,28.9727],[32.6589,29.1108],[32.5812,29.3691],[32.3377,29.5925],[32.5092,29.8664],[32.4769,29.9322],[32.5715,29.9426],[32.5778,30.0114],[32.5715,29.9289],[32.6733,29.858],[32.7579,29.9865],[32.9095,29.9865],[32.9185,30.1151],[33.838,30.2436],[34.5405,30.5007],[34.434,31.0791],[34.2972,31.2719],[33.7493,31.0791],[32.9077,31.0148],[32.8345,31.0809],[32.6665,31.0523],[32.8102,31.1028],[32.6016,31.061],[32.2915,31.1839],[32.3039,31.0791],[32.1065,31.0534],[31.9996,31.0791],[31.9063,31.2516],[31.7806,31.2076],[31.8077,31.2812],[31.7691,31.2988],[31.8741,31.4647],[31.2658,31.4647],[31.1215,31.5275],[31.0291,31.5185],[30.9807,31.4365],[30.7985,31.4465],[30.7344,31.3881],[30.5427,31.395],[30.6916,31.4647],[30.352,31.4647],[30.3019,31.3422],[30.3388,31.2719],[30.2887,31.2379],[29.9904,31.2719],[29.8315,31.1513],[29.8696,31.0791],[29.6332,30.9506],[29.5543,30.9848],[29.4481,30.9336],[29.3971,30.822],[28.865,30.822],[28.4964,31.0148],[27.5149,31.1434],[27.1699,31.3857],[26.3179,31.529],[25.3905,29.6652],[25.3763,29.3438]]],[[[30.1795,31.2714],[30.1849,31.2719],[30.1795,31.2719],[30.1795,31.2714]]],[[[30.2409,31.2653],[30.2648,31.2719],[30.2479,31.2719],[30.2409,31.2653]]],[[[30.9691,31.5785],[30.9739,31.5799],[30.9739,31.5867],[30.9695,31.5854],[30.9691,31.5785]]],[[[30.978,31.5843],[31.119,31.5305],[31.1608,31.5935],[30.978,31.5843]]],[[[33.9551,26.79],[34.0036,26.7082],[34.0029,26.7316],[33.9756,26.79],[33.9551,26.79]]],[[[34.5355,30.4364],[34.6114,30.4364],[34.6164,30.5007],[34.5405,30.5007],[34.5355,30.4364]]],[[[32.2717,35.0728],[32.3294,34.8864],[32.459,34.7219],[32.7099,34.6458],[32.9136,34.6567],[32.9425,34.5794],[33.0303,34.5685],[33.0156,34.6344],[33.0864,34.6948],[33.2601,34.7005],[33.5917,34.8203],[33.7015,34.9729],[34.0685,34.9979],[33.9431,35.0653],[34.0123,35.0638],[33.8999,35.1645],[33.9121,35.26],[34.5384,35.671],[33.6603,35.3593],[33.4275,35.3289],[32.9231,35.3871],[32.9294,35.233],[32.8652,35.157],[32.6897,35.1839],[32.4138,35.043],[32.2717,35.0728]],[[33.7592,34.9887],[33.7911,34.9824],[33.7874,34.98],[33.7592,34.9887]],[[32.712,35.1731],[32.7315,35.1432],[32.7127,35.1634],[32.712,35.1731]],[[33.4666,35.0051],[33.4675,35.0126],[33.4768,35.0027],[33.4666,35.0051]],[[33.6195,35.0168],[33.7115,34.9856],[33.7029,34.9879],[33.6195,35.0168]],[[33.6794,35.0349],[33.7022,35.0223],[33.6794,35.0339],[33.6794,35.0349]],[[33.6966,35.009],[33.7022,35.0223],[33.7002,35.0067],[33.6966,35.009]],[[33.8412,35.0511],[33.8801,35.0731],[33.8551,35.0534],[33.8412,35.0511]]],[[[31.5944,37.3838],[31.7384,37.2549],[31.8407,36.6749],[31.9185,36.6749],[32.4985,36.224],[32.5369,36.1],[32.6707,36.0467],[33.2744,36.224],[33.8711,36.3149],[33.9791,36.2884],[34.2507,36.6749],[34.5816,36.8682],[34.8929,36.8682],[34.9352,36.726],[35.1127,36.7393],[35.4875,36.6106],[35.8336,36.9326],[36.1449,36.9326],[36.2862,36.8037],[36.2649,36.6105],[35.8417,36.2884],[37.4643,36.224],[37.4789,36.3528],[37.7969,36.4172],[38.0205,36.9971],[38.1762,36.9971],[38.2696,37.126],[38.737,37.126],[39.4626,37.3193],[39.599,37.7707],[39.1722,38.0933],[37.764,38.0933],[37.1146,37.8998],[36.3481,38.0288],[35.9981,37.7062],[35.6712,37.5773],[34.358,37.7062],[33.6753,37.8998],[32.0338,37.8998],[31.6185,37.6417],[31.5944,37.3838]]],[[[22.8882,37.8998],[23.2044,37.963],[23.2118,38.0933],[22.9701,38.0782],[22.9376,38.0074],[22.9754,37.979],[22.8882,37.8998]]]]}},{"type":"Feature","properties":{"territoryId":"cliopatria-q748595-3af3059f01","name":"Qataban","name_ko":"카타반","color":"#3a59d9","colorFamily":0,"startYear":-349,"endYear":-110,"source_name":"Cliopatria v0.2.0","source_url":"https://github.com/Seshat-Global-History-Databank/cliopatria","license":"CC BY 4.0","attribution":"Seshat Global History Databank, Cliopatria contributors"},"geometry":{"type":"Polygon","coordinates":[[[44.2061,14.9432],[44.7774,14.6218],[45.1549,14.8147],[45.2283,14.8147],[45.2984,14.7504],[45.7497,14.9432],[46.3412,15.0075],[46.5761,15.2647],[46.5798,15.329],[46.1494,15.5218],[45.8551,15.5218],[45.8479,15.3933],[45.179,15.2647],[45.025,15.1361],[44.2897,15.1361],[44.2864,15.0718],[44.2061,14.9432]]]}},{"type":"Feature","properties":{"territoryId":"cliopatria-q1143524-f9185e4bc5","name":"Qi","name_ko":"제나라","color":"#9e3ad9","colorFamily":4,"startYear":-403,"endYear":-350,"source_name":"Cliopatria v0.2.0","source_url":"https://github.com/Seshat-Global-History-Databank/cliopatria","license":"CC BY 4.0","attribution":"Seshat Global History Databank, Cliopatria contributors"},"geometry":{"type":"MultiPolygon","coordinates":[[[[115.5777,36.3528],[115.6553,36.3528],[115.5977,36.224],[115.6753,36.224],[116.2279,36.4172],[116.1988,36.3528],[116.4802,36.2884],[116.4998,36.1596],[116.9073,36.0308],[116.8498,35.902],[117.0249,35.7733],[116.9678,35.6445],[117.2132,35.3227],[117.1571,35.194],[117.3116,35.194],[117.4102,35.0653],[117.5367,35.001],[117.5306,34.8079],[117.9657,34.7436],[119.0093,35.7089],[119.5323,35.8377],[120.0235,35.776],[120.0388,35.8428],[120.0972,35.9008],[120.189,35.9453],[120.1839,35.9242],[120.2617,35.9859],[120.1753,35.9936],[120.1685,36.062],[120.1002,36.0961],[120.0972,36.2264],[120.2191,36.2219],[120.2163,36.1991],[120.2845,36.176],[120.2735,36.2343],[120.3064,36.2742],[120.3616,36.1916],[120.292,36.062],[120.3535,36.0408],[120.6669,36.1321],[120.6836,36.2056],[120.6436,36.3225],[120.7107,36.3245],[120.6865,36.3872],[120.7141,36.4287],[120.8069,36.4639],[120.8449,36.4172],[120.8976,36.4172],[120.9063,36.4524],[120.95,36.4592],[120.9363,36.497],[120.9636,36.5479],[120.9275,36.5329],[120.8504,36.6046],[120.7503,36.5408],[120.7506,36.6168],[120.8506,36.6509],[120.9774,36.5899],[121.0425,36.6277],[121.0809,36.6105],[121.1577,36.6686],[121.4017,36.7124],[121.3778,36.7315],[121.4534,36.7574],[121.4595,36.8287],[121.5116,36.8086],[121.6072,36.845],[121.5032,36.7886],[121.5247,36.7543],[121.6227,36.7994],[121.6375,36.8314],[121.6842,36.8428],[121.6494,36.8161],[121.6704,36.8214],[121.786,36.8912],[121.9498,36.9389],[121.9263,36.9936],[122.0492,36.9799],[122.0355,36.9326],[122.0872,36.9326],[122.1429,36.9458],[122.1661,37.0141],[122.1627,36.9458],[122.2659,36.898],[122.1969,36.898],[122.1853,36.8499],[122.2921,36.8285],[122.4364,36.8707],[122.4058,36.9222],[122.4985,36.9389],[122.5074,36.898],[122.5373,37.0122],[122.4024,37.0215],[122.4467,37.0593],[122.4539,37.1543],[122.4707,37.1103],[122.5779,37.2553],[122.5497,37.3198],[122.5947,37.2952],[122.5708,37.3448],[122.6861,37.41],[122.2965,37.4182],[122.2454,37.4597],[122.1832,37.4182],[122.1299,37.4835],[122.1491,37.5098],[122.1211,37.5128],[122.1218,37.5627],[122.0671,37.5627],[122.0256,37.528],[121.9778,37.4717],[121.988,37.4256],[121.9498,37.4256],[121.9378,37.4643],[121.635,37.4813],[121.5874,37.4536],[121.6761,37.4392],[121.5703,37.4287],[121.4769,37.468],[121.3817,37.5661],[121.4298,37.5969],[121.3936,37.6225],[121.354,37.6379],[121.3745,37.6105],[121.3081,37.5812],[121.1716,37.5771],[121.1344,37.6105],[121.138,37.7012],[121.0326,37.7104],[120.9409,37.774],[120.9258,37.8193],[120.738,37.834],[120.3685,37.6947],[120.2157,37.6841],[120.3064,37.6652],[120.3225,37.6324],[120.1876,37.5118],[119.8589,37.3602],[119.8973,37.2494],[119.7706,37.1518],[119.4412,37.1206],[119.2871,37.1373],[119.1455,37.1789],[118.9612,37.2956],[118.9446,37.3781],[118.97,37.5935],[119.0371,37.7221],[119.1201,37.7375],[119.1746,37.7085],[119.2164,37.794],[119.1169,37.8533],[119.0484,37.948],[118.9966,37.9631],[118.9248,38.0578],[118.95,38.0973],[118.7604,38.1551],[118.6549,38.1457],[118.543,38.0683],[118.3829,38.1183],[118.0652,38.1431],[118.0537,38.1733],[117.8372,38.2709],[117.6689,38.4521],[117.6025,38.4806],[117.609,38.5454],[117.5435,38.6213],[117.5596,38.6743],[117.2298,38.6743],[116.6147,37.2549],[115.6067,36.4172],[115.5777,36.3528]]],[[[120.282,36.0019],[120.2888,36.0073],[120.2849,36.0109],[120.282,36.0019]]],[[[120.7502,37.8986],[120.7546,37.8967],[120.7549,37.8996],[120.7538,37.8998],[120.7502,37.8986]]]]}},{"type":"Feature","properties":{"territoryId":"cliopatria-q1143524-f9185e4bc5","name":"Qi","name_ko":"제나라","color":"#9e3ad9","colorFamily":4,"startYear":-349,"endYear":-291,"source_name":"Cliopatria v0.2.0","source_url":"https://github.com/Seshat-Global-History-Databank/cliopatria","license":"CC BY 4.0","attribution":"Seshat Global History Databank, Cliopatria contributors"},"geometry":{"type":"MultiPolygon","coordinates":[[[[115.5777,36.3528],[115.6553,36.3528],[115.5977,36.224],[115.6753,36.224],[116.2279,36.4172],[116.1988,36.3528],[116.4802,36.2884],[116.4998,36.1596],[116.9073,36.0308],[116.8498,35.902],[117.0249,35.7733],[116.9678,35.6445],[117.2132,35.3227],[117.1571,35.194],[117.3116,35.194],[117.4102,35.0653],[117.5367,35.001],[117.5306,34.8079],[117.9657,34.7436],[119.0093,35.7089],[119.5323,35.8377],[120.0235,35.776],[120.0388,35.8428],[120.0972,35.9008],[120.189,35.9453],[120.1839,35.9242],[120.2617,35.9859],[120.1753,35.9936],[120.1685,36.062],[120.1002,36.0961],[120.0972,36.2264],[120.2191,36.2219],[120.2163,36.1991],[120.2845,36.176],[120.2735,36.2343],[120.3064,36.2742],[120.3616,36.1916],[120.292,36.062],[120.3535,36.0408],[120.6669,36.1321],[120.6836,36.2056],[120.6436,36.3225],[120.7107,36.3245],[120.6865,36.3872],[120.7141,36.4287],[120.8069,36.4639],[120.8449,36.4172],[120.8976,36.4172],[120.9063,36.4524],[120.95,36.4592],[120.9363,36.497],[120.9636,36.5479],[120.9275,36.5329],[120.8504,36.6046],[120.7503,36.5408],[120.7506,36.6168],[120.8506,36.6509],[120.9774,36.5899],[121.0425,36.6277],[121.0809,36.6105],[121.1577,36.6686],[121.4017,36.7124],[121.3778,36.7315],[121.4534,36.7574],[121.4595,36.8287],[121.5116,36.8086],[121.6072,36.845],[121.5032,36.7886],[121.5247,36.7543],[121.6227,36.7994],[121.6375,36.8314],[121.6842,36.8428],[121.6494,36.8161],[121.6704,36.8214],[121.786,36.8912],[121.9498,36.9389],[121.9263,36.9936],[122.0492,36.9799],[122.0355,36.9326],[122.0872,36.9326],[122.1429,36.9458],[122.1661,37.0141],[122.1627,36.9458],[122.2659,36.898],[122.1969,36.898],[122.1853,36.8499],[122.2921,36.8285],[122.4364,36.8707],[122.4058,36.9222],[122.4985,36.9389],[122.5074,36.898],[122.5373,37.0122],[122.4024,37.0215],[122.4467,37.0593],[122.4539,37.1543],[122.4707,37.1103],[122.5779,37.2553],[122.5497,37.3198],[122.5947,37.2952],[122.5708,37.3448],[122.6861,37.41],[122.2965,37.4182],[122.2454,37.4597],[122.1832,37.4182],[122.1299,37.4835],[122.1491,37.5098],[122.1211,37.5128],[122.1218,37.5627],[122.0671,37.5627],[122.0256,37.528],[121.9778,37.4717],[121.988,37.4256],[121.9498,37.4256],[121.9378,37.4643],[121.635,37.4813],[121.5874,37.4536],[121.6761,37.4392],[121.5703,37.4287],[121.4769,37.468],[121.3817,37.5661],[121.4298,37.5969],[121.3936,37.6225],[121.354,37.6379],[121.3745,37.6105],[121.3081,37.5812],[121.1716,37.5771],[121.1344,37.6105],[121.138,37.7012],[121.0326,37.7104],[120.9409,37.774],[120.9258,37.8193],[120.738,37.834],[120.3685,37.6947],[120.2157,37.6841],[120.3064,37.6652],[120.3225,37.6324],[120.1876,37.5118],[119.8589,37.3602],[119.8973,37.2494],[119.7706,37.1518],[119.4412,37.1206],[119.2871,37.1373],[119.1455,37.1789],[118.9612,37.2956],[118.9446,37.3781],[118.97,37.5935],[119.0371,37.7221],[119.1201,37.7375],[119.1746,37.7085],[119.2164,37.794],[119.1169,37.8533],[119.0484,37.948],[118.9966,37.9631],[118.9248,38.0578],[118.95,38.0973],[118.7604,38.1551],[118.6549,38.1457],[118.543,38.0683],[118.3829,38.1183],[118.0652,38.1431],[118.0537,38.1733],[117.8372,38.2709],[117.6689,38.4521],[117.6025,38.4806],[117.609,38.5454],[117.5435,38.6213],[117.5596,38.6743],[117.2298,38.6743],[116.6147,37.2549],[115.6067,36.4172],[115.5777,36.3528]]],[[[120.282,36.0019],[120.2888,36.0073],[120.2849,36.0109],[120.282,36.0019]]],[[[120.7502,37.8986],[120.7546,37.8967],[120.7549,37.8996],[120.7538,37.8998],[120.7502,37.8986]]]]}},{"type":"Feature","properties":{"territoryId":"cliopatria-q1471995-0331a0045d","name":"Qin","name_ko":"진나라 (秦)","color":"#eb7ab8","colorFamily":3,"startYear":-365,"endYear":-350,"source_name":"Cliopatria v0.2.0","source_url":"https://github.com/Seshat-Global-History-Databank/cliopatria","license":"CC BY 4.0","attribution":"Seshat Global History Databank, Cliopatria contributors"},"geometry":{"type":"Polygon","coordinates":[[[108.1695,35.5158],[108.3497,35.3871],[108.2982,35.2584],[108.4528,35.2584],[108.2477,34.9366],[109.2254,34.8723],[109.2516,34.7436],[109.5091,34.615],[110.5884,34.8079],[111.0294,35.3227],[111.1628,35.6445],[111.0618,35.7733],[111.2303,36.3528],[111.4133,36.4172],[112.1722,37.2549],[112.0942,37.2549],[109.6546,36.4816],[108.7896,35.7089],[108.2215,35.6445],[108.1695,35.5158]]]}},{"type":"Feature","properties":{"territoryId":"cliopatria-q1471995-0331a0045d","name":"Qin","name_ko":"진나라 (秦)","color":"#eb7ab8","colorFamily":3,"startYear":-349,"endYear":-337,"source_name":"Cliopatria v0.2.0","source_url":"https://github.com/Seshat-Global-History-Databank/cliopatria","license":"CC BY 4.0","attribution":"Seshat Global History Databank, Cliopatria contributors"},"geometry":{"type":"Polygon","coordinates":[[[108.1695,35.5158],[108.3497,35.3871],[108.2982,35.2584],[108.4528,35.2584],[108.2477,34.9366],[109.2254,34.8723],[109.2516,34.7436],[109.5091,34.615],[110.5884,34.8079],[111.0559,35.3871],[111.0825,35.4514],[111.1598,35.4514],[111.2402,35.6445],[112.1403,36.4816],[112.3865,37.3838],[112.3086,37.3838],[110.8818,36.8037],[110.7543,36.8682],[110.6981,36.7393],[109.6546,36.4816],[108.7896,35.7089],[108.2215,35.6445],[108.1695,35.5158]]]}},{"type":"Feature","properties":{"territoryId":"cliopatria-q1471995-0331a0045d","name":"Qin","name_ko":"진나라 (秦)","color":"#eb7ab8","colorFamily":3,"startYear":-336,"endYear":-326,"source_name":"Cliopatria v0.2.0","source_url":"https://github.com/Seshat-Global-History-Databank/cliopatria","license":"CC BY 4.0","attribution":"Seshat Global History Databank, Cliopatria contributors"},"geometry":{"type":"Polygon","coordinates":[[[108.1695,35.5158],[108.3497,35.3871],[108.2982,35.2584],[108.4528,35.2584],[108.2477,34.9366],[109.2254,34.8723],[109.2516,34.7436],[109.5091,34.615],[109.5862,34.615],[110.2798,34.8079],[111.5902,34.615],[112.0507,36.0952],[111.9732,36.0952],[112.2819,36.8037],[113.7206,37.0615],[113.9352,37.1904],[113.9165,37.3193],[113.6343,37.3838],[113.6939,37.5128],[113.6159,37.5128],[113.825,38.2869],[113.7467,38.2869],[112.9433,37.5773],[110.8818,36.8037],[110.7543,36.8682],[110.6981,36.7393],[109.6546,36.4816],[108.7896,35.7089],[108.2215,35.6445],[108.1695,35.5158]]]}},{"type":"Feature","properties":{"territoryId":"cliopatria-q1471995-0331a0045d","name":"Qin","name_ko":"진나라 (秦)","color":"#eb7ab8","colorFamily":3,"startYear":-325,"endYear":-315,"source_name":"Cliopatria v0.2.0","source_url":"https://github.com/Seshat-Global-History-Databank/cliopatria","license":"CC BY 4.0","attribution":"Seshat Global History Databank, Cliopatria contributors"},"geometry":{"type":"Polygon","coordinates":[[[108.1695,35.5158],[108.3497,35.3871],[108.2982,35.2584],[108.4528,35.2584],[108.2477,34.9366],[109.2254,34.8723],[109.2516,34.7436],[109.5091,34.615],[109.5862,34.615],[110.2798,34.8079],[111.5902,34.615],[112.0507,36.0952],[111.9732,36.0952],[112.2819,36.8037],[113.7206,37.0615],[113.9352,37.1904],[113.9165,37.3193],[113.6343,37.3838],[113.7798,38.0288],[113.7016,38.0288],[113.8873,38.416],[114.359,38.7389],[114.8083,39.3203],[114.3361,39.3203],[114.2706,39.1911],[114.1133,39.1911],[114.0808,39.1265],[111.4337,36.9971],[109.6546,36.4816],[108.7896,35.7089],[108.2215,35.6445],[108.1695,35.5158]]]}},{"type":"Feature","properties":{"territoryId":"cliopatria-q1471995-0331a0045d","name":"Qin","name_ko":"진나라 (秦)","color":"#eb7ab8","colorFamily":3,"startYear":-314,"endYear":-277,"source_name":"Cliopatria v0.2.0","source_url":"https://github.com/Seshat-Global-History-Databank/cliopatria","license":"CC BY 4.0","attribution":"Seshat Global History Databank, Cliopatria contributors"},"geometry":{"type":"Polygon","coordinates":[[[100.5975,30.5007],[100.6735,30.5007],[100.6743,30.2436],[100.8648,30.1151],[100.8279,29.9865],[101.0187,29.858],[100.9824,29.7294],[101.1556,29.5366],[101.4404,29.4723],[101.4805,29.3438],[102.602,29.0224],[102.9273,28.8295],[103.8568,28.6367],[103.8978,28.5081],[104.066,28.5724],[105.1286,28.3153],[106.0686,28.4438],[106.0284,28.5724],[107.4594,28.8295],[110.3587,29.9223],[110.2273,29.9865],[110.4056,30.3079],[109.9158,30.4364],[109.4763,30.9506],[109.4752,31.4005],[109.3125,31.5933],[109.8693,32.943],[109.7637,33.0716],[109.8596,33.3288],[110.2149,33.4574],[110.3129,33.7146],[110.4912,33.7789],[110.514,34.0361],[110.7447,34.0361],[110.8196,34.422],[110.6911,34.4863],[110.7168,34.7436],[111.5902,34.615],[112.0507,36.0952],[111.9732,36.0952],[112.2819,36.8037],[113.7206,37.0615],[113.9352,37.1904],[113.9165,37.3193],[113.6343,37.3838],[113.7798,38.0288],[113.7016,38.0288],[113.8873,38.416],[114.359,38.7389],[114.8083,39.3203],[114.3361,39.3203],[114.2706,39.1911],[114.1133,39.1911],[111.4337,36.9971],[110.8818,36.8037],[110.7543,36.8682],[110.6981,36.7393],[109.81,36.4816],[109.4216,36.4816],[109.3671,36.3528],[108.0693,36.0308],[107.0605,35.6445],[106.854,35.7089],[106.8026,35.5802],[106.4931,35.5802],[106.1848,35.3871],[104.1331,34.8723],[103.4972,34.615],[103.4793,34.3577],[103.3788,34.2933],[103.0944,34.3577],[102.4087,34.1647],[102.2485,33.7146],[102.3252,33.7146],[102.2351,33.4574],[102.3118,33.4574],[102.1578,32.5574],[101.8358,32.0431],[100.9819,31.2719],[100.5975,30.5007]]]}},{"type":"Feature","properties":{"territoryId":"cliopatria-q175881-b6b4ba388a","name":"Roman Republic","name_ko":"로마 공화국","color":"#75a9f0","colorFamily":0,"startYear":-479,"endYear":-337,"source_name":"Cliopatria v0.2.0","source_url":"https://github.com/Seshat-Global-History-Databank/cliopatria","license":"CC BY 4.0","attribution":"Seshat Global History Databank, Cliopatria contributors"},"geometry":{"type":"Polygon","coordinates":[[[11.972,42.0413],[12.1317,42.0413],[12.1305,41.9131],[12.2103,41.9114],[12.2888,41.7816],[12.4482,41.7816],[12.4517,42.1063],[11.9725,42.1063],[11.972,42.0413]]]}},{"type":"Feature","properties":{"territoryId":"cliopatria-q175881-b6b4ba388a","name":"Roman Republic","name_ko":"로마 공화국","color":"#75a9f0","colorFamily":0,"startYear":-336,"endYear":-326,"source_name":"Cliopatria v0.2.0","source_url":"https://github.com/Seshat-Global-History-Databank/cliopatria","license":"CC BY 4.0","attribution":"Seshat Global History Databank, Cliopatria contributors"},"geometry":{"type":"Polygon","coordinates":[[[11.8128,42.1063],[12.1317,42.0413],[12.1305,41.9131],[12.6046,41.522],[12.9222,41.4571],[13,41.3274],[13.7145,41.2625],[13.862,41.1328],[13.9506,41.1328],[14.1046,40.8736],[14.4219,40.8736],[14.4194,40.7517],[14.4426,40.7551],[14.4741,40.7297],[14.4764,40.6951],[14.4363,40.6792],[14.6556,40.6792],[14.742,41.0032],[14.1876,41.068],[14.0337,41.3274],[13.7179,41.4571],[13.0026,41.522],[12.9273,41.8465],[13.0868,41.8465],[13.0886,41.9764],[12.6904,42.0413],[12.6129,42.2362],[12.3738,42.3012],[12.3745,42.3662],[11.8952,42.4312],[11.9741,42.3012],[11.8133,42.1712],[11.8128,42.1063]]]}},{"type":"Feature","properties":{"territoryId":"cliopatria-q175881-b6b4ba388a","name":"Roman Republic","name_ko":"로마 공화국","color":"#75a9f0","colorFamily":0,"startYear":-325,"endYear":-323,"source_name":"Cliopatria v0.2.0","source_url":"https://github.com/Seshat-Global-History-Databank/cliopatria","license":"CC BY 4.0","attribution":"Seshat Global History Databank, Cliopatria contributors"},"geometry":{"type":"MultiPolygon","coordinates":[[[[11.8128,42.1063],[12.1317,42.0413],[12.1305,41.9131],[12.6046,41.522],[12.9222,41.4571],[13,41.3274],[13.7145,41.2625],[13.862,41.1328],[13.9506,41.1328],[14.1046,40.8736],[14.4219,40.8736],[14.4194,40.7517],[14.4426,40.7551],[14.4741,40.7297],[14.4764,40.6951],[14.4363,40.6792],[14.6556,40.6792],[14.742,41.0032],[14.1876,41.068],[14.0337,41.3274],[13.7179,41.4571],[13.0026,41.522],[12.9273,41.8465],[13.0868,41.8465],[13.0886,41.9764],[12.6904,42.0413],[12.6129,42.2362],[12.3738,42.3012],[12.3745,42.3662],[11.8952,42.4312],[11.9741,42.3012],[11.8133,42.1712],[11.8128,42.1063]]],[[[12.1358,42.4962],[12.4559,42.4962],[12.4588,42.7563],[12.1382,42.7563],[12.1358,42.4962]]]]}},{"type":"Feature","properties":{"territoryId":"cliopatria-q175881-b6b4ba388a","name":"Roman Republic","name_ko":"로마 공화국","color":"#75a9f0","colorFamily":0,"startYear":-322,"endYear":-318,"source_name":"Cliopatria v0.2.0","source_url":"https://github.com/Seshat-Global-History-Databank/cliopatria","license":"CC BY 4.0","attribution":"Seshat Global History Databank, Cliopatria contributors"},"geometry":{"type":"MultiPolygon","coordinates":[[[[11.8128,42.1063],[12.1317,42.0413],[12.1305,41.9131],[13,41.3274],[13.7145,41.2625],[13.862,41.1328],[13.9506,41.1328],[14.1046,40.8736],[14.4219,40.8736],[14.4194,40.7517],[14.4426,40.7551],[14.4741,40.7297],[14.4764,40.6951],[14.4363,40.6792],[15.0518,40.6792],[15.0549,40.8088],[14.7377,40.8088],[14.742,41.0032],[14.1876,41.068],[14.0337,41.3274],[13.7179,41.4571],[13.0026,41.522],[12.9273,41.8465],[13.0868,41.8465],[13.0886,41.9764],[12.6904,42.0413],[12.6129,42.2362],[12.3738,42.3012],[12.3745,42.3662],[11.8952,42.4312],[11.9741,42.3012],[11.8133,42.1712],[11.8128,42.1063]]],[[[12.1358,42.4962],[12.4559,42.4962],[12.4588,42.7563],[12.1382,42.7563],[12.1358,42.4962]]]]}},{"type":"Feature","properties":{"territoryId":"cliopatria-q175881-b6b4ba388a","name":"Roman Republic","name_ko":"로마 공화국","color":"#75a9f0","colorFamily":0,"startYear":-317,"endYear":-301,"source_name":"Cliopatria v0.2.0","source_url":"https://github.com/Seshat-Global-History-Databank/cliopatria","license":"CC BY 4.0","attribution":"Seshat Global History Databank, Cliopatria contributors"},"geometry":{"type":"MultiPolygon","coordinates":[[[[15.1469,41.3274],[15.5427,41.2625],[15.5445,41.3274],[15.7849,41.3922],[15.7126,41.6518],[15.394,41.6518],[15.1518,41.522],[15.1469,41.3274]]],[[[11.8128,42.1063],[12.1317,42.0413],[12.1305,41.9131],[13,41.3274],[13.7145,41.2625],[13.862,41.1328],[13.9506,41.1328],[14.1046,40.8736],[14.4219,40.8736],[14.4194,40.7517],[14.4426,40.7551],[14.4741,40.7297],[14.4764,40.6951],[14.4363,40.6792],[15.0518,40.6792],[15.0549,40.8088],[14.7377,40.8088],[14.742,41.0032],[14.1876,41.068],[14.0337,41.3274],[13.7179,41.4571],[13.0026,41.522],[12.9273,41.8465],[13.0868,41.8465],[13.0886,41.9764],[12.6904,42.0413],[12.6129,42.2362],[12.3738,42.3012],[12.3745,42.3662],[11.8952,42.4312],[11.9741,42.3012],[11.8133,42.1712],[11.8128,42.1063]]],[[[12.1358,42.4962],[12.4559,42.4962],[12.4588,42.7563],[12.1382,42.7563],[12.1358,42.4962]]]]}},{"type":"Feature","properties":{"territoryId":"cliopatria-q940785-f47d030c11","name":"Sabaeans","name_ko":"사바인","color":"#ec516b","colorFamily":3,"startYear":-382,"endYear":-350,"source_name":"Cliopatria v0.2.0","source_url":"https://github.com/Seshat-Global-History-Databank/cliopatria","license":"CC BY 4.0","attribution":"Seshat Global History Databank, Cliopatria contributors"},"geometry":{"type":"MultiPolygon","coordinates":[[[[45.8444,15.329],[45.9179,15.329],[45.9215,15.3933],[45.8479,15.3933],[45.8444,15.329]]],[[[42.7083,15.6278],[42.7656,15.5218],[42.8069,15.3443],[42.8052,15.1692],[42.864,15.1364],[42.8815,15.0737],[45.025,15.1361],[45.179,15.2647],[45.3225,15.2004],[45.4031,15.329],[45.8479,15.3933],[45.8551,15.5218],[46.1494,15.5218],[46.3811,15.7147],[46.4697,15.9718],[46.1753,15.9718],[46.0206,15.8433],[45.579,15.8433],[45.3656,15.9718],[45.2883,15.9076],[44.3315,15.9076],[44.1249,16.1647],[43.3921,16.229],[43.1081,16.4219],[42.8135,16.4219],[42.8348,15.9154],[42.7525,15.8164],[42.7083,15.6278]]]]}},{"type":"Feature","properties":{"territoryId":"cliopatria-q940785-f47d030c11","name":"Sabaeans","name_ko":"사바인","color":"#ec516b","colorFamily":3,"startYear":-349,"endYear":-110,"source_name":"Cliopatria v0.2.0","source_url":"https://github.com/Seshat-Global-History-Databank/cliopatria","license":"CC BY 4.0","attribution":"Seshat Global History Databank, Cliopatria contributors"},"geometry":{"type":"Polygon","coordinates":[[[42.7083,15.6278],[42.7656,15.5218],[42.8069,15.3443],[42.8052,15.1692],[42.864,15.1364],[42.8815,15.0748],[44.2162,15.1361],[45.025,15.1361],[45.179,15.2647],[45.8479,15.3933],[45.8551,15.5218],[46.1494,15.5218],[46.3811,15.7147],[46.4697,15.9718],[46.1753,15.9718],[46.0206,15.8433],[45.579,15.8433],[45.3656,15.9718],[45.2883,15.9076],[44.3315,15.9076],[44.1249,16.1647],[43.3921,16.229],[43.1081,16.4219],[42.8135,16.4219],[42.8348,15.9154],[42.7525,15.8164],[42.7083,15.6278]]]}},{"type":"Feature","properties":{"territoryId":"cliopatria-q5760-817e01f2be","name":"Sacred Band of Thebes","name_ko":"테베 신성대","color":"#f0758c","colorFamily":3,"startYear":-365,"endYear":-350,"source_name":"Cliopatria v0.2.0","source_url":"https://github.com/Seshat-Global-History-Databank/cliopatria","license":"CC BY 4.0","attribution":"Seshat Global History Databank, Cliopatria contributors"},"geometry":{"type":"MultiPolygon","coordinates":[[[[26.3841,38.6702],[26.4058,38.4535],[26.4408,38.4728],[26.513,38.4329],[26.4891,38.4062],[26.4515,38.4261],[26.4759,38.3669],[26.4175,38.3367],[26.4289,38.2224],[26.742,38.2224],[26.7516,38.3515],[26.6726,38.3736],[26.7,38.3258],[26.6731,38.3072],[26.6328,38.3848],[26.5214,38.416],[26.4624,38.6731],[26.3841,38.6702]]],[[[21.331,38.0288],[21.9534,37.9643],[21.9601,38.0933],[22.1165,38.0933],[22.2628,37.8998],[22.572,37.8352],[22.5617,37.6417],[21.6832,37.2861],[21.605,37.2293],[21.6031,37.1904],[21.681,37.1904],[21.7435,36.8682],[21.8992,36.8682],[21.9085,37.0615],[22.22,37.0615],[22.7041,37.3838],[22.7264,37.5664],[22.8065,37.8352],[22.9699,37.9643],[22.8672,37.9395],[22.8201,37.9643],[22.6572,37.9643],[22.6126,38.0918],[22.4328,38.1433],[22.4295,38.0933],[22.3512,38.0933],[22.3547,38.1578],[22.3742,38.1578],[22.3312,38.1789],[22.1982,38.1578],[22.2002,38.1962],[22.1136,38.2678],[22.0488,38.2748],[21.9559,38.3367],[21.8495,38.3413],[21.7333,38.2514],[21.7286,38.1578],[21.3469,38.0954],[21.331,38.0288]]],[[[21.4611,39.0618],[21.8576,39.1265],[21.8541,39.0618],[22.0078,38.9972],[22.062,38.5451],[21.9406,38.4043],[22.1326,38.3727],[22.1892,38.3231],[22.2249,38.3601],[22.36,38.3438],[22.2902,38.416],[22.4083,38.416],[22.4016,38.4534],[22.473,38.416],[22.6036,38.416],[22.539,38.3183],[22.5606,38.2955],[22.6006,38.3037],[22.5872,38.3367],[22.6462,38.3618],[22.6268,38.3715],[22.6465,38.39],[22.6922,38.3224],[22.8351,38.3515],[22.7661,38.2473],[22.8057,38.227],[22.895,38.2412],[22.9087,38.1928],[22.9695,38.1928],[22.9061,38.2224],[22.9098,38.2869],[22.9881,38.2869],[22.9763,38.2224],[23.0409,38.2026],[23.3013,38.2869],[23.2975,38.2224],[23.6777,38.3539],[23.5735,38.4534],[23.5929,38.4806],[23.3126,38.4806],[23.1826,38.6538],[23.1045,38.6384],[23.0698,38.7015],[22.9356,38.7389],[22.9149,38.7756],[22.8672,38.7551],[22.8293,38.7861],[22.7783,38.7817],[22.7026,38.8507],[22.5934,38.8302],[22.5539,38.8481],[22.5729,38.8643],[22.5251,38.8581],[22.5251,38.8854],[22.6216,38.9145],[22.689,38.878],[22.792,38.878],[22.8465,38.9264],[22.9845,38.9543],[23.0719,39.0356],[22.9639,39.009],[22.9942,39.0617],[22.8011,39.1265],[22.8049,39.1911],[22.7262,39.1911],[22.7648,39.8376],[22.6859,39.8376],[22.6898,39.9023],[22.6109,39.9023],[22.6148,39.967],[22.6904,39.967],[22.6008,40.016],[22.299,39.967],[21.9154,40.1612],[21.5095,39.967],[21.4919,39.6436],[21.646,39.5789],[21.632,39.3203],[21.4713,39.2557],[21.4611,39.0618]]],[[[21.738,38.344],[21.7625,38.3284],[21.7754,38.3515],[21.7384,38.3515],[21.738,38.344]]],[[[22.833,38.8227],[22.9818,38.845],[22.992,38.8647],[22.9564,38.878],[23.0019,38.882],[23.0202,38.9214],[22.8748,38.8749],[22.833,38.8227]]],[[[23.0372,38.9293],[23.4888,38.8034],[23.265,38.9972],[23.1275,39.0058],[23.0372,38.9293]]],[[[23.5634,38.7389],[23.6355,38.5286],[23.594,38.4534],[23.6144,38.4609],[23.6492,38.4057],[24.0422,38.4015],[24.0669,38.351],[24.031,38.3333],[24.1216,38.3095],[24.1009,38.2753],[24.1198,38.2562],[24.1617,38.2698],[24.1789,38.5451],[24.0302,38.6743],[23.5634,38.7389]]],[[[24.1368,38.2415],[24.1591,38.2287],[24.1614,38.2661],[24.1368,38.2415]]],[[[23.4849,38.7389],[23.5634,38.7389],[23.5668,38.7946],[23.4888,38.8034],[23.4849,38.7389]]],[[[28.0833,41.068],[28.5401,41.068],[28.5278,41.0851],[28.6391,41.068],[28.6329,41.0032],[29.0268,41.0561],[29.0706,41.1302],[28.9631,41.1328],[28.975,41.2529],[28.3525,41.3922],[28.2756,41.4988],[28.2009,41.5417],[28.0833,41.068]]],[[[29.0403,41.0579],[29.1156,41.068],[29.1034,40.9447],[29.255,40.8736],[29.3668,41.1977],[29.0732,41.1505],[29.0906,41.1409],[29.0403,41.0579]]]]}},{"type":"Feature","properties":{"territoryId":"cliopatria-q131802-fdec4daa63","name":"Scythia","name_ko":"스키타이","color":"#338ae1","colorFamily":0,"startYear":-403,"endYear":-350,"source_name":"Cliopatria v0.2.0","source_url":"https://github.com/Seshat-Global-History-Databank/cliopatria","license":"CC BY 4.0","attribution":"Seshat Global History Databank, Cliopatria contributors"},"geometry":{"type":"MultiPolygon","coordinates":[[[[31.5093,46.372],[31.5803,46.2628],[32.1501,46.1547],[31.6182,46.2592],[31.5093,46.372]]],[[[26.9181,49.0304],[27.21,48.4],[27.6081,48.0108],[29.3864,47.1515],[30.8462,47.1966],[31.8282,47.3496],[32.3392,47.2551],[32.8567,46.9299],[32.2994,46.5761],[32.6455,46.6496],[32.3997,46.4783],[31.5871,46.5455],[32.0078,46.449],[32.0619,46.3938],[31.8326,46.2828],[31.8858,46.32],[32.1287,46.2097],[32.2693,46.2046],[32.2522,46.1526],[32.4768,46.0837],[33.1896,46.1741],[33.2351,46.2238],[33.2225,46.1652],[33.4299,46.0576],[33.5575,46.0876],[33.5325,46.1215],[33.5965,46.1557],[33.6621,45.9528],[33.777,45.9296],[33.6935,45.9145],[33.6917,45.8607],[33.41,45.8266],[32.508,45.4038],[32.6113,45.3281],[32.9406,45.3425],[33.2615,45.1708],[34.4625,45.1101],[35.0464,45.2971],[35.2421,45.4648],[34.8744,45.9261],[34.8123,46.1767],[35.208,46.4258],[35.1883,46.5124],[35.2845,46.4374],[35.2676,46.3511],[35.3421,46.3358],[35.2004,46.183],[35.0146,46.106],[35.1323,46.1259],[35.4915,46.448],[35.9016,46.6527],[36.3199,46.6702],[36.634,46.78],[36.8008,46.7173],[36.8537,46.8005],[37.5432,47.0793],[37.5214,47.4933],[38.1982,47.6366],[39.0542,47.9975],[39.9632,47.9486],[40.2087,47.5829],[40.1357,47.0882],[39.3793,46.5662],[39.0342,46.1954],[42.8695,47.1875],[44.6743,47.9575],[45.444,48.611],[45.5236,49.429],[45.3378,50.0295],[44.5151,51.5396],[44.0904,51.9667],[42.5245,52.4708],[41.3301,52.6161],[39.2864,52.6],[33.5269,52.1625],[28.2451,50.9915],[27.3958,50.7066],[26.9181,50.2506],[26.9181,49.0304]],[[27.5697,48.48],[27.583,48.486],[27.6048,48.4841],[27.5697,48.48]],[[30.5516,51.2416],[30.5566,51.2673],[30.5553,51.2435],[30.5516,51.2416]],[[33.8462,46.1957],[34.0639,46.1063],[34.0259,46.1164],[33.8462,46.1957]],[[34.0729,46.1039],[34.1273,46.0958],[34.1052,46.0954],[34.0729,46.1039]],[[39.6811,49.0203],[39.6983,49.0284],[39.7233,49.0273],[39.6811,49.0203]],[[39.8092,48.5838],[39.8353,48.5735],[39.8551,48.5561],[39.8092,48.5838]],[[39.8848,48.279],[39.9574,48.2934],[39.9789,48.2901],[39.8848,48.279]],[[39.9669,48.2288],[39.9809,48.2434],[39.9776,48.2355],[39.9669,48.2288]],[[40.0298,48.8243],[40.0528,48.8497],[40.0387,48.83],[40.0298,48.8243]]],[[[31.5549,46.5543],[31.5757,46.5486],[31.5681,46.553],[31.5549,46.5543]]]]}},{"type":"Feature","properties":{"territoryId":"cliopatria-q131802-fdec4daa63","name":"Scythia","name_ko":"스키타이","color":"#338ae1","colorFamily":0,"startYear":-349,"endYear":-225,"source_name":"Cliopatria v0.2.0","source_url":"https://github.com/Seshat-Global-History-Databank/cliopatria","license":"CC BY 4.0","attribution":"Seshat Global History Databank, Cliopatria contributors"},"geometry":{"type":"MultiPolygon","coordinates":[[[[31.5093,46.372],[31.5803,46.2628],[32.1501,46.1547],[31.6182,46.2592],[31.5093,46.372]]],[[[26.3375,49.0521],[26.7621,48.1571],[27.638,47.5157],[29.204,46.8664],[30.0035,46.8188],[30.9026,47.183],[31.8415,47.3474],[32.651,47.1063],[32.8103,46.8347],[32.2737,46.5859],[32.6455,46.6496],[32.3997,46.4783],[31.5871,46.5455],[32.0078,46.449],[32.0619,46.3938],[31.8326,46.2828],[31.8858,46.32],[32.1287,46.2097],[32.2693,46.2046],[32.2522,46.1526],[32.4768,46.0837],[33.1896,46.1741],[33.2351,46.2238],[33.2225,46.1652],[33.4299,46.0576],[33.5575,46.0876],[33.5325,46.1215],[33.5965,46.1557],[33.6621,45.9528],[33.777,45.9296],[33.6935,45.9145],[33.6917,45.8607],[33.4822,45.8545],[32.508,45.4038],[32.9406,45.3425],[33.2615,45.1708],[34.5686,45.1288],[35.0464,45.3251],[35.2477,45.459],[34.8744,45.9261],[34.8123,46.1767],[35.208,46.4258],[35.1883,46.5124],[35.2845,46.4374],[35.2676,46.3511],[35.3421,46.3358],[35.2004,46.183],[35.0146,46.106],[35.1323,46.1259],[35.4915,46.448],[35.9016,46.6527],[36.3199,46.6702],[36.634,46.78],[36.8006,46.7166],[36.8537,46.8005],[37.0288,46.8756],[37.3398,46.9169],[37.5358,47.074],[37.5114,47.5068],[38.3873,47.6991],[38.9447,47.9708],[35.7597,49.8972],[32.734,51.2456],[31.9908,51.3617],[30.5576,51.312],[28.6466,51.0458],[26.9745,50.475],[26.3375,49.4678],[26.3375,49.0521]],[[26.7359,48.2918],[26.7638,48.2885],[26.7546,48.2861],[26.7359,48.2918]],[[26.7757,48.2543],[26.8049,48.2583],[26.8153,48.2528],[26.7757,48.2543]],[[26.7775,48.3662],[26.7894,48.3259],[26.7882,48.3159],[26.7775,48.3662]],[[26.7784,48.2922],[26.7867,48.3028],[26.7857,48.2941],[26.7784,48.2922]],[[26.9666,48.1434],[27.0199,48.1321],[27.0127,48.1281],[26.9666,48.1434]],[[27.0343,48.1018],[27.0461,48.1194],[27.0474,48.1165],[27.0343,48.1018]],[[27.0365,48.1286],[27.0428,48.1273],[27.044,48.1244],[27.0365,48.1286]],[[27.5697,48.48],[27.583,48.486],[27.6048,48.4841],[27.5697,48.48]],[[30.5516,51.2416],[30.5566,51.2673],[30.5553,51.2435],[30.5516,51.2416]],[[33.8462,46.1957],[34.0639,46.1063],[34.0259,46.1164],[33.8462,46.1957]],[[34.0729,46.1039],[34.1273,46.0958],[34.1052,46.0954],[34.0729,46.1039]]],[[[31.5549,46.5543],[31.5757,46.5486],[31.5681,46.553],[31.5549,46.5543]]]]}},{"type":"Feature","properties":{"territoryId":"cliopatria-q2338980-448f3782a1","name":"Second Athenian League","name_ko":"제2차 아테네 동맹","color":"#4bdda0","colorFamily":2,"startYear":-365,"endYear":-350,"source_name":"Cliopatria v0.2.0","source_url":"https://github.com/Seshat-Global-History-Databank/cliopatria","license":"CC BY 4.0","attribution":"Seshat Global History Databank, Cliopatria contributors"},"geometry":{"type":"MultiPolygon","coordinates":[[[[25.3418,37.083],[25.3936,36.9971],[25.5644,36.9971],[25.5727,37.126],[25.4128,37.126],[25.3418,37.083]]],[[[24.2754,37.5317],[24.3958,37.6247],[24.3728,37.6852],[24.2893,37.6453],[24.2754,37.5317]]],[[[24.9955,37.6789],[25.0113,37.6323],[25.1255,37.5559],[25.216,37.5329],[25.2593,37.59],[25.2456,37.6242],[24.9955,37.6789]]],[[[24.6878,37.9287],[24.7162,37.8791],[24.7385,37.8918],[24.9118,37.7283],[24.9944,37.7541],[24.9575,37.7744],[24.9849,37.816],[24.9434,37.8433],[24.9538,37.8707],[24.8484,37.9149],[24.7937,37.9941],[24.6936,37.9658],[24.6878,37.9287]]],[[[23.2864,38.0288],[23.407,37.9951],[23.5746,38.0468],[23.5979,38.0211],[23.553,37.9805],[23.6418,37.9525],[23.6284,37.9331],[23.6802,37.9459],[23.72,37.9075],[23.9786,37.8352],[24.0224,38.0221],[23.989,38.1226],[24.0512,38.145],[24.0654,38.2059],[23.951,38.2909],[23.6777,38.3539],[23.2975,38.2224],[23.2864,38.0288]]],[[[23.4383,37.9863],[23.5436,37.9569],[23.5182,37.9991],[23.4383,37.9863]]],[[[23.5592,37.9525],[23.5674,37.9502],[23.5735,37.9525],[23.5592,37.9525]]],[[[23.8158,38.4017],[23.8438,38.4057],[23.8565,38.4032],[23.8573,38.416],[23.8158,38.4017]]],[[[20.339,38.2002],[20.3801,38.1518],[20.4253,38.1753],[20.4351,38.2788],[20.5098,38.1797],[20.4688,38.1928],[20.4943,38.1337],[20.7865,38.0933],[20.7887,38.1412],[20.6817,38.2821],[20.6429,38.2534],[20.5991,38.3026],[20.6258,38.3518],[20.5664,38.416],[20.5411,38.416],[20.5298,38.3375],[20.479,38.3095],[20.3999,38.3641],[20.339,38.2002]]],[[[20.6878,38.3367],[20.7194,38.3156],[20.7387,38.3189],[20.6951,38.3434],[20.6878,38.3367]]],[[[24.4362,38.878],[24.557,38.8457],[24.574,38.8098],[24.5368,38.7918],[24.6643,38.7732],[24.6673,38.8185],[24.5786,38.8756],[24.574,38.9326],[24.523,38.9643],[24.4611,38.9677],[24.4362,38.878]]],[[[20.7414,38.8034],[20.8984,38.8034],[21.0459,38.6097],[21.1243,38.6097],[21.5397,39.0618],[21.4611,39.0618],[21.4713,39.2557],[21.1566,39.2557],[21.0682,39.0618],[21.1467,39.0618],[21.1608,38.9742],[21.1407,38.9402],[21.1774,38.876],[21.1023,38.9108],[21.0852,38.8643],[21.0256,38.898],[21.0274,38.9326],[20.7572,38.9326],[20.7645,38.8918],[20.8052,38.8677],[20.7494,38.8572],[20.7414,38.8034]]],[[[19.7578,39.6436],[19.9065,39.5814],[19.9148,39.6295],[19.845,39.6527],[19.8391,39.6799],[19.8416,39.7042],[19.9197,39.7355],[19.9214,39.7729],[19.7637,39.7729],[19.7578,39.6436]]],[[[25.0447,39.9853],[25.0682,39.9208],[25.047,39.8376],[25.1649,39.8591],[25.1606,39.8376],[25.2043,39.8376],[25.1773,39.845],[25.2251,39.8854],[25.1971,39.8928],[25.2388,39.9195],[25.2798,39.8891],[25.2388,39.8581],[25.3551,39.8376],[25.3416,39.8839],[25.3685,39.899],[25.348,39.9064],[25.4499,39.9884],[25.4377,40.0317],[25.2852,39.9534],[25.2251,40.0089],[25.0447,39.9853]]],[[[23.7085,40.1832],[23.7933,40.0938],[23.8267,40.0089],[23.8449,40.0241],[23.9215,39.967],[23.9987,39.9748],[24.0192,40.0163],[23.9868,40.0422],[23.9912,40.1187],[23.7619,40.2259],[23.7085,40.1832]]],[[[25.7052,40.1144],[26.0122,40.1666],[25.9631,40.1571],[25.9719,40.2211],[25.926,40.2428],[25.759,40.2067],[25.7099,40.1758],[25.7052,40.1144]]],[[[24.5197,40.6853],[24.5313,40.6356],[24.6397,40.5732],[24.7801,40.6122],[24.7658,40.6697],[24.7864,40.7078],[24.7593,40.7234],[24.7864,40.7351],[24.7317,40.7835],[24.6423,40.8039],[24.5197,40.6853]]],[[[27.708,36.1688],[27.714,36.1225],[27.7571,36.0844],[27.7311,35.9907],[27.7519,35.905],[27.8638,35.9413],[27.9934,36.062],[28.0896,36.0551],[28.0964,36.1035],[28.0617,36.1165],[28.1634,36.2377],[28.2311,36.4498],[27.8997,36.3402],[27.8032,36.2702],[27.772,36.1978],[27.708,36.1688]]],[[[28.1092,36.6749],[28.1874,36.6821],[28.1918,36.7393],[28.114,36.7393],[28.1092,36.6749]]],[[[27.565,36.6749],[27.678,36.6934],[27.7194,36.7563],[27.9491,36.757],[27.8971,36.8123],[27.76,36.7813],[27.6454,36.8065],[27.565,36.6749]]],[[[26.9177,36.7161],[26.9303,36.7011],[26.9845,36.7229],[26.992,36.7536],[27.1854,36.8037],[27.1442,36.8811],[26.986,36.7676],[26.9264,36.7656],[26.9177,36.7161]]],[[[28.1918,36.7393],[28.2695,36.7393],[28.2394,36.8093],[28.1918,36.7393]]],[[[28.2668,36.8497],[28.315,36.8291],[28.2782,36.8037],[28.3522,36.8037],[28.3571,36.8682],[28.4349,36.8682],[28.367,36.9971],[28.2668,36.8497]]],[[[27.2288,37.0618],[27.2632,36.9634],[27.3081,36.9594],[27.3286,37.0141],[27.3765,37.0277],[27.3821,36.9996],[27.4385,37.124],[27.2529,37.124],[27.2944,37.1103],[27.2288,37.0618]]],[[[25.99,37.5165],[26.2306,37.5714],[26.3083,37.6267],[26.312,37.6796],[26.1974,37.6323],[26.0742,37.6379],[25.99,37.5165]]],[[[26.5861,37.7489],[26.6229,37.6789],[26.7083,37.7136],[26.7874,37.6472],[26.8693,37.6447],[27.017,37.7094],[27.0222,37.7803],[26.9451,37.7887],[26.9661,37.7477],[26.8064,37.8145],[26.6581,37.7928],[26.5861,37.7489]]],[[[27.0115,37.6657],[27.0137,37.6651],[27.0142,37.6717],[27.0115,37.6657]]],[[[25.8407,38.5224],[25.9439,38.4534],[25.9507,38.4057],[25.989,38.3793],[25.9644,38.3026],[25.885,38.2794],[25.8898,38.2206],[26.0115,38.1578],[26.0401,38.2002],[26.1121,38.2226],[26.1022,38.2617],[26.1581,38.329],[26.1541,38.4673],[26.1219,38.4875],[26.1636,38.5428],[26.1307,38.5672],[26.1082,38.5428],[26.0159,38.602],[25.8696,38.5831],[25.8407,38.5224]]],[[[25.8359,39.1822],[26.1021,39.1115],[26.1602,39.1833],[26.2256,39.2076],[26.2935,39.1772],[26.1002,39.0858],[26.1657,39.0224],[26.4242,38.9674],[26.5471,38.9879],[26.437,39.1035],[26.4893,39.1137],[26.5266,39.0834],[26.5394,39.0194],[26.61,39.0229],[26.5397,39.166],[26.3822,39.2771],[26.4074,39.3347],[26.1658,39.3681],[26.1628,39.3236],[26.0606,39.2895],[25.9226,39.2911],[25.8421,39.228],[25.8359,39.1822]]],[[[26.2568,40.0964],[26.3655,40.1641],[26.3456,40.1998],[26.6016,40.3461],[26.673,40.4249],[26.6047,40.4849],[26.3567,40.3554],[26.3514,40.2906],[26.2723,40.2906],[26.2568,40.0964]]],[[[26.4052,40.1887],[26.4158,40.1953],[26.408,40.1937],[26.4052,40.1887]]],[[[23.6143,40.744],[23.7227,40.744],[23.8421,40.7834],[24.0106,40.744],[24.3466,41.0032],[25.3785,41.0032],[26.0822,40.8736],[26.1403,40.6144],[26.304,40.6792],[26.6264,40.744],[26.7335,40.65],[26.7904,40.6606],[26.8289,40.602],[26.814,40.5793],[26.8709,40.5293],[26.9576,40.5584],[27.0172,40.6792],[27.5275,41.068],[27.9814,41.0145],[28.0923,41.0638],[28.2058,41.522],[27.8078,41.522],[27.6306,41.3274],[27.0856,41.4571],[26.983,41.1977],[26.4952,41.068],[25.1606,41.2625],[24.0384,41.1328],[23.6277,40.9384],[23.6143,40.744]]]]}},{"type":"Feature","properties":{"territoryId":"cliopatria-q2338980-448f3782a1","name":"Second Athenian League","name_ko":"제2차 아테네 동맹","color":"#4bdda0","colorFamily":2,"startYear":-349,"endYear":-337,"source_name":"Cliopatria v0.2.0","source_url":"https://github.com/Seshat-Global-History-Databank/cliopatria","license":"CC BY 4.0","attribution":"Seshat Global History Databank, Cliopatria contributors"},"geometry":{"type":"MultiPolygon","coordinates":[[[[24.2754,37.5317],[24.313,37.5382],[24.3958,37.6247],[24.3728,37.6852],[24.3304,37.684],[24.3206,37.6789],[24.3279,37.665],[24.2893,37.6453],[24.2754,37.5317]]],[[[24.9955,37.6789],[25.0113,37.6323],[25.1255,37.5559],[25.216,37.5329],[25.2593,37.59],[25.2456,37.6242],[25.1648,37.6458],[25.1494,37.631],[25.1227,37.6517],[25.0879,37.6447],[25.0599,37.6584],[25.0674,37.6726],[25.0532,37.6789],[24.9955,37.6789]]],[[[24.6878,37.9287],[24.718,37.8986],[24.7162,37.8791],[24.7385,37.8918],[24.7942,37.8438],[24.8,37.816],[24.8166,37.8239],[24.8652,37.7738],[24.8921,37.7682],[24.9118,37.7283],[24.9944,37.7541],[24.9917,37.7682],[24.9575,37.7744],[24.9849,37.816],[24.9434,37.8433],[24.9538,37.8707],[24.9133,37.906],[24.8484,37.9149],[24.8301,37.9631],[24.7947,37.9771],[24.7937,37.9941],[24.7791,38.0002],[24.6936,37.9658],[24.6878,37.9287]]],[[[23.2864,38.0288],[23.4573,38.0236],[23.5746,38.0468],[23.5979,38.0211],[23.5597,37.9866],[23.9786,37.8352],[24.0021,38.2224],[24.0361,38.2224],[23.951,38.2909],[23.782,38.3436],[23.4617,38.3515],[23.2975,38.2224],[23.2864,38.0288]]],[[[23.5634,38.7389],[23.6355,38.5286],[23.6261,38.4806],[23.666,38.4076],[23.8438,38.4057],[23.9124,38.392],[24.0422,38.4015],[24.0669,38.351],[24.0254,38.3305],[24.1216,38.3095],[24.1009,38.2753],[24.1148,38.2753],[24.1094,38.2563],[24.1535,38.2813],[24.1617,38.2698],[24.1789,38.5451],[24.0302,38.6743],[23.9789,38.6814],[23.9478,38.6694],[23.7845,38.7083],[23.5634,38.7389]]],[[[24.1275,38.2224],[24.1591,38.2287],[24.1614,38.2661],[24.1275,38.2224]]],[[[23.4849,38.7389],[23.5634,38.7389],[23.5668,38.7946],[23.4888,38.8034],[23.4849,38.7389]]],[[[24.4362,38.878],[24.4778,38.878],[24.5051,38.8445],[24.557,38.8457],[24.574,38.8098],[24.5368,38.7918],[24.5699,38.7778],[24.6008,38.7927],[24.6138,38.7731],[24.6643,38.7732],[24.6673,38.8185],[24.5786,38.8756],[24.574,38.9326],[24.4915,38.981],[24.4611,38.9677],[24.4622,38.911],[24.4388,38.8971],[24.4362,38.878]]],[[[23.0302,39.0123],[23.0731,39.0425],[23.0315,39.0358],[23.0302,39.0123]]],[[[23.0365,38.9279],[23.3318,38.8034],[23.4651,38.8569],[23.4142,38.868],[23.3435,38.9972],[23.233,39.0202],[23.1275,39.0058],[23.0944,38.9879],[23.0868,38.9543],[23.0459,38.9468],[23.0365,38.9279]]],[[[26.9177,36.7161],[26.9303,36.7011],[26.9845,36.7229],[26.9758,36.7408],[26.992,36.7536],[27.0475,36.7751],[27.0815,36.7619],[27.1854,36.8037],[27.1442,36.8811],[27.0612,36.8393],[26.986,36.7676],[26.9588,36.7813],[26.9377,36.7608],[26.9264,36.7656],[26.9177,36.7161]]],[[[27.2288,37.0618],[27.2632,36.9634],[27.3081,36.9594],[27.3006,36.9731],[27.3265,36.986],[27.3286,37.0141],[27.3765,37.0277],[27.3821,36.9996],[27.4385,37.124],[27.2529,37.124],[27.2604,37.1103],[27.2944,37.1103],[27.2391,37.083],[27.2288,37.0618]]],[[[25.3418,37.083],[25.3821,37.0351],[25.3936,36.9971],[25.5644,36.9971],[25.5727,37.126],[25.4128,37.126],[25.3718,37.0891],[25.3418,37.083]]],[[[25.99,37.5165],[26.2306,37.5714],[26.3083,37.6267],[26.312,37.6796],[26.1974,37.6323],[26.0742,37.6379],[26.0282,37.5974],[25.99,37.5165]]],[[[26.5861,37.7489],[26.6074,37.6848],[26.6229,37.6789],[26.6572,37.7049],[26.7083,37.7136],[26.7609,37.6897],[26.7874,37.6472],[26.8693,37.6447],[26.91,37.678],[27.017,37.7094],[27.0222,37.7803],[26.994,37.784],[26.9934,37.7961],[26.9451,37.7887],[26.9661,37.7477],[26.8064,37.8145],[26.6581,37.7928],[26.6439,37.7724],[26.5861,37.7489]]],[[[27.0115,37.6657],[27.0137,37.6651],[27.0142,37.6717],[27.0115,37.6657]]],[[[25.8359,39.1822],[26.1032,39.1265],[26.1021,39.1115],[26.1602,39.1833],[26.2256,39.2076],[26.28,39.1964],[26.2935,39.1772],[26.2256,39.1318],[26.1914,39.1276],[26.1602,39.0977],[26.1002,39.0858],[26.1657,39.0224],[26.2764,39.0106],[26.4242,38.9674],[26.5471,38.9879],[26.5471,39.009],[26.437,39.1035],[26.4893,39.1137],[26.5266,39.0834],[26.5193,39.0363],[26.5394,39.0194],[26.5974,39.0119],[26.61,39.0229],[26.6123,39.0493],[26.5794,39.0753],[26.5676,39.1181],[26.5505,39.1192],[26.5266,39.1591],[26.5397,39.166],[26.4663,39.2292],[26.3822,39.2771],[26.4175,39.3305],[26.3957,39.3395],[26.1638,39.3781],[26.1725,39.3354],[26.1628,39.3236],[26.094,39.3105],[26.0606,39.2895],[26.0469,39.3032],[26.0332,39.2827],[25.9364,39.2766],[25.9226,39.2911],[25.8421,39.228],[25.8552,39.2213],[25.8359,39.1822]]]]}},{"type":"Feature","properties":{"territoryId":"cliopatria-q705904-feafb1f01a","name":"Seleucid Empire","name_ko":"셀레우코스 제국","color":"#dda44b","colorFamily":8,"startYear":-317,"endYear":-315,"source_name":"Cliopatria v0.2.0","source_url":"https://github.com/Seshat-Global-History-Databank/cliopatria","license":"CC BY 4.0","attribution":"Seshat Global History Databank, Cliopatria contributors"},"geometry":{"type":"MultiPolygon","coordinates":[[[[43.4202,32.4931],[44.459,31.5933],[44.5814,31.3362],[44.9546,31.2719],[45.7705,30.4364],[46.5906,30.3079],[46.6151,29.858],[46.8497,29.9223],[46.994,29.858],[46.9794,29.7294],[47.2897,29.7937],[47.6464,29.6009],[47.9398,29.5587],[48.0239,29.5848],[48.1406,29.5464],[48.1809,29.5622],[48.0789,29.744],[48.0524,29.743],[47.9956,29.8277],[47.9348,30.1071],[47.969,30.0041],[48.1192,30.045],[48.4119,29.9384],[48.5593,29.9466],[48.4766,29.984],[48.5971,29.9581],[48.6005,29.9865],[48.3884,30.1151],[48.4001,30.2116],[48.3292,30.2876],[48.4003,30.2138],[48.4117,30.3079],[48.2755,30.4364],[48.1455,30.4364],[48.1705,30.4067],[48.1415,30.4364],[48.0478,30.4364],[48.1031,30.8863],[47.739,31.0148],[47.7957,31.4647],[47.9813,31.7218],[47.7098,31.9789],[47.9748,32.8145],[47.8217,32.8145],[47.4151,33.2002],[46.6748,33.3931],[46.71,33.6502],[46.1485,34.0361],[45.9178,34.0361],[45.9683,33.8432],[45.8915,33.8432],[45.8567,33.5859],[46.0697,33.4574],[46.0525,33.3288],[45.8991,33.3288],[45.4654,32.943],[45.099,33.0716],[44.6311,33.0073],[44.5708,33.1359],[44.4175,33.1359],[44.2481,33.0073],[44.2084,32.6859],[43.9102,32.7502],[43.4279,32.5574],[43.4202,32.4931]],[[48.291,30.32],[48.2964,30.3198],[48.3014,30.3149],[48.291,30.32]],[[48.3811,30.1453],[48.3832,30.1481],[48.3831,30.1424],[48.3811,30.1453]],[[48.4239,30.0836],[48.4618,29.9949],[48.4531,30.0014],[48.4239,30.0836]]],[[[48.0108,29.9805],[48.1092,30.028],[48.0547,30.0245],[48.0108,29.9805]]],[[[48.0461,29.8005],[48.1858,29.6039],[48.229,29.5999],[48.3031,29.6452],[48.3527,29.7098],[48.3445,29.7906],[48.1621,29.9957],[48.1227,29.9697],[48.1974,29.9254],[48.1587,29.8792],[48.0951,29.8947],[48.1133,29.8391],[48.0461,29.8005]]]]}},{"type":"Feature","properties":{"territoryId":"cliopatria-q705904-feafb1f01a","name":"Seleucid Empire","name_ko":"셀레우코스 제국","color":"#dda44b","colorFamily":8,"startYear":-306,"endYear":-301,"source_name":"Cliopatria v0.2.0","source_url":"https://github.com/Seshat-Global-History-Databank/cliopatria","license":"CC BY 4.0","attribution":"Seshat Global History Databank, Cliopatria contributors"},"geometry":{"type":"MultiPolygon","coordinates":[[[[43.4202,32.4931],[44.459,31.5933],[44.5814,31.3362],[44.9546,31.2719],[45.7705,30.4364],[46.5906,30.3079],[46.6151,29.858],[46.8497,29.9223],[46.994,29.858],[46.9794,29.7294],[47.2897,29.7937],[47.6464,29.6009],[48.1793,29.5544],[47.9956,29.8277],[47.9348,30.1071],[47.969,30.0041],[48.1192,30.045],[48.434,29.9365],[48.5304,29.9564],[48.4766,29.984],[48.6587,29.9836],[48.6433,30.0554],[48.8904,30.0308],[48.9417,30.1651],[48.8623,30.3456],[49.0373,30.4325],[48.9456,30.4797],[48.9815,30.5156],[49.2112,30.5063],[49.2638,30.4497],[49.2029,30.3466],[49.062,30.4081],[48.9212,30.3808],[49.1614,30.2238],[49.2212,30.2646],[49.2457,30.1565],[49.4798,30.1561],[49.5322,30.0229],[49.9146,30.2039],[50.0734,30.1957],[50.1613,29.9263],[50.6553,29.4491],[50.6895,29.2908],[50.6435,29.1458],[50.8403,29.1406],[50.915,29.0867],[50.929,29.0097],[50.8345,28.8914],[51.0588,28.7359],[51.0807,28.5339],[51.2853,28.2409],[51.3979,27.9379],[51.6834,27.8306],[52.0112,27.8327],[52.4596,27.6326],[52.6701,27.4486],[52.6098,27.4123],[52.6669,27.3271],[52.9326,27.1603],[53.4441,26.9757],[53.7161,26.7086],[54.0158,26.7495],[54.3081,26.715],[54.3894,26.6051],[54.791,26.4958],[55.2708,26.7925],[55.5217,26.7846],[55.5804,26.8591],[55.5545,26.8999],[55.6659,26.9954],[55.9393,27.0267],[56.1237,27.1606],[56.353,27.2016],[56.7147,27.158],[56.8846,27.0781],[56.8677,27.0123],[56.9733,27.003],[56.9273,26.9556],[57.0524,26.8366],[57.1331,26.2637],[57.2129,26.1662],[57.1668,26.083],[57.3397,25.7812],[57.7556,25.7427],[57.7717,25.6356],[57.9632,25.6932],[58.0306,25.5971],[58.8252,25.5604],[59.044,25.3996],[59.4539,25.4616],[59.538,25.3998],[59.8446,25.3579],[60.3993,25.3579],[60.4285,25.4196],[60.5497,25.4469],[60.6321,25.3579],[60.6335,25.275],[61.0306,25.2098],[61.2236,25.1124],[61.5074,25.1467],[61.4826,25.1937],[61.5584,25.2005],[61.5545,25.2541],[61.5882,25.2021],[61.7831,25.188],[61.7205,25.0367],[61.8811,25.103],[62.0972,25.1071],[62.059,25.1616],[62.1452,25.2184],[62.2542,25.212],[62.2901,25.1241],[62.34,25.1318],[62.4894,25.2142],[62.4772,25.2591],[62.5958,25.2636],[63.1752,26.7013],[63.1896,26.846],[63.1761,26.7034],[63.2038,26.7723],[63.3625,26.8366],[63.7881,27.7367],[64.738,29.0224],[64.6624,29.0224],[64.8221,29.9865],[65.0567,30.8863],[65.7069,31.9146],[66.1518,32.236],[66.2798,32.4931],[66.625,32.6859],[66.8086,33.2002],[66.9755,33.2645],[66.9399,33.4574],[67.2961,34.0361],[67.6203,35.1297],[67.6975,35.1297],[67.7256,35.5802],[67.2463,35.5158],[67.1038,36.224],[66.483,36.224],[66.6221,36.4816],[66.5444,36.4816],[66.5754,36.6105],[67.9768,36.9326],[68.7764,37.3193],[69.0103,37.3193],[69.1161,37.126],[69.3498,37.126],[69.4509,37.5128],[70.0752,37.5128],[70.2658,37.6417],[70.1619,37.8352],[70.2147,38.0288],[70.8886,38.4806],[70.9069,38.5451],[70.5933,38.5451],[70.63,38.6743],[70.3581,38.5451],[70.3162,38.6743],[69.5679,38.8034],[69.4053,39.0618],[69.5208,39.1911],[69.3635,39.1911],[69.3592,39.4496],[69.2805,39.4496],[69.4157,39.6436],[69.3369,39.6436],[69.3342,39.9023],[69.8856,40.1612],[69.846,40.2906],[70.7377,40.6144],[70.7786,40.744],[70.6405,40.8088],[70.6817,40.9384],[70.5643,41.068],[69.8072,40.6792],[69.6097,40.8088],[69.2725,40.744],[69.1931,40.4849],[69.2722,40.4849],[69.2729,40.2259],[69.0357,40.2259],[68.997,40.0964],[68.6239,39.9023],[68.5301,39.5789],[66.2199,39.7729],[65.5638,39.967],[65.2301,39.9023],[64.8889,40.0964],[63.4669,40.0964],[62.8795,39.967],[62.5018,40.0317],[60.9495,39.5143],[60.6504,39.5789],[60.6184,39.4496],[60.2562,39.2557],[58.627,38.6743],[57.55,38.416],[56.6742,38.3515],[56.2279,38.0933],[55.2891,38.0933],[54.8456,37.8352],[54.7033,37.5128],[53.976,37.3838],[54.0947,37.1904],[54.0143,36.8211],[53.0877,36.8037],[52.1082,36.546],[52.0076,36.4172],[50.8546,36.0308],[50.4804,35.6445],[49.6082,35.5158],[49.5001,35.3227],[49.0834,35.1297],[47.9542,35.3227],[46.031,35.3871],[45.5855,35.5158],[45.994,35.1297],[45.9573,34.8723],[46.1432,34.5506],[46.1574,34.1004],[45.9178,34.0361],[45.9771,33.9075],[45.8567,33.5859],[46.0697,33.4574],[46.0525,33.3288],[45.8991,33.3288],[45.4654,32.943],[45.099,33.0716],[44.6311,33.0073],[44.5708,33.1359],[44.4175,33.1359],[44.2481,33.0073],[44.2084,32.6859],[43.9102,32.7502],[43.4279,32.5574],[43.4202,32.4931]],[[63.1896,26.846],[63.206,26.8537],[63.2467,26.8595],[63.1896,26.846]],[[48.1351,30.4429],[48.1409,30.4419],[48.1705,30.4067],[48.1351,30.4429]],[[48.291,30.32],[48.2964,30.3198],[48.3014,30.3149],[48.291,30.32]],[[48.3292,30.2876],[48.397,30.221],[48.4026,30.2088],[48.3292,30.2876]],[[48.3811,30.1453],[48.3832,30.1481],[48.3831,30.1424],[48.3811,30.1453]],[[48.4082,30.1885],[48.4085,30.1961],[48.4106,30.1915],[48.4082,30.1885]],[[48.4239,30.0836],[48.4618,29.9949],[48.4531,30.0014],[48.4239,30.0836]],[[54.7873,37.6519],[54.8136,37.7186],[54.8234,37.7283],[54.7873,37.6519]],[[56.2141,38.0688],[56.3155,38.0895],[56.2997,38.0802],[56.2141,38.0688]],[[57.1814,38.2757],[57.1859,38.2765],[57.2183,38.2651],[57.1814,38.2757]],[[61.1016,35.2353],[61.1038,35.2494],[61.1124,35.202],[61.1016,35.2353]],[[64.589,36.5802],[64.5901,36.5947],[64.6105,36.5009],[64.589,36.5802]],[[64.5911,36.6093],[64.592,36.6211],[64.5985,36.6369],[64.5911,36.6093]],[[64.614,36.6746],[64.6214,36.6926],[64.7652,36.9046],[64.614,36.6746]],[[64.7788,37.118],[64.8079,37.1355],[64.9891,37.2137],[64.7788,37.118]],[[66.0797,37.4409],[66.1545,37.3835],[66.1429,37.3851],[66.0797,37.4409]],[[66.3069,38.0804],[66.4204,38.0419],[66.4083,38.0428],[66.3069,38.0804]],[[66.4878,37.3422],[66.5196,37.3642],[66.531,37.3649],[66.4878,37.3422]],[[66.5399,38.028],[66.5542,38.0269],[66.5722,38.0184],[66.5399,38.028]],[[67.7731,37.11],[67.7741,37.1205],[67.7823,37.1029],[67.7731,37.11]],[[67.8003,37.0891],[67.8176,37.0806],[67.808,37.0832],[67.8003,37.0891]],[[69.313,39.9848],[69.314,39.9869],[69.3174,39.9848],[69.313,39.9848]],[[69.6528,40.6453],[69.6909,40.63],[69.6601,40.6387],[69.6528,40.6453]]],[[[48.0108,29.9805],[48.0311,29.971],[48.0789,30.0041],[48.1061,30.0176],[48.1092,30.028],[48.0547,30.0245],[48.0108,29.9805]]],[[[48.0461,29.8005],[48.1858,29.6039],[48.3527,29.7098],[48.3445,29.7906],[48.1621,29.9957],[48.1227,29.9697],[48.1974,29.9254],[48.0951,29.8947],[48.1133,29.8391],[48.0461,29.8005]]],[[[55.2926,26.5485],[55.8766,26.7429],[55.947,26.6963],[56.2874,26.9551],[56.2124,27.003],[55.8977,26.9068],[55.758,26.954],[55.7742,26.7969],[55.3045,26.6564],[55.2926,26.5485]]],[[[70.3404,40.3554],[70.4195,40.3554],[70.4395,40.4201],[70.3604,40.4201],[70.3404,40.3554]]]]}},{"type":"Feature","properties":{"territoryId":"cliopatria-q7462-bd1189c356","name":"Song","name_ko":"송나라","color":"#33d3e1","colorFamily":6,"startYear":-365,"endYear":-350,"source_name":"Cliopatria v0.2.0","source_url":"https://github.com/Seshat-Global-History-Databank/cliopatria","license":"CC BY 4.0","attribution":"Seshat Global History Databank, Cliopatria contributors"},"geometry":{"type":"Polygon","coordinates":[[[114.3412,34.7436],[114.6466,34.5506],[115.4942,34.5506],[115.5947,34.422],[116.107,34.3577],[116.6157,34.1004],[117.2311,34.1004],[117.7239,34.3577],[117.9657,34.7436],[117.5306,34.8079],[117.5367,35.001],[117.4102,35.0653],[117.0182,34.8723],[116.7648,35.001],[116.743,35.1297],[116.5885,35.1297],[116.5175,35.3227],[116.2856,35.3227],[116.2149,35.5158],[116.0602,35.5158],[115.9616,35.6445],[116.0465,35.8377],[115.765,35.902],[115.8017,36.1596],[115.6466,36.1596],[114.8285,35.7089],[115.0765,35.3871],[114.9939,35.194],[114.4721,34.8723],[114.3412,34.7436]]]}},{"type":"Feature","properties":{"territoryId":"cliopatria-q7462-bd1189c356","name":"Song","name_ko":"송나라","color":"#33d3e1","colorFamily":6,"startYear":-349,"endYear":-291,"source_name":"Cliopatria v0.2.0","source_url":"https://github.com/Seshat-Global-History-Databank/cliopatria","license":"CC BY 4.0","attribution":"Seshat Global History Databank, Cliopatria contributors"},"geometry":{"type":"Polygon","coordinates":[[[114.3412,34.7436],[114.6466,34.5506],[115.4942,34.5506],[115.5947,34.422],[116.107,34.3577],[116.6157,34.1004],[117.2311,34.1004],[117.7239,34.3577],[117.9657,34.7436],[117.5306,34.8079],[117.5367,35.001],[117.4102,35.0653],[117.0182,34.8723],[116.7648,35.001],[116.743,35.1297],[116.5885,35.1297],[116.5175,35.3227],[116.2856,35.3227],[116.2149,35.5158],[116.0602,35.5158],[115.9616,35.6445],[116.0465,35.8377],[115.765,35.902],[115.8017,36.1596],[115.6466,36.1596],[114.8285,35.7089],[115.0765,35.3871],[114.9939,35.194],[114.499,34.9366],[114.4721,34.8723],[114.3412,34.7436]]]}},{"type":"Feature","properties":{"territoryId":"cliopatria-q7777597-867f0bc488","name":"Thebans","name_ko":"테베인","color":"#e05c7c","colorFamily":3,"startYear":-349,"endYear":-337,"source_name":"Cliopatria v0.2.0","source_url":"https://github.com/Seshat-Global-History-Databank/cliopatria","license":"CC BY 4.0","attribution":"Seshat Global History Databank, Cliopatria contributors"},"geometry":{"type":"MultiPolygon","coordinates":[[[[21.9939,38.7389],[22.5396,38.6743],[22.6036,38.416],[22.682,38.416],[22.9881,38.2869],[22.9844,38.2214],[23.0394,38.204],[23.1447,38.2869],[23.3013,38.2869],[23.2975,38.2224],[23.4617,38.3515],[23.6821,38.3515],[23.625,38.414],[23.594,38.4261],[23.5962,38.4468],[23.5735,38.4534],[23.6013,38.4739],[23.5929,38.4806],[23.3126,38.4806],[23.1254,38.6425],[23.0905,38.6491],[23.0763,38.6849],[22.999,38.7518],[22.9149,38.7756],[22.8672,38.7551],[22.8293,38.7861],[22.7783,38.7817],[22.7026,38.8507],[22.6411,38.8302],[22.5934,38.8302],[22.6003,38.8445],[22.5828,38.832],[22.5539,38.8481],[22.5729,38.8643],[22.5251,38.8581],[22.5251,38.8809],[22.1685,39.0618],[22.0078,38.9972],[21.9939,38.7389]]],[[[22.833,38.8227],[22.9415,38.8412],[22.9431,38.868],[22.8652,38.868],[22.8338,38.8454],[22.833,38.8227]]],[[[23.594,38.4534],[23.6144,38.4609],[23.6492,38.4057],[23.666,38.4076],[23.6261,38.4806],[23.594,38.4534]]]]}},{"type":"Feature","properties":{"territoryId":"cliopatria-q386303-f0d3244a75","name":"Thirtieth Dynasty of Egypt","name_ko":"이집트 제30왕조","color":"#3a69d9","colorFamily":0,"startYear":-365,"endYear":-350,"source_name":"Cliopatria v0.2.0","source_url":"https://github.com/Seshat-Global-History-Databank/cliopatria","license":"CC BY 4.0","attribution":"Seshat Global History Databank, Cliopatria contributors"},"geometry":{"type":"MultiPolygon","coordinates":[[[[18.7346,29.9865],[19.5719,30.1151],[19.6514,30.2436],[19.9567,30.3079],[20.5822,30.8863],[20.9623,30.8863],[21.034,30.7578],[22.1643,30.5007],[23.0754,30.5007],[24.3412,29.9223],[24.9306,29.5366],[24.9224,29.3438],[25.0764,29.4081],[25.295,29.2152],[25.2895,29.0867],[25.8717,28.5724],[26.0816,28.1867],[26.6627,27.6724],[26.582,27.5438],[26.7325,27.5438],[27.2376,27.0295],[27.3021,26.7723],[27.4497,26.708],[27.5842,26.3222],[27.7317,26.258],[28.1511,25.4864],[28.1438,25.2936],[28.2886,25.165],[28.4217,24.7149],[29.6728,24.2006],[29.9595,23.8792],[30.1087,23.8792],[30.104,23.7506],[30.3952,23.5577],[30.4627,23.3649],[31.6705,23.7506],[32.0409,23.6863],[33.389,23.8149],[33.7564,23.6863],[35.108,23.8792],[35.4808,23.8253],[35.5139,23.9771],[35.7925,23.9023],[35.7386,23.9833],[35.4938,24.1089],[35.3919,24.2828],[35.1446,24.5002],[35.1603,24.5746],[34.5466,25.725],[34.3387,26.0018],[34.014,26.6116],[33.9414,26.6535],[33.9961,26.8966],[33.8368,27.1208],[33.8384,27.2426],[33.6917,27.3419],[33.4963,27.6466],[33.5877,27.651],[33.5579,27.7599],[33.4735,27.8232],[33.5921,27.7912],[33.5544,27.8965],[33.2494,28.1429],[33.0029,28.4895],[32.8689,28.5789],[32.8069,28.7781],[32.6255,28.9727],[32.6589,29.1108],[32.5812,29.3691],[32.3377,29.5925],[32.5092,29.8664],[32.4679,29.9152],[32.5134,29.9616],[32.5715,29.9426],[32.5778,30.0114],[32.5828,29.9411],[32.914,30.0508],[32.8609,30.3722],[32.7182,30.5007],[32.8175,30.822],[32.7415,30.822],[32.7556,31.0148],[32.8317,31.0148],[32.8364,31.0791],[32.7007,31.0387],[32.6665,31.0523],[32.7614,31.0791],[32.5322,31.0791],[32.3894,31.2076],[32.2625,31.1696],[32.3039,31.0791],[31.9996,31.0791],[31.9063,31.2516],[31.7806,31.2076],[31.8077,31.2812],[31.7691,31.2988],[31.8741,31.4647],[31.2658,31.4647],[31.1215,31.5275],[31.0291,31.5185],[30.9807,31.4365],[30.7985,31.4465],[30.7344,31.3881],[30.5427,31.395],[30.6916,31.4647],[30.352,31.4647],[30.3019,31.3422],[30.3388,31.2719],[30.2887,31.2379],[29.9904,31.2719],[29.8315,31.1513],[29.8696,31.0791],[29.6332,30.9506],[29.5543,30.9848],[29.4481,30.9336],[29.3971,30.822],[28.865,30.822],[28.4964,31.0148],[27.5149,31.1434],[27.2975,31.3362],[26.9303,31.4411],[25.248,31.4647],[25.102,31.5933],[25.1097,31.7462],[24.8925,31.9789],[24.0907,32.0058],[23.3122,32.1627],[23.1486,32.236],[23.1863,32.295],[23.0806,32.3341],[23.0894,32.6216],[22.1138,32.9413],[21.8305,32.9099],[21.5698,32.8788],[21.4117,32.7502],[21.0578,32.7736],[20.8712,32.6216],[20.7962,32.6428],[20.6898,32.6041],[20.7159,32.5574],[20.563,32.5574],[20.482,32.4288],[20.417,32.4565],[20.3255,32.4098],[20.2461,32.236],[20.0715,32.1764],[19.9961,31.5933],[20.2143,31.2719],[20.1221,30.7578],[19.5014,30.3079],[19.0568,30.2662],[18.8944,30.3079],[18.7346,29.9865]],[[24.6883,30.1442],[24.6887,30.1828],[24.6967,30.127],[24.6883,30.1442]],[[24.6887,30.1828],[24.7629,30.3171],[24.767,30.3214],[24.6887,30.1828]]],[[[23.1087,32.4023],[23.1284,32.3955],[23.1313,32.4072],[23.1096,32.4164],[23.1087,32.4023]]],[[[30.1795,31.2714],[30.1849,31.2719],[30.1795,31.2719],[30.1795,31.2714]]],[[[30.2409,31.2653],[30.2648,31.2719],[30.2479,31.2719],[30.2409,31.2653]]],[[[30.9691,31.5785],[30.9739,31.5799],[30.9739,31.5867],[30.9695,31.5854],[30.9691,31.5785]]],[[[30.978,31.5843],[31.119,31.5305],[31.1608,31.5935],[30.978,31.5843]]],[[[33.9551,26.79],[34.0036,26.7082],[34.0029,26.7316],[33.9756,26.79],[33.9551,26.79]]]]}},{"type":"Feature","properties":{"territoryId":"cliopatria-q386303-f0d3244a75","name":"Thirtieth Dynasty of Egypt","name_ko":"이집트 제30왕조","color":"#3a69d9","colorFamily":0,"startYear":-349,"endYear":-337,"source_name":"Cliopatria v0.2.0","source_url":"https://github.com/Seshat-Global-History-Databank/cliopatria","license":"CC BY 4.0","attribution":"Seshat Global History Databank, Cliopatria contributors"},"geometry":{"type":"MultiPolygon","coordinates":[[[[18.7346,29.9865],[19.5719,30.1151],[19.6514,30.2436],[19.9567,30.3079],[20.5822,30.8863],[20.9623,30.8863],[21.034,30.7578],[22.1643,30.5007],[23.0754,30.5007],[24.3412,29.9223],[24.9306,29.5366],[24.9224,29.3438],[25.0764,29.4081],[25.295,29.2152],[25.2895,29.0867],[25.8717,28.5724],[26.0816,28.1867],[26.6627,27.6724],[26.582,27.5438],[26.7325,27.5438],[27.2376,27.0295],[27.3021,26.7723],[27.4497,26.708],[27.5842,26.3222],[27.7317,26.258],[28.1511,25.4864],[28.1438,25.2936],[28.2886,25.165],[28.4217,24.7149],[29.6728,24.2006],[29.9595,23.8792],[30.1087,23.8792],[30.104,23.7506],[30.3952,23.5577],[30.4627,23.3649],[31.6705,23.7506],[32.0409,23.6863],[33.389,23.8149],[33.7564,23.6863],[35.108,23.8792],[35.4808,23.8253],[35.5139,23.9771],[35.7925,23.9023],[35.7386,23.9833],[35.4938,24.1089],[35.3919,24.2828],[35.1446,24.5002],[35.1603,24.5746],[34.5466,25.725],[34.3387,26.0018],[34.014,26.6116],[33.9414,26.6535],[33.9961,26.8966],[33.8368,27.1208],[33.8384,27.2426],[33.6917,27.3419],[33.4963,27.6466],[33.5877,27.651],[33.5579,27.7599],[33.4735,27.8232],[33.5921,27.7912],[33.5544,27.8965],[33.2494,28.1429],[33.0029,28.4895],[32.8689,28.5789],[32.8069,28.7781],[32.6255,28.9727],[32.6589,29.1108],[32.5812,29.3691],[32.3377,29.5925],[32.5092,29.8664],[32.4679,29.9152],[32.5134,29.9616],[32.5715,29.9426],[32.5778,30.0114],[32.5828,29.9411],[32.914,30.0508],[32.8609,30.3722],[32.7182,30.5007],[32.8175,30.822],[32.7415,30.822],[32.7556,31.0148],[32.8317,31.0148],[32.8364,31.0791],[32.7007,31.0387],[32.6665,31.0523],[32.7614,31.0791],[32.5322,31.0791],[32.3894,31.2076],[32.2625,31.1696],[32.3039,31.0791],[31.9996,31.0791],[31.9063,31.2516],[31.7806,31.2076],[31.8077,31.2812],[31.7691,31.2988],[31.8741,31.4647],[31.2658,31.4647],[31.1215,31.5275],[31.0291,31.5185],[30.9807,31.4365],[30.7985,31.4465],[30.7344,31.3881],[30.5427,31.395],[30.6916,31.4647],[30.352,31.4647],[30.3019,31.3422],[30.3388,31.2719],[30.2887,31.2379],[29.9904,31.2719],[29.8315,31.1513],[29.8696,31.0791],[29.6332,30.9506],[29.5543,30.9848],[29.4481,30.9336],[29.3971,30.822],[28.865,30.822],[28.4964,31.0148],[27.5149,31.1434],[27.2975,31.3362],[26.9303,31.4411],[25.248,31.4647],[25.102,31.5933],[25.1097,31.7462],[24.8925,31.9789],[24.0907,32.0058],[23.3122,32.1627],[23.1486,32.236],[23.1863,32.295],[23.0806,32.3341],[23.0894,32.6216],[22.1138,32.9413],[21.8305,32.9099],[21.5698,32.8788],[21.4117,32.7502],[21.0578,32.7736],[20.8712,32.6216],[20.7962,32.6428],[20.6898,32.6041],[20.7159,32.5574],[20.563,32.5574],[20.482,32.4288],[20.417,32.4565],[20.3255,32.4098],[20.2461,32.236],[20.0715,32.1764],[19.9961,31.5933],[20.2143,31.2719],[20.1221,30.7578],[19.5014,30.3079],[19.0568,30.2662],[18.8944,30.3079],[18.7346,29.9865]],[[24.6883,30.1442],[24.6887,30.1828],[24.6967,30.127],[24.6883,30.1442]],[[24.6887,30.1828],[24.7629,30.3171],[24.767,30.3214],[24.6887,30.1828]]],[[[23.1087,32.4023],[23.1284,32.3955],[23.1313,32.4072],[23.1096,32.4164],[23.1087,32.4023]]],[[[30.1795,31.2714],[30.1849,31.2719],[30.1795,31.2719],[30.1795,31.2714]]],[[[30.2409,31.2653],[30.2648,31.2719],[30.2479,31.2719],[30.2409,31.2653]]],[[[30.9691,31.5785],[30.9739,31.5799],[30.9739,31.5867],[30.9695,31.5854],[30.9691,31.5785]]],[[[30.978,31.5843],[31.119,31.5305],[31.1608,31.5935],[30.978,31.5843]]],[[[33.9551,26.79],[34.0036,26.7082],[34.0029,26.7316],[33.9756,26.79],[33.9551,26.79]]]]}},{"type":"Feature","properties":{"territoryId":"cliopatria-q320930-a16f080ecc","name":"Wei","name_ko":"위나라","color":"#5ce0bc","colorFamily":2,"startYear":-365,"endYear":-350,"source_name":"Cliopatria v0.2.0","source_url":"https://github.com/Seshat-Global-History-Databank/cliopatria","license":"CC BY 4.0","attribution":"Seshat Global History Databank, Cliopatria contributors"},"geometry":{"type":"Polygon","coordinates":[[[112.5719,37.4483],[113.0489,37.126],[113.2826,37.126],[113.7598,36.8037],[113.9931,36.8037],[113.9353,36.6749],[114.0908,36.6749],[114.0619,36.6105],[114.9075,36.9326],[115.3449,36.8682],[115.4417,36.7393],[115.6067,36.4172],[116.6147,37.2549],[117.1971,38.6097],[117.0403,38.6097],[117.0078,38.5451],[116.1454,38.5451],[116.3993,38.7389],[116.1639,38.7389],[116.2618,38.9326],[116.0919,39.0618],[116.1009,39.385],[115.8648,39.385],[116.1021,39.8376],[116.0232,39.8376],[115.8997,39.9023],[115.8312,39.7729],[115.4479,39.6436],[114.359,38.7389],[114.0917,38.6743],[114.1069,38.5451],[113.2674,37.7707],[112.6499,37.4483],[112.5719,37.4483]]]}},{"type":"Feature","properties":{"territoryId":"cliopatria-q320930-a16f080ecc","name":"Wei","name_ko":"위나라","color":"#5ce0bc","colorFamily":2,"startYear":-349,"endYear":-337,"source_name":"Cliopatria v0.2.0","source_url":"https://github.com/Seshat-Global-History-Databank/cliopatria","license":"CC BY 4.0","attribution":"Seshat Global History Databank, Cliopatria contributors"},"geometry":{"type":"Polygon","coordinates":[[[113.6343,37.3838],[114.6068,37.126],[115.1462,37.4483],[114.9482,37.1904],[114.9075,36.9326],[116.123,36.8682],[116.6147,37.2549],[117.1971,38.6097],[117.0403,38.6097],[117.0078,38.5451],[116.1454,38.5451],[116.3993,38.7389],[116.1639,38.7389],[116.2618,38.9326],[116.0919,39.0618],[116.1009,39.385],[115.8648,39.385],[116.1021,39.8376],[116.0232,39.8376],[115.8997,39.9023],[115.8312,39.7729],[115.4479,39.6436],[114.359,38.7389],[114.0917,38.6743],[114.1069,38.5451],[113.8561,38.3515],[113.825,38.2869],[113.6343,37.3838]]]}},{"type":"Feature","properties":{"territoryId":"cliopatria-q320930-a16f080ecc","name":"Wei","name_ko":"위나라","color":"#5ce0bc","colorFamily":2,"startYear":-336,"endYear":-326,"source_name":"Cliopatria v0.2.0","source_url":"https://github.com/Seshat-Global-History-Databank/cliopatria","license":"CC BY 4.0","attribution":"Seshat Global History Databank, Cliopatria contributors"},"geometry":{"type":"Polygon","coordinates":[[[113.6159,37.5128],[113.6939,37.5128],[113.6343,37.3838],[113.9165,37.3193],[113.9352,37.1904],[114.1986,37.2549],[114.169,37.1904],[114.6068,37.126],[115.1462,37.4483],[114.9482,37.1904],[114.9075,36.9326],[116.123,36.8682],[116.6147,37.2549],[117.1971,38.6097],[117.0403,38.6097],[117.0078,38.5451],[116.1454,38.5451],[116.3993,38.7389],[116.1639,38.7389],[116.2618,38.9326],[116.0919,39.0618],[116.1009,39.385],[115.8648,39.385],[116.1021,39.8376],[116.0232,39.8376],[115.8997,39.9023],[115.8312,39.7729],[115.4479,39.6436],[114.359,38.7389],[114.0917,38.6743],[114.1069,38.5451],[113.8561,38.3515],[113.825,38.2869],[113.6159,37.5128]]]}},{"type":"Feature","properties":{"territoryId":"cliopatria-q320930-a16f080ecc","name":"Wei","name_ko":"위나라","color":"#5ce0bc","colorFamily":2,"startYear":-325,"endYear":-291,"source_name":"Cliopatria v0.2.0","source_url":"https://github.com/Seshat-Global-History-Databank/cliopatria","license":"CC BY 4.0","attribution":"Seshat Global History Databank, Cliopatria contributors"},"geometry":{"type":"Polygon","coordinates":[[[112.1113,39.9023],[112.236,39.8376],[112.1701,39.7083],[113.1163,39.7083],[113.0832,39.6436],[113.8051,39.5143],[113.7721,39.4496],[113.9296,39.4496],[113.8967,39.385],[114.0542,39.385],[114.146,39.2557],[114.1133,39.1911],[114.2706,39.1911],[114.3361,39.3203],[114.8083,39.3203],[114.359,38.7389],[113.8873,38.416],[113.7016,38.0288],[113.7798,38.0288],[113.6343,37.3838],[113.9165,37.3193],[113.9352,37.1904],[114.1986,37.2549],[114.169,37.1904],[114.6068,37.126],[115.1462,37.4483],[114.9482,37.1904],[114.9075,36.9326],[116.123,36.8682],[116.6147,37.2549],[117.1971,38.6097],[117.0403,38.6097],[117.0078,38.5451],[116.1454,38.5451],[116.3993,38.7389],[116.1639,38.7389],[116.2618,38.9326],[116.0919,39.0618],[116.1009,39.385],[115.8648,39.385],[116.1021,39.8376],[115.5498,39.8376],[115.3714,40.0964],[115.2924,40.0964],[115.1594,40.2906],[114.5267,40.2906],[114.5962,40.4201],[113.0927,40.4201],[112.7419,40.3554],[112.1113,39.9023]]]}},{"type":"Feature","properties":{"territoryId":"cliopatria-q1147897-ca7c9c4854","name":"Wey","name_ko":"위나라 (衛)","color":"#3392e1","colorFamily":0,"startYear":-365,"endYear":-350,"source_name":"Cliopatria v0.2.0","source_url":"https://github.com/Seshat-Global-History-Databank/cliopatria","license":"CC BY 4.0","attribution":"Seshat Global History Databank, Cliopatria contributors"},"geometry":{"type":"Polygon","coordinates":[[[114.5815,36.0308],[114.8285,35.7089],[115.6466,36.1596],[115.6753,36.224],[115.5977,36.224],[115.6553,36.3528],[115.5777,36.3528],[115.6067,36.4172],[115.4417,36.7393],[114.6098,36.0952],[114.5815,36.0308]]]}},{"type":"Feature","properties":{"territoryId":"cliopatria-q1147897-ca7c9c4854","name":"Wey","name_ko":"위나라 (衛)","color":"#3392e1","colorFamily":0,"startYear":-349,"endYear":-284,"source_name":"Cliopatria v0.2.0","source_url":"https://github.com/Seshat-Global-History-Databank/cliopatria","license":"CC BY 4.0","attribution":"Seshat Global History Databank, Cliopatria contributors"},"geometry":{"type":"Polygon","coordinates":[[[114.5815,36.0308],[114.8285,35.7089],[115.6466,36.1596],[115.6753,36.224],[115.5977,36.224],[115.6553,36.3528],[115.5777,36.3528],[115.6067,36.4172],[115.3639,36.7393],[114.6098,36.0952],[114.5815,36.0308]]]}},{"type":"Feature","properties":{"territoryId":"cliopatria-q2650109-24ef6e0cc9","name":"Xu","name_ko":"서나라","color":"#d8e77e","colorFamily":7,"startYear":-403,"endYear":-291,"source_name":"Cliopatria v0.2.0","source_url":"https://github.com/Seshat-Global-History-Databank/cliopatria","license":"CC BY 4.0","attribution":"Seshat Global History Databank, Cliopatria contributors"},"geometry":{"type":"Polygon","coordinates":[[[116.5175,35.3227],[116.5885,35.1297],[116.743,35.1297],[116.7648,35.001],[117.0182,34.8723],[117.4102,35.0653],[117.3116,35.194],[117.1571,35.194],[117.2132,35.3227],[117.0659,35.5158],[116.5175,35.3227]]]}},{"type":"Feature","properties":{"territoryId":"cliopatria-q1472004-d755ed1057","name":"Yan","name_ko":"연나라","color":"#4579e3","colorFamily":0,"startYear":-403,"endYear":-291,"source_name":"Cliopatria v0.2.0","source_url":"https://github.com/Seshat-Global-History-Databank/cliopatria","license":"CC BY 4.0","attribution":"Seshat Global History Databank, Cliopatria contributors"},"geometry":{"type":"Polygon","coordinates":[[[116.7002,38.868],[116.9029,38.8034],[116.8702,38.7389],[117.1056,38.7389],[117.1187,38.6097],[117.56,38.6663],[117.584,38.8116],[117.7019,38.9953],[117.7604,39.0355],[117.7154,39.1114],[117.8856,39.2011],[118.0964,39.2024],[118.2249,39.0618],[118.4054,39.0618],[118.5291,39.1247],[118.5271,39.1492],[118.796,39.1518],[118.8738,39.2138],[118.8806,39.1728],[118.9894,39.1911],[119.2844,39.4496],[119.2564,39.4931],[119.2814,39.575],[119.2293,39.536],[119.243,39.5707],[119.209,39.5502],[119.2086,39.5696],[119.2849,39.5954],[119.3804,39.7729],[119.5264,39.832],[119.5356,39.8908],[119.7744,39.9505],[119.912,39.9981],[119.9153,40.0362],[119.9503,40.0565],[120.4722,40.2145],[120.5049,40.2491],[120.5018,40.3269],[120.5769,40.3608],[120.5884,40.3843],[120.5391,40.3829],[120.5974,40.4224],[120.6041,40.4652],[120.8001,40.6045],[120.8253,40.674],[120.9041,40.6858],[120.971,40.7381],[120.9363,40.7556],[120.9819,40.8268],[121.0296,40.8265],[121.0488,40.799],[121.0799,40.863],[121.227,40.9384],[119.3442,40.4201],[117.5675,40.3554],[117.0656,40.1612],[116.9257,39.9023],[117.0143,39.7729],[116.7984,39.5143],[116.9331,39.3203],[116.7002,38.868]]]}},{"type":"Feature","properties":{"territoryId":"cliopatria-q1936158-ec27cfbf79","name":"Yue","name_ko":"월","color":"#7ab6eb","colorFamily":0,"startYear":-403,"endYear":-337,"source_name":"Cliopatria v0.2.0","source_url":"https://github.com/Seshat-Global-History-Databank/cliopatria","license":"CC BY 4.0","attribution":"Seshat Global History Databank, Cliopatria contributors"},"geometry":{"type":"MultiPolygon","coordinates":[[[[116.0966,30.3079],[116.27,29.9223],[116.7364,29.7294],[117.1908,29.7294],[117.5269,29.6009],[117.9054,29.6009],[117.8842,29.5366],[117.9599,29.5366],[117.9811,29.6009],[118.3597,29.6009],[119.2257,29.9223],[119.7784,29.9865],[120.2424,29.7937],[121.3124,29.6009],[121.42,29.4723],[121.4553,29.4894],[121.4434,29.5242],[121.511,29.549],[121.5308,29.51],[121.5743,29.5522],[121.6873,29.5626],[121.8624,29.708],[121.8731,29.7538],[121.9718,29.8156],[122.0108,29.8874],[121.9356,29.8874],[121.9149,29.9187],[121.7675,29.9732],[121.7219,29.9605],[121.7323,29.9786],[121.6202,30.0508],[121.5068,30.22],[121.4054,30.3079],[121.1328,30.3079],[120.8088,30.1151],[120.6944,30.1721],[120.6463,30.1269],[120.7837,30.0893],[120.7922,30.0661],[120.6825,30.0849],[120.6318,30.1224],[120.7314,30.2338],[120.6216,30.3726],[120.4505,30.3689],[120.3847,30.2496],[120.2744,30.2776],[120.1471,30.1989],[120.2579,30.2981],[120.379,30.2735],[120.4303,30.3898],[120.4791,30.4035],[120.6981,30.394],[120.7883,30.2938],[120.9354,30.449],[120.9981,30.5579],[121.1213,30.593],[121.2029,30.6651],[121.3335,30.7031],[121.5192,30.822],[121.9131,30.859],[121.9551,30.9713],[121.7252,31.2816],[121.3203,31.5048],[121.1444,31.6847],[120.7315,31.8139],[120.7171,31.8611],[120.7515,31.8247],[120.8078,31.8097],[120.8248,31.8287],[120.7504,31.9783],[120.4695,32.0251],[120.4558,31.9825],[120.23,31.9089],[120.0064,31.9503],[119.8556,32.087],[119.7725,32.1268],[119.7886,32.1986],[119.6904,32.2353],[119.606,32.1969],[119.649,32.2195],[119.6854,32.2924],[119.6129,32.3546],[119.8421,32.2991],[119.9005,32.1982],[119.9221,32.2174],[119.9122,32.1237],[119.992,32.0159],[120.1314,31.9432],[120.2671,31.9487],[120.4908,32.0825],[120.6344,32.077],[120.8108,32.0226],[120.9414,31.8925],[120.9407,31.8482],[121.1641,31.8265],[121.2864,31.8906],[121.5806,31.7861],[121.6118,31.7469],[121.8173,31.6909],[121.8617,31.6907],[121.9173,31.7616],[121.7986,31.9705],[121.6554,32.0629],[121.4434,32.1143],[121.3608,32.2316],[121.4193,32.2503],[121.3894,32.3849],[121.1573,32.4956],[121.1008,32.498],[121.0862,32.536],[120.8303,32.6977],[120.8401,32.7245],[120.8604,32.6898],[120.8524,32.756],[120.9048,32.8126],[120.8958,33.0136],[120.8259,33.0302],[120.8189,33.0922],[120.7922,33.1087],[120.807,33.1378],[120.7302,33.2049],[120.7503,33.2696],[120.6672,33.3251],[120.6344,33.4669],[120.4837,33.65],[120.5117,33.6567],[120.5049,33.7356],[120.3997,33.8693],[120.4133,33.8974],[120.3713,34.036],[120.2571,34.3118],[119.94,34.4579],[119.6477,34.5338],[119.4566,34.6846],[119.4742,34.7153],[119.449,34.7394],[119.3467,34.7808],[119.3118,34.7551],[119.2293,34.7597],[119.1922,34.7182],[119.2073,35.0484],[119.358,35.0971],[119.4287,35.3215],[119.5077,35.3323],[119.6187,35.5158],[119.3093,35.5158],[118.934,35.194],[118.3508,33.6502],[118.4275,33.6502],[118.4228,33.2645],[118.5746,33.0716],[118.8551,33.0073],[118.8542,32.8145],[117.1096,31.6575],[116.8374,30.6935],[116.1186,30.3722],[116.0966,30.3079]]],[[[119.7162,32.2726],[119.7498,32.228],[119.8193,32.2038],[119.792,32.1218],[119.9019,32.0734],[119.8143,32.2756],[119.7508,32.2931],[119.7162,32.2726]]],[[[120.9419,31.8421],[120.9506,31.8252],[120.9778,31.8144],[121.0114,31.8171],[120.9419,31.8421]]],[[[121.212,31.8219],[121.4047,31.8032],[121.2641,31.8411],[121.212,31.8219]]],[[[121.2202,31.7418],[121.3145,31.6556],[121.4685,31.5894],[121.4544,31.6575],[121.2202,31.7418]]],[[[121.5735,31.529],[121.6292,31.5179],[121.6335,31.529],[121.5735,31.529]]],[[[121.5845,31.4414],[121.5968,31.4332],[121.6004,31.4425],[121.5845,31.4414]]],[[[121.6461,31.4005],[121.78,31.3252],[121.7206,31.4005],[121.6461,31.4005]]],[[[121.6698,29.5124],[121.73,29.5221],[121.7246,29.5385],[121.7109,29.5386],[121.6698,29.5124]]],[[[121.745,29.5447],[121.8255,29.5462],[121.8696,29.6273],[121.7961,29.6006],[121.745,29.5447]]],[[[121.7499,29.5253],[121.7633,29.5274],[121.764,29.5308],[121.7499,29.5253]]],[[[121.9336,29.9213],[121.9924,29.9083],[121.952,29.9467],[121.9336,29.9213]]]]}},{"type":"Feature","properties":{"territoryId":"cliopatria-q1936158-ec27cfbf79","name":"Yue","name_ko":"월","color":"#7ab6eb","colorFamily":0,"startYear":-336,"endYear":-333,"source_name":"Cliopatria v0.2.0","source_url":"https://github.com/Seshat-Global-History-Databank/cliopatria","license":"CC BY 4.0","attribution":"Seshat Global History Databank, Cliopatria contributors"},"geometry":{"type":"MultiPolygon","coordinates":[[[[116.0966,30.3079],[116.27,29.9223],[116.7364,29.7294],[117.1908,29.7294],[117.5269,29.6009],[117.9054,29.6009],[117.8842,29.5366],[117.9599,29.5366],[117.9811,29.6009],[118.3597,29.6009],[119.2257,29.9223],[119.7784,29.9865],[120.2424,29.7937],[121.3124,29.6009],[121.42,29.4723],[121.4553,29.4894],[121.4434,29.5242],[121.511,29.549],[121.5308,29.51],[121.5743,29.5522],[121.6873,29.5626],[121.8624,29.708],[121.8731,29.7538],[121.9718,29.8156],[122.0108,29.8874],[121.9356,29.8874],[121.9149,29.9187],[121.7675,29.9732],[121.7219,29.9605],[121.7323,29.9786],[121.6202,30.0508],[121.5068,30.22],[121.4054,30.3079],[121.1328,30.3079],[120.8088,30.1151],[120.6944,30.1721],[120.6463,30.1269],[120.7837,30.0893],[120.7922,30.0661],[120.6825,30.0849],[120.6318,30.1224],[120.7314,30.2338],[120.6216,30.3726],[120.4505,30.3689],[120.3847,30.2496],[120.2744,30.2776],[120.1471,30.1989],[120.2579,30.2981],[120.379,30.2735],[120.4303,30.3898],[120.4791,30.4035],[120.6981,30.394],[120.7883,30.2938],[120.9354,30.449],[120.9981,30.5579],[121.1213,30.593],[121.2029,30.6651],[121.3335,30.7031],[121.5192,30.822],[121.9131,30.859],[121.9551,30.9713],[121.7252,31.2816],[121.3203,31.5048],[121.1444,31.6847],[120.7315,31.8139],[120.7171,31.8611],[120.7515,31.8247],[120.8078,31.8097],[120.8248,31.8287],[120.7504,31.9783],[120.4695,32.0251],[120.4558,31.9825],[120.23,31.9089],[120.0064,31.9503],[119.8556,32.087],[119.7725,32.1268],[119.7886,32.1986],[119.6904,32.2353],[119.606,32.1969],[119.649,32.2195],[119.6854,32.2924],[119.6129,32.3546],[119.8421,32.2991],[119.9005,32.1982],[119.9221,32.2174],[119.9122,32.1237],[119.992,32.0159],[120.1314,31.9432],[120.2671,31.9487],[120.4908,32.0825],[120.6344,32.077],[120.8108,32.0226],[120.9414,31.8925],[120.9407,31.8482],[121.1641,31.8265],[121.2864,31.8906],[121.5806,31.7861],[121.6118,31.7469],[121.8173,31.6909],[121.8617,31.6907],[121.9173,31.7616],[121.7986,31.9705],[121.6554,32.0629],[121.4434,32.1143],[121.3608,32.2316],[121.4193,32.2503],[121.3894,32.3849],[121.1573,32.4956],[121.1008,32.498],[121.0862,32.536],[120.8303,32.6977],[120.8401,32.7245],[120.8604,32.6898],[120.8524,32.756],[120.9048,32.8126],[120.8958,33.0136],[120.8259,33.0302],[120.8189,33.0922],[120.7922,33.1087],[120.807,33.1378],[120.7302,33.2049],[120.7503,33.2696],[120.6672,33.3251],[120.6344,33.4669],[120.4837,33.65],[120.5117,33.6567],[120.5049,33.7356],[120.3997,33.8693],[120.4133,33.8974],[120.3713,34.036],[120.2571,34.3118],[119.94,34.4579],[119.6477,34.5338],[119.4566,34.6846],[119.4742,34.7153],[119.449,34.7394],[119.3467,34.7808],[119.3118,34.7551],[119.2293,34.7597],[119.1922,34.7182],[119.2073,35.0484],[119.358,35.0971],[119.4287,35.3215],[119.5077,35.3323],[119.6187,35.5158],[119.3093,35.5158],[118.934,35.194],[118.3508,33.6502],[118.4275,33.6502],[118.4228,33.2645],[118.5746,33.0716],[118.8551,33.0073],[118.8542,32.8145],[117.1096,31.6575],[116.8374,30.6935],[116.1186,30.3722],[116.0966,30.3079]]],[[[119.7162,32.2726],[119.7498,32.228],[119.8193,32.2038],[119.792,32.1218],[119.9019,32.0734],[119.8143,32.2756],[119.7508,32.2931],[119.7162,32.2726]]],[[[120.9419,31.8421],[120.9506,31.8252],[120.9778,31.8144],[121.0114,31.8171],[120.9419,31.8421]]],[[[121.212,31.8219],[121.4047,31.8032],[121.2641,31.8411],[121.212,31.8219]]],[[[121.2202,31.7418],[121.3145,31.6556],[121.4685,31.5894],[121.4544,31.6575],[121.2202,31.7418]]],[[[121.5735,31.529],[121.6292,31.5179],[121.6335,31.529],[121.5735,31.529]]],[[[121.5845,31.4414],[121.5968,31.4332],[121.6004,31.4425],[121.5845,31.4414]]],[[[121.6461,31.4005],[121.78,31.3252],[121.7206,31.4005],[121.6461,31.4005]]],[[[121.6698,29.5124],[121.73,29.5221],[121.7246,29.5385],[121.7109,29.5386],[121.6698,29.5124]]],[[[121.745,29.5447],[121.8255,29.5462],[121.8696,29.6273],[121.7961,29.6006],[121.745,29.5447]]],[[[121.7499,29.5253],[121.7633,29.5274],[121.764,29.5308],[121.7499,29.5253]]],[[[121.9336,29.9213],[121.9924,29.9083],[121.952,29.9467],[121.9336,29.9213]]]]}},{"type":"Feature","properties":{"territoryId":"cliopatria-q467985-6d4c86cf2c","name":"Yuezhi","name_ko":"월지","color":"#b756e6","colorFamily":4,"startYear":-382,"endYear":-331,"source_name":"Cliopatria v0.2.0","source_url":"https://github.com/Seshat-Global-History-Databank/cliopatria","license":"CC BY 4.0","attribution":"Seshat Global History Databank, Cliopatria contributors"},"geometry":{"type":"Polygon","coordinates":[[[71.9811,40.2906],[72.2565,40.1612],[72.1956,39.967],[72.4325,39.967],[72.6674,39.7083],[73.4155,39.5789],[73.3753,39.4496],[74.752,39.3203],[77.0253,38.8034],[77.2576,38.5451],[77.4144,38.5451],[77.5104,38.3515],[77.667,38.3515],[77.8415,38.1578],[77.8014,38.0288],[78.0931,37.7062],[78.3857,37.6417],[78.4244,37.5128],[79.1454,37.3193],[79.3982,37.126],[80.3713,36.9971],[81.0312,36.6105],[81.2644,36.6105],[81.7125,36.8037],[82.1014,36.8037],[85.1134,37.4483],[85.3562,37.7062],[85.8129,37.8998],[86.0814,38.2224],[86.4401,38.3515],[87.6617,38.4806],[88.7458,38.868],[90.4693,39.0618],[92.143,39.5143],[93.1694,39.9023],[93.1718,40.0964],[93.3883,40.4201],[93.3092,40.4201],[93.4721,40.6144],[93.2344,40.6144],[92.6103,41.0032],[92.321,41.068],[92.3493,41.1328],[91.2702,41.3922],[90.7753,41.7167],[90.5362,41.7167],[90.4337,41.8465],[90.1945,41.8465],[90.223,41.9114],[89.6132,41.9764],[89.6416,42.0413],[88.8199,42.1712],[88.8482,42.2362],[88.0772,42.3012],[88.1054,42.3662],[85.7638,42.6912],[85.7915,42.7563],[84.1085,42.7563],[82.5613,42.3012],[81.1224,42.3012],[81.1195,42.4962],[81.0395,42.4962],[81.089,42.8213],[80.7923,43.0816],[80.871,43.2769],[80.7366,43.3421],[80.7619,43.6027],[80.3839,44.0591],[80.4102,44.516],[80.3292,44.516],[80.4914,44.7119],[80.3835,44.8426],[80.059,44.8426],[79.9509,44.9734],[79.518,44.908],[79.5449,44.9734],[78.5692,45.1696],[78.3504,45.4313],[77.9965,45.5623],[78.0218,45.8243],[77.8305,45.9554],[77.8842,46.0865],[77.7477,46.1521],[77.7468,46.3489],[77.3644,46.4145],[77.3914,46.4802],[75.4512,46.5459],[75.3168,46.4145],[74.8814,46.3489],[74.7526,46.0209],[74.3186,45.9554],[74.117,45.4313],[74.2547,45.3659],[74.1301,45.0388],[73.9676,45.0388],[73.9746,44.8426],[74.2496,44.7119],[74.2813,44.5813],[74.4433,44.5813],[74.5627,44.2548],[74.9983,44.1243],[74.7948,43.7982],[75.205,43.6027],[75.1396,43.2118],[75.3885,43.0165],[75.7656,42.9515],[75.8776,42.8213],[75.7015,42.5612],[75.8139,42.4312],[76.1578,42.4962],[76.1423,42.2362],[76.2784,42.1712],[76.2074,41.9764],[76.0009,41.8465],[73.3435,41.068],[72.998,40.744],[72.4804,40.6144],[72.3387,40.4201],[72.1013,40.4201],[71.9811,40.2906]],[[72.9768,40.7361],[73.118,40.7829],[73.0706,40.7625],[72.9768,40.7361]],[[73.8198,39.7667],[73.8208,39.7783],[73.8295,39.747],[73.8198,39.7667]],[[73.8222,39.7962],[73.823,39.8057],[73.8287,39.8145],[73.8222,39.7962]],[[73.8286,39.4744],[73.8428,39.4856],[73.8383,39.4757],[73.8286,39.4744]],[[73.8381,39.8289],[73.8441,39.8381],[73.8807,39.865],[73.8381,39.8289]],[[73.8705,39.5468],[73.9268,39.5929],[73.9216,39.5821],[73.8705,39.5468]],[[73.9653,40.0301],[73.9664,40.0333],[73.9705,40.0363],[73.9653,40.0301]],[[76.5098,42.3662],[76.5263,42.6262],[78.6586,42.7563],[78.5835,42.5612],[78.0358,42.1712],[77.2927,42.1063],[77.3168,42.1712],[76.9973,42.1712],[76.5098,42.3662]],[[76.5564,40.5657],[76.614,40.6065],[76.6094,40.5971],[76.5564,40.5657]],[[76.6217,40.6225],[76.6308,40.7289],[76.6242,40.6275],[76.6217,40.6225]],[[80.1498,42.6524],[80.1525,42.6604],[80.1965,42.7192],[80.1889,42.7016],[80.1498,42.6524]]]}},{"type":"Feature","properties":{"territoryId":"cliopatria-q467985-6d4c86cf2c","name":"Yuezhi","name_ko":"월지","color":"#b756e6","colorFamily":4,"startYear":-330,"endYear":-203,"source_name":"Cliopatria v0.2.0","source_url":"https://github.com/Seshat-Global-History-Databank/cliopatria","license":"CC BY 4.0","attribution":"Seshat Global History Databank, Cliopatria contributors"},"geometry":{"type":"Polygon","coordinates":[[[71.9811,40.2906],[72.2565,40.1612],[72.1956,39.967],[72.4325,39.967],[72.6674,39.7083],[73.4155,39.5789],[73.3753,39.4496],[74.752,39.3203],[77.0253,38.8034],[77.2576,38.5451],[77.4144,38.5451],[77.5104,38.3515],[77.667,38.3515],[77.8415,38.1578],[77.8014,38.0288],[78.0931,37.7062],[78.3857,37.6417],[78.4244,37.5128],[79.1454,37.3193],[79.3982,37.126],[80.3713,36.9971],[81.0312,36.6105],[81.2644,36.6105],[81.7125,36.8037],[82.1014,36.8037],[85.1134,37.4483],[85.3562,37.7062],[85.8129,37.8998],[86.0814,38.2224],[86.4401,38.3515],[87.6617,38.4806],[88.7458,38.868],[90.4693,39.0618],[92.143,39.5143],[93.1694,39.9023],[93.1718,40.0964],[93.3883,40.4201],[93.3092,40.4201],[93.4721,40.6144],[93.2344,40.6144],[92.6103,41.0032],[92.321,41.068],[92.3493,41.1328],[91.2702,41.3922],[90.7753,41.7167],[90.5362,41.7167],[90.4337,41.8465],[90.1945,41.8465],[90.223,41.9114],[89.6132,41.9764],[89.6416,42.0413],[88.8199,42.1712],[88.8482,42.2362],[88.0772,42.3012],[88.1054,42.3662],[85.7638,42.6912],[85.7915,42.7563],[84.1085,42.7563],[82.5613,42.3012],[81.1224,42.3012],[81.1195,42.4962],[81.0395,42.4962],[81.089,42.8213],[80.7923,43.0816],[80.871,43.2769],[80.7366,43.3421],[80.7619,43.6027],[80.3839,44.0591],[80.4102,44.516],[80.3292,44.516],[80.4914,44.7119],[80.3835,44.8426],[80.059,44.8426],[79.9509,44.9734],[79.518,44.908],[79.5449,44.9734],[78.5692,45.1696],[78.3504,45.4313],[77.9965,45.5623],[78.0218,45.8243],[77.8305,45.9554],[77.8842,46.0865],[77.7477,46.1521],[77.7468,46.3489],[77.3644,46.4145],[77.3914,46.4802],[75.4512,46.5459],[75.3168,46.4145],[74.8814,46.3489],[74.7526,46.0209],[74.3186,45.9554],[74.117,45.4313],[74.2547,45.3659],[74.1301,45.0388],[73.9676,45.0388],[73.9746,44.8426],[74.2496,44.7119],[74.2813,44.5813],[74.4433,44.5813],[74.5627,44.2548],[74.9983,44.1243],[74.7948,43.7982],[75.205,43.6027],[75.1396,43.2118],[75.3885,43.0165],[75.7656,42.9515],[75.8776,42.8213],[75.7015,42.5612],[75.8139,42.4312],[76.1578,42.4962],[76.1423,42.2362],[76.2784,42.1712],[76.2074,41.9764],[76.0009,41.8465],[73.3435,41.068],[72.998,40.744],[72.4804,40.6144],[72.3387,40.4201],[72.1013,40.4201],[71.9811,40.2906]],[[72.9768,40.7361],[73.118,40.7829],[73.0706,40.7625],[72.9768,40.7361]],[[73.8198,39.7667],[73.8208,39.7783],[73.8295,39.747],[73.8198,39.7667]],[[73.8222,39.7962],[73.823,39.8057],[73.8287,39.8145],[73.8222,39.7962]],[[73.8286,39.4744],[73.8428,39.4856],[73.8383,39.4757],[73.8286,39.4744]],[[73.8381,39.8289],[73.8441,39.8381],[73.8807,39.865],[73.8381,39.8289]],[[73.8705,39.5468],[73.9268,39.5929],[73.9216,39.5821],[73.8705,39.5468]],[[73.9653,40.0301],[73.9664,40.0333],[73.9705,40.0363],[73.9653,40.0301]],[[76.5564,40.5657],[76.614,40.6065],[76.6094,40.5971],[76.5564,40.5657]],[[76.6217,40.6225],[76.6308,40.7289],[76.6242,40.6275],[76.6217,40.6225]],[[80.1498,42.6524],[80.1525,42.6604],[80.1965,42.7192],[80.1889,42.7016],[80.1498,42.6524]]]}},{"type":"Feature","properties":{"territoryId":"cliopatria-q844750-59afc4b7bd","name":"Zapotec Civilization","name_ko":"사포텍 문명","color":"#4b57dd","colorFamily":0,"startYear":-499,"endYear":-291,"source_name":"Cliopatria v0.2.0","source_url":"https://github.com/Seshat-Global-History-Databank/cliopatria","license":"CC BY 4.0","attribution":"Seshat Global History Databank, Cliopatria contributors"},"geometry":{"type":"Polygon","coordinates":[[[-97.4135,17.6433],[-97.2333,17.4505],[-97.37,17.3862],[-97.3485,17.2576],[-97.1903,17.1933],[-97.1797,17.129],[-96.8956,16.7433],[-96.5375,16.8076],[-96.5583,16.9362],[-96.2634,16.9362],[-96.3054,17.1933],[-96.8644,17.4505],[-96.9078,17.7076],[-96.9598,17.579],[-97.4135,17.6433]]]}},{"type":"Feature","properties":{"territoryId":"cliopatria-q1574107-f9d848ee09","name":"Zhao","name_ko":"조","color":"#e36d45","colorFamily":5,"startYear":-365,"endYear":-350,"source_name":"Cliopatria v0.2.0","source_url":"https://github.com/Seshat-Global-History-Databank/cliopatria","license":"CC BY 4.0","attribution":"Seshat Global History Databank, Cliopatria contributors"},"geometry":{"type":"Polygon","coordinates":[[[111.0618,35.7733],[111.1628,35.6445],[111.0825,35.4514],[112.3199,35.4514],[113.4528,35.3871],[113.6233,35.9664],[114.2433,35.9664],[113.8281,34.8079],[114.4721,34.8723],[114.9939,35.194],[115.0765,35.3871],[114.5815,36.0308],[114.6098,36.0952],[115.4417,36.7393],[115.3449,36.8682],[114.9075,36.9326],[114.0619,36.6105],[114.0908,36.6749],[113.9353,36.6749],[113.9931,36.8037],[113.7598,36.8037],[113.2826,37.126],[113.0489,37.126],[112.5719,37.4483],[112.4939,37.4483],[112.4645,37.3838],[112.3086,37.3838],[112.2793,37.3193],[112.2013,37.3193],[112.1722,37.2549],[111.4133,36.4172],[111.2303,36.3528],[111.0618,35.7733]]]}},{"type":"Feature","properties":{"territoryId":"cliopatria-q1574107-f9d848ee09","name":"Zhao","name_ko":"조","color":"#e36d45","colorFamily":5,"startYear":-349,"endYear":-337,"source_name":"Cliopatria v0.2.0","source_url":"https://github.com/Seshat-Global-History-Databank/cliopatria","license":"CC BY 4.0","attribution":"Seshat Global History Databank, Cliopatria contributors"},"geometry":{"type":"Polygon","coordinates":[[[111.1598,35.4514],[111.8559,35.4514],[111.9871,35.5802],[112.9157,35.5802],[112.9386,35.4514],[113.4027,35.4514],[113.5301,35.3871],[113.4758,35.2584],[114.2714,35.1297],[114.476,35.0653],[114.499,34.9366],[114.9939,35.194],[115.0765,35.3871],[114.5815,36.0308],[114.6098,36.0952],[115.3639,36.7393],[115.6067,36.4172],[116.123,36.8682],[114.9075,36.9326],[114.9482,37.1904],[115.1462,37.4483],[114.6068,37.126],[113.6343,37.3838],[113.825,38.2869],[113.7467,38.2869],[113.2674,37.7707],[112.4645,37.3838],[112.3865,37.3838],[112.1403,36.4816],[111.2402,35.6445],[111.1598,35.4514]]]}},{"type":"Feature","properties":{"territoryId":"cliopatria-q1574107-f9d848ee09","name":"Zhao","name_ko":"조","color":"#e36d45","colorFamily":5,"startYear":-336,"endYear":-256,"source_name":"Cliopatria v0.2.0","source_url":"https://github.com/Seshat-Global-History-Databank/cliopatria","license":"CC BY 4.0","attribution":"Seshat Global History Databank, Cliopatria contributors"},"geometry":{"type":"Polygon","coordinates":[[[111.8828,35.5158],[112.9157,35.5802],[112.9386,35.4514],[113.4027,35.4514],[113.5301,35.3871],[113.4758,35.2584],[114.2714,35.1297],[114.476,35.0653],[114.499,34.9366],[114.9939,35.194],[115.0765,35.3871],[114.5815,36.0308],[114.6098,36.0952],[115.3639,36.7393],[115.6067,36.4172],[116.123,36.8682],[114.9075,36.9326],[114.9482,37.1904],[115.1462,37.4483],[114.6068,37.126],[114.169,37.1904],[114.1986,37.2549],[113.9352,37.1904],[113.7206,37.0615],[112.2819,36.8037],[111.9732,36.0952],[112.0507,36.0952],[111.8828,35.5158]]]}},{"type":"Feature","properties":{"territoryId":"cliopatria-q59223-eb198f3be8","name":"Zhongshan","name_ko":"중산시","color":"#e3456d","colorFamily":3,"startYear":-365,"endYear":-301,"source_name":"Cliopatria v0.2.0","source_url":"https://github.com/Seshat-Global-History-Databank/cliopatria","license":"CC BY 4.0","attribution":"Seshat Global History Databank, Cliopatria contributors"},"geometry":{"type":"Polygon","coordinates":[[[115.8648,39.385],[116.1009,39.385],[116.0919,39.0618],[116.2618,38.9326],[116.1639,38.7389],[116.3993,38.7389],[116.1454,38.5451],[117.0078,38.5451],[117.0403,38.6097],[117.1187,38.6097],[117.1056,38.7389],[116.8702,38.7389],[116.9029,38.8034],[116.7002,38.868],[116.9331,39.3203],[116.7984,39.5143],[117.0143,39.7729],[116.9257,39.9023],[117.0305,40.0964],[116.9515,40.0964],[116.4522,39.9023],[116.1365,39.9023],[115.8648,39.385]]]}}]}
