{"type":"FeatureCollection","features":[{"type":"Feature","properties":{"territoryId":"cliopatria-q83958-5930a7fa48","name":"(Macedonian Empire)","name_ko":"마케도니아 왕국","color":"#e9eb7a","colorFamily":1,"startYear":-674,"endYear":-550,"source_name":"Cliopatria v0.2.0","source_url":"https://github.com/Seshat-Global-History-Databank/cliopatria","license":"CC BY 4.0","attribution":"Seshat Global History Databank, Cliopatria contributors"},"geometry":{"type":"Polygon","coordinates":[[[22.0096,40.4201],[22.0772,40.2259],[22.2392,40.2906],[22.4608,40.0317],[22.5935,40.0317],[22.5713,40.0543],[22.5727,40.0842],[22.5437,40.0964],[22.6065,40.4139],[22.6038,40.444],[22.5791,40.4682],[22.6192,40.4784],[22.6589,40.6792],[22.025,40.6792],[22.0887,40.4201],[22.0096,40.4201]]]}},{"type":"Feature","properties":{"territoryId":"cliopatria-q41642-371ce03e73","name":"(Phoenician Empire)","name_ko":"페니키아","color":"#2c41e8","colorFamily":0,"startYear":-674,"endYear":-650,"source_name":"Cliopatria v0.2.0","source_url":"https://github.com/Seshat-Global-History-Databank/cliopatria","license":"CC BY 4.0","attribution":"Seshat Global History Databank, Cliopatria contributors"},"geometry":{"type":"MultiPolygon","coordinates":[[[[-6.2475,36.6105],[-6.2008,36.5122],[-6.1794,36.5135],[-6.1942,36.4983],[-6.0625,36.224],[-5.8311,36.224],[-5.5848,36.0308],[-5.5162,36.1596],[-5.315,36.2164],[-5.2282,36.4816],[-4.6888,36.546],[-4.4686,36.7393],[-3.8507,36.8037],[-4.5551,36.8682],[-5.3104,36.546],[-5.3059,36.4816],[-5.4521,36.3528],[-5.9179,36.3528],[-6.2475,36.6105]]],[[[9.8397,36.7393],[10.2295,36.4172],[10.2299,36.2884],[10.4846,36.2356],[10.5077,36.3052],[10.4625,36.4172],[11.0062,36.8037],[11.0063,36.9971],[10.8751,36.9971],[10.5396,36.7393],[10.3553,36.7312],[10.2721,36.8161],[10.2472,36.7863],[10.1885,36.7976],[10.2529,36.8463],[10.3094,36.8346],[10.2282,36.8682],[9.9175,36.7393],[9.8397,36.7393]]],[[[7.2715,36.8682],[7.6651,36.546],[7.9057,36.8501],[7.7734,36.89],[7.7747,36.9326],[7.6596,36.9326],[7.6589,36.9844],[7.3463,37.0615],[7.2715,36.8682]]],[[[10.228,36.9326],[10.2282,36.8682],[10.306,36.8682],[10.3058,36.9218],[10.228,36.9326]]],[[[8.8429,36.9903],[8.9827,36.9326],[8.9833,36.8682],[9.2954,36.7393],[9.6828,36.9971],[9.9945,36.9326],[10.0716,37.126],[10.1804,37.081],[10.2244,37.0959],[10.2113,37.1376],[10.1281,37.1587],[10.2273,37.1639],[10.2272,37.1949],[10.1501,37.2337],[9.9934,37.1904],[9.925,37.213],[9.8799,37.1501],[9.8159,37.1518],[9.7718,37.2133],[9.8157,37.2491],[9.6158,37.3151],[9.0595,37.0615],[8.9723,37.0975],[8.8429,36.9903]]],[[[9.8196,37.2276],[9.8612,37.2338],[9.906,37.2193],[9.842,37.2404],[9.8196,37.2276]]],[[[8.3533,39.0556],[8.3958,38.985],[8.4394,38.976],[8.4839,39.0698],[8.3701,39.1131],[8.3533,39.0556]]],[[[8.374,39.3789],[8.4321,39.3018],[8.3962,39.2557],[8.4095,39.1693],[8.4828,39.0804],[8.5181,39.0834],[8.5044,39.0629],[8.5596,39.0567],[8.5801,38.9605],[8.8698,38.8877],[9.0032,38.9941],[9.0183,39.1461],[9.0798,39.2246],[9.0379,39.2271],[9.0139,39.2639],[9.166,39.1871],[9.2163,39.228],[9.3563,39.1911],[9.3554,39.3203],[9.1183,39.4496],[8.7259,39.3203],[8.7182,40.0964],[8.4791,40.2906],[8.4596,40.216],[8.49,40.1045],[8.4686,40.0622],[8.3772,40.0338],[8.4071,40.0222],[8.4004,39.9361],[8.5453,39.8786],[8.5488,39.8072],[8.5181,39.7625],[8.5453,39.7829],[8.5044,39.7215],[8.5658,39.7011],[8.5169,39.7021],[8.4719,39.7514],[8.444,39.7048],[8.4634,39.5769],[8.3869,39.4698],[8.405,39.4272],[8.374,39.3789]]],[[[12.8608,32.8133],[12.9164,32.6216],[13.7577,32.6216],[14.4419,32.3002],[14.5183,32.3002],[14.593,32.1717],[14.9022,32.4288],[14.7493,32.4288],[14.6316,32.4957],[14.5142,32.5126],[14.4444,32.4931],[14.0979,32.7281],[13.7591,32.7502],[13.7596,32.7939],[13.5715,32.8028],[13.4068,32.8788],[13.0987,32.8788],[12.8608,32.8133]]],[[[10.5416,35.5158],[10.6192,35.3227],[11.0058,35.4514],[11.0057,35.3871],[11.0469,35.3871],[11.0577,35.4867],[11.0831,35.5053],[11.0392,35.5185],[11.0169,35.5986],[10.851,35.6445],[10.8245,35.7334],[10.8403,35.7644],[10.5416,35.5158]]],[[[14.3384,35.9455],[14.3457,35.8759],[14.3815,35.843],[14.5275,35.8012],[14.5618,35.8298],[14.5078,35.9285],[14.3494,35.9731],[14.3773,35.9936],[14.3389,35.9793],[14.3384,35.9455]]],[[[12.5706,37.9643],[12.7264,37.8998],[12.8063,38.0933],[12.5711,38.0288],[12.5706,37.9643]]],[[[13.0397,37.9643],[13.6652,37.9643],[13.5096,38.0288],[13.5104,38.0933],[13.1199,38.1578],[13.0397,37.9643]]]]}},{"type":"Feature","properties":{"territoryId":"cliopatria-q41642-371ce03e73","name":"(Phoenician Empire)","name_ko":"페니키아","color":"#2c41e8","colorFamily":0,"startYear":-649,"endYear":-615,"source_name":"Cliopatria v0.2.0","source_url":"https://github.com/Seshat-Global-History-Databank/cliopatria","license":"CC BY 4.0","attribution":"Seshat Global History Databank, Cliopatria contributors"},"geometry":{"type":"MultiPolygon","coordinates":[[[[-7.8746,33.5213],[-7.4735,33.2645],[-7.3335,33.4574],[-6.805,33.5859],[-6.9674,33.7146],[-6.9807,33.9085],[-7.3526,33.7247],[-7.4064,33.727],[-7.5291,33.6326],[-7.6648,33.6125],[-7.8746,33.5213]]],[[[-6.2475,36.6105],[-6.2008,36.5122],[-6.1794,36.5135],[-6.1942,36.4983],[-6.0625,36.224],[-5.8311,36.224],[-5.5848,36.0308],[-5.5162,36.1596],[-5.315,36.2164],[-5.2282,36.4816],[-4.6888,36.546],[-4.4686,36.7393],[-3.8507,36.8037],[-4.5551,36.8682],[-5.3104,36.546],[-5.3059,36.4816],[-5.4521,36.3528],[-5.9179,36.3528],[-6.2475,36.6105]]],[[[7.2715,36.8682],[7.6651,36.546],[7.9057,36.8501],[7.7734,36.89],[7.7747,36.9326],[7.6596,36.9326],[7.6589,36.9844],[7.3463,37.0615],[7.2715,36.8682]]],[[[8.8429,36.9903],[8.9827,36.9326],[8.9833,36.8682],[9.2954,36.7393],[9.6828,36.9971],[9.9945,36.9326],[10.0716,37.126],[10.1804,37.081],[10.2244,37.0959],[10.2113,37.1376],[10.1281,37.1587],[10.2273,37.1639],[10.2272,37.1949],[10.1501,37.2337],[9.9934,37.1904],[9.925,37.213],[9.8799,37.1501],[9.8159,37.1518],[9.7718,37.2133],[9.8157,37.2491],[9.6158,37.3151],[9.0595,37.0615],[8.9723,37.0975],[8.8429,36.9903]]],[[[9.8196,37.2276],[9.8612,37.2338],[9.906,37.2193],[9.842,37.2404],[9.8196,37.2276]]],[[[1.2204,38.9553],[1.2529,38.8623],[1.2835,38.8746],[1.4031,38.8323],[1.4147,38.8906],[1.5098,38.9302],[1.6231,39.0292],[1.606,39.0913],[1.5227,39.1189],[1.3568,39.0776],[1.2928,39.0333],[1.301,38.9678],[1.2204,38.9553]]],[[[8.3533,39.0556],[8.3958,38.985],[8.4394,38.976],[8.4839,39.0698],[8.3701,39.1131],[8.3533,39.0556]]],[[[8.374,39.3789],[8.4321,39.3018],[8.3962,39.2557],[8.4095,39.1693],[8.4828,39.0804],[8.5181,39.0834],[8.5044,39.0629],[8.5596,39.0567],[8.5801,38.9605],[8.8698,38.8877],[9.0032,38.9941],[9.0183,39.1461],[9.0798,39.2246],[9.0379,39.2271],[9.0139,39.2639],[9.166,39.1871],[9.2163,39.228],[9.3563,39.1911],[9.3554,39.3203],[9.1183,39.4496],[8.7259,39.3203],[8.7182,40.0964],[8.4791,40.2906],[8.4596,40.216],[8.49,40.1045],[8.4686,40.0622],[8.3772,40.0338],[8.4071,40.0222],[8.4004,39.9361],[8.5453,39.8786],[8.5488,39.8072],[8.5181,39.7625],[8.5453,39.7829],[8.5044,39.7215],[8.5658,39.7011],[8.5169,39.7021],[8.4719,39.7514],[8.444,39.7048],[8.4634,39.5769],[8.3869,39.4698],[8.405,39.4272],[8.374,39.3789]]],[[[12.8608,32.8133],[12.9164,32.6216],[13.7577,32.6216],[14.4419,32.3002],[14.5183,32.3002],[14.593,32.1717],[14.9022,32.4288],[14.7493,32.4288],[14.6316,32.4957],[14.5142,32.5126],[14.4444,32.4931],[14.0979,32.7281],[13.7591,32.7502],[13.7596,32.7939],[13.5715,32.8028],[13.4068,32.8788],[13.0987,32.8788],[12.8608,32.8133]]],[[[33.2382,35.001],[33.292,34.7436],[33.3939,34.7436],[33.4002,34.7734],[33.4387,34.7628],[33.6056,34.8218],[33.6541,34.9447],[33.7015,34.9729],[34.067,35.001],[34.022,35.057],[33.9431,35.0653],[34.0123,35.0638],[33.8999,35.1645],[33.9224,35.2734],[33.8086,35.3227],[33.4768,35.0027],[33.2382,35.001]],[[33.7592,34.9887],[33.7911,34.9824],[33.7874,34.98],[33.7592,34.9887]],[[33.6195,35.0168],[33.7115,34.9856],[33.7029,34.9879],[33.6195,35.0168]],[[33.6794,35.0349],[33.7022,35.0223],[33.6794,35.0339],[33.6794,35.0349]],[[33.6966,35.009],[33.7022,35.0223],[33.7002,35.0067],[33.6966,35.009]],[[33.8412,35.0511],[33.8801,35.0731],[33.8551,35.0534],[33.8412,35.0511]]],[[[10.5416,35.5158],[10.6192,35.3227],[11.0058,35.4514],[11.0057,35.3871],[11.0469,35.3871],[11.0577,35.4867],[11.0831,35.5053],[11.0392,35.5185],[11.0169,35.5986],[10.851,35.6445],[10.8245,35.7334],[10.8403,35.7644],[10.5416,35.5158]]],[[[14.3384,35.9455],[14.3457,35.8759],[14.3815,35.843],[14.5275,35.8012],[14.5618,35.8298],[14.5078,35.9285],[14.3494,35.9731],[14.3773,35.9936],[14.3389,35.9793],[14.3384,35.9455]]],[[[12.5706,37.9643],[12.7264,37.8998],[12.8063,38.0933],[12.5711,38.0288],[12.5706,37.9643]]],[[[13.0397,37.9643],[13.6652,37.9643],[13.5096,38.0288],[13.5104,38.0933],[13.1199,38.1578],[13.0397,37.9643]]]]}},{"type":"Feature","properties":{"territoryId":"cliopatria-q41642-371ce03e73","name":"(Phoenician Empire)","name_ko":"페니키아","color":"#2c41e8","colorFamily":0,"startYear":-614,"endYear":-530,"source_name":"Cliopatria v0.2.0","source_url":"https://github.com/Seshat-Global-History-Databank/cliopatria","license":"CC BY 4.0","attribution":"Seshat Global History Databank, Cliopatria contributors"},"geometry":{"type":"MultiPolygon","coordinates":[[[[-7.8746,33.5213],[-7.4735,33.2645],[-7.3335,33.4574],[-6.805,33.5859],[-6.9674,33.7146],[-6.9807,33.9085],[-7.3526,33.7247],[-7.4064,33.727],[-7.5291,33.6326],[-7.6648,33.6125],[-7.8746,33.5213]]],[[[-6.2475,36.6105],[-6.2008,36.5122],[-6.1794,36.5135],[-6.1942,36.4983],[-6.0625,36.224],[-5.8311,36.224],[-5.5848,36.0308],[-5.5162,36.1596],[-5.315,36.2164],[-5.2282,36.4816],[-4.6888,36.546],[-4.4686,36.7393],[-3.8507,36.8037],[-4.5551,36.8682],[-5.3104,36.546],[-5.3059,36.4816],[-5.4521,36.3528],[-5.9179,36.3528],[-6.2475,36.6105]]],[[[7.2715,36.8682],[7.6651,36.546],[7.9057,36.8501],[7.7734,36.89],[7.7747,36.9326],[7.6596,36.9326],[7.6589,36.9844],[7.3463,37.0615],[7.2715,36.8682]]],[[[12.5706,37.9643],[12.7264,37.8998],[12.8063,38.0933],[12.5711,38.0288],[12.5706,37.9643]]],[[[1.2204,38.9553],[1.2529,38.8623],[1.2835,38.8746],[1.4031,38.8323],[1.4147,38.8906],[1.5098,38.9302],[1.6231,39.0292],[1.606,39.0913],[1.5227,39.1189],[1.3568,39.0776],[1.2928,39.0333],[1.301,38.9678],[1.2204,38.9553]]],[[[8.3533,39.0556],[8.3958,38.985],[8.4394,38.976],[8.4839,39.0698],[8.3701,39.1131],[8.3533,39.0556]]],[[[8.374,39.3789],[8.4321,39.3018],[8.3962,39.2557],[8.4095,39.1693],[8.4828,39.0804],[8.5181,39.0834],[8.5044,39.0629],[8.5596,39.0567],[8.5801,38.9605],[8.8698,38.8877],[9.0032,38.9941],[9.0183,39.1461],[9.0798,39.2246],[9.0379,39.2271],[9.0139,39.2639],[9.166,39.1871],[9.2163,39.228],[9.3563,39.1911],[9.3554,39.3203],[9.1183,39.4496],[8.7259,39.3203],[8.7182,40.0964],[8.4791,40.2906],[8.4596,40.216],[8.49,40.1045],[8.4686,40.0622],[8.3772,40.0338],[8.4071,40.0222],[8.4004,39.9361],[8.5453,39.8786],[8.5488,39.8072],[8.5181,39.7625],[8.5453,39.7829],[8.5044,39.7215],[8.5658,39.7011],[8.5169,39.7021],[8.4719,39.7514],[8.444,39.7048],[8.4634,39.5769],[8.3869,39.4698],[8.405,39.4272],[8.374,39.3789]]],[[[12.8608,32.8133],[12.9164,32.6216],[13.7577,32.6216],[14.4419,32.3002],[14.5183,32.3002],[14.593,32.1717],[14.9022,32.4288],[14.7493,32.4288],[14.6316,32.4957],[14.5142,32.5126],[14.4444,32.4931],[14.0979,32.7281],[13.7591,32.7502],[13.7596,32.7939],[13.5715,32.8028],[13.4068,32.8788],[13.0987,32.8788],[12.8608,32.8133]]],[[[35.2213,33.1359],[35.4452,33.0716],[36.0244,33.5217],[36.0493,33.7789],[36.2347,34.1004],[36.2799,34.5506],[36.2029,34.5506],[36.3128,34.8723],[36.165,34.9366],[36.1849,35.1297],[36.3527,35.2584],[36.373,35.4514],[36.2318,35.5802],[35.9929,35.5158],[35.9153,35.2879],[35.9624,35.1979],[35.927,34.8723],[36.0682,34.7436],[36.0488,34.5506],[35.7921,34.2933],[35.7127,34.3279],[35.6652,34.3113],[35.6838,33.9718],[35.5909,33.9466],[35.572,33.91],[35.4705,33.9021],[35.4993,33.6502],[35.3944,33.65],[35.3653,33.5547],[35.3984,33.3931],[35.2272,33.2002],[35.2213,33.1359]]],[[[33.2382,35.001],[33.292,34.7436],[33.3939,34.7436],[33.4002,34.7734],[33.4387,34.7628],[33.6056,34.8218],[33.6541,34.9447],[33.7015,34.9729],[34.067,35.001],[34.022,35.057],[33.9431,35.0653],[34.0123,35.0638],[33.8999,35.1645],[33.9224,35.2734],[33.8086,35.3227],[33.4768,35.0027],[33.2382,35.001]],[[33.7592,34.9887],[33.7911,34.9824],[33.7874,34.98],[33.7592,34.9887]],[[33.6195,35.0168],[33.7115,34.9856],[33.7029,34.9879],[33.6195,35.0168]],[[33.6794,35.0349],[33.7022,35.0223],[33.6794,35.0339],[33.6794,35.0349]],[[33.6966,35.009],[33.7022,35.0223],[33.7002,35.0067],[33.6966,35.009]],[[33.8412,35.0511],[33.8801,35.0731],[33.8551,35.0534],[33.8412,35.0511]]],[[[14.3384,35.9455],[14.3457,35.8759],[14.3815,35.843],[14.5275,35.8012],[14.5618,35.8298],[14.5078,35.9285],[14.3494,35.9731],[14.3773,35.9936],[14.3389,35.9793],[14.3384,35.9455]]],[[[13.0397,37.9643],[13.6652,37.9643],[13.5096,38.0288],[13.5104,38.0933],[13.1199,38.1578],[13.0397,37.9643]]]]}},{"type":"Feature","properties":{"territoryId":"cliopatria-q185047-1e9ba4336a","name":"(Spring and Autumn States)","name_ko":"춘추 시대","color":"#dda54b","colorFamily":1,"startYear":-749,"endYear":-550,"source_name":"Cliopatria v0.2.0","source_url":"https://github.com/Seshat-Global-History-Databank/cliopatria","license":"CC BY 4.0","attribution":"Seshat Global History Databank, Cliopatria contributors"},"geometry":{"type":"MultiPolygon","coordinates":[[[[107.9426,34.5506],[109.6896,34.4863],[110.3586,34.229],[110.8973,34.229],[110.872,34.1647],[110.489,33.9718],[110.4912,33.7789],[110.2115,33.6502],[110.2149,33.4574],[109.7829,33.3288],[109.7109,33.1359],[109.8165,33.0073],[109.5524,32.4931],[109.6288,32.4931],[109.3125,31.5933],[109.4752,31.4005],[109.3555,31.2719],[109.4861,31.2076],[109.4763,30.9506],[109.9158,30.4364],[110.4056,30.3079],[110.2273,29.9865],[110.6618,29.9223],[111.2987,29.5366],[111.8086,29.4723],[111.9959,29.3438],[112.9037,29.3438],[113.2668,29.5366],[113.5836,30.0508],[113.9506,30.2436],[114.1127,30.5007],[116.1186,30.3722],[116.0966,30.3079],[116.27,29.9223],[116.7364,29.7294],[117.1908,29.7294],[117.5269,29.6009],[117.9054,29.6009],[117.8842,29.5366],[117.9599,29.5366],[117.9811,29.6009],[118.3597,29.6009],[119.2257,29.9223],[119.7784,29.9865],[120.2424,29.7937],[121.3124,29.6009],[121.4369,29.475],[121.511,29.549],[121.5308,29.51],[121.6873,29.5626],[122.0108,29.8874],[121.7219,29.9605],[121.4054,30.3079],[121.1328,30.3079],[120.8088,30.1151],[120.6944,30.1721],[120.6463,30.1269],[120.7922,30.0661],[120.6318,30.1224],[120.7314,30.2338],[120.6216,30.3726],[120.4505,30.3689],[120.3847,30.2496],[120.2744,30.2776],[120.1471,30.1989],[120.2579,30.2981],[120.379,30.2735],[120.4791,30.4035],[120.6981,30.394],[120.7883,30.2938],[120.9981,30.5579],[121.2029,30.6651],[121.5192,30.822],[121.9131,30.859],[121.9551,30.9713],[121.877,31.0991],[121.7252,31.2816],[121.3203,31.5048],[121.1444,31.6847],[120.7315,31.8139],[120.7171,31.8611],[120.8248,31.8287],[120.7504,31.9783],[120.4695,32.0251],[120.23,31.9089],[120.0064,31.9503],[119.7725,32.1268],[119.7886,32.1986],[119.6904,32.2353],[119.606,32.1969],[119.6854,32.2924],[119.6129,32.3546],[119.8421,32.2991],[119.992,32.0159],[120.1314,31.9432],[120.2671,31.9487],[120.4908,32.0825],[120.6344,32.077],[120.8108,32.0226],[120.9407,31.8482],[121.1641,31.8265],[121.2864,31.8906],[121.8173,31.6909],[121.9173,31.7616],[121.7986,31.9705],[121.4434,32.1143],[121.3608,32.2316],[121.4193,32.2503],[121.3894,32.3849],[121.1008,32.498],[120.8303,32.6977],[120.9048,32.8126],[120.8958,33.0136],[120.8259,33.0302],[120.807,33.1378],[120.7302,33.2049],[120.7503,33.2696],[120.6672,33.3251],[120.6344,33.4669],[120.4837,33.65],[120.5049,33.7356],[120.3997,33.8693],[120.2571,34.3118],[119.6477,34.5338],[119.4422,34.746],[119.3421,34.7774],[119.1922,34.7182],[119.1929,35.0004],[119.2212,35.064],[119.358,35.0971],[119.4239,35.3135],[119.5319,35.3586],[119.648,35.5839],[119.7325,35.6208],[119.7439,35.5759],[119.8401,35.6579],[119.8602,35.6061],[119.9046,35.6246],[119.9082,35.7449],[120.0029,35.7278],[120.0972,35.9008],[120.189,35.9453],[120.1753,35.89],[120.2941,36.0024],[120.1753,35.9936],[120.0897,36.1117],[120.0972,36.2264],[120.2845,36.176],[120.3064,36.2742],[120.3616,36.1916],[120.292,36.062],[120.3535,36.0408],[120.6669,36.1321],[120.6436,36.3225],[120.7107,36.3245],[120.7141,36.4287],[120.95,36.4592],[120.9636,36.5479],[120.8504,36.6046],[120.7503,36.5408],[120.7506,36.6168],[120.8506,36.6509],[120.9774,36.5899],[121.4017,36.7124],[121.4595,36.8287],[121.6072,36.845],[121.5032,36.7886],[121.5247,36.7543],[121.9498,36.9389],[121.9263,36.9936],[122.0492,36.9799],[122.0365,36.8993],[122.1429,36.9458],[122.1661,37.0141],[122.1627,36.9458],[122.2659,36.898],[122.1852,36.8595],[122.3552,36.8291],[122.4364,36.8707],[122.4058,36.9222],[122.5268,36.9528],[122.54,37.0277],[122.4024,37.0215],[122.4539,37.1543],[122.4707,37.1103],[122.5735,37.2601],[122.5497,37.3198],[122.5947,37.2952],[122.5708,37.3448],[122.6847,37.4102],[122.2965,37.4182],[122.2454,37.4597],[122.1832,37.4182],[122.1218,37.5627],[122.0256,37.528],[121.988,37.4256],[121.635,37.4813],[121.5874,37.4536],[121.6761,37.4392],[121.5703,37.4287],[121.3817,37.5661],[121.4298,37.5969],[121.3936,37.6225],[121.1716,37.5771],[121.138,37.7012],[121.0326,37.7104],[120.9258,37.8193],[120.738,37.834],[120.2157,37.6841],[120.3225,37.6324],[120.1876,37.5118],[119.8589,37.3602],[119.8973,37.2494],[119.7706,37.1518],[119.2871,37.1373],[118.9612,37.2956],[118.97,37.5935],[119.0371,37.7221],[119.1746,37.7085],[119.2164,37.794],[118.9966,37.9631],[118.9248,38.0578],[118.95,38.0973],[118.7604,38.1551],[118.543,38.0683],[118.0652,38.1431],[117.6025,38.4806],[117.5435,38.6213],[117.584,38.8116],[117.7604,39.0355],[117.7154,39.1114],[118.028,39.2198],[118.2249,39.0618],[118.4054,39.0618],[118.5271,39.1492],[118.9894,39.1911],[119.2844,39.4496],[119.2814,39.575],[119.2293,39.536],[119.2086,39.5696],[119.2849,39.5954],[119.3804,39.7729],[119.5264,39.832],[119.5356,39.8908],[120.4722,40.2145],[120.6041,40.4652],[120.8253,40.674],[120.971,40.7381],[120.9363,40.7556],[120.9819,40.8268],[121.0488,40.799],[121.227,40.9384],[119.3442,40.4201],[117.5675,40.3554],[116.4522,39.9023],[116.1365,39.9023],[116.1021,39.8376],[115.8997,39.9023],[115.8312,39.7729],[115.4479,39.6436],[114.359,38.7389],[114.0917,38.6743],[114.1069,38.5451],[113.2674,37.7707],[112.2013,37.3193],[112.1722,37.2549],[109.6546,36.4816],[108.7896,35.7089],[108.2215,35.6445],[108.1695,35.5158],[108.3497,35.3871],[108.2982,35.2584],[108.4528,35.2584],[107.9426,34.5506]]],[[[119.7162,32.2726],[119.8193,32.2038],[119.792,32.1218],[119.9019,32.0734],[119.8143,32.2756],[119.7162,32.2726]]],[[[120.7502,37.8986],[120.7546,37.8967],[120.7549,37.8996],[120.7538,37.8998],[120.7502,37.8986]]],[[[121.212,31.8219],[121.4047,31.8032],[121.3861,31.8117],[121.3226,31.8293],[121.2641,31.8411],[121.2193,31.8295],[121.212,31.8219]]],[[[121.304,31.6734],[121.3145,31.6556],[121.5175,31.5684],[121.5715,31.5294],[121.6292,31.5179],[121.6335,31.529],[121.304,31.6734]]],[[[121.5845,31.4414],[121.5968,31.4332],[121.6004,31.4425],[121.5845,31.4414]]],[[[121.6461,31.4005],[121.78,31.3252],[121.7206,31.4005],[121.6461,31.4005]]],[[[121.6698,29.5124],[121.73,29.5221],[121.7246,29.5385],[121.7109,29.5386],[121.6698,29.5124]]],[[[121.745,29.5447],[121.8255,29.5462],[121.8696,29.6273],[121.745,29.5447]]],[[[121.7499,29.5253],[121.7633,29.5274],[121.764,29.5308],[121.7499,29.5253]]],[[[121.9336,29.9213],[121.9461,29.904],[121.9741,29.8998],[121.9924,29.9083],[121.9935,29.9188],[121.9771,29.9388],[121.952,29.9467],[121.9409,29.9377],[121.9336,29.9213]]]]}},{"type":"Feature","properties":{"territoryId":"cliopatria-q97357417-9941eb647b","name":"Assyrian Egypt","name_ko":"아시리아령 이집트","color":"#e1cf33","colorFamily":1,"startYear":-649,"endYear":-630,"source_name":"Cliopatria v0.2.0","source_url":"https://github.com/Seshat-Global-History-Databank/cliopatria","license":"CC BY 4.0","attribution":"Seshat Global History Databank, Cliopatria contributors"},"geometry":{"type":"MultiPolygon","coordinates":[[[[28.2675,26.5151],[28.2886,25.165],[28.6412,24.5864],[29.6728,24.2006],[29.9595,23.8792],[30.1087,23.8792],[30.104,23.7506],[30.3952,23.5577],[30.4627,23.3649],[31.6705,23.7506],[32.0409,23.6863],[33.389,23.8149],[33.7564,23.6863],[35.108,23.8792],[35.4808,23.8253],[35.5139,23.9771],[35.7865,23.8939],[35.7386,23.9833],[35.4938,24.1089],[35.3919,24.2828],[35.1446,24.5002],[35.1603,24.5746],[34.5466,25.725],[34.3387,26.0018],[34.014,26.6116],[33.9414,26.6535],[33.9961,26.8966],[33.8368,27.1208],[33.8384,27.2426],[33.6917,27.3419],[33.4963,27.6466],[33.5877,27.651],[33.5579,27.7599],[33.4735,27.8232],[33.5921,27.7912],[33.5544,27.8965],[33.2494,28.1429],[33.0029,28.4895],[32.8689,28.5789],[32.8069,28.7781],[32.6255,28.9727],[32.6589,29.1108],[32.5812,29.3691],[32.3377,29.5925],[32.5092,29.8664],[32.4769,29.9322],[32.5715,29.9426],[32.5778,30.0114],[32.7454,29.4538],[32.8172,29.414],[32.8856,29.2431],[33.1779,28.9896],[33.2287,28.5694],[33.5538,28.3153],[33.8794,27.9346],[34.0462,27.8235],[34.2591,27.8017],[34.4281,27.9859],[34.4553,28.1749],[34.4102,28.32],[34.6245,28.736],[34.7366,29.3113],[34.9572,29.569],[34.9978,29.518],[34.9629,29.3671],[35.4282,29.2152],[35.8063,29.2152],[35.7699,29.7294],[35.876,30.1151],[35.9518,30.1151],[36.0697,30.6292],[36.4009,30.9506],[36.2709,31.2076],[36.4231,31.2076],[36.3866,31.6575],[36.4629,31.6575],[36.4919,31.9789],[36.6564,32.1074],[36.5155,32.236],[36.7507,32.3002],[36.6984,32.5574],[36.4751,32.6216],[36.5698,32.8145],[36.5055,32.943],[36.8369,33.2002],[36.6962,33.3288],[36.7279,33.6502],[37.0546,33.8432],[37.2347,34.1004],[37.3885,34.1004],[37.325,34.229],[37.744,34.5506],[37.7579,34.6793],[38.4175,35.0653],[38.8036,35.0653],[39.0904,34.8723],[39.2521,34.9366],[39.6082,34.6793],[40.0557,34.5506],[40.1178,34.422],[40.4183,34.3577],[40.4728,34.1647],[40.8499,34.1004],[40.9117,33.9718],[41.2116,33.9075],[41.4886,33.6502],[42.5783,33.1359],[42.7085,32.943],[43.1526,32.8145],[43.3514,32.5574],[43.9102,32.7502],[44.2084,32.6859],[44.2481,33.0073],[44.4175,33.1359],[44.5708,33.1359],[44.6311,33.0073],[45.099,33.0716],[45.4654,32.943],[45.8991,33.3288],[46.0525,33.3288],[46.0697,33.4574],[45.8567,33.5859],[45.8915,33.8432],[45.9683,33.8432],[45.9178,34.0361],[46.1485,34.0361],[46.1432,34.5506],[46.2751,34.9366],[46.8925,34.9366],[47.1716,35.2584],[47.2101,35.5158],[47.1327,35.5158],[47.1618,35.7089],[46.8618,35.7733],[46.8038,35.902],[46.2223,36.1596],[45.9896,36.1596],[46.0089,36.2884],[45.776,36.2884],[45.5039,36.546],[45.3485,36.546],[45.3093,36.8037],[44.9203,36.8037],[44.842,37.3193],[45.2417,37.3838],[45.2616,37.5128],[45.1255,37.6417],[45.1965,38.0933],[44.9822,38.2224],[45.0236,38.4806],[45.301,38.7389],[45.6364,38.868],[46.1075,38.868],[46.1406,39.0618],[46.062,39.0618],[46.0954,39.2557],[45.8816,39.385],[45.9041,39.5143],[45.7578,39.5789],[45.961,39.8376],[45.5333,40.0964],[45.1156,39.967],[45.0936,40.2906],[44.9469,40.3554],[44.9256,40.6792],[44.0653,40.744],[44.1907,41.0032],[44.0435,41.068],[44.0667,41.1977],[43.204,41.2625],[43.1019,41.1328],[42.8636,41.1328],[42.7508,40.9384],[42.5921,40.9384],[42.4664,41.1328],[41.9104,41.1328],[41.7879,40.8736],[41.5606,40.9384],[40.9328,40.4849],[40.7846,40.5496],[40.586,40.2906],[40.1214,40.3554],[39.7662,40.0964],[38.9253,40.2906],[38.2834,40.2259],[38.0101,39.967],[37.169,39.5789],[36.1283,39.4496],[35.9547,39.3203],[35.8053,39.385],[35.4669,39.1911],[35.3651,38.9972],[35.0584,39.0618],[35.0027,39.2557],[34.6956,39.3203],[34.6093,39.2557],[34.6654,39.0618],[34.4002,38.8034],[33.7079,38.9326],[33.5942,38.6097],[33.2805,38.6097],[33.1613,38.2224],[33.4341,37.8352],[33.3427,37.7062],[33.6551,37.7062],[33.7066,37.4483],[33.9339,37.3838],[33.9141,37.1904],[34.2124,37.0615],[34.335,36.7393],[34.5816,36.8682],[34.8929,36.8682],[34.9352,36.726],[35.1127,36.7393],[35.4875,36.6106],[35.8336,36.9326],[36.1449,36.9326],[36.2862,36.8037],[36.2649,36.6105],[35.8417,36.2884],[35.9901,36.224],[35.9767,36.001],[35.8449,35.5802],[35.9929,35.5158],[35.9153,35.2879],[35.9624,35.1979],[35.927,34.8723],[36.0682,34.7436],[36.0488,34.5506],[35.7921,34.2933],[35.6652,34.3113],[35.6838,33.9718],[35.4705,33.9021],[35.4993,33.6502],[35.3944,33.65],[35.3984,33.3931],[35.2154,33.0716],[35.089,33.0205],[35.0218,32.6216],[34.8851,32.4821],[34.7926,32.161],[34.813,31.9789],[34.6909,31.9134],[34.6028,31.7558],[34.6334,31.6575],[34.3076,31.4005],[34.2972,31.2719],[33.7493,31.0791],[32.8317,31.0148],[32.8055,31.0655],[32.6665,31.0523],[32.7907,31.0941],[32.5322,31.0791],[32.3894,31.2076],[32.2625,31.1696],[32.3039,31.0791],[31.9996,31.0791],[31.9063,31.2516],[31.7806,31.2076],[31.8077,31.2812],[31.7691,31.2988],[31.8741,31.4647],[31.2658,31.4647],[31.1215,31.5275],[31.0291,31.5185],[30.9807,31.4365],[30.7985,31.4465],[30.7344,31.3881],[30.5427,31.395],[30.6916,31.4647],[30.352,31.4647],[30.3019,31.3422],[30.3388,31.2719],[30.2887,31.2379],[29.9904,31.2719],[29.8315,31.1513],[29.8696,31.0791],[29.6332,30.9506],[29.5543,30.9848],[29.4481,30.9336],[29.3971,30.822],[29.017,30.822],[28.6945,29.1509],[28.6189,29.1509],[28.6054,28.8938],[28.451,28.8295],[28.5233,28.7652],[28.4665,27.6081],[28.3912,27.6081],[28.4458,27.158],[28.3707,27.158],[28.3426,26.5151],[28.2675,26.5151]],[[34.9635,29.5941],[34.967,29.6081],[34.9898,29.652],[34.9635,29.5941]],[[35.4529,31.4008],[35.4585,31.4916],[35.4587,31.4916],[35.4593,31.4958],[35.4529,31.4008]],[[35.552,32.3679],[35.5533,32.3691],[35.5656,32.3134],[35.552,32.3679]],[[35.5568,32.3724],[35.5594,32.3748],[35.5656,32.3679],[35.5568,32.3724]],[[35.5585,32.5191],[35.5614,32.5192],[35.5674,32.5102],[35.5585,32.5191]],[[35.5594,32.4704],[35.5626,32.4747],[35.5725,32.4567],[35.5594,32.4704]],[[35.5688,32.4829],[35.5778,32.4948],[35.58,32.4915],[35.5688,32.4829]],[[35.7716,32.7467],[35.7749,32.7473],[35.7882,32.7344],[35.7716,32.7467]],[[36.2318,33.8525],[36.3178,33.8272],[36.3006,33.8287],[36.2318,33.8525]],[[36.2672,33.9104],[36.2886,33.9465],[36.2691,33.9073],[36.2672,33.9104]],[[36.2699,33.906],[36.3111,33.872],[36.2753,33.8972],[36.2699,33.906]],[[36.6665,36.2657],[36.6691,36.2599],[36.6681,36.2532],[36.6665,36.2657]],[[36.6896,32.3197],[36.7069,32.3283],[36.7231,32.3266],[36.6896,32.3197]],[[42.7157,37.3553],[42.7805,37.3755],[42.788,37.3732],[42.7157,37.3553]],[[42.7951,37.371],[42.8011,37.3691],[42.8141,37.3468],[42.7951,37.371]],[[44.5699,37.5144],[44.5732,37.5275],[44.5793,37.477],[44.5699,37.5144]],[[44.692,39.793],[44.7746,39.7028],[44.7769,39.6984],[44.692,39.793]],[[44.7525,37.1131],[44.7649,37.1394],[44.7544,37.1084],[44.7525,37.1131]],[[44.8011,39.653],[44.8085,39.6391],[44.807,39.6399],[44.8011,39.653]],[[44.814,39.6362],[44.8723,39.6251],[44.8278,39.6288],[44.814,39.6362]],[[44.8666,36.7801],[44.9227,36.7759],[44.8772,36.7765],[44.8666,36.7801]],[[44.9962,36.7417],[45.0353,36.6896],[45.0373,36.6808],[44.9962,36.7417]],[[45.0355,36.633],[45.0426,36.6569],[45.0443,36.6493],[45.0355,36.633]],[[45.0382,36.494],[45.0608,36.4472],[45.0391,36.4798],[45.0382,36.494]],[[45.0791,36.4197],[45.1108,36.4025],[45.0837,36.4128],[45.0791,36.4197]],[[45.0922,39.3444],[45.096,39.3411],[45.1358,39.2785],[45.0922,39.3444]],[[45.1108,36.4025],[45.196,36.4224],[45.2213,36.4209],[45.1108,36.4025]],[[45.753,39.5635],[45.7655,39.5616],[45.7739,39.5549],[45.753,39.5635]]],[[[30.1795,31.2714],[30.1849,31.2719],[30.1795,31.2719],[30.1795,31.2714]]],[[[30.2409,31.2653],[30.2648,31.2719],[30.2479,31.2719],[30.2409,31.2653]]],[[[30.9691,31.5785],[30.9739,31.5799],[30.9739,31.5867],[30.9695,31.5854],[30.9691,31.5785]]],[[[30.978,31.5843],[31.119,31.5305],[31.1608,31.5935],[30.978,31.5843]]],[[[33.9551,26.79],[34.0036,26.7082],[34.0029,26.7316],[33.9756,26.79],[33.9551,26.79]]],[[[34.2319,27.7697],[34.2509,27.7642],[34.2573,27.7695],[34.2319,27.7697]]]]}},{"type":"Feature","properties":{"territoryId":"cliopatria-q97357417-9941eb647b","name":"Assyrian Egypt","name_ko":"아시리아령 이집트","color":"#e1cf33","colorFamily":1,"startYear":-629,"endYear":-615,"source_name":"Cliopatria v0.2.0","source_url":"https://github.com/Seshat-Global-History-Databank/cliopatria","license":"CC BY 4.0","attribution":"Seshat Global History Databank, Cliopatria contributors"},"geometry":{"type":"MultiPolygon","coordinates":[[[[28.2675,26.5151],[28.2886,25.165],[28.6412,24.5864],[29.6728,24.2006],[29.9595,23.8792],[30.1087,23.8792],[30.104,23.7506],[30.3952,23.5577],[30.4627,23.3649],[31.6705,23.7506],[32.0409,23.6863],[33.389,23.8149],[33.7564,23.6863],[35.108,23.8792],[35.4808,23.8253],[35.5139,23.9771],[35.7865,23.8939],[35.7386,23.9833],[35.4938,24.1089],[35.3919,24.2828],[35.1446,24.5002],[35.1603,24.5746],[34.5466,25.725],[34.3387,26.0018],[34.014,26.6116],[33.9414,26.6535],[33.9961,26.8966],[33.8368,27.1208],[33.8384,27.2426],[33.6917,27.3419],[33.4963,27.6466],[33.5877,27.651],[33.5579,27.7599],[33.4735,27.8232],[33.5921,27.7912],[33.5544,27.8965],[33.2494,28.1429],[33.0029,28.4895],[32.8689,28.5789],[32.8069,28.7781],[32.6255,28.9727],[32.6528,29.081],[32.5623,29.3863],[32.3377,29.5925],[32.5095,29.8668],[32.4769,29.9322],[32.5715,29.9426],[32.5778,30.0114],[32.6045,29.8242],[32.6907,29.7336],[32.7239,29.4705],[32.8172,29.414],[32.8856,29.2431],[33.1779,28.9896],[33.2287,28.5694],[33.5538,28.3153],[33.8794,27.9346],[34.2201,27.7731],[34.4281,27.9859],[34.4553,28.1749],[34.4102,28.32],[34.6245,28.736],[34.7366,29.3113],[34.9572,29.569],[34.9978,29.518],[34.9629,29.3671],[35.4282,29.2152],[35.8063,29.2152],[35.7699,29.7294],[35.876,30.1151],[35.9518,30.1151],[36.0697,30.6292],[36.4009,30.9506],[36.2709,31.2076],[36.4231,31.2076],[36.3866,31.6575],[36.4629,31.6575],[36.4919,31.9789],[36.6564,32.1074],[36.5155,32.236],[36.7507,32.3002],[36.6984,32.5574],[36.4751,32.6216],[36.5698,32.8145],[36.5055,32.943],[36.8369,33.2002],[36.6962,33.3288],[36.7279,33.6502],[37.0546,33.8432],[37.2347,34.1004],[37.3885,34.1004],[37.325,34.229],[38.1787,35.001],[38.8036,35.0653],[39.0904,34.8723],[39.2521,34.9366],[39.5459,34.8079],[39.6082,34.6793],[40.4183,34.3577],[40.4728,34.1647],[40.8499,34.1004],[40.9117,33.9718],[41.2116,33.9075],[41.4886,33.6502],[42.5783,33.1359],[42.7085,32.943],[43.1526,32.8145],[44.459,31.5933],[44.5814,31.3362],[44.9546,31.2719],[45.7705,30.4364],[46.5906,30.3079],[46.6151,29.858],[46.8497,29.9223],[46.994,29.858],[46.9794,29.7294],[47.2897,29.7937],[47.6464,29.6009],[48.1406,29.5464],[48.1809,29.5622],[47.9956,29.8277],[47.9348,30.1071],[47.969,30.0041],[48.1192,30.045],[48.434,29.9365],[48.5304,29.9564],[48.4766,29.984],[48.6587,29.9836],[48.6433,30.0554],[48.8904,30.0308],[48.9417,30.1651],[48.8623,30.3456],[49.0373,30.4325],[48.9456,30.4797],[48.9815,30.5156],[49.2112,30.5063],[49.2638,30.4497],[49.2029,30.3466],[48.9318,30.3972],[49.0037,30.3094],[49.1614,30.2238],[49.2092,30.2715],[49.2783,30.1579],[49.4798,30.1561],[49.5041,30.0587],[49.5807,30.0227],[50.477,30.4364],[50.3585,30.6935],[50.0714,30.822],[50.1053,31.0791],[49.9788,31.2719],[50.2864,31.8503],[50.0171,32.1074],[50.0352,32.236],[49.8241,32.3645],[49.8515,32.5574],[49.7169,32.6859],[49.2488,32.6216],[49.2761,32.8145],[49.0464,32.8145],[48.9881,32.943],[48.6818,32.943],[48.5467,33.0716],[48.087,33.0716],[47.8983,32.8145],[47.6362,33.1359],[46.7515,33.3931],[46.6923,33.5217],[46.7868,33.6502],[46.2845,33.9075],[46.3792,34.0361],[46.1485,34.0361],[46.1796,34.8079],[46.2751,34.9366],[46.8925,34.9366],[47.1716,35.2584],[47.2101,35.5158],[47.1327,35.5158],[47.1618,35.7089],[46.8618,35.7733],[46.8038,35.902],[46.2223,36.1596],[45.9896,36.1596],[46.0089,36.2884],[45.776,36.2884],[45.5039,36.546],[45.3485,36.546],[45.3093,36.8037],[44.9203,36.8037],[44.842,37.3193],[45.2417,37.3838],[45.2616,37.5128],[45.1255,37.6417],[45.1965,38.0933],[44.9822,38.2224],[45.0236,38.4806],[45.301,38.7389],[45.6364,38.868],[46.1075,38.868],[46.1406,39.0618],[46.062,39.0618],[46.0954,39.2557],[45.8816,39.385],[45.9041,39.5143],[45.7578,39.5789],[45.961,39.8376],[45.5333,40.0964],[45.1156,39.967],[45.0936,40.2906],[44.9469,40.3554],[44.9256,40.6792],[44.0653,40.744],[44.1907,41.0032],[44.0435,41.068],[44.0667,41.1977],[43.204,41.2625],[43.1019,41.1328],[42.8636,41.1328],[42.7508,40.9384],[42.5921,40.9384],[42.4664,41.1328],[41.9104,41.1328],[41.7879,40.8736],[41.5606,40.9384],[40.9328,40.4849],[40.7846,40.5496],[40.586,40.2906],[40.1214,40.3554],[39.7662,40.0964],[38.9253,40.2906],[38.2834,40.2259],[38.0101,39.967],[37.169,39.5789],[36.1283,39.4496],[35.9547,39.3203],[35.8053,39.385],[35.4669,39.1911],[35.3651,38.9972],[35.0584,39.0618],[35.0027,39.2557],[34.6956,39.3203],[34.6093,39.2557],[34.6654,39.0618],[34.4002,38.8034],[33.7079,38.9326],[33.6726,38.6097],[33.2668,38.4806],[33.2911,37.9643],[33.5056,37.7707],[33.5837,37.7707],[33.7066,37.4483],[33.9339,37.3838],[33.9141,37.1904],[34.2124,37.0615],[34.335,36.7393],[34.5816,36.8682],[34.8929,36.8682],[34.9352,36.726],[35.1127,36.7393],[35.4875,36.6106],[35.8336,36.9326],[36.1449,36.9326],[36.2862,36.8037],[36.2649,36.6105],[35.8417,36.2884],[35.9901,36.224],[35.9767,36.001],[35.8449,35.5802],[35.9929,35.5158],[35.9153,35.2879],[35.9624,35.1979],[35.927,34.8723],[36.0682,34.7436],[36.0488,34.5506],[35.7921,34.2933],[35.6652,34.3113],[35.6838,33.9718],[35.4705,33.9021],[35.4993,33.6502],[35.3944,33.65],[35.3984,33.3931],[35.2154,33.0716],[35.089,33.0205],[35.0218,32.6216],[34.8851,32.4821],[34.7926,32.161],[34.813,31.9789],[34.6909,31.9134],[34.6028,31.7558],[34.6334,31.6575],[34.3076,31.4005],[34.2972,31.2719],[33.7493,31.0791],[32.8317,31.0148],[32.8055,31.0655],[32.6665,31.0523],[32.7907,31.0941],[32.5322,31.0791],[32.3894,31.2076],[32.2625,31.1696],[32.3039,31.0791],[31.9996,31.0791],[31.9063,31.2516],[31.7806,31.2076],[31.8077,31.2812],[31.7691,31.2988],[31.8741,31.4647],[31.2658,31.4647],[31.1215,31.5275],[31.0291,31.5185],[30.9807,31.4365],[30.7985,31.4465],[30.7344,31.3881],[30.5427,31.395],[30.6916,31.4647],[30.352,31.4647],[30.3019,31.3422],[30.3388,31.2719],[30.2887,31.2379],[29.9904,31.2719],[29.8635,31.1964],[29.7894,31.0148],[29.6079,31.0148],[29.4481,30.9336],[29.3971,30.822],[29.017,30.822],[28.6945,29.1509],[28.6189,29.1509],[28.6054,28.8938],[28.451,28.8295],[28.5233,28.7652],[28.4665,27.6081],[28.3912,27.6081],[28.4458,27.158],[28.3707,27.158],[28.3426,26.5151],[28.2675,26.5151]],[[34.9635,29.5941],[34.967,29.6081],[34.9898,29.652],[34.9635,29.5941]],[[35.4529,31.4008],[35.4585,31.4916],[35.4587,31.4916],[35.4593,31.4958],[35.4529,31.4008]],[[35.552,32.3679],[35.5533,32.3691],[35.5656,32.3134],[35.552,32.3679]],[[35.5568,32.3724],[35.5594,32.3748],[35.5656,32.3679],[35.5568,32.3724]],[[35.5585,32.5191],[35.5614,32.5192],[35.5674,32.5102],[35.5585,32.5191]],[[35.5594,32.4704],[35.5626,32.4747],[35.5725,32.4567],[35.5594,32.4704]],[[35.5688,32.4829],[35.5778,32.4948],[35.58,32.4915],[35.5688,32.4829]],[[35.7716,32.7467],[35.7749,32.7473],[35.7882,32.7344],[35.7716,32.7467]],[[36.2318,33.8525],[36.3178,33.8272],[36.3006,33.8287],[36.2318,33.8525]],[[36.2672,33.9104],[36.2886,33.9465],[36.2691,33.9073],[36.2672,33.9104]],[[36.2699,33.906],[36.3111,33.872],[36.2753,33.8972],[36.2699,33.906]],[[36.6665,36.2657],[36.6691,36.2599],[36.6681,36.2532],[36.6665,36.2657]],[[36.6896,32.3197],[36.7069,32.3283],[36.7231,32.3266],[36.6896,32.3197]],[[42.7157,37.3553],[42.7805,37.3755],[42.788,37.3732],[42.7157,37.3553]],[[42.7951,37.371],[42.8011,37.3691],[42.8141,37.3468],[42.7951,37.371]],[[44.5699,37.5144],[44.5732,37.5275],[44.5793,37.477],[44.5699,37.5144]],[[44.692,39.793],[44.7746,39.7028],[44.7769,39.6984],[44.692,39.793]],[[44.7525,37.1131],[44.7649,37.1394],[44.7544,37.1084],[44.7525,37.1131]],[[44.8011,39.653],[44.8085,39.6391],[44.807,39.6399],[44.8011,39.653]],[[44.814,39.6362],[44.8723,39.6251],[44.8278,39.6288],[44.814,39.6362]],[[44.8666,36.7801],[44.9227,36.7759],[44.8772,36.7765],[44.8666,36.7801]],[[44.9962,36.7417],[45.0353,36.6896],[45.0373,36.6808],[44.9962,36.7417]],[[45.0355,36.633],[45.0426,36.6569],[45.0443,36.6493],[45.0355,36.633]],[[45.0382,36.494],[45.0608,36.4472],[45.0391,36.4798],[45.0382,36.494]],[[45.0791,36.4197],[45.1108,36.4025],[45.0837,36.4128],[45.0791,36.4197]],[[45.0922,39.3444],[45.096,39.3411],[45.1358,39.2785],[45.0922,39.3444]],[[45.1108,36.4025],[45.196,36.4224],[45.2213,36.4209],[45.1108,36.4025]],[[45.753,39.5635],[45.7655,39.5616],[45.7739,39.5549],[45.753,39.5635]],[[48.1351,30.4429],[48.1409,30.4419],[48.1705,30.4067],[48.1351,30.4429]],[[48.291,30.32],[48.2964,30.3198],[48.3014,30.3149],[48.291,30.32]],[[48.3292,30.2876],[48.397,30.221],[48.4026,30.2088],[48.3292,30.2876]],[[48.3811,30.1453],[48.3832,30.1481],[48.3831,30.1424],[48.3811,30.1453]],[[48.4082,30.1885],[48.4085,30.1961],[48.4106,30.1915],[48.4082,30.1885]],[[48.4239,30.0836],[48.4618,29.9949],[48.4531,30.0014],[48.4239,30.0836]]],[[[30.1795,31.2714],[30.1849,31.2719],[30.1795,31.2719],[30.1795,31.2714]]],[[[30.2409,31.2653],[30.2648,31.2719],[30.2479,31.2719],[30.2409,31.2653]]],[[[30.9691,31.5785],[30.9739,31.5799],[30.9739,31.5867],[30.9695,31.5854],[30.9691,31.5785]]],[[[30.978,31.5843],[31.119,31.5305],[31.1608,31.5935],[30.978,31.5843]]],[[[33.9551,26.79],[34.0036,26.7082],[34.0029,26.7316],[33.9756,26.79],[33.9551,26.79]]],[[[34.2319,27.7697],[34.2509,27.7642],[34.2573,27.7695],[34.2319,27.7697]]],[[[48.0108,29.9805],[48.0311,29.971],[48.0789,30.0041],[48.1061,30.0176],[48.1092,30.028],[48.0547,30.0245],[48.0108,29.9805]]],[[[48.0461,29.8005],[48.1858,29.6039],[48.3527,29.7098],[48.3445,29.7906],[48.1621,29.9957],[48.1227,29.9697],[48.1974,29.9254],[48.0951,29.8947],[48.1133,29.8391],[48.0461,29.8005]]]]}},{"type":"Feature","properties":{"territoryId":"cliopatria-q47690-5e1dd28d70","name":"Babylonia","name_ko":"바빌로니아","color":"#758ff0","colorFamily":0,"startYear":-649,"endYear":-630,"source_name":"Cliopatria v0.2.0","source_url":"https://github.com/Seshat-Global-History-Databank/cliopatria","license":"CC BY 4.0","attribution":"Seshat Global History Databank, Cliopatria contributors"},"geometry":{"type":"MultiPolygon","coordinates":[[[[43.4202,32.4931],[44.459,31.5933],[44.5814,31.3362],[44.9546,31.2719],[45.7705,30.4364],[46.5906,30.3079],[46.6151,29.858],[46.8497,29.9223],[46.994,29.858],[46.9794,29.7294],[47.2897,29.7937],[47.8662,29.5366],[48.0239,29.5848],[48.1734,29.5734],[48.0789,29.744],[48.0524,29.743],[47.9956,29.8277],[47.9348,30.1071],[47.969,30.0041],[48.1192,30.045],[48.434,29.9365],[48.5304,29.9564],[48.4766,29.984],[48.531,29.9613],[48.6587,29.9836],[48.6433,30.0554],[48.8904,30.0308],[48.9348,30.0797],[48.9417,30.1651],[48.8623,30.3456],[48.9348,30.4186],[48.9987,30.4157],[49.0194,30.4558],[48.9456,30.4797],[48.953,30.5002],[49.2705,30.5007],[49.2867,30.6292],[48.2528,31.4647],[48.1516,32.4288],[47.931,32.4931],[47.9748,32.8145],[47.8983,32.8145],[47.6362,33.1359],[47.5596,33.1359],[46.7515,33.3931],[46.6923,33.5217],[46.7868,33.6502],[46.4205,33.7789],[46.2845,33.9075],[46.3792,34.0361],[45.9178,34.0361],[45.9683,33.8432],[45.8915,33.8432],[45.8567,33.5859],[46.0697,33.4574],[46.0525,33.3288],[45.8991,33.3288],[45.4654,32.943],[45.099,33.0716],[44.6311,33.0073],[44.5708,33.1359],[44.4175,33.1359],[44.2481,33.0073],[44.2084,32.6859],[43.9102,32.7502],[43.4279,32.5574],[43.4202,32.4931]],[[48.1351,30.4429],[48.1409,30.4419],[48.1705,30.4067],[48.1351,30.4429]],[[48.291,30.32],[48.2964,30.3198],[48.3014,30.3149],[48.291,30.32]],[[48.3292,30.2876],[48.397,30.221],[48.4026,30.2088],[48.3292,30.2876]],[[48.3811,30.1453],[48.3832,30.1481],[48.3831,30.1424],[48.3811,30.1453]],[[48.4082,30.1885],[48.4085,30.1961],[48.4106,30.1915],[48.4082,30.1885]],[[48.4239,30.0836],[48.4618,29.9949],[48.4531,30.0014],[48.4239,30.0836]]],[[[48.0108,29.9805],[48.1092,30.028],[48.0547,30.0245],[48.0108,29.9805]]],[[[48.0461,29.8005],[48.1858,29.6039],[48.229,29.5999],[48.3031,29.6452],[48.3527,29.7098],[48.3445,29.7906],[48.1621,29.9957],[48.1227,29.9697],[48.1974,29.9254],[48.1587,29.8792],[48.0951,29.8947],[48.1133,29.8391],[48.0461,29.8005]]],[[[48.9212,30.3808],[48.972,30.3642],[48.9893,30.3977],[48.9212,30.3808]]]]}},{"type":"Feature","properties":{"territoryId":"cliopatria-q47690-5e1dd28d70","name":"Babylonia","name_ko":"바빌로니아","color":"#758ff0","colorFamily":0,"startYear":-614,"endYear":-600,"source_name":"Cliopatria v0.2.0","source_url":"https://github.com/Seshat-Global-History-Databank/cliopatria","license":"CC BY 4.0","attribution":"Seshat Global History Databank, Cliopatria contributors"},"geometry":{"type":"MultiPolygon","coordinates":[[[[43.4202,32.4931],[44.459,31.5933],[44.5814,31.3362],[44.9546,31.2719],[45.7705,30.4364],[46.5906,30.3079],[46.6151,29.858],[46.8497,29.9223],[46.994,29.858],[46.9794,29.7294],[47.2897,29.7937],[47.8662,29.5366],[48.0239,29.5848],[48.1734,29.5734],[48.0789,29.744],[48.0524,29.743],[47.9956,29.8277],[47.9348,30.1071],[47.969,30.0041],[48.1192,30.045],[48.434,29.9365],[48.5304,29.9564],[48.4766,29.984],[48.531,29.9613],[48.6587,29.9836],[48.6433,30.0554],[48.8904,30.0308],[48.9348,30.0797],[48.9417,30.1651],[48.8623,30.3456],[48.9348,30.4186],[48.9987,30.4157],[49.0194,30.4558],[48.9456,30.4797],[48.953,30.5002],[49.2705,30.5007],[49.2867,30.6292],[48.2528,31.4647],[48.1516,32.4288],[47.931,32.4931],[47.9748,32.8145],[47.8217,32.8145],[47.4151,33.2002],[46.6748,33.3931],[46.71,33.6502],[46.1485,34.0361],[46.1342,34.4863],[45.5002,34.3577],[45.1574,34.1004],[44.5936,33.9075],[44.4231,33.7789],[44.2805,33.2645],[43.9657,33.2002],[44.1716,33.0073],[44.2084,32.6859],[43.9102,32.7502],[43.4279,32.5574],[43.4202,32.4931]],[[48.1351,30.4429],[48.1409,30.4419],[48.1705,30.4067],[48.1351,30.4429]],[[48.291,30.32],[48.2964,30.3198],[48.3014,30.3149],[48.291,30.32]],[[48.3292,30.2876],[48.397,30.221],[48.4026,30.2088],[48.3292,30.2876]],[[48.3811,30.1453],[48.3832,30.1481],[48.3831,30.1424],[48.3811,30.1453]],[[48.4082,30.1885],[48.4085,30.1961],[48.4106,30.1915],[48.4082,30.1885]],[[48.4239,30.0836],[48.4618,29.9949],[48.4531,30.0014],[48.4239,30.0836]]],[[[48.0108,29.9805],[48.1092,30.028],[48.0547,30.0245],[48.0108,29.9805]]],[[[48.0461,29.8005],[48.1858,29.6039],[48.229,29.5999],[48.3031,29.6452],[48.3527,29.7098],[48.3445,29.7906],[48.1621,29.9957],[48.1227,29.9697],[48.1974,29.9254],[48.1587,29.8792],[48.0951,29.8947],[48.1133,29.8391],[48.0461,29.8005]]],[[[48.9212,30.3808],[48.972,30.3642],[48.9893,30.3977],[48.9212,30.3808]]]]}},{"type":"Feature","properties":{"territoryId":"cliopatria-q1025803-385afac00c","name":"Cai","name_ko":"채나라","color":"#5cd7e0","colorFamily":6,"startYear":-749,"endYear":-480,"source_name":"Cliopatria v0.2.0","source_url":"https://github.com/Seshat-Global-History-Databank/cliopatria","license":"CC BY 4.0","attribution":"Seshat Global History Databank, Cliopatria contributors"},"geometry":{"type":"Polygon","coordinates":[[[113.0284,34.5506],[113.3874,34.4863],[113.5908,34.229],[113.9266,34.4863],[113.9531,34.5506],[113.7509,34.8079],[113.6738,34.8079],[113.3414,34.9366],[113.2642,34.9366],[113.2376,34.8723],[113.1604,34.8723],[113.1339,34.8079],[113.0567,34.8079],[113.0303,34.7436],[113.0284,34.5506]]]}},{"type":"Feature","properties":{"territoryId":"cliopatria-q204077-061419df13","name":"Cao","name_ko":"조나라 (曹)","color":"#33e194","colorFamily":2,"startYear":-749,"endYear":-480,"source_name":"Cliopatria v0.2.0","source_url":"https://github.com/Seshat-Global-History-Databank/cliopatria","license":"CC BY 4.0","attribution":"Seshat Global History Databank, Cliopatria contributors"},"geometry":{"type":"Polygon","coordinates":[[[114.3759,35.194],[114.499,34.9366],[115.2311,35.3871],[114.9554,35.6445],[115.0114,35.7733],[114.8565,35.7733],[114.4081,35.4514],[114.3759,35.194]]]}},{"type":"Feature","properties":{"territoryId":"cliopatria-q2429397-c0d5ad3f29","name":"Carthage","name_ko":"고대 카르타고","color":"#f075ad","colorFamily":3,"startYear":-649,"endYear":-630,"source_name":"Cliopatria v0.2.0","source_url":"https://github.com/Seshat-Global-History-Databank/cliopatria","license":"CC BY 4.0","attribution":"Seshat Global History Databank, Cliopatria contributors"},"geometry":{"type":"MultiPolygon","coordinates":[[[[9.8397,36.7393],[10.2295,36.4172],[10.2299,36.2884],[10.4846,36.2356],[10.5077,36.3052],[10.4625,36.4172],[11.0062,36.8037],[11.0063,36.9971],[10.8751,36.9971],[10.5396,36.7393],[10.5082,36.7523],[10.437,36.7288],[10.3553,36.7312],[10.3201,36.7488],[10.2721,36.8161],[10.2472,36.7863],[10.1885,36.7976],[10.2107,36.8319],[10.2529,36.8463],[10.2796,36.8443],[10.2721,36.8291],[10.2988,36.8218],[10.3094,36.8346],[10.2282,36.8682],[9.9175,36.7393],[9.8397,36.7393]]],[[[10.228,36.9326],[10.2282,36.8682],[10.306,36.8682],[10.3058,36.9218],[10.228,36.9326]]]]}},{"type":"Feature","properties":{"territoryId":"cliopatria-q2429397-c0d5ad3f29","name":"Carthage","name_ko":"고대 카르타고","color":"#f075ad","colorFamily":3,"startYear":-629,"endYear":-500,"source_name":"Cliopatria v0.2.0","source_url":"https://github.com/Seshat-Global-History-Databank/cliopatria","license":"CC BY 4.0","attribution":"Seshat Global History Databank, Cliopatria contributors"},"geometry":{"type":"Polygon","coordinates":[[[8.8835,37.0141],[9.2176,36.7393],[9.6828,36.9971],[9.9945,36.9326],[9.84,36.6749],[10.3075,36.2884],[10.308,36.0952],[10.1532,36.0308],[10.1536,35.902],[10.3085,35.902],[10.2314,35.7733],[10.3097,35.4514],[10.6192,35.3227],[10.7738,35.3227],[10.8511,35.4514],[11.0495,35.3964],[11.0577,35.4867],[11.0831,35.5073],[11.0392,35.5185],[11.0149,35.5552],[11.0169,35.5986],[10.851,35.6445],[10.851,35.6954],[10.8317,35.7185],[10.4635,35.902],[10.491,36.0633],[10.4747,36.1125],[10.4793,36.217],[10.5349,36.3573],[10.4625,36.4172],[11.0062,36.8037],[11.0063,36.9971],[10.5187,36.7558],[10.437,36.7288],[10.3553,36.7312],[10.3201,36.7488],[10.2938,36.7856],[10.1885,36.7976],[10.2107,36.8319],[10.2398,36.8418],[10.2685,36.9378],[10.1824,37.027],[10.1743,37.0762],[10.2175,37.1103],[10.2244,37.0959],[10.2271,37.1177],[10.2113,37.1376],[10.1354,37.1423],[10.1281,37.1587],[10.178,37.178],[10.2058,37.1751],[10.2113,37.1587],[10.2273,37.1639],[10.2272,37.1949],[10.1501,37.2337],[9.9934,37.1904],[9.8716,37.2574],[9.8196,37.2276],[9.8612,37.2338],[9.925,37.2131],[9.9143,37.1783],[9.8799,37.1501],[9.8159,37.1518],[9.7718,37.2133],[9.7927,37.238],[9.8536,37.2673],[9.759,37.3193],[8.9768,37.1032],[8.9258,37.0389],[8.8835,37.0141]]]}},{"type":"Feature","properties":{"territoryId":"cliopatria-q1069690-7cfd850f2a","name":"Chen","name_ko":"진나라 (陳)","color":"#4b88dd","colorFamily":0,"startYear":-749,"endYear":-480,"source_name":"Cliopatria v0.2.0","source_url":"https://github.com/Seshat-Global-History-Databank/cliopatria","license":"CC BY 4.0","attribution":"Seshat Global History Databank, Cliopatria contributors"},"geometry":{"type":"Polygon","coordinates":[[[113.7509,34.8079],[113.9531,34.5506],[113.9266,34.4863],[114.1557,34.2933],[115.5947,34.422],[115.4942,34.5506],[114.6466,34.5506],[114.3412,34.7436],[114.4721,34.8723],[113.7509,34.8079]]]}},{"type":"Feature","properties":{"territoryId":"cliopatria-q504759-a596384ca7","name":"Chu","name_ko":"초나라","color":"#7aebd9","colorFamily":2,"startYear":-699,"endYear":-480,"source_name":"Cliopatria v0.2.0","source_url":"https://github.com/Seshat-Global-History-Databank/cliopatria","license":"CC BY 4.0","attribution":"Seshat Global History Databank, Cliopatria contributors"},"geometry":{"type":"Polygon","coordinates":[[[109.3125,31.5933],[109.4752,31.4005],[109.3555,31.2719],[109.4861,31.2076],[109.4763,30.9506],[109.9158,30.4364],[110.4056,30.3079],[110.2273,29.9865],[110.6618,29.9223],[111.2987,29.5366],[111.8086,29.4723],[111.9959,29.3438],[112.9037,29.3438],[113.2668,29.5366],[113.5836,30.0508],[113.9506,30.2436],[114.1127,30.5007],[116.1186,30.3722],[116.8374,30.6935],[117.0208,31.2076],[117.1096,31.6575],[118.3194,32.4288],[118.9058,32.943],[118.5746,33.0716],[118.449,33.3288],[118.118,33.4574],[118.0436,33.6502],[117.7629,33.7146],[117.7392,33.8432],[117.2311,34.1004],[116.6157,34.1004],[116.107,34.3577],[115.5947,34.422],[114.1557,34.2933],[113.9266,34.4863],[113.5908,34.229],[113.3874,34.4863],[113.0284,34.5506],[113.0303,34.7436],[112.617,34.4863],[112.1548,34.4863],[110.8973,34.229],[110.872,34.1647],[110.489,33.9718],[110.4912,33.7789],[110.2115,33.6502],[110.2149,33.4574],[109.7829,33.3288],[109.7109,33.1359],[109.8165,33.0073],[109.5524,32.4931],[109.6288,32.4931],[109.3125,31.5933]]]}},{"type":"Feature","properties":{"territoryId":"cliopatria-q128904-1175fc4c43","name":"Elam","name_ko":"엘람","color":"#f0b875","colorFamily":1,"startYear":-699,"endYear":-650,"source_name":"Cliopatria v0.2.0","source_url":"https://github.com/Seshat-Global-History-Databank/cliopatria","license":"CC BY 4.0","attribution":"Seshat Global History Databank, Cliopatria contributors"},"geometry":{"type":"MultiPolygon","coordinates":[[[[47.931,32.4931],[48.1516,32.4288],[48.2528,31.4647],[49.2867,30.6292],[49.2705,30.5007],[49.213,30.5007],[49.2283,30.4544],[49.2638,30.4497],[49.2572,30.4219],[49.2029,30.3466],[49.0852,30.4009],[49.0187,30.3079],[49.0422,30.2857],[49.1614,30.2238],[49.2212,30.2646],[49.2451,30.1565],[49.3499,30.1753],[49.4798,30.1561],[49.5041,30.0587],[49.5645,30.0168],[49.9146,30.2039],[50.0549,30.2035],[50.477,30.4364],[50.3585,30.6935],[50.0714,30.822],[50.0048,31.4647],[50.1659,31.529],[50.2864,31.8503],[50.0171,32.1074],[50.0352,32.236],[49.9588,32.236],[49.7169,32.6859],[49.2488,32.6216],[49.2761,32.8145],[49.0464,32.8145],[48.9881,32.943],[48.087,33.0716],[47.9837,32.8788],[47.931,32.4931]]],[[[49.1303,30.5007],[49.134,30.4975],[49.1433,30.5007],[49.1303,30.5007]]],[[[49.1682,30.477],[49.203,30.5007],[49.1727,30.5007],[49.1751,30.4975],[49.1682,30.477]]]]}},{"type":"Feature","properties":{"territoryId":"cliopatria-q128904-1175fc4c43","name":"Elam","name_ko":"엘람","color":"#f0b875","colorFamily":1,"startYear":-649,"endYear":-630,"source_name":"Cliopatria v0.2.0","source_url":"https://github.com/Seshat-Global-History-Databank/cliopatria","license":"CC BY 4.0","attribution":"Seshat Global History Databank, Cliopatria contributors"},"geometry":{"type":"MultiPolygon","coordinates":[[[[47.931,32.4931],[48.1516,32.4288],[48.2528,31.4647],[49.2867,30.6292],[49.2705,30.5007],[49.213,30.5007],[49.2283,30.4544],[49.2638,30.4497],[49.2029,30.3466],[49.0852,30.4009],[49.0187,30.3079],[49.1646,30.2252],[49.2092,30.2715],[49.2364,30.1846],[49.283,30.1581],[49.4798,30.1561],[49.5041,30.0587],[49.5645,30.0168],[49.9146,30.2039],[50.0241,30.2163],[50.1407,30.1794],[50.477,30.4364],[50.3585,30.6935],[50.0714,30.822],[50.0048,31.4647],[50.1659,31.529],[50.2864,31.8503],[50.0171,32.1074],[50.0352,32.236],[49.9588,32.236],[49.7169,32.6859],[49.2488,32.6216],[49.2761,32.8145],[49.0464,32.8145],[48.9881,32.943],[48.087,33.0716],[47.9837,32.8788],[47.931,32.4931]]],[[[49.1303,30.5007],[49.134,30.4975],[49.1433,30.5007],[49.1303,30.5007]]],[[[49.1682,30.477],[49.203,30.5007],[49.1727,30.5007],[49.1751,30.4975],[49.1682,30.477]]]]}},{"type":"Feature","properties":{"territoryId":"cliopatria-q128904-1175fc4c43","name":"Elam","name_ko":"엘람","color":"#f0b875","colorFamily":1,"startYear":-614,"endYear":-600,"source_name":"Cliopatria v0.2.0","source_url":"https://github.com/Seshat-Global-History-Databank/cliopatria","license":"CC BY 4.0","attribution":"Seshat Global History Databank, Cliopatria contributors"},"geometry":{"type":"MultiPolygon","coordinates":[[[[47.931,32.4931],[48.1516,32.4288],[48.2528,31.4647],[49.2867,30.6292],[49.2705,30.5007],[49.213,30.5007],[49.2283,30.4544],[49.2638,30.4497],[49.2029,30.3466],[49.0852,30.4009],[49.0187,30.3079],[49.1646,30.2252],[49.2092,30.2715],[49.2364,30.1846],[49.283,30.1581],[49.4798,30.1561],[49.5041,30.0587],[49.5645,30.0168],[49.9146,30.2039],[50.0241,30.2163],[50.0779,30.1871],[50.3928,30.3722],[50.4177,30.565],[50.063,30.7578],[50.0048,31.4647],[50.2775,31.7861],[50.0081,32.0431],[50.0261,32.1717],[49.815,32.3002],[49.8423,32.4931],[49.7077,32.6216],[49.3162,32.5574],[49.123,32.8145],[48.7493,32.8788],[48.6143,33.0073],[48.0781,33.0073],[47.9748,32.8145],[47.931,32.4931]]],[[[49.1303,30.5007],[49.134,30.4975],[49.1433,30.5007],[49.1303,30.5007]]],[[[49.1682,30.477],[49.203,30.5007],[49.1727,30.5007],[49.1751,30.4975],[49.1682,30.477]]]]}},{"type":"Feature","properties":{"territoryId":"cliopatria-q17161-c181b09960","name":"Etruscans","name_ko":"에트루리아인","color":"#e7cb7e","colorFamily":1,"startYear":-749,"endYear":-650,"source_name":"Cliopatria v0.2.0","source_url":"https://github.com/Seshat-Global-History-Databank/cliopatria","license":"CC BY 4.0","attribution":"Seshat Global History Databank, Cliopatria contributors"},"geometry":{"type":"MultiPolygon","coordinates":[[[[10.2934,43.7982],[10.4289,43.3968],[10.5282,43.2468],[10.5391,43.0796],[11.0163,42.8213],[11.0159,42.6629],[11.0788,42.6262],[11.176,42.6262],[11.2552,42.4312],[11.4152,42.4312],[11.4485,42.3766],[11.569,42.3314],[11.6548,42.3662],[11.7351,42.1705],[11.8927,42.1063],[12.4517,42.1063],[12.3678,41.7167],[13,41.3274],[13.7145,41.2625],[13.8712,41.1328],[14.0349,41.3922],[14.0411,41.7167],[13.8056,41.9114],[13.5652,41.8465],[13.327,41.9114],[13.329,42.0413],[13.0106,42.1063],[13.0924,42.2362],[13.3311,42.1712],[13.2572,42.5612],[13.4173,42.5612],[13.4996,42.6912],[13.1811,42.8213],[12.9495,43.4723],[12.5464,43.4072],[11.9866,43.7982],[10.2934,43.7982]]],[[[10.1632,42.8164],[10.1963,42.7362],[10.3379,42.7648],[10.3814,42.7226],[10.4307,42.7221],[10.3888,42.7635],[10.4367,42.8044],[10.4434,42.8454],[10.4124,42.8734],[10.3473,42.8059],[10.3268,42.8262],[10.2721,42.8273],[10.2659,42.8044],[10.1632,42.8164]]]]}},{"type":"Feature","properties":{"territoryId":"cliopatria-q17161-c181b09960","name":"Etruscans","name_ko":"에트루리아인","color":"#e7cb7e","colorFamily":1,"startYear":-649,"endYear":-600,"source_name":"Cliopatria v0.2.0","source_url":"https://github.com/Seshat-Global-History-Databank/cliopatria","license":"CC BY 4.0","attribution":"Seshat Global History Databank, Cliopatria contributors"},"geometry":{"type":"MultiPolygon","coordinates":[[[[10.1632,42.8164],[10.1963,42.7362],[10.3379,42.7648],[10.3814,42.7226],[10.4307,42.7221],[10.3888,42.7635],[10.4367,42.8044],[10.4434,42.8454],[10.4124,42.8734],[10.3473,42.8059],[10.3268,42.8262],[10.2721,42.8273],[10.2659,42.8044],[10.1632,42.8164]]],[[[10.2934,43.7982],[10.2936,43.6678],[10.4548,43.4723],[10.4886,43.3084],[10.5282,43.2468],[10.5391,43.0796],[11.0163,42.8213],[11.0159,42.6629],[11.0788,42.6262],[11.176,42.6262],[11.2552,42.4312],[11.4152,42.4312],[11.4485,42.3766],[11.569,42.3314],[11.6548,42.3662],[11.7351,42.1705],[11.8927,42.1063],[12.4517,42.1063],[12.3678,41.7167],[13,41.3274],[13.7145,41.2625],[13.8712,41.1328],[14.0349,41.3922],[14.0411,41.7167],[13.8056,41.9114],[13.5652,41.8465],[13.327,41.9114],[13.329,42.0413],[13.0106,42.1063],[13.0924,42.2362],[13.3311,42.1712],[13.2572,42.5612],[13.4173,42.5612],[13.4996,42.6912],[13.1811,42.8213],[13.0291,43.4072],[12.5464,43.4072],[12.4674,43.5375],[12.146,43.6027],[11.9866,43.7982],[11.7451,43.8634],[11.8277,44.1243],[11.5049,44.1896],[11.5059,44.3854],[11.1827,44.516],[11.0203,44.3201],[11.0199,44.1243],[10.8583,44.1243],[10.9388,43.9938],[10.6965,43.7982],[10.2934,43.7982]]]]}},{"type":"Feature","properties":{"territoryId":"cliopatria-q148837-11892bffbd","name":"Greek City-States","name_ko":"그리스 도시국가들","color":"#a95ce0","colorFamily":4,"startYear":-674,"endYear":-650,"source_name":"Cliopatria v0.2.0","source_url":"https://github.com/Seshat-Global-History-Databank/cliopatria","license":"CC BY 4.0","attribution":"Seshat Global History Databank, Cliopatria contributors"},"geometry":{"type":"MultiPolygon","coordinates":[[[[23.6154,35.5158],[23.6792,35.2584],[24.4484,35.194],[24.7574,35.194],[24.8237,35.001],[26.1401,35.0653],[26.2253,35.194],[25.8469,35.1493],[25.7953,35.1151],[25.6806,35.1297],[25.6923,35.3227],[25.4536,35.2941],[25.3991,35.3227],[24.301,35.3227],[24.1499,35.3871],[24.1541,35.465],[24.0669,35.507],[24.1569,35.5158],[23.6154,35.5158]]],[[[22.9016,36.3383],[22.9292,36.178],[23.0533,36.1596],[23.0584,36.2165],[23.1039,36.2372],[23.0769,36.2707],[22.9446,36.3894],[22.9016,36.3383]]],[[[24.2754,37.5317],[24.3958,37.6247],[24.3728,37.6852],[24.2893,37.6453],[24.2754,37.5317]]],[[[20.6195,37.8228],[20.7934,37.6685],[20.8481,37.6571],[20.8435,37.7016],[20.9261,37.7284],[20.886,37.814],[20.7525,37.8549],[20.7247,37.8998],[20.6554,37.8998],[20.6195,37.8228]]],[[[24.6878,37.9287],[24.7162,37.8791],[24.7385,37.8918],[24.9118,37.7283],[24.9944,37.7541],[24.9575,37.7744],[24.9849,37.816],[24.9434,37.8433],[24.9538,37.8707],[24.8484,37.9149],[24.7937,37.9941],[24.6936,37.9658],[24.6878,37.9287]]],[[[14.7519,37.5128],[15.13,36.8682],[15.2071,37.1643],[15.1853,37.2023],[15.0592,37.2549],[15.0665,37.6417],[15.3895,38.1578],[15.5432,38.1578],[15.5697,38.227],[15.6516,38.2753],[15.4998,38.2869],[15.1545,38.1491],[15.1521,38.0288],[14.8334,37.7062],[14.8323,37.6417],[14.7519,37.5128]]],[[[15.6328,38.2203],[15.638,38.122],[15.6982,37.9643],[15.9328,37.9643],[16.4919,38.416],[16.5024,38.8034],[17.0577,38.9972],[17.1407,39.1918],[16.987,39.2557],[16.4274,38.9326],[16.0187,38.2869],[15.7969,38.2869],[15.6328,38.2203]]],[[[20.339,38.2002],[20.3801,38.1518],[20.4253,38.1753],[20.4351,38.2788],[20.5098,38.1797],[20.4688,38.1928],[20.4943,38.1337],[20.7865,38.0933],[20.7887,38.1412],[20.6817,38.2821],[20.6429,38.2534],[20.5991,38.3026],[20.6258,38.3518],[20.5664,38.416],[20.5411,38.416],[20.5298,38.3375],[20.479,38.3095],[20.3999,38.3641],[20.339,38.2002]]],[[[20.6878,38.3367],[20.7194,38.3156],[20.7387,38.3189],[20.6951,38.3434],[20.6878,38.3367]]],[[[21.2436,37.8352],[21.6966,37.5128],[21.6664,37.4088],[21.6958,37.3164],[21.6031,37.1904],[21.681,37.1904],[21.7435,36.8682],[21.8992,36.8682],[21.9085,37.0615],[22.22,37.0615],[22.3356,36.7337],[22.388,36.7062],[22.3757,36.6749],[22.5118,36.6749],[22.5994,36.8682],[22.8328,36.8682],[23.0332,36.6946],[22.8532,37.2549],[22.7007,37.3193],[22.7144,37.5773],[22.7783,37.5969],[22.9486,37.5773],[23.1756,37.4483],[23.1685,37.3193],[23.278,37.3498],[23.2302,37.3846],[23.3849,37.4134],[23.36,37.5475],[23.3367,37.5355],[23.1686,37.6142],[23.1626,37.6417],[23.1083,37.6417],[23.0586,37.8427],[23.0125,37.8476],[22.9951,37.8821],[23.0151,37.9252],[23.0941,37.911],[23.2044,37.963],[23.2082,38.0288],[23.5746,38.0468],[23.5979,38.0211],[23.5597,37.9866],[23.9786,37.8352],[24.0021,38.2224],[24.0361,38.2224],[23.951,38.2909],[23.6729,38.3564],[23.5735,38.4534],[23.5929,38.4806],[23.3126,38.4806],[23.1826,38.6538],[23.1045,38.6384],[23.0698,38.7015],[22.9356,38.7389],[22.9149,38.7756],[22.8672,38.7551],[22.8293,38.7861],[22.7783,38.7817],[22.7026,38.8507],[22.5934,38.8302],[22.5539,38.8481],[22.5729,38.8643],[22.5404,38.8601],[22.3863,38.7389],[21.912,38.6743],[21.6015,38.7389],[21.278,38.5451],[21.2716,38.416],[21.3401,38.4065],[21.3533,38.4329],[21.3225,38.4963],[21.3601,38.4677],[21.3769,38.4015],[21.7163,38.3579],[21.7625,38.3284],[21.8312,38.3967],[21.8792,38.378],[21.9876,38.4106],[22.1326,38.3727],[22.1892,38.3231],[22.2249,38.3601],[22.3823,38.3427],[22.4016,38.4534],[22.4684,38.4211],[22.5625,38.2935],[22.6003,38.3026],[22.5872,38.3367],[22.6462,38.3618],[22.6268,38.3715],[22.6465,38.39],[22.6965,38.3169],[22.7988,38.2821],[22.7648,38.248],[22.8057,38.227],[22.895,38.2412],[22.9087,38.1928],[22.9695,38.1928],[22.9224,38.207],[22.9519,38.2253],[23.0667,38.1832],[23.1227,38.2081],[23.1489,38.1859],[23.1284,38.1723],[23.2234,38.1592],[23.1755,38.145],[23.2166,38.1033],[23.0686,38.0589],[22.9429,38.0835],[22.854,38.0351],[22.9754,37.979],[22.9463,37.9462],[22.8672,37.9395],[22.6804,38.0666],[22.3312,38.1789],[22.2185,38.1882],[22.0204,38.3132],[21.8495,38.3413],[21.7333,38.2514],[21.7286,38.1578],[21.4156,38.1578],[21.2436,37.8352]]],[[[22.3403,39.3203],[22.5615,39.0618],[22.5514,38.8835],[22.6216,38.9145],[22.689,38.878],[22.792,38.878],[22.8465,38.9264],[22.9845,38.9543],[23.0667,39.0327],[22.9639,39.009],[22.9981,39.0698],[22.9516,39.1238],[22.7973,39.0618],[22.8163,39.385],[23.1318,39.4489],[22.9395,39.5806],[22.906,39.6475],[22.6109,39.9023],[22.6616,39.9779],[22.5935,40.0317],[22.5397,40.0317],[22.5877,39.5143],[22.3403,39.3203]]],[[[22.833,38.8227],[22.9415,38.8412],[22.9694,38.8891],[23.1825,38.9326],[23.1787,38.868],[23.4888,38.8034],[23.3435,38.9972],[23.1116,38.9972],[23.0868,38.9543],[22.8748,38.8749],[22.833,38.8227]]],[[[23.0356,36.6926],[23.0463,36.6833],[23.0517,36.6872],[23.0498,36.6926],[23.0356,36.6926]]],[[[23.3122,37.6174],[23.3406,37.6003],[23.3536,37.5821],[23.3442,37.6327],[23.3122,37.6174]]],[[[23.4014,37.3193],[23.4024,37.3193],[23.4023,37.3198],[23.4014,37.3193]]],[[[23.5634,38.7389],[23.6355,38.5286],[23.594,38.4534],[23.6144,38.4609],[23.6492,38.4057],[24.0422,38.4015],[24.0669,38.351],[24.0254,38.3305],[24.1216,38.3095],[24.1094,38.2563],[24.1617,38.2698],[24.1789,38.5451],[24.0302,38.6743],[23.5634,38.7389]]],[[[24.1275,38.2224],[24.1591,38.2287],[24.1614,38.2661],[24.1275,38.2224]]],[[[20.5504,38.6097],[20.716,38.627],[20.7225,38.7073],[20.697,38.6898],[20.7293,38.7817],[20.6863,38.8501],[20.6026,38.7817],[20.5504,38.6097]]],[[[20.7293,38.8098],[20.7412,38.8001],[20.7432,38.8426],[20.7293,38.8098]]],[[[23.4849,38.7389],[23.5634,38.7389],[23.5668,38.7946],[23.4888,38.8034],[23.4849,38.7389]]],[[[24.4362,38.878],[24.557,38.8457],[24.574,38.8098],[24.5368,38.7918],[24.6643,38.7732],[24.6673,38.8185],[24.5786,38.8756],[24.574,38.9326],[24.523,38.9643],[24.4611,38.9677],[24.4362,38.878]]],[[[19.7578,39.6436],[19.9065,39.5814],[19.9148,39.6295],[19.845,39.6527],[19.8391,39.6799],[19.8416,39.7042],[19.9197,39.7355],[19.9214,39.7729],[19.7637,39.7729],[19.7578,39.6436]]],[[[23.3059,40.1045],[23.3816,40.0027],[23.3606,39.9611],[23.471,39.9716],[23.6381,39.9207],[23.6427,39.9912],[23.4989,40.0423],[23.4006,40.144],[23.3636,40.1505],[23.3398,40.2259],[23.3065,40.2259],[23.3246,40.175],[23.3059,40.1045]]],[[[23.4246,40.2787],[23.5023,40.2576],[23.5045,40.2906],[23.4246,40.2787]]],[[[16.2198,39.967],[16.2932,39.7729],[16.4529,39.8376],[16.4548,39.9023],[16.605,40.0224],[16.6047,40.0845],[16.6769,40.1511],[16.6245,40.2906],[16.8061,40.3276],[16.8992,40.4309],[16.868,40.4849],[17.3452,40.5496],[17.3407,40.4201],[17.5758,40.3554],[17.5083,40.6792],[16.8765,40.744],[16.6325,40.5496],[16.3062,40.2259],[16.2988,39.967],[16.2198,39.967]]],[[[23.6584,40.2268],[23.7374,40.2259],[23.6936,40.3092],[23.7278,40.3554],[23.667,40.3554],[23.6584,40.2268]]],[[[23.7412,40.3554],[23.746,40.3538],[23.7461,40.3554],[23.7412,40.3554]]],[[[14.0276,41.0032],[14.1046,40.8736],[14.4219,40.8736],[14.4194,40.7517],[14.4741,40.7297],[14.4764,40.6951],[14.4363,40.6792],[14.8141,40.6792],[14.8948,40.744],[14.8185,40.8736],[14.5012,40.8736],[14.5039,41.0032],[14.0276,41.0032]]],[[[27.708,36.1688],[27.714,36.1225],[27.7571,36.0844],[27.7311,35.9907],[27.7519,35.905],[27.8638,35.9413],[27.9934,36.062],[28.0896,36.0551],[28.0964,36.1035],[28.0617,36.1165],[28.1634,36.2377],[28.2311,36.4498],[27.8997,36.3402],[27.8032,36.2702],[27.772,36.1978],[27.708,36.1688]]],[[[33.5072,36.224],[33.8138,36.2658],[33.8711,36.3149],[33.9791,36.2884],[33.8365,36.4172],[33.7588,36.4172],[33.5072,36.224]]],[[[30.1091,36.4172],[30.4919,36.3528],[30.4746,36.4016],[30.5002,36.4503],[30.5246,36.7393],[30.2805,36.6105],[30.1867,36.4172],[30.1091,36.4172]]],[[[26.9177,36.7161],[26.9303,36.7011],[26.9845,36.7229],[26.992,36.7536],[27.1854,36.8037],[27.1442,36.8811],[26.986,36.7676],[26.9264,36.7656],[26.9177,36.7161]]],[[[25.3418,37.083],[25.3936,36.9971],[25.5644,36.9971],[25.5727,37.126],[25.4128,37.126],[25.3418,37.083]]],[[[24.9955,37.6789],[25.0113,37.6323],[25.1255,37.5559],[25.216,37.5329],[25.2593,37.59],[25.2456,37.6242],[24.9955,37.6789]]],[[[25.99,37.5165],[26.2306,37.5714],[26.3083,37.6267],[26.312,37.6796],[26.1974,37.6323],[26.0742,37.6379],[25.99,37.5165]]],[[[26.3841,38.6702],[26.4058,38.4535],[26.4408,38.4728],[26.513,38.4329],[26.4891,38.4062],[26.4515,38.4261],[26.4759,38.3669],[26.4175,38.3367],[26.4289,38.2224],[26.8203,38.2224],[26.889,38.0933],[27.2753,38.0288],[27.2519,37.9668],[27.2748,37.929],[27.2372,37.8454],[27.2559,37.7707],[27.1794,37.6106],[27.2085,37.5969],[27.1923,37.5518],[27.31,37.4483],[27.2383,37.3426],[27.3303,37.3516],[27.3218,37.3709],[27.4072,37.4127],[27.4385,37.3908],[27.3921,37.3538],[27.5392,37.3838],[27.5644,37.2735],[27.616,37.2747],[27.5894,37.2307],[27.598,37.126],[28.0653,37.126],[28.1383,37.0615],[28.1313,37.0363],[28.3294,37.0368],[28.2446,36.9882],[28.2124,37.0004],[28.1852,36.9389],[28.1572,36.9458],[28.1653,36.9116],[28.1034,36.9353],[28.0583,36.7721],[28.1184,36.8006],[28.1305,36.754],[28.11,36.7751],[28.0822,36.7471],[28.1164,36.7188],[28.0439,36.7202],[28.0314,36.6749],[28.2534,36.7641],[28.2367,36.8132],[28.2572,36.8462],[28.315,36.8291],[28.2782,36.7965],[28.315,36.795],[28.3088,36.8161],[28.3474,36.8018],[28.4185,36.8304],[28.3767,36.8544],[28.452,36.8836],[28.4535,36.8444],[28.5127,36.8682],[28.4548,37.126],[28.1631,37.3838],[28.1681,37.4483],[27.7,37.4483],[27.6317,37.5773],[27.4756,37.5773],[27.4219,37.8998],[27.1433,38.3515],[27.15,38.4383],[27.0694,38.4094],[27.065,38.3515],[26.6762,38.3515],[26.7,38.3258],[26.6731,38.3072],[26.6501,38.3515],[26.595,38.3515],[26.5358,38.6097],[26.3841,38.6702]]],[[[26.7473,39.3203],[26.9579,38.9972],[26.9399,38.9327],[27.0578,38.9298],[27.055,38.8711],[26.9588,38.8445],[26.9608,38.8061],[26.9084,38.8204],[26.9314,38.7551],[26.8857,38.739],[26.8495,38.6097],[27.0798,38.5451],[27.0728,38.4537],[27.1516,38.4592],[27.1632,38.6097],[27.0113,38.6743],[27.0213,38.8034],[27.4345,39.0618],[27.3822,39.385],[26.9937,39.4496],[26.7473,39.3203]]],[[[27.5815,37.1982],[27.5831,37.1912],[27.5877,37.1988],[27.5815,37.1982]]],[[[25.8407,38.5224],[25.9439,38.4534],[25.9507,38.4057],[25.989,38.3793],[25.9644,38.3026],[25.885,38.2794],[25.8898,38.2206],[26.0115,38.1578],[26.0401,38.2002],[26.1121,38.2226],[26.1022,38.2617],[26.1581,38.329],[26.1541,38.4673],[26.1219,38.4875],[26.1636,38.5428],[26.1307,38.5672],[26.1082,38.5428],[26.0159,38.602],[25.8696,38.5831],[25.8407,38.5224]]],[[[25.8359,39.1822],[26.1021,39.1115],[26.1602,39.1833],[26.2256,39.2076],[26.2935,39.1772],[26.1002,39.0858],[26.1657,39.0224],[26.4242,38.9674],[26.5471,38.9879],[26.437,39.1035],[26.4893,39.1137],[26.5266,39.0834],[26.5394,39.0194],[26.61,39.0229],[26.5397,39.166],[26.3822,39.2771],[26.4074,39.3347],[26.1658,39.3681],[26.1628,39.3236],[26.0606,39.2895],[25.9226,39.2911],[25.8421,39.228],[25.8359,39.1822]]],[[[25.0447,39.9853],[25.0682,39.9208],[25.047,39.8376],[25.1649,39.8591],[25.1606,39.8376],[25.2043,39.8376],[25.1773,39.845],[25.2251,39.8854],[25.1971,39.8928],[25.2388,39.9195],[25.2798,39.8891],[25.2388,39.8581],[25.3551,39.8376],[25.3416,39.8839],[25.3685,39.899],[25.348,39.9064],[25.4499,39.9884],[25.4377,40.0317],[25.2852,39.9534],[25.2251,40.0089],[25.0447,39.9853]]],[[[26.1325,39.5143],[26.8329,39.5568],[26.8934,39.5844],[26.9405,39.5614],[27.2406,39.5789],[26.9464,39.8376],[26.7045,39.7729],[26.6413,39.967],[26.6571,40.1612],[26.8205,40.2259],[27.3683,40.1612],[27.5067,40.3148],[27.373,40.3554],[26.6811,40.3554],[26.5007,40.213],[26.408,40.1937],[26.3932,40.1082],[26.311,40.0195],[26.2205,40.0029],[26.1325,39.5143]]],[[[26.2318,40.0656],[26.3758,40.1535],[26.3456,40.1998],[26.6167,40.3595],[26.6743,40.4257],[26.6839,40.4849],[26.4411,40.4201],[26.2723,40.2906],[26.2318,40.0656]]],[[[25.7052,40.1144],[26.0122,40.1666],[25.9631,40.1571],[25.9719,40.2211],[25.926,40.2428],[25.759,40.2067],[25.7099,40.1758],[25.7052,40.1144]]],[[[26.7979,40.569],[26.8301,40.5078],[26.9682,40.5602],[26.8274,40.5995],[26.7979,40.569]]],[[[39.7849,40.744],[40.5674,40.6792],[40.5981,40.8736],[40.4289,41.0324],[40.3815,41.0087],[40.3703,40.9384],[39.8149,40.9384],[39.7849,40.744]]],[[[37.1445,41.1328],[37.224,41.1328],[37.2261,41.1475],[37.1465,41.1467],[37.1445,41.1328]]],[[[36.4572,41.2425],[36.5091,41.1328],[36.7474,41.1328],[36.888,41.0032],[37.1445,41.1328],[37.0651,41.1328],[36.7748,41.3274],[36.4572,41.2425]]]]}},{"type":"Feature","properties":{"territoryId":"cliopatria-q148837-11892bffbd","name":"Greek City-States","name_ko":"그리스 도시국가들","color":"#a95ce0","colorFamily":4,"startYear":-649,"endYear":-630,"source_name":"Cliopatria v0.2.0","source_url":"https://github.com/Seshat-Global-History-Databank/cliopatria","license":"CC BY 4.0","attribution":"Seshat Global History Databank, Cliopatria contributors"},"geometry":{"type":"MultiPolygon","coordinates":[[[[23.6154,35.5158],[23.6792,35.2584],[24.4484,35.194],[24.7574,35.194],[24.8237,35.001],[26.1401,35.0653],[26.2253,35.194],[25.8469,35.1493],[25.7953,35.1151],[25.6806,35.1297],[25.6923,35.3227],[25.4536,35.2941],[25.3991,35.3227],[24.301,35.3227],[24.1499,35.3871],[24.1541,35.465],[24.0669,35.507],[24.1569,35.5158],[23.6154,35.5158]]],[[[22.9016,36.3383],[22.9292,36.178],[23.0533,36.1596],[23.0584,36.2165],[23.1039,36.2372],[23.0769,36.2707],[22.9446,36.3894],[22.9016,36.3383]]],[[[24.2754,37.5317],[24.3958,37.6247],[24.3728,37.6852],[24.2893,37.6453],[24.2754,37.5317]]],[[[24.9955,37.6789],[25.0113,37.6323],[25.1255,37.5559],[25.216,37.5329],[25.2593,37.59],[25.2456,37.6242],[24.9955,37.6789]]],[[[20.6195,37.8228],[20.7934,37.6685],[20.8481,37.6571],[20.8435,37.7016],[20.9261,37.7284],[20.886,37.814],[20.7525,37.8549],[20.7247,37.8998],[20.6554,37.8998],[20.6195,37.8228]]],[[[24.6878,37.9287],[24.7162,37.8791],[24.7385,37.8918],[24.9118,37.7283],[24.9944,37.7541],[24.9575,37.7744],[24.9849,37.816],[24.9434,37.8433],[24.9538,37.8707],[24.8484,37.9149],[24.7937,37.9941],[24.6936,37.9658],[24.6878,37.9287]]],[[[14.7519,37.5128],[15.13,36.8682],[15.2071,37.1643],[15.1853,37.2023],[15.0592,37.2549],[15.0665,37.6417],[15.3895,38.1578],[15.5432,38.1578],[15.5697,38.227],[15.6516,38.2753],[15.4998,38.2869],[15.1545,38.1491],[15.1521,38.0288],[14.8334,37.7062],[14.8323,37.6417],[14.7519,37.5128]]],[[[15.6328,38.2203],[15.638,38.122],[15.6982,37.9643],[15.9328,37.9643],[16.4919,38.416],[16.5024,38.8034],[17.0577,38.9972],[17.1407,39.1918],[16.987,39.2557],[16.4274,38.9326],[16.0187,38.2869],[15.7969,38.2869],[15.6328,38.2203]]],[[[20.339,38.2002],[20.3801,38.1518],[20.4253,38.1753],[20.4351,38.2788],[20.5098,38.1797],[20.4688,38.1928],[20.4943,38.1337],[20.7865,38.0933],[20.7887,38.1412],[20.6817,38.2821],[20.6429,38.2534],[20.5991,38.3026],[20.6258,38.3518],[20.5664,38.416],[20.5411,38.416],[20.5298,38.3375],[20.479,38.3095],[20.3999,38.3641],[20.339,38.2002]]],[[[20.6878,38.3367],[20.7194,38.3156],[20.7387,38.3189],[20.6951,38.3434],[20.6878,38.3367]]],[[[20.7414,38.8034],[20.8249,38.7802],[20.8599,38.8035],[20.8888,38.7625],[20.9737,38.7389],[21.1933,38.416],[21.3376,38.3989],[21.3533,38.4329],[21.3225,38.4963],[21.3601,38.4677],[21.3775,38.3989],[21.4224,38.3889],[21.7163,38.3579],[21.7625,38.3284],[21.8312,38.3967],[21.8792,38.378],[21.9876,38.4106],[22.1326,38.3727],[22.1892,38.3231],[22.2249,38.3601],[22.3823,38.3427],[22.4016,38.4534],[22.4684,38.4211],[22.5625,38.2935],[22.6003,38.3026],[22.5872,38.3367],[22.6462,38.3618],[22.6268,38.3715],[22.6465,38.39],[22.6965,38.3169],[22.7988,38.2821],[22.7648,38.248],[22.8057,38.227],[22.895,38.2412],[22.9087,38.1928],[22.9695,38.1928],[22.9224,38.207],[22.9519,38.2253],[23.0667,38.1832],[23.1227,38.2081],[23.1489,38.1859],[23.1284,38.1723],[23.2234,38.1592],[23.1755,38.145],[23.2166,38.1033],[23.1729,38.0795],[23.0686,38.0589],[22.9429,38.0835],[22.8755,38.0493],[22.854,38.0351],[22.9754,37.979],[22.9463,37.9462],[22.8672,37.9395],[22.6804,38.0666],[22.3312,38.1789],[22.2185,38.1882],[21.9559,38.3367],[21.8495,38.3413],[21.7642,38.2958],[21.7333,38.2514],[21.7286,38.1578],[21.4156,38.1578],[21.2436,37.8352],[21.6966,37.5128],[21.6664,37.4088],[21.6958,37.3164],[21.6031,37.1904],[21.681,37.1904],[21.7435,36.8682],[21.8992,36.8682],[21.9085,37.0615],[22.22,37.0615],[22.3356,36.7337],[22.388,36.7062],[22.3757,36.6749],[22.5118,36.6749],[22.5994,36.8682],[22.8328,36.8682],[23.0332,36.6946],[22.8532,37.2549],[22.7007,37.3193],[22.7144,37.5773],[22.7783,37.5969],[22.9486,37.5773],[23.1756,37.4483],[23.1685,37.3193],[23.278,37.3498],[23.23,37.3749],[23.2627,37.401],[23.3849,37.4134],[23.36,37.5475],[23.3367,37.5355],[23.1686,37.6142],[23.1626,37.6417],[23.1083,37.6417],[23.0586,37.8427],[23.0125,37.8476],[22.9951,37.8821],[23.0151,37.9252],[23.0941,37.911],[23.2044,37.963],[23.2082,38.0288],[23.5746,38.0468],[23.5979,38.0211],[23.5597,37.9866],[23.9786,37.8352],[24.0021,38.2224],[24.0361,38.2224],[23.951,38.2909],[23.782,38.3436],[23.71,38.3367],[23.594,38.4261],[23.5735,38.4534],[23.5929,38.4806],[23.3126,38.4806],[23.1826,38.6538],[23.1045,38.6384],[23.0698,38.7015],[22.9356,38.7389],[22.9149,38.7756],[22.8672,38.7551],[22.7481,38.7992],[22.7026,38.8507],[22.5934,38.8302],[22.5539,38.8481],[22.5729,38.8643],[22.5251,38.8581],[22.5251,38.8854],[22.6216,38.9145],[22.689,38.878],[22.792,38.878],[22.8465,38.9264],[22.9429,38.9326],[23.0072,38.9739],[23.0667,39.0327],[22.9639,39.009],[22.9981,39.0698],[22.9516,39.1238],[22.7973,39.0618],[22.8163,39.385],[23.1318,39.4489],[22.9395,39.5806],[22.906,39.6475],[22.6109,39.9023],[22.6616,39.9779],[22.5935,40.0317],[22.5397,40.0317],[22.5877,39.5143],[22.1793,39.2557],[22.1685,39.0618],[21.9292,38.9972],[21.8646,39.2557],[21.6355,39.385],[21.0779,39.2557],[20.9896,39.0618],[21.1467,39.0618],[21.1608,38.9742],[21.1407,38.9402],[21.1774,38.876],[21.1023,38.9108],[21.0852,38.8643],[21.0256,38.898],[21.0274,38.9326],[20.7572,38.9326],[20.7645,38.8918],[20.8052,38.8677],[20.7494,38.8572],[20.7414,38.8034]]],[[[22.833,38.8227],[22.9415,38.8412],[22.9694,38.8891],[23.1825,38.9326],[23.1787,38.868],[23.4888,38.8034],[23.3435,38.9972],[23.1116,38.9972],[23.0868,38.9543],[22.8748,38.8749],[22.833,38.8227]]],[[[23.0356,36.6926],[23.0463,36.6833],[23.0517,36.6872],[23.0498,36.6926],[23.0356,36.6926]]],[[[23.3122,37.6174],[23.3406,37.6003],[23.3536,37.5821],[23.3442,37.6327],[23.3122,37.6174]]],[[[23.4014,37.3193],[23.4024,37.3193],[23.4023,37.3198],[23.4014,37.3193]]],[[[23.5634,38.7389],[23.6355,38.5286],[23.594,38.4534],[23.6144,38.4609],[23.6492,38.4057],[24.0422,38.4015],[24.0669,38.351],[24.0254,38.3305],[24.1216,38.3095],[24.1094,38.2563],[24.1617,38.2698],[24.1789,38.5451],[24.0302,38.6743],[23.5634,38.7389]]],[[[24.1275,38.2224],[24.1591,38.2287],[24.1614,38.2661],[24.1275,38.2224]]],[[[23.4849,38.7389],[23.5634,38.7389],[23.5668,38.7946],[23.4888,38.8034],[23.4849,38.7389]]],[[[24.4362,38.878],[24.557,38.8457],[24.574,38.8098],[24.5368,38.7918],[24.6643,38.7732],[24.6673,38.8185],[24.5786,38.8756],[24.574,38.9326],[24.523,38.9643],[24.4611,38.9677],[24.4362,38.878]]],[[[19.7578,39.6436],[19.9065,39.5814],[19.9148,39.6295],[19.845,39.6527],[19.8391,39.6799],[19.8416,39.7042],[19.9197,39.7355],[19.9214,39.7729],[19.7637,39.7729],[19.7578,39.6436]]],[[[16.2198,39.967],[16.2932,39.7729],[16.4529,39.8376],[16.4548,39.9023],[16.605,40.0224],[16.6047,40.0845],[16.6769,40.1511],[16.6245,40.2906],[16.8061,40.3276],[16.8992,40.4309],[16.868,40.4849],[17.3452,40.5496],[17.3407,40.4201],[17.5758,40.3554],[17.5083,40.6792],[16.8765,40.744],[16.6325,40.5496],[16.3062,40.2259],[16.2988,39.967],[16.2198,39.967]]],[[[24.5197,40.6853],[24.5313,40.6356],[24.6397,40.5732],[24.7801,40.6122],[24.7658,40.6697],[24.7864,40.7078],[24.7593,40.7234],[24.7864,40.7351],[24.7317,40.7835],[24.6423,40.8039],[24.5197,40.6853]]],[[[23.1924,40.3554],[23.6627,40.2906],[23.6587,40.2266],[23.8386,40.5496],[23.6846,40.6144],[23.698,40.8088],[24.0106,40.744],[24.3466,41.0032],[24.8973,40.9384],[25.1454,41.068],[24.5198,41.1977],[23.3852,40.8736],[23.1924,40.3554]]],[[[14.0276,41.0032],[14.1046,40.8736],[14.4219,40.8736],[14.4194,40.7517],[14.4741,40.7297],[14.4764,40.6951],[14.4363,40.6792],[14.8141,40.6792],[14.8948,40.744],[14.8185,40.8736],[14.5012,40.8736],[14.5039,41.0032],[14.0276,41.0032]]],[[[32.2717,35.0728],[32.3294,34.8864],[32.3792,34.8491],[32.4133,34.7535],[32.7724,34.656],[32.9136,34.6567],[32.9446,34.5685],[33.0138,34.5909],[33.0259,34.6513],[33.0864,34.6948],[33.2821,34.7076],[33.2382,35.001],[33.4698,35.001],[33.8086,35.3227],[33.9224,35.2734],[33.9714,35.3213],[34.0589,35.3241],[34.1377,35.4151],[34.5346,35.6332],[34.5384,35.671],[34.1817,35.5542],[34.0356,35.4714],[33.6603,35.3593],[33.4275,35.3289],[32.9231,35.3871],[32.9294,35.233],[32.8652,35.157],[32.6897,35.1839],[32.5141,35.1297],[32.4138,35.043],[32.3534,35.0479],[32.2866,35.0972],[32.2717,35.0728]],[[32.712,35.1731],[32.7315,35.1432],[32.7127,35.1634],[32.712,35.1731]]],[[[27.708,36.1688],[27.714,36.1225],[27.7571,36.0844],[27.7311,35.9907],[27.7519,35.905],[27.8638,35.9413],[27.9934,36.062],[28.0896,36.0551],[28.0964,36.1035],[28.0617,36.1165],[28.1634,36.2377],[28.2311,36.4498],[27.8997,36.3402],[27.8032,36.2702],[27.772,36.1978],[27.708,36.1688]]],[[[33.5072,36.224],[33.8138,36.2658],[33.8711,36.3149],[33.9791,36.2884],[33.8365,36.4172],[33.7588,36.4172],[33.5072,36.224]]],[[[30.1091,36.4172],[30.4919,36.3528],[30.4746,36.4016],[30.5002,36.4503],[30.5246,36.7393],[30.2805,36.6105],[30.1867,36.4172],[30.1091,36.4172]]],[[[26.9177,36.7161],[26.9303,36.7011],[26.9845,36.7229],[26.992,36.7536],[27.1854,36.8037],[27.1442,36.8811],[26.986,36.7676],[26.9264,36.7656],[26.9177,36.7161]]],[[[25.3418,37.083],[25.3936,36.9971],[25.5644,36.9971],[25.5727,37.126],[25.4128,37.126],[25.3418,37.083]]],[[[25.99,37.5165],[26.2306,37.5714],[26.3083,37.6267],[26.312,37.6796],[26.1974,37.6323],[26.0742,37.6379],[25.99,37.5165]]],[[[26.3841,38.6702],[26.4058,38.4535],[26.4408,38.4728],[26.513,38.4329],[26.4891,38.4062],[26.4515,38.4261],[26.4759,38.3669],[26.4175,38.3367],[26.4289,38.2224],[26.8203,38.2224],[26.889,38.0933],[27.2753,38.0288],[27.2519,37.9668],[27.2748,37.929],[27.2372,37.8454],[27.2559,37.7707],[27.1794,37.6106],[27.2085,37.5969],[27.1923,37.5518],[27.31,37.4483],[27.2383,37.3426],[27.3303,37.3516],[27.3218,37.3709],[27.4072,37.4127],[27.4385,37.3908],[27.3921,37.3538],[27.5392,37.3838],[27.5644,37.2735],[27.616,37.2747],[27.5894,37.2307],[27.598,37.126],[28.0653,37.126],[28.1383,37.0615],[28.1313,37.0363],[28.3294,37.0368],[28.2446,36.9882],[28.2124,37.0004],[28.1852,36.9389],[28.1572,36.9458],[28.1653,36.9116],[28.1034,36.9353],[28.0583,36.7721],[28.1184,36.8006],[28.1305,36.754],[28.11,36.7751],[28.0822,36.7471],[28.1164,36.7188],[28.0439,36.7202],[28.0314,36.6749],[28.2534,36.7641],[28.2367,36.8132],[28.2572,36.8462],[28.315,36.8291],[28.2782,36.7965],[28.315,36.795],[28.3088,36.8161],[28.3474,36.8018],[28.4185,36.8304],[28.3767,36.8544],[28.452,36.8836],[28.4535,36.8444],[28.5127,36.8682],[28.4548,37.126],[28.1631,37.3838],[28.1681,37.4483],[27.7,37.4483],[27.6317,37.5773],[27.4756,37.5773],[27.4219,37.8998],[27.1433,38.3515],[27.15,38.4383],[27.0694,38.4094],[27.065,38.3515],[26.6762,38.3515],[26.7,38.3258],[26.6731,38.3072],[26.6501,38.3515],[26.595,38.3515],[26.5358,38.6097],[26.3841,38.6702]]],[[[26.8158,39.1911],[26.9579,38.9972],[26.9399,38.9327],[27.0413,38.9401],[27.0413,38.8917],[27.0627,38.8869],[26.9588,38.8445],[26.9608,38.8061],[26.9084,38.8204],[26.9314,38.7551],[26.8857,38.739],[26.8495,38.6097],[27.0798,38.5451],[27.0728,38.4537],[27.1516,38.4592],[27.1632,38.6097],[27.0113,38.6743],[27.1048,38.868],[27.3456,38.9326],[27.445,39.1911],[27.3034,39.385],[26.9098,39.385],[26.8209,39.2557],[26.8158,39.1911]]],[[[27.5815,37.1982],[27.5831,37.1912],[27.5877,37.1988],[27.5815,37.1982]]],[[[25.8407,38.5224],[25.9439,38.4534],[25.9507,38.4057],[25.989,38.3793],[25.9644,38.3026],[25.885,38.2794],[25.8898,38.2206],[26.0115,38.1578],[26.0401,38.2002],[26.1121,38.2226],[26.1022,38.2617],[26.1581,38.329],[26.1541,38.4673],[26.1219,38.4875],[26.1636,38.5428],[26.1307,38.5672],[26.1082,38.5428],[26.0159,38.602],[25.8696,38.5831],[25.8407,38.5224]]],[[[25.8359,39.1822],[26.1021,39.1115],[26.1602,39.1833],[26.2256,39.2076],[26.2935,39.1772],[26.1002,39.0858],[26.1657,39.0224],[26.4242,38.9674],[26.5471,38.9879],[26.437,39.1035],[26.4893,39.1137],[26.5266,39.0834],[26.5394,39.0194],[26.61,39.0229],[26.5397,39.166],[26.3822,39.2771],[26.4074,39.3347],[26.1658,39.3681],[26.1628,39.3236],[26.0606,39.2895],[25.9226,39.2911],[25.8421,39.228],[25.8359,39.1822]]],[[[25.0447,39.9853],[25.0682,39.9208],[25.047,39.8376],[25.1649,39.8591],[25.1606,39.8376],[25.2043,39.8376],[25.1773,39.845],[25.2251,39.8854],[25.1971,39.8928],[25.2388,39.9195],[25.2798,39.8891],[25.2388,39.8581],[25.3551,39.8376],[25.3416,39.8839],[25.3685,39.899],[25.348,39.9064],[25.4499,39.9884],[25.4377,40.0317],[25.2852,39.9534],[25.2251,40.0089],[25.0447,39.9853]]],[[[26.1325,39.5143],[26.8934,39.5844],[26.942,39.5542],[27.1671,39.6436],[27.02,39.7729],[26.7045,39.7729],[26.6571,40.1612],[27.3739,40.2259],[27.4435,40.3257],[27.2948,40.4059],[26.6819,40.3561],[26.5007,40.213],[26.408,40.1937],[26.3622,40.0635],[26.311,40.0195],[26.2205,40.0029],[26.1325,39.5143]]],[[[26.2318,40.0656],[26.3758,40.1535],[26.3456,40.1998],[26.6167,40.3595],[26.6743,40.4257],[26.6839,40.4849],[26.6047,40.4849],[26.2723,40.2906],[26.2318,40.0656]]],[[[25.7052,40.1144],[26.0122,40.1666],[25.9631,40.1571],[25.9719,40.2211],[25.926,40.2428],[25.759,40.2067],[25.7099,40.1758],[25.7052,40.1144]]],[[[26.7979,40.569],[26.8301,40.5078],[26.9682,40.5602],[26.8274,40.5995],[26.7979,40.569]]],[[[36.4386,41.1977],[36.8971,41.068],[36.879,40.9384],[37.1262,41.0032],[37.8732,40.6792],[38.8241,40.6792],[39.1605,40.8088],[39.5471,40.744],[39.6858,40.6144],[39.8642,40.744],[40.5674,40.6792],[40.6084,40.9384],[40.4649,41.0504],[40.3703,40.9384],[40.1428,40.9228],[39.7355,40.9384],[39.3577,41.0781],[39.2732,41.0504],[39.1683,41.0797],[38.9573,41.0398],[38.9518,41.0032],[38.2977,40.8736],[38.2217,40.9441],[38.0253,40.9769],[37.8312,40.9384],[37.7706,41.068],[37.619,41.068],[37.5806,41.0368],[37.4768,41.068],[37.2147,41.068],[37.226,41.1475],[37.0651,41.1328],[36.7748,41.3274],[36.4386,41.1977]]],[[[27.9185,41.0032],[27.975,41.0032],[28.1273,41.074],[28.1688,41.1328],[28.5613,41.0232],[28.5278,41.0851],[28.5519,41.0805],[28.5755,41.0237],[28.6329,41.0032],[29.0268,41.0561],[29.0706,41.1302],[28.9631,41.1328],[28.975,41.2529],[28.3525,41.3922],[28.3267,41.4747],[28.1476,41.5925],[28.1872,41.3274],[27.9185,41.0032]]],[[[29.0403,41.0579],[29.1156,41.068],[29.1034,40.9447],[29.255,40.8736],[29.3668,41.1977],[29.0732,41.1505],[29.0906,41.1409],[29.0403,41.0579]]]]}},{"type":"Feature","properties":{"territoryId":"cliopatria-q148837-11892bffbd","name":"Greek City-States","name_ko":"그리스 도시국가들","color":"#a95ce0","colorFamily":4,"startYear":-629,"endYear":-615,"source_name":"Cliopatria v0.2.0","source_url":"https://github.com/Seshat-Global-History-Databank/cliopatria","license":"CC BY 4.0","attribution":"Seshat Global History Databank, Cliopatria contributors"},"geometry":{"type":"MultiPolygon","coordinates":[[[[21.5647,32.7502],[21.8604,32.4931],[22.483,32.7502],[22.1132,32.9406],[21.6464,32.8788],[21.5647,32.7502]]],[[[23.6154,35.5158],[23.6792,35.2584],[24.4484,35.194],[24.7574,35.194],[24.8237,35.001],[26.1401,35.0653],[26.2253,35.194],[25.8469,35.1493],[25.7953,35.1151],[25.6806,35.1297],[25.6923,35.3227],[25.4536,35.2941],[25.3991,35.3227],[24.301,35.3227],[24.1499,35.3871],[24.1541,35.465],[24.0669,35.507],[24.1569,35.5158],[23.6154,35.5158]]],[[[22.9016,36.3383],[22.9292,36.178],[23.0533,36.1596],[23.0584,36.2165],[23.1039,36.2372],[23.0769,36.2707],[22.9446,36.3894],[22.9016,36.3383]]],[[[24.2754,37.5317],[24.3958,37.6247],[24.3728,37.6852],[24.2893,37.6453],[24.2754,37.5317]]],[[[20.6195,37.8228],[20.7934,37.6685],[20.8481,37.6571],[20.8435,37.7016],[20.9261,37.7284],[20.886,37.814],[20.7525,37.8549],[20.7247,37.8998],[20.6554,37.8998],[20.6195,37.8228]]],[[[24.6878,37.9287],[24.7162,37.8791],[24.7385,37.8918],[24.9118,37.7283],[24.9944,37.7541],[24.9575,37.7744],[24.9849,37.816],[24.9434,37.8433],[24.9538,37.8707],[24.8484,37.9149],[24.7937,37.9941],[24.6936,37.9658],[24.6878,37.9287]]],[[[13.8998,37.9643],[14.0534,37.7707],[14.3659,37.7707],[14.5253,37.9643],[14.0571,38.0288],[13.8998,37.9643]]],[[[12.4905,37.7062],[13.192,37.5773],[13.6022,37.2505],[14.2779,37.126],[14.6723,36.7393],[15.0498,36.7393],[15.2051,37.1662],[15.1853,37.2023],[15.0592,37.2549],[15.0665,37.6417],[15.3895,38.1578],[15.5432,38.1578],[15.5697,38.227],[15.6516,38.2753],[15.4998,38.2869],[15.1545,38.1491],[15.1521,38.0288],[14.7542,37.6417],[14.9778,37.0615],[14.7442,37.0615],[13.6603,37.5773],[13.5823,37.5773],[12.9603,37.8352],[12.4914,37.8352],[12.4905,37.7062]]],[[[15.6328,38.2203],[15.638,38.122],[15.6982,37.9643],[15.9328,37.9643],[16.4919,38.416],[16.5024,38.8034],[17.0577,38.9972],[17.1407,39.1918],[16.987,39.2557],[16.4274,38.9326],[16.0187,38.2869],[15.7969,38.2869],[15.6328,38.2203]]],[[[20.339,38.2002],[20.3801,38.1518],[20.4253,38.1753],[20.4351,38.2788],[20.5098,38.1797],[20.4688,38.1928],[20.4943,38.1337],[20.7865,38.0933],[20.7887,38.1412],[20.6817,38.2821],[20.6429,38.2534],[20.5991,38.3026],[20.6258,38.3518],[20.5664,38.416],[20.5411,38.416],[20.5298,38.3375],[20.479,38.3095],[20.3999,38.3641],[20.339,38.2002]]],[[[20.6878,38.3367],[20.7194,38.3156],[20.7387,38.3189],[20.6951,38.3434],[20.6878,38.3367]]],[[[20.7414,38.8034],[20.8249,38.7802],[20.8599,38.8035],[20.8888,38.7625],[20.9737,38.7389],[21.1933,38.416],[21.3376,38.3989],[21.3533,38.4329],[21.3225,38.4963],[21.3601,38.4677],[21.3775,38.3989],[21.4224,38.3889],[21.7163,38.3579],[21.7625,38.3284],[21.8312,38.3967],[21.8792,38.378],[21.9876,38.4106],[22.1326,38.3727],[22.1892,38.3231],[22.2249,38.3601],[22.3823,38.3427],[22.4016,38.4534],[22.4684,38.4211],[22.5625,38.2935],[22.6003,38.3026],[22.5872,38.3367],[22.6462,38.3618],[22.6268,38.3715],[22.6465,38.39],[22.6965,38.3169],[22.7988,38.2821],[22.7648,38.248],[22.8057,38.227],[22.895,38.2412],[22.9087,38.1928],[22.9695,38.1928],[22.9224,38.207],[22.9519,38.2253],[23.0667,38.1832],[23.1227,38.2081],[23.1489,38.1859],[23.1284,38.1723],[23.2234,38.1592],[23.1755,38.145],[23.2166,38.1033],[23.1729,38.0795],[23.0686,38.0589],[22.9429,38.0835],[22.8755,38.0493],[22.854,38.0351],[22.9754,37.979],[22.9463,37.9462],[22.8672,37.9395],[22.6804,38.0666],[22.3312,38.1789],[22.2185,38.1882],[21.9559,38.3367],[21.8495,38.3413],[21.7642,38.2958],[21.7333,38.2514],[21.7286,38.1578],[21.4156,38.1578],[21.2436,37.8352],[21.6966,37.5128],[21.6664,37.4088],[21.6958,37.3164],[21.6031,37.1904],[21.681,37.1904],[21.7435,36.8682],[21.8992,36.8682],[21.9085,37.0615],[22.22,37.0615],[22.3356,36.7337],[22.388,36.7062],[22.3757,36.6749],[22.5118,36.6749],[22.5994,36.8682],[22.8328,36.8682],[23.0332,36.6946],[22.8532,37.2549],[22.7007,37.3193],[22.7144,37.5773],[22.7783,37.5969],[22.9486,37.5773],[23.1756,37.4483],[23.1685,37.3193],[23.278,37.3498],[23.23,37.3749],[23.2627,37.401],[23.3849,37.4134],[23.36,37.5475],[23.3367,37.5355],[23.1686,37.6142],[23.1626,37.6417],[23.1083,37.6417],[23.0586,37.8427],[23.0125,37.8476],[22.9951,37.8821],[23.0151,37.9252],[23.0941,37.911],[23.2044,37.963],[23.2082,38.0288],[23.5746,38.0468],[23.5979,38.0211],[23.5597,37.9866],[23.9786,37.8352],[24.0021,38.2224],[24.0361,38.2224],[23.951,38.2909],[23.782,38.3436],[23.71,38.3367],[23.594,38.4261],[23.5735,38.4534],[23.5929,38.4806],[23.3126,38.4806],[23.1826,38.6538],[23.1045,38.6384],[23.0698,38.7015],[22.9356,38.7389],[22.9149,38.7756],[22.8672,38.7551],[22.7481,38.7992],[22.7026,38.8507],[22.5934,38.8302],[22.5539,38.8481],[22.5729,38.8643],[22.5251,38.8581],[22.5251,38.8854],[22.6216,38.9145],[22.689,38.878],[22.792,38.878],[22.8465,38.9264],[22.9429,38.9326],[23.0072,38.9739],[23.0667,39.0327],[22.9639,39.009],[22.9981,39.0698],[22.9516,39.1238],[22.7973,39.0618],[22.8163,39.385],[23.1318,39.4489],[22.9395,39.5806],[22.906,39.6475],[22.6109,39.9023],[22.6616,39.9779],[22.5935,40.0317],[22.5397,40.0317],[22.5877,39.5143],[22.1793,39.2557],[22.1685,39.0618],[21.9292,38.9972],[21.8646,39.2557],[21.6355,39.385],[21.0779,39.2557],[20.9896,39.0618],[21.1467,39.0618],[21.1608,38.9742],[21.1407,38.9402],[21.1774,38.876],[21.1023,38.9108],[21.0852,38.8643],[21.0256,38.898],[21.0274,38.9326],[20.7572,38.9326],[20.7645,38.8918],[20.8052,38.8677],[20.7494,38.8572],[20.7414,38.8034]]],[[[22.833,38.8227],[22.9415,38.8412],[22.9694,38.8891],[23.1825,38.9326],[23.1787,38.868],[23.4888,38.8034],[23.3435,38.9972],[23.1116,38.9972],[23.0868,38.9543],[22.8748,38.8749],[22.833,38.8227]]],[[[23.0356,36.6926],[23.0463,36.6833],[23.0517,36.6872],[23.0498,36.6926],[23.0356,36.6926]]],[[[23.3122,37.6174],[23.3406,37.6003],[23.3536,37.5821],[23.3442,37.6327],[23.3122,37.6174]]],[[[23.4014,37.3193],[23.4024,37.3193],[23.4023,37.3198],[23.4014,37.3193]]],[[[23.5634,38.7389],[23.6355,38.5286],[23.594,38.4534],[23.6144,38.4609],[23.6492,38.4057],[24.0422,38.4015],[24.0669,38.351],[24.0254,38.3305],[24.1216,38.3095],[24.1094,38.2563],[24.1617,38.2698],[24.1789,38.5451],[24.0302,38.6743],[23.5634,38.7389]]],[[[24.1275,38.2224],[24.1591,38.2287],[24.1614,38.2661],[24.1275,38.2224]]],[[[23.4849,38.7389],[23.5634,38.7389],[23.5668,38.7946],[23.4888,38.8034],[23.4849,38.7389]]],[[[24.4362,38.878],[24.557,38.8457],[24.574,38.8098],[24.5368,38.7918],[24.6643,38.7732],[24.6673,38.8185],[24.5786,38.8756],[24.574,38.9326],[24.523,38.9643],[24.4611,38.9677],[24.4362,38.878]]],[[[19.7578,39.6436],[19.9065,39.5814],[19.9148,39.6295],[19.845,39.6527],[19.8391,39.6799],[19.8416,39.7042],[19.9197,39.7355],[19.9214,39.7729],[19.7637,39.7729],[19.7578,39.6436]]],[[[16.2162,39.8376],[16.4529,39.8376],[16.4548,39.9023],[16.605,40.0224],[16.6047,40.0845],[16.6769,40.1511],[16.6245,40.2906],[16.777,40.2906],[16.9137,40.4464],[16.868,40.4849],[17.0285,40.5496],[17.3452,40.5496],[17.4175,40.3554],[17.8131,40.3554],[17.9128,40.2553],[17.924,40.1873],[17.9972,40.1204],[17.9996,40.0728],[18.1122,39.9023],[18.3489,39.9023],[18.4381,40.1612],[17.9812,40.6144],[17.5036,40.5496],[17.5083,40.6792],[16.8765,40.744],[16.3062,40.2259],[16.2162,39.8376]]],[[[24.5197,40.6853],[24.5313,40.6356],[24.6397,40.5732],[24.7801,40.6122],[24.7658,40.6697],[24.7864,40.7078],[24.7593,40.7234],[24.7864,40.7351],[24.7317,40.7835],[24.6423,40.8039],[24.5197,40.6853]]],[[[23.1924,40.3554],[23.6627,40.2906],[23.6587,40.2266],[23.8386,40.5496],[23.6846,40.6144],[23.698,40.8088],[24.0106,40.744],[24.3466,41.0032],[24.8973,40.9384],[25.1454,41.068],[24.5198,41.1977],[23.3852,40.8736],[23.1924,40.3554]]],[[[14.0276,41.0032],[14.1046,40.8736],[14.4219,40.8736],[14.4194,40.7517],[14.4741,40.7297],[14.4764,40.6951],[14.4363,40.6792],[14.8141,40.6792],[14.8948,40.744],[14.8185,40.8736],[14.5012,40.8736],[14.5039,41.0032],[14.0276,41.0032]]],[[[32.2717,35.0728],[32.3294,34.8864],[32.3792,34.8491],[32.4133,34.7535],[32.7724,34.656],[32.9136,34.6567],[32.9446,34.5685],[33.0138,34.5909],[33.0259,34.6513],[33.0864,34.6948],[33.2821,34.7076],[33.2382,35.001],[33.4698,35.001],[33.8086,35.3227],[33.9224,35.2734],[33.9714,35.3213],[34.0589,35.3241],[34.1377,35.4151],[34.5346,35.6332],[34.5384,35.671],[34.1817,35.5542],[34.0356,35.4714],[33.6603,35.3593],[33.4275,35.3289],[32.9231,35.3871],[32.9294,35.233],[32.8652,35.157],[32.6897,35.1839],[32.5141,35.1297],[32.4138,35.043],[32.3534,35.0479],[32.2866,35.0972],[32.2717,35.0728]],[[32.712,35.1731],[32.7315,35.1432],[32.7127,35.1634],[32.712,35.1731]]],[[[27.708,36.1688],[27.714,36.1225],[27.7571,36.0844],[27.7311,35.9907],[27.7519,35.905],[27.8638,35.9413],[27.9934,36.062],[28.0896,36.0551],[28.0964,36.1035],[28.0617,36.1165],[28.1634,36.2377],[28.2311,36.4498],[27.8997,36.3402],[27.8032,36.2702],[27.772,36.1978],[27.708,36.1688]]],[[[32.4934,36.1124],[32.7375,36.0369],[33.9854,36.3528],[32.9046,36.4172],[32.588,36.3528],[32.4934,36.1124]]],[[[30.1091,36.4172],[30.4919,36.3528],[30.4746,36.4016],[30.5002,36.4503],[30.5246,36.7393],[30.2805,36.6105],[30.1867,36.4172],[30.1091,36.4172]]],[[[26.9177,36.7161],[26.9303,36.7011],[26.9845,36.7229],[26.992,36.7536],[27.1854,36.8037],[27.1442,36.8811],[26.986,36.7676],[26.9264,36.7656],[26.9177,36.7161]]],[[[25.3418,37.083],[25.3936,36.9971],[25.5644,36.9971],[25.5727,37.126],[25.4128,37.126],[25.3418,37.083]]],[[[24.9955,37.6789],[25.0113,37.6323],[25.1255,37.5559],[25.216,37.5329],[25.2593,37.59],[25.2456,37.6242],[24.9955,37.6789]]],[[[25.99,37.5165],[26.2306,37.5714],[26.3083,37.6267],[26.312,37.6796],[26.1974,37.6323],[26.0742,37.6379],[25.99,37.5165]]],[[[26.3841,38.6702],[26.4058,38.4535],[26.4408,38.4728],[26.513,38.4329],[26.4891,38.4062],[26.4515,38.4261],[26.4759,38.3669],[26.4175,38.3367],[26.4289,38.2224],[26.8203,38.2224],[26.889,38.0933],[27.2753,38.0288],[27.2519,37.9668],[27.2748,37.929],[27.2372,37.8454],[27.2559,37.7707],[27.1794,37.6106],[27.2085,37.5969],[27.1923,37.5518],[27.31,37.4483],[27.2383,37.3426],[27.3303,37.3516],[27.3218,37.3709],[27.4072,37.4127],[27.4385,37.3908],[27.3921,37.3538],[27.5392,37.3838],[27.5644,37.2735],[27.616,37.2747],[27.5894,37.2307],[27.598,37.126],[28.0653,37.126],[28.1383,37.0615],[28.1313,37.0363],[28.3294,37.0368],[28.2446,36.9882],[28.2124,37.0004],[28.1852,36.9389],[28.1572,36.9458],[28.1653,36.9116],[28.1034,36.9353],[28.0583,36.7721],[28.1184,36.8006],[28.1305,36.754],[28.11,36.7751],[28.0822,36.7471],[28.1164,36.7188],[28.0439,36.7202],[28.0314,36.6749],[28.2517,36.7804],[28.2572,36.8462],[28.315,36.8291],[28.2847,36.7962],[28.452,36.8836],[28.5127,36.8682],[28.2411,37.3838],[27.7,37.4483],[27.6317,37.5773],[27.4756,37.5773],[27.4219,37.8998],[27.1433,38.3515],[27.15,38.4383],[27.0694,38.4094],[27.065,38.3515],[26.6762,38.3515],[26.7,38.3258],[26.6731,38.3072],[26.6501,38.3515],[26.595,38.3515],[26.5358,38.6097],[26.3841,38.6702]]],[[[26.8158,39.1911],[26.9579,38.9972],[26.9399,38.9327],[27.0413,38.9401],[27.0413,38.8917],[27.0627,38.8869],[26.9588,38.8445],[26.9608,38.8061],[26.9084,38.8204],[26.9314,38.7551],[26.8857,38.739],[26.8495,38.6097],[27.0798,38.5451],[27.0728,38.4537],[27.1516,38.4592],[27.1632,38.6097],[27.0113,38.6743],[27.1048,38.868],[27.3456,38.9326],[27.445,39.1911],[27.3034,39.385],[26.9098,39.385],[26.8209,39.2557],[26.8158,39.1911]]],[[[27.5815,37.1982],[27.5831,37.1912],[27.5877,37.1988],[27.5815,37.1982]]],[[[25.8407,38.5224],[25.9439,38.4534],[25.9507,38.4057],[25.989,38.3793],[25.9644,38.3026],[25.885,38.2794],[25.8898,38.2206],[26.0115,38.1578],[26.0401,38.2002],[26.1121,38.2226],[26.1022,38.2617],[26.1581,38.329],[26.1541,38.4673],[26.1219,38.4875],[26.1636,38.5428],[26.1307,38.5672],[26.1082,38.5428],[26.0159,38.602],[25.8696,38.5831],[25.8407,38.5224]]],[[[25.8359,39.1822],[26.1021,39.1115],[26.1602,39.1833],[26.2256,39.2076],[26.2935,39.1772],[26.1002,39.0858],[26.1657,39.0224],[26.4242,38.9674],[26.5471,38.9879],[26.437,39.1035],[26.4893,39.1137],[26.5266,39.0834],[26.5394,39.0194],[26.61,39.0229],[26.5397,39.166],[26.3822,39.2771],[26.4074,39.3347],[26.1658,39.3681],[26.1628,39.3236],[26.0606,39.2895],[25.9226,39.2911],[25.8421,39.228],[25.8359,39.1822]]],[[[25.0447,39.9853],[25.0682,39.9208],[25.047,39.8376],[25.1649,39.8591],[25.1606,39.8376],[25.2043,39.8376],[25.1773,39.845],[25.2251,39.8854],[25.1971,39.8928],[25.2388,39.9195],[25.2798,39.8891],[25.2388,39.8581],[25.3551,39.8376],[25.3416,39.8839],[25.3685,39.899],[25.348,39.9064],[25.4499,39.9884],[25.4377,40.0317],[25.2852,39.9534],[25.2251,40.0089],[25.0447,39.9853]]],[[[26.1325,39.5143],[26.8934,39.5844],[26.942,39.5542],[27.1671,39.6436],[27.02,39.7729],[26.7045,39.7729],[26.6571,40.1612],[27.3739,40.2259],[27.4435,40.3257],[27.2948,40.4059],[26.6819,40.3561],[26.5007,40.213],[26.408,40.1937],[26.3622,40.0635],[26.311,40.0195],[26.2205,40.0029],[26.1325,39.5143]]],[[[26.2318,40.0656],[26.3758,40.1535],[26.3456,40.1998],[26.6167,40.3595],[26.6743,40.4257],[26.6839,40.4849],[26.6047,40.4849],[26.2723,40.2906],[26.2318,40.0656]]],[[[25.7052,40.1144],[26.0122,40.1666],[25.9631,40.1571],[25.9719,40.2211],[25.926,40.2428],[25.759,40.2067],[25.7099,40.1758],[25.7052,40.1144]]],[[[26.7979,40.569],[26.8301,40.5078],[26.9682,40.5602],[26.8274,40.5995],[26.7979,40.569]]],[[[36.4386,41.1977],[36.8971,41.068],[36.879,40.9384],[37.1262,41.0032],[37.8732,40.6792],[38.8241,40.6792],[39.1605,40.8088],[39.5471,40.744],[39.6858,40.6144],[39.8642,40.744],[40.5674,40.6792],[40.6084,40.9384],[40.4649,41.0504],[40.3703,40.9384],[40.1428,40.9228],[39.7355,40.9384],[39.3577,41.0781],[39.2732,41.0504],[39.1683,41.0797],[38.9573,41.0398],[38.9518,41.0032],[38.2977,40.8736],[38.2217,40.9441],[38.0253,40.9769],[37.8312,40.9384],[37.7706,41.068],[37.619,41.068],[37.5806,41.0368],[37.4768,41.068],[37.2147,41.068],[37.226,41.1475],[37.0651,41.1328],[36.7748,41.3274],[36.4386,41.1977]]],[[[27.9185,41.0032],[27.975,41.0032],[28.1273,41.074],[28.1688,41.1328],[28.5613,41.0232],[28.5278,41.0851],[28.5519,41.0805],[28.5755,41.0237],[28.6329,41.0032],[29.0268,41.0561],[29.0706,41.1302],[28.9631,41.1328],[28.975,41.2529],[28.3525,41.3922],[28.3267,41.4747],[28.1476,41.5925],[28.1872,41.3274],[27.9185,41.0032]]],[[[29.0403,41.0579],[29.1156,41.068],[29.1034,40.9447],[29.255,40.8736],[29.3668,41.1977],[29.0732,41.1505],[29.0906,41.1409],[29.0403,41.0579]]]]}},{"type":"Feature","properties":{"territoryId":"cliopatria-q148837-11892bffbd","name":"Greek City-States","name_ko":"그리스 도시국가들","color":"#a95ce0","colorFamily":4,"startYear":-614,"endYear":-600,"source_name":"Cliopatria v0.2.0","source_url":"https://github.com/Seshat-Global-History-Databank/cliopatria","license":"CC BY 4.0","attribution":"Seshat Global History Databank, Cliopatria contributors"},"geometry":{"type":"MultiPolygon","coordinates":[[[[19.9961,31.5933],[20.2143,31.2719],[20.1281,30.9506],[20.5843,30.9506],[20.5209,31.3362],[20.4448,31.3362],[20.5405,31.9146],[21.1556,32.0431],[21.5348,31.9789],[21.6924,32.1074],[23.0666,32.1074],[23.1864,32.2949],[23.0806,32.3341],[23.0894,32.6216],[22.5138,32.791],[22.2871,32.8845],[22.2068,32.8881],[22.1138,32.9413],[21.5698,32.8788],[21.4117,32.7502],[21.0578,32.7736],[20.8712,32.6216],[20.7962,32.6428],[20.6898,32.6041],[20.7159,32.5574],[20.563,32.5574],[20.482,32.4288],[20.417,32.4565],[20.3255,32.4098],[20.2461,32.236],[20.141,32.236],[20.0715,32.1764],[20.0891,32.1074],[19.9961,31.5933]]],[[[23.1087,32.4023],[23.1284,32.3955],[23.1313,32.4072],[23.1096,32.4164],[23.1087,32.4023]]],[[[22.9016,36.3383],[22.9292,36.178],[23.0533,36.1596],[23.0584,36.2165],[23.1039,36.2372],[23.0769,36.2707],[22.9446,36.3894],[22.9016,36.3383]]],[[[24.2754,37.5317],[24.3958,37.6247],[24.3728,37.6852],[24.2893,37.6453],[24.2754,37.5317]]],[[[20.6195,37.8228],[20.7934,37.6685],[20.8481,37.6571],[20.8435,37.7016],[20.9261,37.7284],[20.886,37.814],[20.7525,37.8549],[20.7247,37.8998],[20.6554,37.8998],[20.6195,37.8228]]],[[[24.6878,37.9287],[24.7162,37.8791],[24.7385,37.8918],[24.9118,37.7283],[24.9944,37.7541],[24.9575,37.7744],[24.9849,37.816],[24.9434,37.8433],[24.9538,37.8707],[24.8484,37.9149],[24.7937,37.9941],[24.6936,37.9658],[24.6878,37.9287]]],[[[13.8998,37.9643],[14.0534,37.7707],[14.3659,37.7707],[14.5253,37.9643],[14.0571,38.0288],[13.8998,37.9643]]],[[[12.4905,37.7062],[13.192,37.5773],[13.6022,37.2505],[14.2779,37.126],[14.6723,36.7393],[15.0498,36.7393],[15.2051,37.1662],[15.1853,37.2023],[15.0592,37.2549],[15.0665,37.6417],[15.3895,38.1578],[15.5432,38.1578],[15.5697,38.227],[15.6516,38.2753],[15.4998,38.2869],[15.1545,38.1491],[15.1521,38.0288],[14.7542,37.6417],[14.9778,37.0615],[14.7442,37.0615],[13.6603,37.5773],[13.5823,37.5773],[12.9603,37.8352],[12.4914,37.8352],[12.4905,37.7062]]],[[[15.6328,38.2203],[15.638,38.122],[15.6982,37.9643],[15.9328,37.9643],[16.4919,38.416],[16.5024,38.8034],[17.0577,38.9972],[17.1407,39.1918],[16.987,39.2557],[16.4274,38.9326],[16.0187,38.2869],[15.7969,38.2869],[15.6328,38.2203]]],[[[20.339,38.2002],[20.3801,38.1518],[20.4253,38.1753],[20.4351,38.2788],[20.5098,38.1797],[20.4688,38.1928],[20.4943,38.1337],[20.7865,38.0933],[20.7887,38.1412],[20.6817,38.2821],[20.6429,38.2534],[20.5991,38.3026],[20.6258,38.3518],[20.5664,38.416],[20.5411,38.416],[20.5298,38.3375],[20.479,38.3095],[20.3999,38.3641],[20.339,38.2002]]],[[[20.6878,38.3367],[20.7194,38.3156],[20.7387,38.3189],[20.6951,38.3434],[20.6878,38.3367]]],[[[20.7414,38.8034],[20.8249,38.7802],[20.8599,38.8035],[20.8888,38.7625],[20.9737,38.7389],[21.1933,38.416],[21.3376,38.3989],[21.3533,38.4329],[21.3225,38.4963],[21.3601,38.4677],[21.3775,38.3989],[21.4224,38.3889],[21.7163,38.3579],[21.7625,38.3284],[21.8312,38.3967],[21.8792,38.378],[21.9876,38.4106],[22.1326,38.3727],[22.1892,38.3231],[22.2249,38.3601],[22.3823,38.3427],[22.4016,38.4534],[22.4684,38.4211],[22.5625,38.2935],[22.6003,38.3026],[22.5872,38.3367],[22.6462,38.3618],[22.6268,38.3715],[22.6465,38.39],[22.6965,38.3169],[22.7988,38.2821],[22.7648,38.248],[22.8057,38.227],[22.895,38.2412],[22.9087,38.1928],[22.9695,38.1928],[22.9224,38.207],[22.9519,38.2253],[23.0667,38.1832],[23.1227,38.2081],[23.1489,38.1859],[23.1284,38.1723],[23.2234,38.1592],[23.1755,38.145],[23.2166,38.1033],[23.1729,38.0795],[23.0686,38.0589],[22.9429,38.0835],[22.8755,38.0493],[22.854,38.0351],[22.9754,37.979],[22.9463,37.9462],[22.8672,37.9395],[22.6804,38.0666],[22.3312,38.1789],[22.2185,38.1882],[21.9559,38.3367],[21.8495,38.3413],[21.7642,38.2958],[21.7333,38.2514],[21.7286,38.1578],[21.4156,38.1578],[21.2436,37.8352],[21.6966,37.5128],[21.6664,37.4088],[21.6958,37.3164],[21.6031,37.1904],[21.681,37.1904],[21.7435,36.8682],[21.8992,36.8682],[21.9085,37.0615],[22.22,37.0615],[22.3356,36.7337],[22.388,36.7062],[22.3757,36.6749],[22.5118,36.6749],[22.5994,36.8682],[22.8328,36.8682],[23.0332,36.6946],[22.8532,37.2549],[22.7007,37.3193],[22.7144,37.5773],[22.7783,37.5969],[22.9486,37.5773],[23.1756,37.4483],[23.1685,37.3193],[23.278,37.3498],[23.23,37.3749],[23.2627,37.401],[23.3849,37.4134],[23.36,37.5475],[23.3367,37.5355],[23.1686,37.6142],[23.1626,37.6417],[23.1083,37.6417],[23.0586,37.8427],[23.0125,37.8476],[22.9951,37.8821],[23.0151,37.9252],[23.0941,37.911],[23.2044,37.963],[23.2082,38.0288],[23.5746,38.0468],[23.5979,38.0211],[23.5597,37.9866],[23.9786,37.8352],[24.0021,38.2224],[24.0361,38.2224],[23.951,38.2909],[23.782,38.3436],[23.71,38.3367],[23.594,38.4261],[23.5735,38.4534],[23.5929,38.4806],[23.3126,38.4806],[23.1826,38.6538],[23.1045,38.6384],[23.0698,38.7015],[22.9356,38.7389],[22.9149,38.7756],[22.8672,38.7551],[22.7481,38.7992],[22.7026,38.8507],[22.5934,38.8302],[22.5539,38.8481],[22.5729,38.8643],[22.5251,38.8581],[22.5251,38.8854],[22.6216,38.9145],[22.689,38.878],[22.792,38.878],[22.8465,38.9264],[22.9429,38.9326],[23.0072,38.9739],[23.0667,39.0327],[22.9639,39.009],[22.9981,39.0698],[22.9516,39.1238],[22.7973,39.0618],[22.8163,39.385],[23.1318,39.4489],[22.9395,39.5806],[22.906,39.6475],[22.6109,39.9023],[22.6616,39.9779],[22.5935,40.0317],[22.5397,40.0317],[22.5877,39.5143],[22.1793,39.2557],[22.1685,39.0618],[21.9292,38.9972],[21.8646,39.2557],[21.6355,39.385],[21.0779,39.2557],[20.9896,39.0618],[21.1467,39.0618],[21.1608,38.9742],[21.1407,38.9402],[21.1774,38.876],[21.1023,38.9108],[21.0852,38.8643],[21.0256,38.898],[21.0274,38.9326],[20.7572,38.9326],[20.7645,38.8918],[20.8052,38.8677],[20.7494,38.8572],[20.7414,38.8034]]],[[[22.833,38.8227],[22.9415,38.8412],[22.9694,38.8891],[23.1825,38.9326],[23.1787,38.868],[23.4888,38.8034],[23.3435,38.9972],[23.1116,38.9972],[23.0868,38.9543],[22.8748,38.8749],[22.833,38.8227]]],[[[23.0356,36.6926],[23.0463,36.6833],[23.0517,36.6872],[23.0498,36.6926],[23.0356,36.6926]]],[[[23.3122,37.6174],[23.3406,37.6003],[23.3536,37.5821],[23.3442,37.6327],[23.3122,37.6174]]],[[[23.4014,37.3193],[23.4024,37.3193],[23.4023,37.3198],[23.4014,37.3193]]],[[[23.5634,38.7389],[23.6355,38.5286],[23.594,38.4534],[23.6144,38.4609],[23.6492,38.4057],[24.0422,38.4015],[24.0669,38.351],[24.0254,38.3305],[24.1216,38.3095],[24.1094,38.2563],[24.1617,38.2698],[24.1789,38.5451],[24.0302,38.6743],[23.5634,38.7389]]],[[[24.1275,38.2224],[24.1591,38.2287],[24.1614,38.2661],[24.1275,38.2224]]],[[[23.4849,38.7389],[23.5634,38.7389],[23.5668,38.7946],[23.4888,38.8034],[23.4849,38.7389]]],[[[24.4362,38.878],[24.557,38.8457],[24.574,38.8098],[24.5368,38.7918],[24.6643,38.7732],[24.6673,38.8185],[24.5786,38.8756],[24.574,38.9326],[24.523,38.9643],[24.4611,38.9677],[24.4362,38.878]]],[[[19.7578,39.6436],[19.9065,39.5814],[19.9148,39.6295],[19.845,39.6527],[19.8391,39.6799],[19.8416,39.7042],[19.9197,39.7355],[19.9214,39.7729],[19.7637,39.7729],[19.7578,39.6436]]],[[[16.2162,39.8376],[16.4529,39.8376],[16.4548,39.9023],[16.605,40.0224],[16.6047,40.0845],[16.6769,40.1511],[16.6245,40.2906],[16.777,40.2906],[16.9137,40.4464],[16.868,40.4849],[17.0285,40.5496],[17.3452,40.5496],[17.4175,40.3554],[17.8131,40.3554],[17.9128,40.2553],[17.924,40.1873],[17.9972,40.1204],[17.9996,40.0728],[18.1122,39.9023],[18.3489,39.9023],[18.4381,40.1612],[17.9812,40.6144],[17.5036,40.5496],[17.5083,40.6792],[16.8765,40.744],[16.3062,40.2259],[16.2162,39.8376]]],[[[14.0276,41.0032],[14.1046,40.8736],[14.4219,40.8736],[14.4194,40.7517],[14.4741,40.7297],[14.4764,40.6951],[14.4363,40.6792],[14.8934,40.6792],[14.9224,40.5193],[14.9983,40.3976],[14.9945,40.3584],[14.9544,40.3425],[14.9638,40.2906],[15.4319,40.0317],[15.5349,40.0778],[15.6243,40.0778],[15.6575,40.0317],[15.7478,40.0317],[15.6987,39.9923],[15.7818,39.8689],[15.904,39.967],[15.9057,40.0317],[15.8267,40.0317],[15.8319,40.2259],[15.5173,40.2906],[15.5206,40.4201],[15.3607,40.3554],[15.0564,40.8736],[14.0276,41.0032]]],[[[15.3639,40.4849],[15.4431,40.4849],[15.4447,40.5496],[15.3656,40.5496],[15.3639,40.4849]]],[[[15.2864,40.5496],[15.3656,40.5496],[15.3672,40.6144],[15.288,40.6144],[15.2864,40.5496]]],[[[24.5197,40.6853],[24.5313,40.6356],[24.6397,40.5732],[24.7801,40.6122],[24.7658,40.6697],[24.7864,40.7078],[24.7593,40.7234],[24.7864,40.7351],[24.7317,40.7835],[24.6423,40.8039],[24.5197,40.6853]]],[[[23.1924,40.3554],[23.6627,40.2906],[23.6587,40.2266],[23.8386,40.5496],[23.6846,40.6144],[23.698,40.8088],[24.0106,40.744],[24.3466,41.0032],[24.8973,40.9384],[25.1454,41.068],[24.5198,41.1977],[23.3852,40.8736],[23.1924,40.3554]]],[[[19.4258,40.9384],[19.4289,40.9384],[19.4409,40.9486],[19.4258,40.9384]]],[[[19.4407,41.3274],[19.5166,41.2564],[19.4491,41.0145],[19.4772,40.975],[19.4508,40.9384],[19.4955,41.0026],[19.5168,40.9615],[19.5871,41.068],[19.8253,41.068],[19.6856,41.4571],[19.4407,41.3274]]],[[[32.2717,35.0728],[32.3294,34.8864],[32.3792,34.8491],[32.4133,34.7535],[32.7724,34.656],[32.9136,34.6567],[32.9446,34.5685],[33.0138,34.5909],[33.0259,34.6513],[33.0864,34.6948],[33.2821,34.7076],[33.2382,35.001],[33.4698,35.001],[33.8086,35.3227],[33.9224,35.2734],[33.9714,35.3213],[34.0589,35.3241],[34.1377,35.4151],[34.5346,35.6332],[34.5384,35.671],[34.1817,35.5542],[34.0356,35.4714],[33.6603,35.3593],[33.4275,35.3289],[32.9231,35.3871],[32.9294,35.233],[32.8652,35.157],[32.6897,35.1839],[32.5141,35.1297],[32.4138,35.043],[32.3534,35.0479],[32.2866,35.0972],[32.2717,35.0728]],[[32.712,35.1731],[32.7315,35.1432],[32.7127,35.1634],[32.712,35.1731]]],[[[23.6154,35.5158],[23.6792,35.2584],[24.4484,35.194],[24.7574,35.194],[24.8237,35.001],[26.1401,35.0653],[26.2253,35.194],[25.8469,35.1493],[25.7953,35.1151],[25.6806,35.1297],[25.6923,35.3227],[25.4536,35.2941],[25.3991,35.3227],[24.301,35.3227],[24.1499,35.3871],[24.1541,35.465],[24.0669,35.507],[24.1569,35.5158],[23.6154,35.5158]]],[[[27.708,36.1688],[27.714,36.1225],[27.7571,36.0844],[27.7311,35.9907],[27.7519,35.905],[27.8638,35.9413],[27.9934,36.062],[28.0896,36.0551],[28.0964,36.1035],[28.0617,36.1165],[28.1634,36.2377],[28.2311,36.4498],[27.8997,36.3402],[27.8032,36.2702],[27.772,36.1978],[27.708,36.1688]]],[[[32.4934,36.1124],[32.7375,36.0369],[33.9854,36.3528],[32.9046,36.4172],[32.588,36.3528],[32.4934,36.1124]]],[[[30.1091,36.4172],[30.4919,36.3528],[30.4746,36.4016],[30.5002,36.4503],[30.5246,36.7393],[30.2805,36.6105],[30.1867,36.4172],[30.1091,36.4172]]],[[[26.9177,36.7161],[26.9303,36.7011],[26.9845,36.7229],[26.992,36.7536],[27.1854,36.8037],[27.1442,36.8811],[26.986,36.7676],[26.9264,36.7656],[26.9177,36.7161]]],[[[25.3418,37.083],[25.3936,36.9971],[25.5644,36.9971],[25.5727,37.126],[25.4128,37.126],[25.3418,37.083]]],[[[24.9955,37.6789],[25.0113,37.6323],[25.1255,37.5559],[25.216,37.5329],[25.2593,37.59],[25.2456,37.6242],[24.9955,37.6789]]],[[[25.99,37.5165],[26.2306,37.5714],[26.3083,37.6267],[26.312,37.6796],[26.1974,37.6323],[26.0742,37.6379],[25.99,37.5165]]],[[[26.3841,38.6702],[26.4058,38.4535],[26.4408,38.4728],[26.513,38.4329],[26.4891,38.4062],[26.4515,38.4261],[26.4759,38.3669],[26.4175,38.3367],[26.4289,38.2224],[26.8203,38.2224],[26.889,38.0933],[27.2753,38.0288],[27.2519,37.9668],[27.2748,37.929],[27.2372,37.8454],[27.2559,37.7707],[27.1794,37.6106],[27.2085,37.5969],[27.1923,37.5518],[27.31,37.4483],[27.2383,37.3426],[27.3303,37.3516],[27.3218,37.3709],[27.4072,37.4127],[27.4385,37.3908],[27.3921,37.3538],[27.5392,37.3838],[27.5644,37.2735],[27.616,37.2747],[27.5894,37.2307],[27.598,37.126],[28.0653,37.126],[28.1383,37.0615],[28.1313,37.0363],[28.3294,37.0368],[28.2446,36.9882],[28.2124,37.0004],[28.1852,36.9389],[28.1572,36.9458],[28.1653,36.9116],[28.1034,36.9353],[28.0583,36.7721],[28.1184,36.8006],[28.1305,36.754],[28.11,36.7751],[28.0822,36.7471],[28.1164,36.7188],[28.0439,36.7202],[28.0314,36.6749],[28.2517,36.7804],[28.2572,36.8462],[28.315,36.8291],[28.2847,36.7962],[28.452,36.8836],[28.5127,36.8682],[28.2411,37.3838],[27.7,37.4483],[27.6317,37.5773],[27.4756,37.5773],[27.4219,37.8998],[27.1433,38.3515],[27.15,38.4383],[27.0694,38.4094],[27.065,38.3515],[26.6762,38.3515],[26.7,38.3258],[26.6731,38.3072],[26.6501,38.3515],[26.595,38.3515],[26.5358,38.6097],[26.3841,38.6702]]],[[[26.8158,39.1911],[26.9579,38.9972],[26.9399,38.9327],[27.0413,38.9401],[27.0413,38.8917],[27.0627,38.8869],[26.9588,38.8445],[26.9608,38.8061],[26.9084,38.8204],[26.9314,38.7551],[26.8857,38.739],[26.8495,38.6097],[27.0798,38.5451],[27.0728,38.4537],[27.1516,38.4592],[27.1632,38.6097],[27.0113,38.6743],[27.1048,38.868],[27.3456,38.9326],[27.445,39.1911],[27.3034,39.385],[26.9098,39.385],[26.8209,39.2557],[26.8158,39.1911]]],[[[27.5815,37.1982],[27.5831,37.1912],[27.5877,37.1988],[27.5815,37.1982]]],[[[25.8407,38.5224],[25.9439,38.4534],[25.9507,38.4057],[25.989,38.3793],[25.9644,38.3026],[25.885,38.2794],[25.8898,38.2206],[26.0115,38.1578],[26.0401,38.2002],[26.1121,38.2226],[26.1022,38.2617],[26.1581,38.329],[26.1541,38.4673],[26.1219,38.4875],[26.1636,38.5428],[26.1307,38.5672],[26.1082,38.5428],[26.0159,38.602],[25.8696,38.5831],[25.8407,38.5224]]],[[[25.8359,39.1822],[26.1021,39.1115],[26.1602,39.1833],[26.2256,39.2076],[26.2935,39.1772],[26.1002,39.0858],[26.1657,39.0224],[26.4242,38.9674],[26.5471,38.9879],[26.437,39.1035],[26.4893,39.1137],[26.5266,39.0834],[26.5394,39.0194],[26.61,39.0229],[26.5397,39.166],[26.3822,39.2771],[26.4074,39.3347],[26.1658,39.3681],[26.1628,39.3236],[26.0606,39.2895],[25.9226,39.2911],[25.8421,39.228],[25.8359,39.1822]]],[[[25.0447,39.9853],[25.0682,39.9208],[25.047,39.8376],[25.1649,39.8591],[25.1606,39.8376],[25.2043,39.8376],[25.1773,39.845],[25.2251,39.8854],[25.1971,39.8928],[25.2388,39.9195],[25.2798,39.8891],[25.2388,39.8581],[25.3551,39.8376],[25.3416,39.8839],[25.3685,39.899],[25.348,39.9064],[25.4499,39.9884],[25.4377,40.0317],[25.2852,39.9534],[25.2251,40.0089],[25.0447,39.9853]]],[[[26.1325,39.5143],[26.8934,39.5844],[26.942,39.5542],[27.1671,39.6436],[27.02,39.7729],[26.7045,39.7729],[26.6571,40.1612],[27.3739,40.2259],[27.4435,40.3257],[27.2948,40.4059],[26.6819,40.3561],[26.5007,40.213],[26.408,40.1937],[26.3622,40.0635],[26.311,40.0195],[26.2205,40.0029],[26.1325,39.5143]]],[[[26.2318,40.0656],[26.3758,40.1535],[26.3456,40.1998],[26.6167,40.3595],[26.6743,40.4257],[26.6839,40.4849],[26.6047,40.4849],[26.2723,40.2906],[26.2318,40.0656]]],[[[25.7052,40.1144],[26.0122,40.1666],[25.9631,40.1571],[25.9719,40.2211],[25.926,40.2428],[25.759,40.2067],[25.7099,40.1758],[25.7052,40.1144]]],[[[26.7979,40.569],[26.8301,40.5078],[26.9682,40.5602],[26.8274,40.5995],[26.7979,40.569]]],[[[36.4386,41.1977],[36.8971,41.068],[36.879,40.9384],[37.1262,41.0032],[37.8732,40.6792],[38.8241,40.6792],[39.1605,40.8088],[39.5471,40.744],[39.6858,40.6144],[39.8642,40.744],[40.5674,40.6792],[40.6084,40.9384],[40.4649,41.0504],[40.3703,40.9384],[40.1428,40.9228],[39.7355,40.9384],[39.3577,41.0781],[39.2732,41.0504],[39.1683,41.0797],[38.9573,41.0398],[38.9518,41.0032],[38.2977,40.8736],[38.2217,40.9441],[38.0253,40.9769],[37.8312,40.9384],[37.7706,41.068],[37.619,41.068],[37.5806,41.0368],[37.4768,41.068],[37.2147,41.068],[37.226,41.1475],[37.0651,41.1328],[36.7748,41.3274],[36.4386,41.1977]]],[[[27.9185,41.0032],[27.975,41.0032],[28.1273,41.074],[28.1688,41.1328],[28.5613,41.0232],[28.5278,41.0851],[28.5519,41.0805],[28.5755,41.0237],[28.6329,41.0032],[29.0268,41.0561],[29.0706,41.1302],[28.9631,41.1328],[28.975,41.2529],[28.3525,41.3922],[28.3267,41.4747],[28.1476,41.5925],[28.1872,41.3274],[27.9185,41.0032]]],[[[29.0403,41.0579],[29.1156,41.068],[29.1034,40.9447],[29.255,40.8736],[29.3668,41.1977],[29.0732,41.1505],[29.0906,41.1409],[29.0403,41.0579]]]]}},{"type":"Feature","properties":{"territoryId":"cliopatria-q1517159-2e52c10a80","name":"Hadhramaut","name_ko":"하드라마우트","color":"#e8af2c","colorFamily":1,"startYear":-699,"endYear":-350,"source_name":"Cliopatria v0.2.0","source_url":"https://github.com/Seshat-Global-History-Databank/cliopatria","license":"CC BY 4.0","attribution":"Seshat Global History Databank, Cliopatria contributors"},"geometry":{"type":"MultiPolygon","coordinates":[[[[46.1494,15.5218],[46.223,15.5218],[46.5062,15.329],[47.5284,15.2004],[47.521,15.0718],[49.4098,14.6861],[49.9421,14.8388],[50.2539,14.8883],[50.554,15.0486],[50.7756,15.0894],[50.8452,15.329],[51.0739,15.4575],[51.078,15.5218],[51.2417,15.779],[51.8605,16.229],[51.9516,16.4861],[51.8867,16.6147],[51.0806,16.679],[50.4825,16.5504],[50.1184,16.6147],[49.5943,16.4861],[48.1169,16.4219],[46.6982,16.1004],[46.5547,16.1647],[46.4735,16.0361],[46.3811,15.7147],[46.1494,15.5218]]],[[[46.6283,16.1647],[46.702,16.1647],[46.7058,16.229],[46.6322,16.229],[46.6283,16.1647]]]]}},{"type":"Feature","properties":{"territoryId":"cliopatria-q6201794-416f00ba7e","name":"Jin","name_ko":"진나라 (晉)","color":"#e7a87e","colorFamily":5,"startYear":-749,"endYear":-550,"source_name":"Cliopatria v0.2.0","source_url":"https://github.com/Seshat-Global-History-Databank/cliopatria","license":"CC BY 4.0","attribution":"Seshat Global History Databank, Cliopatria contributors"},"geometry":{"type":"Polygon","coordinates":[[[110.5884,34.8079],[110.7168,34.7436],[110.6911,34.4863],[110.8196,34.422],[110.8203,34.229],[110.8973,34.229],[112.1548,34.4863],[112.1837,34.9366],[112.1066,34.9366],[112.3199,35.4514],[113.5301,35.3871],[114.226,35.3871],[114.2809,35.5158],[114.3144,35.7733],[114.6098,36.0952],[115.4417,36.7393],[115.9611,37.1904],[116.2215,37.5773],[116.4394,37.7062],[116.5955,38.0288],[117.1971,38.6097],[116.1454,38.5451],[116.3993,38.7389],[116.1639,38.7389],[116.2618,38.9326],[116.0919,39.0618],[116.1009,39.385],[115.8648,39.385],[116.1021,39.8376],[116.0232,39.8376],[115.8997,39.9023],[115.8312,39.7729],[115.4479,39.6436],[114.359,38.7389],[114.0917,38.6743],[114.1069,38.5451],[113.2674,37.7707],[112.2013,37.3193],[112.1722,37.2549],[111.4133,36.4172],[111.2303,36.3528],[111.0618,35.7733],[111.1628,35.6445],[111.0029,35.2584],[110.6662,35.001],[110.5884,34.8079]]]}},{"type":"Feature","properties":{"territoryId":"cliopatria-q241790-c835c9c865","name":"Kingdom of Kush","name_ko":"쿠시 왕국","color":"#e13373","colorFamily":3,"startYear":-674,"endYear":-650,"source_name":"Cliopatria v0.2.0","source_url":"https://github.com/Seshat-Global-History-Databank/cliopatria","license":"CC BY 4.0","attribution":"Seshat Global History Databank, Cliopatria contributors"},"geometry":{"type":"MultiPolygon","coordinates":[[[[30.5372,23.3649],[30.742,22.8506],[30.7214,22.272],[30.5615,21.9505],[30.6358,21.9505],[30.6879,21.3077],[30.7621,21.3077],[30.7442,20.7934],[30.8184,20.7934],[30.8026,20.3434],[30.8768,20.3434],[31.147,17.6433],[31.2208,17.6433],[31.337,16.8076],[31.4771,16.6147],[31.3939,16.3576],[31.5364,16.229],[31.527,15.9718],[31.7337,15.5861],[32.0944,15.3933],[32.5334,15.329],[32.5286,15.2004],[33.8621,15.4575],[34.0981,15.8433],[34.6843,15.779],[34.5556,16.229],[34.7137,16.4861],[35.6713,16.4861],[36.0539,16.8076],[36.0033,17.3219],[35.5013,17.6433],[35.2998,18.0933],[34.939,18.2862],[34.8792,18.6076],[34.5974,18.9291],[34.4687,19.3791],[34.2575,19.6362],[33.8196,21.6291],[33.7453,21.6291],[33.7704,21.737],[33.5609,21.7091],[33.1811,21.9954],[31.4355,21.9954],[33.8307,21.9955],[33.7635,22.0791],[33.8378,22.0791],[33.8832,23.172],[33.8087,23.172],[33.8225,23.4934],[33.679,23.622],[33.6818,23.6863],[33.389,23.8149],[32.0409,23.6863],[31.6705,23.7506],[30.5372,23.3649]]],[[[33.1811,21.9954],[33.5584,21.711],[33.7707,21.7382],[33.8307,21.9955],[33.1811,21.9954]]]]}},{"type":"Feature","properties":{"territoryId":"cliopatria-q241790-c835c9c865","name":"Kingdom of Kush","name_ko":"쿠시 왕국","color":"#e13373","colorFamily":3,"startYear":-649,"endYear":-630,"source_name":"Cliopatria v0.2.0","source_url":"https://github.com/Seshat-Global-History-Databank/cliopatria","license":"CC BY 4.0","attribution":"Seshat Global History Databank, Cliopatria contributors"},"geometry":{"type":"MultiPolygon","coordinates":[[[[30.5372,23.3649],[30.742,22.8506],[30.7214,22.272],[30.5615,21.9505],[30.6358,21.9505],[30.6879,21.3077],[30.7621,21.3077],[30.7442,20.7934],[30.8184,20.7934],[30.8026,20.3434],[30.8768,20.3434],[31.147,17.6433],[31.349,17.129],[31.337,16.8076],[31.4771,16.6147],[31.3939,16.3576],[31.5364,16.229],[31.527,15.9718],[31.7337,15.5861],[32.0944,15.3933],[32.5334,15.329],[32.5286,15.2004],[33.8621,15.4575],[34.0981,15.8433],[34.6843,15.779],[34.5556,16.229],[34.7137,16.4861],[35.6713,16.4861],[36.0539,16.8076],[36.0033,17.3219],[35.5013,17.6433],[35.2998,18.0933],[34.939,18.2862],[34.8792,18.6076],[34.5974,18.9291],[34.4687,19.3791],[34.2575,19.6362],[33.8196,21.6291],[33.7453,21.6291],[33.7704,21.737],[33.5609,21.7091],[33.1811,21.9954],[31.4355,21.9954],[33.8307,21.9955],[33.7635,22.0791],[33.8378,22.0791],[33.8832,23.172],[33.8087,23.172],[33.8225,23.4934],[33.679,23.622],[33.6818,23.6863],[33.389,23.8149],[32.0409,23.6863],[31.6705,23.7506],[30.5372,23.3649]]],[[[33.1811,21.9954],[33.5584,21.711],[33.7707,21.7382],[33.8307,21.9955],[33.1811,21.9954]]]]}},{"type":"Feature","properties":{"territoryId":"cliopatria-q241790-c835c9c865","name":"Kingdom of Kush","name_ko":"쿠시 왕국","color":"#e13373","colorFamily":3,"startYear":-629,"endYear":337,"source_name":"Cliopatria v0.2.0","source_url":"https://github.com/Seshat-Global-History-Databank/cliopatria","license":"CC BY 4.0","attribution":"Seshat Global History Databank, Cliopatria contributors"},"geometry":{"type":"MultiPolygon","coordinates":[[[[30.5372,23.3649],[30.742,22.8506],[30.7214,22.272],[30.5615,21.9505],[30.6358,21.9505],[30.6879,21.3077],[30.7621,21.3077],[30.7442,20.7934],[30.8184,20.7934],[30.8026,20.3434],[30.8768,20.3434],[31.147,17.6433],[31.2208,17.6433],[31.337,16.8076],[31.4771,16.6147],[31.3939,16.3576],[31.5364,16.229],[31.527,15.9718],[31.7337,15.5861],[32.0944,15.3933],[32.5334,15.329],[32.5286,15.2004],[33.8621,15.4575],[34.0981,15.8433],[34.6843,15.779],[34.5556,16.229],[34.7137,16.4861],[35.6713,16.4861],[36.0539,16.8076],[36.0033,17.3219],[35.5013,17.6433],[35.2998,18.0933],[34.939,18.2862],[34.8792,18.6076],[34.5974,18.9291],[34.4687,19.3791],[34.2575,19.6362],[33.8196,21.6291],[33.7453,21.6291],[33.7704,21.737],[33.5609,21.7091],[33.1811,21.9954],[31.4355,21.9954],[33.8307,21.9955],[33.7635,22.0791],[33.8378,22.0791],[33.8832,23.172],[33.8087,23.172],[33.8225,23.4934],[33.679,23.622],[33.6818,23.6863],[33.389,23.8149],[32.0409,23.6863],[31.6705,23.7506],[30.5372,23.3649]]],[[[33.1811,21.9954],[33.5584,21.711],[33.7707,21.7382],[33.8307,21.9955],[33.1811,21.9954]]]]}},{"type":"Feature","properties":{"territoryId":"cliopatria-q185068-c04c8d42fd","name":"Kingdom of Urartu","name_ko":"우라르투","color":"#3e76ea","colorFamily":0,"startYear":-614,"endYear":-600,"source_name":"Cliopatria v0.2.0","source_url":"https://github.com/Seshat-Global-History-Databank/cliopatria","license":"CC BY 4.0","attribution":"Seshat Global History Databank, Cliopatria contributors"},"geometry":{"type":"Polygon","coordinates":[[[37.2802,38.6097],[37.5776,38.4806],[37.8422,38.0933],[38.147,38.0288],[38.3116,38.0933],[38.423,38.3515],[38.658,38.3515],[38.8677,38.1578],[39.1807,38.1578],[39.4762,38.6097],[40.0162,38.5451],[40.1126,38.6743],[40.7494,38.7389],[40.8465,38.868],[41.3867,38.8034],[41.4842,38.9326],[41.7198,38.9326],[41.7696,38.7389],[42.005,38.7389],[42.6823,39.0618],[42.8981,38.9326],[43.2224,38.9972],[43.2807,38.868],[44.4545,38.3515],[44.306,37.8998],[44.5889,37.7062],[44.6276,37.4483],[44.842,37.3193],[45.2417,37.3838],[45.2616,37.5128],[45.1255,37.6417],[45.1965,38.0933],[44.9822,38.2224],[45.0236,38.4806],[45.301,38.7389],[45.6364,38.868],[46.1075,38.868],[46.1406,39.0618],[46.062,39.0618],[46.0954,39.2557],[45.8816,39.385],[45.9041,39.5143],[45.7578,39.5789],[45.961,39.8376],[45.5333,40.0964],[45.1156,39.967],[45.0936,40.2906],[44.9469,40.3554],[44.9256,40.6792],[44.0653,40.744],[44.1907,41.0032],[44.0435,41.068],[44.0667,41.1977],[43.204,41.2625],[43.1019,41.1328],[42.8636,41.1328],[42.7508,40.9384],[42.5921,40.9384],[42.4664,41.1328],[41.9104,41.1328],[41.7879,40.8736],[41.5606,40.9384],[40.9328,40.4849],[40.7846,40.5496],[40.586,40.2906],[40.1214,40.3554],[39.7662,40.0964],[38.9253,40.2906],[38.2834,40.2259],[37.5989,39.2557],[37.4331,39.1911],[37.4163,39.0618],[37.4949,39.0618],[37.3832,38.8034],[37.3047,38.8034],[37.2802,38.6097]],[[44.692,39.793],[44.7746,39.7028],[44.7769,39.6984],[44.692,39.793]],[[44.8011,39.653],[44.8085,39.6391],[44.807,39.6399],[44.8011,39.653]],[[44.814,39.6362],[44.8723,39.6251],[44.8278,39.6288],[44.814,39.6362]],[[45.0922,39.3444],[45.096,39.3411],[45.1358,39.2785],[45.0922,39.3444]],[[45.753,39.5635],[45.7655,39.5616],[45.7739,39.5549],[45.753,39.5635]]]}},{"type":"Feature","properties":{"territoryId":"cliopatria-q1154556-3ef19a7638","name":"Later Zhou","name_ko":"주 왕실","color":"#a87ee7","colorFamily":4,"startYear":-749,"endYear":-450,"source_name":"Cliopatria v0.2.0","source_url":"https://github.com/Seshat-Global-History-Databank/cliopatria","license":"CC BY 4.0","attribution":"Seshat Global History Databank, Cliopatria contributors"},"geometry":{"type":"Polygon","coordinates":[[[112.1066,34.9366],[112.1837,34.9366],[112.1548,34.4863],[112.617,34.4863],[113.0303,34.7436],[113.0567,34.8079],[113.1339,34.8079],[113.1604,34.8723],[113.2376,34.8723],[113.2642,34.9366],[113.3414,34.9366],[113.5301,35.3871],[112.3199,35.4514],[112.1066,34.9366]]]}},{"type":"Feature","properties":{"territoryId":"cliopatria-q555994-eef6ef9869","name":"Lu","name_ko":"노나라","color":"#e6567d","colorFamily":3,"startYear":-749,"endYear":-480,"source_name":"Cliopatria v0.2.0","source_url":"https://github.com/Seshat-Global-History-Databank/cliopatria","license":"CC BY 4.0","attribution":"Seshat Global History Databank, Cliopatria contributors"},"geometry":{"type":"Polygon","coordinates":[[[114.9554,35.6445],[115.2311,35.3871],[115.9898,35.7089],[116.2856,35.3227],[116.6721,35.3227],[116.9603,35.4514],[117.5871,35.6445],[118.2549,35.5802],[118.3036,35.5158],[118.056,35.1297],[117.7683,35.001],[117.6355,34.8723],[117.9657,34.7436],[118.1199,34.7436],[118.2807,34.9366],[118.435,34.9366],[118.4284,34.7436],[119.1981,34.8055],[119.2073,35.0484],[119.358,35.0971],[119.4239,35.3135],[119.5319,35.3586],[119.648,35.5839],[119.7325,35.6208],[119.7439,35.5759],[119.8401,35.6579],[119.8602,35.6061],[119.9046,35.6246],[119.9016,35.6715],[119.9356,35.705],[119.9082,35.7449],[119.9378,35.7611],[120.0029,35.7278],[120.0388,35.8428],[120.0972,35.9008],[120.189,35.9453],[120.1753,35.89],[120.2941,36.0024],[120.2428,35.9736],[120.23,35.9999],[120.1753,35.9936],[120.1685,36.062],[120.0897,36.1117],[120.0972,36.2264],[120.2191,36.2219],[120.2163,36.1991],[120.2845,36.176],[120.2735,36.2343],[120.3064,36.2742],[120.3616,36.1916],[120.292,36.062],[120.3535,36.0408],[120.6278,36.1165],[120.6669,36.1321],[120.6836,36.2056],[120.6436,36.3225],[120.7107,36.3245],[120.6865,36.3872],[120.7109,36.4239],[120.5293,36.4816],[119.8951,36.2884],[117.3531,36.1596],[116.0465,35.8377],[115.765,35.902],[115.8017,36.1596],[115.5977,36.224],[115.1169,35.8377],[115.0394,35.8377],[114.9554,35.6445]]]}},{"type":"Feature","properties":{"territoryId":"cliopatria-q620765-a248473350","name":"Lydia","name_ko":"리디아","color":"#7e99e7","colorFamily":0,"startYear":-674,"endYear":-650,"source_name":"Cliopatria v0.2.0","source_url":"https://github.com/Seshat-Global-History-Databank/cliopatria","license":"CC BY 4.0","attribution":"Seshat Global History Databank, Cliopatria contributors"},"geometry":{"type":"Polygon","coordinates":[[[27.0113,38.6743],[27.1632,38.6097],[27.1433,38.3515],[27.4219,37.8998],[27.4756,37.5773],[27.6317,37.5773],[27.7,37.4483],[28.2461,37.4483],[28.631,37.3838],[28.7973,37.5128],[28.662,37.7707],[28.756,37.9643],[28.6102,38.0933],[28.6991,38.2224],[28.8557,38.2224],[28.8886,38.6097],[29.0454,38.6097],[29.0566,38.7389],[28.9109,38.868],[28.6753,38.868],[28.6079,38.9972],[28.131,38.9326],[27.9277,39.3203],[27.6916,39.3203],[27.545,39.4496],[27.4609,39.385],[27.3822,39.385],[27.4345,39.0618],[27.0213,38.8034],[27.0113,38.6743]]]}},{"type":"Feature","properties":{"territoryId":"cliopatria-q620765-a248473350","name":"Lydia","name_ko":"리디아","color":"#7e99e7","colorFamily":0,"startYear":-649,"endYear":-630,"source_name":"Cliopatria v0.2.0","source_url":"https://github.com/Seshat-Global-History-Databank/cliopatria","license":"CC BY 4.0","attribution":"Seshat Global History Databank, Cliopatria contributors"},"geometry":{"type":"Polygon","coordinates":[[[26.6571,40.1612],[26.7045,39.7729],[27.02,39.7729],[27.1671,39.6436],[26.942,39.5542],[26.9299,39.4877],[26.8521,39.4618],[26.8311,39.385],[26.7502,39.3577],[26.7422,39.2557],[26.8209,39.2557],[26.9098,39.385],[27.3034,39.385],[27.445,39.1911],[27.3456,38.9326],[27.1048,38.868],[27.0113,38.6743],[27.1632,38.6097],[27.1433,38.3515],[27.4219,37.8998],[27.4756,37.5773],[27.6317,37.5773],[27.7,37.4483],[28.2461,37.4483],[28.7818,37.3193],[29.0574,36.8682],[29.213,36.8682],[29.2233,36.9971],[29.3843,37.0615],[29.5614,37.3193],[29.505,37.5773],[29.7502,37.7062],[29.6943,37.9643],[30.0185,38.0933],[30.0358,38.2869],[29.8849,38.3515],[29.8965,38.4806],[30.3243,38.868],[30.264,39.0618],[30.3426,39.0618],[30.3611,39.2557],[30.071,39.5143],[30.0835,39.6436],[30.2411,39.6436],[30.3391,39.8376],[30.5888,39.967],[30.5494,40.3554],[30.7867,40.3554],[30.9069,40.744],[30.8345,40.8088],[31.0672,41.0846],[30.6242,41.068],[30.53,41.1522],[30.342,41.1977],[30.2607,41.1977],[30.1369,41.1438],[29.3668,41.1977],[29.2664,40.8673],[29.2949,40.8388],[29.2546,40.8108],[29.493,40.8736],[29.4835,40.7778],[29.6662,40.7835],[29.7754,40.7487],[29.8901,40.7635],[29.9292,40.758],[29.9242,40.7165],[29.7533,40.7246],[29.5488,40.691],[29.4906,40.7272],[29.4168,40.6868],[29.3919,40.7078],[29.2816,40.6659],[28.9497,40.6228],[28.9113,40.5999],[28.9004,40.4849],[28.9695,40.4614],[29.0657,40.4819],[29.1515,40.4341],[29.0901,40.4272],[29.0463,40.3554],[27.9388,40.3554],[27.904,40.3999],[27.9445,40.4183],[27.9505,40.4849],[27.7921,40.4849],[27.7637,40.4277],[27.7918,40.3929],[27.8836,40.3863],[27.7898,40.3205],[27.7124,40.3242],[27.6958,40.2906],[27.6064,40.3286],[27.5513,40.3088],[27.4435,40.3257],[27.3739,40.2259],[26.6571,40.1612]]]}},{"type":"Feature","properties":{"territoryId":"cliopatria-q620765-a248473350","name":"Lydia","name_ko":"리디아","color":"#7e99e7","colorFamily":0,"startYear":-629,"endYear":-615,"source_name":"Cliopatria v0.2.0","source_url":"https://github.com/Seshat-Global-History-Databank/cliopatria","license":"CC BY 4.0","attribution":"Seshat Global History Databank, Cliopatria contributors"},"geometry":{"type":"Polygon","coordinates":[[[26.6571,40.1612],[26.7045,39.7729],[27.02,39.7729],[27.1671,39.6436],[26.942,39.5542],[26.8311,39.385],[26.7502,39.3577],[26.7422,39.2557],[26.8209,39.2557],[26.9098,39.385],[27.3034,39.385],[27.445,39.1911],[27.3456,38.9326],[27.1048,38.868],[27.0113,38.6743],[27.1632,38.6097],[27.1433,38.3515],[27.4219,37.8998],[27.4756,37.5773],[27.6317,37.5773],[27.7,37.4483],[28.2411,37.3838],[28.5127,36.8682],[28.5905,36.8682],[28.7361,36.7393],[28.8918,36.7132],[28.939,36.7513],[29.5033,36.6105],[30.5246,36.7393],[30.6191,36.9326],[31.086,36.9326],[31.7443,37.3193],[32.8295,37.2549],[33.0174,37.5773],[33.245,37.5128],[33.3427,37.7062],[33.4989,37.7062],[33.5056,37.7707],[33.2911,37.9643],[33.2668,38.4806],[33.6726,38.6097],[33.7151,38.9972],[33.4794,38.9972],[33.3578,39.3203],[33.1288,39.385],[33.1648,39.7083],[33.4161,39.8376],[33.5174,40.0317],[34.0703,40.0317],[33.9904,40.6792],[34.3073,40.6792],[34.411,40.8736],[34.2686,41.0032],[34.285,41.1328],[34.381,41.2625],[34.54,41.2625],[34.5652,41.4571],[34.8296,41.6518],[35.157,41.7167],[35.0921,41.928],[35.123,42.0248],[34.9178,42.0413],[34.7845,41.9114],[32.9945,41.9114],[32.7554,41.8591],[32.6675,41.8369],[32.6947,41.7816],[31.4983,41.352],[31.3928,41.1884],[31.1801,41.068],[30.6242,41.068],[30.53,41.1522],[30.342,41.1977],[30.1369,41.1438],[29.3668,41.1977],[29.2546,40.8108],[29.493,40.8736],[29.4835,40.7778],[29.8901,40.7635],[29.9242,40.7165],[29.4906,40.7272],[28.9497,40.6228],[28.9004,40.4849],[29.1515,40.4341],[29.0463,40.3554],[27.9388,40.3554],[27.904,40.3999],[27.9505,40.4849],[27.7921,40.4849],[27.7918,40.3929],[27.8836,40.3863],[27.6958,40.2906],[27.4435,40.3257],[27.3739,40.2259],[26.6571,40.1612]]]}},{"type":"Feature","properties":{"territoryId":"cliopatria-q620765-a248473350","name":"Lydia","name_ko":"리디아","color":"#7e99e7","colorFamily":0,"startYear":-614,"endYear":-600,"source_name":"Cliopatria v0.2.0","source_url":"https://github.com/Seshat-Global-History-Databank/cliopatria","license":"CC BY 4.0","attribution":"Seshat Global History Databank, Cliopatria contributors"},"geometry":{"type":"Polygon","coordinates":[[[26.6571,40.1612],[26.7045,39.7729],[27.02,39.7729],[27.1671,39.6436],[26.942,39.5542],[26.8311,39.385],[26.7502,39.3577],[26.7422,39.2557],[26.8209,39.2557],[26.9098,39.385],[27.3034,39.385],[27.445,39.1911],[27.3456,38.9326],[27.1048,38.868],[27.0113,38.6743],[27.1632,38.6097],[27.1433,38.3515],[27.4219,37.8998],[27.4756,37.5773],[27.6317,37.5773],[27.7,37.4483],[28.2411,37.3838],[28.5127,36.8682],[28.5905,36.8682],[28.7361,36.7393],[28.8918,36.7132],[28.939,36.7513],[29.5033,36.6105],[30.5246,36.7393],[30.6191,36.9326],[31.086,36.9326],[31.7443,37.3193],[32.8295,37.2549],[33.0174,37.5773],[33.245,37.5128],[33.5056,37.7707],[33.2911,37.9643],[33.3827,38.0933],[33.2396,38.2224],[33.2599,38.416],[33.352,38.5451],[33.5872,38.5451],[33.7581,38.6743],[33.7008,38.868],[33.7865,38.9326],[33.4794,38.9972],[33.3578,39.3203],[33.1288,39.385],[33.1648,39.7083],[33.4161,39.8376],[33.5174,40.0317],[34.0703,40.0317],[33.9904,40.6792],[34.3073,40.6792],[34.411,40.8736],[34.2686,41.0032],[34.285,41.1328],[34.381,41.2625],[34.54,41.2625],[34.5652,41.4571],[34.8296,41.6518],[35.157,41.7167],[35.0921,41.928],[35.123,42.0248],[34.9178,42.0413],[34.7845,41.9114],[32.9945,41.9114],[32.7554,41.8591],[32.6675,41.8369],[32.6947,41.7816],[31.4983,41.352],[31.3928,41.1884],[31.1801,41.068],[30.6242,41.068],[30.53,41.1522],[30.342,41.1977],[30.1369,41.1438],[29.3668,41.1977],[29.2546,40.8108],[29.493,40.8736],[29.4835,40.7778],[29.8901,40.7635],[29.9242,40.7165],[29.4906,40.7272],[28.9497,40.6228],[28.9004,40.4849],[29.1515,40.4341],[29.0463,40.3554],[27.9388,40.3554],[27.904,40.3999],[27.9505,40.4849],[27.7921,40.4849],[27.7918,40.3929],[27.8836,40.3863],[27.6958,40.2906],[27.4435,40.3257],[27.3739,40.2259],[26.6571,40.1612]]]}},{"type":"Feature","properties":{"territoryId":"cliopatria-q83958-3ad32c531e","name":"Macedonian Empire","name_ko":"마케도니아 왕국","color":"#5158ec","colorFamily":0,"startYear":-674,"endYear":-550,"source_name":"Cliopatria v0.2.0","source_url":"https://github.com/Seshat-Global-History-Databank/cliopatria","license":"CC BY 4.0","attribution":"Seshat Global History Databank, Cliopatria contributors"},"geometry":{"type":"Polygon","coordinates":[[[22.0096,40.4201],[22.0772,40.2259],[22.2392,40.2906],[22.4608,40.0317],[22.5935,40.0317],[22.5713,40.0543],[22.5727,40.0842],[22.5437,40.0964],[22.6065,40.4139],[22.6038,40.444],[22.5791,40.4682],[22.6192,40.4784],[22.6589,40.6792],[22.025,40.6792],[22.0887,40.4201],[22.0096,40.4201]]]}},{"type":"Feature","properties":{"territoryId":"cliopatria-q1183338-b555526c7c","name":"Median Kingdom","name_ko":"메디아 왕국","color":"#e656a1","colorFamily":3,"startYear":-614,"endYear":-600,"source_name":"Cliopatria v0.2.0","source_url":"https://github.com/Seshat-Global-History-Databank/cliopatria","license":"CC BY 4.0","attribution":"Seshat Global History Databank, Cliopatria contributors"},"geometry":{"type":"MultiPolygon","coordinates":[[[[45.9409,36.3528],[45.9896,36.1596],[46.2223,36.1596],[46.8038,35.902],[46.8618,35.7733],[47.1618,35.7089],[47.1327,35.5158],[47.2101,35.5158],[47.1716,35.2584],[46.8925,34.9366],[46.2751,34.9366],[46.1342,34.4863],[46.1485,34.0361],[46.71,33.6502],[46.6748,33.3931],[47.4151,33.2002],[47.8217,32.8145],[47.9748,32.8145],[48.0781,33.0073],[48.6143,33.0073],[48.7493,32.8788],[49.123,32.8145],[49.3162,32.5574],[49.7077,32.6216],[49.8423,32.4931],[49.815,32.3002],[50.0261,32.1717],[50.0081,32.0431],[50.2775,31.7861],[50.0048,31.4647],[50.063,30.7578],[50.4177,30.565],[50.3928,30.3722],[50.0779,30.1871],[50.1449,29.9381],[50.6553,29.4491],[50.6895,29.2908],[50.6435,29.1458],[50.8403,29.1406],[50.915,29.0867],[50.929,29.0097],[50.8345,28.8914],[51.0588,28.7359],[51.0807,28.5339],[51.2853,28.2409],[51.3979,27.9379],[51.6834,27.8306],[52.0112,27.8327],[52.4596,27.6326],[52.6701,27.4486],[52.6098,27.4123],[52.6669,27.3271],[52.9326,27.1603],[53.4441,26.9757],[53.7161,26.7086],[54.0158,26.7495],[54.3081,26.715],[54.62,26.5082],[54.791,26.4958],[55.2708,26.7925],[55.5217,26.7846],[55.5804,26.8591],[55.5545,26.8999],[55.6659,26.9954],[55.9393,27.0267],[56.1237,27.1606],[56.353,27.2016],[56.8088,27.1396],[56.8846,27.0781],[56.8677,27.0123],[56.9733,27.003],[56.9273,26.9556],[57.0524,26.8366],[57.0872,26.4061],[57.2129,26.1662],[57.1668,26.083],[57.3493,25.7803],[57.7556,25.7427],[57.7717,25.6356],[57.9632,25.6932],[58.0462,25.5749],[58.1375,25.5507],[58.419,25.612],[58.8252,25.5604],[58.9943,25.4196],[59.1172,25.3942],[59.4486,25.4864],[58.9819,26.0008],[59.1767,26.3865],[59.0419,26.5151],[59.1558,26.8366],[58.9304,26.8366],[58.871,26.9652],[58.9863,27.2866],[58.9274,27.4152],[59.0027,27.4152],[59.1536,27.9938],[59.3883,28.0581],[59.4145,28.251],[59.5653,28.251],[59.5255,28.5081],[59.6282,28.701],[59.77,28.6367],[59.8917,28.9581],[61.7285,29.6009],[62.228,29.4081],[64.1953,29.4081],[64.2921,29.5366],[64.6055,29.6009],[65.2004,29.5366],[66.2286,29.7937],[66.5011,30.0508],[66.8158,30.1151],[67.7813,30.822],[67.9333,30.822],[69.1768,31.7218],[69.2032,31.8503],[69.6742,31.9146],[69.6247,32.0431],[69.7146,32.1074],[70.2627,32.1717],[70.4569,32.3645],[70.5958,32.3002],[70.9576,32.5574],[70.9522,32.8788],[71.1819,32.8788],[71.2254,33.0716],[71.3786,33.0716],[71.3312,33.2002],[71.6971,33.4574],[71.8491,33.7789],[72.0027,33.7789],[72.0485,33.9718],[72.4639,34.1004],[72.418,34.229],[72.7119,34.4863],[72.8238,34.9366],[72.6569,35.194],[72.6895,35.3227],[72.0142,35.7089],[71.4275,35.8377],[71.2606,36.0952],[70.934,36.0308],[70.2564,36.4172],[69.8519,36.3528],[69.2631,36.4816],[69.1402,36.6105],[68.9685,36.546],[68.4275,36.8682],[67.9152,36.9971],[67.9476,37.126],[67.8245,37.2549],[67.607,37.3193],[67.2009,37.2549],[66.9377,37.4483],[66.2196,37.3838],[65.8775,37.5773],[65.5653,37.5773],[65.3009,37.7707],[64.6615,38.0288],[64.3669,38.416],[64.0075,38.5451],[63.8374,38.8034],[63.5234,38.8034],[62.3924,38.3515],[61.0154,38.1578],[60.7508,38.0288],[60.2033,38.0288],[59.1933,37.7062],[57.6957,37.6417],[56.5627,37.4483],[56.0556,37.2549],[55.8347,37.3193],[55.8088,37.1904],[55.1476,36.9971],[54.0334,36.9105],[54.0143,36.8211],[53.8892,36.7936],[53.6091,36.8769],[53.973,36.9058],[53.4887,36.8682],[52.586,36.6105],[51.642,36.546],[50.532,36.8682],[50.611,36.9697],[50.4759,37.0379],[50.3209,36.9971],[49.8541,37.4483],[49.0851,37.5128],[48.8285,37.8352],[48.8411,38.3515],[48.7189,38.5451],[48.5506,38.4806],[48.6175,38.416],[48.505,38.2224],[48.6389,38.0933],[48.5271,37.8998],[48.3707,37.8998],[48.2268,37.5128],[47.8719,37.2549],[47.3833,37.126],[47.0205,36.8037],[46.7872,36.8037],[46.8448,36.6749],[46.5718,36.4172],[46.3487,36.4816],[45.9409,36.3528]],[[61.1016,35.2353],[61.1038,35.2494],[61.1124,35.202],[61.1016,35.2353]],[[64.589,36.5802],[64.5901,36.5947],[64.6105,36.5009],[64.589,36.5802]],[[64.5911,36.6093],[64.592,36.6211],[64.5985,36.6369],[64.5911,36.6093]],[[64.614,36.6746],[64.6214,36.6926],[64.7652,36.9046],[64.614,36.6746]],[[64.7788,37.118],[64.8079,37.1355],[64.9891,37.2137],[64.7788,37.118]],[[66.0797,37.4409],[66.1545,37.3835],[66.1429,37.3851],[66.0797,37.4409]],[[66.4878,37.3422],[66.5196,37.3642],[66.531,37.3649],[66.4878,37.3422]],[[67.7731,37.11],[67.7741,37.1205],[67.7823,37.1029],[67.7731,37.11]],[[67.8003,37.0891],[67.8176,37.0806],[67.808,37.0832],[67.8003,37.0891]],[[68.0169,36.9294],[68.0256,36.9271],[68.0202,36.9257],[68.0169,36.9294]],[[71.3564,35.9331],[71.3685,35.894],[71.3607,35.9003],[71.3564,35.9331]],[[71.4471,35.8179],[71.4644,35.7947],[71.4658,35.7881],[71.4471,35.8179]],[[71.4756,35.741],[71.5027,35.7191],[71.5074,35.7095],[71.4756,35.741]],[[71.4833,35.6266],[71.5059,35.6034],[71.4927,35.6096],[71.4833,35.6266]],[[71.5144,35.6753],[71.5151,35.6935],[71.5198,35.6838],[71.5144,35.6753]],[[71.5316,35.3279],[71.6138,35.4035],[71.6111,35.3955],[71.5316,35.3279]],[[71.573,35.5692],[71.5842,35.5642],[71.5935,35.5494],[71.573,35.5692]]],[[[55.2738,26.6498],[55.3212,26.5498],[55.8766,26.7429],[55.947,26.6963],[56.2874,26.9551],[56.2124,27.003],[55.8977,26.9068],[55.758,26.954],[55.7742,26.7969],[55.2738,26.6498]]],[[[55.9906,37.3193],[56.0686,37.3193],[56.0816,37.3838],[56.0036,37.3838],[55.9906,37.3193]]]]}},{"type":"Feature","properties":{"territoryId":"cliopatria-q10914393-eb81b2e3a5","name":"Neo-Assyrian Empire","name_ko":"신아시리아 제국","color":"#3eea8a","colorFamily":2,"startYear":-674,"endYear":-615,"source_name":"Cliopatria v0.2.0","source_url":"https://github.com/Seshat-Global-History-Databank/cliopatria","license":"CC BY 4.0","attribution":"Seshat Global History Databank, Cliopatria contributors"},"geometry":{"type":"MultiPolygon","coordinates":[[[[28.2675,26.5151],[28.2886,25.165],[28.6412,24.5864],[29.6728,24.2006],[29.9595,23.8792],[30.1087,23.8792],[30.104,23.7506],[30.3952,23.5577],[30.4627,23.3649],[31.6705,23.7506],[32.0409,23.6863],[33.389,23.8149],[33.7564,23.6863],[35.108,23.8792],[35.4808,23.8253],[35.5139,23.9771],[35.7865,23.8939],[35.7386,23.9833],[35.4938,24.1089],[35.3919,24.2828],[35.1446,24.5002],[35.1603,24.5746],[34.5466,25.725],[34.3387,26.0018],[34.014,26.6116],[33.9414,26.6535],[33.9961,26.8966],[33.8368,27.1208],[33.8384,27.2426],[33.6917,27.3419],[33.4963,27.6466],[33.5877,27.651],[33.5579,27.7599],[33.4735,27.8232],[33.5921,27.7912],[33.5544,27.8965],[33.2494,28.1429],[33.0029,28.4895],[32.8689,28.5789],[32.8069,28.7781],[32.6255,28.9727],[32.6528,29.081],[32.5623,29.3863],[32.3377,29.5925],[32.5095,29.8668],[32.4769,29.9322],[32.5715,29.9426],[32.5778,30.0114],[32.6045,29.8242],[32.6907,29.7336],[32.7239,29.4705],[32.8172,29.414],[32.8856,29.2431],[33.1779,28.9896],[33.2287,28.5694],[33.5538,28.3153],[33.8794,27.9346],[34.2201,27.7731],[34.4281,27.9859],[34.4553,28.1749],[34.4102,28.32],[34.6245,28.736],[34.7366,29.3113],[34.9572,29.569],[34.9978,29.518],[34.9629,29.3671],[35.4282,29.2152],[35.8063,29.2152],[35.7699,29.7294],[35.876,30.1151],[35.9518,30.1151],[36.0697,30.6292],[36.4009,30.9506],[36.2709,31.2076],[36.4231,31.2076],[36.3866,31.6575],[36.4629,31.6575],[36.4919,31.9789],[36.6564,32.1074],[36.5155,32.236],[36.7507,32.3002],[36.6984,32.5574],[36.4751,32.6216],[36.5698,32.8145],[36.5055,32.943],[36.8369,33.2002],[36.6962,33.3288],[36.7279,33.6502],[37.0546,33.8432],[37.2347,34.1004],[37.3885,34.1004],[37.325,34.229],[38.1787,35.001],[38.8036,35.0653],[39.0904,34.8723],[39.2521,34.9366],[39.5459,34.8079],[39.6082,34.6793],[40.4183,34.3577],[40.4728,34.1647],[40.8499,34.1004],[40.9117,33.9718],[41.2116,33.9075],[41.4886,33.6502],[42.5783,33.1359],[42.7085,32.943],[43.1526,32.8145],[44.459,31.5933],[44.5814,31.3362],[44.9546,31.2719],[45.7705,30.4364],[46.5906,30.3079],[46.6151,29.858],[46.8497,29.9223],[46.994,29.858],[46.9794,29.7294],[47.2897,29.7937],[47.8662,29.5366],[48.1734,29.5734],[47.9956,29.8277],[47.9348,30.1071],[47.969,30.0041],[48.1192,30.045],[48.434,29.9365],[48.5304,29.9564],[48.4766,29.984],[48.6587,29.9836],[48.6433,30.0554],[48.9153,30.0422],[48.936,30.2101],[48.8596,30.3162],[49.0194,30.4558],[48.953,30.5002],[49.2705,30.5007],[49.2867,30.6292],[48.2528,31.4647],[48.1516,32.4288],[47.931,32.4931],[47.9748,32.8145],[47.8983,32.8145],[47.6362,33.1359],[46.7515,33.3931],[46.6923,33.5217],[46.7868,33.6502],[46.4205,33.7789],[46.2845,33.9075],[46.3792,34.0361],[46.1485,34.0361],[46.1752,34.229],[46.0982,34.229],[46.1796,34.8079],[46.2751,34.9366],[46.6517,34.8723],[46.9791,35.001],[47.1716,35.2584],[47.1618,35.7089],[46.8618,35.7733],[46.8038,35.902],[46.2223,36.1596],[45.9896,36.1596],[46.0089,36.2884],[45.776,36.2884],[45.5039,36.546],[45.3485,36.546],[45.3093,36.8037],[44.9203,36.8037],[44.9395,36.9326],[44.8617,36.9326],[44.842,37.3193],[45.2417,37.3838],[45.2616,37.5128],[45.1255,37.6417],[45.1965,38.0933],[44.9822,38.2224],[45.0236,38.4806],[45.301,38.7389],[45.6364,38.868],[46.1075,38.868],[46.1406,39.0618],[46.062,39.0618],[46.0954,39.2557],[45.8816,39.385],[45.9041,39.5143],[45.7578,39.5789],[45.961,39.8376],[45.5333,40.0964],[45.1156,39.967],[45.0936,40.2906],[44.9469,40.3554],[44.9256,40.6792],[44.0653,40.744],[44.1907,41.0032],[44.0435,41.068],[44.0667,41.1977],[43.204,41.2625],[43.1019,41.1328],[42.8636,41.1328],[42.7508,40.9384],[42.5921,40.9384],[42.4664,41.1328],[41.9104,41.1328],[41.7879,40.8736],[41.5606,40.9384],[40.9328,40.4849],[40.7846,40.5496],[40.586,40.2906],[40.1214,40.3554],[39.7662,40.0964],[38.9253,40.2906],[38.2834,40.2259],[38.0101,39.967],[37.169,39.5789],[36.1283,39.4496],[35.9547,39.3203],[35.8053,39.385],[35.4669,39.1911],[35.3651,38.9972],[35.0584,39.0618],[35.0027,39.2557],[34.6956,39.3203],[34.6093,39.2557],[34.6654,39.0618],[34.4002,38.8034],[33.7079,38.9326],[33.5942,38.6097],[33.2805,38.6097],[33.1613,38.2224],[33.4341,37.8352],[33.3427,37.7062],[33.6551,37.7062],[33.7066,37.4483],[33.9339,37.3838],[33.9141,37.1904],[34.2124,37.0615],[34.335,36.7393],[34.5816,36.8682],[34.8929,36.8682],[34.9352,36.726],[35.1127,36.7393],[35.4875,36.6106],[35.8336,36.9326],[36.1449,36.9326],[36.2862,36.8037],[36.2649,36.6105],[35.8417,36.2884],[35.9901,36.224],[35.9767,36.001],[35.8449,35.5802],[35.9929,35.5158],[35.9153,35.2879],[35.9624,35.1979],[35.927,34.8723],[36.0682,34.7436],[36.0488,34.5506],[35.7921,34.2933],[35.6652,34.3113],[35.6838,33.9718],[35.4705,33.9021],[35.4993,33.6502],[35.3944,33.65],[35.3984,33.3931],[35.2154,33.0716],[35.089,33.0205],[35.0218,32.6216],[34.8851,32.4821],[34.7926,32.161],[34.813,31.9789],[34.6909,31.9134],[34.6028,31.7558],[34.6334,31.6575],[34.3076,31.4005],[34.2972,31.2719],[33.7493,31.0791],[32.8317,31.0148],[32.8055,31.0655],[32.6665,31.0523],[32.7907,31.0941],[32.5322,31.0791],[32.3894,31.2076],[32.2625,31.1696],[32.3039,31.0791],[31.9996,31.0791],[31.9063,31.2516],[31.7806,31.2076],[31.8077,31.2812],[31.7691,31.2988],[31.8741,31.4647],[31.2658,31.4647],[31.1215,31.5275],[31.0291,31.5185],[30.9807,31.4365],[30.7985,31.4465],[30.7344,31.3881],[30.5427,31.395],[30.6916,31.4647],[30.352,31.4647],[30.3019,31.3422],[30.3388,31.2719],[30.2887,31.2379],[29.9904,31.2719],[29.8315,31.1513],[29.8696,31.0791],[29.6332,30.9506],[29.5543,30.9848],[29.4481,30.9336],[29.3971,30.822],[29.017,30.822],[28.6945,29.1509],[28.6189,29.1509],[28.6054,28.8938],[28.451,28.8295],[28.5233,28.7652],[28.4665,27.6081],[28.3912,27.6081],[28.4458,27.158],[28.3707,27.158],[28.3426,26.5151],[28.2675,26.5151]],[[34.9635,29.5941],[34.967,29.6081],[34.9898,29.652],[34.9635,29.5941]],[[35.4529,31.4008],[35.4585,31.4916],[35.4587,31.4916],[35.4593,31.4958],[35.4529,31.4008]],[[35.552,32.3679],[35.5533,32.3691],[35.5656,32.3134],[35.552,32.3679]],[[35.5568,32.3724],[35.5594,32.3748],[35.5656,32.3679],[35.5568,32.3724]],[[35.5585,32.5191],[35.5614,32.5192],[35.5674,32.5102],[35.5585,32.5191]],[[35.5594,32.4704],[35.5626,32.4747],[35.5725,32.4567],[35.5594,32.4704]],[[35.5688,32.4829],[35.5778,32.4948],[35.58,32.4915],[35.5688,32.4829]],[[35.7716,32.7467],[35.7749,32.7473],[35.7882,32.7344],[35.7716,32.7467]],[[36.2318,33.8525],[36.3178,33.8272],[36.3006,33.8287],[36.2318,33.8525]],[[36.2672,33.9104],[36.2886,33.9465],[36.2691,33.9073],[36.2672,33.9104]],[[36.2699,33.906],[36.3111,33.872],[36.2753,33.8972],[36.2699,33.906]],[[36.6665,36.2657],[36.6691,36.2599],[36.6681,36.2532],[36.6665,36.2657]],[[36.6896,32.3197],[36.7069,32.3283],[36.7231,32.3266],[36.6896,32.3197]],[[42.7157,37.3553],[42.7805,37.3755],[42.788,37.3732],[42.7157,37.3553]],[[42.7951,37.371],[42.8011,37.3691],[42.8141,37.3468],[42.7951,37.371]],[[44.5699,37.5144],[44.5732,37.5275],[44.5793,37.477],[44.5699,37.5144]],[[44.692,39.793],[44.7746,39.7028],[44.7769,39.6984],[44.692,39.793]],[[44.7525,37.1131],[44.7649,37.1394],[44.7544,37.1084],[44.7525,37.1131]],[[44.8011,39.653],[44.8085,39.6391],[44.807,39.6399],[44.8011,39.653]],[[44.814,39.6362],[44.8723,39.6251],[44.8278,39.6288],[44.814,39.6362]],[[44.8666,36.7801],[44.9227,36.7759],[44.8772,36.7765],[44.8666,36.7801]],[[44.9962,36.7417],[45.0353,36.6896],[45.0373,36.6808],[44.9962,36.7417]],[[45.0355,36.633],[45.0426,36.6569],[45.0443,36.6493],[45.0355,36.633]],[[45.0382,36.494],[45.0608,36.4472],[45.0391,36.4798],[45.0382,36.494]],[[45.0791,36.4197],[45.1108,36.4025],[45.0837,36.4128],[45.0791,36.4197]],[[45.0922,39.3444],[45.096,39.3411],[45.1358,39.2785],[45.0922,39.3444]],[[45.1108,36.4025],[45.196,36.4224],[45.2213,36.4209],[45.1108,36.4025]],[[45.753,39.5635],[45.7655,39.5616],[45.7739,39.5549],[45.753,39.5635]],[[48.1351,30.4429],[48.1409,30.4419],[48.1705,30.4067],[48.1351,30.4429]],[[48.291,30.32],[48.2964,30.3198],[48.3014,30.3149],[48.291,30.32]],[[48.3292,30.2876],[48.397,30.221],[48.4026,30.2088],[48.3292,30.2876]],[[48.3811,30.1453],[48.3832,30.1481],[48.3831,30.1424],[48.3811,30.1453]],[[48.4082,30.1885],[48.4085,30.1961],[48.4106,30.1915],[48.4082,30.1885]],[[48.4239,30.0836],[48.4618,29.9949],[48.4531,30.0014],[48.4239,30.0836]]],[[[30.1795,31.2714],[30.1849,31.2719],[30.1795,31.2719],[30.1795,31.2714]]],[[[30.2409,31.2653],[30.2648,31.2719],[30.2479,31.2719],[30.2409,31.2653]]],[[[30.9691,31.5785],[30.9739,31.5799],[30.9739,31.5867],[30.9695,31.5854],[30.9691,31.5785]]],[[[30.978,31.5843],[31.119,31.5305],[31.1608,31.5935],[30.978,31.5843]]],[[[33.9551,26.79],[34.0036,26.7082],[34.0029,26.7316],[33.9756,26.79],[33.9551,26.79]]],[[[34.2319,27.7697],[34.2509,27.7642],[34.2573,27.7695],[34.2319,27.7697]]],[[[48.0108,29.9805],[48.0311,29.971],[48.0789,30.0041],[48.1061,30.0176],[48.1092,30.028],[48.0547,30.0245],[48.0108,29.9805]]],[[[48.0461,29.8005],[48.1858,29.6039],[48.3527,29.7098],[48.3445,29.7906],[48.1621,29.9957],[48.1227,29.9697],[48.1974,29.9254],[48.0951,29.8947],[48.1133,29.8391],[48.0461,29.8005]]],[[[48.9212,30.3808],[48.972,30.3642],[48.9893,30.3977],[48.9486,30.4011],[48.9318,30.3972],[48.9212,30.3808]]],[[[46.8832,34.8723],[46.9603,34.8723],[46.9697,34.9366],[46.8925,34.9366],[46.8832,34.8723]]],[[[32.2717,35.0728],[32.3294,34.8864],[32.459,34.7219],[32.7099,34.6458],[32.9136,34.6567],[32.9425,34.5794],[33.0303,34.5685],[33.0156,34.6344],[33.0864,34.6948],[33.2601,34.7005],[33.5917,34.8203],[33.7015,34.9729],[34.0685,34.9979],[33.9431,35.0653],[34.0123,35.0638],[33.8999,35.1645],[33.9121,35.26],[34.5384,35.671],[33.6603,35.3593],[33.4275,35.3289],[32.9231,35.3871],[32.9294,35.233],[32.8652,35.157],[32.6897,35.1839],[32.4138,35.043],[32.2717,35.0728]],[[33.7592,34.9887],[33.7911,34.9824],[33.7874,34.98],[33.7592,34.9887]],[[32.712,35.1731],[32.7315,35.1432],[32.7127,35.1634],[32.712,35.1731]],[[33.4666,35.0051],[33.4675,35.0126],[33.4768,35.0027],[33.4666,35.0051]],[[33.6195,35.0168],[33.7115,34.9856],[33.7029,34.9879],[33.6195,35.0168]],[[33.6794,35.0349],[33.7022,35.0223],[33.6794,35.0339],[33.6794,35.0349]],[[33.6966,35.009],[33.7022,35.0223],[33.7002,35.0067],[33.6966,35.009]],[[33.8412,35.0511],[33.8801,35.0731],[33.8551,35.0534],[33.8412,35.0511]]],[[[35.884,39.385],[35.9628,39.385],[35.9708,39.4496],[35.8921,39.4496],[35.884,39.385]]]]}},{"type":"Feature","properties":{"territoryId":"cliopatria-q10914393-eb81b2e3a5","name":"Neo-Assyrian Empire","name_ko":"신아시리아 제국","color":"#3eea8a","colorFamily":2,"startYear":-614,"endYear":-600,"source_name":"Cliopatria v0.2.0","source_url":"https://github.com/Seshat-Global-History-Databank/cliopatria","license":"CC BY 4.0","attribution":"Seshat Global History Databank, Cliopatria contributors"},"geometry":{"type":"Polygon","coordinates":[[[33.2929,31.0791],[33.5734,29.7294],[33.7824,29.4723],[33.769,29.2795],[33.9781,29.0224],[34.1614,28.3795],[34.4394,28.0609],[34.4102,28.32],[34.6245,28.736],[34.7366,29.3113],[34.9572,29.569],[34.9978,29.518],[34.9629,29.3671],[35.4282,29.2152],[35.8063,29.2152],[35.7699,29.7294],[35.876,30.1151],[35.9518,30.1151],[36.0697,30.6292],[36.4009,30.9506],[36.2709,31.2076],[36.4231,31.2076],[36.3866,31.6575],[36.4629,31.6575],[36.4919,31.9789],[36.6564,32.1074],[36.5155,32.236],[36.7507,32.3002],[36.6984,32.5574],[36.4751,32.6216],[36.5698,32.8145],[36.5055,32.943],[36.8369,33.2002],[36.6962,33.3288],[36.7279,33.6502],[37.0546,33.8432],[37.2347,34.1004],[37.3885,34.1004],[37.325,34.229],[38.1787,35.001],[38.8036,35.0653],[39.0904,34.8723],[39.2521,34.9366],[39.5459,34.8079],[39.6082,34.6793],[40.4183,34.3577],[40.4728,34.1647],[40.8499,34.1004],[40.9117,33.9718],[41.2116,33.9075],[41.4886,33.6502],[42.5783,33.1359],[42.7085,32.943],[43.1526,32.8145],[43.3514,32.5574],[43.9102,32.7502],[44.2084,32.6859],[44.1716,33.0073],[43.9657,33.2002],[44.2805,33.2645],[44.4231,33.7789],[44.5936,33.9075],[45.1574,34.1004],[45.5002,34.3577],[46.1342,34.4863],[46.2751,34.9366],[46.8925,34.9366],[47.1716,35.2584],[47.2101,35.5158],[47.1327,35.5158],[47.1618,35.7089],[46.8618,35.7733],[46.8038,35.902],[46.2223,36.1596],[45.9896,36.1596],[45.9313,36.2884],[45.8536,36.2884],[45.5039,36.546],[45.3485,36.546],[45.3093,36.8037],[44.9203,36.8037],[44.842,37.3193],[44.6276,37.4483],[44.5889,37.7062],[44.306,37.8998],[44.4545,38.3515],[43.2807,38.868],[43.2224,38.9972],[42.8981,38.9326],[42.6823,39.0618],[42.005,38.7389],[41.7696,38.7389],[41.7198,38.9326],[41.4842,38.9326],[41.3867,38.8034],[40.8465,38.868],[40.7494,38.7389],[40.1126,38.6743],[40.0162,38.5451],[39.4762,38.6097],[39.1807,38.1578],[38.8677,38.1578],[38.658,38.3515],[38.423,38.3515],[38.3116,38.0933],[38.147,38.0288],[37.8422,38.0933],[37.5776,38.4806],[37.2802,38.6097],[37.3047,38.8034],[36.7472,38.7389],[36.5508,38.416],[36.4175,38.6097],[36.2607,38.6097],[36.0579,38.2224],[35.6442,38.0288],[35.6221,37.8352],[35.3168,37.8998],[35.2242,37.7707],[34.9899,37.7707],[34.9617,37.5128],[34.8837,37.5128],[34.8628,37.3193],[35.1677,37.2549],[35.069,37.0615],[35.211,36.9326],[35.1195,36.8037],[34.8861,36.8037],[34.9257,36.7243],[35.1127,36.7393],[35.4875,36.6106],[35.8336,36.9326],[36.1449,36.9326],[36.2862,36.8037],[36.2649,36.6105],[35.8486,36.3528],[35.9901,36.224],[35.9559,35.902],[35.8816,35.8692],[35.9156,35.5158],[36.2318,35.5802],[36.373,35.4514],[36.3527,35.2584],[36.1849,35.1297],[36.165,34.9366],[36.3128,34.8723],[36.2029,34.5506],[36.2799,34.5506],[36.2347,34.1004],[36.0493,33.7789],[36.0244,33.5217],[35.4452,33.0716],[35.2213,33.1359],[35.2154,33.0716],[35.089,33.0205],[35.0218,32.6216],[34.8851,32.4821],[34.7926,32.161],[34.813,31.9789],[34.6909,31.9134],[34.5466,31.529],[34.3076,31.4005],[34.2972,31.2719],[33.9826,31.1434],[33.2929,31.0791]],[[34.9635,29.5941],[34.967,29.6081],[34.9898,29.652],[34.9635,29.5941]],[[35.4529,31.4008],[35.4585,31.4916],[35.4587,31.4916],[35.4593,31.4958],[35.4529,31.4008]],[[35.552,32.3679],[35.5533,32.3691],[35.5656,32.3134],[35.552,32.3679]],[[35.5568,32.3724],[35.5594,32.3748],[35.5656,32.3679],[35.5568,32.3724]],[[35.5585,32.5191],[35.5614,32.5192],[35.5674,32.5102],[35.5585,32.5191]],[[35.5594,32.4704],[35.5626,32.4747],[35.5725,32.4567],[35.5594,32.4704]],[[35.5688,32.4829],[35.5778,32.4948],[35.58,32.4915],[35.5688,32.4829]],[[35.7716,32.7467],[35.7749,32.7473],[35.7882,32.7344],[35.7716,32.7467]],[[36.2318,33.8525],[36.3178,33.8272],[36.3006,33.8287],[36.2318,33.8525]],[[36.2672,33.9104],[36.2886,33.9465],[36.2691,33.9073],[36.2672,33.9104]],[[36.2699,33.906],[36.3111,33.872],[36.2753,33.8972],[36.2699,33.906]],[[36.6665,36.2657],[36.6691,36.2599],[36.6681,36.2532],[36.6665,36.2657]],[[36.6896,32.3197],[36.7069,32.3283],[36.7231,32.3266],[36.6896,32.3197]],[[42.7157,37.3553],[42.7805,37.3755],[42.788,37.3732],[42.7157,37.3553]],[[42.7951,37.371],[42.8011,37.3691],[42.8141,37.3468],[42.7951,37.371]],[[44.5699,37.5144],[44.5732,37.5275],[44.5793,37.477],[44.5699,37.5144]],[[44.7525,37.1131],[44.7649,37.1394],[44.7544,37.1084],[44.7525,37.1131]],[[44.8666,36.7801],[44.9227,36.7759],[44.8772,36.7765],[44.8666,36.7801]],[[44.9962,36.7417],[45.0353,36.6896],[45.0373,36.6808],[44.9962,36.7417]],[[45.0355,36.633],[45.0426,36.6569],[45.0443,36.6493],[45.0355,36.633]],[[45.0382,36.494],[45.0608,36.4472],[45.0391,36.4798],[45.0382,36.494]],[[45.0791,36.4197],[45.1108,36.4025],[45.0837,36.4128],[45.0791,36.4197]],[[45.1108,36.4025],[45.196,36.4224],[45.2213,36.4209],[45.1108,36.4025]]]}},{"type":"Feature","properties":{"territoryId":"cliopatria-q135364-98dd2e622e","name":"Olmec Civilization","name_ko":"올메크","color":"#4b8fdd","colorFamily":0,"startYear":-649,"endYear":-366,"source_name":"Cliopatria v0.2.0","source_url":"https://github.com/Seshat-Global-History-Databank/cliopatria","license":"CC BY 4.0","attribution":"Seshat Global History Databank, Cliopatria contributors"},"geometry":{"type":"MultiPolygon","coordinates":[[[[-95.9548,18.6076],[-95.9325,18.4791],[-95.4559,18.2862],[-95.1057,17.9648],[-94.2295,17.579],[-93.6602,17.7076],[-93.6814,17.8362],[-92.7855,18.2219],[-92.6916,18.5434],[-92.7583,18.5381],[-92.8557,18.466],[-92.9398,18.4457],[-93.1011,18.4431],[-93.1376,18.4289],[-93.0884,18.3928],[-93.1148,18.3748],[-93.1073,18.3686],[-93.1285,18.3406],[-93.1217,18.3891],[-93.1605,18.369],[-93.1764,18.3777],[-93.1831,18.4089],[-93.1558,18.4431],[-93.5524,18.4294],[-93.782,18.353],[-93.8396,18.3185],[-93.8478,18.2997],[-93.6026,18.411],[-93.5764,18.4119],[-93.5666,18.3891],[-93.5928,18.345],[-93.6572,18.3333],[-93.6776,18.3364],[-93.6839,18.3549],[-93.7386,18.3406],[-93.7625,18.3239],[-93.7591,18.2922],[-93.7811,18.2728],[-93.8783,18.2569],[-93.8854,18.2761],[-93.8615,18.3065],[-94.1349,18.208],[-94.4669,18.1442],[-94.5809,18.1898],[-94.6087,18.2459],[-94.6952,18.1576],[-94.9168,18.1576],[-95.3413,18.4791],[-95.4891,18.4791],[-95.5113,18.6076],[-95.3747,18.6719],[-95.4007,18.7066],[-95.5836,18.7217],[-95.6642,18.751],[-95.7328,18.8],[-95.7284,18.7572],[-95.5683,18.6833],[-95.585,18.6697],[-95.6469,18.7106],[-95.7747,18.744],[-95.852,18.7168],[-95.8729,18.7461],[-95.9548,18.6076]]],[[[-95.8654,18.7588],[-95.8074,18.7447],[-95.8074,18.7521],[-95.851,18.7832],[-95.8654,18.7588]]],[[[-95.8053,18.8005],[-95.7528,18.7658],[-95.7528,18.8],[-95.7537,18.8005],[-95.8053,18.8005]]]]}},{"type":"Feature","properties":{"territoryId":"cliopatria-q41642-5b1186f2a7","name":"Phoenicia","name_ko":"페니키아","color":"#eabc3e","colorFamily":1,"startYear":-674,"endYear":-650,"source_name":"Cliopatria v0.2.0","source_url":"https://github.com/Seshat-Global-History-Databank/cliopatria","license":"CC BY 4.0","attribution":"Seshat Global History Databank, Cliopatria contributors"},"geometry":{"type":"MultiPolygon","coordinates":[[[[12.8608,32.8133],[12.9164,32.6216],[13.7577,32.6216],[14.4419,32.3002],[14.5183,32.3002],[14.593,32.1717],[14.9022,32.4288],[14.7493,32.4288],[14.7368,32.4504],[14.6316,32.4957],[14.5142,32.5126],[14.4444,32.4931],[14.0979,32.7281],[13.973,32.7502],[13.7591,32.7502],[13.7596,32.7939],[13.5715,32.8028],[13.4068,32.8788],[13.0987,32.8788],[12.8608,32.8133]]],[[[10.5416,35.5158],[10.6192,35.3227],[11.0058,35.4514],[11.0057,35.3871],[11.0469,35.3871],[11.0577,35.4867],[11.0831,35.5053],[11.0392,35.5185],[11.0149,35.5552],[11.0169,35.5986],[10.851,35.6445],[10.851,35.6954],[10.8245,35.7334],[10.8403,35.7644],[10.5416,35.5158]]],[[[9.8397,36.7393],[10.2295,36.4172],[10.2299,36.2884],[10.4846,36.2356],[10.5077,36.3052],[10.4625,36.4172],[11.0062,36.8037],[11.0063,36.9971],[10.8751,36.9971],[10.5396,36.7393],[10.5082,36.7523],[10.437,36.7288],[10.3553,36.7312],[10.3201,36.7488],[10.2721,36.8161],[10.2472,36.7863],[10.1885,36.7976],[10.2107,36.8319],[10.2529,36.8463],[10.2796,36.8443],[10.2721,36.8291],[10.2988,36.8218],[10.3094,36.8346],[10.2282,36.8682],[9.9175,36.7393],[9.8397,36.7393]]],[[[7.2715,36.8682],[7.6651,36.546],[7.9057,36.8501],[7.8099,36.8681],[7.7734,36.89],[7.7912,36.9184],[7.7747,36.9326],[7.6596,36.9326],[7.6589,36.9844],[7.5889,36.9876],[7.5388,37.0218],[7.3463,37.0615],[7.2715,36.8682]]],[[[10.228,36.9326],[10.2282,36.8682],[10.306,36.8682],[10.3058,36.9218],[10.228,36.9326]]],[[[8.8429,36.9903],[8.9827,36.9326],[8.9833,36.8682],[9.2954,36.7393],[9.6828,36.9971],[9.9945,36.9326],[10.0716,37.126],[10.1804,37.081],[10.2175,37.1103],[10.2244,37.0959],[10.2271,37.1177],[10.2113,37.1376],[10.1616,37.1343],[10.1281,37.1587],[10.178,37.178],[10.2058,37.1751],[10.2113,37.1587],[10.2273,37.1639],[10.2272,37.1949],[10.1501,37.2337],[9.9934,37.1904],[9.925,37.213],[9.9143,37.1783],[9.8799,37.1501],[9.8159,37.1518],[9.7718,37.2133],[9.8157,37.2491],[9.6158,37.3151],[9.0595,37.0615],[8.9723,37.0975],[8.9258,37.0389],[8.8429,36.9903]]],[[[9.8196,37.2276],[9.8612,37.2338],[9.906,37.2193],[9.842,37.2404],[9.8196,37.2276]]]]}},{"type":"Feature","properties":{"territoryId":"cliopatria-q41642-5b1186f2a7","name":"Phoenicia","name_ko":"페니키아","color":"#eabc3e","colorFamily":1,"startYear":-649,"endYear":-615,"source_name":"Cliopatria v0.2.0","source_url":"https://github.com/Seshat-Global-History-Databank/cliopatria","license":"CC BY 4.0","attribution":"Seshat Global History Databank, Cliopatria contributors"},"geometry":{"type":"MultiPolygon","coordinates":[[[[12.8608,32.8133],[12.9164,32.6216],[13.7577,32.6216],[14.4419,32.3002],[14.5183,32.3002],[14.593,32.1717],[14.9022,32.4288],[14.7493,32.4288],[14.7368,32.4504],[14.6316,32.4957],[14.5142,32.5126],[14.4444,32.4931],[14.0979,32.7281],[13.973,32.7502],[13.7591,32.7502],[13.7596,32.7939],[13.5715,32.8028],[13.4068,32.8788],[13.0987,32.8788],[12.8608,32.8133]]],[[[-7.8746,33.5213],[-7.4735,33.2645],[-7.3335,33.4574],[-6.805,33.5859],[-6.9674,33.7146],[-6.9807,33.9085],[-7.0995,33.8403],[-7.2293,33.8009],[-7.3526,33.7247],[-7.4064,33.727],[-7.5291,33.6326],[-7.6062,33.6083],[-7.6648,33.6125],[-7.701,33.5827],[-7.8746,33.5213]]],[[[10.5416,35.5158],[10.6192,35.3227],[11.0058,35.4514],[11.0057,35.3871],[11.0469,35.3871],[11.0577,35.4867],[11.0831,35.5053],[11.0392,35.5185],[11.0149,35.5552],[11.0169,35.5986],[10.851,35.6445],[10.851,35.6954],[10.8245,35.7334],[10.8403,35.7644],[10.5416,35.5158]]],[[[7.2715,36.8682],[7.6651,36.546],[7.9057,36.8501],[7.8099,36.8681],[7.7734,36.89],[7.7912,36.9184],[7.7747,36.9326],[7.6596,36.9326],[7.6589,36.9844],[7.5889,36.9876],[7.5388,37.0218],[7.3463,37.0615],[7.2715,36.8682]]],[[[8.8429,36.9903],[8.9827,36.9326],[8.9833,36.8682],[9.2954,36.7393],[9.6828,36.9971],[9.9945,36.9326],[10.0716,37.126],[10.1804,37.081],[10.2175,37.1103],[10.2244,37.0959],[10.2271,37.1177],[10.2113,37.1376],[10.1616,37.1343],[10.1281,37.1587],[10.178,37.178],[10.2058,37.1751],[10.2113,37.1587],[10.2273,37.1639],[10.2272,37.1949],[10.1501,37.2337],[9.9934,37.1904],[9.925,37.213],[9.9143,37.1783],[9.8799,37.1501],[9.8159,37.1518],[9.7718,37.2133],[9.8157,37.2491],[9.6158,37.3151],[9.0595,37.0615],[8.9723,37.0975],[8.9258,37.0389],[8.8429,36.9903]]],[[[9.8196,37.2276],[9.8612,37.2338],[9.906,37.2193],[9.842,37.2404],[9.8196,37.2276]]]]}},{"type":"Feature","properties":{"territoryId":"cliopatria-q41642-5b1186f2a7","name":"Phoenicia","name_ko":"페니키아","color":"#eabc3e","colorFamily":1,"startYear":-614,"endYear":-530,"source_name":"Cliopatria v0.2.0","source_url":"https://github.com/Seshat-Global-History-Databank/cliopatria","license":"CC BY 4.0","attribution":"Seshat Global History Databank, Cliopatria contributors"},"geometry":{"type":"MultiPolygon","coordinates":[[[[-7.8746,33.5213],[-7.4735,33.2645],[-7.3335,33.4574],[-6.805,33.5859],[-6.9674,33.7146],[-6.9807,33.9085],[-7.3526,33.7247],[-7.4064,33.727],[-7.5291,33.6326],[-7.6648,33.6125],[-7.8746,33.5213]]],[[[-6.2475,36.6105],[-6.2008,36.5122],[-6.1794,36.5135],[-6.1942,36.4983],[-6.0625,36.224],[-5.8311,36.224],[-5.5848,36.0308],[-5.5162,36.1596],[-5.315,36.2164],[-5.2282,36.4816],[-4.6888,36.546],[-4.4686,36.7393],[-3.8507,36.8037],[-4.5551,36.8682],[-5.3104,36.546],[-5.3059,36.4816],[-5.4521,36.3528],[-5.9179,36.3528],[-6.2475,36.6105]]],[[[7.2715,36.8682],[7.6651,36.546],[7.9057,36.8501],[7.7734,36.89],[7.7747,36.9326],[7.6596,36.9326],[7.6589,36.9844],[7.3463,37.0615],[7.2715,36.8682]]],[[[12.5706,37.9643],[12.7264,37.8998],[12.8063,38.0933],[12.5711,38.0288],[12.5706,37.9643]]],[[[1.2204,38.9553],[1.2529,38.8623],[1.2835,38.8746],[1.4031,38.8323],[1.4147,38.8906],[1.5098,38.9302],[1.6231,39.0292],[1.606,39.0913],[1.5227,39.1189],[1.3568,39.0776],[1.2928,39.0333],[1.301,38.9678],[1.2204,38.9553]]],[[[8.3533,39.0556],[8.3958,38.985],[8.4394,38.976],[8.4839,39.0698],[8.3701,39.1131],[8.3533,39.0556]]],[[[8.374,39.3789],[8.4321,39.3018],[8.3962,39.2557],[8.4095,39.1693],[8.4828,39.0804],[8.5181,39.0834],[8.5044,39.0629],[8.5596,39.0567],[8.5801,38.9605],[8.8698,38.8877],[9.0032,38.9941],[9.0183,39.1461],[9.0798,39.2246],[9.0379,39.2271],[9.0139,39.2639],[9.166,39.1871],[9.2163,39.228],[9.3563,39.1911],[9.3554,39.3203],[9.1183,39.4496],[8.7259,39.3203],[8.7182,40.0964],[8.4791,40.2906],[8.4596,40.216],[8.49,40.1045],[8.4686,40.0622],[8.3772,40.0338],[8.4071,40.0222],[8.4004,39.9361],[8.5453,39.8786],[8.5488,39.8072],[8.5181,39.7625],[8.5453,39.7829],[8.5044,39.7215],[8.5658,39.7011],[8.5169,39.7021],[8.4719,39.7514],[8.444,39.7048],[8.4634,39.5769],[8.3869,39.4698],[8.405,39.4272],[8.374,39.3789]]],[[[12.8608,32.8133],[12.9164,32.6216],[13.7577,32.6216],[14.4419,32.3002],[14.5183,32.3002],[14.593,32.1717],[14.9022,32.4288],[14.7493,32.4288],[14.6316,32.4957],[14.5142,32.5126],[14.4444,32.4931],[14.0979,32.7281],[13.7591,32.7502],[13.7596,32.7939],[13.5715,32.8028],[13.4068,32.8788],[13.0987,32.8788],[12.8608,32.8133]]],[[[35.2213,33.1359],[35.4452,33.0716],[36.0244,33.5217],[36.0493,33.7789],[36.2347,34.1004],[36.2799,34.5506],[36.2029,34.5506],[36.3128,34.8723],[36.165,34.9366],[36.1849,35.1297],[36.3527,35.2584],[36.373,35.4514],[36.2318,35.5802],[35.9929,35.5158],[35.9153,35.2879],[35.9624,35.1979],[35.927,34.8723],[36.0682,34.7436],[36.0488,34.5506],[35.7921,34.2933],[35.7127,34.3279],[35.6652,34.3113],[35.6838,33.9718],[35.5909,33.9466],[35.572,33.91],[35.4705,33.9021],[35.4993,33.6502],[35.3944,33.65],[35.3653,33.5547],[35.3984,33.3931],[35.2272,33.2002],[35.2213,33.1359]]],[[[33.2382,35.001],[33.292,34.7436],[33.3939,34.7436],[33.4002,34.7734],[33.4387,34.7628],[33.6056,34.8218],[33.6541,34.9447],[33.7015,34.9729],[34.067,35.001],[34.022,35.057],[33.9431,35.0653],[34.0123,35.0638],[33.8999,35.1645],[33.9224,35.2734],[33.8086,35.3227],[33.4768,35.0027],[33.2382,35.001]],[[33.7592,34.9887],[33.7911,34.9824],[33.7874,34.98],[33.7592,34.9887]],[[33.6195,35.0168],[33.7115,34.9856],[33.7029,34.9879],[33.6195,35.0168]],[[33.6794,35.0349],[33.7022,35.0223],[33.6794,35.0339],[33.6794,35.0349]],[[33.6966,35.009],[33.7022,35.0223],[33.7002,35.0067],[33.6966,35.009]],[[33.8412,35.0511],[33.8801,35.0731],[33.8551,35.0534],[33.8412,35.0511]]],[[[14.3384,35.9455],[14.3457,35.8759],[14.3815,35.843],[14.5275,35.8012],[14.5618,35.8298],[14.5078,35.9285],[14.3494,35.9731],[14.3773,35.9936],[14.3389,35.9793],[14.3384,35.9455]]],[[[13.0397,37.9643],[13.6652,37.9643],[13.5096,38.0288],[13.5104,38.0933],[13.1199,38.1578],[13.0397,37.9643]]]]}},{"type":"Feature","properties":{"territoryId":"cliopatria-q1094394-816d0a9d3d","name":"Phoenician Colonies","name_ko":"페니키아 식민도시들","color":"#ec51a9","colorFamily":3,"startYear":-674,"endYear":-650,"source_name":"Cliopatria v0.2.0","source_url":"https://github.com/Seshat-Global-History-Databank/cliopatria","license":"CC BY 4.0","attribution":"Seshat Global History Databank, Cliopatria contributors"},"geometry":{"type":"MultiPolygon","coordinates":[[[[14.3384,35.9455],[14.3457,35.8759],[14.3815,35.843],[14.5275,35.8012],[14.548,35.836],[14.5618,35.8298],[14.548,35.89],[14.5139,35.9008],[14.5078,35.9285],[14.4451,35.9604],[14.3494,35.9731],[14.3773,35.9936],[14.3389,35.9793],[14.3384,35.9455]]],[[[-6.2475,36.6105],[-6.2008,36.5122],[-6.1794,36.5135],[-6.1942,36.4983],[-6.0625,36.224],[-5.8311,36.224],[-5.5848,36.0308],[-5.5162,36.1596],[-5.315,36.2164],[-5.2853,36.2608],[-5.2906,36.2774],[-5.2734,36.2866],[-5.2282,36.4816],[-4.6888,36.546],[-4.4686,36.7393],[-3.8507,36.8037],[-4.5551,36.8682],[-5.3104,36.546],[-5.3059,36.4816],[-5.4521,36.3528],[-5.9179,36.3528],[-6.2475,36.6105]]],[[[12.5706,37.9643],[12.7264,37.8998],[12.8063,38.0933],[12.5711,38.0288],[12.5706,37.9643]]],[[[13.0397,37.9643],[13.6652,37.9643],[13.5096,38.0288],[13.5104,38.0933],[13.3914,38.1032],[13.3863,38.1138],[13.1199,38.1578],[13.0397,37.9643]]],[[[8.3533,39.0556],[8.3958,38.985],[8.4394,38.976],[8.4593,39.0498],[8.4839,39.0698],[8.4631,39.0653],[8.4446,39.1027],[8.3701,39.1131],[8.3533,39.0556]]],[[[8.374,39.3789],[8.4172,39.339],[8.4321,39.3018],[8.3962,39.2557],[8.4118,39.2557],[8.3961,39.2021],[8.4095,39.1693],[8.4188,39.1773],[8.4354,39.166],[8.4422,39.1181],[8.4651,39.1195],[8.4828,39.0804],[8.5181,39.0834],[8.5044,39.0629],[8.5596,39.0567],[8.5801,38.9605],[8.6033,38.9649],[8.6153,38.9399],[8.6964,38.9233],[8.7166,38.9326],[8.8698,38.8877],[9.0032,38.9941],[9.0293,39.0826],[9.0183,39.1461],[9.0798,39.2246],[9.0379,39.2271],[9.0139,39.2639],[9.073,39.2485],[9.1369,39.1943],[9.166,39.1871],[9.2163,39.228],[9.2922,39.2213],[9.3563,39.1911],[9.3554,39.3203],[9.1183,39.4496],[8.7259,39.3203],[8.7182,40.0964],[8.4791,40.2906],[8.4596,40.216],[8.4634,40.1632],[8.49,40.1045],[8.4686,40.0622],[8.3772,40.0338],[8.4071,40.0222],[8.3945,39.9884],[8.4004,39.9361],[8.5234,39.8989],[8.5453,39.8786],[8.5488,39.8072],[8.5181,39.7625],[8.5453,39.7829],[8.5044,39.7215],[8.5658,39.7011],[8.5169,39.7021],[8.4719,39.7514],[8.444,39.7048],[8.4634,39.5769],[8.3869,39.4698],[8.405,39.4272],[8.374,39.3789]]]]}},{"type":"Feature","properties":{"territoryId":"cliopatria-q1094394-816d0a9d3d","name":"Phoenician Colonies","name_ko":"페니키아 식민도시들","color":"#ec51a9","colorFamily":3,"startYear":-649,"endYear":-630,"source_name":"Cliopatria v0.2.0","source_url":"https://github.com/Seshat-Global-History-Databank/cliopatria","license":"CC BY 4.0","attribution":"Seshat Global History Databank, Cliopatria contributors"},"geometry":{"type":"MultiPolygon","coordinates":[[[[33.2382,35.001],[33.292,34.7436],[33.3939,34.7436],[33.4002,34.7734],[33.4152,34.7585],[33.4387,34.7628],[33.5132,34.7855],[33.5442,34.815],[33.6056,34.8218],[33.6326,34.8525],[33.6541,34.9447],[33.7015,34.9729],[33.7809,34.9763],[33.7592,34.9887],[33.8126,34.9676],[33.8557,35.001],[34.067,35.001],[34.022,35.057],[33.9431,35.0653],[34.0123,35.0638],[33.8999,35.1645],[33.9224,35.2734],[33.8086,35.3227],[33.4768,35.0027],[33.2382,35.001]],[[33.7592,34.9887],[33.7911,34.9824],[33.7874,34.98],[33.7592,34.9887]],[[33.6195,35.0168],[33.7115,34.9856],[33.7029,34.9879],[33.6195,35.0168]],[[33.6794,35.0349],[33.7022,35.0223],[33.6794,35.0339],[33.6794,35.0349]],[[33.6966,35.009],[33.7022,35.0223],[33.7002,35.0067],[33.6966,35.009]],[[33.8412,35.0511],[33.8801,35.0731],[33.8551,35.0534],[33.8412,35.0511]]],[[[14.3384,35.9455],[14.3457,35.8759],[14.3815,35.843],[14.5275,35.8012],[14.548,35.836],[14.5618,35.8298],[14.548,35.89],[14.5139,35.9008],[14.5078,35.9285],[14.4451,35.9604],[14.3494,35.9731],[14.3773,35.9936],[14.3389,35.9793],[14.3384,35.9455]]],[[[-6.2475,36.6105],[-6.2008,36.5122],[-6.1794,36.5135],[-6.1942,36.4983],[-6.0625,36.224],[-5.8311,36.224],[-5.5848,36.0308],[-5.5162,36.1596],[-5.315,36.2164],[-5.2853,36.2608],[-5.2906,36.2774],[-5.2734,36.2866],[-5.2282,36.4816],[-4.6888,36.546],[-4.4686,36.7393],[-3.8507,36.8037],[-4.5551,36.8682],[-5.3104,36.546],[-5.3059,36.4816],[-5.4521,36.3528],[-5.9179,36.3528],[-6.2475,36.6105]]],[[[12.5706,37.9643],[12.7264,37.8998],[12.8063,38.0933],[12.5711,38.0288],[12.5706,37.9643]]],[[[13.0397,37.9643],[13.6652,37.9643],[13.5096,38.0288],[13.5104,38.0933],[13.3914,38.1032],[13.3863,38.1138],[13.1199,38.1578],[13.0397,37.9643]]],[[[1.2204,38.9553],[1.2529,38.8623],[1.2835,38.8746],[1.3078,38.8579],[1.3435,38.8624],[1.3706,38.8318],[1.4031,38.8323],[1.4147,38.8906],[1.445,38.9132],[1.4587,38.9001],[1.5098,38.9302],[1.5762,38.9858],[1.5933,39.0202],[1.6231,39.0292],[1.606,39.0913],[1.5227,39.1189],[1.4033,39.0776],[1.3568,39.0776],[1.2928,39.0333],[1.301,38.9678],[1.2204,38.9553]]],[[[8.3533,39.0556],[8.3958,38.985],[8.4394,38.976],[8.4593,39.0498],[8.4839,39.0698],[8.4631,39.0653],[8.4446,39.1027],[8.3701,39.1131],[8.3533,39.0556]]],[[[8.374,39.3789],[8.4172,39.339],[8.4321,39.3018],[8.3962,39.2557],[8.4118,39.2557],[8.3961,39.2021],[8.4095,39.1693],[8.4188,39.1773],[8.4354,39.166],[8.4422,39.1181],[8.4651,39.1195],[8.4828,39.0804],[8.5181,39.0834],[8.5044,39.0629],[8.5596,39.0567],[8.5801,38.9605],[8.6033,38.9649],[8.6153,38.9399],[8.6964,38.9233],[8.7166,38.9326],[8.8698,38.8877],[9.0032,38.9941],[9.0293,39.0826],[9.0183,39.1461],[9.0798,39.2246],[9.0379,39.2271],[9.0139,39.2639],[9.073,39.2485],[9.1369,39.1943],[9.166,39.1871],[9.2163,39.228],[9.2922,39.2213],[9.3563,39.1911],[9.3554,39.3203],[9.1183,39.4496],[8.7259,39.3203],[8.7182,40.0964],[8.4791,40.2906],[8.4596,40.216],[8.4634,40.1632],[8.49,40.1045],[8.4686,40.0622],[8.3772,40.0338],[8.4071,40.0222],[8.3945,39.9884],[8.4004,39.9361],[8.5234,39.8989],[8.5453,39.8786],[8.5488,39.8072],[8.5181,39.7625],[8.5453,39.7829],[8.5044,39.7215],[8.5658,39.7011],[8.5169,39.7021],[8.4719,39.7514],[8.444,39.7048],[8.4634,39.5769],[8.3869,39.4698],[8.405,39.4272],[8.374,39.3789]]]]}},{"type":"Feature","properties":{"territoryId":"cliopatria-q1094394-816d0a9d3d","name":"Phoenician Colonies","name_ko":"페니키아 식민도시들","color":"#ec51a9","colorFamily":3,"startYear":-629,"endYear":-615,"source_name":"Cliopatria v0.2.0","source_url":"https://github.com/Seshat-Global-History-Databank/cliopatria","license":"CC BY 4.0","attribution":"Seshat Global History Databank, Cliopatria contributors"},"geometry":{"type":"MultiPolygon","coordinates":[[[[33.2382,35.001],[33.292,34.7436],[33.3939,34.7436],[33.4002,34.7734],[33.4152,34.7585],[33.4387,34.7628],[33.5132,34.7855],[33.5442,34.815],[33.6056,34.8218],[33.6326,34.8525],[33.6541,34.9447],[33.7015,34.9729],[33.7809,34.9763],[33.7592,34.9887],[33.8126,34.9676],[33.8557,35.001],[34.067,35.001],[34.022,35.057],[33.9431,35.0653],[34.0123,35.0638],[33.8999,35.1645],[33.9224,35.2734],[33.8086,35.3227],[33.4768,35.0027],[33.2382,35.001]],[[33.7592,34.9887],[33.7911,34.9824],[33.7874,34.98],[33.7592,34.9887]],[[33.6195,35.0168],[33.7115,34.9856],[33.7029,34.9879],[33.6195,35.0168]],[[33.6794,35.0349],[33.7022,35.0223],[33.6794,35.0339],[33.6794,35.0349]],[[33.6966,35.009],[33.7022,35.0223],[33.7002,35.0067],[33.6966,35.009]],[[33.8412,35.0511],[33.8801,35.0731],[33.8551,35.0534],[33.8412,35.0511]]],[[[14.3384,35.9455],[14.3457,35.8759],[14.3815,35.843],[14.5275,35.8012],[14.548,35.836],[14.5618,35.8298],[14.548,35.89],[14.5139,35.9008],[14.5078,35.9285],[14.4451,35.9604],[14.3494,35.9731],[14.3773,35.9936],[14.3389,35.9793],[14.3384,35.9455]]],[[[-6.2475,36.6105],[-6.2008,36.5122],[-6.1794,36.5135],[-6.1942,36.4983],[-6.0625,36.224],[-5.8311,36.224],[-5.5848,36.0308],[-5.5162,36.1596],[-5.315,36.2164],[-5.2853,36.2608],[-5.2906,36.2774],[-5.2734,36.2866],[-5.2282,36.4816],[-4.6888,36.546],[-4.4686,36.7393],[-3.8507,36.8037],[-4.5551,36.8682],[-5.3104,36.546],[-5.3059,36.4816],[-5.4521,36.3528],[-5.9179,36.3528],[-6.2475,36.6105]]],[[[12.5706,37.9643],[12.7264,37.8998],[12.8063,38.0933],[12.5711,38.0288],[12.5706,37.9643]]],[[[13.0397,37.9643],[13.6652,37.9643],[13.5096,38.0288],[13.5104,38.0933],[13.3914,38.1032],[13.3863,38.1138],[13.1199,38.1578],[13.0397,37.9643]]],[[[1.2204,38.9553],[1.2529,38.8623],[1.2835,38.8746],[1.3078,38.8579],[1.3435,38.8624],[1.3706,38.8318],[1.4031,38.8323],[1.4147,38.8906],[1.445,38.9132],[1.4587,38.9001],[1.5098,38.9302],[1.5762,38.9858],[1.5933,39.0202],[1.6231,39.0292],[1.606,39.0913],[1.5227,39.1189],[1.4033,39.0776],[1.3568,39.0776],[1.2928,39.0333],[1.301,38.9678],[1.2204,38.9553]]],[[[8.3533,39.0556],[8.3958,38.985],[8.4394,38.976],[8.4593,39.0498],[8.4839,39.0698],[8.4631,39.0653],[8.4446,39.1027],[8.3701,39.1131],[8.3533,39.0556]]],[[[8.374,39.3789],[8.4172,39.339],[8.4321,39.3018],[8.3962,39.2557],[8.4118,39.2557],[8.3961,39.2021],[8.4095,39.1693],[8.4188,39.1773],[8.4354,39.166],[8.4422,39.1181],[8.4651,39.1195],[8.4828,39.0804],[8.5181,39.0834],[8.5044,39.0629],[8.5596,39.0567],[8.5801,38.9605],[8.6033,38.9649],[8.6153,38.9399],[8.6964,38.9233],[8.7166,38.9326],[8.8698,38.8877],[9.0032,38.9941],[9.0293,39.0826],[9.0183,39.1461],[9.0798,39.2246],[9.0379,39.2271],[9.0139,39.2639],[9.073,39.2485],[9.1369,39.1943],[9.166,39.1871],[9.2163,39.228],[9.2922,39.2213],[9.3563,39.1911],[9.3554,39.3203],[9.1183,39.4496],[8.7259,39.3203],[8.7182,40.0964],[8.4791,40.2906],[8.4596,40.216],[8.4634,40.1632],[8.49,40.1045],[8.4686,40.0622],[8.3772,40.0338],[8.4071,40.0222],[8.3945,39.9884],[8.4004,39.9361],[8.5234,39.8989],[8.5453,39.8786],[8.5488,39.8072],[8.5181,39.7625],[8.5453,39.7829],[8.5044,39.7215],[8.5658,39.7011],[8.5169,39.7021],[8.4719,39.7514],[8.444,39.7048],[8.4634,39.5769],[8.3869,39.4698],[8.405,39.4272],[8.374,39.3789]]]]}},{"type":"Feature","properties":{"territoryId":"cliopatria-q1143524-f9185e4bc5","name":"Qi","name_ko":"제나라","color":"#9e3ad9","colorFamily":4,"startYear":-749,"endYear":-550,"source_name":"Cliopatria v0.2.0","source_url":"https://github.com/Seshat-Global-History-Databank/cliopatria","license":"CC BY 4.0","attribution":"Seshat Global History Databank, Cliopatria contributors"},"geometry":{"type":"MultiPolygon","coordinates":[[[[115.4417,36.7393],[115.6357,36.4816],[115.5201,36.224],[115.8017,36.1596],[115.765,35.902],[116.0465,35.8377],[117.3531,36.1596],[119.8951,36.2884],[120.5293,36.4816],[120.7109,36.4239],[120.8069,36.4639],[120.8449,36.4172],[120.8976,36.4172],[120.9063,36.4524],[120.95,36.4592],[120.9363,36.497],[120.9636,36.5479],[120.9275,36.5329],[120.8504,36.6046],[120.7503,36.5408],[120.7506,36.6168],[120.8506,36.6509],[120.9774,36.5899],[121.0425,36.6277],[121.0809,36.6105],[121.1577,36.6686],[121.4017,36.7124],[121.3778,36.7315],[121.4534,36.7574],[121.4595,36.8287],[121.5116,36.8086],[121.6072,36.845],[121.5032,36.7886],[121.5247,36.7543],[121.6227,36.7994],[121.6375,36.8314],[121.6842,36.8428],[121.6494,36.8161],[121.6704,36.8214],[121.786,36.8912],[121.9498,36.9389],[121.9263,36.9936],[122.0492,36.9799],[122.0365,36.8993],[122.0943,36.9509],[122.1429,36.9458],[122.1661,37.0141],[122.1627,36.9458],[122.2659,36.898],[122.1969,36.898],[122.1852,36.8595],[122.3212,36.8231],[122.4364,36.8707],[122.4058,36.9222],[122.5111,36.9351],[122.54,37.0277],[122.4092,37.0063],[122.457,37.0659],[122.4364,37.0898],[122.4539,37.1543],[122.4707,37.1103],[122.5735,37.2601],[122.5497,37.3198],[122.5947,37.2952],[122.5708,37.3448],[122.6847,37.4102],[122.2965,37.4182],[122.2454,37.4597],[122.1832,37.4182],[122.1299,37.4835],[122.1491,37.5098],[122.1211,37.5128],[122.1218,37.5627],[122.0671,37.5627],[122.0256,37.528],[121.9778,37.4717],[121.988,37.4256],[121.9498,37.4256],[121.9378,37.4643],[121.635,37.4813],[121.5874,37.4536],[121.6761,37.4392],[121.5703,37.4287],[121.4769,37.468],[121.3817,37.5661],[121.4298,37.5969],[121.3936,37.6225],[121.354,37.6379],[121.3745,37.6105],[121.3081,37.5812],[121.1716,37.5771],[121.1344,37.6105],[121.138,37.7012],[121.0326,37.7104],[120.9409,37.774],[120.9258,37.8193],[120.738,37.834],[120.3685,37.6947],[120.2157,37.6841],[120.3064,37.6652],[120.3225,37.6324],[120.1876,37.5118],[119.8589,37.3602],[119.8973,37.2494],[119.7706,37.1518],[119.4412,37.1206],[119.2871,37.1373],[119.1455,37.1789],[118.9612,37.2956],[118.9446,37.3781],[118.97,37.5935],[119.0371,37.7221],[119.1201,37.7375],[119.1746,37.7085],[119.2164,37.794],[119.1169,37.8533],[119.0484,37.948],[118.9966,37.9631],[118.9248,38.0578],[118.95,38.0973],[118.7604,38.1551],[118.6549,38.1457],[118.543,38.0683],[118.3829,38.1183],[118.0652,38.1431],[118.0537,38.1733],[117.8372,38.2709],[117.6689,38.4521],[117.6025,38.4806],[117.609,38.5454],[117.5435,38.6213],[117.5596,38.6743],[117.2298,38.6743],[117.1971,38.6097],[116.5955,38.0288],[116.4394,37.7062],[116.2215,37.5773],[115.9611,37.1904],[115.4417,36.7393]]],[[[120.7502,37.8986],[120.7546,37.8967],[120.7549,37.8996],[120.7538,37.8998],[120.7502,37.8986]]]]}},{"type":"Feature","properties":{"territoryId":"cliopatria-q1471995-0331a0045d","name":"Qin","name_ko":"진나라 (秦)","color":"#eb7ab8","colorFamily":3,"startYear":-749,"endYear":-450,"source_name":"Cliopatria v0.2.0","source_url":"https://github.com/Seshat-Global-History-Databank/cliopatria","license":"CC BY 4.0","attribution":"Seshat Global History Databank, Cliopatria contributors"},"geometry":{"type":"Polygon","coordinates":[[[107.9426,34.5506],[109.6896,34.4863],[110.3586,34.229],[110.8203,34.229],[110.8196,34.422],[110.6911,34.4863],[110.7168,34.7436],[110.5884,34.8079],[110.6662,35.001],[111.0029,35.2584],[111.1628,35.6445],[111.0618,35.7733],[111.2303,36.3528],[111.4133,36.4172],[112.1722,37.2549],[112.0942,37.2549],[109.6546,36.4816],[108.7896,35.7089],[108.2215,35.6445],[108.1695,35.5158],[108.3497,35.3871],[108.2982,35.2584],[108.4528,35.2584],[107.9426,34.5506]]]}},{"type":"Feature","properties":{"territoryId":"cliopatria-q201038-720aec7802","name":"Roman Kingdom","name_ko":"로마 왕정","color":"#75f0b9","colorFamily":2,"startYear":-699,"endYear":-500,"source_name":"Cliopatria v0.2.0","source_url":"https://github.com/Seshat-Global-History-Databank/cliopatria","license":"CC BY 4.0","attribution":"Seshat Global History Databank, Cliopatria contributors"},"geometry":{"type":"Polygon","coordinates":[[[11.9725,42.1063],[12.1311,41.9764],[12.1305,41.9131],[12.4482,41.7816],[12.4517,42.1063],[11.9725,42.1063]]]}},{"type":"Feature","properties":{"territoryId":"cliopatria-q940785-f47d030c11","name":"Sabaeans","name_ko":"사바인","color":"#ec516b","colorFamily":3,"startYear":-674,"endYear":-550,"source_name":"Cliopatria v0.2.0","source_url":"https://github.com/Seshat-Global-History-Databank/cliopatria","license":"CC BY 4.0","attribution":"Seshat Global History Databank, Cliopatria contributors"},"geometry":{"type":"MultiPolygon","coordinates":[[[[45.8444,15.329],[45.9179,15.329],[45.9215,15.3933],[45.8479,15.3933],[45.8444,15.329]]],[[[42.4788,17.038],[42.5442,17.0043],[42.5535,16.9152],[42.824,16.6147],[42.7937,16.3637],[42.8401,16.0978],[42.8348,15.9154],[42.7525,15.8164],[42.7083,15.6278],[42.7656,15.5218],[42.8069,15.3443],[42.8052,15.1692],[42.864,15.1364],[42.8815,15.0737],[45.025,15.1361],[45.179,15.2647],[45.3225,15.2004],[45.4031,15.329],[45.8479,15.3933],[45.8551,15.5218],[46.1494,15.5218],[46.3811,15.7147],[46.4697,15.9718],[45.579,15.8433],[45.3656,15.9718],[45.0675,15.9076],[44.9275,16.0361],[44.3279,15.8433],[44.1878,15.9718],[44.2686,16.1004],[44.0477,16.1004],[43.9112,16.2933],[44.0029,16.6147],[43.8738,16.9362],[43.8922,17.2576],[43.8184,17.2576],[43.8996,17.3862],[43.5529,17.7719],[43.2503,17.6433],[43.0326,17.7076],[43.0216,17.5148],[42.6348,17.1933],[42.4873,17.1933],[42.4788,17.038]],[[43.2301,17.2983],[43.2418,17.2934],[43.2522,17.272],[43.2301,17.2983]],[[43.4129,17.52],[43.4871,17.5175],[43.4962,17.514],[43.4129,17.52]],[[43.529,17.5014],[43.5771,17.483],[43.6195,17.4588],[43.529,17.5014]]]]}},{"type":"Feature","properties":{"territoryId":"cliopatria-q131802-fdec4daa63","name":"Scythia","name_ko":"스키타이","color":"#338ae1","colorFamily":0,"startYear":-649,"endYear":-550,"source_name":"Cliopatria v0.2.0","source_url":"https://github.com/Seshat-Global-History-Databank/cliopatria","license":"CC BY 4.0","attribution":"Seshat Global History Databank, Cliopatria contributors"},"geometry":{"type":"MultiPolygon","coordinates":[[[[29.0482,44.7576],[29.1292,44.7712],[29.1387,44.7759],[29.1301,44.7979],[29.0982,44.7754],[29.0536,44.7644],[29.0482,44.7576]]],[[[29.071,44.9496],[29.0786,44.8357],[29.1038,44.8403],[29.0964,44.8751],[29.1019,44.8705],[29.0711,44.9496],[29.071,44.9496]]],[[[49.9954,44.9381],[50.0613,44.8894],[50.021,44.9758],[50.1082,45.0787],[49.9954,44.9381]]],[[[50.1202,44.847],[50.1487,44.8265],[50.1845,44.8546],[50.1801,44.8575],[50.1414,44.8403],[50.1202,44.847]]],[[[50.2772,44.9586],[50.3493,45.0829],[50.2947,45.0748],[50.2772,44.9586]]],[[[52.5543,45.474],[52.6824,45.4118],[52.6599,45.5166],[52.6588,45.5177],[52.5543,45.474]]],[[[47.9176,45.6182],[47.9677,45.47],[47.9858,45.5571],[47.9476,45.6463],[47.9176,45.6182]]],[[[31.5093,46.372],[31.5803,46.2628],[32.1501,46.1547],[31.6182,46.2592],[31.5093,46.372]]],[[[24.4066,47.9953],[24.8047,46.5],[25.6806,45.075],[26.6626,44.4342],[28.6901,44.3609],[28.8882,44.5748],[28.7503,44.4667],[28.7742,44.5523],[28.7327,44.5679],[28.7879,44.5865],[28.7578,44.6268],[28.8201,44.62],[28.7871,44.6933],[28.8499,44.7447],[28.8694,44.9433],[29.0268,45.0057],[28.9253,45.1733],[30.0135,46.8188],[30.9159,47.1808],[31.7553,47.3519],[32.6013,47.1063],[32.8733,46.9095],[32.2692,46.5877],[32.6455,46.6496],[32.3997,46.4783],[31.5871,46.5455],[32.0078,46.449],[32.0619,46.3938],[31.8326,46.2828],[31.8858,46.32],[32.1287,46.2097],[32.2693,46.2046],[32.2522,46.1526],[32.4768,46.0837],[33.1896,46.1741],[33.2351,46.2238],[33.2225,46.1652],[33.4299,46.0576],[33.5071,46.056],[33.5965,46.1557],[33.6322,46.0533],[34.8407,46.0279],[34.8123,46.1767],[35.208,46.4258],[35.1883,46.5124],[35.2845,46.4374],[35.2676,46.3511],[35.346,46.361],[35.2726,46.2706],[35.4915,46.448],[35.9016,46.6527],[36.3199,46.6702],[36.634,46.78],[36.8008,46.7173],[36.8537,46.8005],[37.5807,47.0904],[38.5043,47.1875],[38.8104,47.2878],[38.5384,47.1916],[39.0881,47.2864],[39.264,47.2608],[39.262,47.1076],[39.3887,47.1152],[39.3036,47.0847],[39.28,47.0128],[38.4387,46.8131],[38.5916,46.6592],[37.7665,46.6361],[37.9139,46.4065],[38.002,46.3584],[37.9806,46.4003],[38.1229,46.3775],[38.5735,46.0642],[38.4274,46.0383],[38.1836,46.0948],[38.0396,45.8161],[38.0012,45.8326],[38.0784,45.9368],[38.0143,46.0478],[37.8294,45.7532],[37.6947,45.6757],[38.1683,45.2808],[38.3367,44.3701],[38.7583,44.2736],[39.8862,43.4658],[40.4621,43.1457],[40.856,43.0631],[40.9639,42.9885],[41.6519,43.2038],[42.7202,42.9761],[43.9676,43.286],[46.1839,42.8108],[47.6945,42.8291],[47.4619,43.0208],[47.4551,43.0999],[47.5216,43.3057],[47.4909,43.4628],[47.6465,43.8846],[47.4043,43.5114],[47.3657,43.6207],[47.4301,43.6702],[47.2793,44.1216],[46.8723,44.3931],[46.759,44.4006],[46.6804,44.5285],[46.722,44.6553],[46.9493,44.7718],[47.0074,44.8363],[46.9889,44.9154],[47.0213,44.8517],[47.3513,45.2177],[47.4549,45.3994],[47.3814,45.411],[47.468,45.4224],[47.5257,45.5235],[47.3848,45.7502],[47.5034,45.7174],[47.4326,45.6945],[47.6333,45.584],[47.6611,45.6218],[47.5601,45.7716],[47.7869,45.6471],[47.8591,45.7242],[47.897,45.6938],[48.5549,45.9675],[48.7296,45.8968],[48.7116,45.9709],[48.6473,45.9706],[48.7058,45.9952],[48.6884,46.0668],[48.627,46.0873],[49.1048,46.24],[49.0589,46.2518],[49.1502,46.3358],[49.1597,46.2919],[49.2459,46.2916],[49.1682,46.4094],[49.2888,46.3987],[49.2234,46.4709],[49.3621,46.4102],[49.2781,46.5193],[49.3524,46.4826],[49.3053,46.5876],[49.4591,46.535],[49.4706,46.5726],[49.8863,46.5957],[50.1688,46.7491],[50.2407,46.7369],[50.3743,46.8544],[50.3674,46.8066],[50.4302,46.8967],[50.5797,46.8719],[50.6161,46.9356],[50.793,46.9568],[50.8465,47.0368],[51.2126,47.1209],[51.5272,47.053],[51.5961,46.9876],[51.6802,47.057],[51.7066,46.9552],[51.9521,46.8832],[52.0189,46.937],[52,46.8906],[52.1383,46.8286],[52.4559,47.0012],[52.9199,46.9575],[53.0604,46.8923],[53.1326,46.731],[53.2078,46.695],[53.0805,46.5054],[53.1021,46.4435],[53.0687,46.4567],[53.1567,46.2723],[53.0818,46.0051],[52.7738,45.5728],[53.2659,45.3611],[53.1082,45.2996],[51.4157,45.3579],[51.2444,45.1618],[51.273,45.0246],[51.1965,45.0656],[51.115,45.0351],[51.0094,44.9218],[51.5603,44.5114],[51.1433,44.4848],[50.6261,44.6261],[50.2646,44.5266],[50.2756,44.3551],[50.6963,44.2644],[50.8533,44.1669],[56.0971,44.0539],[58.2735,44.2633],[59.574,44.6423],[60.2907,45.4858],[60.0783,46.0413],[59.6006,46.5365],[56.973,48.5605],[55.4336,49.1369],[52.0363,49.5691],[49.329,49.7409],[46.728,50.1168],[46.1971,50.3036],[45.5601,50.7591],[43.888,52.1971],[41.8974,52.9872],[40.5703,53.1148],[38.7655,53.1626],[37.1465,53.0191],[34.8905,52.5859],[32.7141,51.657],[26.5299,49.9634],[24.9109,49.2583],[24.4597,48.6833],[24.4066,47.9953]],[[26.5874,48.2494],[26.6179,48.259],[26.6885,48.2748],[26.5874,48.2494]],[[26.7359,48.2918],[26.7638,48.2885],[26.7546,48.2861],[26.7359,48.2918]],[[26.7757,48.2543],[26.8049,48.2583],[26.8153,48.2528],[26.7757,48.2543]],[[26.7775,48.3662],[26.7894,48.3259],[26.7882,48.3159],[26.7775,48.3662]],[[26.7784,48.2922],[26.7867,48.3028],[26.7857,48.2941],[26.7784,48.2922]],[[26.9666,48.1434],[27.0199,48.1321],[27.0127,48.1281],[26.9666,48.1434]],[[27.0343,48.1018],[27.0461,48.1194],[27.0474,48.1165],[27.0343,48.1018]],[[27.0365,48.1286],[27.0428,48.1273],[27.044,48.1244],[27.0365,48.1286]],[[27.272,47.715],[27.2959,47.6788],[27.2811,47.693],[27.272,47.715]],[[27.3385,47.6378],[27.38,47.6033],[27.3692,47.6083],[27.3385,47.6378]],[[27.5697,48.48],[27.583,48.486],[27.6048,48.4841],[27.5697,48.48]],[[28.0726,46.9828],[28.0827,46.9715],[28.1023,46.9351],[28.0726,46.9828]],[[28.1215,46.8343],[28.1782,46.7586],[28.1781,46.7478],[28.1215,46.8343]],[[28.2341,46.6624],[28.2474,46.6208],[28.2451,46.6155],[28.2341,46.6624]],[[28.2376,45.4521],[28.2669,45.4405],[28.2864,45.4217],[28.2376,45.4521]],[[33.8462,46.1957],[34.0639,46.1063],[34.0259,46.1164],[33.8462,46.1957]],[[34.0729,46.1039],[34.1273,46.0958],[34.1052,46.0954],[34.0729,46.1039]],[[38.2006,47.3282],[38.2034,47.3346],[38.258,47.3932],[38.2006,47.3282]],[[38.201,47.2906],[38.2757,47.2918],[38.2828,47.2874],[38.201,47.2906]],[[39.6811,49.0203],[39.6983,49.0284],[39.7233,49.0273],[39.6811,49.0203]],[[39.7338,47.816],[39.7756,47.858],[39.7591,47.8329],[39.7338,47.816]],[[39.8092,48.5838],[39.8353,48.5735],[39.8551,48.5561],[39.8092,48.5838]],[[39.8848,48.279],[39.9574,48.2934],[39.9789,48.2901],[39.8848,48.279]],[[39.9669,48.2288],[39.9809,48.2434],[39.9776,48.2355],[39.9669,48.2288]],[[40.0298,48.8243],[40.0528,48.8497],[40.0387,48.83],[40.0298,48.8243]],[[40.0676,43.5413],[40.0728,43.5511],[40.0857,43.5546],[40.0676,43.5413]],[[55.9761,44.9951],[57.4783,45.3369],[55.9761,44.9945],[55.9761,44.9951]]],[[[31.5549,46.5543],[31.5757,46.5486],[31.5681,46.553],[31.5549,46.5543]]],[[[35.0146,46.106],[35.0437,46.1246],[35.0416,46.1237],[35.0146,46.106]]],[[[35.051,46.1298],[35.0513,46.1294],[35.0895,46.1538],[35.0866,46.153],[35.051,46.1298]]],[[[47.5088,45.5711],[47.5135,45.5663],[47.509,45.5765],[47.5088,45.5711]]],[[[47.5234,45.6459],[47.5459,45.6332],[47.5348,45.6439],[47.5234,45.6459]]]]}},{"type":"Feature","properties":{"territoryId":"cliopatria-q7462-bd1189c356","name":"Song","name_ko":"송나라","color":"#33d3e1","colorFamily":6,"startYear":-749,"endYear":-480,"source_name":"Cliopatria v0.2.0","source_url":"https://github.com/Seshat-Global-History-Databank/cliopatria","license":"CC BY 4.0","attribution":"Seshat Global History Databank, Cliopatria contributors"},"geometry":{"type":"Polygon","coordinates":[[[114.3412,34.7436],[114.6466,34.5506],[115.4942,34.5506],[115.5947,34.422],[116.107,34.3577],[116.6157,34.1004],[117.2311,34.1004],[117.6198,34.2933],[117.6741,34.422],[117.5747,34.5506],[116.65,34.5506],[116.7045,34.6793],[116.5056,34.9366],[116.1969,34.9366],[116.0975,35.0653],[116.1805,35.2584],[116.2578,35.2584],[116.2856,35.3227],[115.9898,35.7089],[115.2311,35.3871],[114.499,34.9366],[114.4721,34.8723],[114.3412,34.7436]]]}},{"type":"Feature","properties":{"territoryId":"cliopatria-q1356151-ef23a41aa6","name":"Teng","name_ko":"등나라","color":"#3396e1","colorFamily":0,"startYear":-749,"endYear":-480,"source_name":"Cliopatria v0.2.0","source_url":"https://github.com/Seshat-Global-History-Databank/cliopatria","license":"CC BY 4.0","attribution":"Seshat Global History Databank, Cliopatria contributors"},"geometry":{"type":"Polygon","coordinates":[[[116.0975,35.0653],[116.1969,34.9366],[116.5056,34.9366],[116.7045,34.6793],[117.1785,35.0653],[116.9253,35.194],[116.9813,35.3227],[116.904,35.3227],[116.9603,35.4514],[116.6721,35.3227],[116.2856,35.3227],[116.2578,35.2584],[116.1805,35.2584],[116.0975,35.0653]]]}},{"type":"Feature","properties":{"territoryId":"cliopatria-q662410-bd371d608a","name":"Twenty-sixth Dynasty of Egypt","name_ko":"이집트 제26왕조","color":"#ae45e3","colorFamily":4,"startYear":-614,"endYear":-550,"source_name":"Cliopatria v0.2.0","source_url":"https://github.com/Seshat-Global-History-Databank/cliopatria","license":"CC BY 4.0","attribution":"Seshat Global History Databank, Cliopatria contributors"},"geometry":{"type":"MultiPolygon","coordinates":[[[[28.2675,26.5151],[28.2886,25.165],[28.6412,24.5864],[29.6728,24.2006],[29.9595,23.8792],[30.1087,23.8792],[30.104,23.7506],[30.3952,23.5577],[30.4627,23.3649],[31.6705,23.7506],[32.0409,23.6863],[33.389,23.8149],[33.7564,23.6863],[35.108,23.8792],[35.4808,23.8253],[35.5139,23.9771],[35.708,23.9435],[35.734,23.9848],[35.4938,24.1089],[35.3919,24.2828],[35.1446,24.5002],[35.1603,24.5746],[34.5466,25.725],[34.3387,26.0018],[34.014,26.6116],[33.9414,26.6535],[33.9961,26.8966],[33.8368,27.1208],[33.8384,27.2426],[33.6917,27.3419],[33.4963,27.6466],[33.5877,27.651],[33.5579,27.7599],[33.4735,27.8232],[33.5921,27.7912],[33.5544,27.8965],[33.2494,28.1429],[33.0029,28.4895],[32.8689,28.5789],[32.8069,28.7781],[32.6255,28.9727],[32.6589,29.1108],[32.5812,29.3691],[32.3377,29.5925],[32.5092,29.8664],[32.4769,29.9322],[32.5715,29.9426],[32.5778,30.0114],[32.7454,29.4538],[32.8172,29.414],[32.8856,29.2431],[33.1779,28.9896],[33.2287,28.5694],[33.5538,28.3153],[33.7634,28.024],[34.0785,27.8007],[34.2631,27.7367],[34.2141,27.7915],[34.4161,27.9718],[34.4417,28.0573],[34.1614,28.3795],[33.9781,29.0224],[33.769,29.2795],[33.7824,29.4723],[33.5734,29.7294],[33.2929,31.0791],[32.8317,31.0148],[32.8055,31.0655],[32.6665,31.0523],[32.7907,31.0941],[32.6016,31.061],[32.2915,31.1839],[32.3039,31.0791],[32.1065,31.0534],[31.9996,31.0791],[31.9063,31.2516],[31.7806,31.2076],[31.8077,31.2812],[31.7691,31.2988],[31.8741,31.4647],[31.2658,31.4647],[31.1215,31.5275],[31.0291,31.5185],[30.9807,31.4365],[30.7985,31.4465],[30.7344,31.3881],[30.5427,31.395],[30.6916,31.4647],[30.352,31.4647],[30.3019,31.3422],[30.3388,31.2719],[30.2887,31.2379],[29.9904,31.2719],[29.8315,31.1513],[29.8696,31.0791],[29.6332,30.9506],[29.5543,30.9848],[29.4481,30.9336],[29.3971,30.822],[29.017,30.822],[28.6945,29.1509],[28.6189,29.1509],[28.6054,28.8938],[28.451,28.8295],[28.5233,28.7652],[28.4665,27.6081],[28.3912,27.6081],[28.4458,27.158],[28.3707,27.158],[28.3426,26.5151],[28.2675,26.5151]]],[[[30.1795,31.2714],[30.1849,31.2719],[30.1795,31.2719],[30.1795,31.2714]]],[[[30.2409,31.2653],[30.2648,31.2719],[30.2479,31.2719],[30.2409,31.2653]]],[[[30.9691,31.5785],[30.9739,31.5799],[30.9739,31.5867],[30.9695,31.5854],[30.9691,31.5785]]],[[[30.978,31.5843],[31.119,31.5305],[31.1608,31.5935],[30.978,31.5843]]],[[[33.9551,26.79],[34.0036,26.7082],[34.0029,26.7316],[33.9756,26.79],[33.9551,26.79]]]]}},{"type":"Feature","properties":{"territoryId":"cliopatria-q1147897-ca7c9c4854","name":"Wey","name_ko":"위나라 (衛)","color":"#3392e1","colorFamily":0,"startYear":-749,"endYear":-550,"source_name":"Cliopatria v0.2.0","source_url":"https://github.com/Seshat-Global-History-Databank/cliopatria","license":"CC BY 4.0","attribution":"Seshat Global History Databank, Cliopatria contributors"},"geometry":{"type":"Polygon","coordinates":[[[114.226,35.3871],[114.3033,35.3871],[114.3307,35.4514],[114.4081,35.4514],[114.8565,35.7733],[115.0114,35.7733],[115.0394,35.8377],[115.1169,35.8377],[115.5977,36.224],[115.5201,36.224],[115.6357,36.4816],[115.4417,36.7393],[114.6098,36.0952],[114.3144,35.7733],[114.2809,35.5158],[114.226,35.3871]]]}},{"type":"Feature","properties":{"territoryId":"cliopatria-q274488-53068bce43","name":"Wu","name_ko":"오나라","color":"#e6ac56","colorFamily":8,"startYear":-749,"endYear":-550,"source_name":"Cliopatria v0.2.0","source_url":"https://github.com/Seshat-Global-History-Databank/cliopatria","license":"CC BY 4.0","attribution":"Seshat Global History Databank, Cliopatria contributors"},"geometry":{"type":"MultiPolygon","coordinates":[[[[116.0966,30.3079],[116.27,29.9223],[116.7364,29.7294],[117.1908,29.7294],[117.5269,29.6009],[117.9054,29.6009],[117.8842,29.5366],[117.9599,29.5366],[117.9811,29.6009],[118.3597,29.6009],[119.2257,29.9223],[119.7784,29.9865],[120.2424,29.7937],[121.3124,29.6009],[121.4369,29.475],[121.4434,29.5242],[121.511,29.549],[121.5308,29.51],[121.5743,29.5522],[121.6873,29.5626],[121.8624,29.708],[121.8731,29.7538],[121.9718,29.8156],[122.0108,29.8874],[121.9356,29.8874],[121.9149,29.9187],[121.7675,29.9732],[121.7219,29.9605],[121.7323,29.9786],[121.6202,30.0508],[121.5068,30.22],[121.4054,30.3079],[121.1328,30.3079],[120.8088,30.1151],[120.6944,30.1721],[120.6463,30.1269],[120.7837,30.0893],[120.7922,30.0661],[120.6825,30.0849],[120.6318,30.1224],[120.7314,30.2338],[120.6216,30.3726],[120.4505,30.3689],[120.3847,30.2496],[120.2744,30.2776],[120.1471,30.1989],[120.2579,30.2981],[120.379,30.2735],[120.4303,30.3898],[120.4791,30.4035],[120.6981,30.394],[120.7883,30.2938],[120.9354,30.449],[120.9981,30.5579],[121.1213,30.593],[121.2029,30.6651],[121.3335,30.7031],[121.5192,30.822],[121.9131,30.859],[121.9551,30.9713],[121.877,31.0991],[121.7252,31.2816],[121.3203,31.5048],[121.1444,31.6847],[120.7315,31.8139],[120.7171,31.8611],[120.7515,31.8247],[120.8078,31.8097],[120.8248,31.8287],[120.7504,31.9783],[120.4695,32.0251],[120.4558,31.9825],[120.23,31.9089],[120.0064,31.9503],[119.8556,32.087],[119.7725,32.1268],[119.7886,32.1986],[119.6904,32.2353],[119.606,32.1969],[119.649,32.2195],[119.6854,32.2924],[119.6129,32.3546],[119.8421,32.2991],[119.9005,32.1982],[119.9221,32.2174],[119.9122,32.1237],[119.992,32.0159],[120.1314,31.9432],[120.2671,31.9487],[120.4908,32.0825],[120.6344,32.077],[120.8108,32.0226],[120.9414,31.8925],[120.9407,31.8482],[121.1641,31.8265],[121.2864,31.8906],[121.5806,31.7861],[121.6118,31.7469],[121.8173,31.6909],[121.8617,31.6907],[121.9173,31.7616],[121.7986,31.9705],[121.6554,32.0629],[121.4434,32.1143],[121.3608,32.2316],[121.4193,32.2503],[121.3894,32.3849],[121.1573,32.4956],[121.1008,32.498],[121.0862,32.536],[120.8303,32.6977],[120.8401,32.7245],[120.8604,32.6898],[120.8524,32.756],[120.9048,32.8126],[120.8958,33.0136],[120.8259,33.0302],[120.8189,33.0922],[120.7922,33.1087],[120.807,33.1378],[120.7302,33.2049],[120.7503,33.2696],[120.6672,33.3251],[120.6344,33.4669],[120.4837,33.65],[120.5117,33.6567],[120.5049,33.7356],[120.3997,33.8693],[120.4133,33.8974],[120.3713,34.036],[120.2571,34.3118],[119.9072,34.4615],[119.6477,34.5338],[119.4566,34.6846],[119.4742,34.7153],[119.4422,34.746],[119.3467,34.7808],[119.3118,34.7551],[119.2293,34.7597],[119.2034,34.7119],[119.1991,34.8002],[118.4284,34.7436],[118.435,34.9366],[118.2807,34.9366],[118.1199,34.7436],[117.9657,34.7436],[117.6741,34.422],[117.6198,34.2933],[117.2311,34.1004],[117.7392,33.8432],[117.7629,33.7146],[118.0436,33.6502],[118.118,33.4574],[118.449,33.3288],[118.5746,33.0716],[118.9058,32.943],[118.3194,32.4288],[117.1096,31.6575],[117.0208,31.2076],[116.8374,30.6935],[116.1186,30.3722],[116.0966,30.3079]]],[[[119.7162,32.2726],[119.7498,32.228],[119.8193,32.2038],[119.792,32.1218],[119.9019,32.0734],[119.8143,32.2756],[119.7508,32.2931],[119.7162,32.2726]]],[[[121.212,31.8219],[121.4047,31.8032],[121.2641,31.8411],[121.212,31.8219]]],[[[121.304,31.6734],[121.3145,31.6556],[121.5175,31.5684],[121.5715,31.5294],[121.6292,31.5179],[121.6335,31.529],[121.304,31.6734]]],[[[121.5845,31.4414],[121.5968,31.4332],[121.6004,31.4425],[121.5845,31.4414]]],[[[121.6461,31.4005],[121.78,31.3252],[121.7206,31.4005],[121.6461,31.4005]]],[[[121.6698,29.5124],[121.73,29.5221],[121.7246,29.5385],[121.7109,29.5386],[121.6698,29.5124]]],[[[121.745,29.5447],[121.8255,29.5462],[121.8696,29.6273],[121.7961,29.6006],[121.745,29.5447]]],[[[121.7499,29.5253],[121.7633,29.5274],[121.764,29.5308],[121.7499,29.5253]]],[[[121.9336,29.9213],[121.9924,29.9083],[121.952,29.9467],[121.9336,29.9213]]]]}},{"type":"Feature","properties":{"territoryId":"cliopatria-q2650109-24ef6e0cc9","name":"Xu","name_ko":"서나라","color":"#d8e77e","colorFamily":7,"startYear":-749,"endYear":-450,"source_name":"Cliopatria v0.2.0","source_url":"https://github.com/Seshat-Global-History-Databank/cliopatria","license":"CC BY 4.0","attribution":"Seshat Global History Databank, Cliopatria contributors"},"geometry":{"type":"Polygon","coordinates":[[[116.65,34.5506],[117.5747,34.5506],[117.6741,34.422],[117.9657,34.7436],[117.6355,34.8723],[117.7683,35.001],[117.1785,35.0653],[116.7045,34.6793],[116.65,34.5506]]]}},{"type":"Feature","properties":{"territoryId":"cliopatria-q1472004-d755ed1057","name":"Yan","name_ko":"연나라","color":"#4579e3","colorFamily":0,"startYear":-749,"endYear":-404,"source_name":"Cliopatria v0.2.0","source_url":"https://github.com/Seshat-Global-History-Databank/cliopatria","license":"CC BY 4.0","attribution":"Seshat Global History Databank, Cliopatria contributors"},"geometry":{"type":"Polygon","coordinates":[[[115.8648,39.385],[116.1009,39.385],[116.0919,39.0618],[116.2618,38.9326],[116.1639,38.7389],[116.3993,38.7389],[116.1454,38.5451],[117.1971,38.6097],[117.2298,38.6743],[117.5596,38.6743],[117.584,38.8116],[117.7019,38.9953],[117.7604,39.0355],[117.7154,39.1114],[117.8856,39.2011],[118.0964,39.2024],[118.2249,39.0618],[118.4054,39.0618],[118.5291,39.1247],[118.5271,39.1492],[118.796,39.1518],[118.8738,39.2138],[118.8806,39.1728],[118.9894,39.1911],[119.2844,39.4496],[119.2564,39.4931],[119.2814,39.575],[119.2293,39.536],[119.243,39.5707],[119.209,39.5502],[119.2086,39.5696],[119.2849,39.5954],[119.3804,39.7729],[119.5264,39.832],[119.5356,39.8908],[119.7744,39.9505],[119.912,39.9981],[119.9153,40.0362],[119.9503,40.0565],[120.4722,40.2145],[120.5049,40.2491],[120.5018,40.3269],[120.5769,40.3608],[120.5884,40.3843],[120.5391,40.3829],[120.5974,40.4224],[120.6041,40.4652],[120.8001,40.6045],[120.8253,40.674],[120.9041,40.6858],[120.971,40.7381],[120.9363,40.7556],[120.9819,40.8268],[121.0296,40.8265],[121.0488,40.799],[121.0799,40.863],[121.227,40.9384],[119.3442,40.4201],[117.5675,40.3554],[116.4522,39.9023],[116.1365,39.9023],[115.8648,39.385]]]}},{"type":"Feature","properties":{"territoryId":"cliopatria-q197598-11282d6f0c","name":"Zheng","name_ko":"정나라","color":"#ec5186","colorFamily":3,"startYear":-749,"endYear":-450,"source_name":"Cliopatria v0.2.0","source_url":"https://github.com/Seshat-Global-History-Databank/cliopatria","license":"CC BY 4.0","attribution":"Seshat Global History Databank, Cliopatria contributors"},"geometry":{"type":"Polygon","coordinates":[[[113.3414,34.9366],[113.6738,34.8079],[114.4721,34.8723],[114.499,34.9366],[114.3759,35.194],[114.4081,35.4514],[114.3307,35.4514],[114.3033,35.3871],[113.5301,35.3871],[113.3414,34.9366]]]}},{"type":"Feature","properties":{"territoryId":"cliopatria-q227007-9ce81a89ac","name":"Zhu","name_ko":"주나라 (邾)","color":"#b256e6","colorFamily":4,"startYear":-749,"endYear":-450,"source_name":"Cliopatria v0.2.0","source_url":"https://github.com/Seshat-Global-History-Databank/cliopatria","license":"CC BY 4.0","attribution":"Seshat Global History Databank, Cliopatria contributors"},"geometry":{"type":"Polygon","coordinates":[[[116.904,35.3227],[116.9813,35.3227],[116.9253,35.194],[117.1785,35.0653],[117.7683,35.001],[118.056,35.1297],[118.3036,35.5158],[118.2549,35.5802],[117.5871,35.6445],[116.9603,35.4514],[116.904,35.3227]]]}}]}
