{"type":"FeatureCollection","features":[{"type":"Feature","properties":{"territoryId":"cliopatria-q784963-98c80d13a5","name":"(Anglo-Saxon England)","name_ko":"앵글로색슨 잉글랜드","color":"#45e2e3","colorFamily":6,"startYear":490,"endYear":533,"source_name":"Cliopatria v0.2.0","source_url":"https://github.com/Seshat-Global-History-Databank/cliopatria","license":"CC BY 4.0","attribution":"Seshat Global History Databank, Cliopatria contributors"},"geometry":{"type":"MultiPolygon","coordinates":[[[[-2.2205,51.8481],[-2.1702,51.3128],[-1.8015,50.9789],[-1.7786,50.7207],[-1.693,50.7399],[-1.5612,50.719],[-1.5247,50.7611],[-1.3635,50.7948],[-1.3678,50.8455],[-1.3487,50.8443],[-1.4664,50.9182],[-1.29,50.8408],[-0.9392,50.8432],[-0.8784,50.8159],[-0.5872,50.7982],[-0.2697,50.8313],[-0.025,50.7948],[0.6242,50.8587],[0.7625,50.9309],[0.8551,50.9282],[1.0669,51.0644],[1.1855,51.0821],[1.3939,51.1792],[1.3806,51.3797],[0.9772,51.3492],[0.7644,51.3644],[0.7264,51.419],[0.7004,51.4098],[0.7129,51.3842],[0.5859,51.3911],[0.5545,51.4122],[0.6315,51.4384],[0.5288,51.4465],[0.5256,51.4901],[0.3845,51.4531],[0.4561,51.5056],[0.86,51.5554],[0.8484,51.7183],[0.7608,51.6927],[0.6986,51.72],[0.847,51.7377],[0.8439,51.7811],[0.9621,51.8138],[0.9798,51.8436],[1.0373,51.7822],[1.1678,51.7902],[1.1723,51.9458],[1.0691,51.9534],[1.2668,51.9822],[1.1579,52.0285],[1.2797,51.9822],[1.3953,51.9822],[1.5863,52.1163],[1.6537,52.3847],[1.7163,52.3847],[1.7365,52.422],[1.7192,52.6842],[1.6442,52.7758],[1.396,52.8914],[0.9661,52.9744],[1.0139,52.9601],[0.6847,52.9864],[0.5203,52.9553],[0.3845,52.7684],[0.3255,52.8032],[0.2468,52.7957],[0.1056,52.8894],[0.0103,52.8865],[0.097,52.952],[0.0698,52.99],[0.236,53.0574],[0.2307,53.1248],[0.3165,53.1248],[0.3032,53.2935],[0.2195,53.4195],[0.1519,53.4758],[-0.1886,53.6204],[-0.2794,53.7071],[-0.5299,53.6777],[-0.6195,53.7119],[-0.7265,53.7006],[-0.637,53.732],[-0.5444,53.7095],[-0.3052,53.7397],[-0.2253,53.7199],[-0.0923,53.631],[0.0172,53.6416],[0.0079,53.7559],[-0.1511,53.8993],[-0.2195,54.0228],[-0.1905,54.0652],[-0.1978,54.152],[-0.3976,54.2692],[-0.4477,54.3732],[-0.563,54.4774],[-1.1381,54.6466],[-1.1647,54.6118],[-1.2063,54.633],[-1.1647,54.6528],[-1.1849,54.6793],[-1.286,54.6811],[-1.36,54.5453],[-1.9475,54.3417],[-2.187,54.1384],[-2.1264,53.5296],[-2.0403,53.5296],[-2.0075,53.1922],[-1.9216,53.1922],[-1.8831,52.7881],[-1.5038,52.3847],[-1.6438,52.0492],[-2.2205,51.8481]]],[[[-1.4912,50.7121],[-1.4407,50.7121],[-1.442,50.7268],[-1.4912,50.7121]]],[[[-0.9815,50.8221],[-0.9524,50.8204],[-0.9503,50.8238],[-0.9726,50.8298],[-0.9815,50.8221]]],[[[0.7339,51.4122],[0.7948,51.3706],[0.9421,51.383],[0.886,51.4185],[0.7339,51.4122]]]]}},{"type":"Feature","properties":{"territoryId":"cliopatria-q784963-98c80d13a5","name":"(Anglo-Saxon England)","name_ko":"앵글로색슨 잉글랜드","color":"#45e2e3","colorFamily":6,"startYear":534,"endYear":545,"source_name":"Cliopatria v0.2.0","source_url":"https://github.com/Seshat-Global-History-Databank/cliopatria","license":"CC BY 4.0","attribution":"Seshat Global History Databank, Cliopatria contributors"},"geometry":{"type":"MultiPolygon","coordinates":[[[[-2.2078,51.7142],[-2.1702,51.3128],[-1.8015,50.9789],[-1.7786,50.7207],[-1.693,50.7399],[-1.5612,50.719],[-1.5247,50.7611],[-1.3635,50.7948],[-1.3678,50.8455],[-1.3487,50.8443],[-1.4664,50.9182],[-1.29,50.8408],[-0.9392,50.8432],[-0.8784,50.8159],[-0.5872,50.7982],[-0.2697,50.8313],[-0.025,50.7948],[0.6242,50.8587],[0.7625,50.9309],[0.8551,50.9282],[1.0669,51.0644],[1.1855,51.0821],[1.3939,51.1792],[1.3806,51.3797],[0.9772,51.3492],[0.7644,51.3644],[0.7294,51.4117],[0.702,51.413],[0.7129,51.3842],[0.5545,51.4122],[0.5829,51.4189],[0.0204,51.4465],[0.016,51.5039],[0.4067,51.4602],[0.4561,51.5056],[0.86,51.5554],[0.8484,51.7183],[0.7608,51.6927],[0.6986,51.72],[0.847,51.7377],[0.8439,51.7811],[0.9621,51.8138],[0.9798,51.8436],[1.0418,51.7811],[1.1826,51.7976],[1.1723,51.9458],[1.0691,51.9534],[1.2668,51.9822],[1.1579,52.0285],[1.2797,51.9822],[1.4248,52.0019],[1.6306,52.2458],[1.7319,52.4134],[1.6417,52.777],[1.396,52.8914],[0.9661,52.9744],[1.0139,52.9601],[0.6847,52.9864],[0.4857,52.9335],[0.3845,52.7684],[0.3255,52.8032],[0.2468,52.7957],[0.1056,52.8894],[0.0103,52.8865],[0.0641,52.9309],[-0.2899,53.1922],[-0.731,53.3271],[-0.7369,53.3946],[-0.8229,53.3946],[-0.8348,53.5296],[-0.7487,53.5296],[-0.7546,53.5971],[-0.7029,53.6911],[-0.7265,53.7006],[-0.6802,53.7323],[-0.4756,53.7124],[-0.2604,53.7354],[-0.1783,53.6835],[0.0153,53.6647],[0.0098,53.7323],[-0.1511,53.8993],[-0.2195,54.0228],[-0.1889,54.0663],[-0.2795,54.2186],[-0.3976,54.2692],[-0.4477,54.3732],[-0.563,54.4774],[-1.1381,54.6466],[-1.1647,54.6118],[-1.2063,54.633],[-1.1647,54.6528],[-1.1849,54.6793],[-1.286,54.6811],[-1.36,54.5453],[-1.9475,54.3417],[-2.187,54.1384],[-2.1264,53.5296],[-2.0403,53.5296],[-1.8831,52.7881],[-1.5099,52.4519],[-1.4916,52.2505],[-1.6438,52.0492],[-2.1418,51.9151],[-2.2078,51.7142]]],[[[-1.4912,50.7121],[-1.4407,50.7121],[-1.442,50.7268],[-1.4912,50.7121]]],[[[-0.9815,50.8221],[-0.9524,50.8204],[-0.9503,50.8238],[-0.9726,50.8298],[-0.9815,50.8221]]],[[[-0.3951,53.7046],[-0.2634,53.6918],[-0.2794,53.7071],[-0.3072,53.7143],[-0.3951,53.7046]]],[[[0.4282,51.4578],[0.5288,51.4465],[0.6855,51.4779],[0.5348,51.4917],[0.4282,51.4578]]],[[[0.7346,51.4114],[0.7948,51.3706],[0.9421,51.383],[0.7346,51.4114]]]]}},{"type":"Feature","properties":{"territoryId":"cliopatria-q784963-98c80d13a5","name":"(Anglo-Saxon England)","name_ko":"앵글로색슨 잉글랜드","color":"#45e2e3","colorFamily":6,"startYear":546,"endYear":554,"source_name":"Cliopatria v0.2.0","source_url":"https://github.com/Seshat-Global-History-Databank/cliopatria","license":"CC BY 4.0","attribution":"Seshat Global History Databank, Cliopatria contributors"},"geometry":{"type":"MultiPolygon","coordinates":[[[[-2.2078,51.7142],[-2.1702,51.3128],[-1.8015,50.9789],[-1.7786,50.7207],[-1.693,50.7399],[-1.5612,50.719],[-1.5247,50.7611],[-1.3635,50.7948],[-1.3678,50.8455],[-1.3487,50.8443],[-1.4664,50.9182],[-1.29,50.8408],[-0.9392,50.8432],[-0.8784,50.8159],[-0.5872,50.7982],[-0.2697,50.8313],[-0.025,50.7948],[0.6242,50.8587],[0.7625,50.9309],[0.8551,50.9282],[1.0669,51.0644],[1.1855,51.0821],[1.3939,51.1792],[1.3806,51.3797],[0.9772,51.3492],[0.7644,51.3644],[0.7294,51.4117],[0.702,51.413],[0.7129,51.3842],[0.5545,51.4122],[0.5829,51.4189],[0.0204,51.4465],[0.016,51.5039],[0.4067,51.4602],[0.4561,51.5056],[0.86,51.5554],[0.8484,51.7183],[0.7608,51.6927],[0.6986,51.72],[0.847,51.7377],[0.8439,51.7811],[0.9621,51.8138],[0.9798,51.8436],[1.0418,51.7811],[1.1826,51.7976],[1.1723,51.9458],[1.0691,51.9534],[1.2668,51.9822],[1.1579,52.0285],[1.2797,51.9822],[1.4248,52.0019],[1.6306,52.2458],[1.7319,52.4134],[1.6417,52.777],[1.396,52.8914],[0.9661,52.9744],[1.0139,52.9601],[0.6847,52.9864],[0.4857,52.9335],[0.3845,52.7684],[0.3255,52.8032],[0.2468,52.7957],[0.1056,52.8894],[0.0103,52.8865],[0.0641,52.9309],[-0.2899,53.1922],[-0.731,53.3271],[-0.7369,53.3946],[-0.8229,53.3946],[-0.8348,53.5296],[-0.6802,53.7323],[-0.2604,53.7354],[-0.154,53.6647],[0.0153,53.6647],[0.0079,53.7559],[-0.0409,53.7999],[-0.082,53.7999],[-0.0853,53.84],[-0.1796,53.9352],[-0.2195,54.0228],[-0.1905,54.0652],[-0.1978,54.152],[-0.3976,54.2692],[-0.4477,54.3732],[-0.563,54.4774],[-1.1381,54.6466],[-1.1647,54.6118],[-1.2063,54.633],[-1.1647,54.6528],[-1.1849,54.6793],[-1.286,54.6811],[-1.36,54.5453],[-1.9475,54.3417],[-2.187,54.1384],[-2.1264,53.5296],[-2.0403,53.5296],[-1.8831,52.7881],[-1.5099,52.4519],[-1.4916,52.2505],[-1.6438,52.0492],[-2.1418,51.9151],[-2.2078,51.7142]]],[[[-1.4912,50.7121],[-1.4407,50.7121],[-1.442,50.7268],[-1.4912,50.7121]]],[[[-0.9815,50.8221],[-0.9524,50.8204],[-0.9503,50.8238],[-0.9726,50.8298],[-0.9815,50.8221]]],[[[-0.244,53.6733],[-0.2433,53.6647],[-0.235,53.6647],[-0.244,53.6733]]],[[[0.4282,51.4578],[0.5288,51.4465],[0.6855,51.4779],[0.5348,51.4917],[0.4282,51.4578]]],[[[0.7346,51.4114],[0.7948,51.3706],[0.9421,51.383],[0.7346,51.4114]]]]}},{"type":"Feature","properties":{"territoryId":"cliopatria-q849967-f7d60ece7a","name":"(Brythonic Kingdoms)","name_ko":"브리튼족","color":"#454ae3","colorFamily":0,"startYear":480,"endYear":522,"source_name":"Cliopatria v0.2.0","source_url":"https://github.com/Seshat-Global-History-Databank/cliopatria","license":"CC BY 4.0","attribution":"Seshat Global History Databank, Cliopatria contributors"},"geometry":{"type":"MultiPolygon","coordinates":[[[[-4.7849,48.4362],[-4.7684,48.3454],[-4.7045,48.3416],[-4.2899,48.4316],[-4.4537,48.3354],[-4.2694,48.3627],[-4.3247,48.3217],[-4.1875,48.3075],[-4.5155,48.2958],[-4.5432,48.3047],[-4.5467,48.3468],[-4.5752,48.29],[-4.6163,48.2877],[-4.5472,48.2526],[-4.5575,48.1772],[-4.4855,48.2426],[-4.3793,48.2324],[-4.3024,48.1964],[-4.2854,48.1154],[-4.7002,48.0746],[-4.6964,48.0368],[-4.572,48.0059],[-4.5333,48.0263],[-4.4346,47.9757],[-4.3473,47.8629],[-4.3718,47.8072],[-4.1654,47.8308],[-4.1856,47.8744],[-4.1112,47.8693],[-4.1322,47.9239],[-4.1066,47.8801],[-4.0367,47.855],[-3.9618,47.9],[-3.8517,47.801],[-3.7232,47.8134],[-3.5283,47.7799],[-3.4822,47.73],[-3.3761,47.73],[-3.2826,47.7873],[-3.3465,47.73],[-3.2242,47.6564],[-3.1932,47.6837],[-3.2074,47.6973],[-3.1591,47.711],[-3.1932,47.7464],[-3.1391,47.7526],[-3.1112,47.7042],[-3.1864,47.6806],[-3.2006,47.6396],[-3.1412,47.598],[-3.1322,47.4795],[-3.1019,47.4965],[-3.1233,47.5988],[-3.0738,47.5765],[-3.0157,47.5812],[-3.0118,47.6072],[-3.0034,47.5787],[-2.9441,47.5846],[-2.9747,47.6638],[-2.9331,47.6365],[-2.9399,47.6018],[-2.8668,47.6072],[-2.782,47.6356],[-2.4472,47.8619],[-1.7967,47.9938],[-1.6473,48.1917],[-1.6689,48.4559],[-1.5083,48.522],[-1.5918,48.6396],[-1.796,48.6159],[-1.861,48.6409],[-1.8537,48.6723],[-1.9867,48.6819],[-2.0287,48.6433],[-1.953,48.575],[-1.9803,48.5887],[-1.9394,48.534],[-1.9803,48.5136],[-2.0524,48.6501],[-2.1448,48.6365],[-2.1243,48.6091],[-2.161,48.613],[-2.1741,48.583],[-2.1926,48.6159],[-2.2137,48.5819],[-2.251,48.6501],[-2.3303,48.6296],[-2.282,48.6706],[-2.3161,48.6986],[-2.3862,48.6501],[-2.4875,48.6501],[-2.4595,48.6365],[-2.62,48.5436],[-2.6761,48.5402],[-2.6824,48.509],[-2.7345,48.534],[-2.714,48.5607],[-2.813,48.5986],[-2.8246,48.6476],[-2.9467,48.7332],[-2.9586,48.7697],[-3.0424,48.7879],[-3.0082,48.8078],[-3.0199,48.8256],[-3.0655,48.824],[-3.1255,48.76],[-3.0771,48.8283],[-3.1037,48.8767],[-3.2205,48.7941],[-3.2136,48.8698],[-3.3976,48.8073],[-3.5153,48.8419],[-3.5815,48.7906],[-3.5283,48.7395],[-3.5805,48.7332],[-3.5705,48.688],[-3.8101,48.7332],[-3.8375,48.6706],[-3.8579,48.6849],[-3.8517,48.6296],[-3.9063,48.6644],[-3.892,48.678],[-3.9547,48.6575],[-3.9699,48.7204],[-4.0565,48.7121],[-4.064,48.6849],[-4.1739,48.6911],[-4.213,48.6612],[-4.1938,48.6501],[-4.3065,48.6415],[-4.2991,48.6636],[-4.3433,48.6789],[-4.4265,48.6575],[-4.4066,48.6433],[-4.5636,48.6296],[-4.5301,48.6017],[-4.6077,48.603],[-4.5773,48.5682],[-4.722,48.5682],[-4.7849,48.4362]]],[[[-1.5238,50.6979],[-1.5213,50.6694],[-1.2792,50.5825],[-1.1647,50.6182],[-1.1564,50.6508],[-1.1002,50.6714],[-1.1052,50.731],[-1.241,50.7577],[-1.5238,50.6979]]],[[[-5.7156,50.0827],[-5.6674,50.0429],[-5.5635,50.0596],[-5.5409,50.1135],[-5.4748,50.1304],[-5.3044,50.0803],[-5.2452,49.9931],[-5.1786,49.9831],[-5.0666,50.081],[-5.126,50.0963],[-5.0434,50.1441],[-5.0646,50.1584],[-5.053,50.1958],[-5.0204,50.192],[-5.0086,50.1504],[-4.9287,50.246],[-4.7794,50.2806],[-4.7633,50.3221],[-4.6943,50.3435],[-4.6735,50.3154],[-4.3548,50.3791],[-4.1983,50.3791],[-4.2899,50.3974],[-4.2285,50.3974],[-4.2347,50.4383],[-4.2006,50.4594],[-4.1595,50.4594],[-4.1915,50.4176],[-4.1715,50.3828],[-4.105,50.3707],[-4.1083,50.3366],[-4.0544,50.3004],[-3.961,50.3223],[-3.836,50.246],[-3.6518,50.246],[-3.632,50.3123],[-3.5516,50.3492],[-3.5307,50.4144],[-3.5563,50.4321],[-3.5173,50.4563],[-3.4644,50.6785],[-3.4344,50.65],[-2.8648,50.7338],[-2.5895,50.6422],[-2.4467,50.6237],[-2.3983,50.6456],[-2.0901,50.6023],[-2.0319,50.7097],[-2.0827,50.699],[-2.039,50.7399],[-1.9488,50.7121],[-1.7786,50.7207],[-1.8015,50.9789],[-2.1702,51.3128],[-2.2205,51.8481],[-1.6438,52.0492],[-1.5038,52.3847],[-1.8831,52.7881],[-1.9216,53.1922],[-2.0075,53.1922],[-2.0403,53.5296],[-2.1264,53.5296],[-2.187,54.1384],[-1.9475,54.3417],[-1.36,54.5453],[-1.286,54.6811],[-1.2924,54.7491],[-1.486,54.9531],[-1.6343,55.5665],[-1.7211,55.5665],[-1.7258,55.613],[-1.8531,55.6593],[-2.138,55.9146],[-2.3078,55.935],[-2.5079,56.0102],[-2.5836,56.0028],[-2.5694,56.0245],[-2.6351,56.0581],[-2.8232,56.0598],[-2.9399,55.9693],[-3.0782,55.9468],[-3.331,55.9941],[-3.6562,56.0102],[-3.797,56.0885],[-3.7837,55.9766],[-3.8716,55.9766],[-3.976,56.1136],[-4.1519,56.1136],[-4.3109,55.9766],[-4.694,55.9766],[-4.4817,55.9283],[-4.506,55.9191],[-4.7994,55.9579],[-4.8865,55.9197],[-4.8611,55.7567],[-4.9205,55.7086],[-4.6927,55.6052],[-4.6662,55.5622],[-4.6872,55.5441],[-4.6178,55.4956],[-4.8325,55.3311],[-4.8673,55.2225],[-5.0078,55.1412],[-5.0503,55.0268],[-4.9956,54.9203],[-5.0609,54.9311],[-5.0695,54.986],[-5.1151,55.0316],[-5.1708,55.0087],[-5.1571,54.8791],[-4.9547,54.7285],[-4.9581,54.6865],[-4.9367,54.6811],[-4.9537,54.8171],[-4.8591,54.8663],[-4.5903,54.7705],[-4.4233,54.7491],[-4.3484,54.761],[-4.3596,54.8166],[-4.4029,54.8247],[-4.4265,54.8695],[-4.4029,54.9073],[-4.2707,54.8394],[-4.2006,54.8663],[-4.2091,54.8262],[-4.1674,54.7898],[-4.064,54.8315],[-4.0489,54.8087],[-3.8506,54.8403],[-3.817,54.8862],[-3.8124,54.8552],[-3.5817,54.8836],[-3.5705,54.9954],[-3.0218,54.9755],[-3.0907,54.9612],[-3.0218,54.9544],[-3.1228,54.9327],[-3.2765,54.9434],[-3.3173,54.9203],[-3.2546,54.8998],[-3.3879,54.8834],[-3.4396,54.7615],[-3.5092,54.7217],[-3.6342,54.5129],[-3.4134,54.343],[-3.4074,54.2777],[-3.3068,54.1919],[-3.2322,54.2025],[-3.2074,54.263],[-3.2152,54.1798],[-3.2484,54.1737],[-3.241,54.1121],[-3.1543,54.0706],[-3.061,54.1619],[-3.0492,54.2221],[-3.0154,54.2119],[-2.9977,54.1596],[-2.9392,54.1551],[-2.796,54.2487],[-2.8542,54.1941],[-2.796,54.1252],[-2.9182,54.0343],[-2.8955,54.0023],[-2.8301,54.016],[-2.858,53.9676],[-3.0566,53.9062],[-3.0492,53.7695],[-2.9849,53.7361],[-2.899,53.7354],[-3.0218,53.6528],[-3.1019,53.5581],[-2.925,53.35],[-2.7998,53.321],[-2.6998,53.3518],[-2.7755,53.2999],[-2.8815,53.2884],[-2.953,53.3239],[-3.0122,53.4167],[-3.0583,53.4348],[-3.1864,53.3928],[-3.0845,53.2755],[-3.0878,53.2347],[-3.3303,53.3518],[-3.6022,53.2889],[-3.7163,53.2869],[-3.8784,53.3376],[-3.8313,53.2891],[-4.178,53.2176],[-4.3207,53.1015],[-4.3409,53.1127],[-4.3582,53.0285],[-4.5961,52.9284],[-4.7628,52.7895],[-4.5946,52.8168],[-4.5274,52.7933],[-4.4066,52.8925],[-4.2953,52.9227],[-4.2898,52.9039],[-4.0776,52.9267],[-4.1299,52.8892],[-4.1173,52.8308],[-4.149,52.8121],[-4.0488,52.7216],[-3.9883,52.7343],[-4.0565,52.7007],[-4.1255,52.6039],[-4.0531,52.5424],[-3.9473,52.5493],[-4.0565,52.5294],[-4.1096,52.3653],[-4.1971,52.2793],[-4.3158,52.2163],[-4.5023,52.1384],[-4.6375,52.1385],[-4.6757,52.1269],[-4.6735,52.0974],[-4.7203,52.1133],[-4.838,52.049],[-4.8414,52.0148],[-5.0812,52.0212],[-5.088,51.976],[-5.2359,51.9227],[-5.2425,51.8745],[-5.1259,51.856],[-5.1103,51.7785],[-5.2495,51.7337],[-5.1829,51.6893],[-5.1492,51.7181],[-4.9106,51.7182],[-4.9005,51.7621],[-4.9336,51.7753],[-4.8243,51.7957],[-4.879,51.762],[-4.8448,51.7138],[-5.1197,51.6784],[-4.941,51.5965],[-4.8635,51.6441],[-4.7123,51.6501],[-4.6454,51.7321],[-4.4608,51.7358],[-4.4265,51.7473],[-4.4458,51.7733],[-4.3992,51.7616],[-4.3651,51.789],[-4.3625,51.7429],[-4.3105,51.7337],[-4.3793,51.7269],[-4.3153,51.6775],[-4.0705,51.676],[-4.0913,51.6399],[-4.221,51.6238],[-4.2347,51.645],[-4.2899,51.617],[-4.2899,51.5556],[-4.0318,51.5578],[-3.9777,51.5665],[-3.9999,51.5909],[-3.9766,51.6119],[-3.8416,51.6215],[-3.7701,51.5633],[-3.7376,51.4909],[-3.6632,51.4762],[-3.5392,51.3985],[-3.2894,51.3842],[-3.1214,51.5134],[-3.0922,51.5023],[-2.9747,51.563],[-2.8587,51.5461],[-2.7131,51.5866],[-2.4821,51.7429],[-2.3834,51.7733],[-2.5564,51.6592],[-2.6962,51.5126],[-2.9747,51.3842],[-2.9922,51.3219],[-3.0218,51.3228],[-2.9996,51.2332],[-3.0218,51.1925],[-3.0293,51.2204],[-3.385,51.1862],[-3.7692,51.2477],[-4.2285,51.1925],[-4.2148,51.1515],[-4.2558,51.1515],[-4.208,51.0764],[-4.3023,51.0075],[-4.5264,51.015],[-4.5501,50.8096],[-4.5773,50.7747],[-4.7519,50.6701],[-4.7925,50.5952],[-4.9209,50.5789],[-4.9219,50.5549],[-4.8448,50.5141],[-4.9336,50.5202],[-4.9473,50.5624],[-5.0156,50.538],[-5.0503,50.4287],[-5.1537,50.3995],[-5.1499,50.3502],[-5.438,50.1943],[-5.511,50.2195],[-5.6846,50.1615],[-5.7156,50.0827]]],[[[-5.014,55.9766],[-4.9831,55.871],[-4.9137,55.9619],[-5.014,55.9766]]],[[[-4.4098,53.1455],[-4.3439,53.1321],[-4.222,53.1821],[-4.0429,53.3028],[-4.1091,53.3131],[-4.4098,53.1455]]],[[[-3.8,56.1136],[-3.6715,56.0508],[-3.421,56.0249],[-3.1636,56.0639],[-3.1333,56.1136],[-3.8,56.1136]]]]}},{"type":"Feature","properties":{"territoryId":"cliopatria-q849967-f7d60ece7a","name":"(Brythonic Kingdoms)","name_ko":"브리튼족","color":"#454ae3","colorFamily":0,"startYear":523,"endYear":533,"source_name":"Cliopatria v0.2.0","source_url":"https://github.com/Seshat-Global-History-Databank/cliopatria","license":"CC BY 4.0","attribution":"Seshat Global History Databank, Cliopatria contributors"},"geometry":{"type":"MultiPolygon","coordinates":[[[[-4.7849,48.4362],[-4.7684,48.3454],[-4.7045,48.3416],[-4.2899,48.4316],[-4.4537,48.3354],[-4.2694,48.3627],[-4.3247,48.3217],[-4.1875,48.3075],[-4.5155,48.2958],[-4.5432,48.3047],[-4.5467,48.3468],[-4.5752,48.29],[-4.6163,48.2877],[-4.5472,48.2526],[-4.5575,48.1772],[-4.4855,48.2426],[-4.3793,48.2324],[-4.3024,48.1964],[-4.2854,48.1154],[-4.7002,48.0746],[-4.6964,48.0368],[-4.572,48.0059],[-4.5333,48.0263],[-4.4346,47.9757],[-4.3473,47.8629],[-4.3718,47.8072],[-4.1654,47.8308],[-4.1856,47.8744],[-4.1112,47.8693],[-4.1322,47.9239],[-4.1066,47.8801],[-4.0367,47.855],[-3.9618,47.9],[-3.8517,47.801],[-3.7232,47.8134],[-3.5283,47.7799],[-3.4822,47.73],[-3.3761,47.73],[-3.2826,47.7873],[-3.3465,47.73],[-3.2242,47.6564],[-3.1932,47.6837],[-3.2074,47.6973],[-3.1591,47.711],[-3.1932,47.7464],[-3.1391,47.7526],[-3.1112,47.7042],[-3.1864,47.6806],[-3.2006,47.6396],[-3.1412,47.598],[-3.1322,47.4795],[-3.1019,47.4965],[-3.1233,47.5988],[-3.0738,47.5765],[-3.0157,47.5812],[-3.0118,47.6072],[-3.0034,47.5787],[-2.9441,47.5846],[-2.9747,47.6638],[-2.9331,47.6365],[-2.9399,47.6018],[-2.8668,47.6072],[-2.782,47.6356],[-2.4472,47.8619],[-1.7967,47.9938],[-1.8021,48.0597],[-1.7194,48.0597],[-1.7248,48.1257],[-1.642,48.1257],[-1.6689,48.4559],[-1.5083,48.522],[-1.5918,48.6396],[-1.796,48.6159],[-1.861,48.6409],[-1.8537,48.6723],[-1.9867,48.6819],[-2.0287,48.6433],[-1.953,48.575],[-1.9803,48.5887],[-1.9394,48.534],[-1.9803,48.5136],[-2.0524,48.6501],[-2.1448,48.6365],[-2.1243,48.6091],[-2.161,48.613],[-2.1741,48.583],[-2.1926,48.6159],[-2.2137,48.5819],[-2.251,48.6501],[-2.3303,48.6296],[-2.282,48.6706],[-2.3161,48.6986],[-2.3862,48.6501],[-2.4875,48.6501],[-2.4595,48.6365],[-2.62,48.5436],[-2.6761,48.5402],[-2.6824,48.509],[-2.7345,48.534],[-2.714,48.5607],[-2.813,48.5986],[-2.8246,48.6476],[-2.9467,48.7332],[-2.9586,48.7697],[-3.0424,48.7879],[-3.0082,48.8078],[-3.0199,48.8256],[-3.0655,48.824],[-3.1255,48.76],[-3.0771,48.8283],[-3.1037,48.8767],[-3.2205,48.7941],[-3.2136,48.8698],[-3.3976,48.8073],[-3.5153,48.8419],[-3.5815,48.7906],[-3.5283,48.7395],[-3.5805,48.7332],[-3.5705,48.688],[-3.8101,48.7332],[-3.8375,48.6706],[-3.8579,48.6849],[-3.8517,48.6296],[-3.9063,48.6644],[-3.892,48.678],[-3.9547,48.6575],[-3.9699,48.7204],[-4.0565,48.7121],[-4.064,48.6849],[-4.1739,48.6911],[-4.213,48.6612],[-4.1938,48.6501],[-4.3065,48.6415],[-4.2991,48.6636],[-4.3433,48.6789],[-4.4265,48.6575],[-4.4066,48.6433],[-4.5636,48.6296],[-4.5301,48.6017],[-4.6077,48.603],[-4.5773,48.5682],[-4.722,48.5682],[-4.7849,48.4362]]],[[[-5.7156,50.0827],[-5.6674,50.0429],[-5.5635,50.0596],[-5.5409,50.1135],[-5.4748,50.1304],[-5.3044,50.0803],[-5.2452,49.9931],[-5.1786,49.9831],[-5.0666,50.081],[-5.126,50.0963],[-5.0434,50.1441],[-5.0646,50.1584],[-5.053,50.1958],[-5.0204,50.192],[-5.0086,50.1504],[-4.9287,50.246],[-4.7794,50.2806],[-4.7633,50.3221],[-4.6943,50.3435],[-4.6735,50.3154],[-4.3548,50.3791],[-4.1983,50.3791],[-4.2899,50.3974],[-4.2285,50.3974],[-4.2347,50.4383],[-4.2006,50.4594],[-4.1595,50.4594],[-4.1915,50.4176],[-4.1715,50.3828],[-4.105,50.3707],[-4.1083,50.3366],[-4.0544,50.3004],[-3.961,50.3223],[-3.836,50.246],[-3.6518,50.246],[-3.632,50.3123],[-3.5516,50.3492],[-3.5307,50.4144],[-3.5563,50.4321],[-3.5173,50.4563],[-3.4644,50.6785],[-3.4344,50.65],[-2.8648,50.7338],[-2.5895,50.6422],[-2.4467,50.6237],[-2.3983,50.6456],[-2.0901,50.6023],[-2.0319,50.7097],[-2.0827,50.699],[-2.039,50.7399],[-1.9488,50.7121],[-1.7786,50.7207],[-1.8015,50.9789],[-2.1702,51.3128],[-2.2205,51.8481],[-1.6438,52.0492],[-1.5038,52.3847],[-1.8831,52.7881],[-1.9216,53.1922],[-2.0075,53.1922],[-2.0403,53.5296],[-2.1264,53.5296],[-2.187,54.1384],[-1.9475,54.3417],[-1.36,54.5453],[-1.286,54.6811],[-1.2924,54.7491],[-1.486,54.9531],[-1.6343,55.5665],[-1.7211,55.5665],[-1.7258,55.613],[-1.8531,55.6593],[-2.138,55.9146],[-2.3078,55.935],[-2.5079,56.0102],[-2.5836,56.0028],[-2.5694,56.0245],[-2.6351,56.0581],[-2.8232,56.0598],[-2.9399,55.9693],[-3.0782,55.9468],[-3.331,55.9941],[-3.6562,56.0102],[-3.797,56.0885],[-3.7837,55.9766],[-3.8716,55.9766],[-3.976,56.1136],[-4.1519,56.1136],[-4.3109,55.9766],[-4.694,55.9766],[-4.4817,55.9283],[-4.506,55.9191],[-4.7994,55.9579],[-4.8865,55.9197],[-4.8611,55.7567],[-4.9205,55.7086],[-4.6927,55.6052],[-4.6662,55.5622],[-4.6872,55.5441],[-4.6178,55.4956],[-4.8325,55.3311],[-4.8673,55.2225],[-5.0078,55.1412],[-5.0503,55.0268],[-4.9956,54.9203],[-5.0609,54.9311],[-5.0695,54.986],[-5.1151,55.0316],[-5.1708,55.0087],[-5.1571,54.8791],[-4.9547,54.7285],[-4.9581,54.6865],[-4.9367,54.6811],[-4.9537,54.8171],[-4.8591,54.8663],[-4.5903,54.7705],[-4.4233,54.7491],[-4.3484,54.761],[-4.3596,54.8166],[-4.4029,54.8247],[-4.4265,54.8695],[-4.4029,54.9073],[-4.2707,54.8394],[-4.2006,54.8663],[-4.2091,54.8262],[-4.1674,54.7898],[-4.064,54.8315],[-4.0489,54.8087],[-3.8506,54.8403],[-3.817,54.8862],[-3.8124,54.8552],[-3.5817,54.8836],[-3.5705,54.9954],[-3.0218,54.9755],[-3.0907,54.9612],[-3.0218,54.9544],[-3.1228,54.9327],[-3.2765,54.9434],[-3.3173,54.9203],[-3.2546,54.8998],[-3.3879,54.8834],[-3.4396,54.7615],[-3.5092,54.7217],[-3.6342,54.5129],[-3.4134,54.343],[-3.4074,54.2777],[-3.3068,54.1919],[-3.2322,54.2025],[-3.2074,54.263],[-3.2152,54.1798],[-3.2484,54.1737],[-3.241,54.1121],[-3.1543,54.0706],[-3.061,54.1619],[-3.0492,54.2221],[-3.0154,54.2119],[-2.9977,54.1596],[-2.9392,54.1551],[-2.796,54.2487],[-2.8542,54.1941],[-2.796,54.1252],[-2.9182,54.0343],[-2.8955,54.0023],[-2.8301,54.016],[-2.858,53.9676],[-3.0566,53.9062],[-3.0492,53.7695],[-2.9849,53.7361],[-2.899,53.7354],[-3.0218,53.6528],[-3.1019,53.5581],[-2.925,53.35],[-2.7998,53.321],[-2.6998,53.3518],[-2.7755,53.2999],[-2.8815,53.2884],[-2.953,53.3239],[-3.0122,53.4167],[-3.0583,53.4348],[-3.1864,53.3928],[-3.0845,53.2755],[-3.0878,53.2347],[-3.3303,53.3518],[-3.6022,53.2889],[-3.7163,53.2869],[-3.7987,53.3177],[-3.8509,53.3093],[-3.8313,53.2891],[-4.178,53.2176],[-4.3207,53.1015],[-4.3409,53.1127],[-4.3582,53.0285],[-4.5961,52.9284],[-4.757,52.798],[-4.2953,52.9227],[-4.2898,52.9039],[-4.0776,52.9267],[-4.1299,52.8892],[-4.1173,52.8308],[-4.149,52.8121],[-4.0488,52.7216],[-3.9883,52.7343],[-4.0565,52.7007],[-4.1255,52.6039],[-4.0531,52.5424],[-3.9473,52.5493],[-4.0565,52.5294],[-4.1096,52.3653],[-4.1971,52.2793],[-4.3158,52.2163],[-4.5023,52.1384],[-4.6375,52.1385],[-4.6757,52.1269],[-4.6735,52.0974],[-4.7203,52.1133],[-4.838,52.049],[-4.8414,52.0148],[-5.0812,52.0212],[-5.088,51.976],[-5.2359,51.9227],[-5.2425,51.8745],[-5.1259,51.856],[-5.1103,51.7785],[-5.2495,51.7337],[-5.1829,51.6893],[-5.1492,51.7181],[-4.9106,51.7182],[-4.9005,51.7621],[-4.9336,51.7753],[-4.8243,51.7957],[-4.879,51.762],[-4.8448,51.7138],[-5.1197,51.6784],[-4.941,51.5965],[-4.8635,51.6441],[-4.7123,51.6501],[-4.6454,51.7321],[-4.4608,51.7358],[-4.4265,51.7473],[-4.4458,51.7733],[-4.3992,51.7616],[-4.3651,51.789],[-4.3625,51.7429],[-4.3105,51.7337],[-4.3793,51.7269],[-4.3153,51.6775],[-4.0705,51.676],[-4.0913,51.6399],[-4.221,51.6238],[-4.2347,51.645],[-4.2899,51.617],[-4.2899,51.5556],[-4.0318,51.5578],[-3.9777,51.5665],[-3.9999,51.5909],[-3.9766,51.6119],[-3.8416,51.6215],[-3.7701,51.5633],[-3.7376,51.4909],[-3.6632,51.4762],[-3.5392,51.3985],[-3.2894,51.3842],[-3.1214,51.5134],[-3.0922,51.5023],[-2.9747,51.563],[-2.8587,51.5461],[-2.7131,51.5866],[-2.4821,51.7429],[-2.3834,51.7733],[-2.5564,51.6592],[-2.6962,51.5126],[-2.9747,51.3842],[-2.9922,51.3219],[-3.0218,51.3228],[-2.9996,51.2332],[-3.0218,51.1925],[-3.0293,51.2204],[-3.385,51.1862],[-3.7692,51.2477],[-4.2285,51.1925],[-4.2148,51.1515],[-4.2558,51.1515],[-4.208,51.0764],[-4.3023,51.0075],[-4.5264,51.015],[-4.5501,50.8096],[-4.5773,50.7747],[-4.7519,50.6701],[-4.7925,50.5952],[-4.9209,50.5789],[-4.9219,50.5549],[-4.8448,50.5141],[-4.9336,50.5202],[-4.9473,50.5624],[-5.0156,50.538],[-5.0503,50.4287],[-5.1537,50.3995],[-5.1499,50.3502],[-5.438,50.1943],[-5.511,50.2195],[-5.6846,50.1615],[-5.7156,50.0827]]],[[[-5.014,55.9766],[-4.9831,55.871],[-4.9137,55.9619],[-5.014,55.9766]]],[[[-4.6842,53.3148],[-4.6767,53.2851],[-4.5636,53.2419],[-4.6263,53.3209],[-4.6842,53.3148]]],[[[-4.571,53.2755],[-4.4954,53.1799],[-4.4476,53.1594],[-4.3851,53.1824],[-4.4066,53.1306],[-4.222,53.1821],[-4.1955,53.2203],[-4.0733,53.2738],[-4.1621,53.2596],[-4.2767,53.401],[-4.4254,53.4267],[-4.571,53.3928],[-4.571,53.2755]]],[[[-3.8,56.1136],[-3.6715,56.0508],[-3.421,56.0249],[-3.1636,56.0639],[-3.1333,56.1136],[-3.8,56.1136]]]]}},{"type":"Feature","properties":{"territoryId":"cliopatria-q849967-f7d60ece7a","name":"(Brythonic Kingdoms)","name_ko":"브리튼족","color":"#454ae3","colorFamily":0,"startYear":534,"endYear":539,"source_name":"Cliopatria v0.2.0","source_url":"https://github.com/Seshat-Global-History-Databank/cliopatria","license":"CC BY 4.0","attribution":"Seshat Global History Databank, Cliopatria contributors"},"geometry":{"type":"MultiPolygon","coordinates":[[[[-4.7849,48.4362],[-4.7684,48.3454],[-4.7045,48.3416],[-4.2899,48.4316],[-4.4537,48.3354],[-4.2694,48.3627],[-4.3247,48.3217],[-4.1875,48.3075],[-4.5155,48.2958],[-4.5432,48.3047],[-4.5467,48.3468],[-4.5752,48.29],[-4.6163,48.2877],[-4.5472,48.2526],[-4.5575,48.1772],[-4.4855,48.2426],[-4.3793,48.2324],[-4.3024,48.1964],[-4.2854,48.1154],[-4.7002,48.0746],[-4.6964,48.0368],[-4.572,48.0059],[-4.5333,48.0263],[-4.4346,47.9757],[-4.3473,47.8629],[-4.3718,47.8072],[-4.1654,47.8308],[-4.1856,47.8744],[-4.1112,47.8693],[-4.1322,47.9239],[-4.1066,47.8801],[-4.0367,47.855],[-3.9618,47.9],[-3.8517,47.801],[-3.7232,47.8134],[-3.5283,47.7799],[-3.4822,47.73],[-3.3761,47.73],[-3.2826,47.7873],[-3.3465,47.73],[-3.2242,47.6564],[-3.1932,47.6837],[-3.2074,47.6973],[-3.1591,47.711],[-3.1932,47.7464],[-3.1391,47.7526],[-3.1112,47.7042],[-3.1864,47.6806],[-3.2006,47.6396],[-3.1412,47.598],[-3.1322,47.4795],[-3.1019,47.4965],[-3.1233,47.5988],[-3.0738,47.5765],[-3.0157,47.5812],[-3.0118,47.6072],[-3.0034,47.5787],[-2.9441,47.5846],[-2.9747,47.6638],[-2.9331,47.6365],[-2.9399,47.6018],[-2.8668,47.6072],[-2.782,47.6356],[-2.4472,47.8619],[-1.7967,47.9938],[-1.8021,48.0597],[-1.7194,48.0597],[-1.7248,48.1257],[-1.642,48.1257],[-1.6689,48.4559],[-1.5083,48.522],[-1.5918,48.6396],[-1.796,48.6159],[-1.861,48.6409],[-1.8537,48.6723],[-1.9867,48.6819],[-2.0287,48.6433],[-1.953,48.575],[-1.9803,48.5887],[-1.9394,48.534],[-1.9803,48.5136],[-2.0524,48.6501],[-2.1448,48.6365],[-2.1243,48.6091],[-2.161,48.613],[-2.1741,48.583],[-2.1926,48.6159],[-2.2137,48.5819],[-2.251,48.6501],[-2.3303,48.6296],[-2.282,48.6706],[-2.3161,48.6986],[-2.3862,48.6501],[-2.4875,48.6501],[-2.4595,48.6365],[-2.62,48.5436],[-2.6761,48.5402],[-2.6824,48.509],[-2.7345,48.534],[-2.714,48.5607],[-2.813,48.5986],[-2.8246,48.6476],[-2.9467,48.7332],[-2.9586,48.7697],[-3.0424,48.7879],[-3.0082,48.8078],[-3.0199,48.8256],[-3.0655,48.824],[-3.1255,48.76],[-3.0771,48.8283],[-3.1037,48.8767],[-3.2205,48.7941],[-3.2136,48.8698],[-3.3976,48.8073],[-3.5153,48.8419],[-3.5815,48.7906],[-3.5283,48.7395],[-3.5805,48.7332],[-3.5705,48.688],[-3.8101,48.7332],[-3.8375,48.6706],[-3.8579,48.6849],[-3.8517,48.6296],[-3.9063,48.6644],[-3.892,48.678],[-3.9547,48.6575],[-3.9699,48.7204],[-4.0565,48.7121],[-4.064,48.6849],[-4.1739,48.6911],[-4.213,48.6612],[-4.1938,48.6501],[-4.3065,48.6415],[-4.2991,48.6636],[-4.3433,48.6789],[-4.4265,48.6575],[-4.4066,48.6433],[-4.5636,48.6296],[-4.5301,48.6017],[-4.6077,48.603],[-4.5773,48.5682],[-4.722,48.5682],[-4.7849,48.4362]]],[[[-5.7156,50.0827],[-5.6674,50.0429],[-5.5635,50.0596],[-5.5409,50.1135],[-5.4748,50.1304],[-5.3044,50.0803],[-5.2452,49.9931],[-5.1786,49.9831],[-5.0666,50.081],[-5.126,50.0963],[-5.0434,50.1441],[-5.0646,50.1584],[-5.053,50.1958],[-5.0204,50.192],[-5.0086,50.1504],[-4.9287,50.246],[-4.7794,50.2806],[-4.7633,50.3221],[-4.6943,50.3435],[-4.6735,50.3154],[-4.3548,50.3791],[-4.1983,50.3791],[-4.2899,50.3974],[-4.2285,50.3974],[-4.2347,50.4383],[-4.2006,50.4594],[-4.1595,50.4594],[-4.1915,50.4176],[-4.1715,50.3828],[-4.105,50.3707],[-4.1083,50.3366],[-4.0544,50.3004],[-3.961,50.3223],[-3.836,50.246],[-3.6518,50.246],[-3.632,50.3123],[-3.5516,50.3492],[-3.5307,50.4144],[-3.5563,50.4321],[-3.5173,50.4563],[-3.4644,50.6785],[-3.4344,50.65],[-2.8648,50.7338],[-2.5895,50.6422],[-2.4467,50.6237],[-2.3983,50.6456],[-2.0901,50.6023],[-2.0319,50.7097],[-2.0827,50.699],[-2.039,50.7399],[-1.9488,50.7121],[-1.7786,50.7207],[-1.8015,50.9789],[-2.1702,51.3128],[-2.2078,51.7142],[-2.1418,51.9151],[-1.6438,52.0492],[-1.4916,52.2505],[-1.5099,52.4519],[-1.8831,52.7881],[-2.0403,53.5296],[-2.1264,53.5296],[-2.187,54.1384],[-1.9475,54.3417],[-1.36,54.5453],[-1.286,54.6811],[-1.2924,54.7491],[-1.486,54.9531],[-1.6343,55.5665],[-1.7211,55.5665],[-1.7258,55.613],[-1.8531,55.6593],[-2.138,55.9146],[-2.3078,55.935],[-2.5079,56.0102],[-2.5836,56.0028],[-2.5694,56.0245],[-2.6351,56.0581],[-2.8232,56.0598],[-2.9399,55.9693],[-3.0782,55.9468],[-3.331,55.9941],[-3.6562,56.0102],[-3.797,56.0885],[-3.7837,55.9766],[-3.8716,55.9766],[-3.976,56.1136],[-4.1519,56.1136],[-4.3109,55.9766],[-4.694,55.9766],[-4.4817,55.9283],[-4.506,55.9191],[-4.7994,55.9579],[-4.8865,55.9197],[-4.8611,55.7567],[-4.9205,55.7086],[-4.6927,55.6052],[-4.6662,55.5622],[-4.6872,55.5441],[-4.6178,55.4956],[-4.8325,55.3311],[-4.8673,55.2225],[-5.0078,55.1412],[-5.0503,55.0268],[-4.9956,54.9203],[-5.0609,54.9311],[-5.0695,54.986],[-5.1151,55.0316],[-5.1708,55.0087],[-5.1571,54.8791],[-4.9547,54.7285],[-4.9581,54.6865],[-4.9367,54.6811],[-4.9537,54.8171],[-4.8591,54.8663],[-4.5903,54.7705],[-4.4233,54.7491],[-4.3484,54.761],[-4.3596,54.8166],[-4.4029,54.8247],[-4.4265,54.8695],[-4.4029,54.9073],[-4.2707,54.8394],[-4.2006,54.8663],[-4.2091,54.8262],[-4.1674,54.7898],[-4.064,54.8315],[-4.0489,54.8087],[-3.8506,54.8403],[-3.817,54.8862],[-3.8124,54.8552],[-3.5817,54.8836],[-3.5705,54.9954],[-3.0218,54.9755],[-3.0907,54.9612],[-3.0218,54.9544],[-3.1228,54.9327],[-3.2765,54.9434],[-3.3173,54.9203],[-3.2546,54.8998],[-3.3879,54.8834],[-3.4396,54.7615],[-3.5092,54.7217],[-3.6342,54.5129],[-3.4134,54.343],[-3.4074,54.2777],[-3.3068,54.1919],[-3.2322,54.2025],[-3.2074,54.263],[-3.2152,54.1798],[-3.2484,54.1737],[-3.241,54.1121],[-3.1543,54.0706],[-3.061,54.1619],[-3.0492,54.2221],[-3.0154,54.2119],[-2.9977,54.1596],[-2.9392,54.1551],[-2.796,54.2487],[-2.8542,54.1941],[-2.796,54.1252],[-2.9182,54.0343],[-2.8955,54.0023],[-2.8301,54.016],[-2.858,53.9676],[-3.0566,53.9062],[-3.0492,53.7695],[-2.9849,53.7361],[-2.899,53.7354],[-3.0218,53.6528],[-3.1019,53.5581],[-2.925,53.35],[-2.7998,53.321],[-2.6998,53.3518],[-2.7755,53.2999],[-2.8815,53.2884],[-2.953,53.3239],[-3.0122,53.4167],[-3.0583,53.4348],[-3.1864,53.3928],[-3.0845,53.2755],[-3.0878,53.2347],[-3.3303,53.3518],[-3.6022,53.2889],[-3.7163,53.2869],[-3.7987,53.3177],[-3.8509,53.3093],[-3.8313,53.2891],[-4.178,53.2176],[-4.3207,53.1015],[-4.3409,53.1127],[-4.3582,53.0285],[-4.5961,52.9284],[-4.757,52.798],[-4.2953,52.9227],[-4.2898,52.9039],[-4.0776,52.9267],[-4.1299,52.8892],[-4.1173,52.8308],[-4.149,52.8121],[-4.0488,52.7216],[-3.9883,52.7343],[-4.0565,52.7007],[-4.1255,52.6039],[-4.0531,52.5424],[-3.9473,52.5493],[-4.0565,52.5294],[-4.1096,52.3653],[-4.1971,52.2793],[-4.3158,52.2163],[-4.5023,52.1384],[-4.6375,52.1385],[-4.6757,52.1269],[-4.6735,52.0974],[-4.7203,52.1133],[-4.838,52.049],[-4.8414,52.0148],[-5.0812,52.0212],[-5.088,51.976],[-5.2359,51.9227],[-5.2425,51.8745],[-5.1259,51.856],[-5.1103,51.7785],[-5.2495,51.7337],[-5.1829,51.6893],[-5.1492,51.7181],[-4.9106,51.7182],[-4.9005,51.7621],[-4.9336,51.7753],[-4.8243,51.7957],[-4.879,51.762],[-4.8448,51.7138],[-5.1197,51.6784],[-4.941,51.5965],[-4.8635,51.6441],[-4.7123,51.6501],[-4.6454,51.7321],[-4.4608,51.7358],[-4.4265,51.7473],[-4.4458,51.7733],[-4.3992,51.7616],[-4.3651,51.789],[-4.3625,51.7429],[-4.3105,51.7337],[-4.3793,51.7269],[-4.3153,51.6775],[-4.0705,51.676],[-4.0913,51.6399],[-4.221,51.6238],[-4.2347,51.645],[-4.2899,51.617],[-4.2899,51.5556],[-4.0318,51.5578],[-3.9777,51.5665],[-3.9999,51.5909],[-3.9766,51.6119],[-3.8416,51.6215],[-3.7701,51.5633],[-3.7376,51.4909],[-3.6632,51.4762],[-3.5392,51.3985],[-3.2894,51.3842],[-3.1214,51.5134],[-3.0922,51.5023],[-2.9747,51.563],[-2.8587,51.5461],[-2.7131,51.5866],[-2.4821,51.7429],[-2.3834,51.7733],[-2.5564,51.6592],[-2.6962,51.5126],[-2.9747,51.3842],[-2.9922,51.3219],[-3.0218,51.3228],[-2.9996,51.2332],[-3.0218,51.1925],[-3.0293,51.2204],[-3.385,51.1862],[-3.7692,51.2477],[-4.2285,51.1925],[-4.2148,51.1515],[-4.2558,51.1515],[-4.208,51.0764],[-4.3023,51.0075],[-4.5264,51.015],[-4.5501,50.8096],[-4.5773,50.7747],[-4.7519,50.6701],[-4.7925,50.5952],[-4.9209,50.5789],[-4.9219,50.5549],[-4.8448,50.5141],[-4.9336,50.5202],[-4.9473,50.5624],[-5.0156,50.538],[-5.0503,50.4287],[-5.1537,50.3995],[-5.1499,50.3502],[-5.438,50.1943],[-5.511,50.2195],[-5.6846,50.1615],[-5.7156,50.0827]]],[[[-5.014,55.9766],[-4.9831,55.871],[-4.9137,55.9619],[-5.014,55.9766]]],[[[-4.6842,53.3148],[-4.6767,53.2851],[-4.5636,53.2419],[-4.6263,53.3209],[-4.6842,53.3148]]],[[[-4.571,53.2755],[-4.4954,53.1799],[-4.4476,53.1594],[-4.3851,53.1824],[-4.4066,53.1306],[-4.222,53.1821],[-4.1955,53.2203],[-4.0733,53.2738],[-4.1621,53.2596],[-4.2767,53.401],[-4.4254,53.4267],[-4.571,53.3928],[-4.571,53.2755]]],[[[-3.8,56.1136],[-3.6715,56.0508],[-3.421,56.0249],[-3.1636,56.0639],[-3.1333,56.1136],[-3.8,56.1136]]]]}},{"type":"Feature","properties":{"territoryId":"cliopatria-q849967-f7d60ece7a","name":"(Brythonic Kingdoms)","name_ko":"브리튼족","color":"#454ae3","colorFamily":0,"startYear":540,"endYear":554,"source_name":"Cliopatria v0.2.0","source_url":"https://github.com/Seshat-Global-History-Databank/cliopatria","license":"CC BY 4.0","attribution":"Seshat Global History Databank, Cliopatria contributors"},"geometry":{"type":"MultiPolygon","coordinates":[[[[-4.7849,48.4362],[-4.7684,48.3454],[-4.7045,48.3416],[-4.2899,48.4316],[-4.4537,48.3354],[-4.2694,48.3627],[-4.3247,48.3217],[-4.1875,48.3075],[-4.5155,48.2958],[-4.5432,48.3047],[-4.5467,48.3468],[-4.5752,48.29],[-4.6163,48.2877],[-4.5472,48.2526],[-4.5575,48.1772],[-4.4855,48.2426],[-4.3793,48.2324],[-4.3024,48.1964],[-4.2854,48.1154],[-4.7002,48.0746],[-4.6964,48.0368],[-4.572,48.0059],[-4.5333,48.0263],[-4.4346,47.9757],[-4.3473,47.8629],[-4.3718,47.8072],[-4.1654,47.8308],[-4.1856,47.8744],[-4.1112,47.8693],[-4.1322,47.9239],[-4.1066,47.8801],[-4.0367,47.855],[-3.9618,47.9],[-3.8517,47.801],[-3.7232,47.8134],[-3.5283,47.7799],[-3.4822,47.73],[-3.3761,47.73],[-3.2826,47.7873],[-3.3465,47.73],[-3.2242,47.6564],[-3.1932,47.6837],[-3.2074,47.6973],[-3.1591,47.711],[-3.1932,47.7464],[-3.1391,47.7526],[-3.1112,47.7042],[-3.1864,47.6806],[-3.2006,47.6396],[-3.1412,47.598],[-3.1322,47.4795],[-3.1019,47.4965],[-3.1233,47.5988],[-3.0738,47.5765],[-3.0157,47.5812],[-3.0118,47.6072],[-3.0034,47.5787],[-2.9441,47.5846],[-2.9747,47.6638],[-2.9331,47.6365],[-2.9399,47.6018],[-2.8668,47.6072],[-2.782,47.6356],[-2.4472,47.8619],[-1.7967,47.9938],[-1.8021,48.0597],[-1.7194,48.0597],[-1.7248,48.1257],[-1.642,48.1257],[-1.6689,48.4559],[-1.5083,48.522],[-1.5918,48.6396],[-1.796,48.6159],[-1.861,48.6409],[-1.8537,48.6723],[-1.9867,48.6819],[-2.0287,48.6433],[-1.953,48.575],[-1.9803,48.5887],[-1.9394,48.534],[-1.9803,48.5136],[-2.0524,48.6501],[-2.1448,48.6365],[-2.1243,48.6091],[-2.161,48.613],[-2.1741,48.583],[-2.1926,48.6159],[-2.2137,48.5819],[-2.251,48.6501],[-2.3303,48.6296],[-2.282,48.6706],[-2.3161,48.6986],[-2.3862,48.6501],[-2.4875,48.6501],[-2.4595,48.6365],[-2.62,48.5436],[-2.6761,48.5402],[-2.6824,48.509],[-2.7345,48.534],[-2.714,48.5607],[-2.813,48.5986],[-2.8246,48.6476],[-2.9467,48.7332],[-2.9586,48.7697],[-3.0424,48.7879],[-3.0082,48.8078],[-3.0199,48.8256],[-3.0655,48.824],[-3.1255,48.76],[-3.0771,48.8283],[-3.1037,48.8767],[-3.2205,48.7941],[-3.2136,48.8698],[-3.3976,48.8073],[-3.5153,48.8419],[-3.5815,48.7906],[-3.5283,48.7395],[-3.5805,48.7332],[-3.5705,48.688],[-3.8101,48.7332],[-3.8375,48.6706],[-3.8579,48.6849],[-3.8517,48.6296],[-3.9063,48.6644],[-3.892,48.678],[-3.9547,48.6575],[-3.9699,48.7204],[-4.0565,48.7121],[-4.064,48.6849],[-4.1739,48.6911],[-4.213,48.6612],[-4.1938,48.6501],[-4.3065,48.6415],[-4.2991,48.6636],[-4.3433,48.6789],[-4.4265,48.6575],[-4.4066,48.6433],[-4.5636,48.6296],[-4.5301,48.6017],[-4.6077,48.603],[-4.5773,48.5682],[-4.722,48.5682],[-4.7849,48.4362]]],[[[-5.7156,50.0827],[-5.6674,50.0429],[-5.5635,50.0596],[-5.5409,50.1135],[-5.4748,50.1304],[-5.3044,50.0803],[-5.2452,49.9931],[-5.1786,49.9831],[-5.0666,50.081],[-5.126,50.0963],[-5.0434,50.1441],[-5.0646,50.1584],[-5.053,50.1958],[-5.0204,50.192],[-5.0086,50.1504],[-4.9287,50.246],[-4.7794,50.2806],[-4.7633,50.3221],[-4.6943,50.3435],[-4.6735,50.3154],[-4.3548,50.3791],[-4.1983,50.3791],[-4.2899,50.3974],[-4.2285,50.3974],[-4.2347,50.4383],[-4.2006,50.4594],[-4.1595,50.4594],[-4.1915,50.4176],[-4.1715,50.3828],[-4.105,50.3707],[-4.1083,50.3366],[-4.0544,50.3004],[-3.961,50.3223],[-3.836,50.246],[-3.6518,50.246],[-3.632,50.3123],[-3.5516,50.3492],[-3.5307,50.4144],[-3.5563,50.4321],[-3.5173,50.4563],[-3.4644,50.6785],[-3.4344,50.65],[-2.8648,50.7338],[-2.6929,50.6928],[-2.4512,50.5789],[-2.4359,50.6375],[-2.3983,50.6456],[-2.0901,50.6023],[-2.0319,50.7097],[-2.0827,50.699],[-2.039,50.7399],[-1.9488,50.7121],[-1.7786,50.7207],[-1.8015,50.9789],[-2.1702,51.3128],[-2.2078,51.7142],[-2.1418,51.9151],[-1.6438,52.0492],[-1.4916,52.2505],[-1.5099,52.4519],[-1.8831,52.7881],[-2.0403,53.5296],[-2.1264,53.5296],[-2.187,54.1384],[-1.9475,54.3417],[-1.36,54.5453],[-1.286,54.6811],[-1.2924,54.7491],[-1.486,54.9531],[-1.6343,55.5665],[-1.7211,55.5665],[-1.7258,55.613],[-1.8531,55.6593],[-2.138,55.9146],[-2.3078,55.935],[-2.5079,56.0102],[-2.5836,56.0028],[-2.5694,56.0245],[-2.6351,56.0581],[-2.8232,56.0598],[-2.9399,55.9693],[-3.0782,55.9468],[-3.331,55.9941],[-3.6562,56.0102],[-3.797,56.0885],[-3.7837,55.9766],[-4.1519,56.1136],[-4.3109,55.9766],[-4.6248,55.9457],[-4.4817,55.9283],[-4.506,55.9191],[-4.6974,55.9385],[-4.8865,55.9197],[-4.8611,55.7567],[-4.9097,55.7151],[-4.9001,55.6956],[-4.8106,55.654],[-4.8181,55.6372],[-4.6927,55.6052],[-4.6662,55.5622],[-4.6872,55.5441],[-4.6178,55.4956],[-4.8325,55.3311],[-4.8673,55.2225],[-5.0078,55.1412],[-5.0503,55.0268],[-4.9956,54.9203],[-5.0609,54.9311],[-5.0695,54.986],[-5.1151,55.0316],[-5.1708,55.0087],[-5.1571,54.8791],[-4.9547,54.7285],[-4.9581,54.6865],[-4.9367,54.6811],[-4.9537,54.8171],[-4.8591,54.8663],[-4.5903,54.7705],[-4.4233,54.7491],[-4.3484,54.761],[-4.3596,54.8166],[-4.4029,54.8247],[-4.4265,54.8695],[-4.4029,54.9073],[-4.2707,54.8394],[-4.2006,54.8663],[-4.2091,54.8262],[-4.1674,54.7898],[-4.064,54.8315],[-4.0489,54.8087],[-3.8506,54.8403],[-3.817,54.8862],[-3.8124,54.8552],[-3.5817,54.8836],[-3.5705,54.9954],[-3.0218,54.9755],[-3.0907,54.9612],[-3.0218,54.9544],[-3.1228,54.9327],[-3.2765,54.9434],[-3.3173,54.9203],[-3.2546,54.8998],[-3.3879,54.8834],[-3.4396,54.7615],[-3.5092,54.7217],[-3.6342,54.5129],[-3.4134,54.343],[-3.4074,54.2777],[-3.3068,54.1919],[-3.2322,54.2025],[-3.2074,54.263],[-3.2152,54.1798],[-3.2484,54.1737],[-3.241,54.1121],[-3.1853,54.0945],[-3.1179,54.1088],[-3.061,54.1619],[-3.0492,54.2221],[-3.0154,54.2119],[-2.9977,54.1596],[-2.9392,54.1551],[-2.796,54.2487],[-2.8542,54.1941],[-2.796,54.1252],[-2.9182,54.0343],[-2.8955,54.0023],[-2.8301,54.016],[-2.858,53.9676],[-3.0566,53.9062],[-3.0492,53.7695],[-2.9849,53.7361],[-2.899,53.7354],[-3.0218,53.6528],[-3.1019,53.5581],[-2.925,53.35],[-2.7998,53.321],[-2.6998,53.3518],[-2.7755,53.2999],[-2.8815,53.2884],[-2.953,53.3239],[-3.0122,53.4167],[-3.0583,53.4348],[-3.1864,53.3928],[-3.0845,53.2755],[-3.0878,53.2347],[-3.3303,53.3518],[-3.6022,53.2889],[-3.7163,53.2869],[-3.8191,53.3217],[-3.8547,53.3132],[-3.8313,53.2891],[-4.178,53.2176],[-4.3207,53.1015],[-4.3409,53.1127],[-4.3582,53.0285],[-4.5961,52.9284],[-4.757,52.798],[-4.2953,52.9227],[-4.2898,52.9039],[-4.0776,52.9267],[-4.1299,52.8892],[-4.1173,52.8308],[-4.149,52.8121],[-4.0488,52.7216],[-3.9883,52.7343],[-4.0565,52.7007],[-4.1255,52.6039],[-4.0531,52.5424],[-3.9473,52.5493],[-4.0565,52.5294],[-4.1096,52.3653],[-4.1971,52.2793],[-4.3158,52.2163],[-4.5023,52.1384],[-4.6375,52.1385],[-4.6757,52.1269],[-4.6735,52.0974],[-4.7203,52.1133],[-4.838,52.049],[-4.8414,52.0148],[-5.0702,52.0264],[-5.1195,51.9589],[-5.2877,51.913],[-5.2825,51.8684],[-5.1259,51.856],[-5.1134,51.8288],[-5.1103,51.7785],[-5.2495,51.7337],[-5.1829,51.6893],[-5.1492,51.7181],[-4.9106,51.7182],[-4.9005,51.7621],[-4.9336,51.7753],[-4.8243,51.7957],[-4.879,51.762],[-4.8448,51.7138],[-5.1197,51.6784],[-4.9647,51.6034],[-4.8635,51.6441],[-4.7099,51.6548],[-4.6454,51.7321],[-4.4608,51.7358],[-4.4265,51.7473],[-4.4458,51.7733],[-4.3992,51.7616],[-4.3651,51.789],[-4.3625,51.7429],[-4.3105,51.7337],[-4.3793,51.7269],[-4.3153,51.6775],[-4.0705,51.676],[-4.0913,51.6399],[-4.221,51.6238],[-4.2347,51.645],[-4.2899,51.617],[-4.2899,51.5556],[-4.0318,51.5578],[-3.9777,51.5665],[-3.9999,51.5909],[-3.9766,51.6119],[-3.8416,51.6215],[-3.7701,51.5633],[-3.7376,51.4909],[-3.5482,51.4042],[-3.1688,51.4465],[-3.1186,51.485],[-3.1282,51.5803],[-3.1214,51.5134],[-3.0633,51.5134],[-2.9747,51.563],[-2.8587,51.5461],[-2.7131,51.5866],[-2.4821,51.7429],[-2.3834,51.7733],[-2.5564,51.6592],[-2.6962,51.5126],[-2.9747,51.3842],[-2.9922,51.3219],[-3.0218,51.3228],[-2.9996,51.2332],[-3.0218,51.1925],[-3.0293,51.2204],[-3.385,51.1862],[-3.7692,51.2477],[-4.2285,51.1925],[-4.2148,51.1515],[-4.2558,51.1515],[-4.208,51.0764],[-4.3023,51.0075],[-4.5264,51.015],[-4.5501,50.8096],[-4.5773,50.7747],[-4.7519,50.6701],[-4.7925,50.5952],[-4.9209,50.5789],[-4.9219,50.5549],[-4.8448,50.5141],[-4.9336,50.5202],[-4.9473,50.5624],[-5.0156,50.538],[-5.0503,50.4287],[-5.1537,50.3995],[-5.1499,50.3502],[-5.438,50.1943],[-5.511,50.2195],[-5.6846,50.1615],[-5.7156,50.0827]],[[-3.3184,51.7811],[-3.3115,51.7142],[-3.3047,51.6472],[-3.3184,51.7811]],[[-3.3047,51.6472],[-3.2198,51.6472],[-3.2164,51.6138],[-3.3047,51.6472]]],[[[-5.0051,55.9082],[-4.9831,55.871],[-4.9501,55.9136],[-5.0051,55.9082]]],[[[-4.6842,53.3148],[-4.6767,53.2851],[-4.5636,53.2419],[-4.6263,53.3209],[-4.6842,53.3148]]],[[[-4.571,53.2755],[-4.4954,53.1799],[-4.4476,53.1594],[-4.3851,53.1824],[-4.4066,53.1306],[-4.222,53.1821],[-4.1955,53.2203],[-4.0819,53.2655],[-4.1277,53.3131],[-4.2032,53.2985],[-4.2767,53.401],[-4.4254,53.4267],[-4.571,53.3928],[-4.571,53.2755]]],[[[-3.8,56.1136],[-3.6715,56.0508],[-3.421,56.0249],[-3.1636,56.0639],[-3.1333,56.1136],[-3.8,56.1136]]]]}},{"type":"Feature","properties":{"territoryId":"cliopatria-q146246-87b4c127c6","name":"(Kingdom of the Franks)","name_ko":"프랑크 왕국","color":"#e6a856","colorFamily":1,"startYear":500,"endYear":509,"source_name":"Cliopatria v0.2.0","source_url":"https://github.com/Seshat-Global-History-Databank/cliopatria","license":"CC BY 4.0","attribution":"Seshat Global History Databank, Cliopatria contributors"},"geometry":{"type":"Polygon","coordinates":[[[4.2387,49.98],[4.3225,49.98],[4.432,49.3826],[4.782,48.9851],[5.4505,48.9189],[5.4411,49.1838],[5.7612,49.5816],[6.1833,49.4489],[6.3484,49.5152],[6.3425,49.7143],[6.4262,49.7143],[6.169,49.9136],[6.1172,50.0044],[6.1563,49.9503],[6.0768,50.1795],[6.4048,50.4457],[6.7413,50.4457],[6.8219,50.5789],[6.9903,50.5789],[7.1539,50.7788],[7.1491,50.9789],[6.7124,51.5134],[6.2038,51.5134],[5.9604,51.1792],[5.9735,50.7788],[5.8913,50.7121],[5.0486,50.7121],[4.9696,50.5789],[4.6356,50.5122],[4.6412,50.3791],[4.4788,50.246],[4.3108,50.246],[4.2387,49.98]],[[4.5955,49.972],[4.6475,49.9865],[4.6458,49.9845],[4.5955,49.972]],[[5.9942,50.7426],[5.9949,50.7499],[5.9971,50.7629],[5.9942,50.7426]]]}},{"type":"Feature","properties":{"territoryId":"cliopatria-q146246-87b4c127c6","name":"(Kingdom of the Franks)","name_ko":"프랑크 왕국","color":"#e6a856","colorFamily":1,"startYear":510,"endYear":522,"source_name":"Cliopatria v0.2.0","source_url":"https://github.com/Seshat-Global-History-Databank/cliopatria","license":"CC BY 4.0","attribution":"Seshat Global History Databank, Cliopatria contributors"},"geometry":{"type":"MultiPolygon","coordinates":[[[[-1.8509,43.3769],[-1.8484,43.3421],[-1.768,43.3421],[-1.7706,43.3787],[-1.7755,43.3762],[-1.7941,43.386],[-1.8113,43.3951],[-1.8509,43.3769]]],[[[-2.8334,47.5536],[-2.7414,47.5089],[-2.5768,47.5539],[-2.632,47.5198],[-2.3639,47.5062],[-2.4947,47.4912],[-2.3918,47.4237],[-2.5564,47.3832],[-2.4362,47.307],[-2.542,47.3001],[-2.4551,47.269],[-2.0101,47.3197],[-1.727,47.2108],[-2.0146,47.3001],[-2.1606,47.2712],[-2.1418,47.1214],[-1.9907,47.0354],[-2.1288,46.8935],[-2.1188,46.82],[-1.9099,46.6918],[-1.7954,46.4945],[-1.7892,46.5329],[-1.2401,46.2842],[-1.1107,46.3027],[-1.2108,46.1745],[-1.0487,46.0388],[-1.1107,46.0184],[-1.0734,45.9044],[-1.1517,45.8681],[-0.9872,45.7174],[-1.1443,45.8061],[-1.2131,45.7588],[-1.0453,45.6933],[-1.0408,45.6302],[-0.7955,45.4771],[-0.656,45.0991],[-0.4938,44.998],[-0.5962,45.0246],[-0.5347,44.895],[-0.716,45.1345],[-0.7662,45.3261],[-0.9153,45.4504],[-1.0317,45.5035],[-1.1434,45.4504],[-1.2201,44.7226],[-1.1722,44.7783],[-1.0447,44.6694],[-1.2134,44.6291],[-1.3355,44.0655],[-1.3214,43.8634],[-1.3925,43.8634],[-1.4599,43.5375],[-1.768,43.3421],[-1.4418,43.2769],[-1.5177,43.2118],[-1.424,43.0165],[-0.9424,43.0165],[0.0401,42.6912],[1.0747,42.8213],[1.4855,42.6262],[1.7898,42.9515],[1.9503,42.9515],[2.095,43.2769],[2.6338,43.7982],[2.7951,43.7982],[3.0255,44.0591],[3.4292,44.0591],[3.8146,44.516],[4.0575,44.516],[4.1334,44.6466],[3.9688,44.7119],[4.0395,44.9734],[3.869,45.1696],[3.8582,45.4313],[3.0761,46.4802],[3.2275,46.7429],[2.9651,47.0716],[3.0343,47.3348],[2.9453,47.4665],[3.923,47.73],[4.6662,47.73],[4.7591,47.4665],[5.1761,47.3348],[5.1808,47.2032],[5.5144,47.0716],[5.5945,47.1374],[5.5769,47.6641],[5.8224,47.73],[5.8181,47.8619],[6.3102,47.9938],[6.9753,47.8619],[7.15,47.4665],[7.3148,47.4665],[7.484,47.269],[8.0615,47.2032],[8.3116,47.0058],[8.3938,47.0058],[8.3948,46.9401],[8.8878,46.9401],[8.8862,47.0716],[9.1308,47.269],[9.2955,47.269],[9.3766,47.4006],[9.9519,47.6641],[9.8681,47.8619],[9.9508,47.8619],[10.1134,48.4559],[11.0266,48.7865],[11.1108,49.1838],[10.9442,49.25],[10.5271,49.25],[9.7751,49.4489],[9.6907,49.5816],[9.4399,49.5816],[9.5204,49.98],[9.2665,50.246],[9.1781,50.7121],[9.3456,50.8455],[9.4271,51.246],[8.8371,51.0457],[8.3354,50.7121],[7.6517,51.1792],[7.649,51.3128],[7.3921,51.4465],[7.3013,51.7142],[6.6146,51.9822],[6.6127,52.0492],[6.6978,52.0492],[6.948,52.2505],[7.0165,52.9227],[6.9308,52.9227],[6.6662,53.1922],[6.4945,53.1922],[6.4126,53.0574],[6.241,53.0574],[6.2452,52.9227],[6.3309,52.9227],[6.2494,52.7881],[6.076,52.8554],[5.9948,52.7208],[5.655,52.6535],[5.5597,52.9227],[5.3857,52.99],[5.3908,52.8554],[4.8854,52.6535],[4.8112,52.3847],[4.5581,52.3176],[4.6521,52.1163],[4.4877,51.9822],[4.4966,51.7811],[4.1599,51.7142],[4.218,51.5199],[4.2967,51.4705],[4.2409,51.4435],[4.3084,51.2712],[4.1932,51.3744],[3.4166,51.3128],[3.4127,51.3889],[3.1248,51.3297],[2.5218,51.0875],[1.9214,50.9968],[1.5806,50.8688],[1.6104,50.5482],[1.5552,50.4048],[1.6104,50.3707],[1.5415,50.2779],[1.6725,50.1925],[1.521,50.2147],[1.2212,49.979],[0.5967,49.8572],[0.2359,49.7293],[0.0766,49.535],[0.2568,49.4641],[0.4932,49.4936],[0.4573,49.4674],[-0.2195,49.2801],[-0.9404,49.3923],[-1.0723,49.3968],[-1.1229,49.3454],[-1.2508,49.4489],[-1.336,49.7035],[-1.6067,49.6501],[-1.9352,49.7241],[-1.9456,49.678],[-1.8395,49.6198],[-1.8847,49.5309],[-1.8165,49.3837],[-1.6991,49.3559],[-1.6247,49.2193],[-1.5484,49.2255],[-1.6104,49.2159],[-1.5936,49.029],[-1.508,49.0337],[-1.6029,48.8494],[-1.5536,48.7471],[-1.3566,48.6433],[-1.5918,48.6396],[-1.5083,48.522],[-1.6689,48.4559],[-1.6473,48.1917],[-1.7967,47.9938],[-2.4472,47.8619],[-2.7756,47.6399],[-2.684,47.623],[-2.7202,47.5608],[-2.8334,47.5536]],[[4.2611,51.3694],[4.3685,51.3538],[4.3456,51.3523],[4.2611,51.3694]],[[3.8087,51.2053],[3.9378,51.2103],[3.927,51.2063],[3.8087,51.2053]],[[4.4533,51.4655],[4.4831,51.4743],[4.5252,51.4759],[4.4533,51.4655]],[[4.5955,49.972],[4.6475,49.9865],[4.6458,49.9845],[4.5955,49.972]],[[5.8604,51.0153],[5.8736,50.9906],[5.8746,50.9654],[5.8604,51.0153]],[[5.9942,50.7426],[5.9949,50.7499],[5.9971,50.7629],[5.9942,50.7426]],[[6.1149,50.1123],[6.1175,50.1205],[6.1295,50.134],[6.1149,50.1123]],[[6.1172,50.0044],[6.1619,49.9425],[6.154,49.9512],[6.1172,50.0044]],[[6.122,50.1618],[6.1232,50.1649],[6.1442,50.1681],[6.122,50.1618]],[[6.1468,50.214],[6.1572,50.2227],[6.1896,50.2427],[6.1468,50.214]],[[6.1532,50.1707],[6.1651,50.1819],[6.1591,50.1724],[6.1532,50.1707]],[[6.2494,49.4903],[6.3376,49.4581],[6.3253,49.4567],[6.2494,49.4903]],[[6.701,49.1729],[6.7221,49.158],[6.7138,49.1589],[6.701,49.1729]],[[7.4267,47.4621],[7.4274,47.4683],[7.4293,47.4651],[7.4267,47.4621]],[[7.5726,48.095],[7.5787,48.1112],[7.5757,48.0537],[7.5726,48.095]],[[7.5802,47.5822],[7.586,47.5846],[7.6032,47.5874],[7.5802,47.5822]],[[7.5825,48.1213],[7.5857,48.1297],[7.6134,48.1792],[7.5825,48.1213]],[[7.6097,47.5647],[7.6402,47.5703],[7.6359,47.5646],[7.6097,47.5647]],[[8.5747,47.597],[8.5803,47.639],[8.5806,47.6002],[8.5747,47.597]],[[9.2732,47.6501],[9.5475,47.5345],[9.5475,47.5345],[9.2732,47.6501]]],[[[-2.782,47.6356],[-2.7754,47.6365],[-2.7785,47.6379],[-2.782,47.6356]]],[[[-2.1732,46.9345],[-2.1426,46.9099],[-2.1448,46.9575],[-2.1732,46.9345]]],[[[-1.2275,45.9543],[-1.2227,45.8898],[-1.1778,45.8898],[-1.2275,45.9543]]]]}},{"type":"Feature","properties":{"territoryId":"cliopatria-q146246-87b4c127c6","name":"(Kingdom of the Franks)","name_ko":"프랑크 왕국","color":"#e6a856","colorFamily":1,"startYear":523,"endYear":533,"source_name":"Cliopatria v0.2.0","source_url":"https://github.com/Seshat-Global-History-Databank/cliopatria","license":"CC BY 4.0","attribution":"Seshat Global History Databank, Cliopatria contributors"},"geometry":{"type":"MultiPolygon","coordinates":[[[[-1.8509,43.3769],[-1.8484,43.3421],[-1.768,43.3421],[-1.7706,43.3787],[-1.7755,43.3762],[-1.7941,43.386],[-1.8113,43.3951],[-1.8509,43.3769]]],[[[-2.8334,47.5536],[-2.7414,47.5089],[-2.5768,47.5539],[-2.632,47.5198],[-2.3639,47.5062],[-2.4947,47.4912],[-2.3918,47.4237],[-2.5564,47.3832],[-2.4362,47.307],[-2.542,47.3001],[-2.4551,47.269],[-2.0101,47.3197],[-1.727,47.2108],[-2.0146,47.3001],[-2.1606,47.2712],[-2.1418,47.1214],[-1.9907,47.0354],[-2.1288,46.8935],[-2.1188,46.82],[-1.9099,46.6918],[-1.7954,46.4945],[-1.7892,46.5329],[-1.2401,46.2842],[-1.1107,46.3027],[-1.2108,46.1745],[-1.0487,46.0388],[-1.1107,46.0184],[-1.0734,45.9044],[-1.1517,45.8681],[-0.9872,45.7174],[-1.1443,45.8061],[-1.2131,45.7588],[-1.0453,45.6933],[-1.0408,45.6302],[-0.7955,45.4771],[-0.656,45.0991],[-0.4938,44.998],[-0.5962,45.0246],[-0.5347,44.895],[-0.716,45.1345],[-0.7662,45.3261],[-0.9153,45.4504],[-1.0317,45.5035],[-1.1479,45.3973],[-1.2487,44.662],[-1.1722,44.7783],[-1.0447,44.6694],[-1.1865,44.6655],[-1.2572,44.5561],[-1.3214,43.8634],[-1.3925,43.8634],[-1.4599,43.5375],[-1.768,43.3421],[-1.4418,43.2769],[-1.5177,43.2118],[-1.424,43.0165],[-0.9424,43.0165],[0.0401,42.6912],[1.0747,42.8213],[1.4855,42.6262],[1.7898,42.9515],[1.9503,42.9515],[1.9439,43.0816],[3.0255,44.0591],[3.4292,44.0591],[3.8146,44.516],[4.0575,44.516],[4.1334,44.6466],[3.9688,44.7119],[4.0395,44.9734],[3.869,45.1696],[3.8582,45.4313],[3.4218,46.0865],[3.2553,46.1521],[3.0729,46.5459],[3.2275,46.7429],[2.9651,47.0716],[3.0343,47.3348],[2.9453,47.4665],[3.923,47.73],[4.6662,47.73],[4.7591,47.4665],[5.1761,47.3348],[5.1808,47.2032],[5.5144,47.0716],[5.5945,47.1374],[5.5769,47.6641],[5.8224,47.73],[5.8181,47.8619],[6.1447,47.9938],[6.8082,47.9278],[6.9753,47.8619],[7.15,47.4665],[7.3148,47.4665],[7.484,47.269],[8.0615,47.2032],[8.3116,47.0058],[8.3938,47.0058],[8.3948,46.9401],[8.8878,46.9401],[8.8862,47.0716],[9.1308,47.269],[9.2955,47.269],[9.3766,47.4006],[9.9519,47.6641],[9.8681,47.8619],[9.9508,47.8619],[10.1134,48.4559],[11.0266,48.7865],[11.1108,49.1838],[10.9442,49.25],[10.5271,49.25],[9.7751,49.4489],[9.6907,49.5816],[9.4399,49.5816],[9.5204,49.98],[9.2665,50.246],[9.1781,50.7121],[9.3456,50.8455],[9.4271,51.246],[8.8371,51.0457],[8.3354,50.7121],[7.6517,51.1792],[7.649,51.3128],[7.3921,51.4465],[7.3013,51.7142],[6.6146,51.9822],[6.6127,52.0492],[6.6978,52.0492],[6.948,52.2505],[7.0165,52.9227],[6.9308,52.9227],[6.6662,53.1922],[6.4945,53.1922],[6.4126,53.0574],[6.241,53.0574],[6.2452,52.9227],[6.3309,52.9227],[6.2494,52.7881],[6.076,52.8554],[5.9948,52.7208],[5.655,52.6535],[5.5597,52.9227],[5.3857,52.99],[5.3078,52.7881],[4.8854,52.6535],[4.8909,52.5191],[4.4877,51.9822],[4.4966,51.7811],[4.4116,51.7811],[4.4146,51.7142],[4.1599,51.7142],[4.218,51.5199],[4.2967,51.4705],[4.2409,51.4435],[4.3084,51.2712],[4.2254,51.3658],[4.0938,51.3128],[3.4166,51.3128],[3.4127,51.3889],[3.1248,51.3297],[2.5218,51.0875],[1.9214,50.9968],[1.5806,50.8688],[1.6104,50.5482],[1.5552,50.4048],[1.6104,50.3707],[1.5415,50.2779],[1.6725,50.1925],[1.521,50.2147],[1.2212,49.979],[0.5967,49.8572],[0.2359,49.7293],[0.0766,49.535],[0.2568,49.4641],[0.4932,49.4936],[0.4573,49.4674],[-0.2195,49.2801],[-0.9404,49.3923],[-1.0723,49.3968],[-1.1229,49.3454],[-1.2508,49.4489],[-1.336,49.7035],[-1.6067,49.6501],[-1.9352,49.7241],[-1.9456,49.678],[-1.8395,49.6198],[-1.8847,49.5309],[-1.8165,49.3837],[-1.6991,49.3559],[-1.6247,49.2193],[-1.5484,49.2255],[-1.6104,49.2159],[-1.5936,49.029],[-1.508,49.0337],[-1.6029,48.8494],[-1.5536,48.7471],[-1.3566,48.6433],[-1.5918,48.6396],[-1.5083,48.522],[-1.6689,48.4559],[-1.642,48.1257],[-1.7248,48.1257],[-1.7194,48.0597],[-1.8021,48.0597],[-1.7967,47.9938],[-2.4472,47.8619],[-2.7756,47.6399],[-2.684,47.623],[-2.7202,47.5608],[-2.8334,47.5536]],[[4.2611,51.3694],[4.3685,51.3538],[4.3456,51.3523],[4.2611,51.3694]],[[3.8087,51.2053],[3.9378,51.2103],[3.927,51.2063],[3.8087,51.2053]],[[4.4533,51.4655],[4.4831,51.4743],[4.5252,51.4759],[4.4533,51.4655]],[[4.5955,49.972],[4.6475,49.9865],[4.6458,49.9845],[4.5955,49.972]],[[5.8604,51.0153],[5.8736,50.9906],[5.8746,50.9654],[5.8604,51.0153]],[[5.9942,50.7426],[5.9949,50.7499],[5.9971,50.7629],[5.9942,50.7426]],[[6.1149,50.1123],[6.1175,50.1205],[6.1295,50.134],[6.1149,50.1123]],[[6.1172,50.0044],[6.1619,49.9425],[6.154,49.9512],[6.1172,50.0044]],[[6.122,50.1618],[6.1232,50.1649],[6.1442,50.1681],[6.122,50.1618]],[[6.1468,50.214],[6.1572,50.2227],[6.1896,50.2427],[6.1468,50.214]],[[6.1532,50.1707],[6.1651,50.1819],[6.1591,50.1724],[6.1532,50.1707]],[[6.2494,49.4903],[6.3376,49.4581],[6.3253,49.4567],[6.2494,49.4903]],[[6.701,49.1729],[6.7221,49.158],[6.7138,49.1589],[6.701,49.1729]],[[7.4267,47.4621],[7.4274,47.4683],[7.4293,47.4651],[7.4267,47.4621]],[[7.5726,48.095],[7.5787,48.1112],[7.5757,48.0537],[7.5726,48.095]],[[7.5802,47.5822],[7.586,47.5846],[7.6032,47.5874],[7.5802,47.5822]],[[7.5825,48.1213],[7.5857,48.1297],[7.6134,48.1792],[7.5825,48.1213]],[[7.6097,47.5647],[7.6402,47.5703],[7.6359,47.5646],[7.6097,47.5647]],[[8.5747,47.597],[8.5803,47.639],[8.5806,47.6002],[8.5747,47.597]],[[9.2732,47.6501],[9.5475,47.5345],[9.5475,47.5345],[9.2732,47.6501]]],[[[-2.782,47.6356],[-2.7754,47.6365],[-2.7785,47.6379],[-2.782,47.6356]]],[[[-2.1732,46.9345],[-2.1426,46.9099],[-2.1448,46.9575],[-2.1732,46.9345]]],[[[-1.2275,45.9543],[-1.2227,45.8898],[-1.1778,45.8898],[-1.2275,45.9543]]],[[[4.5581,52.3176],[4.564,52.1833],[4.7287,52.3176],[4.5581,52.3176]]]]}},{"type":"Feature","properties":{"territoryId":"cliopatria-q146246-87b4c127c6","name":"(Kingdom of the Franks)","name_ko":"프랑크 왕국","color":"#e6a856","colorFamily":1,"startYear":534,"endYear":539,"source_name":"Cliopatria v0.2.0","source_url":"https://github.com/Seshat-Global-History-Databank/cliopatria","license":"CC BY 4.0","attribution":"Seshat Global History Databank, Cliopatria contributors"},"geometry":{"type":"MultiPolygon","coordinates":[[[[-1.8509,43.3769],[-1.8484,43.3421],[-1.768,43.3421],[-1.7706,43.3787],[-1.7755,43.3762],[-1.7941,43.386],[-1.8113,43.3951],[-1.8509,43.3769]]],[[[-2.8334,47.5536],[-2.7414,47.5089],[-2.5768,47.5539],[-2.632,47.5198],[-2.3639,47.5062],[-2.4947,47.4912],[-2.3918,47.4237],[-2.5564,47.3832],[-2.4362,47.307],[-2.542,47.3001],[-2.4551,47.269],[-2.0101,47.3197],[-1.727,47.2108],[-2.0146,47.3001],[-2.1606,47.2712],[-2.1418,47.1214],[-1.9907,47.0354],[-2.1288,46.8935],[-2.1188,46.82],[-1.9099,46.6918],[-1.7954,46.4945],[-1.7892,46.5329],[-1.2401,46.2842],[-1.1107,46.3027],[-1.2108,46.1745],[-1.0487,46.0388],[-1.1107,46.0184],[-1.0734,45.9044],[-1.1517,45.8681],[-0.9872,45.7174],[-1.1443,45.8061],[-1.2131,45.7588],[-1.0453,45.6933],[-1.0408,45.6302],[-0.7955,45.4771],[-0.656,45.0991],[-0.4938,44.998],[-0.5962,45.0246],[-0.5347,44.895],[-0.716,45.1345],[-0.7662,45.3261],[-0.9153,45.4504],[-1.0317,45.5035],[-1.1434,45.4504],[-1.2201,44.7226],[-1.1722,44.7783],[-1.0447,44.6694],[-1.2134,44.6291],[-1.3355,44.0655],[-1.3214,43.8634],[-1.3925,43.8634],[-1.4599,43.5375],[-1.768,43.3421],[-1.4418,43.2769],[-1.5177,43.2118],[-1.424,43.0165],[-0.9424,43.0165],[0.0401,42.6912],[1.0747,42.8213],[1.4855,42.6262],[1.7898,42.9515],[1.9503,42.9515],[1.9439,43.0816],[3.0255,44.0591],[3.4292,44.0591],[3.8146,44.516],[4.0575,44.516],[4.6336,44.2548],[4.629,44.3854],[4.7099,44.3854],[4.7076,44.4507],[4.9526,44.3854],[5.0291,44.516],[5.7579,44.516],[5.9143,44.7119],[6.3162,44.8426],[6.3093,45.1042],[6.7156,45.1042],[7.0377,45.235],[7.1147,45.4313],[7.3576,45.4968],[7.5956,45.8243],[7.7588,45.8243],[8.0808,46.0865],[8.1593,46.2833],[9.3044,46.3489],[9.3402,46.4978],[9.2823,46.4974],[9.3407,46.4997],[9.3833,46.6772],[9.6274,46.9401],[9.6061,47.054],[9.477,47.0639],[9.6056,47.0567],[9.5414,47.4006],[9.9519,47.6641],[9.8681,47.8619],[9.9508,47.8619],[10.1134,48.4559],[11.0266,48.7865],[11.1108,49.1838],[10.8607,49.25],[10.8609,49.3826],[11.0282,49.5152],[11.0285,49.6479],[11.2801,49.7807],[11.2807,49.9136],[11.8691,50.113],[11.8704,50.246],[12.0391,50.3125],[12.042,50.5789],[12.2955,50.6455],[12.0482,51.1124],[11.4576,51.246],[11.2893,51.3797],[11.5464,51.7142],[11.547,51.7811],[10.868,51.9151],[10.5275,51.6472],[10.2729,51.6472],[10.1035,51.4465],[8.8371,51.0457],[8.3354,50.7121],[7.6517,51.1792],[7.649,51.3128],[7.3921,51.4465],[7.3013,51.7142],[6.6146,51.9822],[6.6127,52.0492],[6.6978,52.0492],[6.948,52.2505],[7.0165,52.9227],[6.9308,52.9227],[6.6662,53.1922],[6.4945,53.1922],[6.4126,53.0574],[6.241,53.0574],[6.2452,52.9227],[6.3309,52.9227],[6.2494,52.7881],[6.076,52.8554],[5.9948,52.7208],[5.655,52.6535],[5.5597,52.9227],[5.3857,52.99],[5.3078,52.7881],[4.8854,52.6535],[4.8909,52.5191],[4.4877,51.9822],[4.4966,51.7811],[4.4116,51.7811],[4.4146,51.7142],[4.1599,51.7142],[4.218,51.5199],[4.2967,51.4705],[4.2409,51.4435],[4.3084,51.2712],[4.2254,51.3658],[4.0938,51.3128],[3.4166,51.3128],[3.4127,51.3889],[3.1248,51.3297],[2.5218,51.0875],[1.7298,50.9439],[1.5806,50.8688],[1.5632,50.6783],[1.6104,50.5482],[1.5552,50.4048],[1.6104,50.3707],[1.5415,50.2779],[1.6725,50.1925],[1.521,50.2147],[1.2212,49.979],[0.5967,49.8572],[0.2359,49.7293],[0.0766,49.535],[0.2568,49.4641],[0.4932,49.4936],[0.4573,49.4674],[-0.2195,49.2801],[-0.9404,49.3923],[-1.0723,49.3968],[-1.1229,49.3454],[-1.2508,49.4489],[-1.336,49.7035],[-1.6067,49.6501],[-1.9352,49.7241],[-1.9456,49.678],[-1.8395,49.6198],[-1.8847,49.5309],[-1.8165,49.3837],[-1.6991,49.3559],[-1.6247,49.2193],[-1.5484,49.2255],[-1.6104,49.2159],[-1.5936,49.029],[-1.508,49.0337],[-1.6029,48.8494],[-1.5536,48.7471],[-1.3566,48.6433],[-1.5918,48.6396],[-1.5083,48.522],[-1.6689,48.4559],[-1.642,48.1257],[-1.7248,48.1257],[-1.7194,48.0597],[-1.8021,48.0597],[-1.7967,47.9938],[-2.4472,47.8619],[-2.7756,47.6399],[-2.684,47.623],[-2.7202,47.5608],[-2.8334,47.5536]],[[4.2611,51.3694],[4.3685,51.3538],[4.3456,51.3523],[4.2611,51.3694]],[[3.8087,51.2053],[3.9378,51.2103],[3.927,51.2063],[3.8087,51.2053]],[[4.4533,51.4655],[4.4831,51.4743],[4.5252,51.4759],[4.4533,51.4655]],[[4.5955,49.972],[4.6475,49.9865],[4.6458,49.9845],[4.5955,49.972]],[[5.8604,51.0153],[5.8736,50.9906],[5.8746,50.9654],[5.8604,51.0153]],[[5.9585,46.212],[5.9829,46.2227],[6.0007,46.2276],[5.9585,46.212]],[[5.9942,50.7426],[5.9949,50.7499],[5.9971,50.7629],[5.9942,50.7426]],[[6.0629,46.2445],[6.0908,46.2521],[6.0897,46.2464],[6.0629,46.2445]],[[6.1149,50.1123],[6.1175,50.1205],[6.1295,50.134],[6.1149,50.1123]],[[6.1172,50.0044],[6.1619,49.9425],[6.154,49.9512],[6.1172,50.0044]],[[6.122,50.1618],[6.1232,50.1649],[6.1442,50.1681],[6.122,50.1618]],[[6.1468,50.214],[6.1572,50.2227],[6.1896,50.2427],[6.1468,50.214]],[[6.1532,50.1707],[6.1651,50.1819],[6.1591,50.1724],[6.1532,50.1707]],[[6.2494,49.4903],[6.3376,49.4581],[6.3253,49.4567],[6.2494,49.4903]],[[6.701,49.1729],[6.7221,49.158],[6.7138,49.1589],[6.701,49.1729]],[[6.7827,45.7953],[6.7863,45.8015],[6.7839,45.7882],[6.7827,45.7953]],[[6.7843,46.2008],[6.7922,46.2217],[6.8277,46.2695],[6.7843,46.2008]],[[6.8328,45.6905],[6.8623,45.6792],[6.8431,45.6827],[6.8328,45.6905]],[[6.8984,45.6655],[6.9634,45.6407],[6.9186,45.6526],[6.8984,45.6655]],[[7.0201,45.9292],[7.0349,45.9169],[7.0221,45.9253],[7.0201,45.9292]],[[7.0782,45.8884],[7.1535,45.8765],[7.0902,45.8805],[7.0782,45.8884]],[[7.3618,45.9078],[7.453,45.9459],[7.3938,45.9157],[7.3618,45.9078]],[[7.4267,47.4621],[7.4274,47.4683],[7.4293,47.4651],[7.4267,47.4621]],[[7.5726,48.095],[7.5787,48.1112],[7.5757,48.0537],[7.5726,48.095]],[[7.5802,47.5822],[7.586,47.5846],[7.6032,47.5874],[7.5802,47.5822]],[[7.5825,48.1213],[7.5857,48.1297],[7.6134,48.1792],[7.5825,48.1213]],[[7.6097,47.5647],[7.6402,47.5703],[7.6359,47.5646],[7.6097,47.5647]],[[7.7031,45.9278],[7.737,45.9242],[7.7063,45.9257],[7.7031,45.9278]],[[7.8702,45.9404],[7.8729,45.9594],[7.8807,45.9664],[7.8702,45.9404]],[[8.5747,47.597],[8.5803,47.639],[8.5806,47.6002],[8.5747,47.597]],[[9.2732,47.6501],[9.5475,47.5345],[9.5475,47.5345],[9.2732,47.6501]],[[9.4874,47.21],[9.5046,47.2437],[9.5171,47.2564],[9.4874,47.21]],[[9.6126,47.5219],[9.704,47.5314],[9.6767,47.5226],[9.6126,47.5219]]],[[[-2.782,47.6356],[-2.7754,47.6365],[-2.7785,47.6379],[-2.782,47.6356]]],[[[-2.1732,46.9345],[-2.1426,46.9099],[-2.1448,46.9575],[-2.1732,46.9345]]],[[[-1.2275,45.9543],[-1.2227,45.8898],[-1.1778,45.8898],[-1.2275,45.9543]]],[[[12.0383,50.246],[12.1223,50.246],[12.1231,50.3125],[12.0391,50.3125],[12.0383,50.246]]],[[[4.5581,52.3176],[4.564,52.1833],[4.7287,52.3176],[4.5581,52.3176]]]]}},{"type":"Feature","properties":{"territoryId":"cliopatria-q146246-87b4c127c6","name":"(Kingdom of the Franks)","name_ko":"프랑크 왕국","color":"#e6a856","colorFamily":1,"startYear":540,"endYear":545,"source_name":"Cliopatria v0.2.0","source_url":"https://github.com/Seshat-Global-History-Databank/cliopatria","license":"CC BY 4.0","attribution":"Seshat Global History Databank, Cliopatria contributors"},"geometry":{"type":"MultiPolygon","coordinates":[[[[-1.8509,43.3769],[-1.8484,43.3421],[-1.768,43.3421],[-1.7706,43.3787],[-1.7755,43.3762],[-1.7941,43.386],[-1.8113,43.3951],[-1.8509,43.3769]]],[[[-2.8334,47.5536],[-2.7414,47.5089],[-2.5768,47.5539],[-2.632,47.5198],[-2.3639,47.5062],[-2.4947,47.4912],[-2.3918,47.4237],[-2.5564,47.3832],[-2.4362,47.307],[-2.542,47.3001],[-2.4551,47.269],[-2.0101,47.3197],[-1.727,47.2108],[-2.0146,47.3001],[-2.1606,47.2712],[-2.1418,47.1214],[-1.9907,47.0354],[-2.1288,46.8935],[-2.1188,46.82],[-1.9099,46.6918],[-1.7954,46.4945],[-1.7892,46.5329],[-1.2401,46.2842],[-1.1107,46.3027],[-1.2108,46.1745],[-1.0487,46.0388],[-1.1107,46.0184],[-1.0734,45.9044],[-1.1517,45.8681],[-0.9872,45.7174],[-1.1443,45.8061],[-1.2131,45.7588],[-1.0453,45.6933],[-1.0408,45.6302],[-0.7955,45.4771],[-0.656,45.0991],[-0.4938,44.998],[-0.5962,45.0246],[-0.5347,44.895],[-0.716,45.1345],[-0.7662,45.3261],[-0.9153,45.4504],[-1.0317,45.5035],[-1.1434,45.4504],[-1.2201,44.7226],[-1.1722,44.7783],[-1.0447,44.6694],[-1.2134,44.6291],[-1.3355,44.0655],[-1.3214,43.8634],[-1.3925,43.8634],[-1.4599,43.5375],[-1.768,43.3421],[-1.4418,43.2769],[-1.5177,43.2118],[-1.424,43.0165],[-0.9424,43.0165],[0.0401,42.6912],[1.0747,42.8213],[1.4855,42.6262],[1.7898,42.9515],[1.9503,42.9515],[1.9439,43.0816],[3.0255,44.0591],[3.4292,44.0591],[3.8146,44.516],[4.5504,44.3201],[4.6359,44.1896],[4.315,44.1243],[4.244,43.8634],[4.1633,43.8634],[4.0876,43.733],[4.1778,43.4723],[4.578,43.5375],[4.7288,43.4972],[4.6946,43.5791],[4.7424,43.4935],[5.0174,43.42],[5.0623,43.4516],[5.0291,43.5586],[5.2263,43.4803],[5.0383,43.4144],[5.3869,43.4072],[5.3908,43.2769],[5.7945,43.2118],[5.7962,43.1467],[6.5176,43.2118],[6.5936,43.4072],[6.8321,43.5375],[6.997,43.5441],[7.071,43.6678],[7.1515,43.6678],[7.2232,44.1243],[6.8957,44.3201],[6.9652,44.8426],[6.6375,44.9734],[6.6343,45.1042],[7.0377,45.235],[7.1147,45.4313],[7.8462,45.4968],[8.1751,45.3004],[8.5818,45.3004],[8.5784,45.5623],[8.4145,45.6278],[8.4895,46.0865],[9.1427,46.1521],[9.3851,46.4802],[9.3833,46.6772],[9.6274,46.9401],[9.6061,47.054],[9.477,47.0639],[9.6056,47.0567],[9.5414,47.4006],[9.9519,47.6641],[9.8681,47.8619],[9.9508,47.8619],[10.1134,48.4559],[11.0266,48.7865],[11.1108,49.1838],[10.8607,49.25],[10.8609,49.3826],[11.0282,49.5152],[11.0285,49.6479],[11.2801,49.7807],[11.2807,49.9136],[11.8691,50.113],[11.8704,50.246],[12.0391,50.3125],[12.042,50.5789],[12.2955,50.6455],[12.0482,51.1124],[11.4576,51.246],[11.2893,51.3797],[11.5464,51.7142],[11.547,51.7811],[10.868,51.9151],[10.5275,51.6472],[10.2729,51.6472],[10.1035,51.4465],[8.8371,51.0457],[8.3354,50.7121],[7.6517,51.1792],[7.649,51.3128],[7.3921,51.4465],[7.3013,51.7142],[6.6146,51.9822],[6.6127,52.0492],[6.6978,52.0492],[6.948,52.2505],[7.0165,52.9227],[6.9308,52.9227],[6.6662,53.1922],[6.4945,53.1922],[6.4126,53.0574],[6.241,53.0574],[6.2452,52.9227],[6.3309,52.9227],[6.2494,52.7881],[6.076,52.8554],[5.9948,52.7208],[5.655,52.6535],[5.5597,52.9227],[5.3857,52.99],[5.3078,52.7881],[4.8854,52.6535],[4.8909,52.5191],[4.4877,51.9822],[4.4966,51.7811],[4.4116,51.7811],[4.4146,51.7142],[4.1599,51.7142],[4.218,51.5199],[4.2967,51.4705],[4.2409,51.4435],[4.3084,51.2712],[4.2254,51.3658],[4.0938,51.3128],[3.4166,51.3128],[3.4127,51.3889],[3.1248,51.3297],[2.5218,51.0875],[1.7298,50.9439],[1.5806,50.8688],[1.5632,50.6783],[1.6104,50.5482],[1.5552,50.4048],[1.6104,50.3707],[1.5415,50.2779],[1.6725,50.1925],[1.521,50.2147],[1.2212,49.979],[0.5967,49.8572],[0.2359,49.7293],[0.0766,49.535],[0.2568,49.4641],[0.4932,49.4936],[0.4573,49.4674],[-0.2195,49.2801],[-0.9404,49.3923],[-1.0723,49.3968],[-1.1229,49.3454],[-1.2508,49.4489],[-1.336,49.7035],[-1.6067,49.6501],[-1.9352,49.7241],[-1.9456,49.678],[-1.8395,49.6198],[-1.8847,49.5309],[-1.8165,49.3837],[-1.6991,49.3559],[-1.6247,49.2193],[-1.5484,49.2255],[-1.6104,49.2159],[-1.5936,49.029],[-1.508,49.0337],[-1.6029,48.8494],[-1.5536,48.7471],[-1.3566,48.6433],[-1.5918,48.6396],[-1.5083,48.522],[-1.6689,48.4559],[-1.642,48.1257],[-1.7248,48.1257],[-1.7194,48.0597],[-1.8021,48.0597],[-1.7967,47.9938],[-2.4472,47.8619],[-2.7756,47.6399],[-2.684,47.623],[-2.7202,47.5608],[-2.8334,47.5536]],[[4.2611,51.3694],[4.3685,51.3538],[4.3456,51.3523],[4.2611,51.3694]],[[3.8087,51.2053],[3.9378,51.2103],[3.927,51.2063],[3.8087,51.2053]],[[4.4533,51.4655],[4.4831,51.4743],[4.5252,51.4759],[4.4533,51.4655]],[[4.5955,49.972],[4.6475,49.9865],[4.6458,49.9845],[4.5955,49.972]],[[5.8604,51.0153],[5.8736,50.9906],[5.8746,50.9654],[5.8604,51.0153]],[[5.9585,46.212],[5.9829,46.2227],[6.0007,46.2276],[5.9585,46.212]],[[5.9942,50.7426],[5.9949,50.7499],[5.9971,50.7629],[5.9942,50.7426]],[[6.0629,46.2445],[6.0908,46.2521],[6.0897,46.2464],[6.0629,46.2445]],[[6.1149,50.1123],[6.1175,50.1205],[6.1295,50.134],[6.1149,50.1123]],[[6.1172,50.0044],[6.1619,49.9425],[6.154,49.9512],[6.1172,50.0044]],[[6.122,50.1618],[6.1232,50.1649],[6.1442,50.1681],[6.122,50.1618]],[[6.1468,50.214],[6.1572,50.2227],[6.1896,50.2427],[6.1468,50.214]],[[6.1532,50.1707],[6.1651,50.1819],[6.1591,50.1724],[6.1532,50.1707]],[[6.2494,49.4903],[6.3376,49.4581],[6.3253,49.4567],[6.2494,49.4903]],[[6.701,49.1729],[6.7221,49.158],[6.7138,49.1589],[6.701,49.1729]],[[6.7827,45.7953],[6.7863,45.8015],[6.7839,45.7882],[6.7827,45.7953]],[[6.7843,46.2008],[6.7922,46.2217],[6.8277,46.2695],[6.7843,46.2008]],[[6.8328,45.6905],[6.8623,45.6792],[6.8431,45.6827],[6.8328,45.6905]],[[6.8661,44.3721],[6.8772,44.4144],[6.8703,44.3667],[6.8661,44.3721]],[[6.8984,45.6655],[6.9634,45.6407],[6.9186,45.6526],[6.8984,45.6655]],[[6.9799,44.2461],[6.9887,44.2416],[6.9828,44.2417],[6.9799,44.2461]],[[7.0201,45.9292],[7.0349,45.9169],[7.0221,45.9253],[7.0201,45.9292]],[[7.0782,45.8884],[7.1535,45.8765],[7.0902,45.8805],[7.0782,45.8884]],[[7.3618,45.9078],[7.453,45.9459],[7.3938,45.9157],[7.3618,45.9078]],[[7.4267,47.4621],[7.4274,47.4683],[7.4293,47.4651],[7.4267,47.4621]],[[7.5726,48.095],[7.5787,48.1112],[7.5757,48.0537],[7.5726,48.095]],[[7.5802,47.5822],[7.586,47.5846],[7.6032,47.5874],[7.5802,47.5822]],[[7.5825,48.1213],[7.5857,48.1297],[7.6134,48.1792],[7.5825,48.1213]],[[7.6097,47.5647],[7.6402,47.5703],[7.6359,47.5646],[7.6097,47.5647]],[[7.7031,45.9278],[7.737,45.9242],[7.7063,45.9257],[7.7031,45.9278]],[[7.8702,45.9404],[7.8729,45.9594],[7.8807,45.9664],[7.8702,45.9404]],[[7.891,45.9755],[7.8982,45.9819],[7.9833,45.9988],[7.9787,45.9952],[7.891,45.9755]],[[7.9891,46.0033],[8.0007,46.0175],[7.9984,46.0106],[7.9891,46.0033]],[[8.5747,47.597],[8.5803,47.639],[8.5806,47.6002],[8.5747,47.597]],[[9.2732,47.6501],[9.5475,47.5345],[9.5475,47.5345],[9.2732,47.6501]],[[9.2823,46.4974],[9.331,46.5015],[9.3508,46.4979],[9.2823,46.4974]],[[9.4874,47.21],[9.5046,47.2437],[9.5171,47.2564],[9.4874,47.21]],[[9.6126,47.5219],[9.704,47.5314],[9.6767,47.5226],[9.6126,47.5219]]],[[[-2.782,47.6356],[-2.7754,47.6365],[-2.7785,47.6379],[-2.782,47.6356]]],[[[-2.1732,46.9345],[-2.1426,46.9099],[-2.1448,46.9575],[-2.1732,46.9345]]],[[[-1.2275,45.9543],[-1.2227,45.8898],[-1.1778,45.8898],[-1.2275,45.9543]]],[[[4.5581,52.3176],[4.564,52.1833],[4.7287,52.3176],[4.5581,52.3176]]],[[[12.0383,50.246],[12.1223,50.246],[12.1231,50.3125],[12.0391,50.3125],[12.0383,50.246]]]]}},{"type":"Feature","properties":{"territoryId":"cliopatria-q146246-87b4c127c6","name":"(Kingdom of the Franks)","name_ko":"프랑크 왕국","color":"#e6a856","colorFamily":1,"startYear":546,"endYear":554,"source_name":"Cliopatria v0.2.0","source_url":"https://github.com/Seshat-Global-History-Databank/cliopatria","license":"CC BY 4.0","attribution":"Seshat Global History Databank, Cliopatria contributors"},"geometry":{"type":"MultiPolygon","coordinates":[[[[-1.8509,43.3769],[-1.8484,43.3421],[-1.768,43.3421],[-1.7706,43.3787],[-1.7755,43.3762],[-1.7941,43.386],[-1.8113,43.3951],[-1.8509,43.3769]]],[[[-2.8334,47.5536],[-2.7414,47.5089],[-2.5768,47.5539],[-2.632,47.5198],[-2.3639,47.5062],[-2.4947,47.4912],[-2.3918,47.4237],[-2.5564,47.3832],[-2.4362,47.307],[-2.542,47.3001],[-2.4551,47.269],[-2.0101,47.3197],[-1.727,47.2108],[-2.0146,47.3001],[-2.1606,47.2712],[-2.1418,47.1214],[-1.9907,47.0354],[-2.1288,46.8935],[-2.1188,46.82],[-1.9099,46.6918],[-1.7954,46.4945],[-1.7892,46.5329],[-1.2401,46.2842],[-1.1107,46.3027],[-1.2108,46.1745],[-1.0487,46.0388],[-1.1107,46.0184],[-1.0734,45.9044],[-1.1517,45.8681],[-0.9872,45.7174],[-1.1443,45.8061],[-1.2131,45.7588],[-1.0453,45.6933],[-1.0408,45.6302],[-0.7955,45.4771],[-0.656,45.0991],[-0.4938,44.998],[-0.5962,45.0246],[-0.5347,44.895],[-0.716,45.1345],[-0.7662,45.3261],[-0.9153,45.4504],[-1.0317,45.5035],[-1.1434,45.4504],[-1.2201,44.7226],[-1.1722,44.7783],[-1.0447,44.6694],[-1.2134,44.6291],[-1.3355,44.0655],[-1.3214,43.8634],[-1.3925,43.8634],[-1.4599,43.5375],[-1.768,43.3421],[-1.4418,43.2769],[-1.5177,43.2118],[-1.424,43.0165],[-0.9424,43.0165],[0.0401,42.6912],[1.0747,42.8213],[1.4855,42.6262],[1.7898,42.9515],[1.9503,42.9515],[1.9439,43.0816],[3.0255,44.0591],[3.4292,44.0591],[3.8146,44.516],[4.5504,44.3201],[4.6359,44.1896],[4.315,44.1243],[4.244,43.8634],[4.1633,43.8634],[4.0876,43.733],[4.1778,43.4723],[4.578,43.5375],[4.7288,43.4972],[4.6946,43.5791],[4.7424,43.4935],[5.0174,43.42],[5.0623,43.4516],[5.0291,43.5586],[5.2263,43.4803],[5.0383,43.4144],[5.3869,43.4072],[5.3908,43.2769],[5.7945,43.2118],[5.7962,43.1467],[6.5176,43.2118],[6.5936,43.4072],[6.8321,43.5375],[6.997,43.5441],[7.071,43.6678],[7.1515,43.6678],[7.2232,44.1243],[6.8957,44.3201],[6.9652,44.8426],[6.6375,44.9734],[6.6343,45.1042],[7.0377,45.235],[7.1147,45.4313],[7.8462,45.4968],[8.1751,45.3004],[8.5818,45.3004],[8.5784,45.5623],[8.4145,45.6278],[8.4895,46.0865],[9.1427,46.1521],[9.3851,46.4802],[9.3833,46.6772],[9.6274,46.9401],[9.6061,47.054],[9.477,47.0639],[9.6056,47.0567],[9.5414,47.4006],[9.9519,47.6641],[9.8681,47.8619],[9.9508,47.8619],[10.1134,48.4559],[11.0266,48.7865],[11.1108,49.1838],[10.8607,49.25],[10.8609,49.3826],[11.0282,49.5152],[11.0285,49.6479],[11.2801,49.7807],[11.2807,49.9136],[11.8691,50.113],[11.8704,50.246],[12.0391,50.3125],[12.0412,50.5122],[11.9571,50.5122],[12.2955,50.6455],[12.0482,51.1124],[11.4576,51.246],[11.2893,51.3797],[11.5464,51.7142],[11.547,51.7811],[10.868,51.9151],[10.5275,51.6472],[10.2729,51.6472],[10.1035,51.4465],[8.8371,51.0457],[8.3354,50.7121],[7.6517,51.1792],[7.649,51.3128],[7.3921,51.4465],[7.3013,51.7142],[6.6146,51.9822],[6.6127,52.0492],[6.6978,52.0492],[6.948,52.2505],[7.0165,52.9227],[6.9308,52.9227],[6.6662,53.1922],[6.4945,53.1922],[6.4126,53.0574],[6.241,53.0574],[6.2452,52.9227],[6.3309,52.9227],[6.2494,52.7881],[6.076,52.8554],[5.9948,52.7208],[5.655,52.6535],[5.5597,52.9227],[5.3857,52.99],[5.3078,52.7881],[4.8854,52.6535],[4.8909,52.5191],[4.4877,51.9822],[4.4966,51.7811],[4.4116,51.7811],[4.4146,51.7142],[4.1599,51.7142],[4.218,51.5199],[4.2967,51.4705],[4.2409,51.4435],[4.3084,51.2712],[4.2254,51.3658],[4.0938,51.3128],[3.4166,51.3128],[3.4127,51.3889],[3.1248,51.3297],[2.5218,51.0875],[1.7298,50.9439],[1.5806,50.8688],[1.5632,50.6783],[1.6104,50.5482],[1.5552,50.4048],[1.6104,50.3707],[1.5415,50.2779],[1.6725,50.1925],[1.521,50.2147],[1.2212,49.979],[0.5967,49.8572],[0.2359,49.7293],[0.0766,49.535],[0.2568,49.4641],[0.4932,49.4936],[0.4573,49.4674],[-0.2195,49.2801],[-0.9404,49.3923],[-1.0723,49.3968],[-1.1229,49.3454],[-1.2508,49.4489],[-1.336,49.7035],[-1.6067,49.6501],[-1.9352,49.7241],[-1.9456,49.678],[-1.8395,49.6198],[-1.8847,49.5309],[-1.8165,49.3837],[-1.6991,49.3559],[-1.6247,49.2193],[-1.5484,49.2255],[-1.6104,49.2159],[-1.5936,49.029],[-1.508,49.0337],[-1.6029,48.8494],[-1.5536,48.7471],[-1.3566,48.6433],[-1.5918,48.6396],[-1.5083,48.522],[-1.6689,48.4559],[-1.642,48.1257],[-1.7248,48.1257],[-1.7194,48.0597],[-1.8021,48.0597],[-1.7967,47.9938],[-2.4472,47.8619],[-2.7756,47.6399],[-2.684,47.623],[-2.7202,47.5608],[-2.8334,47.5536]],[[4.2611,51.3694],[4.3685,51.3538],[4.3456,51.3523],[4.2611,51.3694]],[[3.8087,51.2053],[3.9378,51.2103],[3.927,51.2063],[3.8087,51.2053]],[[4.4533,51.4655],[4.4831,51.4743],[4.5252,51.4759],[4.4533,51.4655]],[[4.5955,49.972],[4.6475,49.9865],[4.6458,49.9845],[4.5955,49.972]],[[5.8604,51.0153],[5.8736,50.9906],[5.8746,50.9654],[5.8604,51.0153]],[[5.9585,46.212],[5.9829,46.2227],[6.0007,46.2276],[5.9585,46.212]],[[5.9942,50.7426],[5.9949,50.7499],[5.9971,50.7629],[5.9942,50.7426]],[[6.0629,46.2445],[6.0908,46.2521],[6.0897,46.2464],[6.0629,46.2445]],[[6.1149,50.1123],[6.1175,50.1205],[6.1295,50.134],[6.1149,50.1123]],[[6.1172,50.0044],[6.1619,49.9425],[6.154,49.9512],[6.1172,50.0044]],[[6.122,50.1618],[6.1232,50.1649],[6.1442,50.1681],[6.122,50.1618]],[[6.1468,50.214],[6.1572,50.2227],[6.1896,50.2427],[6.1468,50.214]],[[6.1532,50.1707],[6.1651,50.1819],[6.1591,50.1724],[6.1532,50.1707]],[[6.2494,49.4903],[6.3376,49.4581],[6.3253,49.4567],[6.2494,49.4903]],[[6.701,49.1729],[6.7221,49.158],[6.7138,49.1589],[6.701,49.1729]],[[6.7827,45.7953],[6.7863,45.8015],[6.7839,45.7882],[6.7827,45.7953]],[[6.7843,46.2008],[6.7922,46.2217],[6.8277,46.2695],[6.7843,46.2008]],[[6.8328,45.6905],[6.8623,45.6792],[6.8431,45.6827],[6.8328,45.6905]],[[6.8661,44.3721],[6.8772,44.4144],[6.8703,44.3667],[6.8661,44.3721]],[[6.8984,45.6655],[6.9634,45.6407],[6.9186,45.6526],[6.8984,45.6655]],[[6.9799,44.2461],[6.9887,44.2416],[6.9828,44.2417],[6.9799,44.2461]],[[7.0201,45.9292],[7.0349,45.9169],[7.0221,45.9253],[7.0201,45.9292]],[[7.0782,45.8884],[7.1535,45.8765],[7.0902,45.8805],[7.0782,45.8884]],[[7.3618,45.9078],[7.453,45.9459],[7.3938,45.9157],[7.3618,45.9078]],[[7.4267,47.4621],[7.4274,47.4683],[7.4293,47.4651],[7.4267,47.4621]],[[7.5726,48.095],[7.5787,48.1112],[7.5757,48.0537],[7.5726,48.095]],[[7.5802,47.5822],[7.586,47.5846],[7.6032,47.5874],[7.5802,47.5822]],[[7.5825,48.1213],[7.5857,48.1297],[7.6134,48.1792],[7.5825,48.1213]],[[7.6097,47.5647],[7.6402,47.5703],[7.6359,47.5646],[7.6097,47.5647]],[[7.7031,45.9278],[7.737,45.9242],[7.7063,45.9257],[7.7031,45.9278]],[[7.8702,45.9404],[7.8729,45.9594],[7.8807,45.9664],[7.8702,45.9404]],[[7.891,45.9755],[7.8982,45.9819],[7.9833,45.9988],[7.9787,45.9952],[7.891,45.9755]],[[7.9891,46.0033],[8.0007,46.0175],[7.9984,46.0106],[7.9891,46.0033]],[[8.5747,47.597],[8.5803,47.639],[8.5806,47.6002],[8.5747,47.597]],[[9.2732,47.6501],[9.5475,47.5345],[9.5475,47.5345],[9.2732,47.6501]],[[9.2823,46.4974],[9.331,46.5015],[9.3508,46.4979],[9.2823,46.4974]],[[9.4874,47.21],[9.5046,47.2437],[9.5171,47.2564],[9.4874,47.21]],[[9.6126,47.5219],[9.704,47.5314],[9.6767,47.5226],[9.6126,47.5219]]],[[[-2.782,47.6356],[-2.7754,47.6365],[-2.7785,47.6379],[-2.782,47.6356]]],[[[-2.1732,46.9345],[-2.1426,46.9099],[-2.1448,46.9575],[-2.1732,46.9345]]],[[[-1.2275,45.9543],[-1.2227,45.8898],[-1.1778,45.8898],[-1.2275,45.9543]]],[[[4.5581,52.3176],[4.564,52.1833],[4.7287,52.3176],[4.5581,52.3176]]],[[[12.0383,50.246],[12.1223,50.246],[12.1231,50.3125],[12.0391,50.3125],[12.0383,50.246]]]]}},{"type":"Feature","properties":{"territoryId":"cliopatria-q146246-95d8a327cd","name":"(Merovingian Empire)","name_ko":"메로베우스 왕국","color":"#3ad996","colorFamily":2,"startYear":500,"endYear":509,"source_name":"Cliopatria v0.2.0","source_url":"https://github.com/Seshat-Global-History-Databank/cliopatria","license":"CC BY 4.0","attribution":"Seshat Global History Databank, Cliopatria contributors"},"geometry":{"type":"MultiPolygon","coordinates":[[[[-2.8334,47.5536],[-2.7414,47.5089],[-2.5768,47.5539],[-2.632,47.5198],[-2.3639,47.5062],[-2.4947,47.4912],[-2.3918,47.4237],[-2.5564,47.3832],[-2.4362,47.307],[-2.542,47.3001],[-2.4551,47.269],[-2.0101,47.3197],[-1.8628,47.269],[-1.4088,47.269],[-1.1769,47.4665],[-0.27,47.4665],[-0.2607,47.3348],[-0.0959,47.3348],[-0.0045,47.2032],[1.3124,47.2032],[2.0236,47.73],[2.9453,47.4665],[3.923,47.73],[4.6662,47.73],[4.7591,47.4665],[5.1761,47.3348],[5.1808,47.2032],[5.5144,47.0716],[5.5945,47.1374],[5.5769,47.6641],[5.8224,47.73],[5.8181,47.8619],[6.3102,47.9938],[6.9753,47.8619],[7.0659,47.5323],[7.3148,47.4665],[7.484,47.269],[8.0615,47.2032],[8.3948,46.9401],[8.8878,46.9401],[8.8862,47.0716],[9.1308,47.269],[9.2955,47.269],[9.3766,47.4006],[9.9519,47.6641],[9.8681,47.8619],[9.9508,47.8619],[10.1134,48.4559],[11.0266,48.7865],[11.1108,49.1838],[10.9442,49.25],[10.5271,49.25],[9.7751,49.4489],[9.6907,49.5816],[9.4399,49.5816],[9.5204,49.98],[9.2665,50.246],[8.7592,50.5122],[8.4256,50.3125],[8.265,49.8471],[7.0908,49.9136],[6.4262,49.7143],[6.169,49.9136],[6.0768,50.1795],[6.4048,50.4457],[6.7413,50.4457],[6.8219,50.5789],[6.9903,50.5789],[7.1539,50.7788],[7.1491,50.9789],[6.7124,51.5134],[6.2038,51.5134],[5.9406,51.7811],[4.1599,51.7142],[4.218,51.5199],[4.2967,51.4705],[4.2409,51.4435],[4.3084,51.2712],[4.2254,51.3658],[4.0938,51.3128],[3.4166,51.3128],[3.4127,51.3889],[3.1248,51.3297],[2.5218,51.0875],[1.9214,50.9968],[1.5806,50.8688],[1.6104,50.5482],[1.5552,50.4048],[1.6104,50.3707],[1.5415,50.2779],[1.6725,50.1925],[1.521,50.2147],[1.2212,49.979],[0.5967,49.8572],[0.2359,49.7293],[0.0766,49.535],[0.2568,49.4641],[0.4932,49.4936],[0.4113,49.4521],[-0.2195,49.2801],[-0.9404,49.3923],[-1.0723,49.3968],[-1.1229,49.3454],[-1.2508,49.4489],[-1.336,49.7035],[-1.6067,49.6501],[-1.9352,49.7241],[-1.9456,49.678],[-1.8395,49.6198],[-1.8847,49.5309],[-1.8165,49.3837],[-1.6991,49.3559],[-1.6247,49.2193],[-1.5484,49.2255],[-1.6104,49.2159],[-1.5936,49.029],[-1.508,49.0337],[-1.6029,48.8494],[-1.5536,48.7471],[-1.3566,48.6433],[-1.5918,48.6396],[-1.5083,48.522],[-1.6689,48.4559],[-1.6473,48.1917],[-1.7967,47.9938],[-2.4472,47.8619],[-2.7756,47.6399],[-2.684,47.623],[-2.7202,47.5608],[-2.8334,47.5536]],[[4.2611,51.3694],[4.3685,51.3538],[4.3456,51.3523],[4.2611,51.3694]],[[3.8087,51.2053],[3.9378,51.2103],[3.927,51.2063],[3.8087,51.2053]],[[4.4533,51.4655],[4.4831,51.4743],[4.5252,51.4759],[4.4533,51.4655]],[[4.5955,49.972],[4.6475,49.9865],[4.6458,49.9845],[4.5955,49.972]],[[5.8604,51.0153],[5.8736,50.9906],[5.8746,50.9654],[5.8604,51.0153]],[[5.9942,50.7426],[5.9949,50.7499],[5.9971,50.7629],[5.9942,50.7426]],[[6.2494,49.4903],[6.3376,49.4581],[6.3253,49.4567],[6.2494,49.4903]],[[6.701,49.1729],[6.7221,49.158],[6.7138,49.1589],[6.701,49.1729]],[[7.4267,47.4621],[7.4274,47.4683],[7.4293,47.4651],[7.4267,47.4621]],[[7.5726,48.095],[7.5787,48.1112],[7.5757,48.0537],[7.5726,48.095]],[[7.5802,47.5822],[7.586,47.5846],[7.6032,47.5874],[7.5802,47.5822]],[[7.5825,48.1213],[7.5857,48.1297],[7.6134,48.1792],[7.5825,48.1213]],[[7.6097,47.5647],[7.6402,47.5703],[7.6359,47.5646],[7.6097,47.5647]],[[8.5747,47.597],[8.5803,47.639],[8.5806,47.6002],[8.5747,47.597]],[[9.2732,47.6501],[9.5475,47.5345],[9.5475,47.5345],[9.2732,47.6501]]],[[[-2.782,47.6356],[-2.7754,47.6365],[-2.7785,47.6379],[-2.782,47.6356]]],[[[-2.1613,47.269],[-1.9189,47.269],[-1.9189,47.2734],[-1.8984,47.2734],[-1.9171,47.2842],[-1.9479,47.2794],[-1.9991,47.2886],[-2.0146,47.3001],[-2.1277,47.2868],[-2.1606,47.2712],[-2.1613,47.269]]]]}},{"type":"Feature","properties":{"territoryId":"cliopatria-q146246-95d8a327cd","name":"(Merovingian Empire)","name_ko":"메로베우스 왕국","color":"#3ad996","colorFamily":2,"startYear":510,"endYear":522,"source_name":"Cliopatria v0.2.0","source_url":"https://github.com/Seshat-Global-History-Databank/cliopatria","license":"CC BY 4.0","attribution":"Seshat Global History Databank, Cliopatria contributors"},"geometry":{"type":"MultiPolygon","coordinates":[[[[-1.8509,43.3769],[-1.8484,43.3421],[-1.768,43.3421],[-1.7706,43.3787],[-1.7755,43.3762],[-1.7941,43.386],[-1.8113,43.3951],[-1.8509,43.3769]]],[[[-2.8334,47.5536],[-2.7414,47.5089],[-2.5768,47.5539],[-2.632,47.5198],[-2.3639,47.5062],[-2.4947,47.4912],[-2.3918,47.4237],[-2.5564,47.3832],[-2.4362,47.307],[-2.542,47.3001],[-2.4551,47.269],[-2.0101,47.3197],[-1.727,47.2108],[-2.0146,47.3001],[-2.1606,47.2712],[-2.1418,47.1214],[-1.9907,47.0354],[-2.1288,46.8935],[-2.1188,46.82],[-1.9099,46.6918],[-1.7954,46.4945],[-1.7892,46.5329],[-1.2401,46.2842],[-1.1107,46.3027],[-1.2108,46.1745],[-1.0487,46.0388],[-1.1107,46.0184],[-1.0734,45.9044],[-1.1517,45.8681],[-0.9872,45.7174],[-1.1443,45.8061],[-1.2131,45.7588],[-1.0453,45.6933],[-1.0408,45.6302],[-0.7955,45.4771],[-0.656,45.0991],[-0.4938,44.998],[-0.5962,45.0246],[-0.5347,44.895],[-0.716,45.1345],[-0.7662,45.3261],[-0.9153,45.4504],[-1.0317,45.5035],[-1.1434,45.4504],[-1.2201,44.7226],[-1.1722,44.7783],[-1.0447,44.6694],[-1.2134,44.6291],[-1.3355,44.0655],[-1.3214,43.8634],[-1.3925,43.8634],[-1.4599,43.5375],[-1.768,43.3421],[-1.4418,43.2769],[-1.5177,43.2118],[-1.424,43.0165],[-0.9424,43.0165],[0.0401,42.6912],[1.0747,42.8213],[1.4855,42.6262],[1.7898,42.9515],[1.9503,42.9515],[2.095,43.2769],[2.6338,43.7982],[2.7951,43.7982],[3.0255,44.0591],[3.4292,44.0591],[3.8146,44.516],[4.0575,44.516],[4.1334,44.6466],[3.9688,44.7119],[4.0395,44.9734],[3.869,45.1696],[3.8582,45.4313],[3.0761,46.4802],[3.2275,46.7429],[2.9651,47.0716],[3.0343,47.3348],[2.9453,47.4665],[3.923,47.73],[4.6662,47.73],[4.7591,47.4665],[5.1761,47.3348],[5.1808,47.2032],[5.5144,47.0716],[5.5945,47.1374],[5.5769,47.6641],[5.8224,47.73],[5.8181,47.8619],[6.3102,47.9938],[6.9753,47.8619],[7.15,47.4665],[7.3148,47.4665],[7.484,47.269],[8.0615,47.2032],[8.3116,47.0058],[8.3938,47.0058],[8.3948,46.9401],[8.8878,46.9401],[8.8862,47.0716],[9.1308,47.269],[9.2955,47.269],[9.3766,47.4006],[9.9519,47.6641],[9.8681,47.8619],[9.9508,47.8619],[10.1134,48.4559],[11.0266,48.7865],[11.1108,49.1838],[10.9442,49.25],[10.5271,49.25],[9.7751,49.4489],[9.6907,49.5816],[9.4399,49.5816],[9.5204,49.98],[9.2665,50.246],[9.1781,50.7121],[9.3456,50.8455],[9.4271,51.246],[8.8371,51.0457],[8.3354,50.7121],[7.6517,51.1792],[7.649,51.3128],[7.3921,51.4465],[7.3013,51.7142],[6.6146,51.9822],[6.6127,52.0492],[6.6978,52.0492],[6.948,52.2505],[7.0165,52.9227],[6.9308,52.9227],[6.6662,53.1922],[6.4945,53.1922],[6.4126,53.0574],[6.241,53.0574],[6.2452,52.9227],[6.3309,52.9227],[6.2494,52.7881],[6.076,52.8554],[5.9948,52.7208],[5.655,52.6535],[5.5597,52.9227],[5.3857,52.99],[5.3908,52.8554],[4.8854,52.6535],[4.8112,52.3847],[4.5581,52.3176],[4.6521,52.1163],[4.4877,51.9822],[4.4966,51.7811],[4.1599,51.7142],[4.218,51.5199],[4.2967,51.4705],[4.2409,51.4435],[4.3084,51.2712],[4.1932,51.3744],[3.4166,51.3128],[3.4127,51.3889],[3.1248,51.3297],[2.5218,51.0875],[1.9214,50.9968],[1.5806,50.8688],[1.6104,50.5482],[1.5552,50.4048],[1.6104,50.3707],[1.5415,50.2779],[1.6725,50.1925],[1.521,50.2147],[1.2212,49.979],[0.5967,49.8572],[0.2359,49.7293],[0.0766,49.535],[0.2568,49.4641],[0.4932,49.4936],[0.4573,49.4674],[-0.2195,49.2801],[-0.9404,49.3923],[-1.0723,49.3968],[-1.1229,49.3454],[-1.2508,49.4489],[-1.336,49.7035],[-1.6067,49.6501],[-1.9352,49.7241],[-1.9456,49.678],[-1.8395,49.6198],[-1.8847,49.5309],[-1.8165,49.3837],[-1.6991,49.3559],[-1.6247,49.2193],[-1.5484,49.2255],[-1.6104,49.2159],[-1.5936,49.029],[-1.508,49.0337],[-1.6029,48.8494],[-1.5536,48.7471],[-1.3566,48.6433],[-1.5918,48.6396],[-1.5083,48.522],[-1.6689,48.4559],[-1.6473,48.1917],[-1.7967,47.9938],[-2.4472,47.8619],[-2.7756,47.6399],[-2.684,47.623],[-2.7202,47.5608],[-2.8334,47.5536]],[[4.2611,51.3694],[4.3685,51.3538],[4.3456,51.3523],[4.2611,51.3694]],[[3.8087,51.2053],[3.9378,51.2103],[3.927,51.2063],[3.8087,51.2053]],[[4.4533,51.4655],[4.4831,51.4743],[4.5252,51.4759],[4.4533,51.4655]],[[4.5955,49.972],[4.6475,49.9865],[4.6458,49.9845],[4.5955,49.972]],[[5.8604,51.0153],[5.8736,50.9906],[5.8746,50.9654],[5.8604,51.0153]],[[5.9942,50.7426],[5.9949,50.7499],[5.9971,50.7629],[5.9942,50.7426]],[[6.1149,50.1123],[6.1175,50.1205],[6.1295,50.134],[6.1149,50.1123]],[[6.1172,50.0044],[6.1619,49.9425],[6.154,49.9512],[6.1172,50.0044]],[[6.122,50.1618],[6.1232,50.1649],[6.1442,50.1681],[6.122,50.1618]],[[6.1468,50.214],[6.1572,50.2227],[6.1896,50.2427],[6.1468,50.214]],[[6.1532,50.1707],[6.1651,50.1819],[6.1591,50.1724],[6.1532,50.1707]],[[6.2494,49.4903],[6.3376,49.4581],[6.3253,49.4567],[6.2494,49.4903]],[[6.701,49.1729],[6.7221,49.158],[6.7138,49.1589],[6.701,49.1729]],[[7.4267,47.4621],[7.4274,47.4683],[7.4293,47.4651],[7.4267,47.4621]],[[7.5726,48.095],[7.5787,48.1112],[7.5757,48.0537],[7.5726,48.095]],[[7.5802,47.5822],[7.586,47.5846],[7.6032,47.5874],[7.5802,47.5822]],[[7.5825,48.1213],[7.5857,48.1297],[7.6134,48.1792],[7.5825,48.1213]],[[7.6097,47.5647],[7.6402,47.5703],[7.6359,47.5646],[7.6097,47.5647]],[[8.5747,47.597],[8.5803,47.639],[8.5806,47.6002],[8.5747,47.597]],[[9.2732,47.6501],[9.5475,47.5345],[9.5475,47.5345],[9.2732,47.6501]]],[[[-2.782,47.6356],[-2.7754,47.6365],[-2.7785,47.6379],[-2.782,47.6356]]],[[[-2.1732,46.9345],[-2.1426,46.9099],[-2.1448,46.9575],[-2.1732,46.9345]]],[[[-1.2275,45.9543],[-1.2227,45.8898],[-1.1778,45.8898],[-1.2275,45.9543]]]]}},{"type":"Feature","properties":{"territoryId":"cliopatria-q146246-95d8a327cd","name":"(Merovingian Empire)","name_ko":"메로베우스 왕국","color":"#3ad996","colorFamily":2,"startYear":523,"endYear":533,"source_name":"Cliopatria v0.2.0","source_url":"https://github.com/Seshat-Global-History-Databank/cliopatria","license":"CC BY 4.0","attribution":"Seshat Global History Databank, Cliopatria contributors"},"geometry":{"type":"MultiPolygon","coordinates":[[[[-1.8509,43.3769],[-1.8484,43.3421],[-1.768,43.3421],[-1.7706,43.3787],[-1.7755,43.3762],[-1.7941,43.386],[-1.8113,43.3951],[-1.8509,43.3769]]],[[[-2.8334,47.5536],[-2.7414,47.5089],[-2.5768,47.5539],[-2.632,47.5198],[-2.3639,47.5062],[-2.4947,47.4912],[-2.3918,47.4237],[-2.5564,47.3832],[-2.4362,47.307],[-2.542,47.3001],[-2.4551,47.269],[-2.0101,47.3197],[-1.727,47.2108],[-2.0146,47.3001],[-2.1606,47.2712],[-2.1418,47.1214],[-1.9907,47.0354],[-2.1288,46.8935],[-2.1188,46.82],[-1.9099,46.6918],[-1.7954,46.4945],[-1.7892,46.5329],[-1.2401,46.2842],[-1.1107,46.3027],[-1.2108,46.1745],[-1.0487,46.0388],[-1.1107,46.0184],[-1.0734,45.9044],[-1.1517,45.8681],[-0.9872,45.7174],[-1.1443,45.8061],[-1.2131,45.7588],[-1.0453,45.6933],[-1.0408,45.6302],[-0.7955,45.4771],[-0.656,45.0991],[-0.4938,44.998],[-0.5962,45.0246],[-0.5347,44.895],[-0.716,45.1345],[-0.7662,45.3261],[-0.9153,45.4504],[-1.0317,45.5035],[-1.1479,45.3973],[-1.2487,44.662],[-1.1722,44.7783],[-1.0447,44.6694],[-1.1865,44.6655],[-1.2572,44.5561],[-1.3214,43.8634],[-1.3925,43.8634],[-1.4599,43.5375],[-1.768,43.3421],[-1.4418,43.2769],[-1.5177,43.2118],[-1.424,43.0165],[-0.9424,43.0165],[0.0401,42.6912],[1.0747,42.8213],[1.4855,42.6262],[1.7898,42.9515],[1.9503,42.9515],[1.9439,43.0816],[3.0255,44.0591],[3.4292,44.0591],[3.8146,44.516],[4.0575,44.516],[4.1334,44.6466],[3.9688,44.7119],[4.0395,44.9734],[3.869,45.1696],[3.8582,45.4313],[3.4218,46.0865],[3.2553,46.1521],[3.0729,46.5459],[3.2275,46.7429],[2.9651,47.0716],[3.0343,47.3348],[2.9453,47.4665],[3.923,47.73],[4.6662,47.73],[4.7591,47.4665],[5.1761,47.3348],[5.1808,47.2032],[5.5144,47.0716],[5.5945,47.1374],[5.5769,47.6641],[5.8224,47.73],[5.8181,47.8619],[6.1447,47.9938],[6.8082,47.9278],[6.9753,47.8619],[7.15,47.4665],[7.3148,47.4665],[7.484,47.269],[8.0615,47.2032],[8.3116,47.0058],[8.3938,47.0058],[8.3948,46.9401],[8.8878,46.9401],[8.8862,47.0716],[9.1308,47.269],[9.2955,47.269],[9.3766,47.4006],[9.9519,47.6641],[9.8681,47.8619],[9.9508,47.8619],[10.1134,48.4559],[11.0266,48.7865],[11.1108,49.1838],[10.9442,49.25],[10.5271,49.25],[9.7751,49.4489],[9.6907,49.5816],[9.4399,49.5816],[9.5204,49.98],[9.2665,50.246],[9.1781,50.7121],[9.3456,50.8455],[9.4271,51.246],[8.8371,51.0457],[8.3354,50.7121],[7.6517,51.1792],[7.649,51.3128],[7.3921,51.4465],[7.3013,51.7142],[6.6146,51.9822],[6.6127,52.0492],[6.6978,52.0492],[6.948,52.2505],[7.0165,52.9227],[6.9308,52.9227],[6.6662,53.1922],[6.4945,53.1922],[6.4126,53.0574],[6.241,53.0574],[6.2452,52.9227],[6.3309,52.9227],[6.2494,52.7881],[6.076,52.8554],[5.9948,52.7208],[5.655,52.6535],[5.5597,52.9227],[5.3857,52.99],[5.3078,52.7881],[4.8854,52.6535],[4.8909,52.5191],[4.4877,51.9822],[4.4966,51.7811],[4.4116,51.7811],[4.4146,51.7142],[4.1599,51.7142],[4.218,51.5199],[4.2967,51.4705],[4.2409,51.4435],[4.3084,51.2712],[4.2254,51.3658],[4.0938,51.3128],[3.4166,51.3128],[3.4127,51.3889],[3.1248,51.3297],[2.5218,51.0875],[1.9214,50.9968],[1.5806,50.8688],[1.6104,50.5482],[1.5552,50.4048],[1.6104,50.3707],[1.5415,50.2779],[1.6725,50.1925],[1.521,50.2147],[1.2212,49.979],[0.5967,49.8572],[0.2359,49.7293],[0.0766,49.535],[0.2568,49.4641],[0.4932,49.4936],[0.4573,49.4674],[-0.2195,49.2801],[-0.9404,49.3923],[-1.0723,49.3968],[-1.1229,49.3454],[-1.2508,49.4489],[-1.336,49.7035],[-1.6067,49.6501],[-1.9352,49.7241],[-1.9456,49.678],[-1.8395,49.6198],[-1.8847,49.5309],[-1.8165,49.3837],[-1.6991,49.3559],[-1.6247,49.2193],[-1.5484,49.2255],[-1.6104,49.2159],[-1.5936,49.029],[-1.508,49.0337],[-1.6029,48.8494],[-1.5536,48.7471],[-1.3566,48.6433],[-1.5918,48.6396],[-1.5083,48.522],[-1.6689,48.4559],[-1.642,48.1257],[-1.7248,48.1257],[-1.7194,48.0597],[-1.8021,48.0597],[-1.7967,47.9938],[-2.4472,47.8619],[-2.7756,47.6399],[-2.684,47.623],[-2.7202,47.5608],[-2.8334,47.5536]],[[4.2611,51.3694],[4.3685,51.3538],[4.3456,51.3523],[4.2611,51.3694]],[[3.8087,51.2053],[3.9378,51.2103],[3.927,51.2063],[3.8087,51.2053]],[[4.4533,51.4655],[4.4831,51.4743],[4.5252,51.4759],[4.4533,51.4655]],[[4.5955,49.972],[4.6475,49.9865],[4.6458,49.9845],[4.5955,49.972]],[[5.8604,51.0153],[5.8736,50.9906],[5.8746,50.9654],[5.8604,51.0153]],[[5.9942,50.7426],[5.9949,50.7499],[5.9971,50.7629],[5.9942,50.7426]],[[6.1149,50.1123],[6.1175,50.1205],[6.1295,50.134],[6.1149,50.1123]],[[6.1172,50.0044],[6.1619,49.9425],[6.154,49.9512],[6.1172,50.0044]],[[6.122,50.1618],[6.1232,50.1649],[6.1442,50.1681],[6.122,50.1618]],[[6.1468,50.214],[6.1572,50.2227],[6.1896,50.2427],[6.1468,50.214]],[[6.1532,50.1707],[6.1651,50.1819],[6.1591,50.1724],[6.1532,50.1707]],[[6.2494,49.4903],[6.3376,49.4581],[6.3253,49.4567],[6.2494,49.4903]],[[6.701,49.1729],[6.7221,49.158],[6.7138,49.1589],[6.701,49.1729]],[[7.4267,47.4621],[7.4274,47.4683],[7.4293,47.4651],[7.4267,47.4621]],[[7.5726,48.095],[7.5787,48.1112],[7.5757,48.0537],[7.5726,48.095]],[[7.5802,47.5822],[7.586,47.5846],[7.6032,47.5874],[7.5802,47.5822]],[[7.5825,48.1213],[7.5857,48.1297],[7.6134,48.1792],[7.5825,48.1213]],[[7.6097,47.5647],[7.6402,47.5703],[7.6359,47.5646],[7.6097,47.5647]],[[8.5747,47.597],[8.5803,47.639],[8.5806,47.6002],[8.5747,47.597]],[[9.2732,47.6501],[9.5475,47.5345],[9.5475,47.5345],[9.2732,47.6501]]],[[[-2.782,47.6356],[-2.7754,47.6365],[-2.7785,47.6379],[-2.782,47.6356]]],[[[-2.1732,46.9345],[-2.1426,46.9099],[-2.1448,46.9575],[-2.1732,46.9345]]],[[[-1.2275,45.9543],[-1.2227,45.8898],[-1.1778,45.8898],[-1.2275,45.9543]]],[[[4.5581,52.3176],[4.564,52.1833],[4.7287,52.3176],[4.5581,52.3176]]]]}},{"type":"Feature","properties":{"territoryId":"cliopatria-q146246-95d8a327cd","name":"(Merovingian Empire)","name_ko":"메로베우스 왕국","color":"#3ad996","colorFamily":2,"startYear":534,"endYear":539,"source_name":"Cliopatria v0.2.0","source_url":"https://github.com/Seshat-Global-History-Databank/cliopatria","license":"CC BY 4.0","attribution":"Seshat Global History Databank, Cliopatria contributors"},"geometry":{"type":"MultiPolygon","coordinates":[[[[-1.8509,43.3769],[-1.8484,43.3421],[-1.768,43.3421],[-1.7706,43.3787],[-1.7755,43.3762],[-1.7941,43.386],[-1.8113,43.3951],[-1.8509,43.3769]]],[[[-2.8334,47.5536],[-2.7414,47.5089],[-2.5768,47.5539],[-2.632,47.5198],[-2.3639,47.5062],[-2.4947,47.4912],[-2.3918,47.4237],[-2.5564,47.3832],[-2.4362,47.307],[-2.542,47.3001],[-2.4551,47.269],[-2.0101,47.3197],[-1.727,47.2108],[-2.0146,47.3001],[-2.1606,47.2712],[-2.1418,47.1214],[-1.9907,47.0354],[-2.1288,46.8935],[-2.1188,46.82],[-1.9099,46.6918],[-1.7954,46.4945],[-1.7892,46.5329],[-1.2401,46.2842],[-1.1107,46.3027],[-1.2108,46.1745],[-1.0487,46.0388],[-1.1107,46.0184],[-1.0734,45.9044],[-1.1517,45.8681],[-0.9872,45.7174],[-1.1443,45.8061],[-1.2131,45.7588],[-1.0453,45.6933],[-1.0408,45.6302],[-0.7955,45.4771],[-0.656,45.0991],[-0.4938,44.998],[-0.5962,45.0246],[-0.5347,44.895],[-0.716,45.1345],[-0.7662,45.3261],[-0.9153,45.4504],[-1.0317,45.5035],[-1.1434,45.4504],[-1.2201,44.7226],[-1.1722,44.7783],[-1.0447,44.6694],[-1.2134,44.6291],[-1.3355,44.0655],[-1.3214,43.8634],[-1.3925,43.8634],[-1.4599,43.5375],[-1.768,43.3421],[-1.4418,43.2769],[-1.5177,43.2118],[-1.424,43.0165],[-0.9424,43.0165],[0.0401,42.6912],[1.0747,42.8213],[1.4855,42.6262],[1.7898,42.9515],[1.9503,42.9515],[1.9439,43.0816],[3.0255,44.0591],[3.4292,44.0591],[3.8146,44.516],[4.0575,44.516],[4.6336,44.2548],[4.629,44.3854],[4.7099,44.3854],[4.7076,44.4507],[4.9526,44.3854],[5.0291,44.516],[5.7579,44.516],[5.9143,44.7119],[6.3162,44.8426],[6.3093,45.1042],[6.7156,45.1042],[7.0377,45.235],[7.1147,45.4313],[7.3576,45.4968],[7.5956,45.8243],[7.7588,45.8243],[8.0808,46.0865],[8.1593,46.2833],[9.3044,46.3489],[9.3402,46.4978],[9.2823,46.4974],[9.3407,46.4997],[9.3833,46.6772],[9.6274,46.9401],[9.6061,47.054],[9.477,47.0639],[9.6056,47.0567],[9.5414,47.4006],[9.9519,47.6641],[9.8681,47.8619],[9.9508,47.8619],[10.1134,48.4559],[11.0266,48.7865],[11.1108,49.1838],[10.8607,49.25],[10.8609,49.3826],[11.0282,49.5152],[11.0285,49.6479],[11.2801,49.7807],[11.2807,49.9136],[11.8691,50.113],[11.8704,50.246],[12.0391,50.3125],[12.042,50.5789],[12.2955,50.6455],[12.0482,51.1124],[11.4576,51.246],[11.2893,51.3797],[11.5464,51.7142],[11.547,51.7811],[10.868,51.9151],[10.5275,51.6472],[10.2729,51.6472],[10.1035,51.4465],[8.8371,51.0457],[8.3354,50.7121],[7.6517,51.1792],[7.649,51.3128],[7.3921,51.4465],[7.3013,51.7142],[6.6146,51.9822],[6.6127,52.0492],[6.6978,52.0492],[6.948,52.2505],[7.0165,52.9227],[6.9308,52.9227],[6.6662,53.1922],[6.4945,53.1922],[6.4126,53.0574],[6.241,53.0574],[6.2452,52.9227],[6.3309,52.9227],[6.2494,52.7881],[6.076,52.8554],[5.9948,52.7208],[5.655,52.6535],[5.5597,52.9227],[5.3857,52.99],[5.3078,52.7881],[4.8854,52.6535],[4.8909,52.5191],[4.4877,51.9822],[4.4966,51.7811],[4.4116,51.7811],[4.4146,51.7142],[4.1599,51.7142],[4.218,51.5199],[4.2967,51.4705],[4.2409,51.4435],[4.3084,51.2712],[4.2254,51.3658],[4.0938,51.3128],[3.4166,51.3128],[3.4127,51.3889],[3.1248,51.3297],[2.5218,51.0875],[1.7298,50.9439],[1.5806,50.8688],[1.5632,50.6783],[1.6104,50.5482],[1.5552,50.4048],[1.6104,50.3707],[1.5415,50.2779],[1.6725,50.1925],[1.521,50.2147],[1.2212,49.979],[0.5967,49.8572],[0.2359,49.7293],[0.0766,49.535],[0.2568,49.4641],[0.4932,49.4936],[0.4573,49.4674],[-0.2195,49.2801],[-0.9404,49.3923],[-1.0723,49.3968],[-1.1229,49.3454],[-1.2508,49.4489],[-1.336,49.7035],[-1.6067,49.6501],[-1.9352,49.7241],[-1.9456,49.678],[-1.8395,49.6198],[-1.8847,49.5309],[-1.8165,49.3837],[-1.6991,49.3559],[-1.6247,49.2193],[-1.5484,49.2255],[-1.6104,49.2159],[-1.5936,49.029],[-1.508,49.0337],[-1.6029,48.8494],[-1.5536,48.7471],[-1.3566,48.6433],[-1.5918,48.6396],[-1.5083,48.522],[-1.6689,48.4559],[-1.642,48.1257],[-1.7248,48.1257],[-1.7194,48.0597],[-1.8021,48.0597],[-1.7967,47.9938],[-2.4472,47.8619],[-2.7756,47.6399],[-2.684,47.623],[-2.7202,47.5608],[-2.8334,47.5536]],[[4.2611,51.3694],[4.3685,51.3538],[4.3456,51.3523],[4.2611,51.3694]],[[3.8087,51.2053],[3.9378,51.2103],[3.927,51.2063],[3.8087,51.2053]],[[4.4533,51.4655],[4.4831,51.4743],[4.5252,51.4759],[4.4533,51.4655]],[[4.5955,49.972],[4.6475,49.9865],[4.6458,49.9845],[4.5955,49.972]],[[5.8604,51.0153],[5.8736,50.9906],[5.8746,50.9654],[5.8604,51.0153]],[[5.9585,46.212],[5.9829,46.2227],[6.0007,46.2276],[5.9585,46.212]],[[5.9942,50.7426],[5.9949,50.7499],[5.9971,50.7629],[5.9942,50.7426]],[[6.0629,46.2445],[6.0908,46.2521],[6.0897,46.2464],[6.0629,46.2445]],[[6.1149,50.1123],[6.1175,50.1205],[6.1295,50.134],[6.1149,50.1123]],[[6.1172,50.0044],[6.1619,49.9425],[6.154,49.9512],[6.1172,50.0044]],[[6.122,50.1618],[6.1232,50.1649],[6.1442,50.1681],[6.122,50.1618]],[[6.1468,50.214],[6.1572,50.2227],[6.1896,50.2427],[6.1468,50.214]],[[6.1532,50.1707],[6.1651,50.1819],[6.1591,50.1724],[6.1532,50.1707]],[[6.2494,49.4903],[6.3376,49.4581],[6.3253,49.4567],[6.2494,49.4903]],[[6.701,49.1729],[6.7221,49.158],[6.7138,49.1589],[6.701,49.1729]],[[6.7827,45.7953],[6.7863,45.8015],[6.7839,45.7882],[6.7827,45.7953]],[[6.7843,46.2008],[6.7922,46.2217],[6.8277,46.2695],[6.7843,46.2008]],[[6.8328,45.6905],[6.8623,45.6792],[6.8431,45.6827],[6.8328,45.6905]],[[6.8984,45.6655],[6.9634,45.6407],[6.9186,45.6526],[6.8984,45.6655]],[[7.0201,45.9292],[7.0349,45.9169],[7.0221,45.9253],[7.0201,45.9292]],[[7.0782,45.8884],[7.1535,45.8765],[7.0902,45.8805],[7.0782,45.8884]],[[7.3618,45.9078],[7.453,45.9459],[7.3938,45.9157],[7.3618,45.9078]],[[7.4267,47.4621],[7.4274,47.4683],[7.4293,47.4651],[7.4267,47.4621]],[[7.5726,48.095],[7.5787,48.1112],[7.5757,48.0537],[7.5726,48.095]],[[7.5802,47.5822],[7.586,47.5846],[7.6032,47.5874],[7.5802,47.5822]],[[7.5825,48.1213],[7.5857,48.1297],[7.6134,48.1792],[7.5825,48.1213]],[[7.6097,47.5647],[7.6402,47.5703],[7.6359,47.5646],[7.6097,47.5647]],[[7.7031,45.9278],[7.737,45.9242],[7.7063,45.9257],[7.7031,45.9278]],[[7.8702,45.9404],[7.8729,45.9594],[7.8807,45.9664],[7.8702,45.9404]],[[8.5747,47.597],[8.5803,47.639],[8.5806,47.6002],[8.5747,47.597]],[[9.2732,47.6501],[9.5475,47.5345],[9.5475,47.5345],[9.2732,47.6501]],[[9.4874,47.21],[9.5046,47.2437],[9.5171,47.2564],[9.4874,47.21]],[[9.6126,47.5219],[9.704,47.5314],[9.6767,47.5226],[9.6126,47.5219]]],[[[-2.782,47.6356],[-2.7754,47.6365],[-2.7785,47.6379],[-2.782,47.6356]]],[[[-2.1732,46.9345],[-2.1426,46.9099],[-2.1448,46.9575],[-2.1732,46.9345]]],[[[-1.2275,45.9543],[-1.2227,45.8898],[-1.1778,45.8898],[-1.2275,45.9543]]],[[[12.0383,50.246],[12.1223,50.246],[12.1231,50.3125],[12.0391,50.3125],[12.0383,50.246]]],[[[4.5581,52.3176],[4.564,52.1833],[4.7287,52.3176],[4.5581,52.3176]]]]}},{"type":"Feature","properties":{"territoryId":"cliopatria-q146246-95d8a327cd","name":"(Merovingian Empire)","name_ko":"메로베우스 왕국","color":"#3ad996","colorFamily":2,"startYear":540,"endYear":545,"source_name":"Cliopatria v0.2.0","source_url":"https://github.com/Seshat-Global-History-Databank/cliopatria","license":"CC BY 4.0","attribution":"Seshat Global History Databank, Cliopatria contributors"},"geometry":{"type":"MultiPolygon","coordinates":[[[[-1.8509,43.3769],[-1.8484,43.3421],[-1.768,43.3421],[-1.7706,43.3787],[-1.7755,43.3762],[-1.7941,43.386],[-1.8113,43.3951],[-1.8509,43.3769]]],[[[-2.8334,47.5536],[-2.7414,47.5089],[-2.5768,47.5539],[-2.632,47.5198],[-2.3639,47.5062],[-2.4947,47.4912],[-2.3918,47.4237],[-2.5564,47.3832],[-2.4362,47.307],[-2.542,47.3001],[-2.4551,47.269],[-2.0101,47.3197],[-1.727,47.2108],[-2.0146,47.3001],[-2.1606,47.2712],[-2.1418,47.1214],[-1.9907,47.0354],[-2.1288,46.8935],[-2.1188,46.82],[-1.9099,46.6918],[-1.7954,46.4945],[-1.7892,46.5329],[-1.2401,46.2842],[-1.1107,46.3027],[-1.2108,46.1745],[-1.0487,46.0388],[-1.1107,46.0184],[-1.0734,45.9044],[-1.1517,45.8681],[-0.9872,45.7174],[-1.1443,45.8061],[-1.2131,45.7588],[-1.0453,45.6933],[-1.0408,45.6302],[-0.7955,45.4771],[-0.656,45.0991],[-0.4938,44.998],[-0.5962,45.0246],[-0.5347,44.895],[-0.716,45.1345],[-0.7662,45.3261],[-0.9153,45.4504],[-1.0317,45.5035],[-1.1434,45.4504],[-1.2201,44.7226],[-1.1722,44.7783],[-1.0447,44.6694],[-1.2134,44.6291],[-1.3355,44.0655],[-1.3214,43.8634],[-1.3925,43.8634],[-1.4599,43.5375],[-1.768,43.3421],[-1.4418,43.2769],[-1.5177,43.2118],[-1.424,43.0165],[-0.9424,43.0165],[0.0401,42.6912],[1.0747,42.8213],[1.4855,42.6262],[1.7898,42.9515],[1.9503,42.9515],[1.9439,43.0816],[3.0255,44.0591],[3.4292,44.0591],[3.8146,44.516],[4.5504,44.3201],[4.6359,44.1896],[4.315,44.1243],[4.244,43.8634],[4.1633,43.8634],[4.0876,43.733],[4.1778,43.4723],[4.578,43.5375],[4.7288,43.4972],[4.6946,43.5791],[4.7424,43.4935],[5.0174,43.42],[5.0623,43.4516],[5.0291,43.5586],[5.2263,43.4803],[5.0383,43.4144],[5.3869,43.4072],[5.3908,43.2769],[5.7945,43.2118],[5.7962,43.1467],[6.5176,43.2118],[6.5936,43.4072],[6.8321,43.5375],[6.997,43.5441],[7.071,43.6678],[7.1515,43.6678],[7.2232,44.1243],[6.8957,44.3201],[6.9652,44.8426],[6.6375,44.9734],[6.6343,45.1042],[7.0377,45.235],[7.1147,45.4313],[7.8462,45.4968],[8.1751,45.3004],[8.5818,45.3004],[8.5784,45.5623],[8.4145,45.6278],[8.4895,46.0865],[9.1427,46.1521],[9.3851,46.4802],[9.3833,46.6772],[9.6274,46.9401],[9.6061,47.054],[9.477,47.0639],[9.6056,47.0567],[9.5414,47.4006],[9.9519,47.6641],[9.8681,47.8619],[9.9508,47.8619],[10.1134,48.4559],[11.0266,48.7865],[11.1108,49.1838],[10.8607,49.25],[10.8609,49.3826],[11.0282,49.5152],[11.0285,49.6479],[11.2801,49.7807],[11.2807,49.9136],[11.8691,50.113],[11.8704,50.246],[12.0391,50.3125],[12.042,50.5789],[12.2955,50.6455],[12.0482,51.1124],[11.4576,51.246],[11.2893,51.3797],[11.5464,51.7142],[11.547,51.7811],[10.868,51.9151],[10.5275,51.6472],[10.2729,51.6472],[10.1035,51.4465],[8.8371,51.0457],[8.3354,50.7121],[7.6517,51.1792],[7.649,51.3128],[7.3921,51.4465],[7.3013,51.7142],[6.6146,51.9822],[6.6127,52.0492],[6.6978,52.0492],[6.948,52.2505],[7.0165,52.9227],[6.9308,52.9227],[6.6662,53.1922],[6.4945,53.1922],[6.4126,53.0574],[6.241,53.0574],[6.2452,52.9227],[6.3309,52.9227],[6.2494,52.7881],[6.076,52.8554],[5.9948,52.7208],[5.655,52.6535],[5.5597,52.9227],[5.3857,52.99],[5.3078,52.7881],[4.8854,52.6535],[4.8909,52.5191],[4.4877,51.9822],[4.4966,51.7811],[4.4116,51.7811],[4.4146,51.7142],[4.1599,51.7142],[4.218,51.5199],[4.2967,51.4705],[4.2409,51.4435],[4.3084,51.2712],[4.2254,51.3658],[4.0938,51.3128],[3.4166,51.3128],[3.4127,51.3889],[3.1248,51.3297],[2.5218,51.0875],[1.7298,50.9439],[1.5806,50.8688],[1.5632,50.6783],[1.6104,50.5482],[1.5552,50.4048],[1.6104,50.3707],[1.5415,50.2779],[1.6725,50.1925],[1.521,50.2147],[1.2212,49.979],[0.5967,49.8572],[0.2359,49.7293],[0.0766,49.535],[0.2568,49.4641],[0.4932,49.4936],[0.4573,49.4674],[-0.2195,49.2801],[-0.9404,49.3923],[-1.0723,49.3968],[-1.1229,49.3454],[-1.2508,49.4489],[-1.336,49.7035],[-1.6067,49.6501],[-1.9352,49.7241],[-1.9456,49.678],[-1.8395,49.6198],[-1.8847,49.5309],[-1.8165,49.3837],[-1.6991,49.3559],[-1.6247,49.2193],[-1.5484,49.2255],[-1.6104,49.2159],[-1.5936,49.029],[-1.508,49.0337],[-1.6029,48.8494],[-1.5536,48.7471],[-1.3566,48.6433],[-1.5918,48.6396],[-1.5083,48.522],[-1.6689,48.4559],[-1.642,48.1257],[-1.7248,48.1257],[-1.7194,48.0597],[-1.8021,48.0597],[-1.7967,47.9938],[-2.4472,47.8619],[-2.7756,47.6399],[-2.684,47.623],[-2.7202,47.5608],[-2.8334,47.5536]],[[4.2611,51.3694],[4.3685,51.3538],[4.3456,51.3523],[4.2611,51.3694]],[[3.8087,51.2053],[3.9378,51.2103],[3.927,51.2063],[3.8087,51.2053]],[[4.4533,51.4655],[4.4831,51.4743],[4.5252,51.4759],[4.4533,51.4655]],[[4.5955,49.972],[4.6475,49.9865],[4.6458,49.9845],[4.5955,49.972]],[[5.8604,51.0153],[5.8736,50.9906],[5.8746,50.9654],[5.8604,51.0153]],[[5.9585,46.212],[5.9829,46.2227],[6.0007,46.2276],[5.9585,46.212]],[[5.9942,50.7426],[5.9949,50.7499],[5.9971,50.7629],[5.9942,50.7426]],[[6.0629,46.2445],[6.0908,46.2521],[6.0897,46.2464],[6.0629,46.2445]],[[6.1149,50.1123],[6.1175,50.1205],[6.1295,50.134],[6.1149,50.1123]],[[6.1172,50.0044],[6.1619,49.9425],[6.154,49.9512],[6.1172,50.0044]],[[6.122,50.1618],[6.1232,50.1649],[6.1442,50.1681],[6.122,50.1618]],[[6.1468,50.214],[6.1572,50.2227],[6.1896,50.2427],[6.1468,50.214]],[[6.1532,50.1707],[6.1651,50.1819],[6.1591,50.1724],[6.1532,50.1707]],[[6.2494,49.4903],[6.3376,49.4581],[6.3253,49.4567],[6.2494,49.4903]],[[6.701,49.1729],[6.7221,49.158],[6.7138,49.1589],[6.701,49.1729]],[[6.7827,45.7953],[6.7863,45.8015],[6.7839,45.7882],[6.7827,45.7953]],[[6.7843,46.2008],[6.7922,46.2217],[6.8277,46.2695],[6.7843,46.2008]],[[6.8328,45.6905],[6.8623,45.6792],[6.8431,45.6827],[6.8328,45.6905]],[[6.8661,44.3721],[6.8772,44.4144],[6.8703,44.3667],[6.8661,44.3721]],[[6.8984,45.6655],[6.9634,45.6407],[6.9186,45.6526],[6.8984,45.6655]],[[6.9799,44.2461],[6.9887,44.2416],[6.9828,44.2417],[6.9799,44.2461]],[[7.0201,45.9292],[7.0349,45.9169],[7.0221,45.9253],[7.0201,45.9292]],[[7.0782,45.8884],[7.1535,45.8765],[7.0902,45.8805],[7.0782,45.8884]],[[7.3618,45.9078],[7.453,45.9459],[7.3938,45.9157],[7.3618,45.9078]],[[7.4267,47.4621],[7.4274,47.4683],[7.4293,47.4651],[7.4267,47.4621]],[[7.5726,48.095],[7.5787,48.1112],[7.5757,48.0537],[7.5726,48.095]],[[7.5802,47.5822],[7.586,47.5846],[7.6032,47.5874],[7.5802,47.5822]],[[7.5825,48.1213],[7.5857,48.1297],[7.6134,48.1792],[7.5825,48.1213]],[[7.6097,47.5647],[7.6402,47.5703],[7.6359,47.5646],[7.6097,47.5647]],[[7.7031,45.9278],[7.737,45.9242],[7.7063,45.9257],[7.7031,45.9278]],[[7.8702,45.9404],[7.8729,45.9594],[7.8807,45.9664],[7.8702,45.9404]],[[7.891,45.9755],[7.8982,45.9819],[7.9833,45.9988],[7.9787,45.9952],[7.891,45.9755]],[[7.9891,46.0033],[8.0007,46.0175],[7.9984,46.0106],[7.9891,46.0033]],[[8.5747,47.597],[8.5803,47.639],[8.5806,47.6002],[8.5747,47.597]],[[9.2732,47.6501],[9.5475,47.5345],[9.5475,47.5345],[9.2732,47.6501]],[[9.2823,46.4974],[9.331,46.5015],[9.3508,46.4979],[9.2823,46.4974]],[[9.4874,47.21],[9.5046,47.2437],[9.5171,47.2564],[9.4874,47.21]],[[9.6126,47.5219],[9.704,47.5314],[9.6767,47.5226],[9.6126,47.5219]]],[[[-2.782,47.6356],[-2.7754,47.6365],[-2.7785,47.6379],[-2.782,47.6356]]],[[[-2.1732,46.9345],[-2.1426,46.9099],[-2.1448,46.9575],[-2.1732,46.9345]]],[[[-1.2275,45.9543],[-1.2227,45.8898],[-1.1778,45.8898],[-1.2275,45.9543]]],[[[4.5581,52.3176],[4.564,52.1833],[4.7287,52.3176],[4.5581,52.3176]]],[[[12.0383,50.246],[12.1223,50.246],[12.1231,50.3125],[12.0391,50.3125],[12.0383,50.246]]]]}},{"type":"Feature","properties":{"territoryId":"cliopatria-q146246-95d8a327cd","name":"(Merovingian Empire)","name_ko":"메로베우스 왕국","color":"#3ad996","colorFamily":2,"startYear":546,"endYear":554,"source_name":"Cliopatria v0.2.0","source_url":"https://github.com/Seshat-Global-History-Databank/cliopatria","license":"CC BY 4.0","attribution":"Seshat Global History Databank, Cliopatria contributors"},"geometry":{"type":"MultiPolygon","coordinates":[[[[-1.8509,43.3769],[-1.8484,43.3421],[-1.768,43.3421],[-1.7706,43.3787],[-1.7755,43.3762],[-1.7941,43.386],[-1.8113,43.3951],[-1.8509,43.3769]]],[[[-2.8334,47.5536],[-2.7414,47.5089],[-2.5768,47.5539],[-2.632,47.5198],[-2.3639,47.5062],[-2.4947,47.4912],[-2.3918,47.4237],[-2.5564,47.3832],[-2.4362,47.307],[-2.542,47.3001],[-2.4551,47.269],[-2.0101,47.3197],[-1.727,47.2108],[-2.0146,47.3001],[-2.1606,47.2712],[-2.1418,47.1214],[-1.9907,47.0354],[-2.1288,46.8935],[-2.1188,46.82],[-1.9099,46.6918],[-1.7954,46.4945],[-1.7892,46.5329],[-1.2401,46.2842],[-1.1107,46.3027],[-1.2108,46.1745],[-1.0487,46.0388],[-1.1107,46.0184],[-1.0734,45.9044],[-1.1517,45.8681],[-0.9872,45.7174],[-1.1443,45.8061],[-1.2131,45.7588],[-1.0453,45.6933],[-1.0408,45.6302],[-0.7955,45.4771],[-0.656,45.0991],[-0.4938,44.998],[-0.5962,45.0246],[-0.5347,44.895],[-0.716,45.1345],[-0.7662,45.3261],[-0.9153,45.4504],[-1.0317,45.5035],[-1.1434,45.4504],[-1.2201,44.7226],[-1.1722,44.7783],[-1.0447,44.6694],[-1.2134,44.6291],[-1.3355,44.0655],[-1.3214,43.8634],[-1.3925,43.8634],[-1.4599,43.5375],[-1.768,43.3421],[-1.4418,43.2769],[-1.5177,43.2118],[-1.424,43.0165],[-0.9424,43.0165],[0.0401,42.6912],[1.0747,42.8213],[1.4855,42.6262],[1.7898,42.9515],[1.9503,42.9515],[1.9439,43.0816],[3.0255,44.0591],[3.4292,44.0591],[3.8146,44.516],[4.5504,44.3201],[4.6359,44.1896],[4.315,44.1243],[4.244,43.8634],[4.1633,43.8634],[4.0876,43.733],[4.1778,43.4723],[4.578,43.5375],[4.7288,43.4972],[4.6946,43.5791],[4.7424,43.4935],[5.0174,43.42],[5.0623,43.4516],[5.0291,43.5586],[5.2263,43.4803],[5.0383,43.4144],[5.3869,43.4072],[5.3908,43.2769],[5.7945,43.2118],[5.7962,43.1467],[6.5176,43.2118],[6.5936,43.4072],[6.8321,43.5375],[6.997,43.5441],[7.071,43.6678],[7.1515,43.6678],[7.2232,44.1243],[6.8957,44.3201],[6.9652,44.8426],[6.6375,44.9734],[6.6343,45.1042],[7.0377,45.235],[7.1147,45.4313],[7.8462,45.4968],[8.1751,45.3004],[8.5818,45.3004],[8.5784,45.5623],[8.4145,45.6278],[8.4895,46.0865],[9.1427,46.1521],[9.3851,46.4802],[9.3833,46.6772],[9.6274,46.9401],[9.6061,47.054],[9.477,47.0639],[9.6056,47.0567],[9.5414,47.4006],[9.9519,47.6641],[9.8681,47.8619],[9.9508,47.8619],[10.1134,48.4559],[11.0266,48.7865],[11.1108,49.1838],[10.8607,49.25],[10.8609,49.3826],[11.0282,49.5152],[11.0285,49.6479],[11.2801,49.7807],[11.2807,49.9136],[11.8691,50.113],[11.8704,50.246],[12.0391,50.3125],[12.0412,50.5122],[11.9571,50.5122],[12.2955,50.6455],[12.0482,51.1124],[11.4576,51.246],[11.2893,51.3797],[11.5464,51.7142],[11.547,51.7811],[10.868,51.9151],[10.5275,51.6472],[10.2729,51.6472],[10.1035,51.4465],[8.8371,51.0457],[8.3354,50.7121],[7.6517,51.1792],[7.649,51.3128],[7.3921,51.4465],[7.3013,51.7142],[6.6146,51.9822],[6.6127,52.0492],[6.6978,52.0492],[6.948,52.2505],[7.0165,52.9227],[6.9308,52.9227],[6.6662,53.1922],[6.4945,53.1922],[6.4126,53.0574],[6.241,53.0574],[6.2452,52.9227],[6.3309,52.9227],[6.2494,52.7881],[6.076,52.8554],[5.9948,52.7208],[5.655,52.6535],[5.5597,52.9227],[5.3857,52.99],[5.3078,52.7881],[4.8854,52.6535],[4.8909,52.5191],[4.4877,51.9822],[4.4966,51.7811],[4.4116,51.7811],[4.4146,51.7142],[4.1599,51.7142],[4.218,51.5199],[4.2967,51.4705],[4.2409,51.4435],[4.3084,51.2712],[4.2254,51.3658],[4.0938,51.3128],[3.4166,51.3128],[3.4127,51.3889],[3.1248,51.3297],[2.5218,51.0875],[1.7298,50.9439],[1.5806,50.8688],[1.5632,50.6783],[1.6104,50.5482],[1.5552,50.4048],[1.6104,50.3707],[1.5415,50.2779],[1.6725,50.1925],[1.521,50.2147],[1.2212,49.979],[0.5967,49.8572],[0.2359,49.7293],[0.0766,49.535],[0.2568,49.4641],[0.4932,49.4936],[0.4573,49.4674],[-0.2195,49.2801],[-0.9404,49.3923],[-1.0723,49.3968],[-1.1229,49.3454],[-1.2508,49.4489],[-1.336,49.7035],[-1.6067,49.6501],[-1.9352,49.7241],[-1.9456,49.678],[-1.8395,49.6198],[-1.8847,49.5309],[-1.8165,49.3837],[-1.6991,49.3559],[-1.6247,49.2193],[-1.5484,49.2255],[-1.6104,49.2159],[-1.5936,49.029],[-1.508,49.0337],[-1.6029,48.8494],[-1.5536,48.7471],[-1.3566,48.6433],[-1.5918,48.6396],[-1.5083,48.522],[-1.6689,48.4559],[-1.642,48.1257],[-1.7248,48.1257],[-1.7194,48.0597],[-1.8021,48.0597],[-1.7967,47.9938],[-2.4472,47.8619],[-2.7756,47.6399],[-2.684,47.623],[-2.7202,47.5608],[-2.8334,47.5536]],[[4.2611,51.3694],[4.3685,51.3538],[4.3456,51.3523],[4.2611,51.3694]],[[3.8087,51.2053],[3.9378,51.2103],[3.927,51.2063],[3.8087,51.2053]],[[4.4533,51.4655],[4.4831,51.4743],[4.5252,51.4759],[4.4533,51.4655]],[[4.5955,49.972],[4.6475,49.9865],[4.6458,49.9845],[4.5955,49.972]],[[5.8604,51.0153],[5.8736,50.9906],[5.8746,50.9654],[5.8604,51.0153]],[[5.9585,46.212],[5.9829,46.2227],[6.0007,46.2276],[5.9585,46.212]],[[5.9942,50.7426],[5.9949,50.7499],[5.9971,50.7629],[5.9942,50.7426]],[[6.0629,46.2445],[6.0908,46.2521],[6.0897,46.2464],[6.0629,46.2445]],[[6.1149,50.1123],[6.1175,50.1205],[6.1295,50.134],[6.1149,50.1123]],[[6.1172,50.0044],[6.1619,49.9425],[6.154,49.9512],[6.1172,50.0044]],[[6.122,50.1618],[6.1232,50.1649],[6.1442,50.1681],[6.122,50.1618]],[[6.1468,50.214],[6.1572,50.2227],[6.1896,50.2427],[6.1468,50.214]],[[6.1532,50.1707],[6.1651,50.1819],[6.1591,50.1724],[6.1532,50.1707]],[[6.2494,49.4903],[6.3376,49.4581],[6.3253,49.4567],[6.2494,49.4903]],[[6.701,49.1729],[6.7221,49.158],[6.7138,49.1589],[6.701,49.1729]],[[6.7827,45.7953],[6.7863,45.8015],[6.7839,45.7882],[6.7827,45.7953]],[[6.7843,46.2008],[6.7922,46.2217],[6.8277,46.2695],[6.7843,46.2008]],[[6.8328,45.6905],[6.8623,45.6792],[6.8431,45.6827],[6.8328,45.6905]],[[6.8661,44.3721],[6.8772,44.4144],[6.8703,44.3667],[6.8661,44.3721]],[[6.8984,45.6655],[6.9634,45.6407],[6.9186,45.6526],[6.8984,45.6655]],[[6.9799,44.2461],[6.9887,44.2416],[6.9828,44.2417],[6.9799,44.2461]],[[7.0201,45.9292],[7.0349,45.9169],[7.0221,45.9253],[7.0201,45.9292]],[[7.0782,45.8884],[7.1535,45.8765],[7.0902,45.8805],[7.0782,45.8884]],[[7.3618,45.9078],[7.453,45.9459],[7.3938,45.9157],[7.3618,45.9078]],[[7.4267,47.4621],[7.4274,47.4683],[7.4293,47.4651],[7.4267,47.4621]],[[7.5726,48.095],[7.5787,48.1112],[7.5757,48.0537],[7.5726,48.095]],[[7.5802,47.5822],[7.586,47.5846],[7.6032,47.5874],[7.5802,47.5822]],[[7.5825,48.1213],[7.5857,48.1297],[7.6134,48.1792],[7.5825,48.1213]],[[7.6097,47.5647],[7.6402,47.5703],[7.6359,47.5646],[7.6097,47.5647]],[[7.7031,45.9278],[7.737,45.9242],[7.7063,45.9257],[7.7031,45.9278]],[[7.8702,45.9404],[7.8729,45.9594],[7.8807,45.9664],[7.8702,45.9404]],[[7.891,45.9755],[7.8982,45.9819],[7.9833,45.9988],[7.9787,45.9952],[7.891,45.9755]],[[7.9891,46.0033],[8.0007,46.0175],[7.9984,46.0106],[7.9891,46.0033]],[[8.5747,47.597],[8.5803,47.639],[8.5806,47.6002],[8.5747,47.597]],[[9.2732,47.6501],[9.5475,47.5345],[9.5475,47.5345],[9.2732,47.6501]],[[9.2823,46.4974],[9.331,46.5015],[9.3508,46.4979],[9.2823,46.4974]],[[9.4874,47.21],[9.5046,47.2437],[9.5171,47.2564],[9.4874,47.21]],[[9.6126,47.5219],[9.704,47.5314],[9.6767,47.5226],[9.6126,47.5219]]],[[[-2.782,47.6356],[-2.7754,47.6365],[-2.7785,47.6379],[-2.782,47.6356]]],[[[-2.1732,46.9345],[-2.1426,46.9099],[-2.1448,46.9575],[-2.1732,46.9345]]],[[[-1.2275,45.9543],[-1.2227,45.8898],[-1.1778,45.8898],[-1.2275,45.9543]]],[[[4.5581,52.3176],[4.564,52.1833],[4.7287,52.3176],[4.5581,52.3176]]],[[[12.0383,50.246],[12.1223,50.246],[12.1231,50.3125],[12.0391,50.3125],[12.0383,50.246]]]]}},{"type":"Feature","properties":{"territoryId":"cliopatria-q449639-63c4a2ec58","name":"Alodia","name_ko":"알로디아","color":"#bb3ad9","colorFamily":4,"startYear":347,"endYear":601,"source_name":"Cliopatria v0.2.0","source_url":"https://github.com/Seshat-Global-History-Databank/cliopatria","license":"CC BY 4.0","attribution":"Seshat Global History Databank, Cliopatria contributors"},"geometry":{"type":"Polygon","coordinates":[[[31.0973,18.2862],[31.2088,17.3219],[31.4771,16.6147],[31.3939,16.3576],[31.5364,16.229],[31.527,15.9718],[31.8049,15.5218],[32.5334,15.329],[32.5286,15.2004],[33.8621,15.4575],[34.0981,15.8433],[34.6843,15.779],[34.5556,16.229],[34.7137,16.4861],[35.6713,16.4861],[36.0539,16.8076],[36.0033,17.3219],[35.5013,17.6433],[35.368,17.9648],[34.6268,17.9005],[34.4847,18.0291],[34.1154,18.0291],[33.2398,18.2862],[31.5357,18.1576],[31.0973,18.2862]]]}},{"type":"Feature","properties":{"territoryId":"cliopatria-q784963-22b6f5c5ac","name":"Anglo-Saxon England","name_ko":"앵글로색슨 잉글랜드","color":"#c8d93a","colorFamily":7,"startYear":490,"endYear":522,"source_name":"Cliopatria v0.2.0","source_url":"https://github.com/Seshat-Global-History-Databank/cliopatria","license":"CC BY 4.0","attribution":"Seshat Global History Databank, Cliopatria contributors"},"geometry":{"type":"MultiPolygon","coordinates":[[[[-2.2205,51.8481],[-2.1702,51.3128],[-1.8015,50.9789],[-1.7786,50.7207],[-1.693,50.7399],[-1.5612,50.719],[-1.5247,50.7611],[-1.3635,50.7948],[-1.378,50.8656],[-1.4664,50.9182],[-1.3911,50.8913],[-1.4696,51.0457],[-1.1487,51.246],[0.046,51.1124],[-0.0695,51.5134],[0.4067,51.4602],[0.4561,51.5056],[0.86,51.5554],[0.8484,51.7183],[0.7608,51.6927],[0.6986,51.72],[0.847,51.7377],[0.8439,51.7811],[0.9621,51.8138],[0.9798,51.8436],[1.0373,51.7822],[1.1678,51.7902],[1.1723,51.9458],[1.0691,51.9534],[1.2668,51.9822],[1.1579,52.0285],[1.2797,51.9822],[1.3953,51.9822],[1.5863,52.1163],[1.6537,52.3847],[1.7163,52.3847],[1.7365,52.422],[1.7192,52.6842],[1.6442,52.7758],[1.396,52.8914],[0.9661,52.9744],[1.0139,52.9601],[0.6847,52.9864],[0.5203,52.9553],[0.3845,52.7684],[0.3255,52.8032],[0.2468,52.7957],[0.1056,52.8894],[0.0103,52.8865],[0.097,52.952],[0.0698,52.99],[0.236,53.0574],[0.2307,53.1248],[0.3165,53.1248],[0.3032,53.2935],[0.2195,53.4195],[0.1519,53.4758],[-0.1886,53.6204],[-0.2794,53.7071],[-0.5299,53.6777],[-0.6195,53.7119],[-0.7265,53.7006],[-0.637,53.732],[-0.5444,53.7095],[-0.3052,53.7397],[-0.2253,53.7199],[-0.0923,53.631],[0.0172,53.6416],[0.0079,53.7559],[-0.1511,53.8993],[-0.2195,54.0228],[-0.1905,54.0652],[-0.1978,54.152],[-0.3976,54.2692],[-0.4477,54.3732],[-0.563,54.4774],[-1.1381,54.6466],[-1.1647,54.6118],[-1.2063,54.633],[-1.1647,54.6528],[-1.1771,54.6691],[-1.286,54.6811],[-1.36,54.5453],[-1.9475,54.3417],[-2.187,54.1384],[-2.1264,53.5296],[-2.0403,53.5296],[-2.0075,53.1922],[-1.9216,53.1922],[-1.8831,52.7881],[-1.5038,52.3847],[-1.6438,52.0492],[-2.2205,51.8481]]],[[[-1.4912,50.7121],[-1.4407,50.7121],[-1.442,50.7268],[-1.4912,50.7121]]],[[[0.4282,51.4577],[0.5288,51.4465],[0.5256,51.4901],[0.4282,51.4577]]]]}},{"type":"Feature","properties":{"territoryId":"cliopatria-q784963-22b6f5c5ac","name":"Anglo-Saxon England","name_ko":"앵글로색슨 잉글랜드","color":"#c8d93a","colorFamily":7,"startYear":523,"endYear":533,"source_name":"Cliopatria v0.2.0","source_url":"https://github.com/Seshat-Global-History-Databank/cliopatria","license":"CC BY 4.0","attribution":"Seshat Global History Databank, Cliopatria contributors"},"geometry":{"type":"MultiPolygon","coordinates":[[[[-2.2205,51.8481],[-2.1702,51.3128],[-1.8015,50.9789],[-1.7786,50.7207],[-1.693,50.7399],[-1.5612,50.719],[-1.5247,50.7611],[-1.3635,50.7948],[-1.378,50.8656],[-1.4664,50.9182],[-1.3911,50.8913],[-1.4696,51.0457],[-1.1487,51.246],[0.046,51.1124],[-0.0695,51.5134],[0.4067,51.4602],[0.4561,51.5056],[0.86,51.5554],[0.8484,51.7183],[0.7608,51.6927],[0.6986,51.72],[0.847,51.7377],[0.8439,51.7811],[0.9621,51.8138],[0.9798,51.8436],[1.0373,51.7822],[1.1678,51.7902],[1.1723,51.9458],[1.0691,51.9534],[1.2668,51.9822],[1.1579,52.0285],[1.2797,51.9822],[1.3953,51.9822],[1.5863,52.1163],[1.6537,52.3847],[1.7163,52.3847],[1.7365,52.422],[1.7192,52.6842],[1.6442,52.7758],[1.396,52.8914],[0.9661,52.9744],[1.0139,52.9601],[0.6847,52.9864],[0.5203,52.9553],[0.3845,52.7684],[0.3255,52.8032],[0.2468,52.7957],[0.1056,52.8894],[0.0103,52.8865],[0.097,52.952],[0.0698,52.99],[0.236,53.0574],[0.2307,53.1248],[0.3165,53.1248],[0.3032,53.2935],[0.2195,53.4195],[0.1519,53.4758],[-0.1886,53.6204],[-0.2794,53.7071],[-0.5299,53.6777],[-0.6195,53.7119],[-0.7265,53.7006],[-0.637,53.732],[-0.5444,53.7095],[-0.3052,53.7397],[-0.2253,53.7199],[-0.0923,53.631],[0.0172,53.6416],[0.0079,53.7559],[-0.1511,53.8993],[-0.2195,54.0228],[-0.1905,54.0652],[-0.1978,54.152],[-0.3976,54.2692],[-0.4477,54.3732],[-0.563,54.4774],[-1.1381,54.6466],[-1.1647,54.6118],[-1.2063,54.633],[-1.1647,54.6528],[-1.1771,54.6691],[-1.286,54.6811],[-1.36,54.5453],[-1.9475,54.3417],[-2.187,54.1384],[-2.1264,53.5296],[-2.0403,53.5296],[-2.0075,53.1922],[-1.9216,53.1922],[-1.8831,52.7881],[-1.5038,52.3847],[-1.6438,52.0492],[-2.2205,51.8481]]],[[[-1.4912,50.7121],[-1.4407,50.7121],[-1.442,50.7268],[-1.4912,50.7121]]],[[[0.4282,51.4577],[0.5288,51.4465],[0.5256,51.4901],[0.4282,51.4577]]]]}},{"type":"Feature","properties":{"territoryId":"cliopatria-q5724-1182393f17","name":"Anurādhapura","name_ko":"아누라다푸라","color":"#e1bf33","colorFamily":1,"startYear":439,"endYear":616,"source_name":"Cliopatria v0.2.0","source_url":"https://github.com/Seshat-Global-History-Databank/cliopatria","license":"CC BY 4.0","attribution":"Seshat Global History Databank, Cliopatria contributors"},"geometry":{"type":"MultiPolygon","coordinates":[[[[79.7061,8.0645],[79.802,7.6593],[79.7786,7.6027],[79.8263,7.2104],[79.8616,7.1674],[79.8482,7.123],[79.8203,7.2055],[79.8616,7.0119],[79.863,6.8072],[79.9696,6.5353],[79.9642,6.4719],[80.032,6.2663],[80.094,6.1361],[80.2039,6.0262],[80.341,5.9709],[80.444,5.9709],[80.4652,5.9407],[80.5908,5.9237],[80.7144,5.9579],[80.8091,6.0351],[81.1126,6.1203],[81.1877,6.1816],[81.2044,6.1627],[81.3621,6.2254],[81.5681,6.3827],[81.7647,6.5931],[81.8846,6.9802],[81.8807,7.3271],[81.8331,7.4594],[81.8078,7.4103],[81.7934,7.4655],[81.771,7.457],[81.7358,7.6305],[81.714,7.6437],[81.7116,7.6225],[81.659,7.7233],[81.5955,7.7263],[81.6266,7.7602],[81.7131,7.7118],[81.6364,7.8355],[81.5876,7.8553],[81.5955,7.9174],[81.5607,7.9993],[81.5197,7.9993],[81.466,8.1109],[81.4356,8.0932],[81.3963,8.1365],[81.4036,8.1918],[81.4303,8.103],[81.4482,8.1275],[81.3993,8.3393],[81.3566,8.3625],[81.3518,8.4047],[81.3894,8.3637],[81.3657,8.4822],[81.3342,8.5146],[81.2864,8.5002],[81.2811,8.467],[81.2131,8.4724],[81.1703,8.5207],[81.134,8.5013],[81.159,8.5346],[81.2106,8.5071],[81.2122,8.5727],[81.2498,8.5458],[81.2249,8.6168],[81.2044,8.6101],[81.2317,8.6511],[80.9785,8.98],[80.9476,8.9329],[80.9149,8.9439],[80.9351,8.9649],[80.8753,9.0415],[80.9443,9.0006],[80.9583,9.0179],[80.8965,9.1166],[80.8753,9.1036],[80.8345,9.1418],[80.8775,9.1464],[80.8239,9.2705],[80.8036,9.2716],[80.814,9.2395],[80.7936,9.2506],[80.7365,9.309],[80.7988,9.2949],[80.7725,9.3262],[80.5453,9.5195],[80.4398,9.5431],[80.4653,9.5833],[80.2769,9.7751],[80.1377,9.8062],[80.2478,9.7551],[80.444,9.5759],[80.3386,9.6292],[80.2223,9.7545],[80.1301,9.7773],[80.1241,9.8092],[79.9885,9.8229],[79.9097,9.7683],[79.958,9.6857],[80.0874,9.6184],[80.1356,9.6038],[80.094,9.6448],[80.186,9.5841],[80.186,9.6485],[80.3687,9.5302],[80.4714,9.5281],[80.6148,9.4462],[80.4266,9.5002],[80.2869,9.4527],[80.2334,9.5342],[80.0734,9.5958],[80.197,9.4735],[80.053,9.3915],[80.0662,9.3326],[80.1182,9.3004],[80.1056,9.1929],[80.048,9.0263],[79.9155,8.9385],[79.9505,8.7398],[79.9417,8.6425],[79.8738,8.5381],[79.8067,8.2402],[79.8272,8.1365],[79.7935,8.0728],[79.8338,8.0031],[79.7638,7.9901],[79.7319,8.0131],[79.752,8.0546],[79.7061,8.0645]]],[[[79.7752,8.2519],[79.7786,8.26],[79.7757,8.2605],[79.7752,8.2519]]],[[[79.8636,9.6717],[79.9438,9.6477],[79.8947,9.6882],[79.8823,9.7609],[79.8636,9.6717]]]]}},{"type":"Feature","properties":{"territoryId":"cliopatria-q210688-1b53ce9ab9","name":"Asuka Japan","name_ko":"아스카 시대","color":"#335fe1","colorFamily":0,"startYear":540,"endYear":704,"source_name":"Cliopatria v0.2.0","source_url":"https://github.com/Seshat-Global-History-Databank/cliopatria","license":"CC BY 4.0","attribution":"Seshat Global History Databank, Cliopatria contributors"},"geometry":{"type":"MultiPolygon","coordinates":[[[[129.5631,33.2645],[129.617,33.2645],[129.5904,33.2049],[129.6527,33.1903],[129.6665,33.1013],[129.7098,33.1626],[129.7587,33.1389],[129.7465,33.0656],[129.9456,33.0158],[129.9312,32.9289],[130.0031,32.8454],[129.901,32.8699],[129.8765,32.8145],[130.1062,32.8145],[130.143,32.8499],[130.1053,32.8759],[130.2223,32.9752],[130.1276,33.1209],[130.2414,33.1882],[130.3648,33.1403],[130.6113,32.7855],[130.626,32.704],[130.5528,32.6869],[130.5471,32.6291],[130.6683,32.6487],[130.5647,32.5463],[130.5988,32.5054],[130.5505,32.4917],[130.5125,32.3382],[130.3196,32.1182],[130.1799,32.0935],[130.2351,31.8195],[130.1714,31.7901],[130.3377,31.6079],[130.2933,31.4447],[130.1775,31.3692],[130.2222,31.2463],[130.4511,31.2494],[130.5368,31.1622],[130.64,31.1874],[130.6603,31.2714],[130.5735,31.3146],[130.5161,31.4533],[130.613,31.6824],[130.686,31.7255],[130.8103,31.6509],[130.7586,31.5638],[130.6878,31.6195],[130.5909,31.586],[130.6956,31.5458],[130.7953,31.3444],[130.7427,31.1213],[130.6587,31.0148],[130.9407,31.1213],[131.1321,31.2795],[131.0136,31.3631],[131.0718,31.4496],[131.3534,31.4005],[131.4963,31.796],[131.4473,31.8769],[131.5925,32.3037],[131.6891,32.4217],[131.6598,32.4768],[131.7264,32.4977],[131.6821,32.5351],[132.0776,32.943],[131.9032,32.9831],[131.9296,33.0471],[132.0134,33.0639],[131.8096,33.1276],[131.8783,33.2263],[131.5104,33.2734],[131.506,33.3631],[131.6346,33.374],[131.739,33.5433],[131.6674,33.6672],[131.521,33.6764],[131.3676,33.5748],[131.103,33.6243],[130.9617,33.8162],[131.0187,33.9563],[130.9136,33.8912],[130.7638,33.9433],[130.4889,33.8554],[130.4677,33.7436],[130.33,33.6518],[130.3987,33.6691],[130.3909,33.6049],[130.2903,33.5742],[130.1588,33.6237],[130.093,33.5734],[130.168,33.5341],[130.0169,33.4458],[129.8952,33.5402],[129.8379,33.4143],[129.8516,33.28],[129.6689,33.3931],[129.5927,33.3809],[129.5631,33.2645]]],[[[129.6733,33.0772],[129.6785,32.8796],[129.795,32.9086],[129.7869,32.9478],[129.8067,32.9147],[129.8233,32.9795],[129.6733,33.0772]]],[[[130.8707,34.0885],[130.9158,33.914],[131.0356,34.048],[131.1648,33.9718],[131.3397,33.9718],[131.3899,34.0397],[131.4412,33.9789],[131.4829,34.032],[131.5789,33.9857],[131.5933,34.0373],[131.7415,34.0562],[131.8228,34.0267],[131.7793,33.9718],[131.9388,33.9718],[132.1586,33.8495],[132.1356,33.9384],[132.2132,33.9897],[132.2225,34.239],[132.4055,34.3681],[132.5176,34.353],[132.5037,34.2933],[132.8659,34.2933],[133.0591,34.3323],[133.0933,34.3898],[133.1685,34.355],[133.074,34.2933],[133.2043,34.2933],[133.1821,34.3414],[133.2473,34.4265],[133.315,34.366],[133.2817,34.3215],[133.4303,34.473],[133.5225,34.4831],[133.4701,34.424],[133.6851,34.5201],[133.7699,34.4862],[134.2788,34.6982],[134.2088,34.728],[134.354,34.7051],[134.4912,34.7871],[134.7444,34.7665],[135.0458,34.625],[135.3413,34.7085],[135.4389,34.6793],[135.3726,34.4845],[135.061,34.2673],[135.19,34.1496],[135.1275,34.137],[135.1616,34.025],[135.0589,33.88],[135.1528,33.8759],[135.3916,33.7136],[135.3901,33.592],[135.4448,33.5508],[135.7656,33.4815],[135.76,33.4333],[135.9599,33.5931],[136.1047,33.8914],[136.2269,33.939],[136.2048,33.9714],[136.2798,34.0173],[136.2185,34.0751],[136.3084,34.09],[136.3367,34.184],[136.7068,34.3343],[136.7026,34.2952],[136.8464,34.3076],[136.7942,34.2531],[136.8957,34.2669],[136.916,34.434],[136.551,34.602],[136.5195,34.6809],[136.6592,34.984],[136.8393,35.0325],[136.8301,35.0788],[136.8489,35.0395],[136.8857,35.0892],[136.8277,34.8719],[136.9363,34.7436],[136.9789,34.9242],[136.9582,34.8324],[137.0182,34.7833],[137.1708,34.7639],[137.2228,34.8163],[137.3215,34.7734],[137.3035,34.6894],[137.2823,34.7312],[137.1077,34.5922],[137.547,34.6773],[138.1683,34.6094],[138.2196,34.6126],[138.216,34.7123],[138.3671,34.9173],[138.5143,34.9802],[138.5541,35.0961],[138.8033,35.1219],[138.9076,35.0307],[138.7869,35.0264],[138.7466,34.6915],[138.8898,34.6296],[138.9746,34.6462],[139.1432,34.8814],[139.0759,35.0532],[139.1531,35.1515],[139.146,35.2352],[139.4149,35.3188],[139.5442,35.3079],[139.6136,35.207],[139.7232,35.2073],[139.7342,35.2652],[139.6484,35.2979],[139.6358,35.4016],[139.6874,35.4322],[139.6423,35.4543],[139.7876,35.5185],[139.7653,35.6535],[139.7891,35.6032],[139.9836,35.6686],[140.102,35.5671],[139.8362,35.1261],[139.87,34.9993],[139.754,34.9704],[139.8228,34.927],[140.1346,35.1226],[140.3805,35.1799],[140.4232,35.4906],[140.8193,35.7733],[140.646,36.0133],[140.5641,36.2831],[140.7877,36.8682],[141.0078,37.1623],[141.0282,37.6481],[140.9622,37.7062],[141.0031,37.7751],[140.921,37.8998],[140.9589,38.1471],[140.529,38.0288],[140.5301,37.8998],[140.3355,37.8352],[139.8667,37.8352],[139.9048,37.8998],[139.3175,37.9643],[139.4262,38.1578],[139.2159,37.9899],[138.8577,37.8278],[138.7466,37.5969],[138.5506,37.3779],[138.2449,37.1838],[137.4476,36.9335],[137.3333,36.7627],[137.157,36.7608],[137.0055,36.8359],[137.0494,37.0569],[136.8609,37.0768],[136.9511,37.2345],[137.0142,37.1849],[137.1087,37.2835],[137.2135,37.2943],[137.3371,37.5125],[136.7838,37.3739],[136.6703,37.15],[136.721,37.142],[136.7676,36.981],[136.6897,36.7308],[136.3823,36.3911],[136.1242,36.2532],[135.9632,35.9999],[136.0995,35.7757],[136.0691,35.6619],[136.0197,35.7653],[136.0421,35.7089],[135.9739,35.6924],[135.9806,35.6305],[135.8117,35.6434],[135.8343,35.5344],[135.7378,35.5703],[135.7484,35.5137],[135.6451,35.4802],[135.6489,35.5249],[135.5296,35.4927],[135.5121,35.5453],[135.3613,35.5542],[135.4024,35.4822],[135.319,35.447],[135.3355,35.5082],[135.2387,35.542],[135.2482,35.5917],[135.1883,35.5453],[135.3062,35.6715],[135.2452,35.7553],[134.927,35.6412],[134.5025,35.6553],[134.0348,35.5194],[133.5874,35.5321],[133.4002,35.4543],[133.2647,35.4962],[133.2623,35.5416],[133.0485,35.5687],[132.8377,35.5061],[132.6559,35.4429],[132.6387,35.2946],[132.4009,35.1622],[131.8584,34.7145],[131.5969,34.6596],[131.4143,34.424],[131.209,34.3693],[131.2812,34.408],[131.1713,34.4295],[131.1727,34.3677],[130.9584,34.4269],[130.9339,34.396],[131.0336,34.3818],[130.8931,34.3435],[130.9233,34.1838],[130.8707,34.0885]]],[[[132.1863,33.9212],[132.199,33.8873],[132.2181,33.9501],[132.1863,33.9212]]],[[[132.2679,34.2445],[132.2959,34.2432],[132.3106,34.2539],[132.3226,34.2933],[132.3417,34.2933],[132.3384,34.3044],[132.2988,34.2922],[132.2679,34.2445]]],[[[133.0202,34.2933],[133.031,34.2933],[133.03,34.2953],[133.0202,34.2933]]],[[[134.9444,34.5584],[135.03,34.5793],[135.0282,34.591],[135.0027,34.6084],[134.9813,34.6024],[134.9444,34.5584]]],[[[136.7981,34.8764],[136.8002,34.8684],[136.8235,34.847],[136.826,34.8491],[136.8235,34.862],[136.811,34.8763],[136.7981,34.8764]]],[[[136.8491,34.515],[136.8645,34.514],[136.8606,34.5195],[136.8491,34.515]]],[[[136.8726,34.4911],[136.8832,34.4754],[136.8891,34.4787],[136.8791,34.493],[136.8726,34.4911]]],[[[136.9053,37.1436],[136.9473,37.097],[137.0465,37.1541],[136.9053,37.1436]]],[[[139.781,35.3181],[139.7816,35.3179],[139.7819,35.3183],[139.781,35.3181]]],[[[140.2956,37.8998],[140.3738,37.8998],[140.4122,37.9643],[140.334,37.9643],[140.2956,37.8998]]]]}},{"type":"Feature","properties":{"territoryId":"cliopatria-q13048507-6db2cc0427","name":"Bavarians","name_ko":"바이에른인","color":"#e1e77e","colorFamily":7,"startYear":540,"endYear":545,"source_name":"Cliopatria v0.2.0","source_url":"https://github.com/Seshat-Global-History-Databank/cliopatria","license":"CC BY 4.0","attribution":"Seshat Global History Databank, Cliopatria contributors"},"geometry":{"type":"Polygon","coordinates":[[[9.3833,46.6772],[9.3851,46.4802],[9.55,46.3489],[10.0415,46.2833],[10.1228,46.4145],[10.0409,46.4145],[10.0399,46.6115],[10.3679,46.6115],[10.5323,46.4145],[11.5151,46.4145],[11.9251,46.4802],[12.0905,46.6772],[12.828,46.6115],[12.9133,46.8743],[12.8312,46.8743],[12.8336,47.0716],[13.6549,47.0058],[13.7455,47.4665],[14.5778,47.7959],[14.5809,47.9278],[14.4171,47.9938],[14.4217,48.1917],[13.7642,48.4559],[13.6838,48.5881],[12.9383,48.7204],[12.1113,49.1838],[11.694,49.1175],[11.6099,48.9851],[11.1098,48.7865],[11.0266,48.7865],[10.1134,48.4559],[9.9508,47.8619],[9.8681,47.8619],[9.9519,47.6641],[9.5414,47.4006],[9.6056,47.0567],[9.6691,47.0562],[9.6061,47.054],[9.6274,46.9401],[9.3833,46.6772]],[[9.8486,47.5386],[9.8589,47.5413],[9.9188,47.5322],[9.8486,47.5386]],[[10.0226,47.488],[10.0718,47.4391],[10.0806,47.4274],[10.0226,47.488]],[[10.0532,47.4049],[10.0806,47.4274],[10.076,47.4169],[10.0532,47.4049]],[[10.3639,46.9912],[10.3734,46.9963],[10.3758,46.9946],[10.3639,46.9912]],[[12.7389,48.1134],[12.7431,48.1158],[12.7397,48.1069],[12.7389,48.1134]],[[12.7414,48.092],[12.7486,48.0788],[12.742,48.0868],[12.7414,48.092]],[[12.7539,48.0725],[12.8306,48.0155],[12.7602,48.0649],[12.7539,48.0725]]]}},{"type":"Feature","properties":{"territoryId":"cliopatria-q13048507-6db2cc0427","name":"Bavarians","name_ko":"바이에른인","color":"#e1e77e","colorFamily":7,"startYear":546,"endYear":554,"source_name":"Cliopatria v0.2.0","source_url":"https://github.com/Seshat-Global-History-Databank/cliopatria","license":"CC BY 4.0","attribution":"Seshat Global History Databank, Cliopatria contributors"},"geometry":{"type":"Polygon","coordinates":[[[9.3833,46.6772],[9.3851,46.4802],[9.8779,46.2833],[10.1231,46.3489],[10.1015,46.3549],[10.1166,46.3695],[10.0399,46.6115],[10.3679,46.6115],[10.5323,46.4145],[11.5151,46.4145],[11.9251,46.4802],[12.0905,46.6772],[12.828,46.6115],[12.9133,46.8743],[12.8312,46.8743],[12.8336,47.0716],[13.6549,47.0058],[13.7455,47.4665],[14.5778,47.7959],[14.5809,47.9278],[14.4171,47.9938],[14.4233,48.2578],[14.2576,48.2578],[14.2591,48.3238],[14.1762,48.3238],[13.5189,48.6542],[12.7729,48.7865],[12.6091,48.9851],[12.1113,49.1838],[11.694,49.1175],[11.6099,48.9851],[11.1098,48.7865],[11.0266,48.7865],[10.1134,48.4559],[9.9508,47.8619],[9.8681,47.8619],[9.9519,47.6641],[9.5414,47.4006],[9.6056,47.0567],[9.6691,47.0562],[9.6061,47.054],[9.6274,46.9401],[9.3833,46.6772]],[[9.8486,47.5386],[9.8589,47.5413],[9.9188,47.5322],[9.8486,47.5386]],[[10.0226,47.488],[10.0718,47.4391],[10.0806,47.4274],[10.0226,47.488]],[[10.0532,47.4049],[10.0806,47.4274],[10.076,47.4169],[10.0532,47.4049]],[[10.3639,46.9912],[10.3734,46.9963],[10.3758,46.9946],[10.3639,46.9912]],[[12.7389,48.1134],[12.7431,48.1158],[12.7397,48.1069],[12.7389,48.1134]],[[12.7414,48.092],[12.7486,48.0788],[12.742,48.0868],[12.7414,48.092]],[[12.7539,48.0725],[12.8306,48.0155],[12.7602,48.0649],[12.7539,48.0725]]]}},{"type":"Feature","properties":{"territoryId":"cliopatria-q849967-8c54ae5964","name":"Brythons","name_ko":"브리튼족","color":"#d93a57","colorFamily":3,"startYear":480,"endYear":522,"source_name":"Cliopatria v0.2.0","source_url":"https://github.com/Seshat-Global-History-Databank/cliopatria","license":"CC BY 4.0","attribution":"Seshat Global History Databank, Cliopatria contributors"},"geometry":{"type":"MultiPolygon","coordinates":[[[[-4.7849,48.4362],[-4.7684,48.3454],[-4.7045,48.3416],[-4.2899,48.4316],[-4.4537,48.3354],[-4.2694,48.3627],[-4.3247,48.3217],[-4.1875,48.3075],[-4.5155,48.2958],[-4.5432,48.3047],[-4.5467,48.3468],[-4.5752,48.29],[-4.6163,48.2877],[-4.5472,48.2526],[-4.5575,48.1772],[-4.4855,48.2426],[-4.3793,48.2324],[-4.3024,48.1964],[-4.2854,48.1154],[-4.7002,48.0746],[-4.6964,48.0368],[-4.572,48.0059],[-4.5333,48.0263],[-4.4346,47.9757],[-4.3473,47.8629],[-4.3718,47.8072],[-4.1654,47.8308],[-4.1856,47.8744],[-4.1112,47.8693],[-4.1322,47.9239],[-4.1066,47.8801],[-4.0367,47.855],[-3.9618,47.9],[-3.8517,47.801],[-3.7232,47.8134],[-3.5283,47.7799],[-3.4822,47.73],[-3.3761,47.73],[-3.2826,47.7873],[-3.3465,47.73],[-3.2242,47.6564],[-3.1932,47.6837],[-3.2074,47.6973],[-3.1591,47.711],[-3.1932,47.7464],[-3.1391,47.7526],[-3.1112,47.7042],[-3.1864,47.6806],[-3.2006,47.6396],[-3.1412,47.598],[-3.1322,47.4795],[-3.1019,47.4965],[-3.1233,47.5988],[-3.0738,47.5765],[-3.0157,47.5812],[-3.0118,47.6072],[-3.0034,47.5787],[-2.9441,47.5846],[-2.9747,47.6638],[-2.9331,47.6365],[-2.9399,47.6018],[-2.8668,47.6072],[-2.782,47.6356],[-2.4472,47.8619],[-1.7967,47.9938],[-1.6473,48.1917],[-1.6689,48.4559],[-1.5083,48.522],[-1.5918,48.6396],[-1.796,48.6159],[-1.861,48.6409],[-1.8537,48.6723],[-1.9867,48.6819],[-2.0287,48.6433],[-1.953,48.575],[-1.9803,48.5887],[-1.9394,48.534],[-1.9803,48.5136],[-2.0524,48.6501],[-2.1448,48.6365],[-2.1243,48.6091],[-2.161,48.613],[-2.1741,48.583],[-2.1926,48.6159],[-2.2137,48.5819],[-2.251,48.6501],[-2.3303,48.6296],[-2.282,48.6706],[-2.3161,48.6986],[-2.3862,48.6501],[-2.4875,48.6501],[-2.4595,48.6365],[-2.62,48.5436],[-2.6761,48.5402],[-2.6824,48.509],[-2.7345,48.534],[-2.714,48.5607],[-2.813,48.5986],[-2.8246,48.6476],[-2.9467,48.7332],[-2.9586,48.7697],[-3.0424,48.7879],[-3.0082,48.8078],[-3.0199,48.8256],[-3.0655,48.824],[-3.1255,48.76],[-3.0771,48.8283],[-3.1037,48.8767],[-3.2205,48.7941],[-3.2136,48.8698],[-3.3976,48.8073],[-3.5153,48.8419],[-3.5815,48.7906],[-3.5283,48.7395],[-3.5805,48.7332],[-3.5705,48.688],[-3.8101,48.7332],[-3.8375,48.6706],[-3.8579,48.6849],[-3.8517,48.6296],[-3.9063,48.6644],[-3.892,48.678],[-3.9547,48.6575],[-3.9699,48.7204],[-4.0565,48.7121],[-4.064,48.6849],[-4.1739,48.6911],[-4.213,48.6612],[-4.1938,48.6501],[-4.3065,48.6415],[-4.2991,48.6636],[-4.3433,48.6789],[-4.4265,48.6575],[-4.4066,48.6433],[-4.5636,48.6296],[-4.5301,48.6017],[-4.6077,48.603],[-4.5773,48.5682],[-4.722,48.5682],[-4.7849,48.4362]]],[[[-1.5238,50.6979],[-1.5213,50.6694],[-1.2792,50.5825],[-1.1647,50.6182],[-1.1564,50.6508],[-1.1002,50.6714],[-1.1052,50.731],[-1.241,50.7577],[-1.5238,50.6979]]],[[[-5.7156,50.0827],[-5.6674,50.0429],[-5.5635,50.0596],[-5.5409,50.1135],[-5.4748,50.1304],[-5.3044,50.0803],[-5.2452,49.9931],[-5.1786,49.9831],[-5.0666,50.081],[-5.126,50.0963],[-5.0434,50.1441],[-5.0646,50.1584],[-5.053,50.1958],[-5.0204,50.192],[-5.0086,50.1504],[-4.9287,50.246],[-4.7794,50.2806],[-4.7633,50.3221],[-4.6943,50.3435],[-4.6735,50.3154],[-4.3548,50.3791],[-4.1983,50.3791],[-4.2899,50.3974],[-4.2285,50.3974],[-4.2347,50.4383],[-4.2006,50.4594],[-4.1595,50.4594],[-4.1915,50.4176],[-4.1715,50.3828],[-4.105,50.3707],[-4.1083,50.3366],[-4.0544,50.3004],[-3.961,50.3223],[-3.836,50.246],[-3.6518,50.246],[-3.632,50.3123],[-3.5516,50.3492],[-3.5307,50.4144],[-3.5563,50.4321],[-3.5173,50.4563],[-3.4644,50.6785],[-3.4344,50.65],[-2.8648,50.7338],[-2.5895,50.6422],[-2.4467,50.6237],[-2.3983,50.6456],[-2.0901,50.6023],[-2.0319,50.7097],[-2.0827,50.699],[-2.039,50.7399],[-1.9488,50.7121],[-1.7786,50.7207],[-1.8015,50.9789],[-2.1702,51.3128],[-2.2205,51.8481],[-1.6438,52.0492],[-1.5038,52.3847],[-1.8831,52.7881],[-1.9216,53.1922],[-2.0075,53.1922],[-2.0403,53.5296],[-2.1264,53.5296],[-2.187,54.1384],[-1.9475,54.3417],[-1.36,54.5453],[-1.286,54.6811],[-1.2924,54.7491],[-1.486,54.9531],[-1.6343,55.5665],[-1.7211,55.5665],[-1.7258,55.613],[-1.8531,55.6593],[-2.138,55.9146],[-2.3078,55.935],[-2.5079,56.0102],[-2.5836,56.0028],[-2.5694,56.0245],[-2.6351,56.0581],[-2.8232,56.0598],[-2.9399,55.9693],[-3.0782,55.9468],[-3.331,55.9941],[-3.6562,56.0102],[-3.797,56.0885],[-3.7837,55.9766],[-3.8716,55.9766],[-3.976,56.1136],[-4.1519,56.1136],[-4.3109,55.9766],[-4.694,55.9766],[-4.4817,55.9283],[-4.506,55.9191],[-4.7994,55.9579],[-4.8865,55.9197],[-4.8611,55.7567],[-4.9205,55.7086],[-4.6927,55.6052],[-4.6662,55.5622],[-4.6872,55.5441],[-4.6178,55.4956],[-4.8325,55.3311],[-4.8673,55.2225],[-5.0078,55.1412],[-5.0503,55.0268],[-4.9956,54.9203],[-5.0609,54.9311],[-5.0695,54.986],[-5.1151,55.0316],[-5.1708,55.0087],[-5.1571,54.8791],[-4.9547,54.7285],[-4.9581,54.6865],[-4.9367,54.6811],[-4.9537,54.8171],[-4.8591,54.8663],[-4.5903,54.7705],[-4.4233,54.7491],[-4.3484,54.761],[-4.3596,54.8166],[-4.4029,54.8247],[-4.4265,54.8695],[-4.4029,54.9073],[-4.2707,54.8394],[-4.2006,54.8663],[-4.2091,54.8262],[-4.1674,54.7898],[-4.064,54.8315],[-4.0489,54.8087],[-3.8506,54.8403],[-3.817,54.8862],[-3.8124,54.8552],[-3.5817,54.8836],[-3.5705,54.9954],[-3.0218,54.9755],[-3.0907,54.9612],[-3.0218,54.9544],[-3.1228,54.9327],[-3.2765,54.9434],[-3.3173,54.9203],[-3.2546,54.8998],[-3.3879,54.8834],[-3.4396,54.7615],[-3.5092,54.7217],[-3.6342,54.5129],[-3.4134,54.343],[-3.4074,54.2777],[-3.3068,54.1919],[-3.2322,54.2025],[-3.2074,54.263],[-3.2152,54.1798],[-3.2484,54.1737],[-3.241,54.1121],[-3.1543,54.0706],[-3.061,54.1619],[-3.0492,54.2221],[-3.0154,54.2119],[-2.9977,54.1596],[-2.9392,54.1551],[-2.796,54.2487],[-2.8542,54.1941],[-2.796,54.1252],[-2.9182,54.0343],[-2.8955,54.0023],[-2.8301,54.016],[-2.858,53.9676],[-3.0566,53.9062],[-3.0492,53.7695],[-2.9849,53.7361],[-2.899,53.7354],[-3.0218,53.6528],[-3.1019,53.5581],[-2.925,53.35],[-2.7998,53.321],[-2.6998,53.3518],[-2.7755,53.2999],[-2.8815,53.2884],[-2.953,53.3239],[-3.0122,53.4167],[-3.0583,53.4348],[-3.1864,53.3928],[-3.0845,53.2755],[-3.0878,53.2347],[-3.3303,53.3518],[-3.6022,53.2889],[-3.7163,53.2869],[-3.8784,53.3376],[-3.8313,53.2891],[-4.178,53.2176],[-4.3207,53.1015],[-4.3409,53.1127],[-4.3582,53.0285],[-4.5961,52.9284],[-4.7628,52.7895],[-4.5946,52.8168],[-4.5274,52.7933],[-4.4066,52.8925],[-4.2953,52.9227],[-4.2898,52.9039],[-4.0776,52.9267],[-4.1299,52.8892],[-4.1173,52.8308],[-4.149,52.8121],[-4.0488,52.7216],[-3.9883,52.7343],[-4.0565,52.7007],[-4.1255,52.6039],[-4.0531,52.5424],[-3.9473,52.5493],[-4.0565,52.5294],[-4.1096,52.3653],[-4.1971,52.2793],[-4.3158,52.2163],[-4.5023,52.1384],[-4.6375,52.1385],[-4.6757,52.1269],[-4.6735,52.0974],[-4.7203,52.1133],[-4.838,52.049],[-4.8414,52.0148],[-5.0812,52.0212],[-5.088,51.976],[-5.2359,51.9227],[-5.2425,51.8745],[-5.1259,51.856],[-5.1103,51.7785],[-5.2495,51.7337],[-5.1829,51.6893],[-5.1492,51.7181],[-4.9106,51.7182],[-4.9005,51.7621],[-4.9336,51.7753],[-4.8243,51.7957],[-4.879,51.762],[-4.8448,51.7138],[-5.1197,51.6784],[-4.941,51.5965],[-4.8635,51.6441],[-4.7123,51.6501],[-4.6454,51.7321],[-4.4608,51.7358],[-4.4265,51.7473],[-4.4458,51.7733],[-4.3992,51.7616],[-4.3651,51.789],[-4.3625,51.7429],[-4.3105,51.7337],[-4.3793,51.7269],[-4.3153,51.6775],[-4.0705,51.676],[-4.0913,51.6399],[-4.221,51.6238],[-4.2347,51.645],[-4.2899,51.617],[-4.2899,51.5556],[-4.0318,51.5578],[-3.9777,51.5665],[-3.9999,51.5909],[-3.9766,51.6119],[-3.8416,51.6215],[-3.7701,51.5633],[-3.7376,51.4909],[-3.6632,51.4762],[-3.5392,51.3985],[-3.2894,51.3842],[-3.1214,51.5134],[-3.0922,51.5023],[-2.9747,51.563],[-2.8587,51.5461],[-2.7131,51.5866],[-2.4821,51.7429],[-2.3834,51.7733],[-2.5564,51.6592],[-2.6962,51.5126],[-2.9747,51.3842],[-2.9922,51.3219],[-3.0218,51.3228],[-2.9996,51.2332],[-3.0218,51.1925],[-3.0293,51.2204],[-3.385,51.1862],[-3.7692,51.2477],[-4.2285,51.1925],[-4.2148,51.1515],[-4.2558,51.1515],[-4.208,51.0764],[-4.3023,51.0075],[-4.5264,51.015],[-4.5501,50.8096],[-4.5773,50.7747],[-4.7519,50.6701],[-4.7925,50.5952],[-4.9209,50.5789],[-4.9219,50.5549],[-4.8448,50.5141],[-4.9336,50.5202],[-4.9473,50.5624],[-5.0156,50.538],[-5.0503,50.4287],[-5.1537,50.3995],[-5.1499,50.3502],[-5.438,50.1943],[-5.511,50.2195],[-5.6846,50.1615],[-5.7156,50.0827]]],[[[-5.014,55.9766],[-4.9831,55.871],[-4.9137,55.9619],[-5.014,55.9766]]],[[[-4.4098,53.1455],[-4.3439,53.1321],[-4.222,53.1821],[-4.0429,53.3028],[-4.1091,53.3131],[-4.4098,53.1455]]],[[[-3.8,56.1136],[-3.6715,56.0508],[-3.421,56.0249],[-3.1636,56.0639],[-3.1333,56.1136],[-3.8,56.1136]]]]}},{"type":"Feature","properties":{"territoryId":"cliopatria-q849967-8c54ae5964","name":"Brythons","name_ko":"브리튼족","color":"#d93a57","colorFamily":3,"startYear":523,"endYear":533,"source_name":"Cliopatria v0.2.0","source_url":"https://github.com/Seshat-Global-History-Databank/cliopatria","license":"CC BY 4.0","attribution":"Seshat Global History Databank, Cliopatria contributors"},"geometry":{"type":"MultiPolygon","coordinates":[[[[-4.7849,48.4362],[-4.7684,48.3454],[-4.7045,48.3416],[-4.2899,48.4316],[-4.4537,48.3354],[-4.2694,48.3627],[-4.3247,48.3217],[-4.1875,48.3075],[-4.5155,48.2958],[-4.5432,48.3047],[-4.5467,48.3468],[-4.5752,48.29],[-4.6163,48.2877],[-4.5472,48.2526],[-4.5575,48.1772],[-4.4855,48.2426],[-4.3793,48.2324],[-4.3024,48.1964],[-4.2854,48.1154],[-4.7002,48.0746],[-4.6964,48.0368],[-4.572,48.0059],[-4.5333,48.0263],[-4.4346,47.9757],[-4.3473,47.8629],[-4.3718,47.8072],[-4.1654,47.8308],[-4.1856,47.8744],[-4.1112,47.8693],[-4.1322,47.9239],[-4.1066,47.8801],[-4.0367,47.855],[-3.9618,47.9],[-3.8517,47.801],[-3.7232,47.8134],[-3.5283,47.7799],[-3.4822,47.73],[-3.3761,47.73],[-3.2826,47.7873],[-3.3465,47.73],[-3.2242,47.6564],[-3.1932,47.6837],[-3.2074,47.6973],[-3.1591,47.711],[-3.1932,47.7464],[-3.1391,47.7526],[-3.1112,47.7042],[-3.1864,47.6806],[-3.2006,47.6396],[-3.1412,47.598],[-3.1322,47.4795],[-3.1019,47.4965],[-3.1233,47.5988],[-3.0738,47.5765],[-3.0157,47.5812],[-3.0118,47.6072],[-3.0034,47.5787],[-2.9441,47.5846],[-2.9747,47.6638],[-2.9331,47.6365],[-2.9399,47.6018],[-2.8668,47.6072],[-2.782,47.6356],[-2.4472,47.8619],[-1.7967,47.9938],[-1.8021,48.0597],[-1.7194,48.0597],[-1.7248,48.1257],[-1.642,48.1257],[-1.6689,48.4559],[-1.5083,48.522],[-1.5918,48.6396],[-1.796,48.6159],[-1.861,48.6409],[-1.8537,48.6723],[-1.9867,48.6819],[-2.0287,48.6433],[-1.953,48.575],[-1.9803,48.5887],[-1.9394,48.534],[-1.9803,48.5136],[-2.0524,48.6501],[-2.1448,48.6365],[-2.1243,48.6091],[-2.161,48.613],[-2.1741,48.583],[-2.1926,48.6159],[-2.2137,48.5819],[-2.251,48.6501],[-2.3303,48.6296],[-2.282,48.6706],[-2.3161,48.6986],[-2.3862,48.6501],[-2.4875,48.6501],[-2.4595,48.6365],[-2.62,48.5436],[-2.6761,48.5402],[-2.6824,48.509],[-2.7345,48.534],[-2.714,48.5607],[-2.813,48.5986],[-2.8246,48.6476],[-2.9467,48.7332],[-2.9586,48.7697],[-3.0424,48.7879],[-3.0082,48.8078],[-3.0199,48.8256],[-3.0655,48.824],[-3.1255,48.76],[-3.0771,48.8283],[-3.1037,48.8767],[-3.2205,48.7941],[-3.2136,48.8698],[-3.3976,48.8073],[-3.5153,48.8419],[-3.5815,48.7906],[-3.5283,48.7395],[-3.5805,48.7332],[-3.5705,48.688],[-3.8101,48.7332],[-3.8375,48.6706],[-3.8579,48.6849],[-3.8517,48.6296],[-3.9063,48.6644],[-3.892,48.678],[-3.9547,48.6575],[-3.9699,48.7204],[-4.0565,48.7121],[-4.064,48.6849],[-4.1739,48.6911],[-4.213,48.6612],[-4.1938,48.6501],[-4.3065,48.6415],[-4.2991,48.6636],[-4.3433,48.6789],[-4.4265,48.6575],[-4.4066,48.6433],[-4.5636,48.6296],[-4.5301,48.6017],[-4.6077,48.603],[-4.5773,48.5682],[-4.722,48.5682],[-4.7849,48.4362]]],[[[-5.7156,50.0827],[-5.6674,50.0429],[-5.5635,50.0596],[-5.5409,50.1135],[-5.4748,50.1304],[-5.3044,50.0803],[-5.2452,49.9931],[-5.1786,49.9831],[-5.0666,50.081],[-5.126,50.0963],[-5.0434,50.1441],[-5.0646,50.1584],[-5.053,50.1958],[-5.0204,50.192],[-5.0086,50.1504],[-4.9287,50.246],[-4.7794,50.2806],[-4.7633,50.3221],[-4.6943,50.3435],[-4.6735,50.3154],[-4.3548,50.3791],[-4.1983,50.3791],[-4.2899,50.3974],[-4.2285,50.3974],[-4.2347,50.4383],[-4.2006,50.4594],[-4.1595,50.4594],[-4.1915,50.4176],[-4.1715,50.3828],[-4.105,50.3707],[-4.1083,50.3366],[-4.0544,50.3004],[-3.961,50.3223],[-3.836,50.246],[-3.6518,50.246],[-3.632,50.3123],[-3.5516,50.3492],[-3.5307,50.4144],[-3.5563,50.4321],[-3.5173,50.4563],[-3.4644,50.6785],[-3.4344,50.65],[-2.8648,50.7338],[-2.5895,50.6422],[-2.4467,50.6237],[-2.3983,50.6456],[-2.0901,50.6023],[-2.0319,50.7097],[-2.0827,50.699],[-2.039,50.7399],[-1.9488,50.7121],[-1.7786,50.7207],[-1.8015,50.9789],[-2.1702,51.3128],[-2.2205,51.8481],[-1.6438,52.0492],[-1.5038,52.3847],[-1.8831,52.7881],[-1.9216,53.1922],[-2.0075,53.1922],[-2.0403,53.5296],[-2.1264,53.5296],[-2.187,54.1384],[-1.9475,54.3417],[-1.36,54.5453],[-1.286,54.6811],[-1.2924,54.7491],[-1.486,54.9531],[-1.6343,55.5665],[-1.7211,55.5665],[-1.7258,55.613],[-1.8531,55.6593],[-2.138,55.9146],[-2.3078,55.935],[-2.5079,56.0102],[-2.5836,56.0028],[-2.5694,56.0245],[-2.6351,56.0581],[-2.8232,56.0598],[-2.9399,55.9693],[-3.0782,55.9468],[-3.331,55.9941],[-3.6562,56.0102],[-3.797,56.0885],[-3.7837,55.9766],[-3.8716,55.9766],[-3.976,56.1136],[-4.1519,56.1136],[-4.3109,55.9766],[-4.694,55.9766],[-4.4817,55.9283],[-4.506,55.9191],[-4.7994,55.9579],[-4.8865,55.9197],[-4.8611,55.7567],[-4.9205,55.7086],[-4.6927,55.6052],[-4.6662,55.5622],[-4.6872,55.5441],[-4.6178,55.4956],[-4.8325,55.3311],[-4.8673,55.2225],[-5.0078,55.1412],[-5.0503,55.0268],[-4.9956,54.9203],[-5.0609,54.9311],[-5.0695,54.986],[-5.1151,55.0316],[-5.1708,55.0087],[-5.1571,54.8791],[-4.9547,54.7285],[-4.9581,54.6865],[-4.9367,54.6811],[-4.9537,54.8171],[-4.8591,54.8663],[-4.5903,54.7705],[-4.4233,54.7491],[-4.3484,54.761],[-4.3596,54.8166],[-4.4029,54.8247],[-4.4265,54.8695],[-4.4029,54.9073],[-4.2707,54.8394],[-4.2006,54.8663],[-4.2091,54.8262],[-4.1674,54.7898],[-4.064,54.8315],[-4.0489,54.8087],[-3.8506,54.8403],[-3.817,54.8862],[-3.8124,54.8552],[-3.5817,54.8836],[-3.5705,54.9954],[-3.0218,54.9755],[-3.0907,54.9612],[-3.0218,54.9544],[-3.1228,54.9327],[-3.2765,54.9434],[-3.3173,54.9203],[-3.2546,54.8998],[-3.3879,54.8834],[-3.4396,54.7615],[-3.5092,54.7217],[-3.6342,54.5129],[-3.4134,54.343],[-3.4074,54.2777],[-3.3068,54.1919],[-3.2322,54.2025],[-3.2074,54.263],[-3.2152,54.1798],[-3.2484,54.1737],[-3.241,54.1121],[-3.1543,54.0706],[-3.061,54.1619],[-3.0492,54.2221],[-3.0154,54.2119],[-2.9977,54.1596],[-2.9392,54.1551],[-2.796,54.2487],[-2.8542,54.1941],[-2.796,54.1252],[-2.9182,54.0343],[-2.8955,54.0023],[-2.8301,54.016],[-2.858,53.9676],[-3.0566,53.9062],[-3.0492,53.7695],[-2.9849,53.7361],[-2.899,53.7354],[-3.0218,53.6528],[-3.1019,53.5581],[-2.925,53.35],[-2.7998,53.321],[-2.6998,53.3518],[-2.7755,53.2999],[-2.8815,53.2884],[-2.953,53.3239],[-3.0122,53.4167],[-3.0583,53.4348],[-3.1864,53.3928],[-3.0845,53.2755],[-3.0878,53.2347],[-3.3303,53.3518],[-3.6022,53.2889],[-3.7163,53.2869],[-3.7987,53.3177],[-3.8509,53.3093],[-3.8313,53.2891],[-4.178,53.2176],[-4.3207,53.1015],[-4.3409,53.1127],[-4.3582,53.0285],[-4.5961,52.9284],[-4.757,52.798],[-4.2953,52.9227],[-4.2898,52.9039],[-4.0776,52.9267],[-4.1299,52.8892],[-4.1173,52.8308],[-4.149,52.8121],[-4.0488,52.7216],[-3.9883,52.7343],[-4.0565,52.7007],[-4.1255,52.6039],[-4.0531,52.5424],[-3.9473,52.5493],[-4.0565,52.5294],[-4.1096,52.3653],[-4.1971,52.2793],[-4.3158,52.2163],[-4.5023,52.1384],[-4.6375,52.1385],[-4.6757,52.1269],[-4.6735,52.0974],[-4.7203,52.1133],[-4.838,52.049],[-4.8414,52.0148],[-5.0812,52.0212],[-5.088,51.976],[-5.2359,51.9227],[-5.2425,51.8745],[-5.1259,51.856],[-5.1103,51.7785],[-5.2495,51.7337],[-5.1829,51.6893],[-5.1492,51.7181],[-4.9106,51.7182],[-4.9005,51.7621],[-4.9336,51.7753],[-4.8243,51.7957],[-4.879,51.762],[-4.8448,51.7138],[-5.1197,51.6784],[-4.941,51.5965],[-4.8635,51.6441],[-4.7123,51.6501],[-4.6454,51.7321],[-4.4608,51.7358],[-4.4265,51.7473],[-4.4458,51.7733],[-4.3992,51.7616],[-4.3651,51.789],[-4.3625,51.7429],[-4.3105,51.7337],[-4.3793,51.7269],[-4.3153,51.6775],[-4.0705,51.676],[-4.0913,51.6399],[-4.221,51.6238],[-4.2347,51.645],[-4.2899,51.617],[-4.2899,51.5556],[-4.0318,51.5578],[-3.9777,51.5665],[-3.9999,51.5909],[-3.9766,51.6119],[-3.8416,51.6215],[-3.7701,51.5633],[-3.7376,51.4909],[-3.6632,51.4762],[-3.5392,51.3985],[-3.2894,51.3842],[-3.1214,51.5134],[-3.0922,51.5023],[-2.9747,51.563],[-2.8587,51.5461],[-2.7131,51.5866],[-2.4821,51.7429],[-2.3834,51.7733],[-2.5564,51.6592],[-2.6962,51.5126],[-2.9747,51.3842],[-2.9922,51.3219],[-3.0218,51.3228],[-2.9996,51.2332],[-3.0218,51.1925],[-3.0293,51.2204],[-3.385,51.1862],[-3.7692,51.2477],[-4.2285,51.1925],[-4.2148,51.1515],[-4.2558,51.1515],[-4.208,51.0764],[-4.3023,51.0075],[-4.5264,51.015],[-4.5501,50.8096],[-4.5773,50.7747],[-4.7519,50.6701],[-4.7925,50.5952],[-4.9209,50.5789],[-4.9219,50.5549],[-4.8448,50.5141],[-4.9336,50.5202],[-4.9473,50.5624],[-5.0156,50.538],[-5.0503,50.4287],[-5.1537,50.3995],[-5.1499,50.3502],[-5.438,50.1943],[-5.511,50.2195],[-5.6846,50.1615],[-5.7156,50.0827]]],[[[-5.014,55.9766],[-4.9831,55.871],[-4.9137,55.9619],[-5.014,55.9766]]],[[[-4.6842,53.3148],[-4.6767,53.2851],[-4.5636,53.2419],[-4.6263,53.3209],[-4.6842,53.3148]]],[[[-4.571,53.2755],[-4.4954,53.1799],[-4.4476,53.1594],[-4.3851,53.1824],[-4.4066,53.1306],[-4.222,53.1821],[-4.1955,53.2203],[-4.0733,53.2738],[-4.1621,53.2596],[-4.2767,53.401],[-4.4254,53.4267],[-4.571,53.3928],[-4.571,53.2755]]],[[[-3.8,56.1136],[-3.6715,56.0508],[-3.421,56.0249],[-3.1636,56.0639],[-3.1333,56.1136],[-3.8,56.1136]]]]}},{"type":"Feature","properties":{"territoryId":"cliopatria-q849967-8c54ae5964","name":"Brythons","name_ko":"브리튼족","color":"#d93a57","colorFamily":3,"startYear":534,"endYear":539,"source_name":"Cliopatria v0.2.0","source_url":"https://github.com/Seshat-Global-History-Databank/cliopatria","license":"CC BY 4.0","attribution":"Seshat Global History Databank, Cliopatria contributors"},"geometry":{"type":"MultiPolygon","coordinates":[[[[-4.7849,48.4362],[-4.7684,48.3454],[-4.7045,48.3416],[-4.2899,48.4316],[-4.4537,48.3354],[-4.2694,48.3627],[-4.3247,48.3217],[-4.1875,48.3075],[-4.5155,48.2958],[-4.5432,48.3047],[-4.5467,48.3468],[-4.5752,48.29],[-4.6163,48.2877],[-4.5472,48.2526],[-4.5575,48.1772],[-4.4855,48.2426],[-4.3793,48.2324],[-4.3024,48.1964],[-4.2854,48.1154],[-4.7002,48.0746],[-4.6964,48.0368],[-4.572,48.0059],[-4.5333,48.0263],[-4.4346,47.9757],[-4.3473,47.8629],[-4.3718,47.8072],[-4.1654,47.8308],[-4.1856,47.8744],[-4.1112,47.8693],[-4.1322,47.9239],[-4.1066,47.8801],[-4.0367,47.855],[-3.9618,47.9],[-3.8517,47.801],[-3.7232,47.8134],[-3.5283,47.7799],[-3.4822,47.73],[-3.3761,47.73],[-3.2826,47.7873],[-3.3465,47.73],[-3.2242,47.6564],[-3.1932,47.6837],[-3.2074,47.6973],[-3.1591,47.711],[-3.1932,47.7464],[-3.1391,47.7526],[-3.1112,47.7042],[-3.1864,47.6806],[-3.2006,47.6396],[-3.1412,47.598],[-3.1322,47.4795],[-3.1019,47.4965],[-3.1233,47.5988],[-3.0738,47.5765],[-3.0157,47.5812],[-3.0118,47.6072],[-3.0034,47.5787],[-2.9441,47.5846],[-2.9747,47.6638],[-2.9331,47.6365],[-2.9399,47.6018],[-2.8668,47.6072],[-2.782,47.6356],[-2.4472,47.8619],[-1.7967,47.9938],[-1.8021,48.0597],[-1.7194,48.0597],[-1.7248,48.1257],[-1.642,48.1257],[-1.6689,48.4559],[-1.5083,48.522],[-1.5918,48.6396],[-1.796,48.6159],[-1.861,48.6409],[-1.8537,48.6723],[-1.9867,48.6819],[-2.0287,48.6433],[-1.953,48.575],[-1.9803,48.5887],[-1.9394,48.534],[-1.9803,48.5136],[-2.0524,48.6501],[-2.1448,48.6365],[-2.1243,48.6091],[-2.161,48.613],[-2.1741,48.583],[-2.1926,48.6159],[-2.2137,48.5819],[-2.251,48.6501],[-2.3303,48.6296],[-2.282,48.6706],[-2.3161,48.6986],[-2.3862,48.6501],[-2.4875,48.6501],[-2.4595,48.6365],[-2.62,48.5436],[-2.6761,48.5402],[-2.6824,48.509],[-2.7345,48.534],[-2.714,48.5607],[-2.813,48.5986],[-2.8246,48.6476],[-2.9467,48.7332],[-2.9586,48.7697],[-3.0424,48.7879],[-3.0082,48.8078],[-3.0199,48.8256],[-3.0655,48.824],[-3.1255,48.76],[-3.0771,48.8283],[-3.1037,48.8767],[-3.2205,48.7941],[-3.2136,48.8698],[-3.3976,48.8073],[-3.5153,48.8419],[-3.5815,48.7906],[-3.5283,48.7395],[-3.5805,48.7332],[-3.5705,48.688],[-3.8101,48.7332],[-3.8375,48.6706],[-3.8579,48.6849],[-3.8517,48.6296],[-3.9063,48.6644],[-3.892,48.678],[-3.9547,48.6575],[-3.9699,48.7204],[-4.0565,48.7121],[-4.064,48.6849],[-4.1739,48.6911],[-4.213,48.6612],[-4.1938,48.6501],[-4.3065,48.6415],[-4.2991,48.6636],[-4.3433,48.6789],[-4.4265,48.6575],[-4.4066,48.6433],[-4.5636,48.6296],[-4.5301,48.6017],[-4.6077,48.603],[-4.5773,48.5682],[-4.722,48.5682],[-4.7849,48.4362]]],[[[-5.7156,50.0827],[-5.6674,50.0429],[-5.5635,50.0596],[-5.5409,50.1135],[-5.4748,50.1304],[-5.3044,50.0803],[-5.2452,49.9931],[-5.1786,49.9831],[-5.0666,50.081],[-5.126,50.0963],[-5.0434,50.1441],[-5.0646,50.1584],[-5.053,50.1958],[-5.0204,50.192],[-5.0086,50.1504],[-4.9287,50.246],[-4.7794,50.2806],[-4.7633,50.3221],[-4.6943,50.3435],[-4.6735,50.3154],[-4.3548,50.3791],[-4.1983,50.3791],[-4.2899,50.3974],[-4.2285,50.3974],[-4.2347,50.4383],[-4.2006,50.4594],[-4.1595,50.4594],[-4.1915,50.4176],[-4.1715,50.3828],[-4.105,50.3707],[-4.1083,50.3366],[-4.0544,50.3004],[-3.961,50.3223],[-3.836,50.246],[-3.6518,50.246],[-3.632,50.3123],[-3.5516,50.3492],[-3.5307,50.4144],[-3.5563,50.4321],[-3.5173,50.4563],[-3.4644,50.6785],[-3.4344,50.65],[-2.8648,50.7338],[-2.5895,50.6422],[-2.4467,50.6237],[-2.3983,50.6456],[-2.0901,50.6023],[-2.0319,50.7097],[-2.0827,50.699],[-2.039,50.7399],[-1.9488,50.7121],[-1.7786,50.7207],[-1.8015,50.9789],[-2.1702,51.3128],[-2.2078,51.7142],[-2.1418,51.9151],[-1.6438,52.0492],[-1.4916,52.2505],[-1.5099,52.4519],[-1.8831,52.7881],[-2.0403,53.5296],[-2.1264,53.5296],[-2.187,54.1384],[-1.9475,54.3417],[-1.36,54.5453],[-1.286,54.6811],[-1.2924,54.7491],[-1.486,54.9531],[-1.6343,55.5665],[-1.7211,55.5665],[-1.7258,55.613],[-1.8531,55.6593],[-2.138,55.9146],[-2.3078,55.935],[-2.5079,56.0102],[-2.5836,56.0028],[-2.5694,56.0245],[-2.6351,56.0581],[-2.8232,56.0598],[-2.9399,55.9693],[-3.0782,55.9468],[-3.331,55.9941],[-3.6562,56.0102],[-3.797,56.0885],[-3.7837,55.9766],[-3.8716,55.9766],[-3.976,56.1136],[-4.1519,56.1136],[-4.3109,55.9766],[-4.694,55.9766],[-4.4817,55.9283],[-4.506,55.9191],[-4.7994,55.9579],[-4.8865,55.9197],[-4.8611,55.7567],[-4.9205,55.7086],[-4.6927,55.6052],[-4.6662,55.5622],[-4.6872,55.5441],[-4.6178,55.4956],[-4.8325,55.3311],[-4.8673,55.2225],[-5.0078,55.1412],[-5.0503,55.0268],[-4.9956,54.9203],[-5.0609,54.9311],[-5.0695,54.986],[-5.1151,55.0316],[-5.1708,55.0087],[-5.1571,54.8791],[-4.9547,54.7285],[-4.9581,54.6865],[-4.9367,54.6811],[-4.9537,54.8171],[-4.8591,54.8663],[-4.5903,54.7705],[-4.4233,54.7491],[-4.3484,54.761],[-4.3596,54.8166],[-4.4029,54.8247],[-4.4265,54.8695],[-4.4029,54.9073],[-4.2707,54.8394],[-4.2006,54.8663],[-4.2091,54.8262],[-4.1674,54.7898],[-4.064,54.8315],[-4.0489,54.8087],[-3.8506,54.8403],[-3.817,54.8862],[-3.8124,54.8552],[-3.5817,54.8836],[-3.5705,54.9954],[-3.0218,54.9755],[-3.0907,54.9612],[-3.0218,54.9544],[-3.1228,54.9327],[-3.2765,54.9434],[-3.3173,54.9203],[-3.2546,54.8998],[-3.3879,54.8834],[-3.4396,54.7615],[-3.5092,54.7217],[-3.6342,54.5129],[-3.4134,54.343],[-3.4074,54.2777],[-3.3068,54.1919],[-3.2322,54.2025],[-3.2074,54.263],[-3.2152,54.1798],[-3.2484,54.1737],[-3.241,54.1121],[-3.1543,54.0706],[-3.061,54.1619],[-3.0492,54.2221],[-3.0154,54.2119],[-2.9977,54.1596],[-2.9392,54.1551],[-2.796,54.2487],[-2.8542,54.1941],[-2.796,54.1252],[-2.9182,54.0343],[-2.8955,54.0023],[-2.8301,54.016],[-2.858,53.9676],[-3.0566,53.9062],[-3.0492,53.7695],[-2.9849,53.7361],[-2.899,53.7354],[-3.0218,53.6528],[-3.1019,53.5581],[-2.925,53.35],[-2.7998,53.321],[-2.6998,53.3518],[-2.7755,53.2999],[-2.8815,53.2884],[-2.953,53.3239],[-3.0122,53.4167],[-3.0583,53.4348],[-3.1864,53.3928],[-3.0845,53.2755],[-3.0878,53.2347],[-3.3303,53.3518],[-3.6022,53.2889],[-3.7163,53.2869],[-3.7987,53.3177],[-3.8509,53.3093],[-3.8313,53.2891],[-4.178,53.2176],[-4.3207,53.1015],[-4.3409,53.1127],[-4.3582,53.0285],[-4.5961,52.9284],[-4.757,52.798],[-4.2953,52.9227],[-4.2898,52.9039],[-4.0776,52.9267],[-4.1299,52.8892],[-4.1173,52.8308],[-4.149,52.8121],[-4.0488,52.7216],[-3.9883,52.7343],[-4.0565,52.7007],[-4.1255,52.6039],[-4.0531,52.5424],[-3.9473,52.5493],[-4.0565,52.5294],[-4.1096,52.3653],[-4.1971,52.2793],[-4.3158,52.2163],[-4.5023,52.1384],[-4.6375,52.1385],[-4.6757,52.1269],[-4.6735,52.0974],[-4.7203,52.1133],[-4.838,52.049],[-4.8414,52.0148],[-5.0812,52.0212],[-5.088,51.976],[-5.2359,51.9227],[-5.2425,51.8745],[-5.1259,51.856],[-5.1103,51.7785],[-5.2495,51.7337],[-5.1829,51.6893],[-5.1492,51.7181],[-4.9106,51.7182],[-4.9005,51.7621],[-4.9336,51.7753],[-4.8243,51.7957],[-4.879,51.762],[-4.8448,51.7138],[-5.1197,51.6784],[-4.941,51.5965],[-4.8635,51.6441],[-4.7123,51.6501],[-4.6454,51.7321],[-4.4608,51.7358],[-4.4265,51.7473],[-4.4458,51.7733],[-4.3992,51.7616],[-4.3651,51.789],[-4.3625,51.7429],[-4.3105,51.7337],[-4.3793,51.7269],[-4.3153,51.6775],[-4.0705,51.676],[-4.0913,51.6399],[-4.221,51.6238],[-4.2347,51.645],[-4.2899,51.617],[-4.2899,51.5556],[-4.0318,51.5578],[-3.9777,51.5665],[-3.9999,51.5909],[-3.9766,51.6119],[-3.8416,51.6215],[-3.7701,51.5633],[-3.7376,51.4909],[-3.6632,51.4762],[-3.5392,51.3985],[-3.2894,51.3842],[-3.1214,51.5134],[-3.0922,51.5023],[-2.9747,51.563],[-2.8587,51.5461],[-2.7131,51.5866],[-2.4821,51.7429],[-2.3834,51.7733],[-2.5564,51.6592],[-2.6962,51.5126],[-2.9747,51.3842],[-2.9922,51.3219],[-3.0218,51.3228],[-2.9996,51.2332],[-3.0218,51.1925],[-3.0293,51.2204],[-3.385,51.1862],[-3.7692,51.2477],[-4.2285,51.1925],[-4.2148,51.1515],[-4.2558,51.1515],[-4.208,51.0764],[-4.3023,51.0075],[-4.5264,51.015],[-4.5501,50.8096],[-4.5773,50.7747],[-4.7519,50.6701],[-4.7925,50.5952],[-4.9209,50.5789],[-4.9219,50.5549],[-4.8448,50.5141],[-4.9336,50.5202],[-4.9473,50.5624],[-5.0156,50.538],[-5.0503,50.4287],[-5.1537,50.3995],[-5.1499,50.3502],[-5.438,50.1943],[-5.511,50.2195],[-5.6846,50.1615],[-5.7156,50.0827]]],[[[-5.014,55.9766],[-4.9831,55.871],[-4.9137,55.9619],[-5.014,55.9766]]],[[[-4.6842,53.3148],[-4.6767,53.2851],[-4.5636,53.2419],[-4.6263,53.3209],[-4.6842,53.3148]]],[[[-4.571,53.2755],[-4.4954,53.1799],[-4.4476,53.1594],[-4.3851,53.1824],[-4.4066,53.1306],[-4.222,53.1821],[-4.1955,53.2203],[-4.0733,53.2738],[-4.1621,53.2596],[-4.2767,53.401],[-4.4254,53.4267],[-4.571,53.3928],[-4.571,53.2755]]],[[[-3.8,56.1136],[-3.6715,56.0508],[-3.421,56.0249],[-3.1636,56.0639],[-3.1333,56.1136],[-3.8,56.1136]]]]}},{"type":"Feature","properties":{"territoryId":"cliopatria-q849967-8c54ae5964","name":"Brythons","name_ko":"브리튼족","color":"#d93a57","colorFamily":3,"startYear":540,"endYear":554,"source_name":"Cliopatria v0.2.0","source_url":"https://github.com/Seshat-Global-History-Databank/cliopatria","license":"CC BY 4.0","attribution":"Seshat Global History Databank, Cliopatria contributors"},"geometry":{"type":"MultiPolygon","coordinates":[[[[-4.7849,48.4362],[-4.7684,48.3454],[-4.7045,48.3416],[-4.2899,48.4316],[-4.4537,48.3354],[-4.2694,48.3627],[-4.3247,48.3217],[-4.1875,48.3075],[-4.5155,48.2958],[-4.5432,48.3047],[-4.5467,48.3468],[-4.5752,48.29],[-4.6163,48.2877],[-4.5472,48.2526],[-4.5575,48.1772],[-4.4855,48.2426],[-4.3793,48.2324],[-4.3024,48.1964],[-4.2854,48.1154],[-4.7002,48.0746],[-4.6964,48.0368],[-4.572,48.0059],[-4.5333,48.0263],[-4.4346,47.9757],[-4.3473,47.8629],[-4.3718,47.8072],[-4.1654,47.8308],[-4.1856,47.8744],[-4.1112,47.8693],[-4.1322,47.9239],[-4.1066,47.8801],[-4.0367,47.855],[-3.9618,47.9],[-3.8517,47.801],[-3.7232,47.8134],[-3.5283,47.7799],[-3.4822,47.73],[-3.3761,47.73],[-3.2826,47.7873],[-3.3465,47.73],[-3.2242,47.6564],[-3.1932,47.6837],[-3.2074,47.6973],[-3.1591,47.711],[-3.1932,47.7464],[-3.1391,47.7526],[-3.1112,47.7042],[-3.1864,47.6806],[-3.2006,47.6396],[-3.1412,47.598],[-3.1322,47.4795],[-3.1019,47.4965],[-3.1233,47.5988],[-3.0738,47.5765],[-3.0157,47.5812],[-3.0118,47.6072],[-3.0034,47.5787],[-2.9441,47.5846],[-2.9747,47.6638],[-2.9331,47.6365],[-2.9399,47.6018],[-2.8668,47.6072],[-2.782,47.6356],[-2.4472,47.8619],[-1.7967,47.9938],[-1.8021,48.0597],[-1.7194,48.0597],[-1.7248,48.1257],[-1.642,48.1257],[-1.6689,48.4559],[-1.5083,48.522],[-1.5918,48.6396],[-1.796,48.6159],[-1.861,48.6409],[-1.8537,48.6723],[-1.9867,48.6819],[-2.0287,48.6433],[-1.953,48.575],[-1.9803,48.5887],[-1.9394,48.534],[-1.9803,48.5136],[-2.0524,48.6501],[-2.1448,48.6365],[-2.1243,48.6091],[-2.161,48.613],[-2.1741,48.583],[-2.1926,48.6159],[-2.2137,48.5819],[-2.251,48.6501],[-2.3303,48.6296],[-2.282,48.6706],[-2.3161,48.6986],[-2.3862,48.6501],[-2.4875,48.6501],[-2.4595,48.6365],[-2.62,48.5436],[-2.6761,48.5402],[-2.6824,48.509],[-2.7345,48.534],[-2.714,48.5607],[-2.813,48.5986],[-2.8246,48.6476],[-2.9467,48.7332],[-2.9586,48.7697],[-3.0424,48.7879],[-3.0082,48.8078],[-3.0199,48.8256],[-3.0655,48.824],[-3.1255,48.76],[-3.0771,48.8283],[-3.1037,48.8767],[-3.2205,48.7941],[-3.2136,48.8698],[-3.3976,48.8073],[-3.5153,48.8419],[-3.5815,48.7906],[-3.5283,48.7395],[-3.5805,48.7332],[-3.5705,48.688],[-3.8101,48.7332],[-3.8375,48.6706],[-3.8579,48.6849],[-3.8517,48.6296],[-3.9063,48.6644],[-3.892,48.678],[-3.9547,48.6575],[-3.9699,48.7204],[-4.0565,48.7121],[-4.064,48.6849],[-4.1739,48.6911],[-4.213,48.6612],[-4.1938,48.6501],[-4.3065,48.6415],[-4.2991,48.6636],[-4.3433,48.6789],[-4.4265,48.6575],[-4.4066,48.6433],[-4.5636,48.6296],[-4.5301,48.6017],[-4.6077,48.603],[-4.5773,48.5682],[-4.722,48.5682],[-4.7849,48.4362]]],[[[-5.2877,51.913],[-5.2825,51.8684],[-5.1259,51.856],[-5.1103,51.7785],[-5.2495,51.7337],[-5.1829,51.6893],[-5.1492,51.7181],[-4.9106,51.7182],[-4.9005,51.7621],[-4.9336,51.7753],[-4.8243,51.7957],[-4.879,51.762],[-4.8448,51.7138],[-5.1197,51.6784],[-5.0512,51.6569],[-5.0458,51.6269],[-4.9647,51.6034],[-4.8635,51.6441],[-4.7099,51.6548],[-4.6454,51.7321],[-4.4608,51.7358],[-4.4265,51.7473],[-4.4458,51.7733],[-4.3992,51.7616],[-4.3651,51.789],[-4.3625,51.7429],[-4.3105,51.7337],[-4.3793,51.7269],[-4.3153,51.6775],[-4.0705,51.676],[-4.0913,51.6399],[-4.221,51.6238],[-4.2347,51.645],[-4.2899,51.617],[-4.2899,51.5556],[-4.2006,51.5388],[-3.9881,51.5779],[-3.9766,51.6119],[-3.6441,51.6472],[-3.5732,51.7811],[-3.5873,51.9151],[-3.7574,51.9151],[-3.7789,52.1163],[-3.6938,52.1163],[-3.7153,52.3176],[-3.986,52.4519],[-4.0794,52.4519],[-4.1096,52.3653],[-4.1971,52.2793],[-4.5023,52.1384],[-4.6375,52.1385],[-4.6757,52.1269],[-4.6735,52.0974],[-4.7203,52.1133],[-4.838,52.049],[-4.8414,52.0148],[-5.0702,52.0264],[-5.1195,51.9589],[-5.2877,51.913]]],[[[-5.7156,50.0827],[-5.6674,50.0429],[-5.5635,50.0596],[-5.5409,50.1135],[-5.4748,50.1304],[-5.3044,50.0803],[-5.2452,49.9931],[-5.1786,49.9831],[-5.0666,50.081],[-5.126,50.0963],[-5.0434,50.1441],[-5.0646,50.1584],[-5.053,50.1958],[-5.0204,50.192],[-5.0086,50.1504],[-4.9287,50.246],[-4.7794,50.2806],[-4.7633,50.3221],[-4.6943,50.3435],[-4.6735,50.3154],[-4.3548,50.3791],[-4.1983,50.3791],[-4.2899,50.3974],[-4.2285,50.3974],[-4.2347,50.4383],[-4.2006,50.4594],[-4.1595,50.4594],[-4.1915,50.4176],[-4.1715,50.3828],[-4.105,50.3707],[-4.1083,50.3366],[-4.0544,50.3004],[-3.961,50.3223],[-3.836,50.246],[-3.6518,50.246],[-3.632,50.3123],[-3.5516,50.3492],[-3.5307,50.4144],[-3.5563,50.4321],[-3.5173,50.4563],[-3.4644,50.6785],[-3.4344,50.65],[-2.8648,50.7338],[-2.6929,50.6928],[-2.4512,50.5789],[-2.4359,50.6375],[-2.3983,50.6456],[-2.0901,50.6023],[-2.0319,50.7097],[-2.0827,50.699],[-2.039,50.7399],[-1.9488,50.7121],[-1.7786,50.7207],[-1.8015,50.9789],[-2.1702,51.3128],[-2.2078,51.7142],[-2.1418,51.9151],[-1.6438,52.0492],[-1.4916,52.2505],[-1.5099,52.4519],[-1.8831,52.7881],[-2.0403,53.5296],[-2.1264,53.5296],[-2.187,54.1384],[-1.9475,54.3417],[-1.36,54.5453],[-1.286,54.6811],[-1.2924,54.7491],[-1.486,54.9531],[-1.6343,55.5665],[-1.7211,55.5665],[-1.7258,55.613],[-1.8531,55.6593],[-2.138,55.9146],[-2.3078,55.935],[-2.5079,56.0102],[-2.5836,56.0028],[-2.5694,56.0245],[-2.6351,56.0581],[-2.8232,56.0598],[-2.9399,55.9693],[-3.0782,55.9468],[-3.331,55.9941],[-3.6562,56.0102],[-3.797,56.0885],[-3.7837,55.9766],[-4.1519,56.1136],[-4.3109,55.9766],[-4.6248,55.9457],[-4.4817,55.9283],[-4.506,55.9191],[-4.6974,55.9385],[-4.8865,55.9197],[-4.8611,55.7567],[-4.9097,55.7151],[-4.9001,55.6956],[-4.8106,55.654],[-4.8181,55.6372],[-4.6927,55.6052],[-4.6662,55.5622],[-4.6872,55.5441],[-4.6178,55.4956],[-4.8325,55.3311],[-4.8673,55.2225],[-5.0078,55.1412],[-5.0503,55.0268],[-4.9956,54.9203],[-5.0609,54.9311],[-5.0695,54.986],[-5.1151,55.0316],[-5.1708,55.0087],[-5.1571,54.8791],[-4.9547,54.7285],[-4.9581,54.6865],[-4.9367,54.6811],[-4.9537,54.8171],[-4.8591,54.8663],[-4.5903,54.7705],[-4.4233,54.7491],[-4.3484,54.761],[-4.3596,54.8166],[-4.4029,54.8247],[-4.4265,54.8695],[-4.4029,54.9073],[-4.2707,54.8394],[-4.2006,54.8663],[-4.2091,54.8262],[-4.1674,54.7898],[-4.064,54.8315],[-4.0489,54.8087],[-3.8506,54.8403],[-3.817,54.8862],[-3.8124,54.8552],[-3.5817,54.8836],[-3.5705,54.9954],[-3.0218,54.9755],[-3.0907,54.9612],[-3.0218,54.9544],[-3.1228,54.9327],[-3.2765,54.9434],[-3.3173,54.9203],[-3.2546,54.8998],[-3.3879,54.8834],[-3.4396,54.7615],[-3.5092,54.7217],[-3.6342,54.5129],[-3.4134,54.343],[-3.4074,54.2777],[-3.3068,54.1919],[-3.2322,54.2025],[-3.2074,54.263],[-3.2152,54.1798],[-3.2484,54.1737],[-3.241,54.1121],[-3.1853,54.0945],[-3.1179,54.1088],[-3.061,54.1619],[-3.0492,54.2221],[-3.0154,54.2119],[-2.9977,54.1596],[-2.9392,54.1551],[-2.796,54.2487],[-2.8542,54.1941],[-2.796,54.1252],[-2.9182,54.0343],[-2.8955,54.0023],[-2.8301,54.016],[-2.858,53.9676],[-3.0566,53.9062],[-3.0492,53.7695],[-2.9849,53.7361],[-2.899,53.7354],[-3.0218,53.6528],[-3.1019,53.5581],[-3.0039,53.4243],[-2.8873,53.3946],[-2.8809,53.3328],[-2.7998,53.321],[-2.6998,53.3518],[-2.7432,53.3385],[-2.7481,53.3096],[-2.8763,53.2885],[-2.8454,52.99],[-2.7323,52.7208],[-2.8179,52.7208],[-2.9273,52.1163],[-2.9138,51.9822],[-2.8287,51.9822],[-2.822,51.9151],[-2.5474,51.7142],[-2.8886,51.5448],[-2.7131,51.5866],[-2.4821,51.7429],[-2.3834,51.7733],[-2.5564,51.6592],[-2.6962,51.5126],[-2.9747,51.3842],[-2.9922,51.3219],[-3.0218,51.3228],[-2.9996,51.2332],[-3.0218,51.1925],[-3.0293,51.2204],[-3.385,51.1862],[-3.7692,51.2477],[-4.2285,51.1925],[-4.2148,51.1515],[-4.2558,51.1515],[-4.208,51.0764],[-4.3023,51.0075],[-4.5264,51.015],[-4.5501,50.8096],[-4.5773,50.7747],[-4.7519,50.6701],[-4.7925,50.5952],[-4.9209,50.5789],[-4.9219,50.5549],[-4.8448,50.5141],[-4.9336,50.5202],[-4.9473,50.5624],[-5.0156,50.538],[-5.0503,50.4287],[-5.1537,50.3995],[-5.1499,50.3502],[-5.438,50.1943],[-5.511,50.2195],[-5.6846,50.1615],[-5.7156,50.0827]]],[[[-5.0051,55.9082],[-4.9831,55.871],[-4.9501,55.9136],[-5.0051,55.9082]]],[[[-3.8,56.1136],[-3.6715,56.0508],[-3.421,56.0249],[-3.1636,56.0639],[-3.1333,56.1136],[-3.8,56.1136]]],[[[-3.0422,53.434],[-3.0327,53.4316],[-3.0356,53.4337],[-3.0422,53.434]]]]}},{"type":"Feature","properties":{"territoryId":"cliopatria-q13590051-1fdfbf9fac","name":"Burgundian Kingdom","name_ko":"부르군트 왕국","color":"#56dde6","colorFamily":9,"startYear":500,"endYear":509,"source_name":"Cliopatria v0.2.0","source_url":"https://github.com/Seshat-Global-History-Databank/cliopatria","license":"CC BY 4.0","attribution":"Seshat Global History Databank, Cliopatria contributors"},"geometry":{"type":"Polygon","coordinates":[[[2.9453,47.4665],[3.0343,47.3348],[2.9651,47.0716],[3.2275,46.7429],[3.0761,46.4802],[3.8582,45.4313],[3.869,45.1696],[4.0395,44.9734],[3.9688,44.7119],[4.1334,44.6466],[4.2244,44.3854],[4.3862,44.3854],[4.391,44.2548],[5.0463,43.9938],[5.8553,43.9286],[6.0852,44.3854],[6.8104,44.516],[6.9681,44.7119],[6.887,44.7119],[6.8826,44.908],[6.6375,44.9734],[6.6343,45.1042],[7.0377,45.235],[7.1147,45.4313],[7.4377,45.5623],[7.5153,45.7588],[8.0808,46.0865],[8.0786,46.2177],[8.645,46.6772],[8.7235,46.9401],[8.3948,46.9401],[8.0615,47.2032],[7.484,47.269],[7.3148,47.4665],[7.0659,47.5323],[6.9753,47.8619],[6.3102,47.9938],[5.8181,47.8619],[5.8224,47.73],[5.5769,47.6641],[5.5945,47.1374],[5.5144,47.0716],[5.1808,47.2032],[5.1761,47.3348],[4.7591,47.4665],[4.6662,47.73],[3.923,47.73],[2.9453,47.4665]],[[5.9585,46.212],[5.9829,46.2227],[6.0007,46.2276],[5.9585,46.212]],[[6.0629,46.2445],[6.0908,46.2521],[6.0897,46.2464],[6.0629,46.2445]],[[6.7827,45.7953],[6.7863,45.8015],[6.7839,45.7882],[6.7827,45.7953]],[[6.7843,46.2008],[6.7922,46.2217],[6.8277,46.2695],[6.7843,46.2008]],[[6.8328,45.6905],[6.8623,45.6792],[6.8431,45.6827],[6.8328,45.6905]],[[6.8984,45.6655],[6.9634,45.6407],[6.9186,45.6526],[6.8984,45.6655]],[[7.0201,45.9292],[7.0349,45.9169],[7.0221,45.9253],[7.0201,45.9292]],[[7.0782,45.8884],[7.1535,45.8765],[7.0902,45.8805],[7.0782,45.8884]],[[7.3618,45.9078],[7.453,45.9459],[7.3938,45.9157],[7.3618,45.9078]],[[7.7031,45.9278],[7.737,45.9242],[7.7063,45.9257],[7.7031,45.9278]]]}},{"type":"Feature","properties":{"territoryId":"cliopatria-q13590051-1fdfbf9fac","name":"Burgundian Kingdom","name_ko":"부르군트 왕국","color":"#56dde6","colorFamily":9,"startYear":510,"endYear":522,"source_name":"Cliopatria v0.2.0","source_url":"https://github.com/Seshat-Global-History-Databank/cliopatria","license":"CC BY 4.0","attribution":"Seshat Global History Databank, Cliopatria contributors"},"geometry":{"type":"Polygon","coordinates":[[[2.9453,47.4665],[3.0343,47.3348],[2.9651,47.0716],[3.2275,46.7429],[3.0761,46.4802],[3.8582,45.4313],[3.869,45.1696],[4.0395,44.9734],[3.9688,44.7119],[4.1334,44.6466],[4.0575,44.516],[4.1385,44.516],[4.2367,44.0591],[4.7144,44.2548],[4.8019,44.0591],[5.8553,43.9286],[6.0852,44.3854],[6.8914,44.516],[6.9681,44.7119],[6.887,44.7119],[6.8826,44.908],[6.6375,44.9734],[6.6343,45.1042],[7.0377,45.235],[7.1147,45.4313],[7.4377,45.5623],[7.5153,45.7588],[8.0808,46.0865],[8.0786,46.2177],[8.645,46.6772],[8.7235,46.9401],[8.3948,46.9401],[8.3938,47.0058],[8.3116,47.0058],[8.0615,47.2032],[7.484,47.269],[7.3148,47.4665],[7.15,47.4665],[6.9753,47.8619],[6.3102,47.9938],[5.8181,47.8619],[5.8224,47.73],[5.5769,47.6641],[5.5945,47.1374],[5.5144,47.0716],[5.1808,47.2032],[5.1761,47.3348],[4.7591,47.4665],[4.6662,47.73],[3.923,47.73],[2.9453,47.4665]],[[5.9585,46.212],[5.9829,46.2227],[6.0007,46.2276],[5.9585,46.212]],[[6.0629,46.2445],[6.0908,46.2521],[6.0897,46.2464],[6.0629,46.2445]],[[6.7827,45.7953],[6.7863,45.8015],[6.7839,45.7882],[6.7827,45.7953]],[[6.7843,46.2008],[6.7922,46.2217],[6.8277,46.2695],[6.7843,46.2008]],[[6.8328,45.6905],[6.8623,45.6792],[6.8431,45.6827],[6.8328,45.6905]],[[6.8984,45.6655],[6.9634,45.6407],[6.9186,45.6526],[6.8984,45.6655]],[[7.0201,45.9292],[7.0349,45.9169],[7.0221,45.9253],[7.0201,45.9292]],[[7.0782,45.8884],[7.1535,45.8765],[7.0902,45.8805],[7.0782,45.8884]],[[7.3618,45.9078],[7.453,45.9459],[7.3938,45.9157],[7.3618,45.9078]],[[7.7031,45.9278],[7.737,45.9242],[7.7063,45.9257],[7.7031,45.9278]]]}},{"type":"Feature","properties":{"territoryId":"cliopatria-q13590051-1fdfbf9fac","name":"Burgundian Kingdom","name_ko":"부르군트 왕국","color":"#56dde6","colorFamily":9,"startYear":523,"endYear":533,"source_name":"Cliopatria v0.2.0","source_url":"https://github.com/Seshat-Global-History-Databank/cliopatria","license":"CC BY 4.0","attribution":"Seshat Global History Databank, Cliopatria contributors"},"geometry":{"type":"Polygon","coordinates":[[[2.9453,47.4665],[3.0343,47.3348],[2.9651,47.0716],[3.2275,46.7429],[3.0729,46.5459],[3.2553,46.1521],[3.4218,46.0865],[3.8582,45.4313],[3.869,45.1696],[4.0395,44.9734],[3.9688,44.7119],[4.1334,44.6466],[4.0575,44.516],[4.1385,44.516],[4.2367,44.0591],[4.7144,44.2548],[4.8019,44.0591],[5.8553,43.9286],[6.0852,44.3854],[6.8914,44.516],[6.9681,44.7119],[6.887,44.7119],[6.8826,44.908],[6.6375,44.9734],[6.6343,45.1042],[7.0377,45.235],[7.1147,45.4313],[7.4377,45.5623],[7.5153,45.7588],[8.0808,46.0865],[8.0786,46.2177],[8.645,46.6772],[8.7235,46.9401],[8.3948,46.9401],[8.3938,47.0058],[8.3116,47.0058],[8.0615,47.2032],[7.484,47.269],[7.3148,47.4665],[7.15,47.4665],[6.9753,47.8619],[6.8082,47.9278],[6.1447,47.9938],[5.8181,47.8619],[5.8224,47.73],[5.5769,47.6641],[5.5945,47.1374],[5.5144,47.0716],[5.1808,47.2032],[5.1761,47.3348],[4.7591,47.4665],[4.6662,47.73],[3.923,47.73],[2.9453,47.4665]],[[5.9585,46.212],[5.9829,46.2227],[6.0007,46.2276],[5.9585,46.212]],[[6.0629,46.2445],[6.0908,46.2521],[6.0897,46.2464],[6.0629,46.2445]],[[6.7827,45.7953],[6.7863,45.8015],[6.7839,45.7882],[6.7827,45.7953]],[[6.7843,46.2008],[6.7922,46.2217],[6.8277,46.2695],[6.7843,46.2008]],[[6.8328,45.6905],[6.8623,45.6792],[6.8431,45.6827],[6.8328,45.6905]],[[6.8984,45.6655],[6.9634,45.6407],[6.9186,45.6526],[6.8984,45.6655]],[[7.0201,45.9292],[7.0349,45.9169],[7.0221,45.9253],[7.0201,45.9292]],[[7.0782,45.8884],[7.1535,45.8765],[7.0902,45.8805],[7.0782,45.8884]],[[7.3618,45.9078],[7.453,45.9459],[7.3938,45.9157],[7.3618,45.9078]],[[7.7031,45.9278],[7.737,45.9242],[7.7063,45.9257],[7.7031,45.9278]]]}},{"type":"Feature","properties":{"territoryId":"cliopatria-q177076-9ff5190113","name":"Caucasian Albania","name_ko":"캅카스 알바니아","color":"#c075f0","colorFamily":4,"startYear":500,"endYear":509,"source_name":"Cliopatria v0.2.0","source_url":"https://github.com/Seshat-Global-History-Databank/cliopatria","license":"CC BY 4.0","attribution":"Seshat Global History Databank, Cliopatria contributors"},"geometry":{"type":"Polygon","coordinates":[[[44.2373,41.2625],[45.1117,41.2625],[45.3019,41.0032],[45.5953,40.8736],[45.4567,40.5496],[45.5915,40.4201],[46.2007,40.2906],[46.2561,40.1612],[46.4814,40.0964],[46.4578,39.967],[46.7736,39.967],[47.0656,39.8376],[47.1208,39.7083],[47.527,39.7729],[47.7396,39.6436],[48.5279,39.6436],[48.8065,39.4496],[48.7822,39.3203],[48.9155,39.1911],[49.1514,39.1911],[49.2666,39.385],[49.2849,39.5222],[49.4501,40.0211],[49.4326,40.063],[49.4689,40.0862],[49.5092,40.2259],[49.6933,40.3554],[50.2604,40.4201],[50.0495,40.5496],[49.5084,40.6144],[49.2442,40.8736],[49.2655,40.978],[49.0592,41.1328],[49.086,41.2625],[48.5571,41.7816],[48.1186,41.5869],[47.9863,41.3274],[47.4963,41.2625],[47.5092,41.3274],[47.3502,41.3274],[46.8164,41.8465],[46.4306,41.9114],[46.2297,42.1063],[45.6834,42.1712],[45.6961,42.2362],[45.5363,42.2362],[45.3138,41.9114],[45.0745,41.9114],[44.7743,41.5869],[44.3523,41.4571],[44.2373,41.2625]],[[44.9552,41.2627],[45.2496,41.4445],[45.0024,41.2905],[44.9552,41.2627]],[[45.2496,41.4445],[45.2817,41.4529],[45.3144,41.4516],[45.2496,41.4445]],[[45.8814,42.102],[45.9287,42.036],[45.9235,42.0396],[45.8814,42.102]],[[45.9417,42.027],[45.9546,42.0244],[45.9476,42.0229],[45.9417,42.027]],[[45.9692,41.1683],[46.0302,41.1659],[46.0174,41.1638],[45.9692,41.1683]],[[46.0528,41.1695],[46.0765,41.1783],[46.0614,41.1709],[46.0528,41.1695]],[[46.1263,41.1966],[46.1354,41.1999],[46.1676,41.1983],[46.1263,41.1966]],[[46.2083,41.7555],[46.2871,41.7514],[46.2769,41.7493],[46.2083,41.7555]],[[46.2942,41.9386],[46.3821,41.9252],[46.3921,41.918],[46.2942,41.9386]],[[46.3065,41.7553],[46.3203,41.7623],[46.3137,41.7567],[46.3065,41.7553]],[[46.4126,41.0919],[46.4664,41.0506],[46.457,41.0524],[46.4126,41.0919]],[[46.4309,41.8904],[46.5255,41.8823],[46.5435,41.8743],[46.4309,41.8904]],[[46.6278,41.3454],[46.631,41.3455],[46.6439,41.3318],[46.6278,41.3454]],[[46.667,41.3072],[46.6885,41.2844],[46.6948,41.2698],[46.667,41.3072]],[[47.7437,41.1927],[47.8524,41.2059],[47.8287,41.1984],[47.7437,41.1927]],[[47.8795,41.2145],[47.8944,41.2257],[47.8946,41.2193],[47.8795,41.2145]],[[48.3814,41.5925],[48.4015,41.6146],[48.393,41.5989],[48.3814,41.5925]]]}},{"type":"Feature","properties":{"territoryId":"cliopatria-q19083-0fbcf5b846","name":"Caucasian Iberia","name_ko":"캅카스 이베리아","color":"#d9493a","colorFamily":5,"startYear":402,"endYear":509,"source_name":"Cliopatria v0.2.0","source_url":"https://github.com/Seshat-Global-History-Databank/cliopatria","license":"CC BY 4.0","attribution":"Seshat Global History Databank, Cliopatria contributors"},"geometry":{"type":"Polygon","coordinates":[[[42.4922,43.0816],[42.5725,43.0816],[42.6052,42.8213],[42.7536,42.7563],[42.7181,42.5612],[42.9346,42.4312],[42.6244,41.5869],[42.8633,41.5869],[43.3402,41.1328],[43.9756,41.1328],[44.2373,41.2625],[44.3523,41.4571],[44.7743,41.5869],[45.0745,41.9114],[45.3138,41.9114],[45.5363,42.2362],[45.6961,42.2362],[45.6802,42.5612],[45.44,42.5612],[45.158,42.7563],[44.8374,42.7563],[44.8247,42.6912],[44.6897,42.8213],[43.7832,42.6912],[43.7399,42.8864],[43.2027,43.0165],[42.9178,43.2118],[42.5041,43.1467],[42.4922,43.0816]],[[45.1696,42.6813],[45.1842,42.6748],[45.2827,42.5864],[45.1696,42.6813]],[[45.4793,42.5423],[45.5368,42.5414],[45.6207,42.5304],[45.4793,42.5423]]]}},{"type":"Feature","properties":{"territoryId":"cliopatria-q19083-0fbcf5b846","name":"Caucasian Iberia","name_ko":"캅카스 이베리아","color":"#d9493a","colorFamily":5,"startYear":510,"endYear":522,"source_name":"Cliopatria v0.2.0","source_url":"https://github.com/Seshat-Global-History-Databank/cliopatria","license":"CC BY 4.0","attribution":"Seshat Global History Databank, Cliopatria contributors"},"geometry":{"type":"Polygon","coordinates":[[[42.4922,43.0816],[42.5725,43.0816],[42.6052,42.8213],[42.7536,42.7563],[42.7181,42.5612],[42.9346,42.4312],[42.6244,41.5869],[42.8633,41.5869],[43.3402,41.1328],[43.9756,41.1328],[44.2373,41.2625],[44.3523,41.4571],[44.866,41.6518],[45.0745,41.9114],[45.4061,41.9764],[45.5363,42.2362],[45.6961,42.2362],[45.6802,42.5612],[45.44,42.5612],[45.158,42.7563],[44.8374,42.7563],[44.8247,42.6912],[44.6897,42.8213],[43.7832,42.6912],[43.7399,42.8864],[43.2027,43.0165],[42.9178,43.2118],[42.5041,43.1467],[42.4922,43.0816]],[[45.1696,42.6813],[45.1842,42.6748],[45.2827,42.5864],[45.1696,42.6813]],[[45.4793,42.5423],[45.5368,42.5414],[45.6207,42.5304],[45.4793,42.5423]]]}},{"type":"Feature","properties":{"territoryId":"cliopatria-q19083-0fbcf5b846","name":"Caucasian Iberia","name_ko":"캅카스 이베리아","color":"#d9493a","colorFamily":5,"startYear":523,"endYear":533,"source_name":"Cliopatria v0.2.0","source_url":"https://github.com/Seshat-Global-History-Databank/cliopatria","license":"CC BY 4.0","attribution":"Seshat Global History Databank, Cliopatria contributors"},"geometry":{"type":"Polygon","coordinates":[[[42.4922,43.0816],[42.5725,43.0816],[42.6052,42.8213],[42.7536,42.7563],[42.7181,42.5612],[42.9346,42.4312],[42.6244,41.5869],[42.8633,41.5869],[43.3402,41.1328],[43.9756,41.1328],[44.2373,41.2625],[44.3523,41.4571],[44.866,41.6518],[45.0745,41.9114],[45.4061,41.9764],[45.5363,42.2362],[45.6961,42.2362],[45.6802,42.5612],[45.44,42.5612],[45.158,42.7563],[44.8374,42.7563],[44.8247,42.6912],[44.6897,42.8213],[43.7832,42.6912],[43.7399,42.8864],[43.2027,43.0165],[42.9178,43.2118],[42.5041,43.1467],[42.4922,43.0816]],[[45.1696,42.6813],[45.1842,42.6748],[45.2827,42.5864],[45.1696,42.6813]],[[45.4793,42.5423],[45.5368,42.5414],[45.6207,42.5304],[45.4793,42.5423]]]}},{"type":"Feature","properties":{"territoryId":"cliopatria-q216786-df7f8992b9","name":"Chámpa","name_ko":"참파 왕국","color":"#e7837e","colorFamily":5,"startYear":207,"endYear":545,"source_name":"Cliopatria v0.2.0","source_url":"https://github.com/Seshat-Global-History-Databank/cliopatria","license":"CC BY 4.0","attribution":"Seshat Global History Databank, Cliopatria contributors"},"geometry":{"type":"MultiPolygon","coordinates":[[[[106.5238,16.8719],[106.7496,16.4219],[106.9706,16.4219],[107.0151,16.229],[107.5016,16.0361],[107.2522,15.8433],[107.224,15.6504],[107.6283,15.3933],[107.6654,15.1361],[107.895,15.2004],[107.877,15.0718],[108.015,15.0075],[107.9884,14.8147],[108.1091,14.6218],[108.0495,14.1718],[108.2777,13.6575],[108.1648,13.336],[108.2382,13.336],[108.354,13.0789],[108.2511,12.1789],[108.098,12.115],[108.077,11.922],[108.1362,11.7931],[108.496,11.729],[108.622,11.536],[109.0283,11.4756],[109.0125,11.5429],[109.0404,11.5429],[109.0404,11.6015],[109.0203,11.6328],[109.0435,11.6385],[109.0671,11.5838],[109.136,11.5702],[109.2157,11.7107],[109.2049,11.8681],[109.1633,11.824],[109.1316,11.83],[109.1258,11.8636],[109.2082,11.9766],[109.1768,12.1295],[109.2197,11.9906],[109.2219,12.15],[109.191,12.2006],[109.2227,12.2042],[109.1769,12.2765],[109.2049,12.2629],[109.2244,12.3227],[109.2066,12.3872],[109.1497,12.4404],[109.1851,12.4589],[109.2423,12.4065],[109.283,12.4891],[109.2372,12.5223],[109.249,12.5855],[109.2049,12.5502],[109.2049,12.6464],[109.3589,12.7973],[109.3899,12.7116],[109.3421,12.6601],[109.3762,12.639],[109.4035,12.6874],[109.4241,12.6527],[109.4051,12.618],[109.4403,12.5646],[109.4724,12.6564],[109.4207,12.6913],[109.3688,12.8246],[109.4382,12.8786],[109.4309,12.8451],[109.4582,12.8519],[109.465,12.9133],[109.3074,13.133],[109.3181,13.2889],[109.3037,13.3032],[109.2942,13.2355],[109.259,13.2976],[109.2942,13.2976],[109.3074,13.3528],[109.2322,13.3931],[109.2451,13.4852],[109.3005,13.4614],[109.2732,13.4311],[109.3074,13.4068],[109.3363,13.4554],[109.3037,13.4799],[109.3142,13.5229],[109.2868,13.5092],[109.2101,13.6308],[109.2185,13.647],[109.2942,13.5303],[109.3039,13.5688],[109.2476,13.6227],[109.2248,13.7221],[109.259,13.7773],[109.2207,13.8061],[109.2515,13.8909],[109.2698,13.7556],[109.304,13.7593],[109.3074,13.8764],[109.2664,13.9207],[109.2254,14.104],[109.1726,14.1566],[109.1975,14.1678],[109.239,14.133],[109.0751,14.577],[109.0861,14.7153],[108.9855,14.8366],[109.0056,14.8388],[108.9426,14.9796],[108.91,15.1466],[108.8977,15.1199],[108.8625,15.1525],[108.8977,15.154],[108.9243,15.2018],[108.9033,15.2229],[108.9517,15.2502],[108.8866,15.2862],[108.8275,15.429],[108.8001,15.429],[108.8145,15.4079],[108.7886,15.3742],[108.8213,15.3459],[108.773,15.3253],[108.773,15.3868],[108.7039,15.4451],[108.6971,15.4904],[108.6525,15.4388],[108.6289,15.4557],[108.6294,15.4865],[108.6677,15.4827],[108.6834,15.5178],[108.6187,15.5292],[108.4553,15.747],[108.4116,15.8718],[108.3752,15.8695],[108.3941,15.8855],[108.2791,15.9957],[108.2658,16.1074],[108.3142,16.0999],[108.3314,16.1553],[108.3174,16.1347],[108.2454,16.162],[108.2249,16.1273],[108.2473,16.1232],[108.259,16.0106],[108.1975,16.0037],[108.2332,16.0371],[108.2283,16.0897],[108.1975,16.072],[108.1423,16.1484],[108.2044,16.2167],[108.054,16.236],[108.052,16.2621],[108.0945,16.2365],[108.043,16.3464],[108.012,16.319],[107.9299,16.3532],[107.9375,16.3121],[107.8965,16.2781],[107.8123,16.3132],[107.7966,16.3874],[107.8412,16.3798],[107.6971,16.5201],[107.6631,16.4972],[107.6631,16.5518],[107.6084,16.545],[107.6353,16.5593],[107.4434,16.648],[107.6353,16.5872],[107.2165,16.9079],[107.1418,16.8677],[107.2039,16.9193],[107.1213,17.0185],[107.1118,17.0883],[106.9146,17.2284],[106.5337,16.9362],[106.5238,16.8719]],[[109.061,14.5637],[109.0737,14.5757],[109.0671,14.5507],[109.061,14.5637]]],[[[109.2166,11.9088],[109.2184,11.9022],[109.2189,11.9361],[109.2166,11.9088]]],[[[109.312,12.6143],[109.4027,12.5646],[109.3831,12.6237],[109.312,12.6143]]]]}},{"type":"Feature","properties":{"territoryId":"cliopatria-q216786-df7f8992b9","name":"Chámpa","name_ko":"참파 왕국","color":"#e7837e","colorFamily":5,"startYear":546,"endYear":554,"source_name":"Cliopatria v0.2.0","source_url":"https://github.com/Seshat-Global-History-Databank/cliopatria","license":"CC BY 4.0","attribution":"Seshat Global History Databank, Cliopatria contributors"},"geometry":{"type":"MultiPolygon","coordinates":[[[[105.7696,17.7076],[106.4163,17.129],[106.3962,17.0005],[106.5437,17.0005],[106.5678,16.679],[106.7496,16.4219],[106.9706,16.4219],[107.0151,16.229],[107.5016,16.0361],[107.2522,15.8433],[107.224,15.6504],[107.6283,15.3933],[107.6654,15.1361],[107.895,15.2004],[107.877,15.0718],[108.015,15.0075],[107.9884,14.8147],[108.1091,14.6218],[108.0495,14.1718],[108.2777,13.6575],[108.1648,13.336],[108.2382,13.336],[108.354,13.0789],[108.2511,12.1789],[108.098,12.115],[108.077,11.922],[108.1362,11.7931],[108.496,11.729],[108.622,11.536],[109.0283,11.4756],[109.0125,11.5429],[109.0404,11.5429],[109.0404,11.6015],[109.0203,11.6328],[109.0435,11.6385],[109.0671,11.5838],[109.136,11.5702],[109.2157,11.7107],[109.2049,11.8681],[109.1633,11.824],[109.1316,11.83],[109.1258,11.8636],[109.2082,11.9766],[109.1768,12.1295],[109.2197,11.9906],[109.2219,12.15],[109.191,12.2006],[109.2227,12.2042],[109.1769,12.2765],[109.2049,12.2629],[109.2244,12.3227],[109.2066,12.3872],[109.1497,12.4404],[109.1851,12.4589],[109.2423,12.4065],[109.283,12.4891],[109.2372,12.5223],[109.249,12.5855],[109.2049,12.5502],[109.2049,12.6464],[109.3589,12.7973],[109.3899,12.7116],[109.3421,12.6601],[109.3762,12.639],[109.4035,12.6874],[109.4241,12.6527],[109.4051,12.618],[109.4403,12.5646],[109.4724,12.6564],[109.4207,12.6913],[109.3688,12.8246],[109.4382,12.8786],[109.4309,12.8451],[109.4582,12.8519],[109.465,12.9133],[109.3074,13.133],[109.3181,13.2889],[109.3037,13.3032],[109.2942,13.2355],[109.259,13.2976],[109.2942,13.2976],[109.3074,13.3528],[109.2322,13.3931],[109.2451,13.4852],[109.3005,13.4614],[109.2732,13.4311],[109.3074,13.4068],[109.3363,13.4554],[109.3037,13.4799],[109.3142,13.5229],[109.2868,13.5092],[109.2101,13.6308],[109.2185,13.647],[109.2942,13.5303],[109.3039,13.5688],[109.2476,13.6227],[109.2248,13.7221],[109.259,13.7773],[109.2207,13.8061],[109.2515,13.8909],[109.2698,13.7556],[109.304,13.7593],[109.3074,13.8764],[109.2664,13.9207],[109.2254,14.104],[109.1726,14.1566],[109.1975,14.1678],[109.239,14.133],[109.0751,14.577],[109.0861,14.7153],[108.9855,14.8366],[109.0056,14.8388],[108.9426,14.9796],[108.91,15.1466],[108.8977,15.1199],[108.8625,15.1525],[108.8977,15.154],[108.9243,15.2018],[108.9033,15.2229],[108.9517,15.2502],[108.8866,15.2862],[108.8275,15.429],[108.8001,15.429],[108.8145,15.4079],[108.7886,15.3742],[108.8213,15.3459],[108.773,15.3253],[108.773,15.3868],[108.7039,15.4451],[108.6971,15.4904],[108.6525,15.4388],[108.6289,15.4557],[108.6294,15.4865],[108.6677,15.4827],[108.6834,15.5178],[108.6187,15.5292],[108.4553,15.747],[108.4116,15.8718],[108.3752,15.8695],[108.3941,15.8855],[108.2791,15.9957],[108.2658,16.1074],[108.3142,16.0999],[108.3314,16.1553],[108.3174,16.1347],[108.2454,16.162],[108.2249,16.1273],[108.2473,16.1232],[108.259,16.0106],[108.1975,16.0037],[108.2332,16.0371],[108.2283,16.0897],[108.1975,16.072],[108.1423,16.1484],[108.2044,16.2167],[108.054,16.236],[108.052,16.2621],[108.0945,16.2365],[108.043,16.3464],[108.012,16.319],[107.9299,16.3532],[107.9375,16.3121],[107.8965,16.2781],[107.8123,16.3132],[107.7966,16.3874],[107.8412,16.3798],[107.6971,16.5201],[107.6631,16.4972],[107.6613,16.5479],[107.6084,16.545],[107.6353,16.5593],[107.4434,16.648],[107.6353,16.5872],[107.2165,16.9079],[107.1418,16.8677],[107.2039,16.9193],[107.1213,17.0185],[107.1118,17.0883],[106.7639,17.3355],[106.6346,17.4704],[106.5044,17.6828],[106.4175,17.713],[106.395,17.7032],[106.4087,17.6828],[106.3831,17.7192],[106.4292,17.7311],[106.2852,17.7721],[106.2432,17.9005],[105.874,17.9005],[105.7797,17.7719],[105.7696,17.7076]],[[109.061,14.5637],[109.0737,14.5757],[109.0671,14.5507],[109.061,14.5637]]],[[[106.3326,17.7719],[106.4981,17.7106],[106.4635,17.7719],[106.3326,17.7719]]],[[[109.2166,11.9088],[109.2184,11.9022],[109.2189,11.9361],[109.2166,11.9088]]],[[[109.312,12.6143],[109.4027,12.5646],[109.3831,12.6237],[109.312,12.6143]]]]}},{"type":"Feature","properties":{"territoryId":"cliopatria-q111471-6c320b8620","name":"Dál Riata","name_ko":"달 리어타","color":"#ebb17a","colorFamily":1,"startYear":540,"endYear":586,"source_name":"Cliopatria v0.2.0","source_url":"https://github.com/Seshat-Global-History-Databank/cliopatria","license":"CC BY 4.0","attribution":"Seshat Global History Databank, Cliopatria contributors"},"geometry":{"type":"MultiPolygon","coordinates":[[[[-7.0135,55.2255],[-6.9978,55.2055],[-6.9428,55.2186],[-6.9396,55.2391],[-7.0135,55.2255]]],[[[-6.9682,55.1676],[-6.6941,54.8171],[-6.0758,54.7491],[-5.92,54.8851],[-5.9315,54.9711],[-5.9862,54.9818],[-5.9683,55.0438],[-6.0621,55.0741],[-6.0406,55.112],[-6.0371,55.1679],[-6.101,55.2124],[-6.16,55.2219],[-6.2398,55.2083],[-6.3529,55.2426],[-6.4159,55.2319],[-6.4759,55.2487],[-6.5713,55.2112],[-6.6405,55.2083],[-6.7545,55.1778],[-6.8838,55.1741],[-6.9626,55.1946],[-6.9682,55.1676]]],[[[-6.2076,55.2936],[-6.188,55.284],[-6.1948,55.2629],[-6.1719,55.2932],[-6.2076,55.2936]]],[[[-6.5039,55.7228],[-6.4897,55.7154],[-6.4947,55.7031],[-6.4268,55.7031],[-6.3866,55.7223],[-6.3287,55.7831],[-6.25,55.7768],[-6.321,55.7335],[-6.3252,55.7154],[-6.2771,55.704],[-6.2432,55.6601],[-6.3192,55.6282],[-6.3252,55.6055],[-6.3112,55.5832],[-6.2873,55.5784],[-6.227,55.6018],[-6.2153,55.6267],[-6.155,55.6304],[-6.1184,55.7031],[-6.1279,55.7715],[-6.0768,55.7853],[-6.0992,55.801],[-6.1202,55.9294],[-6.1401,55.9414],[-6.297,55.8672],[-6.3184,55.8449],[-6.3109,55.8184],[-6.3382,55.8458],[-6.3183,55.8867],[-6.3314,55.89],[-6.4452,55.8488],[-6.4608,55.8032],[-6.4822,55.7905],[-6.4486,55.7768],[-6.5039,55.7228]]],[[[-6.0869,55.883],[-6.0624,55.8095],[-6.0307,55.7976],[-5.9583,55.8171],[-5.9454,55.8586],[-5.8816,55.8953],[-5.8922,55.9733],[-5.9974,55.9517],[-6.0752,55.916],[-6.0869,55.883]]],[[[-5.9206,55.9738],[-5.8926,55.9757],[-5.8927,55.9766],[-5.9206,55.9738]]],[[[-6.307,56.6099],[-6.2529,56.5274],[-6.1743,56.5167],[-6.1274,56.4744],[-6.0167,56.5036],[-6.0033,56.4894],[-6.0098,56.4695],[-6.1265,56.4484],[-6.1714,56.4032],[-6.1439,56.3614],[-6.0208,56.382],[-6.1346,56.3471],[-6.1162,56.3191],[-5.7743,56.3735],[-5.7391,56.4012],[-5.7423,56.4143],[-5.703,56.3934],[-5.6576,56.4001],[-5.6883,56.4348],[-5.6536,56.428],[-5.6484,56.4477],[-5.6809,56.4519],[-5.7104,56.4848],[-5.7567,56.4901],[-5.7943,56.5167],[-5.9626,56.5261],[-6.0088,56.5987],[-6.0335,56.6188],[-6.0644,56.6203],[-6.0583,56.6402],[-6.1513,56.6518],[-6.2203,56.6323],[-6.2302,56.6086],[-6.2563,56.6203],[-6.307,56.6099]]],[[[-6.2353,56.5006],[-6.2151,56.4699],[-6.16,56.4695],[-6.2153,56.5036],[-6.2353,56.5006]]],[[[-6.0082,56.6423],[-6.0034,56.6187],[-5.8544,56.5505],[-5.7939,56.5433],[-5.7491,56.572],[-5.7703,56.5378],[-5.6741,56.4969],[-5.5996,56.529],[-5.4344,56.6429],[-5.3881,56.6552],[-5.3098,56.7065],[-5.2685,56.7131],[-5.2335,56.7607],[-5.1275,56.8138],[-5.3928,57.4889],[-5.5902,57.6271],[-5.7563,57.6271],[-5.7142,57.5827],[-5.6809,57.5793],[-5.6945,57.5663],[-5.6604,57.5446],[-5.5884,57.561],[-5.5168,57.5349],[-5.6536,57.5316],[-5.64,57.5111],[-5.8036,57.5814],[-5.8392,57.5793],[-5.8317,57.5588],[-5.8471,57.5589],[-5.8727,57.4937],[-5.861,57.4586],[-5.8112,57.4422],[-5.8253,57.4289],[-5.8112,57.4012],[-5.8249,57.3944],[-5.8078,57.3549],[-5.7846,57.3486],[-5.7072,57.3598],[-5.6196,57.4167],[-5.6071,57.3891],[-5.64,57.3739],[-5.5635,57.3631],[-5.4651,57.4239],[-5.4481,57.4217],[-5.4567,57.3935],[-5.5013,57.371],[-5.6132,57.342],[-5.6544,57.3539],[-5.702,57.3323],[-5.7293,57.2982],[-5.7206,57.2845],[-5.657,57.2913],[-5.5784,57.2777],[-5.465,57.3249],[-5.4407,57.3193],[-5.5019,57.2777],[-5.4072,57.2299],[-5.4463,57.223],[-5.5437,57.2709],[-5.5782,57.2668],[-5.6442,57.2332],[-5.6256,57.2163],[-5.6809,57.1579],[-5.5846,57.1337],[-5.5406,57.1064],[-5.42,57.1207],[-5.4004,57.1064],[-5.5583,57.1004],[-5.6459,57.1295],[-5.7156,57.1201],[-5.7762,57.0758],[-5.7911,57.0593],[-5.7802,57.0517],[-5.7423,57.0381],[-5.702,57.0449],[-5.68,57.0362],[-5.6855,57.0096],[-5.6288,56.9919],[-5.5233,56.9971],[-5.6586,56.9795],[-5.7552,57.0266],[-5.8317,56.9971],[-5.8801,56.922],[-5.8522,56.9003],[-5.9211,56.8941],[-5.7355,56.8941],[-5.7839,56.8599],[-5.7445,56.8542],[-5.692,56.8753],[-5.6604,56.873],[-5.7339,56.8448],[-5.8512,56.8289],[-5.8317,56.8054],[-5.7567,56.7849],[-5.8863,56.7849],[-5.8581,56.7685],[-5.8522,56.747],[-5.9141,56.7678],[-5.909,56.7311],[-5.9577,56.6886],[-5.8968,56.6751],[-5.75,56.7145],[-5.6365,56.6887],[-5.5437,56.6955],[-5.6474,56.6812],[-5.76,56.7008],[-5.8658,56.6613],[-5.8317,56.634],[-5.8392,56.6265],[-5.9336,56.6547],[-6.0082,56.6423]]],[[[-5.9573,57.0751],[-5.9521,57.0381],[-5.9349,57.0412],[-5.8498,57.104],[-5.9573,57.0751]]],[[[-5.8142,56.0451],[-5.7972,56.0078],[-5.7402,56.0765],[-5.6893,56.1118],[-5.6945,56.1474],[-5.8142,56.0451]]],[[[-5.7947,55.3564],[-5.7832,55.3145],[-5.5471,55.3618],[-5.5537,55.4119],[-5.5846,55.4274],[-5.5575,55.4404],[-5.5742,55.5665],[-5.5075,55.5193],[-5.4823,55.5503],[-5.4888,55.5691],[-5.455,55.5919],[-5.4839,55.6101],[-5.4901,55.6446],[-5.4686,55.654],[-5.4612,55.6881],[-5.3876,55.7503],[-5.3246,55.7692],[-5.4261,55.7715],[-5.4442,55.9082],[-5.4128,55.9003],[-5.4308,55.9482],[-5.455,55.9556],[-5.4444,56.0276],[-5.4338,56.0102],[-5.3686,56.0094],[-5.3457,56.0512],[-5.3109,56.0581],[-5.2281,56.1292],[-5.1089,56.1747],[-5.0646,56.2293],[-4.9751,56.248],[-4.9205,56.2778],[-4.9401,56.2514],[-5.0434,56.2163],[-5.1046,56.1515],[-5.2045,56.1195],[-5.3383,55.9966],[-5.324,55.9587],[-5.3383,55.9038],[-5.3075,55.8739],[-5.2137,55.8503],[-5.2421,55.8929],[-5.1807,55.9693],[-5.1715,55.9355],[-5.0865,55.9013],[-5.0857,55.9319],[-5.1396,56.0028],[-5.1236,56.0099],[-5.0708,55.9587],[-5.0367,55.8808],[-4.9286,55.9745],[-4.9547,55.9966],[-4.9089,55.9915],[-4.8951,56.0034],[-4.9044,56.0543],[-4.8862,56.0804],[-4.9205,56.1679],[-4.8935,56.1743],[-4.8806,56.1199],[-4.8664,56.1163],[-5.0154,56.6623],[-4.936,56.7311],[-5.1265,56.8113],[-5.2383,56.7166],[-5.1606,56.6959],[-4.9956,56.716],[-5.1533,56.6812],[-5.2189,56.6887],[-5.3178,56.6613],[-5.2985,56.6464],[-5.3607,56.6063],[-5.4139,56.5447],[-5.3724,56.5303],[-5.2421,56.5651],[-5.3567,56.5197],[-5.4276,56.5378],[-5.4686,56.4757],[-5.455,56.4695],[-5.4106,56.5036],[-5.3943,56.4655],[-5.3781,56.459],[-5.3502,56.473],[-5.2011,56.4621],[-5.0646,56.5651],[-5.1185,56.5078],[-5.2087,56.4468],[-5.3229,56.455],[-5.457,56.4409],[-5.5375,56.3597],[-5.4481,56.3597],[-5.5437,56.3529],[-5.5726,56.3281],[-5.5922,56.2498],[-5.5127,56.2709],[-5.4928,56.2604],[-5.5594,56.2296],[-5.5505,56.2163],[-5.6058,56.14],[-5.5399,56.1834],[-5.5096,56.1884],[-5.5587,56.1308],[-5.5316,56.0863],[-5.5775,56.097],[-5.6964,55.9822],[-5.7075,55.9426],[-5.6908,55.9376],[-5.6749,55.9777],[-5.6317,56.0059],[-5.6256,56.0245],[-5.571,56.0375],[-5.6964,55.916],[-5.6717,55.8869],[-5.571,55.9345],[-5.6741,55.8458],[-5.6604,55.7973],[-5.5994,55.7642],[-5.455,55.8458],[-5.5046,55.7894],[-5.5812,55.7576],[-5.6265,55.7006],[-5.6809,55.6745],[-5.6733,55.6406],[-5.7218,55.5646],[-5.7078,55.5434],[-5.7219,55.5139],[-5.7156,55.4479],[-5.7914,55.3986],[-5.7947,55.3564]]],[[[-5.7685,57.2772],[-5.7182,57.1783],[-5.663,57.2127],[-5.6474,57.2646],[-5.7685,57.2772]]],[[[-5.663,56.227],[-5.6374,56.1893],[-5.6126,56.2635],[-5.6331,56.2635],[-5.663,56.227]]],[[[-5.6467,56.2988],[-5.6217,56.2761],[-5.599,56.2839],[-5.6053,56.2969],[-5.5846,56.3256],[-5.6331,56.3188],[-5.6467,56.2988]]],[[[-5.5846,56.387],[-5.5362,56.3922],[-5.5028,56.4211],[-5.558,56.4143],[-5.5846,56.387]]],[[[-5.3979,55.6142],[-5.3457,55.5503],[-5.3594,55.5305],[-5.3457,55.4827],[-5.2174,55.438],[-5.1201,55.4398],[-5.1481,55.657],[-5.1983,55.7043],[-5.2974,55.7228],[-5.2905,55.7086],[-5.3552,55.6896],[-5.3929,55.6466],[-5.3979,55.6142]]],[[[-5.2008,55.8955],[-5.1807,55.8628],[-5.1387,55.8398],[-5.0841,55.8398],[-5.068,55.8537],[-5.0809,55.8796],[-5.1669,55.9208],[-5.1995,55.9111],[-5.2008,55.8955]]],[[[-4.8654,56.0667],[-4.8637,56.0307],[-4.847,56.0451],[-4.8565,56.0798],[-4.8654,56.0667]]]]}},{"type":"Feature","properties":{"territoryId":"cliopatria-q2441129-c331b6d7d9","name":"Early Lý Dynasty","name_ko":"전 리 왕조","color":"#51eca6","colorFamily":2,"startYear":546,"endYear":560,"source_name":"Cliopatria v0.2.0","source_url":"https://github.com/Seshat-Global-History-Databank/cliopatria","license":"CC BY 4.0","attribution":"Seshat Global History Databank, Cliopatria contributors"},"geometry":{"type":"MultiPolygon","coordinates":[[[[104.4396,20.472],[104.9806,20.1505],[104.8648,19.8934],[104.9921,19.7648],[104.9724,19.1862],[105.1423,18.8648],[105.0373,18.6719],[105.1851,18.6719],[105.1438,18.4148],[105.6628,17.9648],[105.7059,17.7719],[105.7797,17.7719],[105.874,17.9005],[106.2432,17.9005],[106.294,17.778],[106.4635,17.7719],[106.436,17.882],[106.5247,17.9496],[106.4277,18.0729],[106.4348,18.1235],[106.3602,18.1005],[106.3467,18.0595],[106.3403,18.1005],[106.3063,18.1005],[106.354,18.1147],[106.346,18.1327],[106.2708,18.2041],[106.1658,18.2656],[106.0934,18.2587],[106.1101,18.2755],[105.9773,18.4021],[105.9495,18.471],[105.8792,18.5109],[105.7644,18.759],[105.7507,18.6628],[105.752,18.7863],[105.6751,18.8546],[105.7029,18.8341],[105.7166,18.8546],[105.6348,18.9098],[105.6133,18.9855],[105.6438,19.0654],[105.7371,19.1085],[105.7434,19.2319],[105.8088,19.2802],[105.7713,19.4033],[105.8128,19.4232],[105.819,19.5739],[105.7909,19.6035],[105.8176,19.61],[105.819,19.5876],[105.867,19.7211],[105.8953,19.7213],[105.9289,19.78],[105.8674,19.7732],[105.9289,19.7936],[105.9556,19.9255],[106.0252,19.9992],[106.0815,19.9662],[106.1071,20.0333],[106.1033,19.975],[106.1835,20.0074],[106.2033,20.0475],[106.1972,20.013],[106.3807,20.212],[106.5635,20.231],[106.5485,20.2914],[106.4981,20.3083],[106.5762,20.2697],[106.5596,20.3759],[106.5842,20.3818],[106.5942,20.4482],[106.5186,20.4373],[106.5799,20.4783],[106.5799,20.5472],[106.5186,20.541],[106.6248,20.5946],[106.5868,20.6633],[106.6375,20.6281],[106.7031,20.6597],[106.6626,20.698],[106.7671,20.7134],[106.8059,20.6776],[106.7178,20.8078],[106.7492,20.8043],[106.7445,20.8489],[106.7,20.8828],[106.7178,20.9035],[106.7445,20.883],[106.7551,20.9385],[106.6763,20.9587],[106.6558,21.0058],[106.683,21.0058],[106.6421,21.0202],[106.7981,21.0248],[106.8206,20.976],[106.7725,20.9574],[106.8333,20.9376],[106.8679,20.8827],[106.8743,20.9376],[106.9431,20.9103],[106.8538,20.9923],[107.001,20.9511],[107.0256,20.9724],[106.9978,21.0202],[107.0393,20.9997],[107.0256,21.0338],[107.0462,20.9997],[107.053,21.0338],[107.0632,21.0093],[107.0872,21.0276],[107.0838,21.0058],[107.1492,21.0406],[107.0661,20.9587],[107.197,20.9376],[107.2311,20.9792],[107.2112,20.9923],[107.3743,21.0276],[107.3543,21.0822],[107.3884,21.1846],[107.3543,21.1915],[107.3606,21.2392],[107.3674,21.2734],[107.4431,21.2877],[107.4153,21.3287],[107.5266,21.2988],[107.5223,21.3485],[107.5906,21.2939],[107.6082,21.3355],[107.6423,21.3423],[107.635,21.3832],[107.6634,21.3781],[107.669,21.4112],[107.7485,21.4112],[107.7864,21.4584],[107.7886,21.4945],[107.7522,21.5068],[107.7669,21.5202],[107.8206,21.4931],[107.8267,21.5267],[107.8359,21.4883],[107.8628,21.5302],[107.9097,21.5265],[107.9297,21.4426],[107.9912,21.4857],[107.9643,21.4363],[108.0806,21.4931],[108.0222,21.4857],[108.0112,21.5065],[108.0396,21.5205],[107.9912,21.5484],[108.0587,21.5409],[107.9719,21.6291],[107.5894,21.5648],[107.4627,21.6934],[107.2398,21.6934],[106.7113,22.0791],[106.607,22.3363],[106.7722,22.8506],[106.7093,22.9148],[106.3254,22.8506],[106.1995,22.9791],[105.7526,22.9791],[105.4379,23.3006],[105.2143,23.3006],[105.1166,23.172],[105.1051,23.1077],[105.2198,22.9148],[105.1746,22.6577],[105.2491,22.6577],[104.874,22.2077],[105.128,21.9505],[105.0956,21.7577],[104.9255,21.6291],[104.9785,21.5005],[104.8513,21.1791],[105.0956,20.8577],[104.873,20.8577],[104.9053,20.6005],[104.6191,20.6648],[104.4396,20.472]]],[[[106.7656,20.8768],[106.8196,20.842],[106.8196,20.8768],[106.8655,20.7919],[106.8725,20.8343],[106.8246,20.9152],[106.7854,20.9308],[106.7656,20.8768]]],[[[107.3729,21.0596],[107.4707,21.0959],[107.6062,21.2174],[107.5327,21.1989],[107.4553,21.2757],[107.4502,21.2051],[107.4183,21.1967],[107.3729,21.0596]]]]}},{"type":"Feature","properties":{"territoryId":"cliopatria-q12544-03f6c8deaf","name":"Eastern Roman Empire","name_ko":"동로마 제국","color":"#4580e3","colorFamily":0,"startYear":490,"endYear":509,"source_name":"Cliopatria v0.2.0","source_url":"https://github.com/Seshat-Global-History-Databank/cliopatria","license":"CC BY 4.0","attribution":"Seshat Global History Databank, Cliopatria contributors"},"geometry":{"type":"MultiPolygon","coordinates":[[[[23.6154,35.5158],[23.6792,35.2584],[24.7574,35.194],[24.8237,35.001],[26.1401,35.0653],[26.2253,35.194],[25.7953,35.1151],[25.6806,35.1297],[25.6923,35.3227],[24.301,35.3227],[24.1499,35.3871],[24.1541,35.465],[24.0669,35.507],[24.1569,35.5158],[23.6154,35.5158]]],[[[14.3384,35.9455],[14.3815,35.843],[14.5618,35.8298],[14.5078,35.9285],[14.3773,35.9936],[14.3384,35.9455]]],[[[22.9016,36.3383],[22.9292,36.178],[23.0533,36.1596],[23.0769,36.2707],[22.9446,36.3894],[22.9016,36.3383]]],[[[24.2754,37.5317],[24.3958,37.6247],[24.3728,37.6852],[24.2893,37.6453],[24.2754,37.5317]]],[[[24.9955,37.6789],[25.1255,37.5559],[25.216,37.5329],[25.2593,37.59],[24.9955,37.6789]]],[[[20.6195,37.8228],[20.7934,37.6685],[20.9261,37.7284],[20.886,37.814],[20.7247,37.8998],[20.6554,37.8998],[20.6195,37.8228]]],[[[24.6878,37.9287],[24.9118,37.7283],[24.9944,37.7541],[24.9538,37.8707],[24.7937,37.9941],[24.6878,37.9287]]],[[[20.339,38.2002],[20.3801,38.1518],[20.4253,38.1753],[20.4351,38.2788],[20.4943,38.1337],[20.7865,38.0933],[20.6817,38.2821],[20.6429,38.2534],[20.5991,38.3026],[20.6258,38.3518],[20.5664,38.416],[20.479,38.3095],[20.3999,38.3641],[20.339,38.2002]]],[[[20.6878,38.3367],[20.7194,38.3156],[20.7387,38.3189],[20.6951,38.3434],[20.6878,38.3367]]],[[[23.4849,38.7389],[23.5634,38.7389],[23.5668,38.7946],[23.4888,38.8034],[23.4849,38.7389]]],[[[24.4362,38.878],[24.557,38.8457],[24.5368,38.7918],[24.6643,38.7732],[24.523,38.9643],[24.4611,38.9677],[24.4362,38.878]]],[[[20.1453,39.6436],[20.1517,39.6402],[20.1519,39.6436],[20.1453,39.6436]]],[[[25.0447,39.9853],[25.047,39.8376],[25.2043,39.8376],[25.2388,39.9195],[25.2798,39.8891],[25.2388,39.8581],[25.3551,39.8376],[25.348,39.9064],[25.4499,39.9884],[25.4377,40.0317],[25.2852,39.9534],[25.2251,40.0089],[25.0447,39.9853]]],[[[24.5197,40.6853],[24.6397,40.5732],[24.7801,40.6122],[24.7864,40.7351],[24.6423,40.8039],[24.5197,40.6853]]],[[[18.812,30.0508],[19.4961,30.1151],[19.6514,30.2436],[20.9516,30.565],[21.9388,30.565],[22.7667,30.3722],[22.7618,30.2436],[22.916,30.3079],[23.5101,29.9865],[23.9622,29.9223],[24.3304,29.6652],[24.7792,29.5366],[24.8467,29.3438],[25.0008,29.4081],[25.1465,29.2795],[25.3735,29.2795],[25.5863,28.9581],[27.1401,28.251],[27.285,28.1224],[27.2763,27.9295],[27.4299,27.9938],[27.792,27.6724],[27.7109,27.5438],[27.9367,27.5438],[28.1537,27.3509],[28.2702,26.5794],[28.3453,26.5794],[28.2437,25.9365],[28.2886,25.165],[28.5688,24.6506],[29.6728,24.2006],[29.9595,23.8792],[30.1087,23.8792],[30.104,23.7506],[30.3952,23.5577],[30.4627,23.3649],[31.6705,23.7506],[32.0409,23.6863],[33.389,23.8149],[33.7564,23.6863],[35.108,23.8792],[35.4808,23.8253],[35.5139,23.9771],[35.7865,23.8939],[35.7386,23.9833],[35.4938,24.1089],[35.3919,24.2828],[35.1446,24.5002],[35.1603,24.5746],[34.5466,25.725],[34.3387,26.0018],[34.014,26.6116],[33.9414,26.6535],[33.9961,26.8966],[33.8368,27.1208],[33.8384,27.2426],[33.6917,27.3419],[33.4963,27.6466],[33.5877,27.651],[33.5579,27.7599],[33.4735,27.8232],[33.5921,27.7912],[33.5544,27.8965],[33.2494,28.1429],[33.0029,28.4895],[32.8689,28.5789],[32.8069,28.7781],[32.6255,28.9727],[32.6528,29.081],[32.5623,29.3863],[32.3377,29.5925],[32.3639,29.6882],[32.5095,29.8668],[32.4769,29.9322],[32.5715,29.9426],[32.5778,30.0114],[32.6045,29.8242],[32.6907,29.7336],[32.7239,29.4705],[32.8172,29.414],[32.8856,29.2431],[33.1779,28.9896],[33.2287,28.5694],[33.5538,28.3153],[33.7634,28.024],[34.2479,27.7367],[34.2141,27.7915],[34.4281,27.9859],[34.4553,28.1749],[34.4102,28.32],[34.6245,28.736],[34.7366,29.3113],[34.9572,29.569],[34.9978,29.518],[34.8966,29.1789],[34.8535,28.5724],[34.5956,28.1021],[34.6429,28.0581],[34.7092,28.1401],[34.8191,28.1128],[34.8049,28.0712],[34.8368,28.1163],[34.8464,28.0712],[35.0519,28.1196],[35.1961,28.0595],[35.4803,28.8938],[35.6408,29.0224],[35.6551,29.2152],[35.8063,29.2152],[35.7699,29.7294],[35.8456,29.7294],[36.1564,30.7578],[36.4009,30.9506],[36.2709,31.2076],[36.4231,31.2076],[36.3866,31.6575],[36.6623,32.1717],[36.5155,32.236],[36.7507,32.3002],[36.7168,32.7502],[36.901,33.0716],[37.0542,33.0716],[37.0732,33.2645],[37.5726,33.6502],[37.7261,33.6502],[37.7395,33.7789],[37.9902,33.9718],[39.1238,34.4863],[39.509,34.4863],[40.1029,34.2933],[40.6181,34.7436],[40.7723,34.7436],[41.1122,35.001],[41.0863,36.0308],[41.6626,36.2884],[41.6796,36.4172],[41.5328,36.4816],[41.5498,36.6105],[41.2124,36.9971],[41.1282,38.0933],[40.9115,38.2224],[40.9479,38.4806],[40.8695,38.4806],[40.9663,38.6097],[40.9817,39.2557],[41.2566,39.5143],[41.326,39.967],[41.4839,39.967],[41.6725,40.1612],[41.7035,40.3554],[41.3598,40.6792],[41.5348,41.2625],[41.8061,41.4571],[41.8392,41.6518],[41.7097,41.7085],[41.5674,41.4571],[41.4471,41.4571],[41.3071,41.3274],[40.5393,41.0032],[40.4492,41.0425],[40.3703,40.9384],[39.7355,40.9384],[39.1683,41.0797],[38.9208,41.0382],[38.7834,40.9384],[38.2977,40.8736],[38.2217,40.9441],[38.0253,40.9769],[37.8312,40.9384],[37.7706,41.068],[37.2147,41.068],[37.226,41.1475],[37.0651,41.1328],[36.7748,41.3274],[36.451,41.2404],[36.2092,41.2625],[35.9561,41.7127],[35.9227,41.6462],[35.9457,41.7167],[35.5767,41.6297],[35.157,41.7167],[35.0921,41.928],[35.123,42.0248],[35.0615,42.0413],[34.9178,42.0413],[34.7845,41.9114],[33.2771,41.9764],[32.6675,41.8369],[32.6947,41.7816],[31.4983,41.352],[31.3928,41.1884],[31.1801,41.068],[30.6242,41.068],[30.53,41.1522],[30.3513,41.1922],[30.1369,41.1438],[29.0894,41.1382],[29.0524,41.068],[29.1156,41.068],[29.1034,40.9447],[29.2639,40.8698],[29.2949,40.8388],[29.2546,40.8108],[29.493,40.8736],[29.4438,40.7766],[29.9393,40.7351],[29.5599,40.6911],[29.4906,40.7272],[28.9422,40.6184],[28.9156,40.4714],[29.1515,40.4341],[29.0463,40.3554],[27.9388,40.3554],[27.904,40.3999],[27.9505,40.4849],[27.7921,40.4849],[27.7918,40.3929],[27.8836,40.3863],[27.6958,40.2906],[27.5376,40.2906],[27.2948,40.4059],[26.6819,40.3561],[26.408,40.1937],[26.311,40.0195],[26.2205,40.0029],[26.1325,39.5143],[26.9377,39.5748],[26.9299,39.4877],[26.801,39.4335],[26.7422,39.2557],[26.8945,39.1911],[26.8793,38.9972],[26.9579,38.9972],[26.9399,38.9327],[27.0413,38.9401],[27.0627,38.8869],[26.9084,38.8204],[26.9314,38.7551],[26.8495,38.6097],[27.0798,38.5451],[27.0728,38.4537],[27.1642,38.4466],[27.0694,38.4094],[27.065,38.3515],[26.6762,38.3515],[26.6731,38.3072],[26.595,38.3515],[26.5358,38.6097],[26.3895,38.6719],[26.4058,38.4535],[26.513,38.4329],[26.4515,38.4261],[26.4289,38.2224],[26.8203,38.2224],[26.889,38.0933],[27.2753,38.0288],[27.2559,37.7707],[27.1794,37.6106],[27.31,37.4483],[27.2461,37.3362],[27.4072,37.4127],[27.4385,37.3908],[27.3921,37.3538],[27.5392,37.3838],[27.5644,37.2735],[27.616,37.2747],[27.598,37.126],[28.0653,37.126],[28.1313,37.0363],[28.3294,37.0368],[28.2124,37.0004],[28.1653,36.9116],[28.1034,36.9353],[28.0583,36.7721],[28.1184,36.8006],[28.1305,36.754],[28.0314,36.6749],[28.1961,36.6854],[28.2572,36.8462],[28.315,36.8291],[28.2934,36.7959],[28.452,36.8836],[28.5905,36.8682],[28.7361,36.7393],[29.1249,36.7393],[29.2163,36.3291],[29.3496,36.2326],[29.4116,36.2674],[29.4666,36.224],[29.938,36.224],[30.0261,36.3528],[30.4919,36.3528],[30.6191,36.9326],[31.086,36.9326],[32.0681,36.6105],[32.4985,36.224],[32.5369,36.1],[32.733,36.0376],[33.2744,36.224],[33.8711,36.3149],[33.9791,36.2884],[34.2507,36.6749],[34.5816,36.8682],[34.8929,36.8682],[34.9352,36.726],[35.1127,36.7393],[35.3323,36.6105],[35.4875,36.6105],[35.8336,36.9326],[36.1449,36.9326],[36.2862,36.8037],[36.2649,36.6105],[35.8417,36.2884],[35.9901,36.224],[35.9767,36.001],[35.8449,35.5802],[35.9929,35.5158],[35.9153,35.2879],[35.9624,35.1979],[35.927,34.8723],[36.0682,34.7436],[36.0488,34.5506],[35.7921,34.2933],[35.6652,34.3113],[35.6838,33.9718],[35.5538,33.9075],[35.6007,33.9075],[35.5946,33.8432],[35.4705,33.9021],[35.4993,33.6502],[35.3944,33.65],[35.3984,33.3931],[35.2154,33.0716],[35.089,33.0205],[35.0218,32.6216],[34.8851,32.4821],[34.8574,32.3645],[34.9227,32.3645],[34.9171,32.3002],[34.8423,32.3002],[34.7926,32.161],[34.813,31.9789],[34.6909,31.9134],[34.5466,31.529],[34.3076,31.4005],[34.2972,31.2719],[33.9826,31.1434],[32.8317,31.0148],[32.8055,31.0655],[32.6665,31.0523],[32.7907,31.0941],[32.5322,31.0791],[32.3894,31.2076],[32.2625,31.1696],[32.3039,31.0791],[31.9996,31.0791],[31.9063,31.2516],[31.7806,31.2076],[31.8077,31.2812],[31.7691,31.2988],[31.8741,31.4647],[31.2658,31.4647],[31.1215,31.5275],[31.0291,31.5185],[30.9807,31.4365],[30.7985,31.4465],[30.7344,31.3881],[30.5427,31.395],[30.6916,31.4647],[30.352,31.4647],[30.3019,31.3422],[30.3388,31.2719],[30.2887,31.2379],[29.9904,31.2719],[29.8315,31.1513],[29.8696,31.0791],[29.6332,30.9506],[29.5543,30.9848],[29.4481,30.9336],[29.3971,30.822],[28.865,30.822],[28.4964,31.0148],[27.5149,31.1434],[27.2975,31.3362],[26.9303,31.4411],[25.248,31.4647],[25.102,31.5933],[25.1097,31.7462],[24.8925,31.9789],[24.1294,31.9789],[23.6803,32.1717],[23.3122,32.1627],[23.0806,32.3341],[23.0894,32.6216],[21.99,32.9134],[21.8067,32.9133],[21.4117,32.7502],[21.0578,32.7736],[20.8712,32.6216],[20.7962,32.6428],[20.6898,32.6041],[20.7159,32.5574],[20.563,32.5574],[20.482,32.4288],[20.417,32.4565],[20.3255,32.4098],[20.2461,32.236],[20.0715,32.1764],[19.9961,31.5933],[20.2143,31.2719],[20.1467,31.1636],[20.2021,30.8863],[19.9682,30.6935],[19.9643,30.565],[19.655,30.3722],[19.272,30.2436],[18.8944,30.3079],[18.812,30.0508]],[[24.6883,30.1442],[24.6887,30.1828],[24.6967,30.127],[24.6883,30.1442]],[[24.6887,30.1828],[24.7629,30.3171],[24.767,30.3214],[24.6887,30.1828]],[[31.5164,37.3838],[31.5224,37.4483],[31.6004,37.4483],[31.5944,37.3838],[31.5164,37.3838]],[[34.9635,29.5941],[34.967,29.6081],[34.9898,29.652],[34.9635,29.5941]],[[35.4529,31.4008],[35.4585,31.4916],[35.4587,31.4916],[35.4593,31.4958],[35.4529,31.4008]],[[35.552,32.3679],[35.5533,32.3691],[35.5656,32.3134],[35.552,32.3679]],[[35.5568,32.3724],[35.5594,32.3748],[35.5656,32.3679],[35.5568,32.3724]],[[35.5585,32.5191],[35.5614,32.5192],[35.5674,32.5102],[35.5585,32.5191]],[[35.5594,32.4704],[35.5626,32.4747],[35.5725,32.4567],[35.5594,32.4704]],[[35.5688,32.4829],[35.5778,32.4948],[35.58,32.4915],[35.5688,32.4829]],[[35.7716,32.7467],[35.7749,32.7473],[35.7882,32.7344],[35.7716,32.7467]],[[36.2318,33.8525],[36.3178,33.8272],[36.3006,33.8287],[36.2318,33.8525]],[[36.2672,33.9104],[36.2886,33.9465],[36.2691,33.9073],[36.2672,33.9104]],[[36.2699,33.906],[36.3111,33.872],[36.2753,33.8972],[36.2699,33.906]],[[36.6665,36.2657],[36.6691,36.2599],[36.6681,36.2532],[36.6665,36.2657]],[[36.6896,32.3197],[36.7069,32.3283],[36.7231,32.3266],[36.6896,32.3197]]],[[[19.0027,42.1712],[19.4246,41.8666],[19.5916,41.8188],[19.5576,41.6605],[19.613,41.6053],[19.4715,41.5823],[19.5297,41.522],[19.4438,41.3922],[19.5233,41.3922],[19.4555,41.1485],[19.5234,40.9206],[19.3688,40.8022],[19.3044,40.6531],[19.4863,40.6144],[19.4714,40.2906],[19.6295,40.2906],[20.0094,39.967],[19.9876,39.7083],[20.155,39.7083],[20.2972,39.385],[20.9538,39.0342],[21.1467,39.0618],[21.1774,38.876],[21.1023,38.9108],[21.0852,38.8643],[21.0274,38.9326],[20.8599,38.9605],[20.7414,38.8034],[20.9737,38.7389],[21.1933,38.416],[21.3376,38.3989],[21.3225,38.4963],[21.4224,38.3889],[21.7625,38.3284],[21.8312,38.3967],[21.9876,38.4106],[22.1892,38.3231],[22.3748,38.3431],[22.2902,38.416],[22.4083,38.416],[22.4016,38.4534],[22.6036,38.416],[22.5625,38.2935],[22.6465,38.39],[22.7251,38.3072],[22.8351,38.3515],[22.8057,38.227],[22.9009,38.2203],[22.9098,38.2869],[22.9881,38.2869],[22.9763,38.2224],[23.0322,38.1859],[23.2234,38.1592],[23.1729,38.0795],[22.9408,38.0819],[22.9463,37.9462],[22.6572,37.9643],[22.6126,38.0918],[22.4328,38.1433],[22.4295,38.0933],[22.3512,38.0933],[22.3742,38.1578],[22.1982,38.1578],[22.1136,38.2678],[21.8495,38.3413],[21.7333,38.2514],[21.7286,38.1578],[21.4156,38.1578],[21.2436,37.8352],[21.6966,37.5128],[21.6958,37.3164],[21.6031,37.1904],[21.681,37.1904],[21.7435,36.8682],[21.8992,36.8682],[21.9085,37.0615],[22.22,37.0615],[22.3757,36.6749],[22.5118,36.6749],[22.5994,36.8682],[22.8328,36.8682],[23.0332,36.6946],[22.8532,37.2549],[22.7007,37.3193],[22.7144,37.5773],[22.9486,37.5773],[23.1756,37.4483],[23.1685,37.3193],[23.278,37.3498],[23.2302,37.3846],[23.3849,37.4134],[23.36,37.5475],[23.1083,37.6417],[23.0151,37.9252],[23.2044,37.963],[23.2082,38.0288],[23.5746,38.0468],[23.5597,37.9866],[23.9786,37.8352],[24.0361,38.2224],[23.6729,38.3564],[23.5929,38.4806],[23.3126,38.4806],[23.1826,38.6538],[23.1045,38.6384],[22.9149,38.7756],[22.5251,38.8581],[22.6216,38.9145],[22.792,38.878],[23.0731,39.0363],[22.9639,39.009],[22.9981,39.0698],[22.9516,39.1238],[22.7973,39.0618],[22.8163,39.385],[23.1318,39.4489],[22.6109,39.9023],[22.6497,39.9853],[22.5437,40.0964],[22.5716,40.5496],[22.9105,40.6446],[22.9832,40.5527],[22.9265,40.5153],[22.9592,40.4201],[23.7374,40.2259],[23.6936,40.3092],[23.7777,40.3548],[23.8386,40.5496],[23.6846,40.6144],[23.698,40.8088],[24.0106,40.744],[24.3466,41.0032],[25.1384,41.0101],[25.1358,40.9692],[25.8495,40.9384],[26.0822,40.8736],[26.1403,40.6144],[26.5472,40.744],[26.621,40.6792],[26.9324,40.6144],[26.7685,40.5496],[26.8466,40.5165],[26.9576,40.5584],[27.0172,40.6792],[27.5275,41.068],[29.0429,41.068],[29.0645,41.1371],[28.9631,41.1328],[28.975,41.2529],[28.5053,41.3274],[28.0814,41.6518],[27.9794,41.6518],[27.937,42.0413],[27.4529,42.4801],[27.5135,42.6262],[27.8466,42.7563],[27.8049,43.1467],[27.8982,43.2769],[28.0607,43.3092],[28.1925,43.4078],[28.1592,43.4723],[28.4811,43.4723],[28.6163,43.9938],[28.5356,43.9938],[28.5769,44.3854],[28.7612,44.5223],[28.7578,44.6268],[28.8362,44.6268],[28.784,44.6492],[28.8257,44.7332],[28.802,44.9734],[29.0583,45.001],[29.1106,44.97],[29.0418,44.9257],[29.0603,44.8323],[29.0964,44.8751],[29.5253,44.908],[29.6659,45.4313],[29.1847,45.4968],[28.7561,45.3004],[28.4307,45.3004],[28.275,45.3659],[28.2376,45.4521],[28.2814,45.4265],[28.2888,45.4968],[28.0513,45.5623],[28.0376,45.4313],[27.7867,45.3659],[27.7666,45.1696],[27.9224,45.1042],[27.8888,44.7773],[27.7266,44.7773],[27.7067,44.5813],[27.8687,44.5813],[27.8488,44.3854],[27.9297,44.3854],[27.7481,44.1896],[26.3682,44.1243],[26.0333,43.9938],[25.768,43.733],[25.2788,43.6678],[24.8062,43.7982],[24.0754,43.733],[23.9244,43.8634],[23.526,43.9286],[22.8758,43.8634],[22.9754,44.1243],[22.509,44.3854],[22.5182,44.516],[22.7658,44.5813],[22.6941,44.7119],[22.3699,44.7119],[22.1943,44.516],[22.0324,44.516],[21.8835,44.7119],[21.6403,44.7119],[21.4097,44.908],[20.6715,44.7773],[20.5208,44.9734],[20.6097,45.1042],[20.2922,45.235],[19.938,44.7119],[19.9236,44.4507],[19.6704,44.2548],[19.6599,44.0591],[19.4109,43.9286],[19.4747,43.6027],[19.3136,43.6027],[19.3037,43.4072],[19.4579,43.2769],[19.114,42.8213],[19.1688,42.3012],[19.0058,42.2362],[19.0027,42.1712]],[[19.2749,42.1913],[19.4004,42.3259],[19.2764,42.1857],[19.2749,42.1913]],[[19.2803,42.1714],[19.2925,42.1577],[19.2821,42.1646],[19.2803,42.1714]],[[19.4004,42.3259],[19.4027,42.352],[19.4111,42.3648],[19.4004,42.3259]],[[19.4152,42.371],[19.4172,42.3741],[19.5178,42.458],[19.4152,42.371]],[[19.5286,43.9772],[19.6008,44.0144],[19.5934,44.0056],[19.5286,43.9772]],[[19.6218,42.605],[19.676,42.6467],[19.6993,42.6548],[19.6218,42.605]],[[19.7516,42.4934],[19.792,42.4729],[19.7845,42.4746],[19.7516,42.4934]],[[19.8102,42.4687],[19.8267,42.4697],[19.8196,42.4665],[19.8102,42.4687]],[[20.0248,42.7234],[20.1039,42.6531],[20.0361,42.708],[20.0248,42.7234]],[[20.0248,42.7234],[20.0265,42.7432],[20.0332,42.7473],[20.0248,42.7234]],[[20.0392,42.5578],[20.065,42.5468],[20.1526,42.4937],[20.0392,42.5578]],[[20.1169,42.9767],[20.1946,42.9668],[20.2112,42.9599],[20.1169,42.9767]],[[20.2166,42.7983],[20.2176,42.8027],[20.2226,42.8037],[20.2166,42.7983]],[[20.249,39.6848],[20.2875,39.7112],[20.2827,39.7044],[20.249,39.6848]],[[20.3334,42.3179],[20.457,42.2505],[20.4741,42.2352],[20.3334,42.3179]],[[20.4862,42.2243],[20.5008,42.2112],[20.5203,42.1761],[20.4862,42.2243]],[[20.5405,42.1396],[20.5494,42.1235],[20.5522,42.0738],[20.5405,42.1396]],[[20.6225,43.1307],[20.6279,43.1231],[20.6261,43.1237],[20.6225,43.1307]],[[20.6518,43.0704],[20.6692,43.1098],[20.6649,43.0854],[20.6518,43.0704]],[[20.6815,41.844],[20.7121,41.8605],[20.703,41.8496],[20.6815,41.844]],[[20.7596,43.2559],[20.7695,43.2608],[20.7799,43.2601],[20.7596,43.2559]],[[20.8068,43.2583],[20.8194,43.2574],[20.8276,43.2501],[20.8068,43.2583]],[[20.9579,40.5149],[20.999,40.54],[20.9815,40.5233],[20.9579,40.5149]],[[21.0152,40.5556],[21.0237,40.5888],[21.0188,40.559],[21.0152,40.5556]],[[21.0186,40.6909],[21.0353,40.6594],[21.0335,40.6487],[21.0186,40.6909]],[[21.2378,42.0974],[21.2917,42.0921],[21.2889,42.0897],[21.2378,42.0974]],[[21.295,42.149],[21.3013,42.1006],[21.2988,42.0984],[21.295,42.149]],[[21.3613,42.2182],[21.3668,42.2239],[21.3766,42.2226],[21.3613,42.2182]],[[21.5576,42.2639],[21.5717,42.2461],[21.5638,42.247],[21.5576,42.2639]],[[21.7005,42.6856],[21.7089,42.6872],[21.7191,42.684],[21.7005,42.6856]],[[22.0476,42.3045],[22.076,42.3053],[22.0609,42.3011],[22.0476,42.3045]],[[22.5088,42.4049],[22.5365,42.4784],[22.5331,42.4576],[22.5088,42.4049]],[[22.5152,42.5141],[22.5249,42.5077],[22.5365,42.4784],[22.5152,42.5141]],[[22.6916,44.2285],[22.9064,44.1229],[22.6916,44.2284],[22.6916,44.2285]],[[22.827,43.2814],[22.8901,43.2269],[22.8838,43.2306],[22.827,43.2814]],[[22.8815,41.3356],[22.917,41.3358],[23.1152,41.3127],[22.8815,41.3356]],[[22.9014,41.8604],[22.9427,41.7758],[22.9397,41.7767],[22.9014,41.8604]],[[22.9045,43.2186],[22.9814,43.199],[22.9155,43.2122],[22.9045,43.2186]],[[22.933,41.6123],[22.9351,41.6189],[22.9332,41.6055],[22.933,41.6123]],[[22.9334,41.595],[22.9487,41.561],[22.9337,41.5846],[22.9334,41.595]],[[22.9385,41.6299],[22.9409,41.6376],[22.9443,41.6388],[22.9385,41.6299]],[[22.967,41.647],[23.0004,41.7015],[22.9986,41.6931],[22.967,41.647]],[[24.1262,41.5294],[24.1463,41.5268],[24.1702,41.5116],[24.1262,41.5294]],[[24.1816,41.5374],[24.1963,41.547],[24.2121,41.5518],[24.1816,41.5374]],[[25.1771,41.2939],[25.2308,41.248],[25.2197,41.2497],[25.1771,41.2939]],[[26.0475,41.6746],[26.0493,41.6823],[26.055,41.6488],[26.0475,41.6746]],[[26.0522,41.6952],[26.0537,41.7015],[26.0579,41.7035],[26.0522,41.6952]],[[26.1312,41.5527],[26.1525,41.547],[26.1544,41.5437],[26.1312,41.5527]],[[26.1459,41.478],[26.1602,41.5019],[26.1593,41.4938],[26.1459,41.478]],[[26.1589,41.5362],[26.1631,41.5291],[26.1617,41.5157],[26.1589,41.5362]],[[26.2304,41.7466],[26.2344,41.7458],[26.2739,41.7149],[26.2304,41.7466]],[[26.3668,41.7112],[26.3774,41.7106],[26.4044,41.6918],[26.3668,41.7112]],[[26.5837,41.3326],[26.6097,41.3307],[26.5911,41.3293],[26.5837,41.3326]]],[[[19.7578,39.6436],[19.9065,39.5814],[19.8416,39.7042],[19.947,39.7729],[19.7637,39.7729],[19.7578,39.6436]]],[[[22.833,38.8227],[22.9818,38.845],[22.9564,38.878],[23.0202,38.9214],[22.833,38.8227]]],[[[22.9061,38.2224],[22.9134,38.1928],[22.9695,38.1928],[22.9505,38.2098],[22.9224,38.207],[22.9338,38.2221],[22.9355,38.2224],[22.9061,38.2224]]],[[[23.0356,36.6926],[23.0463,36.6833],[23.0517,36.6872],[23.0498,36.6926],[23.0356,36.6926]]],[[[23.0365,38.9279],[23.3318,38.8034],[23.4651,38.8569],[23.2006,39.0093],[23.0365,38.9279]]],[[[23.3122,37.6174],[23.3406,37.6003],[23.3536,37.5821],[23.3442,37.6327],[23.3122,37.6174]]],[[[23.4014,37.3193],[23.4024,37.3193],[23.4023,37.3198],[23.4014,37.3193]]],[[[23.5634,38.7389],[23.6355,38.5286],[23.594,38.4534],[23.6492,38.4057],[24.0422,38.4015],[24.0669,38.351],[24.0254,38.3305],[24.1617,38.2698],[24.1789,38.5451],[24.0302,38.6743],[23.5634,38.7389]]],[[[24.1275,38.2224],[24.1447,38.2224],[24.1426,38.227],[24.157,38.2296],[24.1591,38.2287],[24.1614,38.2661],[24.1311,38.2358],[24.1275,38.2224]]],[[[26.2318,40.0656],[26.3758,40.1535],[26.3456,40.1998],[26.6167,40.3595],[26.6839,40.4849],[26.2723,40.2906],[26.2318,40.0656]]],[[[27.5815,37.1982],[27.5831,37.1912],[27.5877,37.1988],[27.5815,37.1982]]],[[[29.1009,44.7773],[29.1052,44.7773],[29.1056,44.7806],[29.1009,44.7773]]],[[[30.1795,31.2714],[30.1849,31.2719],[30.1795,31.2719],[30.1795,31.2714]]],[[[30.2409,31.2653],[30.2648,31.2719],[30.2479,31.2719],[30.2409,31.2653]]],[[[30.9691,31.5785],[30.9739,31.5799],[30.9739,31.5867],[30.9695,31.5854],[30.9691,31.5785]]],[[[30.978,31.5843],[31.119,31.5305],[31.1608,31.5935],[30.978,31.5843]]],[[[33.9551,26.79],[34.0036,26.7082],[34.0029,26.7316],[33.9756,26.79],[33.9551,26.79]]],[[[32.2717,35.0728],[32.3294,34.8864],[32.459,34.7219],[32.7099,34.6458],[32.9136,34.6567],[32.9425,34.5794],[33.0303,34.5685],[33.0156,34.6344],[33.0864,34.6948],[33.2601,34.7005],[33.5917,34.8203],[33.7015,34.9729],[34.0685,34.9979],[33.9431,35.0653],[34.0123,35.0638],[33.8999,35.1645],[33.9121,35.26],[34.5384,35.671],[33.6603,35.3593],[33.4275,35.3289],[32.9231,35.3871],[32.9294,35.233],[32.8652,35.157],[32.6897,35.1839],[32.4138,35.043],[32.2717,35.0728]],[[33.7592,34.9887],[33.7911,34.9824],[33.7874,34.98],[33.7592,34.9887]],[[32.712,35.1731],[32.7315,35.1432],[32.7127,35.1634],[32.712,35.1731]],[[33.4666,35.0051],[33.4675,35.0126],[33.4768,35.0027],[33.4666,35.0051]],[[33.6195,35.0168],[33.7115,34.9856],[33.7029,34.9879],[33.6195,35.0168]],[[33.6794,35.0349],[33.7022,35.0223],[33.6794,35.0339],[33.6794,35.0349]],[[33.6966,35.009],[33.7022,35.0223],[33.7002,35.0067],[33.6966,35.009]],[[33.8412,35.0511],[33.8801,35.0731],[33.8551,35.0534],[33.8412,35.0511]]],[[[27.708,36.1688],[27.7519,35.905],[27.9934,36.062],[28.0896,36.0551],[28.0617,36.1165],[28.1634,36.2377],[28.2311,36.4498],[27.8997,36.3402],[27.708,36.1688]]],[[[26.9177,36.7161],[27.1854,36.8037],[27.1442,36.8811],[26.9177,36.7161]]],[[[25.3418,37.083],[25.3936,36.9971],[25.5644,36.9971],[25.5727,37.126],[25.3418,37.083]]],[[[25.99,37.5165],[26.2306,37.5714],[26.312,37.6796],[26.0742,37.6379],[25.99,37.5165]]],[[[25.8407,38.5224],[25.989,38.3793],[25.9644,38.3026],[25.885,38.2794],[25.8898,38.2206],[26.0115,38.1578],[26.1121,38.2226],[26.1636,38.5428],[26.0159,38.602],[25.8696,38.5831],[25.8407,38.5224]]],[[[25.8359,39.1822],[26.1021,39.1115],[26.2256,39.2076],[26.2935,39.1772],[26.1002,39.0858],[26.1657,39.0224],[26.5471,38.9879],[26.437,39.1035],[26.4893,39.1137],[26.5394,39.0194],[26.61,39.0229],[26.5397,39.166],[26.3822,39.2771],[26.4074,39.3347],[26.1658,39.3681],[26.0606,39.2895],[25.9226,39.2911],[25.8359,39.1822]]],[[[25.7052,40.1144],[26.0122,40.1666],[25.9631,40.1571],[25.926,40.2428],[25.759,40.2067],[25.7052,40.1144]]],[[[32.6053,45.4968],[33.6101,45.1042],[33.6092,44.8717],[33.5151,44.6466],[33.5715,44.6206],[33.4767,44.6099],[33.5086,44.4953],[33.6249,44.4507],[33.9256,44.4507],[34.3763,44.7773],[35.2971,44.9734],[35.4267,45.3004],[35.0199,45.3004],[34.9864,45.6278],[34.7419,45.6278],[34.5978,45.7588],[34.6167,45.8898],[34.3812,45.9554],[34.3184,46.0865],[33.737,46.0209],[33.7271,45.9501],[33.777,45.9296],[33.722,45.9136],[33.7096,45.8243],[32.6053,45.4968]]]]}},{"type":"Feature","properties":{"territoryId":"cliopatria-q12544-03f6c8deaf","name":"Eastern Roman Empire","name_ko":"동로마 제국","color":"#4580e3","colorFamily":0,"startYear":510,"endYear":522,"source_name":"Cliopatria v0.2.0","source_url":"https://github.com/Seshat-Global-History-Databank/cliopatria","license":"CC BY 4.0","attribution":"Seshat Global History Databank, Cliopatria contributors"},"geometry":{"type":"MultiPolygon","coordinates":[[[[23.6154,35.5158],[23.6792,35.2584],[24.7574,35.194],[24.8237,35.001],[26.1401,35.0653],[26.2253,35.194],[25.7953,35.1151],[25.6806,35.1297],[25.6923,35.3227],[24.301,35.3227],[24.1499,35.3871],[24.1541,35.465],[24.0669,35.507],[24.1569,35.5158],[23.6154,35.5158]]],[[[14.3384,35.9455],[14.3815,35.843],[14.5618,35.8298],[14.5078,35.9285],[14.3773,35.9936],[14.3384,35.9455]]],[[[22.9016,36.3383],[22.9292,36.178],[23.0533,36.1596],[23.0769,36.2707],[22.9446,36.3894],[22.9016,36.3383]]],[[[24.2754,37.5317],[24.3958,37.6247],[24.3728,37.6852],[24.2893,37.6453],[24.2754,37.5317]]],[[[24.9955,37.6789],[25.1255,37.5559],[25.216,37.5329],[25.2593,37.59],[24.9955,37.6789]]],[[[20.6195,37.8228],[20.7934,37.6685],[20.9261,37.7284],[20.886,37.814],[20.7247,37.8998],[20.6554,37.8998],[20.6195,37.8228]]],[[[24.6878,37.9287],[24.9118,37.7283],[24.9944,37.7541],[24.9538,37.8707],[24.7937,37.9941],[24.6878,37.9287]]],[[[20.339,38.2002],[20.3801,38.1518],[20.4253,38.1753],[20.4351,38.2788],[20.4943,38.1337],[20.7865,38.0933],[20.6817,38.2821],[20.6429,38.2534],[20.5991,38.3026],[20.6258,38.3518],[20.5664,38.416],[20.479,38.3095],[20.3999,38.3641],[20.339,38.2002]]],[[[20.6878,38.3367],[20.7194,38.3156],[20.7387,38.3189],[20.6951,38.3434],[20.6878,38.3367]]],[[[23.4849,38.7389],[23.5634,38.7389],[23.5668,38.7946],[23.4888,38.8034],[23.4849,38.7389]]],[[[24.4362,38.878],[24.557,38.8457],[24.5368,38.7918],[24.6643,38.7732],[24.523,38.9643],[24.4611,38.9677],[24.4362,38.878]]],[[[20.1453,39.6436],[20.1517,39.6402],[20.1519,39.6436],[20.1453,39.6436]]],[[[25.0447,39.9853],[25.047,39.8376],[25.2043,39.8376],[25.2388,39.9195],[25.2798,39.8891],[25.2388,39.8581],[25.3551,39.8376],[25.348,39.9064],[25.4499,39.9884],[25.4377,40.0317],[25.2852,39.9534],[25.2251,40.0089],[25.0447,39.9853]]],[[[24.5197,40.6853],[24.6397,40.5732],[24.7801,40.6122],[24.7864,40.7351],[24.6423,40.8039],[24.5197,40.6853]]],[[[18.812,30.0508],[19.4961,30.1151],[19.6514,30.2436],[20.9516,30.565],[21.9388,30.565],[22.7667,30.3722],[22.7618,30.2436],[22.916,30.3079],[23.5101,29.9865],[23.9622,29.9223],[24.3304,29.6652],[24.7792,29.5366],[24.8467,29.3438],[25.0008,29.4081],[25.1465,29.2795],[25.3735,29.2795],[25.5863,28.9581],[27.1401,28.251],[27.285,28.1224],[27.2763,27.9295],[27.4299,27.9938],[27.792,27.6724],[27.7109,27.5438],[27.9367,27.5438],[28.1537,27.3509],[28.2702,26.5794],[28.3453,26.5794],[28.2437,25.9365],[28.2886,25.165],[28.5688,24.6506],[29.6728,24.2006],[29.9595,23.8792],[30.1087,23.8792],[30.104,23.7506],[30.3952,23.5577],[30.4627,23.3649],[31.6705,23.7506],[32.0409,23.6863],[33.389,23.8149],[33.7564,23.6863],[35.108,23.8792],[35.4808,23.8253],[35.5139,23.9771],[35.7865,23.8939],[35.7386,23.9833],[35.4938,24.1089],[35.3919,24.2828],[35.1446,24.5002],[35.1603,24.5746],[34.5466,25.725],[34.3387,26.0018],[34.014,26.6116],[33.9414,26.6535],[33.9961,26.8966],[33.8368,27.1208],[33.8384,27.2426],[33.6917,27.3419],[33.4963,27.6466],[33.5877,27.651],[33.5579,27.7599],[33.4735,27.8232],[33.5921,27.7912],[33.5544,27.8965],[33.2494,28.1429],[33.0029,28.4895],[32.8689,28.5789],[32.8069,28.7781],[32.6255,28.9727],[32.6528,29.081],[32.5623,29.3863],[32.3377,29.5925],[32.3639,29.6882],[32.5095,29.8668],[32.4769,29.9322],[32.5715,29.9426],[32.5778,30.0114],[32.6045,29.8242],[32.6907,29.7336],[32.7239,29.4705],[32.8172,29.414],[32.8856,29.2431],[33.1779,28.9896],[33.2287,28.5694],[33.5538,28.3153],[33.7634,28.024],[34.0785,27.8007],[34.2631,27.7367],[34.2141,27.7915],[34.4281,27.9859],[34.4553,28.1749],[34.4102,28.32],[34.6245,28.736],[34.7366,29.3113],[34.9572,29.569],[34.9817,29.4804],[36.3193,30.8863],[36.2765,31.2719],[36.3526,31.2719],[36.4919,31.9789],[36.5682,31.9789],[36.5155,32.236],[36.5919,32.236],[36.8119,32.943],[37.0605,33.1359],[37.0732,33.2645],[37.9902,33.9718],[39.1238,34.4863],[39.509,34.4863],[40.1029,34.2933],[40.6181,34.7436],[40.7723,34.7436],[41.1122,35.001],[41.0863,36.0308],[41.6626,36.2884],[41.6796,36.4172],[41.5328,36.4816],[41.5498,36.6105],[41.2124,36.9971],[41.1282,38.0933],[40.9115,38.2224],[40.9479,38.4806],[40.8695,38.4806],[40.9663,38.6097],[40.9817,39.2557],[41.2566,39.5143],[41.326,39.967],[41.4839,39.967],[41.6725,40.1612],[41.7035,40.3554],[41.3598,40.6792],[41.5348,41.2625],[41.8061,41.4571],[41.8392,41.6518],[41.7097,41.7085],[41.5674,41.4571],[41.4471,41.4571],[41.3071,41.3274],[40.5393,41.0032],[40.4492,41.0425],[40.3703,40.9384],[39.7355,40.9384],[39.1683,41.0797],[38.9208,41.0382],[38.7834,40.9384],[38.2977,40.8736],[38.2217,40.9441],[38.0253,40.9769],[37.8312,40.9384],[37.7706,41.068],[37.2147,41.068],[37.226,41.1475],[37.0651,41.1328],[36.7748,41.3274],[36.451,41.2404],[36.2092,41.2625],[35.9561,41.7127],[35.9227,41.6462],[35.9457,41.7167],[35.5767,41.6297],[35.157,41.7167],[35.0921,41.928],[35.123,42.0248],[35.0615,42.0413],[34.9178,42.0413],[34.7845,41.9114],[33.2771,41.9764],[32.6675,41.8369],[32.6947,41.7816],[31.4983,41.352],[31.3928,41.1884],[31.1801,41.068],[30.6242,41.068],[30.53,41.1522],[30.3513,41.1922],[30.1369,41.1438],[29.0894,41.1382],[29.0524,41.068],[29.1156,41.068],[29.1034,40.9447],[29.2639,40.8698],[29.2949,40.8388],[29.2546,40.8108],[29.493,40.8736],[29.4438,40.7766],[29.9393,40.7351],[29.5599,40.6911],[29.4906,40.7272],[28.9422,40.6184],[28.9156,40.4714],[29.1515,40.4341],[29.0463,40.3554],[27.9388,40.3554],[27.904,40.3999],[27.9505,40.4849],[27.7921,40.4849],[27.7918,40.3929],[27.8836,40.3863],[27.6958,40.2906],[27.5376,40.2906],[27.2948,40.4059],[26.6819,40.3561],[26.408,40.1937],[26.311,40.0195],[26.2205,40.0029],[26.1325,39.5143],[26.9377,39.5748],[26.9299,39.4877],[26.801,39.4335],[26.7422,39.2557],[26.8945,39.1911],[26.8793,38.9972],[26.9579,38.9972],[26.9399,38.9327],[27.0413,38.9401],[27.0627,38.8869],[26.9084,38.8204],[26.9314,38.7551],[26.8495,38.6097],[27.0798,38.5451],[27.0728,38.4537],[27.1642,38.4466],[27.0694,38.4094],[27.065,38.3515],[26.6762,38.3515],[26.6731,38.3072],[26.595,38.3515],[26.5358,38.6097],[26.3895,38.6719],[26.4058,38.4535],[26.513,38.4329],[26.4515,38.4261],[26.4289,38.2224],[26.8203,38.2224],[26.889,38.0933],[27.2753,38.0288],[27.2559,37.7707],[27.1794,37.6106],[27.31,37.4483],[27.2461,37.3362],[27.4072,37.4127],[27.4385,37.3908],[27.3921,37.3538],[27.5392,37.3838],[27.5644,37.2735],[27.616,37.2747],[27.598,37.126],[28.0653,37.126],[28.1313,37.0363],[28.3294,37.0368],[28.2124,37.0004],[28.1653,36.9116],[28.1034,36.9353],[28.0583,36.7721],[28.1184,36.8006],[28.1305,36.754],[28.0314,36.6749],[28.1961,36.6854],[28.2572,36.8462],[28.315,36.8291],[28.2934,36.7959],[28.452,36.8836],[28.5905,36.8682],[28.7361,36.7393],[29.1249,36.7393],[29.2163,36.3291],[29.3496,36.2326],[29.4116,36.2674],[29.4666,36.224],[29.938,36.224],[30.0261,36.3528],[30.4919,36.3528],[30.6191,36.9326],[31.086,36.9326],[32.0681,36.6105],[32.4985,36.224],[32.5369,36.1],[32.733,36.0376],[33.2744,36.224],[33.8711,36.3149],[33.9791,36.2884],[34.2507,36.6749],[34.5816,36.8682],[34.8929,36.8682],[34.9352,36.726],[35.1127,36.7393],[35.3323,36.6105],[35.4875,36.6105],[35.8336,36.9326],[36.1449,36.9326],[36.2862,36.8037],[36.2649,36.6105],[35.8417,36.2884],[35.9901,36.224],[35.9767,36.001],[35.8449,35.5802],[35.9929,35.5158],[35.9153,35.2879],[35.9624,35.1979],[35.927,34.8723],[36.0682,34.7436],[36.0488,34.5506],[35.7921,34.2933],[35.6652,34.3113],[35.6838,33.9718],[35.5538,33.9075],[35.6007,33.9075],[35.5946,33.8432],[35.4705,33.9021],[35.4993,33.6502],[35.3944,33.65],[35.3984,33.3931],[35.2154,33.0716],[35.089,33.0205],[35.0218,32.6216],[34.8851,32.4821],[34.8574,32.3645],[34.9227,32.3645],[34.9171,32.3002],[34.8423,32.3002],[34.7926,32.161],[34.813,31.9789],[34.6909,31.9134],[34.5466,31.529],[34.3076,31.4005],[34.2972,31.2719],[33.9826,31.1434],[32.8317,31.0148],[32.8055,31.0655],[32.6665,31.0523],[32.7907,31.0941],[32.5322,31.0791],[32.3894,31.2076],[32.2625,31.1696],[32.3039,31.0791],[31.9996,31.0791],[31.9063,31.2516],[31.7806,31.2076],[31.8077,31.2812],[31.7691,31.2988],[31.8741,31.4647],[31.2658,31.4647],[31.1215,31.5275],[31.0291,31.5185],[30.9807,31.4365],[30.7985,31.4465],[30.7344,31.3881],[30.5427,31.395],[30.6916,31.4647],[30.352,31.4647],[30.3019,31.3422],[30.3388,31.2719],[30.2887,31.2379],[29.9904,31.2719],[29.8315,31.1513],[29.8696,31.0791],[29.6332,30.9506],[29.5543,30.9848],[29.4481,30.9336],[29.3971,30.822],[28.865,30.822],[28.4964,31.0148],[27.5149,31.1434],[27.2975,31.3362],[26.9303,31.4411],[25.248,31.4647],[25.102,31.5933],[25.1097,31.7462],[24.8925,31.9789],[24.1294,31.9789],[23.6803,32.1717],[23.3122,32.1627],[23.0806,32.3341],[23.0894,32.6216],[21.99,32.9134],[21.8067,32.9133],[21.4117,32.7502],[21.0578,32.7736],[20.8712,32.6216],[20.7962,32.6428],[20.6898,32.6041],[20.7159,32.5574],[20.563,32.5574],[20.482,32.4288],[20.417,32.4565],[20.3255,32.4098],[20.2461,32.236],[20.0715,32.1764],[19.9961,31.5933],[20.2143,31.2719],[20.1467,31.1636],[20.2021,30.8863],[19.9682,30.6935],[19.9643,30.565],[19.655,30.3722],[19.272,30.2436],[18.8944,30.3079],[18.812,30.0508]],[[24.6883,30.1442],[24.6887,30.1828],[24.6967,30.127],[24.6883,30.1442]],[[24.6887,30.1828],[24.7629,30.3171],[24.767,30.3214],[24.6887,30.1828]],[[31.5164,37.3838],[31.5224,37.4483],[31.6004,37.4483],[31.5944,37.3838],[31.5164,37.3838]],[[34.9635,29.5941],[34.967,29.6081],[34.9898,29.652],[34.9635,29.5941]],[[35.4529,31.4008],[35.4585,31.4916],[35.4587,31.4916],[35.4593,31.4958],[35.4529,31.4008]],[[35.552,32.3679],[35.5533,32.3691],[35.5656,32.3134],[35.552,32.3679]],[[35.5568,32.3724],[35.5594,32.3748],[35.5656,32.3679],[35.5568,32.3724]],[[35.5585,32.5191],[35.5614,32.5192],[35.5674,32.5102],[35.5585,32.5191]],[[35.5594,32.4704],[35.5626,32.4747],[35.5725,32.4567],[35.5594,32.4704]],[[35.5688,32.4829],[35.5778,32.4948],[35.58,32.4915],[35.5688,32.4829]],[[35.7716,32.7467],[35.7749,32.7473],[35.7882,32.7344],[35.7716,32.7467]],[[36.2318,33.8525],[36.3178,33.8272],[36.3006,33.8287],[36.2318,33.8525]],[[36.2672,33.9104],[36.2886,33.9465],[36.2691,33.9073],[36.2672,33.9104]],[[36.2699,33.906],[36.3111,33.872],[36.2753,33.8972],[36.2699,33.906]],[[36.6665,36.2657],[36.6691,36.2599],[36.6681,36.2532],[36.6665,36.2657]]],[[[19.0027,42.1712],[19.4246,41.8666],[19.5916,41.8188],[19.5576,41.6605],[19.613,41.6053],[19.4715,41.5823],[19.5297,41.522],[19.4438,41.3922],[19.5233,41.3922],[19.4555,41.1485],[19.5234,40.9206],[19.3688,40.8022],[19.3044,40.6531],[19.4863,40.6144],[19.4714,40.2906],[19.6295,40.2906],[20.0094,39.967],[19.9876,39.7083],[20.155,39.7083],[20.2972,39.385],[20.9538,39.0342],[21.1467,39.0618],[21.1774,38.876],[21.1023,38.9108],[21.0852,38.8643],[21.0274,38.9326],[20.8599,38.9605],[20.7414,38.8034],[20.9737,38.7389],[21.1933,38.416],[21.3376,38.3989],[21.3225,38.4963],[21.4224,38.3889],[21.7625,38.3284],[21.8312,38.3967],[21.9876,38.4106],[22.1892,38.3231],[22.3748,38.3431],[22.2902,38.416],[22.4083,38.416],[22.4016,38.4534],[22.6036,38.416],[22.5625,38.2935],[22.6465,38.39],[22.7251,38.3072],[22.8351,38.3515],[22.8057,38.227],[22.9009,38.2203],[22.9098,38.2869],[22.9881,38.2869],[22.9763,38.2224],[23.0322,38.1859],[23.2234,38.1592],[23.1729,38.0795],[22.9408,38.0819],[22.9463,37.9462],[22.6572,37.9643],[22.6126,38.0918],[22.4328,38.1433],[22.4295,38.0933],[22.3512,38.0933],[22.3742,38.1578],[22.1982,38.1578],[22.1136,38.2678],[21.8495,38.3413],[21.7333,38.2514],[21.7286,38.1578],[21.4156,38.1578],[21.2436,37.8352],[21.6966,37.5128],[21.6958,37.3164],[21.6031,37.1904],[21.681,37.1904],[21.7435,36.8682],[21.8992,36.8682],[21.9085,37.0615],[22.22,37.0615],[22.3757,36.6749],[22.5118,36.6749],[22.5994,36.8682],[22.8328,36.8682],[23.0332,36.6946],[22.8532,37.2549],[22.7007,37.3193],[22.7144,37.5773],[22.9486,37.5773],[23.1756,37.4483],[23.1685,37.3193],[23.278,37.3498],[23.2302,37.3846],[23.3849,37.4134],[23.36,37.5475],[23.1083,37.6417],[23.0151,37.9252],[23.2044,37.963],[23.2082,38.0288],[23.5746,38.0468],[23.5597,37.9866],[23.9786,37.8352],[24.0361,38.2224],[23.6729,38.3564],[23.5929,38.4806],[23.3126,38.4806],[23.1826,38.6538],[23.1045,38.6384],[22.9149,38.7756],[22.5251,38.8581],[22.6216,38.9145],[22.792,38.878],[23.0731,39.0363],[22.9639,39.009],[22.9981,39.0698],[22.9516,39.1238],[22.7973,39.0618],[22.8163,39.385],[23.1318,39.4489],[22.6109,39.9023],[22.6497,39.9853],[22.5437,40.0964],[22.5716,40.5496],[22.9105,40.6446],[22.9832,40.5527],[22.9265,40.5153],[22.9592,40.4201],[23.7374,40.2259],[23.6936,40.3092],[23.7777,40.3548],[23.8386,40.5496],[23.6846,40.6144],[23.698,40.8088],[24.0106,40.744],[24.3466,41.0032],[25.1384,41.0101],[25.1358,40.9692],[25.8495,40.9384],[26.0822,40.8736],[26.1403,40.6144],[26.5472,40.744],[26.621,40.6792],[26.9324,40.6144],[26.7685,40.5496],[26.8466,40.5165],[26.9576,40.5584],[27.0172,40.6792],[27.5275,41.068],[29.0429,41.068],[29.0645,41.1371],[28.9631,41.1328],[28.975,41.2529],[28.5053,41.3274],[28.0814,41.6518],[27.9794,41.6518],[27.937,42.0413],[27.4529,42.4801],[27.5135,42.6262],[27.8466,42.7563],[27.8049,43.1467],[27.8982,43.2769],[28.0607,43.3092],[28.1925,43.4078],[28.1592,43.4723],[28.4811,43.4723],[28.6163,43.9938],[28.5356,43.9938],[28.5769,44.3854],[28.7612,44.5223],[28.7578,44.6268],[28.8362,44.6268],[28.784,44.6492],[28.8257,44.7332],[28.802,44.9734],[29.0583,45.001],[29.1106,44.97],[29.0418,44.9257],[29.0603,44.8323],[29.0964,44.8751],[29.5253,44.908],[29.6659,45.4313],[29.1847,45.4968],[28.7561,45.3004],[28.4307,45.3004],[28.275,45.3659],[28.2376,45.4521],[28.2814,45.4265],[28.2888,45.4968],[28.0513,45.5623],[28.0376,45.4313],[27.7867,45.3659],[27.7666,45.1696],[27.9224,45.1042],[27.8888,44.7773],[27.7266,44.7773],[27.7067,44.5813],[27.8687,44.5813],[27.8488,44.3854],[27.9297,44.3854],[27.7481,44.1896],[26.3682,44.1243],[25.5205,43.6678],[24.8062,43.7982],[24.0754,43.733],[23.9244,43.8634],[23.3647,43.9286],[23.1937,43.7982],[22.9518,43.7982],[22.8479,43.4723],[22.6019,43.4072],[22.3784,43.6678],[22.0605,43.733],[21.5214,44.1243],[20.887,44.3201],[20.6559,44.516],[20.1628,44.3854],[20.0965,44.6466],[19.9344,44.6466],[19.9236,44.4507],[19.6704,44.2548],[19.6599,44.0591],[19.4109,43.9286],[19.4747,43.6027],[19.3136,43.6027],[19.3037,43.4072],[19.4579,43.2769],[19.114,42.8213],[19.1688,42.3012],[19.0058,42.2362],[19.0027,42.1712]],[[19.2749,42.1913],[19.4004,42.3259],[19.2764,42.1857],[19.2749,42.1913]],[[19.2803,42.1714],[19.2925,42.1577],[19.2821,42.1646],[19.2803,42.1714]],[[19.4004,42.3259],[19.4027,42.352],[19.4111,42.3648],[19.4004,42.3259]],[[19.4152,42.371],[19.4172,42.3741],[19.5178,42.458],[19.4152,42.371]],[[19.5286,43.9772],[19.6008,44.0144],[19.5934,44.0056],[19.5286,43.9772]],[[19.6218,42.605],[19.676,42.6467],[19.6993,42.6548],[19.6218,42.605]],[[19.7516,42.4934],[19.792,42.4729],[19.7845,42.4746],[19.7516,42.4934]],[[19.8102,42.4687],[19.8267,42.4697],[19.8196,42.4665],[19.8102,42.4687]],[[20.0248,42.7234],[20.1039,42.6531],[20.0361,42.708],[20.0248,42.7234]],[[20.0248,42.7234],[20.0265,42.7432],[20.0332,42.7473],[20.0248,42.7234]],[[20.0392,42.5578],[20.065,42.5468],[20.1526,42.4937],[20.0392,42.5578]],[[20.1169,42.9767],[20.1946,42.9668],[20.2112,42.9599],[20.1169,42.9767]],[[20.2166,42.7983],[20.2176,42.8027],[20.2226,42.8037],[20.2166,42.7983]],[[20.249,39.6848],[20.2875,39.7112],[20.2827,39.7044],[20.249,39.6848]],[[20.3334,42.3179],[20.457,42.2505],[20.4741,42.2352],[20.3334,42.3179]],[[20.4862,42.2243],[20.5008,42.2112],[20.5203,42.1761],[20.4862,42.2243]],[[20.5405,42.1396],[20.5494,42.1235],[20.5522,42.0738],[20.5405,42.1396]],[[20.6225,43.1307],[20.6279,43.1231],[20.6261,43.1237],[20.6225,43.1307]],[[20.6518,43.0704],[20.6692,43.1098],[20.6649,43.0854],[20.6518,43.0704]],[[20.6815,41.844],[20.7121,41.8605],[20.703,41.8496],[20.6815,41.844]],[[20.7596,43.2559],[20.7695,43.2608],[20.7799,43.2601],[20.7596,43.2559]],[[20.8068,43.2583],[20.8194,43.2574],[20.8276,43.2501],[20.8068,43.2583]],[[20.9579,40.5149],[20.999,40.54],[20.9815,40.5233],[20.9579,40.5149]],[[21.0152,40.5556],[21.0237,40.5888],[21.0188,40.559],[21.0152,40.5556]],[[21.0186,40.6909],[21.0353,40.6594],[21.0335,40.6487],[21.0186,40.6909]],[[21.2378,42.0974],[21.2917,42.0921],[21.2889,42.0897],[21.2378,42.0974]],[[21.295,42.149],[21.3013,42.1006],[21.2988,42.0984],[21.295,42.149]],[[21.3613,42.2182],[21.3668,42.2239],[21.3766,42.2226],[21.3613,42.2182]],[[21.5576,42.2639],[21.5717,42.2461],[21.5638,42.247],[21.5576,42.2639]],[[21.7005,42.6856],[21.7089,42.6872],[21.7191,42.684],[21.7005,42.6856]],[[22.0476,42.3045],[22.076,42.3053],[22.0609,42.3011],[22.0476,42.3045]],[[22.5088,42.4049],[22.5365,42.4784],[22.5331,42.4576],[22.5088,42.4049]],[[22.5152,42.5141],[22.5249,42.5077],[22.5365,42.4784],[22.5152,42.5141]],[[22.827,43.2814],[22.8901,43.2269],[22.8838,43.2306],[22.827,43.2814]],[[22.8815,41.3356],[22.917,41.3358],[23.1152,41.3127],[22.8815,41.3356]],[[22.9014,41.8604],[22.9427,41.7758],[22.9397,41.7767],[22.9014,41.8604]],[[22.9045,43.2186],[22.9814,43.199],[22.9155,43.2122],[22.9045,43.2186]],[[22.933,41.6123],[22.9351,41.6189],[22.9332,41.6055],[22.933,41.6123]],[[22.9334,41.595],[22.9487,41.561],[22.9337,41.5846],[22.9334,41.595]],[[22.9385,41.6299],[22.9409,41.6376],[22.9443,41.6388],[22.9385,41.6299]],[[22.967,41.647],[23.0004,41.7015],[22.9986,41.6931],[22.967,41.647]],[[24.1262,41.5294],[24.1463,41.5268],[24.1702,41.5116],[24.1262,41.5294]],[[24.1816,41.5374],[24.1963,41.547],[24.2121,41.5518],[24.1816,41.5374]],[[25.1771,41.2939],[25.2308,41.248],[25.2197,41.2497],[25.1771,41.2939]],[[26.0475,41.6746],[26.0493,41.6823],[26.055,41.6488],[26.0475,41.6746]],[[26.0522,41.6952],[26.0537,41.7015],[26.0579,41.7035],[26.0522,41.6952]],[[26.1312,41.5527],[26.1525,41.547],[26.1544,41.5437],[26.1312,41.5527]],[[26.1459,41.478],[26.1602,41.5019],[26.1593,41.4938],[26.1459,41.478]],[[26.1589,41.5362],[26.1631,41.5291],[26.1617,41.5157],[26.1589,41.5362]],[[26.2304,41.7466],[26.2344,41.7458],[26.2739,41.7149],[26.2304,41.7466]],[[26.3668,41.7112],[26.3774,41.7106],[26.4044,41.6918],[26.3668,41.7112]],[[26.5837,41.3326],[26.6097,41.3307],[26.5911,41.3293],[26.5837,41.3326]]],[[[19.7578,39.6436],[19.9065,39.5814],[19.8416,39.7042],[19.947,39.7729],[19.7637,39.7729],[19.7578,39.6436]]],[[[22.833,38.8227],[22.9818,38.845],[22.9564,38.878],[23.0202,38.9214],[22.833,38.8227]]],[[[22.9061,38.2224],[22.9134,38.1928],[22.9695,38.1928],[22.9505,38.2098],[22.9224,38.207],[22.9338,38.2221],[22.9355,38.2224],[22.9061,38.2224]]],[[[23.0356,36.6926],[23.0463,36.6833],[23.0517,36.6872],[23.0498,36.6926],[23.0356,36.6926]]],[[[23.0365,38.9279],[23.3318,38.8034],[23.4651,38.8569],[23.2006,39.0093],[23.0365,38.9279]]],[[[23.3122,37.6174],[23.3406,37.6003],[23.3536,37.5821],[23.3442,37.6327],[23.3122,37.6174]]],[[[23.4014,37.3193],[23.4024,37.3193],[23.4023,37.3198],[23.4014,37.3193]]],[[[23.5634,38.7389],[23.6355,38.5286],[23.594,38.4534],[23.6492,38.4057],[24.0422,38.4015],[24.0669,38.351],[24.0254,38.3305],[24.1617,38.2698],[24.1789,38.5451],[24.0302,38.6743],[23.5634,38.7389]]],[[[24.1275,38.2224],[24.1447,38.2224],[24.1426,38.227],[24.157,38.2296],[24.1591,38.2287],[24.1614,38.2661],[24.1311,38.2358],[24.1275,38.2224]]],[[[26.2318,40.0656],[26.3758,40.1535],[26.3456,40.1998],[26.6167,40.3595],[26.6839,40.4849],[26.2723,40.2906],[26.2318,40.0656]]],[[[27.5815,37.1982],[27.5831,37.1912],[27.5877,37.1988],[27.5815,37.1982]]],[[[29.1009,44.7773],[29.1052,44.7773],[29.1056,44.7806],[29.1009,44.7773]]],[[[30.1795,31.2714],[30.1849,31.2719],[30.1795,31.2719],[30.1795,31.2714]]],[[[30.2409,31.2653],[30.2648,31.2719],[30.2479,31.2719],[30.2409,31.2653]]],[[[30.9691,31.5785],[30.9739,31.5799],[30.9739,31.5867],[30.9695,31.5854],[30.9691,31.5785]]],[[[30.978,31.5843],[31.119,31.5305],[31.1608,31.5935],[30.978,31.5843]]],[[[33.9551,26.79],[34.0036,26.7082],[34.0029,26.7316],[33.9756,26.79],[33.9551,26.79]]],[[[32.2717,35.0728],[32.3294,34.8864],[32.459,34.7219],[32.7099,34.6458],[32.9136,34.6567],[32.9425,34.5794],[33.0303,34.5685],[33.0156,34.6344],[33.0864,34.6948],[33.2601,34.7005],[33.5917,34.8203],[33.7015,34.9729],[34.0685,34.9979],[33.9431,35.0653],[34.0123,35.0638],[33.8999,35.1645],[33.9121,35.26],[34.5384,35.671],[33.6603,35.3593],[33.4275,35.3289],[32.9231,35.3871],[32.9294,35.233],[32.8652,35.157],[32.6897,35.1839],[32.4138,35.043],[32.2717,35.0728]],[[33.7592,34.9887],[33.7911,34.9824],[33.7874,34.98],[33.7592,34.9887]],[[32.712,35.1731],[32.7315,35.1432],[32.7127,35.1634],[32.712,35.1731]],[[33.4666,35.0051],[33.4675,35.0126],[33.4768,35.0027],[33.4666,35.0051]],[[33.6195,35.0168],[33.7115,34.9856],[33.7029,34.9879],[33.6195,35.0168]],[[33.6794,35.0349],[33.7022,35.0223],[33.6794,35.0339],[33.6794,35.0349]],[[33.6966,35.009],[33.7022,35.0223],[33.7002,35.0067],[33.6966,35.009]],[[33.8412,35.0511],[33.8801,35.0731],[33.8551,35.0534],[33.8412,35.0511]]],[[[27.708,36.1688],[27.7519,35.905],[27.9934,36.062],[28.0896,36.0551],[28.0617,36.1165],[28.1634,36.2377],[28.2311,36.4498],[27.8997,36.3402],[27.708,36.1688]]],[[[26.9177,36.7161],[27.1854,36.8037],[27.1442,36.8811],[26.9177,36.7161]]],[[[25.3418,37.083],[25.3936,36.9971],[25.5644,36.9971],[25.5727,37.126],[25.3418,37.083]]],[[[25.99,37.5165],[26.2306,37.5714],[26.312,37.6796],[26.0742,37.6379],[25.99,37.5165]]],[[[25.8407,38.5224],[25.989,38.3793],[25.9644,38.3026],[25.885,38.2794],[25.8898,38.2206],[26.0115,38.1578],[26.1121,38.2226],[26.1636,38.5428],[26.0159,38.602],[25.8696,38.5831],[25.8407,38.5224]]],[[[25.8359,39.1822],[26.1021,39.1115],[26.2256,39.2076],[26.2935,39.1772],[26.1002,39.0858],[26.1657,39.0224],[26.5471,38.9879],[26.437,39.1035],[26.4893,39.1137],[26.5394,39.0194],[26.61,39.0229],[26.5397,39.166],[26.3822,39.2771],[26.4074,39.3347],[26.1658,39.3681],[26.0606,39.2895],[25.9226,39.2911],[25.8359,39.1822]]],[[[25.7052,40.1144],[26.0122,40.1666],[25.9631,40.1571],[25.926,40.2428],[25.759,40.2067],[25.7052,40.1144]]],[[[32.6053,45.4968],[33.6101,45.1042],[33.6092,44.8717],[33.5151,44.6466],[33.5715,44.6206],[33.4767,44.6099],[33.5086,44.4953],[33.6249,44.4507],[33.9256,44.4507],[34.3763,44.7773],[35.2971,44.9734],[35.4267,45.3004],[35.0199,45.3004],[34.9864,45.6278],[34.7419,45.6278],[34.5978,45.7588],[34.6167,45.8898],[34.3812,45.9554],[34.3184,46.0865],[33.737,46.0209],[33.7271,45.9501],[33.777,45.9296],[33.722,45.9136],[33.7096,45.8243],[32.6053,45.4968]]]]}},{"type":"Feature","properties":{"territoryId":"cliopatria-q12544-03f6c8deaf","name":"Eastern Roman Empire","name_ko":"동로마 제국","color":"#4580e3","colorFamily":0,"startYear":523,"endYear":533,"source_name":"Cliopatria v0.2.0","source_url":"https://github.com/Seshat-Global-History-Databank/cliopatria","license":"CC BY 4.0","attribution":"Seshat Global History Databank, Cliopatria contributors"},"geometry":{"type":"MultiPolygon","coordinates":[[[[23.6154,35.5158],[23.6792,35.2584],[24.7574,35.194],[24.8237,35.001],[26.1401,35.0653],[26.2253,35.194],[25.7953,35.1151],[25.6806,35.1297],[25.6923,35.3227],[24.301,35.3227],[24.1499,35.3871],[24.1541,35.465],[24.0669,35.507],[24.1569,35.5158],[23.6154,35.5158]]],[[[14.3384,35.9455],[14.3815,35.843],[14.5618,35.8298],[14.5078,35.9285],[14.3773,35.9936],[14.3384,35.9455]]],[[[22.9016,36.3383],[22.9292,36.178],[23.0533,36.1596],[23.0769,36.2707],[22.9446,36.3894],[22.9016,36.3383]]],[[[24.2754,37.5317],[24.3958,37.6247],[24.3728,37.6852],[24.2893,37.6453],[24.2754,37.5317]]],[[[24.9955,37.6789],[25.1255,37.5559],[25.216,37.5329],[25.2593,37.59],[24.9955,37.6789]]],[[[20.6195,37.8228],[20.7934,37.6685],[20.9261,37.7284],[20.886,37.814],[20.7247,37.8998],[20.6554,37.8998],[20.6195,37.8228]]],[[[24.6878,37.9287],[24.9118,37.7283],[24.9944,37.7541],[24.9538,37.8707],[24.7937,37.9941],[24.6878,37.9287]]],[[[20.339,38.2002],[20.3801,38.1518],[20.4253,38.1753],[20.4351,38.2788],[20.4943,38.1337],[20.7865,38.0933],[20.6817,38.2821],[20.6429,38.2534],[20.5991,38.3026],[20.6258,38.3518],[20.5664,38.416],[20.479,38.3095],[20.3999,38.3641],[20.339,38.2002]]],[[[20.6878,38.3367],[20.7194,38.3156],[20.7387,38.3189],[20.6951,38.3434],[20.6878,38.3367]]],[[[23.4849,38.7389],[23.5634,38.7389],[23.5668,38.7946],[23.4888,38.8034],[23.4849,38.7389]]],[[[24.4362,38.878],[24.557,38.8457],[24.5368,38.7918],[24.6643,38.7732],[24.523,38.9643],[24.4611,38.9677],[24.4362,38.878]]],[[[20.1453,39.6436],[20.1517,39.6402],[20.1519,39.6436],[20.1453,39.6436]]],[[[25.0447,39.9853],[25.047,39.8376],[25.2043,39.8376],[25.2388,39.9195],[25.2798,39.8891],[25.2388,39.8581],[25.3551,39.8376],[25.348,39.9064],[25.4499,39.9884],[25.4377,40.0317],[25.2852,39.9534],[25.2251,40.0089],[25.0447,39.9853]]],[[[24.5197,40.6853],[24.6397,40.5732],[24.7801,40.6122],[24.7864,40.7351],[24.6423,40.8039],[24.5197,40.6853]]],[[[18.812,30.0508],[19.4961,30.1151],[19.6514,30.2436],[20.9516,30.565],[21.9388,30.565],[22.7667,30.3722],[22.7618,30.2436],[22.916,30.3079],[23.5101,29.9865],[23.9622,29.9223],[24.3304,29.6652],[24.7792,29.5366],[24.8467,29.3438],[25.0008,29.4081],[25.1465,29.2795],[25.3735,29.2795],[25.5863,28.9581],[27.1401,28.251],[27.285,28.1224],[27.2763,27.9295],[27.4299,27.9938],[27.792,27.6724],[27.7109,27.5438],[27.9367,27.5438],[28.1537,27.3509],[28.2702,26.5794],[28.3453,26.5794],[28.2437,25.9365],[28.2886,25.165],[28.5688,24.6506],[29.6728,24.2006],[29.9595,23.8792],[30.1087,23.8792],[30.104,23.7506],[30.3952,23.5577],[30.4627,23.3649],[31.6705,23.7506],[32.0409,23.6863],[33.389,23.8149],[33.7564,23.6863],[35.108,23.8792],[35.4808,23.8253],[35.5139,23.9771],[35.7865,23.8939],[35.7386,23.9833],[35.4938,24.1089],[35.3919,24.2828],[35.1446,24.5002],[35.1603,24.5746],[34.5466,25.725],[34.3387,26.0018],[34.014,26.6116],[33.9414,26.6535],[33.9961,26.8966],[33.8368,27.1208],[33.8384,27.2426],[33.6917,27.3419],[33.4963,27.6466],[33.5877,27.651],[33.5579,27.7599],[33.4735,27.8232],[33.5921,27.7912],[33.5544,27.8965],[33.2494,28.1429],[33.0029,28.4895],[32.8689,28.5789],[32.8069,28.7781],[32.6255,28.9727],[32.6528,29.081],[32.5623,29.3863],[32.3377,29.5925],[32.3639,29.6882],[32.5095,29.8668],[32.4769,29.9322],[32.5715,29.9426],[32.5778,30.0114],[32.6045,29.8242],[32.6907,29.7336],[32.7239,29.4705],[32.8172,29.414],[32.8856,29.2431],[33.1779,28.9896],[33.2287,28.5694],[33.5538,28.3153],[33.7634,28.024],[34.0785,27.8007],[34.2631,27.7367],[34.2141,27.7915],[34.4281,27.9859],[34.4553,28.1749],[34.4102,28.32],[34.6245,28.736],[34.7366,29.3113],[34.9572,29.569],[34.9817,29.4804],[36.3193,30.8863],[36.2765,31.2719],[36.3526,31.2719],[36.4919,31.9789],[36.5682,31.9789],[36.5155,32.236],[36.5919,32.236],[36.8119,32.943],[37.0605,33.1359],[37.0732,33.2645],[37.9902,33.9718],[39.1238,34.4863],[39.509,34.4863],[40.1029,34.2933],[40.6181,34.7436],[40.7723,34.7436],[41.1122,35.001],[41.0863,36.0308],[41.6626,36.2884],[41.6796,36.4172],[41.5328,36.4816],[41.5498,36.6105],[41.2124,36.9971],[41.1282,38.0933],[40.9115,38.2224],[40.9479,38.4806],[40.8695,38.4806],[40.9663,38.6097],[40.9817,39.2557],[41.2566,39.5143],[41.326,39.967],[41.4839,39.967],[41.6725,40.1612],[41.7035,40.3554],[41.3598,40.6792],[41.5348,41.2625],[41.8061,41.4571],[41.8392,41.6518],[41.7097,41.7085],[41.5674,41.4571],[41.4471,41.4571],[41.3071,41.3274],[40.5393,41.0032],[40.4492,41.0425],[40.3703,40.9384],[39.7355,40.9384],[39.1683,41.0797],[38.9208,41.0382],[38.7834,40.9384],[38.2977,40.8736],[38.2217,40.9441],[38.0253,40.9769],[37.8312,40.9384],[37.7706,41.068],[37.2147,41.068],[37.226,41.1475],[37.0651,41.1328],[36.7748,41.3274],[36.451,41.2404],[36.2092,41.2625],[35.9561,41.7127],[35.9227,41.6462],[35.9457,41.7167],[35.5767,41.6297],[35.157,41.7167],[35.0921,41.928],[35.123,42.0248],[35.0615,42.0413],[34.9178,42.0413],[34.7845,41.9114],[33.2771,41.9764],[32.6675,41.8369],[32.6947,41.7816],[31.4983,41.352],[31.3928,41.1884],[31.1801,41.068],[30.6242,41.068],[30.53,41.1522],[30.3513,41.1922],[30.1369,41.1438],[29.0894,41.1382],[29.0524,41.068],[29.1156,41.068],[29.1034,40.9447],[29.2639,40.8698],[29.2949,40.8388],[29.2546,40.8108],[29.493,40.8736],[29.4438,40.7766],[29.9393,40.7351],[29.5599,40.6911],[29.4906,40.7272],[28.9422,40.6184],[28.9156,40.4714],[29.1515,40.4341],[29.0463,40.3554],[27.9388,40.3554],[27.904,40.3999],[27.9505,40.4849],[27.7921,40.4849],[27.7918,40.3929],[27.8836,40.3863],[27.6958,40.2906],[27.5376,40.2906],[27.2948,40.4059],[26.6819,40.3561],[26.408,40.1937],[26.311,40.0195],[26.2205,40.0029],[26.1325,39.5143],[26.9377,39.5748],[26.9299,39.4877],[26.801,39.4335],[26.7422,39.2557],[26.8945,39.1911],[26.8793,38.9972],[26.9579,38.9972],[26.9399,38.9327],[27.0413,38.9401],[27.0627,38.8869],[26.9084,38.8204],[26.9314,38.7551],[26.8495,38.6097],[27.0798,38.5451],[27.0728,38.4537],[27.1642,38.4466],[27.0694,38.4094],[27.065,38.3515],[26.6762,38.3515],[26.6731,38.3072],[26.595,38.3515],[26.5358,38.6097],[26.3895,38.6719],[26.4058,38.4535],[26.513,38.4329],[26.4515,38.4261],[26.4289,38.2224],[26.8203,38.2224],[26.889,38.0933],[27.2753,38.0288],[27.2559,37.7707],[27.1794,37.6106],[27.31,37.4483],[27.2461,37.3362],[27.4072,37.4127],[27.4385,37.3908],[27.3921,37.3538],[27.5392,37.3838],[27.5644,37.2735],[27.616,37.2747],[27.598,37.126],[28.0653,37.126],[28.1313,37.0363],[28.3294,37.0368],[28.2124,37.0004],[28.1653,36.9116],[28.1034,36.9353],[28.0583,36.7721],[28.1184,36.8006],[28.1305,36.754],[28.0314,36.6749],[28.1961,36.6854],[28.2572,36.8462],[28.315,36.8291],[28.2934,36.7959],[28.452,36.8836],[28.5905,36.8682],[28.7361,36.7393],[29.1249,36.7393],[29.2163,36.3291],[29.3496,36.2326],[29.4116,36.2674],[29.4666,36.224],[29.938,36.224],[30.0261,36.3528],[30.4919,36.3528],[30.6191,36.9326],[31.086,36.9326],[32.0681,36.6105],[32.4985,36.224],[32.5369,36.1],[32.733,36.0376],[33.2744,36.224],[33.8711,36.3149],[33.9791,36.2884],[34.2507,36.6749],[34.5816,36.8682],[34.8929,36.8682],[34.9352,36.726],[35.1127,36.7393],[35.3323,36.6105],[35.4875,36.6105],[35.8336,36.9326],[36.1449,36.9326],[36.2862,36.8037],[36.2649,36.6105],[35.8417,36.2884],[35.9901,36.224],[35.9767,36.001],[35.8449,35.5802],[35.9929,35.5158],[35.9153,35.2879],[35.9624,35.1979],[35.927,34.8723],[36.0682,34.7436],[36.0488,34.5506],[35.7921,34.2933],[35.6652,34.3113],[35.6838,33.9718],[35.4705,33.9021],[35.4993,33.6502],[35.3944,33.65],[35.3984,33.3931],[35.2154,33.0716],[35.089,33.0205],[35.0218,32.6216],[34.8851,32.4821],[34.7926,32.161],[34.813,31.9789],[34.6909,31.9134],[34.5466,31.529],[34.3076,31.4005],[34.2972,31.2719],[33.9826,31.1434],[32.8317,31.0148],[32.8055,31.0655],[32.6665,31.0523],[32.7907,31.0941],[32.5322,31.0791],[32.3894,31.2076],[32.2625,31.1696],[32.3039,31.0791],[31.9996,31.0791],[31.9063,31.2516],[31.7806,31.2076],[31.8077,31.2812],[31.7691,31.2988],[31.8741,31.4647],[31.2658,31.4647],[31.1215,31.5275],[31.0291,31.5185],[30.9807,31.4365],[30.7985,31.4465],[30.7344,31.3881],[30.5427,31.395],[30.6916,31.4647],[30.352,31.4647],[30.3019,31.3422],[30.3388,31.2719],[30.2887,31.2379],[29.9904,31.2719],[29.8315,31.1513],[29.8696,31.0791],[29.6332,30.9506],[29.5543,30.9848],[29.4481,30.9336],[29.3971,30.822],[28.865,30.822],[28.4964,31.0148],[27.5149,31.1434],[27.2975,31.3362],[26.9303,31.4411],[25.248,31.4647],[25.102,31.5933],[25.1097,31.7462],[24.8925,31.9789],[24.1294,31.9789],[23.6803,32.1717],[23.3122,32.1627],[23.0806,32.3341],[23.0894,32.6216],[21.99,32.9134],[21.8067,32.9133],[21.4117,32.7502],[21.0578,32.7736],[20.8712,32.6216],[20.7962,32.6428],[20.6898,32.6041],[20.7159,32.5574],[20.563,32.5574],[20.482,32.4288],[20.417,32.4565],[20.3255,32.4098],[20.2461,32.236],[20.0715,32.1764],[19.9961,31.5933],[20.2143,31.2719],[20.1467,31.1636],[20.2021,30.8863],[19.9682,30.6935],[19.9643,30.565],[19.655,30.3722],[19.272,30.2436],[18.8944,30.3079],[18.812,30.0508]],[[24.6883,30.1442],[24.6887,30.1828],[24.6967,30.127],[24.6883,30.1442]],[[24.6887,30.1828],[24.7629,30.3171],[24.767,30.3214],[24.6887,30.1828]],[[34.9635,29.5941],[34.967,29.6081],[34.9898,29.652],[34.9635,29.5941]],[[35.4529,31.4008],[35.4585,31.4916],[35.4587,31.4916],[35.4593,31.4958],[35.4529,31.4008]],[[35.552,32.3679],[35.5533,32.3691],[35.5656,32.3134],[35.552,32.3679]],[[35.5568,32.3724],[35.5594,32.3748],[35.5656,32.3679],[35.5568,32.3724]],[[35.5585,32.5191],[35.5614,32.5192],[35.5674,32.5102],[35.5585,32.5191]],[[35.5594,32.4704],[35.5626,32.4747],[35.5725,32.4567],[35.5594,32.4704]],[[35.5688,32.4829],[35.5778,32.4948],[35.58,32.4915],[35.5688,32.4829]],[[35.7716,32.7467],[35.7749,32.7473],[35.7882,32.7344],[35.7716,32.7467]],[[36.2318,33.8525],[36.3178,33.8272],[36.3006,33.8287],[36.2318,33.8525]],[[36.2672,33.9104],[36.2886,33.9465],[36.2691,33.9073],[36.2672,33.9104]],[[36.2699,33.906],[36.3111,33.872],[36.2753,33.8972],[36.2699,33.906]],[[36.6665,36.2657],[36.6691,36.2599],[36.6681,36.2532],[36.6665,36.2657]]],[[[19.0027,42.1712],[19.4246,41.8666],[19.5916,41.8188],[19.5576,41.6605],[19.613,41.6053],[19.4715,41.5823],[19.5297,41.522],[19.4438,41.3922],[19.5233,41.3922],[19.4555,41.1485],[19.5234,40.9206],[19.3688,40.8022],[19.3044,40.6531],[19.4863,40.6144],[19.4714,40.2906],[19.6295,40.2906],[20.0094,39.967],[19.9876,39.7083],[20.155,39.7083],[20.2972,39.385],[20.9538,39.0342],[21.0584,39.009],[21.0852,39.0629],[21.1599,38.9977],[21.1774,38.876],[21.1023,38.9108],[21.0852,38.8643],[21.0274,38.9326],[20.8599,38.9605],[20.7414,38.8034],[20.9737,38.7389],[21.1933,38.416],[21.3376,38.3989],[21.3225,38.4963],[21.4224,38.3889],[21.7625,38.3284],[21.8312,38.3967],[21.9876,38.4106],[22.1892,38.3231],[22.3823,38.3427],[22.4016,38.4534],[22.5625,38.2935],[22.6465,38.39],[22.8057,38.227],[23.2234,38.1592],[23.1729,38.0795],[22.8755,38.0493],[22.9754,37.979],[22.8672,37.9395],[22.6804,38.0666],[21.8495,38.3413],[21.7333,38.2514],[21.7286,38.1578],[21.4156,38.1578],[21.2436,37.8352],[21.6966,37.5128],[21.6958,37.3164],[21.6031,37.1904],[21.681,37.1904],[21.7435,36.8682],[21.8992,36.8682],[21.9085,37.0615],[22.22,37.0615],[22.3757,36.6749],[22.5118,36.6749],[22.5994,36.8682],[22.8328,36.8682],[23.0332,36.6946],[22.8532,37.2549],[22.7007,37.3193],[22.7144,37.5773],[22.9486,37.5773],[23.1756,37.4483],[23.1685,37.3193],[23.278,37.3498],[23.2302,37.3846],[23.3849,37.4134],[23.36,37.5475],[23.1083,37.6417],[23.0151,37.9252],[23.2044,37.963],[23.2082,38.0288],[23.5746,38.0468],[23.5597,37.9866],[23.9786,37.8352],[24.0361,38.2224],[23.6729,38.3564],[23.5929,38.4806],[23.3126,38.4806],[23.1826,38.6538],[23.1045,38.6384],[22.9149,38.7756],[22.5251,38.8581],[22.6216,38.9145],[22.792,38.878],[23.0731,39.0363],[22.9639,39.009],[22.9981,39.0698],[22.9516,39.1238],[22.7973,39.0618],[22.8163,39.385],[23.1318,39.4489],[22.6109,39.9023],[22.6497,39.9853],[22.5437,40.0964],[22.5716,40.5496],[22.9105,40.6446],[22.9832,40.5527],[22.9265,40.5153],[22.9592,40.4201],[23.7374,40.2259],[23.6936,40.3092],[23.7777,40.3548],[23.8386,40.5496],[23.6846,40.6144],[23.698,40.8088],[24.0106,40.744],[24.3466,41.0032],[25.1384,41.0101],[25.1358,40.9692],[25.8495,40.9384],[26.0822,40.8736],[26.1403,40.6144],[26.5472,40.744],[26.621,40.6792],[26.9324,40.6144],[26.7685,40.5496],[26.8466,40.5165],[26.9576,40.5584],[27.0172,40.6792],[27.5275,41.068],[29.0429,41.068],[29.0645,41.1371],[28.9631,41.1328],[28.975,41.2529],[28.5053,41.3274],[28.0814,41.6518],[27.9794,41.6518],[27.937,42.0413],[27.4529,42.4801],[27.5135,42.6262],[27.8466,42.7563],[27.8049,43.1467],[27.8982,43.2769],[28.0607,43.3092],[28.1925,43.4078],[28.1592,43.4723],[28.4811,43.4723],[28.6163,43.9938],[28.5356,43.9938],[28.5769,44.3854],[28.7612,44.5223],[28.7578,44.6268],[28.8362,44.6268],[28.784,44.6492],[28.8257,44.7332],[28.802,44.9734],[29.0583,45.001],[29.1106,44.97],[29.0418,44.9257],[29.0603,44.8323],[29.0964,44.8751],[29.5253,44.908],[29.6659,45.4313],[29.1847,45.4968],[28.7561,45.3004],[28.4307,45.3004],[28.275,45.3659],[28.2376,45.4521],[28.2814,45.4265],[28.2888,45.4968],[28.0513,45.5623],[28.0376,45.4313],[27.7867,45.3659],[27.7666,45.1696],[27.9224,45.1042],[27.8888,44.7773],[27.7266,44.7773],[27.7067,44.5813],[27.8687,44.5813],[27.8488,44.3854],[27.9297,44.3854],[27.7481,44.1896],[26.3682,44.1243],[25.5205,43.6678],[24.8062,43.7982],[24.0754,43.733],[23.9244,43.8634],[23.3647,43.9286],[23.1937,43.7982],[22.9518,43.7982],[22.8479,43.4723],[22.6019,43.4072],[22.3784,43.6678],[22.0605,43.733],[21.5214,44.1243],[20.887,44.3201],[20.6559,44.516],[20.1628,44.3854],[20.0965,44.6466],[19.9344,44.6466],[19.9236,44.4507],[19.6704,44.2548],[19.6599,44.0591],[19.4109,43.9286],[19.4747,43.6027],[19.3136,43.6027],[19.3037,43.4072],[19.4579,43.2769],[19.114,42.8213],[19.1688,42.3012],[19.0058,42.2362],[19.0027,42.1712]],[[19.2749,42.1913],[19.4004,42.3259],[19.2764,42.1857],[19.2749,42.1913]],[[19.2803,42.1714],[19.2925,42.1577],[19.2821,42.1646],[19.2803,42.1714]],[[19.4004,42.3259],[19.4027,42.352],[19.4111,42.3648],[19.4004,42.3259]],[[19.4152,42.371],[19.4172,42.3741],[19.5178,42.458],[19.4152,42.371]],[[19.5286,43.9772],[19.6008,44.0144],[19.5934,44.0056],[19.5286,43.9772]],[[19.6218,42.605],[19.676,42.6467],[19.6993,42.6548],[19.6218,42.605]],[[19.7516,42.4934],[19.792,42.4729],[19.7845,42.4746],[19.7516,42.4934]],[[19.8102,42.4687],[19.8267,42.4697],[19.8196,42.4665],[19.8102,42.4687]],[[20.0248,42.7234],[20.1039,42.6531],[20.0361,42.708],[20.0248,42.7234]],[[20.0248,42.7234],[20.0265,42.7432],[20.0332,42.7473],[20.0248,42.7234]],[[20.0392,42.5578],[20.065,42.5468],[20.1526,42.4937],[20.0392,42.5578]],[[20.1169,42.9767],[20.1946,42.9668],[20.2112,42.9599],[20.1169,42.9767]],[[20.2166,42.7983],[20.2176,42.8027],[20.2226,42.8037],[20.2166,42.7983]],[[20.249,39.6848],[20.2875,39.7112],[20.2827,39.7044],[20.249,39.6848]],[[20.3334,42.3179],[20.457,42.2505],[20.4741,42.2352],[20.3334,42.3179]],[[20.4862,42.2243],[20.5008,42.2112],[20.5203,42.1761],[20.4862,42.2243]],[[20.5405,42.1396],[20.5494,42.1235],[20.5522,42.0738],[20.5405,42.1396]],[[20.6225,43.1307],[20.6279,43.1231],[20.6261,43.1237],[20.6225,43.1307]],[[20.6518,43.0704],[20.6692,43.1098],[20.6649,43.0854],[20.6518,43.0704]],[[20.6815,41.844],[20.7121,41.8605],[20.703,41.8496],[20.6815,41.844]],[[20.7596,43.2559],[20.7695,43.2608],[20.7799,43.2601],[20.7596,43.2559]],[[20.8068,43.2583],[20.8194,43.2574],[20.8276,43.2501],[20.8068,43.2583]],[[20.9579,40.5149],[20.999,40.54],[20.9815,40.5233],[20.9579,40.5149]],[[21.0152,40.5556],[21.0237,40.5888],[21.0188,40.559],[21.0152,40.5556]],[[21.0186,40.6909],[21.0353,40.6594],[21.0335,40.6487],[21.0186,40.6909]],[[21.2378,42.0974],[21.2917,42.0921],[21.2889,42.0897],[21.2378,42.0974]],[[21.295,42.149],[21.3013,42.1006],[21.2988,42.0984],[21.295,42.149]],[[21.3613,42.2182],[21.3668,42.2239],[21.3766,42.2226],[21.3613,42.2182]],[[21.5576,42.2639],[21.5717,42.2461],[21.5638,42.247],[21.5576,42.2639]],[[21.7005,42.6856],[21.7089,42.6872],[21.7191,42.684],[21.7005,42.6856]],[[22.0476,42.3045],[22.076,42.3053],[22.0609,42.3011],[22.0476,42.3045]],[[22.5088,42.4049],[22.5365,42.4784],[22.5331,42.4576],[22.5088,42.4049]],[[22.5152,42.5141],[22.5249,42.5077],[22.5365,42.4784],[22.5152,42.5141]],[[22.827,43.2814],[22.8901,43.2269],[22.8838,43.2306],[22.827,43.2814]],[[22.8815,41.3356],[22.917,41.3358],[23.1152,41.3127],[22.8815,41.3356]],[[22.9014,41.8604],[22.9427,41.7758],[22.9397,41.7767],[22.9014,41.8604]],[[22.9045,43.2186],[22.9814,43.199],[22.9155,43.2122],[22.9045,43.2186]],[[22.933,41.6123],[22.9351,41.6189],[22.9332,41.6055],[22.933,41.6123]],[[22.9334,41.595],[22.9487,41.561],[22.9337,41.5846],[22.9334,41.595]],[[22.9385,41.6299],[22.9409,41.6376],[22.9443,41.6388],[22.9385,41.6299]],[[22.967,41.647],[23.0004,41.7015],[22.9986,41.6931],[22.967,41.647]],[[24.1262,41.5294],[24.1463,41.5268],[24.1702,41.5116],[24.1262,41.5294]],[[24.1816,41.5374],[24.1963,41.547],[24.2121,41.5518],[24.1816,41.5374]],[[25.1771,41.2939],[25.2308,41.248],[25.2197,41.2497],[25.1771,41.2939]],[[26.0475,41.6746],[26.0493,41.6823],[26.055,41.6488],[26.0475,41.6746]],[[26.0522,41.6952],[26.0537,41.7015],[26.0579,41.7035],[26.0522,41.6952]],[[26.1312,41.5527],[26.1525,41.547],[26.1544,41.5437],[26.1312,41.5527]],[[26.1459,41.478],[26.1602,41.5019],[26.1593,41.4938],[26.1459,41.478]],[[26.1589,41.5362],[26.1631,41.5291],[26.1617,41.5157],[26.1589,41.5362]],[[26.2304,41.7466],[26.2344,41.7458],[26.2739,41.7149],[26.2304,41.7466]],[[26.3668,41.7112],[26.3774,41.7106],[26.4044,41.6918],[26.3668,41.7112]],[[26.5837,41.3326],[26.6097,41.3307],[26.5911,41.3293],[26.5837,41.3326]]],[[[19.7578,39.6436],[19.9065,39.5814],[19.8416,39.7042],[19.947,39.7729],[19.7637,39.7729],[19.7578,39.6436]]],[[[22.833,38.8227],[22.9818,38.845],[22.9564,38.878],[23.0202,38.9214],[22.833,38.8227]]],[[[23.0356,36.6926],[23.0463,36.6833],[23.0517,36.6872],[23.0498,36.6926],[23.0356,36.6926]]],[[[23.0365,38.9279],[23.3318,38.8034],[23.4651,38.8569],[23.2006,39.0093],[23.0365,38.9279]]],[[[23.3122,37.6174],[23.3406,37.6003],[23.3536,37.5821],[23.3442,37.6327],[23.3122,37.6174]]],[[[23.4014,37.3193],[23.4024,37.3193],[23.4023,37.3198],[23.4014,37.3193]]],[[[23.5634,38.7389],[23.6355,38.5286],[23.594,38.4534],[23.6492,38.4057],[24.0422,38.4015],[24.0669,38.351],[24.0254,38.3305],[24.1617,38.2698],[24.1789,38.5451],[24.0302,38.6743],[23.5634,38.7389]]],[[[24.1275,38.2224],[24.1447,38.2224],[24.1426,38.227],[24.157,38.2296],[24.1591,38.2287],[24.1614,38.2661],[24.1311,38.2358],[24.1275,38.2224]]],[[[26.2318,40.0656],[26.3758,40.1535],[26.3456,40.1998],[26.6167,40.3595],[26.6839,40.4849],[26.2723,40.2906],[26.2318,40.0656]]],[[[27.5815,37.1982],[27.5831,37.1912],[27.5877,37.1988],[27.5815,37.1982]]],[[[29.1009,44.7773],[29.1052,44.7773],[29.1056,44.7806],[29.1009,44.7773]]],[[[30.1795,31.2714],[30.1849,31.2719],[30.1795,31.2719],[30.1795,31.2714]]],[[[30.2409,31.2653],[30.2648,31.2719],[30.2479,31.2719],[30.2409,31.2653]]],[[[30.9691,31.5785],[30.9739,31.5799],[30.9739,31.5867],[30.9695,31.5854],[30.9691,31.5785]]],[[[30.978,31.5843],[31.119,31.5305],[31.1608,31.5935],[30.978,31.5843]]],[[[33.9551,26.79],[34.0036,26.7082],[34.0029,26.7316],[33.9756,26.79],[33.9551,26.79]]],[[[32.2717,35.0728],[32.3294,34.8864],[32.459,34.7219],[32.7099,34.6458],[32.9136,34.6567],[32.9425,34.5794],[33.0303,34.5685],[33.0156,34.6344],[33.0864,34.6948],[33.2601,34.7005],[33.5917,34.8203],[33.7015,34.9729],[34.0685,34.9979],[33.9431,35.0653],[34.0123,35.0638],[33.8999,35.1645],[33.9121,35.26],[34.5384,35.671],[33.6603,35.3593],[33.4275,35.3289],[32.9231,35.3871],[32.9294,35.233],[32.8652,35.157],[32.6897,35.1839],[32.4138,35.043],[32.2717,35.0728]],[[33.7592,34.9887],[33.7911,34.9824],[33.7874,34.98],[33.7592,34.9887]],[[32.712,35.1731],[32.7315,35.1432],[32.7127,35.1634],[32.712,35.1731]],[[33.4666,35.0051],[33.4675,35.0126],[33.4768,35.0027],[33.4666,35.0051]],[[33.6195,35.0168],[33.7115,34.9856],[33.7029,34.9879],[33.6195,35.0168]],[[33.6794,35.0349],[33.7022,35.0223],[33.6794,35.0339],[33.6794,35.0349]],[[33.6966,35.009],[33.7022,35.0223],[33.7002,35.0067],[33.6966,35.009]],[[33.8412,35.0511],[33.8801,35.0731],[33.8551,35.0534],[33.8412,35.0511]]],[[[27.708,36.1688],[27.7519,35.905],[27.9934,36.062],[28.0896,36.0551],[28.0617,36.1165],[28.1634,36.2377],[28.2311,36.4498],[27.8997,36.3402],[27.708,36.1688]]],[[[26.9177,36.7161],[27.1854,36.8037],[27.1442,36.8811],[26.9177,36.7161]]],[[[25.3418,37.083],[25.3936,36.9971],[25.5644,36.9971],[25.5727,37.126],[25.3418,37.083]]],[[[25.99,37.5165],[26.2306,37.5714],[26.312,37.6796],[26.0742,37.6379],[25.99,37.5165]]],[[[25.8407,38.5224],[25.989,38.3793],[25.9644,38.3026],[25.885,38.2794],[25.8898,38.2206],[26.0115,38.1578],[26.1121,38.2226],[26.1636,38.5428],[26.0159,38.602],[25.8696,38.5831],[25.8407,38.5224]]],[[[25.8359,39.1822],[26.1021,39.1115],[26.2256,39.2076],[26.2935,39.1772],[26.1002,39.0858],[26.1657,39.0224],[26.5471,38.9879],[26.437,39.1035],[26.4893,39.1137],[26.5394,39.0194],[26.61,39.0229],[26.5397,39.166],[26.3822,39.2771],[26.4074,39.3347],[26.1658,39.3681],[26.0606,39.2895],[25.9226,39.2911],[25.8359,39.1822]]],[[[25.7052,40.1144],[26.0122,40.1666],[25.9631,40.1571],[25.926,40.2428],[25.759,40.2067],[25.7052,40.1144]]],[[[32.6053,45.4968],[33.6101,45.1042],[33.6092,44.8717],[33.5151,44.6466],[33.5715,44.6206],[33.4767,44.6099],[33.5086,44.4953],[33.6249,44.4507],[33.7638,44.4507],[34.5385,44.7773],[34.5478,44.8426],[35.2971,44.9734],[35.4267,45.3004],[35.0199,45.3004],[34.9864,45.6278],[34.7419,45.6278],[34.5978,45.7588],[34.6167,45.8898],[34.3812,45.9554],[34.3184,46.0865],[33.737,46.0209],[33.7271,45.9501],[33.777,45.9296],[33.722,45.9136],[33.7096,45.8243],[32.6053,45.4968]]]]}},{"type":"Feature","properties":{"territoryId":"cliopatria-q12544-03f6c8deaf","name":"Eastern Roman Empire","name_ko":"동로마 제국","color":"#4580e3","colorFamily":0,"startYear":534,"endYear":535,"source_name":"Cliopatria v0.2.0","source_url":"https://github.com/Seshat-Global-History-Databank/cliopatria","license":"CC BY 4.0","attribution":"Seshat Global History Databank, Cliopatria contributors"},"geometry":{"type":"MultiPolygon","coordinates":[[[[0.759,36.3415],[0.7669,36.1596],[0.922,36.1596],[1.005,36.0308],[1.1547,36.1596],[2.008,36.1596],[2.0031,36.2884],[2.3159,36.224],[2.7747,36.4172],[5.6494,36.3528],[5.8795,36.4816],[6.3468,36.4172],[6.422,36.546],[6.8893,36.4816],[6.9647,36.6105],[7.5865,36.6105],[7.9024,36.224],[7.8282,35.9664],[7.9057,35.9664],[7.9114,35.5158],[7.9888,35.5158],[7.9942,35.0653],[8.2286,34.8079],[8.4594,34.8723],[8.8462,34.7436],[8.9263,34.3577],[9.0033,34.3577],[8.9288,34.0361],[9.0826,34.0361],[9.3159,33.5859],[9.6236,33.4574],[9.5475,33.3288],[9.625,33.1359],[10.0848,33.1359],[10.0086,33.0073],[10.3916,33.0073],[11.1572,32.6859],[11.3099,32.4931],[11.4629,32.5574],[11.539,32.4288],[11.7684,32.4288],[11.7679,32.3002],[12.4559,32.3645],[13.0667,32.3002],[13.0657,32.1717],[13.2953,32.236],[13.8286,32.1074],[14.5861,31.6575],[14.5844,31.529],[15.1873,31.0791],[15.1845,30.8863],[15.4896,30.9506],[16.7012,30.6935],[18.2813,30.0508],[19.1911,30.0508],[20.9516,30.565],[21.9388,30.565],[22.7667,30.3722],[22.7618,30.2436],[22.916,30.3079],[23.5101,29.9865],[24.26,29.7937],[24.3304,29.6652],[24.7792,29.5366],[24.8467,29.3438],[25.0008,29.4081],[25.1465,29.2795],[25.3735,29.2795],[25.5863,28.9581],[27.1401,28.251],[27.285,28.1224],[27.2763,27.9295],[27.4299,27.9938],[27.792,27.6724],[27.7109,27.5438],[27.9367,27.5438],[28.1537,27.3509],[28.2702,26.5794],[28.3453,26.5794],[28.2437,25.9365],[28.2886,25.165],[28.5688,24.6506],[29.6728,24.2006],[29.9595,23.8792],[30.1087,23.8792],[30.104,23.7506],[30.3952,23.5577],[30.4627,23.3649],[31.6705,23.7506],[32.0409,23.6863],[33.389,23.8149],[33.7564,23.6863],[35.108,23.8792],[35.4808,23.8253],[35.5139,23.9771],[35.7925,23.9023],[35.7386,23.9833],[35.4938,24.1089],[35.3919,24.2828],[35.1446,24.5002],[35.1603,24.5746],[34.5466,25.725],[34.3387,26.0018],[34.014,26.6116],[33.9414,26.6535],[33.9961,26.8966],[33.8368,27.1208],[33.8384,27.2426],[33.6917,27.3419],[33.4963,27.6466],[33.5877,27.651],[33.5579,27.7599],[33.4735,27.8232],[33.5921,27.7912],[33.5544,27.8965],[33.2494,28.1429],[33.0029,28.4895],[32.8689,28.5789],[32.8069,28.7781],[32.6255,28.9727],[32.6528,29.081],[32.5623,29.3863],[32.3377,29.5925],[32.3639,29.6882],[32.5095,29.8668],[32.4769,29.9322],[32.5715,29.9426],[32.5778,30.0114],[32.6045,29.8242],[32.6907,29.7336],[32.7239,29.4705],[32.8172,29.414],[32.8856,29.2431],[33.1779,28.9896],[33.2287,28.5694],[33.5538,28.3153],[33.7634,28.024],[34.0785,27.8007],[34.2631,27.7367],[34.2141,27.7915],[34.4281,27.9859],[34.4553,28.1749],[34.4102,28.32],[34.6245,28.736],[34.7366,29.3113],[34.9572,29.569],[34.9817,29.4804],[36.3193,30.8863],[36.2765,31.2719],[36.3526,31.2719],[36.4919,31.9789],[36.5682,31.9789],[36.5155,32.236],[36.5919,32.236],[36.8119,32.943],[37.0605,33.1359],[37.0732,33.2645],[37.9902,33.9718],[39.1238,34.4863],[39.509,34.4863],[40.1029,34.2933],[40.6181,34.7436],[40.7723,34.7436],[41.1122,35.001],[41.0863,36.0308],[41.6626,36.2884],[41.6796,36.4172],[41.5328,36.4816],[41.5498,36.6105],[41.2124,36.9971],[41.1282,38.0933],[40.9115,38.2224],[40.9479,38.4806],[40.8695,38.4806],[40.9663,38.6097],[40.9817,39.2557],[41.2566,39.5143],[41.326,39.967],[41.4839,39.967],[41.6725,40.1612],[41.7035,40.3554],[41.3598,40.6792],[41.5348,41.2625],[41.8061,41.4571],[41.8392,41.6518],[41.7097,41.7085],[41.5674,41.4571],[41.4471,41.4571],[41.3071,41.3274],[40.5393,41.0032],[40.4492,41.0425],[40.3703,40.9384],[39.7355,40.9384],[39.1683,41.0797],[38.9208,41.0382],[38.7834,40.9384],[38.2977,40.8736],[38.2217,40.9441],[38.0253,40.9769],[37.8312,40.9384],[37.7706,41.068],[37.2147,41.068],[37.226,41.1475],[37.0651,41.1328],[36.7748,41.3274],[36.451,41.2404],[36.2092,41.2625],[35.9561,41.7127],[35.9227,41.6462],[35.9457,41.7167],[35.5767,41.6297],[35.157,41.7167],[35.0921,41.928],[35.123,42.0248],[35.0615,42.0413],[34.9178,42.0413],[34.7845,41.9114],[33.2771,41.9764],[32.6675,41.8369],[32.6947,41.7816],[31.4983,41.352],[31.3928,41.1884],[31.1801,41.068],[30.6242,41.068],[30.53,41.1522],[30.3513,41.1922],[30.1369,41.1438],[29.0894,41.1382],[29.0524,41.068],[29.1156,41.068],[29.1034,40.9447],[29.2639,40.8698],[29.2949,40.8388],[29.2546,40.8108],[29.493,40.8736],[29.4438,40.7766],[29.9393,40.7351],[29.5599,40.6911],[29.4906,40.7272],[28.9422,40.6184],[28.9156,40.4714],[29.1515,40.4341],[29.0463,40.3554],[27.9388,40.3554],[27.904,40.3999],[27.9505,40.4849],[27.7921,40.4849],[27.7918,40.3929],[27.8836,40.3863],[27.6958,40.2906],[27.5376,40.2906],[27.2948,40.4059],[26.6819,40.3561],[26.408,40.1937],[26.311,40.0195],[26.2205,40.0029],[26.1325,39.5143],[26.9377,39.5748],[26.9299,39.4877],[26.801,39.4335],[26.7422,39.2557],[26.8945,39.1911],[26.8793,38.9972],[26.9579,38.9972],[26.9399,38.9327],[27.0413,38.9401],[27.0627,38.8869],[26.9084,38.8204],[26.9314,38.7551],[26.8495,38.6097],[27.0798,38.5451],[27.0728,38.4537],[27.1642,38.4466],[27.0694,38.4094],[27.065,38.3515],[26.6762,38.3515],[26.6731,38.3072],[26.595,38.3515],[26.5358,38.6097],[26.3895,38.6719],[26.4058,38.4535],[26.513,38.4329],[26.4515,38.4261],[26.4289,38.2224],[26.8203,38.2224],[26.889,38.0933],[27.2753,38.0288],[27.2559,37.7707],[27.1794,37.6106],[27.31,37.4483],[27.2461,37.3362],[27.4072,37.4127],[27.4385,37.3908],[27.3921,37.3538],[27.5392,37.3838],[27.5644,37.2735],[27.616,37.2747],[27.598,37.126],[28.0653,37.126],[28.1313,37.0363],[28.3294,37.0368],[28.2124,37.0004],[28.1653,36.9116],[28.1034,36.9353],[28.0583,36.7721],[28.1184,36.8006],[28.1305,36.754],[28.0314,36.6749],[28.1961,36.6854],[28.2572,36.8462],[28.315,36.8291],[28.2934,36.7959],[28.452,36.8836],[28.5905,36.8682],[28.7361,36.7393],[29.1249,36.7393],[29.2163,36.3291],[29.3496,36.2326],[29.4116,36.2674],[29.4666,36.224],[29.938,36.224],[30.0261,36.3528],[30.4919,36.3528],[30.6191,36.9326],[31.086,36.9326],[32.0681,36.6105],[32.4985,36.224],[32.5369,36.1],[32.733,36.0376],[33.2744,36.224],[33.8711,36.3149],[33.9791,36.2884],[34.2507,36.6749],[34.5816,36.8682],[34.8929,36.8682],[34.9352,36.726],[35.1127,36.7393],[35.3323,36.6105],[35.4875,36.6105],[35.8336,36.9326],[36.1449,36.9326],[36.2862,36.8037],[36.2649,36.6105],[35.8417,36.2884],[35.9901,36.224],[35.9767,36.001],[35.8449,35.5802],[35.9929,35.5158],[35.9153,35.2879],[35.9624,35.1979],[35.927,34.8723],[36.0682,34.7436],[36.0488,34.5506],[35.7921,34.2933],[35.6652,34.3113],[35.6838,33.9718],[35.4705,33.9021],[35.4993,33.6502],[35.3944,33.65],[35.3984,33.3931],[35.2154,33.0716],[35.089,33.0205],[35.0218,32.6216],[34.8851,32.4821],[34.7926,32.161],[34.813,31.9789],[34.6909,31.9134],[34.6028,31.7558],[34.6334,31.6575],[34.3076,31.4005],[34.2972,31.2719],[33.7493,31.0791],[32.8317,31.0148],[32.8055,31.0655],[32.6665,31.0523],[32.7907,31.0941],[32.6016,31.061],[32.3894,31.2076],[32.2944,31.2076],[32.3039,31.0791],[32.1065,31.0534],[31.9996,31.0791],[31.9063,31.2516],[31.7806,31.2076],[31.8077,31.2812],[31.7691,31.2988],[31.8741,31.4647],[31.2658,31.4647],[31.1215,31.5275],[31.0291,31.5185],[30.9807,31.4365],[30.7985,31.4465],[30.7344,31.3881],[30.5427,31.395],[30.6916,31.4647],[30.352,31.4647],[30.3019,31.3422],[30.3388,31.2719],[30.2887,31.2379],[29.9904,31.2719],[29.8315,31.1513],[29.8696,31.0791],[29.6332,30.9506],[29.5543,30.9848],[29.4481,30.9336],[29.3971,30.822],[28.865,30.822],[28.4964,31.0148],[27.5149,31.1434],[27.2975,31.3362],[26.9303,31.4411],[25.248,31.4647],[25.102,31.5933],[25.1097,31.7462],[24.8925,31.9789],[24.1294,31.9789],[23.6803,32.1717],[23.3122,32.1627],[23.0806,32.3341],[23.0894,32.6216],[21.99,32.9134],[21.8067,32.9133],[21.4117,32.7502],[21.0578,32.7736],[20.8712,32.6216],[20.7962,32.6428],[20.6898,32.6041],[20.7159,32.5574],[20.563,32.5574],[20.482,32.4288],[20.417,32.4565],[20.3255,32.4098],[20.2461,32.236],[20.0715,32.1764],[19.9961,31.5933],[20.2143,31.2719],[20.1467,31.1636],[20.2021,30.8863],[19.9682,30.6935],[19.9643,30.565],[19.655,30.3722],[18.9686,30.2436],[18.787,30.3722],[18.5925,30.3722],[18.2175,30.7602],[17.8486,30.9237],[16.8136,31.2076],[16.1786,31.2076],[15.649,31.4005],[15.5323,31.6118],[15.4246,31.6575],[15.2823,32.3002],[15.0825,32.4133],[14.4444,32.4931],[14.0979,32.7281],[13.4537,32.8145],[13.2571,32.9186],[12.8413,32.8085],[12.8408,32.7502],[12.229,32.8145],[11.4544,33.2002],[11.1578,33.2002],[11.0798,33.5856],[10.7381,33.478],[10.584,33.6644],[10.2368,33.7146],[10.0058,33.9075],[10.0052,34.1706],[10.0661,34.242],[10.0045,34.2933],[10.543,34.5506],[10.8512,34.8079],[10.8512,34.9366],[10.9844,34.9994],[11.055,35.1404],[11.0057,35.3871],[11.0831,35.5073],[11.0161,35.5802],[10.9284,35.5802],[10.839,35.7683],[10.6962,35.7089],[10.4635,35.902],[10.5349,36.3573],[10.4625,36.4172],[11.0062,36.8037],[11.0063,36.9971],[10.5187,36.7558],[10.3553,36.7312],[10.1885,36.7976],[10.2685,36.9378],[10.1824,37.027],[10.2271,37.1177],[10.1281,37.1587],[10.2272,37.1949],[9.925,37.213],[9.8159,37.1518],[9.7718,37.2133],[9.8157,37.2491],[9.6158,37.3151],[9.0595,37.0615],[8.9723,37.0975],[8.8244,36.9795],[8.6443,36.9535],[8.5164,36.8682],[7.7383,36.8682],[7.4902,37.055],[7.3979,37.0615],[7.3463,37.0615],[7.1937,36.8682],[6.8047,36.8682],[6.3339,37.0615],[6.2357,36.9212],[6.1043,36.8741],[6.1058,36.8037],[5.5581,36.7337],[5.3044,36.643],[5.0978,36.6749],[4.8595,36.8682],[4.262,36.9116],[3.85,36.8037],[3.664,36.8344],[3.2299,36.7393],[2.8411,36.7393],[2.6008,36.5963],[2.3516,36.6383],[1.5296,36.4816],[1.197,36.5118],[1.144,36.4172],[0.759,36.3415]],[[24.6883,30.1442],[24.6887,30.1828],[24.6967,30.127],[24.6883,30.1442]],[[24.6887,30.1828],[24.7629,30.3171],[24.767,30.3214],[24.6887,30.1828]],[[34.9635,29.5941],[34.967,29.6081],[34.9898,29.652],[34.9635,29.5941]],[[35.4529,31.4008],[35.4585,31.4916],[35.4587,31.4916],[35.4593,31.4958],[35.4529,31.4008]],[[35.552,32.3679],[35.5533,32.3691],[35.5656,32.3134],[35.552,32.3679]],[[35.5568,32.3724],[35.5594,32.3748],[35.5656,32.3679],[35.5568,32.3724]],[[35.5585,32.5191],[35.5614,32.5192],[35.5674,32.5102],[35.5585,32.5191]],[[35.5594,32.4704],[35.5626,32.4747],[35.5725,32.4567],[35.5594,32.4704]],[[35.5688,32.4829],[35.5778,32.4948],[35.58,32.4915],[35.5688,32.4829]],[[35.7716,32.7467],[35.7749,32.7473],[35.7882,32.7344],[35.7716,32.7467]],[[36.2318,33.8525],[36.3178,33.8272],[36.3006,33.8287],[36.2318,33.8525]],[[36.2672,33.9104],[36.2886,33.9465],[36.2691,33.9073],[36.2672,33.9104]],[[36.2699,33.906],[36.3111,33.872],[36.2753,33.8972],[36.2699,33.906]],[[36.6665,36.2657],[36.6691,36.2599],[36.6681,36.2532],[36.6665,36.2657]]],[[[9.8196,37.2276],[9.8612,37.2338],[9.906,37.2193],[9.842,37.2404],[9.8196,37.2276]]],[[[19.0027,42.1712],[19.4246,41.8666],[19.5916,41.8188],[19.5576,41.6605],[19.613,41.6053],[19.4715,41.5823],[19.5297,41.522],[19.4438,41.3922],[19.5233,41.3922],[19.4555,41.1485],[19.5234,40.9206],[19.3688,40.8022],[19.3044,40.6531],[19.4863,40.6144],[19.4714,40.2906],[19.6295,40.2906],[20.0094,39.967],[19.9876,39.7083],[20.155,39.7083],[20.2972,39.385],[20.9538,39.0342],[21.0584,39.009],[21.0852,39.0629],[21.1599,38.9977],[21.1774,38.876],[21.1023,38.9108],[21.0852,38.8643],[21.0274,38.9326],[20.8599,38.9605],[20.7414,38.8034],[20.9737,38.7389],[21.1933,38.416],[21.3376,38.3989],[21.3225,38.4963],[21.4224,38.3889],[21.7625,38.3284],[21.8312,38.3967],[21.9876,38.4106],[22.1892,38.3231],[22.3823,38.3427],[22.4016,38.4534],[22.5625,38.2935],[22.6465,38.39],[22.8057,38.227],[23.2234,38.1592],[23.1729,38.0795],[22.8755,38.0493],[22.9754,37.979],[22.8672,37.9395],[22.6804,38.0666],[21.8495,38.3413],[21.7333,38.2514],[21.7286,38.1578],[21.4156,38.1578],[21.2436,37.8352],[21.6966,37.5128],[21.6958,37.3164],[21.6031,37.1904],[21.681,37.1904],[21.7435,36.8682],[21.8992,36.8682],[21.9085,37.0615],[22.22,37.0615],[22.3757,36.6749],[22.5118,36.6749],[22.5994,36.8682],[22.8328,36.8682],[23.0332,36.6946],[22.8532,37.2549],[22.7007,37.3193],[22.7144,37.5773],[22.9486,37.5773],[23.1756,37.4483],[23.1685,37.3193],[23.278,37.3498],[23.2302,37.3846],[23.3849,37.4134],[23.36,37.5475],[23.1083,37.6417],[23.0151,37.9252],[23.2044,37.963],[23.2082,38.0288],[23.5746,38.0468],[23.5597,37.9866],[23.9786,37.8352],[24.0361,38.2224],[23.6729,38.3564],[23.5929,38.4806],[23.3126,38.4806],[23.1826,38.6538],[23.1045,38.6384],[22.9149,38.7756],[22.5251,38.8581],[22.6216,38.9145],[22.792,38.878],[23.0731,39.0363],[22.9639,39.009],[22.9981,39.0698],[22.9516,39.1238],[22.7973,39.0618],[22.8163,39.385],[23.1318,39.4489],[22.6109,39.9023],[22.6497,39.9853],[22.5437,40.0964],[22.5716,40.5496],[22.9105,40.6446],[22.9832,40.5527],[22.9265,40.5153],[22.9592,40.4201],[23.7374,40.2259],[23.6936,40.3092],[23.7777,40.3548],[23.8386,40.5496],[23.6846,40.6144],[23.698,40.8088],[24.0106,40.744],[24.3466,41.0032],[25.1384,41.0101],[25.1358,40.9692],[25.8495,40.9384],[26.0822,40.8736],[26.1403,40.6144],[26.5472,40.744],[26.621,40.6792],[26.9324,40.6144],[26.7685,40.5496],[26.8466,40.5165],[26.9576,40.5584],[27.0172,40.6792],[27.5275,41.068],[29.0429,41.068],[29.0645,41.1371],[28.9631,41.1328],[28.975,41.2529],[28.5053,41.3274],[28.0814,41.6518],[27.9794,41.6518],[27.937,42.0413],[27.4529,42.4801],[27.5135,42.6262],[27.8466,42.7563],[27.8049,43.1467],[27.8982,43.2769],[28.0607,43.3092],[28.1925,43.4078],[28.1592,43.4723],[28.4811,43.4723],[28.6163,43.9938],[28.5356,43.9938],[28.5769,44.3854],[28.7612,44.5223],[28.7578,44.6268],[28.8362,44.6268],[28.784,44.6492],[28.8257,44.7332],[28.802,44.9734],[29.0583,45.001],[29.1106,44.97],[29.0521,44.9446],[29.0441,44.8655],[29.0603,44.8323],[29.0964,44.8751],[29.1387,44.8072],[29.5253,44.908],[29.6659,45.4313],[29.1847,45.4968],[28.7561,45.3004],[28.4307,45.3004],[28.275,45.3659],[28.2376,45.4521],[28.2814,45.4265],[28.2888,45.4968],[28.0513,45.5623],[28.0376,45.4313],[27.7867,45.3659],[27.7666,45.1696],[27.9224,45.1042],[27.8888,44.7773],[27.7266,44.7773],[27.7067,44.5813],[27.8687,44.5813],[27.8488,44.3854],[27.9297,44.3854],[27.7481,44.1896],[26.3682,44.1243],[25.5205,43.6678],[24.8062,43.7982],[24.0754,43.733],[23.9244,43.8634],[23.3647,43.9286],[23.1937,43.7982],[22.9518,43.7982],[22.8479,43.4723],[22.6019,43.4072],[22.3784,43.6678],[22.0605,43.733],[21.5214,44.1243],[20.887,44.3201],[20.6559,44.516],[20.1628,44.3854],[20.0965,44.6466],[19.9344,44.6466],[19.9236,44.4507],[19.6704,44.2548],[19.6599,44.0591],[19.4109,43.9286],[19.4747,43.6027],[19.3136,43.6027],[19.3037,43.4072],[19.4579,43.2769],[19.114,42.8213],[19.1688,42.3012],[19.0058,42.2362],[19.0027,42.1712]],[[19.2749,42.1913],[19.4004,42.3259],[19.2764,42.1857],[19.2749,42.1913]],[[19.2803,42.1714],[19.2925,42.1577],[19.2821,42.1646],[19.2803,42.1714]],[[19.4004,42.3259],[19.4027,42.352],[19.4111,42.3648],[19.4004,42.3259]],[[19.4152,42.371],[19.4172,42.3741],[19.5178,42.458],[19.4152,42.371]],[[19.5286,43.9772],[19.6008,44.0144],[19.5934,44.0056],[19.5286,43.9772]],[[19.6218,42.605],[19.676,42.6467],[19.6993,42.6548],[19.6218,42.605]],[[19.7516,42.4934],[19.792,42.4729],[19.7845,42.4746],[19.7516,42.4934]],[[19.8102,42.4687],[19.8267,42.4697],[19.8196,42.4665],[19.8102,42.4687]],[[20.0248,42.7234],[20.1039,42.6531],[20.0361,42.708],[20.0248,42.7234]],[[20.0248,42.7234],[20.0265,42.7432],[20.0332,42.7473],[20.0248,42.7234]],[[20.0392,42.5578],[20.065,42.5468],[20.1526,42.4937],[20.0392,42.5578]],[[20.1169,42.9767],[20.1946,42.9668],[20.2112,42.9599],[20.1169,42.9767]],[[20.2166,42.7983],[20.2176,42.8027],[20.2226,42.8037],[20.2166,42.7983]],[[20.249,39.6848],[20.2875,39.7112],[20.2827,39.7044],[20.249,39.6848]],[[20.3334,42.3179],[20.457,42.2505],[20.4741,42.2352],[20.3334,42.3179]],[[20.4862,42.2243],[20.5008,42.2112],[20.5203,42.1761],[20.4862,42.2243]],[[20.5405,42.1396],[20.5494,42.1235],[20.5522,42.0738],[20.5405,42.1396]],[[20.6225,43.1307],[20.6279,43.1231],[20.6261,43.1237],[20.6225,43.1307]],[[20.6518,43.0704],[20.6692,43.1098],[20.6649,43.0854],[20.6518,43.0704]],[[20.6815,41.844],[20.7121,41.8605],[20.703,41.8496],[20.6815,41.844]],[[20.7596,43.2559],[20.7695,43.2608],[20.7799,43.2601],[20.7596,43.2559]],[[20.8068,43.2583],[20.8194,43.2574],[20.8276,43.2501],[20.8068,43.2583]],[[20.9579,40.5149],[20.999,40.54],[20.9815,40.5233],[20.9579,40.5149]],[[21.0152,40.5556],[21.0237,40.5888],[21.0188,40.559],[21.0152,40.5556]],[[21.0186,40.6909],[21.0353,40.6594],[21.0335,40.6487],[21.0186,40.6909]],[[21.2378,42.0974],[21.2917,42.0921],[21.2889,42.0897],[21.2378,42.0974]],[[21.295,42.149],[21.3013,42.1006],[21.2988,42.0984],[21.295,42.149]],[[21.3613,42.2182],[21.3668,42.2239],[21.3766,42.2226],[21.3613,42.2182]],[[21.5576,42.2639],[21.5717,42.2461],[21.5638,42.247],[21.5576,42.2639]],[[21.7005,42.6856],[21.7089,42.6872],[21.7191,42.684],[21.7005,42.6856]],[[22.0476,42.3045],[22.076,42.3053],[22.0609,42.3011],[22.0476,42.3045]],[[22.5088,42.4049],[22.5365,42.4784],[22.5331,42.4576],[22.5088,42.4049]],[[22.5152,42.5141],[22.5249,42.5077],[22.5365,42.4784],[22.5152,42.5141]],[[22.827,43.2814],[22.8901,43.2269],[22.8838,43.2306],[22.827,43.2814]],[[22.8815,41.3356],[22.917,41.3358],[23.1152,41.3127],[22.8815,41.3356]],[[22.9014,41.8604],[22.9427,41.7758],[22.9397,41.7767],[22.9014,41.8604]],[[22.9045,43.2186],[22.9814,43.199],[22.9155,43.2122],[22.9045,43.2186]],[[22.933,41.6123],[22.9351,41.6189],[22.9332,41.6055],[22.933,41.6123]],[[22.9334,41.595],[22.9487,41.561],[22.9337,41.5846],[22.9334,41.595]],[[22.9385,41.6299],[22.9409,41.6376],[22.9443,41.6388],[22.9385,41.6299]],[[22.967,41.647],[23.0004,41.7015],[22.9986,41.6931],[22.967,41.647]],[[24.1262,41.5294],[24.1463,41.5268],[24.1702,41.5116],[24.1262,41.5294]],[[24.1816,41.5374],[24.1963,41.547],[24.2121,41.5518],[24.1816,41.5374]],[[25.1771,41.2939],[25.2308,41.248],[25.2197,41.2497],[25.1771,41.2939]],[[26.0475,41.6746],[26.0493,41.6823],[26.055,41.6488],[26.0475,41.6746]],[[26.0522,41.6952],[26.0537,41.7015],[26.0579,41.7035],[26.0522,41.6952]],[[26.1312,41.5527],[26.1525,41.547],[26.1544,41.5437],[26.1312,41.5527]],[[26.1459,41.478],[26.1602,41.5019],[26.1593,41.4938],[26.1459,41.478]],[[26.1589,41.5362],[26.1631,41.5291],[26.1617,41.5157],[26.1589,41.5362]],[[26.2304,41.7466],[26.2344,41.7458],[26.2739,41.7149],[26.2304,41.7466]],[[26.3668,41.7112],[26.3774,41.7106],[26.4044,41.6918],[26.3668,41.7112]],[[26.5837,41.3326],[26.6097,41.3307],[26.5911,41.3293],[26.5837,41.3326]]],[[[19.7578,39.6436],[19.9065,39.5814],[19.8416,39.7042],[19.947,39.7729],[19.7637,39.7729],[19.7578,39.6436]]],[[[22.833,38.8227],[22.9818,38.845],[22.9564,38.878],[23.0202,38.9214],[22.833,38.8227]]],[[[23.0356,36.6926],[23.0463,36.6833],[23.0517,36.6872],[23.0498,36.6926],[23.0356,36.6926]]],[[[23.0365,38.9279],[23.3318,38.8034],[23.4651,38.8569],[23.2006,39.0093],[23.0365,38.9279]]],[[[23.3122,37.6174],[23.3406,37.6003],[23.3536,37.5821],[23.3442,37.6327],[23.3122,37.6174]]],[[[23.4014,37.3193],[23.4024,37.3193],[23.4023,37.3198],[23.4014,37.3193]]],[[[23.5634,38.7389],[23.6355,38.5286],[23.594,38.4534],[23.6492,38.4057],[24.0422,38.4015],[24.0669,38.351],[24.0254,38.3305],[24.1617,38.2698],[24.1789,38.5451],[24.0302,38.6743],[23.5634,38.7389]]],[[[24.1275,38.2224],[24.1447,38.2224],[24.1426,38.227],[24.157,38.2296],[24.1591,38.2287],[24.1614,38.2661],[24.1311,38.2358],[24.1275,38.2224]]],[[[26.2318,40.0656],[26.3758,40.1535],[26.3456,40.1998],[26.6167,40.3595],[26.6839,40.4849],[26.2723,40.2906],[26.2318,40.0656]]],[[[27.5815,37.1982],[27.5831,37.1912],[27.5877,37.1988],[27.5815,37.1982]]],[[[30.1795,31.2714],[30.1849,31.2719],[30.1795,31.2719],[30.1795,31.2714]]],[[[30.2409,31.2653],[30.2648,31.2719],[30.2479,31.2719],[30.2409,31.2653]]],[[[30.9691,31.5785],[30.9739,31.5799],[30.9739,31.5867],[30.9695,31.5854],[30.9691,31.5785]]],[[[30.978,31.5843],[31.119,31.5305],[31.1608,31.5935],[30.978,31.5843]]],[[[33.9551,26.79],[34.0036,26.7082],[34.0029,26.7316],[33.9756,26.79],[33.9551,26.79]]],[[[-6.0043,35.3871],[-5.0765,35.3871],[-5.3258,35.6445],[-5.3411,35.8372],[-5.9458,35.7097],[-6.0043,35.3871]]],[[[14.3384,35.9455],[14.3815,35.843],[14.5618,35.8298],[14.5078,35.9285],[14.3773,35.9936],[14.3384,35.9455]]],[[[22.9016,36.3383],[22.9292,36.178],[23.0533,36.1596],[23.0769,36.2707],[22.9446,36.3894],[22.9016,36.3383]]],[[[24.2754,37.5317],[24.3958,37.6247],[24.3728,37.6852],[24.2893,37.6453],[24.2754,37.5317]]],[[[20.6195,37.8228],[20.7934,37.6685],[20.9261,37.7284],[20.886,37.814],[20.7247,37.8998],[20.6554,37.8998],[20.6195,37.8228]]],[[[20.339,38.2002],[20.3801,38.1518],[20.4253,38.1753],[20.4351,38.2788],[20.4943,38.1337],[20.7865,38.0933],[20.6817,38.2821],[20.6429,38.2534],[20.5991,38.3026],[20.6258,38.3518],[20.5664,38.416],[20.479,38.3095],[20.3999,38.3641],[20.339,38.2002]]],[[[20.6878,38.3367],[20.7194,38.3156],[20.7387,38.3189],[20.6951,38.3434],[20.6878,38.3367]]],[[[23.4849,38.7389],[23.5634,38.7389],[23.5668,38.7946],[23.4888,38.8034],[23.4849,38.7389]]],[[[24.4362,38.878],[24.557,38.8457],[24.5368,38.7918],[24.6643,38.7732],[24.523,38.9643],[24.4611,38.9677],[24.4362,38.878]]],[[[1.2204,38.9553],[1.2529,38.8623],[1.4031,38.8323],[1.4147,38.8906],[1.6231,39.0292],[1.5227,39.1189],[1.3568,39.0776],[1.2928,39.0333],[1.301,38.9678],[1.2204,38.9553]]],[[[20.1453,39.6436],[20.1517,39.6402],[20.1519,39.6436],[20.1453,39.6436]]],[[[2.3508,39.5765],[2.487,39.4788],[2.6817,39.5587],[2.7435,39.5234],[2.7866,39.3759],[3.1447,39.3203],[3.2825,39.4201],[3.4744,39.7497],[3.1626,39.7691],[3.1263,39.8319],[3.1959,39.8906],[3.0947,39.8812],[3.1738,39.967],[2.8132,39.8726],[2.3508,39.5765]]],[[[3.8032,40.0181],[3.8307,39.9361],[4.3008,39.8378],[4.1705,40.0646],[4.1423,40.0248],[4.1051,40.0794],[3.8032,40.0181]]],[[[8.1567,40.7718],[8.1974,40.6912],[8.1618,40.5638],[8.1934,40.6175],[8.2163,40.5706],[8.312,40.5781],[8.386,40.3518],[8.4761,40.2921],[8.49,40.1045],[8.3772,40.0338],[8.4004,39.9361],[8.5453,39.8786],[8.5044,39.7215],[8.5658,39.7011],[8.4553,39.7561],[8.4634,39.5769],[8.374,39.3789],[8.4321,39.3018],[8.4095,39.1693],[8.5596,39.0567],[8.606,38.9088],[8.7166,38.9326],[8.8533,38.878],[9.0183,38.9953],[9.0183,39.1461],[9.0798,39.2246],[9.0139,39.2639],[9.166,39.1871],[9.2922,39.2213],[9.4052,39.1521],[9.5664,39.1492],[9.7111,39.9293],[9.6262,40.2631],[9.8225,40.5327],[9.6579,40.7999],[9.724,40.8449],[9.6141,40.8934],[9.6421,40.9206],[9.5042,40.9269],[9.6469,40.9922],[9.5119,41.0163],[9.5541,41.1239],[9.4691,41.1462],[9.4429,41.092],[9.4224,41.1807],[9.1711,41.2426],[9.1419,41.1528],[9.0055,41.1219],[8.8225,40.9473],[8.5205,40.827],[8.3102,40.8507],[8.1812,40.9341],[8.2153,40.8814],[8.1567,40.7718]]],[[[8.3533,39.0556],[8.4312,38.9661],[8.4839,39.0698],[8.3701,39.1131],[8.3533,39.0556]]],[[[9.3767,41.2147],[9.377,41.2133],[9.3953,41.2106],[9.4007,41.2115],[9.3767,41.2147]]],[[[9.437,41.1859],[9.4644,41.1727],[9.4749,41.1793],[9.4749,41.2014],[9.445,41.2055],[9.437,41.1859]]],[[[24.5197,40.6853],[24.6397,40.5732],[24.7801,40.6122],[24.7864,40.7351],[24.6423,40.8039],[24.5197,40.6853]]],[[[8.5453,42.2329],[8.5938,42.1745],[8.5596,42.154],[8.745,42.0566],[8.6457,41.9774],[8.8054,41.9069],[8.7508,41.8455],[8.7849,41.8244],[8.6551,41.7499],[8.9227,41.6946],[8.8018,41.6391],[8.7918,41.5612],[9.0798,41.4824],[9.0964,41.4035],[9.2255,41.3771],[9.2107,41.4482],[9.3506,41.5812],[9.2922,41.6264],[9.3467,41.6196],[9.4016,41.7064],[9.4032,41.9529],[9.5596,42.1466],[9.5281,42.5635],[9.4429,42.6406],[9.464,42.9901],[9.3467,43.0037],[9.3057,42.8393],[9.3425,42.7491],[9.2922,42.6748],[9.1178,42.732],[8.787,42.562],[8.7092,42.5792],[8.6595,42.4299],[8.5491,42.3771],[8.6878,42.2729],[8.5453,42.2329]]],[[[9.4566,42.6474],[9.4768,42.6191],[9.4769,42.6201],[9.4821,42.6201],[9.4566,42.6474]]],[[[32.2717,35.0728],[32.3294,34.8864],[32.459,34.7219],[32.7099,34.6458],[32.9136,34.6567],[32.9425,34.5794],[33.0303,34.5685],[33.0156,34.6344],[33.0864,34.6948],[33.2601,34.7005],[33.5917,34.8203],[33.7015,34.9729],[34.0685,34.9979],[33.9431,35.0653],[34.0123,35.0638],[33.8999,35.1645],[33.9121,35.26],[34.5384,35.671],[33.6603,35.3593],[33.4275,35.3289],[32.9231,35.3871],[32.9294,35.233],[32.8652,35.157],[32.6897,35.1839],[32.4138,35.043],[32.2717,35.0728]],[[33.7592,34.9887],[33.7911,34.9824],[33.7874,34.98],[33.7592,34.9887]],[[32.712,35.1731],[32.7315,35.1432],[32.7127,35.1634],[32.712,35.1731]],[[33.4666,35.0051],[33.4675,35.0126],[33.4768,35.0027],[33.4666,35.0051]],[[33.6195,35.0168],[33.7115,34.9856],[33.7029,34.9879],[33.6195,35.0168]],[[33.6794,35.0349],[33.7022,35.0223],[33.6794,35.0339],[33.6794,35.0349]],[[33.6966,35.009],[33.7022,35.0223],[33.7002,35.0067],[33.6966,35.009]],[[33.8412,35.0511],[33.8801,35.0731],[33.8551,35.0534],[33.8412,35.0511]]],[[[23.6154,35.5158],[23.6792,35.2584],[24.7574,35.194],[24.8237,35.001],[26.1401,35.0653],[26.2253,35.194],[25.7953,35.1151],[25.6806,35.1297],[25.6923,35.3227],[24.301,35.3227],[24.1499,35.3871],[24.1541,35.465],[24.0669,35.507],[24.1569,35.5158],[23.6154,35.5158]]],[[[27.708,36.1688],[27.7519,35.905],[27.9934,36.062],[28.0896,36.0551],[28.0617,36.1165],[28.1634,36.2377],[28.2311,36.4498],[27.8997,36.3402],[27.708,36.1688]]],[[[26.9177,36.7161],[27.1854,36.8037],[27.1442,36.8811],[26.9177,36.7161]]],[[[25.3418,37.083],[25.3936,36.9971],[25.5644,36.9971],[25.5727,37.126],[25.3418,37.083]]],[[[24.9955,37.6789],[25.1255,37.5559],[25.216,37.5329],[25.2593,37.59],[24.9955,37.6789]]],[[[25.99,37.5165],[26.2306,37.5714],[26.312,37.6796],[26.0742,37.6379],[25.99,37.5165]]],[[[24.6878,37.9287],[24.9118,37.7283],[24.9944,37.7541],[24.9538,37.8707],[24.7937,37.9941],[24.6878,37.9287]]],[[[25.8407,38.5224],[25.989,38.3793],[25.9644,38.3026],[25.885,38.2794],[25.8898,38.2206],[26.0115,38.1578],[26.1121,38.2226],[26.1636,38.5428],[26.0159,38.602],[25.8696,38.5831],[25.8407,38.5224]]],[[[25.8359,39.1822],[26.1021,39.1115],[26.2256,39.2076],[26.2935,39.1772],[26.1002,39.0858],[26.1657,39.0224],[26.5471,38.9879],[26.437,39.1035],[26.4893,39.1137],[26.5394,39.0194],[26.61,39.0229],[26.5397,39.166],[26.3822,39.2771],[26.4074,39.3347],[26.1658,39.3681],[26.0606,39.2895],[25.9226,39.2911],[25.8359,39.1822]]],[[[25.0447,39.9853],[25.047,39.8376],[25.2043,39.8376],[25.2388,39.9195],[25.2798,39.8891],[25.2388,39.8581],[25.3551,39.8376],[25.348,39.9064],[25.4499,39.9884],[25.4377,40.0317],[25.2852,39.9534],[25.2251,40.0089],[25.0447,39.9853]]],[[[25.7052,40.1144],[26.0122,40.1666],[25.9631,40.1571],[25.926,40.2428],[25.759,40.2067],[25.7052,40.1144]]],[[[32.6053,45.4968],[33.6101,45.1042],[33.6092,44.8717],[33.5151,44.6466],[33.5715,44.6206],[33.4767,44.6099],[33.5086,44.4953],[33.6249,44.4507],[33.7638,44.4507],[34.5385,44.7773],[34.5478,44.8426],[35.2971,44.9734],[35.4267,45.3004],[35.0199,45.3004],[34.9864,45.6278],[34.7419,45.6278],[34.5978,45.7588],[34.6167,45.8898],[34.3812,45.9554],[34.3184,46.0865],[33.737,46.0209],[33.7271,45.9501],[33.777,45.9296],[33.722,45.9136],[33.7096,45.8243],[32.6053,45.4968]]]]}},{"type":"Feature","properties":{"territoryId":"cliopatria-q12544-03f6c8deaf","name":"Eastern Roman Empire","name_ko":"동로마 제국","color":"#4580e3","colorFamily":0,"startYear":536,"endYear":539,"source_name":"Cliopatria v0.2.0","source_url":"https://github.com/Seshat-Global-History-Databank/cliopatria","license":"CC BY 4.0","attribution":"Seshat Global History Databank, Cliopatria contributors"},"geometry":{"type":"MultiPolygon","coordinates":[[[[0.759,36.3415],[0.7669,36.1596],[0.922,36.1596],[1.005,36.0308],[1.1547,36.1596],[2.008,36.1596],[2.0031,36.2884],[2.3159,36.224],[2.7747,36.4172],[5.6494,36.3528],[5.8795,36.4816],[6.3468,36.4172],[6.422,36.546],[6.8893,36.4816],[6.9647,36.6105],[7.5865,36.6105],[7.9024,36.224],[7.8282,35.9664],[7.9057,35.9664],[7.9114,35.5158],[7.9888,35.5158],[7.9942,35.0653],[8.2286,34.8079],[8.4594,34.8723],[8.8462,34.7436],[8.9263,34.3577],[9.0033,34.3577],[8.9288,34.0361],[9.0826,34.0361],[9.3159,33.5859],[9.6236,33.4574],[9.5475,33.3288],[9.625,33.1359],[10.0848,33.1359],[10.0086,33.0073],[10.3916,33.0073],[11.1572,32.6859],[11.3099,32.4931],[11.4629,32.5574],[11.539,32.4288],[11.7684,32.4288],[11.7679,32.3002],[12.4559,32.3645],[13.0667,32.3002],[13.0657,32.1717],[13.2953,32.236],[13.8286,32.1074],[14.5861,31.6575],[14.5844,31.529],[15.1873,31.0791],[15.1845,30.8863],[15.4896,30.9506],[16.7012,30.6935],[18.2813,30.0508],[19.1911,30.0508],[20.9516,30.565],[21.9388,30.565],[22.7667,30.3722],[22.7618,30.2436],[22.916,30.3079],[23.5101,29.9865],[24.26,29.7937],[24.3304,29.6652],[24.7792,29.5366],[24.8467,29.3438],[25.0008,29.4081],[25.1465,29.2795],[25.3735,29.2795],[25.5863,28.9581],[27.1401,28.251],[27.285,28.1224],[27.2763,27.9295],[27.4299,27.9938],[27.792,27.6724],[27.7109,27.5438],[27.9367,27.5438],[28.1537,27.3509],[28.2702,26.5794],[28.3453,26.5794],[28.2437,25.9365],[28.2886,25.165],[28.5688,24.6506],[29.6728,24.2006],[29.9595,23.8792],[30.1087,23.8792],[30.104,23.7506],[30.3952,23.5577],[30.4627,23.3649],[31.6705,23.7506],[32.0409,23.6863],[33.389,23.8149],[33.7564,23.6863],[35.108,23.8792],[35.4808,23.8253],[35.5139,23.9771],[35.7925,23.9023],[35.7386,23.9833],[35.4938,24.1089],[35.3919,24.2828],[35.1446,24.5002],[35.1603,24.5746],[34.5466,25.725],[34.3387,26.0018],[34.014,26.6116],[33.9414,26.6535],[33.9961,26.8966],[33.8368,27.1208],[33.8384,27.2426],[33.6917,27.3419],[33.4963,27.6466],[33.5877,27.651],[33.5579,27.7599],[33.4735,27.8232],[33.5921,27.7912],[33.5544,27.8965],[33.2494,28.1429],[33.0029,28.4895],[32.8689,28.5789],[32.8069,28.7781],[32.6255,28.9727],[32.6528,29.081],[32.5623,29.3863],[32.3377,29.5925],[32.3639,29.6882],[32.5095,29.8668],[32.4769,29.9322],[32.5715,29.9426],[32.5778,30.0114],[32.6045,29.8242],[32.6907,29.7336],[32.7239,29.4705],[32.8172,29.414],[32.8856,29.2431],[33.1779,28.9896],[33.2287,28.5694],[33.5538,28.3153],[33.7634,28.024],[34.0785,27.8007],[34.2631,27.7367],[34.2141,27.7915],[34.4281,27.9859],[34.4553,28.1749],[34.4102,28.32],[34.6245,28.736],[34.7366,29.3113],[34.9572,29.569],[34.9817,29.4804],[36.3193,30.8863],[36.2765,31.2719],[36.3526,31.2719],[36.4919,31.9789],[36.5682,31.9789],[36.5155,32.236],[36.5919,32.236],[36.8119,32.943],[37.0605,33.1359],[37.0732,33.2645],[37.9902,33.9718],[39.1238,34.4863],[39.509,34.4863],[40.1029,34.2933],[40.6181,34.7436],[40.7723,34.7436],[41.1122,35.001],[41.0863,36.0308],[41.6626,36.2884],[41.6796,36.4172],[41.5328,36.4816],[41.5498,36.6105],[41.2124,36.9971],[41.1282,38.0933],[40.9115,38.2224],[40.9479,38.4806],[40.8695,38.4806],[40.9663,38.6097],[40.9817,39.2557],[41.2566,39.5143],[41.326,39.967],[41.4839,39.967],[41.6725,40.1612],[41.7035,40.3554],[41.3598,40.6792],[41.5348,41.2625],[41.8061,41.4571],[41.8392,41.6518],[41.7097,41.7085],[41.5674,41.4571],[41.4471,41.4571],[41.3071,41.3274],[40.5393,41.0032],[40.4492,41.0425],[40.3703,40.9384],[39.7355,40.9384],[39.1683,41.0797],[38.9208,41.0382],[38.7834,40.9384],[38.2977,40.8736],[38.2217,40.9441],[38.0253,40.9769],[37.8312,40.9384],[37.7706,41.068],[37.2147,41.068],[37.226,41.1475],[37.0651,41.1328],[36.7748,41.3274],[36.451,41.2404],[36.2092,41.2625],[35.9561,41.7127],[35.9227,41.6462],[35.9457,41.7167],[35.5767,41.6297],[35.157,41.7167],[35.0921,41.928],[35.123,42.0248],[35.0615,42.0413],[34.9178,42.0413],[34.7845,41.9114],[33.2771,41.9764],[32.6675,41.8369],[32.6947,41.7816],[31.4983,41.352],[31.3928,41.1884],[31.1801,41.068],[30.6242,41.068],[30.53,41.1522],[30.3513,41.1922],[30.1369,41.1438],[29.0894,41.1382],[29.0524,41.068],[29.1156,41.068],[29.1034,40.9447],[29.2639,40.8698],[29.2949,40.8388],[29.2546,40.8108],[29.493,40.8736],[29.4438,40.7766],[29.9393,40.7351],[29.5599,40.6911],[29.4906,40.7272],[28.9422,40.6184],[28.9156,40.4714],[29.1515,40.4341],[29.0463,40.3554],[27.9388,40.3554],[27.904,40.3999],[27.9505,40.4849],[27.7921,40.4849],[27.7918,40.3929],[27.8836,40.3863],[27.6958,40.2906],[27.5376,40.2906],[27.2948,40.4059],[26.6819,40.3561],[26.408,40.1937],[26.311,40.0195],[26.2205,40.0029],[26.1325,39.5143],[26.9377,39.5748],[26.9299,39.4877],[26.801,39.4335],[26.7422,39.2557],[26.8945,39.1911],[26.8793,38.9972],[26.9579,38.9972],[26.9399,38.9327],[27.0413,38.9401],[27.0627,38.8869],[26.9084,38.8204],[26.9314,38.7551],[26.8495,38.6097],[27.0798,38.5451],[27.0728,38.4537],[27.1642,38.4466],[27.0694,38.4094],[27.065,38.3515],[26.6762,38.3515],[26.6731,38.3072],[26.595,38.3515],[26.5358,38.6097],[26.3895,38.6719],[26.4058,38.4535],[26.513,38.4329],[26.4515,38.4261],[26.4289,38.2224],[26.8203,38.2224],[26.889,38.0933],[27.2753,38.0288],[27.2559,37.7707],[27.1794,37.6106],[27.31,37.4483],[27.2461,37.3362],[27.4072,37.4127],[27.4385,37.3908],[27.3921,37.3538],[27.5392,37.3838],[27.5644,37.2735],[27.616,37.2747],[27.598,37.126],[28.0653,37.126],[28.1313,37.0363],[28.3294,37.0368],[28.2124,37.0004],[28.1653,36.9116],[28.1034,36.9353],[28.0583,36.7721],[28.1184,36.8006],[28.1305,36.754],[28.0314,36.6749],[28.1961,36.6854],[28.2572,36.8462],[28.315,36.8291],[28.2934,36.7959],[28.452,36.8836],[28.5905,36.8682],[28.7361,36.7393],[29.1249,36.7393],[29.2163,36.3291],[29.3496,36.2326],[29.4116,36.2674],[29.4666,36.224],[29.938,36.224],[30.0261,36.3528],[30.4919,36.3528],[30.6191,36.9326],[31.086,36.9326],[32.0681,36.6105],[32.4985,36.224],[32.5369,36.1],[32.733,36.0376],[33.2744,36.224],[33.8711,36.3149],[33.9791,36.2884],[34.2507,36.6749],[34.5816,36.8682],[34.8929,36.8682],[34.9352,36.726],[35.1127,36.7393],[35.3323,36.6105],[35.4875,36.6105],[35.8336,36.9326],[36.1449,36.9326],[36.2862,36.8037],[36.2649,36.6105],[35.8417,36.2884],[35.9901,36.224],[35.9767,36.001],[35.8449,35.5802],[35.9929,35.5158],[35.9153,35.2879],[35.9624,35.1979],[35.927,34.8723],[36.0682,34.7436],[36.0488,34.5506],[35.7921,34.2933],[35.6652,34.3113],[35.6838,33.9718],[35.4705,33.9021],[35.4993,33.6502],[35.3944,33.65],[35.3984,33.3931],[35.2154,33.0716],[35.089,33.0205],[35.0218,32.6216],[34.8851,32.4821],[34.7926,32.161],[34.813,31.9789],[34.6909,31.9134],[34.6028,31.7558],[34.6334,31.6575],[34.3076,31.4005],[34.2972,31.2719],[33.7493,31.0791],[32.8317,31.0148],[32.8055,31.0655],[32.6665,31.0523],[32.7907,31.0941],[32.6016,31.061],[32.3894,31.2076],[32.2944,31.2076],[32.3039,31.0791],[32.1065,31.0534],[31.9996,31.0791],[31.9063,31.2516],[31.7806,31.2076],[31.8077,31.2812],[31.7691,31.2988],[31.8741,31.4647],[31.2658,31.4647],[31.1215,31.5275],[31.0291,31.5185],[30.9807,31.4365],[30.7985,31.4465],[30.7344,31.3881],[30.5427,31.395],[30.6916,31.4647],[30.352,31.4647],[30.3019,31.3422],[30.3388,31.2719],[30.2887,31.2379],[29.9904,31.2719],[29.8315,31.1513],[29.8696,31.0791],[29.6332,30.9506],[29.5543,30.9848],[29.4481,30.9336],[29.3971,30.822],[28.865,30.822],[28.4964,31.0148],[27.5149,31.1434],[27.2975,31.3362],[26.9303,31.4411],[25.248,31.4647],[25.102,31.5933],[25.1097,31.7462],[24.8925,31.9789],[24.1294,31.9789],[23.6803,32.1717],[23.3122,32.1627],[23.0806,32.3341],[23.0894,32.6216],[21.99,32.9134],[21.8067,32.9133],[21.4117,32.7502],[21.0578,32.7736],[20.8712,32.6216],[20.7962,32.6428],[20.6898,32.6041],[20.7159,32.5574],[20.563,32.5574],[20.482,32.4288],[20.417,32.4565],[20.3255,32.4098],[20.2461,32.236],[20.0715,32.1764],[19.9961,31.5933],[20.2143,31.2719],[20.1467,31.1636],[20.2021,30.8863],[19.9682,30.6935],[19.9643,30.565],[19.655,30.3722],[18.9686,30.2436],[18.787,30.3722],[18.5925,30.3722],[18.2175,30.7602],[17.8486,30.9237],[16.8136,31.2076],[16.1786,31.2076],[15.649,31.4005],[15.5323,31.6118],[15.4246,31.6575],[15.2823,32.3002],[15.0825,32.4133],[14.4444,32.4931],[14.0979,32.7281],[13.4537,32.8145],[13.2571,32.9186],[12.8413,32.8085],[12.8408,32.7502],[12.229,32.8145],[11.4544,33.2002],[11.1578,33.2002],[11.0798,33.5856],[10.7381,33.478],[10.584,33.6644],[10.2368,33.7146],[10.0058,33.9075],[10.0052,34.1706],[10.0661,34.242],[10.0045,34.2933],[10.543,34.5506],[10.8512,34.8079],[10.8512,34.9366],[10.9844,34.9994],[11.055,35.1404],[11.0057,35.3871],[11.0831,35.5073],[11.0161,35.5802],[10.9284,35.5802],[10.839,35.7683],[10.6962,35.7089],[10.4635,35.902],[10.5349,36.3573],[10.4625,36.4172],[11.0062,36.8037],[11.0063,36.9971],[10.5187,36.7558],[10.3553,36.7312],[10.1885,36.7976],[10.2685,36.9378],[10.1824,37.027],[10.2271,37.1177],[10.1281,37.1587],[10.2272,37.1949],[9.925,37.213],[9.8159,37.1518],[9.7718,37.2133],[9.8157,37.2491],[9.6158,37.3151],[9.0595,37.0615],[8.9723,37.0975],[8.8244,36.9795],[8.6443,36.9535],[8.5164,36.8682],[7.7383,36.8682],[7.4902,37.055],[7.3979,37.0615],[7.3463,37.0615],[7.1937,36.8682],[6.8047,36.8682],[6.3339,37.0615],[6.2357,36.9212],[6.1043,36.8741],[6.1058,36.8037],[5.5581,36.7337],[5.3044,36.643],[5.0978,36.6749],[4.8595,36.8682],[4.262,36.9116],[3.85,36.8037],[3.664,36.8344],[3.2299,36.7393],[2.8411,36.7393],[2.6008,36.5963],[2.3516,36.6383],[1.5296,36.4816],[1.197,36.5118],[1.144,36.4172],[0.759,36.3415]],[[24.6883,30.1442],[24.6887,30.1828],[24.6967,30.127],[24.6883,30.1442]],[[24.6887,30.1828],[24.7629,30.3171],[24.767,30.3214],[24.6887,30.1828]],[[34.9635,29.5941],[34.967,29.6081],[34.9898,29.652],[34.9635,29.5941]],[[35.4529,31.4008],[35.4585,31.4916],[35.4587,31.4916],[35.4593,31.4958],[35.4529,31.4008]],[[35.552,32.3679],[35.5533,32.3691],[35.5656,32.3134],[35.552,32.3679]],[[35.5568,32.3724],[35.5594,32.3748],[35.5656,32.3679],[35.5568,32.3724]],[[35.5585,32.5191],[35.5614,32.5192],[35.5674,32.5102],[35.5585,32.5191]],[[35.5594,32.4704],[35.5626,32.4747],[35.5725,32.4567],[35.5594,32.4704]],[[35.5688,32.4829],[35.5778,32.4948],[35.58,32.4915],[35.5688,32.4829]],[[35.7716,32.7467],[35.7749,32.7473],[35.7882,32.7344],[35.7716,32.7467]],[[36.2318,33.8525],[36.3178,33.8272],[36.3006,33.8287],[36.2318,33.8525]],[[36.2672,33.9104],[36.2886,33.9465],[36.2691,33.9073],[36.2672,33.9104]],[[36.2699,33.906],[36.3111,33.872],[36.2753,33.8972],[36.2699,33.906]],[[36.6665,36.2657],[36.6691,36.2599],[36.6681,36.2532],[36.6665,36.2657]]],[[[9.8196,37.2276],[9.8612,37.2338],[9.906,37.2193],[9.842,37.2404],[9.8196,37.2276]]],[[[14.5158,45.1042],[14.7791,45.0187],[14.6653,45.0873],[14.6653,45.1618],[14.5974,45.1664],[14.5959,45.2375],[14.5158,45.1042]]],[[[14.5826,45.257],[14.8528,45.0937],[14.9216,44.9588],[14.9113,44.6789],[15.0073,44.5697],[15.308,44.3544],[15.5287,44.2718],[15.2612,44.3326],[15.2953,44.2507],[15.1981,44.3017],[15.1765,44.25],[15.2129,44.131],[15.4591,43.9938],[15.4551,43.928],[15.6186,43.9286],[15.6954,43.7982],[15.8566,43.7982],[16.0117,43.6027],[15.9595,43.504],[16.5754,43.6027],[16.7342,43.5375],[16.7302,43.4247],[17.0513,43.4072],[17.1139,43.2132],[17.2058,43.1691],[17.3654,43.2118],[17.3606,43.0893],[17.4336,43.0174],[17.502,43.031],[17.5156,42.9589],[17.9915,42.8213],[18.2191,42.5984],[18.6286,42.4482],[18.6873,42.4829],[18.7063,42.4197],[18.852,42.3662],[19.4436,41.8653],[19.5916,41.8188],[19.5576,41.6605],[19.613,41.6053],[19.4715,41.5823],[19.5297,41.522],[19.4438,41.3922],[19.5233,41.3922],[19.4555,41.1485],[19.5234,40.9206],[19.3688,40.8022],[19.3044,40.6531],[19.4863,40.6144],[19.4714,40.2906],[19.6295,40.2906],[20.0094,39.967],[19.9876,39.7083],[20.155,39.7083],[20.2972,39.385],[20.9538,39.0342],[21.0584,39.009],[21.0852,39.0629],[21.1599,38.9977],[21.1774,38.876],[21.1023,38.9108],[21.0852,38.8643],[21.0274,38.9326],[20.8599,38.9605],[20.7414,38.8034],[20.9737,38.7389],[21.1933,38.416],[21.3376,38.3989],[21.3225,38.4963],[21.4224,38.3889],[21.7625,38.3284],[21.8312,38.3967],[21.9876,38.4106],[22.1892,38.3231],[22.3823,38.3427],[22.4016,38.4534],[22.5625,38.2935],[22.6465,38.39],[22.8057,38.227],[23.2234,38.1592],[23.1729,38.0795],[22.8755,38.0493],[22.9754,37.979],[22.8672,37.9395],[22.6804,38.0666],[21.8495,38.3413],[21.7333,38.2514],[21.7286,38.1578],[21.4156,38.1578],[21.2436,37.8352],[21.6966,37.5128],[21.6958,37.3164],[21.6031,37.1904],[21.681,37.1904],[21.7435,36.8682],[21.8992,36.8682],[21.9085,37.0615],[22.22,37.0615],[22.3757,36.6749],[22.5118,36.6749],[22.5994,36.8682],[22.8328,36.8682],[23.0391,36.7062],[22.8532,37.2549],[22.7007,37.3193],[22.7144,37.5773],[22.9486,37.5773],[23.1756,37.4483],[23.1685,37.3193],[23.278,37.3498],[23.23,37.3749],[23.2627,37.401],[23.3849,37.4134],[23.36,37.5475],[23.1083,37.6417],[23.0151,37.9252],[23.2044,37.963],[23.2082,38.0288],[23.5746,38.0468],[23.5597,37.9866],[23.9786,37.8352],[24.0361,38.2224],[23.6729,38.3564],[23.5929,38.4806],[23.3126,38.4806],[23.1826,38.6538],[23.1045,38.6384],[22.9149,38.7756],[22.5251,38.8581],[22.6216,38.9145],[22.792,38.878],[23.0731,39.0363],[22.9639,39.009],[22.9981,39.0698],[22.9516,39.1238],[22.7973,39.0618],[22.8163,39.385],[23.1318,39.4489],[22.6109,39.9023],[22.6497,39.9853],[22.5437,40.0964],[22.5716,40.5496],[22.9105,40.6446],[22.9832,40.5527],[22.9265,40.5153],[22.9592,40.4201],[23.7374,40.2259],[23.6936,40.3092],[23.7777,40.3548],[23.8386,40.5496],[23.6846,40.6144],[23.698,40.8088],[24.0106,40.744],[24.3466,41.0032],[25.1384,41.0101],[25.1358,40.9692],[25.8495,40.9384],[26.0822,40.8736],[26.1403,40.6144],[26.5472,40.744],[26.621,40.6792],[26.9324,40.6144],[26.7685,40.5496],[26.8466,40.5165],[26.9576,40.5584],[27.0172,40.6792],[27.5275,41.068],[29.0429,41.068],[29.0645,41.1371],[28.9631,41.1328],[28.975,41.2529],[28.5053,41.3274],[28.0814,41.6518],[27.9794,41.6518],[28.0043,41.9114],[27.7835,42.1063],[27.7804,42.2434],[27.4529,42.4801],[27.5135,42.6262],[27.8466,42.7563],[27.8049,43.1467],[27.8982,43.2769],[28.0607,43.3092],[28.1925,43.4078],[28.1592,43.4723],[28.4811,43.4723],[28.6163,43.9938],[28.5356,43.9938],[28.5769,44.3854],[28.7612,44.5223],[28.7578,44.6268],[28.8362,44.6268],[28.784,44.6492],[28.8257,44.7332],[28.802,44.9734],[28.9832,45.0123],[29.1106,44.97],[29.0418,44.9257],[29.0603,44.8323],[29.0964,44.8751],[29.1388,44.8392],[29.1009,44.7773],[29.5253,44.908],[29.6213,45.0388],[29.6659,45.4313],[29.5105,45.4968],[28.4307,45.3004],[28.275,45.3659],[28.2376,45.4521],[28.2814,45.4265],[28.2888,45.4968],[28.0513,45.5623],[28.0376,45.4313],[27.7867,45.3659],[27.7666,45.1696],[27.9224,45.1042],[27.8888,44.7773],[27.7266,44.7773],[27.7067,44.5813],[27.8687,44.5813],[27.8488,44.3854],[27.9297,44.3854],[27.7481,44.1896],[26.3682,44.1243],[25.5205,43.6678],[24.8062,43.7982],[24.0754,43.733],[23.9244,43.8634],[23.3647,43.9286],[23.1937,43.7982],[22.9518,43.7982],[22.8479,43.4723],[22.6019,43.4072],[22.3784,43.6678],[22.0605,43.733],[21.5214,44.1243],[20.887,44.3201],[20.6559,44.516],[20.1628,44.3854],[20.0965,44.6466],[19.9344,44.6466],[19.9236,44.4507],[19.6704,44.2548],[19.6599,44.0591],[19.4109,43.9286],[19.4747,43.6027],[19.3136,43.6027],[19.3808,43.3421],[18.4963,43.3421],[18.5023,43.4723],[17.8557,43.4072],[17.2222,43.6678],[17.1467,43.7982],[16.4277,43.9938],[16.3558,44.2548],[16.1941,44.2548],[16.1984,44.3854],[16.0387,44.4507],[15.8849,44.7119],[15.6417,44.7119],[15.6475,44.908],[15.4852,44.908],[15.1675,45.1696],[14.9335,45.5623],[14.6076,45.5623],[14.5826,45.257]],[[18.4437,42.8345],[18.4517,42.8023],[18.4446,42.8171],[18.4437,42.8345]],[[18.4598,42.7852],[18.4838,42.7525],[18.4674,42.7692],[18.4598,42.7852]],[[19.2749,42.1913],[19.4004,42.3259],[19.2764,42.1857],[19.2749,42.1913]],[[19.2803,42.1714],[19.2925,42.1577],[19.2821,42.1646],[19.2803,42.1714]],[[19.4004,42.3259],[19.4027,42.352],[19.4111,42.3648],[19.4004,42.3259]],[[19.4152,42.371],[19.4172,42.3741],[19.5178,42.458],[19.4152,42.371]],[[19.5286,43.9772],[19.6008,44.0144],[19.5934,44.0056],[19.5286,43.9772]],[[19.6218,42.605],[19.676,42.6467],[19.6993,42.6548],[19.6218,42.605]],[[19.7516,42.4934],[19.792,42.4729],[19.7845,42.4746],[19.7516,42.4934]],[[19.8102,42.4687],[19.8267,42.4697],[19.8196,42.4665],[19.8102,42.4687]],[[20.0248,42.7234],[20.1039,42.6531],[20.0361,42.708],[20.0248,42.7234]],[[20.0248,42.7234],[20.0265,42.7432],[20.0332,42.7473],[20.0248,42.7234]],[[20.0392,42.5578],[20.065,42.5468],[20.1526,42.4937],[20.0392,42.5578]],[[20.1169,42.9767],[20.1946,42.9668],[20.2112,42.9599],[20.1169,42.9767]],[[20.2166,42.7983],[20.2176,42.8027],[20.2226,42.8037],[20.2166,42.7983]],[[20.249,39.6848],[20.2875,39.7112],[20.2827,39.7044],[20.249,39.6848]],[[20.3334,42.3179],[20.457,42.2505],[20.4741,42.2352],[20.3334,42.3179]],[[20.4862,42.2243],[20.5008,42.2112],[20.5203,42.1761],[20.4862,42.2243]],[[20.5405,42.1396],[20.5494,42.1235],[20.5522,42.0738],[20.5405,42.1396]],[[20.6225,43.1307],[20.6279,43.1231],[20.6261,43.1237],[20.6225,43.1307]],[[20.6518,43.0704],[20.6692,43.1098],[20.6649,43.0854],[20.6518,43.0704]],[[20.6815,41.844],[20.7121,41.8605],[20.703,41.8496],[20.6815,41.844]],[[20.7596,43.2559],[20.7695,43.2608],[20.7799,43.2601],[20.7596,43.2559]],[[20.8068,43.2583],[20.8194,43.2574],[20.8276,43.2501],[20.8068,43.2583]],[[20.9579,40.5149],[20.999,40.54],[20.9815,40.5233],[20.9579,40.5149]],[[21.0152,40.5556],[21.0237,40.5888],[21.0188,40.559],[21.0152,40.5556]],[[21.0186,40.6909],[21.0353,40.6594],[21.0335,40.6487],[21.0186,40.6909]],[[21.2378,42.0974],[21.2917,42.0921],[21.2889,42.0897],[21.2378,42.0974]],[[21.295,42.149],[21.3013,42.1006],[21.2988,42.0984],[21.295,42.149]],[[21.3613,42.2182],[21.3668,42.2239],[21.3766,42.2226],[21.3613,42.2182]],[[21.5576,42.2639],[21.5717,42.2461],[21.5638,42.247],[21.5576,42.2639]],[[21.7005,42.6856],[21.7089,42.6872],[21.7191,42.684],[21.7005,42.6856]],[[22.0476,42.3045],[22.076,42.3053],[22.0609,42.3011],[22.0476,42.3045]],[[22.5088,42.4049],[22.5365,42.4784],[22.5331,42.4576],[22.5088,42.4049]],[[22.5152,42.5141],[22.5249,42.5077],[22.5365,42.4784],[22.5152,42.5141]],[[22.827,43.2814],[22.8901,43.2269],[22.8838,43.2306],[22.827,43.2814]],[[22.8815,41.3356],[22.917,41.3358],[23.1152,41.3127],[22.8815,41.3356]],[[22.9014,41.8604],[22.9427,41.7758],[22.9397,41.7767],[22.9014,41.8604]],[[22.9045,43.2186],[22.9814,43.199],[22.9155,43.2122],[22.9045,43.2186]],[[22.933,41.6123],[22.9351,41.6189],[22.9332,41.6055],[22.933,41.6123]],[[22.9334,41.595],[22.9487,41.561],[22.9337,41.5846],[22.9334,41.595]],[[22.9385,41.6299],[22.9409,41.6376],[22.9443,41.6388],[22.9385,41.6299]],[[22.967,41.647],[23.0004,41.7015],[22.9986,41.6931],[22.967,41.647]],[[24.1262,41.5294],[24.1463,41.5268],[24.1702,41.5116],[24.1262,41.5294]],[[24.1816,41.5374],[24.1963,41.547],[24.2121,41.5518],[24.1816,41.5374]],[[25.1771,41.2939],[25.2308,41.248],[25.2197,41.2497],[25.1771,41.2939]],[[26.0475,41.6746],[26.0493,41.6823],[26.055,41.6488],[26.0475,41.6746]],[[26.0522,41.6952],[26.0537,41.7015],[26.0579,41.7035],[26.0522,41.6952]],[[26.1312,41.5527],[26.1525,41.547],[26.1544,41.5437],[26.1312,41.5527]],[[26.1459,41.478],[26.1602,41.5019],[26.1593,41.4938],[26.1459,41.478]],[[26.1589,41.5362],[26.1631,41.5291],[26.1617,41.5157],[26.1589,41.5362]],[[26.2304,41.7466],[26.2344,41.7458],[26.2739,41.7149],[26.2304,41.7466]],[[26.3668,41.7112],[26.3774,41.7106],[26.4044,41.6918],[26.3668,41.7112]],[[26.5837,41.3326],[26.6097,41.3307],[26.5911,41.3293],[26.5837,41.3326]]],[[[14.9089,44.5813],[14.9595,44.5396],[14.9729,44.5361],[15.0142,44.5187],[15.0073,44.5045],[15.0755,44.4841],[15.0412,44.5275],[15.0039,44.5361],[14.9663,44.5734],[14.9095,44.6068],[14.9089,44.5813]]],[[[15.0415,44.4766],[15.1597,44.3262],[15.2271,44.3264],[15.1651,44.3674],[15.2544,44.34],[15.0415,44.4766]]],[[[15.1642,44.3057],[15.1652,44.3012],[15.1724,44.2991],[15.1642,44.3057]]],[[[15.2158,44.072],[15.2187,44.0591],[15.2398,44.0534],[15.2258,44.0662],[15.2158,44.072]]],[[[15.401,43.904],[15.4461,43.8875],[15.4268,43.9221],[15.4165,43.928],[15.401,43.904]]],[[[16.7272,43.3421],[16.7959,43.3559],[16.7282,43.3691],[16.7272,43.3421]]],[[[17.3552,42.9515],[17.4376,42.9515],[17.3905,42.9777],[17.3566,42.9879],[17.3552,42.9515]]],[[[17.5079,42.7563],[17.5159,42.7684],[17.5085,42.7718],[17.5079,42.7563]]],[[[17.5119,42.8554],[17.6399,42.8788],[17.5261,42.9218],[17.5119,42.8554]]],[[[17.6662,42.8745],[17.677,42.8727],[17.6737,42.8751],[17.6662,42.8745]]],[[[19.7578,39.6436],[19.9065,39.5814],[19.8416,39.7042],[19.947,39.7729],[19.7637,39.7729],[19.7578,39.6436]]],[[[22.833,38.8227],[22.9818,38.845],[22.9564,38.878],[23.0202,38.9214],[22.833,38.8227]]],[[[23.0356,36.6926],[23.0463,36.6833],[23.0517,36.6872],[23.0498,36.6926],[23.0356,36.6926]]],[[[23.0365,38.9279],[23.3318,38.8034],[23.4651,38.8569],[23.2006,39.0093],[23.0365,38.9279]]],[[[23.3122,37.6174],[23.3406,37.6003],[23.3536,37.5821],[23.3442,37.6327],[23.3122,37.6174]]],[[[23.4014,37.3193],[23.4024,37.3193],[23.4023,37.3198],[23.4014,37.3193]]],[[[23.5634,38.7389],[23.6355,38.5286],[23.594,38.4534],[23.6492,38.4057],[24.0422,38.4015],[24.0669,38.351],[24.0254,38.3305],[24.1617,38.2698],[24.1789,38.5451],[24.0302,38.6743],[23.5634,38.7389]]],[[[24.1275,38.2224],[24.1447,38.2224],[24.1426,38.227],[24.157,38.2296],[24.1591,38.2287],[24.1614,38.2661],[24.1311,38.2358],[24.1275,38.2224]]],[[[26.2318,40.0656],[26.3758,40.1535],[26.3456,40.1998],[26.6167,40.3595],[26.6839,40.4849],[26.2723,40.2906],[26.2318,40.0656]]],[[[27.5815,37.1982],[27.5831,37.1912],[27.5877,37.1988],[27.5815,37.1982]]],[[[30.1795,31.2714],[30.1849,31.2719],[30.1795,31.2719],[30.1795,31.2714]]],[[[30.2409,31.2653],[30.2648,31.2719],[30.2479,31.2719],[30.2409,31.2653]]],[[[30.9691,31.5785],[30.9739,31.5799],[30.9739,31.5867],[30.9695,31.5854],[30.9691,31.5785]]],[[[30.978,31.5843],[31.119,31.5305],[31.1608,31.5935],[30.978,31.5843]]],[[[33.9551,26.79],[34.0036,26.7082],[34.0029,26.7316],[33.9756,26.79],[33.9551,26.79]]],[[[-6.0043,35.3871],[-5.0765,35.3871],[-5.3258,35.6445],[-5.3411,35.8372],[-5.9458,35.7097],[-6.0043,35.3871]]],[[[14.3384,35.9455],[14.3815,35.843],[14.5618,35.8298],[14.5078,35.9285],[14.3773,35.9936],[14.3384,35.9455]]],[[[22.9016,36.3383],[22.9292,36.178],[23.0533,36.1596],[23.0769,36.2707],[22.9446,36.3894],[22.9016,36.3383]]],[[[24.2754,37.5317],[24.3958,37.6247],[24.3728,37.6852],[24.2893,37.6453],[24.2754,37.5317]]],[[[20.6195,37.8228],[20.7934,37.6685],[20.9261,37.7284],[20.886,37.814],[20.7247,37.8998],[20.6554,37.8998],[20.6195,37.8228]]],[[[20.339,38.2002],[20.3801,38.1518],[20.4253,38.1753],[20.4351,38.2788],[20.4943,38.1337],[20.7865,38.0933],[20.6817,38.2821],[20.6429,38.2534],[20.5991,38.3026],[20.6258,38.3518],[20.5664,38.416],[20.479,38.3095],[20.3999,38.3641],[20.339,38.2002]]],[[[20.6878,38.3367],[20.7194,38.3156],[20.7387,38.3189],[20.6951,38.3434],[20.6878,38.3367]]],[[[23.4849,38.7389],[23.5634,38.7389],[23.5668,38.7946],[23.4888,38.8034],[23.4849,38.7389]]],[[[1.2204,38.9553],[1.2529,38.8623],[1.4031,38.8323],[1.4147,38.8906],[1.6231,39.0292],[1.5227,39.1189],[1.3568,39.0776],[1.2928,39.0333],[1.301,38.9678],[1.2204,38.9553]]],[[[12.4905,37.7062],[13.192,37.5773],[13.6022,37.2505],[14.2779,37.126],[14.6723,36.7393],[15.0498,36.7393],[15.2102,36.9971],[15.2133,37.1583],[15.0592,37.2549],[15.0665,37.6417],[15.3895,38.1578],[15.5432,38.1578],[15.5865,38.2377],[14.0562,37.9643],[13.6652,37.9643],[13.3547,38.1578],[13.1199,38.1578],[13.0404,38.0288],[12.6522,38.0929],[12.4919,37.8998],[12.4905,37.7062]]],[[[12.5258,41.5869],[12.9222,41.4571],[13,41.3274],[13.7145,41.2625],[13.862,41.1328],[13.9506,41.1328],[14.1046,40.8736],[14.4219,40.8736],[14.4194,40.7517],[14.4741,40.7297],[14.4363,40.6792],[14.8934,40.6792],[14.9983,40.3976],[14.9638,40.2906],[15.4319,40.0317],[15.5349,40.0778],[15.7478,40.0317],[15.7136,39.978],[15.7736,39.8424],[15.8989,39.7729],[15.8938,39.5789],[16.048,39.4496],[16.2652,38.7389],[15.9497,38.6743],[15.8621,38.2869],[15.6328,38.2203],[15.6982,37.9643],[15.9328,37.9643],[16.4919,38.416],[16.5024,38.8034],[17.1383,39.0618],[17.0697,39.385],[16.4473,39.6436],[16.4548,39.9023],[16.6769,40.1511],[16.6245,40.2906],[16.777,40.2906],[16.9137,40.4464],[16.868,40.4849],[17.0285,40.5496],[17.3452,40.5496],[17.4175,40.3554],[17.8131,40.3554],[18.1122,39.9023],[18.3489,39.9023],[18.4381,40.1612],[17.9812,40.6144],[17.5107,40.744],[17.2027,41.0032],[15.9439,41.3922],[15.8738,41.7167],[16.1149,41.7816],[16.1189,41.9114],[15.2414,41.9114],[15.008,41.999],[14.924,41.9764],[14.7659,42.0413],[14.7178,42.1506],[14.6077,42.1063],[14.2938,42.3662],[13.0924,42.2362],[13.0106,42.1063],[12.8509,42.1063],[12.767,41.7816],[12.5265,41.6518],[12.5258,41.5869]]],[[[20.1453,39.6436],[20.1517,39.6402],[20.1519,39.6436],[20.1453,39.6436]]],[[[2.3508,39.5765],[2.487,39.4788],[2.6817,39.5587],[2.7435,39.5234],[2.7866,39.3759],[3.1447,39.3203],[3.2825,39.4201],[3.4744,39.7497],[3.1626,39.7691],[3.1263,39.8319],[3.1959,39.8906],[3.0947,39.8812],[3.1738,39.967],[2.8132,39.8726],[2.3508,39.5765]]],[[[3.8032,40.0181],[3.8307,39.9361],[4.3008,39.8378],[4.1705,40.0646],[4.1423,40.0248],[4.1051,40.0794],[3.8032,40.0181]]],[[[8.1567,40.7718],[8.1974,40.6912],[8.1618,40.5638],[8.1934,40.6175],[8.2163,40.5706],[8.312,40.5781],[8.386,40.3518],[8.4761,40.2921],[8.49,40.1045],[8.3772,40.0338],[8.4004,39.9361],[8.5453,39.8786],[8.5044,39.7215],[8.5658,39.7011],[8.4553,39.7561],[8.4634,39.5769],[8.374,39.3789],[8.4321,39.3018],[8.4095,39.1693],[8.5596,39.0567],[8.606,38.9088],[8.7166,38.9326],[8.8533,38.878],[9.0183,38.9953],[9.0183,39.1461],[9.0798,39.2246],[9.0139,39.2639],[9.166,39.1871],[9.2922,39.2213],[9.4052,39.1521],[9.5664,39.1492],[9.7111,39.9293],[9.6262,40.2631],[9.8225,40.5327],[9.6579,40.7999],[9.724,40.8449],[9.6141,40.8934],[9.6421,40.9206],[9.5042,40.9269],[9.6469,40.9922],[9.5119,41.0163],[9.5541,41.1239],[9.4691,41.1462],[9.4429,41.092],[9.4224,41.1807],[9.1711,41.2426],[9.1419,41.1528],[9.0055,41.1219],[8.8225,40.9473],[8.5205,40.827],[8.3102,40.8507],[8.1812,40.9341],[8.2153,40.8814],[8.1567,40.7718]]],[[[8.3533,39.0556],[8.4312,38.9661],[8.4839,39.0698],[8.3701,39.1131],[8.3533,39.0556]]],[[[9.3767,41.2147],[9.377,41.2133],[9.3953,41.2106],[9.4007,41.2115],[9.3767,41.2147]]],[[[9.437,41.1859],[9.4644,41.1727],[9.4749,41.1793],[9.4749,41.2014],[9.445,41.2055],[9.437,41.1859]]],[[[12.0518,42.0413],[12.1317,42.0413],[12.1305,41.9131],[12.2894,41.8465],[12.4496,41.9114],[12.3732,42.2362],[12.1334,42.2362],[12.0518,42.0413]]],[[[8.5453,42.2329],[8.5938,42.1745],[8.5596,42.154],[8.745,42.0566],[8.6457,41.9774],[8.8054,41.9069],[8.7508,41.8455],[8.7849,41.8244],[8.6551,41.7499],[8.9227,41.6946],[8.8018,41.6391],[8.7918,41.5612],[9.0798,41.4824],[9.0964,41.4035],[9.2255,41.3771],[9.2107,41.4482],[9.3506,41.5812],[9.2922,41.6264],[9.3467,41.6196],[9.4016,41.7064],[9.4032,41.9529],[9.5596,42.1466],[9.5281,42.5635],[9.4429,42.6406],[9.464,42.9901],[9.3467,43.0037],[9.3057,42.8393],[9.3425,42.7491],[9.2922,42.6748],[9.1178,42.732],[8.787,42.562],[8.7092,42.5792],[8.6595,42.4299],[8.5491,42.3771],[8.6878,42.2729],[8.5453,42.2329]]],[[[9.4566,42.6474],[9.4768,42.6191],[9.4769,42.6201],[9.4821,42.6201],[9.4566,42.6474]]],[[[32.2717,35.0728],[32.3294,34.8864],[32.459,34.7219],[32.7099,34.6458],[32.9136,34.6567],[32.9425,34.5794],[33.0303,34.5685],[33.0156,34.6344],[33.0864,34.6948],[33.2601,34.7005],[33.5917,34.8203],[33.7015,34.9729],[34.0685,34.9979],[33.9431,35.0653],[34.0123,35.0638],[33.8999,35.1645],[33.9121,35.26],[34.5384,35.671],[33.6603,35.3593],[33.4275,35.3289],[32.9231,35.3871],[32.9294,35.233],[32.8652,35.157],[32.6897,35.1839],[32.4138,35.043],[32.2717,35.0728]],[[33.7592,34.9887],[33.7911,34.9824],[33.7874,34.98],[33.7592,34.9887]],[[32.712,35.1731],[32.7315,35.1432],[32.7127,35.1634],[32.712,35.1731]],[[33.4666,35.0051],[33.4675,35.0126],[33.4768,35.0027],[33.4666,35.0051]],[[33.6195,35.0168],[33.7115,34.9856],[33.7029,34.9879],[33.6195,35.0168]],[[33.6794,35.0349],[33.7022,35.0223],[33.6794,35.0339],[33.6794,35.0349]],[[33.6966,35.009],[33.7022,35.0223],[33.7002,35.0067],[33.6966,35.009]],[[33.8412,35.0511],[33.8801,35.0731],[33.8551,35.0534],[33.8412,35.0511]]],[[[23.6154,35.5158],[23.6792,35.2584],[24.7574,35.194],[24.8237,35.001],[26.1401,35.0653],[26.2253,35.194],[25.7953,35.1151],[25.6806,35.1297],[25.6923,35.3227],[24.301,35.3227],[24.1499,35.3871],[24.1541,35.465],[24.0669,35.507],[24.1569,35.5158],[23.6154,35.5158]]],[[[27.708,36.1688],[27.7519,35.905],[27.9934,36.062],[28.0896,36.0551],[28.0617,36.1165],[28.1634,36.2377],[28.2311,36.4498],[27.8997,36.3402],[27.708,36.1688]]],[[[26.9177,36.7161],[27.1854,36.8037],[27.1442,36.8811],[26.9177,36.7161]]],[[[25.3418,37.083],[25.3936,36.9971],[25.5644,36.9971],[25.5727,37.126],[25.3418,37.083]]],[[[24.9955,37.6789],[25.1255,37.5559],[25.216,37.5329],[25.2593,37.59],[24.9955,37.6789]]],[[[25.99,37.5165],[26.2306,37.5714],[26.312,37.6796],[26.0742,37.6379],[25.99,37.5165]]],[[[24.6878,37.9287],[24.9118,37.7283],[24.9944,37.7541],[24.9538,37.8707],[24.7937,37.9941],[24.6878,37.9287]]],[[[25.8407,38.5224],[25.989,38.3793],[25.9644,38.3026],[25.885,38.2794],[25.8898,38.2206],[26.0115,38.1578],[26.1121,38.2226],[26.1636,38.5428],[26.0159,38.602],[25.8696,38.5831],[25.8407,38.5224]]],[[[24.4362,38.878],[24.557,38.8457],[24.5368,38.7918],[24.6643,38.7732],[24.523,38.9643],[24.4611,38.9677],[24.4362,38.878]]],[[[25.8359,39.1822],[26.1021,39.1115],[26.2256,39.2076],[26.2935,39.1772],[26.1002,39.0858],[26.1657,39.0224],[26.5471,38.9879],[26.437,39.1035],[26.4893,39.1137],[26.5394,39.0194],[26.61,39.0229],[26.5397,39.166],[26.3822,39.2771],[26.4074,39.3347],[26.1658,39.3681],[26.0606,39.2895],[25.9226,39.2911],[25.8359,39.1822]]],[[[25.0447,39.9853],[25.047,39.8376],[25.2043,39.8376],[25.2388,39.9195],[25.2798,39.8891],[25.2388,39.8581],[25.3551,39.8376],[25.348,39.9064],[25.4499,39.9884],[25.4377,40.0317],[25.2852,39.9534],[25.2251,40.0089],[25.0447,39.9853]]],[[[25.7052,40.1144],[26.0122,40.1666],[25.9631,40.1571],[25.926,40.2428],[25.759,40.2067],[25.7052,40.1144]]],[[[24.5197,40.6853],[24.6397,40.5732],[24.7801,40.6122],[24.7864,40.7351],[24.6423,40.8039],[24.5197,40.6853]]],[[[32.6053,45.4968],[33.6101,45.1042],[33.6092,44.8717],[33.5151,44.6466],[33.5715,44.6206],[33.4767,44.6099],[33.5086,44.4953],[33.6249,44.4507],[33.7638,44.4507],[34.5385,44.7773],[34.5478,44.8426],[35.2971,44.9734],[35.4267,45.3004],[35.0199,45.3004],[34.9864,45.6278],[34.7419,45.6278],[34.5978,45.7588],[34.6167,45.8898],[34.3812,45.9554],[34.3184,46.0865],[33.737,46.0209],[33.7271,45.9501],[33.777,45.9296],[33.722,45.9136],[33.7096,45.8243],[32.6053,45.4968]]]]}},{"type":"Feature","properties":{"territoryId":"cliopatria-q12544-03f6c8deaf","name":"Eastern Roman Empire","name_ko":"동로마 제국","color":"#4580e3","colorFamily":0,"startYear":540,"endYear":545,"source_name":"Cliopatria v0.2.0","source_url":"https://github.com/Seshat-Global-History-Databank/cliopatria","license":"CC BY 4.0","attribution":"Seshat Global History Databank, Cliopatria contributors"},"geometry":{"type":"MultiPolygon","coordinates":[[[[0.759,36.3415],[0.7669,36.1596],[0.922,36.1596],[1.005,36.0308],[1.1547,36.1596],[2.008,36.1596],[2.0031,36.2884],[2.3159,36.224],[2.7747,36.4172],[5.6494,36.3528],[5.8795,36.4816],[6.3468,36.4172],[6.422,36.546],[6.8893,36.4816],[6.9647,36.6105],[7.5865,36.6105],[7.9024,36.224],[7.8282,35.9664],[7.9057,35.9664],[7.9114,35.5158],[7.9888,35.5158],[7.9942,35.0653],[8.2286,34.8079],[8.4594,34.8723],[8.8462,34.7436],[8.9263,34.3577],[9.0033,34.3577],[8.9288,34.0361],[9.0826,34.0361],[9.3159,33.5859],[9.6236,33.4574],[9.5475,33.3288],[9.625,33.1359],[10.0848,33.1359],[10.0086,33.0073],[10.3916,33.0073],[11.1572,32.6859],[11.3099,32.4931],[11.4629,32.5574],[11.539,32.4288],[11.7684,32.4288],[11.7679,32.3002],[12.4559,32.3645],[13.0667,32.3002],[13.0657,32.1717],[13.2953,32.236],[13.8286,32.1074],[14.5861,31.6575],[14.5844,31.529],[15.1873,31.0791],[15.1845,30.8863],[15.4896,30.9506],[16.7012,30.6935],[18.2813,30.0508],[19.1911,30.0508],[20.9516,30.565],[21.9388,30.565],[22.7667,30.3722],[22.7618,30.2436],[22.916,30.3079],[23.5101,29.9865],[24.26,29.7937],[24.3304,29.6652],[24.7792,29.5366],[24.8467,29.3438],[25.0008,29.4081],[25.1465,29.2795],[25.3735,29.2795],[25.5863,28.9581],[27.1401,28.251],[27.285,28.1224],[27.2763,27.9295],[27.4299,27.9938],[27.792,27.6724],[27.7109,27.5438],[27.9367,27.5438],[28.1537,27.3509],[28.2702,26.5794],[28.3453,26.5794],[28.2437,25.9365],[28.2886,25.165],[28.5688,24.6506],[29.6728,24.2006],[29.9595,23.8792],[30.1087,23.8792],[30.104,23.7506],[30.3952,23.5577],[30.4627,23.3649],[31.6705,23.7506],[32.0409,23.6863],[33.389,23.8149],[33.7564,23.6863],[35.108,23.8792],[35.4808,23.8253],[35.5139,23.9771],[35.7925,23.9023],[35.7386,23.9833],[35.4938,24.1089],[35.3919,24.2828],[35.1446,24.5002],[35.1603,24.5746],[34.5466,25.725],[34.3387,26.0018],[34.014,26.6116],[33.9414,26.6535],[33.9961,26.8966],[33.8368,27.1208],[33.8384,27.2426],[33.6917,27.3419],[33.4963,27.6466],[33.5877,27.651],[33.5579,27.7599],[33.4735,27.8232],[33.5921,27.7912],[33.5544,27.8965],[33.2494,28.1429],[33.0029,28.4895],[32.8689,28.5789],[32.8069,28.7781],[32.6255,28.9727],[32.6528,29.081],[32.5623,29.3863],[32.3377,29.5925],[32.3639,29.6882],[32.5095,29.8668],[32.4769,29.9322],[32.5715,29.9426],[32.5778,30.0114],[32.6045,29.8242],[32.6907,29.7336],[32.7239,29.4705],[32.8172,29.414],[32.8856,29.2431],[33.1779,28.9896],[33.2287,28.5694],[33.5538,28.3153],[33.7634,28.024],[34.0785,27.8007],[34.2631,27.7367],[34.2141,27.7915],[34.4281,27.9859],[34.4553,28.1749],[34.4102,28.32],[34.6245,28.736],[34.7366,29.3113],[34.9572,29.569],[34.9817,29.4804],[36.3193,30.8863],[36.2765,31.2719],[36.3526,31.2719],[36.4919,31.9789],[36.5682,31.9789],[36.5155,32.236],[36.901,33.0716],[38.2346,34.1004],[37.2028,35.2584],[36.1246,36.0308],[36.0815,36.3528],[36.4981,36.6105],[37.2753,36.6105],[38.0051,36.8682],[38.472,36.8682],[38.6433,36.9971],[39.2742,37.0615],[40.0167,37.3838],[41.1349,37.5773],[41.1282,38.0933],[40.9115,38.2224],[40.9479,38.4806],[40.8695,38.4806],[40.9663,38.6097],[40.9817,39.2557],[41.2566,39.5143],[41.326,39.967],[41.4839,39.967],[41.6725,40.1612],[41.7035,40.3554],[41.3598,40.6792],[41.5348,41.2625],[41.8061,41.4571],[41.8392,41.6518],[41.7097,41.7085],[41.5674,41.4571],[41.4471,41.4571],[41.3071,41.3274],[40.5393,41.0032],[40.4492,41.0425],[40.3703,40.9384],[39.7355,40.9384],[39.1683,41.0797],[38.9208,41.0382],[38.7834,40.9384],[38.2977,40.8736],[38.2217,40.9441],[38.0253,40.9769],[37.8312,40.9384],[37.7706,41.068],[37.2147,41.068],[37.226,41.1475],[37.0651,41.1328],[36.7748,41.3274],[36.451,41.2404],[36.2092,41.2625],[35.9561,41.7127],[35.9227,41.6462],[35.9457,41.7167],[35.5767,41.6297],[35.157,41.7167],[35.0921,41.928],[35.123,42.0248],[35.0615,42.0413],[34.9178,42.0413],[34.7845,41.9114],[33.2771,41.9764],[32.6675,41.8369],[32.6947,41.7816],[31.4983,41.352],[31.3928,41.1884],[31.1801,41.068],[30.6242,41.068],[30.53,41.1522],[30.3513,41.1922],[30.1369,41.1438],[29.0894,41.1382],[29.0524,41.068],[29.1156,41.068],[29.1034,40.9447],[29.2639,40.8698],[29.2949,40.8388],[29.2546,40.8108],[29.493,40.8736],[29.4438,40.7766],[29.9393,40.7351],[29.5599,40.6911],[29.4906,40.7272],[28.9422,40.6184],[28.9156,40.4714],[29.1515,40.4341],[29.0463,40.3554],[27.9388,40.3554],[27.904,40.3999],[27.9505,40.4849],[27.7921,40.4849],[27.7918,40.3929],[27.8836,40.3863],[27.6958,40.2906],[27.5376,40.2906],[27.2948,40.4059],[26.6819,40.3561],[26.408,40.1937],[26.311,40.0195],[26.2205,40.0029],[26.1325,39.5143],[26.9377,39.5748],[26.9299,39.4877],[26.801,39.4335],[26.7422,39.2557],[26.8945,39.1911],[26.8793,38.9972],[26.9579,38.9972],[26.9399,38.9327],[27.0413,38.9401],[27.0627,38.8869],[26.9084,38.8204],[26.9314,38.7551],[26.8495,38.6097],[27.0798,38.5451],[27.0728,38.4537],[27.1642,38.4466],[27.0694,38.4094],[27.065,38.3515],[26.6762,38.3515],[26.6731,38.3072],[26.595,38.3515],[26.5358,38.6097],[26.3895,38.6719],[26.4058,38.4535],[26.513,38.4329],[26.4515,38.4261],[26.4289,38.2224],[26.8203,38.2224],[26.889,38.0933],[27.2753,38.0288],[27.2559,37.7707],[27.1794,37.6106],[27.31,37.4483],[27.2461,37.3362],[27.4072,37.4127],[27.4385,37.3908],[27.3921,37.3538],[27.5392,37.3838],[27.5644,37.2735],[27.616,37.2747],[27.598,37.126],[28.0653,37.126],[28.1313,37.0363],[28.3294,37.0368],[28.2124,37.0004],[28.1653,36.9116],[28.1034,36.9353],[28.0583,36.7721],[28.1184,36.8006],[28.1305,36.754],[28.0314,36.6749],[28.1961,36.6854],[28.2572,36.8462],[28.315,36.8291],[28.2934,36.7959],[28.452,36.8836],[28.5905,36.8682],[28.7361,36.7393],[29.1249,36.7393],[29.2163,36.3291],[29.3496,36.2326],[29.4116,36.2674],[29.4666,36.224],[29.938,36.224],[30.0261,36.3528],[30.4919,36.3528],[30.6191,36.9326],[31.086,36.9326],[32.0681,36.6105],[32.4985,36.224],[32.5369,36.1],[32.733,36.0376],[33.2744,36.224],[33.8711,36.3149],[33.9791,36.2884],[34.2507,36.6749],[34.5816,36.8682],[34.8929,36.8682],[34.9352,36.726],[35.1127,36.7393],[35.3323,36.6105],[35.4875,36.6105],[35.8336,36.9326],[36.1449,36.9326],[36.2862,36.8037],[36.2649,36.6105],[35.8417,36.2884],[35.9901,36.224],[35.9767,36.001],[35.8449,35.5802],[35.9929,35.5158],[35.9153,35.2879],[35.9624,35.1979],[35.927,34.8723],[36.0682,34.7436],[36.0488,34.5506],[35.7921,34.2933],[35.6652,34.3113],[35.6838,33.9718],[35.4705,33.9021],[35.4993,33.6502],[35.3944,33.65],[35.3984,33.3931],[35.2154,33.0716],[35.089,33.0205],[35.0218,32.6216],[34.8851,32.4821],[34.7926,32.161],[34.813,31.9789],[34.6909,31.9134],[34.6028,31.7558],[34.6334,31.6575],[34.3076,31.4005],[34.2972,31.2719],[33.7493,31.0791],[32.8317,31.0148],[32.8055,31.0655],[32.6665,31.0523],[32.7907,31.0941],[32.6016,31.061],[32.3894,31.2076],[32.2944,31.2076],[32.3039,31.0791],[32.1065,31.0534],[31.9996,31.0791],[31.9063,31.2516],[31.7806,31.2076],[31.8077,31.2812],[31.7691,31.2988],[31.8741,31.4647],[31.2658,31.4647],[31.1215,31.5275],[31.0291,31.5185],[30.9807,31.4365],[30.7985,31.4465],[30.7344,31.3881],[30.5427,31.395],[30.6916,31.4647],[30.352,31.4647],[30.3019,31.3422],[30.3388,31.2719],[30.2887,31.2379],[29.9904,31.2719],[29.8315,31.1513],[29.8696,31.0791],[29.6332,30.9506],[29.5543,30.9848],[29.4481,30.9336],[29.3971,30.822],[28.865,30.822],[28.4964,31.0148],[27.5149,31.1434],[27.2975,31.3362],[26.9303,31.4411],[25.248,31.4647],[25.102,31.5933],[25.1097,31.7462],[24.8925,31.9789],[24.1294,31.9789],[23.6803,32.1717],[23.3122,32.1627],[23.0806,32.3341],[23.0894,32.6216],[21.99,32.9134],[21.8067,32.9133],[21.4117,32.7502],[21.0578,32.7736],[20.8712,32.6216],[20.7962,32.6428],[20.6898,32.6041],[20.7159,32.5574],[20.563,32.5574],[20.482,32.4288],[20.417,32.4565],[20.3255,32.4098],[20.2461,32.236],[20.0715,32.1764],[19.9961,31.5933],[20.2143,31.2719],[20.1467,31.1636],[20.2021,30.8863],[19.9682,30.6935],[19.9643,30.565],[19.655,30.3722],[18.9686,30.2436],[18.787,30.3722],[18.5925,30.3722],[18.2175,30.7602],[17.8486,30.9237],[16.8136,31.2076],[16.1786,31.2076],[15.649,31.4005],[15.5323,31.6118],[15.4246,31.6575],[15.2823,32.3002],[15.0825,32.4133],[14.4444,32.4931],[14.0979,32.7281],[13.4537,32.8145],[13.2571,32.9186],[12.8413,32.8085],[12.8408,32.7502],[12.229,32.8145],[11.4544,33.2002],[11.1578,33.2002],[11.0798,33.5856],[10.7381,33.478],[10.584,33.6644],[10.2368,33.7146],[10.0058,33.9075],[10.0052,34.1706],[10.0661,34.242],[10.0045,34.2933],[10.543,34.5506],[10.8512,34.8079],[10.8512,34.9366],[10.9844,34.9994],[11.055,35.1404],[11.0057,35.3871],[11.0831,35.5073],[11.0161,35.5802],[10.9284,35.5802],[10.839,35.7683],[10.6962,35.7089],[10.4635,35.902],[10.5349,36.3573],[10.4625,36.4172],[11.0062,36.8037],[11.0063,36.9971],[10.5187,36.7558],[10.3553,36.7312],[10.1885,36.7976],[10.2685,36.9378],[10.1824,37.027],[10.2271,37.1177],[10.1281,37.1587],[10.2272,37.1949],[9.925,37.213],[9.8159,37.1518],[9.7718,37.2133],[9.8157,37.2491],[9.6158,37.3151],[9.0595,37.0615],[8.9723,37.0975],[8.8244,36.9795],[8.6443,36.9535],[8.5164,36.8682],[7.7383,36.8682],[7.4902,37.055],[7.3979,37.0615],[7.3463,37.0615],[7.1937,36.8682],[6.8047,36.8682],[6.3339,37.0615],[6.2357,36.9212],[6.1043,36.8741],[6.1058,36.8037],[5.5581,36.7337],[5.3044,36.643],[5.0978,36.6749],[4.8595,36.8682],[4.262,36.9116],[3.85,36.8037],[3.664,36.8344],[3.2299,36.7393],[2.8411,36.7393],[2.6008,36.5963],[2.3516,36.6383],[1.5296,36.4816],[1.197,36.5118],[1.144,36.4172],[0.759,36.3415]],[[24.6883,30.1442],[24.6887,30.1828],[24.6967,30.127],[24.6883,30.1442]],[[24.6887,30.1828],[24.7629,30.3171],[24.767,30.3214],[24.6887,30.1828]],[[34.9635,29.5941],[34.967,29.6081],[34.9898,29.652],[34.9635,29.5941]],[[35.4529,31.4008],[35.4585,31.4916],[35.4587,31.4916],[35.4593,31.4958],[35.4529,31.4008]],[[35.552,32.3679],[35.5533,32.3691],[35.5656,32.3134],[35.552,32.3679]],[[35.5568,32.3724],[35.5594,32.3748],[35.5656,32.3679],[35.5568,32.3724]],[[35.5585,32.5191],[35.5614,32.5192],[35.5674,32.5102],[35.5585,32.5191]],[[35.5594,32.4704],[35.5626,32.4747],[35.5725,32.4567],[35.5594,32.4704]],[[35.5688,32.4829],[35.5778,32.4948],[35.58,32.4915],[35.5688,32.4829]],[[35.7716,32.7467],[35.7749,32.7473],[35.7882,32.7344],[35.7716,32.7467]],[[36.2318,33.8525],[36.3178,33.8272],[36.3006,33.8287],[36.2318,33.8525]],[[36.2672,33.9104],[36.2886,33.9465],[36.2691,33.9073],[36.2672,33.9104]],[[36.2699,33.906],[36.3111,33.872],[36.2753,33.8972],[36.2699,33.906]]],[[[6.6343,45.1042],[6.6375,44.9734],[6.9652,44.8426],[6.8957,44.3201],[7.2232,44.1243],[7.1502,43.733],[8.0339,43.9286],[8.1916,44.1896],[8.5925,44.4507],[9.1591,44.4507],[9.7274,44.1243],[9.9697,44.1243],[9.9627,44.0447],[10.1314,44.0591],[10.3742,43.6678],[10.5391,43.0796],[11.0163,42.8213],[11.0159,42.6629],[11.176,42.6262],[11.2552,42.4312],[11.4152,42.4312],[11.569,42.3314],[11.6548,42.3662],[11.8128,42.1063],[12.1317,42.0413],[12.1305,41.9131],[13,41.3274],[13.7145,41.2625],[13.862,41.1328],[13.9506,41.1328],[14.1046,40.8736],[14.4219,40.8736],[14.4194,40.7517],[14.4741,40.7297],[14.4363,40.6792],[14.8934,40.6792],[15.0414,40.2259],[15.1995,40.2259],[15.4319,40.0317],[15.5349,40.0778],[15.7478,40.0317],[15.7136,39.978],[15.7736,39.8424],[15.8989,39.7729],[16.1165,39.0618],[16.2703,38.9326],[16.2652,38.7389],[15.9497,38.6743],[15.8621,38.2869],[15.6328,38.2203],[15.6982,37.9643],[15.9328,37.9643],[16.4919,38.416],[16.5024,38.8034],[17.1383,39.0618],[17.0697,39.385],[16.9162,39.5143],[16.4473,39.6436],[16.4567,39.967],[16.6769,40.1511],[16.6245,40.2906],[16.777,40.2906],[16.9137,40.4464],[16.868,40.4849],[17.0285,40.5496],[17.3452,40.5496],[17.4175,40.3554],[17.8131,40.3554],[18.1122,39.9023],[18.3489,39.9023],[18.4381,40.1612],[17.9812,40.6144],[17.5107,40.744],[17.2027,41.0032],[15.9439,41.3922],[15.8738,41.7167],[16.1149,41.7816],[16.1189,41.9114],[15.2414,41.9114],[14.7659,42.0413],[14.7178,42.1506],[14.6077,42.1063],[14.5308,42.2362],[14.3709,42.2362],[14.0565,42.4962],[13.9014,42.7563],[13.9329,42.8295],[13.8625,43.0186],[13.7471,43.0816],[13.6726,43.4072],[13.3874,43.6413],[13.0338,43.733],[13.019,43.8567],[12.8734,43.7982],[12.313,44.1896],[12.1537,44.4507],[12.1572,44.8426],[12.4001,44.7989],[12.4026,45.0388],[12.3688,45.011],[12.16,45.1696],[12.1628,45.4968],[12.6522,45.5623],[12.8168,45.6933],[13.0658,45.6401],[13.1448,45.8243],[13.7149,45.7588],[13.7393,45.6491],[13.8081,45.6143],[13.7119,45.5933],[13.7529,45.5529],[13.7102,45.4968],[13.5473,45.4968],[13.5448,45.3427],[13.7056,45.235],[13.8032,44.908],[13.9432,44.908],[13.9457,45.0388],[14.1552,45.0388],[14.1962,45.3659],[14.6031,45.3659],[14.576,45.2623],[14.8528,45.0937],[14.9187,44.9734],[14.9113,44.6789],[15.308,44.3544],[15.5287,44.2718],[15.2612,44.3326],[15.2953,44.2507],[15.1981,44.3017],[15.1765,44.25],[15.2129,44.131],[15.4591,43.9938],[15.4551,43.928],[15.6186,43.9286],[15.6954,43.7982],[15.8566,43.7982],[16.0117,43.6027],[15.9595,43.504],[16.5754,43.6027],[16.7342,43.5375],[16.7302,43.4247],[17.0513,43.4072],[17.1139,43.2132],[17.2058,43.1691],[17.3654,43.2118],[17.3606,43.0893],[17.4336,43.0174],[17.502,43.031],[17.5156,42.9589],[17.9915,42.8213],[18.2191,42.5984],[18.6286,42.4482],[18.6873,42.4829],[18.7063,42.4197],[18.852,42.3662],[19.4436,41.8653],[19.5916,41.8188],[19.5576,41.6605],[19.613,41.6053],[19.4715,41.5823],[19.5297,41.522],[19.4438,41.3922],[19.5233,41.3922],[19.4555,41.1485],[19.5234,40.9206],[19.3688,40.8022],[19.3044,40.6531],[19.4863,40.6144],[19.4714,40.2906],[19.6295,40.2906],[20.0094,39.967],[19.9876,39.7083],[20.155,39.7083],[20.2972,39.385],[20.9538,39.0342],[21.0584,39.009],[21.0852,39.0629],[21.1599,38.9977],[21.1774,38.876],[21.1023,38.9108],[21.0852,38.8643],[21.0274,38.9326],[20.8599,38.9605],[20.7414,38.8034],[20.9737,38.7389],[21.1933,38.416],[21.3376,38.3989],[21.3225,38.4963],[21.4224,38.3889],[21.7625,38.3284],[21.8312,38.3967],[21.9876,38.4106],[22.1892,38.3231],[22.3823,38.3427],[22.4016,38.4534],[22.5625,38.2935],[22.6465,38.39],[22.8057,38.227],[23.2234,38.1592],[23.1729,38.0795],[22.8755,38.0493],[22.9754,37.979],[22.8672,37.9395],[22.6804,38.0666],[21.8495,38.3413],[21.7333,38.2514],[21.7286,38.1578],[21.4156,38.1578],[21.2436,37.8352],[21.6966,37.5128],[21.6958,37.3164],[21.6031,37.1904],[21.681,37.1904],[21.7435,36.8682],[21.8992,36.8682],[21.9085,37.0615],[22.22,37.0615],[22.3757,36.6749],[22.5118,36.6749],[22.5994,36.8682],[22.8328,36.8682],[23.0391,36.7062],[22.8532,37.2549],[22.7007,37.3193],[22.7144,37.5773],[22.9486,37.5773],[23.1756,37.4483],[23.1685,37.3193],[23.278,37.3498],[23.23,37.3749],[23.2627,37.401],[23.3849,37.4134],[23.36,37.5475],[23.1083,37.6417],[23.0151,37.9252],[23.2044,37.963],[23.2082,38.0288],[23.5746,38.0468],[23.5597,37.9866],[23.9786,37.8352],[24.0361,38.2224],[23.6729,38.3564],[23.5929,38.4806],[23.3126,38.4806],[23.1826,38.6538],[23.1045,38.6384],[22.9149,38.7756],[22.5251,38.8581],[22.6216,38.9145],[22.792,38.878],[23.0731,39.0363],[22.9639,39.009],[22.9981,39.0698],[22.9516,39.1238],[22.7973,39.0618],[22.8163,39.385],[23.1318,39.4489],[22.6109,39.9023],[22.6497,39.9853],[22.5437,40.0964],[22.5716,40.5496],[22.9105,40.6446],[22.9832,40.5527],[22.9265,40.5153],[22.9592,40.4201],[23.7374,40.2259],[23.6936,40.3092],[23.7777,40.3548],[23.8386,40.5496],[23.6846,40.6144],[23.698,40.8088],[24.0106,40.744],[24.3466,41.0032],[25.1384,41.0101],[25.1358,40.9692],[25.8495,40.9384],[26.0822,40.8736],[26.1403,40.6144],[26.5472,40.744],[26.621,40.6792],[26.9324,40.6144],[26.7685,40.5496],[26.8466,40.5165],[26.9576,40.5584],[27.0172,40.6792],[27.5275,41.068],[29.0429,41.068],[29.0645,41.1371],[28.9631,41.1328],[28.975,41.2529],[28.5053,41.3274],[28.0814,41.6518],[27.9794,41.6518],[28.0043,41.9114],[27.7835,42.1063],[27.7804,42.2434],[27.4529,42.4801],[27.5135,42.6262],[27.8466,42.7563],[27.8049,43.1467],[27.8982,43.2769],[28.0607,43.3092],[28.1925,43.4078],[28.1592,43.4723],[28.4811,43.4723],[28.6163,43.9938],[28.5356,43.9938],[28.5769,44.3854],[28.7612,44.5223],[28.7578,44.6268],[28.8362,44.6268],[28.784,44.6492],[28.8257,44.7332],[28.802,44.9734],[28.9832,45.0123],[29.1106,44.97],[29.0418,44.9257],[29.0603,44.8323],[29.0964,44.8751],[29.1388,44.8392],[29.1009,44.7773],[29.5253,44.908],[29.6213,45.0388],[29.6659,45.4313],[29.5105,45.4968],[28.4307,45.3004],[28.275,45.3659],[28.2376,45.4521],[28.2814,45.4265],[28.2888,45.4968],[28.0513,45.5623],[28.0376,45.4313],[27.7867,45.3659],[27.7666,45.1696],[27.9224,45.1042],[27.8888,44.7773],[27.7266,44.7773],[27.7067,44.5813],[27.8687,44.5813],[27.8488,44.3854],[27.9297,44.3854],[27.7481,44.1896],[26.3682,44.1243],[25.5205,43.6678],[24.8062,43.7982],[24.0754,43.733],[23.9244,43.8634],[23.3647,43.9286],[23.1937,43.7982],[22.9518,43.7982],[22.8479,43.4723],[22.6019,43.4072],[22.3784,43.6678],[22.0605,43.733],[21.5214,44.1243],[20.887,44.3201],[20.6559,44.516],[20.1628,44.3854],[20.0965,44.6466],[19.9344,44.6466],[19.9236,44.4507],[19.6704,44.2548],[19.6599,44.0591],[19.4109,43.9286],[19.4747,43.6027],[19.3136,43.6027],[19.3808,43.3421],[18.4963,43.3421],[18.5023,43.4723],[17.8557,43.4072],[17.2222,43.6678],[17.1467,43.7982],[16.4277,43.9938],[16.3558,44.2548],[16.1941,44.2548],[16.0429,44.5813],[15.8849,44.7119],[15.6417,44.7119],[15.6475,44.908],[15.4852,44.908],[15.1675,45.1696],[14.9335,45.5623],[14.6891,45.5623],[14.5336,45.8898],[14.3703,45.8898],[14.1293,46.0865],[12.905,46.2177],[12.0824,45.6278],[11.5112,45.4968],[9.9631,45.6278],[8.5784,45.5623],[8.5818,45.3004],[8.1751,45.3004],[7.8462,45.4968],[7.1147,45.4313],[7.0377,45.235],[6.6343,45.1042]],[[6.9828,44.847],[7.0049,44.828],[7.0043,44.8249],[6.9828,44.847]],[[7.3093,44.1475],[7.339,44.1249],[7.331,44.1253],[7.3093,44.1475]],[[18.4437,42.8345],[18.4517,42.8023],[18.4446,42.8171],[18.4437,42.8345]],[[18.4598,42.7852],[18.4838,42.7525],[18.4674,42.7692],[18.4598,42.7852]],[[19.2749,42.1913],[19.4004,42.3259],[19.2764,42.1857],[19.2749,42.1913]],[[19.2803,42.1714],[19.2925,42.1577],[19.2821,42.1646],[19.2803,42.1714]],[[19.4004,42.3259],[19.4027,42.352],[19.4111,42.3648],[19.4004,42.3259]],[[19.4152,42.371],[19.4172,42.3741],[19.5178,42.458],[19.4152,42.371]],[[19.5286,43.9772],[19.6008,44.0144],[19.5934,44.0056],[19.5286,43.9772]],[[19.6218,42.605],[19.676,42.6467],[19.6993,42.6548],[19.6218,42.605]],[[19.7516,42.4934],[19.792,42.4729],[19.7845,42.4746],[19.7516,42.4934]],[[19.8102,42.4687],[19.8267,42.4697],[19.8196,42.4665],[19.8102,42.4687]],[[20.0248,42.7234],[20.1039,42.6531],[20.0361,42.708],[20.0248,42.7234]],[[20.0248,42.7234],[20.0265,42.7432],[20.0332,42.7473],[20.0248,42.7234]],[[20.0392,42.5578],[20.065,42.5468],[20.1526,42.4937],[20.0392,42.5578]],[[20.1169,42.9767],[20.1946,42.9668],[20.2112,42.9599],[20.1169,42.9767]],[[20.2166,42.7983],[20.2176,42.8027],[20.2226,42.8037],[20.2166,42.7983]],[[20.249,39.6848],[20.2875,39.7112],[20.2827,39.7044],[20.249,39.6848]],[[20.3334,42.3179],[20.457,42.2505],[20.4741,42.2352],[20.3334,42.3179]],[[20.4862,42.2243],[20.5008,42.2112],[20.5203,42.1761],[20.4862,42.2243]],[[20.5405,42.1396],[20.5494,42.1235],[20.5522,42.0738],[20.5405,42.1396]],[[20.6225,43.1307],[20.6279,43.1231],[20.6261,43.1237],[20.6225,43.1307]],[[20.6518,43.0704],[20.6692,43.1098],[20.6649,43.0854],[20.6518,43.0704]],[[20.6815,41.844],[20.7121,41.8605],[20.703,41.8496],[20.6815,41.844]],[[20.7596,43.2559],[20.7695,43.2608],[20.7799,43.2601],[20.7596,43.2559]],[[20.8068,43.2583],[20.8194,43.2574],[20.8276,43.2501],[20.8068,43.2583]],[[20.9579,40.5149],[20.999,40.54],[20.9815,40.5233],[20.9579,40.5149]],[[21.0152,40.5556],[21.0237,40.5888],[21.0188,40.559],[21.0152,40.5556]],[[21.0186,40.6909],[21.0353,40.6594],[21.0335,40.6487],[21.0186,40.6909]],[[21.2378,42.0974],[21.2917,42.0921],[21.2889,42.0897],[21.2378,42.0974]],[[21.295,42.149],[21.3013,42.1006],[21.2988,42.0984],[21.295,42.149]],[[21.3613,42.2182],[21.3668,42.2239],[21.3766,42.2226],[21.3613,42.2182]],[[21.5576,42.2639],[21.5717,42.2461],[21.5638,42.247],[21.5576,42.2639]],[[21.7005,42.6856],[21.7089,42.6872],[21.7191,42.684],[21.7005,42.6856]],[[22.0476,42.3045],[22.076,42.3053],[22.0609,42.3011],[22.0476,42.3045]],[[22.5088,42.4049],[22.5365,42.4784],[22.5331,42.4576],[22.5088,42.4049]],[[22.5152,42.5141],[22.5249,42.5077],[22.5365,42.4784],[22.5152,42.5141]],[[22.827,43.2814],[22.8901,43.2269],[22.8838,43.2306],[22.827,43.2814]],[[22.8815,41.3356],[22.917,41.3358],[23.1152,41.3127],[22.8815,41.3356]],[[22.9014,41.8604],[22.9427,41.7758],[22.9397,41.7767],[22.9014,41.8604]],[[22.9045,43.2186],[22.9814,43.199],[22.9155,43.2122],[22.9045,43.2186]],[[22.933,41.6123],[22.9351,41.6189],[22.9332,41.6055],[22.933,41.6123]],[[22.9334,41.595],[22.9487,41.561],[22.9337,41.5846],[22.9334,41.595]],[[22.9385,41.6299],[22.9409,41.6376],[22.9443,41.6388],[22.9385,41.6299]],[[22.967,41.647],[23.0004,41.7015],[22.9986,41.6931],[22.967,41.647]],[[24.1262,41.5294],[24.1463,41.5268],[24.1702,41.5116],[24.1262,41.5294]],[[24.1816,41.5374],[24.1963,41.547],[24.2121,41.5518],[24.1816,41.5374]],[[25.1771,41.2939],[25.2308,41.248],[25.2197,41.2497],[25.1771,41.2939]],[[26.0475,41.6746],[26.0493,41.6823],[26.055,41.6488],[26.0475,41.6746]],[[26.0522,41.6952],[26.0537,41.7015],[26.0579,41.7035],[26.0522,41.6952]],[[26.1312,41.5527],[26.1525,41.547],[26.1544,41.5437],[26.1312,41.5527]],[[26.1459,41.478],[26.1602,41.5019],[26.1593,41.4938],[26.1459,41.478]],[[26.1589,41.5362],[26.1631,41.5291],[26.1617,41.5157],[26.1589,41.5362]],[[26.2304,41.7466],[26.2344,41.7458],[26.2739,41.7149],[26.2304,41.7466]],[[26.3668,41.7112],[26.3774,41.7106],[26.4044,41.6918],[26.3668,41.7112]],[[26.5837,41.3326],[26.6097,41.3307],[26.5911,41.3293],[26.5837,41.3326]]],[[[9.8196,37.2276],[9.8612,37.2338],[9.906,37.2193],[9.842,37.2404],[9.8196,37.2276]]],[[[12.4905,37.7062],[13.192,37.5773],[13.6022,37.2505],[14.2779,37.126],[14.6723,36.7393],[15.0498,36.7393],[15.2102,36.9971],[15.2133,37.1583],[15.0592,37.2549],[15.0665,37.6417],[15.3895,38.1578],[15.5432,38.1578],[15.5865,38.2377],[14.0562,37.9643],[13.6652,37.9643],[13.3547,38.1578],[13.1199,38.1578],[13.0404,38.0288],[12.6522,38.0929],[12.4919,37.8998],[12.4905,37.7062]]],[[[14.5158,45.1042],[14.7791,45.0187],[14.6653,45.0873],[14.6653,45.1618],[14.5974,45.1664],[14.5959,45.2375],[14.5158,45.1042]]],[[[14.9089,44.5813],[14.9595,44.5396],[14.9729,44.5361],[15.0142,44.5187],[15.0073,44.5045],[15.0755,44.4841],[15.0412,44.5275],[15.0039,44.5361],[14.9663,44.5734],[14.9095,44.6068],[14.9089,44.5813]]],[[[15.0415,44.4766],[15.1597,44.3262],[15.2271,44.3264],[15.1651,44.3674],[15.2544,44.34],[15.0415,44.4766]]],[[[15.1642,44.3057],[15.1652,44.3012],[15.1724,44.2991],[15.1642,44.3057]]],[[[15.2158,44.072],[15.2187,44.0591],[15.2398,44.0534],[15.2258,44.0662],[15.2158,44.072]]],[[[15.401,43.904],[15.4461,43.8875],[15.4268,43.9221],[15.4165,43.928],[15.401,43.904]]],[[[16.7272,43.3421],[16.7959,43.3559],[16.7282,43.3691],[16.7272,43.3421]]],[[[17.3552,42.9515],[17.4376,42.9515],[17.3905,42.9777],[17.3566,42.9879],[17.3552,42.9515]]],[[[17.5079,42.7563],[17.5159,42.7684],[17.5085,42.7718],[17.5079,42.7563]]],[[[17.5119,42.8554],[17.6399,42.8788],[17.5261,42.9218],[17.5119,42.8554]]],[[[17.6662,42.8745],[17.677,42.8727],[17.6737,42.8751],[17.6662,42.8745]]],[[[19.7578,39.6436],[19.9065,39.5814],[19.8416,39.7042],[19.947,39.7729],[19.7637,39.7729],[19.7578,39.6436]]],[[[22.833,38.8227],[22.9818,38.845],[22.9564,38.878],[23.0202,38.9214],[22.833,38.8227]]],[[[23.0356,36.6926],[23.0463,36.6833],[23.0517,36.6872],[23.0498,36.6926],[23.0356,36.6926]]],[[[23.0365,38.9279],[23.3318,38.8034],[23.4651,38.8569],[23.2006,39.0093],[23.0365,38.9279]]],[[[23.3122,37.6174],[23.3406,37.6003],[23.3536,37.5821],[23.3442,37.6327],[23.3122,37.6174]]],[[[23.4014,37.3193],[23.4024,37.3193],[23.4023,37.3198],[23.4014,37.3193]]],[[[23.5634,38.7389],[23.6355,38.5286],[23.594,38.4534],[23.6492,38.4057],[24.0422,38.4015],[24.0669,38.351],[24.0254,38.3305],[24.1617,38.2698],[24.1789,38.5451],[24.0302,38.6743],[23.5634,38.7389]]],[[[24.1275,38.2224],[24.1447,38.2224],[24.1426,38.227],[24.157,38.2296],[24.1591,38.2287],[24.1614,38.2661],[24.1311,38.2358],[24.1275,38.2224]]],[[[26.2318,40.0656],[26.3758,40.1535],[26.3456,40.1998],[26.6167,40.3595],[26.6839,40.4849],[26.2723,40.2906],[26.2318,40.0656]]],[[[27.5815,37.1982],[27.5831,37.1912],[27.5877,37.1988],[27.5815,37.1982]]],[[[30.1795,31.2714],[30.1849,31.2719],[30.1795,31.2719],[30.1795,31.2714]]],[[[30.2409,31.2653],[30.2648,31.2719],[30.2479,31.2719],[30.2409,31.2653]]],[[[30.9691,31.5785],[30.9739,31.5799],[30.9739,31.5867],[30.9695,31.5854],[30.9691,31.5785]]],[[[30.978,31.5843],[31.119,31.5305],[31.1608,31.5935],[30.978,31.5843]]],[[[33.9551,26.79],[34.0036,26.7082],[34.0029,26.7316],[33.9756,26.79],[33.9551,26.79]]],[[[-6.0043,35.3871],[-5.0765,35.3871],[-5.3258,35.6445],[-5.3411,35.8372],[-5.9458,35.7097],[-6.0043,35.3871]]],[[[14.3384,35.9455],[14.3815,35.843],[14.5618,35.8298],[14.5078,35.9285],[14.3773,35.9936],[14.3384,35.9455]]],[[[22.9016,36.3383],[22.9292,36.178],[23.0533,36.1596],[23.0769,36.2707],[22.9446,36.3894],[22.9016,36.3383]]],[[[24.2754,37.5317],[24.3958,37.6247],[24.3728,37.6852],[24.2893,37.6453],[24.2754,37.5317]]],[[[20.6195,37.8228],[20.7934,37.6685],[20.9261,37.7284],[20.886,37.814],[20.7247,37.8998],[20.6554,37.8998],[20.6195,37.8228]]],[[[20.339,38.2002],[20.3801,38.1518],[20.4253,38.1753],[20.4351,38.2788],[20.4943,38.1337],[20.7865,38.0933],[20.6817,38.2821],[20.6429,38.2534],[20.5991,38.3026],[20.6258,38.3518],[20.5664,38.416],[20.479,38.3095],[20.3999,38.3641],[20.339,38.2002]]],[[[20.6878,38.3367],[20.7194,38.3156],[20.7387,38.3189],[20.6951,38.3434],[20.6878,38.3367]]],[[[23.4849,38.7389],[23.5634,38.7389],[23.5668,38.7946],[23.4888,38.8034],[23.4849,38.7389]]],[[[24.4362,38.878],[24.557,38.8457],[24.5368,38.7918],[24.6643,38.7732],[24.523,38.9643],[24.4611,38.9677],[24.4362,38.878]]],[[[1.2204,38.9553],[1.2529,38.8623],[1.4031,38.8323],[1.4147,38.8906],[1.6231,39.0292],[1.5227,39.1189],[1.3568,39.0776],[1.2928,39.0333],[1.301,38.9678],[1.2204,38.9553]]],[[[20.1453,39.6436],[20.1517,39.6402],[20.1519,39.6436],[20.1453,39.6436]]],[[[2.3508,39.5765],[2.487,39.4788],[2.6817,39.5587],[2.7435,39.5234],[2.7866,39.3759],[3.1447,39.3203],[3.2825,39.4201],[3.4744,39.7497],[3.1626,39.7691],[3.1263,39.8319],[3.1959,39.8906],[3.0947,39.8812],[3.1738,39.967],[2.8132,39.8726],[2.3508,39.5765]]],[[[3.8032,40.0181],[3.8307,39.9361],[4.3008,39.8378],[4.1705,40.0646],[4.1423,40.0248],[4.1051,40.0794],[3.8032,40.0181]]],[[[8.1567,40.7718],[8.1974,40.6912],[8.1618,40.5638],[8.1934,40.6175],[8.2163,40.5706],[8.312,40.5781],[8.386,40.3518],[8.4761,40.2921],[8.49,40.1045],[8.3772,40.0338],[8.4004,39.9361],[8.5453,39.8786],[8.5044,39.7215],[8.5658,39.7011],[8.4553,39.7561],[8.4634,39.5769],[8.374,39.3789],[8.4321,39.3018],[8.4095,39.1693],[8.5596,39.0567],[8.606,38.9088],[8.7166,38.9326],[8.8533,38.878],[9.0183,38.9953],[9.0183,39.1461],[9.0798,39.2246],[9.0139,39.2639],[9.166,39.1871],[9.2922,39.2213],[9.4052,39.1521],[9.5664,39.1492],[9.7111,39.9293],[9.6262,40.2631],[9.8225,40.5327],[9.6579,40.7999],[9.724,40.8449],[9.6141,40.8934],[9.6421,40.9206],[9.5042,40.9269],[9.6469,40.9922],[9.5119,41.0163],[9.5541,41.1239],[9.4691,41.1462],[9.4429,41.092],[9.4224,41.1807],[9.1711,41.2426],[9.1419,41.1528],[9.0055,41.1219],[8.8225,40.9473],[8.5205,40.827],[8.3102,40.8507],[8.1812,40.9341],[8.2153,40.8814],[8.1567,40.7718]]],[[[8.3533,39.0556],[8.4312,38.9661],[8.4839,39.0698],[8.3701,39.1131],[8.3533,39.0556]]],[[[9.3767,41.2147],[9.377,41.2133],[9.3953,41.2106],[9.4007,41.2115],[9.3767,41.2147]]],[[[9.437,41.1859],[9.4644,41.1727],[9.4749,41.1793],[9.4749,41.2014],[9.445,41.2055],[9.437,41.1859]]],[[[8.5453,42.2329],[8.5938,42.1745],[8.5596,42.154],[8.745,42.0566],[8.6457,41.9774],[8.8054,41.9069],[8.7508,41.8455],[8.7849,41.8244],[8.6551,41.7499],[8.9227,41.6946],[8.8018,41.6391],[8.7918,41.5612],[9.0798,41.4824],[9.0964,41.4035],[9.2255,41.3771],[9.2107,41.4482],[9.3506,41.5812],[9.2922,41.6264],[9.3467,41.6196],[9.4016,41.7064],[9.4032,41.9529],[9.5596,42.1466],[9.5281,42.5635],[9.4429,42.6406],[9.464,42.9901],[9.3467,43.0037],[9.3057,42.8393],[9.3425,42.7491],[9.2922,42.6748],[9.1178,42.732],[8.787,42.562],[8.7092,42.5792],[8.6595,42.4299],[8.5491,42.3771],[8.6878,42.2729],[8.5453,42.2329]]],[[[9.4566,42.6474],[9.4768,42.6191],[9.4769,42.6201],[9.4821,42.6201],[9.4566,42.6474]]],[[[10.1632,42.8164],[10.1963,42.7362],[10.3379,42.7648],[10.4307,42.7221],[10.3888,42.7635],[10.4367,42.8044],[10.4124,42.8734],[10.3473,42.8059],[10.1632,42.8164]]],[[[14.2616,44.6158],[14.2712,44.6125],[14.2619,44.6282],[14.2616,44.6158]]],[[[14.2625,44.6582],[14.2742,44.6617],[14.2804,44.6776],[14.2658,44.6795],[14.2629,44.6771],[14.2625,44.6582]]],[[[14.2925,44.9403],[14.4279,44.6566],[14.5047,44.6191],[14.4556,44.9307],[14.2925,44.9403]]],[[[14.3358,44.7168],[14.363,44.5734],[14.5024,44.516],[14.3358,44.7168]]],[[[32.2717,35.0728],[32.3294,34.8864],[32.459,34.7219],[32.7099,34.6458],[32.9136,34.6567],[32.9425,34.5794],[33.0303,34.5685],[33.0156,34.6344],[33.0864,34.6948],[33.2601,34.7005],[33.5917,34.8203],[33.7015,34.9729],[34.0685,34.9979],[33.9431,35.0653],[34.0123,35.0638],[33.8999,35.1645],[33.9121,35.26],[34.5384,35.671],[33.6603,35.3593],[33.4275,35.3289],[32.9231,35.3871],[32.9294,35.233],[32.8652,35.157],[32.6897,35.1839],[32.4138,35.043],[32.2717,35.0728]],[[33.7592,34.9887],[33.7911,34.9824],[33.7874,34.98],[33.7592,34.9887]],[[32.712,35.1731],[32.7315,35.1432],[32.7127,35.1634],[32.712,35.1731]],[[33.4666,35.0051],[33.4675,35.0126],[33.4768,35.0027],[33.4666,35.0051]],[[33.6195,35.0168],[33.7115,34.9856],[33.7029,34.9879],[33.6195,35.0168]],[[33.6794,35.0349],[33.7022,35.0223],[33.6794,35.0339],[33.6794,35.0349]],[[33.6966,35.009],[33.7022,35.0223],[33.7002,35.0067],[33.6966,35.009]],[[33.8412,35.0511],[33.8801,35.0731],[33.8551,35.0534],[33.8412,35.0511]]],[[[23.6154,35.5158],[23.6792,35.2584],[24.7574,35.194],[24.8237,35.001],[26.1401,35.0653],[26.2253,35.194],[25.7953,35.1151],[25.6806,35.1297],[25.6923,35.3227],[24.301,35.3227],[24.1499,35.3871],[24.1541,35.465],[24.0669,35.507],[24.1569,35.5158],[23.6154,35.5158]]],[[[27.708,36.1688],[27.7519,35.905],[27.9934,36.062],[28.0896,36.0551],[28.0617,36.1165],[28.1634,36.2377],[28.2311,36.4498],[27.8997,36.3402],[27.708,36.1688]]],[[[26.9177,36.7161],[27.1854,36.8037],[27.1442,36.8811],[26.9177,36.7161]]],[[[25.3418,37.083],[25.3936,36.9971],[25.5644,36.9971],[25.5727,37.126],[25.3418,37.083]]],[[[24.9955,37.6789],[25.1255,37.5559],[25.216,37.5329],[25.2593,37.59],[24.9955,37.6789]]],[[[25.99,37.5165],[26.2306,37.5714],[26.312,37.6796],[26.0742,37.6379],[25.99,37.5165]]],[[[24.6878,37.9287],[24.9118,37.7283],[24.9944,37.7541],[24.9538,37.8707],[24.7937,37.9941],[24.6878,37.9287]]],[[[25.8407,38.5224],[25.989,38.3793],[25.9644,38.3026],[25.885,38.2794],[25.8898,38.2206],[26.0115,38.1578],[26.1121,38.2226],[26.1636,38.5428],[26.0159,38.602],[25.8696,38.5831],[25.8407,38.5224]]],[[[25.8359,39.1822],[26.1021,39.1115],[26.2256,39.2076],[26.2935,39.1772],[26.1002,39.0858],[26.1657,39.0224],[26.5471,38.9879],[26.437,39.1035],[26.4893,39.1137],[26.5394,39.0194],[26.61,39.0229],[26.5397,39.166],[26.3822,39.2771],[26.4074,39.3347],[26.1658,39.3681],[26.0606,39.2895],[25.9226,39.2911],[25.8359,39.1822]]],[[[25.0447,39.9853],[25.047,39.8376],[25.2043,39.8376],[25.2388,39.9195],[25.2798,39.8891],[25.2388,39.8581],[25.3551,39.8376],[25.348,39.9064],[25.4499,39.9884],[25.4377,40.0317],[25.2852,39.9534],[25.2251,40.0089],[25.0447,39.9853]]],[[[25.7052,40.1144],[26.0122,40.1666],[25.9631,40.1571],[25.926,40.2428],[25.759,40.2067],[25.7052,40.1144]]],[[[24.5197,40.6853],[24.6397,40.5732],[24.7801,40.6122],[24.7864,40.7351],[24.6423,40.8039],[24.5197,40.6853]]],[[[32.6053,45.4968],[33.6101,45.1042],[33.6092,44.8717],[33.5151,44.6466],[33.5715,44.6206],[33.4767,44.6099],[33.5086,44.4953],[33.6249,44.4507],[33.7638,44.4507],[34.5385,44.7773],[34.5478,44.8426],[35.2971,44.9734],[35.4267,45.3004],[35.0199,45.3004],[34.9864,45.6278],[34.7419,45.6278],[34.5978,45.7588],[34.6167,45.8898],[34.3812,45.9554],[34.3184,46.0865],[33.737,46.0209],[33.7271,45.9501],[33.777,45.9296],[33.722,45.9136],[33.7096,45.8243],[32.6053,45.4968]]]]}},{"type":"Feature","properties":{"territoryId":"cliopatria-q12544-03f6c8deaf","name":"Eastern Roman Empire","name_ko":"동로마 제국","color":"#4580e3","colorFamily":0,"startYear":546,"endYear":554,"source_name":"Cliopatria v0.2.0","source_url":"https://github.com/Seshat-Global-History-Databank/cliopatria","license":"CC BY 4.0","attribution":"Seshat Global History Databank, Cliopatria contributors"},"geometry":{"type":"MultiPolygon","coordinates":[[[[0.759,36.3415],[0.7669,36.1596],[0.922,36.1596],[1.005,36.0308],[1.1547,36.1596],[2.008,36.1596],[2.0031,36.2884],[2.3159,36.224],[2.7747,36.4172],[5.6494,36.3528],[5.8795,36.4816],[6.3468,36.4172],[6.422,36.546],[6.8893,36.4816],[6.9647,36.6105],[7.5865,36.6105],[7.9024,36.224],[7.8282,35.9664],[7.9057,35.9664],[7.9114,35.5158],[7.9888,35.5158],[7.9942,35.0653],[8.2286,34.8079],[8.4594,34.8723],[8.8462,34.7436],[8.9263,34.3577],[9.0033,34.3577],[8.9288,34.0361],[9.0826,34.0361],[9.3159,33.5859],[9.6236,33.4574],[9.5475,33.3288],[9.625,33.1359],[10.0848,33.1359],[10.0086,33.0073],[10.3916,33.0073],[11.1572,32.6859],[11.3099,32.4931],[11.4629,32.5574],[11.539,32.4288],[11.7684,32.4288],[11.7679,32.3002],[12.4559,32.3645],[13.0667,32.3002],[13.0657,32.1717],[13.2953,32.236],[13.8286,32.1074],[14.5861,31.6575],[14.5844,31.529],[15.1873,31.0791],[15.1845,30.8863],[15.4896,30.9506],[16.7012,30.6935],[18.2813,30.0508],[19.1911,30.0508],[20.9516,30.565],[21.9388,30.565],[22.7667,30.3722],[22.7618,30.2436],[22.916,30.3079],[23.5101,29.9865],[24.26,29.7937],[24.3304,29.6652],[24.7792,29.5366],[24.8467,29.3438],[25.0008,29.4081],[25.1465,29.2795],[25.3735,29.2795],[25.5863,28.9581],[27.1401,28.251],[27.285,28.1224],[27.2763,27.9295],[27.4299,27.9938],[27.792,27.6724],[27.7109,27.5438],[27.9367,27.5438],[28.1537,27.3509],[28.2702,26.5794],[28.3453,26.5794],[28.2437,25.9365],[28.2886,25.165],[28.5688,24.6506],[29.6728,24.2006],[29.9595,23.8792],[30.1087,23.8792],[30.104,23.7506],[30.3952,23.5577],[30.4627,23.3649],[31.6705,23.7506],[32.0409,23.6863],[33.389,23.8149],[33.7564,23.6863],[35.108,23.8792],[35.4808,23.8253],[35.5139,23.9771],[35.7925,23.9023],[35.7386,23.9833],[35.4938,24.1089],[35.3919,24.2828],[35.1446,24.5002],[35.1603,24.5746],[34.5466,25.725],[34.3387,26.0018],[34.014,26.6116],[33.9414,26.6535],[33.9961,26.8966],[33.8368,27.1208],[33.8384,27.2426],[33.6917,27.3419],[33.4963,27.6466],[33.5877,27.651],[33.5579,27.7599],[33.4735,27.8232],[33.5921,27.7912],[33.5544,27.8965],[33.2494,28.1429],[33.0029,28.4895],[32.8689,28.5789],[32.8069,28.7781],[32.6255,28.9727],[32.6528,29.081],[32.5623,29.3863],[32.3377,29.5925],[32.3639,29.6882],[32.5095,29.8668],[32.4769,29.9322],[32.5715,29.9426],[32.5778,30.0114],[32.6045,29.8242],[32.6907,29.7336],[32.7239,29.4705],[32.8172,29.414],[32.8856,29.2431],[33.1779,28.9896],[33.2287,28.5694],[33.5538,28.3153],[33.7634,28.024],[34.0785,27.8007],[34.2631,27.7367],[34.2141,27.7915],[34.4281,27.9859],[34.4553,28.1749],[34.4102,28.32],[34.6245,28.736],[34.7366,29.3113],[34.9572,29.569],[34.9817,29.4804],[36.3193,30.8863],[36.2765,31.2719],[36.3526,31.2719],[36.4919,31.9789],[36.5682,31.9789],[36.5155,32.236],[36.5919,32.236],[36.8119,32.943],[37.0605,33.1359],[37.0732,33.2645],[37.9902,33.9718],[39.1238,34.4863],[39.509,34.4863],[40.1029,34.2933],[40.6181,34.7436],[40.7723,34.7436],[41.1122,35.001],[41.0863,36.0308],[41.6626,36.2884],[41.6796,36.4172],[41.5328,36.4816],[41.5498,36.6105],[41.2124,36.9971],[41.1282,38.0933],[40.9115,38.2224],[40.9479,38.4806],[40.8695,38.4806],[40.9663,38.6097],[40.9817,39.2557],[41.2566,39.5143],[41.326,39.967],[41.4839,39.967],[41.6725,40.1612],[41.7035,40.3554],[41.3598,40.6792],[41.5456,41.3274],[41.8061,41.4571],[41.8392,41.6518],[41.7097,41.7085],[41.5674,41.4571],[41.4471,41.4571],[41.3071,41.3274],[40.5393,41.0032],[40.4492,41.0425],[40.3703,40.9384],[39.7355,40.9384],[39.1683,41.0797],[38.9208,41.0382],[38.7834,40.9384],[38.2977,40.8736],[38.2217,40.9441],[38.0253,40.9769],[37.8312,40.9384],[37.7706,41.068],[37.2147,41.068],[37.226,41.1475],[37.0651,41.1328],[36.7748,41.3274],[36.451,41.2404],[36.2092,41.2625],[35.9561,41.7127],[35.9227,41.6462],[35.9457,41.7167],[35.5767,41.6297],[35.157,41.7167],[35.0921,41.928],[35.123,42.0248],[35.0615,42.0413],[34.9178,42.0413],[34.7845,41.9114],[33.2771,41.9764],[32.6675,41.8369],[32.6947,41.7816],[31.4983,41.352],[31.3928,41.1884],[31.1801,41.068],[30.6242,41.068],[30.53,41.1522],[30.3513,41.1922],[30.1369,41.1438],[29.0894,41.1382],[29.0524,41.068],[29.1156,41.068],[29.1034,40.9447],[29.2639,40.8698],[29.2949,40.8388],[29.2546,40.8108],[29.493,40.8736],[29.4438,40.7766],[29.9393,40.7351],[29.5599,40.6911],[29.4906,40.7272],[28.9422,40.6184],[28.9156,40.4714],[29.1515,40.4341],[29.0463,40.3554],[27.9388,40.3554],[27.904,40.3999],[27.9505,40.4849],[27.7921,40.4849],[27.7918,40.3929],[27.8836,40.3863],[27.6958,40.2906],[27.5376,40.2906],[27.2948,40.4059],[26.6819,40.3561],[26.408,40.1937],[26.311,40.0195],[26.2205,40.0029],[26.1325,39.5143],[26.9377,39.5748],[26.9299,39.4877],[26.801,39.4335],[26.7422,39.2557],[26.8945,39.1911],[26.8793,38.9972],[26.9579,38.9972],[26.9399,38.9327],[27.0413,38.9401],[27.0627,38.8869],[26.9084,38.8204],[26.9314,38.7551],[26.8495,38.6097],[27.0798,38.5451],[27.0728,38.4537],[27.1642,38.4466],[27.0694,38.4094],[27.065,38.3515],[26.6762,38.3515],[26.6731,38.3072],[26.595,38.3515],[26.5358,38.6097],[26.3895,38.6719],[26.4058,38.4535],[26.513,38.4329],[26.4515,38.4261],[26.4289,38.2224],[26.8203,38.2224],[26.889,38.0933],[27.2753,38.0288],[27.2559,37.7707],[27.1794,37.6106],[27.31,37.4483],[27.2461,37.3362],[27.4072,37.4127],[27.4385,37.3908],[27.3921,37.3538],[27.5392,37.3838],[27.5644,37.2735],[27.616,37.2747],[27.598,37.126],[28.0653,37.126],[28.1313,37.0363],[28.3294,37.0368],[28.2124,37.0004],[28.1653,36.9116],[28.1034,36.9353],[28.0583,36.7721],[28.1184,36.8006],[28.1305,36.754],[28.0314,36.6749],[28.1961,36.6854],[28.2572,36.8462],[28.315,36.8291],[28.2934,36.7959],[28.452,36.8836],[28.5905,36.8682],[28.7361,36.7393],[29.1249,36.7393],[29.2163,36.3291],[29.3496,36.2326],[29.4116,36.2674],[29.4666,36.224],[29.938,36.224],[30.0261,36.3528],[30.4919,36.3528],[30.6191,36.9326],[31.086,36.9326],[32.0681,36.6105],[32.4985,36.224],[32.5369,36.1],[32.733,36.0376],[33.2744,36.224],[33.8711,36.3149],[33.9791,36.2884],[34.2507,36.6749],[34.5816,36.8682],[34.8929,36.8682],[34.9352,36.726],[35.1127,36.7393],[35.3323,36.6105],[35.4875,36.6105],[35.8336,36.9326],[36.1449,36.9326],[36.2862,36.8037],[36.2649,36.6105],[35.8417,36.2884],[35.9901,36.224],[35.9767,36.001],[35.8449,35.5802],[35.9929,35.5158],[35.9153,35.2879],[35.9624,35.1979],[35.927,34.8723],[36.0682,34.7436],[36.0488,34.5506],[35.7921,34.2933],[35.6652,34.3113],[35.6838,33.9718],[35.4705,33.9021],[35.4993,33.6502],[35.3944,33.65],[35.3984,33.3931],[35.2154,33.0716],[35.089,33.0205],[35.0218,32.6216],[34.8851,32.4821],[34.7926,32.161],[34.813,31.9789],[34.6909,31.9134],[34.6028,31.7558],[34.6334,31.6575],[34.3076,31.4005],[34.2972,31.2719],[33.7493,31.0791],[32.8317,31.0148],[32.8055,31.0655],[32.6665,31.0523],[32.7907,31.0941],[32.6016,31.061],[32.3894,31.2076],[32.2944,31.2076],[32.3039,31.0791],[32.1065,31.0534],[31.9996,31.0791],[31.9063,31.2516],[31.7806,31.2076],[31.8077,31.2812],[31.7691,31.2988],[31.8741,31.4647],[31.2658,31.4647],[31.1215,31.5275],[31.0291,31.5185],[30.9807,31.4365],[30.7985,31.4465],[30.7344,31.3881],[30.5427,31.395],[30.6916,31.4647],[30.352,31.4647],[30.3019,31.3422],[30.3388,31.2719],[30.2887,31.2379],[29.9904,31.2719],[29.8315,31.1513],[29.8696,31.0791],[29.6332,30.9506],[29.5543,30.9848],[29.4481,30.9336],[29.3971,30.822],[28.865,30.822],[28.4964,31.0148],[27.5149,31.1434],[27.2975,31.3362],[26.9303,31.4411],[25.248,31.4647],[25.102,31.5933],[25.1097,31.7462],[24.8925,31.9789],[24.1294,31.9789],[23.6803,32.1717],[23.3122,32.1627],[23.0806,32.3341],[23.0894,32.6216],[21.99,32.9134],[21.8067,32.9133],[21.4117,32.7502],[21.0578,32.7736],[20.8712,32.6216],[20.7962,32.6428],[20.6898,32.6041],[20.7159,32.5574],[20.563,32.5574],[20.482,32.4288],[20.417,32.4565],[20.3255,32.4098],[20.2461,32.236],[20.0715,32.1764],[19.9961,31.5933],[20.2143,31.2719],[20.1467,31.1636],[20.2021,30.8863],[19.9682,30.6935],[19.9643,30.565],[19.655,30.3722],[18.9686,30.2436],[18.787,30.3722],[18.5925,30.3722],[18.2175,30.7602],[17.8486,30.9237],[16.8136,31.2076],[16.1786,31.2076],[15.649,31.4005],[15.5323,31.6118],[15.4246,31.6575],[15.2823,32.3002],[15.0825,32.4133],[14.4444,32.4931],[14.0979,32.7281],[13.4537,32.8145],[13.2571,32.9186],[12.8413,32.8085],[12.8408,32.7502],[12.229,32.8145],[11.4544,33.2002],[11.1578,33.2002],[11.0798,33.5856],[10.7381,33.478],[10.584,33.6644],[10.2368,33.7146],[10.0058,33.9075],[10.0052,34.1706],[10.0661,34.242],[10.0045,34.2933],[10.543,34.5506],[10.8512,34.8079],[10.8512,34.9366],[10.9844,34.9994],[11.055,35.1404],[11.0057,35.3871],[11.0831,35.5073],[11.0161,35.5802],[10.9284,35.5802],[10.839,35.7683],[10.6962,35.7089],[10.4635,35.902],[10.5349,36.3573],[10.4625,36.4172],[11.0062,36.8037],[11.0063,36.9971],[10.5187,36.7558],[10.3553,36.7312],[10.1885,36.7976],[10.2685,36.9378],[10.1824,37.027],[10.2271,37.1177],[10.1281,37.1587],[10.2272,37.1949],[9.925,37.213],[9.8159,37.1518],[9.7718,37.2133],[9.8157,37.2491],[9.6158,37.3151],[9.0595,37.0615],[8.9723,37.0975],[8.8244,36.9795],[8.6443,36.9535],[8.5164,36.8682],[7.7383,36.8682],[7.4902,37.055],[7.3979,37.0615],[7.3463,37.0615],[7.1937,36.8682],[6.8047,36.8682],[6.3339,37.0615],[6.2357,36.9212],[6.1043,36.8741],[6.1058,36.8037],[5.5581,36.7337],[5.3044,36.643],[5.0978,36.6749],[4.8595,36.8682],[4.262,36.9116],[3.85,36.8037],[3.664,36.8344],[3.2299,36.7393],[2.8411,36.7393],[2.6008,36.5963],[2.3516,36.6383],[1.5296,36.4816],[1.197,36.5118],[1.144,36.4172],[0.759,36.3415]],[[24.6883,30.1442],[24.6887,30.1828],[24.6967,30.127],[24.6883,30.1442]],[[24.6887,30.1828],[24.7629,30.3171],[24.767,30.3214],[24.6887,30.1828]],[[34.9635,29.5941],[34.967,29.6081],[34.9898,29.652],[34.9635,29.5941]],[[35.4529,31.4008],[35.4585,31.4916],[35.4587,31.4916],[35.4593,31.4958],[35.4529,31.4008]],[[35.552,32.3679],[35.5533,32.3691],[35.5656,32.3134],[35.552,32.3679]],[[35.5568,32.3724],[35.5594,32.3748],[35.5656,32.3679],[35.5568,32.3724]],[[35.5585,32.5191],[35.5614,32.5192],[35.5674,32.5102],[35.5585,32.5191]],[[35.5594,32.4704],[35.5626,32.4747],[35.5725,32.4567],[35.5594,32.4704]],[[35.5688,32.4829],[35.5778,32.4948],[35.58,32.4915],[35.5688,32.4829]],[[35.7716,32.7467],[35.7749,32.7473],[35.7882,32.7344],[35.7716,32.7467]],[[36.2318,33.8525],[36.3178,33.8272],[36.3006,33.8287],[36.2318,33.8525]],[[36.2672,33.9104],[36.2886,33.9465],[36.2691,33.9073],[36.2672,33.9104]],[[36.2699,33.906],[36.3111,33.872],[36.2753,33.8972],[36.2699,33.906]],[[36.6665,36.2657],[36.6691,36.2599],[36.6681,36.2532],[36.6665,36.2657]]],[[[6.6343,45.1042],[6.6375,44.9734],[6.9652,44.8426],[6.8957,44.3201],[7.2232,44.1243],[7.1502,43.733],[8.0339,43.9286],[8.1916,44.1896],[8.5925,44.4507],[9.1591,44.4507],[9.7274,44.1243],[9.9697,44.1243],[9.9627,44.0447],[10.2123,43.9938],[10.4208,43.4051],[10.5282,43.2468],[10.5391,43.0796],[11.0163,42.8213],[11.0159,42.6629],[11.176,42.6262],[11.2552,42.4312],[11.5748,42.3662],[11.6561,42.5612],[12.0586,42.8213],[12.8501,42.0413],[13.1694,42.0413],[13.4057,41.8465],[13.8044,41.8465],[13.8818,41.7167],[14.1979,41.5869],[15.3923,41.5869],[15.8663,41.4571],[15.8738,41.7167],[16.1149,41.7816],[16.1189,41.9114],[15.2414,41.9114],[14.7659,42.0413],[14.7178,42.1506],[14.6077,42.1063],[14.5308,42.2362],[14.3709,42.2362],[14.0565,42.4962],[13.9014,42.7563],[13.9329,42.8295],[13.8625,43.0186],[13.7471,43.0816],[13.6726,43.4072],[13.3874,43.6413],[13.0338,43.733],[13.019,43.8567],[12.8734,43.7982],[12.313,44.1896],[12.1537,44.4507],[12.1572,44.8426],[12.4001,44.7989],[12.4026,45.0388],[12.3688,45.011],[12.16,45.1696],[12.1628,45.4968],[12.6522,45.5623],[12.8168,45.6933],[13.0658,45.6401],[13.1448,45.8243],[13.7149,45.7588],[13.7393,45.6491],[13.8081,45.6143],[13.7119,45.5933],[13.7529,45.5529],[13.7102,45.4968],[13.5473,45.4968],[13.5448,45.3427],[13.7056,45.235],[13.8032,44.908],[13.9432,44.908],[13.9457,45.0388],[14.1552,45.0388],[14.1962,45.3659],[14.6031,45.3659],[14.576,45.2623],[14.8528,45.0937],[14.9187,44.9734],[14.9113,44.6789],[15.308,44.3544],[15.5287,44.2718],[15.2612,44.3326],[15.2953,44.2507],[15.1981,44.3017],[15.1765,44.25],[15.2129,44.131],[15.4591,43.9938],[15.4551,43.928],[15.6186,43.9286],[15.6954,43.7982],[15.8566,43.7982],[16.0117,43.6027],[15.9595,43.504],[16.5754,43.6027],[16.7342,43.5375],[16.7302,43.4247],[17.0513,43.4072],[17.1139,43.2132],[17.2058,43.1691],[17.3654,43.2118],[17.3606,43.0893],[17.4336,43.0174],[17.502,43.031],[17.5156,42.9589],[17.9915,42.8213],[18.2191,42.5984],[18.6286,42.4482],[18.6873,42.4829],[18.7063,42.4197],[18.852,42.3662],[19.4436,41.8653],[19.5916,41.8188],[19.5576,41.6605],[19.613,41.6053],[19.4715,41.5823],[19.5297,41.522],[19.4438,41.3922],[19.5233,41.3922],[19.4555,41.1485],[19.5234,40.9206],[19.3688,40.8022],[19.3044,40.6531],[19.4863,40.6144],[19.4714,40.2906],[19.6295,40.2906],[20.0094,39.967],[19.9876,39.7083],[20.155,39.7083],[20.2972,39.385],[20.9538,39.0342],[21.0584,39.009],[21.0852,39.0629],[21.1599,38.9977],[21.1774,38.876],[21.1023,38.9108],[21.0852,38.8643],[21.0274,38.9326],[20.8599,38.9605],[20.7414,38.8034],[20.9737,38.7389],[21.1933,38.416],[21.3376,38.3989],[21.3225,38.4963],[21.4224,38.3889],[21.7625,38.3284],[21.8312,38.3967],[21.9876,38.4106],[22.1892,38.3231],[22.3823,38.3427],[22.4016,38.4534],[22.5625,38.2935],[22.6465,38.39],[22.8057,38.227],[23.2234,38.1592],[23.1729,38.0795],[22.8755,38.0493],[22.9754,37.979],[22.8672,37.9395],[22.6804,38.0666],[21.8495,38.3413],[21.7333,38.2514],[21.7286,38.1578],[21.4156,38.1578],[21.2436,37.8352],[21.6966,37.5128],[21.6958,37.3164],[21.6031,37.1904],[21.681,37.1904],[21.7435,36.8682],[21.8992,36.8682],[21.9085,37.0615],[22.22,37.0615],[22.3757,36.6749],[22.5118,36.6749],[22.5994,36.8682],[22.8328,36.8682],[23.0391,36.7062],[22.8532,37.2549],[22.7007,37.3193],[22.7144,37.5773],[22.9486,37.5773],[23.1756,37.4483],[23.1685,37.3193],[23.278,37.3498],[23.23,37.3749],[23.2627,37.401],[23.3849,37.4134],[23.36,37.5475],[23.1083,37.6417],[23.0151,37.9252],[23.2044,37.963],[23.2082,38.0288],[23.5746,38.0468],[23.5597,37.9866],[23.9786,37.8352],[24.0361,38.2224],[23.6729,38.3564],[23.5929,38.4806],[23.3126,38.4806],[23.1826,38.6538],[23.1045,38.6384],[22.9149,38.7756],[22.5251,38.8581],[22.6216,38.9145],[22.792,38.878],[23.0731,39.0363],[22.9639,39.009],[22.9981,39.0698],[22.9516,39.1238],[22.7973,39.0618],[22.8163,39.385],[23.1318,39.4489],[22.6109,39.9023],[22.6497,39.9853],[22.5437,40.0964],[22.5716,40.5496],[22.9105,40.6446],[22.9832,40.5527],[22.9265,40.5153],[22.9592,40.4201],[23.7374,40.2259],[23.6936,40.3092],[23.7777,40.3548],[23.8386,40.5496],[23.6846,40.6144],[23.698,40.8088],[24.0106,40.744],[24.3466,41.0032],[25.1384,41.0101],[25.1358,40.9692],[25.8495,40.9384],[26.0822,40.8736],[26.1403,40.6144],[26.5472,40.744],[26.621,40.6792],[26.9324,40.6144],[26.7685,40.5496],[26.8466,40.5165],[26.9576,40.5584],[27.0172,40.6792],[27.5275,41.068],[29.0429,41.068],[29.0645,41.1371],[28.9631,41.1328],[28.975,41.2529],[28.5053,41.3274],[28.0814,41.6518],[27.9794,41.6518],[28.0043,41.9114],[27.7835,42.1063],[27.7804,42.2434],[27.4529,42.4801],[27.5135,42.6262],[27.8466,42.7563],[27.8049,43.1467],[27.8982,43.2769],[28.0607,43.3092],[28.1925,43.4078],[28.1592,43.4723],[28.4811,43.4723],[28.6163,43.9938],[28.5356,43.9938],[28.5769,44.3854],[28.7612,44.5223],[28.7578,44.6268],[28.8362,44.6268],[28.784,44.6492],[28.8257,44.7332],[28.802,44.9734],[28.9832,45.0123],[29.1106,44.97],[29.0418,44.9257],[29.0603,44.8323],[29.0964,44.8751],[29.1388,44.8392],[29.1009,44.7773],[29.5253,44.908],[29.6213,45.0388],[29.6659,45.4313],[29.5105,45.4968],[28.4307,45.3004],[28.275,45.3659],[28.2376,45.4521],[28.2814,45.4265],[28.2888,45.4968],[28.0513,45.5623],[28.0376,45.4313],[27.7867,45.3659],[27.7666,45.1696],[27.9224,45.1042],[27.8888,44.7773],[27.7266,44.7773],[27.7067,44.5813],[27.8687,44.5813],[27.8488,44.3854],[27.9297,44.3854],[27.7481,44.1896],[26.3682,44.1243],[25.5205,43.6678],[24.8062,43.7982],[24.0754,43.733],[23.9244,43.8634],[23.3647,43.9286],[23.1937,43.7982],[22.9518,43.7982],[22.8479,43.4723],[22.6019,43.4072],[22.3784,43.6678],[22.0605,43.733],[21.5214,44.1243],[20.887,44.3201],[20.6559,44.516],[20.1628,44.3854],[20.0965,44.6466],[19.9344,44.6466],[19.9236,44.4507],[19.6704,44.2548],[19.6599,44.0591],[19.4109,43.9286],[19.4747,43.6027],[19.3136,43.6027],[19.3808,43.3421],[18.4963,43.3421],[18.5023,43.4723],[17.8557,43.4072],[17.2222,43.6678],[17.1467,43.7982],[16.4277,43.9938],[16.3558,44.2548],[16.1941,44.2548],[16.1984,44.3854],[16.0387,44.4507],[15.8849,44.7119],[15.6417,44.7119],[15.6475,44.908],[15.4852,44.908],[15.1675,45.1696],[14.9335,45.5623],[14.6891,45.5623],[14.5336,45.8898],[13.9659,46.0865],[12.7406,46.1521],[12.0824,45.6278],[11.5112,45.4968],[9.9631,45.6278],[8.5784,45.5623],[8.5818,45.3004],[8.1751,45.3004],[7.8462,45.4968],[7.1147,45.4313],[7.0377,45.235],[6.6343,45.1042]],[[6.9828,44.847],[7.0049,44.828],[7.0043,44.8249],[6.9828,44.847]],[[7.3093,44.1475],[7.339,44.1249],[7.331,44.1253],[7.3093,44.1475]],[[18.4437,42.8345],[18.4517,42.8023],[18.4446,42.8171],[18.4437,42.8345]],[[18.4598,42.7852],[18.4838,42.7525],[18.4674,42.7692],[18.4598,42.7852]],[[19.2749,42.1913],[19.4004,42.3259],[19.2764,42.1857],[19.2749,42.1913]],[[19.2803,42.1714],[19.2925,42.1577],[19.2821,42.1646],[19.2803,42.1714]],[[19.4004,42.3259],[19.4027,42.352],[19.4111,42.3648],[19.4004,42.3259]],[[19.4152,42.371],[19.4172,42.3741],[19.5178,42.458],[19.4152,42.371]],[[19.5286,43.9772],[19.6008,44.0144],[19.5934,44.0056],[19.5286,43.9772]],[[19.6218,42.605],[19.676,42.6467],[19.6993,42.6548],[19.6218,42.605]],[[19.7516,42.4934],[19.792,42.4729],[19.7845,42.4746],[19.7516,42.4934]],[[19.8102,42.4687],[19.8267,42.4697],[19.8196,42.4665],[19.8102,42.4687]],[[20.0248,42.7234],[20.1039,42.6531],[20.0361,42.708],[20.0248,42.7234]],[[20.0248,42.7234],[20.0265,42.7432],[20.0332,42.7473],[20.0248,42.7234]],[[20.0392,42.5578],[20.065,42.5468],[20.1526,42.4937],[20.0392,42.5578]],[[20.1169,42.9767],[20.1946,42.9668],[20.2112,42.9599],[20.1169,42.9767]],[[20.2166,42.7983],[20.2176,42.8027],[20.2226,42.8037],[20.2166,42.7983]],[[20.249,39.6848],[20.2875,39.7112],[20.2827,39.7044],[20.249,39.6848]],[[20.3334,42.3179],[20.457,42.2505],[20.4741,42.2352],[20.3334,42.3179]],[[20.4862,42.2243],[20.5008,42.2112],[20.5203,42.1761],[20.4862,42.2243]],[[20.5405,42.1396],[20.5494,42.1235],[20.5522,42.0738],[20.5405,42.1396]],[[20.6225,43.1307],[20.6279,43.1231],[20.6261,43.1237],[20.6225,43.1307]],[[20.6518,43.0704],[20.6692,43.1098],[20.6649,43.0854],[20.6518,43.0704]],[[20.6815,41.844],[20.7121,41.8605],[20.703,41.8496],[20.6815,41.844]],[[20.7596,43.2559],[20.7695,43.2608],[20.7799,43.2601],[20.7596,43.2559]],[[20.8068,43.2583],[20.8194,43.2574],[20.8276,43.2501],[20.8068,43.2583]],[[20.9579,40.5149],[20.999,40.54],[20.9815,40.5233],[20.9579,40.5149]],[[21.0152,40.5556],[21.0237,40.5888],[21.0188,40.559],[21.0152,40.5556]],[[21.0186,40.6909],[21.0353,40.6594],[21.0335,40.6487],[21.0186,40.6909]],[[21.2378,42.0974],[21.2917,42.0921],[21.2889,42.0897],[21.2378,42.0974]],[[21.295,42.149],[21.3013,42.1006],[21.2988,42.0984],[21.295,42.149]],[[21.3613,42.2182],[21.3668,42.2239],[21.3766,42.2226],[21.3613,42.2182]],[[21.5576,42.2639],[21.5717,42.2461],[21.5638,42.247],[21.5576,42.2639]],[[21.7005,42.6856],[21.7089,42.6872],[21.7191,42.684],[21.7005,42.6856]],[[22.0476,42.3045],[22.076,42.3053],[22.0609,42.3011],[22.0476,42.3045]],[[22.5088,42.4049],[22.5365,42.4784],[22.5331,42.4576],[22.5088,42.4049]],[[22.5152,42.5141],[22.5249,42.5077],[22.5365,42.4784],[22.5152,42.5141]],[[22.827,43.2814],[22.8901,43.2269],[22.8838,43.2306],[22.827,43.2814]],[[22.8815,41.3356],[22.917,41.3358],[23.1152,41.3127],[22.8815,41.3356]],[[22.9014,41.8604],[22.9427,41.7758],[22.9397,41.7767],[22.9014,41.8604]],[[22.9045,43.2186],[22.9814,43.199],[22.9155,43.2122],[22.9045,43.2186]],[[22.933,41.6123],[22.9351,41.6189],[22.9332,41.6055],[22.933,41.6123]],[[22.9334,41.595],[22.9487,41.561],[22.9337,41.5846],[22.9334,41.595]],[[22.9385,41.6299],[22.9409,41.6376],[22.9443,41.6388],[22.9385,41.6299]],[[22.967,41.647],[23.0004,41.7015],[22.9986,41.6931],[22.967,41.647]],[[24.1262,41.5294],[24.1463,41.5268],[24.1702,41.5116],[24.1262,41.5294]],[[24.1816,41.5374],[24.1963,41.547],[24.2121,41.5518],[24.1816,41.5374]],[[25.1771,41.2939],[25.2308,41.248],[25.2197,41.2497],[25.1771,41.2939]],[[26.0475,41.6746],[26.0493,41.6823],[26.055,41.6488],[26.0475,41.6746]],[[26.0522,41.6952],[26.0537,41.7015],[26.0579,41.7035],[26.0522,41.6952]],[[26.1312,41.5527],[26.1525,41.547],[26.1544,41.5437],[26.1312,41.5527]],[[26.1459,41.478],[26.1602,41.5019],[26.1593,41.4938],[26.1459,41.478]],[[26.1589,41.5362],[26.1631,41.5291],[26.1617,41.5157],[26.1589,41.5362]],[[26.2304,41.7466],[26.2344,41.7458],[26.2739,41.7149],[26.2304,41.7466]],[[26.3668,41.7112],[26.3774,41.7106],[26.4044,41.6918],[26.3668,41.7112]],[[26.5837,41.3326],[26.6097,41.3307],[26.5911,41.3293],[26.5837,41.3326]]],[[[9.8196,37.2276],[9.8612,37.2338],[9.906,37.2193],[9.842,37.2404],[9.8196,37.2276]]],[[[14.5158,45.1042],[14.7791,45.0187],[14.6653,45.0873],[14.6653,45.1618],[14.5974,45.1664],[14.5959,45.2375],[14.5158,45.1042]]],[[[14.9089,44.5813],[14.9595,44.5396],[14.9729,44.5361],[15.0142,44.5187],[15.0073,44.5045],[15.0755,44.4841],[15.0412,44.5275],[15.0039,44.5361],[14.9663,44.5734],[14.9095,44.6068],[14.9089,44.5813]]],[[[15.0415,44.4766],[15.1597,44.3262],[15.2271,44.3264],[15.1651,44.3674],[15.2544,44.34],[15.0415,44.4766]]],[[[15.1642,44.3057],[15.1652,44.3012],[15.1724,44.2991],[15.1642,44.3057]]],[[[15.2158,44.072],[15.2187,44.0591],[15.2398,44.0534],[15.2258,44.0662],[15.2158,44.072]]],[[[15.401,43.904],[15.4461,43.8875],[15.4268,43.9221],[15.4165,43.928],[15.401,43.904]]],[[[16.7272,43.3421],[16.7959,43.3559],[16.7282,43.3691],[16.7272,43.3421]]],[[[17.3552,42.9515],[17.4376,42.9515],[17.3905,42.9777],[17.3566,42.9879],[17.3552,42.9515]]],[[[17.5079,42.7563],[17.5159,42.7684],[17.5085,42.7718],[17.5079,42.7563]]],[[[17.5119,42.8554],[17.6399,42.8788],[17.5261,42.9218],[17.5119,42.8554]]],[[[17.6662,42.8745],[17.677,42.8727],[17.6737,42.8751],[17.6662,42.8745]]],[[[19.7578,39.6436],[19.9065,39.5814],[19.8416,39.7042],[19.947,39.7729],[19.7637,39.7729],[19.7578,39.6436]]],[[[22.833,38.8227],[22.9818,38.845],[22.9564,38.878],[23.0202,38.9214],[22.833,38.8227]]],[[[23.0356,36.6926],[23.0463,36.6833],[23.0517,36.6872],[23.0498,36.6926],[23.0356,36.6926]]],[[[23.0365,38.9279],[23.3318,38.8034],[23.4651,38.8569],[23.2006,39.0093],[23.0365,38.9279]]],[[[23.3122,37.6174],[23.3406,37.6003],[23.3536,37.5821],[23.3442,37.6327],[23.3122,37.6174]]],[[[23.4014,37.3193],[23.4024,37.3193],[23.4023,37.3198],[23.4014,37.3193]]],[[[23.5634,38.7389],[23.6355,38.5286],[23.594,38.4534],[23.6492,38.4057],[24.0422,38.4015],[24.0669,38.351],[24.0254,38.3305],[24.1617,38.2698],[24.1789,38.5451],[24.0302,38.6743],[23.5634,38.7389]]],[[[24.1275,38.2224],[24.1447,38.2224],[24.1426,38.227],[24.157,38.2296],[24.1591,38.2287],[24.1614,38.2661],[24.1311,38.2358],[24.1275,38.2224]]],[[[26.2318,40.0656],[26.3758,40.1535],[26.3456,40.1998],[26.6167,40.3595],[26.6839,40.4849],[26.2723,40.2906],[26.2318,40.0656]]],[[[27.5815,37.1982],[27.5831,37.1912],[27.5877,37.1988],[27.5815,37.1982]]],[[[30.1795,31.2714],[30.1849,31.2719],[30.1795,31.2719],[30.1795,31.2714]]],[[[30.2409,31.2653],[30.2648,31.2719],[30.2479,31.2719],[30.2409,31.2653]]],[[[30.9691,31.5785],[30.9739,31.5799],[30.9739,31.5867],[30.9695,31.5854],[30.9691,31.5785]]],[[[30.978,31.5843],[31.119,31.5305],[31.1608,31.5935],[30.978,31.5843]]],[[[33.9551,26.79],[34.0036,26.7082],[34.0029,26.7316],[33.9756,26.79],[33.9551,26.79]]],[[[-6.0043,35.3871],[-5.0765,35.3871],[-5.3258,35.6445],[-5.3411,35.8372],[-5.9458,35.7097],[-6.0043,35.3871]]],[[[14.3384,35.9455],[14.3815,35.843],[14.5618,35.8298],[14.5078,35.9285],[14.3773,35.9936],[14.3384,35.9455]]],[[[22.9016,36.3383],[22.9292,36.178],[23.0533,36.1596],[23.0769,36.2707],[22.9446,36.3894],[22.9016,36.3383]]],[[[24.2754,37.5317],[24.3958,37.6247],[24.3728,37.6852],[24.2893,37.6453],[24.2754,37.5317]]],[[[20.6195,37.8228],[20.7934,37.6685],[20.9261,37.7284],[20.886,37.814],[20.7247,37.8998],[20.6554,37.8998],[20.6195,37.8228]]],[[[20.339,38.2002],[20.3801,38.1518],[20.4253,38.1753],[20.4351,38.2788],[20.4943,38.1337],[20.7865,38.0933],[20.6817,38.2821],[20.6429,38.2534],[20.5991,38.3026],[20.6258,38.3518],[20.5664,38.416],[20.479,38.3095],[20.3999,38.3641],[20.339,38.2002]]],[[[20.6878,38.3367],[20.7194,38.3156],[20.7387,38.3189],[20.6951,38.3434],[20.6878,38.3367]]],[[[23.4849,38.7389],[23.5634,38.7389],[23.5668,38.7946],[23.4888,38.8034],[23.4849,38.7389]]],[[[12.4905,37.7062],[13.192,37.5773],[13.6022,37.2505],[14.2779,37.126],[14.6723,36.7393],[15.0498,36.7393],[15.2102,36.9971],[15.2133,37.1583],[15.0592,37.2549],[15.0665,37.6417],[15.3895,38.1578],[15.5432,38.1578],[15.619,38.2583],[15.2184,38.2113],[15.0879,38.1282],[14.9476,38.1794],[14.7634,38.1578],[14.6046,38.0288],[13.6652,37.9643],[13.3547,38.1578],[13.1199,38.1578],[13.0404,38.0288],[12.6522,38.0929],[12.4919,37.8998],[12.4905,37.7062]]],[[[14.4194,40.7517],[14.8934,40.6792],[15.0414,40.2259],[15.1995,40.2259],[15.4319,40.0317],[15.5349,40.0778],[15.7478,40.0317],[15.7136,39.978],[15.7736,39.8424],[15.8989,39.7729],[16.2652,38.7389],[15.9497,38.6743],[15.8621,38.2869],[15.6328,38.2203],[15.6982,37.9643],[15.9328,37.9643],[16.4919,38.416],[16.5024,38.8034],[17.1383,39.0618],[17.0697,39.385],[16.9162,39.5143],[16.4473,39.6436],[16.4567,39.967],[16.6769,40.1511],[16.6245,40.2906],[16.7847,40.3554],[16.7138,40.6144],[16.1574,40.5496],[15.2896,40.6792],[15.2135,40.8088],[14.4205,40.8088],[14.4194,40.7517]]],[[[1.2204,38.9553],[1.2529,38.8623],[1.4031,38.8323],[1.4147,38.8906],[1.6231,39.0292],[1.5227,39.1189],[1.3568,39.0776],[1.2928,39.0333],[1.301,38.9678],[1.2204,38.9553]]],[[[20.1453,39.6436],[20.1517,39.6402],[20.1519,39.6436],[20.1453,39.6436]]],[[[2.3508,39.5765],[2.487,39.4788],[2.6817,39.5587],[2.7435,39.5234],[2.7866,39.3759],[3.1447,39.3203],[3.2825,39.4201],[3.4744,39.7497],[3.1626,39.7691],[3.1263,39.8319],[3.1959,39.8906],[3.0947,39.8812],[3.1738,39.967],[2.8132,39.8726],[2.3508,39.5765]]],[[[3.8032,40.0181],[3.8307,39.9361],[4.3008,39.8378],[4.1705,40.0646],[4.1423,40.0248],[4.1051,40.0794],[3.8032,40.0181]]],[[[8.1567,40.7718],[8.1974,40.6912],[8.1618,40.5638],[8.1934,40.6175],[8.2163,40.5706],[8.312,40.5781],[8.386,40.3518],[8.4761,40.2921],[8.49,40.1045],[8.3772,40.0338],[8.4004,39.9361],[8.5453,39.8786],[8.5044,39.7215],[8.5658,39.7011],[8.4553,39.7561],[8.4634,39.5769],[8.374,39.3789],[8.4321,39.3018],[8.4095,39.1693],[8.5596,39.0567],[8.606,38.9088],[8.7166,38.9326],[8.8533,38.878],[9.0183,38.9953],[9.0183,39.1461],[9.0798,39.2246],[9.0139,39.2639],[9.166,39.1871],[9.2922,39.2213],[9.4052,39.1521],[9.5664,39.1492],[9.7111,39.9293],[9.6262,40.2631],[9.8225,40.5327],[9.6579,40.7999],[9.724,40.8449],[9.6141,40.8934],[9.6421,40.9206],[9.5042,40.9269],[9.6469,40.9922],[9.5119,41.0163],[9.5541,41.1239],[9.4691,41.1462],[9.4429,41.092],[9.4224,41.1807],[9.1711,41.2426],[9.1419,41.1528],[9.0055,41.1219],[8.8225,40.9473],[8.5205,40.827],[8.3102,40.8507],[8.1812,40.9341],[8.2153,40.8814],[8.1567,40.7718]]],[[[8.3533,39.0556],[8.4312,38.9661],[8.4839,39.0698],[8.3701,39.1131],[8.3533,39.0556]]],[[[9.3767,41.2147],[9.377,41.2133],[9.3953,41.2106],[9.4007,41.2115],[9.3767,41.2147]]],[[[9.437,41.1859],[9.4644,41.1727],[9.4749,41.1793],[9.4749,41.2014],[9.445,41.2055],[9.437,41.1859]]],[[[16.783,40.3019],[16.8312,40.3554],[16.7847,40.3554],[16.783,40.3019]]],[[[8.5453,42.2329],[8.5938,42.1745],[8.5596,42.154],[8.745,42.0566],[8.6457,41.9774],[8.8054,41.9069],[8.7508,41.8455],[8.7849,41.8244],[8.6551,41.7499],[8.9227,41.6946],[8.8018,41.6391],[8.7918,41.5612],[9.0798,41.4824],[9.0964,41.4035],[9.2255,41.3771],[9.2107,41.4482],[9.3506,41.5812],[9.2922,41.6264],[9.3467,41.6196],[9.4016,41.7064],[9.4032,41.9529],[9.5596,42.1466],[9.5281,42.5635],[9.4429,42.6406],[9.464,42.9901],[9.3467,43.0037],[9.3057,42.8393],[9.3425,42.7491],[9.2922,42.6748],[9.1178,42.732],[8.787,42.562],[8.7092,42.5792],[8.6595,42.4299],[8.5491,42.3771],[8.6878,42.2729],[8.5453,42.2329]]],[[[9.4566,42.6474],[9.4768,42.6191],[9.4769,42.6201],[9.4821,42.6201],[9.4566,42.6474]]],[[[10.1632,42.8164],[10.1963,42.7362],[10.3379,42.7648],[10.4307,42.7221],[10.3888,42.7635],[10.4367,42.8044],[10.4124,42.8734],[10.3473,42.8059],[10.1632,42.8164]]],[[[14.2616,44.6158],[14.2712,44.6125],[14.2619,44.6282],[14.2616,44.6158]]],[[[14.2625,44.6582],[14.2742,44.6617],[14.2804,44.6776],[14.2658,44.6795],[14.2629,44.6771],[14.2625,44.6582]]],[[[14.2925,44.9403],[14.4279,44.6566],[14.5047,44.6191],[14.4556,44.9307],[14.2925,44.9403]]],[[[14.3358,44.7168],[14.363,44.5734],[14.5024,44.516],[14.3358,44.7168]]],[[[32.2717,35.0728],[32.3294,34.8864],[32.459,34.7219],[32.7099,34.6458],[32.9136,34.6567],[32.9425,34.5794],[33.0303,34.5685],[33.0156,34.6344],[33.0864,34.6948],[33.2601,34.7005],[33.5917,34.8203],[33.7015,34.9729],[34.0685,34.9979],[33.9431,35.0653],[34.0123,35.0638],[33.8999,35.1645],[33.9121,35.26],[34.5384,35.671],[33.6603,35.3593],[33.4275,35.3289],[32.9231,35.3871],[32.9294,35.233],[32.8652,35.157],[32.6897,35.1839],[32.4138,35.043],[32.2717,35.0728]],[[33.7592,34.9887],[33.7911,34.9824],[33.7874,34.98],[33.7592,34.9887]],[[32.712,35.1731],[32.7315,35.1432],[32.7127,35.1634],[32.712,35.1731]],[[33.4666,35.0051],[33.4675,35.0126],[33.4768,35.0027],[33.4666,35.0051]],[[33.6195,35.0168],[33.7115,34.9856],[33.7029,34.9879],[33.6195,35.0168]],[[33.6794,35.0349],[33.7022,35.0223],[33.6794,35.0339],[33.6794,35.0349]],[[33.6966,35.009],[33.7022,35.0223],[33.7002,35.0067],[33.6966,35.009]],[[33.8412,35.0511],[33.8801,35.0731],[33.8551,35.0534],[33.8412,35.0511]]],[[[23.6154,35.5158],[23.6792,35.2584],[24.7574,35.194],[24.8237,35.001],[26.1401,35.0653],[26.2253,35.194],[25.7953,35.1151],[25.6806,35.1297],[25.6923,35.3227],[24.301,35.3227],[24.1499,35.3871],[24.1541,35.465],[24.0669,35.507],[24.1569,35.5158],[23.6154,35.5158]]],[[[27.708,36.1688],[27.7519,35.905],[27.9934,36.062],[28.0896,36.0551],[28.0617,36.1165],[28.1634,36.2377],[28.2311,36.4498],[27.8997,36.3402],[27.708,36.1688]]],[[[26.9177,36.7161],[27.1854,36.8037],[27.1442,36.8811],[26.9177,36.7161]]],[[[25.3418,37.083],[25.3936,36.9971],[25.5644,36.9971],[25.5727,37.126],[25.3418,37.083]]],[[[24.9955,37.6789],[25.1255,37.5559],[25.216,37.5329],[25.2593,37.59],[24.9955,37.6789]]],[[[25.99,37.5165],[26.2306,37.5714],[26.312,37.6796],[26.0742,37.6379],[25.99,37.5165]]],[[[24.6878,37.9287],[24.9118,37.7283],[24.9944,37.7541],[24.9538,37.8707],[24.7937,37.9941],[24.6878,37.9287]]],[[[25.8407,38.5224],[25.989,38.3793],[25.9644,38.3026],[25.885,38.2794],[25.8898,38.2206],[26.0115,38.1578],[26.1121,38.2226],[26.1636,38.5428],[26.0159,38.602],[25.8696,38.5831],[25.8407,38.5224]]],[[[24.4362,38.878],[24.557,38.8457],[24.5368,38.7918],[24.6643,38.7732],[24.523,38.9643],[24.4611,38.9677],[24.4362,38.878]]],[[[25.8359,39.1822],[26.1021,39.1115],[26.2256,39.2076],[26.2935,39.1772],[26.1002,39.0858],[26.1657,39.0224],[26.5471,38.9879],[26.437,39.1035],[26.4893,39.1137],[26.5394,39.0194],[26.61,39.0229],[26.5397,39.166],[26.3822,39.2771],[26.4074,39.3347],[26.1658,39.3681],[26.0606,39.2895],[25.9226,39.2911],[25.8359,39.1822]]],[[[25.0447,39.9853],[25.047,39.8376],[25.2043,39.8376],[25.2388,39.9195],[25.2798,39.8891],[25.2388,39.8581],[25.3551,39.8376],[25.348,39.9064],[25.4499,39.9884],[25.4377,40.0317],[25.2852,39.9534],[25.2251,40.0089],[25.0447,39.9853]]],[[[25.7052,40.1144],[26.0122,40.1666],[25.9631,40.1571],[25.926,40.2428],[25.759,40.2067],[25.7052,40.1144]]],[[[24.5197,40.6853],[24.6397,40.5732],[24.7801,40.6122],[24.7864,40.7351],[24.6423,40.8039],[24.5197,40.6853]]],[[[32.6053,45.4968],[33.6101,45.1042],[33.6092,44.8717],[33.5151,44.6466],[33.5715,44.6206],[33.4767,44.6099],[33.5086,44.4953],[33.6249,44.4507],[33.7638,44.4507],[34.5385,44.7773],[34.5478,44.8426],[35.2971,44.9734],[35.4267,45.3004],[35.0199,45.3004],[34.9864,45.6278],[34.7419,45.6278],[34.5978,45.7588],[34.6167,45.8898],[34.3812,45.9554],[34.3184,46.0865],[33.737,46.0209],[33.7271,45.9501],[33.777,45.9296],[33.722,45.9136],[33.7096,45.8243],[32.6053,45.4968]]]]}},{"type":"Feature","properties":{"territoryId":"cliopatria-q307069-131f2e3b79","name":"Eastern Wei","name_ko":"동위 (북조)","color":"#e13361","colorFamily":3,"startYear":534,"endYear":545,"source_name":"Cliopatria v0.2.0","source_url":"https://github.com/Seshat-Global-History-Databank/cliopatria","license":"CC BY 4.0","attribution":"Seshat Global History Databank, Cliopatria contributors"},"geometry":{"type":"MultiPolygon","coordinates":[[[[110.324,33.1359],[110.7883,32.943],[111.2109,32.4288],[111.1641,32.3002],[111.6166,32.4931],[113.4441,32.8788],[113.8244,33.0716],[113.9528,33.0073],[114.0791,33.1359],[116.0204,33.2002],[116.225,33.3288],[116.8643,33.3931],[118.0466,33.8432],[118.8019,34.3577],[119.2019,34.785],[119.2073,35.0484],[119.358,35.0971],[119.4239,35.3135],[119.5319,35.3586],[119.648,35.5839],[119.7325,35.6208],[119.7439,35.5759],[119.8401,35.6579],[119.8602,35.6061],[119.9046,35.6246],[119.9082,35.7449],[120.0029,35.7278],[120.0972,35.9008],[120.189,35.9453],[120.1753,35.89],[120.2941,36.0024],[120.1753,35.9936],[120.0897,36.1117],[120.0972,36.2264],[120.2845,36.176],[120.3064,36.2742],[120.3616,36.1916],[120.292,36.062],[120.3535,36.0408],[120.6669,36.1321],[120.6436,36.3225],[120.7107,36.3245],[120.7141,36.4287],[120.95,36.4592],[120.9636,36.5479],[120.8504,36.6046],[120.7503,36.5408],[120.7506,36.6168],[120.8506,36.6509],[120.9774,36.5899],[121.4017,36.7124],[121.4595,36.8287],[121.6072,36.845],[121.5032,36.7886],[121.5247,36.7543],[121.9498,36.9389],[121.9263,36.9936],[122.0492,36.9799],[122.0365,36.8993],[122.1429,36.9458],[122.1661,37.0141],[122.1627,36.9458],[122.2659,36.898],[122.1852,36.8595],[122.3212,36.8231],[122.4364,36.8707],[122.4058,36.9222],[122.5111,36.9351],[122.54,37.0277],[122.4092,37.0063],[122.4539,37.1543],[122.4707,37.1103],[122.5735,37.2601],[122.5497,37.3198],[122.5947,37.2952],[122.5708,37.3448],[122.6847,37.4102],[122.2965,37.4182],[122.2454,37.4597],[122.1832,37.4182],[122.1218,37.5627],[122.0256,37.528],[121.988,37.4256],[121.635,37.4813],[121.5874,37.4536],[121.6761,37.4392],[121.5703,37.4287],[121.3817,37.5661],[121.4298,37.5969],[121.3936,37.6225],[121.1554,37.5826],[121.138,37.7012],[121.0326,37.7104],[120.8777,37.8297],[120.2157,37.6841],[120.3225,37.6324],[120.1876,37.5118],[119.8589,37.3602],[119.8973,37.2494],[119.7706,37.1518],[119.4412,37.1206],[119.1455,37.1789],[118.9724,37.2807],[118.9446,37.3781],[119.0371,37.7221],[119.1746,37.7085],[119.2164,37.794],[118.9966,37.9631],[118.9248,38.0578],[118.95,38.0973],[118.7604,38.1551],[118.543,38.0683],[118.0652,38.1431],[117.6025,38.4806],[117.5435,38.6213],[117.584,38.8116],[117.7474,39.071],[117.7154,39.1114],[118.028,39.2198],[118.2249,39.0618],[118.4054,39.0618],[118.5271,39.1492],[118.9894,39.1911],[119.2304,39.3617],[119.2814,39.575],[119.2293,39.536],[119.2086,39.5696],[119.2849,39.5954],[119.3804,39.7729],[119.5264,39.832],[119.5356,39.8908],[120.4722,40.2145],[120.6041,40.4652],[120.7984,40.5997],[120.8253,40.674],[120.9282,40.6894],[120.9819,40.8268],[121.0436,40.8065],[121.1758,40.9223],[121.7565,40.8736],[121.8656,40.9943],[121.9363,41.1977],[122.49,41.4571],[122.6084,41.7816],[121.2188,41.3274],[119.39,41.3274],[119.4281,41.3922],[118.7502,41.4571],[117.4817,41.3274],[116.7041,40.9384],[116.3504,40.8736],[115.0764,39.8376],[114.8397,39.8376],[114.8288,39.967],[114.6709,39.967],[113.7263,39.5143],[113.3325,39.5143],[113.2408,39.6436],[112.5775,39.5789],[111.7382,38.6743],[111.097,38.4806],[111.0362,38.3515],[111.1928,38.3515],[111.337,38.1578],[111.0019,37.7707],[110.798,37.3193],[110.876,37.3193],[110.7331,36.9971],[110.8109,36.9971],[110.7479,36.6749],[110.9252,36.546],[110.8922,36.2884],[111.0199,36.224],[110.8331,35.9664],[111.5033,35.902],[111.4994,35.7089],[111.5768,35.7089],[111.0763,34.4863],[110.795,34.1647],[110.324,33.1359]]],[[[120.7502,37.8986],[120.7546,37.8967],[120.7549,37.8996],[120.7538,37.8998],[120.7502,37.8986]]],[[[121.8259,40.9482],[121.839,40.9176],[121.8557,40.9656],[121.8259,40.9482]]]]}},{"type":"Feature","properties":{"territoryId":"cliopatria-q307069-131f2e3b79","name":"Eastern Wei","name_ko":"동위 (북조)","color":"#e13361","colorFamily":3,"startYear":546,"endYear":554,"source_name":"Cliopatria v0.2.0","source_url":"https://github.com/Seshat-Global-History-Databank/cliopatria","license":"CC BY 4.0","attribution":"Seshat Global History Databank, Cliopatria contributors"},"geometry":{"type":"MultiPolygon","coordinates":[[[[110.324,33.1359],[110.7883,32.943],[111.2109,32.4288],[111.1641,32.3002],[111.6166,32.4931],[113.4441,32.8788],[113.8244,33.0716],[113.9528,33.0073],[114.0791,33.1359],[116.0204,33.2002],[116.225,33.3288],[116.8643,33.3931],[118.0466,33.8432],[118.8019,34.3577],[119.2019,34.785],[119.2073,35.0484],[119.358,35.0971],[119.4239,35.3135],[119.5319,35.3586],[119.648,35.5839],[119.7325,35.6208],[119.7439,35.5759],[119.8401,35.6579],[119.8602,35.6061],[119.9046,35.6246],[119.9082,35.7449],[120.0029,35.7278],[120.0972,35.9008],[120.189,35.9453],[120.1753,35.89],[120.2941,36.0024],[120.1753,35.9936],[120.0897,36.1117],[120.0972,36.2264],[120.2845,36.176],[120.3064,36.2742],[120.3616,36.1916],[120.292,36.062],[120.3535,36.0408],[120.6669,36.1321],[120.6436,36.3225],[120.7107,36.3245],[120.7141,36.4287],[120.95,36.4592],[120.9636,36.5479],[120.8504,36.6046],[120.7503,36.5408],[120.7506,36.6168],[120.8506,36.6509],[120.9774,36.5899],[121.4017,36.7124],[121.4595,36.8287],[121.6072,36.845],[121.5032,36.7886],[121.5247,36.7543],[121.9498,36.9389],[121.9263,36.9936],[122.0492,36.9799],[122.0365,36.8993],[122.1429,36.9458],[122.1661,37.0141],[122.1627,36.9458],[122.2659,36.898],[122.1852,36.8595],[122.3212,36.8231],[122.4364,36.8707],[122.4058,36.9222],[122.5111,36.9351],[122.54,37.0277],[122.4092,37.0063],[122.4539,37.1543],[122.4707,37.1103],[122.5735,37.2601],[122.5497,37.3198],[122.5947,37.2952],[122.5708,37.3448],[122.6847,37.4102],[122.2965,37.4182],[122.2454,37.4597],[122.1832,37.4182],[122.1218,37.5627],[122.0256,37.528],[121.988,37.4256],[121.635,37.4813],[121.5874,37.4536],[121.6761,37.4392],[121.5703,37.4287],[121.3817,37.5661],[121.4298,37.5969],[121.3936,37.6225],[121.1554,37.5826],[121.138,37.7012],[121.0326,37.7104],[120.8777,37.8297],[120.2157,37.6841],[120.3225,37.6324],[120.1876,37.5118],[119.8589,37.3602],[119.8973,37.2494],[119.7706,37.1518],[119.4412,37.1206],[119.1455,37.1789],[118.9724,37.2807],[118.9446,37.3781],[119.0371,37.7221],[119.1746,37.7085],[119.2164,37.794],[118.9966,37.9631],[118.9248,38.0578],[118.95,38.0973],[118.7604,38.1551],[118.543,38.0683],[118.0652,38.1431],[117.6025,38.4806],[117.5435,38.6213],[117.584,38.8116],[117.7474,39.071],[117.7154,39.1114],[118.028,39.2198],[118.2249,39.0618],[118.4054,39.0618],[118.5271,39.1492],[118.9894,39.1911],[119.2304,39.3617],[119.2814,39.575],[119.2293,39.536],[119.2086,39.5696],[119.2849,39.5954],[119.3804,39.7729],[119.5264,39.832],[119.5356,39.8908],[120.4722,40.2145],[120.6041,40.4652],[120.7984,40.5997],[120.8253,40.674],[120.9282,40.6894],[120.9819,40.8268],[121.0436,40.8065],[121.1758,40.9223],[121.7565,40.8736],[121.8656,40.9943],[121.9363,41.1977],[122.49,41.4571],[122.6084,41.7816],[121.2188,41.3274],[119.39,41.3274],[119.4281,41.3922],[118.7502,41.4571],[117.4817,41.3274],[116.7041,40.9384],[116.3504,40.8736],[115.0764,39.8376],[114.8397,39.8376],[114.8288,39.967],[114.6709,39.967],[113.7263,39.5143],[113.3325,39.5143],[113.2408,39.6436],[112.5775,39.5789],[111.7382,38.6743],[111.097,38.4806],[111.0362,38.3515],[111.1928,38.3515],[111.337,38.1578],[111.0019,37.7707],[110.798,37.3193],[110.876,37.3193],[110.7331,36.9971],[110.8109,36.9971],[110.7479,36.6749],[110.9252,36.546],[110.8922,36.2884],[111.0199,36.224],[110.8331,35.9664],[111.5033,35.902],[111.4994,35.7089],[111.5768,35.7089],[111.0763,34.4863],[110.795,34.1647],[110.324,33.1359]]],[[[120.7502,37.8986],[120.7546,37.8967],[120.7549,37.8996],[120.7538,37.8998],[120.7502,37.8986]]],[[[121.8259,40.9482],[121.839,40.9176],[121.8557,40.9656],[121.8259,40.9482]]]]}},{"type":"Feature","properties":{"territoryId":"cliopatria-q867782-fdd6d198f8","name":"Funan","name_ko":"푸난 제국","color":"#3eeabf","colorFamily":2,"startYear":238,"endYear":545,"source_name":"Cliopatria v0.2.0","source_url":"https://github.com/Seshat-Global-History-Databank/cliopatria","license":"CC BY 4.0","attribution":"Seshat Global History Databank, Cliopatria contributors"},"geometry":{"type":"MultiPolygon","coordinates":[[[[101.681,13.079],[101.813,12.95],[101.7853,12.696],[101.8996,12.5697],[101.9478,12.5297],[101.9499,12.6064],[102.057,12.4683],[102.0093,12.5645],[102.1123,12.5373],[102.0872,12.4647],[102.2648,12.3062],[102.2057,12.4358],[102.27,12.4404],[102.27,12.3926],[102.304,12.4274],[102.2917,12.3181],[102.3372,12.3761],[102.3599,12.3471],[102.2632,12.2895],[102.2959,12.19],[102.4736,12.149],[102.5523,12.0733],[102.6057,12.2213],[102.87,11.857],[102.9546,11.5702],[102.9688,11.7142],[102.8931,11.8303],[102.9824,11.7142],[103.085,11.7279],[102.9863,11.7029],[102.9688,11.6385],[102.9893,11.6732],[103.0433,11.6248],[102.9938,11.6357],[103.0029,11.5497],[102.9546,11.5571],[103.0303,11.5429],[103.0371,11.6049],[103.0645,11.5036],[103.1128,11.4678],[103.1401,11.5087],[103.1743,11.4262],[103.0645,11.4473],[103.1521,11.3181],[103.0576,11.2208],[103.1177,11.1491],[103.1267,10.8813],[103.2774,10.9327],[103.4021,10.8843],[103.4685,11.1518],[103.533,11.1627],[103.6746,11.0637],[103.7224,10.8948],[103.6887,10.741],[103.5674,10.7265],[103.5051,10.6222],[103.6239,10.5009],[103.7471,10.509],[103.7019,10.5628],[103.8206,10.544],[103.8664,10.6994],[103.9456,10.5881],[104.2498,10.5703],[104.4536,10.3798],[104.5249,10.4194],[104.499,10.3706],[104.613,10.1445],[104.772,10.2266],[105.0877,9.9967],[105.1133,9.8571],[105.0549,9.9334],[104.9012,9.8514],[104.8566,9.738],[104.7746,8.8179],[104.8153,8.772],[104.9216,8.8093],[104.929,8.7473],[104.8533,8.7126],[104.9631,8.7194],[104.7202,8.6138],[104.8562,8.5656],[105.1015,8.6343],[105.2588,8.7605],[105.5387,9.1293],[106.1794,9.365],[106.197,9.5412],[105.819,10.008],[106.385,9.5483],[106.5437,9.585],[106.5642,9.7426],[106.1133,10.2343],[106.5868,9.8229],[106.6626,9.8837],[106.6687,9.8428],[106.6657,9.9147],[106.4617,10.0357],[106.292,10.2617],[106.5911,9.9808],[106.6484,9.9745],[106.6966,10.0836],[106.7371,10.0541],[106.7976,10.1572],[106.4224,10.317],[106.7904,10.3028],[106.7411,10.468],[106.5819,10.4528],[106.7334,10.5224],[106.7476,10.6737],[106.8816,10.6522],[106.9635,10.5015],[106.9841,10.6994],[107.074,10.7],[107.0598,10.4809],[107.176,10.4774],[107.1968,10.4101],[107.2824,10.391],[107.8239,10.6924],[107.9983,10.6994],[108.1065,10.9182],[108.3466,10.9585],[108.5313,11.1533],[108.7293,11.1815],[108.7752,11.2885],[109.0236,11.3874],[108.622,11.536],[108.496,11.729],[108.136,11.793],[108.098,12.115],[108.251,12.179],[108.354,13.079],[108.238,13.336],[106.301,13.079],[106.242,13.207],[105.876,13.207],[105.539,13.465],[103.207,13.593],[101.866,14.043],[101.681,13.079]],[[102.478,12.7196],[102.4851,12.67],[102.4793,12.6771],[102.478,12.7196]],[[102.4967,12.656],[102.5225,12.643],[102.5018,12.6498],[102.4967,12.656]],[[102.7184,12.3503],[102.7201,12.3612],[102.7258,12.3682],[102.7184,12.3503]],[[104.4751,10.4185],[104.4943,10.4277],[104.4837,10.418],[104.4751,10.4185]],[[107.4996,12.3258],[107.5211,12.3644],[107.5143,12.3438],[107.4996,12.3258]]],[[[102.2495,12.153],[102.2909,11.986],[102.4414,11.986],[102.3428,12.1236],[102.2495,12.153]]],[[[102.9959,11.5137],[103.0017,11.5025],[103.0467,11.4747],[103.0303,11.5019],[103.0303,11.5156],[103.0091,11.5292],[102.9959,11.5137]]],[[[103.7434,10.4809],[103.8049,10.4632],[103.7844,10.515],[103.7434,10.4809]]],[[[103.846,10.3713],[104.0411,10.0136],[104.082,10.371],[104.0047,10.451],[103.9338,10.3664],[103.846,10.3713]]],[[[106.0872,9.7546],[106.1966,9.5717],[106.197,9.6101],[106.2844,9.5437],[106.0872,9.7546]]],[[[106.4224,9.939],[106.4685,9.8903],[106.4968,9.8752],[106.5357,9.8292],[106.5441,9.838],[106.4981,9.8912],[106.4224,9.939]]],[[[106.5117,10.2959],[106.5596,10.2754],[106.6761,10.2543],[106.7116,10.2694],[106.5879,10.2769],[106.5117,10.2959]]],[[[106.752,10.5666],[106.7834,10.4505],[106.8687,10.4746],[106.8478,10.6138],[106.7842,10.6629],[106.752,10.5666]]],[[[106.8538,10.5628],[106.9031,10.5219],[106.9295,10.5976],[106.8538,10.631],[106.8538,10.5628]]],[[[106.8794,10.4901],[106.8835,10.4788],[106.888,10.4801],[106.888,10.4809],[106.8908,10.4809],[106.9446,10.4961],[106.9481,10.507],[106.9275,10.5212],[106.8884,10.5049],[106.8794,10.4901]]],[[[107.1514,10.4203],[107.2112,10.4256],[107.172,10.4646],[107.1514,10.4203]]]]}},{"type":"Feature","properties":{"territoryId":"cliopatria-q867782-fdd6d198f8","name":"Funan","name_ko":"푸난 제국","color":"#3eeabf","colorFamily":2,"startYear":546,"endYear":637,"source_name":"Cliopatria v0.2.0","source_url":"https://github.com/Seshat-Global-History-Databank/cliopatria","license":"CC BY 4.0","attribution":"Seshat Global History Databank, Cliopatria contributors"},"geometry":{"type":"MultiPolygon","coordinates":[[[[101.681,13.079],[101.813,12.95],[101.7853,12.696],[101.8996,12.5697],[101.9478,12.5297],[101.9499,12.6064],[102.057,12.4683],[102.0093,12.5645],[102.1123,12.5373],[102.0872,12.4647],[102.2648,12.3062],[102.2057,12.4358],[102.27,12.4404],[102.27,12.3926],[102.304,12.4274],[102.2917,12.3181],[102.3372,12.3761],[102.3599,12.3471],[102.2632,12.2895],[102.2959,12.19],[102.4736,12.149],[102.5523,12.0733],[102.6057,12.2213],[102.87,11.857],[102.9546,11.5702],[102.9688,11.7142],[102.8931,11.8303],[102.9824,11.7142],[103.085,11.7279],[102.9863,11.7029],[102.9688,11.6385],[102.9893,11.6732],[103.0433,11.6248],[102.9938,11.6357],[103.0029,11.5497],[102.9546,11.5571],[103.0303,11.5429],[103.0371,11.6049],[103.0645,11.5036],[103.1128,11.4678],[103.1401,11.5087],[103.1743,11.4262],[103.0645,11.4473],[103.1521,11.3181],[103.0576,11.2208],[103.1177,11.1491],[103.1267,10.8813],[103.2774,10.9327],[103.4021,10.8843],[103.4685,11.1518],[103.533,11.1627],[103.6746,11.0637],[103.7224,10.8948],[103.6887,10.741],[103.5674,10.7265],[103.5051,10.6222],[103.6239,10.5009],[103.7471,10.509],[103.7019,10.5628],[103.8206,10.544],[103.8664,10.6994],[103.9456,10.5881],[104.2498,10.5703],[104.4536,10.3798],[104.5249,10.4194],[104.499,10.3706],[104.613,10.1445],[104.772,10.2266],[105.0877,9.9967],[105.1133,9.8571],[105.0549,9.9334],[104.9012,9.8514],[104.8566,9.738],[104.7746,8.8179],[104.8153,8.772],[104.9216,8.8093],[104.929,8.7473],[104.8533,8.7126],[104.9631,8.7194],[104.7202,8.6138],[104.8562,8.5656],[105.1015,8.6343],[105.2588,8.7605],[105.5387,9.1293],[106.1794,9.365],[106.197,9.5412],[105.819,10.008],[106.385,9.5483],[106.5437,9.585],[106.5642,9.7426],[106.1133,10.2343],[106.5868,9.8229],[106.6626,9.8837],[106.6687,9.8428],[106.6657,9.9147],[106.4617,10.0357],[106.292,10.2617],[106.5911,9.9808],[106.6484,9.9745],[106.6966,10.0836],[106.7371,10.0541],[106.7976,10.1572],[106.4224,10.317],[106.7904,10.3028],[106.7411,10.468],[106.5819,10.4528],[106.7334,10.5224],[106.7476,10.6737],[106.8816,10.6522],[106.9635,10.5015],[106.9841,10.6994],[107.074,10.7],[107.0598,10.4809],[107.176,10.4774],[107.1968,10.4101],[107.2824,10.391],[107.8239,10.6924],[107.9983,10.6994],[108.1065,10.9182],[108.3466,10.9585],[108.5313,11.1533],[108.7293,11.1815],[108.7752,11.2885],[109.0236,11.3874],[108.622,11.536],[108.496,11.729],[108.136,11.793],[108.098,12.115],[108.251,12.179],[108.354,13.079],[108.238,13.336],[106.301,13.079],[106.242,13.207],[105.876,13.207],[105.539,13.465],[103.207,13.593],[101.866,14.043],[101.681,13.079]],[[102.478,12.7196],[102.4851,12.67],[102.4793,12.6771],[102.478,12.7196]],[[102.4967,12.656],[102.5225,12.643],[102.5018,12.6498],[102.4967,12.656]],[[102.7184,12.3503],[102.7201,12.3612],[102.7258,12.3682],[102.7184,12.3503]],[[104.4751,10.4185],[104.4943,10.4277],[104.4837,10.418],[104.4751,10.4185]],[[107.4996,12.3258],[107.5211,12.3644],[107.5143,12.3438],[107.4996,12.3258]]],[[[102.2495,12.153],[102.2909,11.986],[102.4414,11.986],[102.3428,12.1236],[102.2495,12.153]]],[[[102.9959,11.5137],[103.0017,11.5025],[103.0467,11.4747],[103.0303,11.5019],[103.0303,11.5156],[103.0091,11.5292],[102.9959,11.5137]]],[[[103.7434,10.4809],[103.8049,10.4632],[103.7844,10.515],[103.7434,10.4809]]],[[[103.846,10.3713],[104.0411,10.0136],[104.082,10.371],[104.0047,10.451],[103.9338,10.3664],[103.846,10.3713]]],[[[106.0872,9.7546],[106.1966,9.5717],[106.197,9.6101],[106.2844,9.5437],[106.0872,9.7546]]],[[[106.4224,9.939],[106.4685,9.8903],[106.4968,9.8752],[106.5357,9.8292],[106.5441,9.838],[106.4981,9.8912],[106.4224,9.939]]],[[[106.5117,10.2959],[106.5596,10.2754],[106.6761,10.2543],[106.7116,10.2694],[106.5879,10.2769],[106.5117,10.2959]]],[[[106.752,10.5666],[106.7834,10.4505],[106.8687,10.4746],[106.8478,10.6138],[106.7842,10.6629],[106.752,10.5666]]],[[[106.8538,10.5628],[106.9031,10.5219],[106.9295,10.5976],[106.8538,10.631],[106.8538,10.5628]]],[[[106.8794,10.4901],[106.8835,10.4788],[106.888,10.4801],[106.888,10.4809],[106.8908,10.4809],[106.9446,10.4961],[106.9481,10.507],[106.9275,10.5212],[106.8884,10.5049],[106.8794,10.4901]]],[[[107.1514,10.4203],[107.2112,10.4256],[107.172,10.4646],[107.1514,10.4203]]]]}},{"type":"Feature","properties":{"territoryId":"cliopatria-q733668-4537fe6624","name":"Ghassanids","name_ko":"가산족","color":"#e65680","colorFamily":3,"startYear":510,"endYear":539,"source_name":"Cliopatria v0.2.0","source_url":"https://github.com/Seshat-Global-History-Databank/cliopatria","license":"CC BY 4.0","attribution":"Seshat Global History Databank, Cliopatria contributors"},"geometry":{"type":"Polygon","coordinates":[[[34.5956,28.1021],[34.6429,28.0581],[34.7092,28.1401],[34.8191,28.1128],[34.8049,28.0712],[34.8368,28.1163],[34.8464,28.0712],[35.0519,28.1196],[35.2163,28.0544],[35.68,27.4152],[37.6462,28.5724],[37.9481,28.5724],[37.9632,28.7652],[38.1245,28.8938],[38.5936,29.0867],[39.1725,29.6652],[39.324,29.6652],[39.977,30.1794],[40.0528,30.1794],[40.0073,30.5007],[39.9314,30.5007],[39.9622,30.822],[40.2414,31.3362],[41.1608,32.1074],[41.3704,32.6216],[41.6217,32.8145],[41.6364,32.943],[42.2103,33.2645],[41.7881,33.5859],[41.4886,33.6502],[41.427,33.7789],[41.3502,33.7789],[40.7036,34.1647],[39.509,34.4863],[39.1238,34.4863],[37.9902,33.9718],[37.0732,33.2645],[37.0605,33.1359],[36.8119,32.943],[36.5919,32.236],[36.5155,32.236],[36.5682,31.9789],[36.4919,31.9789],[36.3526,31.2719],[36.2765,31.2719],[36.3193,30.8863],[34.9817,29.4804],[34.8966,29.1789],[34.8535,28.5724],[34.5956,28.1021]],[[36.6896,32.3197],[36.7069,32.3283],[36.7231,32.3266],[36.6896,32.3197]],[[36.7482,32.3241],[36.8145,32.3173],[36.8066,32.313],[36.7482,32.3241]],[[39.1401,32.1134],[39.1464,32.1181],[39.1496,32.1177],[39.1401,32.1134]],[[39.6043,32.054],[40.029,31.9945],[40.3703,31.9385],[39.6043,32.054]],[[40.3703,31.9385],[40.4241,31.9205],[40.4727,31.8958],[40.3703,31.9385]]]}},{"type":"Feature","properties":{"territoryId":"cliopatria-q733668-4537fe6624","name":"Ghassanids","name_ko":"가산족","color":"#e65680","colorFamily":3,"startYear":540,"endYear":545,"source_name":"Cliopatria v0.2.0","source_url":"https://github.com/Seshat-Global-History-Databank/cliopatria","license":"CC BY 4.0","attribution":"Seshat Global History Databank, Cliopatria contributors"},"geometry":{"type":"Polygon","coordinates":[[[34.5956,28.1021],[34.6429,28.0581],[34.7092,28.1401],[34.8191,28.1128],[34.8049,28.0712],[34.8368,28.1163],[34.8464,28.0712],[35.0519,28.1196],[35.2163,28.0544],[35.68,27.4152],[37.6462,28.5724],[37.9481,28.5724],[37.9632,28.7652],[38.1245,28.8938],[38.5936,29.0867],[39.1725,29.6652],[39.324,29.6652],[39.977,30.1794],[40.0528,30.1794],[40.0073,30.5007],[39.9314,30.5007],[39.9622,30.822],[40.2414,31.3362],[41.1608,32.1074],[41.3704,32.6216],[41.6217,32.8145],[41.6364,32.943],[42.2103,33.2645],[41.7881,33.5859],[41.4886,33.6502],[41.427,33.7789],[41.3502,33.7789],[40.7036,34.1647],[40.3958,34.1647],[40.2569,34.2933],[39.7253,34.3577],[39.509,34.4863],[39.1238,34.4863],[38.2346,34.1004],[36.901,33.0716],[36.5155,32.236],[36.5682,31.9789],[36.4919,31.9789],[36.3526,31.2719],[36.2765,31.2719],[36.3193,30.8863],[34.9817,29.4804],[34.8966,29.1789],[34.8535,28.5724],[34.5956,28.1021]],[[36.6896,32.3197],[36.7069,32.3283],[36.7231,32.3266],[36.6896,32.3197]],[[36.7482,32.3241],[36.8145,32.3173],[36.8066,32.313],[36.7482,32.3241]],[[39.1401,32.1134],[39.1464,32.1181],[39.1496,32.1177],[39.1401,32.1134]],[[39.6043,32.054],[40.029,31.9945],[40.3703,31.9385],[39.6043,32.054]],[[40.3703,31.9385],[40.4241,31.9205],[40.4727,31.8958],[40.3703,31.9385]]]}},{"type":"Feature","properties":{"territoryId":"cliopatria-q733668-4537fe6624","name":"Ghassanids","name_ko":"가산족","color":"#e65680","colorFamily":3,"startYear":546,"endYear":601,"source_name":"Cliopatria v0.2.0","source_url":"https://github.com/Seshat-Global-History-Databank/cliopatria","license":"CC BY 4.0","attribution":"Seshat Global History Databank, Cliopatria contributors"},"geometry":{"type":"Polygon","coordinates":[[[34.5956,28.1021],[34.6429,28.0581],[34.7092,28.1401],[34.8191,28.1128],[34.8049,28.0712],[34.8368,28.1163],[34.8464,28.0712],[35.0519,28.1196],[35.2163,28.0544],[35.68,27.4152],[37.6462,28.5724],[37.9481,28.5724],[37.9632,28.7652],[38.1245,28.8938],[38.5936,29.0867],[39.1725,29.6652],[39.324,29.6652],[39.977,30.1794],[40.0528,30.1794],[40.0073,30.5007],[39.9314,30.5007],[39.9622,30.822],[40.2414,31.3362],[41.1608,32.1074],[41.3704,32.6216],[41.6217,32.8145],[41.6364,32.943],[42.2103,33.2645],[41.7881,33.5859],[41.4886,33.6502],[41.427,33.7789],[41.3502,33.7789],[40.7036,34.1647],[39.509,34.4863],[39.1238,34.4863],[37.9902,33.9718],[37.0732,33.2645],[37.0605,33.1359],[36.8119,32.943],[36.5919,32.236],[36.5155,32.236],[36.5682,31.9789],[36.4919,31.9789],[36.3526,31.2719],[36.2765,31.2719],[36.3193,30.8863],[34.9817,29.4804],[34.8966,29.1789],[34.8535,28.5724],[34.5956,28.1021]],[[36.6896,32.3197],[36.7069,32.3283],[36.7231,32.3266],[36.6896,32.3197]],[[36.7482,32.3241],[36.8145,32.3173],[36.8066,32.313],[36.7482,32.3241]],[[39.1401,32.1134],[39.1464,32.1181],[39.1496,32.1177],[39.1401,32.1134]],[[39.6043,32.054],[40.029,31.9945],[40.3703,31.9385],[39.6043,32.054]],[[40.3703,31.9385],[40.4241,31.9205],[40.4727,31.8958],[40.3703,31.9385]]]}},{"type":"Feature","properties":{"territoryId":"cliopatria-q28370-6ffc2fd5b1","name":"Goguryeo","name_ko":"고구려","color":"#51ecc8","colorFamily":2,"startYear":490,"endYear":522,"source_name":"Cliopatria v0.2.0","source_url":"https://github.com/Seshat-Global-History-Databank/cliopatria","license":"CC BY 4.0","attribution":"Seshat Global History Databank, Cliopatria contributors"},"geometry":{"type":"MultiPolygon","coordinates":[[[[121.1113,38.8403],[121.1456,38.7389],[121.2367,38.7985],[121.485,38.8099],[121.634,38.9251],[121.5874,38.9401],[121.6358,38.9953],[121.9232,39.009],[121.8884,39.0425],[122.0065,39.0618],[122.29,39.351],[122.8486,39.6179],[123.2295,39.7297],[123.252,39.8171],[123.3141,39.7761],[123.4171,39.8245],[123.4126,39.7834],[123.6085,39.836],[123.6567,39.9195],[123.6431,39.8786],[123.773,39.8183],[124.1182,39.8332],[124.2942,39.9338],[124.3702,40.0979],[124.4996,40.0225],[124.4058,40.0278],[124.3215,39.9127],[124.4177,39.8245],[124.5641,39.8143],[124.6436,39.6677],[124.7557,39.6883],[124.7461,39.7829],[125.117,39.5659],[125.2252,39.5912],[125.286,39.5212],[125.4518,39.5713],[125.3452,39.4537],[125.4592,39.3851],[125.4046,39.3647],[125.4449,39.3106],[125.4109,39.2138],[125.2874,39.1523],[125.2841,39.0896],[125.3351,39.0834],[125.2708,39.0806],[125.1986,38.9861],[125.1372,38.8035],[125.1883,38.7386],[125.241,38.7931],[125.2777,38.7033],[125.4478,38.7772],[125.6578,38.631],[125.4627,38.7073],[125.1566,38.6317],[125.1229,38.6641],[125.128,38.5803],[124.9839,38.5919],[125.0164,38.498],[124.8797,38.3452],[124.8723,38.2576],[124.993,38.227],[124.9209,38.1894],[124.856,38.227],[124.7681,38.1017],[124.8853,38.1317],[125.2649,38.0779],[125.2463,38.0201],[125.1067,38.0346],[125.1754,37.9699],[124.9795,37.9252],[125.2151,37.8913],[125.26,37.9327],[125.3084,37.8781],[125.2542,37.8346],[125.3084,37.8091],[125.3494,37.8644],[125.4449,37.8433],[125.3836,37.8918],[125.4244,37.9122],[125.5101,37.8943],[125.4791,37.8576],[125.5242,37.8178],[125.3899,37.7961],[125.4449,37.7744],[125.3638,37.7609],[125.3475,37.6756],[125.5343,37.7722],[125.6387,37.8647],[125.6306,37.9252],[125.7398,37.9252],[125.5969,38.0322],[125.7993,37.9929],[125.9216,37.8449],[125.9862,37.8228],[125.9595,37.9122],[126.0558,37.8706],[126.0628,37.8022],[126.3977,37.8918],[126.5933,37.7744],[126.6925,37.8371],[126.6788,37.6863],[126.7552,37.6379],[126.6615,37.6724],[126.6619,37.758],[126.5349,37.7682],[126.5605,37.6074],[126.6442,37.5044],[126.595,37.4723],[126.6182,37.3842],[126.7172,37.3838],[126.6898,37.3325],[126.8707,37.2679],[126.782,37.2202],[126.664,37.245],[126.719,37.2129],[126.6653,37.1755],[126.6856,37.1301],[126.8707,37.1755],[126.7529,37.1007],[126.8013,37.0377],[126.8905,37.0959],[126.911,37.0141],[126.8379,36.9759],[127.7045,36.9971],[127.6714,36.9326],[127.9944,36.8037],[128.6954,37.2549],[129.207,37.1904],[129.3098,37.3008],[128.6316,38.145],[128.3596,38.6787],[128.0147,38.8581],[127.7593,39.117],[127.3934,39.2017],[127.3919,39.3419],[127.4734,39.3476],[127.3784,39.3789],[127.5413,39.4287],[127.5204,39.5105],[127.5746,39.595],[127.5038,39.7155],[128.0068,40.0452],[128.1551,40.0163],[128.2634,40.0771],[128.3278,40.0282],[128.6461,40.2609],[128.6365,40.3132],[129.0776,40.4726],[129.2335,40.7057],[129.7339,40.8654],[129.7649,40.9444],[129.7119,41.1226],[129.795,41.3474],[129.6594,41.4646],[129.6488,41.5494],[129.8967,41.9043],[130.2023,42.1736],[130.4043,42.2551],[130.4075,42.3246],[130.6054,42.3012],[130.8423,42.5583],[130.6608,42.6432],[130.7208,42.7],[130.9361,42.6262],[131.1057,42.6683],[131.2072,42.6262],[131.2731,42.7773],[131.347,42.7761],[131.4306,42.8791],[131.3939,42.945],[131.4801,42.94],[131.8267,43.338],[131.9684,43.2706],[132.052,43.3148],[131.8591,43.0856],[131.9207,43.1204],[131.8865,43.0856],[131.9689,43.0816],[132.1962,43.2184],[132.6042,43.7982],[132.0517,43.9286],[132.0981,43.9938],[131.2563,44.0591],[131.3025,44.1243],[131.014,44.0591],[131.0602,44.1243],[130.4713,44.3201],[130.4137,44.5813],[129.9857,44.7773],[129.9976,44.908],[129.36,45.0388],[129.4064,45.1042],[129.1627,45.1042],[128.6882,44.7773],[127.7051,44.6466],[127.4264,44.7119],[127.3357,44.5813],[126.9667,44.516],[125.0527,44.3201],[123.9903,43.0816],[123.8156,42.5612],[123.1301,42.2362],[122.6084,41.7816],[122.49,41.4571],[121.9363,41.1977],[121.8331,40.9314],[121.8511,40.8323],[122.1594,40.7016],[122.1573,40.5993],[122.3019,40.5023],[122.1061,40.3101],[122.0916,40.2272],[121.9915,40.187],[121.9957,40.1239],[121.8269,40.0225],[121.8738,39.9914],[121.4811,39.8139],[121.4634,39.7435],[121.5501,39.6787],[121.5333,39.6223],[121.4639,39.6458],[121.2234,39.5286],[121.436,39.5086],[121.4976,39.385],[121.943,39.3994],[121.7798,39.3715],[121.628,39.2704],[121.5926,39.1922],[121.681,39.1364],[121.6741,39.088],[121.1399,38.9473],[121.1113,38.8403]],[[124.3806,40.1056],[124.5282,40.2141],[124.5487,40.2209],[124.3806,40.1056]],[[126.915,38.7389],[126.9508,38.8034],[127.0293,38.8034],[126.9934,38.7389],[126.915,38.7389]],[[130.4759,42.6029],[130.4842,42.61],[130.5014,42.6108],[130.4759,42.6029]],[[130.5308,42.5305],[130.5818,42.4417],[130.5756,42.4457],[130.5308,42.5305]]],[[[121.2655,39.4311],[121.2928,39.3905],[121.3643,39.4455],[121.3363,39.385],[121.4328,39.385],[121.4505,39.4503],[121.3406,39.4813],[121.2655,39.4311]]],[[[124.8696,39.5805],[124.8697,39.5789],[124.9222,39.5711],[124.9097,39.5936],[124.9267,39.6048],[124.8805,39.6125],[124.8705,39.5809],[124.8696,39.5805]]],[[[124.9002,38.4957],[124.904,38.4944],[124.9016,38.4984],[124.9002,38.4957]]],[[[125.2673,37.7115],[125.2957,37.7276],[125.3377,37.7687],[125.3288,37.7667],[125.2887,37.7526],[125.2673,37.7115]]],[[[126.282,37.6993],[126.3788,37.6787],[126.32,37.7472],[126.282,37.6993]]],[[[126.3098,37.7631],[126.3182,37.7623],[126.3359,37.7744],[126.3425,37.7921],[126.3333,37.8004],[126.3295,37.8006],[126.3098,37.7631]]],[[[126.367,37.7272],[126.3917,37.6154],[126.542,37.631],[126.5164,37.7672],[126.4253,37.8244],[126.367,37.7272]]],[[[126.5519,37.4803],[126.5831,37.4904],[126.5672,37.5097],[126.5519,37.4803]]],[[[126.7374,36.9326],[126.7975,36.9366],[126.7962,36.9558],[126.7615,36.9797],[126.7374,36.9326]]],[[[130.8155,42.6342],[130.8831,42.6027],[130.9035,42.6248],[130.8895,42.6386],[130.8386,42.643],[130.8155,42.6342]]]]}},{"type":"Feature","properties":{"territoryId":"cliopatria-q28370-6ffc2fd5b1","name":"Goguryeo","name_ko":"고구려","color":"#51ecc8","colorFamily":2,"startYear":523,"endYear":554,"source_name":"Cliopatria v0.2.0","source_url":"https://github.com/Seshat-Global-History-Databank/cliopatria","license":"CC BY 4.0","attribution":"Seshat Global History Databank, Cliopatria contributors"},"geometry":{"type":"MultiPolygon","coordinates":[[[[121.1113,38.8403],[121.1456,38.7389],[121.2367,38.7985],[121.485,38.8099],[121.634,38.9251],[121.5874,38.9401],[121.6358,38.9953],[121.9232,39.009],[121.8884,39.0425],[122.0065,39.0618],[122.29,39.351],[122.8486,39.6179],[123.2295,39.7297],[123.252,39.8171],[123.3141,39.7761],[123.4171,39.8245],[123.4126,39.7834],[123.6085,39.836],[123.6567,39.9195],[123.6431,39.8786],[123.773,39.8183],[124.1182,39.8332],[124.2942,39.9338],[124.3702,40.0979],[124.4996,40.0225],[124.4058,40.0278],[124.3215,39.9127],[124.4177,39.8245],[124.5641,39.8143],[124.6436,39.6677],[124.7557,39.6883],[124.7461,39.7829],[125.117,39.5659],[125.2252,39.5912],[125.286,39.5212],[125.4518,39.5713],[125.3452,39.4537],[125.4592,39.3851],[125.4046,39.3647],[125.4449,39.3106],[125.4109,39.2138],[125.2874,39.1523],[125.2841,39.0896],[125.3351,39.0834],[125.2708,39.0806],[125.1986,38.9861],[125.1372,38.8035],[125.1883,38.7386],[125.241,38.7931],[125.2777,38.7033],[125.4478,38.7772],[125.6578,38.631],[125.4627,38.7073],[125.1566,38.6317],[125.1229,38.6641],[125.128,38.5803],[124.9839,38.5919],[125.0164,38.498],[124.8797,38.3452],[124.8723,38.2576],[124.993,38.227],[124.9209,38.1894],[124.856,38.227],[124.7681,38.1017],[124.8853,38.1317],[125.2649,38.0779],[125.2463,38.0201],[125.1067,38.0346],[125.1754,37.9699],[124.9795,37.9252],[125.2151,37.8913],[125.26,37.9327],[125.3084,37.8781],[125.2542,37.8346],[125.3084,37.8091],[125.3494,37.8644],[125.4449,37.8433],[125.3836,37.8918],[125.4244,37.9122],[125.5101,37.8943],[125.4791,37.8576],[125.5242,37.8178],[125.3899,37.7961],[125.4449,37.7744],[125.3638,37.7609],[125.3475,37.6756],[125.5343,37.7722],[125.6387,37.8647],[125.6306,37.9252],[125.7398,37.9252],[125.5969,38.0322],[125.7993,37.9929],[125.9216,37.8449],[125.9862,37.8228],[125.9595,37.9122],[126.0558,37.8706],[126.0628,37.8022],[126.3977,37.8918],[126.5933,37.7744],[126.6925,37.8371],[126.6788,37.6863],[126.7552,37.6379],[126.6615,37.6724],[126.6619,37.758],[126.5349,37.7682],[126.5605,37.6074],[126.6442,37.5044],[126.595,37.4723],[126.6182,37.3842],[126.7172,37.3838],[126.6898,37.3325],[126.8707,37.2679],[126.782,37.2202],[126.664,37.245],[126.719,37.2129],[126.6653,37.1755],[126.6856,37.1301],[126.8707,37.1755],[126.7529,37.1007],[126.8013,37.0377],[126.8905,37.0959],[126.911,37.0141],[126.8379,36.9759],[127.7045,36.9971],[127.6714,36.9326],[127.9944,36.8037],[128.6954,37.2549],[129.207,37.1904],[129.3098,37.3008],[128.6316,38.145],[128.3596,38.6787],[128.0147,38.8581],[127.7593,39.117],[127.3934,39.2017],[127.3919,39.3419],[127.4734,39.3476],[127.3784,39.3789],[127.5413,39.4287],[127.5204,39.5105],[127.5746,39.595],[127.5038,39.7155],[128.0068,40.0452],[128.1551,40.0163],[128.2634,40.0771],[128.3278,40.0282],[128.6461,40.2609],[128.6365,40.3132],[129.0776,40.4726],[129.2335,40.7057],[129.7339,40.8654],[129.7649,40.9444],[129.7119,41.1226],[129.795,41.3474],[129.6594,41.4646],[129.6488,41.5494],[129.8967,41.9043],[130.2023,42.1736],[130.4043,42.2551],[130.4075,42.3246],[130.6054,42.3012],[130.8423,42.5583],[130.6608,42.6432],[130.7208,42.7],[130.9361,42.6262],[131.1057,42.6683],[131.2072,42.6262],[131.2731,42.7773],[131.347,42.7761],[131.4306,42.8791],[131.3939,42.945],[131.4801,42.94],[131.8267,43.338],[131.9684,43.2706],[132.052,43.3148],[131.8591,43.0856],[131.9207,43.1204],[131.8865,43.0856],[131.9689,43.0816],[132.1962,43.2184],[132.6042,43.7982],[132.0517,43.9286],[132.0981,43.9938],[131.2563,44.0591],[131.3025,44.1243],[131.014,44.0591],[131.0602,44.1243],[130.4713,44.3201],[130.4137,44.5813],[129.9857,44.7773],[129.9976,44.908],[129.36,45.0388],[129.4064,45.1042],[129.1627,45.1042],[128.6882,44.7773],[127.7051,44.6466],[127.4264,44.7119],[127.3357,44.5813],[126.9667,44.516],[125.0527,44.3201],[123.9903,43.0816],[123.8156,42.5612],[123.1301,42.2362],[122.6084,41.7816],[122.49,41.4571],[121.9363,41.1977],[121.8331,40.9314],[121.8511,40.8323],[122.1594,40.7016],[122.1573,40.5993],[122.3019,40.5023],[122.1061,40.3101],[122.0916,40.2272],[121.9915,40.187],[121.9957,40.1239],[121.8269,40.0225],[121.8738,39.9914],[121.4811,39.8139],[121.4634,39.7435],[121.5501,39.6787],[121.5333,39.6223],[121.4639,39.6458],[121.2234,39.5286],[121.436,39.5086],[121.4976,39.385],[121.943,39.3994],[121.7798,39.3715],[121.628,39.2704],[121.5926,39.1922],[121.681,39.1364],[121.6741,39.088],[121.1399,38.9473],[121.1113,38.8403]],[[124.3806,40.1056],[124.5282,40.2141],[124.5487,40.2209],[124.3806,40.1056]],[[130.4759,42.6029],[130.4842,42.61],[130.5014,42.6108],[130.4759,42.6029]],[[130.5308,42.5305],[130.5818,42.4417],[130.5756,42.4457],[130.5308,42.5305]]],[[[121.2655,39.4311],[121.2928,39.3905],[121.3643,39.4455],[121.3363,39.385],[121.4328,39.385],[121.4505,39.4503],[121.3406,39.4813],[121.2655,39.4311]]],[[[124.8696,39.5805],[124.8697,39.5789],[124.9222,39.5711],[124.9097,39.5936],[124.9267,39.6048],[124.8805,39.6125],[124.8705,39.5809],[124.8696,39.5805]]],[[[124.9002,38.4957],[124.904,38.4944],[124.9016,38.4984],[124.9002,38.4957]]],[[[125.2673,37.7115],[125.2957,37.7276],[125.3377,37.7687],[125.3288,37.7667],[125.2887,37.7526],[125.2673,37.7115]]],[[[126.282,37.6993],[126.3788,37.6787],[126.32,37.7472],[126.282,37.6993]]],[[[126.3098,37.7631],[126.3182,37.7623],[126.3359,37.7744],[126.3425,37.7921],[126.3333,37.8004],[126.3295,37.8006],[126.3098,37.7631]]],[[[126.367,37.7272],[126.3917,37.6154],[126.542,37.631],[126.5164,37.7672],[126.4253,37.8244],[126.367,37.7272]]],[[[126.5519,37.4803],[126.5831,37.4904],[126.5672,37.5097],[126.5519,37.4803]]],[[[126.7374,36.9326],[126.7975,36.9366],[126.7962,36.9558],[126.7615,36.9797],[126.7374,36.9326]]],[[[130.8155,42.6342],[130.8831,42.6027],[130.9035,42.6248],[130.8895,42.6386],[130.8386,42.643],[130.8155,42.6342]]]]}},{"type":"Feature","properties":{"territoryId":"cliopatria-q11774-e614932c2f","name":"Gupta Empire","name_ko":"굽타 왕조","color":"#b04bdd","colorFamily":4,"startYear":490,"endYear":533,"source_name":"Cliopatria v0.2.0","source_url":"https://github.com/Seshat-Global-History-Databank/cliopatria","license":"CC BY 4.0","attribution":"Seshat Global History Databank, Cliopatria contributors"},"geometry":{"type":"MultiPolygon","coordinates":[[[[74.6058,24.6506],[75.2121,24.5026],[75.8043,24.6203],[76.501,24.5841],[76.7001,24.1988],[77.9393,23.8534],[78.7952,23.3518],[79.5367,23.4111],[80.1737,22.9858],[80.8804,22.2093],[81.4328,22.4303],[82.1096,23.2238],[82.443,23.2238],[82.9457,23.027],[83.7568,22.306],[83.7668,21.9511],[83.1049,20.8018],[81.5163,20.3861],[81.9164,20.022],[82.0646,20.022],[83.1134,18.9291],[84.3513,18.5771],[84.7411,19.0281],[84.78,19.0971],[84.7405,19.0737],[84.7388,19.1476],[84.791,19.1206],[85.1804,19.475],[85.4089,19.6099],[85.2884,19.6013],[85.3779,19.6149],[85.3914,19.6906],[85.2476,19.6565],[85.193,19.5808],[85.2332,19.5541],[85.124,19.4783],[85.1029,19.5296],[85.2681,19.78],[85.4401,19.8962],[85.5703,19.8756],[85.5765,19.7458],[85.5099,19.7346],[85.5021,19.6739],[86.089,19.8442],[86.3724,19.965],[86.1677,20.0729],[86.1525,20.1431],[86.3972,19.9829],[86.4951,20.1841],[86.7546,20.3144],[86.6937,20.2939],[86.8071,20.4104],[86.7205,20.3685],[86.7515,20.4892],[87.0432,20.698],[86.9402,20.698],[87,20.7282],[86.8788,20.7806],[86.9627,20.7995],[86.844,21.0822],[86.9177,21.3274],[87.2009,21.552],[87.7038,21.6555],[87.834,21.7293],[87.9837,21.8542],[88.0431,22.0173],[88.1643,22.0898],[88.1326,22.1791],[87.9653,22.2448],[87.9066,22.4247],[88.009,22.2404],[88.198,22.1678],[88.2224,22.0779],[88.1467,21.9592],[88.2065,21.6072],[88.3017,21.5786],[88.2616,21.7987],[88.3097,21.6102],[88.3312,21.7191],[88.4598,21.6934],[88.4956,21.9518],[88.5166,21.7017],[88.6602,22.205],[88.6442,22.0791],[88.763,22.1306],[88.7149,22.0791],[88.763,22.0173],[88.7196,21.9428],[88.728,21.6291],[88.8109,21.6917],[88.803,21.6291],[88.8587,21.6365],[88.8587,21.7668],[88.8916,21.6535],[89.0832,21.6291],[89.0159,21.8533],[88.905,21.9694],[89.0095,21.9046],[89.0609,21.9385],[89.0437,22.1374],[89.1047,21.8159],[89.2841,21.7281],[89.3596,21.9723],[89.3696,21.7433],[89.4427,21.7466],[89.5218,21.9623],[89.4758,22.2951],[89.5329,21.9847],[89.5613,22.272],[89.6726,22.5291],[89.8307,22.5934],[89.832,23.1077],[90.3427,24.4578],[90.204,24.5221],[90.1725,24.7792],[90.034,24.8435],[89.8765,25.2293],[89.8795,26.0651],[89.5168,26.1294],[89.2659,26.3865],[89.0408,26.3865],[88.9905,26.5151],[88.5526,26.5794],[87.9903,26.3865],[87.2399,26.3865],[87.1141,26.5151],[86.6516,26.4508],[86.3126,26.6437],[85.787,26.6437],[85.7362,26.7723],[85.2735,26.708],[84.9972,26.8366],[84.8836,27.0295],[84.7333,27.0295],[84.7579,27.158],[84.4318,27.4152],[83.291,27.3509],[82.5377,27.7367],[81.885,27.8652],[81.1945,28.1867],[80.957,28.5081],[80.1031,28.7652],[80.3532,29.6009],[81.0401,30.3079],[80.7804,30.5007],[80.3395,30.565],[79.9113,31.0148],[79.531,31.0148],[79.1796,31.4647],[78.8139,31.529],[78.8443,31.6575],[78.448,31.5933],[77.8073,31.7861],[77.7311,31.7861],[76.3007,30.5007],[76.2416,29.858],[76.1264,29.6652],[76.2519,29.5366],[76.2508,29.1509],[76.3768,29.0224],[76.3395,28.8295],[76.415,28.8295],[76.6472,28.0581],[76.8498,27.9295],[76.8265,27.8009],[77.0178,27.6081],[77.0453,26.9009],[76.8521,26.6437],[76.7019,26.6437],[75.2852,25.7436],[75.266,25.615],[74.7608,25.2293],[74.7728,24.7792],[74.6058,24.6506]],[[79.739,30.9792],[79.8335,30.9615],[79.8504,30.9545],[79.739,30.9792]],[[80.0146,30.8374],[80.0286,30.8308],[80.0625,30.7848],[80.0146,30.8374]],[[80.0339,28.9159],[80.0529,28.9491],[80.0342,28.9052],[80.0339,28.9159]],[[80.0994,28.9773],[80.1131,29.0722],[80.1079,28.9946],[80.0994,28.9773]],[[80.8364,30.17],[80.8679,30.2002],[80.8839,30.2104],[80.8364,30.17]],[[84.6273,27.0365],[84.7607,26.999],[84.6402,27.0284],[84.6273,27.0365]],[[88.5401,23.65],[88.5612,23.741],[88.5416,23.6388],[88.5401,23.65]],[[88.5764,23.5918],[88.6092,23.5888],[88.5815,23.5883],[88.5764,23.5918]],[[89.0623,22.2116],[89.0762,22.175],[89.0782,22.1508],[89.0623,22.2116]]],[[[85.4994,19.6535],[85.5765,19.6906],[85.4996,19.6549],[85.4994,19.6535]]],[[[88.1338,21.631],[88.1394,21.6303],[88.1444,21.6578],[88.1391,21.67],[88.1338,21.631]]],[[[88.1421,21.6913],[88.1634,21.7055],[88.167,21.7654],[88.1584,21.8099],[88.1421,21.6913]]],[[[88.7169,22.0443],[88.7179,22.0085],[88.7307,22.0372],[88.7169,22.0443]]],[[[89.0457,21.9171],[89.0515,21.7932],[89.1136,21.7311],[89.139,21.7668],[89.0457,21.9171]]],[[[89.5274,21.8128],[89.5445,21.7433],[89.5627,21.8817],[89.5274,21.8128]]]]}},{"type":"Feature","properties":{"territoryId":"cliopatria-q11774-e614932c2f","name":"Gupta Empire","name_ko":"굽타 왕조","color":"#b04bdd","colorFamily":4,"startYear":534,"endYear":545,"source_name":"Cliopatria v0.2.0","source_url":"https://github.com/Seshat-Global-History-Databank/cliopatria","license":"CC BY 4.0","attribution":"Seshat Global History Databank, Cliopatria contributors"},"geometry":{"type":"MultiPolygon","coordinates":[[[[74.6058,24.6506],[75.2121,24.5026],[75.8043,24.6203],[76.501,24.5841],[76.7001,24.1988],[77.9393,23.8534],[78.7952,23.3518],[79.5367,23.4111],[80.1737,22.9858],[80.8804,22.2093],[81.4328,22.4303],[82.1096,23.2238],[82.443,23.2238],[82.9457,23.027],[83.7568,22.306],[83.7668,21.9511],[83.1049,20.8018],[81.5163,20.3861],[81.9164,20.022],[82.0646,20.022],[83.1134,18.9291],[84.3513,18.5771],[84.7411,19.0281],[84.78,19.0971],[84.7405,19.0737],[84.7388,19.1476],[84.791,19.1206],[85.1804,19.475],[85.4089,19.6099],[85.2884,19.6013],[85.3779,19.6149],[85.3914,19.6906],[85.2476,19.6565],[85.193,19.5808],[85.2332,19.5541],[85.124,19.4783],[85.1029,19.5296],[85.2681,19.78],[85.4401,19.8962],[85.5703,19.8756],[85.5765,19.7458],[85.5099,19.7346],[85.5021,19.6739],[86.089,19.8442],[86.3724,19.965],[86.1677,20.0729],[86.1525,20.1431],[86.3972,19.9829],[86.4951,20.1841],[86.7546,20.3144],[86.6937,20.2939],[86.8071,20.4104],[86.7205,20.3685],[86.7515,20.4892],[87.0432,20.698],[86.9402,20.698],[87,20.7282],[86.8788,20.7806],[86.9627,20.7995],[86.844,21.0822],[86.9177,21.3274],[87.2009,21.552],[87.7038,21.6555],[87.834,21.7293],[87.9837,21.8542],[88.0431,22.0173],[88.1643,22.0898],[88.1326,22.1791],[87.9653,22.2448],[87.9066,22.4247],[88.009,22.2404],[88.198,22.1678],[88.2224,22.0779],[88.1467,21.9592],[88.2065,21.6072],[88.3017,21.5786],[88.2616,21.7987],[88.3097,21.6102],[88.3312,21.7191],[88.4598,21.6934],[88.4956,21.9518],[88.5166,21.7017],[88.6602,22.205],[88.6442,22.0791],[88.763,22.1306],[88.7149,22.0791],[88.763,22.0173],[88.7196,21.9428],[88.728,21.6291],[88.8109,21.6917],[88.803,21.6291],[88.8587,21.6365],[88.8587,21.7668],[88.8916,21.6535],[89.0832,21.6291],[89.0159,21.8533],[88.905,21.9694],[89.0095,21.9046],[89.0609,21.9385],[89.0437,22.1374],[89.1047,21.8159],[89.2841,21.7281],[89.3596,21.9723],[89.3696,21.7433],[89.4427,21.7466],[89.5218,21.9623],[89.4758,22.2951],[89.5329,21.9847],[89.5613,22.272],[89.6726,22.5291],[89.8307,22.5934],[89.832,23.1077],[90.3427,24.4578],[90.204,24.5221],[90.1725,24.7792],[90.034,24.8435],[89.8765,25.2293],[89.8795,26.0651],[89.5168,26.1294],[89.2659,26.3865],[89.0408,26.3865],[88.9905,26.5151],[88.5526,26.5794],[87.9903,26.3865],[87.2399,26.3865],[87.1141,26.5151],[86.6516,26.4508],[86.3126,26.6437],[85.787,26.6437],[85.7362,26.7723],[85.2735,26.708],[84.9972,26.8366],[84.8836,27.0295],[84.7333,27.0295],[84.7579,27.158],[84.4318,27.4152],[83.291,27.3509],[82.5377,27.7367],[81.885,27.8652],[81.1945,28.1867],[80.957,28.5081],[80.1031,28.7652],[80.4707,29.7937],[81.011,30.1794],[81.0401,30.3079],[80.9176,30.4364],[80.3395,30.565],[79.9113,31.0148],[79.531,31.0148],[79.1796,31.4647],[78.8139,31.529],[78.8443,31.6575],[78.448,31.5933],[78.0361,31.7861],[77.7311,31.7861],[76.3007,30.5007],[76.2416,29.858],[76.1264,29.6652],[76.2519,29.5366],[76.2508,29.1509],[76.3768,29.0224],[76.3395,28.8295],[76.415,28.8295],[76.6472,28.0581],[76.8498,27.9295],[76.8265,27.8009],[77.0178,27.6081],[77.0453,26.9009],[76.8521,26.6437],[75.6241,26.0008],[74.7608,25.2293],[74.7728,24.7792],[74.6058,24.6506]],[[79.739,30.9792],[79.8335,30.9615],[79.8504,30.9545],[79.739,30.9792]],[[80.0146,30.8374],[80.0286,30.8308],[80.0625,30.7848],[80.0146,30.8374]],[[80.0339,28.9159],[80.0529,28.9491],[80.0342,28.9052],[80.0339,28.9159]],[[80.0994,28.9773],[80.1131,29.0722],[80.1079,28.9946],[80.0994,28.9773]],[[80.8364,30.17],[80.8679,30.2002],[80.8839,30.2104],[80.8364,30.17]],[[80.9907,30.1956],[80.996,30.197],[81.0003,30.1915],[80.9907,30.1956]],[[84.6273,27.0365],[84.7607,26.999],[84.6402,27.0284],[84.6273,27.0365]],[[88.5401,23.65],[88.5612,23.741],[88.5416,23.6388],[88.5401,23.65]],[[88.5764,23.5918],[88.6092,23.5888],[88.5815,23.5883],[88.5764,23.5918]],[[89.0623,22.2116],[89.0762,22.175],[89.0782,22.1508],[89.0623,22.2116]]],[[[85.4994,19.6535],[85.5765,19.6906],[85.4996,19.6549],[85.4994,19.6535]]],[[[88.1338,21.631],[88.1394,21.6303],[88.1444,21.6578],[88.1391,21.67],[88.1338,21.631]]],[[[88.1421,21.6913],[88.1634,21.7055],[88.167,21.7654],[88.1584,21.8099],[88.1421,21.6913]]],[[[88.7169,22.0443],[88.7179,22.0085],[88.7307,22.0372],[88.7169,22.0443]]],[[[89.0457,21.9171],[89.0515,21.7932],[89.1136,21.7311],[89.139,21.7668],[89.0457,21.9171]]],[[[89.5274,21.8128],[89.5445,21.7433],[89.5627,21.8817],[89.5274,21.8128]]]]}},{"type":"Feature","properties":{"territoryId":"cliopatria-q11774-e614932c2f","name":"Gupta Empire","name_ko":"굽타 왕조","color":"#b04bdd","colorFamily":4,"startYear":546,"endYear":554,"source_name":"Cliopatria v0.2.0","source_url":"https://github.com/Seshat-Global-History-Databank/cliopatria","license":"CC BY 4.0","attribution":"Seshat Global History Databank, Cliopatria contributors"},"geometry":{"type":"MultiPolygon","coordinates":[[[[74.6058,24.6506],[75.2121,24.5026],[75.8043,24.6203],[76.501,24.5841],[76.7001,24.1988],[77.9393,23.8534],[78.7952,23.3518],[79.5367,23.4111],[80.1737,22.9858],[80.8804,22.2093],[81.4328,22.4303],[82.1096,23.2238],[82.443,23.2238],[82.9457,23.027],[83.7568,22.306],[83.7668,21.9511],[83.1049,20.8018],[81.5163,20.3861],[81.9164,20.022],[82.0646,20.022],[83.1134,18.9291],[84.3513,18.5771],[84.7411,19.0281],[84.78,19.0971],[84.7405,19.0737],[84.7388,19.1476],[84.791,19.1206],[85.1804,19.475],[85.4089,19.6099],[85.2884,19.6013],[85.3779,19.6149],[85.3914,19.6906],[85.2476,19.6565],[85.193,19.5808],[85.2332,19.5541],[85.124,19.4783],[85.1029,19.5296],[85.2681,19.78],[85.4401,19.8962],[85.5703,19.8756],[85.5765,19.7458],[85.5099,19.7346],[85.5021,19.6739],[86.089,19.8442],[86.3724,19.965],[86.1677,20.0729],[86.1525,20.1431],[86.3972,19.9829],[86.4951,20.1841],[86.7546,20.3144],[86.6937,20.2939],[86.8071,20.4104],[86.7205,20.3685],[86.7515,20.4892],[87.0432,20.698],[86.9402,20.698],[87,20.7282],[86.8788,20.7806],[86.9627,20.7995],[86.844,21.0822],[86.9177,21.3274],[87.2009,21.552],[87.7038,21.6555],[87.834,21.7293],[87.9837,21.8542],[88.0431,22.0173],[88.1643,22.0898],[88.1326,22.1791],[87.9653,22.2448],[87.9066,22.4247],[88.009,22.2404],[88.198,22.1678],[88.2224,22.0779],[88.1467,21.9592],[88.2065,21.6072],[88.3017,21.5786],[88.2616,21.7987],[88.3097,21.6102],[88.3312,21.7191],[88.4598,21.6934],[88.4956,21.9518],[88.5166,21.7017],[88.6602,22.205],[88.6442,22.0791],[88.763,22.1306],[88.7149,22.0791],[88.763,22.0173],[88.7196,21.9428],[88.728,21.6291],[88.8109,21.6917],[88.803,21.6291],[88.8587,21.6365],[88.8587,21.7668],[88.8916,21.6535],[89.0832,21.6291],[89.0159,21.8533],[88.905,21.9694],[89.0095,21.9046],[89.0609,21.9385],[89.0437,22.1374],[89.1047,21.8159],[89.2841,21.7281],[89.3596,21.9723],[89.3696,21.7433],[89.4427,21.7466],[89.5218,21.9623],[89.4758,22.2951],[89.5329,21.9847],[89.5613,22.272],[89.6726,22.5291],[89.8307,22.5934],[89.832,23.1077],[90.3427,24.4578],[90.204,24.5221],[90.1725,24.7792],[90.034,24.8435],[89.8765,25.2293],[89.8795,26.0651],[89.5168,26.1294],[89.2659,26.3865],[89.0408,26.3865],[88.9905,26.5151],[88.5526,26.5794],[87.9903,26.3865],[87.2399,26.3865],[87.1141,26.5151],[86.6516,26.4508],[86.3126,26.6437],[85.787,26.6437],[85.7362,26.7723],[85.2735,26.708],[84.9972,26.8366],[84.8836,27.0295],[84.7333,27.0295],[84.7579,27.158],[84.4318,27.4152],[83.291,27.3509],[82.5377,27.7367],[81.885,27.8652],[81.1945,28.1867],[80.957,28.5081],[80.1031,28.7652],[80.4707,29.7937],[81.011,30.1794],[81.0401,30.3079],[80.9176,30.4364],[80.3395,30.565],[79.9113,31.0148],[79.531,31.0148],[79.1796,31.4647],[78.8139,31.529],[78.8443,31.6575],[78.448,31.5933],[78.0361,31.7861],[77.7311,31.7861],[76.3007,30.5007],[76.2416,29.858],[76.1264,29.6652],[76.2519,29.5366],[76.2508,29.1509],[76.3768,29.0224],[76.3395,28.8295],[76.415,28.8295],[76.6472,28.0581],[76.8498,27.9295],[76.8265,27.8009],[77.0178,27.6081],[77.0453,26.9009],[76.8521,26.6437],[75.6241,26.0008],[74.7608,25.2293],[74.7728,24.7792],[74.6058,24.6506]],[[79.739,30.9792],[79.8335,30.9615],[79.8504,30.9545],[79.739,30.9792]],[[80.0146,30.8374],[80.0286,30.8308],[80.0625,30.7848],[80.0146,30.8374]],[[80.0339,28.9159],[80.0529,28.9491],[80.0342,28.9052],[80.0339,28.9159]],[[80.0994,28.9773],[80.1131,29.0722],[80.1079,28.9946],[80.0994,28.9773]],[[80.8364,30.17],[80.8679,30.2002],[80.8839,30.2104],[80.8364,30.17]],[[80.9907,30.1956],[80.996,30.197],[81.0003,30.1915],[80.9907,30.1956]],[[84.6273,27.0365],[84.7607,26.999],[84.6402,27.0284],[84.6273,27.0365]],[[88.5401,23.65],[88.5612,23.741],[88.5416,23.6388],[88.5401,23.65]],[[88.5764,23.5918],[88.6092,23.5888],[88.5815,23.5883],[88.5764,23.5918]],[[89.0623,22.2116],[89.0762,22.175],[89.0782,22.1508],[89.0623,22.2116]]],[[[85.4994,19.6535],[85.5765,19.6906],[85.4996,19.6549],[85.4994,19.6535]]],[[[88.1338,21.631],[88.1394,21.6303],[88.1444,21.6578],[88.1391,21.67],[88.1338,21.631]]],[[[88.1421,21.6913],[88.1634,21.7055],[88.167,21.7654],[88.1584,21.8099],[88.1421,21.6913]]],[[[88.7169,22.0443],[88.7179,22.0085],[88.7307,22.0372],[88.7169,22.0443]]],[[[89.0457,21.9171],[89.0515,21.7932],[89.1136,21.7311],[89.139,21.7668],[89.0457,21.9171]]],[[[89.5274,21.8128],[89.5445,21.7433],[89.5627,21.8817],[89.5274,21.8128]]]]}},{"type":"Feature","properties":{"territoryId":"cliopatria-q289577-065a2966f8","name":"Himyarite Kingdom","name_ko":"힘야르 왕국","color":"#3ad998","colorFamily":2,"startYear":378,"endYear":533,"source_name":"Cliopatria v0.2.0","source_url":"https://github.com/Seshat-Global-History-Databank/cliopatria","license":"CC BY 4.0","attribution":"Seshat Global History Databank, Cliopatria contributors"},"geometry":{"type":"MultiPolygon","coordinates":[[[[42.4788,17.038],[42.824,16.6147],[42.8348,15.9154],[42.715,15.7258],[42.8091,15.2678],[42.7949,15.2093],[42.738,15.2853],[42.7422,15.2044],[42.864,15.1364],[42.9373,14.9485],[43.0955,14.084],[43.2809,13.7221],[43.2426,13.2326],[43.4732,12.8466],[43.4633,12.6915],[43.6006,12.7563],[43.8689,12.6641],[44.2896,12.639],[44.6106,12.8196],[44.7243,12.7575],[44.916,12.7575],[44.8716,12.8035],[45.0151,12.8587],[45.0352,12.8037],[44.9793,12.7823],[45.0586,12.762],[45.1182,12.9617],[45.403,13.0701],[45.6658,13.342],[46.2345,13.4363],[46.7007,13.4303],[47.3982,13.6549],[47.6457,13.8732],[48.0169,14.0573],[48.1887,13.9691],[48.6958,14.0436],[49.0037,14.3248],[49.0928,14.5196],[49.1819,14.5166],[49.4098,14.6861],[49.9421,14.8388],[50.1795,14.8433],[50.554,15.0486],[51.3678,15.2297],[51.6543,15.3367],[51.6799,15.4035],[51.8687,15.4516],[51.9131,15.5153],[52.2284,15.6161],[52.2244,15.8467],[52.1555,15.9839],[52.3507,16.3126],[51.8867,16.6147],[51.0806,16.679],[50.4825,16.5504],[50.1184,16.6147],[49.5943,16.4861],[47.671,16.3576],[46.6982,16.1004],[46.5547,16.1647],[46.4697,15.9718],[46.1753,15.9718],[46.0206,15.8433],[45.579,15.8433],[45.3656,15.9718],[45.2147,15.9076],[45.2257,16.1004],[44.8097,16.5504],[44.8134,16.6147],[44.305,16.7433],[44.3124,16.8719],[44.0875,16.8076],[43.9475,16.9362],[43.9585,17.129],[43.8184,17.2576],[43.8996,17.3862],[43.5529,17.7719],[43.2503,17.6433],[43.0326,17.7076],[43.0216,17.5148],[42.6348,17.1933],[42.4873,17.1933],[42.4788,17.038]],[[43.2301,17.2983],[43.2418,17.2934],[43.2522,17.272],[43.2301,17.2983]],[[43.4129,17.52],[43.4871,17.5175],[43.4962,17.514],[43.4129,17.52]],[[43.529,17.5014],[43.5771,17.483],[43.6195,17.4588],[43.529,17.5014]]],[[[46.6283,16.1647],[46.702,16.1647],[46.7058,16.229],[46.6322,16.229],[46.6283,16.1647]]],[[[43.7418,18.4791],[43.8896,18.4791],[43.8971,18.6076],[43.7455,18.5434],[43.7418,18.4791]]]]}},{"type":"Feature","properties":{"territoryId":"cliopatria-q289577-065a2966f8","name":"Himyarite Kingdom","name_ko":"힘야르 왕국","color":"#3ad998","colorFamily":2,"startYear":534,"endYear":576,"source_name":"Cliopatria v0.2.0","source_url":"https://github.com/Seshat-Global-History-Databank/cliopatria","license":"CC BY 4.0","attribution":"Seshat Global History Databank, Cliopatria contributors"},"geometry":{"type":"Polygon","coordinates":[[[43.7418,18.4791],[43.8896,18.4791],[43.8971,18.6076],[43.8232,18.6076],[43.8194,18.5434],[43.7455,18.5434],[43.7418,18.4791]]]}},{"type":"Feature","properties":{"territoryId":"cliopatria-q45813-165c9e4612","name":"Hunnic Empire","name_ko":"훈 제국","color":"#e8b12c","colorFamily":1,"startYear":476,"endYear":629,"source_name":"Cliopatria v0.2.0","source_url":"https://github.com/Seshat-Global-History-Databank/cliopatria","license":"CC BY 4.0","attribution":"Seshat Global History Databank, Cliopatria contributors"},"geometry":{"type":"MultiPolygon","coordinates":[[[[37.5881,45.5873],[37.5895,45.5623],[37.6624,45.5623],[37.6624,45.5666],[37.6364,45.571],[37.6233,45.5859],[37.6231,45.6014],[37.6351,45.6081],[37.6494,45.5849],[37.6998,45.5623],[37.747,45.5623],[37.7577,45.6278],[37.7019,45.6278],[37.7029,45.6218],[37.6823,45.6278],[37.6789,45.6108],[37.6709,45.6097],[37.6505,45.6278],[37.5947,45.6278],[37.5881,45.5873]]],[[[30.045,45.8898],[30.2082,45.8898],[30.216,45.9554],[30.0527,45.9554],[30.045,45.8898]]]]}},{"type":"Feature","properties":{"territoryId":"cliopatria-q1479952-a32abb2e4f","name":"Kadamba Empire","name_ko":"카담바 왕조","color":"#ebaf7a","colorFamily":1,"startYear":451,"endYear":545,"source_name":"Cliopatria v0.2.0","source_url":"https://github.com/Seshat-Global-History-Databank/cliopatria","license":"CC BY 4.0","attribution":"Seshat Global History Databank, Cliopatria contributors"},"geometry":{"type":"Polygon","coordinates":[[[73.6748,17.8985],[73.777,17.1254],[74.3027,15.7176],[74.5828,15.2605],[74.7408,14.32],[75.5139,13.1676],[76.0087,12.8752],[76.9433,12.7596],[77.5065,13.0323],[77.7585,13.3469],[77.4407,14.4744],[77.5019,17.0251],[77.0616,17.8516],[75.8238,18.7198],[74.505,18.8009],[74.0377,18.4101],[73.6748,17.8985]]]}},{"type":"Feature","properties":{"territoryId":"cliopatria-q1479952-a32abb2e4f","name":"Kadamba Empire","name_ko":"카담바 왕조","color":"#ebaf7a","colorFamily":1,"startYear":546,"endYear":554,"source_name":"Cliopatria v0.2.0","source_url":"https://github.com/Seshat-Global-History-Databank/cliopatria","license":"CC BY 4.0","attribution":"Seshat Global History Databank, Cliopatria contributors"},"geometry":{"type":"Polygon","coordinates":[[[73.6748,17.8985],[73.777,17.1254],[74.3027,15.7176],[74.5828,15.2605],[74.7408,14.32],[75.5139,13.1676],[76.0087,12.8752],[76.9433,12.7596],[77.5065,13.0323],[77.7585,13.3469],[77.4407,14.4744],[77.5019,17.0251],[77.0616,17.8516],[75.8238,18.7198],[74.505,18.8009],[74.0377,18.4101],[73.6748,17.8985]]]}},{"type":"Feature","properties":{"territoryId":"cliopatria-q2572901-e5da13afd8","name":"Kalabhra Dynasty","name_ko":"칼라브라","color":"#337ee1","colorFamily":0,"startYear":353,"endYear":591,"source_name":"Cliopatria v0.2.0","source_url":"https://github.com/Seshat-Global-History-Databank/cliopatria","license":"CC BY 4.0","attribution":"Seshat Global History Databank, Cliopatria contributors"},"geometry":{"type":"Polygon","coordinates":[[[76.0516,10.515],[76.1986,10.1979],[76.1948,10.2686],[76.2402,10.239],[76.2046,10.1859],[76.3592,9.9154],[76.531,9.525],[76.459,9.4973],[76.357,9.518],[76.289,9.826],[76.355,9.373],[76.4624,9.1514],[76.4828,9.1718],[76.4727,9.1166],[76.535,8.981],[76.685,8.998],[76.599,8.874],[77.3226,8.1271],[77.5484,8.0805],[77.5952,8.139],[77.7055,8.1661],[78.0559,8.3637],[78.1071,8.4635],[78.1379,8.6142],[78.1146,8.6579],[78.1426,8.6579],[78.207,8.952],[78.4121,9.0998],[78.871,9.265],[79.288,9.26],[79.022,9.323],[78.902,9.479],[78.9808,9.6672],[79.2516,10.0129],[79.229,10.177],[79.2861,10.2528],[79.3981,10.3247],[79.471,10.3106],[79.5869,10.3437],[79.604,10.3291],[79.5558,10.3014],[79.7653,10.2786],[79.6141,10.3096],[79.6331,10.3286],[79.8434,10.2804],[79.7793,11.3587],[79.6763,11.2965],[79.7782,11.3769],[79.761,11.667],[79.8618,12.022],[80.0051,12.2418],[79.9439,12.2178],[80.096,12.3622],[80.1469,12.4658],[79.726,12.81],[79.504,12.853],[78.908,12.838],[77.854,12.147],[77.245,12.28],[77.065,12.209],[77.06,11.547],[76.95,11.336],[76.0516,10.515]]]}},{"type":"Feature","properties":{"territoryId":"cliopatria-q1194765-370ee67db5","name":"Kamarupa Kingdom","name_ko":"카마루파","color":"#3a9dd9","colorFamily":0,"startYear":451,"endYear":554,"source_name":"Cliopatria v0.2.0","source_url":"https://github.com/Seshat-Global-History-Databank/cliopatria","license":"CC BY 4.0","attribution":"Seshat Global History Databank, Cliopatria contributors"},"geometry":{"type":"Polygon","coordinates":[[[89.8715,25.7783],[90.336,25.3413],[91.046,25.3293],[91.8489,25.1523],[93.0831,25.1583],[94.2442,25.5959],[94.8613,26.2196],[95.4618,26.597],[94.5395,27.9534],[94.231,28.2285],[93.6504,28.2022],[92.2039,27.6805],[91.1024,27.6629],[90.4521,27.3686],[90.2199,26.1839],[89.8715,25.7783]],[[91.5733,27.6197],[91.6021,27.5389],[91.5951,27.5464],[91.5733,27.6197]],[[91.9877,27.104],[91.9895,27.1157],[91.9999,27.0715],[91.9877,27.104]]]}},{"type":"Feature","properties":{"territoryId":"cliopatria-q139377-7232a479b9","name":"Kingdom of Axum","name_ko":"악숨 왕국","color":"#d9783a","colorFamily":1,"startYear":353,"endYear":533,"source_name":"Cliopatria v0.2.0","source_url":"https://github.com/Seshat-Global-History-Databank/cliopatria","license":"CC BY 4.0","attribution":"Seshat Global History Databank, Cliopatria contributors"},"geometry":{"type":"MultiPolygon","coordinates":[[[[37.9992,14.1718],[38.1959,13.5932],[38.1149,13.4003],[38.2617,13.4003],[38.3957,13.0789],[38.9723,12.8217],[41.3182,12.8217],[41.4702,12.9503],[41.9129,13.0146],[41.9184,13.1432],[42.2174,13.2718],[42.3732,13.2718],[42.2884,13.5746],[42.1848,13.6675],[42.1599,13.6566],[42.2197,13.6326],[42.1987,13.5987],[42.2239,13.5539],[42.1438,13.6504],[42.1066,13.6435],[41.9697,13.8456],[41.849,13.8762],[41.7981,13.9344],[41.6765,13.9403],[41.6209,14.0636],[41.5418,14.1262],[41.5059,14.2134],[41.3359,14.402],[41.3068,14.4889],[41.1675,14.6369],[40.9727,14.6696],[40.8845,14.7145],[40.8081,14.7221],[40.7664,14.6953],[40.7239,14.7571],[40.7324,14.8257],[40.6709,14.8803],[40.6945,14.8962],[40.6277,14.892],[40.6164,14.9487],[40.561,14.9554],[40.5551,14.9856],[40.3517,14.9503],[40.2868,14.9135],[40.1594,14.9822],[40.1543,15.0373],[40.1018,15.0646],[40.0813,15.1645],[40.0266,15.2372],[40.0803,15.3346],[39.8753,15.5041],[39.8198,15.4528],[39.8117,15.2813],[39.8568,15.1929],[39.8113,15.0789],[39.7622,15.0739],[39.6983,15.1236],[39.7095,15.2749],[39.6113,15.5],[39.5518,15.5423],[39.1521,15.329],[38.9344,15.3933],[38.7756,15.1361],[38.5579,15.2004],[38.6257,15.0718],[38.1678,14.6861],[37.9992,14.1718]]],[[[38.326,14.9432],[38.3995,14.9432],[38.4023,15.0075],[38.3288,15.0075],[38.326,14.9432]]]]}},{"type":"Feature","properties":{"territoryId":"cliopatria-q139377-7232a479b9","name":"Kingdom of Axum","name_ko":"악숨 왕국","color":"#d9783a","colorFamily":1,"startYear":534,"endYear":601,"source_name":"Cliopatria v0.2.0","source_url":"https://github.com/Seshat-Global-History-Databank/cliopatria","license":"CC BY 4.0","attribution":"Seshat Global History Databank, Cliopatria contributors"},"geometry":{"type":"MultiPolygon","coordinates":[[[[37.9992,14.1718],[38.1959,13.5932],[38.1149,13.4003],[38.2617,13.4003],[38.3957,13.0789],[38.9723,12.8217],[41.3182,12.8217],[41.4702,12.9503],[41.9129,13.0146],[41.9184,13.1432],[42.2174,13.2718],[42.3732,13.2718],[42.2884,13.5746],[42.1848,13.6675],[42.2239,13.5539],[42.1066,13.6435],[41.9697,13.8456],[41.6765,13.9403],[41.1675,14.6369],[40.8845,14.7145],[40.7664,14.6953],[40.6945,14.8962],[40.6277,14.892],[40.5551,14.9856],[40.2868,14.9135],[40.1594,14.9822],[40.0266,15.2372],[40.0803,15.3346],[39.8753,15.5041],[39.8198,15.4528],[39.8568,15.1929],[39.8113,15.0789],[39.6983,15.1236],[39.7095,15.2749],[39.5518,15.5423],[39.1521,15.329],[38.9344,15.3933],[38.7756,15.1361],[38.5579,15.2004],[38.6257,15.0718],[38.1678,14.6861],[37.9992,14.1718]]],[[[38.326,14.9432],[38.3995,14.9432],[38.4023,15.0075],[38.3288,15.0075],[38.326,14.9432]]],[[[42.4788,17.038],[42.824,16.6147],[42.8348,15.9154],[42.715,15.7258],[42.8091,15.2678],[42.7949,15.2093],[42.738,15.2853],[42.7422,15.2044],[42.864,15.1364],[42.9373,14.9485],[43.0955,14.084],[43.2809,13.7221],[43.2426,13.2326],[43.4732,12.8466],[43.4633,12.6915],[43.6006,12.7563],[43.8689,12.6641],[44.2896,12.639],[44.6106,12.8196],[44.7243,12.7575],[44.916,12.7575],[44.8716,12.8035],[45.0151,12.8587],[45.0352,12.8037],[44.9793,12.7823],[45.0586,12.762],[45.1182,12.9617],[45.403,13.0701],[45.6658,13.342],[46.2345,13.4363],[46.7007,13.4303],[47.3982,13.6549],[47.6457,13.8732],[48.0169,14.0573],[48.1887,13.9691],[48.6958,14.0436],[49.0037,14.3248],[49.0928,14.5196],[49.1819,14.5166],[49.4098,14.6861],[49.9421,14.8388],[50.1795,14.8433],[50.554,15.0486],[51.3678,15.2297],[51.6543,15.3367],[51.6799,15.4035],[51.8687,15.4516],[51.9131,15.5153],[52.2284,15.6161],[52.2244,15.8467],[52.1555,15.9839],[52.3507,16.3126],[51.8867,16.6147],[51.0806,16.679],[50.4825,16.5504],[50.1184,16.6147],[49.5943,16.4861],[47.671,16.3576],[46.6982,16.1004],[46.5547,16.1647],[46.4697,15.9718],[46.1753,15.9718],[46.0206,15.8433],[45.579,15.8433],[45.3656,15.9718],[45.2147,15.9076],[45.2257,16.1004],[44.8097,16.5504],[44.8134,16.6147],[44.305,16.7433],[44.3124,16.8719],[44.0875,16.8076],[43.9475,16.9362],[43.9585,17.129],[43.8184,17.2576],[43.8996,17.3862],[43.5529,17.7719],[43.2503,17.6433],[43.0326,17.7076],[43.0216,17.5148],[42.6348,17.1933],[42.4873,17.1933],[42.4788,17.038]],[[43.2301,17.2983],[43.2418,17.2934],[43.2522,17.272],[43.2301,17.2983]],[[43.4129,17.52],[43.4871,17.5175],[43.4962,17.514],[43.4129,17.52]],[[43.529,17.5014],[43.5771,17.483],[43.6195,17.4588],[43.529,17.5014]]],[[[46.6283,16.1647],[46.702,16.1647],[46.7058,16.229],[46.6322,16.229],[46.6283,16.1647]]]]}},{"type":"Feature","properties":{"territoryId":"cliopatria-q954585-1a345e576c","name":"Kingdom of Brycheiniog","name_ko":"브러체이니옥","color":"#aaec51","colorFamily":11,"startYear":540,"endYear":946,"source_name":"Cliopatria v0.2.0","source_url":"https://github.com/Seshat-Global-History-Databank/cliopatria","license":"CC BY 4.0","attribution":"Seshat Global History Databank, Cliopatria contributors"},"geometry":{"type":"Polygon","coordinates":[[[-3.7789,52.1163],[-3.7574,51.9151],[-3.5873,51.9151],[-3.5732,51.7811],[-3.3184,51.7811],[-2.822,51.9151],[-2.8287,51.9822],[-2.9138,51.9822],[-2.9273,52.1163],[-3.7789,52.1163]]]}},{"type":"Feature","properties":{"territoryId":"cliopatria-q506008-ec863258d3","name":"Kingdom of Deira","name_ko":"데렌리체","color":"#983eea","colorFamily":4,"startYear":534,"endYear":545,"source_name":"Cliopatria v0.2.0","source_url":"https://github.com/Seshat-Global-History-Databank/cliopatria","license":"CC BY 4.0","attribution":"Seshat Global History Databank, Cliopatria contributors"},"geometry":{"type":"MultiPolygon","coordinates":[[[[-2.187,54.1384],[-2.1264,53.5296],[-2.0403,53.5296],[-1.7023,53.5971],[-1.3328,53.3271],[-1.1609,53.3271],[-1.0931,53.5296],[-0.7487,53.5296],[-0.7546,53.5971],[-0.7029,53.6911],[-0.7265,53.7006],[-0.6907,53.7131],[-0.6802,53.7323],[-0.4756,53.7124],[-0.3052,53.7397],[-0.2604,53.7354],[-0.1783,53.6835],[0.0153,53.6647],[0.0098,53.7323],[-0.0183,53.7795],[-0.1511,53.8993],[-0.2195,54.0228],[-0.1889,54.0663],[-0.2795,54.2186],[-0.3705,54.2477],[-0.3976,54.2692],[-0.3907,54.2835],[-0.4145,54.2973],[-0.4477,54.3732],[-0.5204,54.4201],[-0.5229,54.4471],[-0.563,54.4774],[-0.7879,54.5608],[-1.1036,54.6247],[-1.1381,54.6466],[-1.1647,54.6118],[-1.1722,54.6261],[-1.2063,54.633],[-1.1647,54.6528],[-1.1849,54.6793],[-1.286,54.6811],[-1.36,54.5453],[-1.9475,54.3417],[-2.187,54.1384]]],[[[-0.3951,53.7046],[-0.2634,53.6918],[-0.2794,53.7071],[-0.3072,53.7143],[-0.3951,53.7046]]]]}},{"type":"Feature","properties":{"territoryId":"cliopatria-q506008-ec863258d3","name":"Kingdom of Deira","name_ko":"데렌리체","color":"#983eea","colorFamily":4,"startYear":546,"endYear":554,"source_name":"Cliopatria v0.2.0","source_url":"https://github.com/Seshat-Global-History-Databank/cliopatria","license":"CC BY 4.0","attribution":"Seshat Global History Databank, Cliopatria contributors"},"geometry":{"type":"MultiPolygon","coordinates":[[[[-2.187,54.1384],[-2.1264,53.5296],[-2.0403,53.5296],[-1.7023,53.5971],[-1.3328,53.3271],[-1.1609,53.3271],[-1.0931,53.5296],[-0.8348,53.5296],[-0.7095,53.6938],[-0.7265,53.7006],[-0.6802,53.7323],[-0.2604,53.7354],[-0.154,53.6647],[0.0153,53.6647],[0.0079,53.7559],[-0.0409,53.7999],[-0.082,53.7999],[-0.0853,53.84],[-0.1796,53.9352],[-0.2195,54.0228],[-0.1905,54.0652],[-0.1978,54.152],[-0.2604,54.177],[-0.2771,54.2178],[-0.3705,54.2477],[-0.3976,54.2692],[-0.3907,54.2835],[-0.4145,54.2973],[-0.4477,54.3732],[-0.5204,54.4201],[-0.5229,54.4471],[-0.563,54.4774],[-0.7879,54.5608],[-1.1036,54.6247],[-1.1381,54.6466],[-1.1647,54.6118],[-1.1722,54.6261],[-1.2063,54.633],[-1.1647,54.6528],[-1.1849,54.6793],[-1.286,54.6811],[-1.36,54.5453],[-1.9475,54.3417],[-2.187,54.1384]]],[[[-0.244,53.6733],[-0.2433,53.6647],[-0.235,53.6647],[-0.244,53.6733]]]]}},{"type":"Feature","properties":{"territoryId":"cliopatria-q837998-9f560e1270","name":"Kingdom of East Anglia","name_ko":"이스트앵글리아 왕국","color":"#7a8ceb","colorFamily":0,"startYear":534,"endYear":665,"source_name":"Cliopatria v0.2.0","source_url":"https://github.com/Seshat-Global-History-Databank/cliopatria","license":"CC BY 4.0","attribution":"Seshat Global History Databank, Cliopatria contributors"},"geometry":{"type":"MultiPolygon","coordinates":[[[[0.0912,52.7208],[0.1229,52.3176],[0.2081,52.3176],[0.3241,51.9151],[0.7873,51.7377],[0.847,51.7377],[0.8439,51.7811],[0.8866,51.7811],[0.9621,51.8138],[0.9798,51.8436],[1.0418,51.7811],[1.1826,51.7976],[1.1723,51.9458],[1.0691,51.9534],[1.171,51.9651],[1.1698,51.9822],[1.2668,51.9822],[1.2144,51.9914],[1.1579,52.0285],[1.2797,51.9822],[1.3953,51.9822],[1.4248,52.0019],[1.4798,52.0524],[1.6306,52.2458],[1.6305,52.2705],[1.6836,52.3245],[1.7319,52.4134],[1.6417,52.777],[1.396,52.8914],[1.2747,52.9292],[0.9661,52.9744],[1.0139,52.9601],[0.9684,52.9475],[0.6847,52.9864],[0.6644,52.9819],[0.6719,52.9744],[0.5696,52.9693],[0.4857,52.9335],[0.4386,52.8407],[0.3792,52.7908],[0.3845,52.7684],[0.3255,52.8032],[0.2468,52.7957],[0.2144,52.824],[0.0912,52.7208]]],[[[0.8408,51.7172],[0.8487,51.7142],[0.8484,51.7183],[0.8408,51.7172]]]]}},{"type":"Feature","properties":{"territoryId":"cliopatria-q110888-4c7080f864","name":"Kingdom of Essex","name_ko":"에식스 왕국","color":"#9c3eea","colorFamily":4,"startYear":534,"endYear":627,"source_name":"Cliopatria v0.2.0","source_url":"https://github.com/Seshat-Global-History-Databank/cliopatria","license":"CC BY 4.0","attribution":"Seshat Global History Databank, Cliopatria contributors"},"geometry":{"type":"MultiPolygon","coordinates":[[[[-0.6963,51.9151],[-0.5782,51.5134],[-0.0748,51.5803],[-0.0695,51.5134],[0.4067,51.4602],[0.4285,51.4671],[0.4561,51.5056],[0.5527,51.518],[0.5689,51.5084],[0.6506,51.5358],[0.7713,51.5283],[0.86,51.5554],[0.8487,51.7142],[0.7891,51.7101],[0.7608,51.6927],[0.7493,51.7085],[0.6986,51.72],[0.7873,51.7377],[0.3241,51.9151],[-0.4412,51.9151],[-0.4303,51.7811],[-0.5152,51.7811],[-0.6963,51.9151]]],[[[0.4282,51.4577],[0.5288,51.4465],[0.6855,51.4779],[0.5348,51.4917],[0.4696,51.4804],[0.4282,51.4577]]]]}},{"type":"Feature","properties":{"territoryId":"cliopatria-q2594661-92177e5c9c","name":"Kingdom of Gwent","name_ko":"궨트 왕국","color":"#e67856","colorFamily":5,"startYear":540,"endYear":576,"source_name":"Cliopatria v0.2.0","source_url":"https://github.com/Seshat-Global-History-Databank/cliopatria","license":"CC BY 4.0","attribution":"Seshat Global History Databank, Cliopatria contributors"},"geometry":{"type":"Polygon","coordinates":[[[-3.3184,51.7811],[-3.3047,51.6472],[-3.2198,51.6472],[-3.213,51.5803],[-3.1282,51.5803],[-3.1214,51.5134],[-3.0633,51.5134],[-3.0157,51.5316],[-2.9747,51.563],[-2.9433,51.5425],[-2.8886,51.5448],[-2.5474,51.7142],[-2.822,51.9151],[-3.3184,51.7811]]]}},{"type":"Feature","properties":{"territoryId":"cliopatria-q816814-5fc7e1a653","name":"Kingdom of Gwynedd","name_ko":"귀네드 왕국","color":"#c7e345","colorFamily":7,"startYear":540,"endYear":591,"source_name":"Cliopatria v0.2.0","source_url":"https://github.com/Seshat-Global-History-Databank/cliopatria","license":"CC BY 4.0","attribution":"Seshat Global History Databank, Cliopatria contributors"},"geometry":{"type":"MultiPolygon","coordinates":[[[[-4.757,52.798],[-4.2953,52.9227],[-4.2898,52.9039],[-4.1186,52.9267],[-4.1005,52.9141],[-4.0776,52.9267],[-4.064,52.9192],[-4.1299,52.8892],[-4.1173,52.8308],[-4.149,52.8121],[-4.1252,52.7783],[-4.0488,52.7216],[-3.9883,52.7343],[-4.0565,52.7007],[-4.1059,52.6535],[-4.1255,52.6039],[-4.0531,52.5424],[-3.9473,52.5567],[-4.0162,52.522],[-4.0565,52.5294],[-4.0565,52.4879],[-4.0794,52.4519],[-3.986,52.4519],[-3.5735,52.5863],[-3.6955,52.9227],[-3.3599,52.99],[-2.8454,52.99],[-2.8763,53.2885],[-2.953,53.3239],[-3.0122,53.4167],[-3.0583,53.4348],[-3.1864,53.3928],[-3.1852,53.3773],[-3.0845,53.2755],[-3.0878,53.2347],[-3.1222,53.2623],[-3.3303,53.3518],[-3.6022,53.2889],[-3.7163,53.2869],[-3.7689,53.3192],[-3.8547,53.3132],[-3.8313,53.2891],[-4.0669,53.2291],[-4.1222,53.2335],[-4.178,53.2176],[-4.3207,53.1015],[-4.3409,53.1127],[-4.3582,53.0285],[-4.524,52.9442],[-4.5961,52.9284],[-4.7349,52.8305],[-4.757,52.798]]],[[[-4.6842,53.3148],[-4.6767,53.2851],[-4.6326,53.2829],[-4.6024,53.2531],[-4.5636,53.2419],[-4.5585,53.2528],[-4.5904,53.2976],[-4.6263,53.3209],[-4.6842,53.3148]]],[[[-4.571,53.2755],[-4.4996,53.2112],[-4.4954,53.1799],[-4.4476,53.1594],[-4.3851,53.1824],[-4.412,53.1556],[-4.4066,53.1306],[-4.3439,53.1321],[-4.222,53.1821],[-4.2204,53.2015],[-4.1955,53.2203],[-4.0819,53.2655],[-4.1277,53.3131],[-4.2032,53.2985],[-4.2347,53.3581],[-4.2669,53.369],[-4.2767,53.401],[-4.3247,53.4195],[-4.4254,53.4267],[-4.571,53.3928],[-4.5587,53.3633],[-4.571,53.2755]]],[[[-3.0039,53.4243],[-2.925,53.35],[-2.8809,53.3328],[-2.8873,53.3946],[-3.0039,53.4243]]]]}},{"type":"Feature","properties":{"territoryId":"cliopatria-q328818-eabdcf3de2","name":"Kingdom of Kent","name_ko":"켄트 왕국","color":"#75a6f0","colorFamily":0,"startYear":490,"endYear":533,"source_name":"Cliopatria v0.2.0","source_url":"https://github.com/Seshat-Global-History-Databank/cliopatria","license":"CC BY 4.0","attribution":"Seshat Global History Databank, Cliopatria contributors"},"geometry":{"type":"MultiPolygon","coordinates":[[[[-0.0695,51.5134],[0.046,51.1124],[0.215,51.1124],[0.22,51.0457],[0.558,51.0457],[0.7345,50.9136],[0.8023,50.9392],[0.8551,50.9282],[0.967,50.9803],[1.0669,51.0644],[1.1855,51.0821],[1.3939,51.1792],[1.3806,51.3797],[1.1009,51.3732],[0.9772,51.3492],[0.7644,51.3644],[0.7264,51.419],[0.7004,51.4098],[0.7129,51.3842],[0.5859,51.3911],[0.5545,51.4122],[0.6315,51.4384],[0.3845,51.4531],[0.4067,51.4602],[-0.0695,51.5134]]],[[[0.7339,51.4122],[0.7948,51.3706],[0.9115,51.3644],[0.9421,51.383],[0.886,51.4185],[0.7422,51.4298],[0.7339,51.4122]]]]}},{"type":"Feature","properties":{"territoryId":"cliopatria-q328818-eabdcf3de2","name":"Kingdom of Kent","name_ko":"켄트 왕국","color":"#75a6f0","colorFamily":0,"startYear":534,"endYear":691,"source_name":"Cliopatria v0.2.0","source_url":"https://github.com/Seshat-Global-History-Databank/cliopatria","license":"CC BY 4.0","attribution":"Seshat Global History Databank, Cliopatria contributors"},"geometry":{"type":"MultiPolygon","coordinates":[[[[-0.0643,51.4465],[0.046,51.1124],[0.215,51.1124],[0.22,51.0457],[0.558,51.0457],[0.7345,50.9136],[0.8023,50.9392],[0.8551,50.9282],[0.967,50.9803],[1.0669,51.0644],[1.1855,51.0821],[1.3939,51.1792],[1.3806,51.3797],[1.1009,51.3732],[0.9772,51.3492],[0.7644,51.3644],[0.7302,51.4098],[0.7011,51.4111],[0.7129,51.3842],[0.5859,51.3911],[0.5545,51.4122],[0.5747,51.417],[-0.0643,51.4465]]],[[[0.7364,51.4095],[0.7948,51.3706],[0.9115,51.3644],[0.9421,51.383],[0.9234,51.4008],[0.7364,51.4095]]]]}},{"type":"Feature","properties":{"territoryId":"cliopatria-q886986-b9e0f02f52","name":"Kingdom of Lindsey","name_ko":"린지 왕국","color":"#eb7a93","colorFamily":3,"startYear":534,"endYear":545,"source_name":"Cliopatria v0.2.0","source_url":"https://github.com/Seshat-Global-History-Databank/cliopatria","license":"CC BY 4.0","attribution":"Seshat Global History Databank, Cliopatria contributors"},"geometry":{"type":"MultiPolygon","coordinates":[[[[-0.8348,53.5296],[-0.8229,53.3946],[-0.7369,53.3946],[-0.731,53.3271],[-0.2899,53.1922],[0.0641,52.9309],[0.0741,52.9352],[0.0698,52.99],[0.3165,53.1248],[0.3032,53.2935],[0.2561,53.3751],[0.2119,53.4127],[0.2195,53.4195],[0.1758,53.4377],[0.1519,53.4758],[0.096,53.4883],[-0.0466,53.5704],[-0.0959,53.5771],[-0.1886,53.6204],[-0.2634,53.6918],[-0.3951,53.7046],[-0.5299,53.6777],[-0.6195,53.7119],[-0.6775,53.7028],[-0.7029,53.6911],[-0.7546,53.5971],[-0.7487,53.5296],[-0.8348,53.5296]]],[[[-0.6907,53.7131],[-0.6457,53.7289],[-0.6802,53.7323],[-0.6907,53.7131]]],[[[-0.5665,53.7212],[-0.5444,53.7095],[-0.4756,53.7124],[-0.5665,53.7212]]],[[[-0.1783,53.6835],[-0.0923,53.631],[-0.045,53.6256],[0.0172,53.6416],[0.0153,53.6647],[-0.1783,53.6835]]]]}},{"type":"Feature","properties":{"territoryId":"cliopatria-q886986-b9e0f02f52","name":"Kingdom of Lindsey","name_ko":"린지 왕국","color":"#eb7a93","colorFamily":3,"startYear":546,"endYear":554,"source_name":"Cliopatria v0.2.0","source_url":"https://github.com/Seshat-Global-History-Databank/cliopatria","license":"CC BY 4.0","attribution":"Seshat Global History Databank, Cliopatria contributors"},"geometry":{"type":"MultiPolygon","coordinates":[[[[-0.8348,53.5296],[-0.8229,53.3946],[-0.7369,53.3946],[-0.731,53.3271],[-0.2899,53.1922],[0.0641,52.9309],[0.0741,52.9352],[0.0698,52.99],[0.3165,53.1248],[0.3032,53.2935],[0.2561,53.3751],[0.2119,53.4127],[0.2195,53.4195],[0.1179,53.4621],[0.1057,53.4861],[-0.0466,53.5704],[-0.0959,53.5771],[-0.1886,53.6204],[-0.2794,53.7071],[-0.4863,53.6945],[-0.5299,53.6777],[-0.6195,53.7119],[-0.6775,53.7028],[-0.6925,53.687],[-0.7095,53.6938],[-0.8348,53.5296]]],[[[-0.6963,53.7112],[-0.637,53.732],[-0.5792,53.728],[-0.5444,53.7095],[-0.3419,53.7323],[-0.6802,53.7323],[-0.6963,53.7112]]],[[[-0.2534,53.7323],[-0.2488,53.7303],[-0.249,53.7323],[-0.2534,53.7323]]],[[[-0.154,53.6647],[-0.0923,53.631],[-0.045,53.6256],[0.0258,53.6439],[0.0153,53.6647],[-0.154,53.6647]]]]}},{"type":"Feature","properties":{"territoryId":"cliopatria-q105092-ecf6e82c59","name":"Kingdom of Mercia","name_ko":"머시아 왕국","color":"#e05cc5","colorFamily":10,"startYear":534,"endYear":576,"source_name":"Cliopatria v0.2.0","source_url":"https://github.com/Seshat-Global-History-Databank/cliopatria","license":"CC BY 4.0","attribution":"Seshat Global History Databank, Cliopatria contributors"},"geometry":{"type":"Polygon","coordinates":[[[-2.2078,51.7142],[-1.7105,51.8481],[-1.3647,51.7811],[-1.2622,51.5803],[-0.8437,51.6472],[-0.7477,51.5134],[-0.5782,51.5134],[-0.6963,51.9151],[-0.5152,51.7811],[-0.4303,51.7811],[-0.4412,51.9151],[0.3241,51.9151],[0.2081,52.3176],[0.1229,52.3176],[0.0912,52.7208],[0.2144,52.824],[0.1056,52.8894],[0.0103,52.8865],[0.0641,52.9309],[-0.2899,53.1922],[-0.731,53.3271],[-0.7369,53.3946],[-0.8229,53.3946],[-0.8348,53.5296],[-1.0931,53.5296],[-1.1609,53.3271],[-1.3328,53.3271],[-1.7023,53.5971],[-2.0403,53.5296],[-1.8831,52.7881],[-1.5099,52.4519],[-1.4916,52.2505],[-1.6438,52.0492],[-2.1418,51.9151],[-2.2078,51.7142]]]}},{"type":"Feature","properties":{"territoryId":"cliopatria-q13131807-929710ce72","name":"Kingdom of Morgannwg","name_ko":"모르간누그 왕국","color":"#3ad9be","colorFamily":9,"startYear":540,"endYear":946,"source_name":"Cliopatria v0.2.0","source_url":"https://github.com/Seshat-Global-History-Databank/cliopatria","license":"CC BY 4.0","attribution":"Seshat Global History Databank, Cliopatria contributors"},"geometry":{"type":"Polygon","coordinates":[[[-3.816,51.6007],[-3.7701,51.5633],[-3.7376,51.4909],[-3.6954,51.4715],[-3.6632,51.4762],[-3.5482,51.4042],[-3.2842,51.4465],[-3.1688,51.4465],[-3.1727,51.4531],[-3.1454,51.4599],[-3.1186,51.485],[-3.1282,51.5803],[-3.3047,51.6472],[-3.3184,51.7811],[-3.5732,51.7811],[-3.6441,51.6472],[-3.816,51.6007]]]}},{"type":"Feature","properties":{"territoryId":"cliopatria-q769782-380b365d7c","name":"Kingdom of Powys","name_ko":"포이스 왕국","color":"#a03eea","colorFamily":4,"startYear":540,"endYear":616,"source_name":"Cliopatria v0.2.0","source_url":"https://github.com/Seshat-Global-History-Databank/cliopatria","license":"CC BY 4.0","attribution":"Seshat Global History Databank, Cliopatria contributors"},"geometry":{"type":"Polygon","coordinates":[[[-3.986,52.4519],[-3.7153,52.3176],[-3.6938,52.1163],[-2.9273,52.1163],[-2.8179,52.7208],[-2.7323,52.7208],[-2.8454,52.99],[-3.3599,52.99],[-3.6955,52.9227],[-3.5735,52.5863],[-3.986,52.4519]]]}},{"type":"Feature","properties":{"territoryId":"cliopatria-q676184-7abc13f11c","name":"Kingdom of Sussex","name_ko":"서섹스 왕국","color":"#b12ce8","colorFamily":4,"startYear":490,"endYear":691,"source_name":"Cliopatria v0.2.0","source_url":"https://github.com/Seshat-Global-History-Databank/cliopatria","license":"CC BY 4.0","attribution":"Seshat Global History Databank, Cliopatria contributors"},"geometry":{"type":"MultiPolygon","coordinates":[[[[-1.4696,51.0457],[-1.3911,50.8913],[-1.3014,50.8437],[-1.1435,50.8308],[-1.1647,50.8437],[-1.0873,50.8498],[-1.0692,50.8437],[-1.0811,50.8267],[-1.0325,50.8235],[-1.0207,50.8437],[-0.9392,50.8432],[-0.919,50.8362],[-0.9289,50.8228],[-0.9047,50.8293],[-0.8729,50.8131],[-0.6012,50.7952],[-0.3976,50.8021],[-0.2697,50.8313],[-0.1732,50.829],[-0.0384,50.7979],[0.4035,50.8249],[0.6242,50.8587],[0.7345,50.9136],[0.558,51.0457],[0.22,51.0457],[0.215,51.1124],[0.046,51.1124],[-1.1487,51.246],[-1.4696,51.0457]]],[[[-1.378,50.8656],[-1.3678,50.8455],[-1.3485,50.8442],[-1.378,50.8656]]],[[[-0.9836,50.8203],[-0.9537,50.8184],[-0.9503,50.8238],[-0.9726,50.8298],[-0.9836,50.8203]]]]}},{"type":"Feature","properties":{"territoryId":"cliopatria-q146246-bc44638559","name":"Kingdom of the Franks","name_ko":"프랑크 왕국","color":"#e38f45","colorFamily":8,"startYear":500,"endYear":509,"source_name":"Cliopatria v0.2.0","source_url":"https://github.com/Seshat-Global-History-Databank/cliopatria","license":"CC BY 4.0","attribution":"Seshat Global History Databank, Cliopatria contributors"},"geometry":{"type":"Polygon","coordinates":[[[4.2387,49.98],[4.3225,49.98],[4.432,49.3826],[4.782,48.9851],[5.4505,48.9189],[5.4411,49.1838],[5.7612,49.5816],[6.1833,49.4489],[6.3484,49.5152],[6.3425,49.7143],[6.4262,49.7143],[6.169,49.9136],[6.1172,50.0044],[6.1563,49.9503],[6.0768,50.1795],[6.4048,50.4457],[6.7413,50.4457],[6.8219,50.5789],[6.9903,50.5789],[7.1539,50.7788],[7.1491,50.9789],[6.7124,51.5134],[6.2038,51.5134],[5.9604,51.1792],[5.9735,50.7788],[5.8913,50.7121],[5.0486,50.7121],[4.9696,50.5789],[4.6356,50.5122],[4.6412,50.3791],[4.4788,50.246],[4.3108,50.246],[4.2387,49.98]],[[4.5955,49.972],[4.6475,49.9865],[4.6458,49.9845],[4.5955,49.972]],[[5.9942,50.7426],[5.9949,50.7499],[5.9971,50.7629],[5.9942,50.7426]]]}},{"type":"Feature","properties":{"territoryId":"cliopatria-q146246-bc44638559","name":"Kingdom of the Franks","name_ko":"프랑크 왕국","color":"#e38f45","colorFamily":8,"startYear":510,"endYear":522,"source_name":"Cliopatria v0.2.0","source_url":"https://github.com/Seshat-Global-History-Databank/cliopatria","license":"CC BY 4.0","attribution":"Seshat Global History Databank, Cliopatria contributors"},"geometry":{"type":"MultiPolygon","coordinates":[[[[-1.8509,43.3769],[-1.8484,43.3421],[-1.768,43.3421],[-1.7706,43.3787],[-1.7755,43.3762],[-1.7941,43.386],[-1.8113,43.3951],[-1.8509,43.3769]]],[[[-2.8334,47.5536],[-2.7414,47.5089],[-2.5768,47.5539],[-2.632,47.5198],[-2.3639,47.5062],[-2.4947,47.4912],[-2.3918,47.4237],[-2.5564,47.3832],[-2.4362,47.307],[-2.542,47.3001],[-2.4551,47.269],[-2.0101,47.3197],[-1.727,47.2108],[-2.0146,47.3001],[-2.1606,47.2712],[-2.1418,47.1214],[-1.9907,47.0354],[-2.1288,46.8935],[-2.1188,46.82],[-1.9099,46.6918],[-1.7954,46.4945],[-1.7892,46.5329],[-1.2401,46.2842],[-1.1107,46.3027],[-1.2108,46.1745],[-1.0487,46.0388],[-1.1107,46.0184],[-1.0734,45.9044],[-1.1517,45.8681],[-0.9872,45.7174],[-1.1443,45.8061],[-1.2131,45.7588],[-1.0453,45.6933],[-1.0408,45.6302],[-0.7955,45.4771],[-0.656,45.0991],[-0.4938,44.998],[-0.5962,45.0246],[-0.5347,44.895],[-0.716,45.1345],[-0.7662,45.3261],[-0.9153,45.4504],[-1.0317,45.5035],[-1.1434,45.4504],[-1.2201,44.7226],[-1.1722,44.7783],[-1.0447,44.6694],[-1.2134,44.6291],[-1.3355,44.0655],[-1.3214,43.8634],[-1.3925,43.8634],[-1.4599,43.5375],[-1.768,43.3421],[-1.4418,43.2769],[-1.5177,43.2118],[-1.424,43.0165],[-0.9424,43.0165],[0.0401,42.6912],[1.0747,42.8213],[1.4855,42.6262],[1.7898,42.9515],[1.9503,42.9515],[2.095,43.2769],[2.6338,43.7982],[2.7951,43.7982],[3.0255,44.0591],[3.4292,44.0591],[3.8146,44.516],[4.0575,44.516],[4.1334,44.6466],[3.9688,44.7119],[4.0395,44.9734],[3.869,45.1696],[3.8582,45.4313],[3.0761,46.4802],[3.2275,46.7429],[2.9651,47.0716],[3.0343,47.3348],[2.9453,47.4665],[3.923,47.73],[4.6662,47.73],[4.7591,47.4665],[5.1761,47.3348],[5.1808,47.2032],[5.5144,47.0716],[5.5945,47.1374],[5.5769,47.6641],[5.8224,47.73],[5.8181,47.8619],[6.3102,47.9938],[6.9753,47.8619],[7.15,47.4665],[7.3148,47.4665],[7.484,47.269],[8.0615,47.2032],[8.3116,47.0058],[8.3938,47.0058],[8.3948,46.9401],[8.8878,46.9401],[8.8862,47.0716],[9.1308,47.269],[9.2955,47.269],[9.3766,47.4006],[9.9519,47.6641],[9.8681,47.8619],[9.9508,47.8619],[10.1134,48.4559],[11.0266,48.7865],[11.1108,49.1838],[10.9442,49.25],[10.5271,49.25],[9.7751,49.4489],[9.6907,49.5816],[9.4399,49.5816],[9.5204,49.98],[9.2665,50.246],[9.1781,50.7121],[9.3456,50.8455],[9.4271,51.246],[8.8371,51.0457],[8.3354,50.7121],[7.6517,51.1792],[7.649,51.3128],[7.3921,51.4465],[7.3013,51.7142],[6.6146,51.9822],[6.6127,52.0492],[6.6978,52.0492],[6.948,52.2505],[7.0165,52.9227],[6.9308,52.9227],[6.6662,53.1922],[6.4945,53.1922],[6.4126,53.0574],[6.241,53.0574],[6.2452,52.9227],[6.3309,52.9227],[6.2494,52.7881],[6.076,52.8554],[5.9948,52.7208],[5.655,52.6535],[5.5597,52.9227],[5.3857,52.99],[5.3908,52.8554],[4.8854,52.6535],[4.8112,52.3847],[4.5581,52.3176],[4.6521,52.1163],[4.4877,51.9822],[4.4966,51.7811],[4.1599,51.7142],[4.218,51.5199],[4.2967,51.4705],[4.2409,51.4435],[4.3084,51.2712],[4.1932,51.3744],[3.4166,51.3128],[3.4127,51.3889],[3.1248,51.3297],[2.5218,51.0875],[1.9214,50.9968],[1.5806,50.8688],[1.6104,50.5482],[1.5552,50.4048],[1.6104,50.3707],[1.5415,50.2779],[1.6725,50.1925],[1.521,50.2147],[1.2212,49.979],[0.5967,49.8572],[0.2359,49.7293],[0.0766,49.535],[0.2568,49.4641],[0.4932,49.4936],[0.4573,49.4674],[-0.2195,49.2801],[-0.9404,49.3923],[-1.0723,49.3968],[-1.1229,49.3454],[-1.2508,49.4489],[-1.336,49.7035],[-1.6067,49.6501],[-1.9352,49.7241],[-1.9456,49.678],[-1.8395,49.6198],[-1.8847,49.5309],[-1.8165,49.3837],[-1.6991,49.3559],[-1.6247,49.2193],[-1.5484,49.2255],[-1.6104,49.2159],[-1.5936,49.029],[-1.508,49.0337],[-1.6029,48.8494],[-1.5536,48.7471],[-1.3566,48.6433],[-1.5918,48.6396],[-1.5083,48.522],[-1.6689,48.4559],[-1.6473,48.1917],[-1.7967,47.9938],[-2.4472,47.8619],[-2.7756,47.6399],[-2.684,47.623],[-2.7202,47.5608],[-2.8334,47.5536]],[[4.2611,51.3694],[4.3685,51.3538],[4.3456,51.3523],[4.2611,51.3694]],[[3.8087,51.2053],[3.9378,51.2103],[3.927,51.2063],[3.8087,51.2053]],[[4.4533,51.4655],[4.4831,51.4743],[4.5252,51.4759],[4.4533,51.4655]],[[4.5955,49.972],[4.6475,49.9865],[4.6458,49.9845],[4.5955,49.972]],[[5.8604,51.0153],[5.8736,50.9906],[5.8746,50.9654],[5.8604,51.0153]],[[5.9942,50.7426],[5.9949,50.7499],[5.9971,50.7629],[5.9942,50.7426]],[[6.1149,50.1123],[6.1175,50.1205],[6.1295,50.134],[6.1149,50.1123]],[[6.1172,50.0044],[6.1619,49.9425],[6.154,49.9512],[6.1172,50.0044]],[[6.122,50.1618],[6.1232,50.1649],[6.1442,50.1681],[6.122,50.1618]],[[6.1468,50.214],[6.1572,50.2227],[6.1896,50.2427],[6.1468,50.214]],[[6.1532,50.1707],[6.1651,50.1819],[6.1591,50.1724],[6.1532,50.1707]],[[6.2494,49.4903],[6.3376,49.4581],[6.3253,49.4567],[6.2494,49.4903]],[[6.701,49.1729],[6.7221,49.158],[6.7138,49.1589],[6.701,49.1729]],[[7.4267,47.4621],[7.4274,47.4683],[7.4293,47.4651],[7.4267,47.4621]],[[7.5726,48.095],[7.5787,48.1112],[7.5757,48.0537],[7.5726,48.095]],[[7.5802,47.5822],[7.586,47.5846],[7.6032,47.5874],[7.5802,47.5822]],[[7.5825,48.1213],[7.5857,48.1297],[7.6134,48.1792],[7.5825,48.1213]],[[7.6097,47.5647],[7.6402,47.5703],[7.6359,47.5646],[7.6097,47.5647]],[[8.5747,47.597],[8.5803,47.639],[8.5806,47.6002],[8.5747,47.597]],[[9.2732,47.6501],[9.5475,47.5345],[9.5475,47.5345],[9.2732,47.6501]]],[[[-2.782,47.6356],[-2.7754,47.6365],[-2.7785,47.6379],[-2.782,47.6356]]],[[[-2.1732,46.9345],[-2.1426,46.9099],[-2.1448,46.9575],[-2.1732,46.9345]]],[[[-1.2275,45.9543],[-1.2227,45.8898],[-1.1778,45.8898],[-1.2275,45.9543]]]]}},{"type":"Feature","properties":{"territoryId":"cliopatria-q146246-bc44638559","name":"Kingdom of the Franks","name_ko":"프랑크 왕국","color":"#e38f45","colorFamily":8,"startYear":523,"endYear":533,"source_name":"Cliopatria v0.2.0","source_url":"https://github.com/Seshat-Global-History-Databank/cliopatria","license":"CC BY 4.0","attribution":"Seshat Global History Databank, Cliopatria contributors"},"geometry":{"type":"MultiPolygon","coordinates":[[[[-1.8509,43.3769],[-1.8484,43.3421],[-1.768,43.3421],[-1.7706,43.3787],[-1.7755,43.3762],[-1.7941,43.386],[-1.8113,43.3951],[-1.8509,43.3769]]],[[[-2.8334,47.5536],[-2.7414,47.5089],[-2.5768,47.5539],[-2.632,47.5198],[-2.3639,47.5062],[-2.4947,47.4912],[-2.3918,47.4237],[-2.5564,47.3832],[-2.4362,47.307],[-2.542,47.3001],[-2.4551,47.269],[-2.0101,47.3197],[-1.727,47.2108],[-2.0146,47.3001],[-2.1606,47.2712],[-2.1418,47.1214],[-1.9907,47.0354],[-2.1288,46.8935],[-2.1188,46.82],[-1.9099,46.6918],[-1.7954,46.4945],[-1.7892,46.5329],[-1.2401,46.2842],[-1.1107,46.3027],[-1.2108,46.1745],[-1.0487,46.0388],[-1.1107,46.0184],[-1.0734,45.9044],[-1.1517,45.8681],[-0.9872,45.7174],[-1.1443,45.8061],[-1.2131,45.7588],[-1.0453,45.6933],[-1.0408,45.6302],[-0.7955,45.4771],[-0.656,45.0991],[-0.4938,44.998],[-0.5962,45.0246],[-0.5347,44.895],[-0.716,45.1345],[-0.7662,45.3261],[-0.9153,45.4504],[-1.0317,45.5035],[-1.1479,45.3973],[-1.2487,44.662],[-1.1722,44.7783],[-1.0447,44.6694],[-1.1865,44.6655],[-1.2572,44.5561],[-1.3214,43.8634],[-1.3925,43.8634],[-1.4599,43.5375],[-1.768,43.3421],[-1.4418,43.2769],[-1.5177,43.2118],[-1.424,43.0165],[-0.9424,43.0165],[0.0401,42.6912],[1.0747,42.8213],[1.4855,42.6262],[1.7898,42.9515],[1.9503,42.9515],[1.9439,43.0816],[3.0255,44.0591],[3.4292,44.0591],[3.8146,44.516],[4.0575,44.516],[4.1334,44.6466],[3.9688,44.7119],[4.0395,44.9734],[3.869,45.1696],[3.8582,45.4313],[3.4218,46.0865],[3.2553,46.1521],[3.0729,46.5459],[3.2275,46.7429],[2.9651,47.0716],[3.0343,47.3348],[2.9453,47.4665],[3.923,47.73],[4.6662,47.73],[4.7591,47.4665],[5.1761,47.3348],[5.1808,47.2032],[5.5144,47.0716],[5.5945,47.1374],[5.5769,47.6641],[5.8224,47.73],[5.8181,47.8619],[6.1447,47.9938],[6.8082,47.9278],[6.9753,47.8619],[7.15,47.4665],[7.3148,47.4665],[7.484,47.269],[8.0615,47.2032],[8.3116,47.0058],[8.3938,47.0058],[8.3948,46.9401],[8.8878,46.9401],[8.8862,47.0716],[9.1308,47.269],[9.2955,47.269],[9.3766,47.4006],[9.9519,47.6641],[9.8681,47.8619],[9.9508,47.8619],[10.1134,48.4559],[11.0266,48.7865],[11.1108,49.1838],[10.9442,49.25],[10.5271,49.25],[9.7751,49.4489],[9.6907,49.5816],[9.4399,49.5816],[9.5204,49.98],[9.2665,50.246],[9.1781,50.7121],[9.3456,50.8455],[9.4271,51.246],[8.8371,51.0457],[8.3354,50.7121],[7.6517,51.1792],[7.649,51.3128],[7.3921,51.4465],[7.3013,51.7142],[6.6146,51.9822],[6.6127,52.0492],[6.6978,52.0492],[6.948,52.2505],[7.0165,52.9227],[6.9308,52.9227],[6.6662,53.1922],[6.4945,53.1922],[6.4126,53.0574],[6.241,53.0574],[6.2452,52.9227],[6.3309,52.9227],[6.2494,52.7881],[6.076,52.8554],[5.9948,52.7208],[5.655,52.6535],[5.5597,52.9227],[5.3857,52.99],[5.3078,52.7881],[4.8854,52.6535],[4.8909,52.5191],[4.4877,51.9822],[4.4966,51.7811],[4.4116,51.7811],[4.4146,51.7142],[4.1599,51.7142],[4.218,51.5199],[4.2967,51.4705],[4.2409,51.4435],[4.3084,51.2712],[4.2254,51.3658],[4.0938,51.3128],[3.4166,51.3128],[3.4127,51.3889],[3.1248,51.3297],[2.5218,51.0875],[1.9214,50.9968],[1.5806,50.8688],[1.6104,50.5482],[1.5552,50.4048],[1.6104,50.3707],[1.5415,50.2779],[1.6725,50.1925],[1.521,50.2147],[1.2212,49.979],[0.5967,49.8572],[0.2359,49.7293],[0.0766,49.535],[0.2568,49.4641],[0.4932,49.4936],[0.4573,49.4674],[-0.2195,49.2801],[-0.9404,49.3923],[-1.0723,49.3968],[-1.1229,49.3454],[-1.2508,49.4489],[-1.336,49.7035],[-1.6067,49.6501],[-1.9352,49.7241],[-1.9456,49.678],[-1.8395,49.6198],[-1.8847,49.5309],[-1.8165,49.3837],[-1.6991,49.3559],[-1.6247,49.2193],[-1.5484,49.2255],[-1.6104,49.2159],[-1.5936,49.029],[-1.508,49.0337],[-1.6029,48.8494],[-1.5536,48.7471],[-1.3566,48.6433],[-1.5918,48.6396],[-1.5083,48.522],[-1.6689,48.4559],[-1.642,48.1257],[-1.7248,48.1257],[-1.7194,48.0597],[-1.8021,48.0597],[-1.7967,47.9938],[-2.4472,47.8619],[-2.7756,47.6399],[-2.684,47.623],[-2.7202,47.5608],[-2.8334,47.5536]],[[4.2611,51.3694],[4.3685,51.3538],[4.3456,51.3523],[4.2611,51.3694]],[[3.8087,51.2053],[3.9378,51.2103],[3.927,51.2063],[3.8087,51.2053]],[[4.4533,51.4655],[4.4831,51.4743],[4.5252,51.4759],[4.4533,51.4655]],[[4.5955,49.972],[4.6475,49.9865],[4.6458,49.9845],[4.5955,49.972]],[[5.8604,51.0153],[5.8736,50.9906],[5.8746,50.9654],[5.8604,51.0153]],[[5.9942,50.7426],[5.9949,50.7499],[5.9971,50.7629],[5.9942,50.7426]],[[6.1149,50.1123],[6.1175,50.1205],[6.1295,50.134],[6.1149,50.1123]],[[6.1172,50.0044],[6.1619,49.9425],[6.154,49.9512],[6.1172,50.0044]],[[6.122,50.1618],[6.1232,50.1649],[6.1442,50.1681],[6.122,50.1618]],[[6.1468,50.214],[6.1572,50.2227],[6.1896,50.2427],[6.1468,50.214]],[[6.1532,50.1707],[6.1651,50.1819],[6.1591,50.1724],[6.1532,50.1707]],[[6.2494,49.4903],[6.3376,49.4581],[6.3253,49.4567],[6.2494,49.4903]],[[6.701,49.1729],[6.7221,49.158],[6.7138,49.1589],[6.701,49.1729]],[[7.4267,47.4621],[7.4274,47.4683],[7.4293,47.4651],[7.4267,47.4621]],[[7.5726,48.095],[7.5787,48.1112],[7.5757,48.0537],[7.5726,48.095]],[[7.5802,47.5822],[7.586,47.5846],[7.6032,47.5874],[7.5802,47.5822]],[[7.5825,48.1213],[7.5857,48.1297],[7.6134,48.1792],[7.5825,48.1213]],[[7.6097,47.5647],[7.6402,47.5703],[7.6359,47.5646],[7.6097,47.5647]],[[8.5747,47.597],[8.5803,47.639],[8.5806,47.6002],[8.5747,47.597]],[[9.2732,47.6501],[9.5475,47.5345],[9.5475,47.5345],[9.2732,47.6501]]],[[[-2.782,47.6356],[-2.7754,47.6365],[-2.7785,47.6379],[-2.782,47.6356]]],[[[-2.1732,46.9345],[-2.1426,46.9099],[-2.1448,46.9575],[-2.1732,46.9345]]],[[[-1.2275,45.9543],[-1.2227,45.8898],[-1.1778,45.8898],[-1.2275,45.9543]]],[[[4.5581,52.3176],[4.564,52.1833],[4.7287,52.3176],[4.5581,52.3176]]]]}},{"type":"Feature","properties":{"territoryId":"cliopatria-q146246-bc44638559","name":"Kingdom of the Franks","name_ko":"프랑크 왕국","color":"#e38f45","colorFamily":8,"startYear":534,"endYear":539,"source_name":"Cliopatria v0.2.0","source_url":"https://github.com/Seshat-Global-History-Databank/cliopatria","license":"CC BY 4.0","attribution":"Seshat Global History Databank, Cliopatria contributors"},"geometry":{"type":"MultiPolygon","coordinates":[[[[-1.8509,43.3769],[-1.8484,43.3421],[-1.768,43.3421],[-1.7706,43.3787],[-1.7755,43.3762],[-1.7941,43.386],[-1.8113,43.3951],[-1.8509,43.3769]]],[[[-2.8334,47.5536],[-2.7414,47.5089],[-2.5768,47.5539],[-2.632,47.5198],[-2.3639,47.5062],[-2.4947,47.4912],[-2.3918,47.4237],[-2.5564,47.3832],[-2.4362,47.307],[-2.542,47.3001],[-2.4551,47.269],[-2.0101,47.3197],[-1.727,47.2108],[-2.0146,47.3001],[-2.1606,47.2712],[-2.1418,47.1214],[-1.9907,47.0354],[-2.1288,46.8935],[-2.1188,46.82],[-1.9099,46.6918],[-1.7954,46.4945],[-1.7892,46.5329],[-1.2401,46.2842],[-1.1107,46.3027],[-1.2108,46.1745],[-1.0487,46.0388],[-1.1107,46.0184],[-1.0734,45.9044],[-1.1517,45.8681],[-0.9872,45.7174],[-1.1443,45.8061],[-1.2131,45.7588],[-1.0453,45.6933],[-1.0408,45.6302],[-0.7955,45.4771],[-0.656,45.0991],[-0.4938,44.998],[-0.5962,45.0246],[-0.5347,44.895],[-0.716,45.1345],[-0.7662,45.3261],[-0.9153,45.4504],[-1.0317,45.5035],[-1.1434,45.4504],[-1.2201,44.7226],[-1.1722,44.7783],[-1.0447,44.6694],[-1.2134,44.6291],[-1.3355,44.0655],[-1.3214,43.8634],[-1.3925,43.8634],[-1.4599,43.5375],[-1.768,43.3421],[-1.4418,43.2769],[-1.5177,43.2118],[-1.424,43.0165],[-0.9424,43.0165],[0.0401,42.6912],[1.0747,42.8213],[1.4855,42.6262],[1.7898,42.9515],[1.9503,42.9515],[1.9439,43.0816],[3.0255,44.0591],[3.4292,44.0591],[3.8146,44.516],[4.0575,44.516],[4.6336,44.2548],[4.629,44.3854],[4.7099,44.3854],[4.7076,44.4507],[4.9526,44.3854],[5.0291,44.516],[5.7579,44.516],[5.9143,44.7119],[6.3162,44.8426],[6.3093,45.1042],[6.7156,45.1042],[7.0377,45.235],[7.1147,45.4313],[7.3576,45.4968],[7.5956,45.8243],[7.7588,45.8243],[8.0808,46.0865],[8.1593,46.2833],[9.3044,46.3489],[9.3402,46.4978],[9.2823,46.4974],[9.3407,46.4997],[9.3833,46.6772],[9.6274,46.9401],[9.6061,47.054],[9.477,47.0639],[9.6056,47.0567],[9.5414,47.4006],[9.9519,47.6641],[9.8681,47.8619],[9.9508,47.8619],[10.1134,48.4559],[11.0266,48.7865],[11.1108,49.1838],[10.8607,49.25],[10.8609,49.3826],[11.0282,49.5152],[11.0285,49.6479],[11.2801,49.7807],[11.2807,49.9136],[11.8691,50.113],[11.8704,50.246],[12.0391,50.3125],[12.042,50.5789],[12.2955,50.6455],[12.0482,51.1124],[11.4576,51.246],[11.2893,51.3797],[11.5464,51.7142],[11.547,51.7811],[10.868,51.9151],[10.5275,51.6472],[10.2729,51.6472],[10.1035,51.4465],[8.8371,51.0457],[8.3354,50.7121],[7.6517,51.1792],[7.649,51.3128],[7.3921,51.4465],[7.3013,51.7142],[6.6146,51.9822],[6.6127,52.0492],[6.6978,52.0492],[6.948,52.2505],[7.0165,52.9227],[6.9308,52.9227],[6.6662,53.1922],[6.4945,53.1922],[6.4126,53.0574],[6.241,53.0574],[6.2452,52.9227],[6.3309,52.9227],[6.2494,52.7881],[6.076,52.8554],[5.9948,52.7208],[5.655,52.6535],[5.5597,52.9227],[5.3857,52.99],[5.3078,52.7881],[4.8854,52.6535],[4.8909,52.5191],[4.4877,51.9822],[4.4966,51.7811],[4.4116,51.7811],[4.4146,51.7142],[4.1599,51.7142],[4.218,51.5199],[4.2967,51.4705],[4.2409,51.4435],[4.3084,51.2712],[4.2254,51.3658],[4.0938,51.3128],[3.4166,51.3128],[3.4127,51.3889],[3.1248,51.3297],[2.5218,51.0875],[1.7298,50.9439],[1.5806,50.8688],[1.5632,50.6783],[1.6104,50.5482],[1.5552,50.4048],[1.6104,50.3707],[1.5415,50.2779],[1.6725,50.1925],[1.521,50.2147],[1.2212,49.979],[0.5967,49.8572],[0.2359,49.7293],[0.0766,49.535],[0.2568,49.4641],[0.4932,49.4936],[0.4573,49.4674],[-0.2195,49.2801],[-0.9404,49.3923],[-1.0723,49.3968],[-1.1229,49.3454],[-1.2508,49.4489],[-1.336,49.7035],[-1.6067,49.6501],[-1.9352,49.7241],[-1.9456,49.678],[-1.8395,49.6198],[-1.8847,49.5309],[-1.8165,49.3837],[-1.6991,49.3559],[-1.6247,49.2193],[-1.5484,49.2255],[-1.6104,49.2159],[-1.5936,49.029],[-1.508,49.0337],[-1.6029,48.8494],[-1.5536,48.7471],[-1.3566,48.6433],[-1.5918,48.6396],[-1.5083,48.522],[-1.6689,48.4559],[-1.642,48.1257],[-1.7248,48.1257],[-1.7194,48.0597],[-1.8021,48.0597],[-1.7967,47.9938],[-2.4472,47.8619],[-2.7756,47.6399],[-2.684,47.623],[-2.7202,47.5608],[-2.8334,47.5536]],[[4.2611,51.3694],[4.3685,51.3538],[4.3456,51.3523],[4.2611,51.3694]],[[3.8087,51.2053],[3.9378,51.2103],[3.927,51.2063],[3.8087,51.2053]],[[4.4533,51.4655],[4.4831,51.4743],[4.5252,51.4759],[4.4533,51.4655]],[[4.5955,49.972],[4.6475,49.9865],[4.6458,49.9845],[4.5955,49.972]],[[5.8604,51.0153],[5.8736,50.9906],[5.8746,50.9654],[5.8604,51.0153]],[[5.9585,46.212],[5.9829,46.2227],[6.0007,46.2276],[5.9585,46.212]],[[5.9942,50.7426],[5.9949,50.7499],[5.9971,50.7629],[5.9942,50.7426]],[[6.0629,46.2445],[6.0908,46.2521],[6.0897,46.2464],[6.0629,46.2445]],[[6.1149,50.1123],[6.1175,50.1205],[6.1295,50.134],[6.1149,50.1123]],[[6.1172,50.0044],[6.1619,49.9425],[6.154,49.9512],[6.1172,50.0044]],[[6.122,50.1618],[6.1232,50.1649],[6.1442,50.1681],[6.122,50.1618]],[[6.1468,50.214],[6.1572,50.2227],[6.1896,50.2427],[6.1468,50.214]],[[6.1532,50.1707],[6.1651,50.1819],[6.1591,50.1724],[6.1532,50.1707]],[[6.2494,49.4903],[6.3376,49.4581],[6.3253,49.4567],[6.2494,49.4903]],[[6.701,49.1729],[6.7221,49.158],[6.7138,49.1589],[6.701,49.1729]],[[6.7827,45.7953],[6.7863,45.8015],[6.7839,45.7882],[6.7827,45.7953]],[[6.7843,46.2008],[6.7922,46.2217],[6.8277,46.2695],[6.7843,46.2008]],[[6.8328,45.6905],[6.8623,45.6792],[6.8431,45.6827],[6.8328,45.6905]],[[6.8984,45.6655],[6.9634,45.6407],[6.9186,45.6526],[6.8984,45.6655]],[[7.0201,45.9292],[7.0349,45.9169],[7.0221,45.9253],[7.0201,45.9292]],[[7.0782,45.8884],[7.1535,45.8765],[7.0902,45.8805],[7.0782,45.8884]],[[7.3618,45.9078],[7.453,45.9459],[7.3938,45.9157],[7.3618,45.9078]],[[7.4267,47.4621],[7.4274,47.4683],[7.4293,47.4651],[7.4267,47.4621]],[[7.5726,48.095],[7.5787,48.1112],[7.5757,48.0537],[7.5726,48.095]],[[7.5802,47.5822],[7.586,47.5846],[7.6032,47.5874],[7.5802,47.5822]],[[7.5825,48.1213],[7.5857,48.1297],[7.6134,48.1792],[7.5825,48.1213]],[[7.6097,47.5647],[7.6402,47.5703],[7.6359,47.5646],[7.6097,47.5647]],[[7.7031,45.9278],[7.737,45.9242],[7.7063,45.9257],[7.7031,45.9278]],[[7.8702,45.9404],[7.8729,45.9594],[7.8807,45.9664],[7.8702,45.9404]],[[8.5747,47.597],[8.5803,47.639],[8.5806,47.6002],[8.5747,47.597]],[[9.2732,47.6501],[9.5475,47.5345],[9.5475,47.5345],[9.2732,47.6501]],[[9.4874,47.21],[9.5046,47.2437],[9.5171,47.2564],[9.4874,47.21]],[[9.6126,47.5219],[9.704,47.5314],[9.6767,47.5226],[9.6126,47.5219]]],[[[-2.782,47.6356],[-2.7754,47.6365],[-2.7785,47.6379],[-2.782,47.6356]]],[[[-2.1732,46.9345],[-2.1426,46.9099],[-2.1448,46.9575],[-2.1732,46.9345]]],[[[-1.2275,45.9543],[-1.2227,45.8898],[-1.1778,45.8898],[-1.2275,45.9543]]],[[[12.0383,50.246],[12.1223,50.246],[12.1231,50.3125],[12.0391,50.3125],[12.0383,50.246]]],[[[4.5581,52.3176],[4.564,52.1833],[4.7287,52.3176],[4.5581,52.3176]]]]}},{"type":"Feature","properties":{"territoryId":"cliopatria-q146246-bc44638559","name":"Kingdom of the Franks","name_ko":"프랑크 왕국","color":"#e38f45","colorFamily":8,"startYear":540,"endYear":545,"source_name":"Cliopatria v0.2.0","source_url":"https://github.com/Seshat-Global-History-Databank/cliopatria","license":"CC BY 4.0","attribution":"Seshat Global History Databank, Cliopatria contributors"},"geometry":{"type":"MultiPolygon","coordinates":[[[[-1.8509,43.3769],[-1.8484,43.3421],[-1.768,43.3421],[-1.7706,43.3787],[-1.7755,43.3762],[-1.7941,43.386],[-1.8113,43.3951],[-1.8509,43.3769]]],[[[-2.8334,47.5536],[-2.7414,47.5089],[-2.5768,47.5539],[-2.632,47.5198],[-2.3639,47.5062],[-2.4947,47.4912],[-2.3918,47.4237],[-2.5564,47.3832],[-2.4362,47.307],[-2.542,47.3001],[-2.4551,47.269],[-2.0101,47.3197],[-1.727,47.2108],[-2.0146,47.3001],[-2.1606,47.2712],[-2.1418,47.1214],[-1.9907,47.0354],[-2.1288,46.8935],[-2.1188,46.82],[-1.9099,46.6918],[-1.7954,46.4945],[-1.7892,46.5329],[-1.2401,46.2842],[-1.1107,46.3027],[-1.2108,46.1745],[-1.0487,46.0388],[-1.1107,46.0184],[-1.0734,45.9044],[-1.1517,45.8681],[-0.9872,45.7174],[-1.1443,45.8061],[-1.2131,45.7588],[-1.0453,45.6933],[-1.0408,45.6302],[-0.7955,45.4771],[-0.656,45.0991],[-0.4938,44.998],[-0.5962,45.0246],[-0.5347,44.895],[-0.716,45.1345],[-0.7662,45.3261],[-0.9153,45.4504],[-1.0317,45.5035],[-1.1434,45.4504],[-1.2201,44.7226],[-1.1722,44.7783],[-1.0447,44.6694],[-1.2134,44.6291],[-1.3355,44.0655],[-1.3214,43.8634],[-1.3925,43.8634],[-1.4599,43.5375],[-1.768,43.3421],[-1.4418,43.2769],[-1.5177,43.2118],[-1.424,43.0165],[-0.9424,43.0165],[0.0401,42.6912],[1.0747,42.8213],[1.4855,42.6262],[1.7898,42.9515],[1.9503,42.9515],[1.9439,43.0816],[3.0255,44.0591],[3.4292,44.0591],[3.8146,44.516],[4.5504,44.3201],[4.6359,44.1896],[4.315,44.1243],[4.244,43.8634],[4.1633,43.8634],[4.0876,43.733],[4.1778,43.4723],[4.578,43.5375],[4.7288,43.4972],[4.6946,43.5791],[4.7424,43.4935],[5.0174,43.42],[5.0623,43.4516],[5.0291,43.5586],[5.2263,43.4803],[5.0383,43.4144],[5.3869,43.4072],[5.3908,43.2769],[5.7945,43.2118],[5.7962,43.1467],[6.5176,43.2118],[6.5936,43.4072],[6.8321,43.5375],[6.997,43.5441],[7.071,43.6678],[7.1515,43.6678],[7.2232,44.1243],[6.8957,44.3201],[6.9652,44.8426],[6.6375,44.9734],[6.6343,45.1042],[7.0377,45.235],[7.1147,45.4313],[7.8462,45.4968],[8.1751,45.3004],[8.5818,45.3004],[8.5784,45.5623],[8.4145,45.6278],[8.4895,46.0865],[9.1427,46.1521],[9.3851,46.4802],[9.3833,46.6772],[9.6274,46.9401],[9.6061,47.054],[9.477,47.0639],[9.6056,47.0567],[9.5414,47.4006],[9.9519,47.6641],[9.8681,47.8619],[9.9508,47.8619],[10.1134,48.4559],[11.0266,48.7865],[11.1108,49.1838],[10.8607,49.25],[10.8609,49.3826],[11.0282,49.5152],[11.0285,49.6479],[11.2801,49.7807],[11.2807,49.9136],[11.8691,50.113],[11.8704,50.246],[12.0391,50.3125],[12.042,50.5789],[12.2955,50.6455],[12.0482,51.1124],[11.4576,51.246],[11.2893,51.3797],[11.5464,51.7142],[11.547,51.7811],[10.868,51.9151],[10.5275,51.6472],[10.2729,51.6472],[10.1035,51.4465],[8.8371,51.0457],[8.3354,50.7121],[7.6517,51.1792],[7.649,51.3128],[7.3921,51.4465],[7.3013,51.7142],[6.6146,51.9822],[6.6127,52.0492],[6.6978,52.0492],[6.948,52.2505],[7.0165,52.9227],[6.9308,52.9227],[6.6662,53.1922],[6.4945,53.1922],[6.4126,53.0574],[6.241,53.0574],[6.2452,52.9227],[6.3309,52.9227],[6.2494,52.7881],[6.076,52.8554],[5.9948,52.7208],[5.655,52.6535],[5.5597,52.9227],[5.3857,52.99],[5.3078,52.7881],[4.8854,52.6535],[4.8909,52.5191],[4.4877,51.9822],[4.4966,51.7811],[4.4116,51.7811],[4.4146,51.7142],[4.1599,51.7142],[4.218,51.5199],[4.2967,51.4705],[4.2409,51.4435],[4.3084,51.2712],[4.2254,51.3658],[4.0938,51.3128],[3.4166,51.3128],[3.4127,51.3889],[3.1248,51.3297],[2.5218,51.0875],[1.7298,50.9439],[1.5806,50.8688],[1.5632,50.6783],[1.6104,50.5482],[1.5552,50.4048],[1.6104,50.3707],[1.5415,50.2779],[1.6725,50.1925],[1.521,50.2147],[1.2212,49.979],[0.5967,49.8572],[0.2359,49.7293],[0.0766,49.535],[0.2568,49.4641],[0.4932,49.4936],[0.4573,49.4674],[-0.2195,49.2801],[-0.9404,49.3923],[-1.0723,49.3968],[-1.1229,49.3454],[-1.2508,49.4489],[-1.336,49.7035],[-1.6067,49.6501],[-1.9352,49.7241],[-1.9456,49.678],[-1.8395,49.6198],[-1.8847,49.5309],[-1.8165,49.3837],[-1.6991,49.3559],[-1.6247,49.2193],[-1.5484,49.2255],[-1.6104,49.2159],[-1.5936,49.029],[-1.508,49.0337],[-1.6029,48.8494],[-1.5536,48.7471],[-1.3566,48.6433],[-1.5918,48.6396],[-1.5083,48.522],[-1.6689,48.4559],[-1.642,48.1257],[-1.7248,48.1257],[-1.7194,48.0597],[-1.8021,48.0597],[-1.7967,47.9938],[-2.4472,47.8619],[-2.7756,47.6399],[-2.684,47.623],[-2.7202,47.5608],[-2.8334,47.5536]],[[4.2611,51.3694],[4.3685,51.3538],[4.3456,51.3523],[4.2611,51.3694]],[[3.8087,51.2053],[3.9378,51.2103],[3.927,51.2063],[3.8087,51.2053]],[[4.4533,51.4655],[4.4831,51.4743],[4.5252,51.4759],[4.4533,51.4655]],[[4.5955,49.972],[4.6475,49.9865],[4.6458,49.9845],[4.5955,49.972]],[[5.8604,51.0153],[5.8736,50.9906],[5.8746,50.9654],[5.8604,51.0153]],[[5.9585,46.212],[5.9829,46.2227],[6.0007,46.2276],[5.9585,46.212]],[[5.9942,50.7426],[5.9949,50.7499],[5.9971,50.7629],[5.9942,50.7426]],[[6.0629,46.2445],[6.0908,46.2521],[6.0897,46.2464],[6.0629,46.2445]],[[6.1149,50.1123],[6.1175,50.1205],[6.1295,50.134],[6.1149,50.1123]],[[6.1172,50.0044],[6.1619,49.9425],[6.154,49.9512],[6.1172,50.0044]],[[6.122,50.1618],[6.1232,50.1649],[6.1442,50.1681],[6.122,50.1618]],[[6.1468,50.214],[6.1572,50.2227],[6.1896,50.2427],[6.1468,50.214]],[[6.1532,50.1707],[6.1651,50.1819],[6.1591,50.1724],[6.1532,50.1707]],[[6.2494,49.4903],[6.3376,49.4581],[6.3253,49.4567],[6.2494,49.4903]],[[6.701,49.1729],[6.7221,49.158],[6.7138,49.1589],[6.701,49.1729]],[[6.7827,45.7953],[6.7863,45.8015],[6.7839,45.7882],[6.7827,45.7953]],[[6.7843,46.2008],[6.7922,46.2217],[6.8277,46.2695],[6.7843,46.2008]],[[6.8328,45.6905],[6.8623,45.6792],[6.8431,45.6827],[6.8328,45.6905]],[[6.8661,44.3721],[6.8772,44.4144],[6.8703,44.3667],[6.8661,44.3721]],[[6.8984,45.6655],[6.9634,45.6407],[6.9186,45.6526],[6.8984,45.6655]],[[6.9799,44.2461],[6.9887,44.2416],[6.9828,44.2417],[6.9799,44.2461]],[[7.0201,45.9292],[7.0349,45.9169],[7.0221,45.9253],[7.0201,45.9292]],[[7.0782,45.8884],[7.1535,45.8765],[7.0902,45.8805],[7.0782,45.8884]],[[7.3618,45.9078],[7.453,45.9459],[7.3938,45.9157],[7.3618,45.9078]],[[7.4267,47.4621],[7.4274,47.4683],[7.4293,47.4651],[7.4267,47.4621]],[[7.5726,48.095],[7.5787,48.1112],[7.5757,48.0537],[7.5726,48.095]],[[7.5802,47.5822],[7.586,47.5846],[7.6032,47.5874],[7.5802,47.5822]],[[7.5825,48.1213],[7.5857,48.1297],[7.6134,48.1792],[7.5825,48.1213]],[[7.6097,47.5647],[7.6402,47.5703],[7.6359,47.5646],[7.6097,47.5647]],[[7.7031,45.9278],[7.737,45.9242],[7.7063,45.9257],[7.7031,45.9278]],[[7.8702,45.9404],[7.8729,45.9594],[7.8807,45.9664],[7.8702,45.9404]],[[7.891,45.9755],[7.8982,45.9819],[7.9833,45.9988],[7.9787,45.9952],[7.891,45.9755]],[[7.9891,46.0033],[8.0007,46.0175],[7.9984,46.0106],[7.9891,46.0033]],[[8.5747,47.597],[8.5803,47.639],[8.5806,47.6002],[8.5747,47.597]],[[9.2732,47.6501],[9.5475,47.5345],[9.5475,47.5345],[9.2732,47.6501]],[[9.2823,46.4974],[9.331,46.5015],[9.3508,46.4979],[9.2823,46.4974]],[[9.4874,47.21],[9.5046,47.2437],[9.5171,47.2564],[9.4874,47.21]],[[9.6126,47.5219],[9.704,47.5314],[9.6767,47.5226],[9.6126,47.5219]]],[[[-2.782,47.6356],[-2.7754,47.6365],[-2.7785,47.6379],[-2.782,47.6356]]],[[[-2.1732,46.9345],[-2.1426,46.9099],[-2.1448,46.9575],[-2.1732,46.9345]]],[[[-1.2275,45.9543],[-1.2227,45.8898],[-1.1778,45.8898],[-1.2275,45.9543]]],[[[4.5581,52.3176],[4.564,52.1833],[4.7287,52.3176],[4.5581,52.3176]]],[[[12.0383,50.246],[12.1223,50.246],[12.1231,50.3125],[12.0391,50.3125],[12.0383,50.246]]]]}},{"type":"Feature","properties":{"territoryId":"cliopatria-q146246-bc44638559","name":"Kingdom of the Franks","name_ko":"프랑크 왕국","color":"#e38f45","colorFamily":8,"startYear":546,"endYear":554,"source_name":"Cliopatria v0.2.0","source_url":"https://github.com/Seshat-Global-History-Databank/cliopatria","license":"CC BY 4.0","attribution":"Seshat Global History Databank, Cliopatria contributors"},"geometry":{"type":"MultiPolygon","coordinates":[[[[-1.8509,43.3769],[-1.8484,43.3421],[-1.768,43.3421],[-1.7706,43.3787],[-1.7755,43.3762],[-1.7941,43.386],[-1.8113,43.3951],[-1.8509,43.3769]]],[[[-2.8334,47.5536],[-2.7414,47.5089],[-2.5768,47.5539],[-2.632,47.5198],[-2.3639,47.5062],[-2.4947,47.4912],[-2.3918,47.4237],[-2.5564,47.3832],[-2.4362,47.307],[-2.542,47.3001],[-2.4551,47.269],[-2.0101,47.3197],[-1.727,47.2108],[-2.0146,47.3001],[-2.1606,47.2712],[-2.1418,47.1214],[-1.9907,47.0354],[-2.1288,46.8935],[-2.1188,46.82],[-1.9099,46.6918],[-1.7954,46.4945],[-1.7892,46.5329],[-1.2401,46.2842],[-1.1107,46.3027],[-1.2108,46.1745],[-1.0487,46.0388],[-1.1107,46.0184],[-1.0734,45.9044],[-1.1517,45.8681],[-0.9872,45.7174],[-1.1443,45.8061],[-1.2131,45.7588],[-1.0453,45.6933],[-1.0408,45.6302],[-0.7955,45.4771],[-0.656,45.0991],[-0.4938,44.998],[-0.5962,45.0246],[-0.5347,44.895],[-0.716,45.1345],[-0.7662,45.3261],[-0.9153,45.4504],[-1.0317,45.5035],[-1.1434,45.4504],[-1.2201,44.7226],[-1.1722,44.7783],[-1.0447,44.6694],[-1.2134,44.6291],[-1.3355,44.0655],[-1.3214,43.8634],[-1.3925,43.8634],[-1.4599,43.5375],[-1.768,43.3421],[-1.4418,43.2769],[-1.5177,43.2118],[-1.424,43.0165],[-0.9424,43.0165],[0.0401,42.6912],[1.0747,42.8213],[1.4855,42.6262],[1.7898,42.9515],[1.9503,42.9515],[1.9439,43.0816],[3.0255,44.0591],[3.4292,44.0591],[3.8146,44.516],[4.5504,44.3201],[4.6359,44.1896],[4.315,44.1243],[4.244,43.8634],[4.1633,43.8634],[4.0876,43.733],[4.1778,43.4723],[4.578,43.5375],[4.7288,43.4972],[4.6946,43.5791],[4.7424,43.4935],[5.0174,43.42],[5.0623,43.4516],[5.0291,43.5586],[5.2263,43.4803],[5.0383,43.4144],[5.3869,43.4072],[5.3908,43.2769],[5.7945,43.2118],[5.7962,43.1467],[6.5176,43.2118],[6.5936,43.4072],[6.8321,43.5375],[6.997,43.5441],[7.071,43.6678],[7.1515,43.6678],[7.2232,44.1243],[6.8957,44.3201],[6.9652,44.8426],[6.6375,44.9734],[6.6343,45.1042],[7.0377,45.235],[7.1147,45.4313],[7.8462,45.4968],[8.1751,45.3004],[8.5818,45.3004],[8.5784,45.5623],[8.4145,45.6278],[8.4895,46.0865],[9.1427,46.1521],[9.3851,46.4802],[9.3833,46.6772],[9.6274,46.9401],[9.6061,47.054],[9.477,47.0639],[9.6056,47.0567],[9.5414,47.4006],[9.9519,47.6641],[9.8681,47.8619],[9.9508,47.8619],[10.1134,48.4559],[11.0266,48.7865],[11.1108,49.1838],[10.8607,49.25],[10.8609,49.3826],[11.0282,49.5152],[11.0285,49.6479],[11.2801,49.7807],[11.2807,49.9136],[11.8691,50.113],[11.8704,50.246],[12.0391,50.3125],[12.0412,50.5122],[11.9571,50.5122],[12.2955,50.6455],[12.0482,51.1124],[11.4576,51.246],[11.2893,51.3797],[11.5464,51.7142],[11.547,51.7811],[10.868,51.9151],[10.5275,51.6472],[10.2729,51.6472],[10.1035,51.4465],[8.8371,51.0457],[8.3354,50.7121],[7.6517,51.1792],[7.649,51.3128],[7.3921,51.4465],[7.3013,51.7142],[6.6146,51.9822],[6.6127,52.0492],[6.6978,52.0492],[6.948,52.2505],[7.0165,52.9227],[6.9308,52.9227],[6.6662,53.1922],[6.4945,53.1922],[6.4126,53.0574],[6.241,53.0574],[6.2452,52.9227],[6.3309,52.9227],[6.2494,52.7881],[6.076,52.8554],[5.9948,52.7208],[5.655,52.6535],[5.5597,52.9227],[5.3857,52.99],[5.3078,52.7881],[4.8854,52.6535],[4.8909,52.5191],[4.4877,51.9822],[4.4966,51.7811],[4.4116,51.7811],[4.4146,51.7142],[4.1599,51.7142],[4.218,51.5199],[4.2967,51.4705],[4.2409,51.4435],[4.3084,51.2712],[4.2254,51.3658],[4.0938,51.3128],[3.4166,51.3128],[3.4127,51.3889],[3.1248,51.3297],[2.5218,51.0875],[1.7298,50.9439],[1.5806,50.8688],[1.5632,50.6783],[1.6104,50.5482],[1.5552,50.4048],[1.6104,50.3707],[1.5415,50.2779],[1.6725,50.1925],[1.521,50.2147],[1.2212,49.979],[0.5967,49.8572],[0.2359,49.7293],[0.0766,49.535],[0.2568,49.4641],[0.4932,49.4936],[0.4573,49.4674],[-0.2195,49.2801],[-0.9404,49.3923],[-1.0723,49.3968],[-1.1229,49.3454],[-1.2508,49.4489],[-1.336,49.7035],[-1.6067,49.6501],[-1.9352,49.7241],[-1.9456,49.678],[-1.8395,49.6198],[-1.8847,49.5309],[-1.8165,49.3837],[-1.6991,49.3559],[-1.6247,49.2193],[-1.5484,49.2255],[-1.6104,49.2159],[-1.5936,49.029],[-1.508,49.0337],[-1.6029,48.8494],[-1.5536,48.7471],[-1.3566,48.6433],[-1.5918,48.6396],[-1.5083,48.522],[-1.6689,48.4559],[-1.642,48.1257],[-1.7248,48.1257],[-1.7194,48.0597],[-1.8021,48.0597],[-1.7967,47.9938],[-2.4472,47.8619],[-2.7756,47.6399],[-2.684,47.623],[-2.7202,47.5608],[-2.8334,47.5536]],[[4.2611,51.3694],[4.3685,51.3538],[4.3456,51.3523],[4.2611,51.3694]],[[3.8087,51.2053],[3.9378,51.2103],[3.927,51.2063],[3.8087,51.2053]],[[4.4533,51.4655],[4.4831,51.4743],[4.5252,51.4759],[4.4533,51.4655]],[[4.5955,49.972],[4.6475,49.9865],[4.6458,49.9845],[4.5955,49.972]],[[5.8604,51.0153],[5.8736,50.9906],[5.8746,50.9654],[5.8604,51.0153]],[[5.9585,46.212],[5.9829,46.2227],[6.0007,46.2276],[5.9585,46.212]],[[5.9942,50.7426],[5.9949,50.7499],[5.9971,50.7629],[5.9942,50.7426]],[[6.0629,46.2445],[6.0908,46.2521],[6.0897,46.2464],[6.0629,46.2445]],[[6.1149,50.1123],[6.1175,50.1205],[6.1295,50.134],[6.1149,50.1123]],[[6.1172,50.0044],[6.1619,49.9425],[6.154,49.9512],[6.1172,50.0044]],[[6.122,50.1618],[6.1232,50.1649],[6.1442,50.1681],[6.122,50.1618]],[[6.1468,50.214],[6.1572,50.2227],[6.1896,50.2427],[6.1468,50.214]],[[6.1532,50.1707],[6.1651,50.1819],[6.1591,50.1724],[6.1532,50.1707]],[[6.2494,49.4903],[6.3376,49.4581],[6.3253,49.4567],[6.2494,49.4903]],[[6.701,49.1729],[6.7221,49.158],[6.7138,49.1589],[6.701,49.1729]],[[6.7827,45.7953],[6.7863,45.8015],[6.7839,45.7882],[6.7827,45.7953]],[[6.7843,46.2008],[6.7922,46.2217],[6.8277,46.2695],[6.7843,46.2008]],[[6.8328,45.6905],[6.8623,45.6792],[6.8431,45.6827],[6.8328,45.6905]],[[6.8661,44.3721],[6.8772,44.4144],[6.8703,44.3667],[6.8661,44.3721]],[[6.8984,45.6655],[6.9634,45.6407],[6.9186,45.6526],[6.8984,45.6655]],[[6.9799,44.2461],[6.9887,44.2416],[6.9828,44.2417],[6.9799,44.2461]],[[7.0201,45.9292],[7.0349,45.9169],[7.0221,45.9253],[7.0201,45.9292]],[[7.0782,45.8884],[7.1535,45.8765],[7.0902,45.8805],[7.0782,45.8884]],[[7.3618,45.9078],[7.453,45.9459],[7.3938,45.9157],[7.3618,45.9078]],[[7.4267,47.4621],[7.4274,47.4683],[7.4293,47.4651],[7.4267,47.4621]],[[7.5726,48.095],[7.5787,48.1112],[7.5757,48.0537],[7.5726,48.095]],[[7.5802,47.5822],[7.586,47.5846],[7.6032,47.5874],[7.5802,47.5822]],[[7.5825,48.1213],[7.5857,48.1297],[7.6134,48.1792],[7.5825,48.1213]],[[7.6097,47.5647],[7.6402,47.5703],[7.6359,47.5646],[7.6097,47.5647]],[[7.7031,45.9278],[7.737,45.9242],[7.7063,45.9257],[7.7031,45.9278]],[[7.8702,45.9404],[7.8729,45.9594],[7.8807,45.9664],[7.8702,45.9404]],[[7.891,45.9755],[7.8982,45.9819],[7.9833,45.9988],[7.9787,45.9952],[7.891,45.9755]],[[7.9891,46.0033],[8.0007,46.0175],[7.9984,46.0106],[7.9891,46.0033]],[[8.5747,47.597],[8.5803,47.639],[8.5806,47.6002],[8.5747,47.597]],[[9.2732,47.6501],[9.5475,47.5345],[9.5475,47.5345],[9.2732,47.6501]],[[9.2823,46.4974],[9.331,46.5015],[9.3508,46.4979],[9.2823,46.4974]],[[9.4874,47.21],[9.5046,47.2437],[9.5171,47.2564],[9.4874,47.21]],[[9.6126,47.5219],[9.704,47.5314],[9.6767,47.5226],[9.6126,47.5219]]],[[[-2.782,47.6356],[-2.7754,47.6365],[-2.7785,47.6379],[-2.782,47.6356]]],[[[-2.1732,46.9345],[-2.1426,46.9099],[-2.1448,46.9575],[-2.1732,46.9345]]],[[[-1.2275,45.9543],[-1.2227,45.8898],[-1.1778,45.8898],[-1.2275,45.9543]]],[[[4.5581,52.3176],[4.564,52.1833],[4.7287,52.3176],[4.5581,52.3176]]],[[[12.0383,50.246],[12.1223,50.246],[12.1231,50.3125],[12.0391,50.3125],[12.0383,50.246]]]]}},{"type":"Feature","properties":{"territoryId":"cliopatria-q201706-931c6a625c","name":"Kingdom of the Gepids","name_ko":"게피드 왕국","color":"#d9b83a","colorFamily":1,"startYear":510,"endYear":545,"source_name":"Cliopatria v0.2.0","source_url":"https://github.com/Seshat-Global-History-Databank/cliopatria","license":"CC BY 4.0","attribution":"Seshat Global History Databank, Cliopatria contributors"},"geometry":{"type":"MultiPolygon","coordinates":[[[[23.5197,44.908],[23.6009,44.908],[23.6059,44.9734],[23.5247,44.9734],[23.5197,44.908]]],[[[18.7788,45.8898],[18.9259,45.5623],[19.0074,45.5623],[18.9976,45.3659],[19.2384,45.3004],[19.1406,44.9734],[19.6242,44.908],[19.9344,44.6466],[20.0965,44.6466],[20.1628,44.3854],[20.6559,44.516],[20.887,44.3201],[21.5214,44.1243],[22.0605,43.733],[22.3784,43.6678],[22.6019,43.4072],[22.8479,43.4723],[22.9518,43.7982],[23.1937,43.7982],[23.3647,43.9286],[23.3525,44.8426],[23.7888,45.235],[24.1193,45.3004],[24.4663,45.5623],[24.401,45.7588],[24.5862,46.0209],[24.9243,46.1521],[24.8595,46.3489],[24.9528,46.4802],[24.3526,47.1374],[23.9521,47.269],[23.6997,47.2032],[23.7104,47.3348],[22.969,47.3348],[22.169,47.6641],[20.5386,47.9938],[19.6926,47.6641],[19.3481,47.4006],[19.1833,47.4006],[19.0837,47.0716],[18.8337,47.0058],[18.8141,46.6115],[19.0501,46.4145],[18.873,45.9247],[18.8964,45.9295],[18.8604,45.8898],[18.7788,45.8898]],[[18.9777,45.9435],[18.9818,45.9508],[18.986,45.9311],[18.9777,45.9435]],[[18.9848,45.924],[18.9871,45.9258],[18.9875,45.9238],[18.9848,45.924]],[[20.8128,46.2688],[20.8196,46.2717],[20.8254,46.2699],[20.8128,46.2688]],[[21.1645,46.3183],[21.1687,46.3628],[21.1763,46.3727],[21.1645,46.3183]],[[22.6916,44.2285],[22.9064,44.1229],[22.6916,44.2284],[22.6916,44.2285]]],[[[24.7496,46.0209],[24.8313,46.0209],[24.8369,46.0865],[24.7552,46.0865],[24.7496,46.0209]]],[[[24.5697,45.8243],[24.6513,45.8243],[24.6568,45.8898],[24.5752,45.8898],[24.5697,45.8243]]],[[[19.5238,47.5982],[19.6063,47.5982],[19.61,47.6641],[19.5275,47.6641],[19.5238,47.5982]]]]}},{"type":"Feature","properties":{"territoryId":"cliopatria-q201706-931c6a625c","name":"Kingdom of the Gepids","name_ko":"게피드 왕국","color":"#d9b83a","colorFamily":1,"startYear":546,"endYear":554,"source_name":"Cliopatria v0.2.0","source_url":"https://github.com/Seshat-Global-History-Databank/cliopatria","license":"CC BY 4.0","attribution":"Seshat Global History Databank, Cliopatria contributors"},"geometry":{"type":"MultiPolygon","coordinates":[[[[23.5197,44.908],[23.6009,44.908],[23.6059,44.9734],[23.5247,44.9734],[23.5197,44.908]]],[[[18.7788,45.8898],[18.9259,45.5623],[19.0074,45.5623],[18.9976,45.3659],[19.2384,45.3004],[19.1406,44.9734],[19.6242,44.908],[19.9344,44.6466],[20.0965,44.6466],[20.1628,44.3854],[20.6559,44.516],[20.887,44.3201],[21.5214,44.1243],[22.0605,43.733],[22.3784,43.6678],[22.6019,43.4072],[22.8479,43.4723],[22.9518,43.7982],[23.1937,43.7982],[23.3647,43.9286],[23.3525,44.8426],[23.7888,45.235],[24.1193,45.3004],[24.4663,45.5623],[24.401,45.7588],[24.5862,46.0209],[24.9243,46.1521],[24.8595,46.3489],[24.9528,46.4802],[24.3526,47.1374],[23.9521,47.269],[23.6997,47.2032],[23.7104,47.3348],[22.969,47.3348],[22.169,47.6641],[20.5386,47.9938],[19.7751,47.6641],[19.6926,47.6641],[19.1798,47.3348],[18.9981,47.0058],[18.8337,47.0058],[18.8141,46.6115],[19.0501,46.4145],[18.873,45.9247],[18.8964,45.9295],[18.8604,45.8898],[18.7788,45.8898]],[[18.9777,45.9435],[18.9818,45.9508],[18.986,45.9311],[18.9777,45.9435]],[[18.9848,45.924],[18.9871,45.9258],[18.9875,45.9238],[18.9848,45.924]],[[20.8128,46.2688],[20.8196,46.2717],[20.8254,46.2699],[20.8128,46.2688]],[[21.1645,46.3183],[21.1687,46.3628],[21.1763,46.3727],[21.1645,46.3183]],[[22.6916,44.2285],[22.9064,44.1229],[22.6916,44.2284],[22.6916,44.2285]]],[[[24.7496,46.0209],[24.8313,46.0209],[24.8369,46.0865],[24.7552,46.0865],[24.7496,46.0209]]],[[[24.5697,45.8243],[24.6513,45.8243],[24.6568,45.8898],[24.5752,45.8898],[24.5697,45.8243]]]]}},{"type":"Feature","properties":{"territoryId":"cliopatria-q1048918-f146a65a99","name":"Kingdom of the Suebi","name_ko":"수에비 왕국","color":"#e7b87e","colorFamily":1,"startYear":476,"endYear":576,"source_name":"Cliopatria v0.2.0","source_url":"https://github.com/Seshat-Global-History-Databank/cliopatria","license":"CC BY 4.0","attribution":"Seshat Global History Databank, Cliopatria contributors"},"geometry":{"type":"Polygon","coordinates":[[[-9.3793,39.3713],[-9.3422,39.2557],[-8.9745,39.2557],[-8.9146,39.4496],[-8.7571,39.4496],[-8.4729,39.7729],[-7.9269,39.8376],[-6.8626,40.2906],[-6.8544,41.068],[-6.2542,41.4571],[-6.1303,41.8465],[-5.9028,41.9764],[-5.7844,42.4312],[-5.7044,42.4312],[-5.7342,42.7563],[-5.8143,42.7563],[-5.7643,43.0816],[-5.8568,43.2118],[-5.9372,43.2118],[-6.0486,43.5375],[-7.0121,43.5375],[-7.0446,43.4792],[-7.0312,43.5375],[-7.2711,43.5611],[-7.3435,43.6027],[-7.329,43.6308],[-7.3671,43.6801],[-7.4901,43.7253],[-7.5414,43.7316],[-7.616,43.6885],[-7.6296,43.733],[-7.7859,43.733],[-7.8192,43.6975],[-7.8676,43.6975],[-7.8584,43.6682],[-7.9086,43.6702],[-7.8465,43.7117],[-7.8579,43.733],[-7.9584,43.733],[-8.0593,43.7094],[-8.074,43.6785],[-8.0519,43.6428],[-8.0867,43.6565],[-8.2322,43.5755],[-8.3127,43.5671],[-8.2921,43.5329],[-8.3331,43.4715],[-8.1686,43.492],[-8.3052,43.4511],[-8.1754,43.4163],[-8.2096,43.3907],[-8.2102,43.3132],[-8.2672,43.3859],[-8.3307,43.4057],[-8.3536,43.3486],[-8.3883,43.3859],[-8.5584,43.3132],[-8.6931,43.2934],[-8.83,43.3412],[-8.988,43.283],[-8.9153,43.245],[-8.9325,43.2353],[-9.0115,43.2388],[-9.0524,43.1964],[-9.1379,43.2015],[-9.2176,43.1553],[-9.1077,43.1485],[-9.1898,43.1023],[-9.2176,43.1144],[-9.2702,43.0575],[-9.2247,42.9397],[-9.1345,42.9175],[-9.1412,42.8574],[-9.1003,42.8333],[-9.135,42.8128],[-9.1134,42.7661],[-9.0687,42.7597],[-9.0489,42.7947],[-8.951,42.7951],[-8.8877,42.8311],[-8.8983,42.7923],[-9.0301,42.7077],[-9.0709,42.5961],[-9.03,42.5612],[-8.9769,42.5612],[-8.9034,42.6255],[-8.8688,42.6175],[-8.8395,42.6824],[-8.785,42.6406],[-8.7309,42.6884],[-8.823,42.5695],[-8.8265,42.4619],[-8.8743,42.4693],[-8.8813,42.4966],[-8.9107,42.4891],[-8.9076,42.4605],[-8.8436,42.4037],[-8.6553,42.4414],[-8.7585,42.3565],[-8.6674,42.3099],[-8.6227,42.3475],[-8.6252,42.3019],[-8.847,42.1608],[-8.8265,42.1305],[-8.8955,42.1191],[-8.8813,41.8933],[-8.7508,41.969],[-8.8789,41.839],[-8.8803,41.7369],[-8.83,41.6946],[-8.6962,41.722],[-8.8305,41.6716],[-8.7372,41.2497],[-8.6858,41.1595],[-8.6483,41.1528],[-8.6551,40.9938],[-8.7508,40.6531],[-8.6553,40.8449],[-8.6837,40.7831],[-8.6684,40.7475],[-8.5727,40.7556],[-8.6636,40.7241],[-8.6416,40.6942],[-8.6962,40.6737],[-8.69,40.6469],[-8.7446,40.619],[-8.753,40.6408],[-8.9084,40.2007],[-8.8965,40.1647],[-8.785,40.1187],[-8.8682,40.1248],[-9.0717,39.6804],[-9.0904,39.5793],[-9.2299,39.4407],[-9.2176,39.4062],[-9.2608,39.4184],[-9.3793,39.3713]],[[-8.2236,41.913],[-8.2207,41.9227],[-8.1821,41.9654],[-8.2236,41.913]]]}},{"type":"Feature","properties":{"territoryId":"cliopatria-q268562-e0fb6c5770","name":"Kingdom of Thuringia","name_ko":"튀링겐 왕국","color":"#7ee7e4","colorFamily":6,"startYear":476,"endYear":522,"source_name":"Cliopatria v0.2.0","source_url":"https://github.com/Seshat-Global-History-Databank/cliopatria","license":"CC BY 4.0","attribution":"Seshat Global History Databank, Cliopatria contributors"},"geometry":{"type":"MultiPolygon","coordinates":[[[[12.0383,50.246],[12.1223,50.246],[12.1231,50.3125],[12.0391,50.3125],[12.0383,50.246]]],[[[9.1781,50.7121],[9.2665,50.246],[9.5204,49.98],[9.4399,49.5816],[9.6907,49.5816],[9.7751,49.4489],[10.5271,49.25],[10.8607,49.25],[10.8608,49.3163],[11.0285,49.6479],[11.2801,49.7807],[11.2807,49.9136],[11.8691,50.113],[11.8704,50.246],[12.0391,50.3125],[12.042,50.5789],[12.2955,50.6455],[12.2963,50.7121],[12.1294,50.8455],[12.0482,51.1124],[11.4576,51.246],[11.2893,51.3797],[11.5464,51.7142],[11.547,51.7811],[10.868,51.9151],[10.5275,51.6472],[10.2729,51.6472],[10.1035,51.4465],[9.4271,51.246],[9.3456,50.8455],[9.1781,50.7121]]]]}},{"type":"Feature","properties":{"territoryId":"cliopatria-q268562-e0fb6c5770","name":"Kingdom of Thuringia","name_ko":"튀링겐 왕국","color":"#7ee7e4","colorFamily":6,"startYear":523,"endYear":533,"source_name":"Cliopatria v0.2.0","source_url":"https://github.com/Seshat-Global-History-Databank/cliopatria","license":"CC BY 4.0","attribution":"Seshat Global History Databank, Cliopatria contributors"},"geometry":{"type":"MultiPolygon","coordinates":[[[[12.0383,50.246],[12.1223,50.246],[12.1231,50.3125],[12.0391,50.3125],[12.0383,50.246]]],[[[9.1781,50.7121],[9.2665,50.246],[9.5204,49.98],[9.4399,49.5816],[9.6907,49.5816],[9.7751,49.4489],[10.5271,49.25],[10.8607,49.25],[10.8608,49.3163],[11.0285,49.6479],[11.2801,49.7807],[11.2807,49.9136],[11.8691,50.113],[11.8704,50.246],[12.0391,50.3125],[12.042,50.5789],[12.2955,50.6455],[12.2963,50.7121],[12.1294,50.8455],[12.0482,51.1124],[11.4576,51.246],[11.2893,51.3797],[11.5464,51.7142],[11.547,51.7811],[10.868,51.9151],[10.5275,51.6472],[10.2729,51.6472],[10.1035,51.4465],[9.4271,51.246],[9.3456,50.8455],[9.1781,50.7121]]]]}},{"type":"Feature","properties":{"territoryId":"cliopatria-q105313-2cb413af80","name":"Kingdom of Wessex","name_ko":"웨식스 왕국","color":"#5c79e0","colorFamily":12,"startYear":534,"endYear":576,"source_name":"Cliopatria v0.2.0","source_url":"https://github.com/Seshat-Global-History-Databank/cliopatria","license":"CC BY 4.0","attribution":"Seshat Global History Databank, Cliopatria contributors"},"geometry":{"type":"MultiPolygon","coordinates":[[[[-2.2078,51.7142],[-2.1702,51.3128],[-1.8015,50.9789],[-1.7786,50.7207],[-1.693,50.7399],[-1.5612,50.719],[-1.5247,50.7611],[-1.4453,50.7664],[-1.4464,50.7788],[-1.3635,50.7948],[-1.378,50.8656],[-1.4664,50.9182],[-1.3911,50.8913],[-1.4696,51.0457],[-1.1487,51.246],[0.046,51.1124],[-0.0643,51.4465],[0.0204,51.4465],[0.0152,51.5134],[-0.0695,51.5134],[-0.0748,51.5803],[-0.5782,51.5134],[-0.7477,51.5134],[-0.8437,51.6472],[-1.2622,51.5803],[-1.3647,51.7811],[-1.7105,51.8481],[-2.2078,51.7142]]],[[[-1.4912,50.7121],[-1.4407,50.7121],[-1.442,50.7268],[-1.4912,50.7121]]]]}},{"type":"Feature","properties":{"territoryId":"cliopatria-q943191-b1c25aa11c","name":"Lakhmid Kingdom","name_ko":"라흠 왕국","color":"#d1e82c","colorFamily":1,"startYear":490,"endYear":509,"source_name":"Cliopatria v0.2.0","source_url":"https://github.com/Seshat-Global-History-Databank/cliopatria","license":"CC BY 4.0","attribution":"Seshat Global History Databank, Cliopatria contributors"},"geometry":{"type":"MultiPolygon","coordinates":[[[[42.7786,28.5724],[42.8541,28.5724],[42.86,28.6367],[42.7845,28.6367],[42.7786,28.5724]]],[[[41.9019,28.8938],[41.9775,28.8938],[41.9834,28.9581],[41.9078,28.9581],[41.9019,28.8938]]],[[[41.7567,28.9581],[41.8322,28.9581],[41.8381,29.0224],[41.7626,29.0224],[41.7567,28.9581]]],[[[39.9314,30.5007],[40.0073,30.5007],[39.983,30.2436],[40.1166,30.0508],[41.0596,29.6009],[41.1115,29.3438],[41.2688,29.4081],[41.7744,29.1509],[41.8381,29.0224],[42.1345,28.9581],[42.1982,28.8295],[42.4248,28.8295],[42.709,28.6367],[42.866,28.701],[42.9296,28.5724],[43.0805,28.5724],[42.9932,28.4438],[43.2255,28.5081],[43.2832,28.3153],[43.4399,28.3795],[43.7357,28.3153],[43.7992,28.1867],[44.0314,28.251],[44.9179,28.0581],[45.1379,27.9938],[45.1258,27.8652],[45.4332,27.9295],[45.7976,27.8009],[46.6951,27.7367],[47.6869,27.8652],[48.172,28.1867],[48.2474,28.1867],[48.213,28.5724],[47.5347,29.2795],[47.6538,29.6652],[46.6981,29.9223],[46.659,30.2436],[46.4462,30.3722],[45.7705,30.4364],[45.0844,31.0791],[45.0993,31.2076],[44.8098,31.3362],[44.8553,31.7218],[44.7336,31.9789],[43.9093,32.1074],[43.9169,32.1717],[43.6954,32.236],[43.4891,32.4288],[43.5044,32.5574],[43.3514,32.5574],[43.1526,32.8145],[42.7085,32.943],[42.5783,33.1359],[42.2103,33.2645],[42.2027,33.2002],[41.8886,33.1359],[41.6364,32.943],[41.6217,32.8145],[41.3704,32.6216],[41.1608,32.1074],[40.828,31.8503],[40.6755,31.8503],[40.7382,31.7218],[40.4134,31.529],[40.0635,31.0791],[39.9314,30.5007]],[[46.8831,29.5125],[46.9774,29.658],[46.9578,29.6204],[46.8831,29.5125]],[[47.4335,28.9947],[47.4341,28.9946],[47.4945,28.904],[47.4335,28.9947]]]]}},{"type":"Feature","properties":{"territoryId":"cliopatria-q943191-b1c25aa11c","name":"Lakhmid Kingdom","name_ko":"라흠 왕국","color":"#d1e82c","colorFamily":1,"startYear":510,"endYear":601,"source_name":"Cliopatria v0.2.0","source_url":"https://github.com/Seshat-Global-History-Databank/cliopatria","license":"CC BY 4.0","attribution":"Seshat Global History Databank, Cliopatria contributors"},"geometry":{"type":"MultiPolygon","coordinates":[[[[42.7786,28.5724],[42.8541,28.5724],[42.86,28.6367],[42.7845,28.6367],[42.7786,28.5724]]],[[[41.9019,28.8938],[41.9775,28.8938],[41.9834,28.9581],[41.9078,28.9581],[41.9019,28.8938]]],[[[41.7567,28.9581],[41.8322,28.9581],[41.8381,29.0224],[41.7626,29.0224],[41.7567,28.9581]]],[[[39.9314,30.5007],[40.0073,30.5007],[40.0468,30.1151],[41.0596,29.6009],[41.1115,29.3438],[41.2688,29.4081],[41.7744,29.1509],[41.8381,29.0224],[42.1345,28.9581],[42.1982,28.8295],[42.4248,28.8295],[42.709,28.6367],[42.866,28.701],[42.9296,28.5724],[43.0805,28.5724],[42.9932,28.4438],[43.2255,28.5081],[43.2832,28.3153],[43.4399,28.3795],[43.7357,28.3153],[43.7992,28.1867],[44.0314,28.251],[44.9179,28.0581],[45.1379,27.9938],[45.1258,27.8652],[45.4332,27.9295],[45.7976,27.8009],[46.6951,27.7367],[47.6869,27.8652],[48.172,28.1867],[48.2474,28.1867],[48.213,28.5724],[47.5347,29.2795],[47.6538,29.6652],[46.6981,29.9223],[46.659,30.2436],[46.4462,30.3722],[45.7705,30.4364],[45.0844,31.0791],[45.0993,31.2076],[44.8098,31.3362],[44.8553,31.7218],[44.7336,31.9789],[43.9093,32.1074],[43.9169,32.1717],[43.6954,32.236],[43.4891,32.4288],[43.5044,32.5574],[43.3514,32.5574],[43.1526,32.8145],[42.7085,32.943],[42.5783,33.1359],[42.2103,33.2645],[41.6364,32.943],[41.6217,32.8145],[41.3704,32.6216],[41.1608,32.1074],[40.2414,31.3362],[39.9622,30.822],[39.9314,30.5007]],[[46.8831,29.5125],[46.9774,29.658],[46.9578,29.6204],[46.8831,29.5125]],[[47.4335,28.9947],[47.4341,28.9946],[47.4945,28.904],[47.4335,28.9947]]]]}},{"type":"Feature","properties":{"territoryId":"cliopatria-q466803-33222dcc02","name":"Late Pallava Empire","name_ko":"팔라바","color":"#2c31e8","colorFamily":0,"startYear":451,"endYear":554,"source_name":"Cliopatria v0.2.0","source_url":"https://github.com/Seshat-Global-History-Databank/cliopatria","license":"CC BY 4.0","attribution":"Seshat Global History Databank, Cliopatria contributors"},"geometry":{"type":"Polygon","coordinates":[[[77.7391,14.6597],[77.9437,14.3627],[79.9162,14.1084],[80.1226,14.2048],[80.1211,14.242],[80.0466,14.2066],[80.1282,14.2565],[80.1752,14.3665],[80.1786,14.4804],[80.1082,14.7143],[80.0488,15.0722],[80.1047,15.3374],[79.6834,15.4745],[79.2287,15.9155],[78.5568,15.8656],[78.3965,15.2861],[77.8836,15.4234],[77.8041,15.3059],[77.7391,14.6597]]]}},{"type":"Feature","properties":{"territoryId":"cliopatria-q136884-3cd1a705dc","name":"Lazica","name_ko":"에그리시","color":"#b17aeb","colorFamily":4,"startYear":402,"endYear":533,"source_name":"Cliopatria v0.2.0","source_url":"https://github.com/Seshat-Global-History-Databank/cliopatria","license":"CC BY 4.0","attribution":"Seshat Global History Databank, Cliopatria contributors"},"geometry":{"type":"Polygon","coordinates":[[[39.9889,43.4723],[40.2192,43.4072],[40.4055,43.1602],[40.8173,43.1467],[41.1158,43.0165],[41.6087,42.6262],[41.5361,42.4757],[41.5584,42.3828],[41.6217,42.2834],[41.7006,42.2362],[41.6544,42.1776],[41.6641,42.114],[41.7579,42.1063],[41.7612,41.9764],[41.8153,41.9764],[41.7739,41.9052],[41.7739,41.8216],[41.7097,41.7085],[41.8392,41.6518],[41.8061,41.4571],[41.5348,41.2625],[42.2502,41.2625],[42.3631,41.4571],[42.6244,41.5869],[42.9346,42.4312],[42.7181,42.5612],[42.7536,42.7563],[42.6052,42.8213],[42.5725,43.0816],[42.4922,43.0816],[42.5041,43.1467],[42.5964,43.2118],[42.528,43.2769],[41.9536,43.2118],[40.736,43.6027],[40.1722,43.6027],[39.9889,43.4723]],[[42.5783,41.5723],[42.5852,41.5788],[42.5991,41.5805],[42.5783,41.5723]]]}},{"type":"Feature","properties":{"territoryId":"cliopatria-q136884-3cd1a705dc","name":"Lazica","name_ko":"에그리시","color":"#b17aeb","colorFamily":4,"startYear":534,"endYear":539,"source_name":"Cliopatria v0.2.0","source_url":"https://github.com/Seshat-Global-History-Databank/cliopatria","license":"CC BY 4.0","attribution":"Seshat Global History Databank, Cliopatria contributors"},"geometry":{"type":"Polygon","coordinates":[[[39.9889,43.4723],[40.2192,43.4072],[40.4055,43.1602],[40.8173,43.1467],[41.1158,43.0165],[41.6087,42.6262],[41.5361,42.4757],[41.5584,42.3828],[41.6217,42.2834],[41.7006,42.2362],[41.6544,42.1776],[41.6641,42.114],[41.7579,42.1063],[41.7612,41.9764],[41.8153,41.9764],[41.7739,41.9052],[41.7739,41.8216],[41.7097,41.7085],[41.8392,41.6518],[41.8061,41.4571],[41.5348,41.2625],[42.2502,41.2625],[42.3631,41.4571],[42.5386,41.5027],[42.5605,41.5555],[42.5393,41.5028],[42.6131,41.522],[42.9346,42.4312],[42.7181,42.5612],[42.7536,42.7563],[42.6052,42.8213],[42.5725,43.0816],[42.4922,43.0816],[42.5041,43.1467],[42.5964,43.2118],[42.528,43.2769],[41.9536,43.2118],[40.736,43.6027],[40.1722,43.6027],[39.9889,43.4723]],[[42.5783,41.5723],[42.5852,41.5788],[42.5991,41.5805],[42.5783,41.5723]]]}},{"type":"Feature","properties":{"territoryId":"cliopatria-q136884-3cd1a705dc","name":"Lazica","name_ko":"에그리시","color":"#b17aeb","colorFamily":4,"startYear":540,"endYear":545,"source_name":"Cliopatria v0.2.0","source_url":"https://github.com/Seshat-Global-History-Databank/cliopatria","license":"CC BY 4.0","attribution":"Seshat Global History Databank, Cliopatria contributors"},"geometry":{"type":"Polygon","coordinates":[[[39.9889,43.4723],[40.2192,43.4072],[40.4055,43.1602],[40.8173,43.1467],[41.1158,43.0165],[41.6087,42.6262],[41.5361,42.4757],[41.5584,42.3828],[41.6217,42.2834],[41.7006,42.2362],[41.6544,42.1776],[41.6641,42.114],[41.7579,42.1063],[41.7612,41.9764],[41.8153,41.9764],[41.7739,41.9052],[41.7739,41.8216],[41.7097,41.7085],[41.8392,41.6518],[41.8061,41.4571],[41.5348,41.2625],[42.2502,41.2625],[42.3631,41.4571],[42.5386,41.5027],[42.5605,41.5555],[42.5393,41.5028],[42.6131,41.522],[42.9346,42.4312],[42.7181,42.5612],[42.7536,42.7563],[42.6052,42.8213],[42.5725,43.0816],[42.4922,43.0816],[42.5041,43.1467],[42.5964,43.2118],[42.528,43.2769],[41.9536,43.2118],[40.736,43.6027],[40.1722,43.6027],[39.9889,43.4723]],[[42.5783,41.5723],[42.5852,41.5788],[42.5991,41.5805],[42.5783,41.5723]]]}},{"type":"Feature","properties":{"territoryId":"cliopatria-q783489-40987f6517","name":"Liang Dynasty","name_ko":"후량","color":"#4c3ad9","colorFamily":0,"startYear":510,"endYear":533,"source_name":"Cliopatria v0.2.0","source_url":"https://github.com/Seshat-Global-History-Databank/cliopatria","license":"CC BY 4.0","attribution":"Seshat Global History Databank, Cliopatria contributors"},"geometry":{"type":"MultiPolygon","coordinates":[[[[108.6586,18.8016],[108.7107,18.4997],[109.136,18.3612],[109.1796,18.2932],[109.7249,18.2219],[109.7393,18.2587],[109.6704,18.273],[109.7318,18.273],[109.7461,18.3959],[110.0739,18.4363],[110.0342,18.5119],[110.0881,18.5043],[110.2708,18.6682],[110.4035,18.7038],[110.3352,18.6733],[110.4035,18.6628],[110.469,18.7772],[110.5344,18.7856],[110.5034,18.8819],[110.4928,18.7931],[110.4315,18.8215],[110.5134,18.9064],[110.5823,19.1501],[110.5549,19.0873],[110.4792,19.1693],[110.5803,19.1552],[110.6697,19.3817],[110.7962,19.4846],[110.7944,19.6013],[110.8477,19.6225],[110.8218,19.5678],[110.8765,19.5398],[111.0347,19.6422],[110.9346,19.9951],[110.7883,20.0104],[110.6706,20.1505],[110.6056,20.1076],[110.6058,19.9232],[110.5276,20.0202],[110.3766,20.0538],[110.4109,19.9234],[110.3447,20.0581],[110.157,20.0674],[110.0682,19.9848],[110.1496,20.0066],[110.1227,19.9743],[109.9901,19.906],[109.9426,19.9909],[109.8355,19.9309],[109.8159,19.9912],[109.7181,19.9575],[109.719,20.0106],[109.527,19.9514],[109.5202,19.8825],[109.5817,19.8557],[109.465,19.8341],[109.3114,19.9195],[109.2551,19.8983],[109.2111,19.7497],[109.3074,19.7869],[109.3074,19.7111],[109.2112,19.7248],[108.9448,19.492],[108.7042,19.3779],[108.6586,18.8016]]],[[[109.9686,18.3936],[110.0045,18.4082],[109.9686,18.4055],[109.9686,18.3936]]],[[[100.8811,29.0867],[101.022,28.7652],[100.9547,28.5081],[101.0302,28.5081],[100.9641,28.251],[101.0395,28.251],[100.9153,28.0581],[101.0499,27.9938],[101.0143,27.5438],[101.0896,27.5438],[101.1965,26.3865],[101.3981,25.9365],[101.4623,25.165],[101.8109,24.2649],[102.0855,24.1363],[102.3249,23.8149],[102.4742,23.8149],[102.8521,23.4291],[103.4256,23.3006],[104.9046,23.2363],[104.9561,23.1077],[105.3634,23.3006],[105.6896,23.0434],[105.5063,22.8506],[105.2084,22.8506],[105.2379,22.5934],[104.874,22.2077],[105.128,21.9505],[105.0956,21.7577],[104.9255,21.6291],[104.9785,21.5005],[104.8513,21.1791],[105.0956,20.8577],[104.873,20.8577],[104.9053,20.6005],[104.6191,20.6648],[104.4396,20.472],[104.9806,20.1505],[104.8648,19.8934],[104.9921,19.7648],[104.94,19.4434],[105.014,19.4434],[105.0152,18.9934],[105.1423,18.8648],[105.0373,18.6719],[105.1851,18.6719],[105.1438,18.4148],[106.4163,17.129],[106.3962,17.0005],[106.5437,17.0005],[106.5337,16.9362],[106.9146,17.2284],[106.6346,17.4704],[106.5044,17.6828],[106.4087,17.6828],[106.3831,17.7192],[106.4292,17.7311],[106.2852,17.7721],[106.4981,17.7106],[106.436,17.882],[106.5247,17.9496],[106.4348,18.1235],[106.3467,18.0595],[106.2708,18.2041],[106.0934,18.2587],[105.8792,18.5109],[105.7644,18.759],[105.7507,18.6628],[105.752,18.7863],[105.6133,18.9855],[105.6438,19.0654],[105.7371,19.1085],[105.7434,19.2319],[105.8088,19.2802],[105.7909,19.6035],[105.9233,19.7668],[105.8674,19.7732],[105.9289,19.7936],[105.9556,19.9255],[106.0252,19.9992],[106.0835,19.965],[106.1071,20.0333],[106.1071,19.965],[106.176,19.9923],[106.3807,20.212],[106.5635,20.231],[106.4981,20.3083],[106.5762,20.2697],[106.5942,20.4482],[106.5186,20.4373],[106.5799,20.5472],[106.5186,20.541],[106.6248,20.5946],[106.5868,20.6633],[106.6375,20.6281],[106.7031,20.6597],[106.6626,20.698],[106.8059,20.6776],[106.7,20.8828],[106.7551,20.9385],[106.6421,21.0202],[106.7981,21.0248],[106.8206,20.976],[106.7725,20.9574],[106.8679,20.8827],[106.8743,20.9376],[106.9431,20.9103],[106.8538,20.9923],[107.001,20.9511],[107.0256,21.0338],[107.0462,20.9997],[107.1492,21.0406],[107.0661,20.9587],[107.1956,20.955],[107.3743,21.0276],[107.3606,21.2392],[107.4431,21.2877],[107.4153,21.3287],[107.5266,21.2988],[107.5223,21.3485],[107.5906,21.2939],[107.635,21.3832],[107.7864,21.4584],[107.7669,21.5202],[107.9097,21.5265],[107.9167,21.4575],[108.0806,21.4857],[107.9912,21.5484],[108.1764,21.5758],[108.2383,21.6439],[108.2256,21.5094],[108.314,21.5819],[108.3413,21.7258],[108.471,21.6713],[108.3897,21.5751],[108.471,21.562],[108.5654,21.6785],[108.5188,21.6713],[108.5331,21.7191],[108.5051,21.6713],[108.4635,21.7402],[108.5051,21.7879],[108.4487,21.8658],[108.4778,21.945],[108.4631,21.863],[108.553,21.9518],[108.5603,21.8955],[108.6355,21.8903],[108.5714,21.8128],[108.5945,21.7402],[108.677,21.8153],[108.6492,21.7333],[108.7249,21.7464],[108.7127,21.6884],[108.8371,21.666],[108.7796,21.7258],[108.8347,21.7258],[108.8326,21.7838],[108.7796,21.8153],[108.8614,21.8153],[108.8695,21.7538],[108.9241,21.7668],[108.8655,21.7397],[108.8695,21.6713],[109.1358,21.603],[109.1387,21.4016],[109.2146,21.4174],[109.2388,21.4857],[109.245,21.4316],[109.5308,21.4916],[109.5728,21.5817],[109.4647,21.6645],[109.521,21.6658],[109.4927,21.6986],[109.5677,21.76],[109.608,21.5751],[109.677,21.6234],[109.6497,21.5205],[109.7698,21.4936],[109.7732,21.5819],[109.8312,21.4759],[109.9444,21.4931],[109.9241,21.3628],[109.8466,21.3582],[109.696,20.8577],[109.7702,20.8577],[109.7869,20.6911],[109.8604,20.7155],[109.7806,20.685],[109.8211,20.5546],[109.8482,20.5956],[109.8227,20.5207],[109.9232,20.451],[109.9309,20.5063],[110.0155,20.4184],[109.9824,20.3515],[109.9174,20.4171],[109.9172,20.2393],[110.0379,20.3017],[110.1275,20.248],[110.2939,20.2585],[110.4068,20.3052],[110.5342,20.4783],[110.4789,20.5677],[110.3008,20.6571],[110.3418,20.8215],[110.3565,20.7323],[110.4094,20.751],[110.369,20.8489],[110.1567,20.8489],[110.1431,20.9923],[110.1956,21.0713],[110.2188,21.0276],[110.3994,21.1766],[110.3281,21.3355],[110.3895,21.3287],[110.3585,21.4357],[110.4373,21.3975],[110.4339,21.3088],[110.4863,21.3355],[110.4448,21.3076],[110.4789,21.2734],[110.4243,21.2877],[110.4312,21.1915],[110.6365,21.2302],[110.6356,21.381],[110.76,21.4447],[110.6365,21.3703],[110.6433,21.3218],[110.6776,21.3485],[110.6509,21.2604],[110.7682,21.3975],[110.8699,21.3832],[111.0686,21.4726],[110.9797,21.4447],[111.0276,21.5409],[111.1436,21.4658],[111.2263,21.4993],[111.158,21.5136],[111.1924,21.5312],[111.3108,21.4671],[111.4043,21.5267],[111.3628,21.5412],[111.438,21.5341],[111.4322,21.603],[111.4761,21.5136],[111.5956,21.5341],[111.5819,21.5819],[111.6305,21.5299],[111.7796,21.6754],[111.6781,21.7812],[111.8351,21.7668],[111.8325,21.7233],[112.0003,21.7743],[111.9041,21.8153],[111.8904,21.9251],[111.9692,21.824],[112.0413,21.8842],[112.0282,21.7973],[112.1926,21.8432],[112.1824,21.753],[112.2902,21.7101],[112.4021,21.8014],[112.3565,21.9797],[112.3975,22.0685],[112.3906,21.9555],[112.4937,21.9661],[112.4111,21.9012],[112.426,21.8452],[112.5509,21.7729],[112.826,21.9661],[112.8752,21.8863],[112.9665,21.8863],[113.0851,22.2076],[113.1164,22.076],[113.2306,22.0432],[113.3027,22.1833],[113.402,22.1796],[113.1602,22.4876],[113.1653,22.5756],[113.4837,22.1551],[113.5877,22.2379],[113.6104,22.3702],[113.5464,22.4376],[113.5992,22.5752],[113.3775,22.7674],[113.4942,22.7748],[113.3504,22.8897],[113.213,22.9045],[113.484,22.9243],[113.5023,23.0204],[113.4175,23.097],[113.5091,23.0622],[113.7031,23.1578],[113.8301,23.1175],[113.7202,23.1379],[113.5364,23.0631],[113.5762,22.9387],[113.6172,23.0349],[113.5967,22.9182],[113.6382,23.0349],[113.5923,22.8891],[113.6536,22.7587],[113.7581,22.7534],[113.8695,22.5034],[114.0915,22.5344],[113.9808,22.4695],[113.9969,22.3606],[114.1048,22.3699],[114.1719,22.2887],[114.2555,22.3223],[114.2967,22.2583],[114.2584,22.3621],[114.3186,22.3894],[114.3576,22.3324],[114.3997,22.4361],[114.3476,22.4229],[114.3237,22.48],[114.2093,22.3987],[114.1675,22.4481],[114.3351,22.5064],[114.2093,22.5237],[114.2298,22.5558],[114.3958,22.6135],[114.5158,22.4526],[114.6049,22.5327],[114.4954,22.562],[114.5903,22.6439],[114.5066,22.6465],[114.5221,22.706],[114.6955,22.7926],[114.817,22.8004],[114.742,22.7327],[114.7438,22.6094],[114.8658,22.6017],[114.896,22.5475],[114.9666,22.6765],[114.8625,22.7632],[114.9853,22.6893],[115.0655,22.796],[115.1803,22.7848],[115.3038,22.903],[115.3202,22.8505],[115.2334,22.7882],[115.4112,22.7883],[115.3385,22.7331],[115.3735,22.6942],[115.5752,22.6683],[115.5901,22.7372],[115.5556,22.7144],[115.527,22.767],[115.6121,22.8636],[115.468,22.8493],[115.483,22.9018],[115.406,22.925],[115.5476,22.8954],[115.5606,22.8493],[115.7303,22.9342],[115.697,22.8507],[115.8075,22.8033],[116.0762,22.8679],[116.0421,22.9329],[116.1237,22.8947],[116.0865,22.8458],[116.1537,22.856],[116.2815,22.9579],[116.2136,22.9828],[116.4947,22.9394],[116.6045,23.2096],[116.5089,23.2341],[116.6115,23.2387],[116.6511,23.172],[116.7151,23.2438],[116.6672,23.2813],[116.8035,23.2346],[116.7486,23.3263],[116.573,23.3237],[116.5232,23.4185],[116.7732,23.3494],[116.9165,23.6627],[116.9507,23.6109],[117.0684,23.6513],[117.0842,23.5506],[117.2192,23.6296],[117.2295,23.6928],[117.239,23.6055],[117.2774,23.7822],[117.4343,23.7759],[117.4901,23.8326],[117.4166,23.9468],[117.5711,23.9033],[117.626,23.8149],[117.7088,24.0355],[117.6671,24.0627],[117.7633,24.0703],[117.7981,24.0218],[117.76,23.9716],[117.8952,24.0696],[117.9073,24.1863],[117.9436,24.2126],[117.9788,24.1621],[118.0867,24.2497],[118.0906,24.3415],[118.0159,24.3269],[118.043,24.4067],[117.9073,24.3849],[117.7913,24.4675],[118.0217,24.4457],[118.0581,24.5159],[117.9749,24.5527],[118.0374,24.5606],[118.0444,24.6177],[118.1104,24.5841],[118.1605,24.6934],[118.219,24.5414],[118.4048,24.6066],[118.4312,24.6997],[118.4281,24.6313],[118.6471,24.5746],[118.6421,24.6787],[118.763,24.7627],[118.7018,24.81],[118.638,24.7721],[118.572,24.8852],[118.6712,24.8747],[118.6677,24.9534],[118.7295,24.9005],[118.7161,24.8436],[118.9229,24.8959],[118.9116,24.9534],[119.009,24.9473],[119.0042,25.0502],[118.9537,25.003],[118.8491,25.0738],[118.943,25.1088],[118.9746,25.1826],[118.8756,25.2438],[119.0273,25.2782],[118.9693,25.2264],[119.0689,25.2167],[119.0291,25.1405],[119.0929,25.1136],[119.1531,25.1397],[119.1161,25.2138],[119.2813,25.1794],[119.2725,25.2318],[119.3475,25.2678],[119.243,25.3302],[119.2013,25.2597],[119.2034,25.3581],[119.1732,25.3251],[119.1025,25.4203],[119.2378,25.4818],[119.3052,25.6046],[119.3809,25.5909],[119.3565,25.5269],[119.4491,25.5053],[119.447,25.4388],[119.5073,25.4744],[119.4832,25.3712],[119.5477,25.3838],[119.5386,25.4612],[119.5882,25.3966],[119.64,25.413],[119.5726,25.4879],[119.5794,25.5847],[119.4924,25.5648],[119.4491,25.6872],[119.5719,25.6802],[119.6209,25.7603],[119.5664,25.8721],[119.5999,25.8442],[119.6954,26.0026],[119.5191,26.0445],[119.3298,25.9443],[119.2468,25.9672],[119.1952,26.0876],[119.0935,26.1458],[119.4585,25.9825],[119.6682,26.2215],[119.6543,26.2724],[119.9253,26.3474],[119.8258,26.4269],[119.6819,26.3171],[119.6484,26.4374],[119.5664,26.4549],[119.6537,26.498],[119.7918,26.4133],[119.7849,26.5778],[119.6751,26.6188],[119.5999,26.5704],[119.5411,26.6563],[119.5999,26.6461],[119.606,26.6945],[119.5521,26.7491],[119.606,26.7969],[119.7249,26.6978],[119.6858,26.812],[119.7562,26.7377],[119.782,26.8285],[119.8463,26.8522],[119.7974,26.8164],[119.8401,26.79],[119.7918,26.6877],[119.8292,26.715],[119.9016,26.6597],[119.9251,26.7922],[120.0673,26.7965],[120.032,26.8999],[120.2374,26.9272],[120.1487,26.9819],[120.2552,26.9971],[120.2163,27.0371],[120.2783,27.0638],[120.2437,27.1327],[120.3618,27.1009],[120.4076,27.158],[120.3473,27.1805],[120.3473,27.2426],[120.1824,27.2169],[120.1958,27.2978],[120.3119,27.3177],[120.3031,27.2423],[120.4292,27.1737],[120.4217,27.2221],[120.5178,27.2016],[120.5493,27.321],[120.5049,27.345],[120.5459,27.4033],[120.6353,27.3797],[120.682,27.4816],[120.5966,27.5703],[120.6756,27.6597],[120.6353,27.7633],[120.7077,27.7134],[120.8408,27.9487],[120.589,28.0267],[120.5596,28.1128],[120.606,28.0422],[120.8803,27.9986],[120.9969,28.0425],[121.0689,28.1569],[121.1081,28.2834],[121.025,28.3046],[121.1138,28.3017],[121.169,28.3848],[121.2647,28.366],[121.2031,28.3319],[121.2672,28.2164],[121.4132,28.2546],[121.4731,28.3306],[121.6398,28.3137],[121.6077,28.4772],[121.5116,28.4895],[121.5816,28.5047],[121.5101,28.6571],[121.2584,28.6751],[121.2993,28.7229],[121.1423,28.8459],[121.3512,28.7119],[121.6214,28.7359],[121.6699,28.8253],[121.4978,28.9497],[121.7178,28.9488],[121.6419,29.0513],[121.5321,29.0205],[121.6214,29.1133],[121.4017,29.1065],[121.5561,29.2729],[121.5851,29.479],[121.4849,29.3905],[121.5049,29.4838],[121.4426,29.4154],[121.4434,29.5242],[121.6873,29.5626],[122.0074,29.8874],[121.7219,29.9605],[121.4054,30.3079],[121.1328,30.3079],[120.8088,30.1151],[120.6944,30.1721],[120.6463,30.1269],[120.7922,30.0661],[120.6318,30.1224],[120.7314,30.2338],[120.6216,30.3726],[120.4505,30.3689],[120.3847,30.2496],[120.2744,30.2776],[120.1471,30.1989],[120.2579,30.2981],[120.379,30.2735],[120.4791,30.4035],[120.6981,30.394],[120.7883,30.2938],[120.9981,30.5579],[121.5192,30.822],[121.9131,30.859],[121.9551,30.9713],[121.7252,31.2816],[121.3203,31.5048],[121.1444,31.6847],[120.7315,31.8139],[120.7171,31.8611],[120.8248,31.8287],[120.7504,31.9783],[120.4695,32.0251],[120.23,31.9089],[120.0064,31.9503],[119.7725,32.1268],[119.7886,32.1986],[119.6904,32.2353],[119.606,32.1969],[119.6854,32.2924],[119.6129,32.3546],[119.8421,32.2991],[119.992,32.0159],[120.1314,31.9432],[120.2671,31.9487],[120.4908,32.0825],[120.6344,32.077],[120.8108,32.0226],[120.9407,31.8482],[121.1641,31.8265],[121.2864,31.8906],[121.8173,31.6909],[121.9173,31.7616],[121.7986,31.9705],[121.4434,32.1143],[121.3608,32.2316],[121.4193,32.2503],[121.3894,32.3849],[121.1008,32.498],[120.8303,32.6977],[120.9048,32.8126],[120.8958,33.0136],[120.8259,33.0302],[120.807,33.1378],[120.7302,33.2049],[120.7503,33.2696],[120.6672,33.3251],[120.6344,33.4669],[120.4837,33.65],[120.5049,33.7356],[120.3997,33.8693],[120.2571,34.3118],[119.6477,34.5338],[119.4422,34.746],[119.3421,34.7774],[119.2034,34.7119],[119.1909,34.7691],[118.8019,34.3577],[118.0466,33.8432],[116.8643,33.3931],[116.225,33.3288],[116.0204,33.2002],[114.0791,33.1359],[113.7996,33.0073],[113.7749,32.943],[111.6166,32.4931],[111.2405,32.3002],[110.1709,32.3002],[109.9115,32.4288],[109.8814,32.5574],[109.4991,32.5574],[109.4691,32.6859],[109.3161,32.6859],[109.1566,32.8788],[108.2379,32.8788],[108.1016,33.1359],[107.8783,32.943],[107.6485,32.943],[107.6652,33.2002],[107.4822,33.3288],[106.7453,33.2002],[106.5619,33.3288],[105.9483,33.3288],[105.703,33.0716],[105.1667,33.0716],[104.6984,33.2645],[103.21,33.3931],[102.5516,33.2645],[101.6869,32.7502],[100.9792,31.0148],[101.0553,31.0148],[100.8854,29.9223],[100.9612,29.9223],[100.8886,29.6652],[100.9643,29.6652],[100.8811,29.0867]],[[114.2298,22.5558],[114.183,22.5562],[114.179,22.5593],[114.2298,22.5558]],[[107.6804,21.6222],[107.7448,21.6575],[107.6903,21.6247],[107.6804,21.6222]],[[107.7986,21.6497],[107.8116,21.6478],[107.8324,21.6394],[107.7986,21.6497]],[[114.1487,22.5381],[114.162,22.5605],[114.1695,22.56],[114.1487,22.5381]]],[[[106.7656,20.8768],[106.8865,20.7961],[106.8246,20.9152],[106.7656,20.8768]]],[[[106.9099,20.8185],[106.9173,20.8113],[106.9303,20.8438],[106.9129,20.8369],[106.9099,20.8185]]],[[[107.3729,21.0596],[107.6062,21.2174],[107.5327,21.1989],[107.4553,21.2757],[107.3729,21.0596]]],[[[110.2459,20.986],[110.4322,21.0058],[110.4572,21.06],[110.2874,21.0744],[110.3352,21.0686],[110.2731,21.0611],[110.2459,20.986]]],[[[110.4177,20.6548],[110.4358,20.6385],[110.4573,20.5869],[110.4758,20.5959],[110.4714,20.6474],[110.437,20.6679],[110.4177,20.6548]]],[[[110.4177,21.1785],[110.42,21.1785],[110.4194,21.1791],[110.5587,21.1791],[110.5686,21.1915],[110.5432,21.2042],[110.4929,21.1839],[110.4634,21.1907],[110.4963,21.1952],[110.4998,21.2063],[110.4622,21.2051],[110.4177,21.1785]]],[[[110.5739,21.1791],[110.6006,21.1791],[110.617,21.1915],[110.617,21.1989],[110.594,21.2028],[110.5739,21.1791]]],[[[113.2642,22.1049],[113.3136,22.0764],[113.3648,22.1579],[113.2642,22.1049]]],[[[113.3094,22.0241],[113.3186,22.0162],[113.3689,22.0821],[113.3436,22.0685],[113.3094,22.0241]]],[[[113.3962,22.8981],[113.5946,22.7561],[113.4756,22.9007],[113.3962,22.8981]]],[[[113.4765,22.7195],[113.6418,22.6016],[113.5595,22.735],[113.4765,22.7195]]],[[[113.5058,22.9516],[113.51,22.9212],[113.545,22.88],[113.5535,22.8858],[113.5536,22.9113],[113.5292,22.9604],[113.5154,22.9692],[113.5058,22.9516]]],[[[113.5202,22.1849],[113.5247,22.1737],[113.5571,22.2025],[113.5492,22.1997],[113.5538,22.2115],[113.5365,22.2171],[113.5243,22.2126],[113.5352,22.2075],[113.5202,22.1849]]],[[[113.5322,22.1526],[113.54,22.1434],[113.5616,22.1434],[113.5741,22.1608],[113.5586,22.163],[113.5344,22.1612],[113.5322,22.1526]]],[[[113.6104,22.4133],[113.6212,22.3914],[113.6423,22.4002],[113.6424,22.4114],[113.6578,22.4238],[113.6496,22.4386],[113.6234,22.4399],[113.6118,22.4305],[113.6104,22.4133]]],[[[113.9972,22.317],[114.0189,22.2646],[114.0549,22.3363],[113.9972,22.317]]],[[[113.9975,22.265],[113.9976,22.245],[114.0073,22.2521],[113.9975,22.265]]],[[[113.9977,22.2379],[113.9978,22.2151],[114.0002,22.2161],[114.015,22.2271],[113.9977,22.2379]]],[[[114.1043,22.216],[114.1141,22.2161],[114.1108,22.1771],[114.1374,22.1788],[114.1454,22.1787],[114.1391,22.1911],[114.1546,22.2036],[114.1257,22.2052],[114.1328,22.2161],[114.1257,22.2134],[114.1067,22.2358],[114.1043,22.216]]],[[[114.1126,22.2715],[114.2561,22.2036],[114.2156,22.2856],[114.1126,22.2715]]],[[[116.9543,23.5441],[116.9953,23.5348],[117.0093,23.555],[116.9956,23.5635],[116.9543,23.5441]]],[[[117.3405,23.689],[117.3561,23.6892],[117.4185,23.758],[117.4136,23.7717],[117.3727,23.7667],[117.3767,23.7289],[117.3405,23.689]]],[[[118.07,24.4603],[118.1271,24.4312],[118.1814,24.5351],[118.0925,24.5562],[118.07,24.4603]]],[[[119.2092,26.0986],[119.2576,26.0015],[119.405,25.9779],[119.2092,26.0986]]],[[[119.2829,25.4864],[119.3354,25.4864],[119.3465,25.5667],[119.2829,25.4864]]],[[[119.2835,25.4751],[119.2969,25.4229],[119.3222,25.4329],[119.2835,25.4751]]],[[[119.554,26.0956],[119.6441,26.0784],[119.5925,26.1257],[119.554,26.0956]]],[[[119.6685,25.4879],[119.71,25.4879],[119.7,25.4319],[119.8407,25.4765],[119.7988,25.5158],[119.8745,25.5568],[119.7078,25.615],[119.7162,25.5363],[119.7783,25.522],[119.6685,25.4879]]],[[[119.7162,32.2726],[119.8193,32.2038],[119.792,32.1218],[119.9019,32.0734],[119.8143,32.2756],[119.7162,32.2726]]],[[[119.8326,26.5505],[119.886,26.5244],[119.96,26.6113],[120.1344,26.6461],[120.1021,26.6892],[120.1428,26.7328],[120.0625,26.7723],[119.8326,26.5505]]],[[[120.9419,31.8421],[120.9506,31.8252],[120.9778,31.8144],[121.0114,31.8171],[120.9419,31.8421]]],[[[121.2081,28.201],[121.257,28.2138],[121.2564,28.2148],[121.2306,28.2197],[121.2109,28.209],[121.2081,28.201]]],[[[121.212,31.8219],[121.4047,31.8032],[121.3861,31.8117],[121.3226,31.8293],[121.2641,31.8411],[121.2193,31.8295],[121.212,31.8219]]],[[[121.2202,31.7418],[121.4685,31.5894],[121.4544,31.6575],[121.2202,31.7418]]],[[[121.5735,31.529],[121.6292,31.5179],[121.6335,31.529],[121.5735,31.529]]],[[[121.5845,31.4414],[121.5968,31.4332],[121.6004,31.4425],[121.5845,31.4414]]],[[[121.6461,31.4005],[121.78,31.3252],[121.7206,31.4005],[121.6461,31.4005]]],[[[121.67,29.5125],[121.7623,29.4836],[121.764,29.5308],[121.67,29.5125]]],[[[121.7116,29.2152],[121.7743,29.2539],[121.7595,29.357],[121.7116,29.2152]]],[[[121.745,29.5447],[121.8474,29.5242],[121.7608,29.361],[121.8406,29.3188],[121.7903,29.2152],[121.9384,29.2152],[121.9104,29.5246],[121.9712,29.5933],[121.9158,29.6409],[121.745,29.5447]]],[[[121.9336,29.9213],[121.9461,29.904],[121.9741,29.8998],[121.9924,29.9083],[121.9935,29.9188],[121.9771,29.9388],[121.952,29.9467],[121.9409,29.9377],[121.9336,29.9213]]],[[[121.9946,30.0372],[122.0191,29.9972],[122.2798,29.9865],[122.2768,30.0676],[122.1033,30.1437],[122.0321,30.143],[121.9946,30.0372]]]]}},{"type":"Feature","properties":{"territoryId":"cliopatria-q783489-40987f6517","name":"Liang Dynasty","name_ko":"후량","color":"#4c3ad9","colorFamily":0,"startYear":534,"endYear":535,"source_name":"Cliopatria v0.2.0","source_url":"https://github.com/Seshat-Global-History-Databank/cliopatria","license":"CC BY 4.0","attribution":"Seshat Global History Databank, Cliopatria contributors"},"geometry":{"type":"MultiPolygon","coordinates":[[[[108.6586,18.8016],[108.7107,18.4997],[109.136,18.3612],[109.1796,18.2932],[109.7249,18.2219],[109.7393,18.2587],[109.6704,18.273],[109.7318,18.273],[109.7461,18.3959],[110.0739,18.4363],[110.0342,18.5119],[110.0881,18.5043],[110.2708,18.6682],[110.4035,18.7038],[110.3352,18.6733],[110.4035,18.6628],[110.469,18.7772],[110.5344,18.7856],[110.5034,18.8819],[110.4928,18.7931],[110.4315,18.8215],[110.5134,18.9064],[110.5823,19.1501],[110.5549,19.0873],[110.4792,19.1693],[110.5803,19.1552],[110.6697,19.3817],[110.7962,19.4846],[110.7944,19.6013],[110.8477,19.6225],[110.8218,19.5678],[110.8765,19.5398],[111.0347,19.6422],[110.9346,19.9951],[110.7883,20.0104],[110.6706,20.1505],[110.6056,20.1076],[110.6058,19.9232],[110.5276,20.0202],[110.3766,20.0538],[110.4109,19.9234],[110.3447,20.0581],[110.157,20.0674],[110.0682,19.9848],[110.1496,20.0066],[110.1227,19.9743],[109.9901,19.906],[109.9426,19.9909],[109.8355,19.9309],[109.8159,19.9912],[109.7181,19.9575],[109.719,20.0106],[109.527,19.9514],[109.5202,19.8825],[109.5817,19.8557],[109.465,19.8341],[109.3114,19.9195],[109.2551,19.8983],[109.2111,19.7497],[109.3074,19.7869],[109.3074,19.7111],[109.2112,19.7248],[108.9448,19.492],[108.7042,19.3779],[108.6586,18.8016]]],[[[109.9686,18.3936],[110.0045,18.4082],[109.9686,18.4055],[109.9686,18.3936]]],[[[100.8811,29.0867],[101.022,28.7652],[100.9547,28.5081],[101.0302,28.5081],[100.9641,28.251],[101.0395,28.251],[100.9153,28.0581],[101.0499,27.9938],[101.0143,27.5438],[101.0896,27.5438],[101.1965,26.3865],[101.3981,25.9365],[101.4623,25.165],[101.8109,24.2649],[102.0855,24.1363],[102.3249,23.8149],[102.4742,23.8149],[102.8521,23.4291],[103.4256,23.3006],[104.9046,23.2363],[104.9561,23.1077],[105.3634,23.3006],[105.6896,23.0434],[105.5063,22.8506],[105.2084,22.8506],[105.2379,22.5934],[104.874,22.2077],[105.128,21.9505],[105.0956,21.7577],[104.9255,21.6291],[104.9785,21.5005],[104.8513,21.1791],[105.0956,20.8577],[104.873,20.8577],[104.9053,20.6005],[104.6191,20.6648],[104.4396,20.472],[104.9806,20.1505],[104.8648,19.8934],[104.9921,19.7648],[104.94,19.4434],[105.014,19.4434],[105.0152,18.9934],[105.1423,18.8648],[105.0373,18.6719],[105.1851,18.6719],[105.1438,18.4148],[106.4163,17.129],[106.3962,17.0005],[106.5437,17.0005],[106.5337,16.9362],[106.9146,17.2284],[106.6346,17.4704],[106.5044,17.6828],[106.4087,17.6828],[106.3831,17.7192],[106.4292,17.7311],[106.2852,17.7721],[106.4981,17.7106],[106.436,17.882],[106.5247,17.9496],[106.4348,18.1235],[106.3467,18.0595],[106.2708,18.2041],[106.0934,18.2587],[105.8792,18.5109],[105.7644,18.759],[105.7507,18.6628],[105.752,18.7863],[105.6133,18.9855],[105.6438,19.0654],[105.7371,19.1085],[105.7434,19.2319],[105.8088,19.2802],[105.7909,19.6035],[105.9233,19.7668],[105.8674,19.7732],[105.9289,19.7936],[105.9556,19.9255],[106.0252,19.9992],[106.0835,19.965],[106.1071,20.0333],[106.1071,19.965],[106.176,19.9923],[106.3807,20.212],[106.5635,20.231],[106.4981,20.3083],[106.5762,20.2697],[106.5942,20.4482],[106.5186,20.4373],[106.5799,20.5472],[106.5186,20.541],[106.6248,20.5946],[106.5868,20.6633],[106.6375,20.6281],[106.7031,20.6597],[106.6626,20.698],[106.8059,20.6776],[106.7,20.8828],[106.7551,20.9385],[106.6421,21.0202],[106.7981,21.0248],[106.8206,20.976],[106.7725,20.9574],[106.8679,20.8827],[106.8743,20.9376],[106.9431,20.9103],[106.8538,20.9923],[107.001,20.9511],[107.0256,21.0338],[107.0462,20.9997],[107.1492,21.0406],[107.0661,20.9587],[107.1956,20.955],[107.3743,21.0276],[107.3606,21.2392],[107.4431,21.2877],[107.4153,21.3287],[107.5266,21.2988],[107.5223,21.3485],[107.5906,21.2939],[107.635,21.3832],[107.7864,21.4584],[107.7669,21.5202],[107.9097,21.5265],[107.9167,21.4575],[108.0806,21.4857],[107.9912,21.5484],[108.1764,21.5758],[108.2383,21.6439],[108.2256,21.5094],[108.314,21.5819],[108.3413,21.7258],[108.471,21.6713],[108.3897,21.5751],[108.471,21.562],[108.5654,21.6785],[108.5188,21.6713],[108.5331,21.7191],[108.5051,21.6713],[108.4635,21.7402],[108.5051,21.7879],[108.4487,21.8658],[108.4778,21.945],[108.4631,21.863],[108.553,21.9518],[108.5603,21.8955],[108.6355,21.8903],[108.5714,21.8128],[108.5945,21.7402],[108.677,21.8153],[108.6492,21.7333],[108.7249,21.7464],[108.7127,21.6884],[108.8371,21.666],[108.7796,21.7258],[108.8347,21.7258],[108.8326,21.7838],[108.7796,21.8153],[108.8614,21.8153],[108.8695,21.7538],[108.9241,21.7668],[108.8655,21.7397],[108.8695,21.6713],[109.1358,21.603],[109.1387,21.4016],[109.2146,21.4174],[109.2388,21.4857],[109.245,21.4316],[109.5308,21.4916],[109.5728,21.5817],[109.4647,21.6645],[109.521,21.6658],[109.4927,21.6986],[109.5677,21.76],[109.608,21.5751],[109.677,21.6234],[109.6497,21.5205],[109.7698,21.4936],[109.7732,21.5819],[109.8312,21.4759],[109.9444,21.4931],[109.9241,21.3628],[109.8466,21.3582],[109.696,20.8577],[109.7702,20.8577],[109.7869,20.6911],[109.8604,20.7155],[109.7806,20.685],[109.8211,20.5546],[109.8482,20.5956],[109.8227,20.5207],[109.9232,20.451],[109.9309,20.5063],[110.0155,20.4184],[109.9824,20.3515],[109.9174,20.4171],[109.9172,20.2393],[110.0379,20.3017],[110.1275,20.248],[110.2939,20.2585],[110.4068,20.3052],[110.5342,20.4783],[110.4789,20.5677],[110.3008,20.6571],[110.3418,20.8215],[110.3565,20.7323],[110.4094,20.751],[110.369,20.8489],[110.1567,20.8489],[110.1431,20.9923],[110.1956,21.0713],[110.2188,21.0276],[110.3994,21.1766],[110.3281,21.3355],[110.3895,21.3287],[110.3585,21.4357],[110.4373,21.3975],[110.4339,21.3088],[110.4863,21.3355],[110.4448,21.3076],[110.4789,21.2734],[110.4243,21.2877],[110.4312,21.1915],[110.6365,21.2302],[110.6356,21.381],[110.76,21.4447],[110.6365,21.3703],[110.6433,21.3218],[110.6776,21.3485],[110.6509,21.2604],[110.7682,21.3975],[110.8699,21.3832],[111.0686,21.4726],[110.9797,21.4447],[111.0276,21.5409],[111.1436,21.4658],[111.2263,21.4993],[111.158,21.5136],[111.1924,21.5312],[111.3108,21.4671],[111.4043,21.5267],[111.3628,21.5412],[111.438,21.5341],[111.4322,21.603],[111.4761,21.5136],[111.5956,21.5341],[111.5819,21.5819],[111.6305,21.5299],[111.7796,21.6754],[111.6781,21.7812],[111.8351,21.7668],[111.8325,21.7233],[112.0003,21.7743],[111.9041,21.8153],[111.8904,21.9251],[111.9692,21.824],[112.0413,21.8842],[112.0282,21.7973],[112.1926,21.8432],[112.1824,21.753],[112.2902,21.7101],[112.4021,21.8014],[112.3565,21.9797],[112.3975,22.0685],[112.3906,21.9555],[112.4937,21.9661],[112.4111,21.9012],[112.426,21.8452],[112.5509,21.7729],[112.826,21.9661],[112.8752,21.8863],[112.9665,21.8863],[113.0851,22.2076],[113.1164,22.076],[113.2306,22.0432],[113.3027,22.1833],[113.402,22.1796],[113.1602,22.4876],[113.1653,22.5756],[113.4837,22.1551],[113.5877,22.2379],[113.6104,22.3702],[113.5464,22.4376],[113.5992,22.5752],[113.3775,22.7674],[113.4942,22.7748],[113.3504,22.8897],[113.213,22.9045],[113.484,22.9243],[113.5023,23.0204],[113.4175,23.097],[113.5091,23.0622],[113.7031,23.1578],[113.8301,23.1175],[113.7202,23.1379],[113.5364,23.0631],[113.5762,22.9387],[113.6172,23.0349],[113.5967,22.9182],[113.6382,23.0349],[113.5923,22.8891],[113.6536,22.7587],[113.7581,22.7534],[113.8695,22.5034],[114.0915,22.5344],[113.9808,22.4695],[113.9969,22.3606],[114.1048,22.3699],[114.1719,22.2887],[114.2555,22.3223],[114.2967,22.2583],[114.2584,22.3621],[114.3186,22.3894],[114.3576,22.3324],[114.3997,22.4361],[114.3476,22.4229],[114.3237,22.48],[114.2093,22.3987],[114.1675,22.4481],[114.3351,22.5064],[114.2093,22.5237],[114.2298,22.5558],[114.3958,22.6135],[114.5158,22.4526],[114.6049,22.5327],[114.4954,22.562],[114.5903,22.6439],[114.5066,22.6465],[114.5221,22.706],[114.6955,22.7926],[114.817,22.8004],[114.742,22.7327],[114.7438,22.6094],[114.8658,22.6017],[114.896,22.5475],[114.9666,22.6765],[114.8625,22.7632],[114.9853,22.6893],[115.0655,22.796],[115.1803,22.7848],[115.3038,22.903],[115.3202,22.8505],[115.2334,22.7882],[115.4112,22.7883],[115.3385,22.7331],[115.3735,22.6942],[115.5752,22.6683],[115.5901,22.7372],[115.5556,22.7144],[115.527,22.767],[115.6121,22.8636],[115.468,22.8493],[115.483,22.9018],[115.406,22.925],[115.5476,22.8954],[115.5606,22.8493],[115.7303,22.9342],[115.697,22.8507],[115.8075,22.8033],[116.0762,22.8679],[116.0421,22.9329],[116.1237,22.8947],[116.0865,22.8458],[116.1537,22.856],[116.2815,22.9579],[116.2136,22.9828],[116.4947,22.9394],[116.6045,23.2096],[116.5089,23.2341],[116.6115,23.2387],[116.6511,23.172],[116.7151,23.2438],[116.6672,23.2813],[116.8035,23.2346],[116.7486,23.3263],[116.573,23.3237],[116.5232,23.4185],[116.7732,23.3494],[116.9165,23.6627],[116.9507,23.6109],[117.0684,23.6513],[117.0842,23.5506],[117.2192,23.6296],[117.2295,23.6928],[117.239,23.6055],[117.2774,23.7822],[117.4343,23.7759],[117.4901,23.8326],[117.4166,23.9468],[117.5711,23.9033],[117.626,23.8149],[117.7088,24.0355],[117.6671,24.0627],[117.7633,24.0703],[117.7981,24.0218],[117.76,23.9716],[117.8952,24.0696],[117.9073,24.1863],[117.9436,24.2126],[117.9788,24.1621],[118.0867,24.2497],[118.0906,24.3415],[118.0159,24.3269],[118.043,24.4067],[117.9073,24.3849],[117.7913,24.4675],[118.0217,24.4457],[118.0581,24.5159],[117.9749,24.5527],[118.0374,24.5606],[118.0444,24.6177],[118.1104,24.5841],[118.1605,24.6934],[118.219,24.5414],[118.4048,24.6066],[118.4312,24.6997],[118.4281,24.6313],[118.6471,24.5746],[118.6421,24.6787],[118.763,24.7627],[118.7018,24.81],[118.638,24.7721],[118.572,24.8852],[118.6712,24.8747],[118.6677,24.9534],[118.7295,24.9005],[118.7161,24.8436],[118.9229,24.8959],[118.9116,24.9534],[119.009,24.9473],[119.0042,25.0502],[118.9537,25.003],[118.8491,25.0738],[118.943,25.1088],[118.9746,25.1826],[118.8756,25.2438],[119.0273,25.2782],[118.9693,25.2264],[119.0689,25.2167],[119.0291,25.1405],[119.0929,25.1136],[119.1531,25.1397],[119.1161,25.2138],[119.2813,25.1794],[119.2725,25.2318],[119.3475,25.2678],[119.243,25.3302],[119.2013,25.2597],[119.2034,25.3581],[119.1732,25.3251],[119.1025,25.4203],[119.2378,25.4818],[119.3052,25.6046],[119.3809,25.5909],[119.3565,25.5269],[119.4491,25.5053],[119.447,25.4388],[119.5073,25.4744],[119.4832,25.3712],[119.5477,25.3838],[119.5386,25.4612],[119.5882,25.3966],[119.64,25.413],[119.5726,25.4879],[119.5794,25.5847],[119.4924,25.5648],[119.4491,25.6872],[119.5719,25.6802],[119.6209,25.7603],[119.5664,25.8721],[119.5999,25.8442],[119.6954,26.0026],[119.5191,26.0445],[119.3298,25.9443],[119.2468,25.9672],[119.1952,26.0876],[119.0935,26.1458],[119.4585,25.9825],[119.6682,26.2215],[119.6543,26.2724],[119.9253,26.3474],[119.8258,26.4269],[119.6819,26.3171],[119.6484,26.4374],[119.5664,26.4549],[119.6537,26.498],[119.7918,26.4133],[119.7849,26.5778],[119.6751,26.6188],[119.5999,26.5704],[119.5411,26.6563],[119.5999,26.6461],[119.606,26.6945],[119.5521,26.7491],[119.606,26.7969],[119.7249,26.6978],[119.6858,26.812],[119.7562,26.7377],[119.782,26.8285],[119.8463,26.8522],[119.7974,26.8164],[119.8401,26.79],[119.7918,26.6877],[119.8292,26.715],[119.9016,26.6597],[119.9251,26.7922],[120.0673,26.7965],[120.032,26.8999],[120.2374,26.9272],[120.1487,26.9819],[120.2552,26.9971],[120.2163,27.0371],[120.2783,27.0638],[120.2437,27.1327],[120.3618,27.1009],[120.4076,27.158],[120.3473,27.1805],[120.3473,27.2426],[120.1824,27.2169],[120.1958,27.2978],[120.3119,27.3177],[120.3031,27.2423],[120.4292,27.1737],[120.4217,27.2221],[120.5178,27.2016],[120.5493,27.321],[120.5049,27.345],[120.5459,27.4033],[120.6353,27.3797],[120.682,27.4816],[120.5966,27.5703],[120.6756,27.6597],[120.6353,27.7633],[120.7077,27.7134],[120.8408,27.9487],[120.589,28.0267],[120.5596,28.1128],[120.606,28.0422],[120.8803,27.9986],[120.9969,28.0425],[121.0689,28.1569],[121.1081,28.2834],[121.025,28.3046],[121.1138,28.3017],[121.169,28.3848],[121.2647,28.366],[121.2031,28.3319],[121.2672,28.2164],[121.4132,28.2546],[121.4731,28.3306],[121.6398,28.3137],[121.6077,28.4772],[121.5116,28.4895],[121.5816,28.5047],[121.5101,28.6571],[121.2584,28.6751],[121.2993,28.7229],[121.1423,28.8459],[121.3512,28.7119],[121.6214,28.7359],[121.6699,28.8253],[121.4978,28.9497],[121.7178,28.9488],[121.6419,29.0513],[121.5321,29.0205],[121.6214,29.1133],[121.4017,29.1065],[121.5561,29.2729],[121.5851,29.479],[121.4849,29.3905],[121.5049,29.4838],[121.4426,29.4154],[121.4434,29.5242],[121.6873,29.5626],[122.0074,29.8874],[121.7219,29.9605],[121.4054,30.3079],[121.1328,30.3079],[120.8088,30.1151],[120.6944,30.1721],[120.6463,30.1269],[120.7922,30.0661],[120.6318,30.1224],[120.7314,30.2338],[120.6216,30.3726],[120.4505,30.3689],[120.3847,30.2496],[120.2744,30.2776],[120.1471,30.1989],[120.2579,30.2981],[120.379,30.2735],[120.4791,30.4035],[120.6981,30.394],[120.7883,30.2938],[120.9981,30.5579],[121.5192,30.822],[121.9131,30.859],[121.9551,30.9713],[121.7252,31.2816],[121.3203,31.5048],[121.1444,31.6847],[120.7315,31.8139],[120.7171,31.8611],[120.8248,31.8287],[120.7504,31.9783],[120.4695,32.0251],[120.23,31.9089],[120.0064,31.9503],[119.7725,32.1268],[119.7886,32.1986],[119.6904,32.2353],[119.606,32.1969],[119.6854,32.2924],[119.6129,32.3546],[119.8421,32.2991],[119.992,32.0159],[120.1314,31.9432],[120.2671,31.9487],[120.4908,32.0825],[120.6344,32.077],[120.8108,32.0226],[120.9407,31.8482],[121.1641,31.8265],[121.2864,31.8906],[121.8173,31.6909],[121.9173,31.7616],[121.7986,31.9705],[121.4434,32.1143],[121.3608,32.2316],[121.4193,32.2503],[121.3894,32.3849],[121.1008,32.498],[120.8303,32.6977],[120.9048,32.8126],[120.8958,33.0136],[120.8259,33.0302],[120.807,33.1378],[120.7302,33.2049],[120.7503,33.2696],[120.6672,33.3251],[120.6344,33.4669],[120.4837,33.65],[120.5049,33.7356],[120.3997,33.8693],[120.2571,34.3118],[119.6477,34.5338],[119.4422,34.746],[119.3421,34.7774],[119.2034,34.7119],[119.1909,34.7691],[118.8019,34.3577],[118.0466,33.8432],[116.8643,33.3931],[116.225,33.3288],[116.0204,33.2002],[114.0791,33.1359],[113.9528,33.0073],[113.8244,33.0716],[113.4441,32.8788],[111.6166,32.4931],[111.1641,32.3002],[110.1709,32.3002],[109.9115,32.4288],[109.8814,32.5574],[109.4991,32.5574],[109.4691,32.6859],[109.3161,32.6859],[109.1566,32.8788],[108.2379,32.8788],[108.1016,33.1359],[107.8783,32.943],[107.6485,32.943],[107.6652,33.2002],[107.4822,33.3288],[106.7453,33.2002],[106.5619,33.3288],[105.9483,33.3288],[105.703,33.0716],[105.1667,33.0716],[104.6984,33.2645],[103.21,33.3931],[102.5516,33.2645],[101.6869,32.7502],[100.9792,31.0148],[101.0553,31.0148],[100.8854,29.9223],[100.9612,29.9223],[100.8886,29.6652],[100.9643,29.6652],[100.8811,29.0867]],[[114.2298,22.5558],[114.183,22.5562],[114.179,22.5593],[114.2298,22.5558]],[[107.6804,21.6222],[107.7448,21.6575],[107.6903,21.6247],[107.6804,21.6222]],[[107.7986,21.6497],[107.8116,21.6478],[107.8324,21.6394],[107.7986,21.6497]],[[114.1487,22.5381],[114.162,22.5605],[114.1695,22.56],[114.1487,22.5381]]],[[[106.7656,20.8768],[106.8865,20.7961],[106.8246,20.9152],[106.7656,20.8768]]],[[[106.9099,20.8185],[106.9173,20.8113],[106.9303,20.8438],[106.9129,20.8369],[106.9099,20.8185]]],[[[107.3729,21.0596],[107.6062,21.2174],[107.5327,21.1989],[107.4553,21.2757],[107.3729,21.0596]]],[[[110.2459,20.986],[110.4322,21.0058],[110.4572,21.06],[110.2874,21.0744],[110.3352,21.0686],[110.2731,21.0611],[110.2459,20.986]]],[[[110.4177,20.6548],[110.4358,20.6385],[110.4573,20.5869],[110.4758,20.5959],[110.4714,20.6474],[110.437,20.6679],[110.4177,20.6548]]],[[[110.4177,21.1785],[110.42,21.1785],[110.4194,21.1791],[110.5587,21.1791],[110.5686,21.1915],[110.5432,21.2042],[110.4929,21.1839],[110.4634,21.1907],[110.4963,21.1952],[110.4998,21.2063],[110.4622,21.2051],[110.4177,21.1785]]],[[[110.5739,21.1791],[110.6006,21.1791],[110.617,21.1915],[110.617,21.1989],[110.594,21.2028],[110.5739,21.1791]]],[[[113.2642,22.1049],[113.3136,22.0764],[113.3648,22.1579],[113.2642,22.1049]]],[[[113.3094,22.0241],[113.3186,22.0162],[113.3689,22.0821],[113.3436,22.0685],[113.3094,22.0241]]],[[[113.3962,22.8981],[113.5946,22.7561],[113.4756,22.9007],[113.3962,22.8981]]],[[[113.4765,22.7195],[113.6418,22.6016],[113.5595,22.735],[113.4765,22.7195]]],[[[113.5058,22.9516],[113.51,22.9212],[113.545,22.88],[113.5535,22.8858],[113.5536,22.9113],[113.5292,22.9604],[113.5154,22.9692],[113.5058,22.9516]]],[[[113.5202,22.1849],[113.5247,22.1737],[113.5571,22.2025],[113.5492,22.1997],[113.5538,22.2115],[113.5365,22.2171],[113.5243,22.2126],[113.5352,22.2075],[113.5202,22.1849]]],[[[113.5322,22.1526],[113.54,22.1434],[113.5616,22.1434],[113.5741,22.1608],[113.5586,22.163],[113.5344,22.1612],[113.5322,22.1526]]],[[[113.6104,22.4133],[113.6212,22.3914],[113.6423,22.4002],[113.6424,22.4114],[113.6578,22.4238],[113.6496,22.4386],[113.6234,22.4399],[113.6118,22.4305],[113.6104,22.4133]]],[[[113.9972,22.317],[114.0189,22.2646],[114.0549,22.3363],[113.9972,22.317]]],[[[113.9975,22.265],[113.9976,22.245],[114.0073,22.2521],[113.9975,22.265]]],[[[113.9977,22.2379],[113.9978,22.2151],[114.0002,22.2161],[114.015,22.2271],[113.9977,22.2379]]],[[[114.1043,22.216],[114.1141,22.2161],[114.1108,22.1771],[114.1374,22.1788],[114.1454,22.1787],[114.1391,22.1911],[114.1546,22.2036],[114.1257,22.2052],[114.1328,22.2161],[114.1257,22.2134],[114.1067,22.2358],[114.1043,22.216]]],[[[114.1126,22.2715],[114.2561,22.2036],[114.2156,22.2856],[114.1126,22.2715]]],[[[116.9543,23.5441],[116.9953,23.5348],[117.0093,23.555],[116.9956,23.5635],[116.9543,23.5441]]],[[[117.3405,23.689],[117.3561,23.6892],[117.4185,23.758],[117.4136,23.7717],[117.3727,23.7667],[117.3767,23.7289],[117.3405,23.689]]],[[[118.07,24.4603],[118.1271,24.4312],[118.1814,24.5351],[118.0925,24.5562],[118.07,24.4603]]],[[[119.2092,26.0986],[119.2576,26.0015],[119.405,25.9779],[119.2092,26.0986]]],[[[119.2829,25.4864],[119.3354,25.4864],[119.3465,25.5667],[119.2829,25.4864]]],[[[119.2835,25.4751],[119.2969,25.4229],[119.3222,25.4329],[119.2835,25.4751]]],[[[119.554,26.0956],[119.6441,26.0784],[119.5925,26.1257],[119.554,26.0956]]],[[[119.6685,25.4879],[119.71,25.4879],[119.7,25.4319],[119.8407,25.4765],[119.7988,25.5158],[119.8745,25.5568],[119.7078,25.615],[119.7162,25.5363],[119.7783,25.522],[119.6685,25.4879]]],[[[119.7162,32.2726],[119.8193,32.2038],[119.792,32.1218],[119.9019,32.0734],[119.8143,32.2756],[119.7162,32.2726]]],[[[119.8326,26.5505],[119.886,26.5244],[119.96,26.6113],[120.1344,26.6461],[120.1021,26.6892],[120.1428,26.7328],[120.0625,26.7723],[119.8326,26.5505]]],[[[120.9419,31.8421],[120.9506,31.8252],[120.9778,31.8144],[121.0114,31.8171],[120.9419,31.8421]]],[[[121.2081,28.201],[121.257,28.2138],[121.2564,28.2148],[121.2306,28.2197],[121.2109,28.209],[121.2081,28.201]]],[[[121.212,31.8219],[121.4047,31.8032],[121.3861,31.8117],[121.3226,31.8293],[121.2641,31.8411],[121.2193,31.8295],[121.212,31.8219]]],[[[121.2202,31.7418],[121.4685,31.5894],[121.4544,31.6575],[121.2202,31.7418]]],[[[121.5735,31.529],[121.6292,31.5179],[121.6335,31.529],[121.5735,31.529]]],[[[121.5845,31.4414],[121.5968,31.4332],[121.6004,31.4425],[121.5845,31.4414]]],[[[121.6461,31.4005],[121.78,31.3252],[121.7206,31.4005],[121.6461,31.4005]]],[[[121.67,29.5125],[121.7623,29.4836],[121.764,29.5308],[121.67,29.5125]]],[[[121.7116,29.2152],[121.7743,29.2539],[121.7595,29.357],[121.7116,29.2152]]],[[[121.745,29.5447],[121.8474,29.5242],[121.7608,29.361],[121.8406,29.3188],[121.7903,29.2152],[121.9384,29.2152],[121.9104,29.5246],[121.9712,29.5933],[121.9158,29.6409],[121.745,29.5447]]],[[[121.9336,29.9213],[121.9461,29.904],[121.9741,29.8998],[121.9924,29.9083],[121.9935,29.9188],[121.9771,29.9388],[121.952,29.9467],[121.9409,29.9377],[121.9336,29.9213]]],[[[121.9946,30.0372],[122.0191,29.9972],[122.2798,29.9865],[122.2768,30.0676],[122.1033,30.1437],[122.0321,30.143],[121.9946,30.0372]]]]}},{"type":"Feature","properties":{"territoryId":"cliopatria-q783489-40987f6517","name":"Liang Dynasty","name_ko":"후량","color":"#4c3ad9","colorFamily":0,"startYear":536,"endYear":545,"source_name":"Cliopatria v0.2.0","source_url":"https://github.com/Seshat-Global-History-Databank/cliopatria","license":"CC BY 4.0","attribution":"Seshat Global History Databank, Cliopatria contributors"},"geometry":{"type":"MultiPolygon","coordinates":[[[[108.6586,18.8016],[108.7107,18.4997],[109.136,18.3612],[109.1796,18.2932],[109.7249,18.2219],[109.7393,18.2587],[109.6704,18.273],[109.7318,18.273],[109.7461,18.3959],[110.0739,18.4363],[110.0342,18.5119],[110.0881,18.5043],[110.2708,18.6682],[110.4035,18.7038],[110.3352,18.6733],[110.4035,18.6628],[110.469,18.7772],[110.5344,18.7856],[110.5034,18.8819],[110.4928,18.7931],[110.4315,18.8215],[110.5134,18.9064],[110.5823,19.1501],[110.5549,19.0873],[110.4792,19.1693],[110.5803,19.1552],[110.6697,19.3817],[110.7962,19.4846],[110.7944,19.6013],[110.8477,19.6225],[110.8218,19.5678],[110.8765,19.5398],[111.0347,19.6422],[110.9346,19.9951],[110.7883,20.0104],[110.6706,20.1505],[110.6056,20.1076],[110.6058,19.9232],[110.5276,20.0202],[110.3766,20.0538],[110.4109,19.9234],[110.3447,20.0581],[110.157,20.0674],[110.0682,19.9848],[110.1496,20.0066],[110.1227,19.9743],[109.9901,19.906],[109.9426,19.9909],[109.8355,19.9309],[109.8159,19.9912],[109.7181,19.9575],[109.719,20.0106],[109.527,19.9514],[109.5202,19.8825],[109.5817,19.8557],[109.465,19.8341],[109.3114,19.9195],[109.2551,19.8983],[109.2111,19.7497],[109.3074,19.7869],[109.3074,19.7111],[109.2112,19.7248],[108.9448,19.492],[108.7042,19.3779],[108.6586,18.8016]]],[[[109.9686,18.3936],[110.0045,18.4082],[109.9686,18.4055],[109.9686,18.3936]]],[[[100.9153,28.0581],[101.0499,27.9938],[101.0143,27.5438],[101.0896,27.5438],[101.1965,26.3865],[101.3981,25.9365],[101.4623,25.165],[101.8109,24.2649],[102.9898,23.3649],[104.9046,23.2363],[104.9561,23.1077],[105.3634,23.3006],[105.6896,23.0434],[105.5063,22.8506],[105.2084,22.8506],[105.2379,22.5934],[104.874,22.2077],[105.128,21.9505],[105.0956,21.7577],[104.9255,21.6291],[104.9785,21.5005],[104.8513,21.1791],[105.0956,20.8577],[104.873,20.8577],[104.9053,20.6005],[104.6191,20.6648],[104.4396,20.472],[104.9806,20.1505],[104.8648,19.8934],[104.9921,19.7648],[104.94,19.4434],[105.014,19.4434],[105.0152,18.9934],[105.1423,18.8648],[105.0373,18.6719],[105.1851,18.6719],[105.1438,18.4148],[106.4163,17.129],[106.3962,17.0005],[106.5437,17.0005],[106.5337,16.9362],[106.9146,17.2284],[106.6346,17.4704],[106.5044,17.6828],[106.4087,17.6828],[106.3831,17.7192],[106.4292,17.7311],[106.2852,17.7721],[106.4981,17.7106],[106.436,17.882],[106.5247,17.9496],[106.4348,18.1235],[106.3467,18.0595],[106.2708,18.2041],[106.0934,18.2587],[105.8792,18.5109],[105.7644,18.759],[105.7507,18.6628],[105.752,18.7863],[105.6133,18.9855],[105.6438,19.0654],[105.7371,19.1085],[105.7434,19.2319],[105.8088,19.2802],[105.7909,19.6035],[105.9233,19.7668],[105.8674,19.7732],[105.9289,19.7936],[105.9556,19.9255],[106.0252,19.9992],[106.0835,19.965],[106.1071,20.0333],[106.1071,19.965],[106.176,19.9923],[106.3807,20.212],[106.5635,20.231],[106.4981,20.3083],[106.5762,20.2697],[106.5942,20.4482],[106.5186,20.4373],[106.5799,20.5472],[106.5186,20.541],[106.6248,20.5946],[106.5868,20.6633],[106.6375,20.6281],[106.7031,20.6597],[106.6626,20.698],[106.8059,20.6776],[106.7,20.8828],[106.7551,20.9385],[106.6421,21.0202],[106.7981,21.0248],[106.8206,20.976],[106.7725,20.9574],[106.8679,20.8827],[106.8743,20.9376],[106.9431,20.9103],[106.8538,20.9923],[107.001,20.9511],[107.0256,21.0338],[107.0462,20.9997],[107.1492,21.0406],[107.0661,20.9587],[107.1956,20.955],[107.3743,21.0276],[107.3606,21.2392],[107.4431,21.2877],[107.4153,21.3287],[107.5266,21.2988],[107.5223,21.3485],[107.5906,21.2939],[107.635,21.3832],[107.7864,21.4584],[107.7669,21.5202],[107.9097,21.5265],[107.9167,21.4575],[108.0806,21.4857],[107.9912,21.5484],[108.1764,21.5758],[108.2383,21.6439],[108.2256,21.5094],[108.314,21.5819],[108.3413,21.7258],[108.471,21.6713],[108.3897,21.5751],[108.471,21.562],[108.5654,21.6785],[108.5188,21.6713],[108.5331,21.7191],[108.5051,21.6713],[108.4635,21.7402],[108.5051,21.7879],[108.4487,21.8658],[108.4778,21.945],[108.4631,21.863],[108.553,21.9518],[108.5603,21.8955],[108.6355,21.8903],[108.5714,21.8128],[108.5945,21.7402],[108.677,21.8153],[108.6492,21.7333],[108.7249,21.7464],[108.7127,21.6884],[108.8371,21.666],[108.7796,21.7258],[108.8347,21.7258],[108.8326,21.7838],[108.7796,21.8153],[108.8614,21.8153],[108.8695,21.7538],[108.9241,21.7668],[108.8655,21.7397],[108.8695,21.6713],[109.1358,21.603],[109.1387,21.4016],[109.2146,21.4174],[109.2388,21.4857],[109.245,21.4316],[109.5308,21.4916],[109.5728,21.5817],[109.4647,21.6645],[109.521,21.6658],[109.4927,21.6986],[109.5677,21.76],[109.608,21.5751],[109.677,21.6234],[109.6497,21.5205],[109.7698,21.4936],[109.7732,21.5819],[109.8312,21.4759],[109.9444,21.4931],[109.9241,21.3628],[109.8466,21.3582],[109.696,20.8577],[109.7702,20.8577],[109.7869,20.6911],[109.8604,20.7155],[109.7806,20.685],[109.8211,20.5546],[109.8482,20.5956],[109.8227,20.5207],[109.9232,20.451],[109.9309,20.5063],[110.0155,20.4184],[109.9824,20.3515],[109.9174,20.4171],[109.9172,20.2393],[110.0379,20.3017],[110.1275,20.248],[110.2939,20.2585],[110.4068,20.3052],[110.5342,20.4783],[110.4789,20.5677],[110.3008,20.6571],[110.3418,20.8215],[110.3565,20.7323],[110.4094,20.751],[110.369,20.8489],[110.1567,20.8489],[110.1431,20.9923],[110.1956,21.0713],[110.2188,21.0276],[110.3994,21.1766],[110.3281,21.3355],[110.3895,21.3287],[110.3585,21.4357],[110.4373,21.3975],[110.4339,21.3088],[110.4863,21.3355],[110.4448,21.3076],[110.4789,21.2734],[110.4243,21.2877],[110.4312,21.1915],[110.6365,21.2302],[110.6356,21.381],[110.76,21.4447],[110.6365,21.3703],[110.6433,21.3218],[110.6776,21.3485],[110.6509,21.2604],[110.7682,21.3975],[110.8699,21.3832],[111.0686,21.4726],[110.9797,21.4447],[111.0276,21.5409],[111.1436,21.4658],[111.2263,21.4993],[111.158,21.5136],[111.1924,21.5312],[111.3108,21.4671],[111.4043,21.5267],[111.3628,21.5412],[111.438,21.5341],[111.4322,21.603],[111.4761,21.5136],[111.5956,21.5341],[111.5819,21.5819],[111.6305,21.5299],[111.7796,21.6754],[111.6781,21.7812],[111.8351,21.7668],[111.8325,21.7233],[112.0003,21.7743],[111.9041,21.8153],[111.8904,21.9251],[111.9692,21.824],[112.0413,21.8842],[112.0282,21.7973],[112.1926,21.8432],[112.1824,21.753],[112.2902,21.7101],[112.4021,21.8014],[112.3565,21.9797],[112.3975,22.0685],[112.3906,21.9555],[112.4937,21.9661],[112.4111,21.9012],[112.426,21.8452],[112.5509,21.7729],[112.826,21.9661],[112.8752,21.8863],[112.9665,21.8863],[113.0851,22.2076],[113.1164,22.076],[113.2306,22.0432],[113.3027,22.1833],[113.402,22.1796],[113.1602,22.4876],[113.1653,22.5756],[113.4837,22.1551],[113.5877,22.2379],[113.6104,22.3702],[113.5464,22.4376],[113.5992,22.5752],[113.3775,22.7674],[113.4942,22.7748],[113.3504,22.8897],[113.213,22.9045],[113.484,22.9243],[113.5023,23.0204],[113.4175,23.097],[113.5091,23.0622],[113.7031,23.1578],[113.8301,23.1175],[113.7202,23.1379],[113.5364,23.0631],[113.5762,22.9387],[113.6172,23.0349],[113.5967,22.9182],[113.6382,23.0349],[113.5923,22.8891],[113.6536,22.7587],[113.7581,22.7534],[113.8695,22.5034],[114.0915,22.5344],[113.9808,22.4695],[113.9969,22.3606],[114.1048,22.3699],[114.1719,22.2887],[114.2555,22.3223],[114.2967,22.2583],[114.2584,22.3621],[114.3186,22.3894],[114.3576,22.3324],[114.3997,22.4361],[114.3476,22.4229],[114.3237,22.48],[114.2093,22.3987],[114.1675,22.4481],[114.3351,22.5064],[114.2093,22.5237],[114.2298,22.5558],[114.3958,22.6135],[114.5158,22.4526],[114.6049,22.5327],[114.4954,22.562],[114.5903,22.6439],[114.5066,22.6465],[114.5221,22.706],[114.6955,22.7926],[114.817,22.8004],[114.742,22.7327],[114.7438,22.6094],[114.8658,22.6017],[114.896,22.5475],[114.9666,22.6765],[114.8625,22.7632],[114.9853,22.6893],[115.0655,22.796],[115.1803,22.7848],[115.3038,22.903],[115.3202,22.8505],[115.2334,22.7882],[115.4112,22.7883],[115.3385,22.7331],[115.3735,22.6942],[115.5752,22.6683],[115.5901,22.7372],[115.5556,22.7144],[115.527,22.767],[115.6121,22.8636],[115.468,22.8493],[115.483,22.9018],[115.406,22.925],[115.5476,22.8954],[115.5606,22.8493],[115.7303,22.9342],[115.697,22.8507],[115.8075,22.8033],[116.0762,22.8679],[116.0421,22.9329],[116.1237,22.8947],[116.0865,22.8458],[116.1537,22.856],[116.2815,22.9579],[116.2136,22.9828],[116.4947,22.9394],[116.6045,23.2096],[116.5089,23.2341],[116.6115,23.2387],[116.6511,23.172],[116.7151,23.2438],[116.6672,23.2813],[116.8035,23.2346],[116.7486,23.3263],[116.573,23.3237],[116.5232,23.4185],[116.7732,23.3494],[116.9165,23.6627],[116.9507,23.6109],[117.0684,23.6513],[117.0842,23.5506],[117.2192,23.6296],[117.2295,23.6928],[117.239,23.6055],[117.2774,23.7822],[117.4343,23.7759],[117.4901,23.8326],[117.4166,23.9468],[117.5711,23.9033],[117.626,23.8149],[117.7088,24.0355],[117.6671,24.0627],[117.7633,24.0703],[117.7981,24.0218],[117.76,23.9716],[117.8952,24.0696],[117.9073,24.1863],[117.9436,24.2126],[117.9788,24.1621],[118.0867,24.2497],[118.0906,24.3415],[118.0159,24.3269],[118.043,24.4067],[117.9073,24.3849],[117.7913,24.4675],[118.0217,24.4457],[118.0581,24.5159],[117.9749,24.5527],[118.0374,24.5606],[118.0444,24.6177],[118.1104,24.5841],[118.1605,24.6934],[118.219,24.5414],[118.4048,24.6066],[118.4312,24.6997],[118.4281,24.6313],[118.6471,24.5746],[118.6421,24.6787],[118.763,24.7627],[118.7018,24.81],[118.638,24.7721],[118.572,24.8852],[118.6712,24.8747],[118.6677,24.9534],[118.7295,24.9005],[118.7161,24.8436],[118.9229,24.8959],[118.9116,24.9534],[119.009,24.9473],[119.0042,25.0502],[118.9537,25.003],[118.8491,25.0738],[118.943,25.1088],[118.9746,25.1826],[118.8756,25.2438],[119.0273,25.2782],[118.9693,25.2264],[119.0689,25.2167],[119.0291,25.1405],[119.0929,25.1136],[119.1531,25.1397],[119.1161,25.2138],[119.2813,25.1794],[119.2725,25.2318],[119.3475,25.2678],[119.243,25.3302],[119.2013,25.2597],[119.2034,25.3581],[119.1732,25.3251],[119.1025,25.4203],[119.2378,25.4818],[119.3052,25.6046],[119.3809,25.5909],[119.3565,25.5269],[119.4491,25.5053],[119.447,25.4388],[119.5073,25.4744],[119.4832,25.3712],[119.5477,25.3838],[119.5386,25.4612],[119.5882,25.3966],[119.64,25.413],[119.5726,25.4879],[119.5794,25.5847],[119.4924,25.5648],[119.4491,25.6872],[119.5719,25.6802],[119.6209,25.7603],[119.5664,25.8721],[119.5999,25.8442],[119.6954,26.0026],[119.5191,26.0445],[119.3298,25.9443],[119.2468,25.9672],[119.1952,26.0876],[119.0935,26.1458],[119.4585,25.9825],[119.6682,26.2215],[119.6543,26.2724],[119.9253,26.3474],[119.8258,26.4269],[119.6819,26.3171],[119.6484,26.4374],[119.5664,26.4549],[119.6537,26.498],[119.7918,26.4133],[119.7849,26.5778],[119.6751,26.6188],[119.5999,26.5704],[119.5411,26.6563],[119.5999,26.6461],[119.606,26.6945],[119.5521,26.7491],[119.606,26.7969],[119.7249,26.6978],[119.6858,26.812],[119.7562,26.7377],[119.782,26.8285],[119.8463,26.8522],[119.7974,26.8164],[119.8401,26.79],[119.7918,26.6877],[119.8292,26.715],[119.9016,26.6597],[119.9251,26.7922],[120.0673,26.7965],[120.032,26.8999],[120.2374,26.9272],[120.1487,26.9819],[120.2552,26.9971],[120.2163,27.0371],[120.2783,27.0638],[120.2437,27.1327],[120.3618,27.1009],[120.4076,27.158],[120.3473,27.1805],[120.3473,27.2426],[120.1824,27.2169],[120.1958,27.2978],[120.3119,27.3177],[120.3031,27.2423],[120.4292,27.1737],[120.4217,27.2221],[120.5178,27.2016],[120.5493,27.321],[120.5049,27.345],[120.5459,27.4033],[120.6353,27.3797],[120.682,27.4816],[120.5966,27.5703],[120.6756,27.6597],[120.6353,27.7633],[120.7077,27.7134],[120.8408,27.9487],[120.589,28.0267],[120.5596,28.1128],[120.606,28.0422],[120.8803,27.9986],[120.9969,28.0425],[121.0689,28.1569],[121.1081,28.2834],[121.025,28.3046],[121.1138,28.3017],[121.169,28.3848],[121.2647,28.366],[121.2031,28.3319],[121.2672,28.2164],[121.4132,28.2546],[121.4731,28.3306],[121.6398,28.3137],[121.6077,28.4772],[121.5116,28.4895],[121.5816,28.5047],[121.5101,28.6571],[121.2584,28.6751],[121.2993,28.7229],[121.1423,28.8459],[121.3512,28.7119],[121.6214,28.7359],[121.6699,28.8253],[121.4978,28.9497],[121.7178,28.9488],[121.6419,29.0513],[121.5321,29.0205],[121.6214,29.1133],[121.4017,29.1065],[121.5561,29.2729],[121.5851,29.479],[121.4849,29.3905],[121.5049,29.4838],[121.4426,29.4154],[121.4434,29.5242],[121.6873,29.5626],[122.0074,29.8874],[121.7219,29.9605],[121.4054,30.3079],[121.1328,30.3079],[120.8088,30.1151],[120.6944,30.1721],[120.6463,30.1269],[120.7922,30.0661],[120.6318,30.1224],[120.7314,30.2338],[120.6216,30.3726],[120.4505,30.3689],[120.3847,30.2496],[120.2744,30.2776],[120.1471,30.1989],[120.2579,30.2981],[120.379,30.2735],[120.4791,30.4035],[120.6981,30.394],[120.7883,30.2938],[120.9981,30.5579],[121.5192,30.822],[121.9131,30.859],[121.9551,30.9713],[121.7252,31.2816],[121.3203,31.5048],[121.1444,31.6847],[120.7315,31.8139],[120.7171,31.8611],[120.8248,31.8287],[120.7504,31.9783],[120.4695,32.0251],[120.23,31.9089],[120.0064,31.9503],[119.7725,32.1268],[119.7886,32.1986],[119.6904,32.2353],[119.606,32.1969],[119.6854,32.2924],[119.6129,32.3546],[119.8421,32.2991],[119.992,32.0159],[120.1314,31.9432],[120.2671,31.9487],[120.4908,32.0825],[120.6344,32.077],[120.8108,32.0226],[120.9407,31.8482],[121.1641,31.8265],[121.2864,31.8906],[121.8173,31.6909],[121.9173,31.7616],[121.7986,31.9705],[121.4434,32.1143],[121.3608,32.2316],[121.4193,32.2503],[121.3894,32.3849],[121.1008,32.498],[120.8303,32.6977],[120.9048,32.8126],[120.8958,33.0136],[120.8259,33.0302],[120.807,33.1378],[120.7302,33.2049],[120.7503,33.2696],[120.6672,33.3251],[120.6344,33.4669],[120.4837,33.65],[120.5049,33.7356],[120.3997,33.8693],[120.2571,34.3118],[119.6477,34.5338],[119.4422,34.746],[119.3421,34.7774],[119.2034,34.7119],[119.1909,34.7691],[118.8019,34.3577],[118.0466,33.8432],[116.8643,33.3931],[116.225,33.3288],[116.0204,33.2002],[114.0791,33.1359],[113.9528,33.0073],[113.8244,33.0716],[113.4441,32.8788],[111.6166,32.4931],[111.1641,32.3002],[110.1709,32.3002],[109.9115,32.4288],[109.8814,32.5574],[109.5755,32.5574],[108.9569,32.1074],[108.823,31.7218],[107.9071,30.565],[105.5287,29.2152],[104.6824,28.8938],[104.3047,28.8938],[104.2924,28.5724],[103.8978,28.5081],[103.8713,28.1224],[103.5463,27.7367],[102.8525,27.6724],[102.8094,27.8009],[102.5997,27.8652],[102.623,28.251],[102.4889,28.3153],[102.5225,28.4438],[101.9866,28.701],[100.9882,28.6367],[100.9641,28.251],[101.0395,28.251],[100.9153,28.0581]],[[114.2298,22.5558],[114.183,22.5562],[114.179,22.5593],[114.2298,22.5558]],[[107.6804,21.6222],[107.7448,21.6575],[107.6903,21.6247],[107.6804,21.6222]],[[107.7986,21.6497],[107.8116,21.6478],[107.8324,21.6394],[107.7986,21.6497]],[[114.1487,22.5381],[114.162,22.5605],[114.1695,22.56],[114.1487,22.5381]]],[[[106.7656,20.8768],[106.8865,20.7961],[106.8246,20.9152],[106.7656,20.8768]]],[[[106.9099,20.8185],[106.9173,20.8113],[106.9303,20.8438],[106.9129,20.8369],[106.9099,20.8185]]],[[[107.3729,21.0596],[107.6062,21.2174],[107.5327,21.1989],[107.4553,21.2757],[107.3729,21.0596]]],[[[110.2459,20.986],[110.4322,21.0058],[110.4572,21.06],[110.2874,21.0744],[110.3352,21.0686],[110.2731,21.0611],[110.2459,20.986]]],[[[110.4177,20.6548],[110.4358,20.6385],[110.4573,20.5869],[110.4758,20.5959],[110.4714,20.6474],[110.437,20.6679],[110.4177,20.6548]]],[[[110.4177,21.1785],[110.42,21.1785],[110.4194,21.1791],[110.5587,21.1791],[110.5686,21.1915],[110.5432,21.2042],[110.4929,21.1839],[110.4634,21.1907],[110.4963,21.1952],[110.4998,21.2063],[110.4622,21.2051],[110.4177,21.1785]]],[[[110.5739,21.1791],[110.6006,21.1791],[110.617,21.1915],[110.617,21.1989],[110.594,21.2028],[110.5739,21.1791]]],[[[113.2642,22.1049],[113.3136,22.0764],[113.3648,22.1579],[113.2642,22.1049]]],[[[113.3094,22.0241],[113.3186,22.0162],[113.3689,22.0821],[113.3436,22.0685],[113.3094,22.0241]]],[[[113.3962,22.8981],[113.5946,22.7561],[113.4756,22.9007],[113.3962,22.8981]]],[[[113.4765,22.7195],[113.6418,22.6016],[113.5595,22.735],[113.4765,22.7195]]],[[[113.5058,22.9516],[113.51,22.9212],[113.545,22.88],[113.5535,22.8858],[113.5536,22.9113],[113.5292,22.9604],[113.5154,22.9692],[113.5058,22.9516]]],[[[113.5202,22.1849],[113.5247,22.1737],[113.5571,22.2025],[113.5492,22.1997],[113.5538,22.2115],[113.5365,22.2171],[113.5243,22.2126],[113.5352,22.2075],[113.5202,22.1849]]],[[[113.5322,22.1526],[113.54,22.1434],[113.5616,22.1434],[113.5741,22.1608],[113.5586,22.163],[113.5344,22.1612],[113.5322,22.1526]]],[[[113.6104,22.4133],[113.6212,22.3914],[113.6423,22.4002],[113.6424,22.4114],[113.6578,22.4238],[113.6496,22.4386],[113.6234,22.4399],[113.6118,22.4305],[113.6104,22.4133]]],[[[113.9972,22.317],[114.0189,22.2646],[114.0549,22.3363],[113.9972,22.317]]],[[[113.9975,22.265],[113.9976,22.245],[114.0073,22.2521],[113.9975,22.265]]],[[[113.9977,22.2379],[113.9978,22.2151],[114.0002,22.2161],[114.015,22.2271],[113.9977,22.2379]]],[[[114.1043,22.216],[114.1141,22.2161],[114.1108,22.1771],[114.1374,22.1788],[114.1454,22.1787],[114.1391,22.1911],[114.1546,22.2036],[114.1257,22.2052],[114.1328,22.2161],[114.1257,22.2134],[114.1067,22.2358],[114.1043,22.216]]],[[[114.1126,22.2715],[114.2561,22.2036],[114.2156,22.2856],[114.1126,22.2715]]],[[[116.9543,23.5441],[116.9953,23.5348],[117.0093,23.555],[116.9956,23.5635],[116.9543,23.5441]]],[[[117.3405,23.689],[117.3561,23.6892],[117.4185,23.758],[117.4136,23.7717],[117.3727,23.7667],[117.3767,23.7289],[117.3405,23.689]]],[[[118.07,24.4603],[118.1271,24.4312],[118.1814,24.5351],[118.0925,24.5562],[118.07,24.4603]]],[[[119.2092,26.0986],[119.2576,26.0015],[119.405,25.9779],[119.2092,26.0986]]],[[[119.2829,25.4864],[119.3354,25.4864],[119.3465,25.5667],[119.2829,25.4864]]],[[[119.2835,25.4751],[119.2969,25.4229],[119.3222,25.4329],[119.2835,25.4751]]],[[[119.554,26.0956],[119.6441,26.0784],[119.5925,26.1257],[119.554,26.0956]]],[[[119.6685,25.4879],[119.71,25.4879],[119.7,25.4319],[119.8407,25.4765],[119.7988,25.5158],[119.8745,25.5568],[119.7078,25.615],[119.7162,25.5363],[119.7783,25.522],[119.6685,25.4879]]],[[[119.7162,32.2726],[119.8193,32.2038],[119.792,32.1218],[119.9019,32.0734],[119.8143,32.2756],[119.7162,32.2726]]],[[[119.8326,26.5505],[119.886,26.5244],[119.96,26.6113],[120.1344,26.6461],[120.1021,26.6892],[120.1428,26.7328],[120.0625,26.7723],[119.8326,26.5505]]],[[[120.9419,31.8421],[120.9506,31.8252],[120.9778,31.8144],[121.0114,31.8171],[120.9419,31.8421]]],[[[121.2081,28.201],[121.257,28.2138],[121.2564,28.2148],[121.2306,28.2197],[121.2109,28.209],[121.2081,28.201]]],[[[121.212,31.8219],[121.4047,31.8032],[121.3861,31.8117],[121.3226,31.8293],[121.2641,31.8411],[121.2193,31.8295],[121.212,31.8219]]],[[[121.2202,31.7418],[121.4685,31.5894],[121.4544,31.6575],[121.2202,31.7418]]],[[[121.5735,31.529],[121.6292,31.5179],[121.6335,31.529],[121.5735,31.529]]],[[[121.5845,31.4414],[121.5968,31.4332],[121.6004,31.4425],[121.5845,31.4414]]],[[[121.6461,31.4005],[121.78,31.3252],[121.7206,31.4005],[121.6461,31.4005]]],[[[121.67,29.5125],[121.7623,29.4836],[121.764,29.5308],[121.67,29.5125]]],[[[121.7116,29.2152],[121.7743,29.2539],[121.7595,29.357],[121.7116,29.2152]]],[[[121.745,29.5447],[121.8474,29.5242],[121.7608,29.361],[121.8406,29.3188],[121.7903,29.2152],[121.9384,29.2152],[121.9104,29.5246],[121.9712,29.5933],[121.9158,29.6409],[121.745,29.5447]]],[[[121.9336,29.9213],[121.9461,29.904],[121.9741,29.8998],[121.9924,29.9083],[121.9935,29.9188],[121.9771,29.9388],[121.952,29.9467],[121.9409,29.9377],[121.9336,29.9213]]],[[[121.9946,30.0372],[122.0191,29.9972],[122.2798,29.9865],[122.2768,30.0676],[122.1033,30.1437],[122.0321,30.143],[121.9946,30.0372]]]]}},{"type":"Feature","properties":{"territoryId":"cliopatria-q783489-40987f6517","name":"Liang Dynasty","name_ko":"후량","color":"#4c3ad9","colorFamily":0,"startYear":546,"endYear":554,"source_name":"Cliopatria v0.2.0","source_url":"https://github.com/Seshat-Global-History-Databank/cliopatria","license":"CC BY 4.0","attribution":"Seshat Global History Databank, Cliopatria contributors"},"geometry":{"type":"MultiPolygon","coordinates":[[[[108.6586,18.8016],[108.7107,18.4997],[109.136,18.3612],[109.1796,18.2932],[109.7249,18.2219],[109.7393,18.2587],[109.6704,18.273],[109.7318,18.273],[109.7461,18.3959],[110.0739,18.4363],[110.0342,18.5119],[110.0881,18.5043],[110.2708,18.6682],[110.4035,18.7038],[110.3352,18.6733],[110.4035,18.6628],[110.469,18.7772],[110.5344,18.7856],[110.5034,18.8819],[110.4928,18.7931],[110.4315,18.8215],[110.5134,18.9064],[110.5823,19.1501],[110.5549,19.0873],[110.4792,19.1693],[110.5803,19.1552],[110.6697,19.3817],[110.7962,19.4846],[110.7944,19.6013],[110.8477,19.6225],[110.8218,19.5678],[110.8765,19.5398],[111.0347,19.6422],[110.9346,19.9951],[110.7883,20.0104],[110.6706,20.1505],[110.6056,20.1076],[110.6058,19.9232],[110.5276,20.0202],[110.3766,20.0538],[110.4109,19.9234],[110.3447,20.0581],[110.157,20.0674],[110.0682,19.9848],[110.1496,20.0066],[110.1227,19.9743],[109.9901,19.906],[109.9426,19.9909],[109.8355,19.9309],[109.8159,19.9912],[109.7181,19.9575],[109.719,20.0106],[109.527,19.9514],[109.5202,19.8825],[109.5817,19.8557],[109.465,19.8341],[109.3114,19.9195],[109.2551,19.8983],[109.2111,19.7497],[109.3074,19.7869],[109.3074,19.7111],[109.2112,19.7248],[108.9448,19.492],[108.7042,19.3779],[108.6586,18.8016]]],[[[109.9686,18.3936],[110.0045,18.4082],[109.9686,18.4055],[109.9686,18.3936]]],[[[100.9153,28.0581],[101.0499,27.9938],[101.0143,27.5438],[101.0896,27.5438],[101.1965,26.3865],[101.3981,25.9365],[101.4623,25.165],[101.8109,24.2649],[102.9898,23.3649],[104.9046,23.2363],[104.9561,23.1077],[105.1166,23.172],[105.2143,23.3006],[105.4379,23.3006],[105.7526,22.9791],[106.1995,22.9791],[106.3254,22.8506],[106.7093,22.9148],[106.7722,22.8506],[106.607,22.3363],[106.7113,22.0791],[107.2398,21.6934],[107.4627,21.6934],[107.5894,21.5648],[107.9719,21.6291],[108.0711,21.5366],[108.2383,21.6439],[108.2255,21.5094],[108.314,21.5819],[108.3413,21.7258],[108.471,21.6713],[108.3897,21.5751],[108.471,21.562],[108.5654,21.6785],[108.4778,21.6986],[108.5051,21.7879],[108.458,21.9177],[108.4915,21.8563],[108.5733,21.9518],[108.5603,21.8955],[108.6355,21.8903],[108.5714,21.8128],[108.5945,21.7402],[108.677,21.8153],[108.6492,21.7333],[108.7249,21.7464],[108.7127,21.6884],[108.8371,21.666],[108.7796,21.7258],[108.8347,21.7258],[108.8326,21.7838],[108.7796,21.8153],[108.8614,21.8153],[108.8695,21.7538],[108.9241,21.7668],[108.8655,21.7397],[108.8695,21.6713],[109.1358,21.603],[109.1387,21.4016],[109.2146,21.4174],[109.2388,21.4857],[109.245,21.4316],[109.5308,21.4916],[109.5728,21.5817],[109.4647,21.6645],[109.521,21.6658],[109.4927,21.6986],[109.5677,21.76],[109.608,21.5751],[109.677,21.6234],[109.6497,21.5205],[109.7698,21.4936],[109.7732,21.5819],[109.8312,21.4759],[109.9444,21.4931],[109.9241,21.3628],[109.8466,21.3582],[109.696,20.8577],[109.7702,20.8577],[109.7869,20.6911],[109.8604,20.7155],[109.7806,20.685],[109.8211,20.5546],[109.8482,20.5956],[109.8227,20.5207],[109.9232,20.451],[109.9309,20.5063],[110.0155,20.4184],[109.9824,20.3515],[109.9174,20.4171],[109.9172,20.2393],[110.0379,20.3017],[110.1275,20.248],[110.2939,20.2585],[110.4068,20.3052],[110.5342,20.4783],[110.4789,20.5677],[110.3008,20.6571],[110.3418,20.8215],[110.3565,20.7323],[110.4094,20.751],[110.369,20.8489],[110.1567,20.8489],[110.1431,20.9923],[110.1956,21.0713],[110.2188,21.0276],[110.3994,21.1766],[110.3281,21.3355],[110.3895,21.3287],[110.3585,21.4357],[110.4373,21.3975],[110.4339,21.3088],[110.4863,21.3355],[110.4448,21.3076],[110.4789,21.2734],[110.4243,21.2877],[110.4312,21.1915],[110.6365,21.2302],[110.6356,21.381],[110.76,21.4447],[110.6365,21.3703],[110.6433,21.3218],[110.6776,21.3485],[110.6509,21.2604],[110.7682,21.3975],[110.8699,21.3832],[111.0686,21.4726],[110.9797,21.4447],[111.0276,21.5409],[111.1436,21.4658],[111.2263,21.4993],[111.158,21.5136],[111.1924,21.5312],[111.3108,21.4671],[111.4043,21.5267],[111.3628,21.5412],[111.438,21.5341],[111.4322,21.603],[111.4761,21.5136],[111.5956,21.5341],[111.5819,21.5819],[111.6305,21.5299],[111.7796,21.6754],[111.6781,21.7812],[111.8351,21.7668],[111.8325,21.7233],[112.0003,21.7743],[111.9041,21.8153],[111.8904,21.9251],[111.9692,21.824],[112.0413,21.8842],[112.0282,21.7973],[112.1926,21.8432],[112.1824,21.753],[112.2902,21.7101],[112.4021,21.8014],[112.3565,21.9797],[112.3975,22.0685],[112.3906,21.9555],[112.4937,21.9661],[112.4111,21.9012],[112.426,21.8452],[112.5509,21.7729],[112.826,21.9661],[112.8752,21.8863],[112.9665,21.8863],[113.0851,22.2076],[113.1164,22.076],[113.2306,22.0432],[113.3027,22.1833],[113.402,22.1796],[113.1602,22.4876],[113.1653,22.5756],[113.4837,22.1551],[113.5877,22.2379],[113.6104,22.3702],[113.5464,22.4376],[113.5992,22.5752],[113.3775,22.7674],[113.4942,22.7748],[113.3504,22.8897],[113.213,22.9045],[113.484,22.9243],[113.5023,23.0204],[113.4175,23.097],[113.5091,23.0622],[113.7031,23.1578],[113.8301,23.1175],[113.7202,23.1379],[113.5364,23.0631],[113.5762,22.9387],[113.6172,23.0349],[113.5967,22.9182],[113.6382,23.0349],[113.5923,22.8891],[113.6536,22.7587],[113.7581,22.7534],[113.8695,22.5034],[114.0915,22.5344],[113.9808,22.4695],[113.9969,22.3606],[114.1048,22.3699],[114.1719,22.2887],[114.2555,22.3223],[114.2967,22.2583],[114.2584,22.3621],[114.3186,22.3894],[114.3576,22.3324],[114.3997,22.4361],[114.3476,22.4229],[114.3237,22.48],[114.2093,22.3987],[114.1675,22.4481],[114.3351,22.5064],[114.2093,22.5237],[114.2298,22.5558],[114.3958,22.6135],[114.5158,22.4526],[114.6049,22.5327],[114.4954,22.562],[114.5903,22.6439],[114.5066,22.6465],[114.5221,22.706],[114.6955,22.7926],[114.817,22.8004],[114.742,22.7327],[114.7438,22.6094],[114.8658,22.6017],[114.896,22.5475],[114.9666,22.6765],[114.8625,22.7632],[114.9853,22.6893],[115.0655,22.796],[115.1803,22.7848],[115.3038,22.903],[115.3202,22.8505],[115.2334,22.7882],[115.4112,22.7883],[115.3385,22.7331],[115.3735,22.6942],[115.5752,22.6683],[115.5901,22.7372],[115.5556,22.7144],[115.527,22.767],[115.6121,22.8636],[115.468,22.8493],[115.483,22.9018],[115.406,22.925],[115.5476,22.8954],[115.5606,22.8493],[115.7303,22.9342],[115.697,22.8507],[115.8075,22.8033],[116.0762,22.8679],[116.0421,22.9329],[116.1237,22.8947],[116.0865,22.8458],[116.1537,22.856],[116.2815,22.9579],[116.2136,22.9828],[116.4947,22.9394],[116.6045,23.2096],[116.5089,23.2341],[116.6115,23.2387],[116.6511,23.172],[116.7151,23.2438],[116.6672,23.2813],[116.8035,23.2346],[116.7486,23.3263],[116.573,23.3237],[116.5232,23.4185],[116.7732,23.3494],[116.9165,23.6627],[116.9507,23.6109],[117.0684,23.6513],[117.0842,23.5506],[117.2192,23.6296],[117.2295,23.6928],[117.239,23.6055],[117.2774,23.7822],[117.4343,23.7759],[117.4901,23.8326],[117.4166,23.9468],[117.5711,23.9033],[117.626,23.8149],[117.7088,24.0355],[117.6671,24.0627],[117.7633,24.0703],[117.7981,24.0218],[117.76,23.9716],[117.8952,24.0696],[117.9073,24.1863],[117.9436,24.2126],[117.9788,24.1621],[118.0867,24.2497],[118.0906,24.3415],[118.0159,24.3269],[118.043,24.4067],[117.9073,24.3849],[117.7913,24.4675],[118.0217,24.4457],[118.0581,24.5159],[117.9749,24.5527],[118.0374,24.5606],[118.0444,24.6177],[118.1104,24.5841],[118.1605,24.6934],[118.219,24.5414],[118.4048,24.6066],[118.4312,24.6997],[118.4281,24.6313],[118.6471,24.5746],[118.6421,24.6787],[118.763,24.7627],[118.7018,24.81],[118.638,24.7721],[118.572,24.8852],[118.6712,24.8747],[118.6677,24.9534],[118.7295,24.9005],[118.7161,24.8436],[118.9229,24.8959],[118.9116,24.9534],[119.009,24.9473],[119.0042,25.0502],[118.9537,25.003],[118.8491,25.0738],[118.943,25.1088],[118.9746,25.1826],[118.8756,25.2438],[119.0273,25.2782],[118.9693,25.2264],[119.0689,25.2167],[119.0291,25.1405],[119.0929,25.1136],[119.1531,25.1397],[119.1161,25.2138],[119.2813,25.1794],[119.2725,25.2318],[119.3475,25.2678],[119.243,25.3302],[119.2013,25.2597],[119.2034,25.3581],[119.1732,25.3251],[119.1025,25.4203],[119.2378,25.4818],[119.3052,25.6046],[119.3809,25.5909],[119.3565,25.5269],[119.4491,25.5053],[119.447,25.4388],[119.5073,25.4744],[119.4832,25.3712],[119.5477,25.3838],[119.5386,25.4612],[119.5882,25.3966],[119.64,25.413],[119.5726,25.4879],[119.5794,25.5847],[119.4924,25.5648],[119.4491,25.6872],[119.5719,25.6802],[119.6209,25.7603],[119.5664,25.8721],[119.5999,25.8442],[119.6954,26.0026],[119.5191,26.0445],[119.3298,25.9443],[119.2468,25.9672],[119.1952,26.0876],[119.0935,26.1458],[119.4585,25.9825],[119.6682,26.2215],[119.6543,26.2724],[119.9253,26.3474],[119.8258,26.4269],[119.6819,26.3171],[119.6484,26.4374],[119.5664,26.4549],[119.6537,26.498],[119.7918,26.4133],[119.7849,26.5778],[119.6751,26.6188],[119.5999,26.5704],[119.5411,26.6563],[119.5999,26.6461],[119.606,26.6945],[119.5521,26.7491],[119.606,26.7969],[119.7249,26.6978],[119.6858,26.812],[119.7562,26.7377],[119.782,26.8285],[119.8463,26.8522],[119.7974,26.8164],[119.8401,26.79],[119.7918,26.6877],[119.8292,26.715],[119.9016,26.6597],[119.9251,26.7922],[120.0673,26.7965],[120.032,26.8999],[120.2374,26.9272],[120.1487,26.9819],[120.2552,26.9971],[120.2163,27.0371],[120.2783,27.0638],[120.2437,27.1327],[120.3618,27.1009],[120.4076,27.158],[120.3473,27.1805],[120.3473,27.2426],[120.1824,27.2169],[120.1958,27.2978],[120.3119,27.3177],[120.3031,27.2423],[120.4292,27.1737],[120.4217,27.2221],[120.5178,27.2016],[120.5493,27.321],[120.5049,27.345],[120.5459,27.4033],[120.6353,27.3797],[120.682,27.4816],[120.5966,27.5703],[120.6756,27.6597],[120.6353,27.7633],[120.7077,27.7134],[120.8408,27.9487],[120.589,28.0267],[120.5596,28.1128],[120.606,28.0422],[120.8803,27.9986],[120.9969,28.0425],[121.0689,28.1569],[121.1081,28.2834],[121.025,28.3046],[121.1138,28.3017],[121.169,28.3848],[121.2647,28.366],[121.2031,28.3319],[121.2672,28.2164],[121.4132,28.2546],[121.4731,28.3306],[121.6398,28.3137],[121.6077,28.4772],[121.5116,28.4895],[121.5816,28.5047],[121.5101,28.6571],[121.2584,28.6751],[121.2993,28.7229],[121.1423,28.8459],[121.3512,28.7119],[121.6214,28.7359],[121.6699,28.8253],[121.4978,28.9497],[121.7178,28.9488],[121.6419,29.0513],[121.5321,29.0205],[121.6214,29.1133],[121.4017,29.1065],[121.5561,29.2729],[121.5851,29.479],[121.4849,29.3905],[121.5049,29.4838],[121.4426,29.4154],[121.4434,29.5242],[121.6873,29.5626],[122.0074,29.8874],[121.7219,29.9605],[121.4054,30.3079],[121.1328,30.3079],[120.8088,30.1151],[120.6944,30.1721],[120.6463,30.1269],[120.7922,30.0661],[120.6318,30.1224],[120.7314,30.2338],[120.6216,30.3726],[120.4505,30.3689],[120.3847,30.2496],[120.2744,30.2776],[120.1471,30.1989],[120.2579,30.2981],[120.379,30.2735],[120.4791,30.4035],[120.6981,30.394],[120.7883,30.2938],[120.9981,30.5579],[121.5192,30.822],[121.9131,30.859],[121.9551,30.9713],[121.7252,31.2816],[121.3203,31.5048],[121.1444,31.6847],[120.7315,31.8139],[120.7171,31.8611],[120.8248,31.8287],[120.7504,31.9783],[120.4695,32.0251],[120.23,31.9089],[120.0064,31.9503],[119.7725,32.1268],[119.7886,32.1986],[119.6904,32.2353],[119.606,32.1969],[119.6854,32.2924],[119.6129,32.3546],[119.8421,32.2991],[119.992,32.0159],[120.1314,31.9432],[120.2671,31.9487],[120.4908,32.0825],[120.6344,32.077],[120.8108,32.0226],[120.9407,31.8482],[121.1641,31.8265],[121.2864,31.8906],[121.8173,31.6909],[121.9173,31.7616],[121.7986,31.9705],[121.4434,32.1143],[121.3608,32.2316],[121.4193,32.2503],[121.3894,32.3849],[121.1008,32.498],[120.8303,32.6977],[120.9048,32.8126],[120.8958,33.0136],[120.8259,33.0302],[120.807,33.1378],[120.7302,33.2049],[120.7503,33.2696],[120.6672,33.3251],[120.6344,33.4669],[120.4837,33.65],[120.5049,33.7356],[120.3997,33.8693],[120.2571,34.3118],[119.6477,34.5338],[119.4422,34.746],[119.3421,34.7774],[119.2034,34.7119],[119.1909,34.7691],[118.8019,34.3577],[118.0466,33.8432],[116.8643,33.3931],[116.225,33.3288],[116.0204,33.2002],[114.0791,33.1359],[113.9528,33.0073],[113.8244,33.0716],[113.4441,32.8788],[111.6166,32.4931],[111.1641,32.3002],[110.1709,32.3002],[109.9115,32.4288],[109.8814,32.5574],[109.5755,32.5574],[108.9569,32.1074],[108.823,31.7218],[107.9071,30.565],[105.5287,29.2152],[104.6824,28.8938],[104.3047,28.8938],[104.2924,28.5724],[103.8978,28.5081],[103.8713,28.1224],[103.5463,27.7367],[102.8525,27.6724],[102.8094,27.8009],[102.5997,27.8652],[102.623,28.251],[102.4889,28.3153],[102.5225,28.4438],[101.9866,28.701],[100.9882,28.6367],[100.9641,28.251],[101.0395,28.251],[100.9153,28.0581]],[[114.2298,22.5558],[114.183,22.5562],[114.179,22.5593],[114.2298,22.5558]],[[107.6804,21.6222],[107.7448,21.6575],[107.6903,21.6247],[107.6804,21.6222]],[[107.7986,21.6497],[107.8116,21.6478],[107.8324,21.6394],[107.7986,21.6497]],[[114.1487,22.5381],[114.162,22.5605],[114.1695,22.56],[114.1487,22.5381]]],[[[110.2459,20.986],[110.4322,21.0058],[110.4572,21.06],[110.2874,21.0744],[110.3352,21.0686],[110.2731,21.0611],[110.2459,20.986]]],[[[110.4177,20.6548],[110.4358,20.6385],[110.4573,20.5869],[110.4758,20.5959],[110.4714,20.6474],[110.437,20.6679],[110.4177,20.6548]]],[[[110.4177,21.1785],[110.42,21.1785],[110.4194,21.1791],[110.5587,21.1791],[110.5686,21.1915],[110.5432,21.2042],[110.4929,21.1839],[110.4634,21.1907],[110.4963,21.1952],[110.4998,21.2063],[110.4622,21.2051],[110.4177,21.1785]]],[[[110.5739,21.1791],[110.6006,21.1791],[110.617,21.1915],[110.617,21.1989],[110.594,21.2028],[110.5739,21.1791]]],[[[113.2642,22.1049],[113.3136,22.0764],[113.3648,22.1579],[113.2642,22.1049]]],[[[113.3094,22.0241],[113.3186,22.0162],[113.3689,22.0821],[113.3436,22.0685],[113.3094,22.0241]]],[[[113.3962,22.8981],[113.5946,22.7561],[113.4756,22.9007],[113.3962,22.8981]]],[[[113.4765,22.7195],[113.6418,22.6016],[113.5595,22.735],[113.4765,22.7195]]],[[[113.5058,22.9516],[113.51,22.9212],[113.545,22.88],[113.5535,22.8858],[113.5536,22.9113],[113.5292,22.9604],[113.5154,22.9692],[113.5058,22.9516]]],[[[113.5202,22.1849],[113.5247,22.1737],[113.5571,22.2025],[113.5492,22.1997],[113.5538,22.2115],[113.5365,22.2171],[113.5243,22.2126],[113.5352,22.2075],[113.5202,22.1849]]],[[[113.5322,22.1526],[113.54,22.1434],[113.5616,22.1434],[113.5741,22.1608],[113.5586,22.163],[113.5344,22.1612],[113.5322,22.1526]]],[[[113.6104,22.4133],[113.6212,22.3914],[113.6423,22.4002],[113.6424,22.4114],[113.6578,22.4238],[113.6496,22.4386],[113.6234,22.4399],[113.6118,22.4305],[113.6104,22.4133]]],[[[113.9972,22.317],[114.0189,22.2646],[114.0549,22.3363],[113.9972,22.317]]],[[[113.9975,22.265],[113.9976,22.245],[114.0073,22.2521],[113.9975,22.265]]],[[[113.9977,22.2379],[113.9978,22.2151],[114.0002,22.2161],[114.015,22.2271],[113.9977,22.2379]]],[[[114.1043,22.216],[114.1141,22.2161],[114.1108,22.1771],[114.1374,22.1788],[114.1454,22.1787],[114.1391,22.1911],[114.1546,22.2036],[114.1257,22.2052],[114.1328,22.2161],[114.1257,22.2134],[114.1067,22.2358],[114.1043,22.216]]],[[[114.1126,22.2715],[114.2561,22.2036],[114.2156,22.2856],[114.1126,22.2715]]],[[[116.9543,23.5441],[116.9953,23.5348],[117.0093,23.555],[116.9956,23.5635],[116.9543,23.5441]]],[[[117.3405,23.689],[117.3561,23.6892],[117.4185,23.758],[117.4136,23.7717],[117.3727,23.7667],[117.3767,23.7289],[117.3405,23.689]]],[[[118.07,24.4603],[118.1271,24.4312],[118.1814,24.5351],[118.0925,24.5562],[118.07,24.4603]]],[[[119.2092,26.0986],[119.2576,26.0015],[119.405,25.9779],[119.2092,26.0986]]],[[[119.2829,25.4864],[119.3354,25.4864],[119.3465,25.5667],[119.2829,25.4864]]],[[[119.2835,25.4751],[119.2969,25.4229],[119.3222,25.4329],[119.2835,25.4751]]],[[[119.554,26.0956],[119.6441,26.0784],[119.5925,26.1257],[119.554,26.0956]]],[[[119.6685,25.4879],[119.71,25.4879],[119.7,25.4319],[119.8407,25.4765],[119.7988,25.5158],[119.8745,25.5568],[119.7078,25.615],[119.7162,25.5363],[119.7783,25.522],[119.6685,25.4879]]],[[[119.7162,32.2726],[119.8193,32.2038],[119.792,32.1218],[119.9019,32.0734],[119.8143,32.2756],[119.7162,32.2726]]],[[[119.8326,26.5505],[119.886,26.5244],[119.96,26.6113],[120.1344,26.6461],[120.1021,26.6892],[120.1428,26.7328],[120.0625,26.7723],[119.8326,26.5505]]],[[[120.9419,31.8421],[120.9506,31.8252],[120.9778,31.8144],[121.0114,31.8171],[120.9419,31.8421]]],[[[121.2081,28.201],[121.257,28.2138],[121.2564,28.2148],[121.2306,28.2197],[121.2109,28.209],[121.2081,28.201]]],[[[121.212,31.8219],[121.4047,31.8032],[121.3861,31.8117],[121.3226,31.8293],[121.2641,31.8411],[121.2193,31.8295],[121.212,31.8219]]],[[[121.2202,31.7418],[121.4685,31.5894],[121.4544,31.6575],[121.2202,31.7418]]],[[[121.5735,31.529],[121.6292,31.5179],[121.6335,31.529],[121.5735,31.529]]],[[[121.5845,31.4414],[121.5968,31.4332],[121.6004,31.4425],[121.5845,31.4414]]],[[[121.6461,31.4005],[121.78,31.3252],[121.7206,31.4005],[121.6461,31.4005]]],[[[121.67,29.5125],[121.7623,29.4836],[121.764,29.5308],[121.67,29.5125]]],[[[121.7116,29.2152],[121.7743,29.2539],[121.7595,29.357],[121.7116,29.2152]]],[[[121.745,29.5447],[121.8474,29.5242],[121.7608,29.361],[121.8406,29.3188],[121.7903,29.2152],[121.9384,29.2152],[121.9104,29.5246],[121.9712,29.5933],[121.9158,29.6409],[121.745,29.5447]]],[[[121.9336,29.9213],[121.9461,29.904],[121.9741,29.8998],[121.9924,29.9083],[121.9935,29.9188],[121.9771,29.9388],[121.952,29.9467],[121.9409,29.9377],[121.9336,29.9213]]],[[[121.9946,30.0372],[122.0191,29.9972],[122.2798,29.9865],[122.2768,30.0676],[122.1033,30.1437],[122.0321,30.143],[121.9946,30.0372]]]]}},{"type":"Feature","properties":{"territoryId":"cliopatria-q130900-322c6a5205","name":"Lombards","name_ko":"랑고바르드족","color":"#782ce8","colorFamily":4,"startYear":500,"endYear":539,"source_name":"Cliopatria v0.2.0","source_url":"https://github.com/Seshat-Global-History-Databank/cliopatria","license":"CC BY 4.0","attribution":"Seshat Global History Databank, Cliopatria contributors"},"geometry":{"type":"Polygon","coordinates":[[[13.6838,48.5881],[13.7642,48.4559],[14.2576,48.2578],[16.9093,48.2578],[16.8369,48.522],[16.9199,48.522],[16.928,48.7204],[16.8476,48.7865],[16.0991,48.7865],[15.1923,49.0513],[14.9424,49.0513],[14.682,48.6542],[14.1005,48.6542],[13.8553,48.8527],[13.6889,48.8527],[13.6838,48.5881]],[[13.8692,48.7538],[13.8749,48.7524],[13.9078,48.7376],[13.8692,48.7538]],[[13.988,48.7016],[13.9911,48.7002],[14.0321,48.6673],[14.0324,48.6632],[13.988,48.7016]],[[14.0062,48.6395],[14.0326,48.6596],[14.0329,48.6549],[14.0062,48.6395]],[[14.0408,48.6012],[14.2165,48.5812],[14.0748,48.5917],[14.0408,48.6012]],[[14.3209,48.5595],[14.4054,48.5863],[14.3254,48.5586],[14.3209,48.5595]],[[14.9646,48.9717],[14.9789,49.0063],[14.9815,49.0067],[14.9646,48.9717]],[[14.987,49.0074],[15.004,49.0098],[15.1374,48.993],[14.987,49.0074]]]}},{"type":"Feature","properties":{"territoryId":"cliopatria-q130900-322c6a5205","name":"Lombards","name_ko":"랑고바르드족","color":"#782ce8","colorFamily":4,"startYear":540,"endYear":545,"source_name":"Cliopatria v0.2.0","source_url":"https://github.com/Seshat-Global-History-Databank/cliopatria","license":"CC BY 4.0","attribution":"Seshat Global History Databank, Cliopatria contributors"},"geometry":{"type":"Polygon","coordinates":[[[13.6838,48.5881],[13.7642,48.4559],[14.4217,48.1917],[14.7565,48.3238],[15.171,48.3238],[15.4985,48.1917],[16.0783,48.1917],[16.5803,48.3238],[16.8264,48.2578],[16.9093,48.2578],[16.8369,48.522],[16.9199,48.522],[16.928,48.7204],[16.8476,48.7865],[16.0991,48.7865],[15.1923,49.0513],[14.9424,49.0513],[14.682,48.6542],[14.1005,48.6542],[13.8553,48.8527],[13.6889,48.8527],[13.6838,48.5881]],[[13.8692,48.7538],[13.8749,48.7524],[13.9078,48.7376],[13.8692,48.7538]],[[13.988,48.7016],[13.9911,48.7002],[14.0321,48.6673],[14.0324,48.6632],[13.988,48.7016]],[[14.0062,48.6395],[14.0326,48.6596],[14.0329,48.6549],[14.0062,48.6395]],[[14.0408,48.6012],[14.2165,48.5812],[14.0748,48.5917],[14.0408,48.6012]],[[14.3209,48.5595],[14.4054,48.5863],[14.3254,48.5586],[14.3209,48.5595]],[[14.9646,48.9717],[14.9789,49.0063],[14.9815,49.0067],[14.9646,48.9717]],[[14.987,49.0074],[15.004,49.0098],[15.1374,48.993],[14.987,49.0074]]]}},{"type":"Feature","properties":{"territoryId":"cliopatria-q130900-322c6a5205","name":"Lombards","name_ko":"랑고바르드족","color":"#782ce8","colorFamily":4,"startYear":546,"endYear":554,"source_name":"Cliopatria v0.2.0","source_url":"https://github.com/Seshat-Global-History-Databank/cliopatria","license":"CC BY 4.0","attribution":"Seshat Global History Databank, Cliopatria contributors"},"geometry":{"type":"MultiPolygon","coordinates":[[[[13.6549,47.0058],[13.7253,46.3489],[13.9684,46.2177],[13.9659,46.0865],[14.5336,45.8898],[14.6891,45.5623],[14.9335,45.5623],[15.1675,45.1696],[15.4852,44.908],[15.6475,44.908],[15.6417,44.7119],[15.8849,44.7119],[16.0387,44.4507],[16.1984,44.3854],[16.1941,44.2548],[16.3558,44.2548],[16.4277,43.9938],[17.1467,43.7982],[17.2222,43.6678],[17.8557,43.4072],[18.5023,43.4723],[18.4963,43.3421],[19.3808,43.3421],[19.3136,43.6027],[19.4747,43.6027],[19.4109,43.9286],[19.6599,44.0591],[19.6704,44.2548],[19.9236,44.4507],[19.9344,44.6466],[19.6242,44.908],[19.1406,44.9734],[19.2384,45.3004],[18.9976,45.3659],[19.0041,45.4968],[18.9227,45.4968],[18.9259,45.5623],[18.7788,45.8898],[18.8604,45.8898],[18.8716,45.9208],[18.8283,45.9057],[18.873,45.9247],[19.0501,46.4145],[18.8141,46.6115],[18.8337,47.0058],[18.9981,47.0058],[19.1798,47.3348],[19.6926,47.6641],[19.6963,47.73],[19.5275,47.6641],[19.4522,47.7959],[19.1253,47.8619],[18.8739,47.7959],[18.798,47.9278],[18.626,47.7959],[17.6346,47.7959],[17.3124,47.9938],[17.1757,48.0157],[17.0856,47.9701],[17.1746,48.0161],[17.0669,48.0597],[17.0723,48.1917],[16.904,48.1257],[16.6632,48.3238],[16.3316,48.3238],[16.0783,48.1917],[15.4985,48.1917],[14.9241,48.3899],[14.6719,48.2578],[14.4249,48.3238],[14.4171,47.9938],[14.5809,47.9278],[14.5778,47.7959],[13.7455,47.4665],[13.6549,47.0058]],[[14.1499,46.4401],[14.3958,46.441],[14.3993,46.4393],[14.1499,46.4401]],[[14.412,46.4332],[14.4509,46.4145],[14.42,46.4244],[14.412,46.4332]],[[15.972,46.8206],[15.9817,46.8277],[16.0941,46.8629],[16.094,46.8628],[15.972,46.8206]],[[16.2337,46.4787],[16.2349,46.4933],[16.2509,46.405],[16.2337,46.4787]],[[16.3476,46.5436],[16.3579,46.547],[16.3517,46.5395],[16.3476,46.5436]],[[17.0386,46.169],[17.0889,46.1362],[17.0529,46.1535],[17.0386,46.169]],[[17.1069,46.1276],[17.2086,46.1166],[17.1162,46.1231],[17.1069,46.1276]],[[18.6487,45.0627],[18.6713,45.0869],[18.6766,45.086],[18.6487,45.0627]],[[18.6798,45.0855],[18.6841,45.0848],[18.7383,45.0159],[18.6798,45.0855]],[[18.8896,44.8612],[19.0158,44.8656],[19.0726,44.8767],[19.0684,44.8748],[19.005,44.8633],[18.8896,44.8612]],[[19.1228,43.5359],[19.2175,43.5328],[19.1953,43.5328],[19.1228,43.5359]],[[19.2435,44.002],[19.2728,44.0124],[19.2814,44.0115],[19.2435,44.002]],[[19.2925,44.0103],[19.3006,44.0095],[19.3646,43.9733],[19.2925,44.0103]],[[19.3074,44.2742],[19.3243,44.264],[19.3319,44.2539],[19.3074,44.2742]],[[19.3415,44.8988],[19.3532,44.899],[19.3644,44.889],[19.3415,44.8988]],[[19.3454,44.2358],[19.354,44.2243],[19.3624,44.1912],[19.3454,44.2358]],[[19.3624,44.1912],[19.4426,44.1432],[19.3812,44.1771],[19.3624,44.1912]],[[19.3696,44.8842],[19.3728,44.8814],[19.3766,44.863],[19.3696,44.8842]]],[[[16.9066,48.1917],[16.9895,48.1917],[16.9921,48.2578],[16.9093,48.2578],[16.9066,48.1917]]],[[[16.8264,48.2578],[16.9093,48.2578],[16.9119,48.3238],[16.829,48.3238],[16.8264,48.2578]]]]}},{"type":"Feature","properties":{"territoryId":"cliopatria-q6737189-df948d7b0c","name":"Maitraka Dynasty","name_ko":"마이트라카 왕조","color":"#e3e82c","colorFamily":1,"startYear":476,"endYear":533,"source_name":"Cliopatria v0.2.0","source_url":"https://github.com/Seshat-Global-History-Databank/cliopatria","license":"CC BY 4.0","attribution":"Seshat Global History Databank, Cliopatria contributors"},"geometry":{"type":"MultiPolygon","coordinates":[[[[68.4175,23.5715],[68.4422,23.5256],[68.4373,23.5488],[68.4813,23.5251],[68.4586,23.4952],[68.4985,23.4212],[68.5364,23.4213],[68.5151,23.3993],[68.5292,23.3641],[68.6069,23.3256],[68.5717,23.3183],[68.8171,23.0537],[69.6646,22.7591],[69.7421,22.7798],[69.8332,22.8585],[70.1354,22.93],[70.1095,22.9592],[70.1306,22.994],[70.1631,22.949],[70.222,22.9592],[70.2331,23.0001],[70.3035,22.9381],[70.3395,22.9397],[70.4091,23.0093],[70.4107,23.086],[70.4671,23.1297],[70.5029,23.1044],[70.5285,23.0471],[70.5047,22.9796],[70.3776,22.9046],[70.1785,22.562],[69.8328,22.4629],[69.807,22.421],[69.7704,22.443],[69.6694,22.4092],[69.6161,22.3559],[69.5597,22.3758],[69.2121,22.2739],[69.1738,22.3083],[69.1841,22.348],[69.0484,22.4313],[68.9699,22.2903],[70.4851,20.8402],[71.0286,20.7406],[72.0152,21.1557],[72.254,21.531],[72.2104,21.7282],[72.1202,21.7776],[72.0218,21.7743],[71.9946,21.8395],[72.0042,21.8577],[72.0514,21.8389],[72.0781,21.8689],[72.058,21.8987],[72.0912,21.8838],[72.1241,21.9208],[72.0287,21.9388],[72.1021,21.9451],[72.0765,21.9797],[72.1281,21.9835],[72.097,22.007],[72.173,21.9757],[72.2744,22.0897],[72.3064,22.1892],[72.1488,22.2779],[72.2063,22.2739],[72.2085,22.3004],[72.2404,22.3019],[72.2721,22.2645],[72.3285,22.2612],[72.3972,22.3668],[72.3911,22.2576],[72.514,22.2505],[72.5737,22.2882],[72.7566,22.2437],[72.8182,22.2734],[72.9175,22.2714],[72.916,22.2231],[72.8123,22.2341],[72.7482,22.164],[72.6648,22.192],[72.553,22.16],[72.5223,21.9762],[72.7345,21.9866],[72.6816,21.9393],[72.5431,21.6966],[73.132,21.7578],[72.7176,21.5513],[72.6691,21.4586],[72.7383,21.4829],[72.7471,21.4529],[72.7283,21.4658],[72.6459,21.4143],[72.6238,21.372],[72.6704,21.2399],[73.3061,21.3266],[74.0327,21.6507],[74.0028,23.5983],[71.9063,24.0391],[70.055,24.1209],[69.8924,23.9816],[68.7638,23.8426],[68.4175,23.5715]]],[[[69.0488,22.4321],[69.0536,22.436],[69.0517,22.4373],[69.0488,22.4321]]],[[[72.2131,22.2679],[72.2443,22.2661],[72.2461,22.2756],[72.2404,22.2882],[72.2131,22.2679]]],[[[68.5358,23.7642],[68.6069,23.7937],[68.6087,23.7964],[68.5455,23.7753],[68.5358,23.7642]]]]}},{"type":"Feature","properties":{"territoryId":"cliopatria-q6737189-df948d7b0c","name":"Maitraka Dynasty","name_ko":"마이트라카 왕조","color":"#e3e82c","colorFamily":1,"startYear":534,"endYear":554,"source_name":"Cliopatria v0.2.0","source_url":"https://github.com/Seshat-Global-History-Databank/cliopatria","license":"CC BY 4.0","attribution":"Seshat Global History Databank, Cliopatria contributors"},"geometry":{"type":"MultiPolygon","coordinates":[[[[68.4175,23.5715],[68.441,23.5313],[68.4813,23.5251],[68.4611,23.497],[68.5043,23.4231],[68.5364,23.4213],[68.5175,23.4005],[68.5426,23.3576],[68.6069,23.3256],[68.5662,23.3172],[68.5991,23.2611],[68.6231,23.2676],[68.6407,23.1899],[69.2359,22.8485],[69.6646,22.7591],[69.7421,22.7798],[69.8332,22.8585],[70.1354,22.93],[70.1095,22.9592],[70.1306,22.994],[70.1631,22.949],[70.222,22.9592],[70.2331,23.0001],[70.3035,22.9381],[70.3395,22.9397],[70.4091,23.0093],[70.4107,23.086],[70.4671,23.1297],[70.5029,23.1044],[70.5285,23.0471],[70.5047,22.9796],[70.3776,22.9046],[70.1785,22.562],[69.8328,22.4629],[69.807,22.421],[69.7704,22.443],[69.6694,22.4092],[69.6161,22.3559],[69.5597,22.3758],[69.2121,22.2739],[69.1738,22.3083],[69.1841,22.348],[69.0484,22.4313],[68.9699,22.2903],[70.4851,20.8402],[71.0286,20.7406],[72.0152,21.1557],[72.254,21.531],[72.2104,21.7282],[72.1202,21.7776],[72.0218,21.7743],[71.9946,21.8395],[72.0042,21.8577],[72.0514,21.8389],[72.0781,21.8689],[72.058,21.8987],[72.0912,21.8838],[72.1241,21.9208],[72.0287,21.9388],[72.1021,21.9451],[72.0765,21.9797],[72.1281,21.9835],[72.097,22.007],[72.173,21.9757],[72.2744,22.0897],[72.3064,22.1892],[72.1488,22.2779],[72.2063,22.2739],[72.2085,22.3004],[72.2404,22.3019],[72.2721,22.2645],[72.3285,22.2612],[72.3972,22.3668],[72.3911,22.2576],[72.514,22.2505],[72.5737,22.2882],[72.7566,22.2437],[72.8182,22.2734],[72.9175,22.2714],[72.916,22.2231],[72.8123,22.2341],[72.7482,22.164],[72.6648,22.192],[72.553,22.16],[72.5223,21.9762],[72.7345,21.9866],[72.6816,21.9393],[72.5431,21.6966],[73.132,21.7578],[72.7176,21.5513],[72.6691,21.4586],[72.7383,21.4829],[72.7471,21.4529],[72.7283,21.4658],[72.6459,21.4143],[72.6238,21.372],[72.6704,21.2399],[73.3061,21.3266],[74.0327,21.6507],[74.0028,23.5983],[71.9063,24.0391],[70.055,24.1209],[69.8924,23.9816],[68.7638,23.8426],[68.4175,23.5715]]],[[[69.0488,22.4321],[69.0536,22.436],[69.0517,22.4373],[69.0488,22.4321]]],[[[72.2131,22.2679],[72.2443,22.2661],[72.2461,22.2756],[72.2404,22.2882],[72.2131,22.2679]]],[[[68.5358,23.7642],[68.6069,23.7937],[68.6087,23.7964],[68.5455,23.7753],[68.5358,23.7642]]]]}},{"type":"Feature","properties":{"territoryId":"cliopatria-q829356-d68343da04","name":"Makuria","name_ko":"마쿠리아 왕국","color":"#e65667","colorFamily":3,"startYear":347,"endYear":568,"source_name":"Cliopatria v0.2.0","source_url":"https://github.com/Seshat-Global-History-Databank/cliopatria","license":"CC BY 4.0","attribution":"Seshat Global History Databank, Cliopatria contributors"},"geometry":{"type":"Polygon","coordinates":[[[30.8653,20.022],[31.0973,18.2862],[31.5357,18.1576],[33.2398,18.2862],[34.1154,18.0291],[34.4847,18.0291],[34.6268,17.9005],[35.2941,17.9648],[35.297,18.0291],[35.1578,18.2219],[34.939,18.2862],[34.8792,18.6076],[34.5974,18.9291],[34.3316,19.6362],[33.0013,19.7005],[32.4754,19.5077],[32.0312,19.5077],[31.5178,19.6362],[31.3769,19.8291],[30.8653,20.022]]]}},{"type":"Feature","properties":{"territoryId":"cliopatria-q28567-c7643d10d7","name":"Mayan City-States","name_ko":"마야 도시국가들","color":"#5178ec","colorFamily":0,"startYear":299,"endYear":554,"source_name":"Cliopatria v0.2.0","source_url":"https://github.com/Seshat-Global-History-Databank/cliopatria","license":"CC BY 4.0","attribution":"Seshat Global History Databank, Cliopatria contributors"},"geometry":{"type":"MultiPolygon","coordinates":[[[[-93.8205,18.3262],[-93.5666,18.3891],[-93.5928,18.345],[-93.7386,18.3406],[-93.7775,18.276],[-93.5658,18.0291],[-93.5653,17.579],[-93.3658,17.2576],[-93.4927,17.129],[-93.3986,17.0005],[-93.643,16.679],[-93.5494,16.5504],[-93.6231,16.5504],[-93.5935,16.3576],[-93.809,15.9305],[-92.7684,15.1715],[-92.6217,14.9229],[-92.2463,14.5463],[-91.5519,14.0573],[-91.0502,13.9146],[-90.4689,13.9146],[-89.9067,13.6354],[-89.8666,13.7861],[-89.5657,13.7218],[-89.588,13.9146],[-89.3905,14.1075],[-89.0968,14.1075],[-89.1856,14.2361],[-88.8185,14.2361],[-88.9074,14.3646],[-88.6949,14.4289],[-88.629,15.0718],[-88.3773,15.3933],[-88.5122,15.8433],[-88.5577,15.8529],[-88.6362,15.7021],[-88.626,15.7539],[-88.8662,15.8603],[-88.9311,15.9591],[-88.7457,16.1549],[-88.7401,16.2302],[-88.6466,16.2866],[-88.5366,16.2713],[-88.3113,16.6623],[-88.3448,16.5246],[-88.3016,16.7717],[-88.2486,16.8131],[-88.2833,16.8913],[-88.2151,16.9671],[-88.3005,17.1779],[-88.2863,17.3397],[-88.2423,17.4875],[-88.1789,17.4934],[-88.2877,17.6042],[-88.0836,18.2101],[-88.095,18.3338],[-88.1465,18.3093],[-88.0988,18.3505],[-88.2757,18.3582],[-88.358,18.3037],[-88.3175,18.3748],[-88.391,18.3706],[-88.1507,18.6986],[-88.1947,18.6765],[-88.1871,18.7385],[-88.2478,18.6963],[-88.1347,18.7695],[-88.1273,18.7302],[-88.0363,18.875],[-87.9614,18.5434],[-88.0353,18.5434],[-87.8998,18.3891],[-87.8855,18.2922],[-87.8656,18.3276],[-87.8872,18.23],[-87.8428,18.2424],[-87.4916,19.2938],[-87.5671,19.3172],[-87.639,19.2209],[-87.6879,19.2421],[-87.6759,19.3112],[-87.6177,19.4055],[-87.4584,19.455],[-87.4128,19.5776],[-87.6738,19.5057],[-87.6601,19.5678],[-87.7315,19.6005],[-87.7412,19.6717],[-87.6601,19.6838],[-87.6673,19.6338],[-87.5799,19.799],[-87.4547,19.8893],[-87.478,19.9648],[-87.4798,19.7843],[-87.4305,20.221],[-86.8753,20.855],[-86.7416,21.1641],[-86.8151,21.2048],[-86.828,21.4333],[-86.9185,21.4396],[-86.9979,21.5659],[-87.1115,21.6234],[-87.3064,21.5375],[-87.1383,21.5631],[-87.1556,21.4818],[-87.2569,21.4406],[-88.1417,21.5909],[-88.4478,21.5751],[-88.7027,21.4586],[-89.786,21.2846],[-90.0995,21.1641],[-90.3314,21.0331],[-90.4194,20.4077],[-90.4746,20.4077],[-90.4832,20.3477],[-90.4273,20.022],[-90.6837,19.7529],[-90.7424,19.343],[-90.9355,19.1631],[-91.3513,18.9258],[-91.2372,18.9576],[-91.3431,18.8764],[-91.2655,18.7357],[-91.2987,18.6286],[-91.182,18.6566],[-91.4808,18.5223],[-91.5389,18.471],[-91.4836,18.4983],[-91.4865,18.4364],[-91.7983,18.4914],[-91.8021,18.3856],[-91.902,18.5808],[-91.9703,18.5939],[-91.8883,18.5058],[-92.0528,18.5467],[-92.0391,18.6013],[-91.8604,18.6218],[-92.0601,18.7016],[-92.5654,18.6308],[-92.6641,18.54],[-92.6691,18.4294],[-92.6891,18.5382],[-92.7638,18.5327],[-92.8557,18.466],[-93.1376,18.4289],[-93.0884,18.3928],[-93.1285,18.3406],[-93.1217,18.3891],[-93.1764,18.3777],[-93.1558,18.4431],[-93.4447,18.4418],[-93.8205,18.3262]],[[-89.3906,14.436],[-89.3616,14.4155],[-89.2255,14.3821],[-89.3618,14.4155],[-89.3906,14.436]],[[-89.2365,15.8939],[-89.1922,16.4057],[-89.1931,16.3926],[-89.2365,15.8939]],[[-89.1605,17.8143],[-89.1602,17.8193],[-89.1492,17.0363],[-89.1605,17.8143]]],[[[-92.7919,15.1631],[-92.7791,15.1538],[-92.7809,15.1588],[-92.7919,15.1631]]],[[[-91.8427,18.6512],[-91.823,18.6523],[-91.8255,18.6673],[-91.8427,18.6512]]],[[[-88.2351,21.5738],[-88.1868,21.5832],[-88.1665,21.5937],[-88.1965,21.5971],[-88.2102,21.5932],[-88.2351,21.5738]]],[[[-87.5292,19.5876],[-87.4439,19.5739],[-87.4341,19.5771],[-87.4394,19.5923],[-87.4456,19.5948],[-87.4473,19.5808],[-87.5292,19.5876]]],[[[-86.7499,21.2731],[-86.7396,21.2428],[-86.7375,21.2404],[-86.7391,21.2799],[-86.7416,21.2877],[-86.7499,21.2731]]]]}},{"type":"Feature","properties":{"territoryId":"cliopatria-q568523-e59de7889f","name":"Nobatia","name_ko":"노바티아","color":"#ddb04b","colorFamily":1,"startYear":347,"endYear":646,"source_name":"Cliopatria v0.2.0","source_url":"https://github.com/Seshat-Global-History-Databank/cliopatria","license":"CC BY 4.0","attribution":"Seshat Global History Databank, Cliopatria contributors"},"geometry":{"type":"MultiPolygon","coordinates":[[[[30.5349,23.3006],[30.742,22.8506],[30.7214,22.272],[30.5615,21.9505],[30.7012,21.6934],[30.8653,20.022],[31.3769,19.8291],[31.5178,19.6362],[32.0312,19.5077],[32.4754,19.5077],[33.0013,19.7005],[34.2575,19.6362],[33.8196,21.6291],[33.7453,21.6291],[33.7704,21.737],[33.5609,21.7091],[33.1811,21.9954],[31.4355,21.9954],[33.8307,21.9955],[33.7635,22.0791],[33.8378,22.0791],[33.8832,23.172],[33.8087,23.172],[33.8225,23.4934],[33.679,23.622],[33.6818,23.6863],[33.389,23.8149],[32.0409,23.6863],[31.6705,23.7506],[30.5372,23.3649],[30.5349,23.3006]]],[[[33.1811,21.9954],[33.5584,21.711],[33.7707,21.7382],[33.8307,21.9955],[33.1811,21.9954]]]]}},{"type":"Feature","properties":{"territoryId":"cliopatria-q875305-e873a2a17e","name":"Northern Wei","name_ko":"북위","color":"#e13339","colorFamily":3,"startYear":476,"endYear":509,"source_name":"Cliopatria v0.2.0","source_url":"https://github.com/Seshat-Global-History-Databank/cliopatria","license":"CC BY 4.0","attribution":"Seshat Global History Databank, Cliopatria contributors"},"geometry":{"type":"MultiPolygon","coordinates":[[[[93.0905,39.9023],[93.2734,39.7729],[93.22,39.6436],[93.2988,39.6436],[93.2458,39.5143],[93.3505,39.385],[93.8759,39.5143],[94.5849,39.5143],[95.0556,39.3203],[95.3185,39.385],[95.3955,39.1911],[95.5528,39.1911],[95.813,38.868],[96.3618,38.6743],[96.7021,38.7389],[96.7325,39.1911],[96.6538,39.1911],[96.7629,39.4496],[97.2078,39.385],[97.9088,38.9972],[98.2231,38.9972],[98.3841,39.1911],[98.9068,39.1265],[99.1984,39.2557],[99.8104,38.4806],[100.2264,38.3515],[100.4138,38.6097],[100.8745,38.0288],[101.2387,37.9643],[101.2634,37.8352],[101.5492,37.7707],[101.5741,37.6417],[101.8598,37.5773],[102.0961,37.7707],[102.094,37.5773],[102.2485,37.3838],[102.534,37.3193],[102.5593,37.1904],[102.793,37.1904],[103.1033,36.8037],[103.2589,36.8037],[103.3886,36.546],[103.6479,36.4172],[103.5967,36.2884],[103.7278,36.0308],[103.6523,35.8377],[103.7298,35.8377],[103.63,35.5802],[103.7353,35.4514],[103.3856,34.1004],[103.4928,33.9718],[103.21,33.3931],[104.6984,33.2645],[105.1667,33.0716],[105.703,33.0716],[105.9483,33.3288],[106.5619,33.3288],[106.7453,33.2002],[107.4822,33.3288],[107.6652,33.2002],[107.6485,32.943],[107.8783,32.943],[108.1016,33.1359],[108.2379,32.8788],[109.1566,32.8788],[109.3161,32.6859],[109.4691,32.6859],[109.4991,32.5574],[109.8814,32.5574],[109.9115,32.4288],[110.1709,32.3002],[111.2405,32.3002],[111.6166,32.4931],[113.4441,32.8788],[113.8244,33.0716],[113.9528,33.0073],[114.0791,33.1359],[116.0204,33.2002],[116.225,33.3288],[116.8643,33.3931],[118.0466,33.8432],[118.8019,34.3577],[119.1909,34.7691],[119.2073,35.0484],[119.358,35.0971],[119.4239,35.3135],[119.5319,35.3586],[119.648,35.5839],[119.7325,35.6208],[119.7439,35.5759],[119.8401,35.6579],[119.8602,35.6061],[119.9046,35.6246],[119.9082,35.7449],[120.0029,35.7278],[120.0972,35.9008],[120.189,35.9453],[120.1753,35.89],[120.2511,35.9524],[120.2941,36.0024],[120.1753,35.9936],[120.0897,36.1117],[120.0972,36.2264],[120.2845,36.176],[120.3064,36.2742],[120.3616,36.1916],[120.292,36.062],[120.3535,36.0408],[120.6669,36.1321],[120.6436,36.3225],[120.7107,36.3245],[120.7141,36.4287],[120.95,36.4592],[120.9636,36.5479],[120.8504,36.6046],[120.7503,36.5408],[120.7506,36.6168],[120.8506,36.6509],[120.9774,36.5899],[121.4017,36.7124],[121.4595,36.8287],[121.6072,36.845],[121.5032,36.7886],[121.5247,36.7543],[121.9498,36.9389],[121.9263,36.9936],[122.0492,36.9799],[122.0365,36.8993],[122.1429,36.9458],[122.1661,37.0141],[122.1627,36.9458],[122.2659,36.898],[122.1852,36.8595],[122.3552,36.8291],[122.4364,36.8707],[122.4058,36.9222],[122.5268,36.9528],[122.54,37.0277],[122.4024,37.0215],[122.4539,37.1543],[122.4707,37.1103],[122.5735,37.2601],[122.5497,37.3198],[122.5947,37.2952],[122.5708,37.3448],[122.6847,37.4102],[122.2965,37.4182],[122.2454,37.4597],[122.1832,37.4182],[122.1218,37.5627],[122.0256,37.528],[121.988,37.4256],[121.635,37.4813],[121.5874,37.4536],[121.6761,37.4392],[121.5703,37.4287],[121.3817,37.5661],[121.4298,37.5969],[121.3936,37.6225],[121.1716,37.5771],[121.138,37.7012],[121.0326,37.7104],[120.9258,37.8193],[120.738,37.834],[120.2157,37.6841],[120.3225,37.6324],[120.1876,37.5118],[119.8589,37.3602],[119.8973,37.2494],[119.7706,37.1518],[119.2871,37.1373],[118.9612,37.2956],[118.97,37.5935],[119.0371,37.7221],[119.1746,37.7085],[119.2164,37.794],[118.9966,37.9631],[118.9248,38.0578],[118.95,38.0973],[118.7604,38.1551],[118.543,38.0683],[118.0652,38.1431],[117.6025,38.4806],[117.5435,38.6213],[117.584,38.8116],[117.7474,39.071],[117.7154,39.1114],[118.028,39.2198],[118.2249,39.0618],[118.4054,39.0618],[118.5271,39.1492],[118.9894,39.1911],[119.2304,39.3617],[119.2814,39.575],[119.2293,39.536],[119.2086,39.5696],[119.2849,39.5954],[119.3804,39.7729],[119.5264,39.832],[119.5356,39.8908],[120.4722,40.2145],[120.6041,40.4652],[120.7984,40.5997],[120.8253,40.674],[120.9282,40.6894],[120.9819,40.8268],[121.0436,40.8065],[121.1758,40.9223],[121.7565,40.8736],[121.8656,40.9943],[121.9363,41.1977],[122.49,41.4571],[122.6084,41.7816],[121.2188,41.3274],[119.39,41.3274],[119.4281,41.3922],[118.7502,41.4571],[117.4817,41.3274],[116.7041,40.9384],[116.3504,40.8736],[115.0764,39.8376],[114.8397,39.8376],[114.8288,39.967],[114.6709,39.967],[113.7263,39.5143],[113.3325,39.5143],[113.2408,39.6436],[112.5775,39.5789],[111.7382,38.6743],[110.6748,38.416],[110.3979,38.1578],[109.0778,37.8352],[107.9056,37.8352],[107.2455,37.5773],[106.4094,37.4483],[106.0193,37.4483],[105.9966,37.5773],[105.7121,37.6417],[105.7399,37.7062],[105.3494,37.7062],[105.3772,37.7707],[104.4629,37.6417],[104.3616,37.7707],[103.764,37.8352],[103.6626,37.9643],[103.8799,38.2869],[103.7514,38.3515],[103.8361,38.5451],[104.1075,38.8034],[103.6079,38.7389],[103.6653,38.868],[104.6676,39.5143],[104.5828,39.8376],[101.9495,39.7729],[100.9446,39.6436],[100.9737,39.7083],[100.7372,39.7083],[100.5094,39.9023],[100.3515,39.9023],[100.3809,39.967],[100.1441,39.967],[100.1735,40.0317],[99.3837,40.0317],[99.2842,40.1612],[98.9184,40.2259],[98.9478,40.2906],[98.5026,40.3554],[98.2745,40.5496],[98.0369,40.5496],[97.6305,40.8736],[96.8966,41.0032],[96.9264,41.068],[95.2297,41.0032],[93.8455,40.744],[93.5745,40.4849],[93.3649,40.5496],[93.2781,40.1612],[93.199,40.1612],[93.0905,39.9023]]],[[[120.7502,37.8986],[120.7546,37.8967],[120.7549,37.8996],[120.7538,37.8998],[120.7502,37.8986]]],[[[121.8259,40.9482],[121.839,40.9176],[121.8557,40.9656],[121.8259,40.9482]]]]}},{"type":"Feature","properties":{"territoryId":"cliopatria-q875305-e873a2a17e","name":"Northern Wei","name_ko":"북위","color":"#e13339","colorFamily":3,"startYear":510,"endYear":522,"source_name":"Cliopatria v0.2.0","source_url":"https://github.com/Seshat-Global-History-Databank/cliopatria","license":"CC BY 4.0","attribution":"Seshat Global History Databank, Cliopatria contributors"},"geometry":{"type":"MultiPolygon","coordinates":[[[[93.0905,39.9023],[93.2734,39.7729],[93.22,39.6436],[93.2988,39.6436],[93.2458,39.5143],[93.3505,39.385],[93.8759,39.5143],[94.5849,39.5143],[95.0556,39.3203],[95.3185,39.385],[95.3955,39.1911],[95.5528,39.1911],[95.813,38.868],[96.3618,38.6743],[96.7021,38.7389],[96.7325,39.1911],[96.6538,39.1911],[96.7629,39.4496],[97.2078,39.385],[97.9088,38.9972],[98.2231,38.9972],[98.3841,39.1911],[98.9068,39.1265],[99.1984,39.2557],[99.8104,38.4806],[100.2264,38.3515],[100.4138,38.6097],[100.8745,38.0288],[101.2387,37.9643],[101.2634,37.8352],[101.5492,37.7707],[101.5741,37.6417],[101.8598,37.5773],[102.0961,37.7707],[102.094,37.5773],[102.2485,37.3838],[102.534,37.3193],[102.5593,37.1904],[102.793,37.1904],[103.1033,36.8037],[103.2589,36.8037],[103.3886,36.546],[103.6479,36.4172],[103.5967,36.2884],[103.7278,36.0308],[103.6523,35.8377],[103.7298,35.8377],[103.63,35.5802],[103.7353,35.4514],[103.3856,34.1004],[103.4928,33.9718],[103.21,33.3931],[104.6984,33.2645],[105.1667,33.0716],[105.703,33.0716],[105.9483,33.3288],[106.5619,33.3288],[106.7453,33.2002],[107.4822,33.3288],[107.6652,33.2002],[107.6485,32.943],[107.8783,32.943],[108.1016,33.1359],[108.2379,32.8788],[109.1566,32.8788],[109.3161,32.6859],[109.4691,32.6859],[109.4991,32.5574],[109.8814,32.5574],[109.9115,32.4288],[110.1709,32.3002],[111.2405,32.3002],[111.6166,32.4931],[113.6218,32.943],[113.6464,33.0073],[113.7996,33.0073],[113.8244,33.0716],[113.901,33.0716],[113.8762,33.0073],[114.0791,33.1359],[116.0204,33.2002],[116.225,33.3288],[116.8643,33.3931],[118.0466,33.8432],[118.8019,34.3577],[119.1909,34.7691],[119.2073,35.0484],[119.358,35.0971],[119.4239,35.3135],[119.5319,35.3586],[119.648,35.5839],[119.7325,35.6208],[119.7439,35.5759],[119.8401,35.6579],[119.8602,35.6061],[119.9046,35.6246],[119.9082,35.7449],[120.0029,35.7278],[120.0972,35.9008],[120.189,35.9453],[120.1753,35.89],[120.2511,35.9524],[120.2941,36.0024],[120.1753,35.9936],[120.0897,36.1117],[120.0972,36.2264],[120.2845,36.176],[120.3064,36.2742],[120.3616,36.1916],[120.292,36.062],[120.3535,36.0408],[120.6669,36.1321],[120.6436,36.3225],[120.7107,36.3245],[120.7141,36.4287],[120.95,36.4592],[120.9636,36.5479],[120.8504,36.6046],[120.7503,36.5408],[120.7506,36.6168],[120.8506,36.6509],[120.9774,36.5899],[121.4017,36.7124],[121.4595,36.8287],[121.6072,36.845],[121.5032,36.7886],[121.5247,36.7543],[121.9498,36.9389],[121.9263,36.9936],[122.0492,36.9799],[122.0365,36.8993],[122.1429,36.9458],[122.1661,37.0141],[122.1627,36.9458],[122.2659,36.898],[122.1852,36.8595],[122.3552,36.8291],[122.4364,36.8707],[122.4058,36.9222],[122.5268,36.9528],[122.54,37.0277],[122.4024,37.0215],[122.4539,37.1543],[122.4707,37.1103],[122.5735,37.2601],[122.5497,37.3198],[122.5947,37.2952],[122.5708,37.3448],[122.6847,37.4102],[122.2965,37.4182],[122.2454,37.4597],[122.1832,37.4182],[122.1218,37.5627],[122.0256,37.528],[121.988,37.4256],[121.635,37.4813],[121.5874,37.4536],[121.6761,37.4392],[121.5703,37.4287],[121.3817,37.5661],[121.4298,37.5969],[121.3936,37.6225],[121.1716,37.5771],[121.138,37.7012],[121.0326,37.7104],[120.9258,37.8193],[120.738,37.834],[120.2157,37.6841],[120.3225,37.6324],[120.1876,37.5118],[119.8589,37.3602],[119.8973,37.2494],[119.7706,37.1518],[119.2871,37.1373],[118.9612,37.2956],[118.97,37.5935],[119.0371,37.7221],[119.1746,37.7085],[119.2164,37.794],[118.9966,37.9631],[118.9248,38.0578],[118.95,38.0973],[118.7604,38.1551],[118.543,38.0683],[118.0652,38.1431],[117.6025,38.4806],[117.5435,38.6213],[117.584,38.8116],[117.7474,39.071],[117.7154,39.1114],[118.028,39.2198],[118.2249,39.0618],[118.4054,39.0618],[118.5271,39.1492],[118.9894,39.1911],[119.2304,39.3617],[119.2814,39.575],[119.2293,39.536],[119.2086,39.5696],[119.2849,39.5954],[119.3804,39.7729],[119.5264,39.832],[119.5356,39.8908],[120.4722,40.2145],[120.6041,40.4652],[120.7984,40.5997],[120.8253,40.674],[120.9282,40.6894],[120.9819,40.8268],[121.0436,40.8065],[121.1758,40.9223],[121.7565,40.8736],[121.8656,40.9943],[121.9363,41.1977],[122.49,41.4571],[122.6084,41.7816],[121.2188,41.3274],[119.39,41.3274],[119.4281,41.3922],[118.7502,41.4571],[117.4817,41.3274],[116.7041,40.9384],[116.3504,40.8736],[115.0764,39.8376],[114.8397,39.8376],[114.8288,39.967],[114.6709,39.967],[113.7263,39.5143],[113.3325,39.5143],[113.2408,39.6436],[112.5775,39.5789],[111.7382,38.6743],[110.6748,38.416],[110.3979,38.1578],[109.0778,37.8352],[107.9056,37.8352],[107.2455,37.5773],[106.4094,37.4483],[106.0193,37.4483],[105.9966,37.5773],[105.7121,37.6417],[105.7399,37.7062],[105.3494,37.7062],[105.3772,37.7707],[104.4629,37.6417],[104.3616,37.7707],[103.764,37.8352],[103.6626,37.9643],[103.8799,38.2869],[103.7514,38.3515],[103.8361,38.5451],[104.1075,38.8034],[103.6079,38.7389],[103.6653,38.868],[104.6676,39.5143],[104.5828,39.8376],[101.9495,39.7729],[100.9446,39.6436],[100.9737,39.7083],[100.7372,39.7083],[100.5094,39.9023],[100.3515,39.9023],[100.3809,39.967],[100.1441,39.967],[100.1735,40.0317],[99.3837,40.0317],[99.2842,40.1612],[98.9184,40.2259],[98.9478,40.2906],[98.5026,40.3554],[98.2745,40.5496],[98.0369,40.5496],[97.6305,40.8736],[96.8966,41.0032],[96.9264,41.068],[95.2297,41.0032],[93.8455,40.744],[93.5745,40.4849],[93.3649,40.5496],[93.2781,40.1612],[93.199,40.1612],[93.0905,39.9023]]],[[[120.7502,37.8986],[120.7546,37.8967],[120.7549,37.8996],[120.7538,37.8998],[120.7502,37.8986]]],[[[121.8259,40.9482],[121.839,40.9176],[121.8557,40.9656],[121.8259,40.9482]]]]}},{"type":"Feature","properties":{"territoryId":"cliopatria-q875305-e873a2a17e","name":"Northern Wei","name_ko":"북위","color":"#e13339","colorFamily":3,"startYear":523,"endYear":533,"source_name":"Cliopatria v0.2.0","source_url":"https://github.com/Seshat-Global-History-Databank/cliopatria","license":"CC BY 4.0","attribution":"Seshat Global History Databank, Cliopatria contributors"},"geometry":{"type":"MultiPolygon","coordinates":[[[[93.0905,39.9023],[93.2734,39.7729],[93.22,39.6436],[93.2988,39.6436],[93.2458,39.5143],[93.3505,39.385],[93.8759,39.5143],[94.5849,39.5143],[95.0556,39.3203],[95.3185,39.385],[95.3955,39.1911],[95.5528,39.1911],[95.813,38.868],[96.3618,38.6743],[96.7021,38.7389],[96.7325,39.1911],[96.6538,39.1911],[96.7629,39.4496],[97.2078,39.385],[97.9088,38.9972],[98.2231,38.9972],[98.3841,39.1911],[98.9068,39.1265],[99.1984,39.2557],[99.8104,38.4806],[100.2264,38.3515],[100.4138,38.6097],[100.8745,38.0288],[101.2387,37.9643],[101.2634,37.8352],[101.5492,37.7707],[101.5741,37.6417],[101.8598,37.5773],[102.0961,37.7707],[102.094,37.5773],[102.2485,37.3838],[102.534,37.3193],[102.5593,37.1904],[102.793,37.1904],[103.1033,36.8037],[103.2589,36.8037],[103.3886,36.546],[103.6479,36.4172],[103.5967,36.2884],[103.7278,36.0308],[103.6523,35.8377],[103.7298,35.8377],[103.63,35.5802],[103.7353,35.4514],[103.3856,34.1004],[103.4928,33.9718],[103.21,33.3931],[104.6984,33.2645],[105.1667,33.0716],[105.703,33.0716],[105.9483,33.3288],[106.5619,33.3288],[106.7453,33.2002],[107.4822,33.3288],[107.6652,33.2002],[107.6485,32.943],[107.8783,32.943],[108.1016,33.1359],[108.2379,32.8788],[109.1566,32.8788],[109.3161,32.6859],[109.4691,32.6859],[109.4991,32.5574],[109.8814,32.5574],[109.9115,32.4288],[110.1709,32.3002],[111.2405,32.3002],[111.6166,32.4931],[113.6218,32.943],[113.6464,33.0073],[113.7996,33.0073],[113.8244,33.0716],[113.901,33.0716],[113.8762,33.0073],[114.0791,33.1359],[116.0204,33.2002],[116.225,33.3288],[116.8643,33.3931],[118.0466,33.8432],[118.8019,34.3577],[119.1909,34.7691],[119.2073,35.0484],[119.358,35.0971],[119.4239,35.3135],[119.5319,35.3586],[119.648,35.5839],[119.7325,35.6208],[119.7439,35.5759],[119.8401,35.6579],[119.8602,35.6061],[119.9046,35.6246],[119.9082,35.7449],[120.0029,35.7278],[120.0972,35.9008],[120.189,35.9453],[120.1753,35.89],[120.2511,35.9524],[120.2941,36.0024],[120.1753,35.9936],[120.0897,36.1117],[120.0972,36.2264],[120.2845,36.176],[120.3064,36.2742],[120.3616,36.1916],[120.292,36.062],[120.3535,36.0408],[120.6669,36.1321],[120.6436,36.3225],[120.7107,36.3245],[120.7141,36.4287],[120.95,36.4592],[120.9636,36.5479],[120.8504,36.6046],[120.7503,36.5408],[120.7506,36.6168],[120.8506,36.6509],[120.9774,36.5899],[121.4017,36.7124],[121.4595,36.8287],[121.6072,36.845],[121.5032,36.7886],[121.5247,36.7543],[121.9498,36.9389],[121.9263,36.9936],[122.0492,36.9799],[122.0365,36.8993],[122.1429,36.9458],[122.1661,37.0141],[122.1627,36.9458],[122.2659,36.898],[122.1852,36.8595],[122.3552,36.8291],[122.4364,36.8707],[122.4058,36.9222],[122.5268,36.9528],[122.54,37.0277],[122.4024,37.0215],[122.4539,37.1543],[122.4707,37.1103],[122.5735,37.2601],[122.5497,37.3198],[122.5947,37.2952],[122.5708,37.3448],[122.6847,37.4102],[122.2965,37.4182],[122.2454,37.4597],[122.1832,37.4182],[122.1218,37.5627],[122.0256,37.528],[121.988,37.4256],[121.635,37.4813],[121.5874,37.4536],[121.6761,37.4392],[121.5703,37.4287],[121.3817,37.5661],[121.4298,37.5969],[121.3936,37.6225],[121.1716,37.5771],[121.138,37.7012],[121.0326,37.7104],[120.9258,37.8193],[120.738,37.834],[120.2157,37.6841],[120.3225,37.6324],[120.1876,37.5118],[119.8589,37.3602],[119.8973,37.2494],[119.7706,37.1518],[119.2871,37.1373],[118.9612,37.2956],[118.97,37.5935],[119.0371,37.7221],[119.1746,37.7085],[119.2164,37.794],[118.9966,37.9631],[118.9248,38.0578],[118.95,38.0973],[118.7604,38.1551],[118.543,38.0683],[118.0652,38.1431],[117.6025,38.4806],[117.5435,38.6213],[117.584,38.8116],[117.7474,39.071],[117.7154,39.1114],[118.028,39.2198],[118.2249,39.0618],[118.4054,39.0618],[118.5271,39.1492],[118.9894,39.1911],[119.2304,39.3617],[119.2814,39.575],[119.2293,39.536],[119.2086,39.5696],[119.2849,39.5954],[119.3804,39.7729],[119.5264,39.832],[119.5356,39.8908],[120.4722,40.2145],[120.6041,40.4652],[120.7984,40.5997],[120.8253,40.674],[120.9282,40.6894],[120.9819,40.8268],[121.0436,40.8065],[121.1758,40.9223],[121.7565,40.8736],[121.8656,40.9943],[121.9363,41.1977],[122.49,41.4571],[122.6084,41.7816],[121.2188,41.3274],[119.39,41.3274],[119.4281,41.3922],[118.7502,41.4571],[117.4817,41.3274],[116.7041,40.9384],[116.3504,40.8736],[115.0764,39.8376],[114.8397,39.8376],[114.8288,39.967],[114.6709,39.967],[113.7263,39.5143],[113.3325,39.5143],[113.2408,39.6436],[112.5775,39.5789],[111.7382,38.6743],[110.6748,38.416],[110.3979,38.1578],[109.0778,37.8352],[107.9056,37.8352],[107.2455,37.5773],[106.4094,37.4483],[106.0193,37.4483],[105.9966,37.5773],[105.7121,37.6417],[105.7399,37.7062],[105.3494,37.7062],[105.3772,37.7707],[104.4629,37.6417],[104.3616,37.7707],[103.764,37.8352],[103.6626,37.9643],[103.8799,38.2869],[103.7514,38.3515],[103.8361,38.5451],[104.1075,38.8034],[103.6079,38.7389],[103.6653,38.868],[104.6676,39.5143],[104.5828,39.8376],[101.9495,39.7729],[100.9446,39.6436],[100.9737,39.7083],[100.7372,39.7083],[100.5094,39.9023],[100.3515,39.9023],[100.3809,39.967],[100.1441,39.967],[100.1735,40.0317],[99.3837,40.0317],[99.2842,40.1612],[98.9184,40.2259],[98.9478,40.2906],[98.5026,40.3554],[98.2745,40.5496],[98.0369,40.5496],[97.6305,40.8736],[96.8966,41.0032],[96.9264,41.068],[95.2297,41.0032],[93.8455,40.744],[93.5745,40.4849],[93.3649,40.5496],[93.2781,40.1612],[93.199,40.1612],[93.0905,39.9023]]],[[[120.7502,37.8986],[120.7546,37.8967],[120.7549,37.8996],[120.7538,37.8998],[120.7502,37.8986]]],[[[121.8259,40.9482],[121.839,40.9176],[121.8557,40.9656],[121.8259,40.9482]]]]}},{"type":"Feature","properties":{"territoryId":"cliopatria-q583038-7d984a97b7","name":"Ostrogothic Kingdom","name_ko":"동고트 왕국","color":"#d93a6a","colorFamily":3,"startYear":500,"endYear":509,"source_name":"Cliopatria v0.2.0","source_url":"https://github.com/Seshat-Global-History-Databank/cliopatria","license":"CC BY 4.0","attribution":"Seshat Global History Databank, Cliopatria contributors"},"geometry":{"type":"MultiPolygon","coordinates":[[[[10.1632,42.8164],[10.1963,42.7362],[10.3379,42.7648],[10.4307,42.7221],[10.3888,42.7635],[10.4367,42.8044],[10.4124,42.8734],[10.3473,42.8059],[10.1632,42.8164]]],[[[6.6343,45.1042],[6.6375,44.9734],[6.8826,44.908],[6.887,44.7119],[6.9681,44.7119],[6.8104,44.516],[7.4715,43.7982],[8.0339,43.9286],[8.1916,44.1896],[8.5925,44.4507],[9.1591,44.4507],[9.7274,44.1243],[9.9697,44.1243],[9.9627,44.0447],[10.1314,44.0591],[10.3742,43.6678],[10.5391,43.0796],[11.0163,42.8213],[11.0159,42.6629],[11.176,42.6262],[11.2552,42.4312],[11.4152,42.4312],[11.569,42.3314],[11.6548,42.3662],[11.8128,42.1063],[12.1317,42.0413],[12.1305,41.9131],[13,41.3274],[13.7145,41.2625],[13.862,41.1328],[13.9506,41.1328],[14.1046,40.8736],[14.4219,40.8736],[14.4194,40.7517],[14.4741,40.7297],[14.4363,40.6792],[14.8934,40.6792],[15.0414,40.2259],[15.1995,40.2259],[15.4319,40.0317],[15.5349,40.0778],[15.7478,40.0317],[15.7136,39.978],[15.7736,39.8424],[15.8989,39.7729],[16.1165,39.0618],[16.2703,38.9326],[16.2652,38.7389],[15.9497,38.6743],[15.8621,38.2869],[15.6328,38.2203],[15.6982,37.9643],[15.9328,37.9643],[16.4919,38.416],[16.5024,38.8034],[17.1383,39.0618],[17.0697,39.385],[16.9162,39.5143],[16.4473,39.6436],[16.4567,39.967],[16.6769,40.1511],[16.6245,40.2906],[16.777,40.2906],[16.9137,40.4464],[16.868,40.4849],[17.0285,40.5496],[17.3452,40.5496],[17.4175,40.3554],[17.8131,40.3554],[18.1122,39.9023],[18.3489,39.9023],[18.4381,40.1612],[17.9812,40.6144],[17.5107,40.744],[17.2027,41.0032],[15.9439,41.3922],[15.8738,41.7167],[16.1149,41.7816],[16.1189,41.9114],[15.2414,41.9114],[15.008,41.999],[14.924,41.9764],[14.7659,42.0413],[14.7178,42.1506],[14.6077,42.1063],[14.0565,42.4962],[13.9014,42.7563],[13.9329,42.8295],[13.8625,43.0186],[13.7471,43.0816],[13.6726,43.4072],[13.3874,43.6413],[13.0338,43.733],[13.019,43.8567],[12.8734,43.7982],[12.313,44.1896],[12.1537,44.4507],[12.1572,44.8426],[12.4001,44.7989],[12.4026,45.0388],[12.3688,45.011],[12.16,45.1696],[12.1628,45.4968],[12.6522,45.5623],[12.8168,45.6933],[13.0658,45.6401],[13.1448,45.8243],[13.7149,45.7588],[13.7393,45.6491],[13.8081,45.6143],[13.7119,45.5933],[13.7529,45.5529],[13.7102,45.4968],[13.5473,45.4968],[13.5448,45.3427],[13.7056,45.235],[13.8032,44.908],[13.9432,44.908],[13.9457,45.0388],[14.1552,45.0388],[14.1962,45.3659],[14.6031,45.3659],[14.576,45.2623],[14.8528,45.0937],[14.9187,44.9734],[14.9113,44.6789],[15.308,44.3544],[15.5287,44.2718],[15.2612,44.3326],[15.2953,44.2507],[15.1981,44.3017],[15.1765,44.25],[15.2129,44.131],[15.4591,43.9938],[15.4551,43.928],[15.6186,43.9286],[15.6954,43.7982],[15.8566,43.7982],[16.0117,43.6027],[15.9595,43.504],[16.5754,43.6027],[16.7342,43.5375],[16.7302,43.4247],[17.0513,43.4072],[17.1139,43.2132],[17.2058,43.1691],[17.3654,43.2118],[17.3606,43.0893],[17.4336,43.0174],[17.502,43.031],[17.5156,42.9589],[17.6632,42.8864],[17.8339,42.8864],[18.2191,42.5984],[18.6286,42.4482],[18.6873,42.4829],[18.7063,42.4197],[18.852,42.3662],[18.9259,42.2362],[19.1688,42.3012],[19.114,42.8213],[19.4579,43.2769],[19.3037,43.4072],[19.3136,43.6027],[19.4747,43.6027],[19.4109,43.9286],[19.6599,44.0591],[19.6704,44.2548],[19.9236,44.4507],[19.938,44.7119],[20.2959,45.3004],[19.2384,45.3004],[18.9976,45.3659],[19.0041,45.4968],[18.9227,45.4968],[19.0106,45.6278],[18.854,45.7588],[18.9486,46.0209],[18.8701,46.0865],[18.9518,46.0865],[19.0501,46.4145],[18.8961,46.6115],[18.906,46.8086],[18.8239,46.8086],[18.8337,47.0058],[19.166,47.0716],[19.0906,47.2032],[19.2692,47.4665],[18.9496,47.6641],[18.9565,47.7959],[18.798,47.9278],[18.626,47.7959],[17.6346,47.7959],[17.169,48.0123],[17.0856,47.9701],[17.1672,48.0131],[17.0669,48.0597],[17.0723,48.1917],[16.9895,48.1917],[16.9921,48.2578],[16.9093,48.2578],[16.9066,48.1917],[16.8238,48.1917],[16.8264,48.2578],[14.2576,48.2578],[13.7642,48.4559],[13.6838,48.5881],[12.9383,48.7204],[12.1113,49.1838],[11.694,49.1175],[11.6099,48.9851],[10.1134,48.4559],[9.9508,47.8619],[9.8681,47.8619],[9.9519,47.6641],[9.3766,47.4006],[9.2955,47.269],[9.1308,47.269],[8.8862,47.0716],[8.8878,46.9401],[8.7235,46.9401],[8.645,46.6772],[8.0786,46.2177],[8.0808,46.0865],[7.9014,45.9825],[7.9833,45.9988],[7.5153,45.7588],[7.4377,45.5623],[7.1147,45.4313],[7.0377,45.235],[6.6343,45.1042]],[[6.9828,44.847],[7.0049,44.828],[7.0043,44.8249],[6.9828,44.847]],[[7.3093,44.1475],[7.339,44.1249],[7.331,44.1253],[7.3093,44.1475]],[[7.8702,45.9404],[7.8729,45.9594],[7.8807,45.9664],[7.8702,45.9404]],[[7.9891,46.0033],[8.0007,46.0175],[7.9984,46.0106],[7.9891,46.0033]],[[9.2823,46.4974],[9.331,46.5015],[9.3508,46.4979],[9.2823,46.4974]],[[9.477,47.0639],[9.5812,47.0569],[9.6691,47.0562],[9.5606,47.0524],[9.477,47.0639]],[[9.4874,47.21],[9.5046,47.2437],[9.5171,47.2564],[9.4874,47.21]],[[9.8486,47.5386],[9.8589,47.5413],[9.9188,47.5322],[9.8486,47.5386]],[[10.0226,47.488],[10.0718,47.4391],[10.0806,47.4274],[10.0226,47.488]],[[10.0427,46.2205],[10.1026,46.2289],[10.0757,46.22],[10.0427,46.2205]],[[10.0532,47.4049],[10.0806,47.4274],[10.076,47.4169],[10.0532,47.4049]],[[10.0924,46.3381],[10.0956,46.344],[10.0935,46.3356],[10.0924,46.3381]],[[10.0998,46.321],[10.1589,46.2624],[10.1049,46.3094],[10.0998,46.321]],[[10.1015,46.3549],[10.105,46.3614],[10.1332,46.3811],[10.1015,46.3549]],[[10.3639,46.9912],[10.3734,46.9963],[10.3758,46.9946],[10.3639,46.9912]],[[12.7389,48.1134],[12.7431,48.1158],[12.7397,48.1069],[12.7389,48.1134]],[[12.7414,48.092],[12.7486,48.0788],[12.742,48.0868],[12.7414,48.092]],[[12.7539,48.0725],[12.8306,48.0155],[12.7602,48.0649],[12.7539,48.0725]],[[13.5068,46.5469],[13.5492,46.5458],[13.607,46.5329],[13.5068,46.5469]],[[14.1499,46.4401],[14.3958,46.441],[14.3993,46.4393],[14.1499,46.4401]],[[14.412,46.4332],[14.4509,46.4145],[14.42,46.4244],[14.412,46.4332]],[[15.972,46.8206],[15.9817,46.8277],[16.0941,46.8629],[16.094,46.8628],[15.972,46.8206]],[[16.2337,46.4787],[16.2349,46.4933],[16.2509,46.405],[16.2337,46.4787]],[[16.3476,46.5436],[16.3579,46.547],[16.3517,46.5395],[16.3476,46.5436]],[[17.0386,46.169],[17.0889,46.1362],[17.0529,46.1535],[17.0386,46.169]],[[17.1069,46.1276],[17.2086,46.1166],[17.1162,46.1231],[17.1069,46.1276]],[[18.4437,42.8345],[18.4517,42.8023],[18.4446,42.8171],[18.4437,42.8345]],[[18.4598,42.7852],[18.4838,42.7525],[18.4674,42.7692],[18.4598,42.7852]],[[18.6487,45.0627],[18.6713,45.0869],[18.6766,45.086],[18.6487,45.0627]],[[18.6798,45.0855],[18.6841,45.0848],[18.7383,45.0159],[18.6798,45.0855]],[[18.8283,45.9057],[18.8865,45.9304],[18.8964,45.9295],[18.8283,45.9057]],[[18.8896,44.8612],[19.0158,44.8656],[19.0726,44.8767],[19.0684,44.8748],[19.005,44.8633],[18.8896,44.8612]],[[19.1228,43.5359],[19.2175,43.5328],[19.1953,43.5328],[19.1228,43.5359]],[[19.2435,44.002],[19.2728,44.0124],[19.2814,44.0115],[19.2435,44.002]],[[19.2925,44.0103],[19.3006,44.0095],[19.3646,43.9733],[19.2925,44.0103]],[[19.3074,44.2742],[19.3243,44.264],[19.3319,44.2539],[19.3074,44.2742]],[[19.3415,44.8988],[19.3532,44.899],[19.3644,44.889],[19.3415,44.8988]],[[19.3454,44.2358],[19.354,44.2243],[19.3624,44.1912],[19.3454,44.2358]],[[19.3624,44.1912],[19.4426,44.1432],[19.3812,44.1771],[19.3624,44.1912]],[[19.3696,44.8842],[19.3728,44.8814],[19.3766,44.863],[19.3696,44.8842]]],[[[12.4905,37.7062],[13.192,37.5773],[13.6022,37.2505],[14.2779,37.126],[14.6723,36.7393],[15.0498,36.7393],[15.2102,36.9971],[15.2133,37.1583],[15.0592,37.2549],[15.0665,37.6417],[15.3895,38.1578],[15.5432,38.1578],[15.5865,38.2377],[14.0562,37.9643],[13.6652,37.9643],[13.3547,38.1578],[13.1199,38.1578],[13.0404,38.0288],[12.6522,38.0929],[12.4919,37.8998],[12.4905,37.7062]]],[[[14.5158,45.1042],[14.7791,45.0187],[14.6653,45.0873],[14.6653,45.1618],[14.5974,45.1664],[14.5959,45.2375],[14.5158,45.1042]]],[[[14.9089,44.5813],[14.9595,44.5396],[14.9729,44.5361],[15.0142,44.5187],[15.0073,44.5045],[15.0755,44.4841],[15.0412,44.5275],[15.0039,44.5361],[14.9663,44.5734],[14.9095,44.6068],[14.9089,44.5813]]],[[[15.0415,44.4766],[15.1597,44.3262],[15.2271,44.3264],[15.1651,44.3674],[15.2544,44.34],[15.0415,44.4766]]],[[[15.1642,44.3057],[15.1652,44.3012],[15.1724,44.2991],[15.1642,44.3057]]],[[[15.2158,44.072],[15.2187,44.0591],[15.2398,44.0534],[15.2258,44.0662],[15.2158,44.072]]],[[[15.401,43.904],[15.4461,43.8875],[15.4268,43.9221],[15.4165,43.928],[15.401,43.904]]],[[[16.7272,43.3421],[16.7959,43.3559],[16.7282,43.3691],[16.7272,43.3421]]],[[[17.3552,42.9515],[17.4376,42.9515],[17.3905,42.9777],[17.3566,42.9879],[17.3552,42.9515]]],[[[17.5079,42.7563],[17.5159,42.7684],[17.5085,42.7718],[17.5079,42.7563]]],[[[17.5119,42.8554],[17.6218,42.8864],[17.5261,42.9218],[17.5119,42.8554]]],[[[14.2616,44.6158],[14.2712,44.6125],[14.2619,44.6282],[14.2616,44.6158]]],[[[14.2625,44.6582],[14.2742,44.6617],[14.2804,44.6776],[14.2658,44.6795],[14.2629,44.6771],[14.2625,44.6582]]],[[[14.2925,44.9403],[14.4279,44.6566],[14.5047,44.6191],[14.4592,44.9154],[14.2925,44.9403]]],[[[14.3358,44.7168],[14.363,44.5734],[14.5024,44.516],[14.3358,44.7168]]],[[[19.0041,45.4968],[19.0856,45.4968],[19.0889,45.5623],[19.0074,45.5623],[19.0041,45.4968]]]]}},{"type":"Feature","properties":{"territoryId":"cliopatria-q583038-7d984a97b7","name":"Ostrogothic Kingdom","name_ko":"동고트 왕국","color":"#d93a6a","colorFamily":3,"startYear":510,"endYear":533,"source_name":"Cliopatria v0.2.0","source_url":"https://github.com/Seshat-Global-History-Databank/cliopatria","license":"CC BY 4.0","attribution":"Seshat Global History Databank, Cliopatria contributors"},"geometry":{"type":"MultiPolygon","coordinates":[[[[10.1632,42.8164],[10.1963,42.7362],[10.3379,42.7648],[10.4307,42.7221],[10.3888,42.7635],[10.4367,42.8044],[10.4124,42.8734],[10.3473,42.8059],[10.1632,42.8164]]],[[[4.0925,43.6027],[4.173,43.6027],[4.1778,43.4723],[4.7288,43.4723],[4.6946,43.5791],[4.7424,43.4723],[5.0524,43.4723],[5.0291,43.5586],[5.14,43.4858],[5.2228,43.504],[5.1969,43.4454],[5.3869,43.4072],[5.3908,43.2769],[5.6319,43.2769],[5.7962,43.1467],[6.2782,43.1467],[6.5176,43.2118],[6.6726,43.4723],[6.9985,43.5442],[7.1502,43.733],[8.0339,43.9286],[8.1916,44.1896],[8.5925,44.4507],[9.1591,44.4507],[9.7274,44.1243],[9.9697,44.1243],[9.9627,44.0447],[10.1314,44.0591],[10.3742,43.6678],[10.5391,43.0796],[11.0163,42.8213],[11.0159,42.6629],[11.176,42.6262],[11.2552,42.4312],[11.4152,42.4312],[11.569,42.3314],[11.6548,42.3662],[11.8128,42.1063],[12.1317,42.0413],[12.1305,41.9131],[13,41.3274],[13.7145,41.2625],[13.862,41.1328],[13.9506,41.1328],[14.1046,40.8736],[14.4219,40.8736],[14.4194,40.7517],[14.4741,40.7297],[14.4363,40.6792],[14.8934,40.6792],[15.0414,40.2259],[15.1995,40.2259],[15.4319,40.0317],[15.5349,40.0778],[15.7478,40.0317],[15.7136,39.978],[15.7736,39.8424],[15.8989,39.7729],[16.1165,39.0618],[16.2703,38.9326],[16.2652,38.7389],[15.9497,38.6743],[15.8621,38.2869],[15.6328,38.2203],[15.6982,37.9643],[15.9328,37.9643],[16.4919,38.416],[16.5024,38.8034],[17.1383,39.0618],[17.0697,39.385],[16.9162,39.5143],[16.4473,39.6436],[16.4567,39.967],[16.6769,40.1511],[16.6245,40.2906],[16.777,40.2906],[16.9137,40.4464],[16.868,40.4849],[17.0285,40.5496],[17.3452,40.5496],[17.4175,40.3554],[17.8131,40.3554],[18.1122,39.9023],[18.3489,39.9023],[18.4381,40.1612],[17.9812,40.6144],[17.5107,40.744],[17.2027,41.0032],[15.9439,41.3922],[15.8738,41.7167],[16.1149,41.7816],[16.1189,41.9114],[15.2414,41.9114],[15.008,41.999],[14.924,41.9764],[14.7659,42.0413],[14.7178,42.1506],[14.6077,42.1063],[14.0565,42.4962],[13.9014,42.7563],[13.9329,42.8295],[13.8625,43.0186],[13.7471,43.0816],[13.6726,43.4072],[13.3874,43.6413],[13.0338,43.733],[13.019,43.8567],[12.8734,43.7982],[12.313,44.1896],[12.1537,44.4507],[12.1572,44.8426],[12.4001,44.7989],[12.4026,45.0388],[12.3688,45.011],[12.16,45.1696],[12.1628,45.4968],[12.6522,45.5623],[12.8168,45.6933],[13.0658,45.6401],[13.1448,45.8243],[13.7149,45.7588],[13.7393,45.6491],[13.8081,45.6143],[13.7119,45.5933],[13.7529,45.5529],[13.7102,45.4968],[13.5473,45.4968],[13.5448,45.3427],[13.7056,45.235],[13.8032,44.908],[13.9432,44.908],[13.9457,45.0388],[14.1552,45.0388],[14.1962,45.3659],[14.6031,45.3659],[14.576,45.2623],[14.8528,45.0937],[14.9187,44.9734],[14.9113,44.6789],[15.308,44.3544],[15.5287,44.2718],[15.2612,44.3326],[15.2953,44.2507],[15.1981,44.3017],[15.1765,44.25],[15.2129,44.131],[15.4591,43.9938],[15.4551,43.928],[15.6186,43.9286],[15.6954,43.7982],[15.8566,43.7982],[16.0117,43.6027],[15.9595,43.504],[16.5754,43.6027],[16.7342,43.5375],[16.7302,43.4247],[17.0513,43.4072],[17.1139,43.2132],[17.2058,43.1691],[17.3654,43.2118],[17.3606,43.0893],[17.4336,43.0174],[17.502,43.031],[17.5156,42.9589],[17.6632,42.8864],[17.8339,42.8864],[18.2191,42.5984],[18.6286,42.4482],[18.6873,42.4829],[18.7063,42.4197],[18.852,42.3662],[18.9259,42.2362],[19.1688,42.3012],[19.114,42.8213],[19.4579,43.2769],[19.3037,43.4072],[19.3136,43.6027],[19.4747,43.6027],[19.4109,43.9286],[19.6599,44.0591],[19.6704,44.2548],[19.9236,44.4507],[19.9344,44.6466],[19.6242,44.908],[19.1406,44.9734],[19.2384,45.3004],[18.9976,45.3659],[19.0041,45.4968],[18.9227,45.4968],[18.7788,45.8898],[18.8604,45.8898],[18.8283,45.9057],[19.0501,46.4145],[18.8141,46.6115],[18.8337,47.0058],[19.0837,47.0716],[19.1833,47.4006],[19.2657,47.4006],[19.2692,47.4665],[18.9496,47.6641],[18.9565,47.7959],[18.798,47.9278],[18.626,47.7959],[17.6346,47.7959],[17.169,48.0123],[17.0856,47.9701],[17.1672,48.0131],[17.0669,48.0597],[17.0723,48.1917],[16.9895,48.1917],[16.9921,48.2578],[16.9093,48.2578],[16.9066,48.1917],[16.8238,48.1917],[16.8264,48.2578],[14.2576,48.2578],[13.7642,48.4559],[13.6838,48.5881],[12.9383,48.7204],[12.1113,49.1838],[11.694,49.1175],[11.6099,48.9851],[10.1134,48.4559],[9.9508,47.8619],[9.8681,47.8619],[9.9519,47.6641],[9.3766,47.4006],[9.2955,47.269],[9.1308,47.269],[8.8862,47.0716],[8.8878,46.9401],[8.7235,46.9401],[8.645,46.6772],[8.0786,46.2177],[8.0808,46.0865],[7.9014,45.9825],[7.9833,45.9988],[7.5153,45.7588],[7.4377,45.5623],[7.1147,45.4313],[7.0377,45.235],[6.6343,45.1042],[6.6375,44.9734],[6.8826,44.908],[6.887,44.7119],[6.9681,44.7119],[6.8914,44.516],[6.0852,44.3854],[5.8553,43.9286],[4.8019,44.0591],[4.7144,44.2548],[4.2367,44.0591],[4.0925,43.6027]],[[6.8661,44.3721],[6.8772,44.4144],[6.8703,44.3667],[6.8661,44.3721]],[[6.9799,44.2461],[6.9887,44.2416],[6.9828,44.2417],[6.9799,44.2461]],[[6.9828,44.847],[7.0049,44.828],[7.0043,44.8249],[6.9828,44.847]],[[7.3093,44.1475],[7.339,44.1249],[7.331,44.1253],[7.3093,44.1475]],[[7.8702,45.9404],[7.8729,45.9594],[7.8807,45.9664],[7.8702,45.9404]],[[7.9891,46.0033],[8.0007,46.0175],[7.9984,46.0106],[7.9891,46.0033]],[[9.2823,46.4974],[9.331,46.5015],[9.3508,46.4979],[9.2823,46.4974]],[[9.477,47.0639],[9.5812,47.0569],[9.6691,47.0562],[9.5606,47.0524],[9.477,47.0639]],[[9.4874,47.21],[9.5046,47.2437],[9.5171,47.2564],[9.4874,47.21]],[[9.8486,47.5386],[9.8589,47.5413],[9.9188,47.5322],[9.8486,47.5386]],[[10.0226,47.488],[10.0718,47.4391],[10.0806,47.4274],[10.0226,47.488]],[[10.0427,46.2205],[10.1026,46.2289],[10.0757,46.22],[10.0427,46.2205]],[[10.0532,47.4049],[10.0806,47.4274],[10.076,47.4169],[10.0532,47.4049]],[[10.0924,46.3381],[10.0956,46.344],[10.0935,46.3356],[10.0924,46.3381]],[[10.0998,46.321],[10.1589,46.2624],[10.1049,46.3094],[10.0998,46.321]],[[10.1015,46.3549],[10.105,46.3614],[10.1332,46.3811],[10.1015,46.3549]],[[10.3639,46.9912],[10.3734,46.9963],[10.3758,46.9946],[10.3639,46.9912]],[[12.7389,48.1134],[12.7431,48.1158],[12.7397,48.1069],[12.7389,48.1134]],[[12.7414,48.092],[12.7486,48.0788],[12.742,48.0868],[12.7414,48.092]],[[12.7539,48.0725],[12.8306,48.0155],[12.7602,48.0649],[12.7539,48.0725]],[[13.5068,46.5469],[13.5492,46.5458],[13.607,46.5329],[13.5068,46.5469]],[[14.1499,46.4401],[14.3958,46.441],[14.3993,46.4393],[14.1499,46.4401]],[[14.412,46.4332],[14.4509,46.4145],[14.42,46.4244],[14.412,46.4332]],[[15.972,46.8206],[15.9817,46.8277],[16.0941,46.8629],[16.094,46.8628],[15.972,46.8206]],[[16.2337,46.4787],[16.2349,46.4933],[16.2509,46.405],[16.2337,46.4787]],[[16.3476,46.5436],[16.3579,46.547],[16.3517,46.5395],[16.3476,46.5436]],[[17.0386,46.169],[17.0889,46.1362],[17.0529,46.1535],[17.0386,46.169]],[[17.1069,46.1276],[17.2086,46.1166],[17.1162,46.1231],[17.1069,46.1276]],[[18.4437,42.8345],[18.4517,42.8023],[18.4446,42.8171],[18.4437,42.8345]],[[18.4598,42.7852],[18.4838,42.7525],[18.4674,42.7692],[18.4598,42.7852]],[[18.6487,45.0627],[18.6713,45.0869],[18.6766,45.086],[18.6487,45.0627]],[[18.6798,45.0855],[18.6841,45.0848],[18.7383,45.0159],[18.6798,45.0855]],[[18.8896,44.8612],[19.0158,44.8656],[19.0726,44.8767],[19.0684,44.8748],[19.005,44.8633],[18.8896,44.8612]],[[19.1228,43.5359],[19.2175,43.5328],[19.1953,43.5328],[19.1228,43.5359]],[[19.2435,44.002],[19.2728,44.0124],[19.2814,44.0115],[19.2435,44.002]],[[19.2925,44.0103],[19.3006,44.0095],[19.3646,43.9733],[19.2925,44.0103]],[[19.3074,44.2742],[19.3243,44.264],[19.3319,44.2539],[19.3074,44.2742]],[[19.3415,44.8988],[19.3532,44.899],[19.3644,44.889],[19.3415,44.8988]],[[19.3454,44.2358],[19.354,44.2243],[19.3624,44.1912],[19.3454,44.2358]],[[19.3624,44.1912],[19.4426,44.1432],[19.3812,44.1771],[19.3624,44.1912]],[[19.3696,44.8842],[19.3728,44.8814],[19.3766,44.863],[19.3696,44.8842]]],[[[12.4905,37.7062],[13.192,37.5773],[13.6022,37.2505],[14.2779,37.126],[14.6723,36.7393],[15.0498,36.7393],[15.2102,36.9971],[15.2133,37.1583],[15.0592,37.2549],[15.0665,37.6417],[15.3895,38.1578],[15.5432,38.1578],[15.5865,38.2377],[14.0562,37.9643],[13.6652,37.9643],[13.3547,38.1578],[13.1199,38.1578],[13.0404,38.0288],[12.6522,38.0929],[12.4919,37.8998],[12.4905,37.7062]]],[[[14.5158,45.1042],[14.7791,45.0187],[14.6653,45.0873],[14.6653,45.1618],[14.5974,45.1664],[14.5959,45.2375],[14.5158,45.1042]]],[[[14.9089,44.5813],[14.9595,44.5396],[14.9729,44.5361],[15.0142,44.5187],[15.0073,44.5045],[15.0755,44.4841],[15.0412,44.5275],[15.0039,44.5361],[14.9663,44.5734],[14.9095,44.6068],[14.9089,44.5813]]],[[[15.0415,44.4766],[15.1597,44.3262],[15.2271,44.3264],[15.1651,44.3674],[15.2544,44.34],[15.0415,44.4766]]],[[[15.1642,44.3057],[15.1652,44.3012],[15.1724,44.2991],[15.1642,44.3057]]],[[[15.2158,44.072],[15.2187,44.0591],[15.2398,44.0534],[15.2258,44.0662],[15.2158,44.072]]],[[[15.401,43.904],[15.4461,43.8875],[15.4268,43.9221],[15.4165,43.928],[15.401,43.904]]],[[[16.7272,43.3421],[16.7959,43.3559],[16.7282,43.3691],[16.7272,43.3421]]],[[[17.3552,42.9515],[17.4376,42.9515],[17.3905,42.9777],[17.3566,42.9879],[17.3552,42.9515]]],[[[17.5079,42.7563],[17.5159,42.7684],[17.5085,42.7718],[17.5079,42.7563]]],[[[17.5119,42.8554],[17.6218,42.8864],[17.5261,42.9218],[17.5119,42.8554]]],[[[14.2616,44.6158],[14.2712,44.6125],[14.2619,44.6282],[14.2616,44.6158]]],[[[14.2625,44.6582],[14.2742,44.6617],[14.2804,44.6776],[14.2658,44.6795],[14.2629,44.6771],[14.2625,44.6582]]],[[[14.2925,44.9403],[14.4279,44.6566],[14.5047,44.6191],[14.4592,44.9154],[14.2925,44.9403]]],[[[14.3358,44.7168],[14.363,44.5734],[14.5024,44.516],[14.3358,44.7168]]]]}},{"type":"Feature","properties":{"territoryId":"cliopatria-q583038-7d984a97b7","name":"Ostrogothic Kingdom","name_ko":"동고트 왕국","color":"#d93a6a","colorFamily":3,"startYear":534,"endYear":535,"source_name":"Cliopatria v0.2.0","source_url":"https://github.com/Seshat-Global-History-Databank/cliopatria","license":"CC BY 4.0","attribution":"Seshat Global History Databank, Cliopatria contributors"},"geometry":{"type":"MultiPolygon","coordinates":[[[[10.1632,42.8164],[10.1963,42.7362],[10.3379,42.7648],[10.4307,42.7221],[10.3888,42.7635],[10.4367,42.8044],[10.4124,42.8734],[10.3473,42.8059],[10.1632,42.8164]]],[[[4.0925,43.6027],[4.173,43.6027],[4.1778,43.4723],[4.7288,43.4723],[4.6946,43.5791],[4.7424,43.4723],[5.0524,43.4723],[5.0291,43.5586],[5.14,43.4858],[5.2228,43.504],[5.1969,43.4454],[5.3869,43.4072],[5.3908,43.2769],[5.6319,43.2769],[5.7962,43.1467],[6.2782,43.1467],[6.5176,43.2118],[6.6726,43.4723],[6.9985,43.5442],[7.1502,43.733],[8.0339,43.9286],[8.1916,44.1896],[8.5925,44.4507],[9.1591,44.4507],[9.7274,44.1243],[9.9697,44.1243],[9.9627,44.0447],[10.1314,44.0591],[10.3742,43.6678],[10.5391,43.0796],[11.0163,42.8213],[11.0159,42.6629],[11.176,42.6262],[11.2552,42.4312],[11.4152,42.4312],[11.569,42.3314],[11.6548,42.3662],[11.8128,42.1063],[12.1317,42.0413],[12.1305,41.9131],[13,41.3274],[13.7145,41.2625],[13.862,41.1328],[13.9506,41.1328],[14.1046,40.8736],[14.4219,40.8736],[14.4194,40.7517],[14.4741,40.7297],[14.4363,40.6792],[14.8934,40.6792],[15.0414,40.2259],[15.1995,40.2259],[15.4319,40.0317],[15.5349,40.0778],[15.7478,40.0317],[15.7136,39.978],[15.7736,39.8424],[15.8989,39.7729],[16.1165,39.0618],[16.2703,38.9326],[16.2652,38.7389],[15.9497,38.6743],[15.8621,38.2869],[15.6328,38.2203],[15.6982,37.9643],[15.9328,37.9643],[16.4919,38.416],[16.5024,38.8034],[17.1383,39.0618],[17.0697,39.385],[16.9162,39.5143],[16.4473,39.6436],[16.4567,39.967],[16.6769,40.1511],[16.6245,40.2906],[16.777,40.2906],[16.9137,40.4464],[16.868,40.4849],[17.0285,40.5496],[17.3452,40.5496],[17.4175,40.3554],[17.8131,40.3554],[18.1122,39.9023],[18.3489,39.9023],[18.4381,40.1612],[17.9812,40.6144],[17.5107,40.744],[17.2027,41.0032],[15.9439,41.3922],[15.8738,41.7167],[16.1149,41.7816],[16.1189,41.9114],[15.2414,41.9114],[15.008,41.999],[14.924,41.9764],[14.7659,42.0413],[14.7178,42.1506],[14.6077,42.1063],[14.0565,42.4962],[13.9014,42.7563],[13.9329,42.8295],[13.8625,43.0186],[13.7471,43.0816],[13.6726,43.4072],[13.3874,43.6413],[13.0338,43.733],[13.019,43.8567],[12.8734,43.7982],[12.313,44.1896],[12.1537,44.4507],[12.1572,44.8426],[12.4001,44.7989],[12.4026,45.0388],[12.3688,45.011],[12.16,45.1696],[12.1628,45.4968],[12.6522,45.5623],[12.8168,45.6933],[13.0658,45.6401],[13.1448,45.8243],[13.7149,45.7588],[13.7393,45.6491],[13.8081,45.6143],[13.7119,45.5933],[13.7529,45.5529],[13.7102,45.4968],[13.5473,45.4968],[13.5448,45.3427],[13.7056,45.235],[13.8032,44.908],[13.9432,44.908],[13.9457,45.0388],[14.1552,45.0388],[14.1962,45.3659],[14.6031,45.3659],[14.576,45.2623],[14.8528,45.0937],[14.9187,44.9734],[14.9113,44.6789],[15.308,44.3544],[15.5287,44.2718],[15.2612,44.3326],[15.2953,44.2507],[15.1981,44.3017],[15.1765,44.25],[15.2129,44.131],[15.4591,43.9938],[15.4551,43.928],[15.6186,43.9286],[15.6954,43.7982],[15.8566,43.7982],[16.0117,43.6027],[15.9595,43.504],[16.5754,43.6027],[16.7342,43.5375],[16.7302,43.4247],[17.0513,43.4072],[17.1139,43.2132],[17.2058,43.1691],[17.3654,43.2118],[17.3606,43.0893],[17.4336,43.0174],[17.502,43.031],[17.5156,42.9589],[17.6632,42.8864],[17.8339,42.8864],[18.2191,42.5984],[18.6286,42.4482],[18.6873,42.4829],[18.7063,42.4197],[18.852,42.3662],[18.9259,42.2362],[19.1688,42.3012],[19.114,42.8213],[19.4579,43.2769],[19.3037,43.4072],[19.3136,43.6027],[19.4747,43.6027],[19.4109,43.9286],[19.6599,44.0591],[19.6704,44.2548],[19.9236,44.4507],[19.9344,44.6466],[19.6242,44.908],[19.1406,44.9734],[19.2384,45.3004],[18.9976,45.3659],[19.0041,45.4968],[18.9227,45.4968],[18.7788,45.8898],[18.8604,45.8898],[18.8283,45.9057],[19.0501,46.4145],[18.8141,46.6115],[18.8337,47.0058],[19.0837,47.0716],[19.1833,47.4006],[19.2657,47.4006],[19.2692,47.4665],[18.9496,47.6641],[18.9565,47.7959],[18.798,47.9278],[18.626,47.7959],[17.6346,47.7959],[17.169,48.0123],[17.0856,47.9701],[17.1672,48.0131],[17.0669,48.0597],[17.0723,48.1917],[16.9895,48.1917],[16.9921,48.2578],[16.9093,48.2578],[16.9066,48.1917],[16.8238,48.1917],[16.8264,48.2578],[14.2576,48.2578],[13.7642,48.4559],[13.6838,48.5881],[12.9383,48.7204],[12.1113,49.1838],[11.694,49.1175],[11.6099,48.9851],[10.1134,48.4559],[9.9508,47.8619],[9.8681,47.8619],[9.9519,47.6641],[9.5414,47.4006],[9.6056,47.0567],[9.6691,47.0562],[9.6061,47.054],[9.6274,46.9401],[9.3833,46.6772],[9.3044,46.3489],[8.1593,46.2833],[8.0808,46.0865],[7.9833,45.9988],[7.7588,45.8243],[7.5956,45.8243],[7.3576,45.4968],[7.1147,45.4313],[7.0377,45.235],[6.7156,45.1042],[6.3093,45.1042],[6.3162,44.8426],[5.9143,44.7119],[5.7579,44.516],[5.0291,44.516],[4.9526,44.3854],[4.7076,44.4507],[4.7099,44.3854],[4.629,44.3854],[4.6336,44.2548],[4.2367,44.0591],[4.0925,43.6027]],[[6.8661,44.3721],[6.8772,44.4144],[6.8703,44.3667],[6.8661,44.3721]],[[6.9799,44.2461],[6.9887,44.2416],[6.9828,44.2417],[6.9799,44.2461]],[[6.9828,44.847],[7.0049,44.828],[7.0043,44.8249],[6.9828,44.847]],[[7.3093,44.1475],[7.339,44.1249],[7.331,44.1253],[7.3093,44.1475]],[[7.9891,46.0033],[8.0007,46.0175],[7.9984,46.0106],[7.9891,46.0033]],[[9.8486,47.5386],[9.8589,47.5413],[9.9188,47.5322],[9.8486,47.5386]],[[10.0226,47.488],[10.0718,47.4391],[10.0806,47.4274],[10.0226,47.488]],[[10.0427,46.2205],[10.1026,46.2289],[10.0757,46.22],[10.0427,46.2205]],[[10.0532,47.4049],[10.0806,47.4274],[10.076,47.4169],[10.0532,47.4049]],[[10.0924,46.3381],[10.0956,46.344],[10.0935,46.3356],[10.0924,46.3381]],[[10.0998,46.321],[10.1589,46.2624],[10.1049,46.3094],[10.0998,46.321]],[[10.1015,46.3549],[10.105,46.3614],[10.1332,46.3811],[10.1015,46.3549]],[[10.3639,46.9912],[10.3734,46.9963],[10.3758,46.9946],[10.3639,46.9912]],[[12.7389,48.1134],[12.7431,48.1158],[12.7397,48.1069],[12.7389,48.1134]],[[12.7414,48.092],[12.7486,48.0788],[12.742,48.0868],[12.7414,48.092]],[[12.7539,48.0725],[12.8306,48.0155],[12.7602,48.0649],[12.7539,48.0725]],[[13.5068,46.5469],[13.5492,46.5458],[13.607,46.5329],[13.5068,46.5469]],[[14.1499,46.4401],[14.3958,46.441],[14.3993,46.4393],[14.1499,46.4401]],[[14.412,46.4332],[14.4509,46.4145],[14.42,46.4244],[14.412,46.4332]],[[15.972,46.8206],[15.9817,46.8277],[16.0941,46.8629],[16.094,46.8628],[15.972,46.8206]],[[16.2337,46.4787],[16.2349,46.4933],[16.2509,46.405],[16.2337,46.4787]],[[16.3476,46.5436],[16.3579,46.547],[16.3517,46.5395],[16.3476,46.5436]],[[17.0386,46.169],[17.0889,46.1362],[17.0529,46.1535],[17.0386,46.169]],[[17.1069,46.1276],[17.2086,46.1166],[17.1162,46.1231],[17.1069,46.1276]],[[18.4437,42.8345],[18.4517,42.8023],[18.4446,42.8171],[18.4437,42.8345]],[[18.4598,42.7852],[18.4838,42.7525],[18.4674,42.7692],[18.4598,42.7852]],[[18.6487,45.0627],[18.6713,45.0869],[18.6766,45.086],[18.6487,45.0627]],[[18.6798,45.0855],[18.6841,45.0848],[18.7383,45.0159],[18.6798,45.0855]],[[18.8896,44.8612],[19.0158,44.8656],[19.0726,44.8767],[19.0684,44.8748],[19.005,44.8633],[18.8896,44.8612]],[[19.1228,43.5359],[19.2175,43.5328],[19.1953,43.5328],[19.1228,43.5359]],[[19.2435,44.002],[19.2728,44.0124],[19.2814,44.0115],[19.2435,44.002]],[[19.2925,44.0103],[19.3006,44.0095],[19.3646,43.9733],[19.2925,44.0103]],[[19.3074,44.2742],[19.3243,44.264],[19.3319,44.2539],[19.3074,44.2742]],[[19.3415,44.8988],[19.3532,44.899],[19.3644,44.889],[19.3415,44.8988]],[[19.3454,44.2358],[19.354,44.2243],[19.3624,44.1912],[19.3454,44.2358]],[[19.3624,44.1912],[19.4426,44.1432],[19.3812,44.1771],[19.3624,44.1912]],[[19.3696,44.8842],[19.3728,44.8814],[19.3766,44.863],[19.3696,44.8842]]],[[[12.4905,37.7062],[13.192,37.5773],[13.6022,37.2505],[14.2779,37.126],[14.6723,36.7393],[15.0498,36.7393],[15.2102,36.9971],[15.2133,37.1583],[15.0592,37.2549],[15.0665,37.6417],[15.3895,38.1578],[15.5432,38.1578],[15.5865,38.2377],[14.0562,37.9643],[13.6652,37.9643],[13.3547,38.1578],[13.1199,38.1578],[13.0404,38.0288],[12.6522,38.0929],[12.4919,37.8998],[12.4905,37.7062]]],[[[14.5158,45.1042],[14.7791,45.0187],[14.6653,45.0873],[14.6653,45.1618],[14.5974,45.1664],[14.5959,45.2375],[14.5158,45.1042]]],[[[14.9089,44.5813],[14.9595,44.5396],[14.9729,44.5361],[15.0142,44.5187],[15.0073,44.5045],[15.0755,44.4841],[15.0412,44.5275],[15.0039,44.5361],[14.9663,44.5734],[14.9095,44.6068],[14.9089,44.5813]]],[[[15.0415,44.4766],[15.1597,44.3262],[15.2271,44.3264],[15.1651,44.3674],[15.2544,44.34],[15.0415,44.4766]]],[[[15.1642,44.3057],[15.1652,44.3012],[15.1724,44.2991],[15.1642,44.3057]]],[[[15.2158,44.072],[15.2187,44.0591],[15.2398,44.0534],[15.2258,44.0662],[15.2158,44.072]]],[[[15.401,43.904],[15.4461,43.8875],[15.4268,43.9221],[15.4165,43.928],[15.401,43.904]]],[[[16.7272,43.3421],[16.7959,43.3559],[16.7282,43.3691],[16.7272,43.3421]]],[[[17.3552,42.9515],[17.4376,42.9515],[17.3905,42.9777],[17.3566,42.9879],[17.3552,42.9515]]],[[[17.5079,42.7563],[17.5159,42.7684],[17.5085,42.7718],[17.5079,42.7563]]],[[[17.5119,42.8554],[17.6218,42.8864],[17.5261,42.9218],[17.5119,42.8554]]],[[[14.2616,44.6158],[14.2712,44.6125],[14.2619,44.6282],[14.2616,44.6158]]],[[[14.2625,44.6582],[14.2742,44.6617],[14.2804,44.6776],[14.2658,44.6795],[14.2629,44.6771],[14.2625,44.6582]]],[[[14.2925,44.9403],[14.4279,44.6566],[14.5047,44.6191],[14.4592,44.9154],[14.2925,44.9403]]],[[[14.3358,44.7168],[14.363,44.5734],[14.5024,44.516],[14.3358,44.7168]]]]}},{"type":"Feature","properties":{"territoryId":"cliopatria-q583038-7d984a97b7","name":"Ostrogothic Kingdom","name_ko":"동고트 왕국","color":"#d93a6a","colorFamily":3,"startYear":536,"endYear":539,"source_name":"Cliopatria v0.2.0","source_url":"https://github.com/Seshat-Global-History-Databank/cliopatria","license":"CC BY 4.0","attribution":"Seshat Global History Databank, Cliopatria contributors"},"geometry":{"type":"MultiPolygon","coordinates":[[[[10.1632,42.8164],[10.1963,42.7362],[10.3379,42.7648],[10.4307,42.7221],[10.3888,42.7635],[10.4367,42.8044],[10.4124,42.8734],[10.3473,42.8059],[10.1632,42.8164]]],[[[14.2616,44.6158],[14.2712,44.6125],[14.2619,44.6282],[14.2616,44.6158]]],[[[14.2625,44.6582],[14.2742,44.6617],[14.2804,44.6776],[14.2658,44.6795],[14.2629,44.6771],[14.2625,44.6582]]],[[[14.2925,44.9403],[14.4279,44.6566],[14.5047,44.6191],[14.4592,44.9154],[14.2925,44.9403]]],[[[14.3358,44.7168],[14.363,44.5734],[14.5024,44.516],[14.3358,44.7168]]],[[[4.0925,43.6027],[4.173,43.6027],[4.1778,43.4723],[4.7288,43.4723],[4.6946,43.5791],[4.7424,43.4723],[5.0524,43.4723],[5.0291,43.5586],[5.14,43.4858],[5.2228,43.504],[5.1969,43.4454],[5.3869,43.4072],[5.3908,43.2769],[5.6319,43.2769],[5.7962,43.1467],[6.2782,43.1467],[6.5176,43.2118],[6.6726,43.4723],[6.9985,43.5442],[7.1502,43.733],[8.0339,43.9286],[8.4315,44.3854],[9.1591,44.4507],[9.7274,44.1243],[9.9697,44.1243],[9.9627,44.0447],[10.2123,43.9938],[10.4208,43.4051],[10.5282,43.2468],[10.5391,43.0796],[11.0163,42.8213],[11.0159,42.6629],[11.176,42.6262],[11.2552,42.4312],[11.4152,42.4312],[11.569,42.3314],[11.6548,42.3662],[11.7353,42.1702],[11.972,42.0413],[12.0518,42.0413],[12.1334,42.2362],[12.3732,42.2362],[12.4496,41.9114],[12.2894,41.8465],[12.2888,41.7816],[12.3685,41.7816],[12.3678,41.7167],[12.5265,41.6518],[12.767,41.7816],[12.8509,42.1063],[13.0106,42.1063],[13.0924,42.2362],[14.2138,42.3662],[14.2152,42.4312],[13.9014,42.7563],[13.9329,42.8295],[13.8625,43.0186],[13.7471,43.0816],[13.6726,43.4072],[13.3874,43.6413],[13.0338,43.733],[13.019,43.8567],[12.8734,43.7982],[12.313,44.1896],[12.1537,44.4507],[12.1572,44.8426],[12.4001,44.7989],[12.4026,45.0388],[12.3688,45.011],[12.16,45.1696],[12.1628,45.4968],[12.6522,45.5623],[12.8168,45.6933],[13.0658,45.6401],[13.1448,45.8243],[13.7149,45.7588],[13.7393,45.6491],[13.8081,45.6143],[13.7119,45.5933],[13.7529,45.5529],[13.7102,45.4968],[13.5473,45.4968],[13.5448,45.3427],[13.7056,45.235],[13.8032,44.908],[13.9432,44.908],[13.9457,45.0388],[14.1552,45.0388],[14.1962,45.3659],[14.6031,45.3659],[14.6076,45.5623],[14.9335,45.5623],[15.1675,45.1696],[15.4852,44.908],[15.6475,44.908],[15.6417,44.7119],[15.8849,44.7119],[16.0387,44.4507],[16.1984,44.3854],[16.1941,44.2548],[16.3558,44.2548],[16.4277,43.9938],[17.1467,43.7982],[17.2222,43.6678],[17.8557,43.4072],[18.5023,43.4723],[18.4963,43.3421],[19.3808,43.3421],[19.3136,43.6027],[19.4747,43.6027],[19.4109,43.9286],[19.6599,44.0591],[19.6704,44.2548],[19.9236,44.4507],[19.9344,44.6466],[19.6242,44.908],[19.1406,44.9734],[19.2384,45.3004],[18.9976,45.3659],[19.0041,45.4968],[18.9227,45.4968],[18.7788,45.8898],[18.8604,45.8898],[18.8283,45.9057],[19.0501,46.4145],[18.8141,46.6115],[18.8337,47.0058],[19.0837,47.0716],[19.1833,47.4006],[19.2657,47.4006],[19.2692,47.4665],[18.9496,47.6641],[18.9565,47.7959],[18.798,47.9278],[18.626,47.7959],[17.6346,47.7959],[17.169,48.0123],[17.0856,47.9701],[17.1672,48.0131],[17.0669,48.0597],[17.0723,48.1917],[16.9895,48.1917],[16.9921,48.2578],[16.9093,48.2578],[16.9066,48.1917],[16.8238,48.1917],[16.8264,48.2578],[14.2576,48.2578],[13.7642,48.4559],[13.6838,48.5881],[12.9383,48.7204],[12.1113,49.1838],[11.694,49.1175],[11.6099,48.9851],[10.1134,48.4559],[9.9508,47.8619],[9.8681,47.8619],[9.9519,47.6641],[9.5414,47.4006],[9.6056,47.0567],[9.6691,47.0562],[9.6061,47.054],[9.6274,46.9401],[9.3833,46.6772],[9.3044,46.3489],[8.1593,46.2833],[8.0808,46.0865],[7.9833,45.9988],[7.7588,45.8243],[7.5956,45.8243],[7.3576,45.4968],[7.1147,45.4313],[7.0377,45.235],[6.7156,45.1042],[6.3093,45.1042],[6.3162,44.8426],[5.9143,44.7119],[5.7579,44.516],[5.0291,44.516],[4.9526,44.3854],[4.7076,44.4507],[4.7099,44.3854],[4.629,44.3854],[4.6336,44.2548],[4.2367,44.0591],[4.0925,43.6027]],[[6.8661,44.3721],[6.8772,44.4144],[6.8703,44.3667],[6.8661,44.3721]],[[6.9799,44.2461],[6.9887,44.2416],[6.9828,44.2417],[6.9799,44.2461]],[[6.9828,44.847],[7.0049,44.828],[7.0043,44.8249],[6.9828,44.847]],[[7.3093,44.1475],[7.339,44.1249],[7.331,44.1253],[7.3093,44.1475]],[[7.9891,46.0033],[8.0007,46.0175],[7.9984,46.0106],[7.9891,46.0033]],[[9.8486,47.5386],[9.8589,47.5413],[9.9188,47.5322],[9.8486,47.5386]],[[10.0226,47.488],[10.0718,47.4391],[10.0806,47.4274],[10.0226,47.488]],[[10.0427,46.2205],[10.1026,46.2289],[10.0757,46.22],[10.0427,46.2205]],[[10.0532,47.4049],[10.0806,47.4274],[10.076,47.4169],[10.0532,47.4049]],[[10.0924,46.3381],[10.0956,46.344],[10.0935,46.3356],[10.0924,46.3381]],[[10.0998,46.321],[10.1589,46.2624],[10.1049,46.3094],[10.0998,46.321]],[[10.1015,46.3549],[10.105,46.3614],[10.1332,46.3811],[10.1015,46.3549]],[[10.3639,46.9912],[10.3734,46.9963],[10.3758,46.9946],[10.3639,46.9912]],[[12.7389,48.1134],[12.7431,48.1158],[12.7397,48.1069],[12.7389,48.1134]],[[12.7414,48.092],[12.7486,48.0788],[12.742,48.0868],[12.7414,48.092]],[[12.7539,48.0725],[12.8306,48.0155],[12.7602,48.0649],[12.7539,48.0725]],[[13.5068,46.5469],[13.5492,46.5458],[13.607,46.5329],[13.5068,46.5469]],[[14.1499,46.4401],[14.3958,46.441],[14.3993,46.4393],[14.1499,46.4401]],[[14.412,46.4332],[14.4509,46.4145],[14.42,46.4244],[14.412,46.4332]],[[15.972,46.8206],[15.9817,46.8277],[16.0941,46.8629],[16.094,46.8628],[15.972,46.8206]],[[16.2337,46.4787],[16.2349,46.4933],[16.2509,46.405],[16.2337,46.4787]],[[16.3476,46.5436],[16.3579,46.547],[16.3517,46.5395],[16.3476,46.5436]],[[17.0386,46.169],[17.0889,46.1362],[17.0529,46.1535],[17.0386,46.169]],[[17.1069,46.1276],[17.2086,46.1166],[17.1162,46.1231],[17.1069,46.1276]],[[18.6487,45.0627],[18.6713,45.0869],[18.6766,45.086],[18.6487,45.0627]],[[18.6798,45.0855],[18.6841,45.0848],[18.7383,45.0159],[18.6798,45.0855]],[[18.8896,44.8612],[19.0158,44.8656],[19.0726,44.8767],[19.0684,44.8748],[19.005,44.8633],[18.8896,44.8612]],[[19.1228,43.5359],[19.2175,43.5328],[19.1953,43.5328],[19.1228,43.5359]],[[19.2435,44.002],[19.2728,44.0124],[19.2814,44.0115],[19.2435,44.002]],[[19.2925,44.0103],[19.3006,44.0095],[19.3646,43.9733],[19.2925,44.0103]],[[19.3074,44.2742],[19.3243,44.264],[19.3319,44.2539],[19.3074,44.2742]],[[19.3415,44.8988],[19.3532,44.899],[19.3644,44.889],[19.3415,44.8988]],[[19.3454,44.2358],[19.354,44.2243],[19.3624,44.1912],[19.3454,44.2358]],[[19.3624,44.1912],[19.4426,44.1432],[19.3812,44.1771],[19.3624,44.1912]],[[19.3696,44.8842],[19.3728,44.8814],[19.3766,44.863],[19.3696,44.8842]]]]}},{"type":"Feature","properties":{"territoryId":"cliopatria-q583038-7d984a97b7","name":"Ostrogothic Kingdom","name_ko":"동고트 왕국","color":"#d93a6a","colorFamily":3,"startYear":540,"endYear":545,"source_name":"Cliopatria v0.2.0","source_url":"https://github.com/Seshat-Global-History-Databank/cliopatria","license":"CC BY 4.0","attribution":"Seshat Global History Databank, Cliopatria contributors"},"geometry":{"type":"Polygon","coordinates":[[[8.4145,45.6278],[8.5784,45.5623],[9.9631,45.6278],[11.5112,45.4968],[12.0824,45.6278],[12.905,46.2177],[14.1293,46.0865],[14.3703,45.8898],[14.5336,45.8898],[14.6891,45.5623],[14.9335,45.5623],[15.1675,45.1696],[15.4852,44.908],[15.6475,44.908],[15.6417,44.7119],[15.8849,44.7119],[16.0429,44.5813],[16.1941,44.2548],[16.3558,44.2548],[16.4277,43.9938],[17.1467,43.7982],[17.2222,43.6678],[17.8557,43.4072],[18.5023,43.4723],[18.4963,43.3421],[19.3808,43.3421],[19.3136,43.6027],[19.4747,43.6027],[19.4109,43.9286],[19.6599,44.0591],[19.6704,44.2548],[19.9236,44.4507],[19.9344,44.6466],[19.6242,44.908],[19.1406,44.9734],[19.2384,45.3004],[18.9976,45.3659],[19.0041,45.4968],[18.9227,45.4968],[18.7788,45.8898],[18.8604,45.8898],[18.8283,45.9057],[19.0501,46.4145],[18.8141,46.6115],[18.8337,47.0058],[19.0837,47.0716],[19.1833,47.4006],[19.2657,47.4006],[19.2692,47.4665],[18.9496,47.6641],[18.9565,47.7959],[18.798,47.9278],[18.626,47.7959],[17.6346,47.7959],[17.3124,47.9938],[17.0669,48.0597],[17.0723,48.1917],[16.9895,48.1917],[16.9921,48.2578],[16.8238,48.1917],[16.8264,48.2578],[16.5803,48.3238],[16.0783,48.1917],[15.4985,48.1917],[15.171,48.3238],[14.7565,48.3238],[14.4217,48.1917],[14.4171,47.9938],[14.5809,47.9278],[14.5778,47.7959],[13.7455,47.4665],[13.6549,47.0058],[12.8336,47.0716],[12.8312,46.8743],[12.9133,46.8743],[12.828,46.6115],[12.0905,46.6772],[11.9251,46.4802],[11.5151,46.4145],[10.5323,46.4145],[10.3679,46.6115],[10.0399,46.6115],[10.0409,46.4145],[10.1228,46.4145],[10.0415,46.2833],[9.55,46.3489],[9.3851,46.4802],[9.1427,46.1521],[8.4895,46.0865],[8.4145,45.6278]],[[10.0427,46.2205],[10.1026,46.2289],[10.0757,46.22],[10.0427,46.2205]],[[10.0924,46.3381],[10.0956,46.344],[10.0935,46.3356],[10.0924,46.3381]],[[10.0998,46.321],[10.1589,46.2624],[10.1049,46.3094],[10.0998,46.321]],[[10.1015,46.3549],[10.105,46.3614],[10.1332,46.3811],[10.1015,46.3549]],[[13.5068,46.5469],[13.5492,46.5458],[13.607,46.5329],[13.5068,46.5469]],[[14.1499,46.4401],[14.3958,46.441],[14.3993,46.4393],[14.1499,46.4401]],[[14.412,46.4332],[14.4509,46.4145],[14.42,46.4244],[14.412,46.4332]],[[15.972,46.8206],[15.9817,46.8277],[16.0941,46.8629],[16.094,46.8628],[15.972,46.8206]],[[16.2337,46.4787],[16.2349,46.4933],[16.2509,46.405],[16.2337,46.4787]],[[16.3476,46.5436],[16.3579,46.547],[16.3517,46.5395],[16.3476,46.5436]],[[17.0386,46.169],[17.0889,46.1362],[17.0529,46.1535],[17.0386,46.169]],[[17.0856,47.9701],[17.1483,48.0054],[17.1848,48.0203],[17.0856,47.9701]],[[17.1069,46.1276],[17.2086,46.1166],[17.1162,46.1231],[17.1069,46.1276]],[[18.6487,45.0627],[18.6713,45.0869],[18.6766,45.086],[18.6487,45.0627]],[[18.6798,45.0855],[18.6841,45.0848],[18.7383,45.0159],[18.6798,45.0855]],[[18.8896,44.8612],[19.0158,44.8656],[19.0726,44.8767],[19.0684,44.8748],[19.005,44.8633],[18.8896,44.8612]],[[19.1228,43.5359],[19.2175,43.5328],[19.1953,43.5328],[19.1228,43.5359]],[[19.2435,44.002],[19.2728,44.0124],[19.2814,44.0115],[19.2435,44.002]],[[19.2925,44.0103],[19.3006,44.0095],[19.3646,43.9733],[19.2925,44.0103]],[[19.3074,44.2742],[19.3243,44.264],[19.3319,44.2539],[19.3074,44.2742]],[[19.3415,44.8988],[19.3532,44.899],[19.3644,44.889],[19.3415,44.8988]],[[19.3454,44.2358],[19.354,44.2243],[19.3624,44.1912],[19.3454,44.2358]],[[19.3624,44.1912],[19.4426,44.1432],[19.3812,44.1771],[19.3624,44.1912]],[[19.3696,44.8842],[19.3728,44.8814],[19.3766,44.863],[19.3696,44.8842]]]}},{"type":"Feature","properties":{"territoryId":"cliopatria-q583038-7d984a97b7","name":"Ostrogothic Kingdom","name_ko":"동고트 왕국","color":"#d93a6a","colorFamily":3,"startYear":546,"endYear":554,"source_name":"Cliopatria v0.2.0","source_url":"https://github.com/Seshat-Global-History-Databank/cliopatria","license":"CC BY 4.0","attribution":"Seshat Global History Databank, Cliopatria contributors"},"geometry":{"type":"MultiPolygon","coordinates":[[[[11.5748,42.3662],[11.6548,42.3662],[11.7349,42.1707],[12.1317,42.0413],[12.1305,41.9131],[12.6046,41.522],[12.9222,41.4571],[13,41.3274],[13.7145,41.2625],[13.862,41.1328],[13.9506,41.1328],[14.1046,40.8736],[14.4219,40.8736],[14.4205,40.8088],[15.2135,40.8088],[15.2896,40.6792],[16.1574,40.5496],[16.7138,40.6144],[16.7847,40.3554],[16.8312,40.3554],[16.9137,40.4464],[16.868,40.4849],[17.0285,40.5496],[17.3452,40.5496],[17.4175,40.3554],[17.8131,40.3554],[17.9128,40.2553],[17.924,40.1873],[17.9972,40.1204],[17.9996,40.0728],[18.1122,39.9023],[18.3489,39.9023],[18.3565,40.0964],[18.4355,40.0964],[18.3642,40.2906],[17.9812,40.6144],[15.9458,41.4571],[15.8663,41.4571],[15.3923,41.5869],[14.1979,41.5869],[13.9615,41.7167],[13.8818,41.7167],[13.8044,41.8465],[13.4057,41.8465],[13.1694,42.0413],[12.8501,42.0413],[12.0586,42.8213],[11.6561,42.5612],[11.5748,42.3662]]],[[[11.4949,42.3582],[11.5746,42.3282],[11.5748,42.3662],[11.4949,42.3582]]],[[[8.4145,45.6278],[8.5784,45.5623],[9.9631,45.6278],[11.5112,45.4968],[12.0824,45.6278],[12.7406,46.1521],[13.2312,46.1521],[13.9659,46.0865],[13.9684,46.2177],[13.7253,46.3489],[13.6549,47.0058],[12.8336,47.0716],[12.8312,46.8743],[12.9133,46.8743],[12.828,46.6115],[12.0905,46.6772],[11.9251,46.4802],[11.5151,46.4145],[10.5323,46.4145],[10.3679,46.6115],[10.0399,46.6115],[10.1166,46.3695],[10.1332,46.3811],[10.1231,46.3489],[9.8779,46.2833],[9.3851,46.4802],[9.1427,46.1521],[8.4895,46.0865],[8.4145,45.6278]],[[10.0427,46.2205],[10.1026,46.2289],[10.0757,46.22],[10.0427,46.2205]],[[10.0998,46.321],[10.1589,46.2624],[10.1049,46.3094],[10.0998,46.321]],[[13.5068,46.5469],[13.5492,46.5458],[13.607,46.5329],[13.5068,46.5469]]]]}},{"type":"Feature","properties":{"territoryId":"cliopatria-q911440-2fc7f6c2a4","name":"Protectorate of the Western Regions","name_ko":"서역도호부","color":"#e5ec51","colorFamily":1,"startYear":476,"endYear":554,"source_name":"Cliopatria v0.2.0","source_url":"https://github.com/Seshat-Global-History-Databank/cliopatria","license":"CC BY 4.0","attribution":"Seshat Global History Databank, Cliopatria contributors"},"geometry":{"type":"Polygon","coordinates":[[[77.4522,38.416],[77.667,38.3515],[78.0931,37.7062],[78.3857,37.6417],[78.5608,37.4483],[79.1454,37.3193],[79.3982,37.126],[80.3713,36.9971],[81.0312,36.6105],[82.0236,36.8037],[81.6947,36.9971],[82.0552,37.6417],[82.4876,37.7707],[82.9068,38.0933],[83.9442,38.6097],[84.1795,38.6097],[84.3257,38.8034],[85.148,39.1265],[85.3759,39.3203],[88.246,40.2259],[88.5622,40.2259],[90.7814,40.8088],[92.1059,40.9384],[92.4798,41.068],[91.2702,41.3922],[90.7753,41.7167],[90.5362,41.7167],[90.4337,41.8465],[90.1945,41.8465],[90.223,41.9114],[89.6132,41.9764],[89.6416,42.0413],[88.8199,42.1712],[88.8482,42.2362],[88.0772,42.3012],[88.1054,42.3662],[85.7638,42.6912],[85.7915,42.7563],[84.1085,42.7563],[82.0557,42.2362],[80.9625,42.3012],[80.5338,42.4312],[80.0285,42.3662],[77.7953,41.522],[78.0426,41.3274],[78.0516,41.1328],[78.2899,41.1328],[78.2431,41.0032],[78.3883,40.744],[78.2851,40.2259],[78.3642,40.2259],[78.2576,39.4496],[78.3363,39.4496],[78.025,38.7389],[77.4725,38.4806],[77.4522,38.416]]]}},{"type":"Feature","properties":{"territoryId":"cliopatria-q1627675-a8686b2c36","name":"Pyu City-States","name_ko":"쀼 시국","color":"#3eeaa5","colorFamily":2,"startYear":84,"endYear":849,"source_name":"Cliopatria v0.2.0","source_url":"https://github.com/Seshat-Global-History-Databank/cliopatria","license":"CC BY 4.0","attribution":"Seshat Global History Databank, Cliopatria contributors"},"geometry":{"type":"MultiPolygon","coordinates":[[[[94.4107,20.8577],[94.6516,20.472],[94.6144,20.2148],[94.8363,19.7005],[94.725,19.4434],[94.8912,19.0577],[94.8541,18.8005],[95.085,18.3505],[95.6761,18.3505],[95.6947,18.4791],[95.8425,18.4791],[96.1944,18.8648],[96.418,19.3791],[96.4009,19.7648],[96.5776,19.9577],[96.4769,20.2791],[96.7088,20.3434],[96.6176,20.7291],[96.7851,20.8577],[96.7493,21.1148],[96.8235,21.1148],[96.8913,21.5648],[96.817,21.5648],[96.9502,21.9505],[96.8312,22.1434],[96.8579,22.7863],[96.7834,22.7863],[96.8669,23.3006],[96.5913,23.8792],[96.1656,24.0077],[95.2905,23.6863],[94.6648,22.0791],[94.7199,21.9505],[94.552,21.822],[94.4107,20.8577]]],[[[96.7185,23.7506],[96.7931,23.7506],[96.8041,23.8149],[96.7295,23.8149],[96.7185,23.7506]]],[[[96.6549,23.8149],[96.7295,23.8149],[96.7405,23.8792],[96.6659,23.8792],[96.6549,23.8149]]]]}},{"type":"Feature","properties":{"territoryId":"cliopatria-q316860-96bf9a88d0","name":"Ripuarian Franks","name_ko":"리푸아리아 프랑크족","color":"#e34564","colorFamily":3,"startYear":500,"endYear":509,"source_name":"Cliopatria v0.2.0","source_url":"https://github.com/Seshat-Global-History-Databank/cliopatria","license":"CC BY 4.0","attribution":"Seshat Global History Databank, Cliopatria contributors"},"geometry":{"type":"Polygon","coordinates":[[[4.4116,51.7811],[4.4146,51.7142],[5.9406,51.7811],[6.2038,51.5134],[6.7124,51.5134],[7.1491,50.9789],[7.1539,50.7788],[6.9903,50.5789],[6.8219,50.5789],[6.7413,50.4457],[6.4048,50.4457],[6.0768,50.1795],[6.169,49.9136],[6.4262,49.7143],[7.0908,49.9136],[8.265,49.8471],[8.4256,50.3125],[8.7592,50.5122],[9.2665,50.246],[9.1781,50.7121],[9.3456,50.8455],[9.4271,51.246],[8.8371,51.0457],[8.3354,50.7121],[7.6517,51.1792],[7.649,51.3128],[7.3921,51.4465],[7.3013,51.7142],[6.6996,51.9822],[6.6146,51.9822],[6.6127,52.0492],[6.6978,52.0492],[6.948,52.2505],[7.0165,52.9227],[6.9308,52.9227],[6.6662,53.1922],[6.4945,53.1922],[6.4126,53.0574],[6.241,53.0574],[6.2452,52.9227],[6.3309,52.9227],[6.2494,52.7881],[6.076,52.8554],[5.9948,52.7208],[5.655,52.6535],[5.5597,52.9227],[5.3857,52.99],[5.3908,52.8554],[4.8854,52.6535],[4.8112,52.3847],[4.5581,52.3176],[4.6521,52.1163],[4.4116,51.7811]],[[6.1149,50.1123],[6.1175,50.1205],[6.1295,50.134],[6.1149,50.1123]],[[6.122,50.1618],[6.1232,50.1649],[6.1442,50.1681],[6.122,50.1618]],[[6.1468,50.214],[6.1572,50.2227],[6.1896,50.2427],[6.1468,50.214]],[[6.1532,50.1707],[6.1651,50.1819],[6.1591,50.1724],[6.1532,50.1707]]]}},{"type":"Feature","properties":{"territoryId":"cliopatria-q155361-c04e0a15e9","name":"Rouran Khaganate","name_ko":"유연","color":"#bf56e6","colorFamily":4,"startYear":480,"endYear":533,"source_name":"Cliopatria v0.2.0","source_url":"https://github.com/Seshat-Global-History-Databank/cliopatria","license":"CC BY 4.0","attribution":"Seshat Global History Databank, Cliopatria contributors"},"geometry":{"type":"MultiPolygon","coordinates":[[[[77.9319,42.9515],[79.0846,42.8213],[79.2492,42.6262],[79.4094,42.6262],[79.439,42.4962],[80.0285,42.3662],[80.5338,42.4312],[80.9625,42.3012],[82.0557,42.2362],[84.1085,42.7563],[85.7915,42.7563],[85.7638,42.6912],[88.1054,42.3662],[88.0772,42.3012],[88.8482,42.2362],[88.8199,42.1712],[89.6416,42.0413],[89.6132,41.9764],[90.223,41.9114],[90.1945,41.8465],[90.4337,41.8465],[90.5362,41.7167],[90.7753,41.7167],[91.2702,41.3922],[92.4798,41.068],[92.7974,41.068],[92.769,41.0032],[93.8455,40.744],[95.2297,41.0032],[96.9264,41.068],[96.8966,41.0032],[97.6305,40.8736],[98.0369,40.5496],[98.2745,40.5496],[98.5026,40.3554],[98.9478,40.2906],[98.9184,40.2259],[99.2842,40.1612],[99.3837,40.0317],[100.1735,40.0317],[100.1441,39.967],[100.3809,39.967],[100.3515,39.9023],[100.5094,39.9023],[100.7372,39.7083],[100.9737,39.7083],[100.9446,39.6436],[101.9495,39.7729],[104.5828,39.8376],[104.6676,39.5143],[103.6653,38.868],[103.6079,38.7389],[104.1075,38.8034],[103.8361,38.5451],[103.7514,38.3515],[103.8799,38.2869],[103.6626,37.9643],[103.764,37.8352],[104.3616,37.7707],[104.4629,37.6417],[105.3772,37.7707],[105.3494,37.7062],[105.7399,37.7062],[105.7121,37.6417],[105.9966,37.5773],[106.0193,37.4483],[106.4094,37.4483],[107.2455,37.5773],[107.9056,37.8352],[109.0778,37.8352],[110.3979,38.1578],[110.6748,38.416],[111.7382,38.6743],[112.5775,39.5789],[113.2408,39.6436],[113.3325,39.5143],[113.7263,39.5143],[114.6709,39.967],[114.8288,39.967],[114.8397,39.8376],[115.0764,39.8376],[116.3504,40.8736],[116.7041,40.9384],[117.4817,41.3274],[118.7502,41.4571],[119.4281,41.3922],[119.39,41.3274],[121.2188,41.3274],[122.6084,41.7816],[123.1301,42.2362],[123.8156,42.5612],[123.9903,43.0816],[125.0527,44.3201],[124.9719,44.3201],[124.8173,44.4507],[124.8615,44.516],[124.4639,44.6466],[124.5081,44.7119],[123.3056,44.9734],[123.3496,45.0388],[121.6875,45.1042],[121.731,45.1696],[120.875,45.1042],[120.9182,45.1696],[119.9428,45.1696],[119.9857,45.235],[119.3779,45.3004],[119.4207,45.3659],[118.6575,45.6933],[118.6618,45.8243],[118.3783,45.8898],[118.4357,46.3489],[118.3538,46.3489],[118.441,46.4802],[118.359,46.4802],[118.6166,46.7429],[118.4524,46.7429],[118.6295,47.0058],[118.5473,47.0058],[119.0436,47.73],[118.961,47.73],[119.1452,47.9938],[119.0625,47.9938],[119.9007,49.3826],[119.8172,49.3826],[120.168,49.8471],[120.0842,49.8471],[120.8234,51.3128],[120.7088,51.3797],[120.7638,51.4465],[120.5096,51.4465],[120.5646,51.5134],[120.026,51.5803],[120.1364,51.7142],[119.8265,51.6472],[119.8817,51.7142],[119.6822,51.7811],[119.7376,51.8481],[119.5676,51.8481],[119.5937,51.9822],[119.4235,51.9822],[119.45,52.1163],[119.0508,52.2505],[119.107,52.3176],[118.8511,52.3176],[118.9073,52.3847],[118.7366,52.3847],[118.793,52.4519],[118.3369,52.5191],[118.3933,52.5863],[118.2224,52.5863],[118.2788,52.6535],[117.0521,52.7208],[114.9902,52.1833],[113.8615,52.0492],[112.274,51.6472],[110.3569,51.5803],[110.4071,51.6472],[109.9828,51.6472],[109.9984,51.7811],[109.5236,51.7142],[109.539,51.8481],[109.2689,51.7142],[108.7243,51.7811],[107.2187,51.5803],[104.9306,50.9789],[104.2938,50.9122],[103.4952,50.9789],[103.4631,51.1792],[103.294,51.1792],[103.3012,51.3128],[103.2166,51.3128],[103.3171,51.5803],[103.1941,51.6472],[103.2878,51.7811],[103.2028,51.7811],[103.2971,51.9151],[102.7961,52.0492],[102.8435,52.1163],[102.4272,52.2505],[102.4748,52.3176],[102.2189,52.3176],[102.2665,52.3847],[101.8777,52.3176],[101.8874,52.4519],[101.7166,52.4519],[101.7265,52.5863],[101.641,52.5863],[101.6513,52.7208],[100.5584,52.99],[100.5485,52.8554],[100.0728,52.7881],[98.8409,52.1163],[98.5455,52.1833],[98.591,52.2505],[98.25,52.2505],[98.2954,52.3176],[97.8744,52.4519],[97.92,52.5191],[96.3824,52.5191],[94.5843,52.2505],[93.0944,51.7811],[92.5847,51.7811],[92.5866,51.6472],[92.3757,51.5803],[91.6124,51.5803],[91.6532,51.6472],[90.6753,51.7142],[90.6716,51.8481],[90.0767,51.8481],[88.5266,51.3797],[88.3961,51.4465],[88.28,51.246],[86.8605,50.9789],[84.9813,50.3125],[82.6876,48.9189],[82.3525,48.3899],[82.4354,48.3899],[82.3945,48.1257],[82.5814,47.9938],[82.5202,47.8619],[82.655,47.7959],[82.5942,47.6641],[82.751,47.4665],[82.631,47.2032],[82.7133,47.2032],[82.3657,46.6115],[81.7544,46.1521],[81.7792,46.0209],[81.2835,45.6278],[80.3301,45.1042],[79.8697,44.9734],[79.0919,44.0591],[77.9319,42.9515]],[[80.1498,42.6524],[80.1525,42.6604],[80.1965,42.7192],[80.1889,42.7016],[80.1498,42.6524]],[[86.596,49.6019],[86.6068,49.6128],[86.5967,49.5956],[86.596,49.6019]],[[86.5986,49.5798],[86.6106,49.5667],[86.5993,49.5735],[86.5986,49.5798]],[[87.0125,49.2807],[87.0225,49.2542],[87.0171,49.2586],[87.0125,49.2807]],[[87.0308,49.2474],[87.0534,49.2422],[87.0366,49.2427],[87.0308,49.2474]],[[88.1155,49.3566],[88.1617,49.4301],[88.1682,49.4342],[88.1155,49.3566]],[[88.5588,48.2881],[88.5808,48.212],[88.5612,48.2683],[88.5588,48.2881]],[[88.5808,48.212],[88.6358,48.1758],[88.5962,48.1977],[88.5808,48.212]],[[88.8587,49.5274],[88.8682,49.5381],[88.8799,49.5375],[88.8587,49.5274]],[[89.0747,47.9843],[89.244,47.9802],[89.2187,47.977],[89.0747,47.9843]],[[98.8401,52.0328],[98.8556,52.1067],[98.8465,52.0393],[98.8401,52.0328]],[[117.7588,49.5127],[117.795,49.5191],[117.7987,49.5182],[117.7588,49.5127]],[[117.9901,49.5869],[118.0285,49.603],[118.0171,49.5958],[117.9901,49.5869]]],[[[93.0513,51.8481],[93.1363,51.8481],[93.1783,51.9151],[93.0933,51.9151],[93.0513,51.8481]]]]}},{"type":"Feature","properties":{"territoryId":"cliopatria-q155361-c04e0a15e9","name":"Rouran Khaganate","name_ko":"유연","color":"#bf56e6","colorFamily":4,"startYear":534,"endYear":545,"source_name":"Cliopatria v0.2.0","source_url":"https://github.com/Seshat-Global-History-Databank/cliopatria","license":"CC BY 4.0","attribution":"Seshat Global History Databank, Cliopatria contributors"},"geometry":{"type":"MultiPolygon","coordinates":[[[[77.9319,42.9515],[79.0846,42.8213],[79.2492,42.6262],[79.4094,42.6262],[79.439,42.4962],[80.0285,42.3662],[80.5338,42.4312],[80.9625,42.3012],[82.0557,42.2362],[84.1085,42.7563],[85.7915,42.7563],[85.7638,42.6912],[88.1054,42.3662],[88.0772,42.3012],[88.8482,42.2362],[88.8199,42.1712],[89.6416,42.0413],[89.6132,41.9764],[90.223,41.9114],[90.1945,41.8465],[90.4337,41.8465],[90.5362,41.7167],[90.7753,41.7167],[91.2702,41.3922],[92.4798,41.068],[92.7974,41.068],[92.769,41.0032],[93.8455,40.744],[95.2297,41.0032],[96.9264,41.068],[96.8966,41.0032],[97.6305,40.8736],[98.0369,40.5496],[98.2745,40.5496],[98.5026,40.3554],[98.9478,40.2906],[98.9184,40.2259],[99.2842,40.1612],[99.3837,40.0317],[100.1735,40.0317],[100.1441,39.967],[100.3809,39.967],[100.3515,39.9023],[100.5094,39.9023],[100.7372,39.7083],[100.9737,39.7083],[100.9446,39.6436],[101.9495,39.7729],[104.5828,39.8376],[104.6676,39.5143],[103.9386,39.1265],[103.6079,38.7389],[104.1075,38.8034],[103.8361,38.5451],[103.7514,38.3515],[103.8799,38.2869],[103.6626,37.9643],[103.764,37.8352],[104.3616,37.7707],[104.4629,37.6417],[105.3772,37.7707],[105.3494,37.7062],[105.7399,37.7062],[105.7121,37.6417],[105.9966,37.5773],[106.0193,37.4483],[106.4094,37.4483],[107.2455,37.5773],[107.9056,37.8352],[109.0778,37.8352],[109.7615,37.9643],[110.3979,38.1578],[110.6748,38.416],[111.097,38.4806],[111.7382,38.6743],[112.5775,39.5789],[113.2408,39.6436],[113.3325,39.5143],[113.7263,39.5143],[114.6709,39.967],[114.8288,39.967],[114.8397,39.8376],[115.0764,39.8376],[116.3504,40.8736],[116.7041,40.9384],[117.4817,41.3274],[118.7502,41.4571],[119.4281,41.3922],[119.39,41.3274],[121.2188,41.3274],[122.6084,41.7816],[123.1301,42.2362],[123.8156,42.5612],[123.9903,43.0816],[125.0527,44.3201],[124.9719,44.3201],[124.8173,44.4507],[124.8615,44.516],[124.4639,44.6466],[124.5081,44.7119],[123.3056,44.9734],[123.3496,45.0388],[121.6875,45.1042],[121.731,45.1696],[120.875,45.1042],[120.9182,45.1696],[119.9428,45.1696],[119.9857,45.235],[119.3779,45.3004],[119.4207,45.3659],[118.6575,45.6933],[118.6618,45.8243],[118.3783,45.8898],[118.4357,46.3489],[118.3538,46.3489],[118.441,46.4802],[118.359,46.4802],[118.6166,46.7429],[118.4524,46.7429],[118.6295,47.0058],[118.5473,47.0058],[119.0436,47.73],[118.961,47.73],[119.1452,47.9938],[119.0625,47.9938],[119.9007,49.3826],[119.8172,49.3826],[120.168,49.8471],[120.0842,49.8471],[120.8234,51.3128],[120.7088,51.3797],[120.7638,51.4465],[120.5096,51.4465],[120.5646,51.5134],[120.026,51.5803],[120.1364,51.7142],[119.8265,51.6472],[119.8817,51.7142],[119.6822,51.7811],[119.7376,51.8481],[119.5676,51.8481],[119.5937,51.9822],[119.4235,51.9822],[119.45,52.1163],[119.0508,52.2505],[119.107,52.3176],[118.8511,52.3176],[118.9073,52.3847],[118.7366,52.3847],[118.793,52.4519],[118.3369,52.5191],[118.3933,52.5863],[118.2224,52.5863],[118.2788,52.6535],[117.0521,52.7208],[114.9902,52.1833],[113.8615,52.0492],[112.274,51.6472],[110.3569,51.5803],[110.4071,51.6472],[109.9828,51.6472],[109.9984,51.7811],[109.5236,51.7142],[109.539,51.8481],[109.2689,51.7142],[108.7243,51.7811],[107.2187,51.5803],[104.9306,50.9789],[104.2938,50.9122],[103.4952,50.9789],[103.4631,51.1792],[103.294,51.1792],[103.3012,51.3128],[103.2166,51.3128],[103.3171,51.5803],[103.1941,51.6472],[103.2878,51.7811],[103.2028,51.7811],[103.2971,51.9151],[102.7961,52.0492],[102.8435,52.1163],[102.4272,52.2505],[102.4748,52.3176],[102.2189,52.3176],[102.2665,52.3847],[101.8777,52.3176],[101.8874,52.4519],[101.7166,52.4519],[101.7265,52.5863],[101.641,52.5863],[101.6513,52.7208],[100.5584,52.99],[100.5485,52.8554],[100.0728,52.7881],[98.8409,52.1163],[98.5455,52.1833],[98.591,52.2505],[98.25,52.2505],[98.2954,52.3176],[97.8744,52.4519],[97.92,52.5191],[96.3824,52.5191],[94.5843,52.2505],[93.0944,51.7811],[92.5847,51.7811],[92.5866,51.6472],[92.3757,51.5803],[91.6124,51.5803],[91.6532,51.6472],[90.6753,51.7142],[90.6716,51.8481],[90.0767,51.8481],[88.5266,51.3797],[88.3961,51.4465],[88.28,51.246],[86.8605,50.9789],[84.9813,50.3125],[82.6876,48.9189],[82.3525,48.3899],[82.4354,48.3899],[82.3945,48.1257],[82.5814,47.9938],[82.5202,47.8619],[82.655,47.7959],[82.5942,47.6641],[82.751,47.4665],[82.631,47.2032],[82.7133,47.2032],[82.3657,46.6115],[81.7544,46.1521],[81.7792,46.0209],[81.2835,45.6278],[80.3301,45.1042],[79.8697,44.9734],[79.0919,44.0591],[77.9319,42.9515]],[[80.1498,42.6524],[80.1525,42.6604],[80.1965,42.7192],[80.1889,42.7016],[80.1498,42.6524]],[[86.596,49.6019],[86.6068,49.6128],[86.5967,49.5956],[86.596,49.6019]],[[86.5986,49.5798],[86.6106,49.5667],[86.5993,49.5735],[86.5986,49.5798]],[[87.0125,49.2807],[87.0225,49.2542],[87.0171,49.2586],[87.0125,49.2807]],[[87.0308,49.2474],[87.0534,49.2422],[87.0366,49.2427],[87.0308,49.2474]],[[88.1155,49.3566],[88.1617,49.4301],[88.1682,49.4342],[88.1155,49.3566]],[[88.5588,48.2881],[88.5808,48.212],[88.5612,48.2683],[88.5588,48.2881]],[[88.5808,48.212],[88.6358,48.1758],[88.5962,48.1977],[88.5808,48.212]],[[88.8587,49.5274],[88.8682,49.5381],[88.8799,49.5375],[88.8587,49.5274]],[[89.0747,47.9843],[89.244,47.9802],[89.2187,47.977],[89.0747,47.9843]],[[98.8401,52.0328],[98.8556,52.1067],[98.8465,52.0393],[98.8401,52.0328]],[[117.7588,49.5127],[117.795,49.5191],[117.7987,49.5182],[117.7588,49.5127]],[[117.9901,49.5869],[118.0285,49.603],[118.0171,49.5958],[117.9901,49.5869]]],[[[93.0513,51.8481],[93.1363,51.8481],[93.1783,51.9151],[93.0933,51.9151],[93.0513,51.8481]]]]}},{"type":"Feature","properties":{"territoryId":"cliopatria-q155361-c04e0a15e9","name":"Rouran Khaganate","name_ko":"유연","color":"#bf56e6","colorFamily":4,"startYear":546,"endYear":554,"source_name":"Cliopatria v0.2.0","source_url":"https://github.com/Seshat-Global-History-Databank/cliopatria","license":"CC BY 4.0","attribution":"Seshat Global History Databank, Cliopatria contributors"},"geometry":{"type":"MultiPolygon","coordinates":[[[[77.9319,42.9515],[79.0846,42.8213],[79.2492,42.6262],[79.4094,42.6262],[79.439,42.4962],[80.0285,42.3662],[80.5338,42.4312],[80.9625,42.3012],[82.0557,42.2362],[84.1085,42.7563],[85.7915,42.7563],[85.7638,42.6912],[88.1054,42.3662],[88.0772,42.3012],[88.8482,42.2362],[88.8199,42.1712],[89.6416,42.0413],[89.6132,41.9764],[90.223,41.9114],[90.1945,41.8465],[90.4337,41.8465],[90.5362,41.7167],[90.7753,41.7167],[91.2702,41.3922],[92.4798,41.068],[92.7974,41.068],[92.769,41.0032],[93.8455,40.744],[95.2297,41.0032],[96.9264,41.068],[96.8966,41.0032],[97.6305,40.8736],[98.0369,40.5496],[98.2745,40.5496],[98.5026,40.3554],[98.9478,40.2906],[98.9184,40.2259],[99.2842,40.1612],[99.3837,40.0317],[100.1735,40.0317],[100.1441,39.967],[100.3809,39.967],[100.3515,39.9023],[100.5094,39.9023],[100.7372,39.7083],[100.9737,39.7083],[100.9446,39.6436],[101.9495,39.7729],[104.5828,39.8376],[104.6676,39.5143],[103.9386,39.1265],[103.6079,38.7389],[104.1075,38.8034],[103.8361,38.5451],[103.7514,38.3515],[103.8799,38.2869],[103.6626,37.9643],[103.764,37.8352],[104.3616,37.7707],[104.4629,37.6417],[105.3772,37.7707],[105.3494,37.7062],[105.7399,37.7062],[105.7121,37.6417],[105.9966,37.5773],[106.0193,37.4483],[106.4094,37.4483],[107.2455,37.5773],[107.9056,37.8352],[109.0778,37.8352],[109.7615,37.9643],[110.3979,38.1578],[110.6748,38.416],[111.097,38.4806],[111.7382,38.6743],[112.5775,39.5789],[113.2408,39.6436],[113.3325,39.5143],[113.7263,39.5143],[114.6709,39.967],[114.8288,39.967],[114.8397,39.8376],[115.0764,39.8376],[116.3504,40.8736],[116.7041,40.9384],[117.4817,41.3274],[118.7502,41.4571],[119.4281,41.3922],[119.39,41.3274],[121.2188,41.3274],[122.6084,41.7816],[123.1301,42.2362],[123.8156,42.5612],[123.9903,43.0816],[125.0527,44.3201],[124.9719,44.3201],[124.8173,44.4507],[124.8615,44.516],[124.4639,44.6466],[124.5081,44.7119],[123.3056,44.9734],[123.3496,45.0388],[121.6875,45.1042],[121.731,45.1696],[120.875,45.1042],[120.9182,45.1696],[119.9428,45.1696],[119.9857,45.235],[119.3779,45.3004],[119.4207,45.3659],[118.6575,45.6933],[118.6618,45.8243],[118.3783,45.8898],[118.4357,46.3489],[118.3538,46.3489],[118.441,46.4802],[118.359,46.4802],[118.6166,46.7429],[118.4524,46.7429],[118.6295,47.0058],[118.5473,47.0058],[119.0436,47.73],[118.961,47.73],[119.1452,47.9938],[119.0625,47.9938],[119.9007,49.3826],[119.8172,49.3826],[120.168,49.8471],[120.0842,49.8471],[120.8234,51.3128],[120.7088,51.3797],[120.7638,51.4465],[120.5096,51.4465],[120.5646,51.5134],[120.026,51.5803],[120.1364,51.7142],[119.8265,51.6472],[119.8817,51.7142],[119.6822,51.7811],[119.7376,51.8481],[119.5676,51.8481],[119.5937,51.9822],[119.4235,51.9822],[119.45,52.1163],[119.0508,52.2505],[119.107,52.3176],[118.8511,52.3176],[118.9073,52.3847],[118.7366,52.3847],[118.793,52.4519],[118.3369,52.5191],[118.3933,52.5863],[118.2224,52.5863],[118.2788,52.6535],[117.0521,52.7208],[114.9902,52.1833],[113.8615,52.0492],[112.274,51.6472],[110.3569,51.5803],[110.4071,51.6472],[109.9828,51.6472],[109.9984,51.7811],[109.5236,51.7142],[109.539,51.8481],[109.2689,51.7142],[108.7243,51.7811],[107.2187,51.5803],[104.9306,50.9789],[104.2938,50.9122],[103.4952,50.9789],[103.4631,51.1792],[103.294,51.1792],[103.3012,51.3128],[103.2166,51.3128],[103.3171,51.5803],[103.1941,51.6472],[103.2878,51.7811],[103.2028,51.7811],[103.2971,51.9151],[102.7961,52.0492],[102.8435,52.1163],[102.4272,52.2505],[102.4748,52.3176],[102.2189,52.3176],[102.2665,52.3847],[101.8777,52.3176],[101.8874,52.4519],[101.7166,52.4519],[101.7265,52.5863],[101.641,52.5863],[101.6513,52.7208],[100.5584,52.99],[100.5485,52.8554],[100.0728,52.7881],[98.8409,52.1163],[98.5455,52.1833],[98.591,52.2505],[98.25,52.2505],[98.2954,52.3176],[97.8744,52.4519],[97.92,52.5191],[96.3824,52.5191],[94.5843,52.2505],[93.0944,51.7811],[92.5847,51.7811],[92.5866,51.6472],[92.3757,51.5803],[91.6124,51.5803],[91.6532,51.6472],[90.6753,51.7142],[90.6716,51.8481],[90.0767,51.8481],[88.5266,51.3797],[88.3961,51.4465],[88.28,51.246],[86.8605,50.9789],[84.9813,50.3125],[82.6876,48.9189],[82.3525,48.3899],[82.4354,48.3899],[82.3945,48.1257],[82.5814,47.9938],[82.5202,47.8619],[82.655,47.7959],[82.5942,47.6641],[82.751,47.4665],[82.631,47.2032],[82.7133,47.2032],[82.3657,46.6115],[81.7544,46.1521],[81.7792,46.0209],[81.2835,45.6278],[80.3301,45.1042],[79.8697,44.9734],[79.0919,44.0591],[77.9319,42.9515]],[[80.1498,42.6524],[80.1525,42.6604],[80.1965,42.7192],[80.1889,42.7016],[80.1498,42.6524]],[[86.596,49.6019],[86.6068,49.6128],[86.5967,49.5956],[86.596,49.6019]],[[86.5986,49.5798],[86.6106,49.5667],[86.5993,49.5735],[86.5986,49.5798]],[[87.0125,49.2807],[87.0225,49.2542],[87.0171,49.2586],[87.0125,49.2807]],[[87.0308,49.2474],[87.0534,49.2422],[87.0366,49.2427],[87.0308,49.2474]],[[88.1155,49.3566],[88.1617,49.4301],[88.1682,49.4342],[88.1155,49.3566]],[[88.5588,48.2881],[88.5808,48.212],[88.5612,48.2683],[88.5588,48.2881]],[[88.5808,48.212],[88.6358,48.1758],[88.5962,48.1977],[88.5808,48.212]],[[88.8587,49.5274],[88.8682,49.5381],[88.8799,49.5375],[88.8587,49.5274]],[[89.0747,47.9843],[89.244,47.9802],[89.2187,47.977],[89.0747,47.9843]],[[98.8401,52.0328],[98.8556,52.1067],[98.8465,52.0393],[98.8401,52.0328]],[[117.7588,49.5127],[117.795,49.5191],[117.7987,49.5182],[117.7588,49.5127]],[[117.9901,49.5869],[118.0285,49.603],[118.0171,49.5958],[117.9901,49.5869]]],[[[93.0513,51.8481],[93.1363,51.8481],[93.1783,51.9151],[93.0933,51.9151],[93.0513,51.8481]]]]}},{"type":"Feature","properties":{"territoryId":"cliopatria-q939852-fd41bda89c","name":"Salian Franks","name_ko":"살리족","color":"#e0775c","colorFamily":5,"startYear":500,"endYear":509,"source_name":"Cliopatria v0.2.0","source_url":"https://github.com/Seshat-Global-History-Databank/cliopatria","license":"CC BY 4.0","attribution":"Seshat Global History Databank, Cliopatria contributors"},"geometry":{"type":"MultiPolygon","coordinates":[[[[-2.8334,47.5536],[-2.7414,47.5089],[-2.5768,47.5539],[-2.632,47.5198],[-2.3639,47.5062],[-2.4947,47.4912],[-2.3918,47.4237],[-2.5564,47.3832],[-2.4362,47.307],[-2.542,47.3001],[-2.4551,47.269],[-2.0101,47.3197],[-1.8628,47.269],[-1.4088,47.269],[-1.1769,47.4665],[-0.27,47.4665],[-0.2607,47.3348],[-0.0959,47.3348],[-0.0045,47.2032],[1.3124,47.2032],[2.0236,47.73],[2.9453,47.4665],[3.923,47.73],[4.6662,47.73],[4.7591,47.4665],[5.1761,47.3348],[5.1808,47.2032],[5.5144,47.0716],[5.5945,47.1374],[5.5769,47.6641],[5.8224,47.73],[5.8181,47.8619],[6.3102,47.9938],[6.9753,47.8619],[7.0659,47.5323],[7.3148,47.4665],[7.484,47.269],[8.0615,47.2032],[8.3948,46.9401],[8.8878,46.9401],[8.8862,47.0716],[9.1308,47.269],[9.2955,47.269],[9.3766,47.4006],[9.9519,47.6641],[9.8681,47.8619],[9.9508,47.8619],[10.1134,48.4559],[11.0266,48.7865],[11.1108,49.1838],[10.9442,49.25],[10.5271,49.25],[9.7751,49.4489],[9.6907,49.5816],[9.4399,49.5816],[9.5204,49.98],[9.2665,50.246],[8.7592,50.5122],[8.4256,50.3125],[8.265,49.8471],[7.0908,49.9136],[6.3425,49.7143],[6.3484,49.5152],[6.2688,49.4832],[6.3376,49.4581],[6.1833,49.4489],[5.7612,49.5816],[5.4411,49.1838],[5.4505,48.9189],[4.782,48.9851],[4.432,49.3826],[4.3225,49.98],[4.2387,49.98],[4.3108,50.246],[4.4788,50.246],[4.6412,50.3791],[4.6356,50.5122],[4.9696,50.5789],[5.0486,50.7121],[5.8913,50.7121],[5.9735,50.7788],[5.9604,51.1792],[6.2038,51.5134],[5.9406,51.7811],[4.1599,51.7142],[4.218,51.5199],[4.2967,51.4705],[4.2409,51.4435],[4.3084,51.2712],[4.2254,51.3658],[4.0938,51.3128],[3.4166,51.3128],[3.4127,51.3889],[3.1248,51.3297],[2.5218,51.0875],[1.9214,50.9968],[1.5806,50.8688],[1.6104,50.5482],[1.5552,50.4048],[1.6104,50.3707],[1.5415,50.2779],[1.6725,50.1925],[1.521,50.2147],[1.2212,49.979],[0.5967,49.8572],[0.2359,49.7293],[0.0766,49.535],[0.2568,49.4641],[0.4932,49.4936],[0.4113,49.4521],[-0.2195,49.2801],[-0.9404,49.3923],[-1.0723,49.3968],[-1.1229,49.3454],[-1.2508,49.4489],[-1.336,49.7035],[-1.6067,49.6501],[-1.9352,49.7241],[-1.9456,49.678],[-1.8395,49.6198],[-1.8847,49.5309],[-1.8165,49.3837],[-1.6991,49.3559],[-1.6247,49.2193],[-1.5484,49.2255],[-1.6104,49.2159],[-1.5936,49.029],[-1.508,49.0337],[-1.6029,48.8494],[-1.5536,48.7471],[-1.3566,48.6433],[-1.5918,48.6396],[-1.5083,48.522],[-1.6689,48.4559],[-1.6473,48.1917],[-1.7967,47.9938],[-2.4472,47.8619],[-2.7756,47.6399],[-2.684,47.623],[-2.7202,47.5608],[-2.8334,47.5536]],[[4.2611,51.3694],[4.3685,51.3538],[4.3456,51.3523],[4.2611,51.3694]],[[3.8087,51.2053],[3.9378,51.2103],[3.927,51.2063],[3.8087,51.2053]],[[4.4533,51.4655],[4.4831,51.4743],[4.5252,51.4759],[4.4533,51.4655]],[[5.8604,51.0153],[5.8736,50.9906],[5.8746,50.9654],[5.8604,51.0153]],[[6.701,49.1729],[6.7221,49.158],[6.7138,49.1589],[6.701,49.1729]],[[7.4267,47.4621],[7.4274,47.4683],[7.4293,47.4651],[7.4267,47.4621]],[[7.5726,48.095],[7.5787,48.1112],[7.5757,48.0537],[7.5726,48.095]],[[7.5802,47.5822],[7.586,47.5846],[7.6032,47.5874],[7.5802,47.5822]],[[7.5825,48.1213],[7.5857,48.1297],[7.6134,48.1792],[7.5825,48.1213]],[[7.6097,47.5647],[7.6402,47.5703],[7.6359,47.5646],[7.6097,47.5647]],[[8.5747,47.597],[8.5803,47.639],[8.5806,47.6002],[8.5747,47.597]],[[9.2732,47.6501],[9.5475,47.5345],[9.5475,47.5345],[9.2732,47.6501]]],[[[-2.782,47.6356],[-2.7754,47.6365],[-2.7785,47.6379],[-2.782,47.6356]]],[[[-2.1613,47.269],[-1.9189,47.269],[-1.9189,47.2734],[-1.8984,47.2734],[-1.9171,47.2842],[-1.9479,47.2794],[-1.9991,47.2886],[-2.0146,47.3001],[-2.1277,47.2868],[-2.1606,47.2712],[-2.1613,47.269]]]]}},{"type":"Feature","properties":{"territoryId":"cliopatria-q83891-6c78591e24","name":"Sasanian Empire","name_ko":"사산 제국","color":"#5ce0be","colorFamily":2,"startYear":490,"endYear":509,"source_name":"Cliopatria v0.2.0","source_url":"https://github.com/Seshat-Global-History-Databank/cliopatria","license":"CC BY 4.0","attribution":"Seshat Global History Databank, Cliopatria contributors"},"geometry":{"type":"MultiPolygon","coordinates":[[[[51.1317,25.4221],[51.2066,25.4221],[51.2124,25.4864],[51.1375,25.4864],[51.1317,25.4221]]],[[[50.4507,26.1577],[50.4678,25.9576],[50.6075,25.8843],[50.6457,26.1457],[50.5516,26.1942],[50.6035,26.1977],[50.5933,26.2386],[50.4815,26.2426],[50.4507,26.1577]]],[[[50.6024,26.258],[50.6124,26.2413],[50.6478,26.2391],[50.6575,26.2112],[50.6736,26.2026],[50.6789,26.208],[50.681,26.2134],[50.682,26.224],[50.6564,26.2466],[50.656,26.258],[50.6024,26.258]]],[[[40.1029,34.2933],[40.4033,34.229],[40.3115,34.1004],[40.7036,34.1647],[40.9117,33.9718],[41.2116,33.9075],[41.2733,33.7789],[41.427,33.7789],[41.4886,33.6502],[42.0031,33.4574],[42.0645,33.3288],[42.2179,33.3288],[42.2103,33.2645],[42.5783,33.1359],[42.7085,32.943],[43.1526,32.8145],[43.3514,32.5574],[43.5044,32.5574],[43.4891,32.4288],[43.6954,32.236],[43.9169,32.1717],[43.9093,32.1074],[44.7336,31.9789],[44.8553,31.7218],[44.8098,31.3362],[45.0993,31.2076],[45.0844,31.0791],[45.7705,30.4364],[46.4462,30.3722],[46.659,30.2436],[46.6981,29.9223],[47.6538,29.6652],[47.5347,29.2795],[48.213,28.5724],[48.2474,28.1867],[48.3228,28.1867],[48.5288,27.9938],[48.5515,27.4795],[49.0588,27.2866],[49.2651,27.0938],[49.2525,26.9652],[49.8784,26.4508],[49.6745,25.8722],[50.0317,25.6793],[50.3438,24.9721],[50.6158,24.6506],[50.9201,24.7149],[51.1201,25.2936],[50.9647,25.2293],[50.982,25.4221],[51.2302,25.6793],[51.1733,25.8722],[51.3232,25.8722],[51.3504,25.3579],[51.2698,25.2936],[51.4022,25.1007],[51.3274,25.1007],[51.2939,24.7149],[51.1335,24.5864],[51.2028,24.5221],[51.1016,24.2006],[51.1658,24.072],[51.7423,23.9026],[51.5889,24.0894],[51.8219,23.8792],[51.9275,23.6876],[54.2732,23.7506],[54.8121,23.9435],[55.623,24.6506],[55.8412,24.5864],[55.8595,24.7792],[56.09,24.8435],[56.2895,24.5864],[56.2713,24.3935],[56.4894,24.3292],[56.5402,24.072],[56.8211,23.8792],[56.8095,23.7506],[57.8303,23.4934],[57.9736,23.4291],[57.962,23.3006],[58.3347,23.3006],[58.6096,23.0434],[58.9076,23.0434],[58.8961,22.9148],[59.2445,22.9148],[59.0879,23.0484],[58.7621,23.5421],[58.659,23.5625],[58.6045,23.6376],[58.3172,23.6209],[58.1316,23.7133],[57.8877,23.7209],[57.1515,23.9536],[56.9395,24.1159],[56.6112,24.4963],[56.4054,24.8973],[56.37,25.5257],[56.2666,25.6726],[56.3836,25.9261],[56.4533,25.9472],[56.3801,26.0382],[56.473,26.0986],[56.3638,26.1049],[56.3638,26.1458],[56.3359,26.1116],[56.3288,26.1728],[56.3911,26.2011],[56.4798,26.1458],[56.432,26.2215],[56.4873,26.2352],[56.3986,26.2687],[56.501,26.3587],[56.3601,26.3624],[56.3223,26.3096],[56.3638,26.2795],[56.3159,26.2904],[56.3084,26.2215],[56.4041,26.2147],[56.2949,26.1942],[56.1818,26.246],[55.9523,25.7721],[55.9597,25.8237],[55.6263,25.5363],[55.5482,25.5295],[55.551,25.5786],[55.4725,25.4128],[55.3037,25.283],[55.3289,25.2015],[55.2824,25.2607],[55.0823,25.0168],[54.722,24.7973],[54.5744,24.447],[54.4273,24.2921],[54.1226,24.1447],[53.5896,24.0471],[53.4458,24.1198],[52.6813,24.1408],[52.6003,24.2095],[52.3411,24.0075],[51.9287,23.9647],[51.8094,24.0007],[51.7684,24.2773],[51.7007,24.2219],[51.6726,24.2781],[51.6487,24.2186],[51.6278,24.2977],[51.5693,24.2562],[51.4129,24.3235],[51.2788,24.3078],[51.476,24.5891],[51.3953,24.6313],[51.3024,24.5172],[51.3064,24.6108],[51.221,24.6442],[51.3391,24.6462],[51.3406,24.5699],[51.611,25.0224],[51.6076,25.2551],[51.5188,25.2971],[51.4719,25.5214],[51.4914,25.6182],[51.5495,25.6312],[51.5051,25.6872],[51.5901,25.7119],[51.5446,25.7374],[51.5945,25.7582],[51.5594,25.9138],[51.3884,25.967],[51.3139,26.1294],[51.1694,26.1294],[50.9829,25.969],[50.9263,25.6328],[50.9776,25.6461],[50.8987,25.5322],[50.8722,25.5933],[50.8328,25.577],[50.8472,25.4674],[50.7656,25.5121],[50.7578,25.1862],[50.8596,24.7956],[50.7606,24.7364],[50.7264,24.8817],[50.5622,25.0548],[50.4715,25.4372],[50.3814,25.5129],[50.348,25.4821],[50.1487,25.6999],[50.2575,25.6319],[50.1013,25.9895],[50.0241,26.036],[49.99,26.0018],[49.9758,26.1396],[50.021,26.1977],[50.1172,26.0858],[50.2122,26.1913],[50.2092,26.3695],[50.0306,26.4946],[49.9832,26.6837],[50.0064,26.7476],[50.0237,26.6995],[50.1267,26.6876],[49.973,26.8424],[49.6995,26.9582],[49.5114,27.1859],[49.5244,27.1327],[49.3748,27.1491],[49.4124,27.204],[49.3226,27.2057],[49.3128,27.345],[49.2234,27.3313],[49.2638,27.4139],[49.1198,27.4411],[49.2905,27.4753],[49.2398,27.5451],[49.0589,27.5382],[48.9685,27.6203],[48.9143,27.5715],[48.9006,27.633],[48.8318,27.6125],[48.8733,27.6125],[48.8767,27.6838],[48.7788,27.7196],[48.8125,27.8286],[48.805,27.7565],[48.8576,27.8035],[48.8392,27.7286],[48.8827,27.8267],[48.7437,27.9613],[48.792,28.007],[48.6521,28.0461],[48.6184,28.2173],[48.5222,28.3188],[48.5355,28.4076],[48.4688,28.3871],[48.4946,28.5001],[48.3518,28.6405],[48.3936,28.7434],[48.3288,28.76],[48.1585,29.0173],[48.1003,29.35],[47.9857,29.3938],[47.8579,29.323],[47.8164,29.3376],[47.8373,29.3875],[47.7047,29.3636],[47.8662,29.5366],[48.1734,29.5734],[47.9956,29.8277],[47.9348,30.1071],[47.969,30.0041],[48.1192,30.045],[48.434,29.9365],[48.5304,29.9564],[48.4766,29.984],[48.6587,29.9836],[48.6433,30.0554],[48.8904,30.0308],[48.9417,30.1651],[48.8623,30.3456],[49.0373,30.4325],[48.9456,30.4797],[48.9815,30.5156],[49.2112,30.5063],[49.2638,30.4497],[49.2029,30.3466],[49.062,30.4081],[48.9212,30.3808],[49.1614,30.2238],[49.2212,30.2646],[49.2457,30.1565],[49.4798,30.1561],[49.5322,30.0229],[49.9146,30.2039],[50.0734,30.1957],[50.1613,29.9263],[50.6553,29.4491],[50.6895,29.2908],[50.6435,29.1458],[50.8403,29.1406],[50.915,29.0867],[50.929,29.0097],[50.8345,28.8914],[51.0588,28.7359],[51.0807,28.5339],[51.2853,28.2409],[51.3979,27.9379],[51.6834,27.8306],[52.0112,27.8327],[52.4596,27.6326],[52.6701,27.4486],[52.6098,27.4123],[52.6669,27.3271],[52.9326,27.1603],[53.4441,26.9757],[53.718,26.708],[54.0158,26.7495],[54.3081,26.715],[54.3894,26.6051],[54.791,26.4958],[55.2708,26.7925],[55.5217,26.7846],[55.5804,26.8591],[55.5545,26.8999],[55.6659,26.9954],[55.9393,27.0267],[56.1237,27.1606],[56.353,27.2016],[56.7147,27.158],[56.8846,27.0781],[56.8677,27.0123],[56.9733,27.003],[56.9273,26.9556],[57.0524,26.8366],[57.1331,26.2637],[57.2129,26.1662],[57.1668,26.083],[57.3057,25.8135],[57.5207,25.7436],[57.7556,25.7427],[57.7717,25.6356],[57.9253,25.7013],[58.1375,25.5507],[58.419,25.612],[58.8252,25.5604],[58.9943,25.4196],[59.1172,25.3942],[59.4539,25.4616],[59.538,25.3998],[59.8446,25.3579],[60.3993,25.3579],[60.4285,25.4196],[60.5497,25.4469],[60.6321,25.3579],[60.6335,25.275],[61.0306,25.2098],[61.2236,25.1124],[61.5074,25.1467],[61.4826,25.1937],[61.5584,25.2005],[61.5545,25.2541],[61.5882,25.2021],[61.7831,25.188],[61.7207,25.0364],[61.8473,25.0379],[61.8811,25.103],[62.0972,25.1071],[62.059,25.1616],[62.1452,25.2184],[62.2542,25.212],[62.3398,25.1302],[62.4894,25.2142],[62.4772,25.2591],[63.3866,25.2293],[63.5287,26.3865],[63.1785,26.5794],[63.004,26.9652],[62.7958,27.0938],[62.8132,27.2223],[62.6051,27.3509],[62.6228,27.4795],[62.3484,27.6724],[62.1768,28.0581],[61.9691,28.1867],[61.9876,28.3153],[61.78,28.4438],[61.7988,28.5724],[61.6573,28.6367],[61.7518,28.7652],[61.4882,29.0224],[61.4516,29.2795],[60.9814,29.6652],[61.0015,29.7937],[60.85,29.7937],[60.5873,30.0508],[60.6077,30.1794],[60.3455,30.4364],[60.1937,30.4364],[60.3813,32.4288],[60.3049,32.4288],[60.4584,33.2645],[60.3817,33.2645],[60.5684,33.8432],[60.4915,33.8432],[60.5664,34.229],[60.8227,34.3577],[60.784,34.5506],[61.0539,34.7436],[61.1855,35.3871],[61.2628,35.3871],[61.3436,35.7733],[61.2159,35.902],[61.1988,36.546],[60.4356,36.6105],[59.9244,37.126],[59.407,37.2549],[59.165,37.5773],[58.3984,37.6417],[57.9072,37.8998],[57.5163,37.8998],[57.1946,38.2224],[56.5821,38.2869],[56.3062,38.0933],[55.1976,38.0288],[54.8327,37.7707],[54.7941,37.5773],[54.6125,37.4483],[54.0415,37.3193],[54.0143,36.8211],[53.0877,36.8037],[52.1859,36.546],[51.642,36.546],[50.8207,36.7393],[50.532,36.8682],[50.611,36.9697],[50.4759,37.0379],[50.3209,36.9971],[49.9988,37.3838],[49.0851,37.5128],[48.8843,37.7062],[48.8411,38.3515],[48.7627,38.3515],[48.8206,38.6743],[48.7422,38.6743],[48.9155,39.1911],[48.7822,39.3203],[48.8065,39.4496],[48.5279,39.6436],[47.7396,39.6436],[47.527,39.7729],[47.1208,39.7083],[47.0656,39.8376],[46.7736,39.967],[46.4578,39.967],[46.4814,40.0964],[46.2561,40.1612],[46.2007,40.2906],[45.5915,40.4201],[45.4567,40.5496],[45.5953,40.8736],[45.3019,41.0032],[45.1117,41.2625],[44.2373,41.2625],[43.9756,41.1328],[43.3402,41.1328],[42.8633,41.5869],[42.6244,41.5869],[42.5355,41.4935],[42.5598,41.5548],[42.3631,41.4571],[42.2502,41.2625],[41.5348,41.2625],[41.3598,40.6792],[41.7035,40.3554],[41.6725,40.1612],[41.4839,39.967],[41.326,39.967],[41.2566,39.5143],[40.9817,39.2557],[40.9663,38.6097],[40.8695,38.4806],[40.9479,38.4806],[40.9115,38.2224],[41.1282,38.0933],[41.2124,36.9971],[41.5498,36.6105],[41.5328,36.4816],[41.6796,36.4172],[41.6626,36.2884],[41.0863,36.0308],[41.1122,35.001],[40.7723,34.7436],[40.6181,34.7436],[40.1029,34.2933]],[[51.5693,24.2562],[51.5776,24.1171],[51.5732,24.1278],[51.5693,24.2562]],[[42.8199,41.5723],[42.8068,41.543],[42.8066,41.5428],[42.8199,41.5723]],[[42.7157,37.3553],[42.7805,37.3755],[42.788,37.3732],[42.7157,37.3553]],[[42.7951,37.371],[42.8011,37.3691],[42.8141,37.3468],[42.7951,37.371]],[[44.5699,37.5144],[44.5732,37.5275],[44.5793,37.477],[44.5699,37.5144]],[[44.692,39.793],[44.7746,39.7028],[44.7769,39.6984],[44.692,39.793]],[[44.7525,37.1131],[44.7649,37.1394],[44.7544,37.1084],[44.7525,37.1131]],[[44.8011,39.653],[44.8085,39.6391],[44.807,39.6399],[44.8011,39.653]],[[44.814,39.6362],[44.8723,39.6251],[44.8278,39.6288],[44.814,39.6362]],[[44.8666,36.7801],[44.9227,36.7759],[44.8772,36.7765],[44.8666,36.7801]],[[44.9962,36.7417],[45.0353,36.6896],[45.0373,36.6808],[44.9962,36.7417]],[[45.0355,36.633],[45.0426,36.6569],[45.0443,36.6493],[45.0355,36.633]],[[45.0382,36.494],[45.0608,36.4472],[45.0391,36.4798],[45.0382,36.494]],[[45.0791,36.4197],[45.1108,36.4025],[45.0837,36.4128],[45.0791,36.4197]],[[45.0922,39.3444],[45.096,39.3411],[45.1358,39.2785],[45.0922,39.3444]],[[45.1108,36.4025],[45.196,36.4224],[45.2213,36.4209],[45.1108,36.4025]],[[45.753,39.5635],[45.7655,39.5616],[45.7739,39.5549],[45.753,39.5635]],[[46.1064,38.8682],[46.1359,38.8637],[46.1261,38.8627],[46.1064,38.8682]],[[46.5901,38.9137],[46.6522,38.9929],[46.5992,38.9197],[46.5901,38.9137]],[[47.3418,38.2869],[47.3528,38.3515],[47.4311,38.3515],[47.4201,38.2869],[47.3418,38.2869]],[[47.3981,38.1578],[47.409,38.2224],[47.4873,38.2224],[47.4763,38.1578],[47.3981,38.1578]],[[48.1351,30.4429],[48.1409,30.4419],[48.1705,30.4067],[48.1351,30.4429]],[[48.291,30.32],[48.2964,30.3198],[48.3014,30.3149],[48.291,30.32]],[[48.3292,30.2876],[48.397,30.221],[48.4026,30.2088],[48.3292,30.2876]],[[48.3811,30.1453],[48.3832,30.1481],[48.3831,30.1424],[48.3811,30.1453]],[[48.4082,30.1885],[48.4085,30.1961],[48.4106,30.1915],[48.4082,30.1885]],[[48.4239,30.0836],[48.4618,29.9949],[48.4531,30.0014],[48.4239,30.0836]],[[53.5278,31.5933],[53.5374,31.6575],[53.6136,31.6575],[53.604,31.5933],[53.5278,31.5933]],[[53.6516,31.4005],[53.6611,31.4647],[53.7373,31.4647],[53.7278,31.4005],[53.6516,31.4005]],[[55.7927,24.7223],[55.7936,24.7339],[55.7943,24.7175],[55.7927,24.7223]],[[55.9576,24.8687],[55.9609,24.8812],[55.9636,24.8626],[55.9576,24.8687]],[[56.2141,38.0688],[56.3155,38.0895],[56.2997,38.0802],[56.2141,38.0688]],[[56.9697,35.5802],[56.982,35.6445],[57.0594,35.6445],[57.0471,35.5802],[56.9697,35.5802]],[[61.1016,35.2353],[61.1038,35.2494],[61.1124,35.202],[61.1016,35.2353]]],[[[48.0108,29.9805],[48.0311,29.971],[48.0789,30.0041],[48.1061,30.0176],[48.1092,30.028],[48.0547,30.0245],[48.0108,29.9805]]],[[[48.0461,29.8005],[48.1858,29.6039],[48.3527,29.7098],[48.3445,29.7906],[48.1621,29.9957],[48.1227,29.9697],[48.1974,29.9254],[48.0951,29.8947],[48.1133,29.8391],[48.0461,29.8005]]],[[[49.292,27.4714],[49.2927,27.4529],[49.2992,27.4515],[49.292,27.4714]]],[[[51.8558,23.7685],[51.881,23.6863],[51.9244,23.6875],[51.8558,23.7685]]],[[[52.59,24.2566],[52.5922,24.2534],[52.6031,24.2642],[52.6003,24.2649],[52.59,24.2566]]],[[[53.7489,24.1363],[53.7747,24.1301],[53.7915,24.1363],[53.7489,24.1363]]],[[[54.1016,24.2978],[54.1908,24.2272],[54.1501,24.3143],[54.1016,24.2978]]],[[[54.2046,24.2983],[54.2222,24.2845],[54.2393,24.2812],[54.248,24.2855],[54.2046,24.2983]]],[[[55.2926,26.5485],[55.8766,26.7429],[55.947,26.6963],[56.2874,26.9551],[56.2124,27.003],[55.8977,26.9068],[55.758,26.954],[55.7742,26.7969],[55.3045,26.6564],[55.2926,26.5485]]]]}},{"type":"Feature","properties":{"territoryId":"cliopatria-q83891-6c78591e24","name":"Sasanian Empire","name_ko":"사산 제국","color":"#5ce0be","colorFamily":2,"startYear":510,"endYear":522,"source_name":"Cliopatria v0.2.0","source_url":"https://github.com/Seshat-Global-History-Databank/cliopatria","license":"CC BY 4.0","attribution":"Seshat Global History Databank, Cliopatria contributors"},"geometry":{"type":"MultiPolygon","coordinates":[[[[51.1317,25.4221],[51.2066,25.4221],[51.2124,25.4864],[51.1375,25.4864],[51.1317,25.4221]]],[[[50.4507,26.1577],[50.4678,25.9576],[50.6075,25.8843],[50.6457,26.1457],[50.5516,26.1942],[50.6035,26.1977],[50.5933,26.2386],[50.4815,26.2426],[50.4507,26.1577]]],[[[50.6024,26.258],[50.6124,26.2413],[50.6478,26.2391],[50.6575,26.2112],[50.6736,26.2026],[50.6789,26.208],[50.681,26.2134],[50.682,26.224],[50.6564,26.2466],[50.656,26.258],[50.6024,26.258]]],[[[40.1029,34.2933],[40.7036,34.1647],[41.3502,33.7789],[41.427,33.7789],[41.4886,33.6502],[41.7881,33.5859],[42.2103,33.2645],[42.5783,33.1359],[42.7085,32.943],[43.1526,32.8145],[43.3514,32.5574],[43.5044,32.5574],[43.4891,32.4288],[43.6954,32.236],[43.9169,32.1717],[43.9093,32.1074],[44.7336,31.9789],[44.8553,31.7218],[44.8098,31.3362],[45.0993,31.2076],[45.0844,31.0791],[45.7705,30.4364],[46.4462,30.3722],[46.659,30.2436],[46.6981,29.9223],[47.6538,29.6652],[47.5347,29.2795],[48.213,28.5724],[48.2474,28.1867],[48.3228,28.1867],[48.5288,27.9938],[48.5515,27.4795],[49.0588,27.2866],[49.2651,27.0938],[49.2525,26.9652],[49.8784,26.4508],[49.6745,25.8722],[50.0317,25.6793],[50.3438,24.9721],[50.6158,24.6506],[50.9201,24.7149],[51.1201,25.2936],[50.9647,25.2293],[50.982,25.4221],[51.2302,25.6793],[51.1733,25.8722],[51.3232,25.8722],[51.3504,25.3579],[51.2698,25.2936],[51.4022,25.1007],[51.3274,25.1007],[51.2939,24.7149],[51.1335,24.5864],[51.2028,24.5221],[51.1016,24.2006],[51.1658,24.072],[51.7423,23.9026],[51.5889,24.0894],[51.8219,23.8792],[51.9275,23.6876],[54.2732,23.7506],[54.8121,23.9435],[55.623,24.6506],[55.8412,24.5864],[55.8595,24.7792],[56.09,24.8435],[56.2895,24.5864],[56.2713,24.3935],[56.4894,24.3292],[56.5402,24.072],[56.8211,23.8792],[56.8095,23.7506],[57.8303,23.4934],[57.9736,23.4291],[57.962,23.3006],[58.3347,23.3006],[58.6096,23.0434],[58.9076,23.0434],[58.8961,22.9148],[59.2445,22.9148],[59.0879,23.0484],[58.7621,23.5421],[58.659,23.5625],[58.6045,23.6376],[58.3172,23.6209],[58.1316,23.7133],[57.8877,23.7209],[57.1515,23.9536],[56.9395,24.1159],[56.6112,24.4963],[56.4054,24.8973],[56.37,25.5257],[56.2666,25.6726],[56.3836,25.9261],[56.4533,25.9472],[56.3801,26.0382],[56.473,26.0986],[56.3638,26.1049],[56.3638,26.1458],[56.3359,26.1116],[56.3288,26.1728],[56.3911,26.2011],[56.4798,26.1458],[56.432,26.2215],[56.4873,26.2352],[56.3986,26.2687],[56.501,26.3587],[56.3601,26.3624],[56.3223,26.3096],[56.3638,26.2795],[56.3159,26.2904],[56.3084,26.2215],[56.4041,26.2147],[56.2949,26.1942],[56.1818,26.246],[55.9523,25.7721],[55.9597,25.8237],[55.6263,25.5363],[55.5482,25.5295],[55.551,25.5786],[55.4725,25.4128],[55.3037,25.283],[55.3289,25.2015],[55.2824,25.2607],[55.0823,25.0168],[54.722,24.7973],[54.5744,24.447],[54.4273,24.2921],[54.1226,24.1447],[53.5896,24.0471],[53.4458,24.1198],[52.6813,24.1408],[52.6003,24.2095],[52.3411,24.0075],[51.9287,23.9647],[51.8094,24.0007],[51.7684,24.2773],[51.7007,24.2219],[51.6726,24.2781],[51.6487,24.2186],[51.6278,24.2977],[51.5693,24.2562],[51.4129,24.3235],[51.2788,24.3078],[51.476,24.5891],[51.3953,24.6313],[51.3024,24.5172],[51.3064,24.6108],[51.221,24.6442],[51.3391,24.6462],[51.3406,24.5699],[51.611,25.0224],[51.6076,25.2551],[51.5188,25.2971],[51.4719,25.5214],[51.4914,25.6182],[51.5495,25.6312],[51.5051,25.6872],[51.5901,25.7119],[51.5446,25.7374],[51.5945,25.7582],[51.5594,25.9138],[51.3884,25.967],[51.3139,26.1294],[51.1694,26.1294],[50.9829,25.969],[50.9263,25.6328],[50.9776,25.6461],[50.8987,25.5322],[50.8722,25.5933],[50.8328,25.577],[50.8472,25.4674],[50.7656,25.5121],[50.7578,25.1862],[50.8596,24.7956],[50.7606,24.7364],[50.7264,24.8817],[50.5622,25.0548],[50.4715,25.4372],[50.3814,25.5129],[50.348,25.4821],[50.1487,25.6999],[50.2575,25.6319],[50.1013,25.9895],[50.0241,26.036],[49.99,26.0018],[49.9758,26.1396],[50.021,26.1977],[50.1172,26.0858],[50.2122,26.1913],[50.2092,26.3695],[50.0306,26.4946],[49.9832,26.6837],[50.0064,26.7476],[50.0237,26.6995],[50.1267,26.6876],[49.973,26.8424],[49.6995,26.9582],[49.5114,27.1859],[49.5244,27.1327],[49.3748,27.1491],[49.4124,27.204],[49.3226,27.2057],[49.3128,27.345],[49.2234,27.3313],[49.2638,27.4139],[49.1198,27.4411],[49.2905,27.4753],[49.2398,27.5451],[49.0589,27.5382],[48.9685,27.6203],[48.9143,27.5715],[48.9006,27.633],[48.8318,27.6125],[48.8733,27.6125],[48.8767,27.6838],[48.7788,27.7196],[48.8125,27.8286],[48.805,27.7565],[48.8576,27.8035],[48.8392,27.7286],[48.8827,27.8267],[48.7437,27.9613],[48.792,28.007],[48.6521,28.0461],[48.6184,28.2173],[48.5222,28.3188],[48.5355,28.4076],[48.4688,28.3871],[48.4946,28.5001],[48.3518,28.6405],[48.3936,28.7434],[48.3288,28.76],[48.1585,29.0173],[48.1003,29.35],[47.9857,29.3938],[47.8579,29.323],[47.8164,29.3376],[47.8373,29.3875],[47.7047,29.3636],[47.8662,29.5366],[48.1734,29.5734],[47.9956,29.8277],[47.9348,30.1071],[47.969,30.0041],[48.1192,30.045],[48.434,29.9365],[48.5304,29.9564],[48.4766,29.984],[48.6587,29.9836],[48.6433,30.0554],[48.8904,30.0308],[48.9417,30.1651],[48.8623,30.3456],[49.0373,30.4325],[48.9456,30.4797],[48.9815,30.5156],[49.2112,30.5063],[49.2638,30.4497],[49.2029,30.3466],[49.062,30.4081],[48.9212,30.3808],[49.1614,30.2238],[49.2212,30.2646],[49.2457,30.1565],[49.4798,30.1561],[49.5322,30.0229],[49.9146,30.2039],[50.0734,30.1957],[50.1613,29.9263],[50.6553,29.4491],[50.6895,29.2908],[50.6435,29.1458],[50.8403,29.1406],[50.915,29.0867],[50.929,29.0097],[50.8345,28.8914],[51.0588,28.7359],[51.0807,28.5339],[51.2853,28.2409],[51.3979,27.9379],[51.6834,27.8306],[52.0112,27.8327],[52.4596,27.6326],[52.6701,27.4486],[52.6098,27.4123],[52.6669,27.3271],[52.9326,27.1603],[53.4441,26.9757],[53.718,26.708],[54.0158,26.7495],[54.3081,26.715],[54.3894,26.6051],[54.791,26.4958],[55.2708,26.7925],[55.5217,26.7846],[55.5804,26.8591],[55.5545,26.8999],[55.6659,26.9954],[55.9393,27.0267],[56.1237,27.1606],[56.353,27.2016],[56.7147,27.158],[56.8846,27.0781],[56.8677,27.0123],[56.9733,27.003],[56.9273,26.9556],[57.0524,26.8366],[57.1331,26.2637],[57.2129,26.1662],[57.1668,26.083],[57.3057,25.8135],[57.5207,25.7436],[57.7556,25.7427],[57.7717,25.6356],[57.9253,25.7013],[58.1375,25.5507],[58.419,25.612],[58.8252,25.5604],[58.9943,25.4196],[59.1172,25.3942],[59.4539,25.4616],[59.538,25.3998],[59.8446,25.3579],[60.3993,25.3579],[60.4285,25.4196],[60.5497,25.4469],[60.6321,25.3579],[60.6335,25.275],[61.0306,25.2098],[61.2236,25.1124],[61.5074,25.1467],[61.4826,25.1937],[61.5584,25.2005],[61.5545,25.2541],[61.5882,25.2021],[61.7831,25.188],[61.7207,25.0364],[61.8473,25.0379],[61.8811,25.103],[62.0972,25.1071],[62.059,25.1616],[62.1452,25.2184],[62.2542,25.212],[62.3398,25.1302],[62.4894,25.2142],[62.4772,25.2591],[63.3866,25.2293],[63.5287,26.3865],[63.1785,26.5794],[63.004,26.9652],[62.7958,27.0938],[62.8132,27.2223],[62.6051,27.3509],[62.6228,27.4795],[62.3484,27.6724],[62.1768,28.0581],[61.9691,28.1867],[61.9876,28.3153],[61.78,28.4438],[61.7988,28.5724],[61.6573,28.6367],[61.7518,28.7652],[61.4882,29.0224],[61.4516,29.2795],[60.9814,29.6652],[61.0015,29.7937],[60.85,29.7937],[60.5873,30.0508],[60.6077,30.1794],[60.3455,30.4364],[60.1937,30.4364],[60.3813,32.4288],[60.3049,32.4288],[60.4584,33.2645],[60.3817,33.2645],[60.5684,33.8432],[60.4915,33.8432],[60.5664,34.229],[60.8227,34.3577],[60.784,34.5506],[61.0539,34.7436],[61.1855,35.3871],[61.2628,35.3871],[61.3436,35.7733],[61.2159,35.902],[61.1988,36.546],[60.4356,36.6105],[59.9244,37.126],[59.407,37.2549],[59.165,37.5773],[58.3984,37.6417],[57.9072,37.8998],[57.5163,37.8998],[57.1946,38.2224],[56.8953,38.2869],[56.5821,38.2869],[56.3062,38.0933],[55.1976,38.0288],[54.8327,37.7707],[54.7941,37.5773],[54.6125,37.4483],[54.0415,37.3193],[54.0143,36.8211],[53.8892,36.7936],[53.4887,36.8682],[52.586,36.6105],[51.642,36.546],[50.532,36.8682],[50.611,36.9697],[50.4759,37.0379],[50.3209,36.9971],[49.8541,37.4483],[49.0851,37.5128],[48.8285,37.8352],[48.801,38.9972],[48.9155,39.1911],[49.1514,39.1911],[49.2666,39.385],[49.5092,40.2259],[49.6933,40.3554],[50.2604,40.4201],[50.0495,40.5496],[49.5084,40.6144],[49.2442,40.8736],[49.2655,40.978],[49.0592,41.1328],[49.086,41.2625],[48.5571,41.7816],[48.1186,41.5869],[47.9067,41.3274],[47.4963,41.2625],[46.8164,41.8465],[46.4306,41.9114],[46.2297,42.1063],[45.6834,42.1712],[45.6961,42.2362],[45.5363,42.2362],[45.4061,41.9764],[45.0745,41.9114],[44.866,41.6518],[44.3523,41.4571],[44.2373,41.2625],[43.9756,41.1328],[43.3402,41.1328],[42.8633,41.5869],[42.6244,41.5869],[42.5355,41.4935],[42.5598,41.5548],[42.3631,41.4571],[42.2502,41.2625],[41.5348,41.2625],[41.3598,40.6792],[41.7035,40.3554],[41.6725,40.1612],[41.4839,39.967],[41.326,39.967],[41.2566,39.5143],[40.9817,39.2557],[40.9663,38.6097],[40.8695,38.4806],[40.9479,38.4806],[40.9115,38.2224],[41.1282,38.0933],[41.2124,36.9971],[41.5498,36.6105],[41.5328,36.4816],[41.6796,36.4172],[41.6626,36.2884],[41.0863,36.0308],[41.1122,35.001],[40.7723,34.7436],[40.6181,34.7436],[40.1029,34.2933]],[[51.5693,24.2562],[51.5776,24.1171],[51.5732,24.1278],[51.5693,24.2562]],[[42.8199,41.5723],[42.8068,41.543],[42.8066,41.5428],[42.8199,41.5723]],[[42.7157,37.3553],[42.7805,37.3755],[42.788,37.3732],[42.7157,37.3553]],[[42.7951,37.371],[42.8011,37.3691],[42.8141,37.3468],[42.7951,37.371]],[[44.5699,37.5144],[44.5732,37.5275],[44.5793,37.477],[44.5699,37.5144]],[[44.692,39.793],[44.7746,39.7028],[44.7769,39.6984],[44.692,39.793]],[[44.7525,37.1131],[44.7649,37.1394],[44.7544,37.1084],[44.7525,37.1131]],[[44.8011,39.653],[44.8085,39.6391],[44.807,39.6399],[44.8011,39.653]],[[44.814,39.6362],[44.8723,39.6251],[44.8278,39.6288],[44.814,39.6362]],[[44.8666,36.7801],[44.9227,36.7759],[44.8772,36.7765],[44.8666,36.7801]],[[44.9552,41.2627],[45.2496,41.4445],[45.0024,41.2905],[44.9552,41.2627]],[[44.9962,36.7417],[45.0353,36.6896],[45.0373,36.6808],[44.9962,36.7417]],[[45.0355,36.633],[45.0426,36.6569],[45.0443,36.6493],[45.0355,36.633]],[[45.0382,36.494],[45.0608,36.4472],[45.0391,36.4798],[45.0382,36.494]],[[45.0791,36.4197],[45.1108,36.4025],[45.0837,36.4128],[45.0791,36.4197]],[[45.0922,39.3444],[45.096,39.3411],[45.1358,39.2785],[45.0922,39.3444]],[[45.1108,36.4025],[45.196,36.4224],[45.2213,36.4209],[45.1108,36.4025]],[[45.2496,41.4445],[45.2817,41.4529],[45.3144,41.4516],[45.2496,41.4445]],[[45.753,39.5635],[45.7655,39.5616],[45.7739,39.5549],[45.753,39.5635]],[[45.8814,42.102],[45.9287,42.036],[45.9235,42.0396],[45.8814,42.102]],[[45.9417,42.027],[45.9546,42.0244],[45.9476,42.0229],[45.9417,42.027]],[[45.9692,41.1683],[46.0302,41.1659],[46.0174,41.1638],[45.9692,41.1683]],[[46.0528,41.1695],[46.0765,41.1783],[46.0614,41.1709],[46.0528,41.1695]],[[46.1064,38.8682],[46.1359,38.8637],[46.1261,38.8627],[46.1064,38.8682]],[[46.1263,41.1966],[46.1354,41.1999],[46.1676,41.1983],[46.1263,41.1966]],[[46.2083,41.7555],[46.2871,41.7514],[46.2769,41.7493],[46.2083,41.7555]],[[46.2942,41.9386],[46.3821,41.9252],[46.3921,41.918],[46.2942,41.9386]],[[46.3065,41.7553],[46.3203,41.7623],[46.3137,41.7567],[46.3065,41.7553]],[[46.4126,41.0919],[46.4664,41.0506],[46.457,41.0524],[46.4126,41.0919]],[[46.4309,41.8904],[46.5255,41.8823],[46.5435,41.8743],[46.4309,41.8904]],[[46.5901,38.9137],[46.6522,38.9929],[46.5992,38.9197],[46.5901,38.9137]],[[46.6278,41.3454],[46.631,41.3455],[46.6439,41.3318],[46.6278,41.3454]],[[46.667,41.3072],[46.6885,41.2844],[46.6948,41.2698],[46.667,41.3072]],[[47.3418,38.2869],[47.3528,38.3515],[47.4311,38.3515],[47.4201,38.2869],[47.3418,38.2869]],[[47.3981,38.1578],[47.409,38.2224],[47.4873,38.2224],[47.4763,38.1578],[47.3981,38.1578]],[[47.7437,41.1927],[47.8524,41.2059],[47.8287,41.1984],[47.7437,41.1927]],[[47.8795,41.2145],[47.8944,41.2257],[47.8946,41.2193],[47.8795,41.2145]],[[48.1351,30.4429],[48.1409,30.4419],[48.1705,30.4067],[48.1351,30.4429]],[[48.291,30.32],[48.2964,30.3198],[48.3014,30.3149],[48.291,30.32]],[[48.3292,30.2876],[48.397,30.221],[48.4026,30.2088],[48.3292,30.2876]],[[48.3811,30.1453],[48.3832,30.1481],[48.3831,30.1424],[48.3811,30.1453]],[[48.3814,41.5925],[48.4015,41.6146],[48.393,41.5989],[48.3814,41.5925]],[[48.4082,30.1885],[48.4085,30.1961],[48.4106,30.1915],[48.4082,30.1885]],[[48.4239,30.0836],[48.4618,29.9949],[48.4531,30.0014],[48.4239,30.0836]],[[53.5278,31.5933],[53.5374,31.6575],[53.6136,31.6575],[53.604,31.5933],[53.5278,31.5933]],[[53.6516,31.4005],[53.6611,31.4647],[53.7373,31.4647],[53.7278,31.4005],[53.6516,31.4005]],[[55.7927,24.7223],[55.7936,24.7339],[55.7943,24.7175],[55.7927,24.7223]],[[55.9576,24.8687],[55.9609,24.8812],[55.9636,24.8626],[55.9576,24.8687]],[[56.2141,38.0688],[56.3155,38.0895],[56.2997,38.0802],[56.2141,38.0688]],[[56.9697,35.5802],[56.982,35.6445],[57.0594,35.6445],[57.0471,35.5802],[56.9697,35.5802]],[[61.1016,35.2353],[61.1038,35.2494],[61.1124,35.202],[61.1016,35.2353]]],[[[48.0108,29.9805],[48.0311,29.971],[48.0789,30.0041],[48.1061,30.0176],[48.1092,30.028],[48.0547,30.0245],[48.0108,29.9805]]],[[[48.0461,29.8005],[48.1858,29.6039],[48.3527,29.7098],[48.3445,29.7906],[48.1621,29.9957],[48.1227,29.9697],[48.1974,29.9254],[48.0951,29.8947],[48.1133,29.8391],[48.0461,29.8005]]],[[[49.292,27.4714],[49.2927,27.4529],[49.2992,27.4515],[49.292,27.4714]]],[[[51.8558,23.7685],[51.881,23.6863],[51.9244,23.6875],[51.8558,23.7685]]],[[[52.59,24.2566],[52.5922,24.2534],[52.6031,24.2642],[52.6003,24.2649],[52.59,24.2566]]],[[[53.7489,24.1363],[53.7747,24.1301],[53.7915,24.1363],[53.7489,24.1363]]],[[[54.1016,24.2978],[54.1908,24.2272],[54.1501,24.3143],[54.1016,24.2978]]],[[[54.2046,24.2983],[54.2222,24.2845],[54.2393,24.2812],[54.248,24.2855],[54.2046,24.2983]]],[[[55.2926,26.5485],[55.8766,26.7429],[55.947,26.6963],[56.2874,26.9551],[56.2124,27.003],[55.8977,26.9068],[55.758,26.954],[55.7742,26.7969],[55.3045,26.6564],[55.2926,26.5485]]]]}},{"type":"Feature","properties":{"territoryId":"cliopatria-q83891-6c78591e24","name":"Sasanian Empire","name_ko":"사산 제국","color":"#5ce0be","colorFamily":2,"startYear":523,"endYear":533,"source_name":"Cliopatria v0.2.0","source_url":"https://github.com/Seshat-Global-History-Databank/cliopatria","license":"CC BY 4.0","attribution":"Seshat Global History Databank, Cliopatria contributors"},"geometry":{"type":"MultiPolygon","coordinates":[[[[51.1317,25.4221],[51.2066,25.4221],[51.2124,25.4864],[51.1375,25.4864],[51.1317,25.4221]]],[[[50.4507,26.1577],[50.4678,25.9576],[50.6075,25.8843],[50.6457,26.1457],[50.5516,26.1942],[50.6035,26.1977],[50.5933,26.2386],[50.4815,26.2426],[50.4507,26.1577]]],[[[50.6024,26.258],[50.6124,26.2413],[50.6478,26.2391],[50.6575,26.2112],[50.6736,26.2026],[50.6789,26.208],[50.681,26.2134],[50.682,26.224],[50.6564,26.2466],[50.656,26.258],[50.6024,26.258]]],[[[40.1029,34.2933],[40.7036,34.1647],[41.3502,33.7789],[41.427,33.7789],[41.4886,33.6502],[41.7881,33.5859],[42.2103,33.2645],[42.5783,33.1359],[42.7085,32.943],[43.1526,32.8145],[43.3514,32.5574],[43.5044,32.5574],[43.4891,32.4288],[43.6954,32.236],[43.9169,32.1717],[43.9093,32.1074],[44.7336,31.9789],[44.8553,31.7218],[44.8098,31.3362],[45.0993,31.2076],[45.0844,31.0791],[45.7705,30.4364],[46.4462,30.3722],[46.659,30.2436],[46.6981,29.9223],[47.6538,29.6652],[47.5347,29.2795],[48.213,28.5724],[48.2474,28.1867],[48.3228,28.1867],[48.5288,27.9938],[48.5515,27.4795],[49.0588,27.2866],[49.2651,27.0938],[49.2525,26.9652],[49.8784,26.4508],[49.6745,25.8722],[50.0317,25.6793],[50.3438,24.9721],[50.6158,24.6506],[50.9201,24.7149],[51.1201,25.2936],[50.9647,25.2293],[50.982,25.4221],[51.2302,25.6793],[51.1733,25.8722],[51.3232,25.8722],[51.3504,25.3579],[51.2698,25.2936],[51.4022,25.1007],[51.3274,25.1007],[51.2939,24.7149],[51.1335,24.5864],[51.2028,24.5221],[51.1016,24.2006],[51.1658,24.072],[51.7423,23.9026],[51.5889,24.0894],[51.8219,23.8792],[51.9275,23.6876],[54.2732,23.7506],[54.8121,23.9435],[55.623,24.6506],[55.8412,24.5864],[55.8595,24.7792],[56.09,24.8435],[56.2895,24.5864],[56.2713,24.3935],[56.4894,24.3292],[56.5402,24.072],[56.8211,23.8792],[56.8095,23.7506],[57.8303,23.4934],[57.9736,23.4291],[57.962,23.3006],[58.3347,23.3006],[58.6096,23.0434],[58.9076,23.0434],[58.8961,22.9148],[59.2445,22.9148],[59.0879,23.0484],[58.7621,23.5421],[58.5842,23.647],[58.3172,23.6209],[58.1316,23.7133],[57.8877,23.7209],[57.1515,23.9536],[56.9395,24.1159],[56.6112,24.4963],[56.4054,24.8973],[56.37,25.5257],[56.2666,25.6726],[56.3836,25.9261],[56.4533,25.9472],[56.3801,26.0382],[56.473,26.0986],[56.3638,26.1049],[56.3638,26.1458],[56.3359,26.1116],[56.3288,26.1728],[56.3911,26.2011],[56.4798,26.1458],[56.432,26.2215],[56.4873,26.2352],[56.3986,26.2687],[56.501,26.3587],[56.3601,26.3624],[56.3223,26.3096],[56.3638,26.2795],[56.3159,26.2904],[56.3084,26.2215],[56.4041,26.2147],[56.2949,26.1942],[56.1818,26.246],[55.9523,25.7721],[55.9597,25.8237],[55.6263,25.5363],[55.5482,25.5295],[55.551,25.5786],[55.4725,25.4128],[55.3037,25.283],[55.3289,25.2015],[55.2824,25.2607],[55.0823,25.0168],[54.722,24.7973],[54.5744,24.447],[54.4273,24.2921],[54.1226,24.1447],[53.5896,24.0471],[53.4458,24.1198],[52.6813,24.1408],[52.6003,24.2095],[52.3411,24.0075],[51.9287,23.9647],[51.8094,24.0007],[51.7684,24.2773],[51.7007,24.2219],[51.6726,24.2781],[51.6487,24.2186],[51.6278,24.2977],[51.5693,24.2562],[51.4129,24.3235],[51.2788,24.3078],[51.476,24.5891],[51.3953,24.6313],[51.3024,24.5172],[51.3064,24.6108],[51.221,24.6442],[51.3391,24.6462],[51.3406,24.5699],[51.611,25.0224],[51.6076,25.2551],[51.5188,25.2971],[51.4719,25.5214],[51.4914,25.6182],[51.5495,25.6312],[51.5051,25.6872],[51.5901,25.7119],[51.5446,25.7374],[51.5945,25.7582],[51.5594,25.9138],[51.3884,25.967],[51.3139,26.1294],[51.1694,26.1294],[50.9829,25.969],[50.9263,25.6328],[50.9776,25.6461],[50.8987,25.5322],[50.8722,25.5933],[50.8328,25.577],[50.8472,25.4674],[50.7656,25.5121],[50.7578,25.1862],[50.8596,24.7956],[50.7606,24.7364],[50.7264,24.8817],[50.5622,25.0548],[50.4715,25.4372],[50.3814,25.5129],[50.348,25.4821],[50.1487,25.6999],[50.2575,25.6319],[50.1013,25.9895],[50.0241,26.036],[49.99,26.0018],[49.9758,26.1396],[50.021,26.1977],[50.1172,26.0858],[50.2122,26.1913],[50.2092,26.3695],[50.0306,26.4946],[49.9832,26.6837],[50.0064,26.7476],[50.0237,26.6995],[50.1267,26.6876],[49.973,26.8424],[49.6995,26.9582],[49.5114,27.1859],[49.5244,27.1327],[49.3748,27.1491],[49.4124,27.204],[49.3226,27.2057],[49.3128,27.345],[49.2234,27.3313],[49.2638,27.4139],[49.1198,27.4411],[49.2905,27.4753],[49.2398,27.5451],[49.0589,27.5382],[48.9685,27.6203],[48.9143,27.5715],[48.9006,27.633],[48.8318,27.6125],[48.8733,27.6125],[48.8767,27.6838],[48.7788,27.7196],[48.8125,27.8286],[48.805,27.7565],[48.8576,27.8035],[48.8392,27.7286],[48.8827,27.8267],[48.7437,27.9613],[48.792,28.007],[48.6521,28.0461],[48.6184,28.2173],[48.5222,28.3188],[48.5355,28.4076],[48.4688,28.3871],[48.4946,28.5001],[48.3518,28.6405],[48.3936,28.7434],[48.3288,28.76],[48.1585,29.0173],[48.1003,29.35],[47.9857,29.3938],[47.8579,29.323],[47.8164,29.3376],[47.8373,29.3875],[47.7047,29.3636],[47.8662,29.5366],[48.1734,29.5734],[47.9956,29.8277],[47.9348,30.1071],[47.969,30.0041],[48.1192,30.045],[48.434,29.9365],[48.5304,29.9564],[48.4766,29.984],[48.6587,29.9836],[48.6433,30.0554],[48.8904,30.0308],[48.9417,30.1651],[48.8623,30.3456],[49.0373,30.4325],[48.9456,30.4797],[48.9815,30.5156],[49.2112,30.5063],[49.2638,30.4497],[49.2029,30.3466],[49.062,30.4081],[48.9212,30.3808],[49.1614,30.2238],[49.2212,30.2646],[49.2457,30.1565],[49.4798,30.1561],[49.5322,30.0229],[49.9146,30.2039],[50.0734,30.1957],[50.1613,29.9263],[50.6553,29.4491],[50.6895,29.2908],[50.6435,29.1458],[50.8403,29.1406],[50.915,29.0867],[50.929,29.0097],[50.8345,28.8914],[51.0588,28.7359],[51.0807,28.5339],[51.2853,28.2409],[51.3979,27.9379],[51.6834,27.8306],[52.0112,27.8327],[52.4596,27.6326],[52.6701,27.4486],[52.6098,27.4123],[52.6669,27.3271],[52.9326,27.1603],[53.4441,26.9757],[53.718,26.708],[54.0158,26.7495],[54.3081,26.715],[54.3894,26.6051],[54.791,26.4958],[55.2708,26.7925],[55.5217,26.7846],[55.5804,26.8591],[55.5545,26.8999],[55.6659,26.9954],[55.9393,27.0267],[56.1237,27.1606],[56.353,27.2016],[56.7147,27.158],[56.8846,27.0781],[56.8677,27.0123],[56.9733,27.003],[56.9273,26.9556],[57.0524,26.8366],[57.1331,26.2637],[57.2129,26.1662],[57.1668,26.083],[57.3057,25.8135],[57.5207,25.7436],[57.7556,25.7427],[57.7717,25.6356],[57.9253,25.7013],[58.1375,25.5507],[58.419,25.612],[58.8252,25.5604],[58.9943,25.4196],[59.1172,25.3942],[59.4539,25.4616],[59.538,25.3998],[59.8446,25.3579],[60.3993,25.3579],[60.4285,25.4196],[60.5497,25.4469],[60.6321,25.3579],[60.6335,25.275],[61.0306,25.2098],[61.2236,25.1124],[61.5074,25.1467],[61.4826,25.1937],[61.5584,25.2005],[61.5545,25.2541],[61.5882,25.2021],[61.7831,25.188],[61.7207,25.0364],[61.8473,25.0379],[61.8811,25.103],[62.0972,25.1071],[62.059,25.1616],[62.1452,25.2184],[62.2542,25.212],[62.3398,25.1302],[62.4894,25.2142],[62.4772,25.2591],[63.5108,25.2293],[63.4695,25.2893],[63.5725,25.365],[64.0727,25.3579],[64.0488,25.4165],[63.9766,25.4128],[64.0454,25.4503],[64.1553,25.4469],[64.0838,25.4267],[64.1,25.3579],[64.225,25.3579],[64.4393,25.2346],[64.5654,25.2703],[64.6111,25.1886],[64.7018,25.1773],[64.6686,25.2551],[64.7444,25.324],[65.1934,25.3183],[65.2323,25.3707],[65.3954,25.3923],[65.6691,25.3495],[65.8192,25.4009],[66.3977,26.5151],[66.4784,28.5724],[66.5539,28.5724],[67.3496,30.9506],[67.4256,30.9506],[67.7955,32.4288],[68.1195,32.8788],[67.4218,33.2002],[67.1919,33.2002],[67.2193,33.3288],[66.9892,33.3288],[66.8769,33.5217],[66.5206,33.6502],[66.0165,34.1647],[65.4565,34.422],[65.1411,34.7436],[65.1692,34.8723],[64.9028,35.0653],[64.8967,35.3871],[64.7707,35.5158],[64.8389,36.1596],[64.7613,36.1596],[64.9295,37.1866],[64.7788,37.118],[64.9298,37.1881],[64.9407,37.2549],[64.8159,37.3838],[64.7397,38.0288],[64.3669,38.416],[64.0075,38.5451],[63.8374,38.8034],[63.6804,38.8034],[63.5726,38.9972],[63.4155,38.9972],[63.2457,39.2557],[63.0883,39.2557],[62.6538,39.7083],[62.6876,39.8376],[62.5637,39.967],[61.9942,39.9023],[61.0282,39.5143],[60.6344,39.5143],[60.6665,39.6436],[59.973,39.7083],[59.6894,39.8376],[59.6748,40.0964],[59.0427,40.0964],[58.9167,40.2259],[58.6005,40.2259],[58.3952,40.3554],[57.083,40.1612],[57.0348,40.2906],[56.5911,40.4201],[54.5437,40.8088],[54.2937,40.7804],[54.3182,40.7216],[54.4304,40.7214],[54.3626,40.6879],[54.4036,40.6737],[54.1711,40.7297],[53.721,40.6257],[53.6939,40.7121],[53.4044,40.6792],[53.3794,40.7915],[53.3397,40.744],[52.9433,40.744],[52.9723,40.8736],[52.893,40.8736],[52.7927,40.4201],[52.7251,40.4201],[52.7505,40.0941],[53.4985,40.0317],[53.5036,39.9747],[53.5745,39.9679],[53.5111,39.8909],[53.5338,39.6376],[53.5335,39.6805],[53.7362,39.5179],[53.1375,39.4496],[53.5176,39.385],[53.9868,38.9972],[53.8298,37.8352],[53.9079,37.8352],[53.9105,37.4483],[54.0947,37.1904],[54.0331,36.8458],[53.8892,36.7936],[53.4887,36.8682],[52.586,36.6105],[51.642,36.546],[50.8207,36.7393],[50.532,36.8682],[50.611,36.9697],[50.4759,37.0379],[50.3209,36.9971],[49.9988,37.3838],[49.0851,37.5128],[48.8843,37.7062],[48.8411,38.3515],[48.7627,38.3515],[48.801,38.9972],[48.9155,39.1911],[49.1514,39.1911],[49.2666,39.385],[49.5092,40.2259],[49.6933,40.3554],[50.2604,40.4201],[50.0495,40.5496],[49.5084,40.6144],[49.2442,40.8736],[49.2655,40.978],[49.0592,41.1328],[49.086,41.2625],[48.5571,41.7816],[48.2115,41.6518],[47.9863,41.3274],[47.4963,41.2625],[46.8164,41.8465],[46.4306,41.9114],[46.2297,42.1063],[45.6834,42.1712],[45.6961,42.2362],[45.5363,42.2362],[45.4061,41.9764],[45.0745,41.9114],[44.866,41.6518],[44.3523,41.4571],[44.2373,41.2625],[43.9756,41.1328],[43.3402,41.1328],[42.8633,41.5869],[42.6244,41.5869],[42.5355,41.4935],[42.5598,41.5548],[42.3631,41.4571],[42.2502,41.2625],[41.5348,41.2625],[41.3598,40.6792],[41.7035,40.3554],[41.6725,40.1612],[41.4839,39.967],[41.326,39.967],[41.2566,39.5143],[40.9817,39.2557],[40.9663,38.6097],[40.8695,38.4806],[40.9479,38.4806],[40.9115,38.2224],[41.1282,38.0933],[41.2124,36.9971],[41.5498,36.6105],[41.5328,36.4816],[41.6796,36.4172],[41.6626,36.2884],[41.0863,36.0308],[41.1122,35.001],[40.7723,34.7436],[40.6181,34.7436],[40.1029,34.2933]],[[51.5693,24.2562],[51.5776,24.1171],[51.5732,24.1278],[51.5693,24.2562]],[[42.8199,41.5723],[42.8068,41.543],[42.8066,41.5428],[42.8199,41.5723]],[[42.7157,37.3553],[42.7805,37.3755],[42.788,37.3732],[42.7157,37.3553]],[[42.7951,37.371],[42.8011,37.3691],[42.8141,37.3468],[42.7951,37.371]],[[44.5699,37.5144],[44.5732,37.5275],[44.5793,37.477],[44.5699,37.5144]],[[44.692,39.793],[44.7746,39.7028],[44.7769,39.6984],[44.692,39.793]],[[44.7525,37.1131],[44.7649,37.1394],[44.7544,37.1084],[44.7525,37.1131]],[[44.8011,39.653],[44.8085,39.6391],[44.807,39.6399],[44.8011,39.653]],[[44.814,39.6362],[44.8723,39.6251],[44.8278,39.6288],[44.814,39.6362]],[[44.8666,36.7801],[44.9227,36.7759],[44.8772,36.7765],[44.8666,36.7801]],[[44.9552,41.2627],[45.2496,41.4445],[45.0024,41.2905],[44.9552,41.2627]],[[44.9962,36.7417],[45.0353,36.6896],[45.0373,36.6808],[44.9962,36.7417]],[[45.0355,36.633],[45.0426,36.6569],[45.0443,36.6493],[45.0355,36.633]],[[45.0382,36.494],[45.0608,36.4472],[45.0391,36.4798],[45.0382,36.494]],[[45.0791,36.4197],[45.1108,36.4025],[45.0837,36.4128],[45.0791,36.4197]],[[45.0922,39.3444],[45.096,39.3411],[45.1358,39.2785],[45.0922,39.3444]],[[45.1108,36.4025],[45.196,36.4224],[45.2213,36.4209],[45.1108,36.4025]],[[45.2496,41.4445],[45.2817,41.4529],[45.3144,41.4516],[45.2496,41.4445]],[[45.753,39.5635],[45.7655,39.5616],[45.7739,39.5549],[45.753,39.5635]],[[45.8814,42.102],[45.9287,42.036],[45.9235,42.0396],[45.8814,42.102]],[[45.9417,42.027],[45.9546,42.0244],[45.9476,42.0229],[45.9417,42.027]],[[45.9692,41.1683],[46.0302,41.1659],[46.0174,41.1638],[45.9692,41.1683]],[[46.0528,41.1695],[46.0765,41.1783],[46.0614,41.1709],[46.0528,41.1695]],[[46.1064,38.8682],[46.1359,38.8637],[46.1261,38.8627],[46.1064,38.8682]],[[46.1263,41.1966],[46.1354,41.1999],[46.1676,41.1983],[46.1263,41.1966]],[[46.2083,41.7555],[46.2871,41.7514],[46.2769,41.7493],[46.2083,41.7555]],[[46.2942,41.9386],[46.3821,41.9252],[46.3921,41.918],[46.2942,41.9386]],[[46.3065,41.7553],[46.3203,41.7623],[46.3137,41.7567],[46.3065,41.7553]],[[46.4126,41.0919],[46.4664,41.0506],[46.457,41.0524],[46.4126,41.0919]],[[46.4309,41.8904],[46.5255,41.8823],[46.5435,41.8743],[46.4309,41.8904]],[[46.5901,38.9137],[46.6522,38.9929],[46.5992,38.9197],[46.5901,38.9137]],[[46.6278,41.3454],[46.631,41.3455],[46.6439,41.3318],[46.6278,41.3454]],[[46.667,41.3072],[46.6885,41.2844],[46.6948,41.2698],[46.667,41.3072]],[[47.7437,41.1927],[47.8524,41.2059],[47.8287,41.1984],[47.7437,41.1927]],[[47.8795,41.2145],[47.8944,41.2257],[47.8946,41.2193],[47.8795,41.2145]],[[48.1351,30.4429],[48.1409,30.4419],[48.1705,30.4067],[48.1351,30.4429]],[[48.291,30.32],[48.2964,30.3198],[48.3014,30.3149],[48.291,30.32]],[[48.3292,30.2876],[48.397,30.221],[48.4026,30.2088],[48.3292,30.2876]],[[48.3811,30.1453],[48.3832,30.1481],[48.3831,30.1424],[48.3811,30.1453]],[[48.3814,41.5925],[48.4015,41.6146],[48.393,41.5989],[48.3814,41.5925]],[[48.4082,30.1885],[48.4085,30.1961],[48.4106,30.1915],[48.4082,30.1885]],[[48.4239,30.0836],[48.4618,29.9949],[48.4531,30.0014],[48.4239,30.0836]],[[54.7873,37.6519],[54.8136,37.7186],[54.8234,37.7283],[54.7873,37.6519]],[[55.4474,38.0837],[55.6299,38.1056],[55.511,38.0858],[55.4474,38.0837]],[[55.724,38.1169],[55.7384,38.1186],[55.7688,38.1115],[55.724,38.1169]],[[55.7927,24.7223],[55.7936,24.7339],[55.7943,24.7175],[55.7927,24.7223]],[[55.8208,38.0995],[55.8798,38.0858],[55.8541,38.086],[55.8208,38.0995]],[[55.9576,24.8687],[55.9609,24.8812],[55.9636,24.8626],[55.9576,24.8687]],[[56.2141,38.0688],[56.3155,38.0895],[56.2997,38.0802],[56.2141,38.0688]],[[57.1814,38.2757],[57.1859,38.2765],[57.2183,38.2651],[57.1814,38.2757]],[[61.1016,35.2353],[61.1038,35.2494],[61.1124,35.202],[61.1016,35.2353]],[[63.1743,26.685],[63.1823,26.8302],[63.1896,26.846],[63.1743,26.685]],[[63.1896,26.846],[63.206,26.8537],[63.2467,26.8595],[63.1896,26.846]],[[64.589,36.5802],[64.5901,36.5947],[64.6105,36.5009],[64.589,36.5802]],[[64.5911,36.6093],[64.592,36.6211],[64.5985,36.6369],[64.5911,36.6093]],[[64.614,36.6746],[64.6214,36.6926],[64.7652,36.9046],[64.614,36.6746]]],[[[48.0108,29.9805],[48.0311,29.971],[48.0789,30.0041],[48.1061,30.0176],[48.1092,30.028],[48.0547,30.0245],[48.0108,29.9805]]],[[[48.0461,29.8005],[48.1858,29.6039],[48.3527,29.7098],[48.3445,29.7906],[48.1621,29.9957],[48.1227,29.9697],[48.1974,29.9254],[48.0951,29.8947],[48.1133,29.8391],[48.0461,29.8005]]],[[[49.292,27.4714],[49.2927,27.4529],[49.2992,27.4515],[49.292,27.4714]]],[[[51.8558,23.7685],[51.881,23.6863],[51.9244,23.6875],[51.8558,23.7685]]],[[[52.59,24.2566],[52.5922,24.2534],[52.6031,24.2642],[52.6003,24.2649],[52.59,24.2566]]],[[[53.7489,24.1363],[53.7747,24.1301],[53.7915,24.1363],[53.7489,24.1363]]],[[[54.1016,24.2978],[54.1908,24.2272],[54.1501,24.3143],[54.1016,24.2978]]],[[[54.2046,24.2983],[54.2222,24.2845],[54.2393,24.2812],[54.248,24.2855],[54.2046,24.2983]]],[[[55.2926,26.5485],[55.8766,26.7429],[55.947,26.6963],[56.2874,26.9551],[56.2124,27.003],[55.8977,26.9068],[55.758,26.954],[55.7742,26.7969],[55.3045,26.6564],[55.2926,26.5485]]]]}},{"type":"Feature","properties":{"territoryId":"cliopatria-q83891-6c78591e24","name":"Sasanian Empire","name_ko":"사산 제국","color":"#5ce0be","colorFamily":2,"startYear":534,"endYear":539,"source_name":"Cliopatria v0.2.0","source_url":"https://github.com/Seshat-Global-History-Databank/cliopatria","license":"CC BY 4.0","attribution":"Seshat Global History Databank, Cliopatria contributors"},"geometry":{"type":"MultiPolygon","coordinates":[[[[51.1317,25.4221],[51.2066,25.4221],[51.2124,25.4864],[51.1375,25.4864],[51.1317,25.4221]]],[[[50.4507,26.1577],[50.4678,25.9576],[50.6075,25.8843],[50.6457,26.1457],[50.5516,26.1942],[50.6035,26.1977],[50.5933,26.2386],[50.4815,26.2426],[50.4507,26.1577]]],[[[50.6024,26.258],[50.6124,26.2413],[50.6478,26.2391],[50.6575,26.2112],[50.6736,26.2026],[50.6789,26.208],[50.681,26.2134],[50.682,26.224],[50.6564,26.2466],[50.656,26.258],[50.6024,26.258]]],[[[40.1029,34.2933],[40.7036,34.1647],[41.3502,33.7789],[41.427,33.7789],[41.4886,33.6502],[41.7881,33.5859],[42.2103,33.2645],[42.5783,33.1359],[42.7085,32.943],[43.1526,32.8145],[43.3514,32.5574],[43.5044,32.5574],[43.4891,32.4288],[43.6954,32.236],[43.9169,32.1717],[43.9093,32.1074],[44.7336,31.9789],[44.8553,31.7218],[44.8098,31.3362],[45.0993,31.2076],[45.0844,31.0791],[45.7705,30.4364],[46.4462,30.3722],[46.659,30.2436],[46.6981,29.9223],[47.6538,29.6652],[47.5347,29.2795],[48.213,28.5724],[48.2474,28.1867],[48.3228,28.1867],[48.5288,27.9938],[48.5515,27.4795],[49.0588,27.2866],[49.2651,27.0938],[49.2525,26.9652],[49.8784,26.4508],[49.6745,25.8722],[50.0317,25.6793],[50.3438,24.9721],[50.6158,24.6506],[50.9201,24.7149],[51.1201,25.2936],[50.9647,25.2293],[50.982,25.4221],[51.2302,25.6793],[51.1733,25.8722],[51.3232,25.8722],[51.3504,25.3579],[51.2698,25.2936],[51.4022,25.1007],[51.3274,25.1007],[51.2939,24.7149],[51.1335,24.5864],[51.2028,24.5221],[51.1016,24.2006],[51.1658,24.072],[51.7423,23.9026],[51.5889,24.0894],[51.8219,23.8792],[51.9275,23.6876],[54.2732,23.7506],[54.8121,23.9435],[55.623,24.6506],[55.8412,24.5864],[55.8595,24.7792],[56.09,24.8435],[56.2895,24.5864],[56.2713,24.3935],[56.4894,24.3292],[56.5402,24.072],[56.8211,23.8792],[56.8095,23.7506],[57.8303,23.4934],[57.9736,23.4291],[57.962,23.3006],[58.3347,23.3006],[58.6096,23.0434],[58.9076,23.0434],[58.8961,22.9148],[59.2445,22.9148],[59.0879,23.0484],[58.7621,23.5421],[58.5842,23.647],[58.3172,23.6209],[58.1316,23.7133],[57.8877,23.7209],[57.1515,23.9536],[56.9395,24.1159],[56.6112,24.4963],[56.4054,24.8973],[56.37,25.5257],[56.2666,25.6726],[56.3836,25.9261],[56.4533,25.9472],[56.3801,26.0382],[56.473,26.0986],[56.3638,26.1049],[56.3638,26.1458],[56.3359,26.1116],[56.3288,26.1728],[56.3911,26.2011],[56.4798,26.1458],[56.432,26.2215],[56.4873,26.2352],[56.3986,26.2687],[56.501,26.3587],[56.3601,26.3624],[56.3223,26.3096],[56.3638,26.2795],[56.3159,26.2904],[56.3084,26.2215],[56.4041,26.2147],[56.2949,26.1942],[56.1818,26.246],[55.9523,25.7721],[55.9597,25.8237],[55.6263,25.5363],[55.5482,25.5295],[55.551,25.5786],[55.4725,25.4128],[55.3037,25.283],[55.3289,25.2015],[55.2824,25.2607],[55.0823,25.0168],[54.722,24.7973],[54.5744,24.447],[54.4273,24.2921],[54.1226,24.1447],[53.5896,24.0471],[53.4458,24.1198],[52.6813,24.1408],[52.6003,24.2095],[52.3411,24.0075],[51.9287,23.9647],[51.8094,24.0007],[51.7684,24.2773],[51.7007,24.2219],[51.6726,24.2781],[51.6487,24.2186],[51.6278,24.2977],[51.5693,24.2562],[51.4129,24.3235],[51.2788,24.3078],[51.476,24.5891],[51.3953,24.6313],[51.3024,24.5172],[51.3064,24.6108],[51.221,24.6442],[51.3391,24.6462],[51.3406,24.5699],[51.611,25.0224],[51.6076,25.2551],[51.5188,25.2971],[51.4719,25.5214],[51.4914,25.6182],[51.5495,25.6312],[51.5051,25.6872],[51.5901,25.7119],[51.5446,25.7374],[51.5945,25.7582],[51.5594,25.9138],[51.3884,25.967],[51.3139,26.1294],[51.1694,26.1294],[50.9829,25.969],[50.9263,25.6328],[50.9776,25.6461],[50.8987,25.5322],[50.8722,25.5933],[50.8328,25.577],[50.8472,25.4674],[50.7656,25.5121],[50.7578,25.1862],[50.8596,24.7956],[50.7606,24.7364],[50.7264,24.8817],[50.5622,25.0548],[50.4715,25.4372],[50.3814,25.5129],[50.348,25.4821],[50.1487,25.6999],[50.2575,25.6319],[50.1013,25.9895],[50.0241,26.036],[49.99,26.0018],[49.9758,26.1396],[50.021,26.1977],[50.1172,26.0858],[50.2122,26.1913],[50.2092,26.3695],[50.0306,26.4946],[49.9832,26.6837],[50.0064,26.7476],[50.0237,26.6995],[50.1267,26.6876],[49.973,26.8424],[49.6995,26.9582],[49.5114,27.1859],[49.5244,27.1327],[49.3748,27.1491],[49.4124,27.204],[49.3226,27.2057],[49.3128,27.345],[49.2234,27.3313],[49.2638,27.4139],[49.1198,27.4411],[49.2905,27.4753],[49.2398,27.5451],[49.0589,27.5382],[48.9685,27.6203],[48.9143,27.5715],[48.9006,27.633],[48.8318,27.6125],[48.8733,27.6125],[48.8767,27.6838],[48.7788,27.7196],[48.8125,27.8286],[48.805,27.7565],[48.8576,27.8035],[48.8392,27.7286],[48.8827,27.8267],[48.7437,27.9613],[48.792,28.007],[48.6521,28.0461],[48.6184,28.2173],[48.5222,28.3188],[48.5355,28.4076],[48.4688,28.3871],[48.4946,28.5001],[48.3518,28.6405],[48.3936,28.7434],[48.3288,28.76],[48.1585,29.0173],[48.1003,29.35],[47.9857,29.3938],[47.8579,29.323],[47.8164,29.3376],[47.8373,29.3875],[47.7047,29.3636],[47.8662,29.5366],[48.1734,29.5734],[47.9956,29.8277],[47.9348,30.1071],[47.969,30.0041],[48.1192,30.045],[48.4119,29.9384],[48.5593,29.9466],[48.4766,29.984],[48.6108,29.957],[48.6587,29.9836],[48.6433,30.0554],[48.8767,30.0245],[48.9417,30.1651],[48.8623,30.3456],[49.0373,30.4325],[48.9456,30.4797],[48.9815,30.5156],[49.2112,30.5063],[49.2638,30.4497],[49.2029,30.3466],[49.062,30.4081],[48.9212,30.3808],[49.1614,30.2238],[49.2212,30.2646],[49.2457,30.1565],[49.4798,30.1561],[49.5322,30.0229],[49.9146,30.2039],[50.0734,30.1957],[50.1613,29.9263],[50.6553,29.4491],[50.6895,29.2908],[50.6435,29.1458],[50.8403,29.1406],[50.915,29.0867],[50.929,29.0097],[50.8345,28.8914],[51.0588,28.7359],[51.0807,28.5339],[51.2853,28.2409],[51.2698,28.1405],[51.4083,27.9323],[51.5842,27.8511],[52.0112,27.8327],[52.4596,27.6326],[52.6701,27.4486],[52.6098,27.4123],[52.6669,27.3271],[52.9326,27.1603],[53.4441,26.9757],[53.718,26.708],[54.0158,26.7495],[54.3081,26.715],[54.62,26.5082],[54.791,26.4958],[55.2708,26.7925],[55.5217,26.7846],[55.5804,26.8591],[55.5545,26.8999],[55.6659,26.9954],[55.9393,27.0267],[56.1237,27.1606],[56.353,27.2016],[56.7147,27.158],[56.8846,27.0781],[56.8677,27.0123],[56.9733,27.003],[56.9273,26.9556],[57.0524,26.8366],[57.1331,26.2637],[57.2129,26.1662],[57.1668,26.083],[57.3057,25.8135],[57.5207,25.7436],[57.7556,25.7427],[57.7717,25.6356],[57.9253,25.7013],[58.1375,25.5507],[58.419,25.612],[58.8252,25.5604],[58.9943,25.4196],[59.1172,25.3942],[59.4539,25.4616],[59.538,25.3998],[59.8446,25.3579],[60.3993,25.3579],[60.4285,25.4196],[60.5497,25.4469],[60.6321,25.3579],[60.6335,25.275],[61.0306,25.2098],[61.2236,25.1124],[61.5074,25.1467],[61.4826,25.1937],[61.5584,25.2005],[61.5545,25.2541],[61.5882,25.2021],[61.7831,25.188],[61.7207,25.0364],[61.8473,25.0379],[61.8811,25.103],[62.0972,25.1071],[62.059,25.1616],[62.1452,25.2184],[62.2542,25.212],[62.3398,25.1302],[62.4894,25.2142],[62.4772,25.2591],[63.5108,25.2293],[63.4695,25.2893],[63.5725,25.365],[64.0727,25.3579],[64.0488,25.4165],[63.9766,25.4128],[64.0454,25.4503],[64.1553,25.4469],[64.0838,25.4267],[64.1,25.3579],[64.225,25.3579],[64.4393,25.2346],[64.5654,25.2703],[64.6111,25.1886],[64.7018,25.1773],[64.6686,25.2551],[64.7444,25.324],[65.1934,25.3183],[65.2323,25.3707],[65.3954,25.3923],[65.6691,25.3495],[65.8192,25.4009],[66.3977,26.5151],[66.4784,28.5724],[66.5539,28.5724],[67.3496,30.9506],[67.4256,30.9506],[67.7955,32.4288],[68.0157,32.7502],[68.0922,32.7502],[68.1195,32.8788],[67.4218,33.2002],[67.1919,33.2002],[67.2193,33.3288],[66.9892,33.3288],[66.8769,33.5217],[66.5206,33.6502],[66.0165,34.1647],[65.4565,34.422],[65.1411,34.7436],[65.1692,34.8723],[64.9028,35.0653],[64.8967,35.3871],[64.7707,35.5158],[64.8389,36.1596],[64.7613,36.1596],[64.9295,37.1866],[64.7788,37.118],[64.9298,37.1881],[64.9407,37.2549],[64.8159,37.3838],[64.7397,38.0288],[64.3669,38.416],[64.0075,38.5451],[63.8374,38.8034],[63.6804,38.8034],[63.5726,38.9972],[63.4155,38.9972],[63.2457,39.2557],[63.0883,39.2557],[62.6538,39.7083],[62.6876,39.8376],[62.5637,39.967],[61.9942,39.9023],[61.0282,39.5143],[60.6344,39.5143],[60.6665,39.6436],[59.973,39.7083],[59.6894,39.8376],[59.6748,40.0964],[59.0427,40.0964],[58.9167,40.2259],[58.6005,40.2259],[58.3952,40.3554],[57.083,40.1612],[57.0348,40.2906],[56.5911,40.4201],[54.5437,40.8088],[54.2937,40.7804],[54.3182,40.7216],[54.4304,40.7214],[54.3626,40.6879],[54.4036,40.6737],[54.1711,40.7297],[53.721,40.6257],[53.6939,40.7121],[53.4044,40.6792],[53.3794,40.7915],[53.3397,40.744],[52.9433,40.744],[52.9723,40.8736],[52.893,40.8736],[52.7927,40.4201],[52.7251,40.4201],[52.7505,40.0941],[53.4985,40.0317],[53.5036,39.9747],[53.5745,39.9679],[53.5111,39.8909],[53.5338,39.6376],[53.5335,39.6805],[53.7362,39.5179],[53.1375,39.4496],[53.5176,39.385],[53.9868,38.9972],[53.8298,37.8352],[53.9079,37.8352],[53.9105,37.4483],[54.0947,37.1904],[54.0331,36.8458],[53.8892,36.7936],[53.65,36.8421],[53.0877,36.8037],[52.1859,36.546],[51.2647,36.6105],[50.532,36.8682],[50.611,36.9697],[50.4759,37.0379],[50.3209,36.9971],[49.8541,37.4483],[49.0851,37.5128],[48.8285,37.8352],[48.801,38.9972],[48.9155,39.1911],[49.1514,39.1911],[49.2666,39.385],[49.4045,40.0964],[49.6933,40.3554],[50.2604,40.4201],[50.0495,40.5496],[49.5084,40.6144],[49.2442,40.8736],[49.2655,40.978],[49.0592,41.1328],[49.086,41.2625],[48.2787,41.9764],[48.1192,41.9764],[48.0923,41.8465],[48.172,41.8465],[47.9863,41.3274],[47.4963,41.2625],[46.8164,41.8465],[46.4306,41.9114],[46.2297,42.1063],[45.6834,42.1712],[45.7474,42.4962],[45.2927,42.6262],[45.3054,42.6912],[44.7446,42.6912],[44.6897,42.8213],[44.369,42.8213],[44.1838,42.6912],[43.7832,42.6912],[43.7399,42.8864],[43.2027,43.0165],[42.9178,43.2118],[42.5041,43.1467],[42.4922,43.0816],[42.5725,43.0816],[42.6052,42.8213],[42.7536,42.7563],[42.7181,42.5612],[42.9346,42.4312],[42.6131,41.522],[42.3631,41.4571],[42.2502,41.2625],[41.5348,41.2625],[41.3598,40.6792],[41.7035,40.3554],[41.6725,40.1612],[41.4839,39.967],[41.326,39.967],[41.2566,39.5143],[40.9817,39.2557],[40.9663,38.6097],[40.8695,38.4806],[40.9479,38.4806],[40.9115,38.2224],[41.1282,38.0933],[41.2124,36.9971],[41.5498,36.6105],[41.5328,36.4816],[41.6796,36.4172],[41.6626,36.2884],[41.0863,36.0308],[41.1122,35.001],[40.7723,34.7436],[40.6181,34.7436],[40.1029,34.2933]],[[51.5693,24.2562],[51.5776,24.1171],[51.5732,24.1278],[51.5693,24.2562]],[[42.661,41.5883],[42.8009,41.5792],[42.8199,41.5723],[42.661,41.5883]],[[42.7157,37.3553],[42.7805,37.3755],[42.788,37.3732],[42.7157,37.3553]],[[42.7951,37.371],[42.8011,37.3691],[42.8141,37.3468],[42.7951,37.371]],[[42.8066,41.5428],[42.8199,41.5723],[42.8068,41.543],[42.8066,41.5428]],[[44.5699,37.5144],[44.5732,37.5275],[44.5793,37.477],[44.5699,37.5144]],[[44.692,39.793],[44.7746,39.7028],[44.7769,39.6984],[44.692,39.793]],[[44.7525,37.1131],[44.7649,37.1394],[44.7544,37.1084],[44.7525,37.1131]],[[44.8011,39.653],[44.8085,39.6391],[44.807,39.6399],[44.8011,39.653]],[[44.814,39.6362],[44.8723,39.6251],[44.8278,39.6288],[44.814,39.6362]],[[44.8666,36.7801],[44.9227,36.7759],[44.8772,36.7765],[44.8666,36.7801]],[[44.9552,41.2627],[45.2496,41.4445],[45.0024,41.2905],[44.9552,41.2627]],[[44.9962,36.7417],[45.0353,36.6896],[45.0373,36.6808],[44.9962,36.7417]],[[45.0355,36.633],[45.0426,36.6569],[45.0443,36.6493],[45.0355,36.633]],[[45.0382,36.494],[45.0608,36.4472],[45.0391,36.4798],[45.0382,36.494]],[[45.0791,36.4197],[45.1108,36.4025],[45.0837,36.4128],[45.0791,36.4197]],[[45.0922,39.3444],[45.096,39.3411],[45.1358,39.2785],[45.0922,39.3444]],[[45.1108,36.4025],[45.196,36.4224],[45.2213,36.4209],[45.1108,36.4025]],[[45.1696,42.6813],[45.1842,42.6748],[45.2827,42.5864],[45.1696,42.6813]],[[45.2496,41.4445],[45.2817,41.4529],[45.3144,41.4516],[45.2496,41.4445]],[[45.4793,42.5423],[45.5368,42.5414],[45.6207,42.5304],[45.4793,42.5423]],[[45.753,39.5635],[45.7655,39.5616],[45.7739,39.5549],[45.753,39.5635]],[[45.8814,42.102],[45.9287,42.036],[45.9235,42.0396],[45.8814,42.102]],[[45.9417,42.027],[45.9546,42.0244],[45.9476,42.0229],[45.9417,42.027]],[[45.9692,41.1683],[46.0302,41.1659],[46.0174,41.1638],[45.9692,41.1683]],[[46.0528,41.1695],[46.0765,41.1783],[46.0614,41.1709],[46.0528,41.1695]],[[46.1064,38.8682],[46.1359,38.8637],[46.1261,38.8627],[46.1064,38.8682]],[[46.1263,41.1966],[46.1354,41.1999],[46.1676,41.1983],[46.1263,41.1966]],[[46.2083,41.7555],[46.2871,41.7514],[46.2769,41.7493],[46.2083,41.7555]],[[46.2942,41.9386],[46.3821,41.9252],[46.3921,41.918],[46.2942,41.9386]],[[46.3065,41.7553],[46.3203,41.7623],[46.3137,41.7567],[46.3065,41.7553]],[[46.4126,41.0919],[46.4664,41.0506],[46.457,41.0524],[46.4126,41.0919]],[[46.4309,41.8904],[46.5255,41.8823],[46.5435,41.8743],[46.4309,41.8904]],[[46.5901,38.9137],[46.6522,38.9929],[46.5992,38.9197],[46.5901,38.9137]],[[46.6278,41.3454],[46.631,41.3455],[46.6439,41.3318],[46.6278,41.3454]],[[46.667,41.3072],[46.6885,41.2844],[46.6948,41.2698],[46.667,41.3072]],[[47.7437,41.1927],[47.8524,41.2059],[47.8287,41.1984],[47.7437,41.1927]],[[47.8795,41.2145],[47.8944,41.2257],[47.8946,41.2193],[47.8795,41.2145]],[[48.1351,30.4429],[48.1409,30.4419],[48.1705,30.4067],[48.1351,30.4429]],[[48.291,30.32],[48.2964,30.3198],[48.3014,30.3149],[48.291,30.32]],[[48.3292,30.2876],[48.397,30.221],[48.4026,30.2088],[48.3292,30.2876]],[[48.3811,30.1453],[48.3832,30.1481],[48.3831,30.1424],[48.3811,30.1453]],[[48.3814,41.5925],[48.4015,41.6146],[48.393,41.5989],[48.3814,41.5925]],[[48.4082,30.1885],[48.4085,30.1961],[48.4106,30.1915],[48.4082,30.1885]],[[48.4239,30.0836],[48.4618,29.9949],[48.4531,30.0014],[48.4239,30.0836]],[[54.7873,37.6519],[54.8136,37.7186],[54.8234,37.7283],[54.7873,37.6519]],[[55.4474,38.0837],[55.6299,38.1056],[55.511,38.0858],[55.4474,38.0837]],[[55.724,38.1169],[55.7384,38.1186],[55.7688,38.1115],[55.724,38.1169]],[[55.7927,24.7223],[55.7936,24.7339],[55.7943,24.7175],[55.7927,24.7223]],[[55.8208,38.0995],[55.8798,38.0858],[55.8541,38.086],[55.8208,38.0995]],[[55.9576,24.8687],[55.9609,24.8812],[55.9636,24.8626],[55.9576,24.8687]],[[56.2141,38.0688],[56.3155,38.0895],[56.2997,38.0802],[56.2141,38.0688]],[[57.1814,38.2757],[57.1859,38.2765],[57.2183,38.2651],[57.1814,38.2757]],[[61.1016,35.2353],[61.1038,35.2494],[61.1124,35.202],[61.1016,35.2353]],[[63.1743,26.685],[63.1823,26.8302],[63.1896,26.846],[63.1743,26.685]],[[63.1896,26.846],[63.206,26.8537],[63.2467,26.8595],[63.1896,26.846]],[[64.589,36.5802],[64.5901,36.5947],[64.6105,36.5009],[64.589,36.5802]],[[64.5911,36.6093],[64.592,36.6211],[64.5985,36.6369],[64.5911,36.6093]],[[64.614,36.6746],[64.6214,36.6926],[64.7652,36.9046],[64.614,36.6746]]],[[[48.0108,29.9805],[48.0311,29.971],[48.0789,30.0041],[48.1061,30.0176],[48.1092,30.028],[48.0547,30.0245],[48.0108,29.9805]]],[[[48.0461,29.8005],[48.1858,29.6039],[48.3527,29.7098],[48.3445,29.7906],[48.1621,29.9957],[48.1227,29.9697],[48.1974,29.9254],[48.0951,29.8947],[48.1133,29.8391],[48.0461,29.8005]]],[[[49.292,27.4714],[49.2927,27.4529],[49.2992,27.4515],[49.292,27.4714]]],[[[51.8558,23.7685],[51.881,23.6863],[51.9244,23.6875],[51.8558,23.7685]]],[[[52.59,24.2566],[52.5922,24.2534],[52.6031,24.2642],[52.6003,24.2649],[52.59,24.2566]]],[[[53.7489,24.1363],[53.7747,24.1301],[53.7915,24.1363],[53.7489,24.1363]]],[[[54.1016,24.2978],[54.1908,24.2272],[54.1501,24.3143],[54.1016,24.2978]]],[[[54.2046,24.2983],[54.2222,24.2845],[54.2393,24.2812],[54.248,24.2855],[54.2046,24.2983]]],[[[55.2926,26.5485],[55.8766,26.7429],[55.947,26.6963],[56.2874,26.9551],[56.2124,27.003],[55.8977,26.9068],[55.758,26.954],[55.7742,26.7969],[55.3045,26.6564],[55.2926,26.5485]]],[[[55.8659,26.6592],[55.8978,26.6672],[55.8943,26.6794],[55.8683,26.6664],[55.8659,26.6592]]]]}},{"type":"Feature","properties":{"territoryId":"cliopatria-q83891-6c78591e24","name":"Sasanian Empire","name_ko":"사산 제국","color":"#5ce0be","colorFamily":2,"startYear":540,"endYear":545,"source_name":"Cliopatria v0.2.0","source_url":"https://github.com/Seshat-Global-History-Databank/cliopatria","license":"CC BY 4.0","attribution":"Seshat Global History Databank, Cliopatria contributors"},"geometry":{"type":"MultiPolygon","coordinates":[[[[51.1317,25.4221],[51.2066,25.4221],[51.2124,25.4864],[51.1375,25.4864],[51.1317,25.4221]]],[[[50.4507,26.1577],[50.4678,25.9576],[50.6075,25.8843],[50.6457,26.1457],[50.5516,26.1942],[50.6035,26.1977],[50.5933,26.2386],[50.4815,26.2426],[50.4507,26.1577]]],[[[50.6024,26.258],[50.6124,26.2413],[50.6478,26.2391],[50.6575,26.2112],[50.6736,26.2026],[50.6789,26.208],[50.681,26.2134],[50.682,26.224],[50.6564,26.2466],[50.656,26.258],[50.6024,26.258]]],[[[36.0815,36.3528],[36.1246,36.0308],[37.2028,35.2584],[38.2346,34.1004],[39.1238,34.4863],[39.509,34.4863],[39.7253,34.3577],[40.2569,34.2933],[40.3958,34.1647],[40.7036,34.1647],[41.3502,33.7789],[41.427,33.7789],[41.4886,33.6502],[41.7881,33.5859],[42.2103,33.2645],[42.5783,33.1359],[42.7085,32.943],[43.1526,32.8145],[43.3514,32.5574],[43.5044,32.5574],[43.4891,32.4288],[43.6954,32.236],[43.9169,32.1717],[43.9093,32.1074],[44.7336,31.9789],[44.8553,31.7218],[44.8098,31.3362],[45.0993,31.2076],[45.0844,31.0791],[45.7705,30.4364],[46.4462,30.3722],[46.659,30.2436],[46.6981,29.9223],[47.6538,29.6652],[47.5347,29.2795],[48.213,28.5724],[48.2474,28.1867],[48.3228,28.1867],[48.5288,27.9938],[48.5515,27.4795],[49.0588,27.2866],[49.2651,27.0938],[49.2525,26.9652],[49.8784,26.4508],[49.6745,25.8722],[50.0317,25.6793],[50.3438,24.9721],[50.6158,24.6506],[50.9201,24.7149],[51.1201,25.2936],[50.9647,25.2293],[50.982,25.4221],[51.2302,25.6793],[51.1733,25.8722],[51.3232,25.8722],[51.3504,25.3579],[51.2698,25.2936],[51.4022,25.1007],[51.3274,25.1007],[51.2939,24.7149],[51.1335,24.5864],[51.2028,24.5221],[51.1016,24.2006],[51.1658,24.072],[51.7423,23.9026],[51.5889,24.0894],[51.8219,23.8792],[51.9275,23.6876],[54.2732,23.7506],[54.8121,23.9435],[55.623,24.6506],[55.8412,24.5864],[55.8595,24.7792],[56.09,24.8435],[56.2895,24.5864],[56.2713,24.3935],[56.4894,24.3292],[56.5402,24.072],[56.8211,23.8792],[56.8095,23.7506],[57.8303,23.4934],[57.9736,23.4291],[57.962,23.3006],[58.3347,23.3006],[58.6096,23.0434],[58.9076,23.0434],[58.8961,22.9148],[59.2445,22.9148],[59.0879,23.0484],[58.7621,23.5421],[58.5842,23.647],[58.3172,23.6209],[58.1316,23.7133],[57.8877,23.7209],[57.1515,23.9536],[56.9395,24.1159],[56.6112,24.4963],[56.4054,24.8973],[56.37,25.5257],[56.2666,25.6726],[56.3836,25.9261],[56.4533,25.9472],[56.3801,26.0382],[56.473,26.0986],[56.3638,26.1049],[56.3638,26.1458],[56.3359,26.1116],[56.3288,26.1728],[56.3911,26.2011],[56.4798,26.1458],[56.432,26.2215],[56.4873,26.2352],[56.3986,26.2687],[56.501,26.3587],[56.3601,26.3624],[56.3223,26.3096],[56.3638,26.2795],[56.3159,26.2904],[56.3084,26.2215],[56.4041,26.2147],[56.2949,26.1942],[56.1818,26.246],[55.9523,25.7721],[55.9597,25.8237],[55.6263,25.5363],[55.5482,25.5295],[55.551,25.5786],[55.4725,25.4128],[55.3037,25.283],[55.3289,25.2015],[55.2824,25.2607],[55.0823,25.0168],[54.722,24.7973],[54.5744,24.447],[54.4273,24.2921],[54.1226,24.1447],[53.5896,24.0471],[53.4458,24.1198],[52.6813,24.1408],[52.6003,24.2095],[52.3411,24.0075],[51.9287,23.9647],[51.8094,24.0007],[51.7684,24.2773],[51.7007,24.2219],[51.6726,24.2781],[51.6487,24.2186],[51.6278,24.2977],[51.5693,24.2562],[51.4129,24.3235],[51.2788,24.3078],[51.476,24.5891],[51.3953,24.6313],[51.3024,24.5172],[51.3064,24.6108],[51.221,24.6442],[51.3391,24.6462],[51.3406,24.5699],[51.611,25.0224],[51.6076,25.2551],[51.5188,25.2971],[51.4719,25.5214],[51.4914,25.6182],[51.5495,25.6312],[51.5051,25.6872],[51.5901,25.7119],[51.5446,25.7374],[51.5945,25.7582],[51.5594,25.9138],[51.3884,25.967],[51.3139,26.1294],[51.1694,26.1294],[50.9829,25.969],[50.9263,25.6328],[50.9776,25.6461],[50.8987,25.5322],[50.8722,25.5933],[50.8328,25.577],[50.8472,25.4674],[50.7656,25.5121],[50.7578,25.1862],[50.8596,24.7956],[50.7606,24.7364],[50.7264,24.8817],[50.5622,25.0548],[50.4715,25.4372],[50.3814,25.5129],[50.348,25.4821],[50.1487,25.6999],[50.2575,25.6319],[50.1013,25.9895],[50.0241,26.036],[49.99,26.0018],[49.9758,26.1396],[50.021,26.1977],[50.1172,26.0858],[50.2122,26.1913],[50.2092,26.3695],[50.0306,26.4946],[49.9832,26.6837],[50.0064,26.7476],[50.0237,26.6995],[50.1267,26.6876],[49.973,26.8424],[49.6995,26.9582],[49.5114,27.1859],[49.5244,27.1327],[49.3748,27.1491],[49.4124,27.204],[49.3226,27.2057],[49.3128,27.345],[49.2234,27.3313],[49.2638,27.4139],[49.1198,27.4411],[49.2905,27.4753],[49.2398,27.5451],[49.0589,27.5382],[48.9685,27.6203],[48.9143,27.5715],[48.9006,27.633],[48.8318,27.6125],[48.8733,27.6125],[48.8767,27.6838],[48.7788,27.7196],[48.8125,27.8286],[48.805,27.7565],[48.8576,27.8035],[48.8392,27.7286],[48.8827,27.8267],[48.7437,27.9613],[48.792,28.007],[48.6521,28.0461],[48.6184,28.2173],[48.5222,28.3188],[48.5355,28.4076],[48.4688,28.3871],[48.4946,28.5001],[48.3518,28.6405],[48.3936,28.7434],[48.3288,28.76],[48.1585,29.0173],[48.1003,29.35],[47.9857,29.3938],[47.8579,29.323],[47.8164,29.3376],[47.8373,29.3875],[47.7047,29.3636],[47.8662,29.5366],[48.1734,29.5734],[47.9956,29.8277],[47.9348,30.1071],[47.969,30.0041],[48.1192,30.045],[48.4119,29.9384],[48.5593,29.9466],[48.4766,29.984],[48.6108,29.957],[48.6587,29.9836],[48.6433,30.0554],[48.8767,30.0245],[48.9417,30.1651],[48.8623,30.3456],[49.0373,30.4325],[48.9456,30.4797],[48.9815,30.5156],[49.2112,30.5063],[49.2638,30.4497],[49.2029,30.3466],[49.062,30.4081],[48.9212,30.3808],[49.1614,30.2238],[49.2212,30.2646],[49.2457,30.1565],[49.4798,30.1561],[49.5322,30.0229],[49.9146,30.2039],[50.0734,30.1957],[50.1613,29.9263],[50.6553,29.4491],[50.6895,29.2908],[50.6435,29.1458],[50.8403,29.1406],[50.915,29.0867],[50.929,29.0097],[50.8345,28.8914],[51.0588,28.7359],[51.0807,28.5339],[51.2853,28.2409],[51.2698,28.1405],[51.4083,27.9323],[51.5842,27.8511],[52.0112,27.8327],[52.4596,27.6326],[52.6701,27.4486],[52.6098,27.4123],[52.6669,27.3271],[52.9326,27.1603],[53.4441,26.9757],[53.718,26.708],[54.0158,26.7495],[54.3081,26.715],[54.62,26.5082],[54.791,26.4958],[55.2708,26.7925],[55.5217,26.7846],[55.5804,26.8591],[55.5545,26.8999],[55.6659,26.9954],[55.9393,27.0267],[56.1237,27.1606],[56.353,27.2016],[56.7147,27.158],[56.8846,27.0781],[56.8677,27.0123],[56.9733,27.003],[56.9273,26.9556],[57.0524,26.8366],[57.1331,26.2637],[57.2129,26.1662],[57.1668,26.083],[57.3057,25.8135],[57.5207,25.7436],[57.7556,25.7427],[57.7717,25.6356],[57.9253,25.7013],[58.1375,25.5507],[58.419,25.612],[58.8252,25.5604],[58.9943,25.4196],[59.1172,25.3942],[59.4539,25.4616],[59.538,25.3998],[59.8446,25.3579],[60.3993,25.3579],[60.4285,25.4196],[60.5497,25.4469],[60.6321,25.3579],[60.6335,25.275],[61.0306,25.2098],[61.2236,25.1124],[61.5074,25.1467],[61.4826,25.1937],[61.5584,25.2005],[61.5545,25.2541],[61.5882,25.2021],[61.7831,25.188],[61.7207,25.0364],[61.8473,25.0379],[61.8811,25.103],[62.0972,25.1071],[62.059,25.1616],[62.1452,25.2184],[62.2542,25.212],[62.3398,25.1302],[62.4894,25.2142],[62.4772,25.2591],[63.5108,25.2293],[63.4695,25.2893],[63.5725,25.365],[64.0727,25.3579],[64.0488,25.4165],[63.9766,25.4128],[64.0454,25.4503],[64.1553,25.4469],[64.0838,25.4267],[64.1,25.3579],[64.225,25.3579],[64.4393,25.2346],[64.5654,25.2703],[64.6111,25.1886],[64.7018,25.1773],[64.6686,25.2551],[64.7444,25.324],[65.1934,25.3183],[65.2323,25.3707],[65.3954,25.3923],[65.6691,25.3495],[65.8192,25.4009],[66.3977,26.5151],[66.4784,28.5724],[66.5539,28.5724],[67.3496,30.9506],[67.4256,30.9506],[67.7955,32.4288],[68.0157,32.7502],[68.0922,32.7502],[68.1195,32.8788],[67.4218,33.2002],[67.1919,33.2002],[67.2193,33.3288],[66.9892,33.3288],[66.8769,33.5217],[66.5206,33.6502],[66.0165,34.1647],[65.4565,34.422],[65.1411,34.7436],[65.1692,34.8723],[64.9028,35.0653],[64.8967,35.3871],[64.7707,35.5158],[64.8389,36.1596],[64.7613,36.1596],[64.9295,37.1866],[64.7788,37.118],[64.9298,37.1881],[64.9407,37.2549],[64.8159,37.3838],[64.7397,38.0288],[64.3669,38.416],[64.0075,38.5451],[63.8374,38.8034],[63.6804,38.8034],[63.5726,38.9972],[63.4155,38.9972],[63.2457,39.2557],[63.0883,39.2557],[62.6538,39.7083],[62.6876,39.8376],[62.5637,39.967],[61.9942,39.9023],[61.0282,39.5143],[60.6344,39.5143],[60.6665,39.6436],[59.973,39.7083],[59.6894,39.8376],[59.6748,40.0964],[59.0427,40.0964],[58.9167,40.2259],[58.6005,40.2259],[58.3952,40.3554],[57.083,40.1612],[57.0348,40.2906],[56.5911,40.4201],[54.5437,40.8088],[54.2937,40.7804],[54.3182,40.7216],[54.4304,40.7214],[54.3626,40.6879],[54.4036,40.6737],[54.1711,40.7297],[53.721,40.6257],[53.6939,40.7121],[53.4044,40.6792],[53.3794,40.7915],[53.3397,40.744],[52.9433,40.744],[52.9723,40.8736],[52.893,40.8736],[52.7927,40.4201],[52.7251,40.4201],[52.7505,40.0941],[53.4985,40.0317],[53.5036,39.9747],[53.5745,39.9679],[53.5111,39.8909],[53.5338,39.6376],[53.5335,39.6805],[53.7362,39.5179],[53.1375,39.4496],[53.5176,39.385],[53.9868,38.9972],[53.8298,37.8352],[53.9079,37.8352],[53.9105,37.4483],[54.0947,37.1904],[54.0331,36.8458],[53.8892,36.7936],[53.65,36.8421],[53.0877,36.8037],[52.1859,36.546],[51.2647,36.6105],[50.532,36.8682],[50.611,36.9697],[50.4759,37.0379],[50.3209,36.9971],[49.8541,37.4483],[49.0851,37.5128],[48.8285,37.8352],[48.801,38.9972],[48.9155,39.1911],[49.1514,39.1911],[49.2666,39.385],[49.4045,40.0964],[49.6933,40.3554],[50.2604,40.4201],[50.0495,40.5496],[49.5084,40.6144],[49.2442,40.8736],[49.2655,40.978],[49.0592,41.1328],[49.086,41.2625],[48.2787,41.9764],[48.1192,41.9764],[48.0923,41.8465],[48.172,41.8465],[47.9863,41.3274],[47.4963,41.2625],[46.8164,41.8465],[46.4306,41.9114],[46.2297,42.1063],[45.6834,42.1712],[45.7474,42.4962],[45.3054,42.6912],[44.7446,42.6912],[44.6897,42.8213],[44.369,42.8213],[44.1838,42.6912],[43.7832,42.6912],[43.7399,42.8864],[43.2027,43.0165],[42.9178,43.2118],[42.5041,43.1467],[42.4922,43.0816],[42.5725,43.0816],[42.6052,42.8213],[42.7536,42.7563],[42.7181,42.5612],[42.9346,42.4312],[42.6131,41.522],[42.3631,41.4571],[42.2502,41.2625],[41.5348,41.2625],[41.3598,40.6792],[41.7035,40.3554],[41.6725,40.1612],[41.4839,39.967],[41.326,39.967],[41.2566,39.5143],[40.9817,39.2557],[40.9663,38.6097],[40.8695,38.4806],[40.9479,38.4806],[40.9115,38.2224],[41.1282,38.0933],[41.1349,37.5773],[40.0167,37.3838],[39.2742,37.0615],[38.6433,36.9971],[38.472,36.8682],[38.0051,36.8682],[37.2753,36.6105],[36.4981,36.6105],[36.0815,36.3528]],[[51.5693,24.2562],[51.5776,24.1171],[51.5732,24.1278],[51.5693,24.2562]],[[36.6665,36.2657],[36.6691,36.2599],[36.6681,36.2532],[36.6665,36.2657]],[[42.661,41.5883],[42.8009,41.5792],[42.8199,41.5723],[42.661,41.5883]],[[42.7157,37.3553],[42.7805,37.3755],[42.788,37.3732],[42.7157,37.3553]],[[42.7951,37.371],[42.8011,37.3691],[42.8141,37.3468],[42.7951,37.371]],[[42.8066,41.5428],[42.8199,41.5723],[42.8068,41.543],[42.8066,41.5428]],[[44.5699,37.5144],[44.5732,37.5275],[44.5793,37.477],[44.5699,37.5144]],[[44.692,39.793],[44.7746,39.7028],[44.7769,39.6984],[44.692,39.793]],[[44.7525,37.1131],[44.7649,37.1394],[44.7544,37.1084],[44.7525,37.1131]],[[44.8011,39.653],[44.8085,39.6391],[44.807,39.6399],[44.8011,39.653]],[[44.814,39.6362],[44.8723,39.6251],[44.8278,39.6288],[44.814,39.6362]],[[44.8666,36.7801],[44.9227,36.7759],[44.8772,36.7765],[44.8666,36.7801]],[[44.9552,41.2627],[45.2496,41.4445],[45.0024,41.2905],[44.9552,41.2627]],[[44.9962,36.7417],[45.0353,36.6896],[45.0373,36.6808],[44.9962,36.7417]],[[45.0355,36.633],[45.0426,36.6569],[45.0443,36.6493],[45.0355,36.633]],[[45.0382,36.494],[45.0608,36.4472],[45.0391,36.4798],[45.0382,36.494]],[[45.0791,36.4197],[45.1108,36.4025],[45.0837,36.4128],[45.0791,36.4197]],[[45.0922,39.3444],[45.096,39.3411],[45.1358,39.2785],[45.0922,39.3444]],[[45.1108,36.4025],[45.196,36.4224],[45.2213,36.4209],[45.1108,36.4025]],[[45.1696,42.6813],[45.1842,42.6748],[45.2827,42.5864],[45.1696,42.6813]],[[45.2496,41.4445],[45.2817,41.4529],[45.3144,41.4516],[45.2496,41.4445]],[[45.4793,42.5423],[45.5368,42.5414],[45.6207,42.5304],[45.4793,42.5423]],[[45.753,39.5635],[45.7655,39.5616],[45.7739,39.5549],[45.753,39.5635]],[[45.8814,42.102],[45.9287,42.036],[45.9235,42.0396],[45.8814,42.102]],[[45.9417,42.027],[45.9546,42.0244],[45.9476,42.0229],[45.9417,42.027]],[[45.9692,41.1683],[46.0302,41.1659],[46.0174,41.1638],[45.9692,41.1683]],[[46.0528,41.1695],[46.0765,41.1783],[46.0614,41.1709],[46.0528,41.1695]],[[46.1064,38.8682],[46.1359,38.8637],[46.1261,38.8627],[46.1064,38.8682]],[[46.1263,41.1966],[46.1354,41.1999],[46.1676,41.1983],[46.1263,41.1966]],[[46.2083,41.7555],[46.2871,41.7514],[46.2769,41.7493],[46.2083,41.7555]],[[46.2942,41.9386],[46.3821,41.9252],[46.3921,41.918],[46.2942,41.9386]],[[46.3065,41.7553],[46.3203,41.7623],[46.3137,41.7567],[46.3065,41.7553]],[[46.4126,41.0919],[46.4664,41.0506],[46.457,41.0524],[46.4126,41.0919]],[[46.4309,41.8904],[46.5255,41.8823],[46.5435,41.8743],[46.4309,41.8904]],[[46.5901,38.9137],[46.6522,38.9929],[46.5992,38.9197],[46.5901,38.9137]],[[46.6278,41.3454],[46.631,41.3455],[46.6439,41.3318],[46.6278,41.3454]],[[46.667,41.3072],[46.6885,41.2844],[46.6948,41.2698],[46.667,41.3072]],[[47.7437,41.1927],[47.8524,41.2059],[47.8287,41.1984],[47.7437,41.1927]],[[47.8795,41.2145],[47.8944,41.2257],[47.8946,41.2193],[47.8795,41.2145]],[[48.1351,30.4429],[48.1409,30.4419],[48.1705,30.4067],[48.1351,30.4429]],[[48.291,30.32],[48.2964,30.3198],[48.3014,30.3149],[48.291,30.32]],[[48.3292,30.2876],[48.397,30.221],[48.4026,30.2088],[48.3292,30.2876]],[[48.3811,30.1453],[48.3832,30.1481],[48.3831,30.1424],[48.3811,30.1453]],[[48.3814,41.5925],[48.4015,41.6146],[48.393,41.5989],[48.3814,41.5925]],[[48.4082,30.1885],[48.4085,30.1961],[48.4106,30.1915],[48.4082,30.1885]],[[48.4239,30.0836],[48.4618,29.9949],[48.4531,30.0014],[48.4239,30.0836]],[[54.7873,37.6519],[54.8136,37.7186],[54.8234,37.7283],[54.7873,37.6519]],[[55.4474,38.0837],[55.6299,38.1056],[55.511,38.0858],[55.4474,38.0837]],[[55.724,38.1169],[55.7384,38.1186],[55.7688,38.1115],[55.724,38.1169]],[[55.7927,24.7223],[55.7936,24.7339],[55.7943,24.7175],[55.7927,24.7223]],[[55.8208,38.0995],[55.8798,38.0858],[55.8541,38.086],[55.8208,38.0995]],[[55.9576,24.8687],[55.9609,24.8812],[55.9636,24.8626],[55.9576,24.8687]],[[56.2141,38.0688],[56.3155,38.0895],[56.2997,38.0802],[56.2141,38.0688]],[[57.1814,38.2757],[57.1859,38.2765],[57.2183,38.2651],[57.1814,38.2757]],[[61.1016,35.2353],[61.1038,35.2494],[61.1124,35.202],[61.1016,35.2353]],[[63.1743,26.685],[63.1823,26.8302],[63.1896,26.846],[63.1743,26.685]],[[63.1896,26.846],[63.206,26.8537],[63.2467,26.8595],[63.1896,26.846]],[[64.589,36.5802],[64.5901,36.5947],[64.6105,36.5009],[64.589,36.5802]],[[64.5911,36.6093],[64.592,36.6211],[64.5985,36.6369],[64.5911,36.6093]],[[64.614,36.6746],[64.6214,36.6926],[64.7652,36.9046],[64.614,36.6746]]],[[[48.0108,29.9805],[48.0311,29.971],[48.0789,30.0041],[48.1061,30.0176],[48.1092,30.028],[48.0547,30.0245],[48.0108,29.9805]]],[[[48.0461,29.8005],[48.1858,29.6039],[48.3527,29.7098],[48.3445,29.7906],[48.1621,29.9957],[48.1227,29.9697],[48.1974,29.9254],[48.0951,29.8947],[48.1133,29.8391],[48.0461,29.8005]]],[[[49.292,27.4714],[49.2927,27.4529],[49.2992,27.4515],[49.292,27.4714]]],[[[51.8558,23.7685],[51.881,23.6863],[51.9244,23.6875],[51.8558,23.7685]]],[[[52.59,24.2566],[52.5922,24.2534],[52.6031,24.2642],[52.6003,24.2649],[52.59,24.2566]]],[[[53.7489,24.1363],[53.7747,24.1301],[53.7915,24.1363],[53.7489,24.1363]]],[[[54.1016,24.2978],[54.1908,24.2272],[54.1501,24.3143],[54.1016,24.2978]]],[[[54.2046,24.2983],[54.2222,24.2845],[54.2393,24.2812],[54.248,24.2855],[54.2046,24.2983]]],[[[55.2926,26.5485],[55.8766,26.7429],[55.947,26.6963],[56.2874,26.9551],[56.2124,27.003],[55.8977,26.9068],[55.758,26.954],[55.7742,26.7969],[55.3045,26.6564],[55.2926,26.5485]]],[[[55.8659,26.6592],[55.8978,26.6672],[55.8943,26.6794],[55.8683,26.6664],[55.8659,26.6592]]]]}},{"type":"Feature","properties":{"territoryId":"cliopatria-q83891-6c78591e24","name":"Sasanian Empire","name_ko":"사산 제국","color":"#5ce0be","colorFamily":2,"startYear":546,"endYear":554,"source_name":"Cliopatria v0.2.0","source_url":"https://github.com/Seshat-Global-History-Databank/cliopatria","license":"CC BY 4.0","attribution":"Seshat Global History Databank, Cliopatria contributors"},"geometry":{"type":"MultiPolygon","coordinates":[[[[51.1317,25.4221],[51.2066,25.4221],[51.2124,25.4864],[51.1375,25.4864],[51.1317,25.4221]]],[[[50.4507,26.1577],[50.4678,25.9576],[50.6075,25.8843],[50.6457,26.1457],[50.5516,26.1942],[50.6035,26.1977],[50.5933,26.2386],[50.4815,26.2426],[50.4507,26.1577]]],[[[50.6024,26.258],[50.6124,26.2413],[50.6478,26.2391],[50.6575,26.2112],[50.6736,26.2026],[50.6789,26.208],[50.681,26.2134],[50.682,26.224],[50.6564,26.2466],[50.656,26.258],[50.6024,26.258]]],[[[39.9889,43.4723],[40.2192,43.4072],[40.4055,43.1602],[40.8173,43.1467],[41.1158,43.0165],[41.6087,42.6262],[41.5361,42.4757],[41.5584,42.3828],[41.7006,42.2362],[41.6641,42.114],[41.7579,42.1063],[41.7612,41.9764],[41.8153,41.9764],[41.7097,41.7085],[41.8392,41.6518],[41.8061,41.4571],[41.5456,41.3274],[41.3598,40.6792],[41.7035,40.3554],[41.6725,40.1612],[41.4839,39.967],[41.326,39.967],[41.2566,39.5143],[40.9817,39.2557],[40.9663,38.6097],[40.8695,38.4806],[40.9479,38.4806],[40.9115,38.2224],[41.1282,38.0933],[41.2124,36.9971],[41.5498,36.6105],[41.5328,36.4816],[41.6796,36.4172],[41.6626,36.2884],[41.0863,36.0308],[41.1122,35.001],[40.7723,34.7436],[40.6181,34.7436],[40.1029,34.2933],[40.7036,34.1647],[41.3502,33.7789],[41.427,33.7789],[41.4886,33.6502],[41.7881,33.5859],[42.2103,33.2645],[42.5783,33.1359],[42.7085,32.943],[43.1526,32.8145],[43.3514,32.5574],[43.5044,32.5574],[43.4891,32.4288],[43.6954,32.236],[43.9169,32.1717],[43.9093,32.1074],[44.7336,31.9789],[44.8553,31.7218],[44.8098,31.3362],[45.0993,31.2076],[45.0844,31.0791],[45.7705,30.4364],[46.4462,30.3722],[46.659,30.2436],[46.6981,29.9223],[47.6538,29.6652],[47.5347,29.2795],[48.213,28.5724],[48.2474,28.1867],[48.3228,28.1867],[48.5288,27.9938],[48.5515,27.4795],[49.0588,27.2866],[49.2651,27.0938],[49.2525,26.9652],[49.8784,26.4508],[49.6745,25.8722],[50.0317,25.6793],[50.3438,24.9721],[50.6158,24.6506],[50.9201,24.7149],[51.1201,25.2936],[50.9647,25.2293],[50.982,25.4221],[51.2302,25.6793],[51.1733,25.8722],[51.3232,25.8722],[51.3504,25.3579],[51.2698,25.2936],[51.4022,25.1007],[51.3274,25.1007],[51.2939,24.7149],[51.1335,24.5864],[51.2028,24.5221],[51.1016,24.2006],[51.1658,24.072],[51.7423,23.9026],[51.5889,24.0894],[51.8219,23.8792],[51.9275,23.6876],[54.2732,23.7506],[54.8121,23.9435],[55.623,24.6506],[55.8412,24.5864],[55.8595,24.7792],[56.09,24.8435],[56.2895,24.5864],[56.2713,24.3935],[56.4894,24.3292],[56.5402,24.072],[56.8211,23.8792],[56.8095,23.7506],[57.8303,23.4934],[57.9736,23.4291],[57.962,23.3006],[58.3347,23.3006],[58.6096,23.0434],[58.9076,23.0434],[58.8961,22.9148],[59.2445,22.9148],[59.0879,23.0484],[58.7621,23.5421],[58.659,23.5625],[58.6045,23.6376],[58.3172,23.6209],[58.1316,23.7133],[57.8877,23.7209],[57.1515,23.9536],[56.9395,24.1159],[56.6112,24.4963],[56.4054,24.8973],[56.37,25.5257],[56.2666,25.6726],[56.3836,25.9261],[56.4533,25.9472],[56.3801,26.0382],[56.473,26.0986],[56.3638,26.1049],[56.3638,26.1458],[56.3359,26.1116],[56.3288,26.1728],[56.3911,26.2011],[56.4798,26.1458],[56.432,26.2215],[56.4873,26.2352],[56.3986,26.2687],[56.501,26.3587],[56.3601,26.3624],[56.3223,26.3096],[56.3638,26.2795],[56.3159,26.2904],[56.3084,26.2215],[56.4041,26.2147],[56.2949,26.1942],[56.1818,26.246],[55.9523,25.7721],[55.9597,25.8237],[55.6263,25.5363],[55.5482,25.5295],[55.551,25.5786],[55.4725,25.4128],[55.3037,25.283],[55.3289,25.2015],[55.2824,25.2607],[55.0823,25.0168],[54.722,24.7973],[54.5744,24.447],[54.4273,24.2921],[54.1226,24.1447],[53.5896,24.0471],[53.4458,24.1198],[52.6813,24.1408],[52.6003,24.2095],[52.3411,24.0075],[51.9287,23.9647],[51.8094,24.0007],[51.7684,24.2773],[51.7007,24.2219],[51.6726,24.2781],[51.6487,24.2186],[51.6278,24.2977],[51.5693,24.2562],[51.4129,24.3235],[51.2788,24.3078],[51.476,24.5891],[51.3953,24.6313],[51.3024,24.5172],[51.3064,24.6108],[51.221,24.6442],[51.3391,24.6462],[51.3406,24.5699],[51.611,25.0224],[51.6076,25.2551],[51.5188,25.2971],[51.4719,25.5214],[51.4914,25.6182],[51.5495,25.6312],[51.5051,25.6872],[51.5901,25.7119],[51.5446,25.7374],[51.5945,25.7582],[51.5594,25.9138],[51.3884,25.967],[51.3139,26.1294],[51.1694,26.1294],[50.9829,25.969],[50.9263,25.6328],[50.9776,25.6461],[50.8987,25.5322],[50.8722,25.5933],[50.8328,25.577],[50.8472,25.4674],[50.7656,25.5121],[50.7578,25.1862],[50.8596,24.7956],[50.7606,24.7364],[50.7264,24.8817],[50.5622,25.0548],[50.4715,25.4372],[50.3814,25.5129],[50.348,25.4821],[50.1487,25.6999],[50.2575,25.6319],[50.1013,25.9895],[50.0241,26.036],[49.99,26.0018],[49.9758,26.1396],[50.021,26.1977],[50.1172,26.0858],[50.2122,26.1913],[50.2092,26.3695],[50.0306,26.4946],[49.9832,26.6837],[50.0064,26.7476],[50.0237,26.6995],[50.1267,26.6876],[49.973,26.8424],[49.6995,26.9582],[49.5114,27.1859],[49.5244,27.1327],[49.3748,27.1491],[49.4124,27.204],[49.3226,27.2057],[49.3128,27.345],[49.2234,27.3313],[49.2638,27.4139],[49.1198,27.4411],[49.2905,27.4753],[49.2398,27.5451],[49.0589,27.5382],[48.9685,27.6203],[48.9143,27.5715],[48.9006,27.633],[48.8318,27.6125],[48.8733,27.6125],[48.8767,27.6838],[48.7788,27.7196],[48.8125,27.8286],[48.805,27.7565],[48.8576,27.8035],[48.8392,27.7286],[48.8827,27.8267],[48.7437,27.9613],[48.792,28.007],[48.6521,28.0461],[48.6184,28.2173],[48.5222,28.3188],[48.5355,28.4076],[48.4688,28.3871],[48.4946,28.5001],[48.3518,28.6405],[48.3936,28.7434],[48.3288,28.76],[48.1585,29.0173],[48.1003,29.35],[47.9857,29.3938],[47.8579,29.323],[47.8164,29.3376],[47.8373,29.3875],[47.7047,29.3636],[47.8662,29.5366],[48.1734,29.5734],[47.9956,29.8277],[47.9348,30.1071],[47.969,30.0041],[48.1192,30.045],[48.4119,29.9384],[48.5593,29.9466],[48.4766,29.984],[48.6108,29.957],[48.6587,29.9836],[48.6433,30.0554],[48.8767,30.0245],[48.9417,30.1651],[48.8623,30.3456],[49.0373,30.4325],[48.9456,30.4797],[48.9815,30.5156],[49.2112,30.5063],[49.2638,30.4497],[49.2029,30.3466],[49.062,30.4081],[48.9212,30.3808],[49.1614,30.2238],[49.2212,30.2646],[49.2457,30.1565],[49.4798,30.1561],[49.5322,30.0229],[49.9146,30.2039],[50.0734,30.1957],[50.1613,29.9263],[50.6553,29.4491],[50.6895,29.2908],[50.6435,29.1458],[50.8403,29.1406],[50.915,29.0867],[50.929,29.0097],[50.8345,28.8914],[51.0588,28.7359],[51.0807,28.5339],[51.2853,28.2409],[51.2698,28.1405],[51.4083,27.9323],[51.5842,27.8511],[52.0112,27.8327],[52.4596,27.6326],[52.6701,27.4486],[52.6098,27.4123],[52.6669,27.3271],[52.9326,27.1603],[53.4441,26.9757],[53.7161,26.7086],[54.0158,26.7495],[54.3081,26.715],[54.62,26.5082],[54.791,26.4958],[55.2708,26.7925],[55.5217,26.7846],[55.5804,26.8591],[55.5545,26.8999],[55.6659,26.9954],[55.9393,27.0267],[56.1237,27.1606],[56.353,27.2016],[56.8088,27.1396],[56.8846,27.0781],[56.8677,27.0123],[56.9733,27.003],[56.9273,26.9556],[57.0524,26.8366],[57.1331,26.2637],[57.2129,26.1662],[57.1668,26.083],[57.3057,25.8135],[57.5207,25.7436],[57.7556,25.7427],[57.7717,25.6356],[57.9253,25.7013],[58.1375,25.5507],[58.419,25.612],[58.8252,25.5604],[58.9943,25.4196],[59.1172,25.3942],[59.4539,25.4616],[59.538,25.3998],[59.8446,25.3579],[60.3993,25.3579],[60.4285,25.4196],[60.5497,25.4469],[60.6321,25.3579],[60.6335,25.275],[61.0306,25.2098],[61.2236,25.1124],[61.5074,25.1467],[61.4826,25.1937],[61.5584,25.2005],[61.5545,25.2541],[61.5882,25.2021],[61.7831,25.188],[61.7207,25.0364],[61.8473,25.0379],[61.8811,25.103],[62.0972,25.1071],[62.059,25.1616],[62.1452,25.2184],[62.2542,25.212],[62.3398,25.1302],[62.4894,25.2142],[62.4772,25.2591],[63.5108,25.2293],[63.4695,25.2893],[63.5725,25.365],[64.0727,25.3579],[64.0488,25.4165],[63.9766,25.4128],[64.0454,25.4503],[64.1553,25.4469],[64.0838,25.4267],[64.1,25.3579],[64.225,25.3579],[64.4393,25.2346],[64.5654,25.2703],[64.6111,25.1886],[64.7018,25.1773],[64.6686,25.2551],[64.7444,25.324],[65.1934,25.3183],[65.2323,25.3707],[65.3954,25.3923],[65.6691,25.3495],[65.8192,25.4009],[66.3977,26.5151],[66.4784,28.5724],[66.5539,28.5724],[67.3496,30.9506],[67.4256,30.9506],[67.7955,32.4288],[68.0157,32.7502],[68.0922,32.7502],[68.1195,32.8788],[67.4218,33.2002],[67.1919,33.2002],[67.2193,33.3288],[66.9892,33.3288],[66.8769,33.5217],[66.5206,33.6502],[66.0165,34.1647],[65.4565,34.422],[65.1411,34.7436],[65.1692,34.8723],[64.9028,35.0653],[64.8967,35.3871],[64.7707,35.5158],[64.8389,36.1596],[64.7613,36.1596],[64.9295,37.1866],[64.7788,37.118],[64.9298,37.1881],[64.9407,37.2549],[64.8159,37.3838],[64.7397,38.0288],[64.3669,38.416],[64.0075,38.5451],[63.8374,38.8034],[63.6804,38.8034],[63.5726,38.9972],[63.4155,38.9972],[63.2457,39.2557],[63.0883,39.2557],[62.6538,39.7083],[62.6876,39.8376],[62.5637,39.967],[61.9942,39.9023],[61.0282,39.5143],[60.6344,39.5143],[60.6665,39.6436],[59.973,39.7083],[59.6894,39.8376],[59.6748,40.0964],[59.0427,40.0964],[58.9167,40.2259],[58.6005,40.2259],[58.3952,40.3554],[57.083,40.1612],[57.0348,40.2906],[56.5911,40.4201],[54.5437,40.8088],[54.2937,40.7804],[54.3182,40.7216],[54.4304,40.7214],[54.3626,40.6879],[54.4036,40.6737],[54.1711,40.7297],[53.721,40.6257],[53.6939,40.7121],[53.4044,40.6792],[53.3794,40.7915],[53.3397,40.744],[52.9433,40.744],[52.9723,40.8736],[52.893,40.8736],[52.7927,40.4201],[52.7251,40.4201],[52.7505,40.0941],[53.4985,40.0317],[53.5036,39.9747],[53.5745,39.9679],[53.5111,39.8909],[53.5338,39.6376],[53.5335,39.6805],[53.7362,39.5179],[53.1375,39.4496],[53.5176,39.385],[53.9868,38.9972],[53.8298,37.8352],[53.9079,37.8352],[53.9105,37.4483],[54.0947,37.1904],[54.0331,36.8458],[53.8892,36.7936],[53.65,36.8421],[53.0877,36.8037],[52.1859,36.546],[51.2647,36.6105],[50.532,36.8682],[50.611,36.9697],[50.4759,37.0379],[50.3209,36.9971],[49.8541,37.4483],[49.0851,37.5128],[48.8285,37.8352],[48.801,38.9972],[48.9155,39.1911],[49.1514,39.1911],[49.2666,39.385],[49.5092,40.2259],[49.6933,40.3554],[50.2471,40.3554],[50.1945,40.4849],[49.5084,40.6144],[49.2442,40.8736],[49.2655,40.978],[49.0592,41.1328],[49.086,41.2625],[48.2787,41.9764],[48.1192,41.9764],[48.0923,41.8465],[48.172,41.8465],[47.9863,41.3274],[47.4963,41.2625],[46.8164,41.8465],[46.4306,41.9114],[46.2297,42.1063],[45.6834,42.1712],[45.6802,42.5612],[45.44,42.5612],[45.158,42.7563],[44.7446,42.6912],[44.6897,42.8213],[43.7832,42.6912],[43.7399,42.8864],[43.2027,43.0165],[43.2148,43.0816],[42.528,43.2769],[41.9536,43.2118],[40.736,43.6027],[40.1722,43.6027],[39.9889,43.4723]],[[51.5693,24.2562],[51.5776,24.1171],[51.5732,24.1278],[51.5693,24.2562]],[[42.5355,41.4935],[42.555,41.5503],[42.5605,41.5555],[42.5355,41.4935]],[[42.5783,41.5723],[42.5852,41.5788],[42.5991,41.5805],[42.5783,41.5723]],[[42.661,41.5883],[42.8009,41.5792],[42.8199,41.5723],[42.661,41.5883]],[[42.7157,37.3553],[42.7805,37.3755],[42.788,37.3732],[42.7157,37.3553]],[[42.7951,37.371],[42.8011,37.3691],[42.8141,37.3468],[42.7951,37.371]],[[42.8066,41.5428],[42.8199,41.5723],[42.8068,41.543],[42.8066,41.5428]],[[44.5699,37.5144],[44.5732,37.5275],[44.5793,37.477],[44.5699,37.5144]],[[44.692,39.793],[44.7746,39.7028],[44.7769,39.6984],[44.692,39.793]],[[44.7525,37.1131],[44.7649,37.1394],[44.7544,37.1084],[44.7525,37.1131]],[[44.8011,39.653],[44.8085,39.6391],[44.807,39.6399],[44.8011,39.653]],[[44.814,39.6362],[44.8723,39.6251],[44.8278,39.6288],[44.814,39.6362]],[[44.8666,36.7801],[44.9227,36.7759],[44.8772,36.7765],[44.8666,36.7801]],[[44.9552,41.2627],[45.2496,41.4445],[45.0024,41.2905],[44.9552,41.2627]],[[44.9962,36.7417],[45.0353,36.6896],[45.0373,36.6808],[44.9962,36.7417]],[[45.0355,36.633],[45.0426,36.6569],[45.0443,36.6493],[45.0355,36.633]],[[45.0382,36.494],[45.0608,36.4472],[45.0391,36.4798],[45.0382,36.494]],[[45.0791,36.4197],[45.1108,36.4025],[45.0837,36.4128],[45.0791,36.4197]],[[45.0922,39.3444],[45.096,39.3411],[45.1358,39.2785],[45.0922,39.3444]],[[45.1108,36.4025],[45.196,36.4224],[45.2213,36.4209],[45.1108,36.4025]],[[45.1696,42.6813],[45.1842,42.6748],[45.2827,42.5864],[45.1696,42.6813]],[[45.2496,41.4445],[45.2817,41.4529],[45.3144,41.4516],[45.2496,41.4445]],[[45.4793,42.5423],[45.5368,42.5414],[45.6207,42.5304],[45.4793,42.5423]],[[45.753,39.5635],[45.7655,39.5616],[45.7739,39.5549],[45.753,39.5635]],[[45.8814,42.102],[45.9287,42.036],[45.9235,42.0396],[45.8814,42.102]],[[45.9417,42.027],[45.9546,42.0244],[45.9476,42.0229],[45.9417,42.027]],[[45.9692,41.1683],[46.0302,41.1659],[46.0174,41.1638],[45.9692,41.1683]],[[46.0528,41.1695],[46.0765,41.1783],[46.0614,41.1709],[46.0528,41.1695]],[[46.1064,38.8682],[46.1359,38.8637],[46.1261,38.8627],[46.1064,38.8682]],[[46.1263,41.1966],[46.1354,41.1999],[46.1676,41.1983],[46.1263,41.1966]],[[46.2083,41.7555],[46.2871,41.7514],[46.2769,41.7493],[46.2083,41.7555]],[[46.2942,41.9386],[46.3821,41.9252],[46.3921,41.918],[46.2942,41.9386]],[[46.3065,41.7553],[46.3203,41.7623],[46.3137,41.7567],[46.3065,41.7553]],[[46.4126,41.0919],[46.4664,41.0506],[46.457,41.0524],[46.4126,41.0919]],[[46.4309,41.8904],[46.5255,41.8823],[46.5435,41.8743],[46.4309,41.8904]],[[46.5901,38.9137],[46.6522,38.9929],[46.5992,38.9197],[46.5901,38.9137]],[[46.6278,41.3454],[46.631,41.3455],[46.6439,41.3318],[46.6278,41.3454]],[[46.667,41.3072],[46.6885,41.2844],[46.6948,41.2698],[46.667,41.3072]],[[47.7437,41.1927],[47.8524,41.2059],[47.8287,41.1984],[47.7437,41.1927]],[[47.8795,41.2145],[47.8944,41.2257],[47.8946,41.2193],[47.8795,41.2145]],[[48.1351,30.4429],[48.1409,30.4419],[48.1705,30.4067],[48.1351,30.4429]],[[48.291,30.32],[48.2964,30.3198],[48.3014,30.3149],[48.291,30.32]],[[48.3292,30.2876],[48.397,30.221],[48.4026,30.2088],[48.3292,30.2876]],[[48.3811,30.1453],[48.3832,30.1481],[48.3831,30.1424],[48.3811,30.1453]],[[48.3814,41.5925],[48.4015,41.6146],[48.393,41.5989],[48.3814,41.5925]],[[48.4082,30.1885],[48.4085,30.1961],[48.4106,30.1915],[48.4082,30.1885]],[[48.4239,30.0836],[48.4618,29.9949],[48.4531,30.0014],[48.4239,30.0836]],[[54.7873,37.6519],[54.8136,37.7186],[54.8234,37.7283],[54.7873,37.6519]],[[55.4474,38.0837],[55.6299,38.1056],[55.511,38.0858],[55.4474,38.0837]],[[55.724,38.1169],[55.7384,38.1186],[55.7688,38.1115],[55.724,38.1169]],[[55.7927,24.7223],[55.7936,24.7339],[55.7943,24.7175],[55.7927,24.7223]],[[55.8208,38.0995],[55.8798,38.0858],[55.8541,38.086],[55.8208,38.0995]],[[55.9576,24.8687],[55.9609,24.8812],[55.9636,24.8626],[55.9576,24.8687]],[[56.2141,38.0688],[56.3155,38.0895],[56.2997,38.0802],[56.2141,38.0688]],[[57.1814,38.2757],[57.1859,38.2765],[57.2183,38.2651],[57.1814,38.2757]],[[61.1016,35.2353],[61.1038,35.2494],[61.1124,35.202],[61.1016,35.2353]],[[63.1743,26.685],[63.1823,26.8302],[63.1896,26.846],[63.1743,26.685]],[[63.1896,26.846],[63.206,26.8537],[63.2467,26.8595],[63.1896,26.846]],[[64.589,36.5802],[64.5901,36.5947],[64.6105,36.5009],[64.589,36.5802]],[[64.5911,36.6093],[64.592,36.6211],[64.5985,36.6369],[64.5911,36.6093]],[[64.614,36.6746],[64.6214,36.6926],[64.7652,36.9046],[64.614,36.6746]]],[[[48.0108,29.9805],[48.0311,29.971],[48.0789,30.0041],[48.1061,30.0176],[48.1092,30.028],[48.0547,30.0245],[48.0108,29.9805]]],[[[48.0461,29.8005],[48.1858,29.6039],[48.3527,29.7098],[48.3445,29.7906],[48.1621,29.9957],[48.1227,29.9697],[48.1974,29.9254],[48.0951,29.8947],[48.1133,29.8391],[48.0461,29.8005]]],[[[49.292,27.4714],[49.2927,27.4529],[49.2992,27.4515],[49.292,27.4714]]],[[[51.8558,23.7685],[51.881,23.6863],[51.9244,23.6875],[51.8558,23.7685]]],[[[52.59,24.2566],[52.5922,24.2534],[52.6031,24.2642],[52.6003,24.2649],[52.59,24.2566]]],[[[53.7489,24.1363],[53.7747,24.1301],[53.7915,24.1363],[53.7489,24.1363]]],[[[54.1016,24.2978],[54.1908,24.2272],[54.1501,24.3143],[54.1016,24.2978]]],[[[54.2046,24.2983],[54.2222,24.2845],[54.2393,24.2812],[54.248,24.2855],[54.2046,24.2983]]],[[[55.2926,26.5485],[55.8766,26.7429],[55.947,26.6963],[56.2874,26.9551],[56.2124,27.003],[55.8977,26.9068],[55.758,26.954],[55.7742,26.7969],[55.3045,26.6564],[55.2926,26.5485]]],[[[55.8659,26.6592],[55.8978,26.6672],[55.8943,26.6794],[55.8683,26.6664],[55.8659,26.6592]]]]}},{"type":"Feature","properties":{"territoryId":"cliopatria-q101985-e1335cc17b","name":"Saxons","name_ko":"색슨족","color":"#3aa4d9","colorFamily":0,"startYear":500,"endYear":533,"source_name":"Cliopatria v0.2.0","source_url":"https://github.com/Seshat-Global-History-Databank/cliopatria","license":"CC BY 4.0","attribution":"Seshat Global History Databank, Cliopatria contributors"},"geometry":{"type":"MultiPolygon","coordinates":[[[[6.6978,52.0492],[6.6996,51.9822],[7.3013,51.7142],[7.3921,51.4465],[7.649,51.3128],[7.6517,51.1792],[8.3354,50.7121],[8.8371,51.0457],[10.1035,51.4465],[10.2729,51.6472],[10.5275,51.6472],[10.868,51.9151],[11.547,51.7811],[11.5476,51.8481],[11.8041,51.9822],[11.5508,52.1833],[11.5522,52.3176],[11.6374,52.3176],[11.818,53.1248],[11.4747,53.1248],[11.4761,53.2596],[10.961,53.3271],[10.8773,53.7323],[11.1377,53.9352],[11.2241,53.9352],[11.1721,54.0178],[10.9021,53.9614],[10.8755,53.9954],[10.7804,54.01],[10.7526,54.0501],[10.7768,54.0706],[9.582,54.0706],[9.3221,54.1384],[9.1474,54.3417],[8.974,54.3417],[8.973,54.453],[8.8861,54.4178],[8.6484,54.4064],[8.6348,54.3654],[8.6956,54.3586],[8.5999,54.3381],[8.6027,54.3121],[8.6785,54.2692],[8.9631,54.3176],[8.922,54.2742],[8.8396,54.2556],[8.8128,54.1805],[8.8607,54.1252],[8.9529,54.1501],[9.0183,54.0979],[8.9972,54.0302],[8.8466,54.039],[8.916,53.9374],[8.9846,53.897],[9.2578,53.8856],[9.3952,53.831],[9.4358,53.7487],[9.5322,53.7112],[9.5508,53.6346],[9.5837,53.6125],[9.832,53.5436],[9.5824,53.5913],[9.2834,53.8616],[8.8607,53.831],[8.5854,53.8676],[8.4861,53.7004],[8.5658,53.5467],[8.4976,53.4748],[8.5044,53.3581],[8.49,53.4864],[8.5521,53.5436],[8.3781,53.5859],[8.3818,53.3271],[7.4421,53.0574],[7.0973,53.1248],[7.1006,52.99],[7.0148,52.99],[6.948,52.2505],[6.6978,52.0492]]],[[[8.8128,54.4821],[8.888,54.4685],[8.9631,54.5237],[8.8445,54.5197],[8.8128,54.4821]]],[[[8.9599,54.5453],[8.9722,54.536],[8.9721,54.5453],[8.9599,54.5453]]]]}},{"type":"Feature","properties":{"territoryId":"cliopatria-q101985-e1335cc17b","name":"Saxons","name_ko":"색슨족","color":"#3aa4d9","colorFamily":0,"startYear":534,"endYear":566,"source_name":"Cliopatria v0.2.0","source_url":"https://github.com/Seshat-Global-History-Databank/cliopatria","license":"CC BY 4.0","attribution":"Seshat Global History Databank, Cliopatria contributors"},"geometry":{"type":"MultiPolygon","coordinates":[[[[6.6978,52.0492],[6.6996,51.9822],[7.3013,51.7142],[7.3921,51.4465],[7.649,51.3128],[7.6517,51.1792],[8.3354,50.7121],[8.8371,51.0457],[10.1035,51.4465],[10.2729,51.6472],[10.5275,51.6472],[10.868,51.9151],[11.547,51.7811],[11.5476,51.8481],[11.8041,51.9822],[11.5508,52.1833],[11.5522,52.3176],[11.6374,52.3176],[11.818,53.1248],[11.4747,53.1248],[11.4761,53.2596],[10.961,53.3271],[10.8773,53.7323],[11.1377,53.9352],[11.2241,53.9352],[11.1721,54.0178],[10.9021,53.9614],[10.8755,53.9954],[10.7804,54.01],[10.7526,54.0501],[10.7768,54.0706],[9.582,54.0706],[9.3221,54.1384],[9.1474,54.3417],[8.974,54.3417],[8.973,54.453],[8.8861,54.4178],[8.6484,54.4064],[8.6348,54.3654],[8.6956,54.3586],[8.5999,54.3381],[8.6027,54.3121],[8.6785,54.2692],[8.9631,54.3176],[8.922,54.2742],[8.8396,54.2556],[8.8128,54.1805],[8.8607,54.1252],[8.9529,54.1501],[9.0183,54.0979],[8.9972,54.0302],[8.8466,54.039],[8.916,53.9374],[8.9846,53.897],[9.2578,53.8856],[9.3952,53.831],[9.4358,53.7487],[9.5322,53.7112],[9.5508,53.6346],[9.5837,53.6125],[9.832,53.5436],[9.5824,53.5913],[9.2834,53.8616],[8.8607,53.831],[8.5854,53.8676],[8.4861,53.7004],[8.5658,53.5467],[8.4976,53.4748],[8.5044,53.3581],[8.49,53.4864],[8.5521,53.5436],[8.3781,53.5859],[8.3818,53.3271],[7.4421,53.0574],[7.0973,53.1248],[7.1006,52.99],[7.0148,52.99],[6.948,52.2505],[6.6978,52.0492]]],[[[8.8128,54.4821],[8.888,54.4685],[8.9631,54.5237],[8.8445,54.5197],[8.8128,54.4821]]],[[[8.9599,54.5453],[8.9722,54.536],[8.9721,54.5453],[8.9599,54.5453]]]]}},{"type":"Feature","properties":{"territoryId":"cliopatria-q1275225-5b0b8a23f2","name":"Scandinavian minor kingdoms","name_ko":"스칸디나비아 소왕국들","color":"#ea3e9e","colorFamily":3,"startYear":500,"endYear":522,"source_name":"Cliopatria v0.2.0","source_url":"https://github.com/Seshat-Global-History-Databank/cliopatria","license":"CC BY 4.0","attribution":"Seshat Global History Databank, Cliopatria contributors"},"geometry":{"type":"MultiPolygon","coordinates":[[[[10.9994,54.7873],[11.4744,54.6261],[11.817,54.6593],[11.8555,54.7436],[11.6472,54.9022],[11.5947,54.8111],[11.1378,54.9535],[11.0526,54.8606],[11.1082,54.8315],[10.9994,54.7873]]],[[[11.716,54.9385],[11.9102,54.7217],[11.8799,54.6901],[11.9617,54.5694],[11.9607,54.6941],[12.1682,54.8377],[12.0996,54.8914],[11.716,54.9385]]],[[[11.7831,54.8328],[11.7848,54.8303],[11.7873,54.8315],[11.7831,54.8328]]],[[[8.0944,55.5592],[8.2483,55.519],[8.3132,55.5827],[8.4119,55.4799],[8.6177,55.4379],[8.6895,55.1416],[8.4751,55.1796],[8.4911,55.0693],[8.5637,55.1434],[8.6819,55.1332],[8.6484,54.8179],[8.9377,54.5621],[10.0336,54.6188],[9.9963,54.6788],[9.9295,54.6739],[9.9864,54.7012],[9.9351,54.7819],[9.4052,54.8084],[9.5868,54.9277],[9.7283,54.8359],[9.7035,54.8862],[9.7618,54.8996],[9.5659,55.0448],[9.4343,55.0375],[9.5342,55.0683],[9.4566,55.1257],[9.4863,55.1562],[9.6755,55.1957],[9.5868,55.4274],[9.6602,55.478],[9.4981,55.4894],[9.8169,55.6056],[9.5564,55.7116],[9.993,55.7054],[10.0437,55.8143],[9.8674,55.852],[10.1018,55.8824],[10.1821,55.8337],[10.2585,56.1903],[10.4426,56.2987],[10.5047,56.2778],[10.4912,56.2163],[10.3602,56.1983],[10.5095,56.1701],[10.5186,56.1027],[10.6286,56.2375],[10.7433,56.1647],[10.9593,56.4427],[10.3087,56.5782],[10.1834,56.4695],[10.343,56.6926],[9.8059,56.6402],[10.3053,56.7481],[10.2659,56.9077],[10.3118,56.9813],[9.9754,57.0714],[9.689,57.0391],[9.6079,56.9699],[9.3022,56.9996],[9.1657,56.893],[9.2425,56.7471],[9.1715,56.6852],[9.32,56.6814],[9.3187,56.56],[9.3731,56.5527],[9.3183,56.5254],[9.2489,56.6333],[9.0606,56.5657],[9.0593,56.634],[9.1412,56.6986],[9.0728,56.8076],[8.6816,56.6182],[8.7625,56.5634],[8.7266,56.4832],[8.3074,56.5543],[8.2095,56.6387],[8.109,56.0219],[8.1415,56.109],[8.2824,56.0759],[8.3957,55.8947],[8.1914,55.8107],[8.1303,55.978],[8.1855,55.7426],[8.0944,55.5592]],[[9.2264,54.8059],[9.2955,54.8026],[9.2441,54.8018],[9.2264,54.8059]],[[9.3225,54.803],[9.385,54.8194],[9.332,54.8032],[9.3225,54.803]]],[[[8.2124,56.6565],[8.228,56.6815],[8.2207,56.7074],[8.2124,56.6565]]],[[[8.2909,54.7521],[8.3071,54.8654],[8.6545,54.8936],[8.3545,54.9127],[8.389,55.046],[8.297,54.9064],[8.2909,54.7521]]],[[[9.1706,56.7141],[9.1708,56.7079],[9.176,56.7086],[9.1706,56.7141]]],[[[9.2937,56.561],[9.2956,56.5607],[9.294,56.5632],[9.2937,56.561]]],[[[9.6763,55.4957],[9.8122,55.4411],[9.7195,55.4624],[10.042,55.1811],[10.113,55.1838],[10.1574,55.0843],[10.6827,55.0636],[10.8025,55.2536],[10.7803,55.3049],[10.8303,55.2976],[10.6979,55.4403],[10.554,55.4426],[10.7088,55.4765],[10.6161,55.6105],[10.6138,55.5279],[10.5669,55.5236],[10.6091,55.4926],[10.4738,55.4376],[10.4196,55.4588],[10.4847,55.5325],[10.3184,55.6144],[9.6763,55.4957]]],[[[10.1334,56.7098],[10.1525,56.7141],[10.1506,56.7144],[10.1348,56.7124],[10.1334,56.7098]]],[[[10.1634,57.0211],[10.2398,56.9928],[10.2637,56.9942],[10.1634,57.0211]]],[[[10.2271,56.5253],[10.2528,56.5624],[10.2376,56.5544],[10.2276,56.5411],[10.2271,56.5253]]],[[[10.8885,55.7334],[11.0864,55.6664],[11.2131,55.4158],[11.2139,55.294],[11.2863,55.2561],[11.2385,55.2424],[11.2593,55.2021],[11.7176,55.2083],[11.7308,55.1549],[11.807,55.1469],[11.7307,55.1129],[11.8275,55.0507],[11.7306,55.0638],[12.0553,54.9731],[12.1744,55.1125],[12.0147,55.1675],[12.4622,55.2895],[12.1924,55.4824],[12.5975,55.7041],[12.5127,55.9283],[12.6173,56.0401],[12.275,56.1272],[11.8563,55.9593],[12.041,55.9217],[12.0951,55.7291],[12.0603,55.654],[11.9102,55.6601],[12.0514,55.7431],[11.9147,55.929],[11.9536,55.8535],[11.7944,55.6617],[11.739,55.7299],[11.6572,55.7309],[11.7281,55.7434],[11.6926,55.7872],[11.6078,55.783],[11.7026,55.8631],[11.6631,55.9072],[11.7684,55.9635],[11.2752,55.9916],[11.4774,55.9414],[11.5064,55.8672],[11.2111,55.6989],[10.8885,55.7334]]],[[[11.9845,55.6912],[11.9911,55.6963],[11.9852,55.6949],[11.9845,55.6912]]],[[[12.0807,55.1469],[12.099,55.1414],[12.1023,55.1439],[12.082,55.1507],[12.0807,55.1469]]],[[[10.5116,55.8253],[10.5399,55.7715],[10.6244,55.7943],[10.6279,55.9209],[10.5602,55.9766],[10.5154,55.9512],[10.5811,55.8945],[10.5116,55.8253]]],[[[8.5147,56.7382],[8.747,56.6951],[8.8803,56.8052],[8.8396,56.8798],[8.8943,56.8709],[8.9102,56.9455],[8.6534,56.8899],[8.6211,56.832],[8.6688,56.8258],[8.5147,56.7382]]],[[[8.245,56.7104],[8.2459,56.704],[8.2608,56.7054],[8.2632,56.7189],[8.2508,56.756],[8.245,56.7104]]],[[[8.2533,56.7751],[8.5494,56.596],[8.579,56.6875],[8.4082,56.6887],[8.6795,56.9525],[8.8504,57.0035],[9.7957,57.1064],[10.3197,56.9975],[10.5281,57.2306],[10.4318,57.5857],[10.5937,57.7256],[10.1976,57.6012],[9.9609,57.5869],[9.5733,57.2429],[9.3913,57.1521],[8.6185,57.1215],[8.2533,56.7751]]],[[[10.6071,57.7285],[10.6443,57.7361],[10.6455,57.7369],[10.6071,57.7285]]],[[[4.9311,60.8006],[5.1258,60.7244],[5.085,60.7114],[5.2283,60.6213],[5.0972,60.662],[5.2134,60.5803],[5.5266,60.6287],[5.5335,60.6977],[5.6756,60.7578],[5.6638,60.7039],[5.7498,60.7182],[5.714,60.4843],[5.6372,60.4169],[5.2852,60.5214],[5.2407,60.4706],[5.2979,60.396],[5.1449,60.3611],[5.3103,60.2657],[5.2823,60.2416],[5.4098,60.1313],[5.6331,60.3681],[5.7366,60.392],[5.6129,60.233],[5.7083,60.2322],[5.5536,60.1555],[5.7907,60.2111],[5.7083,60.1763],[5.7002,60.1039],[5.7975,60.0944],[5.6816,60.0404],[5.7526,59.9915],[5.87,60.0956],[5.8605,60.1631],[6.2165,60.4031],[6.1775,60.471],[6.2339,60.408],[6.35,60.4144],[6.6951,60.5189],[6.5921,60.4438],[6.6561,60.433],[6.988,60.5895],[6.9795,60.5058],[7.106,60.5058],[6.7417,60.437],[6.5238,60.0808],[6.5305,60.2623],[6.6313,60.4052],[6.2052,60.2957],[6.1053,60.1074],[6.2568,60.1627],[6.291,60.1216],[6.0509,60.0734],[5.9715,59.9595],[5.7081,59.8376],[5.8759,59.7825],[5.9689,59.861],[5.9341,59.779],[6.0005,59.7587],[6.3036,59.8445],[6.0618,59.743],[5.7836,59.705],[5.7461,59.6755],[5.8794,59.6555],[5.7544,59.6098],[5.7219,59.6635],[5.5685,59.6756],[5.5164,59.5395],[5.4168,59.5047],[5.4812,59.7279],[5.4005,59.6689],[5.4133,59.5947],[5.3731,59.6488],[5.1827,59.5096],[5.2957,59.3465],[5.3484,59.416],[5.4004,59.3129],[5.4331,59.4051],[5.4358,59.3077],[5.5069,59.2786],[5.5866,59.4165],[5.6128,59.3724],[5.8359,59.35],[5.6462,59.4085],[5.7083,59.4706],[5.7988,59.4653],[5.8074,59.5394],[5.9019,59.4791],[6.1532,59.4774],[5.8862,59.4368],[5.9356,59.3599],[5.9955,59.3812],[5.9826,59.4296],[6.153,59.4594],[6.2865,59.6492],[6.2785,59.5719],[6.5442,59.56],[5.9982,59.3337],[6.2363,59.3198],[6.085,59.3067],[6.1541,59.2678],[6.4617,59.3198],[5.8755,59.0662],[6.0508,58.9982],[5.9752,58.9637],[6.0348,58.906],[6.1604,58.9982],[6.6262,59.0528],[6.1168,58.9547],[6.0614,58.8972],[6.2289,58.84],[6.1685,58.8323],[5.8194,58.9456],[5.7355,58.9287],[5.7156,58.8673],[5.7156,58.9771],[5.5586,59.0302],[5.5916,58.9771],[5.5505,58.9709],[5.6262,58.9256],[5.5475,58.9498],[5.5152,58.7168],[5.5683,58.6334],[5.824,58.4872],[5.9546,58.4775],[6.0101,58.3849],[6.6242,58.2686],[6.62,58.3192],[6.6873,58.3273],[6.6336,58.2748],[6.743,58.2471],[6.846,58.2714],[6.6077,58.0747],[6.7329,58.0999],[6.6882,58.1206],[6.7224,58.1894],[6.7315,58.1199],[6.808,58.1206],[6.7776,58.182],[6.9893,58.1411],[6.8042,58.1001],[6.908,58.1001],[6.9006,58.0523],[6.9803,58.1054],[6.9353,58.0455],[7.1475,58.1001],[7.0066,57.9931],[7.1555,58.0503],[7.3572,58.0225],[7.9563,58.0932],[8.0276,58.1832],[8.0041,58.223],[8.0798,58.1621],[8.0246,58.1411],[8.1229,58.102],[8.9495,58.5631],[8.9133,58.6069],[9.0109,58.5977],[9.1696,58.6874],[9.0593,58.6829],[9.2154,58.7132],[9.071,58.7412],[9.2613,58.7392],[9.4327,58.836],[9.2708,58.8332],[9.2988,58.8815],[9.5115,58.8952],[9.4701,58.9287],[9.689,58.9868],[9.5391,59.1206],[9.6306,59.1314],[9.6597,59.0613],[9.7817,59.0512],[9.8757,58.9559],[10.0315,58.9914],[10.0168,59.0337],[10.23,59.0384],[10.2244,59.1143],[10.2498,59.0692],[10.3608,59.2713],[10.511,59.305],[10.2373,59.56],[10.3928,59.5996],[10.2244,59.7238],[10.3976,59.6881],[10.5141,59.5254],[10.6077,59.5958],[10.5022,59.7087],[10.4754,59.85],[10.7526,59.8889],[10.7178,59.7381],[10.6767,59.8316],[10.5605,59.7256],[10.6564,59.5947],[10.7224,59.3242],[10.7791,59.3129],[10.758,59.2369],[11.1405,59.148],[11.1764,59.1968],[11.1763,59.1411],[11.3893,59.0808],[11.4532,58.9605],[11.3209,59.0995],[11.1167,59.0052],[11.1838,58.9914],[11.1343,58.9746],[11.2317,58.8437],[11.2204,58.6702],[11.2863,58.5799],[11.2385,58.5079],[11.2937,58.47],[11.2044,58.4011],[11.3068,58.3601],[11.4241,58.4427],[11.3459,58.346],[11.4241,58.3881],[11.4486,58.3417],[11.3838,58.3182],[11.4329,58.2801],[11.5225,58.3362],[11.547,58.4632],[11.5886,58.4011],[11.6526,58.4374],[11.5037,58.2802],[11.5396,58.2373],[11.7267,58.3271],[11.8828,58.3328],[11.8092,58.3025],[11.8897,58.2168],[11.7593,57.9021],[11.6683,57.8447],[11.8104,57.7814],[11.7055,57.6998],[11.9237,57.7028],[11.9139,57.4137],[11.9812,57.3496],[12.0593,57.4588],[12.3565,56.9238],[12.8718,56.6495],[12.9344,56.5471],[12.8836,56.4464],[12.6243,56.4183],[12.8294,56.2786],[12.7992,56.2259],[12.4688,56.2949],[13.0549,55.694],[12.924,55.5646],[12.9877,55.4005],[13.8972,55.4349],[14.1762,55.3908],[14.366,55.5429],[14.1958,55.7257],[14.2347,55.8627],[14.4974,56.0405],[14.7373,56.0141],[14.6823,56.1171],[14.7249,56.1676],[15.5864,56.2089],[15.8265,56.1594],[15.7972,56.1184],[15.8592,56.0946],[16.2463,56.6424],[16.3768,56.6987],[16.3566,56.7585],[16.4664,56.9509],[16.4398,57.0517],[16.582,57.0465],[16.465,57.1773],[16.4691,57.2754],[16.6867,57.4749],[16.6292,57.5569],[16.515,57.5663],[16.5205,57.6271],[16.6305,57.6291],[16.577,57.7097],[16.7113,57.7028],[16.4194,57.8947],[16.6785,57.749],[16.4603,57.9021],[16.5725,57.8939],[16.5153,57.9988],[16.6003,57.9479],[16.6761,57.9902],[16.6447,58.0386],[16.7531,58.0241],[16.6174,58.2031],[16.7772,58.1305],[16.8219,58.1902],[16.7068,58.2714],[16.7831,58.3227],[16.6985,58.3017],[16.6317,58.3539],[16.7667,58.3684],[16.4126,58.4775],[16.9305,58.4897],[16.6496,58.6205],[16.3877,58.5916],[16.1792,58.6345],[16.2549,58.6345],[16.2337,58.6693],[16.9242,58.6254],[17.0184,58.6548],[16.9749,58.6854],[17.1403,58.6967],[17.0282,58.7512],[17.35,58.7523],[17.3374,58.8065],[17.4571,58.8129],[17.4473,58.8952],[17.5404,58.86],[17.536,58.902],[17.6194,58.9047],[17.5769,58.9567],[17.6589,59.1689],[17.7268,59.0856],[17.7688,59.1206],[17.7559,59.0463],[17.8929,58.8614],[18.0027,59.0386],[18.3114,59.1325],[18.273,59.2742],[18.3253,59.33],[17.7302,59.3247],[17.7756,59.3704],[17.608,59.4192],[17.6973,59.3245],[17.3529,59.3215],[17.3706,59.2481],[16.8368,59.4896],[16.6954,59.4705],[16.8778,59.382],[16.0325,59.4902],[16.4808,59.4997],[16.5586,59.6099],[17.4044,59.4691],[17.3828,59.6523],[17.7314,59.4448],[17.7858,59.5326],[17.5612,59.6685],[17.6126,59.7324],[17.5102,59.6967],[17.5432,59.573],[17.4447,59.6761],[17.591,59.803],[17.6541,59.718],[17.604,59.6506],[17.7212,59.696],[17.8177,59.5865],[17.7828,59.3892],[18.0914,59.3345],[18.009,59.4085],[18.1814,59.4582],[18.3178,59.4008],[18.2691,59.4774],[18.6828,59.61],[18.742,59.6494],[18.7141,59.6732],[18.9133,59.7518],[19.0602,59.7418],[18.7339,59.7688],[18.9241,59.8523],[18.886,59.9299],[19.0018,59.8591],[19.0706,59.8897],[18.9031,59.9472],[18.8164,60.0964],[18.7531,60.0822],[18.7966,60.005],[18.7336,60.1155],[18.5781,60.1422],[18.5781,60.0739],[18.5491,60.1579],[18.4217,60.1872],[18.3169,60.321],[18.5981,60.2366],[18.4268,60.2862],[18.4745,60.293],[18.4378,60.34],[18.2349,60.3271],[17.9675,60.5121],[17.9936,60.5479],[17.9402,60.5954],[17.6879,60.4973],[17.6059,60.633],[16.8369,60.2055],[15.685,59.8398],[14.7538,59.8592],[12.9529,60.2684],[12.1126,60.6009],[11.4788,61.0824],[10.9588,61.924],[10.5872,62.949],[11.0776,63.6996],[10.7455,63.5751],[10.9226,63.6025],[10.8627,63.5687],[10.9226,63.5548],[10.7649,63.5078],[10.9164,63.4665],[10.7979,63.4174],[10.0645,63.4198],[10.2659,63.3319],[10.2632,63.2648],[10.0134,63.3619],[9.8333,63.3288],[9.9285,63.3772],[9.9479,63.4487],[9.6475,63.6239],[9.5118,63.586],[9.5733,63.541],[9.4954,63.5769],[9.1529,63.4858],[9.4807,63.487],[9.1691,63.4212],[9.4769,63.4039],[9.4181,63.3747],[9.0934,63.294],[9.1486,63.3759],[9.001,63.4646],[8.9972,63.4182],[8.4808,63.2922],[8.9396,63.208],[8.5658,63.1612],[8.641,63.1097],[8.3733,63.1425],[8.2795,63.1317],[8.3262,63.0886],[8.2847,63.0755],[8.1655,63.1153],[8.3075,63.0204],[8.4702,63.0202],[8.3353,63.0019],[8.3776,62.9738],[8.5537,63.0226],[8.5217,62.9892],[8.6688,62.9793],[8.4237,62.9523],[8.703,62.8223],[8.3293,62.8807],[8.3378,62.9619],[8.0971,63.1033],[7.8909,63.0072],[7.9831,63.0271],[8.1475,62.9514],[8.544,62.7206],[8.5453,62.6572],[8.4634,62.7167],[8.5481,62.6546],[8.1543,62.8148],[8.011,62.9669],[7.4673,62.9113],[7.2651,63.0114],[6.9494,62.9314],[7.0166,62.8415],[7.2158,62.8148],[7.0098,62.8148],[6.9544,62.7311],[7.6813,62.7944],[7.3752,62.728],[8.073,62.7801],[8.1475,62.692],[8.0188,62.7336],[7.6991,62.7121],[8.138,62.6936],[7.5232,62.6287],[7.7782,62.5747],[7.5392,62.4992],[7.155,62.6261],[7.1271,62.5337],[7.0378,62.623],[7.0889,62.6478],[6.9091,62.6327],[6.9178,62.5747],[6.8247,62.6256],[6.6133,62.6079],[6.6126,62.561],[6.5693,62.6043],[6.253,62.5778],[6.6746,62.4996],[6.2557,62.4561],[6.7907,62.4784],[6.9756,62.3767],[6.9677,62.3217],[7.2935,62.2979],[7.415,62.2394],[7.0281,62.266],[7.0371,62.1838],[6.9765,62.1209],[7.1878,62.1023],[6.9445,62.1102],[6.9919,62.2679],[6.8738,62.3555],[6.878,62.4126],[6.7034,62.4448],[6.545,62.4101],[6.5647,62.3555],[6.5003,62.3993],[6.3958,62.3774],[6.5809,62.1603],[6.5305,62.1091],[6.3171,62.3663],[5.9794,62.2305],[6.0645,62.2047],[5.9215,62.2072],[6.3667,62.0613],[6.0508,62.0682],[5.9546,62.14],[5.8454,62.0197],[5.912,62.182],[5.6672,62.1706],[5.7498,62.0886],[5.6221,62.1649],[5.426,62.1783],[5.5916,62.0682],[5.4617,62.0067],[5.0902,62.1722],[5.4002,62.02],[5.1458,61.9694],[5.1558,61.8961],[5.5166,61.9381],[6.8186,61.8764],[6.4692,61.8008],[6.0576,61.8354],[6.1812,61.7665],[5.992,61.8354],[5.8993,61.7386],[5.9409,61.845],[5.6194,61.8149],[5.7429,61.8485],[5.4131,61.9095],[5.0645,61.7597],[5.1902,61.7689],[5.126,61.7522],[5.1677,61.7255],[4.9829,61.74],[4.9723,61.636],[5.3407,61.6431],[5.27,61.6157],[5.427,61.5889],[5.1623,61.5952],[5.3582,61.561],[5.1968,61.5048],[5.8045,61.458],[5.6672,61.4853],[5.6267,61.4622],[5.7962,61.448],[5.0283,61.4016],[4.9967,61.3668],[5.0584,61.3235],[5.6331,61.3618],[5.2564,61.3481],[5.6262,61.3615],[5.322,61.3139],[5.3206,61.2523],[5.287,61.3084],[4.9572,61.2549],[5.2502,61.1837],[5.049,61.165],[5.5491,61.1323],[6.0371,61.2042],[5.9614,61.1632],[6.1743,61.1837],[6.4302,61.115],[6.4998,61.1839],[6.4651,61.2076],[6.5312,61.2151],[6.5011,61.2681],[6.5915,61.2747],[6.7019,61.4028],[6.5834,61.2176],[7.0036,61.1837],[6.9172,61.1363],[6.9538,61.1118],[7.3539,61.19],[7.2398,61.2973],[7.3052,61.3481],[7.2637,61.3959],[7.572,61.4853],[7.312,61.2873],[7.4079,61.1995],[7.695,61.2321],[7.3462,61.1427],[7.4356,61.1011],[7.2333,61.1391],[7.0017,61.0887],[7.1613,60.9509],[7.1142,60.8604],[6.9992,60.9697],[6.8738,60.9372],[6.981,60.9869],[6.8181,61.1417],[6.4231,61.0711],[6.356,61.0109],[6.3648,61.0619],[5.459,61.0474],[5.4484,60.9954],[5.0136,61.0402],[5.029,60.9793],[5.1403,60.9919],[5.1008,60.8778],[5.0344,60.9598],[5.0688,60.8345],[5.4959,60.91],[5.5369,60.8758],[5.2375,60.7706],[5.4133,60.7039],[5.4338,60.6629],[5.3709,60.6744],[5.428,60.6272],[4.9311,60.8006]]],[[[4.9513,61.4115],[4.9524,61.4104],[5.0392,61.4153],[4.9513,61.4115]]],[[[5.1695,61.3267],[5.2404,61.3321],[5.2015,61.3427],[5.1777,61.3394],[5.1695,61.3267]]],[[[5.3642,60.5265],[5.5021,60.437],[5.676,60.4729],[5.6877,60.6766],[5.6084,60.6884],[5.3642,60.5265]]],[[[5.376,60.8572],[5.4692,60.8656],[5.4308,60.8693],[5.376,60.8572]]],[[[5.6262,60.302],[5.7071,60.3669],[5.6672,60.355],[5.6262,60.302]]],[[[5.6377,60.0763],[5.6595,60.0585],[5.6604,60.0665],[5.6567,60.0788],[5.6377,60.0763]]],[[[5.7001,62.1911],[5.7014,62.1911],[5.7017,62.1912],[5.7001,62.1911]]],[[[5.7614,61.8751],[5.8045,61.8559],[5.8379,61.8671],[5.7614,61.8751]]],[[[6.0311,62.1498],[6.0886,62.1091],[6.2937,62.0789],[6.0311,62.1498]]],[[[6.0846,61.1207],[6.1103,61.1201],[6.0985,61.1222],[6.0846,61.1207]]],[[[6.0945,59.2776],[6.0991,59.275],[6.0999,59.2766],[6.0945,59.2776]]],[[[6.2025,59.8159],[6.2844,59.8391],[6.2152,59.8275],[6.2025,59.8159]]],[[[6.2668,59.285],[6.4546,59.3196],[6.3239,59.315],[6.2668,59.285]]],[[[6.4637,62.2448],[6.5327,62.1116],[6.5608,62.1521],[6.4637,62.2448]]],[[[6.4901,60.4221],[6.5923,60.4278],[6.5742,60.432],[6.5027,60.4308],[6.4901,60.4221]]],[[[6.5244,60.0907],[6.5705,60.2223],[6.5291,60.1639],[6.5244,60.0907]]],[[[6.5715,60.2725],[6.5792,60.247],[6.5957,60.2943],[6.5715,60.2725]]],[[[6.6642,61.8731],[6.6683,61.8729],[6.6673,61.8732],[6.6642,61.8731]]],[[[6.9951,62.1851],[7.0052,62.1943],[7.0039,62.2072],[6.9951,62.1851]]],[[[7.3803,61.3775],[7.3884,61.3816],[7.3807,61.3783],[7.3803,61.3775]]],[[[7.4134,62.6168],[7.499,62.6068],[7.5003,62.6199],[7.4936,62.6256],[7.4135,62.6172],[7.4134,62.6168]]],[[[7.4277,61.4019],[7.5319,61.4555],[7.4675,61.4385],[7.4277,61.4019]]],[[[8.1716,62.8735],[8.172,62.8584],[8.1841,62.8477],[8.2463,62.8161],[8.2813,62.8097],[8.1716,62.8735]]],[[[8.4287,62.8968],[8.4544,62.8835],[8.4771,62.8795],[8.4497,62.8958],[8.4287,62.8968]]],[[[10.0459,63.3916],[10.0491,63.3819],[10.0687,63.3655],[10.0963,63.3621],[10.0459,63.3916]]],[[[10.1851,63.3257],[10.2589,63.2681],[10.2544,63.3144],[10.2422,63.3263],[10.1851,63.3257]]],[[[10.2777,59.6954],[10.3949,59.6111],[10.3949,59.6112],[10.3792,59.6584],[10.36,59.6728],[10.2777,59.6954]]],[[[10.5905,59.6488],[10.6103,59.6002],[10.6146,59.6077],[10.5905,59.6488]]],[[[10.6525,59.4963],[10.6597,59.4785],[10.6629,59.4887],[10.6564,59.4979],[10.6525,59.4963]]],[[[11.6699,58.2851],[11.6738,58.2779],[11.7072,58.2888],[11.6864,58.2912],[11.6699,58.2851]]],[[[16.2365,58.6268],[16.2457,58.6266],[16.2402,58.6281],[16.2365,58.6268]]],[[[16.306,58.6257],[16.3629,58.6249],[16.334,58.6391],[16.306,58.6257]]],[[[16.4254,58.6239],[16.6569,58.6205],[16.6359,58.6268],[16.5178,58.6246],[16.4398,58.6481],[16.4254,58.6239]]],[[[16.5713,57.9404],[16.5833,57.9309],[16.5901,57.9356],[16.5713,57.9404]]],[[[16.6038,57.9288],[16.6138,57.9121],[16.6129,57.9074],[16.6303,57.8936],[16.6344,57.8934],[16.6133,57.9271],[16.6038,57.9288]]],[[[17.6243,58.9639],[17.6353,58.953],[17.6429,59.0059],[17.6243,58.9639]]],[[[17.6439,59.0613],[17.6467,59.0319],[17.6524,59.0715],[17.6522,59.0715],[17.6439,59.0613]]],[[[18.3379,59.3129],[18.6425,59.3223],[18.477,59.4345],[18.4701,59.3371],[18.3379,59.3129]]],[[[18.8874,59.7915],[18.8913,59.7856],[18.9019,59.7873],[18.8874,59.7915]]],[[[18.9125,59.8193],[18.9853,59.8517],[18.9592,59.8637],[18.9125,59.8193]]],[[[9.5491,63.6666],[10.1014,63.7676],[9.7941,63.6641],[10.0391,63.5017],[10.91,63.731],[11.0725,63.838],[10.5737,63.8091],[11.3272,64.1138],[11.2217,64.3161],[11.2836,64.3758],[10.966,64.6007],[10.9222,64.5782],[10.9567,64.487],[10.8247,64.5114],[10.8412,64.4659],[10.6678,64.4458],[10.7966,64.4323],[10.8494,64.3705],[10.4953,64.4238],[10.6521,64.3555],[10.2757,64.2271],[10.3745,64.1854],[10.1758,64.193],[10.197,64.158],[10.1077,64.1171],[10.2175,64.1239],[10.0816,64.0978],[9.9829,63.9905],[10.1927,63.9329],[9.6303,63.8065],[9.6038,63.7609],[9.7781,63.7676],[9.5882,63.7338],[9.5491,63.6666]]],[[[11.4001,64.6705],[11.7487,64.5962],[12.1757,64.9382],[11.7333,64.8756],[11.7127,64.8429],[11.7873,64.8358],[11.6957,64.8157],[11.8418,64.7949],[11.4001,64.6705]]],[[[11.7165,64.5829],[11.7281,64.5797],[11.738,64.5876],[11.7165,64.5829]]],[[[10.834,64.8507],[11.2586,64.8898],[11.111,64.95],[10.834,64.8507]]],[[[11.2487,64.7376],[12.1895,64.9955],[12.1492,65.037],[11.4923,64.9253],[11.5947,64.9252],[11.5542,64.8991],[11.3601,64.9028],[11.2608,64.8591],[11.6971,64.9122],[11.2749,64.8398],[11.4297,64.8159],[11.2487,64.7376]]],[[[11.6494,64.8432],[11.6765,64.8384],[12.1408,64.9501],[12.0637,64.9599],[11.992,64.9302],[11.9168,64.9252],[11.7455,64.8842],[11.7085,64.8583],[11.6494,64.8432]]],[[[12.1849,65.0431],[12.1869,65.0345],[12.1997,65.024],[12.208,65.047],[12.1849,65.0431]]],[[[10.7404,64.8507],[11.0959,64.9661],[10.7778,64.9188],[10.7404,64.8507]]],[[[12.0435,65.107],[12.1511,65.0563],[12.3066,65.1087],[12.2249,65.1238],[12.2553,65.1503],[12.1836,65.2083],[12.0435,65.107]]],[[[14.6842,55.1013],[14.9925,55.004],[15.1053,55.0232],[15.1477,55.1295],[14.7491,55.2925],[14.6842,55.1013]]],[[[12.0671,65.2175],[12.2419,65.284],[12.2111,65.3247],[12.499,65.3948],[12.2595,65.575],[12.2036,65.4738],[12.3285,65.467],[12.1626,65.3969],[12.2112,65.3776],[12.1448,65.3633],[12.0671,65.2175]]],[[[12.252,65.2333],[12.7121,65.2541],[12.4223,65.2305],[12.4992,65.2001],[12.4026,65.1447],[12.9377,65.3202],[13.0867,65.7338],[13.5474,66.1858],[13.4928,66.1933],[13.5684,66.213],[12.6737,66.0644],[13.0404,66.0834],[12.9557,66.0394],[13.176,65.8558],[12.8336,65.9663],[12.6607,65.8315],[12.7175,65.7891],[12.5592,65.7524],[12.7838,65.6347],[12.6084,65.6514],[12.6313,65.6831],[12.4943,65.7267],[12.3549,65.6407],[12.419,65.5322],[12.5339,65.5832],[12.465,65.5217],[12.5137,65.5122],[12.5742,65.59],[12.6157,65.5285],[12.5646,65.5137],[12.6569,65.4807],[12.6084,65.4596],[12.7803,65.4596],[12.6294,65.4323],[12.7121,65.3708],[12.486,65.4403],[12.547,65.364],[12.6916,65.3298],[12.5089,65.3632],[12.252,65.2333]]],[[[12.3851,65.2382],[12.4782,65.2426],[12.4082,65.2469],[12.3851,65.2382]]],[[[12.6747,65.6694],[12.6836,65.6614],[12.7054,65.6596],[12.6747,65.6694]]],[[[12.4441,65.8719],[12.8987,66.0111],[12.5508,66.0048],[12.4441,65.8719]]],[[[12.296,66.0154],[12.655,66.1024],[12.547,66.1312],[12.6118,66.1568],[12.5619,66.2167],[12.507,66.1751],[12.5742,66.1585],[12.296,66.0154]]],[[[12.9829,66.5181],[13.1638,66.467],[13.1097,66.4546],[13.1707,66.4123],[13.0333,66.324],[13.2884,66.3143],[13.3377,66.3278],[13.3109,66.3745],[13.5344,66.3093],[13.0356,66.1898],[13.9064,66.2942],[15.3218,67.17],[15.0593,67.209],[14.9618,67.137],[14.9939,67.0991],[14.5809,67.1953],[14.7503,67.1239],[14.6568,67.159],[14.7426,67.1179],[14.4229,67.1094],[14.3506,67.1511],[14.2741,67.0815],[14.5945,67.0329],[14.0395,66.9774],[13.9346,66.9222],[13.8901,66.9536],[13.9339,66.9668],[13.5666,66.93],[13.993,66.7897],[13.5432,66.7392],[13.8901,66.7351],[13.6931,66.6913],[13.2416,66.7115],[13.5358,66.6347],[13.1915,66.6611],[13.4035,66.6252],[13.25,66.6138],[13.239,66.5484],[13.7262,66.6048],[13.4588,66.5638],[13.6711,66.5154],[13.356,66.5427],[13.2595,66.5222],[13.2669,66.467],[13.3972,66.467],[13.2254,66.4539],[13.1311,66.535],[12.9829,66.5181]]],[[[14.3751,67.0624],[14.4678,67.0499],[14.4182,67.0634],[14.3751,67.0624]]],[[[14.5056,67.0449],[14.5461,67.0394],[14.5443,67.0454],[14.5296,67.0485],[14.5056,67.0449]]],[[[13.9969,67.08],[14.1922,67.0036],[14.2506,67.1317],[13.9969,67.08]]],[[[14.0467,67.0576],[14.0789,67.0431],[14.0599,67.0609],[14.0467,67.0576]]],[[[14.3312,67.2407],[14.6995,67.2757],[14.6712,67.2381],[14.7621,67.2378],[15.1651,67.3105],[15.0625,67.2477],[15.4088,67.2356],[15.5567,67.3474],[15.4353,67.4737],[15.1377,67.4204],[15.1633,67.4734],[14.8293,67.475],[15.0552,67.5159],[14.9211,67.5546],[14.7316,67.4906],[15.049,67.447],[14.8247,67.3783],[14.6231,67.4162],[14.3312,67.2407]]],[[[15.0584,67.5464],[15.1069,67.5296],[15.1131,67.5303],[15.1467,67.5411],[15.0584,67.5464]]],[[[14.7395,67.6538],[15.3279,67.7827],[15.384,67.8039],[15.3695,67.8652],[15.4046,67.8244],[15.4328,67.8607],[15.4114,67.7965],[15.6926,67.7965],[15.6305,67.7624],[15.8366,67.694],[15.4046,67.7356],[15.6585,67.6804],[15.3069,67.7167],[15.2774,67.6937],[15.3369,67.6872],[15.1824,67.6196],[15.4066,67.6313],[15.4661,67.5773],[15.2407,67.5842],[15.2707,67.5269],[15.898,67.5569],[15.5475,67.4821],[15.6008,67.3774],[15.961,67.552],[16.3471,67.8418],[16.2201,67.8927],[16.1929,67.9815],[16.042,68.0299],[16.0971,68.1429],[16.0138,68.2434],[15.8593,68.0961],[15.649,68.0451],[15.6174,68.0913],[15.7342,68.0917],[15.6658,68.1467],[15.2895,68.031],[15.8775,68.0709],[15.8503,68.0367],[16.0632,68.0162],[15.9688,68.0086],[15.8601,67.8996],[15.5803,67.9092],[15.5326,67.8524],[15.5337,67.9069],[15.3263,67.8968],[15.1991,67.8312],[15.2332,67.8722],[14.9212,67.8771],[15.1029,67.8511],[14.7568,67.8026],[15.1172,67.7419],[14.7395,67.6538]]],[[[15.5652,68.0234],[15.9075,68.0144],[15.8597,68.0275],[15.5741,68.0256],[15.5652,68.0234]]],[[[15.6574,68.0667],[15.6643,68.0533],[15.7,68.0723],[15.6694,68.0723],[15.6574,68.0667]]],[[[15.7834,67.55],[15.8573,67.5546],[15.7863,67.5506],[15.7834,67.55]]],[[[16.207,68.0026],[16.2169,67.9987],[16.2134,68.0029],[16.207,68.0026]]],[[[16.2174,67.9984],[16.2754,67.9753],[16.2686,67.8893],[16.4304,67.9041],[16.2174,67.9984]]],[[[16.3744,67.9741],[16.4514,67.9198],[16.4983,67.9548],[16.3744,67.9741]]],[[[14.9679,67.932],[14.9731,67.9247],[15.2654,67.9196],[15.268,67.9203],[14.9679,67.932]]],[[[12.794,67.8151],[13.043,67.9176],[12.9768,67.9695],[13.1267,67.952],[13.1108,68.0283],[13.0503,68.0246],[13.1516,68.0825],[13.0547,68.1019],[12.794,67.8151]]],[[[15.5322,67.9896],[15.6174,67.9853],[15.6613,67.9886],[15.6628,67.9894],[15.5322,67.9896]]],[[[15.8293,67.9891],[15.8485,67.9874],[15.9011,67.9885],[15.9029,67.989],[15.8293,67.9891]]],[[[13.4569,68.0709],[13.5582,68.0751],[13.5588,68.1196],[13.8257,68.1068],[13.7741,68.1596],[13.9593,68.1781],[14.0942,68.258],[13.5682,68.2626],[13.6159,68.2266],[13.5399,68.2138],[13.4938,68.1344],[13.5891,68.1596],[13.4569,68.0709]]],[[[14.2008,68.1531],[14.6333,68.2327],[14.7188,68.3376],[14.7746,68.3179],[14.7355,68.2549],[15.1663,68.4504],[14.8927,68.4286],[14.7541,68.3514],[14.8224,68.4097],[14.5493,68.4014],[14.5896,68.3651],[14.5149,68.381],[14.4634,68.3436],[14.4956,68.3061],[14.4427,68.3184],[14.2008,68.1531]]],[[[14.9985,68.2556],[15.5415,68.5036],[15.4397,68.4186],[15.5418,68.5097],[15.6113,68.4749],[15.3384,68.332],[15.6986,68.3534],[15.6585,68.3651],[15.7479,68.4254],[15.8162,68.393],[15.7744,68.4309],[15.8493,68.4348],[15.8708,68.4954],[15.8762,68.3691],[15.9409,68.3803],[16.106,68.5385],[16.4976,68.554],[16.565,68.7001],[16.4391,68.8441],[16.2042,68.8553],[16.1164,68.7933],[16.2132,68.7356],[16.0332,68.7114],[16.083,68.6387],[15.9147,68.6508],[15.7425,68.5292],[15.7744,68.6326],[15.9841,68.7558],[15.7615,68.7356],[15.8708,68.7902],[15.9068,68.9566],[15.6342,68.9443],[15.5486,68.8523],[15.638,68.8249],[15.5287,68.8249],[15.4573,68.7638],[15.7136,68.6986],[15.449,68.7271],[15.4977,68.6425],[15.6305,68.6121],[15.2415,68.5641],[15.1886,68.5225],[15.3568,68.4612],[14.9985,68.2556]]],[[[14.3736,68.6867],[14.5207,68.609],[14.6228,68.6296],[14.679,68.7077],[14.7503,68.6675],[15.0687,68.7486],[15.0261,68.7712],[15.1514,68.756],[15.1651,68.7014],[14.8064,68.616],[15.0627,68.5785],[15.3627,68.6662],[15.3692,68.7378],[15.2749,68.7971],[15.379,68.8473],[15.2407,68.8249],[15.2942,68.9037],[15.1854,68.8858],[15.2407,68.9138],[15.1322,69.0114],[15.0127,68.9579],[15.1589,68.8175],[14.6865,68.7575],[14.6858,68.8249],[14.6328,68.8261],[14.5896,68.7486],[14.6238,68.7356],[14.5524,68.7829],[14.4898,68.7492],[14.5418,68.7356],[14.3736,68.6867]]],[[[16.3961,56.5125],[16.4323,56.2181],[16.5073,56.2613],[17.1021,57.3494],[16.3961,56.5125]]],[[[18.1162,57.5208],[18.2215,57.0607],[18.2902,57.0927],[18.1505,56.9182],[18.4546,57.1274],[18.4064,57.143],[18.7132,57.2443],[18.6668,57.2968],[18.733,57.339],[18.8071,57.7344],[19.0333,57.827],[19.0054,57.9061],[18.8385,57.9106],[18.8035,57.8258],[18.7466,57.9131],[18.6859,57.9148],[18.1162,57.5208]]],[[[17.0701,59.4567],[17.1513,59.3851],[17.3171,59.4055],[17.0897,59.46],[17.0701,59.4567]]],[[[16.1531,68.2691],[16.5901,68.1671],[16.4365,68.183],[16.4734,68.1528],[16.3533,68.0845],[16.5007,68.1186],[16.7153,68.0666],[16.3673,68.0327],[16.5007,68.0162],[16.4672,67.9906],[16.5176,67.9693],[16.7206,68.0035],[17.1825,68.3381],[16.2567,68.3473],[16.5674,68.2763],[16.8001,68.1303],[16.5124,68.2536],[16.1531,68.2691]]],[[[16.425,68.0706],[16.5416,68.069],[16.4636,68.0943],[16.4426,68.0761],[16.425,68.0706]]],[[[16.1054,68.4016],[16.4586,68.4669],[16.235,68.523],[16.1054,68.4016]]],[[[16.8236,68.7327],[17.133,68.7665],[17.0005,68.8544],[16.8236,68.7327]]],[[[17.0872,68.9128],[17.1767,68.8233],[17.4323,68.8632],[17.0872,68.9128]]],[[[16.2638,68.9696],[16.3836,68.9076],[16.6014,68.9346],[16.2638,68.9696]]],[[[16.467,68.5117],[16.5348,68.4383],[16.8486,68.4487],[16.988,68.5097],[17.092,68.4808],[17.0016,68.4476],[17.0479,68.4342],[17.5074,68.523],[18.0357,68.7923],[18.0112,68.8975],[18.9308,69.2957],[18.6845,69.2981],[18.703,69.2625],[18.535,69.3021],[18.5025,69.2353],[18.5025,69.3236],[18.2569,69.4863],[18.0031,69.2857],[18.1479,69.1501],[17.688,69.1134],[17.6687,68.9561],[17.5145,69.0105],[17.5337,68.9608],[17.4333,68.9003],[17.721,68.9342],[17.8259,68.8937],[17.48,68.8288],[17.783,68.7486],[17.2434,68.7535],[17.6794,68.6605],[17.1006,68.6906],[17.1865,68.6387],[17.1487,68.6323],[16.9729,68.7016],[16.467,68.5117]]],[[[17.6838,68.781],[17.7437,68.7678],[17.7217,68.7785],[17.6838,68.781]]],[[[15.4221,68.9062],[15.5481,68.9367],[15.5287,69.0093],[15.8479,69.0292],[16.1478,69.2764],[15.9945,69.2877],[15.5644,69.0968],[15.4221,68.9062]]],[[[16.7813,69.0695],[17.1099,69.0847],[17.108,69.0102],[17.4722,69.2001],[17.9898,69.1882],[17.8787,69.2495],[18.0729,69.4275],[17.9407,69.4283],[17.9962,69.4818],[17.9401,69.5214],[17.8308,69.4481],[17.8928,69.5369],[17.8476,69.5868],[17.7531,69.5406],[17.6625,69.5976],[17.6936,69.5202],[17.6579,69.5085],[17.4692,69.5978],[17.6453,69.4618],[17.1984,69.4927],[17.4958,69.4283],[17.2916,69.4111],[17.3994,69.3662],[16.9351,69.3946],[17.1318,69.311],[16.906,69.2979],[17.1457,69.2563],[16.8805,69.2219],[17.1724,69.2011],[16.7813,69.0695]]],[[[18.4576,69.452],[18.7164,69.362],[19.1317,69.3524],[18.8445,69.5028],[18.8502,69.5503],[18.4707,69.5087],[18.4576,69.452]]],[[[18.945,69.6126],[19.2293,69.5679],[19.2627,69.5233],[19.0051,69.5052],[19.1594,69.3772],[19.5967,69.4734],[19.5461,69.5478],[19.1348,69.7249],[18.945,69.6126]]],[[[17.9998,69.5904],[18.7542,69.5691],[18.8281,69.6222],[18.7693,69.6467],[18.7941,69.6756],[19.0577,69.7872],[18.6933,69.8833],[18.7898,69.7839],[18.7625,69.6877],[18.3872,69.7944],[18.3518,69.7299],[18.6328,69.702],[18.1972,69.7089],[18.291,69.639],[18.4001,69.6406],[17.9998,69.5904]]]]}},{"type":"Feature","properties":{"territoryId":"cliopatria-q1275225-5b0b8a23f2","name":"Scandinavian minor kingdoms","name_ko":"스칸디나비아 소왕국들","color":"#ea3e9e","colorFamily":3,"startYear":523,"endYear":792,"source_name":"Cliopatria v0.2.0","source_url":"https://github.com/Seshat-Global-History-Databank/cliopatria","license":"CC BY 4.0","attribution":"Seshat Global History Databank, Cliopatria contributors"},"geometry":{"type":"MultiPolygon","coordinates":[[[[10.9994,54.7873],[11.4744,54.6261],[11.817,54.6593],[11.8555,54.7436],[11.6472,54.9022],[11.5947,54.8111],[11.1378,54.9535],[11.0526,54.8606],[11.1082,54.8315],[10.9994,54.7873]]],[[[11.716,54.9385],[11.9102,54.7217],[11.8799,54.6901],[11.9617,54.5694],[11.9607,54.6941],[12.1682,54.8377],[12.0996,54.8914],[11.716,54.9385]]],[[[11.7831,54.8328],[11.7848,54.8303],[11.7873,54.8315],[11.7831,54.8328]]],[[[8.0944,55.5592],[8.2483,55.519],[8.3132,55.5827],[8.4119,55.4799],[8.6177,55.4379],[8.6895,55.1416],[8.4751,55.1796],[8.4911,55.0693],[8.5637,55.1434],[8.6819,55.1332],[8.6484,54.8179],[8.9377,54.5621],[10.0336,54.6188],[9.9963,54.6788],[9.9295,54.6739],[9.9864,54.7012],[9.9351,54.7819],[9.8237,54.7567],[9.5799,54.8663],[9.4052,54.8084],[9.5868,54.9277],[9.7196,54.8358],[9.7114,54.8986],[9.7632,54.9005],[9.731,54.9954],[9.4343,55.0375],[9.5596,55.0854],[9.4566,55.1257],[9.4863,55.1562],[9.6844,55.1976],[9.7103,55.2487],[9.5868,55.4274],[9.6602,55.478],[9.4981,55.4894],[9.8169,55.6056],[9.5564,55.7116],[9.993,55.7054],[10.0437,55.8143],[9.8674,55.852],[10.1018,55.8824],[10.1821,55.8337],[10.2585,56.1903],[10.4426,56.2987],[10.5047,56.2778],[10.4912,56.2163],[10.3602,56.1983],[10.5095,56.1701],[10.5186,56.1027],[10.6286,56.2375],[10.7433,56.1647],[10.9593,56.4427],[10.3087,56.5782],[10.1834,56.4695],[10.343,56.6926],[9.8059,56.6402],[10.3053,56.7481],[10.2659,56.9077],[10.3118,56.9813],[9.9754,57.0714],[9.689,57.0391],[9.6079,56.9699],[9.3022,56.9996],[9.1657,56.893],[9.2425,56.7471],[9.1715,56.6852],[9.32,56.6814],[9.3187,56.56],[9.3731,56.5527],[9.3183,56.5254],[9.2489,56.6333],[9.0606,56.5657],[9.0593,56.634],[9.1412,56.6986],[9.0728,56.8076],[8.6816,56.6182],[8.7625,56.5634],[8.7266,56.4832],[8.3074,56.5543],[8.2095,56.6387],[8.109,56.0219],[8.1415,56.109],[8.2824,56.0759],[8.3957,55.8947],[8.1914,55.8107],[8.1303,55.978],[8.1855,55.7426],[8.0944,55.5592]],[[9.2264,54.8059],[9.2955,54.8026],[9.2441,54.8018],[9.2264,54.8059]],[[9.3225,54.803],[9.385,54.8194],[9.332,54.8032],[9.3225,54.803]]],[[[8.2124,56.6565],[8.228,56.6815],[8.2207,56.7074],[8.2124,56.6565]]],[[[8.2909,54.7521],[8.3071,54.8654],[8.6545,54.8936],[8.3545,54.9127],[8.389,55.046],[8.297,54.9064],[8.2909,54.7521]]],[[[9.1706,56.7141],[9.1708,56.7079],[9.176,56.7086],[9.1706,56.7141]]],[[[9.2937,56.561],[9.2956,56.5607],[9.294,56.5632],[9.2937,56.561]]],[[[9.6284,55.0581],[9.7991,55.0165],[9.8475,54.9482],[9.7581,54.9818],[9.7612,54.9431],[9.8147,54.9011],[9.9666,54.892],[10.0002,54.9843],[9.7935,55.0808],[9.6284,55.0581]]],[[[9.6763,55.4957],[9.8122,55.4411],[9.7195,55.4624],[10.042,55.1811],[10.113,55.1838],[10.1591,55.0835],[10.5383,55.0297],[10.7337,55.0718],[10.8087,55.1958],[10.773,55.2871],[10.8305,55.2972],[10.7823,55.3704],[10.6979,55.4403],[10.554,55.4426],[10.7088,55.4765],[10.6161,55.6105],[10.6138,55.5279],[10.5669,55.5236],[10.6091,55.4926],[10.4738,55.4376],[10.4196,55.4588],[10.4847,55.5325],[10.3184,55.6144],[9.6763,55.4957]]],[[[9.7035,55.4684],[9.7373,55.4382],[9.7413,55.4377],[9.7135,55.4646],[9.7035,55.4684]]],[[[9.7781,55.3803],[9.8024,55.3624],[9.8223,55.3591],[9.7972,55.3835],[9.7781,55.3803]]],[[[9.8743,54.893],[9.8911,54.8793],[9.9536,54.8626],[9.9561,54.863],[9.9628,54.8814],[9.9009,54.9007],[9.8743,54.893]]],[[[9.884,55.2535],[9.9714,55.2147],[9.8901,55.2934],[9.884,55.2535]]],[[[9.972,55.1847],[9.9888,55.1518],[9.9855,55.1278],[10.0256,55.1257],[10.0291,55.1424],[9.9945,55.1728],[9.9915,55.1884],[9.9955,55.1913],[9.9782,55.208],[9.972,55.1847]]],[[[10.0659,55.0922],[10.0977,55.0922],[10.0878,55.1018],[10.0659,55.0922]]],[[[10.1334,56.7098],[10.1525,56.7141],[10.1506,56.7144],[10.1348,56.7124],[10.1334,56.7098]]],[[[10.1634,57.0211],[10.2398,56.9928],[10.2637,56.9942],[10.1634,57.0211]]],[[[10.2271,56.5253],[10.2528,56.5624],[10.2376,56.5544],[10.2276,56.5411],[10.2271,56.5253]]],[[[10.6011,54.8383],[10.7096,54.7491],[10.8747,54.9855],[10.8556,55.0464],[10.697,54.9313],[10.7245,54.8862],[10.6011,54.8383]]],[[[10.8885,55.7334],[11.0864,55.6664],[11.2131,55.4158],[11.2139,55.294],[11.2863,55.2561],[11.2385,55.2424],[11.2593,55.2021],[11.7176,55.2083],[11.7308,55.1549],[11.807,55.1469],[11.7307,55.1129],[11.8275,55.0507],[11.7306,55.0638],[12.0553,54.9731],[12.1744,55.1125],[12.0147,55.1675],[12.4622,55.2895],[12.1924,55.4824],[12.5975,55.7041],[12.5127,55.9283],[12.6173,56.0401],[12.275,56.1272],[11.8563,55.9593],[12.041,55.9217],[12.0951,55.7291],[12.0603,55.654],[11.9102,55.6601],[12.0514,55.7431],[11.9147,55.929],[11.9536,55.8535],[11.7944,55.6617],[11.739,55.7299],[11.6572,55.7309],[11.7281,55.7434],[11.6926,55.7872],[11.6078,55.783],[11.7026,55.8631],[11.6631,55.9072],[11.7684,55.9635],[11.2752,55.9916],[11.4774,55.9414],[11.5064,55.8672],[11.2111,55.6989],[10.8885,55.7334]]],[[[11.9845,55.6912],[11.9911,55.6963],[11.9852,55.6949],[11.9845,55.6912]]],[[[12.0807,55.1469],[12.099,55.1414],[12.1023,55.1439],[12.082,55.1507],[12.0807,55.1469]]],[[[10.5116,55.8253],[10.5399,55.7715],[10.6244,55.7943],[10.6279,55.9209],[10.5602,55.9766],[10.5154,55.9512],[10.5811,55.8945],[10.5116,55.8253]]],[[[8.5147,56.7382],[8.7282,56.6915],[8.8803,56.8052],[8.8396,56.8798],[8.8943,56.8709],[8.9102,56.9455],[8.6534,56.8899],[8.6211,56.832],[8.6688,56.8258],[8.5147,56.7382]]],[[[8.245,56.7104],[8.2459,56.704],[8.2608,56.7054],[8.2632,56.7189],[8.2508,56.756],[8.245,56.7104]]],[[[8.2533,56.7751],[8.5494,56.596],[8.579,56.6875],[8.4082,56.6887],[8.6795,56.9525],[8.8504,57.0035],[9.7957,57.1064],[10.3197,56.9975],[10.5281,57.2306],[10.4318,57.5857],[10.5937,57.7256],[10.1976,57.6012],[9.9609,57.5869],[9.5733,57.2429],[9.3913,57.1521],[8.6185,57.1215],[8.2533,56.7751]]],[[[10.6071,57.7285],[10.6443,57.7361],[10.6455,57.7369],[10.6071,57.7285]]],[[[4.9311,60.8006],[5.1258,60.7244],[5.085,60.7114],[5.2283,60.6213],[5.0972,60.662],[5.2134,60.5803],[5.5266,60.6287],[5.5335,60.6977],[5.6756,60.7578],[5.6638,60.7039],[5.7498,60.7182],[5.714,60.4843],[5.6372,60.4169],[5.2852,60.5214],[5.2407,60.4706],[5.2979,60.396],[5.1449,60.3611],[5.3103,60.2657],[5.2823,60.2416],[5.4098,60.1313],[5.6331,60.3681],[5.7366,60.392],[5.6129,60.233],[5.7083,60.2322],[5.5536,60.1555],[5.7907,60.2111],[5.7083,60.1763],[5.7002,60.1039],[5.7975,60.0944],[5.6816,60.0404],[5.7526,59.9915],[5.87,60.0956],[5.8605,60.1631],[6.2165,60.4031],[6.1775,60.471],[6.2339,60.408],[6.35,60.4144],[6.6951,60.5189],[6.5921,60.4438],[6.6561,60.433],[6.988,60.5895],[6.9795,60.5058],[7.106,60.5058],[6.7417,60.437],[6.5238,60.0808],[6.5305,60.2623],[6.6313,60.4052],[6.2052,60.2957],[6.1053,60.1074],[6.2568,60.1627],[6.291,60.1216],[6.0509,60.0734],[5.9715,59.9595],[5.7081,59.8376],[5.8759,59.7825],[5.9689,59.861],[5.9341,59.779],[6.0005,59.7587],[6.3036,59.8445],[6.0618,59.743],[5.7836,59.705],[5.7461,59.6755],[5.8794,59.6555],[5.7544,59.6098],[5.7219,59.6635],[5.5685,59.6756],[5.5164,59.5395],[5.4168,59.5047],[5.4812,59.7279],[5.4005,59.6689],[5.4133,59.5947],[5.3731,59.6488],[5.1827,59.5096],[5.2957,59.3465],[5.3484,59.416],[5.4004,59.3129],[5.4331,59.4051],[5.4358,59.3077],[5.5069,59.2786],[5.5866,59.4165],[5.6128,59.3724],[5.8359,59.35],[5.6462,59.4085],[5.7083,59.4706],[5.7988,59.4653],[5.8074,59.5394],[5.9019,59.4791],[6.1532,59.4774],[5.8862,59.4368],[5.9356,59.3599],[5.9955,59.3812],[5.9826,59.4296],[6.153,59.4594],[6.2865,59.6492],[6.2785,59.5719],[6.5442,59.56],[5.9982,59.3337],[6.2363,59.3198],[6.085,59.3067],[6.1541,59.2678],[6.4617,59.3198],[5.8755,59.0662],[6.0508,58.9982],[5.9752,58.9637],[6.0348,58.906],[6.1604,58.9982],[6.6262,59.0528],[6.1168,58.9547],[6.0614,58.8972],[6.2289,58.84],[6.1685,58.8323],[5.8194,58.9456],[5.7355,58.9287],[5.7156,58.8673],[5.7156,58.9771],[5.5586,59.0302],[5.5916,58.9771],[5.5505,58.9709],[5.6262,58.9256],[5.5475,58.9498],[5.5152,58.7168],[5.5683,58.6334],[5.824,58.4872],[5.9546,58.4775],[6.0101,58.3849],[6.6242,58.2686],[6.62,58.3192],[6.6873,58.3273],[6.6336,58.2748],[6.743,58.2471],[6.846,58.2714],[6.6077,58.0747],[6.7329,58.0999],[6.6882,58.1206],[6.7224,58.1894],[6.7315,58.1199],[6.808,58.1206],[6.7776,58.182],[6.9893,58.1411],[6.8042,58.1001],[6.908,58.1001],[6.9006,58.0523],[6.9803,58.1054],[6.9353,58.0455],[7.1475,58.1001],[7.0066,57.9931],[7.1555,58.0503],[7.3572,58.0225],[7.9563,58.0932],[8.0276,58.1832],[8.0041,58.223],[8.0798,58.1621],[8.0246,58.1411],[8.1229,58.102],[8.9495,58.5631],[8.9133,58.6069],[9.0109,58.5977],[9.1696,58.6874],[9.0593,58.6829],[9.2154,58.7132],[9.071,58.7412],[9.2613,58.7392],[9.4327,58.836],[9.2708,58.8332],[9.2988,58.8815],[9.5115,58.8952],[9.4701,58.9287],[9.689,58.9868],[9.5391,59.1206],[9.6306,59.1314],[9.6597,59.0613],[9.7817,59.0512],[9.8757,58.9559],[10.0315,58.9914],[10.0168,59.0337],[10.23,59.0384],[10.2244,59.1143],[10.2498,59.0692],[10.3608,59.2713],[10.511,59.305],[10.2373,59.56],[10.3928,59.5996],[10.2244,59.7238],[10.3976,59.6881],[10.5141,59.5254],[10.6077,59.5958],[10.5022,59.7087],[10.4754,59.85],[10.7526,59.8889],[10.7178,59.7381],[10.6767,59.8316],[10.5605,59.7256],[10.6564,59.5947],[10.7224,59.3242],[10.7791,59.3129],[10.758,59.2369],[11.1405,59.148],[11.1764,59.1968],[11.1763,59.1411],[11.3893,59.0808],[11.4532,58.9605],[11.3209,59.0995],[11.1167,59.0052],[11.1838,58.9914],[11.1343,58.9746],[11.2317,58.8437],[11.2204,58.6702],[11.2863,58.5799],[11.2385,58.5079],[11.2937,58.47],[11.2044,58.4011],[11.3068,58.3601],[11.4241,58.4427],[11.3459,58.346],[11.4241,58.3881],[11.4486,58.3417],[11.3838,58.3182],[11.4329,58.2801],[11.5225,58.3362],[11.547,58.4632],[11.5886,58.4011],[11.6526,58.4374],[11.5037,58.2802],[11.5396,58.2373],[11.7267,58.3271],[11.8828,58.3328],[11.8092,58.3025],[11.8897,58.2168],[11.7593,57.9021],[11.6683,57.8447],[11.8104,57.7814],[11.7055,57.6998],[11.9237,57.7028],[11.9139,57.4137],[11.9812,57.3496],[12.0593,57.4588],[12.3565,56.9238],[12.8718,56.6495],[12.9344,56.5471],[12.8836,56.4464],[12.6243,56.4183],[12.8294,56.2786],[12.7992,56.2259],[12.4688,56.2949],[13.0549,55.694],[12.924,55.5646],[12.9877,55.4005],[13.8972,55.4349],[14.1762,55.3908],[14.366,55.5429],[14.1958,55.7257],[14.2347,55.8627],[14.4974,56.0405],[14.7373,56.0141],[14.6823,56.1171],[14.7249,56.1676],[15.5864,56.2089],[15.8265,56.1594],[15.7972,56.1184],[15.8592,56.0946],[16.2463,56.6424],[16.3768,56.6987],[16.3566,56.7585],[16.4664,56.9509],[16.4398,57.0517],[16.582,57.0465],[16.465,57.1773],[16.4691,57.2754],[16.6867,57.4749],[16.6292,57.5569],[16.515,57.5663],[16.5205,57.6271],[16.6305,57.6291],[16.577,57.7097],[16.7113,57.7028],[16.4194,57.8947],[16.6785,57.749],[16.4603,57.9021],[16.5725,57.8939],[16.5153,57.9988],[16.6003,57.9479],[16.6761,57.9902],[16.6447,58.0386],[16.7531,58.0241],[16.6174,58.2031],[16.7772,58.1305],[16.8219,58.1902],[16.7068,58.2714],[16.7831,58.3227],[16.6985,58.3017],[16.6317,58.3539],[16.7667,58.3684],[16.4126,58.4775],[16.9305,58.4897],[16.6496,58.6205],[16.3877,58.5916],[16.1792,58.6345],[16.2549,58.6345],[16.2337,58.6693],[16.9242,58.6254],[17.0184,58.6548],[16.9749,58.6854],[17.1403,58.6967],[17.0282,58.7512],[17.35,58.7523],[17.3374,58.8065],[17.4571,58.8129],[17.4473,58.8952],[17.5404,58.86],[17.536,58.902],[17.6194,58.9047],[17.5769,58.9567],[17.6589,59.1689],[17.7268,59.0856],[17.7688,59.1206],[17.7559,59.0463],[17.8929,58.8614],[18.0027,59.0386],[18.3114,59.1325],[18.273,59.2742],[18.3253,59.33],[17.7302,59.3247],[17.7756,59.3704],[17.608,59.4192],[17.6973,59.3245],[17.3529,59.3215],[17.3706,59.2481],[16.8368,59.4896],[16.6954,59.4705],[16.8778,59.382],[16.0325,59.4902],[16.4808,59.4997],[16.5586,59.6099],[17.4044,59.4691],[17.3828,59.6523],[17.7314,59.4448],[17.7858,59.5326],[17.5612,59.6685],[17.6126,59.7324],[17.5102,59.6967],[17.5432,59.573],[17.4447,59.6761],[17.591,59.803],[17.6541,59.718],[17.604,59.6506],[17.7212,59.696],[17.8177,59.5865],[17.7828,59.3892],[18.0914,59.3345],[18.009,59.4085],[18.1814,59.4582],[18.3178,59.4008],[18.2691,59.4774],[18.6828,59.61],[18.742,59.6494],[18.7141,59.6732],[18.9133,59.7518],[19.0602,59.7418],[18.7339,59.7688],[18.9241,59.8523],[18.886,59.9299],[19.0018,59.8591],[19.0706,59.8897],[18.9031,59.9472],[18.8164,60.0964],[18.7531,60.0822],[18.7966,60.005],[18.7336,60.1155],[18.5781,60.1422],[18.5781,60.0739],[18.5491,60.1579],[18.4217,60.1872],[18.3169,60.321],[18.5981,60.2366],[18.4268,60.2862],[18.4745,60.293],[18.4378,60.34],[18.2349,60.3271],[17.9675,60.5121],[17.9936,60.5479],[17.9402,60.5954],[17.6879,60.4973],[17.6059,60.633],[16.8369,60.2055],[15.685,59.8398],[14.7538,59.8592],[12.9529,60.2684],[12.1126,60.6009],[11.4788,61.0824],[10.9588,61.924],[10.5872,62.949],[11.0776,63.6996],[10.7455,63.5751],[10.9226,63.6025],[10.8627,63.5687],[10.9226,63.5548],[10.7649,63.5078],[10.9164,63.4665],[10.7979,63.4174],[10.0645,63.4198],[10.2659,63.3319],[10.2632,63.2648],[10.0134,63.3619],[9.8333,63.3288],[9.9285,63.3772],[9.9479,63.4487],[9.6475,63.6239],[9.5118,63.586],[9.5733,63.541],[9.4954,63.5769],[9.1529,63.4858],[9.4807,63.487],[9.1691,63.4212],[9.4769,63.4039],[9.4181,63.3747],[9.0934,63.294],[9.1486,63.3759],[9.001,63.4646],[8.9972,63.4182],[8.4808,63.2922],[8.9396,63.208],[8.5658,63.1612],[8.641,63.1097],[8.3733,63.1425],[8.2795,63.1317],[8.3262,63.0886],[8.2847,63.0755],[8.1655,63.1153],[8.3075,63.0204],[8.4702,63.0202],[8.3353,63.0019],[8.3776,62.9738],[8.5537,63.0226],[8.5217,62.9892],[8.6688,62.9793],[8.4237,62.9523],[8.703,62.8223],[8.3293,62.8807],[8.3378,62.9619],[8.0971,63.1033],[7.8909,63.0072],[7.9831,63.0271],[8.1475,62.9514],[8.544,62.7206],[8.5453,62.6572],[8.4634,62.7167],[8.5481,62.6546],[8.1543,62.8148],[8.011,62.9669],[7.4673,62.9113],[7.2651,63.0114],[6.9494,62.9314],[7.0166,62.8415],[7.2158,62.8148],[7.0098,62.8148],[6.9544,62.7311],[7.6813,62.7944],[7.3752,62.728],[8.073,62.7801],[8.1475,62.692],[8.0188,62.7336],[7.6991,62.7121],[8.138,62.6936],[7.5232,62.6287],[7.7782,62.5747],[7.5392,62.4992],[7.155,62.6261],[7.1271,62.5337],[7.0378,62.623],[7.0889,62.6478],[6.9091,62.6327],[6.9178,62.5747],[6.8247,62.6256],[6.6133,62.6079],[6.6126,62.561],[6.5693,62.6043],[6.253,62.5778],[6.6746,62.4996],[6.2557,62.4561],[6.7907,62.4784],[6.9756,62.3767],[6.9677,62.3217],[7.2935,62.2979],[7.415,62.2394],[7.0281,62.266],[7.0371,62.1838],[6.9765,62.1209],[7.1878,62.1023],[6.9445,62.1102],[6.9919,62.2679],[6.8738,62.3555],[6.878,62.4126],[6.7034,62.4448],[6.545,62.4101],[6.5647,62.3555],[6.5003,62.3993],[6.3958,62.3774],[6.5809,62.1603],[6.5305,62.1091],[6.3171,62.3663],[5.9794,62.2305],[6.0645,62.2047],[5.9215,62.2072],[6.3667,62.0613],[6.0508,62.0682],[5.9546,62.14],[5.8454,62.0197],[5.912,62.182],[5.6672,62.1706],[5.7498,62.0886],[5.6221,62.1649],[5.426,62.1783],[5.5916,62.0682],[5.4617,62.0067],[5.0902,62.1722],[5.4002,62.02],[5.1458,61.9694],[5.1558,61.8961],[5.5166,61.9381],[6.8186,61.8764],[6.4692,61.8008],[6.0576,61.8354],[6.1812,61.7665],[5.992,61.8354],[5.8993,61.7386],[5.9409,61.845],[5.6194,61.8149],[5.7429,61.8485],[5.4131,61.9095],[5.0645,61.7597],[5.1902,61.7689],[5.126,61.7522],[5.1677,61.7255],[4.9829,61.74],[4.9723,61.636],[5.3407,61.6431],[5.27,61.6157],[5.427,61.5889],[5.1623,61.5952],[5.3582,61.561],[5.1968,61.5048],[5.8045,61.458],[5.6672,61.4853],[5.6267,61.4622],[5.7962,61.448],[5.0283,61.4016],[4.9967,61.3668],[5.0584,61.3235],[5.6331,61.3618],[5.2564,61.3481],[5.6262,61.3615],[5.322,61.3139],[5.3206,61.2523],[5.287,61.3084],[4.9572,61.2549],[5.2502,61.1837],[5.049,61.165],[5.5491,61.1323],[6.0371,61.2042],[5.9614,61.1632],[6.1743,61.1837],[6.4302,61.115],[6.4998,61.1839],[6.4651,61.2076],[6.5312,61.2151],[6.5011,61.2681],[6.5915,61.2747],[6.7019,61.4028],[6.5834,61.2176],[7.0036,61.1837],[6.9172,61.1363],[6.9538,61.1118],[7.3539,61.19],[7.2398,61.2973],[7.3052,61.3481],[7.2637,61.3959],[7.572,61.4853],[7.312,61.2873],[7.4079,61.1995],[7.695,61.2321],[7.3462,61.1427],[7.4356,61.1011],[7.2333,61.1391],[7.0017,61.0887],[7.1613,60.9509],[7.1142,60.8604],[6.9992,60.9697],[6.8738,60.9372],[6.981,60.9869],[6.8181,61.1417],[6.4231,61.0711],[6.356,61.0109],[6.3648,61.0619],[5.459,61.0474],[5.4484,60.9954],[5.0136,61.0402],[5.029,60.9793],[5.1403,60.9919],[5.1008,60.8778],[5.0344,60.9598],[5.0688,60.8345],[5.4959,60.91],[5.5369,60.8758],[5.2375,60.7706],[5.4133,60.7039],[5.4338,60.6629],[5.3709,60.6744],[5.428,60.6272],[4.9311,60.8006]]],[[[4.9513,61.4115],[4.9524,61.4104],[5.0392,61.4153],[4.9513,61.4115]]],[[[5.1695,61.3267],[5.2404,61.3321],[5.2015,61.3427],[5.1777,61.3394],[5.1695,61.3267]]],[[[5.3642,60.5265],[5.5021,60.437],[5.676,60.4729],[5.6877,60.6766],[5.6084,60.6884],[5.3642,60.5265]]],[[[5.376,60.8572],[5.4692,60.8656],[5.4308,60.8693],[5.376,60.8572]]],[[[5.6262,60.302],[5.7071,60.3669],[5.6672,60.355],[5.6262,60.302]]],[[[5.6377,60.0763],[5.6595,60.0585],[5.6604,60.0665],[5.6567,60.0788],[5.6377,60.0763]]],[[[5.7001,62.1911],[5.7014,62.1911],[5.7017,62.1912],[5.7001,62.1911]]],[[[5.7614,61.8751],[5.8045,61.8559],[5.8379,61.8671],[5.7614,61.8751]]],[[[6.0311,62.1498],[6.0886,62.1091],[6.2937,62.0789],[6.0311,62.1498]]],[[[6.0846,61.1207],[6.1103,61.1201],[6.0985,61.1222],[6.0846,61.1207]]],[[[6.0945,59.2776],[6.0991,59.275],[6.0999,59.2766],[6.0945,59.2776]]],[[[6.2025,59.8159],[6.2844,59.8391],[6.2152,59.8275],[6.2025,59.8159]]],[[[6.2668,59.285],[6.4546,59.3196],[6.3239,59.315],[6.2668,59.285]]],[[[6.4637,62.2448],[6.5327,62.1116],[6.5608,62.1521],[6.4637,62.2448]]],[[[6.4901,60.4221],[6.5923,60.4278],[6.5742,60.432],[6.5027,60.4308],[6.4901,60.4221]]],[[[6.5244,60.0907],[6.5705,60.2223],[6.5291,60.1639],[6.5244,60.0907]]],[[[6.5715,60.2725],[6.5792,60.247],[6.5957,60.2943],[6.5715,60.2725]]],[[[6.6642,61.8731],[6.6683,61.8729],[6.6673,61.8732],[6.6642,61.8731]]],[[[6.9951,62.1851],[7.0052,62.1943],[7.0039,62.2072],[6.9951,62.1851]]],[[[7.3803,61.3775],[7.3884,61.3816],[7.3807,61.3783],[7.3803,61.3775]]],[[[7.4134,62.6168],[7.499,62.6068],[7.5003,62.6199],[7.4936,62.6256],[7.4135,62.6172],[7.4134,62.6168]]],[[[7.4277,61.4019],[7.5319,61.4555],[7.4675,61.4385],[7.4277,61.4019]]],[[[8.1716,62.8735],[8.172,62.8584],[8.1841,62.8477],[8.2463,62.8161],[8.2813,62.8097],[8.1716,62.8735]]],[[[8.4287,62.8968],[8.4544,62.8835],[8.4771,62.8795],[8.4497,62.8958],[8.4287,62.8968]]],[[[10.0459,63.3916],[10.0491,63.3819],[10.0687,63.3655],[10.0963,63.3621],[10.0459,63.3916]]],[[[10.1851,63.3257],[10.2589,63.2681],[10.2544,63.3144],[10.2422,63.3263],[10.1851,63.3257]]],[[[10.2777,59.6954],[10.3949,59.6111],[10.3949,59.6112],[10.3792,59.6584],[10.36,59.6728],[10.2777,59.6954]]],[[[10.5905,59.6488],[10.6103,59.6002],[10.6146,59.6077],[10.5905,59.6488]]],[[[10.6525,59.4963],[10.6597,59.4785],[10.6629,59.4887],[10.6564,59.4979],[10.6525,59.4963]]],[[[11.6699,58.2851],[11.6738,58.2779],[11.7072,58.2888],[11.6864,58.2912],[11.6699,58.2851]]],[[[16.2365,58.6268],[16.2457,58.6266],[16.2402,58.6281],[16.2365,58.6268]]],[[[16.306,58.6257],[16.3629,58.6249],[16.334,58.6391],[16.306,58.6257]]],[[[16.4254,58.6239],[16.6569,58.6205],[16.6359,58.6268],[16.5178,58.6246],[16.4398,58.6481],[16.4254,58.6239]]],[[[16.5713,57.9404],[16.5833,57.9309],[16.5901,57.9356],[16.5713,57.9404]]],[[[16.6038,57.9288],[16.6138,57.9121],[16.6129,57.9074],[16.6303,57.8936],[16.6344,57.8934],[16.6133,57.9271],[16.6038,57.9288]]],[[[17.6243,58.9639],[17.6353,58.953],[17.6429,59.0059],[17.6243,58.9639]]],[[[17.6439,59.0613],[17.6467,59.0319],[17.6524,59.0715],[17.6522,59.0715],[17.6439,59.0613]]],[[[18.3379,59.3129],[18.6425,59.3223],[18.477,59.4345],[18.4701,59.3371],[18.3379,59.3129]]],[[[18.8874,59.7915],[18.8913,59.7856],[18.9019,59.7873],[18.8874,59.7915]]],[[[18.9125,59.8193],[18.9853,59.8517],[18.9592,59.8637],[18.9125,59.8193]]],[[[9.5491,63.6666],[10.1014,63.7676],[9.7941,63.6641],[10.0391,63.5017],[10.91,63.731],[11.0725,63.838],[10.5737,63.8091],[11.3272,64.1138],[11.2217,64.3161],[11.2836,64.3758],[10.966,64.6007],[10.9222,64.5782],[10.9567,64.487],[10.8247,64.5114],[10.8412,64.4659],[10.6678,64.4458],[10.7966,64.4323],[10.8494,64.3705],[10.4953,64.4238],[10.6521,64.3555],[10.2757,64.2271],[10.3745,64.1854],[10.1758,64.193],[10.197,64.158],[10.1077,64.1171],[10.2175,64.1239],[10.0816,64.0978],[9.9829,63.9905],[10.1927,63.9329],[9.6303,63.8065],[9.6038,63.7609],[9.7781,63.7676],[9.5882,63.7338],[9.5491,63.6666]]],[[[11.4001,64.6705],[11.7487,64.5962],[12.1757,64.9382],[11.7333,64.8756],[11.7127,64.8429],[11.7873,64.8358],[11.6957,64.8157],[11.8418,64.7949],[11.4001,64.6705]]],[[[11.7165,64.5829],[11.7281,64.5797],[11.738,64.5876],[11.7165,64.5829]]],[[[10.834,64.8507],[11.0911,64.9016],[11.0461,64.8501],[11.1322,64.8389],[11.2586,64.8898],[11.111,64.95],[10.834,64.8507]]],[[[11.2487,64.7376],[12.1895,64.9955],[12.1509,65.0356],[11.2798,64.8608],[11.6971,64.9122],[11.2749,64.8398],[11.4297,64.8159],[11.2487,64.7376]]],[[[11.5237,64.9097],[11.5339,64.9047],[11.5859,64.9222],[11.5237,64.9097]]],[[[11.6494,64.8432],[11.6765,64.8384],[12.1408,64.9501],[12.0637,64.9599],[11.992,64.9302],[11.9168,64.9252],[11.7455,64.8842],[11.7085,64.8583],[11.6494,64.8432]]],[[[12.1851,65.0424],[12.1869,65.0345],[12.1997,65.024],[12.208,65.047],[12.1851,65.0424]]],[[[10.7404,64.8507],[11.0959,64.9661],[10.7778,64.9188],[10.7404,64.8507]]],[[[14.6842,55.1013],[14.9925,55.004],[15.1053,55.0232],[15.1477,55.1295],[14.7491,55.2925],[14.6842,55.1013]]],[[[12.0435,65.107],[12.1511,65.0563],[12.3066,65.1087],[12.2249,65.1238],[12.2553,65.1503],[12.1836,65.2083],[12.0435,65.107]]],[[[12.0671,65.2175],[12.2419,65.284],[12.2111,65.3247],[12.499,65.3948],[12.2595,65.575],[12.2036,65.4738],[12.3285,65.467],[12.1626,65.3969],[12.2112,65.3776],[12.1448,65.3633],[12.0671,65.2175]]],[[[12.252,65.2333],[12.7121,65.2541],[12.4223,65.2305],[12.4992,65.2001],[12.4026,65.1447],[12.9377,65.3202],[13.0867,65.7338],[13.5474,66.1858],[13.4928,66.1933],[13.5684,66.213],[12.6737,66.0644],[13.0404,66.0834],[12.9557,66.0394],[13.176,65.8558],[12.8336,65.9663],[12.6607,65.8315],[12.7175,65.7891],[12.5592,65.7524],[12.7838,65.6347],[12.6084,65.6514],[12.6313,65.6831],[12.4943,65.7267],[12.3549,65.6407],[12.419,65.5322],[12.5339,65.5832],[12.465,65.5217],[12.5137,65.5122],[12.5742,65.59],[12.6157,65.5285],[12.5646,65.5137],[12.6569,65.4807],[12.6084,65.4596],[12.7803,65.4596],[12.6294,65.4323],[12.7121,65.3708],[12.486,65.4403],[12.547,65.364],[12.6916,65.3298],[12.5089,65.3632],[12.252,65.2333]]],[[[12.3851,65.2382],[12.4782,65.2426],[12.4082,65.2469],[12.3851,65.2382]]],[[[12.6747,65.6694],[12.6836,65.6614],[12.7054,65.6596],[12.6747,65.6694]]],[[[12.4441,65.8719],[12.8987,66.0111],[12.5508,66.0048],[12.4441,65.8719]]],[[[12.296,66.0154],[12.655,66.1024],[12.547,66.1312],[12.6118,66.1568],[12.5619,66.2167],[12.507,66.1751],[12.5742,66.1585],[12.296,66.0154]]],[[[12.9829,66.5181],[13.1638,66.467],[13.1097,66.4546],[13.1707,66.4123],[13.0333,66.324],[13.2884,66.3143],[13.3377,66.3278],[13.3109,66.3745],[13.5344,66.3093],[13.0356,66.1898],[13.9064,66.2942],[15.3218,67.17],[15.0593,67.209],[14.9618,67.137],[14.9939,67.0991],[14.5809,67.1953],[14.7503,67.1239],[14.6568,67.159],[14.7426,67.1179],[14.4229,67.1094],[14.3506,67.1511],[14.2741,67.0815],[14.5945,67.0329],[14.0395,66.9774],[13.9346,66.9222],[13.8901,66.9536],[13.9339,66.9668],[13.5666,66.93],[13.993,66.7897],[13.5432,66.7392],[13.8901,66.7351],[13.6931,66.6913],[13.2416,66.7115],[13.5358,66.6347],[13.1915,66.6611],[13.4035,66.6252],[13.25,66.6138],[13.239,66.5484],[13.7262,66.6048],[13.4588,66.5638],[13.6711,66.5154],[13.356,66.5427],[13.2595,66.5222],[13.2669,66.467],[13.3972,66.467],[13.2254,66.4539],[13.1311,66.535],[12.9829,66.5181]]],[[[14.3751,67.0624],[14.4678,67.0499],[14.4182,67.0634],[14.3751,67.0624]]],[[[14.5056,67.0449],[14.5461,67.0394],[14.5443,67.0454],[14.5296,67.0485],[14.5056,67.0449]]],[[[13.9969,67.08],[14.1922,67.0036],[14.2506,67.1317],[13.9969,67.08]]],[[[14.0467,67.0576],[14.0789,67.0431],[14.0599,67.0609],[14.0467,67.0576]]],[[[14.3312,67.2407],[14.6995,67.2757],[14.6712,67.2381],[14.7621,67.2378],[15.1651,67.3105],[15.0625,67.2477],[15.4088,67.2356],[15.5567,67.3474],[15.4353,67.4737],[15.1377,67.4204],[15.1633,67.4734],[14.8293,67.475],[15.0552,67.5159],[14.9211,67.5546],[14.7316,67.4906],[15.049,67.447],[14.8247,67.3783],[14.6231,67.4162],[14.3312,67.2407]]],[[[15.0584,67.5464],[15.1069,67.5296],[15.1131,67.5303],[15.1467,67.5411],[15.0584,67.5464]]],[[[14.7395,67.6538],[15.3279,67.7827],[15.384,67.8039],[15.3695,67.8652],[15.4046,67.8244],[15.4328,67.8607],[15.4114,67.7965],[15.6926,67.7965],[15.6305,67.7624],[15.8366,67.694],[15.4046,67.7356],[15.6585,67.6804],[15.3069,67.7167],[15.2774,67.6937],[15.3369,67.6872],[15.1824,67.6196],[15.4066,67.6313],[15.4661,67.5773],[15.2407,67.5842],[15.2707,67.5269],[15.898,67.5569],[15.5475,67.4821],[15.6008,67.3774],[15.961,67.552],[16.3471,67.8418],[16.2201,67.8927],[16.1929,67.9815],[16.042,68.0299],[16.0971,68.1429],[16.0138,68.2434],[15.8593,68.0961],[15.649,68.0451],[15.6174,68.0913],[15.7342,68.0917],[15.6658,68.1467],[15.2895,68.031],[15.8775,68.0709],[15.8503,68.0367],[16.0632,68.0162],[15.9688,68.0086],[15.8601,67.8996],[15.5803,67.9092],[15.5326,67.8524],[15.5337,67.9069],[15.3263,67.8968],[15.1991,67.8312],[15.2332,67.8722],[14.9212,67.8771],[15.1029,67.8511],[14.7568,67.8026],[15.1172,67.7419],[14.7395,67.6538]]],[[[15.5652,68.0234],[15.9075,68.0144],[15.8597,68.0275],[15.5741,68.0256],[15.5652,68.0234]]],[[[15.6574,68.0667],[15.6643,68.0533],[15.7,68.0723],[15.6694,68.0723],[15.6574,68.0667]]],[[[15.7834,67.55],[15.8573,67.5546],[15.7863,67.5506],[15.7834,67.55]]],[[[16.207,68.0026],[16.2169,67.9987],[16.2134,68.0029],[16.207,68.0026]]],[[[16.2174,67.9984],[16.2754,67.9753],[16.2686,67.8893],[16.4304,67.9041],[16.2174,67.9984]]],[[[16.3744,67.9741],[16.4514,67.9198],[16.4983,67.9548],[16.3744,67.9741]]],[[[14.9679,67.932],[14.9731,67.9247],[15.2654,67.9196],[15.268,67.9203],[14.9679,67.932]]],[[[12.794,67.8151],[13.043,67.9176],[12.9768,67.9695],[13.1267,67.952],[13.1108,68.0283],[13.0503,68.0246],[13.1516,68.0825],[13.0547,68.1019],[12.794,67.8151]]],[[[15.5322,67.9896],[15.6174,67.9853],[15.6613,67.9886],[15.6628,67.9894],[15.5322,67.9896]]],[[[15.8293,67.9891],[15.8485,67.9874],[15.9011,67.9885],[15.9029,67.989],[15.8293,67.9891]]],[[[13.4569,68.0709],[13.5582,68.0751],[13.5588,68.1196],[13.8257,68.1068],[13.7741,68.1596],[13.9593,68.1781],[14.0942,68.258],[13.5682,68.2626],[13.6159,68.2266],[13.5399,68.2138],[13.4938,68.1344],[13.5891,68.1596],[13.4569,68.0709]]],[[[14.2008,68.1531],[14.6333,68.2327],[14.7188,68.3376],[14.7746,68.3179],[14.7355,68.2549],[15.1663,68.4504],[14.8927,68.4286],[14.7541,68.3514],[14.8224,68.4097],[14.5493,68.4014],[14.5896,68.3651],[14.5149,68.381],[14.4634,68.3436],[14.4956,68.3061],[14.4427,68.3184],[14.2008,68.1531]]],[[[14.9985,68.2556],[15.5415,68.5036],[15.4397,68.4186],[15.5418,68.5097],[15.6113,68.4749],[15.3384,68.332],[15.6986,68.3534],[15.6585,68.3651],[15.7479,68.4254],[15.8162,68.393],[15.7744,68.4309],[15.8493,68.4348],[15.8708,68.4954],[15.8762,68.3691],[15.9409,68.3803],[16.106,68.5385],[16.4976,68.554],[16.565,68.7001],[16.4391,68.8441],[16.2042,68.8553],[16.1164,68.7933],[16.2132,68.7356],[16.0332,68.7114],[16.083,68.6387],[15.9147,68.6508],[15.7425,68.5292],[15.7744,68.6326],[15.9841,68.7558],[15.7615,68.7356],[15.8708,68.7902],[15.9068,68.9566],[15.6342,68.9443],[15.5486,68.8523],[15.638,68.8249],[15.5287,68.8249],[15.4573,68.7638],[15.7136,68.6986],[15.449,68.7271],[15.4977,68.6425],[15.6305,68.6121],[15.2415,68.5641],[15.1886,68.5225],[15.3568,68.4612],[14.9985,68.2556]]],[[[14.3736,68.6867],[14.5207,68.609],[14.6228,68.6296],[14.679,68.7077],[14.7503,68.6675],[15.0687,68.7486],[15.0261,68.7712],[15.1514,68.756],[15.1651,68.7014],[14.8064,68.616],[15.0627,68.5785],[15.3627,68.6662],[15.3692,68.7378],[15.2749,68.7971],[15.379,68.8473],[15.2407,68.8249],[15.2942,68.9037],[15.1854,68.8858],[15.2407,68.9138],[15.1322,69.0114],[15.0127,68.9579],[15.1589,68.8175],[14.6865,68.7575],[14.6858,68.8249],[14.6328,68.8261],[14.5896,68.7486],[14.6238,68.7356],[14.5524,68.7829],[14.4898,68.7492],[14.5418,68.7356],[14.3736,68.6867]]],[[[15.4221,68.9062],[15.5481,68.9367],[15.5287,69.0093],[15.8479,69.0292],[16.1478,69.2764],[15.9945,69.2877],[15.5644,69.0968],[15.4221,68.9062]]],[[[16.3961,56.5125],[16.4323,56.2181],[16.5073,56.2613],[17.1021,57.3494],[16.3961,56.5125]]],[[[18.0994,57.259],[18.228,57.1337],[18.2009,57.0654],[18.2902,57.0927],[18.1543,56.9374],[18.4546,57.1274],[18.4064,57.143],[18.7132,57.2443],[18.6668,57.2968],[18.733,57.339],[18.8071,57.7344],[19.0368,57.8697],[18.8513,57.9151],[18.8035,57.8258],[18.7238,57.923],[18.4631,57.8032],[18.1282,57.5482],[18.1792,57.3795],[18.0994,57.259]]],[[[19.0368,57.9052],[19.0395,57.9026],[19.04,57.9089],[19.0368,57.9052]]],[[[18.7355,57.3509],[18.9068,57.4399],[18.7898,57.449],[18.7673,57.5035],[18.7355,57.3509]]],[[[18.7711,57.5215],[18.7898,57.5483],[18.8103,57.6073],[18.7899,57.6115],[18.7711,57.5215]]],[[[18.8502,57.7262],[18.8652,57.7233],[18.8783,57.7244],[18.9399,57.7755],[18.8502,57.7262]]],[[[17.0701,59.4567],[17.1513,59.3851],[17.3171,59.4055],[17.0897,59.46],[17.0701,59.4567]]],[[[16.1531,68.2691],[16.5901,68.1671],[16.4365,68.183],[16.4734,68.1528],[16.3533,68.0845],[16.5007,68.1186],[16.7153,68.0666],[16.3673,68.0327],[16.5007,68.0162],[16.4672,67.9906],[16.5176,67.9693],[16.7206,68.0035],[17.1825,68.3381],[16.2567,68.3473],[16.5674,68.2763],[16.8001,68.1303],[16.5124,68.2536],[16.1531,68.2691]]],[[[16.425,68.0706],[16.5416,68.069],[16.4636,68.0943],[16.4426,68.0761],[16.425,68.0706]]],[[[16.1054,68.4016],[16.4586,68.4669],[16.235,68.523],[16.1054,68.4016]]],[[[16.8236,68.7327],[17.133,68.7665],[17.0005,68.8544],[16.8236,68.7327]]],[[[17.0872,68.9128],[17.1767,68.8233],[17.4323,68.8632],[17.0872,68.9128]]],[[[16.2638,68.9696],[16.3836,68.9076],[16.6014,68.9346],[16.2638,68.9696]]],[[[16.467,68.5117],[16.5348,68.4383],[16.8486,68.4487],[16.988,68.5097],[17.092,68.4808],[17.0016,68.4476],[17.0479,68.4342],[17.5074,68.523],[18.0357,68.7923],[18.0112,68.8975],[18.9308,69.2957],[18.6845,69.2981],[18.703,69.2625],[18.535,69.3021],[18.5025,69.2353],[18.5025,69.3236],[18.2569,69.4863],[18.0031,69.2857],[18.1479,69.1501],[17.688,69.1134],[17.6687,68.9561],[17.5145,69.0105],[17.5337,68.9608],[17.4333,68.9003],[17.721,68.9342],[17.8259,68.8937],[17.48,68.8288],[17.783,68.7486],[17.2434,68.7535],[17.6794,68.6605],[17.1006,68.6906],[17.1865,68.6387],[17.1487,68.6323],[16.9729,68.7016],[16.467,68.5117]]],[[[17.6838,68.781],[17.7437,68.7678],[17.7217,68.7785],[17.6838,68.781]]],[[[16.7813,69.0695],[17.1099,69.0847],[17.108,69.0102],[17.4722,69.2001],[17.9898,69.1882],[17.8787,69.2495],[18.0729,69.4275],[17.9407,69.4283],[17.9962,69.4818],[17.9401,69.5214],[17.8308,69.4481],[17.8928,69.5369],[17.8476,69.5868],[17.7531,69.5406],[17.6625,69.5976],[17.6936,69.5202],[17.6579,69.5085],[17.4692,69.5978],[17.6453,69.4618],[17.1984,69.4927],[17.4958,69.4283],[17.2916,69.4111],[17.3994,69.3662],[16.9351,69.3946],[17.1318,69.311],[16.906,69.2979],[17.1457,69.2563],[16.8805,69.2219],[17.1724,69.2011],[16.7813,69.0695]]],[[[18.4576,69.452],[18.6648,69.3693],[19.1317,69.3524],[18.8445,69.5028],[18.8502,69.5503],[18.4707,69.5087],[18.4576,69.452]]],[[[18.945,69.6126],[19.2293,69.5679],[19.2627,69.5233],[19.0051,69.5052],[19.1594,69.3772],[19.5967,69.4734],[19.5461,69.5478],[19.1348,69.7249],[18.945,69.6126]]],[[[17.9998,69.5904],[18.7542,69.5691],[18.8281,69.6222],[18.7693,69.6467],[18.7941,69.6756],[19.0577,69.7872],[18.6933,69.8833],[18.7898,69.7839],[18.7625,69.6877],[18.3872,69.7944],[18.3518,69.7299],[18.6328,69.702],[18.1972,69.7089],[18.291,69.639],[18.4001,69.6406],[17.9998,69.5904]]]]}},{"type":"Feature","properties":{"territoryId":"cliopatria-q62456-3c2a04e429","name":"Southern Qi","name_ko":"제","color":"#3e5cea","colorFamily":0,"startYear":500,"endYear":509,"source_name":"Cliopatria v0.2.0","source_url":"https://github.com/Seshat-Global-History-Databank/cliopatria","license":"CC BY 4.0","attribution":"Seshat Global History Databank, Cliopatria contributors"},"geometry":{"type":"MultiPolygon","coordinates":[[[[108.6586,18.8016],[108.7107,18.4997],[109.136,18.3612],[109.1796,18.2932],[109.7249,18.2219],[109.7393,18.2587],[109.6704,18.273],[109.7318,18.273],[109.7461,18.3959],[110.0739,18.4363],[110.0342,18.5119],[110.0881,18.5043],[110.2708,18.6682],[110.4035,18.7038],[110.3352,18.6733],[110.4035,18.6628],[110.469,18.7772],[110.5344,18.7856],[110.5034,18.8819],[110.4928,18.7931],[110.4315,18.8215],[110.5134,18.9064],[110.5823,19.1501],[110.5549,19.0873],[110.4792,19.1693],[110.5803,19.1552],[110.6697,19.3817],[110.7962,19.4846],[110.7944,19.6013],[110.8477,19.6225],[110.8218,19.5678],[110.8765,19.5398],[111.0347,19.6422],[110.9346,19.9951],[110.7883,20.0104],[110.6706,20.1505],[110.6056,20.1076],[110.6058,19.9232],[110.5276,20.0202],[110.3766,20.0538],[110.4109,19.9234],[110.3447,20.0581],[110.157,20.0674],[110.0682,19.9848],[110.1496,20.0066],[110.1227,19.9743],[109.9901,19.906],[109.9426,19.9909],[109.8355,19.9309],[109.8159,19.9912],[109.7181,19.9575],[109.719,20.0106],[109.527,19.9514],[109.5202,19.8825],[109.5817,19.8557],[109.465,19.8341],[109.3114,19.9195],[109.2551,19.8983],[109.2111,19.7497],[109.3074,19.7869],[109.3074,19.7111],[109.2112,19.7248],[108.9448,19.492],[108.7042,19.3779],[108.6586,18.8016]]],[[[109.9686,18.3936],[110.0045,18.4082],[109.9686,18.4055],[109.9686,18.3936]]],[[[100.8811,29.0867],[101.022,28.7652],[100.9547,28.5081],[101.0302,28.5081],[100.9641,28.251],[101.0395,28.251],[100.9153,28.0581],[101.0499,27.9938],[101.0143,27.5438],[101.0896,27.5438],[101.1965,26.3865],[101.3981,25.9365],[101.4623,25.165],[101.8109,24.2649],[102.0855,24.1363],[102.3249,23.8149],[102.4742,23.8149],[102.8521,23.4291],[103.4256,23.3006],[104.9046,23.2363],[104.9561,23.1077],[105.3634,23.3006],[105.6896,23.0434],[105.5063,22.8506],[105.2084,22.8506],[105.2379,22.5934],[104.874,22.2077],[105.128,21.9505],[105.0956,21.7577],[104.9255,21.6291],[104.9785,21.5005],[104.8513,21.1791],[105.0956,20.8577],[104.873,20.8577],[104.9053,20.6005],[104.6191,20.6648],[104.4396,20.472],[104.9806,20.1505],[104.8648,19.8934],[104.9921,19.7648],[104.94,19.4434],[105.014,19.4434],[105.0152,18.9934],[105.1423,18.8648],[105.0373,18.6719],[105.1851,18.6719],[105.1438,18.4148],[106.4163,17.129],[106.3962,17.0005],[106.5437,17.0005],[106.5337,16.9362],[106.9146,17.2284],[106.6346,17.4704],[106.5044,17.6828],[106.4087,17.6828],[106.3831,17.7192],[106.4292,17.7311],[106.2852,17.7721],[106.4981,17.7106],[106.436,17.882],[106.5247,17.9496],[106.4348,18.1235],[106.3467,18.0595],[106.2708,18.2041],[106.0934,18.2587],[105.8792,18.5109],[105.7644,18.759],[105.7507,18.6628],[105.752,18.7863],[105.6133,18.9855],[105.6438,19.0654],[105.7371,19.1085],[105.7434,19.2319],[105.8088,19.2802],[105.7909,19.6035],[105.9233,19.7668],[105.8674,19.7732],[105.9289,19.7936],[105.9556,19.9255],[106.0252,19.9992],[106.0835,19.965],[106.1071,20.0333],[106.1071,19.965],[106.176,19.9923],[106.3807,20.212],[106.5635,20.231],[106.4981,20.3083],[106.5762,20.2697],[106.5942,20.4482],[106.5186,20.4373],[106.5799,20.5472],[106.5186,20.541],[106.6248,20.5946],[106.5868,20.6633],[106.6375,20.6281],[106.7031,20.6597],[106.6626,20.698],[106.8059,20.6776],[106.7,20.8828],[106.7551,20.9385],[106.6421,21.0202],[106.7981,21.0248],[106.8206,20.976],[106.7725,20.9574],[106.8679,20.8827],[106.8743,20.9376],[106.9431,20.9103],[106.8538,20.9923],[107.001,20.9511],[107.0256,21.0338],[107.0462,20.9997],[107.1492,21.0406],[107.0661,20.9587],[107.1956,20.955],[107.3743,21.0276],[107.3606,21.2392],[107.4431,21.2877],[107.4153,21.3287],[107.5266,21.2988],[107.5223,21.3485],[107.5906,21.2939],[107.635,21.3832],[107.7864,21.4584],[107.7669,21.5202],[107.9097,21.5265],[107.9167,21.4575],[108.0806,21.4857],[107.9912,21.5484],[108.1764,21.5758],[108.2383,21.6439],[108.2256,21.5094],[108.314,21.5819],[108.3413,21.7258],[108.471,21.6713],[108.3897,21.5751],[108.471,21.562],[108.5654,21.6785],[108.5188,21.6713],[108.5331,21.7191],[108.5051,21.6713],[108.4635,21.7402],[108.5051,21.7879],[108.4487,21.8658],[108.4778,21.945],[108.4631,21.863],[108.553,21.9518],[108.5603,21.8955],[108.6355,21.8903],[108.5714,21.8128],[108.5945,21.7402],[108.677,21.8153],[108.6492,21.7333],[108.7249,21.7464],[108.7127,21.6884],[108.8371,21.666],[108.7796,21.7258],[108.8347,21.7258],[108.8326,21.7838],[108.7796,21.8153],[108.8614,21.8153],[108.8695,21.7538],[108.9241,21.7668],[108.8655,21.7397],[108.8695,21.6713],[109.1358,21.603],[109.1387,21.4016],[109.2146,21.4174],[109.2388,21.4857],[109.245,21.4316],[109.5308,21.4916],[109.5728,21.5817],[109.4647,21.6645],[109.521,21.6658],[109.4927,21.6986],[109.5677,21.76],[109.608,21.5751],[109.677,21.6234],[109.6497,21.5205],[109.7698,21.4936],[109.7732,21.5819],[109.8312,21.4759],[109.9444,21.4931],[109.9241,21.3628],[109.8466,21.3582],[109.696,20.8577],[109.7702,20.8577],[109.7869,20.6911],[109.8604,20.7155],[109.7806,20.685],[109.8211,20.5546],[109.8482,20.5956],[109.8227,20.5207],[109.9232,20.451],[109.9309,20.5063],[110.0155,20.4184],[109.9824,20.3515],[109.9174,20.4171],[109.9172,20.2393],[110.0379,20.3017],[110.1275,20.248],[110.2939,20.2585],[110.4068,20.3052],[110.5342,20.4783],[110.4789,20.5677],[110.3008,20.6571],[110.3418,20.8215],[110.3565,20.7323],[110.4094,20.751],[110.369,20.8489],[110.1567,20.8489],[110.1431,20.9923],[110.1956,21.0713],[110.2188,21.0276],[110.3994,21.1766],[110.3281,21.3355],[110.3895,21.3287],[110.3585,21.4357],[110.4373,21.3975],[110.4339,21.3088],[110.4863,21.3355],[110.4448,21.3076],[110.4789,21.2734],[110.4243,21.2877],[110.4312,21.1915],[110.6365,21.2302],[110.6356,21.381],[110.76,21.4447],[110.6365,21.3703],[110.6433,21.3218],[110.6776,21.3485],[110.6509,21.2604],[110.7682,21.3975],[110.8699,21.3832],[111.0686,21.4726],[110.9797,21.4447],[111.0276,21.5409],[111.1436,21.4658],[111.2263,21.4993],[111.158,21.5136],[111.1924,21.5312],[111.3108,21.4671],[111.4043,21.5267],[111.3628,21.5412],[111.438,21.5341],[111.4322,21.603],[111.4761,21.5136],[111.5956,21.5341],[111.5819,21.5819],[111.6305,21.5299],[111.7796,21.6754],[111.6781,21.7812],[111.8351,21.7668],[111.8325,21.7233],[112.0003,21.7743],[111.9041,21.8153],[111.8904,21.9251],[111.9692,21.824],[112.0413,21.8842],[112.0282,21.7973],[112.1926,21.8432],[112.1824,21.753],[112.2902,21.7101],[112.4021,21.8014],[112.3565,21.9797],[112.3975,22.0685],[112.3906,21.9555],[112.4937,21.9661],[112.4111,21.9012],[112.426,21.8452],[112.5509,21.7729],[112.826,21.9661],[112.8752,21.8863],[112.9665,21.8863],[113.0851,22.2076],[113.1164,22.076],[113.2306,22.0432],[113.3027,22.1833],[113.402,22.1796],[113.1602,22.4876],[113.1653,22.5756],[113.4837,22.1551],[113.5877,22.2379],[113.6104,22.3702],[113.5464,22.4376],[113.5992,22.5752],[113.3775,22.7674],[113.4942,22.7748],[113.3504,22.8897],[113.213,22.9045],[113.484,22.9243],[113.5023,23.0204],[113.4175,23.097],[113.5091,23.0622],[113.7031,23.1578],[113.8301,23.1175],[113.7202,23.1379],[113.5364,23.0631],[113.5762,22.9387],[113.6172,23.0349],[113.5967,22.9182],[113.6382,23.0349],[113.5923,22.8891],[113.6536,22.7587],[113.7581,22.7534],[113.8695,22.5034],[114.0915,22.5344],[113.9808,22.4695],[113.9969,22.3606],[114.1048,22.3699],[114.1719,22.2887],[114.2555,22.3223],[114.2967,22.2583],[114.2584,22.3621],[114.3186,22.3894],[114.3576,22.3324],[114.3997,22.4361],[114.3476,22.4229],[114.3237,22.48],[114.2093,22.3987],[114.1675,22.4481],[114.3351,22.5064],[114.2093,22.5237],[114.2298,22.5558],[114.3958,22.6135],[114.5158,22.4526],[114.6049,22.5327],[114.4954,22.562],[114.5903,22.6439],[114.5066,22.6465],[114.5221,22.706],[114.6955,22.7926],[114.817,22.8004],[114.742,22.7327],[114.7438,22.6094],[114.8658,22.6017],[114.896,22.5475],[114.9666,22.6765],[114.8625,22.7632],[114.9853,22.6893],[115.0655,22.796],[115.1803,22.7848],[115.3038,22.903],[115.3202,22.8505],[115.2334,22.7882],[115.4112,22.7883],[115.3385,22.7331],[115.3735,22.6942],[115.5752,22.6683],[115.5901,22.7372],[115.5556,22.7144],[115.527,22.767],[115.6121,22.8636],[115.468,22.8493],[115.483,22.9018],[115.406,22.925],[115.5476,22.8954],[115.5606,22.8493],[115.7303,22.9342],[115.697,22.8507],[115.8075,22.8033],[116.0762,22.8679],[116.0421,22.9329],[116.1237,22.8947],[116.0865,22.8458],[116.1537,22.856],[116.2815,22.9579],[116.2136,22.9828],[116.4947,22.9394],[116.6045,23.2096],[116.5089,23.2341],[116.6115,23.2387],[116.6511,23.172],[116.7151,23.2438],[116.6672,23.2813],[116.8035,23.2346],[116.7486,23.3263],[116.573,23.3237],[116.5232,23.4185],[116.7732,23.3494],[116.9165,23.6627],[116.9507,23.6109],[117.0684,23.6513],[117.0842,23.5506],[117.2192,23.6296],[117.2295,23.6928],[117.239,23.6055],[117.2774,23.7822],[117.4343,23.7759],[117.4901,23.8326],[117.4166,23.9468],[117.5711,23.9033],[117.626,23.8149],[117.7088,24.0355],[117.6671,24.0627],[117.7633,24.0703],[117.7981,24.0218],[117.76,23.9716],[117.8952,24.0696],[117.9073,24.1863],[117.9436,24.2126],[117.9788,24.1621],[118.0867,24.2497],[118.0906,24.3415],[118.0159,24.3269],[118.043,24.4067],[117.9073,24.3849],[117.7913,24.4675],[118.0217,24.4457],[118.0581,24.5159],[117.9749,24.5527],[118.0374,24.5606],[118.0444,24.6177],[118.1104,24.5841],[118.1605,24.6934],[118.219,24.5414],[118.4048,24.6066],[118.4312,24.6997],[118.4281,24.6313],[118.6471,24.5746],[118.6421,24.6787],[118.763,24.7627],[118.7018,24.81],[118.638,24.7721],[118.572,24.8852],[118.6712,24.8747],[118.6677,24.9534],[118.7295,24.9005],[118.7161,24.8436],[118.9229,24.8959],[118.9116,24.9534],[119.009,24.9473],[119.0042,25.0502],[118.9537,25.003],[118.8491,25.0738],[118.943,25.1088],[118.9746,25.1826],[118.8756,25.2438],[119.0273,25.2782],[118.9693,25.2264],[119.0689,25.2167],[119.0291,25.1405],[119.0929,25.1136],[119.1531,25.1397],[119.1161,25.2138],[119.2813,25.1794],[119.2725,25.2318],[119.3475,25.2678],[119.243,25.3302],[119.2013,25.2597],[119.2034,25.3581],[119.1732,25.3251],[119.1025,25.4203],[119.2378,25.4818],[119.3052,25.6046],[119.3809,25.5909],[119.3565,25.5269],[119.4491,25.5053],[119.447,25.4388],[119.5073,25.4744],[119.4832,25.3712],[119.5477,25.3838],[119.5386,25.4612],[119.5882,25.3966],[119.64,25.413],[119.5726,25.4879],[119.5794,25.5847],[119.4924,25.5648],[119.4491,25.6872],[119.5719,25.6802],[119.6209,25.7603],[119.5664,25.8721],[119.5999,25.8442],[119.6954,26.0026],[119.5191,26.0445],[119.3298,25.9443],[119.2468,25.9672],[119.1952,26.0876],[119.0935,26.1458],[119.4585,25.9825],[119.6682,26.2215],[119.6543,26.2724],[119.9253,26.3474],[119.8258,26.4269],[119.6819,26.3171],[119.6484,26.4374],[119.5664,26.4549],[119.6537,26.498],[119.7918,26.4133],[119.7849,26.5778],[119.6751,26.6188],[119.5999,26.5704],[119.5411,26.6563],[119.5999,26.6461],[119.606,26.6945],[119.5521,26.7491],[119.606,26.7969],[119.7249,26.6978],[119.6858,26.812],[119.7562,26.7377],[119.782,26.8285],[119.8463,26.8522],[119.7974,26.8164],[119.8401,26.79],[119.7918,26.6877],[119.8292,26.715],[119.9016,26.6597],[119.9251,26.7922],[120.0673,26.7965],[120.032,26.8999],[120.2374,26.9272],[120.1487,26.9819],[120.2552,26.9971],[120.2163,27.0371],[120.2783,27.0638],[120.2437,27.1327],[120.3618,27.1009],[120.4076,27.158],[120.3473,27.1805],[120.3473,27.2426],[120.1824,27.2169],[120.1958,27.2978],[120.3119,27.3177],[120.3031,27.2423],[120.4292,27.1737],[120.4217,27.2221],[120.5178,27.2016],[120.5493,27.321],[120.5049,27.345],[120.5459,27.4033],[120.6353,27.3797],[120.682,27.4816],[120.5966,27.5703],[120.6756,27.6597],[120.6353,27.7633],[120.7077,27.7134],[120.8408,27.9487],[120.589,28.0267],[120.5596,28.1128],[120.606,28.0422],[120.8803,27.9986],[120.9969,28.0425],[121.0689,28.1569],[121.1081,28.2834],[121.025,28.3046],[121.1138,28.3017],[121.169,28.3848],[121.2647,28.366],[121.2031,28.3319],[121.2672,28.2164],[121.4132,28.2546],[121.4731,28.3306],[121.6398,28.3137],[121.6077,28.4772],[121.5116,28.4895],[121.5816,28.5047],[121.5101,28.6571],[121.2584,28.6751],[121.2993,28.7229],[121.1423,28.8459],[121.3512,28.7119],[121.6214,28.7359],[121.6699,28.8253],[121.4978,28.9497],[121.7178,28.9488],[121.6419,29.0513],[121.5321,29.0205],[121.6214,29.1133],[121.4017,29.1065],[121.5561,29.2729],[121.5851,29.479],[121.4849,29.3905],[121.5049,29.4838],[121.4426,29.4154],[121.4434,29.5242],[121.6873,29.5626],[122.0074,29.8874],[121.7219,29.9605],[121.4054,30.3079],[121.1328,30.3079],[120.8088,30.1151],[120.6944,30.1721],[120.6463,30.1269],[120.7922,30.0661],[120.6318,30.1224],[120.7314,30.2338],[120.6216,30.3726],[120.4505,30.3689],[120.3847,30.2496],[120.2744,30.2776],[120.1471,30.1989],[120.2579,30.2981],[120.379,30.2735],[120.4791,30.4035],[120.6981,30.394],[120.7883,30.2938],[120.9981,30.5579],[121.5192,30.822],[121.9131,30.859],[121.9551,30.9713],[121.7252,31.2816],[121.3203,31.5048],[121.1444,31.6847],[120.7315,31.8139],[120.7171,31.8611],[120.8248,31.8287],[120.7504,31.9783],[120.4695,32.0251],[120.23,31.9089],[120.0064,31.9503],[119.7725,32.1268],[119.7886,32.1986],[119.6904,32.2353],[119.606,32.1969],[119.6854,32.2924],[119.6129,32.3546],[119.8421,32.2991],[119.992,32.0159],[120.1314,31.9432],[120.2671,31.9487],[120.4908,32.0825],[120.6344,32.077],[120.8108,32.0226],[120.9407,31.8482],[121.1641,31.8265],[121.2864,31.8906],[121.8173,31.6909],[121.9173,31.7616],[121.7986,31.9705],[121.4434,32.1143],[121.3608,32.2316],[121.4193,32.2503],[121.3894,32.3849],[121.1008,32.498],[120.8303,32.6977],[120.9048,32.8126],[120.8958,33.0136],[120.8259,33.0302],[120.807,33.1378],[120.7302,33.2049],[120.7503,33.2696],[120.6672,33.3251],[120.6344,33.4669],[120.4837,33.65],[120.5049,33.7356],[120.3997,33.8693],[120.2571,34.3118],[119.6477,34.5338],[119.4422,34.746],[119.3421,34.7774],[119.2034,34.7119],[119.1909,34.7691],[118.8019,34.3577],[118.0466,33.8432],[116.8643,33.3931],[116.225,33.3288],[116.0204,33.2002],[114.0791,33.1359],[113.9528,33.0073],[113.8244,33.0716],[113.4441,32.8788],[111.6166,32.4931],[111.2405,32.3002],[110.1709,32.3002],[109.9115,32.4288],[109.8814,32.5574],[109.4991,32.5574],[109.4691,32.6859],[109.3161,32.6859],[109.1566,32.8788],[108.2379,32.8788],[108.1016,33.1359],[107.8783,32.943],[107.6485,32.943],[107.6652,33.2002],[107.4822,33.3288],[106.7453,33.2002],[106.5619,33.3288],[105.9483,33.3288],[105.703,33.0716],[105.1667,33.0716],[104.6984,33.2645],[103.21,33.3931],[102.5516,33.2645],[101.6869,32.7502],[100.9792,31.0148],[101.0553,31.0148],[100.8854,29.9223],[100.9612,29.9223],[100.8886,29.6652],[100.9643,29.6652],[100.8811,29.0867]],[[114.2298,22.5558],[114.183,22.5562],[114.179,22.5593],[114.2298,22.5558]],[[107.6804,21.6222],[107.7448,21.6575],[107.6903,21.6247],[107.6804,21.6222]],[[107.7986,21.6497],[107.8116,21.6478],[107.8324,21.6394],[107.7986,21.6497]],[[114.1487,22.5381],[114.162,22.5605],[114.1695,22.56],[114.1487,22.5381]]],[[[106.7656,20.8768],[106.8865,20.7961],[106.8246,20.9152],[106.7656,20.8768]]],[[[106.9099,20.8185],[106.9173,20.8113],[106.9303,20.8438],[106.9129,20.8369],[106.9099,20.8185]]],[[[107.3729,21.0596],[107.6062,21.2174],[107.5327,21.1989],[107.4553,21.2757],[107.3729,21.0596]]],[[[110.2459,20.986],[110.4322,21.0058],[110.4572,21.06],[110.2874,21.0744],[110.3352,21.0686],[110.2731,21.0611],[110.2459,20.986]]],[[[110.4177,20.6548],[110.4358,20.6385],[110.4573,20.5869],[110.4758,20.5959],[110.4714,20.6474],[110.437,20.6679],[110.4177,20.6548]]],[[[110.4177,21.1785],[110.42,21.1785],[110.4194,21.1791],[110.5587,21.1791],[110.5686,21.1915],[110.5432,21.2042],[110.4929,21.1839],[110.4634,21.1907],[110.4963,21.1952],[110.4998,21.2063],[110.4622,21.2051],[110.4177,21.1785]]],[[[110.5739,21.1791],[110.6006,21.1791],[110.617,21.1915],[110.617,21.1989],[110.594,21.2028],[110.5739,21.1791]]],[[[113.2642,22.1049],[113.3136,22.0764],[113.3648,22.1579],[113.2642,22.1049]]],[[[113.3094,22.0241],[113.3186,22.0162],[113.3689,22.0821],[113.3436,22.0685],[113.3094,22.0241]]],[[[113.3962,22.8981],[113.5946,22.7561],[113.4756,22.9007],[113.3962,22.8981]]],[[[113.4765,22.7195],[113.6418,22.6016],[113.5595,22.735],[113.4765,22.7195]]],[[[113.5058,22.9516],[113.51,22.9212],[113.545,22.88],[113.5535,22.8858],[113.5536,22.9113],[113.5292,22.9604],[113.5154,22.9692],[113.5058,22.9516]]],[[[113.5202,22.1849],[113.5247,22.1737],[113.5571,22.2025],[113.5492,22.1997],[113.5538,22.2115],[113.5365,22.2171],[113.5243,22.2126],[113.5352,22.2075],[113.5202,22.1849]]],[[[113.5322,22.1526],[113.54,22.1434],[113.5616,22.1434],[113.5741,22.1608],[113.5586,22.163],[113.5344,22.1612],[113.5322,22.1526]]],[[[113.6104,22.4133],[113.6212,22.3914],[113.6423,22.4002],[113.6424,22.4114],[113.6578,22.4238],[113.6496,22.4386],[113.6234,22.4399],[113.6118,22.4305],[113.6104,22.4133]]],[[[113.9972,22.317],[114.0189,22.2646],[114.0549,22.3363],[113.9972,22.317]]],[[[113.9975,22.265],[113.9976,22.245],[114.0073,22.2521],[113.9975,22.265]]],[[[113.9977,22.2379],[113.9978,22.2151],[114.0002,22.2161],[114.015,22.2271],[113.9977,22.2379]]],[[[114.1043,22.216],[114.1141,22.2161],[114.1108,22.1771],[114.1374,22.1788],[114.1454,22.1787],[114.1391,22.1911],[114.1546,22.2036],[114.1257,22.2052],[114.1328,22.2161],[114.1257,22.2134],[114.1067,22.2358],[114.1043,22.216]]],[[[114.1126,22.2715],[114.2561,22.2036],[114.2156,22.2856],[114.1126,22.2715]]],[[[116.9543,23.5441],[116.9953,23.5348],[117.0093,23.555],[116.9956,23.5635],[116.9543,23.5441]]],[[[117.3405,23.689],[117.3561,23.6892],[117.4185,23.758],[117.4136,23.7717],[117.3727,23.7667],[117.3767,23.7289],[117.3405,23.689]]],[[[118.07,24.4603],[118.1271,24.4312],[118.1814,24.5351],[118.0925,24.5562],[118.07,24.4603]]],[[[119.2092,26.0986],[119.2576,26.0015],[119.405,25.9779],[119.2092,26.0986]]],[[[119.2829,25.4864],[119.3354,25.4864],[119.3465,25.5667],[119.2829,25.4864]]],[[[119.2835,25.4751],[119.2969,25.4229],[119.3222,25.4329],[119.2835,25.4751]]],[[[119.554,26.0956],[119.6441,26.0784],[119.5925,26.1257],[119.554,26.0956]]],[[[119.6685,25.4879],[119.71,25.4879],[119.7,25.4319],[119.8407,25.4765],[119.7988,25.5158],[119.8745,25.5568],[119.7078,25.615],[119.7162,25.5363],[119.7783,25.522],[119.6685,25.4879]]],[[[119.7162,32.2726],[119.8193,32.2038],[119.792,32.1218],[119.9019,32.0734],[119.8143,32.2756],[119.7162,32.2726]]],[[[119.8326,26.5505],[119.886,26.5244],[119.96,26.6113],[120.1344,26.6461],[120.1021,26.6892],[120.1428,26.7328],[120.0625,26.7723],[119.8326,26.5505]]],[[[120.9419,31.8421],[120.9506,31.8252],[120.9778,31.8144],[121.0114,31.8171],[120.9419,31.8421]]],[[[121.2081,28.201],[121.257,28.2138],[121.2564,28.2148],[121.2306,28.2197],[121.2109,28.209],[121.2081,28.201]]],[[[121.212,31.8219],[121.4047,31.8032],[121.3861,31.8117],[121.3226,31.8293],[121.2641,31.8411],[121.2193,31.8295],[121.212,31.8219]]],[[[121.2202,31.7418],[121.4685,31.5894],[121.4544,31.6575],[121.2202,31.7418]]],[[[121.5735,31.529],[121.6292,31.5179],[121.6335,31.529],[121.5735,31.529]]],[[[121.5845,31.4414],[121.5968,31.4332],[121.6004,31.4425],[121.5845,31.4414]]],[[[121.6461,31.4005],[121.78,31.3252],[121.7206,31.4005],[121.6461,31.4005]]],[[[121.67,29.5125],[121.7623,29.4836],[121.764,29.5308],[121.67,29.5125]]],[[[121.7116,29.2152],[121.7743,29.2539],[121.7595,29.357],[121.7116,29.2152]]],[[[121.745,29.5447],[121.8474,29.5242],[121.7608,29.361],[121.8406,29.3188],[121.7903,29.2152],[121.9384,29.2152],[121.9104,29.5246],[121.9712,29.5933],[121.9158,29.6409],[121.745,29.5447]]],[[[121.9336,29.9213],[121.9461,29.904],[121.9741,29.8998],[121.9924,29.9083],[121.9935,29.9188],[121.9771,29.9388],[121.952,29.9467],[121.9409,29.9377],[121.9336,29.9213]]],[[[121.9946,30.0372],[122.0191,29.9972],[122.2798,29.9865],[122.2768,30.0676],[122.1033,30.1437],[122.0321,30.143],[121.9946,30.0372]]]]}},{"type":"Feature","properties":{"territoryId":"cliopatria-q28057-9de11dba0d","name":"Tamna","name_ko":"탐라","color":"#e13380","colorFamily":3,"startYear":263,"endYear":681,"source_name":"Cliopatria v0.2.0","source_url":"https://github.com/Seshat-Global-History-Databank/cliopatria","license":"CC BY 4.0","attribution":"Seshat Global History Databank, Cliopatria contributors"},"geometry":{"type":"Polygon","coordinates":[[[126.1803,33.2616],[126.2008,33.2436],[126.2312,33.2349],[126.2476,33.2126],[126.2982,33.2184],[126.3038,33.2266],[126.3334,33.2382],[126.4452,33.2351],[126.6284,33.256],[126.6407,33.2647],[126.7418,33.2802],[126.7801,33.3055],[126.8096,33.3078],[126.9247,33.477],[126.8982,33.519],[126.8499,33.535],[126.8234,33.5594],[126.7924,33.5638],[126.6394,33.55],[126.5824,33.5293],[126.4849,33.5208],[126.4594,33.5024],[126.3191,33.4667],[126.1803,33.2616]]]}},{"type":"Feature","properties":{"territoryId":"cliopatria-q2247225-df59ad0f60","name":"Tarumanagara","name_ko":"타루마나가라","color":"#7ea8e7","colorFamily":0,"startYear":367,"endYear":533,"source_name":"Cliopatria v0.2.0","source_url":"https://github.com/Seshat-Global-History-Databank/cliopatria","license":"CC BY 4.0","attribution":"Seshat Global History Databank, Cliopatria contributors"},"geometry":{"type":"Polygon","coordinates":[[[105.619,-6.5325],[105.6195,-6.6342],[105.9439,-6.5931],[106.2393,-6.6574],[106.2465,-6.786],[107.2677,-6.786],[107.4828,-6.7217],[107.5449,-6.5288],[107.6178,-6.5288],[107.5377,-6.4002],[107.6002,-6.2074],[107.0444,-5.9143],[107.0213,-5.9241],[107.0256,-5.9587],[106.999,-6.0035],[107.015,-6.029],[107.0051,-6.0724],[106.7932,-6.1041],[106.752,-6.0959],[106.7321,-6.0659],[106.523,-6.0203],[106.4701,-6.0344],[106.346,-5.9817],[106.242,-5.9591],[106.2095,-5.9983],[106.176,-6.0139],[106.1116,-5.9752],[106.1084,-5.9299],[106.0065,-5.9077],[105.9773,-5.9835],[105.8879,-6.0706],[105.8672,-6.1101],[105.8324,-6.2287],[105.8241,-6.4346],[105.8085,-6.4772],[105.7822,-6.5121],[105.7114,-6.5346],[105.6822,-6.5115],[105.6778,-6.4749],[105.6562,-6.4733],[105.619,-6.5325]]]}},{"type":"Feature","properties":{"territoryId":"cliopatria-q2247225-df59ad0f60","name":"Tarumanagara","name_ko":"타루마나가라","color":"#7ea8e7","colorFamily":0,"startYear":534,"endYear":611,"source_name":"Cliopatria v0.2.0","source_url":"https://github.com/Seshat-Global-History-Databank/cliopatria","license":"CC BY 4.0","attribution":"Seshat Global History Databank, Cliopatria contributors"},"geometry":{"type":"Polygon","coordinates":[[[105.3797,-6.8222],[105.4148,-6.8503],[105.7747,-6.8502],[105.9787,-6.8177],[106.333,-7.0007],[106.4517,-6.9551],[106.5108,-6.9638],[106.5371,-6.983],[106.5405,-7.0546],[106.4566,-7.1448],[106.4673,-7.1764],[106.4149,-7.1877],[106.3861,-7.2306],[106.3978,-7.3785],[106.4339,-7.362],[106.5227,-7.411],[107.4114,-7.4959],[107.591,-7.5704],[107.6912,-7.6631],[107.7401,-7.3646],[107.5784,-7.1074],[107.6178,-6.5288],[107.6692,-6.23],[107.6436,-6.2074],[107.5272,-6.2074],[107.2387,-5.9643],[107.1697,-5.9798],[107.0363,-5.9177],[106.999,-6.0035],[107.0051,-6.0724],[106.7932,-6.1041],[106.6454,-6.0788],[106.5603,-6.007],[106.4701,-6.0344],[106.2988,-5.945],[106.2565,-5.9416],[106.2095,-5.9983],[106.1592,-6.0095],[106.1116,-5.9752],[106.1042,-5.9076],[106.0156,-5.8979],[105.8672,-6.1101],[105.8085,-6.4772],[105.7114,-6.5346],[105.6778,-6.4749],[105.6439,-6.4823],[105.6222,-6.6316],[105.5286,-6.7233],[105.4901,-6.809],[105.4407,-6.7941],[105.4007,-6.6991],[105.3797,-6.8222]]]}},{"type":"Feature","properties":{"territoryId":"cliopatria-q172613-f049917ea3","name":"Teotihuacan","name_ko":"테오티우아칸","color":"#336fe1","colorFamily":0,"startYear":106,"endYear":655,"source_name":"Cliopatria v0.2.0","source_url":"https://github.com/Seshat-Global-History-Databank/cliopatria","license":"CC BY 4.0","attribution":"Seshat Global History Databank, Cliopatria contributors"},"geometry":{"type":"Polygon","coordinates":[[[-98.9894,19.4434],[-98.8566,19.1219],[-98.8683,19.1862],[-98.5142,18.8648],[-98.2923,18.8648],[-98.2024,19.1862],[-98.0544,19.1862],[-98.0154,19.3791],[-98.4207,19.5719],[-98.4443,19.7005],[-98.7405,19.7005],[-98.7169,19.5719],[-98.8768,19.6362],[-98.8413,19.4434],[-98.9894,19.4434]]]}},{"type":"Feature","properties":{"territoryId":"cliopatria-q1196201-7ae4be688d","name":"Tuyuhun","name_ko":"토욕혼","color":"#7aeba5","colorFamily":2,"startYear":476,"endYear":535,"source_name":"Cliopatria v0.2.0","source_url":"https://github.com/Seshat-Global-History-Databank/cliopatria","license":"CC BY 4.0","attribution":"Seshat Global History Databank, Cliopatria contributors"},"geometry":{"type":"Polygon","coordinates":[[[81.6947,36.9971],[82.1014,36.8037],[84.8794,37.4483],[86.8295,37.4483],[88.2459,37.7062],[91.0886,37.5773],[91.432,37.4483],[91.7675,37.5128],[93.5209,37.1904],[94.5099,37.126],[96.3958,36.546],[98.8436,36.0308],[99.3088,36.0308],[99.4157,35.902],[100.2198,35.7733],[101.0045,35.3871],[101.5399,34.7436],[101.4161,34.615],[101.5775,34.422],[101.4544,34.2933],[101.6393,34.1647],[101.5029,33.7789],[101.5797,33.7789],[101.5991,33.3931],[101.7736,33.0073],[101.6869,32.7502],[102.5516,33.2645],[103.21,33.3931],[103.4928,33.9718],[103.3856,34.1004],[103.7353,35.4514],[103.63,35.5802],[103.7298,35.8377],[103.6523,35.8377],[103.7278,36.0308],[103.5967,36.2884],[103.6479,36.4172],[103.3886,36.546],[103.2589,36.8037],[103.1033,36.8037],[102.793,37.1904],[102.5593,37.1904],[102.534,37.3193],[102.2485,37.3838],[102.094,37.5773],[102.0961,37.7707],[101.8598,37.5773],[101.5741,37.6417],[101.5492,37.7707],[101.2634,37.8352],[101.2387,37.9643],[100.8745,38.0288],[100.4138,38.6097],[100.2264,38.3515],[99.8104,38.4806],[99.1984,39.2557],[98.9068,39.1265],[98.3841,39.1911],[98.2231,38.9972],[97.9088,38.9972],[97.2078,39.385],[96.7629,39.4496],[96.6538,39.1911],[96.7325,39.1911],[96.7021,38.7389],[96.3618,38.6743],[95.813,38.868],[95.5528,39.1911],[95.3955,39.1911],[95.3185,39.385],[95.0556,39.3203],[94.5849,39.5143],[93.8759,39.5143],[93.3505,39.385],[93.2458,39.5143],[93.2988,39.6436],[93.22,39.6436],[93.2734,39.7729],[93.0905,39.9023],[93.199,40.1612],[93.2781,40.1612],[93.3649,40.5496],[93.5745,40.4849],[93.8455,40.744],[92.769,41.0032],[92.7974,41.068],[92.4798,41.068],[92.1059,40.9384],[90.7814,40.8088],[88.5622,40.2259],[88.246,40.2259],[85.3759,39.3203],[85.148,39.1265],[84.3257,38.8034],[84.1795,38.6097],[83.9442,38.6097],[82.9068,38.0933],[82.4876,37.7707],[82.0552,37.6417],[81.6947,36.9971]]]}},{"type":"Feature","properties":{"territoryId":"cliopatria-q1196201-7ae4be688d","name":"Tuyuhun","name_ko":"토욕혼","color":"#7aeba5","colorFamily":2,"startYear":536,"endYear":601,"source_name":"Cliopatria v0.2.0","source_url":"https://github.com/Seshat-Global-History-Databank/cliopatria","license":"CC BY 4.0","attribution":"Seshat Global History Databank, Cliopatria contributors"},"geometry":{"type":"Polygon","coordinates":[[[81.6947,36.9971],[82.1014,36.8037],[84.8794,37.4483],[86.8295,37.4483],[88.2459,37.7062],[91.0886,37.5773],[91.432,37.4483],[91.7675,37.5128],[93.5209,37.1904],[94.5099,37.126],[96.3958,36.546],[98.8436,36.0308],[99.3088,36.0308],[99.4157,35.902],[100.2198,35.7733],[101.0045,35.3871],[101.5399,34.7436],[101.4161,34.615],[101.5775,34.422],[101.4544,34.2933],[101.6393,34.1647],[101.5029,33.7789],[101.5797,33.7789],[101.5991,33.3931],[101.7736,33.0073],[101.6869,32.7502],[102.5516,33.2645],[103.21,33.3931],[103.4928,33.9718],[103.3856,34.1004],[103.7353,35.4514],[103.63,35.5802],[103.7278,36.0308],[103.5967,36.2884],[103.6479,36.4172],[103.3886,36.546],[103.2589,36.8037],[103.1033,36.8037],[102.9742,37.0615],[102.2485,37.3838],[102.094,37.5773],[102.0961,37.7707],[101.7037,37.5773],[101.5492,37.7707],[101.2634,37.8352],[101.2387,37.9643],[100.8745,38.0288],[100.4138,38.6097],[100.2264,38.3515],[99.8104,38.4806],[99.1984,39.2557],[98.9068,39.1265],[98.3841,39.1911],[98.2231,38.9972],[97.9088,38.9972],[97.2078,39.385],[96.7629,39.4496],[96.6538,39.1911],[96.7325,39.1911],[96.7021,38.7389],[96.3618,38.6743],[95.813,38.868],[95.5528,39.1911],[95.3955,39.1911],[95.3185,39.385],[95.0556,39.3203],[94.5849,39.5143],[93.8759,39.5143],[93.3505,39.385],[93.2458,39.5143],[93.2988,39.6436],[93.22,39.6436],[93.2734,39.7729],[93.0905,39.9023],[93.199,40.1612],[93.2781,40.1612],[93.3649,40.5496],[93.5745,40.4849],[93.8455,40.744],[92.769,41.0032],[92.7974,41.068],[92.4798,41.068],[92.1059,40.9384],[90.7814,40.8088],[88.5622,40.2259],[88.246,40.2259],[85.3759,39.3203],[85.148,39.1265],[84.3257,38.8034],[84.1795,38.6097],[83.9442,38.6097],[82.9068,38.0933],[82.4876,37.7707],[82.0552,37.6417],[81.6947,36.9971]]]}},{"type":"Feature","properties":{"territoryId":"cliopatria-q1501306-fc655e06d0","name":"Vakataka Kingdom","name_ko":"바카타카","color":"#33e18e","colorFamily":2,"startYear":490,"endYear":545,"source_name":"Cliopatria v0.2.0","source_url":"https://github.com/Seshat-Global-History-Databank/cliopatria","license":"CC BY 4.0","attribution":"Seshat Global History Databank, Cliopatria contributors"},"geometry":{"type":"MultiPolygon","coordinates":[[[[72.6678,19.831],[72.6889,19.7488],[72.7328,19.7797],[72.6992,19.7086],[72.7385,19.5556],[72.8792,19.5324],[72.7571,19.4829],[72.7879,19.363],[72.9878,19.3007],[73.0497,19.2177],[72.9823,19.278],[72.8116,19.2989],[72.8096,19.0668],[72.8347,18.9756],[72.9748,19.1631],[72.9992,19.0026],[73.0568,19.0153],[72.9501,18.8598],[73.0163,18.8136],[72.9951,18.731],[72.9357,18.8179],[72.8755,18.6428],[73.015,18.47],[72.9053,18.5138],[72.9448,18.3429],[73.0715,18.273],[73.0575,18.1856],[72.9637,18.2616],[73.1213,17.6264],[73.2007,17.5865],[73.1264,17.5581],[73.249,17.2849],[73.187,17.306],[73.2606,17.1505],[73.2796,16.8955],[73.6719,16.8961],[73.8251,16.9966],[73.6748,17.8985],[74.0377,18.4101],[74.505,18.8009],[75.8238,18.7198],[77.0616,17.8516],[77.5019,17.0251],[77.4968,15.511],[78.3896,15.2879],[78.5568,15.8656],[79.2287,15.9155],[79.6835,15.5055],[80.1115,15.3529],[80.2796,15.7007],[80.3849,15.7928],[80.6702,15.9077],[80.8552,15.8091],[80.8965,16.0311],[80.91,15.8527],[80.9956,15.7901],[81.2596,16.3327],[81.4995,16.3601],[81.3805,16.7222],[81.5273,17.1744],[81.8309,17.5402],[81.1342,17.9809],[80.5171,18.7555],[80.4624,19.1132],[80.5619,19.7983],[81.1242,20.2285],[81.5423,20.3965],[83.1049,20.8018],[83.7668,21.9511],[83.7568,22.306],[82.9457,23.027],[82.443,23.2238],[82.1096,23.2238],[81.4328,22.4303],[80.8804,22.2093],[80.1737,22.9858],[79.5367,23.4111],[78.7952,23.3518],[77.9393,23.8534],[76.7001,24.1988],[76.501,24.5841],[75.8043,24.6203],[75.2121,24.5026],[74.7792,24.4981],[74.5154,24.3395],[74.2716,24.3349],[74.1671,24.2079],[74.0028,23.5983],[74.0327,21.6507],[73.3061,21.3266],[72.6704,21.2399],[72.8096,21.13],[72.8397,20.9737],[72.8884,20.9826],[72.8615,20.8524],[72.9004,20.8681],[72.8858,20.8071],[72.9468,20.7595],[72.8989,20.7322],[72.8865,20.5316],[72.6678,19.831]]],[[[72.7439,19.5345],[72.7482,19.5176],[72.7556,19.5194],[72.7439,19.5345]]],[[[72.9513,19.2928],[72.981,19.28],[72.9727,19.2937],[72.9513,19.2928]]],[[[80.8685,15.812],[80.9865,15.7731],[80.8884,15.8467],[80.8685,15.812]]]]}},{"type":"Feature","properties":{"territoryId":"cliopatria-q1501306-fc655e06d0","name":"Vakataka Kingdom","name_ko":"바카타카","color":"#33e18e","colorFamily":2,"startYear":546,"endYear":554,"source_name":"Cliopatria v0.2.0","source_url":"https://github.com/Seshat-Global-History-Databank/cliopatria","license":"CC BY 4.0","attribution":"Seshat Global History Databank, Cliopatria contributors"},"geometry":{"type":"MultiPolygon","coordinates":[[[[72.6678,19.831],[72.6889,19.7488],[72.7328,19.7797],[72.6992,19.7086],[72.7385,19.5556],[72.8792,19.5324],[72.7571,19.4829],[72.7879,19.363],[72.9878,19.3007],[73.0497,19.2177],[72.9823,19.278],[72.8116,19.2989],[72.8096,19.0668],[72.8347,18.9756],[72.9748,19.1631],[72.9992,19.0026],[73.0568,19.0153],[72.9501,18.8598],[73.0163,18.8136],[72.9951,18.731],[72.9357,18.8179],[72.8755,18.6428],[73.015,18.47],[72.9053,18.5138],[72.9448,18.3429],[73.0715,18.273],[73.0575,18.1856],[72.9637,18.2616],[73.1213,17.6264],[73.2007,17.5865],[73.1264,17.5581],[73.249,17.2849],[73.187,17.306],[73.2606,17.1505],[73.2796,16.8955],[73.6719,16.8961],[73.8251,16.9966],[73.6748,17.8985],[74.0377,18.4101],[74.505,18.8009],[75.8238,18.7198],[77.0616,17.8516],[77.5019,17.0251],[77.4968,15.511],[78.3896,15.2879],[78.5568,15.8656],[79.2287,15.9155],[79.6835,15.5055],[80.1115,15.3529],[80.2796,15.7007],[80.3849,15.7928],[80.6702,15.9077],[80.8552,15.8091],[80.8965,16.0311],[80.91,15.8527],[80.9956,15.7901],[81.2596,16.3327],[81.4995,16.3601],[81.3805,16.7222],[81.5273,17.1744],[81.8309,17.5402],[81.1342,17.9809],[80.5171,18.7555],[80.4624,19.1132],[80.5619,19.7983],[81.1242,20.2285],[81.5423,20.3965],[83.1049,20.8018],[83.7668,21.9511],[83.7568,22.306],[82.9457,23.027],[82.443,23.2238],[82.1096,23.2238],[81.4328,22.4303],[80.8804,22.2093],[80.1737,22.9858],[79.5367,23.4111],[78.7952,23.3518],[77.9393,23.8534],[76.7001,24.1988],[76.501,24.5841],[75.8043,24.6203],[75.2121,24.5026],[74.7792,24.4981],[74.5154,24.3395],[74.2716,24.3349],[74.1671,24.2079],[74.0028,23.5983],[74.0327,21.6507],[73.3061,21.3266],[72.6704,21.2399],[72.8096,21.13],[72.8397,20.9737],[72.8884,20.9826],[72.8615,20.8524],[72.9004,20.8681],[72.8858,20.8071],[72.9468,20.7595],[72.8989,20.7322],[72.8865,20.5316],[72.6678,19.831]]],[[[72.7439,19.5345],[72.7482,19.5176],[72.7556,19.5194],[72.7439,19.5345]]],[[[72.9513,19.2928],[72.981,19.28],[72.9727,19.2937],[72.9513,19.2928]]],[[[80.8685,15.812],[80.9865,15.7731],[80.8884,15.8467],[80.8685,15.812]]]]}},{"type":"Feature","properties":{"territoryId":"cliopatria-q10416611-91a40e9dd0","name":"Vandal Kingdom","name_ko":"반달 왕국","color":"#d9423a","colorFamily":5,"startYear":490,"endYear":522,"source_name":"Cliopatria v0.2.0","source_url":"https://github.com/Seshat-Global-History-Databank/cliopatria","license":"CC BY 4.0","attribution":"Seshat Global History Databank, Cliopatria contributors"},"geometry":{"type":"MultiPolygon","coordinates":[[[[-7.8746,33.5213],[-7.4735,33.2645],[-7.1844,33.5217],[-6.7283,33.5859],[-6.8138,33.7146],[-6.592,33.8432],[-6.6007,33.9718],[-6.3105,34.229],[-6.1566,34.229],[-6.2422,34.3577],[-6.1056,34.615],[-5.8102,34.8079],[-5.2787,34.9366],[-2.809,34.9366],[-1.8763,34.8079],[-1.8057,34.9366],[-1.3459,35.001],[-1.1978,35.1297],[-1.0402,35.0653],[-0.2917,35.5802],[0.4793,35.6445],[0.7724,36.0308],[1.005,36.0308],[1.1547,36.1596],[2.008,36.1596],[2.0031,36.2884],[2.3159,36.224],[2.7747,36.4172],[5.6494,36.3528],[5.8795,36.4816],[6.3468,36.4172],[6.422,36.546],[6.8893,36.4816],[6.9647,36.6105],[7.5865,36.6105],[7.9024,36.224],[7.8282,35.9664],[7.9057,35.9664],[7.9114,35.5158],[7.9888,35.5158],[7.9942,35.0653],[8.2286,34.8079],[8.4594,34.8723],[8.8462,34.7436],[8.9263,34.3577],[9.0033,34.3577],[8.9288,34.0361],[9.0826,34.0361],[9.3159,33.5859],[9.6236,33.4574],[9.5475,33.3288],[9.625,33.1359],[10.0848,33.1359],[10.0086,33.0073],[10.3916,33.0073],[11.1572,32.6859],[11.3099,32.4931],[11.4629,32.5574],[11.539,32.4288],[11.7684,32.4288],[11.7679,32.3002],[12.4559,32.3645],[13.0667,32.3002],[13.0657,32.1717],[13.2953,32.236],[13.8286,32.1074],[14.5861,31.6575],[14.5844,31.529],[15.1873,31.0791],[15.1845,30.8863],[15.4896,30.9506],[16.7012,30.6935],[18.2813,30.0508],[18.8104,29.9865],[18.8839,30.3173],[18.787,30.3722],[18.5925,30.3722],[18.0794,30.8155],[17.3659,31.0866],[16.1786,31.2076],[15.649,31.4005],[15.5323,31.6118],[15.4246,31.6575],[15.2069,32.3645],[14.4444,32.4931],[14.0979,32.7281],[13.4537,32.8145],[13.2571,32.9186],[13.0987,32.8788],[13.148,32.8788],[13.1475,32.8145],[13.0709,32.8145],[13.0714,32.8656],[12.8413,32.8085],[12.8408,32.7502],[12.229,32.8145],[11.4544,33.2002],[11.1578,33.2002],[11.0798,33.5856],[10.7381,33.478],[10.584,33.6644],[10.2368,33.7146],[10.0058,33.9075],[10.0052,34.1706],[10.0661,34.242],[10.0045,34.2933],[10.543,34.5506],[10.8512,34.8079],[10.8512,34.9366],[10.9844,34.9994],[11.055,35.1404],[11.0057,35.3871],[11.0831,35.5073],[11.0169,35.5986],[10.851,35.6445],[10.839,35.7683],[10.6962,35.7089],[10.4635,35.902],[10.5349,36.3573],[10.4625,36.4172],[11.0062,36.8037],[11.0063,36.9971],[10.8751,36.9971],[10.5396,36.7393],[10.3553,36.7312],[10.1885,36.7976],[10.2685,36.9378],[10.1499,36.9971],[10.2271,37.1177],[10.1281,37.1587],[10.2272,37.1949],[9.925,37.213],[9.8159,37.1518],[9.7718,37.2133],[9.8157,37.2491],[9.6158,37.3151],[9.0595,37.0615],[8.9723,37.0975],[8.8544,36.9971],[8.9043,36.9971],[8.9049,36.9326],[8.6921,36.9694],[8.5164,36.8682],[7.7383,36.8682],[7.4902,37.055],[7.3979,37.0615],[7.3463,37.0615],[7.1937,36.8682],[6.8047,36.8682],[6.3339,37.0615],[6.2357,36.9212],[6.1043,36.8741],[6.1058,36.8037],[5.6788,36.8037],[5.5643,36.6749],[5.3044,36.643],[5.0978,36.6749],[4.8595,36.8682],[4.4407,36.9116],[3.85,36.8037],[3.664,36.8344],[3.2299,36.7393],[2.8411,36.7393],[2.6008,36.5963],[2.3516,36.6383],[1.5296,36.4816],[1.1787,36.5109],[0.9138,36.3528],[0.6818,36.3322],[0.6837,36.2884],[0.3652,36.2096],[0.0835,35.8377],[-0.1451,35.7904],[-0.4587,35.8377],[-0.53,35.7089],[-0.9171,35.7089],[-1.0655,35.5802],[-1.1833,35.5765],[-1.1365,35.4514],[-1.3587,35.2584],[-1.5634,35.2584],[-1.8896,35.0653],[-2.6617,35.0653],[-2.8561,35.1313],[-2.9686,35.4464],[-2.9816,35.2584],[-3.1324,35.194],[-4.2059,35.194],[-4.376,35.1518],[-4.7548,35.194],[-5.2398,35.5158],[-5.3411,35.8374],[-5.8766,35.7733],[-5.9999,35.3227],[-6.1455,35.194],[-6.132,35.001],[-6.2346,35.0425],[-6.2003,34.8723],[-6.2775,34.8723],[-6.3324,34.5506],[-6.4821,34.4863],[-6.4732,34.3577],[-6.6785,34.2615],[-6.6139,34.1647],[-6.9038,33.9075],[-6.9526,33.9273],[-7.5291,33.6326],[-7.8746,33.5213]],[[8.2918,36.0952],[8.3693,36.0952],[8.37,36.0308],[8.2925,36.0308],[8.2918,36.0952]]],[[[-4.3019,35.1727],[-4.3009,35.1721],[-4.2994,35.1717],[-4.2977,35.1715],[-4.2969,35.1722],[-4.2987,35.1726],[-4.3,35.1727],[-4.3011,35.1729],[-4.3019,35.1727]]],[[[-2.8832,35.2385],[-2.8683,35.2174],[-2.8226,35.1788],[-2.8237,35.1982],[-2.8784,35.2463],[-2.8832,35.2385]]],[[[9.8196,37.2276],[9.8612,37.2338],[9.906,37.2193],[9.842,37.2404],[9.8196,37.2276]]],[[[1.2204,38.9553],[1.2529,38.8623],[1.4031,38.8323],[1.4147,38.8906],[1.6231,39.0292],[1.5227,39.1189],[1.3568,39.0776],[1.2928,39.0333],[1.301,38.9678],[1.2204,38.9553]]],[[[2.3508,39.5765],[2.487,39.4788],[2.6817,39.5587],[2.7435,39.5234],[2.7866,39.3759],[3.1447,39.3203],[3.2825,39.4201],[3.4744,39.7497],[3.1626,39.7691],[3.1263,39.8319],[3.1959,39.8906],[3.0947,39.8812],[3.1738,39.967],[2.8132,39.8726],[2.3508,39.5765]]],[[[3.8032,40.0181],[3.8307,39.9361],[4.3008,39.8378],[4.1705,40.0646],[4.1423,40.0248],[4.1051,40.0794],[3.8032,40.0181]]],[[[8.1567,40.7718],[8.1974,40.6912],[8.1618,40.5638],[8.1934,40.6175],[8.2163,40.5706],[8.312,40.5781],[8.386,40.3518],[8.4761,40.2921],[8.49,40.1045],[8.3772,40.0338],[8.4004,39.9361],[8.5453,39.8786],[8.5044,39.7215],[8.5658,39.7011],[8.4553,39.7561],[8.4634,39.5769],[8.374,39.3789],[8.4321,39.3018],[8.4095,39.1693],[8.5596,39.0567],[8.606,38.9088],[8.7166,38.9326],[8.8533,38.878],[9.0183,38.9953],[9.0183,39.1461],[9.0798,39.2246],[9.0139,39.2639],[9.166,39.1871],[9.2922,39.2213],[9.4052,39.1521],[9.5664,39.1492],[9.7111,39.9293],[9.6262,40.2631],[9.8225,40.5327],[9.6579,40.7999],[9.724,40.8449],[9.6141,40.8934],[9.6421,40.9206],[9.5042,40.9269],[9.6469,40.9922],[9.5119,41.0163],[9.5541,41.1239],[9.4691,41.1462],[9.4429,41.092],[9.4224,41.1807],[9.1887,41.2487],[9.1419,41.1528],[9.0055,41.1219],[8.8225,40.9473],[8.5205,40.827],[8.3102,40.8507],[8.1812,40.9341],[8.2153,40.8814],[8.1567,40.7718]]],[[[8.3533,39.0556],[8.4312,38.9661],[8.4839,39.0698],[8.3701,39.1131],[8.3533,39.0556]]],[[[9.3758,41.2183],[9.377,41.2133],[9.3953,41.2106],[9.4092,41.2128],[9.3758,41.2183]]],[[[9.437,41.1859],[9.4644,41.1727],[9.4749,41.1793],[9.4749,41.2021],[9.4456,41.2069],[9.437,41.1859]]],[[[8.5453,42.2329],[8.5938,42.1745],[8.5596,42.154],[8.745,42.0566],[8.6457,41.9774],[8.8054,41.9069],[8.7508,41.8455],[8.7849,41.8244],[8.6551,41.7499],[8.9227,41.6946],[8.8018,41.6391],[8.7918,41.5612],[9.0798,41.4824],[9.0964,41.4035],[9.2255,41.3771],[9.2107,41.4482],[9.3506,41.5812],[9.2922,41.6264],[9.3467,41.6196],[9.4016,41.7064],[9.4032,41.9529],[9.5596,42.1466],[9.5281,42.5635],[9.4429,42.6406],[9.464,42.9901],[9.3467,43.0037],[9.3057,42.8393],[9.3425,42.7491],[9.2922,42.6748],[9.1178,42.732],[8.787,42.562],[8.7092,42.5792],[8.6595,42.4299],[8.5491,42.3771],[8.6878,42.2729],[8.5453,42.2329]]],[[[9.4566,42.6474],[9.4768,42.6191],[9.4769,42.6201],[9.4821,42.6201],[9.4566,42.6474]]]]}},{"type":"Feature","properties":{"territoryId":"cliopatria-q10416611-91a40e9dd0","name":"Vandal Kingdom","name_ko":"반달 왕국","color":"#d9423a","colorFamily":5,"startYear":523,"endYear":533,"source_name":"Cliopatria v0.2.0","source_url":"https://github.com/Seshat-Global-History-Databank/cliopatria","license":"CC BY 4.0","attribution":"Seshat Global History Databank, Cliopatria contributors"},"geometry":{"type":"MultiPolygon","coordinates":[[[[-7.8746,33.5213],[-7.4735,33.2645],[-7.1844,33.5217],[-6.7283,33.5859],[-6.8138,33.7146],[-6.592,33.8432],[-6.6007,33.9718],[-6.3105,34.229],[-6.1566,34.229],[-6.2422,34.3577],[-6.1056,34.615],[-5.8102,34.8079],[-5.2787,34.9366],[-2.809,34.9366],[-1.8763,34.8079],[-1.8057,34.9366],[-1.3459,35.001],[-1.1978,35.1297],[-1.0402,35.0653],[-0.2917,35.5802],[0.4793,35.6445],[0.7724,36.0308],[1.005,36.0308],[1.1547,36.1596],[2.008,36.1596],[2.0031,36.2884],[2.3159,36.224],[2.7747,36.4172],[5.6494,36.3528],[5.8795,36.4816],[6.3468,36.4172],[6.422,36.546],[6.8893,36.4816],[6.9647,36.6105],[7.5865,36.6105],[7.9024,36.224],[7.8282,35.9664],[7.9057,35.9664],[7.9114,35.5158],[7.9888,35.5158],[7.9942,35.0653],[8.2286,34.8079],[8.4594,34.8723],[8.8462,34.7436],[8.9263,34.3577],[9.0033,34.3577],[8.9288,34.0361],[9.0826,34.0361],[9.3159,33.5859],[9.6236,33.4574],[9.5475,33.3288],[9.625,33.1359],[10.0848,33.1359],[10.0086,33.0073],[10.3916,33.0073],[11.1572,32.6859],[11.3099,32.4931],[11.4629,32.5574],[11.539,32.4288],[11.7684,32.4288],[11.7679,32.3002],[12.4559,32.3645],[13.0667,32.3002],[13.0657,32.1717],[13.2953,32.236],[13.8286,32.1074],[14.5861,31.6575],[14.5844,31.529],[15.1873,31.0791],[15.1845,30.8863],[15.4896,30.9506],[16.7012,30.6935],[18.2813,30.0508],[18.8104,29.9865],[18.8839,30.3173],[18.787,30.3722],[18.5925,30.3722],[18.0794,30.8155],[17.3659,31.0866],[16.1786,31.2076],[15.649,31.4005],[15.5323,31.6118],[15.4246,31.6575],[15.2069,32.3645],[14.4444,32.4931],[14.0979,32.7281],[13.4537,32.8145],[13.2571,32.9186],[12.8413,32.8085],[12.8408,32.7502],[12.229,32.8145],[11.4544,33.2002],[11.1578,33.2002],[11.0798,33.5856],[10.7381,33.478],[10.584,33.6644],[10.2368,33.7146],[10.0058,33.9075],[10.0052,34.1706],[10.0661,34.242],[10.0045,34.2933],[10.543,34.5506],[10.8512,34.8079],[10.8512,34.9366],[10.9844,34.9994],[11.055,35.1404],[11.0057,35.3871],[11.0831,35.5073],[11.0169,35.5986],[10.851,35.6445],[10.839,35.7683],[10.6962,35.7089],[10.4635,35.902],[10.5349,36.3573],[10.4625,36.4172],[11.0062,36.8037],[11.0063,36.9971],[10.8751,36.9971],[10.5396,36.7393],[10.3553,36.7312],[10.1885,36.7976],[10.2685,36.9378],[10.1824,37.027],[10.2271,37.1177],[10.1281,37.1587],[10.2272,37.1949],[9.925,37.213],[9.8159,37.1518],[9.7718,37.2133],[9.8157,37.2491],[9.6158,37.3151],[9.0595,37.0615],[8.9723,37.0975],[8.8244,36.9795],[8.6443,36.9535],[8.5164,36.8682],[7.7383,36.8682],[7.4902,37.055],[7.3979,37.0615],[7.3463,37.0615],[7.1937,36.8682],[6.8047,36.8682],[6.3339,37.0615],[6.2357,36.9212],[6.1043,36.8741],[6.1058,36.8037],[5.6788,36.8037],[5.5643,36.6749],[5.3044,36.643],[5.0978,36.6749],[4.8595,36.8682],[4.4407,36.9116],[3.85,36.8037],[3.664,36.8344],[3.2299,36.7393],[2.8411,36.7393],[2.6008,36.5963],[2.3516,36.6383],[1.5296,36.4816],[1.1787,36.5109],[0.9138,36.3528],[0.6818,36.3322],[0.6837,36.2884],[0.3652,36.2096],[0.0835,35.8377],[-0.1451,35.7904],[-0.4587,35.8377],[-0.53,35.7089],[-0.9171,35.7089],[-1.0655,35.5802],[-1.1833,35.5765],[-1.1365,35.4514],[-1.3587,35.2584],[-1.5634,35.2584],[-1.8896,35.0653],[-2.6617,35.0653],[-2.8561,35.1313],[-2.9686,35.4464],[-2.9816,35.2584],[-3.1324,35.194],[-4.2059,35.194],[-4.376,35.1518],[-4.7548,35.194],[-5.2398,35.5158],[-5.3411,35.8374],[-5.8766,35.7733],[-5.9999,35.3227],[-6.1455,35.194],[-6.132,35.001],[-6.2346,35.0425],[-6.2003,34.8723],[-6.2775,34.8723],[-6.3324,34.5506],[-6.4821,34.4863],[-6.4732,34.3577],[-6.6785,34.2615],[-6.6139,34.1647],[-6.9038,33.9075],[-6.9526,33.9273],[-7.5291,33.6326],[-7.8746,33.5213]]],[[[-4.3019,35.1727],[-4.3009,35.1721],[-4.2994,35.1717],[-4.2977,35.1715],[-4.2969,35.1722],[-4.2987,35.1726],[-4.3,35.1727],[-4.3011,35.1729],[-4.3019,35.1727]]],[[[-2.8832,35.2385],[-2.8683,35.2174],[-2.8226,35.1788],[-2.8237,35.1982],[-2.8784,35.2463],[-2.8832,35.2385]]],[[[9.8196,37.2276],[9.8612,37.2338],[9.906,37.2193],[9.842,37.2404],[9.8196,37.2276]]],[[[1.2204,38.9553],[1.2529,38.8623],[1.4031,38.8323],[1.4147,38.8906],[1.6231,39.0292],[1.5227,39.1189],[1.3568,39.0776],[1.2928,39.0333],[1.301,38.9678],[1.2204,38.9553]]],[[[2.3508,39.5765],[2.487,39.4788],[2.6817,39.5587],[2.7435,39.5234],[2.7866,39.3759],[3.1447,39.3203],[3.2825,39.4201],[3.4744,39.7497],[3.1626,39.7691],[3.1263,39.8319],[3.1959,39.8906],[3.0947,39.8812],[3.1738,39.967],[2.8132,39.8726],[2.3508,39.5765]]],[[[3.8032,40.0181],[3.8307,39.9361],[4.3008,39.8378],[4.1705,40.0646],[4.1423,40.0248],[4.1051,40.0794],[3.8032,40.0181]]],[[[8.1567,40.7718],[8.1974,40.6912],[8.1618,40.5638],[8.1934,40.6175],[8.2163,40.5706],[8.312,40.5781],[8.386,40.3518],[8.4761,40.2921],[8.49,40.1045],[8.3772,40.0338],[8.4004,39.9361],[8.5453,39.8786],[8.5044,39.7215],[8.5658,39.7011],[8.4553,39.7561],[8.4634,39.5769],[8.374,39.3789],[8.4321,39.3018],[8.4095,39.1693],[8.5596,39.0567],[8.606,38.9088],[8.7166,38.9326],[8.8533,38.878],[9.0183,38.9953],[9.0183,39.1461],[9.0798,39.2246],[9.0139,39.2639],[9.166,39.1871],[9.2922,39.2213],[9.4052,39.1521],[9.5664,39.1492],[9.7111,39.9293],[9.6262,40.2631],[9.8225,40.5327],[9.6579,40.7999],[9.724,40.8449],[9.6141,40.8934],[9.6421,40.9206],[9.5042,40.9269],[9.6469,40.9922],[9.5119,41.0163],[9.5541,41.1239],[9.4691,41.1462],[9.4429,41.092],[9.4224,41.1807],[9.1887,41.2487],[9.1419,41.1528],[9.0055,41.1219],[8.8225,40.9473],[8.5205,40.827],[8.3102,40.8507],[8.1812,40.9341],[8.2153,40.8814],[8.1567,40.7718]]],[[[8.3533,39.0556],[8.4312,38.9661],[8.4839,39.0698],[8.3701,39.1131],[8.3533,39.0556]]],[[[9.3758,41.2183],[9.377,41.2133],[9.3953,41.2106],[9.4092,41.2128],[9.3758,41.2183]]],[[[9.437,41.1859],[9.4644,41.1727],[9.4749,41.1793],[9.4749,41.2021],[9.4456,41.2069],[9.437,41.1859]]],[[[8.5453,42.2329],[8.5938,42.1745],[8.5596,42.154],[8.745,42.0566],[8.6457,41.9774],[8.8054,41.9069],[8.7508,41.8455],[8.7849,41.8244],[8.6551,41.7499],[8.9227,41.6946],[8.8018,41.6391],[8.7918,41.5612],[9.0798,41.4824],[9.0964,41.4035],[9.2255,41.3771],[9.2107,41.4482],[9.3506,41.5812],[9.2922,41.6264],[9.3467,41.6196],[9.4016,41.7064],[9.4032,41.9529],[9.5596,42.1466],[9.5281,42.5635],[9.4429,42.6406],[9.464,42.9901],[9.3467,43.0037],[9.3057,42.8393],[9.3425,42.7491],[9.2922,42.6748],[9.1178,42.732],[8.787,42.562],[8.7092,42.5792],[8.6595,42.4299],[8.5491,42.3771],[8.6878,42.2729],[8.5453,42.2329]]],[[[9.4566,42.6474],[9.4768,42.6191],[9.4769,42.6201],[9.4821,42.6201],[9.4566,42.6474]]]]}},{"type":"Feature","properties":{"territoryId":"cliopatria-q126936-c93e2b800f","name":"Visigothic Kingdom","name_ko":"서고트 왕국","color":"#3edcea","colorFamily":6,"startYear":490,"endYear":509,"source_name":"Cliopatria v0.2.0","source_url":"https://github.com/Seshat-Global-History-Databank/cliopatria","license":"CC BY 4.0","attribution":"Seshat Global History Databank, Cliopatria contributors"},"geometry":{"type":"MultiPolygon","coordinates":[[[[-9.4975,38.8098],[-9.4717,38.7025],[-9.3218,38.6703],[-9.1125,38.7142],[-9.1003,38.8302],[-8.9359,39.0407],[-8.7651,39.0977],[-8.9432,39.0152],[-9.0115,38.9134],[-8.9426,38.7756],[-9.1077,38.6589],[-9.2324,38.6684],[-9.1838,38.5515],[-9.2085,38.416],[-8.9549,38.5051],[-8.7884,38.4814],[-8.7733,38.5653],[-8.7362,38.4519],[-8.6068,38.4187],[-8.8226,38.4463],[-8.7744,38.1869],[-8.817,37.7403],[-8.7522,37.7308],[-8.819,37.6273],[-8.816,37.4179],[-8.9969,37.0218],[-8.7011,37.126],[-8.3117,37.126],[-7.9887,36.9971],[-7.8196,36.9987],[-7.459,37.178],[-7.4653,37.2549],[-6.9042,37.2549],[-6.8527,37.2952],[-6.8854,37.2549],[-6.5435,36.9851],[-6.3467,36.8958],[-6.1948,36.9321],[-6.3382,36.8837],[-6.3301,36.6749],[-6.1794,36.5135],[-6.2146,36.4793],[-6.0688,36.2325],[-5.8311,36.224],[-5.6403,36.0422],[-5.3215,36.2067],[-5.2282,36.4816],[-4.6888,36.546],[-4.4686,36.7393],[-2.6801,36.7393],[-2.5321,36.8682],[-2.0616,36.8037],[-1.8574,37.3193],[-1.6521,37.3626],[-1.7087,37.4483],[-1.2427,37.5792],[-1.1717,37.5518],[-0.7078,37.6411],[-0.8099,37.6669],[-0.8561,37.7425],[-0.788,37.8228],[-0.7607,37.7961],[-0.8035,38.0288],[-0.6609,38.2869],[0.0994,38.7389],[-0.3137,39.1265],[-0.3454,39.7083],[-0.1265,40.0317],[0.1825,40.1612],[0.2478,40.4201],[0.7093,40.6792],[0.6958,40.9384],[1.2384,41.1977],[2.1066,41.3274],[2.3336,41.5869],[2.5725,41.5869],[3.1168,41.9114],[3.1188,42.2183],[3.1773,42.3606],[3.0099,42.5612],[2.9849,43.1467],[3.14,43.2769],[3.6171,43.4072],[3.8509,43.6027],[4.173,43.6027],[4.1778,43.4723],[4.7288,43.4723],[4.6946,43.5791],[4.7424,43.4723],[5.0524,43.4723],[5.0291,43.5586],[5.14,43.4858],[5.2228,43.504],[5.1969,43.4454],[5.3869,43.4072],[5.3908,43.2769],[5.6319,43.2769],[5.7962,43.1467],[6.2782,43.1467],[6.5938,43.2758],[6.6726,43.4723],[6.9985,43.5442],[7.1502,43.733],[7.4715,43.7982],[6.8104,44.516],[6.0852,44.3854],[5.8553,43.9286],[5.0463,43.9938],[4.391,44.2548],[4.3862,44.3854],[4.2244,44.3854],[4.1334,44.6466],[3.9688,44.7119],[4.0395,44.9734],[3.869,45.1696],[3.8582,45.4313],[3.0761,46.4802],[3.2275,46.7429],[2.9651,47.0716],[3.0343,47.3348],[2.9453,47.4665],[2.0236,47.73],[1.3124,47.2032],[-0.0045,47.2032],[-0.0959,47.3348],[-0.2607,47.3348],[-0.27,47.4665],[-1.1769,47.4665],[-1.4088,47.269],[-1.8628,47.269],[-1.727,47.2108],[-2.1613,47.269],[-2.1418,47.1214],[-1.9907,47.0354],[-2.1288,46.8935],[-2.1188,46.82],[-1.9099,46.6918],[-1.7954,46.4945],[-1.7892,46.5329],[-1.2401,46.2842],[-1.1107,46.3027],[-1.2108,46.1745],[-1.0487,46.0388],[-1.1107,46.0184],[-1.0734,45.9044],[-1.1517,45.8681],[-0.9872,45.7174],[-1.1443,45.8061],[-1.2131,45.7588],[-1.0453,45.6933],[-1.0408,45.6302],[-0.7955,45.4771],[-0.656,45.0991],[-0.4938,44.998],[-0.5962,45.0246],[-0.5347,44.895],[-0.716,45.1345],[-0.7662,45.3261],[-0.9153,45.4504],[-1.0317,45.5035],[-1.1434,45.4504],[-1.2201,44.7226],[-1.1722,44.7783],[-1.0447,44.6694],[-1.2134,44.6291],[-1.3355,44.0655],[-1.3214,43.8634],[-1.3925,43.8634],[-1.4599,43.5375],[-1.7634,43.2769],[-1.4418,43.2769],[-1.5177,43.2118],[-1.424,43.0165],[-1.1073,43.0816],[-0.9381,42.9515],[-1.2591,42.9515],[-1.3305,42.8213],[-1.807,42.7563],[-2.1323,42.8213],[-2.2785,42.6262],[-2.5284,42.7563],[-2.6789,42.6262],[-3.7201,42.6262],[-5.7342,42.7563],[-5.7044,42.4312],[-5.7844,42.4312],[-5.9028,41.9764],[-6.1303,41.8465],[-6.2542,41.4571],[-6.8544,41.068],[-6.8626,40.2906],[-7.9269,39.8376],[-8.4729,39.7729],[-8.7571,39.4496],[-8.9146,39.4496],[-8.9745,39.2557],[-9.3422,39.2557],[-9.4975,38.8098]],[[-7.5297,37.5672],[-7.5236,37.5732],[-7.5275,37.5614],[-7.5297,37.5672]],[[-7.5223,37.5475],[-7.496,37.5121],[-7.5154,37.5293],[-7.5223,37.5475]],[[-7.445,37.3868],[-7.4276,37.2745],[-7.4322,37.2639],[-7.445,37.3868]],[[-7.2658,39.2314],[-7.2643,39.2523],[-7.2596,39.2212],[-7.2658,39.2314]],[[-7.0768,39.1115],[-7.0649,39.1148],[-7.0515,39.1099],[-7.0768,39.1115]],[[-7.0298,39.1019],[-7.0158,39.0968],[-6.9857,39.0668],[-7.0298,39.1019]],[[0.6335,42.7448],[0.6476,42.741],[0.6528,42.7338],[0.6335,42.7448]],[[0.6491,42.6881],[0.6591,42.6946],[0.6567,42.688],[0.6491,42.6881]],[[0.661,42.7223],[0.6664,42.7148],[0.6638,42.7075],[0.661,42.7223]],[[1.4076,42.4868],[1.4364,42.4535],[1.4364,42.4495],[1.4076,42.4868]],[[1.418,42.5698],[1.4207,42.5759],[1.4263,42.5618],[1.418,42.5698]],[[1.444,42.4397],[1.494,42.4312],[1.4479,42.4346],[1.444,42.4397]],[[1.5106,42.4299],[1.5444,42.4504],[1.5166,42.4295],[1.5106,42.4299]],[[1.707,42.5028],[1.7112,42.5157],[1.7119,42.4997],[1.707,42.5028]],[[1.7246,42.4919],[1.7927,42.4817],[1.7306,42.4881],[1.7246,42.4919]],[[2.0043,42.3493],[2.0279,42.3508],[2.0092,42.3471],[2.0043,42.3493]],[[2.0575,42.3567],[2.137,42.4162],[2.0633,42.3579],[2.0575,42.3567]],[[6.8661,44.3721],[6.8772,44.4144],[6.8703,44.3667],[6.8661,44.3721]],[[6.9799,44.2461],[6.9887,44.2416],[6.9828,44.2417],[6.9799,44.2461]]],[[[-9.0797,38.8201],[-9.0414,38.8492],[-9.0346,38.8642],[-9.0411,38.8676],[-9.0614,38.8522],[-9.0797,38.8201]]],[[[-8.9426,38.4814],[-8.9114,38.4658],[-8.8817,38.4707],[-8.9045,38.4864],[-8.9273,38.4938],[-8.9426,38.4814]]],[[[-7.8658,36.9971],[-7.8585,36.9971],[-7.8601,37.0004],[-7.8658,36.9971]]],[[[-2.2322,47.269],[-2.2292,47.2648],[-2.218,47.269],[-2.2322,47.269]]],[[[-2.1732,46.9345],[-2.1426,46.9099],[-2.1448,46.9575],[-2.1732,46.9345]]],[[[-1.2275,45.9543],[-1.2227,45.8898],[-1.1778,45.8898],[-1.2275,45.9543]]],[[[-0.7545,37.7744],[-0.7469,37.6838],[-0.7265,37.6652],[-0.7401,37.7025],[-0.7327,37.7477],[-0.7545,37.7744]]],[[[-1.8509,43.3769],[-1.8484,43.3421],[-1.768,43.3421],[-1.7706,43.3787],[-1.7755,43.3762],[-1.7941,43.386],[-1.8113,43.3951],[-1.8509,43.3769]]]]}},{"type":"Feature","properties":{"territoryId":"cliopatria-q126936-c93e2b800f","name":"Visigothic Kingdom","name_ko":"서고트 왕국","color":"#3edcea","colorFamily":6,"startYear":510,"endYear":522,"source_name":"Cliopatria v0.2.0","source_url":"https://github.com/Seshat-Global-History-Databank/cliopatria","license":"CC BY 4.0","attribution":"Seshat Global History Databank, Cliopatria contributors"},"geometry":{"type":"MultiPolygon","coordinates":[[[[-9.4975,38.8098],[-9.4717,38.7025],[-9.3218,38.6703],[-9.1125,38.7142],[-9.1003,38.8302],[-8.9359,39.0407],[-8.7651,39.0977],[-8.9432,39.0152],[-9.0115,38.9134],[-8.9426,38.7756],[-9.1077,38.6589],[-9.2324,38.6684],[-9.1838,38.5515],[-9.2085,38.416],[-8.9549,38.5051],[-8.7884,38.4814],[-8.7733,38.5653],[-8.7362,38.4519],[-8.6068,38.4187],[-8.8226,38.4463],[-8.7744,38.1869],[-8.817,37.7403],[-8.7522,37.7308],[-8.819,37.6273],[-8.816,37.4179],[-8.9969,37.0218],[-8.7011,37.126],[-8.3117,37.126],[-7.9887,36.9971],[-7.8196,36.9987],[-7.459,37.178],[-7.4653,37.2549],[-6.9042,37.2549],[-6.8527,37.2952],[-6.8854,37.2549],[-6.5435,36.9851],[-6.3467,36.8958],[-6.1948,36.9321],[-6.3382,36.8837],[-6.3301,36.6749],[-6.1794,36.5135],[-6.2146,36.4793],[-6.0688,36.2325],[-5.8311,36.224],[-5.6403,36.0422],[-5.3215,36.2067],[-5.2282,36.4816],[-4.6888,36.546],[-4.4686,36.7393],[-2.6801,36.7393],[-2.5321,36.8682],[-2.0616,36.8037],[-1.8574,37.3193],[-1.6521,37.3626],[-1.7087,37.4483],[-1.4038,37.5773],[-0.7078,37.6414],[-0.8099,37.6669],[-0.8561,37.7425],[-0.788,37.8228],[-0.7607,37.7961],[-0.8035,38.0288],[-0.6609,38.2869],[0.0994,38.7389],[-0.3137,39.1265],[-0.3454,39.7083],[-0.2019,39.967],[0.1825,40.1612],[0.2478,40.4201],[0.475,40.6144],[0.7093,40.6792],[0.6958,40.9384],[1.2384,41.1977],[2.1066,41.3274],[2.3336,41.5869],[2.5725,41.5869],[3.1168,41.9114],[3.1188,42.2183],[3.1773,42.3606],[3.0099,42.5612],[2.9849,43.1467],[3.6171,43.4072],[3.6924,43.5375],[4.0925,43.6027],[4.2367,44.0591],[4.1385,44.516],[3.8146,44.516],[3.4292,44.0591],[3.0255,44.0591],[2.7951,43.7982],[2.6338,43.7982],[2.095,43.2769],[1.9503,42.9515],[1.7898,42.9515],[1.4855,42.6262],[1.0747,42.8213],[0.0401,42.6912],[-0.9424,43.0165],[-0.9381,42.9515],[-1.2591,42.9515],[-1.3305,42.8213],[-1.807,42.7563],[-2.1323,42.8213],[-2.2785,42.6262],[-2.5284,42.7563],[-2.6789,42.6262],[-3.7201,42.6262],[-5.7342,42.7563],[-5.7044,42.4312],[-5.7844,42.4312],[-5.9028,41.9764],[-6.1303,41.8465],[-6.2542,41.4571],[-6.8544,41.068],[-6.8626,40.2906],[-7.9269,39.8376],[-8.4729,39.7729],[-8.7571,39.4496],[-8.9146,39.4496],[-8.9745,39.2557],[-9.3422,39.2557],[-9.4975,38.8098]],[[-7.5297,37.5672],[-7.5236,37.5732],[-7.5275,37.5614],[-7.5297,37.5672]],[[-7.5223,37.5475],[-7.496,37.5121],[-7.5154,37.5293],[-7.5223,37.5475]],[[-7.445,37.3868],[-7.4276,37.2745],[-7.4322,37.2639],[-7.445,37.3868]],[[-7.2658,39.2314],[-7.2643,39.2523],[-7.2596,39.2212],[-7.2658,39.2314]],[[-7.0768,39.1115],[-7.0649,39.1148],[-7.0515,39.1099],[-7.0768,39.1115]],[[-7.0298,39.1019],[-7.0158,39.0968],[-6.9857,39.0668],[-7.0298,39.1019]],[[0.6335,42.7448],[0.6476,42.741],[0.6528,42.7338],[0.6335,42.7448]],[[0.6491,42.6881],[0.6591,42.6946],[0.6567,42.688],[0.6491,42.6881]],[[0.661,42.7223],[0.6664,42.7148],[0.6638,42.7075],[0.661,42.7223]],[[1.4076,42.4868],[1.4364,42.4535],[1.4364,42.4495],[1.4076,42.4868]],[[1.418,42.5698],[1.4207,42.5759],[1.4263,42.5618],[1.418,42.5698]],[[1.444,42.4397],[1.494,42.4312],[1.4479,42.4346],[1.444,42.4397]],[[1.5106,42.4299],[1.5444,42.4504],[1.5166,42.4295],[1.5106,42.4299]],[[1.707,42.5028],[1.7112,42.5157],[1.7119,42.4997],[1.707,42.5028]],[[1.7246,42.4919],[1.7927,42.4817],[1.7306,42.4881],[1.7246,42.4919]],[[2.0043,42.3493],[2.0279,42.3508],[2.0092,42.3471],[2.0043,42.3493]],[[2.0575,42.3567],[2.137,42.4162],[2.0633,42.3579],[2.0575,42.3567]]],[[[-9.0797,38.8201],[-9.0414,38.8492],[-9.0346,38.8642],[-9.0411,38.8676],[-9.0614,38.8522],[-9.0797,38.8201]]],[[[-8.9426,38.4814],[-8.9114,38.4658],[-8.8817,38.4707],[-8.9045,38.4864],[-8.9273,38.4938],[-8.9426,38.4814]]],[[[-7.8658,36.9971],[-7.8585,36.9971],[-7.8601,37.0004],[-7.8658,36.9971]]],[[[-0.7545,37.7744],[-0.7469,37.6838],[-0.7265,37.6652],[-0.7401,37.7025],[-0.7327,37.7477],[-0.7545,37.7744]]]]}},{"type":"Feature","properties":{"territoryId":"cliopatria-q126936-c93e2b800f","name":"Visigothic Kingdom","name_ko":"서고트 왕국","color":"#3edcea","colorFamily":6,"startYear":523,"endYear":533,"source_name":"Cliopatria v0.2.0","source_url":"https://github.com/Seshat-Global-History-Databank/cliopatria","license":"CC BY 4.0","attribution":"Seshat Global History Databank, Cliopatria contributors"},"geometry":{"type":"MultiPolygon","coordinates":[[[[-9.4975,38.8098],[-9.4717,38.7025],[-9.3218,38.6703],[-9.1125,38.7142],[-9.1003,38.8302],[-8.9359,39.0407],[-8.7651,39.0977],[-8.9432,39.0152],[-9.0115,38.9134],[-8.9426,38.7756],[-9.1077,38.6589],[-9.2324,38.6684],[-9.1838,38.5515],[-9.2085,38.416],[-8.9549,38.5051],[-8.7884,38.4814],[-8.7733,38.5653],[-8.7362,38.4519],[-8.6068,38.4187],[-8.8226,38.4463],[-8.7744,38.1869],[-8.817,37.7403],[-8.7522,37.7308],[-8.819,37.6273],[-8.816,37.4179],[-8.9969,37.0218],[-8.7011,37.126],[-7.7972,37.0121],[-7.459,37.178],[-7.4653,37.2549],[-6.9042,37.2549],[-6.8527,37.2952],[-6.8854,37.2549],[-6.5435,36.9851],[-6.3467,36.8958],[-6.1948,36.9321],[-6.3382,36.8837],[-6.3301,36.6749],[-6.1794,36.5135],[-6.2146,36.4793],[-6.0688,36.2325],[-5.8311,36.224],[-5.6403,36.0422],[-5.3215,36.2067],[-5.2282,36.4816],[-4.6888,36.546],[-4.4686,36.7393],[-2.6801,36.7393],[-2.5321,36.8682],[-2.0616,36.8037],[-1.8574,37.3193],[-1.6521,37.3626],[-1.7087,37.4483],[-1.4038,37.5773],[-0.7078,37.6414],[-0.8099,37.6669],[-0.8561,37.7425],[-0.788,37.8228],[-0.7607,37.7961],[-0.8035,38.0288],[-0.6609,38.2869],[0.0994,38.7389],[-0.3137,39.1265],[-0.3454,39.7083],[-0.2019,39.967],[0.1825,40.1612],[0.2478,40.4201],[0.475,40.6144],[0.7093,40.6792],[0.6958,40.9384],[1.2384,41.1977],[2.1066,41.3274],[2.3336,41.5869],[2.5725,41.5869],[3.1168,41.9114],[3.1188,42.2183],[3.1773,42.3606],[3.0099,42.5612],[2.9849,43.1467],[3.6171,43.4072],[3.6924,43.5375],[4.0925,43.6027],[4.2367,44.0591],[4.1385,44.516],[3.8146,44.516],[3.4292,44.0591],[3.0255,44.0591],[1.9439,43.0816],[1.9503,42.9515],[1.7898,42.9515],[1.4855,42.6262],[1.0747,42.8213],[0.0401,42.6912],[-0.9424,43.0165],[-0.9381,42.9515],[-1.2591,42.9515],[-1.3305,42.8213],[-1.807,42.7563],[-2.1323,42.8213],[-2.2785,42.6262],[-2.5284,42.7563],[-2.6789,42.6262],[-5.7342,42.7563],[-5.7044,42.4312],[-5.7844,42.4312],[-5.9028,41.9764],[-6.1303,41.8465],[-6.2542,41.4571],[-6.8544,41.068],[-6.8626,40.2906],[-7.9269,39.8376],[-8.4729,39.7729],[-8.7571,39.4496],[-8.9146,39.4496],[-8.9745,39.2557],[-9.3422,39.2557],[-9.4975,38.8098]],[[-7.5297,37.5672],[-7.5236,37.5732],[-7.5275,37.5614],[-7.5297,37.5672]],[[-7.5223,37.5475],[-7.496,37.5121],[-7.5154,37.5293],[-7.5223,37.5475]],[[-7.445,37.3868],[-7.4276,37.2745],[-7.4322,37.2639],[-7.445,37.3868]],[[-7.2658,39.2314],[-7.2643,39.2523],[-7.2596,39.2212],[-7.2658,39.2314]],[[-7.0768,39.1115],[-7.0649,39.1148],[-7.0515,39.1099],[-7.0768,39.1115]],[[-7.0298,39.1019],[-7.0158,39.0968],[-6.9857,39.0668],[-7.0298,39.1019]],[[0.6335,42.7448],[0.6476,42.741],[0.6528,42.7338],[0.6335,42.7448]],[[0.6491,42.6881],[0.6591,42.6946],[0.6567,42.688],[0.6491,42.6881]],[[0.661,42.7223],[0.6664,42.7148],[0.6638,42.7075],[0.661,42.7223]],[[1.4076,42.4868],[1.4364,42.4535],[1.4364,42.4495],[1.4076,42.4868]],[[1.418,42.5698],[1.4207,42.5759],[1.4263,42.5618],[1.418,42.5698]],[[1.444,42.4397],[1.494,42.4312],[1.4479,42.4346],[1.444,42.4397]],[[1.5106,42.4299],[1.5444,42.4504],[1.5166,42.4295],[1.5106,42.4299]],[[1.707,42.5028],[1.7112,42.5157],[1.7119,42.4997],[1.707,42.5028]],[[1.7246,42.4919],[1.7927,42.4817],[1.7306,42.4881],[1.7246,42.4919]],[[2.0043,42.3493],[2.0279,42.3508],[2.0092,42.3471],[2.0043,42.3493]],[[2.0575,42.3567],[2.137,42.4162],[2.0633,42.3579],[2.0575,42.3567]]],[[[-9.0797,38.8201],[-9.0414,38.8492],[-9.0346,38.8642],[-9.0411,38.8676],[-9.0614,38.8522],[-9.0797,38.8201]]],[[[-8.9426,38.4814],[-8.9114,38.4658],[-8.8817,38.4707],[-8.9045,38.4864],[-8.9273,38.4938],[-8.9426,38.4814]]],[[[-0.7545,37.7744],[-0.7469,37.6838],[-0.7265,37.6652],[-0.7401,37.7025],[-0.7327,37.7477],[-0.7545,37.7744]]]]}},{"type":"Feature","properties":{"territoryId":"cliopatria-q126936-c93e2b800f","name":"Visigothic Kingdom","name_ko":"서고트 왕국","color":"#3edcea","colorFamily":6,"startYear":534,"endYear":539,"source_name":"Cliopatria v0.2.0","source_url":"https://github.com/Seshat-Global-History-Databank/cliopatria","license":"CC BY 4.0","attribution":"Seshat Global History Databank, Cliopatria contributors"},"geometry":{"type":"MultiPolygon","coordinates":[[[[-9.4975,38.8098],[-9.4717,38.7025],[-9.3218,38.6703],[-9.1125,38.7142],[-9.1003,38.8302],[-8.9359,39.0407],[-8.7651,39.0977],[-8.9432,39.0152],[-9.0115,38.9134],[-8.9426,38.7756],[-9.1077,38.6589],[-9.2324,38.6684],[-9.1838,38.5515],[-9.2085,38.416],[-8.9549,38.5051],[-8.7884,38.4814],[-8.7733,38.5653],[-8.7362,38.4519],[-8.6068,38.4187],[-8.8226,38.4463],[-8.7744,38.1869],[-8.817,37.7403],[-8.7522,37.7308],[-8.819,37.6273],[-8.816,37.4179],[-8.9969,37.0218],[-8.7011,37.126],[-8.3117,37.126],[-7.9887,36.9971],[-7.8196,36.9987],[-7.459,37.178],[-7.4653,37.2549],[-6.9042,37.2549],[-6.8527,37.2952],[-6.8854,37.2549],[-6.5435,36.9851],[-6.3467,36.8958],[-6.1948,36.9321],[-6.3382,36.8837],[-6.3301,36.6749],[-6.1794,36.5135],[-6.2146,36.4793],[-6.0688,36.2325],[-5.8311,36.224],[-5.6403,36.0422],[-5.3215,36.2067],[-5.2282,36.4816],[-4.6888,36.546],[-4.4686,36.7393],[-2.6801,36.7393],[-2.5321,36.8682],[-2.0616,36.8037],[-1.8574,37.3193],[-1.6521,37.3626],[-1.7087,37.4483],[-1.2427,37.5792],[-1.1717,37.5518],[-0.7078,37.6411],[-0.8099,37.6669],[-0.8561,37.7425],[-0.788,37.8228],[-0.7607,37.7961],[-0.8035,38.0288],[-0.6609,38.2869],[0.0994,38.7389],[-0.3137,39.1265],[-0.3454,39.7083],[-0.1265,40.0317],[0.1825,40.1612],[0.2478,40.4201],[0.7093,40.6792],[0.6958,40.9384],[1.2384,41.1977],[2.1066,41.3274],[2.3336,41.5869],[2.5725,41.5869],[3.1168,41.9114],[3.1188,42.2183],[3.1773,42.3606],[3.0099,42.5612],[2.9849,43.1467],[3.4562,43.4072],[4.0925,43.6027],[4.2367,44.0591],[4.6336,44.2548],[4.0575,44.516],[3.8146,44.516],[3.4292,44.0591],[3.0255,44.0591],[1.9439,43.0816],[1.9503,42.9515],[1.7898,42.9515],[1.4855,42.6262],[1.0747,42.8213],[0.0401,42.6912],[-0.9424,43.0165],[-0.9381,42.9515],[-1.2591,42.9515],[-1.3305,42.8213],[-1.807,42.7563],[-2.1323,42.8213],[-2.2785,42.6262],[-2.5284,42.7563],[-2.6789,42.6262],[-3.7201,42.6262],[-5.7342,42.7563],[-5.7044,42.4312],[-5.7844,42.4312],[-5.9028,41.9764],[-6.1303,41.8465],[-6.2542,41.4571],[-6.8544,41.068],[-6.8626,40.2906],[-7.9269,39.8376],[-8.4729,39.7729],[-8.7571,39.4496],[-8.9146,39.4496],[-8.9745,39.2557],[-9.3422,39.2557],[-9.4975,38.8098]],[[-7.5297,37.5672],[-7.5236,37.5732],[-7.5275,37.5614],[-7.5297,37.5672]],[[-7.5223,37.5475],[-7.496,37.5121],[-7.5154,37.5293],[-7.5223,37.5475]],[[-7.445,37.3868],[-7.4276,37.2745],[-7.4322,37.2639],[-7.445,37.3868]],[[-7.2658,39.2314],[-7.2643,39.2523],[-7.2596,39.2212],[-7.2658,39.2314]],[[-7.0768,39.1115],[-7.0649,39.1148],[-7.0515,39.1099],[-7.0768,39.1115]],[[-7.0298,39.1019],[-7.0158,39.0968],[-6.9857,39.0668],[-7.0298,39.1019]],[[0.6335,42.7448],[0.6476,42.741],[0.6528,42.7338],[0.6335,42.7448]],[[0.6491,42.6881],[0.6591,42.6946],[0.6567,42.688],[0.6491,42.6881]],[[0.661,42.7223],[0.6664,42.7148],[0.6638,42.7075],[0.661,42.7223]],[[1.4076,42.4868],[1.4364,42.4535],[1.4364,42.4495],[1.4076,42.4868]],[[1.418,42.5698],[1.4207,42.5759],[1.4263,42.5618],[1.418,42.5698]],[[1.444,42.4397],[1.494,42.4312],[1.4479,42.4346],[1.444,42.4397]],[[1.5106,42.4299],[1.5444,42.4504],[1.5166,42.4295],[1.5106,42.4299]],[[1.707,42.5028],[1.7112,42.5157],[1.7119,42.4997],[1.707,42.5028]],[[1.7246,42.4919],[1.7927,42.4817],[1.7306,42.4881],[1.7246,42.4919]],[[2.0043,42.3493],[2.0279,42.3508],[2.0092,42.3471],[2.0043,42.3493]],[[2.0575,42.3567],[2.137,42.4162],[2.0633,42.3579],[2.0575,42.3567]]],[[[-9.0797,38.8201],[-9.0414,38.8492],[-9.0346,38.8642],[-9.0411,38.8676],[-9.0614,38.8522],[-9.0797,38.8201]]],[[[-8.9426,38.4814],[-8.9114,38.4658],[-8.8817,38.4707],[-8.9045,38.4864],[-8.9273,38.4938],[-8.9426,38.4814]]],[[[-7.8658,36.9971],[-7.8585,36.9971],[-7.8601,37.0004],[-7.8658,36.9971]]],[[[-0.7545,37.7744],[-0.7469,37.6838],[-0.7265,37.6652],[-0.7401,37.7025],[-0.7327,37.7477],[-0.7545,37.7744]]]]}},{"type":"Feature","properties":{"territoryId":"cliopatria-q126936-c93e2b800f","name":"Visigothic Kingdom","name_ko":"서고트 왕국","color":"#3edcea","colorFamily":6,"startYear":540,"endYear":554,"source_name":"Cliopatria v0.2.0","source_url":"https://github.com/Seshat-Global-History-Databank/cliopatria","license":"CC BY 4.0","attribution":"Seshat Global History Databank, Cliopatria contributors"},"geometry":{"type":"MultiPolygon","coordinates":[[[[-9.4975,38.8098],[-9.4717,38.7025],[-9.3218,38.6703],[-9.1125,38.7142],[-9.1003,38.8302],[-8.9359,39.0407],[-8.7651,39.0977],[-8.9432,39.0152],[-9.0115,38.9134],[-8.9426,38.7756],[-9.1077,38.6589],[-9.2324,38.6684],[-9.1838,38.5515],[-9.2085,38.416],[-8.9549,38.5051],[-8.7884,38.4814],[-8.7733,38.5653],[-8.7362,38.4519],[-8.6068,38.4187],[-8.8226,38.4463],[-8.7744,38.1869],[-8.817,37.7403],[-8.7522,37.7308],[-8.819,37.6273],[-8.816,37.4179],[-8.9969,37.0218],[-8.7011,37.126],[-8.3117,37.126],[-7.9887,36.9971],[-7.8196,36.9987],[-7.459,37.178],[-7.4653,37.2549],[-6.9042,37.2549],[-6.8527,37.2952],[-6.8854,37.2549],[-6.5435,36.9851],[-6.3467,36.8958],[-6.1948,36.9321],[-6.3382,36.8837],[-6.3301,36.6749],[-6.1794,36.5135],[-6.2146,36.4793],[-6.0688,36.2325],[-5.8311,36.224],[-5.6403,36.0422],[-5.3215,36.2067],[-5.2282,36.4816],[-4.6888,36.546],[-4.4686,36.7393],[-2.6801,36.7393],[-2.5321,36.8682],[-2.0616,36.8037],[-1.8574,37.3193],[-1.6521,37.3626],[-1.7087,37.4483],[-1.2427,37.5792],[-1.1717,37.5518],[-0.7078,37.6411],[-0.8099,37.6669],[-0.8561,37.7425],[-0.788,37.8228],[-0.7607,37.7961],[-0.8035,38.0288],[-0.6609,38.2869],[0.0994,38.7389],[-0.3137,39.1265],[-0.3454,39.7083],[-0.1265,40.0317],[0.1825,40.1612],[0.2478,40.4201],[0.7093,40.6792],[0.6958,40.9384],[1.2384,41.1977],[2.1066,41.3274],[2.3336,41.5869],[2.5725,41.5869],[3.1168,41.9114],[3.1188,42.2183],[3.1773,42.3606],[3.0099,42.5612],[2.9849,43.1467],[3.8509,43.6027],[4.0925,43.6027],[4.1633,43.8634],[4.244,43.8634],[4.315,44.1243],[4.6359,44.1896],[4.5504,44.3201],[3.8146,44.516],[3.4292,44.0591],[3.0255,44.0591],[1.9439,43.0816],[1.9503,42.9515],[1.7898,42.9515],[1.4855,42.6262],[1.0747,42.8213],[0.0401,42.6912],[-0.9424,43.0165],[-0.9381,42.9515],[-1.2591,42.9515],[-1.3305,42.8213],[-1.807,42.7563],[-2.1323,42.8213],[-2.2785,42.6262],[-2.5284,42.7563],[-2.6789,42.6262],[-3.7201,42.6262],[-5.7342,42.7563],[-5.7044,42.4312],[-5.7844,42.4312],[-5.9028,41.9764],[-6.1303,41.8465],[-6.2542,41.4571],[-6.8544,41.068],[-6.8626,40.2906],[-7.9269,39.8376],[-8.4729,39.7729],[-8.7571,39.4496],[-8.9146,39.4496],[-8.9745,39.2557],[-9.3422,39.2557],[-9.4975,38.8098]],[[-7.5297,37.5672],[-7.5236,37.5732],[-7.5275,37.5614],[-7.5297,37.5672]],[[-7.5223,37.5475],[-7.496,37.5121],[-7.5154,37.5293],[-7.5223,37.5475]],[[-7.445,37.3868],[-7.4276,37.2745],[-7.4322,37.2639],[-7.445,37.3868]],[[-7.2658,39.2314],[-7.2643,39.2523],[-7.2596,39.2212],[-7.2658,39.2314]],[[-7.0768,39.1115],[-7.0649,39.1148],[-7.0515,39.1099],[-7.0768,39.1115]],[[-7.0298,39.1019],[-7.0158,39.0968],[-6.9857,39.0668],[-7.0298,39.1019]],[[0.6335,42.7448],[0.6476,42.741],[0.6528,42.7338],[0.6335,42.7448]],[[0.6491,42.6881],[0.6591,42.6946],[0.6567,42.688],[0.6491,42.6881]],[[0.661,42.7223],[0.6664,42.7148],[0.6638,42.7075],[0.661,42.7223]],[[1.4076,42.4868],[1.4364,42.4535],[1.4364,42.4495],[1.4076,42.4868]],[[1.418,42.5698],[1.4207,42.5759],[1.4263,42.5618],[1.418,42.5698]],[[1.444,42.4397],[1.494,42.4312],[1.4479,42.4346],[1.444,42.4397]],[[1.5106,42.4299],[1.5444,42.4504],[1.5166,42.4295],[1.5106,42.4299]],[[1.707,42.5028],[1.7112,42.5157],[1.7119,42.4997],[1.707,42.5028]],[[1.7246,42.4919],[1.7927,42.4817],[1.7306,42.4881],[1.7246,42.4919]],[[2.0043,42.3493],[2.0279,42.3508],[2.0092,42.3471],[2.0043,42.3493]],[[2.0575,42.3567],[2.137,42.4162],[2.0633,42.3579],[2.0575,42.3567]]],[[[-9.0797,38.8201],[-9.0414,38.8492],[-9.0346,38.8642],[-9.0411,38.8676],[-9.0614,38.8522],[-9.0797,38.8201]]],[[[-8.9426,38.4814],[-8.9114,38.4658],[-8.8817,38.4707],[-8.9045,38.4864],[-8.9273,38.4938],[-8.9426,38.4814]]],[[[-7.8658,36.9971],[-7.8585,36.9971],[-7.8601,37.0004],[-7.8658,36.9971]]],[[[-0.7545,37.7744],[-0.7469,37.6838],[-0.7265,37.6652],[-0.7401,37.7025],[-0.7327,37.7477],[-0.7545,37.7744]]]]}},{"type":"Feature","properties":{"territoryId":"cliopatria-q1143164-929c2aad64","name":"Western Wei","name_ko":"서위","color":"#e86c2c","colorFamily":1,"startYear":534,"endYear":535,"source_name":"Cliopatria v0.2.0","source_url":"https://github.com/Seshat-Global-History-Databank/cliopatria","license":"CC BY 4.0","attribution":"Seshat Global History Databank, Cliopatria contributors"},"geometry":{"type":"Polygon","coordinates":[[[93.0905,39.9023],[93.2734,39.7729],[93.22,39.6436],[93.2988,39.6436],[93.2458,39.5143],[93.3505,39.385],[93.8759,39.5143],[94.5849,39.5143],[95.0556,39.3203],[95.3185,39.385],[95.3955,39.1911],[95.5528,39.1911],[95.813,38.868],[96.3618,38.6743],[96.7021,38.7389],[96.7325,39.1911],[96.6538,39.1911],[96.7629,39.4496],[97.2078,39.385],[97.9088,38.9972],[98.2231,38.9972],[98.3841,39.1911],[98.9068,39.1265],[99.1984,39.2557],[99.8104,38.4806],[100.2264,38.3515],[100.4138,38.6097],[100.8745,38.0288],[101.2387,37.9643],[101.2634,37.8352],[101.5492,37.7707],[101.5741,37.6417],[101.8598,37.5773],[102.0961,37.7707],[102.094,37.5773],[102.2485,37.3838],[102.534,37.3193],[102.5593,37.1904],[102.793,37.1904],[103.1033,36.8037],[103.2589,36.8037],[103.3886,36.546],[103.6479,36.4172],[103.5967,36.2884],[103.7278,36.0308],[103.6523,35.8377],[103.7298,35.8377],[103.63,35.5802],[103.7353,35.4514],[103.3856,34.1004],[103.4928,33.9718],[103.21,33.3931],[104.6984,33.2645],[105.1667,33.0716],[105.703,33.0716],[105.9483,33.3288],[106.5619,33.3288],[106.7453,33.2002],[107.4822,33.3288],[107.6652,33.2002],[107.6485,32.943],[107.8783,32.943],[108.1016,33.1359],[108.2379,32.8788],[109.1566,32.8788],[109.3161,32.6859],[109.4691,32.6859],[109.4991,32.5574],[109.8814,32.5574],[109.9115,32.4288],[110.1709,32.3002],[111.1641,32.3002],[111.2109,32.4288],[110.7883,32.943],[110.324,33.1359],[110.795,34.1647],[111.0763,34.4863],[111.5768,35.7089],[111.4994,35.7089],[111.5033,35.902],[110.8331,35.9664],[111.0199,36.224],[110.8922,36.2884],[110.9252,36.546],[110.7479,36.6749],[110.8109,36.9971],[110.7331,36.9971],[110.876,37.3193],[110.798,37.3193],[111.0019,37.7707],[111.337,38.1578],[111.1928,38.3515],[111.0362,38.3515],[111.097,38.4806],[110.6748,38.416],[110.3979,38.1578],[109.7615,37.9643],[109.0778,37.8352],[107.9056,37.8352],[107.2455,37.5773],[106.4094,37.4483],[106.0193,37.4483],[105.9966,37.5773],[105.7121,37.6417],[105.7399,37.7062],[105.3494,37.7062],[105.3772,37.7707],[104.4629,37.6417],[104.3616,37.7707],[103.764,37.8352],[103.6626,37.9643],[103.8799,38.2869],[103.7514,38.3515],[103.8361,38.5451],[104.1075,38.8034],[103.6079,38.7389],[103.9386,39.1265],[104.6676,39.5143],[104.5828,39.8376],[101.9495,39.7729],[100.9446,39.6436],[100.9737,39.7083],[100.7372,39.7083],[100.5094,39.9023],[100.3515,39.9023],[100.3809,39.967],[100.1441,39.967],[100.1735,40.0317],[99.3837,40.0317],[99.2842,40.1612],[98.9184,40.2259],[98.9478,40.2906],[98.5026,40.3554],[98.2745,40.5496],[98.0369,40.5496],[97.6305,40.8736],[96.8966,41.0032],[96.9264,41.068],[95.2297,41.0032],[93.8455,40.744],[93.5745,40.4849],[93.3649,40.5496],[93.2781,40.1612],[93.199,40.1612],[93.0905,39.9023]]]}},{"type":"Feature","properties":{"territoryId":"cliopatria-q1143164-929c2aad64","name":"Western Wei","name_ko":"서위","color":"#e86c2c","colorFamily":1,"startYear":536,"endYear":554,"source_name":"Cliopatria v0.2.0","source_url":"https://github.com/Seshat-Global-History-Databank/cliopatria","license":"CC BY 4.0","attribution":"Seshat Global History Databank, Cliopatria contributors"},"geometry":{"type":"Polygon","coordinates":[[[93.0905,39.9023],[93.2734,39.7729],[93.22,39.6436],[93.2988,39.6436],[93.2458,39.5143],[93.3505,39.385],[93.8759,39.5143],[94.5849,39.5143],[95.0556,39.3203],[95.3185,39.385],[95.3955,39.1911],[95.5528,39.1911],[95.813,38.868],[96.3618,38.6743],[96.7021,38.7389],[96.7325,39.1911],[96.6538,39.1911],[96.7629,39.4496],[97.2078,39.385],[97.9088,38.9972],[98.2231,38.9972],[98.3841,39.1911],[98.9068,39.1265],[99.1984,39.2557],[99.8104,38.4806],[100.2264,38.3515],[100.4138,38.6097],[100.8745,38.0288],[101.2387,37.9643],[101.2634,37.8352],[101.5492,37.7707],[101.7037,37.5773],[102.0961,37.7707],[102.094,37.5773],[102.2485,37.3838],[102.9742,37.0615],[103.1033,36.8037],[103.2589,36.8037],[103.3886,36.546],[103.6479,36.4172],[103.5967,36.2884],[103.7278,36.0308],[103.63,35.5802],[103.7353,35.4514],[103.3856,34.1004],[103.4928,33.9718],[103.21,33.3931],[102.5516,33.2645],[101.6869,32.7502],[100.9792,31.0148],[101.0553,31.0148],[100.9393,30.6292],[101.0153,30.6292],[100.9019,30.2436],[100.9778,30.2436],[100.8854,29.9223],[100.9612,29.9223],[100.8886,29.6652],[100.9643,29.6652],[100.8753,29.3438],[100.9509,29.3438],[100.8811,29.0867],[100.9566,29.0867],[100.905,28.8938],[101.0051,28.701],[100.9882,28.6367],[101.9866,28.701],[102.5225,28.4438],[102.4889,28.3153],[102.623,28.251],[102.5997,27.8652],[102.8094,27.8009],[102.8525,27.6724],[103.5463,27.7367],[103.8713,28.1224],[103.8978,28.5081],[104.2924,28.5724],[104.3047,28.8938],[104.6824,28.8938],[105.5287,29.2152],[107.9071,30.565],[108.823,31.7218],[108.9569,32.1074],[109.5755,32.5574],[109.8814,32.5574],[109.9115,32.4288],[110.1709,32.3002],[111.1641,32.3002],[111.2109,32.4288],[110.7883,32.943],[110.324,33.1359],[110.795,34.1647],[111.0763,34.4863],[111.5768,35.7089],[111.4994,35.7089],[111.5033,35.902],[110.8331,35.9664],[111.0199,36.224],[110.8922,36.2884],[110.9252,36.546],[110.7479,36.6749],[110.8109,36.9971],[110.7331,36.9971],[110.876,37.3193],[110.798,37.3193],[111.0019,37.7707],[111.337,38.1578],[111.1928,38.3515],[111.0362,38.3515],[111.097,38.4806],[110.6748,38.416],[110.3979,38.1578],[109.7615,37.9643],[109.0778,37.8352],[107.9056,37.8352],[107.2455,37.5773],[106.4094,37.4483],[106.0193,37.4483],[105.9966,37.5773],[105.7121,37.6417],[105.7399,37.7062],[105.3494,37.7062],[105.3772,37.7707],[104.4629,37.6417],[104.3616,37.7707],[103.764,37.8352],[103.6626,37.9643],[103.8799,38.2869],[103.7514,38.3515],[103.8361,38.5451],[104.1075,38.8034],[103.6079,38.7389],[103.9386,39.1265],[104.6676,39.5143],[104.5828,39.8376],[101.9495,39.7729],[100.9446,39.6436],[100.9737,39.7083],[100.7372,39.7083],[100.5094,39.9023],[100.3515,39.9023],[100.3809,39.967],[100.1441,39.967],[100.1735,40.0317],[99.3837,40.0317],[99.2842,40.1612],[98.9184,40.2259],[98.9478,40.2906],[98.5026,40.3554],[98.2745,40.5496],[98.0369,40.5496],[97.6305,40.8736],[96.8966,41.0032],[96.9264,41.068],[95.2297,41.0032],[93.8455,40.744],[93.5745,40.4849],[93.3649,40.5496],[93.2781,40.1612],[93.199,40.1612],[93.0905,39.9023]]]}},{"type":"Feature","properties":{"territoryId":"cliopatria-q41761342-b92e8761fb","name":"White Huns","name_ko":"백훈족","color":"#4b52dd","colorFamily":0,"startYear":490,"endYear":522,"source_name":"Cliopatria v0.2.0","source_url":"https://github.com/Seshat-Global-History-Databank/cliopatria","license":"CC BY 4.0","attribution":"Seshat Global History Databank, Cliopatria contributors"},"geometry":{"type":"MultiPolygon","coordinates":[[[[52.7151,40.364],[52.7505,40.0941],[53.4985,40.0317],[53.5036,39.9747],[53.5745,39.9679],[53.5111,39.8909],[53.5338,39.6376],[53.5335,39.6805],[53.7362,39.5179],[53.1375,39.4496],[53.5176,39.385],[53.9868,38.9972],[53.8298,37.8352],[53.9079,37.8352],[53.9636,37.3193],[54.6125,37.4483],[54.7941,37.5773],[54.8327,37.7707],[55.1976,38.0288],[56.3062,38.0933],[56.5821,38.2869],[56.8953,38.2869],[57.1946,38.2224],[57.5163,37.8998],[57.9072,37.8998],[58.3984,37.6417],[59.165,37.5773],[59.407,37.2549],[59.9244,37.126],[60.4356,36.6105],[61.1988,36.546],[61.2159,35.902],[61.3436,35.7733],[61.2628,35.3871],[61.1855,35.3871],[61.0539,34.7436],[60.784,34.5506],[60.8227,34.3577],[60.5664,34.229],[60.4915,33.8432],[60.5684,33.8432],[60.3817,33.2645],[60.4584,33.2645],[60.3049,32.4288],[60.3813,32.4288],[60.1937,30.4364],[60.3455,30.4364],[60.6077,30.1794],[60.5873,30.0508],[60.85,29.7937],[61.0015,29.7937],[60.9814,29.6652],[61.4516,29.2795],[61.4882,29.0224],[61.7518,28.7652],[61.6573,28.6367],[61.7988,28.5724],[61.78,28.4438],[61.9876,28.3153],[61.9691,28.1867],[62.1768,28.0581],[62.3484,27.6724],[62.6228,27.4795],[62.6051,27.3509],[62.8132,27.2223],[62.7958,27.0938],[63.004,26.9652],[63.1785,26.5794],[63.5287,26.3865],[63.3866,25.2293],[63.4614,25.2293],[63.5725,25.365],[64.0727,25.3579],[64.0488,25.4165],[63.9766,25.4128],[64.1273,25.4538],[64.1,25.3579],[64.225,25.3579],[64.4393,25.2346],[64.5654,25.2703],[64.6111,25.1886],[64.7018,25.1773],[64.6686,25.2551],[64.7444,25.324],[65.1899,25.3135],[65.2323,25.3707],[65.3954,25.3923],[65.6521,25.3445],[66.1813,25.4531],[66.3411,25.5483],[66.0944,25.4748],[66.1672,25.5661],[66.3755,25.6257],[66.531,25.5181],[66.5912,25.3996],[66.5479,25.3656],[66.7372,25.1811],[66.7044,24.892],[66.6541,24.8392],[66.9651,24.8436],[67.2555,24.748],[67.2117,24.7156],[67.2423,24.473],[67.3625,24.3439],[67.3203,24.3431],[67.3019,24.1829],[67.3535,24.072],[67.5331,24.0703],[67.4583,23.9994],[67.4989,23.9256],[67.5405,23.9393],[67.4886,23.8885],[67.6145,23.8501],[67.6504,23.9331],[67.6301,23.8162],[67.8329,23.8149],[67.8552,23.9119],[67.8689,23.8505],[68.0443,23.8149],[68.0135,23.9393],[68.1523,23.787],[68.1575,23.9051],[68.1637,23.7577],[68.2804,23.686],[68.1502,23.6314],[68.1814,23.5941],[68.3273,23.5869],[68.4277,23.7143],[68.7669,23.8784],[68.8216,23.8784],[68.7638,23.8426],[69.8924,23.9816],[70.055,24.1209],[71.9063,24.0391],[74.0028,23.5983],[74.1671,24.2079],[74.2716,24.3349],[74.5715,24.3935],[74.6058,24.6506],[74.7728,24.7792],[74.7608,25.2293],[75.266,25.615],[75.2852,25.7436],[76.7019,26.6437],[76.8521,26.6437],[77.0453,26.9009],[77.0178,27.6081],[76.8265,27.8009],[76.8498,27.9295],[76.6472,28.0581],[76.415,28.8295],[76.3395,28.8295],[76.3768,29.0224],[76.2508,29.1509],[76.2519,29.5366],[76.1264,29.6652],[76.2416,29.858],[76.3007,30.5007],[77.7311,31.7861],[77.7462,31.8503],[76.8912,32.1074],[76.8453,32.236],[76.6925,32.236],[76.6467,32.3645],[76.4939,32.3645],[76.1119,32.6859],[76.0975,32.943],[75.9288,32.8788],[75.6238,33.2002],[75.4705,33.2002],[75.399,33.8432],[75.3222,33.8432],[75.3752,34.3577],[75.2982,34.3577],[75.4413,34.615],[75.2767,34.8723],[75.3434,35.7089],[75.1631,35.902],[75.198,36.0308],[75.0004,36.1596],[74.8495,36.7393],[74.7119,36.8037],[74.7479,36.9326],[74.6701,36.9326],[74.7842,37.0615],[74.5687,37.126],[74.6832,37.2549],[74.5273,37.2549],[74.6604,37.4483],[74.5414,37.5773],[74.6161,37.8352],[74.538,37.8352],[74.6519,38.2224],[74.8085,38.2224],[74.9839,38.5451],[75.9847,38.7389],[76.6125,38.7389],[77.2198,38.6743],[77.3941,38.4806],[77.4725,38.4806],[78.025,38.7389],[78.3363,39.4496],[78.2576,39.4496],[78.3642,40.2259],[78.2851,40.2259],[78.3883,40.744],[78.2431,41.0032],[78.2899,41.1328],[78.0516,41.1328],[78.0426,41.3274],[77.7953,41.522],[80.0285,42.3662],[79.439,42.4962],[79.4094,42.6262],[79.2492,42.6262],[79.0846,42.8213],[77.9319,42.9515],[75.87,43.0165],[75.7414,42.8864],[75.3404,42.8864],[74.69,43.0816],[74.3035,43.3421],[74.0147,43.2118],[72.499,43.0165],[71.3753,43.0165],[70.3857,43.4072],[70.1538,43.6678],[69.854,43.733],[69.8411,43.9286],[69.5765,43.8634],[68.742,44.2548],[67.6541,44.3854],[67.6982,44.516],[66.9477,44.4507],[64.4804,44.5813],[62.9012,44.9734],[62.5562,45.1696],[61.7021,45.3004],[61.5823,44.908],[61.0169,44.6466],[60.7808,44.1243],[60.6001,44.0591],[60.5049,43.733],[60.2872,43.5375],[59.1235,43.4072],[58.6329,43.6678],[58.4175,43.4723],[58.2566,43.4723],[57.4649,41.3922],[56.8274,40.744],[54.3851,40.8088],[54.2872,40.7959],[54.3182,40.7216],[54.4304,40.7214],[54.3626,40.6879],[54.4036,40.6737],[54.1711,40.7297],[53.721,40.6257],[53.6881,40.7167],[53.4044,40.6792],[53.3794,40.7915],[53.3397,40.744],[52.9433,40.744],[52.9723,40.8736],[52.893,40.8736],[52.7927,40.4201],[52.7251,40.4201],[52.7151,40.364]],[[54.7873,37.6519],[54.8136,37.7186],[54.8234,37.7283],[54.7873,37.6519]],[[55.4474,38.0837],[55.6299,38.1056],[55.511,38.0858],[55.4474,38.0837]],[[55.724,38.1169],[55.7384,38.1186],[55.7688,38.1115],[55.724,38.1169]],[[55.8208,38.0995],[55.8798,38.0858],[55.8541,38.086],[55.8208,38.0995]],[[57.1814,38.2757],[57.1859,38.2765],[57.2183,38.2651],[57.1814,38.2757]],[[63.1743,26.685],[63.1823,26.8302],[63.1896,26.846],[63.1743,26.685]],[[63.1896,26.846],[63.206,26.8537],[63.2467,26.8595],[63.1896,26.846]],[[64.589,36.5802],[64.5901,36.5947],[64.6105,36.5009],[64.589,36.5802]],[[64.5911,36.6093],[64.592,36.6211],[64.5985,36.6369],[64.5911,36.6093]],[[64.614,36.6746],[64.6214,36.6926],[64.7652,36.9046],[64.614,36.6746]],[[64.7788,37.118],[64.8079,37.1355],[64.9891,37.2137],[64.7788,37.118]],[[66.0797,37.4409],[66.1545,37.3835],[66.1429,37.3851],[66.0797,37.4409]],[[66.3069,38.0804],[66.4204,38.0419],[66.4083,38.0428],[66.3069,38.0804]],[[66.4878,37.3422],[66.5196,37.3642],[66.531,37.3649],[66.4878,37.3422]],[[66.5399,38.028],[66.5542,38.0269],[66.5722,38.0184],[66.5399,38.028]],[[67.7731,37.11],[67.7741,37.1205],[67.7823,37.1029],[67.7731,37.11]],[[67.8003,37.0891],[67.8176,37.0806],[67.808,37.0832],[67.8003,37.0891]],[[68.0169,36.9294],[68.0256,36.9271],[68.0202,36.9257],[68.0169,36.9294]],[[68.0433,36.9316],[68.1864,37.0183],[68.0549,36.9346],[68.0433,36.9316]],[[68.3214,23.9247],[68.335,23.941],[68.326,23.9278],[68.3214,23.9247]],[[68.3439,23.9651],[68.3489,23.9646],[68.3536,23.9393],[68.3439,23.9651]],[[69.2457,37.1039],[69.3143,37.1189],[69.3121,37.1175],[69.2457,37.1039]],[[69.313,39.9848],[69.314,39.9869],[69.3174,39.9848],[69.313,39.9848]],[[69.4122,39.525],[69.5144,39.5376],[69.4773,39.5304],[69.4122,39.525]],[[69.6528,40.6453],[69.6909,40.63],[69.6601,40.6387],[69.6528,40.6453]],[[70.0521,24.2021],[70.0872,24.2826],[70.0929,24.2883],[70.0521,24.2021]],[[70.1052,24.3004],[70.1097,24.3049],[70.2426,24.3306],[70.1052,24.3004]],[[70.3579,42.0622],[70.4554,42.0937],[70.4631,42.0897],[70.3579,42.0622]],[[70.5658,24.2806],[70.5767,24.2675],[70.5677,24.2728],[70.5658,24.2806]],[[71.0458,42.291],[71.0776,42.2812],[71.2179,42.2064],[71.0458,42.291]],[[71.1435,42.6116],[71.149,42.6779],[71.1481,42.6174],[71.1435,42.6116]],[[71.3191,36.2006],[71.3935,36.228],[71.3824,36.2186],[71.3191,36.2006]],[[71.3298,42.737],[71.3559,42.7504],[71.3476,42.7428],[71.3298,42.737]],[[71.3564,35.9331],[71.3685,35.894],[71.3607,35.9003],[71.3564,35.9331]],[[71.4008,35.868],[71.4167,35.8588],[71.4234,35.8499],[71.4008,35.868]],[[71.4471,35.8179],[71.4644,35.7947],[71.4658,35.7881],[71.4471,35.8179]],[[71.4756,35.741],[71.5027,35.7191],[71.5074,35.7095],[71.4756,35.741]],[[71.4833,35.6266],[71.5059,35.6034],[71.4927,35.6096],[71.4833,35.6266]],[[71.5144,35.6753],[71.5151,35.6935],[71.5198,35.6838],[71.5144,35.6753]],[[71.5316,35.3279],[71.6138,35.4035],[71.6111,35.3955],[71.5316,35.3279]],[[71.5597,42.7606],[71.573,42.7601],[71.5663,42.7572],[71.5597,42.7606]],[[71.573,35.5692],[71.5842,35.5642],[71.5935,35.5494],[71.573,35.5692]],[[72.1496,36.6893],[72.1535,36.7021],[72.1657,36.7071],[72.1496,36.6893]],[[72.1861,36.7153],[72.2136,36.7264],[72.2821,36.738],[72.1861,36.7153]],[[72.3215,36.7447],[72.3873,36.7558],[72.4541,36.758],[72.3215,36.7447]],[[72.6028,36.8252],[72.6296,36.8329],[72.6623,36.8326],[72.6028,36.8252]],[[72.7375,36.8318],[72.8677,36.8304],[72.7794,36.8268],[72.7375,36.8318]],[[72.9768,40.7361],[73.118,40.7829],[73.0706,40.7625],[72.9768,40.7361]],[[73.1891,42.5208],[73.2783,42.5134],[73.2872,42.5088],[73.1891,42.5208]],[[73.3676,39.4438],[73.4769,39.4648],[73.4924,39.4642],[73.3676,39.4438]],[[73.6401,36.8966],[73.7729,36.892],[73.8071,36.8848],[73.6401,36.8966]],[[73.7749,34.371],[73.7798,34.3961],[73.7963,34.4185],[73.7749,34.371]],[[73.7827,34.3468],[73.8217,34.3204],[73.8042,34.3275],[73.7827,34.3468]],[[73.8198,39.7667],[73.8208,39.7783],[73.8295,39.747],[73.8198,39.7667]],[[73.8222,39.7962],[73.823,39.8057],[73.8287,39.8145],[73.8222,39.7962]],[[73.8286,39.4744],[73.8428,39.4856],[73.8383,39.4757],[73.8286,39.4744]],[[73.8356,34.3146],[73.9377,34.3042],[73.8533,34.3074],[73.8356,34.3146]],[[73.8381,39.8289],[73.8441,39.8381],[73.8807,39.865],[73.8381,39.8289]],[[73.8492,36.876],[73.8651,36.8726],[73.9469,36.8309],[73.8492,36.876]],[[73.8705,39.5468],[73.9268,39.5929],[73.9216,39.5821],[73.8705,39.5468]],[[73.8937,34.0543],[73.9458,34.0098],[73.9162,34.0279],[73.8937,34.0543]],[[73.9653,40.0301],[73.9664,40.0333],[73.9705,40.0363],[73.9653,40.0301]],[[74.4446,37.0023],[74.457,37.0044],[74.4713,36.9998],[74.4446,37.0023]],[[74.4787,36.9974],[74.4803,36.9969],[74.5214,36.9585],[74.4787,36.9974]],[[74.5351,31.7711],[74.5408,31.8109],[74.5485,31.8201],[74.5351,31.7711]],[[74.5589,31.8325],[74.5656,31.8405],[74.67,31.9042],[74.5589,31.8325]],[[74.8348,38.4561],[74.8358,38.4552],[74.8444,38.4172],[74.8348,38.4561]],[[76.5098,42.3662],[76.5263,42.6262],[78.6586,42.7563],[78.5835,42.5612],[78.0358,42.1712],[77.3726,42.1063],[76.5098,42.3662]],[[76.5564,40.5657],[76.614,40.6065],[76.6094,40.5971],[76.5564,40.5657]],[[76.6217,40.6225],[76.6308,40.7289],[76.6242,40.6275],[76.6217,40.6225]]],[[[66.3662,25.5304],[66.5006,25.4011],[66.4575,25.4538],[66.4922,25.481],[66.3662,25.5304]]],[[[67.4418,24.0595],[67.4542,24.0142],[67.4854,24.0485],[67.4418,24.0595]]],[[[68.1425,23.7],[68.1491,23.6945],[68.1575,23.6962],[68.1473,23.7428],[68.1425,23.7]]],[[[68.4089,23.6213],[68.4116,23.4947],[68.4773,23.6216],[68.4089,23.6213]]],[[[68.4237,23.4458],[68.4985,23.4212],[68.4586,23.4952],[68.4237,23.4458]]],[[[68.4688,23.6408],[68.4927,23.6376],[68.4925,23.6343],[68.712,23.8181],[68.6707,23.8157],[68.6379,23.7615],[68.5835,23.7353],[68.5335,23.6792],[68.4694,23.6592],[68.4688,23.6408]]],[[[68.5176,23.3856],[68.5207,23.3692],[68.5279,23.3649],[68.5288,23.3649],[68.5176,23.3856]]]]}},{"type":"Feature","properties":{"territoryId":"cliopatria-q41761342-b92e8761fb","name":"White Huns","name_ko":"백훈족","color":"#4b52dd","colorFamily":0,"startYear":523,"endYear":533,"source_name":"Cliopatria v0.2.0","source_url":"https://github.com/Seshat-Global-History-Databank/cliopatria","license":"CC BY 4.0","attribution":"Seshat Global History Databank, Cliopatria contributors"},"geometry":{"type":"MultiPolygon","coordinates":[[[[56.5911,40.4201],[57.0348,40.2906],[57.083,40.1612],[58.3952,40.3554],[58.6005,40.2259],[58.9167,40.2259],[59.0427,40.0964],[59.6748,40.0964],[59.6894,39.8376],[59.973,39.7083],[60.6665,39.6436],[60.6344,39.5143],[61.0282,39.5143],[61.9942,39.9023],[62.5637,39.967],[62.6876,39.8376],[62.6538,39.7083],[63.0883,39.2557],[63.2457,39.2557],[63.4155,38.9972],[63.5726,38.9972],[63.6804,38.8034],[63.8374,38.8034],[64.0075,38.5451],[64.3669,38.416],[64.7397,38.0288],[64.8159,37.3838],[64.9407,37.2549],[64.9298,37.1881],[64.9891,37.2137],[64.9295,37.1866],[64.7613,36.1596],[64.8389,36.1596],[64.7707,35.5158],[64.8967,35.3871],[64.9028,35.0653],[65.1692,34.8723],[65.1411,34.7436],[65.4565,34.422],[66.0165,34.1647],[66.5206,33.6502],[66.8769,33.5217],[66.9892,33.3288],[67.2193,33.3288],[67.1919,33.2002],[67.4218,33.2002],[68.1195,32.8788],[67.7955,32.4288],[67.4256,30.9506],[67.3496,30.9506],[66.5539,28.5724],[66.4784,28.5724],[66.3977,26.5151],[65.8192,25.4009],[66.2061,25.4601],[66.2446,25.5144],[66.0944,25.4748],[66.2581,25.612],[66.3755,25.6257],[66.531,25.5181],[66.5642,25.3829],[66.7372,25.1811],[66.7044,24.892],[66.6541,24.8392],[66.9651,24.8436],[67.2555,24.748],[67.2117,24.7156],[67.2423,24.473],[67.3625,24.3439],[67.3203,24.3431],[67.3019,24.1829],[67.3535,24.072],[67.5331,24.0703],[67.4583,23.9994],[67.4989,23.9256],[67.5405,23.9393],[67.4886,23.8885],[67.6145,23.8501],[67.6504,23.9331],[67.6301,23.8162],[67.8329,23.8149],[67.8552,23.9119],[67.8689,23.8505],[68.0443,23.8149],[68.0135,23.9393],[68.1523,23.787],[68.1575,23.9051],[68.1637,23.7577],[68.2804,23.686],[68.1434,23.6127],[68.3273,23.5869],[68.4277,23.7143],[68.7669,23.8784],[68.8216,23.8784],[68.7638,23.8426],[69.8924,23.9816],[70.055,24.1209],[71.9063,24.0391],[74.0028,23.5983],[74.1671,24.2079],[74.2716,24.3349],[74.5715,24.3935],[74.6058,24.6506],[74.7728,24.7792],[74.7608,25.2293],[75.266,25.615],[75.2852,25.7436],[76.7019,26.6437],[76.8521,26.6437],[77.0453,26.9009],[77.0178,27.6081],[76.8265,27.8009],[76.8498,27.9295],[76.6472,28.0581],[76.415,28.8295],[76.3395,28.8295],[76.3768,29.0224],[76.2508,29.1509],[76.2519,29.5366],[76.1264,29.6652],[76.2416,29.858],[76.3007,30.5007],[77.7311,31.7861],[77.7462,31.8503],[76.8912,32.1074],[76.8453,32.236],[76.6925,32.236],[76.6467,32.3645],[76.4939,32.3645],[76.1119,32.6859],[76.0975,32.943],[75.9288,32.8788],[75.6238,33.2002],[75.4705,33.2002],[75.399,33.8432],[75.3222,33.8432],[75.3752,34.3577],[75.2982,34.3577],[75.4413,34.615],[75.2767,34.8723],[75.3434,35.7089],[75.1631,35.902],[75.198,36.0308],[75.0004,36.1596],[74.8495,36.7393],[74.7119,36.8037],[74.7479,36.9326],[74.6701,36.9326],[74.7842,37.0615],[74.5687,37.126],[74.6832,37.2549],[74.5273,37.2549],[74.6604,37.4483],[74.5414,37.5773],[74.6161,37.8352],[74.538,37.8352],[74.6519,38.2224],[74.8085,38.2224],[74.9839,38.5451],[75.9847,38.7389],[76.6125,38.7389],[77.2198,38.6743],[77.3941,38.4806],[77.4725,38.4806],[78.025,38.7389],[78.3363,39.4496],[78.2576,39.4496],[78.3642,40.2259],[78.2851,40.2259],[78.3883,40.744],[78.2431,41.0032],[78.2899,41.1328],[78.0516,41.1328],[78.0426,41.3274],[77.7953,41.522],[80.0285,42.3662],[79.439,42.4962],[79.4094,42.6262],[79.2492,42.6262],[79.0846,42.8213],[77.9319,42.9515],[75.87,43.0165],[75.7414,42.8864],[75.3404,42.8864],[74.69,43.0816],[74.3035,43.3421],[74.0147,43.2118],[72.499,43.0165],[71.3753,43.0165],[70.3857,43.4072],[70.1538,43.6678],[69.854,43.733],[69.8411,43.9286],[69.5765,43.8634],[68.742,44.2548],[67.6541,44.3854],[67.6982,44.516],[66.9477,44.4507],[64.4804,44.5813],[62.9012,44.9734],[62.5562,45.1696],[61.7021,45.3004],[61.5823,44.908],[61.0169,44.6466],[60.7808,44.1243],[60.6001,44.0591],[60.5049,43.733],[60.2872,43.5375],[59.1235,43.4072],[58.6329,43.6678],[58.4175,43.4723],[58.2566,43.4723],[57.4649,41.3922],[56.7482,40.744],[56.5911,40.4201]],[[66.0797,37.4409],[66.1545,37.3835],[66.1429,37.3851],[66.0797,37.4409]],[[66.3069,38.0804],[66.4204,38.0419],[66.4083,38.0428],[66.3069,38.0804]],[[66.4878,37.3422],[66.5196,37.3642],[66.531,37.3649],[66.4878,37.3422]],[[66.5399,38.028],[66.5542,38.0269],[66.5722,38.0184],[66.5399,38.028]],[[67.7731,37.11],[67.7741,37.1205],[67.7823,37.1029],[67.7731,37.11]],[[67.8003,37.0891],[67.8176,37.0806],[67.808,37.0832],[67.8003,37.0891]],[[68.0169,36.9294],[68.0256,36.9271],[68.0202,36.9257],[68.0169,36.9294]],[[68.0433,36.9316],[68.1864,37.0183],[68.0549,36.9346],[68.0433,36.9316]],[[68.3214,23.9247],[68.335,23.941],[68.326,23.9278],[68.3214,23.9247]],[[68.3439,23.9651],[68.3489,23.9646],[68.3536,23.9393],[68.3439,23.9651]],[[69.2457,37.1039],[69.3143,37.1189],[69.3121,37.1175],[69.2457,37.1039]],[[69.313,39.9848],[69.314,39.9869],[69.3174,39.9848],[69.313,39.9848]],[[69.4122,39.525],[69.5144,39.5376],[69.4773,39.5304],[69.4122,39.525]],[[69.6528,40.6453],[69.6909,40.63],[69.6601,40.6387],[69.6528,40.6453]],[[70.0521,24.2021],[70.0872,24.2826],[70.0929,24.2883],[70.0521,24.2021]],[[70.1052,24.3004],[70.1097,24.3049],[70.2426,24.3306],[70.1052,24.3004]],[[70.3579,42.0622],[70.4554,42.0937],[70.4631,42.0897],[70.3579,42.0622]],[[70.5658,24.2806],[70.5767,24.2675],[70.5677,24.2728],[70.5658,24.2806]],[[71.0458,42.291],[71.0776,42.2812],[71.2179,42.2064],[71.0458,42.291]],[[71.1435,42.6116],[71.149,42.6779],[71.1481,42.6174],[71.1435,42.6116]],[[71.3191,36.2006],[71.3935,36.228],[71.3824,36.2186],[71.3191,36.2006]],[[71.3298,42.737],[71.3559,42.7504],[71.3476,42.7428],[71.3298,42.737]],[[71.3564,35.9331],[71.3685,35.894],[71.3607,35.9003],[71.3564,35.9331]],[[71.4008,35.868],[71.4167,35.8588],[71.4234,35.8499],[71.4008,35.868]],[[71.4471,35.8179],[71.4644,35.7947],[71.4658,35.7881],[71.4471,35.8179]],[[71.4756,35.741],[71.5027,35.7191],[71.5074,35.7095],[71.4756,35.741]],[[71.4833,35.6266],[71.5059,35.6034],[71.4927,35.6096],[71.4833,35.6266]],[[71.5144,35.6753],[71.5151,35.6935],[71.5198,35.6838],[71.5144,35.6753]],[[71.5316,35.3279],[71.6138,35.4035],[71.6111,35.3955],[71.5316,35.3279]],[[71.5597,42.7606],[71.573,42.7601],[71.5663,42.7572],[71.5597,42.7606]],[[71.573,35.5692],[71.5842,35.5642],[71.5935,35.5494],[71.573,35.5692]],[[72.1496,36.6893],[72.1535,36.7021],[72.1657,36.7071],[72.1496,36.6893]],[[72.1861,36.7153],[72.2136,36.7264],[72.2821,36.738],[72.1861,36.7153]],[[72.3215,36.7447],[72.3873,36.7558],[72.4541,36.758],[72.3215,36.7447]],[[72.6028,36.8252],[72.6296,36.8329],[72.6623,36.8326],[72.6028,36.8252]],[[72.7375,36.8318],[72.8677,36.8304],[72.7794,36.8268],[72.7375,36.8318]],[[72.9768,40.7361],[73.118,40.7829],[73.0706,40.7625],[72.9768,40.7361]],[[73.1891,42.5208],[73.2783,42.5134],[73.2872,42.5088],[73.1891,42.5208]],[[73.3676,39.4438],[73.4769,39.4648],[73.4924,39.4642],[73.3676,39.4438]],[[73.6401,36.8966],[73.7729,36.892],[73.8071,36.8848],[73.6401,36.8966]],[[73.7749,34.371],[73.7798,34.3961],[73.7963,34.4185],[73.7749,34.371]],[[73.7827,34.3468],[73.8217,34.3204],[73.8042,34.3275],[73.7827,34.3468]],[[73.8198,39.7667],[73.8208,39.7783],[73.8295,39.747],[73.8198,39.7667]],[[73.8222,39.7962],[73.823,39.8057],[73.8287,39.8145],[73.8222,39.7962]],[[73.8286,39.4744],[73.8428,39.4856],[73.8383,39.4757],[73.8286,39.4744]],[[73.8356,34.3146],[73.9377,34.3042],[73.8533,34.3074],[73.8356,34.3146]],[[73.8381,39.8289],[73.8441,39.8381],[73.8807,39.865],[73.8381,39.8289]],[[73.8492,36.876],[73.8651,36.8726],[73.9469,36.8309],[73.8492,36.876]],[[73.8705,39.5468],[73.9268,39.5929],[73.9216,39.5821],[73.8705,39.5468]],[[73.8937,34.0543],[73.9458,34.0098],[73.9162,34.0279],[73.8937,34.0543]],[[73.9653,40.0301],[73.9664,40.0333],[73.9705,40.0363],[73.9653,40.0301]],[[74.4446,37.0023],[74.457,37.0044],[74.4713,36.9998],[74.4446,37.0023]],[[74.4787,36.9974],[74.4803,36.9969],[74.5214,36.9585],[74.4787,36.9974]],[[74.5351,31.7711],[74.5408,31.8109],[74.5485,31.8201],[74.5351,31.7711]],[[74.5589,31.8325],[74.5656,31.8405],[74.67,31.9042],[74.5589,31.8325]],[[74.8348,38.4561],[74.8358,38.4552],[74.8444,38.4172],[74.8348,38.4561]],[[76.5564,40.5657],[76.614,40.6065],[76.6094,40.5971],[76.5564,40.5657]],[[76.6217,40.6225],[76.6308,40.7289],[76.6242,40.6275],[76.6217,40.6225]]],[[[66.2581,25.5431],[66.2584,25.534],[66.2656,25.5441],[66.2581,25.5431]]],[[[66.2843,25.5465],[66.3957,25.5134],[66.3885,25.522],[66.3527,25.5355],[66.3364,25.5534],[66.2843,25.5465]]],[[[66.4555,25.4957],[66.4605,25.4942],[66.4562,25.496],[66.4555,25.4957]]],[[[66.4902,25.4818],[66.4913,25.4803],[66.4922,25.481],[66.4902,25.4818]]],[[[67.4418,24.0595],[67.4542,24.0142],[67.4854,24.0485],[67.4418,24.0595]]],[[[68.1425,23.7],[68.1491,23.6945],[68.1575,23.6962],[68.1473,23.7428],[68.1425,23.7]]],[[[68.4089,23.6213],[68.4116,23.4947],[68.4773,23.6216],[68.4089,23.6213]]],[[[68.4237,23.4458],[68.4985,23.4212],[68.4586,23.4952],[68.4237,23.4458]]],[[[68.4688,23.6408],[68.4927,23.6376],[68.4925,23.6343],[68.712,23.8181],[68.6707,23.8157],[68.6379,23.7615],[68.5835,23.7353],[68.5335,23.6792],[68.4694,23.6592],[68.4688,23.6408]]],[[[68.5176,23.3856],[68.5207,23.3692],[68.5279,23.3649],[68.5288,23.3649],[68.5176,23.3856]]]]}},{"type":"Feature","properties":{"territoryId":"cliopatria-q41761342-b92e8761fb","name":"White Huns","name_ko":"백훈족","color":"#4b52dd","colorFamily":0,"startYear":534,"endYear":539,"source_name":"Cliopatria v0.2.0","source_url":"https://github.com/Seshat-Global-History-Databank/cliopatria","license":"CC BY 4.0","attribution":"Seshat Global History Databank, Cliopatria contributors"},"geometry":{"type":"MultiPolygon","coordinates":[[[[76.6355,27.9938],[76.7108,27.9938],[76.7226,28.0581],[76.6472,28.0581],[76.6355,27.9938]]],[[[56.5911,40.4201],[57.0348,40.2906],[57.083,40.1612],[58.3952,40.3554],[58.6005,40.2259],[58.9167,40.2259],[59.0427,40.0964],[59.6748,40.0964],[59.6894,39.8376],[59.973,39.7083],[60.6665,39.6436],[60.6344,39.5143],[61.0282,39.5143],[61.9942,39.9023],[62.5637,39.967],[62.6876,39.8376],[62.6538,39.7083],[63.0883,39.2557],[63.2457,39.2557],[63.4155,38.9972],[63.5726,38.9972],[63.6804,38.8034],[63.8374,38.8034],[64.0075,38.5451],[64.3669,38.416],[64.7397,38.0288],[64.8159,37.3838],[64.9407,37.2549],[64.9298,37.1881],[64.9891,37.2137],[64.9295,37.1866],[64.7613,36.1596],[64.8389,36.1596],[64.7707,35.5158],[64.8967,35.3871],[64.9028,35.0653],[65.1692,34.8723],[65.1411,34.7436],[65.4565,34.422],[66.0165,34.1647],[66.5206,33.6502],[66.8769,33.5217],[66.9892,33.3288],[67.2193,33.3288],[67.1919,33.2002],[67.4218,33.2002],[68.1195,32.8788],[68.0922,32.7502],[68.1687,32.7502],[68.6363,32.4288],[68.6094,32.3002],[68.9378,32.0431],[68.9612,31.7861],[69.1005,31.7218],[69.2927,31.9146],[69.6742,31.9146],[69.8673,32.1074],[70.7001,32.4288],[70.9522,32.8788],[71.4992,33.2645],[72.1408,34.0361],[72.4639,34.1004],[72.4175,33.9075],[73.0014,33.7789],[73.3712,34.0361],[73.3442,34.5506],[73.6076,34.6793],[73.6401,34.8079],[74.1756,34.4863],[74.7641,34.6793],[74.72,34.8079],[74.9514,34.8079],[74.9076,34.9366],[75.3177,35.3227],[75.369,35.5158],[75.2917,35.5158],[75.3006,35.8377],[75.1631,35.902],[75.198,36.0308],[75.0004,36.1596],[74.9513,36.546],[74.7119,36.8037],[74.7479,36.9326],[74.6701,36.9326],[74.7842,37.0615],[74.5687,37.126],[74.6832,37.2549],[74.5273,37.2549],[74.6604,37.4483],[74.5414,37.5773],[74.6161,37.8352],[74.538,37.8352],[74.6519,38.2224],[74.8085,38.2224],[74.9839,38.5451],[75.9847,38.7389],[77.2198,38.6743],[77.3941,38.4806],[78.025,38.7389],[78.3363,39.4496],[78.2576,39.4496],[78.3642,40.2259],[78.2851,40.2259],[78.3883,40.744],[78.2431,41.0032],[78.2899,41.1328],[78.0516,41.1328],[78.0426,41.3274],[77.7953,41.522],[80.0285,42.3662],[79.439,42.4962],[79.4094,42.6262],[79.2492,42.6262],[79.0846,42.8213],[77.9319,42.9515],[75.87,43.0165],[75.7414,42.8864],[75.3404,42.8864],[74.69,43.0816],[74.3035,43.3421],[74.0147,43.2118],[72.499,43.0165],[71.3753,43.0165],[70.3857,43.4072],[70.1538,43.6678],[69.854,43.733],[69.8411,43.9286],[69.5765,43.8634],[68.742,44.2548],[67.6541,44.3854],[67.6982,44.516],[65.4311,44.516],[64.4804,44.5813],[64.1169,44.7119],[62.9012,44.9734],[62.5562,45.1696],[61.7021,45.3004],[61.5823,44.908],[61.0169,44.6466],[60.7808,44.1243],[60.6001,44.0591],[60.5049,43.733],[60.2872,43.5375],[59.1235,43.4072],[58.6329,43.6678],[58.4175,43.4723],[58.2566,43.4723],[57.4649,41.3922],[56.7482,40.744],[56.5911,40.4201]],[[66.0797,37.4409],[66.1545,37.3835],[66.1429,37.3851],[66.0797,37.4409]],[[66.3069,38.0804],[66.4204,38.0419],[66.4083,38.0428],[66.3069,38.0804]],[[66.4878,37.3422],[66.5196,37.3642],[66.531,37.3649],[66.4878,37.3422]],[[66.5399,38.028],[66.5542,38.0269],[66.5722,38.0184],[66.5399,38.028]],[[67.7731,37.11],[67.7741,37.1205],[67.7823,37.1029],[67.7731,37.11]],[[67.8003,37.0891],[67.8176,37.0806],[67.808,37.0832],[67.8003,37.0891]],[[68.0169,36.9294],[68.0256,36.9271],[68.0202,36.9257],[68.0169,36.9294]],[[68.0433,36.9316],[68.1864,37.0183],[68.0549,36.9346],[68.0433,36.9316]],[[69.2457,37.1039],[69.3143,37.1189],[69.3121,37.1175],[69.2457,37.1039]],[[69.313,39.9848],[69.314,39.9869],[69.3174,39.9848],[69.313,39.9848]],[[69.4122,39.525],[69.5144,39.5376],[69.4773,39.5304],[69.4122,39.525]],[[69.6528,40.6453],[69.6909,40.63],[69.6601,40.6387],[69.6528,40.6453]],[[70.3579,42.0622],[70.4554,42.0937],[70.4631,42.0897],[70.3579,42.0622]],[[71.0458,42.291],[71.0776,42.2812],[71.2179,42.2064],[71.0458,42.291]],[[71.1435,42.6116],[71.149,42.6779],[71.1481,42.6174],[71.1435,42.6116]],[[71.3191,36.2006],[71.3935,36.228],[71.3824,36.2186],[71.3191,36.2006]],[[71.3298,42.737],[71.3559,42.7504],[71.3476,42.7428],[71.3298,42.737]],[[71.3564,35.9331],[71.3685,35.894],[71.3607,35.9003],[71.3564,35.9331]],[[71.4008,35.868],[71.4167,35.8588],[71.4234,35.8499],[71.4008,35.868]],[[71.4471,35.8179],[71.4644,35.7947],[71.4658,35.7881],[71.4471,35.8179]],[[71.4756,35.741],[71.5027,35.7191],[71.5074,35.7095],[71.4756,35.741]],[[71.4833,35.6266],[71.5059,35.6034],[71.4927,35.6096],[71.4833,35.6266]],[[71.5144,35.6753],[71.5151,35.6935],[71.5198,35.6838],[71.5144,35.6753]],[[71.5316,35.3279],[71.6138,35.4035],[71.6111,35.3955],[71.5316,35.3279]],[[71.5597,42.7606],[71.573,42.7601],[71.5663,42.7572],[71.5597,42.7606]],[[71.573,35.5692],[71.5842,35.5642],[71.5935,35.5494],[71.573,35.5692]],[[72.1496,36.6893],[72.1535,36.7021],[72.1657,36.7071],[72.1496,36.6893]],[[72.1861,36.7153],[72.2136,36.7264],[72.2821,36.738],[72.1861,36.7153]],[[72.3215,36.7447],[72.3873,36.7558],[72.4541,36.758],[72.3215,36.7447]],[[72.6028,36.8252],[72.6296,36.8329],[72.6623,36.8326],[72.6028,36.8252]],[[72.7375,36.8318],[72.8677,36.8304],[72.7794,36.8268],[72.7375,36.8318]],[[72.9768,40.7361],[73.118,40.7829],[73.0706,40.7625],[72.9768,40.7361]],[[73.1891,42.5208],[73.2783,42.5134],[73.2872,42.5088],[73.1891,42.5208]],[[73.3676,39.4438],[73.4769,39.4648],[73.4924,39.4642],[73.3676,39.4438]],[[73.6401,36.8966],[73.7729,36.892],[73.8071,36.8848],[73.6401,36.8966]],[[73.8198,39.7667],[73.8208,39.7783],[73.8295,39.747],[73.8198,39.7667]],[[73.8222,39.7962],[73.823,39.8057],[73.8287,39.8145],[73.8222,39.7962]],[[73.8286,39.4744],[73.8428,39.4856],[73.8383,39.4757],[73.8286,39.4744]],[[73.8381,39.8289],[73.8441,39.8381],[73.8807,39.865],[73.8381,39.8289]],[[73.8492,36.876],[73.8651,36.8726],[73.9469,36.8309],[73.8492,36.876]],[[73.8705,39.5468],[73.9268,39.5929],[73.9216,39.5821],[73.8705,39.5468]],[[73.9653,40.0301],[73.9664,40.0333],[73.9705,40.0363],[73.9653,40.0301]],[[74.4446,37.0023],[74.457,37.0044],[74.4713,36.9998],[74.4446,37.0023]],[[74.4787,36.9974],[74.4803,36.9969],[74.5214,36.9585],[74.4787,36.9974]],[[74.8348,38.4561],[74.8358,38.4552],[74.8444,38.4172],[74.8348,38.4561]],[[76.5564,40.5657],[76.614,40.6065],[76.6094,40.5971],[76.5564,40.5657]],[[76.6217,40.6225],[76.6308,40.7289],[76.6242,40.6275],[76.6217,40.6225]]]]}},{"type":"Feature","properties":{"territoryId":"cliopatria-q41761342-b92e8761fb","name":"White Huns","name_ko":"백훈족","color":"#4b52dd","colorFamily":0,"startYear":540,"endYear":554,"source_name":"Cliopatria v0.2.0","source_url":"https://github.com/Seshat-Global-History-Databank/cliopatria","license":"CC BY 4.0","attribution":"Seshat Global History Databank, Cliopatria contributors"},"geometry":{"type":"MultiPolygon","coordinates":[[[[76.6355,27.9938],[76.7108,27.9938],[76.7226,28.0581],[76.6472,28.0581],[76.6355,27.9938]]],[[[70.0886,31.3362],[70.3302,31.4005],[70.2672,31.4647],[70.191,31.4647],[70.0886,31.3362]]],[[[56.5911,40.4201],[57.0348,40.2906],[57.083,40.1612],[58.3952,40.3554],[58.6005,40.2259],[58.9167,40.2259],[59.0427,40.0964],[59.6748,40.0964],[59.6894,39.8376],[59.973,39.7083],[60.6665,39.6436],[60.6344,39.5143],[61.0282,39.5143],[61.9942,39.9023],[62.5637,39.967],[62.6876,39.8376],[62.6538,39.7083],[63.0883,39.2557],[63.2457,39.2557],[63.4155,38.9972],[63.5726,38.9972],[63.6804,38.8034],[63.8374,38.8034],[64.0075,38.5451],[64.3669,38.416],[64.7397,38.0288],[64.8159,37.3838],[64.9407,37.2549],[64.9298,37.1881],[64.9891,37.2137],[64.9295,37.1866],[64.7613,36.1596],[64.8389,36.1596],[64.7707,35.5158],[64.8967,35.3871],[64.9028,35.0653],[65.1692,34.8723],[65.1411,34.7436],[65.4565,34.422],[66.0165,34.1647],[66.5206,33.6502],[66.8769,33.5217],[66.9892,33.3288],[67.2193,33.3288],[67.1919,33.2002],[67.4218,33.2002],[68.1195,32.8788],[68.0922,32.7502],[68.1687,32.7502],[68.6363,32.4288],[68.6094,32.3002],[68.9378,32.0431],[68.9612,31.7861],[69.1005,31.7218],[69.2927,31.9146],[69.6742,31.9146],[69.8673,32.1074],[70.7001,32.4288],[70.9522,32.8788],[71.4992,33.2645],[72.1408,34.0361],[72.4639,34.1004],[72.4175,33.9075],[73.0014,33.7789],[73.3712,34.0361],[73.3442,34.5506],[73.6076,34.6793],[73.6401,34.8079],[74.1756,34.4863],[74.7641,34.6793],[74.72,34.8079],[74.9514,34.8079],[74.9076,34.9366],[75.3177,35.3227],[75.369,35.5158],[75.2917,35.5158],[75.3006,35.8377],[75.1631,35.902],[75.198,36.0308],[75.0004,36.1596],[74.9513,36.546],[74.7119,36.8037],[74.7479,36.9326],[74.6701,36.9326],[74.7842,37.0615],[74.5687,37.126],[74.6832,37.2549],[74.5273,37.2549],[74.6604,37.4483],[74.5414,37.5773],[74.6161,37.8352],[74.538,37.8352],[74.6519,38.2224],[74.8085,38.2224],[74.9839,38.5451],[75.9847,38.7389],[77.2198,38.6743],[77.3941,38.4806],[78.025,38.7389],[78.3363,39.4496],[78.2576,39.4496],[78.3642,40.2259],[78.2851,40.2259],[78.3883,40.744],[78.2431,41.0032],[78.2899,41.1328],[78.0516,41.1328],[78.0426,41.3274],[77.7953,41.522],[80.0285,42.3662],[79.439,42.4962],[79.4094,42.6262],[79.2492,42.6262],[79.0846,42.8213],[77.9319,42.9515],[75.87,43.0165],[75.7414,42.8864],[75.3404,42.8864],[74.69,43.0816],[74.3035,43.3421],[74.0147,43.2118],[72.499,43.0165],[71.3753,43.0165],[70.3857,43.4072],[70.1538,43.6678],[69.854,43.733],[69.8411,43.9286],[69.5765,43.8634],[68.742,44.2548],[67.6541,44.3854],[67.6982,44.516],[65.4311,44.516],[64.4804,44.5813],[64.1169,44.7119],[62.9012,44.9734],[62.5562,45.1696],[61.7021,45.3004],[61.5823,44.908],[61.0169,44.6466],[60.7808,44.1243],[60.6001,44.0591],[60.5049,43.733],[60.2872,43.5375],[59.1235,43.4072],[58.6329,43.6678],[58.4175,43.4723],[58.2566,43.4723],[57.4649,41.3922],[56.7482,40.744],[56.5911,40.4201]],[[66.0797,37.4409],[66.1545,37.3835],[66.1429,37.3851],[66.0797,37.4409]],[[66.3069,38.0804],[66.4204,38.0419],[66.4083,38.0428],[66.3069,38.0804]],[[66.4878,37.3422],[66.5196,37.3642],[66.531,37.3649],[66.4878,37.3422]],[[66.5399,38.028],[66.5542,38.0269],[66.5722,38.0184],[66.5399,38.028]],[[67.7731,37.11],[67.7741,37.1205],[67.7823,37.1029],[67.7731,37.11]],[[67.8003,37.0891],[67.8176,37.0806],[67.808,37.0832],[67.8003,37.0891]],[[68.0169,36.9294],[68.0256,36.9271],[68.0202,36.9257],[68.0169,36.9294]],[[68.0433,36.9316],[68.1864,37.0183],[68.0549,36.9346],[68.0433,36.9316]],[[69.2457,37.1039],[69.3143,37.1189],[69.3121,37.1175],[69.2457,37.1039]],[[69.313,39.9848],[69.314,39.9869],[69.3174,39.9848],[69.313,39.9848]],[[69.4122,39.525],[69.5144,39.5376],[69.4773,39.5304],[69.4122,39.525]],[[69.6528,40.6453],[69.6909,40.63],[69.6601,40.6387],[69.6528,40.6453]],[[70.3579,42.0622],[70.4554,42.0937],[70.4631,42.0897],[70.3579,42.0622]],[[71.0458,42.291],[71.0776,42.2812],[71.2179,42.2064],[71.0458,42.291]],[[71.1435,42.6116],[71.149,42.6779],[71.1481,42.6174],[71.1435,42.6116]],[[71.3191,36.2006],[71.3935,36.228],[71.3824,36.2186],[71.3191,36.2006]],[[71.3298,42.737],[71.3559,42.7504],[71.3476,42.7428],[71.3298,42.737]],[[71.3564,35.9331],[71.3685,35.894],[71.3607,35.9003],[71.3564,35.9331]],[[71.4008,35.868],[71.4167,35.8588],[71.4234,35.8499],[71.4008,35.868]],[[71.4471,35.8179],[71.4644,35.7947],[71.4658,35.7881],[71.4471,35.8179]],[[71.4756,35.741],[71.5027,35.7191],[71.5074,35.7095],[71.4756,35.741]],[[71.4833,35.6266],[71.5059,35.6034],[71.4927,35.6096],[71.4833,35.6266]],[[71.5144,35.6753],[71.5151,35.6935],[71.5198,35.6838],[71.5144,35.6753]],[[71.5316,35.3279],[71.6138,35.4035],[71.6111,35.3955],[71.5316,35.3279]],[[71.5597,42.7606],[71.573,42.7601],[71.5663,42.7572],[71.5597,42.7606]],[[71.573,35.5692],[71.5842,35.5642],[71.5935,35.5494],[71.573,35.5692]],[[72.1496,36.6893],[72.1535,36.7021],[72.1657,36.7071],[72.1496,36.6893]],[[72.1861,36.7153],[72.2136,36.7264],[72.2821,36.738],[72.1861,36.7153]],[[72.3215,36.7447],[72.3873,36.7558],[72.4541,36.758],[72.3215,36.7447]],[[72.6028,36.8252],[72.6296,36.8329],[72.6623,36.8326],[72.6028,36.8252]],[[72.7375,36.8318],[72.8677,36.8304],[72.7794,36.8268],[72.7375,36.8318]],[[72.9768,40.7361],[73.118,40.7829],[73.0706,40.7625],[72.9768,40.7361]],[[73.1891,42.5208],[73.2783,42.5134],[73.2872,42.5088],[73.1891,42.5208]],[[73.3676,39.4438],[73.4769,39.4648],[73.4924,39.4642],[73.3676,39.4438]],[[73.6401,36.8966],[73.7729,36.892],[73.8071,36.8848],[73.6401,36.8966]],[[73.8198,39.7667],[73.8208,39.7783],[73.8295,39.747],[73.8198,39.7667]],[[73.8222,39.7962],[73.823,39.8057],[73.8287,39.8145],[73.8222,39.7962]],[[73.8286,39.4744],[73.8428,39.4856],[73.8383,39.4757],[73.8286,39.4744]],[[73.8381,39.8289],[73.8441,39.8381],[73.8807,39.865],[73.8381,39.8289]],[[73.8492,36.876],[73.8651,36.8726],[73.9469,36.8309],[73.8492,36.876]],[[73.8705,39.5468],[73.9268,39.5929],[73.9216,39.5821],[73.8705,39.5468]],[[73.9653,40.0301],[73.9664,40.0333],[73.9705,40.0363],[73.9653,40.0301]],[[74.4446,37.0023],[74.457,37.0044],[74.4713,36.9998],[74.4446,37.0023]],[[74.4787,36.9974],[74.4803,36.9969],[74.5214,36.9585],[74.4787,36.9974]],[[74.8348,38.4561],[74.8358,38.4552],[74.8444,38.4172],[74.8348,38.4561]],[[76.5564,40.5657],[76.614,40.6065],[76.6094,40.5971],[76.5564,40.5657]],[[76.6217,40.6225],[76.6308,40.7289],[76.6242,40.6275],[76.6217,40.6225]]]]}},{"type":"Feature","properties":{"territoryId":"cliopatria-q3568009-1e6c05786b","name":"Wihtgar","name_ko":"위흐트와라","color":"#e35145","colorFamily":5,"startYear":523,"endYear":660,"source_name":"Cliopatria v0.2.0","source_url":"https://github.com/Seshat-Global-History-Databank/cliopatria","license":"CC BY 4.0","attribution":"Seshat Global History Databank, Cliopatria contributors"},"geometry":{"type":"Polygon","coordinates":[[[-1.5238,50.6979],[-1.5213,50.6694],[-1.486,50.6693],[-1.3155,50.5892],[-1.2792,50.5825],[-1.2285,50.5921],[-1.1647,50.6182],[-1.1564,50.6508],[-1.1002,50.6714],[-1.1052,50.731],[-1.241,50.7577],[-1.3786,50.7356],[-1.4009,50.722],[-1.4254,50.7201],[-1.4212,50.7288],[-1.4522,50.7238],[-1.5238,50.6979]]]}},{"type":"Feature","properties":{"territoryId":"cliopatria-q844750-59afc4b7bd","name":"Zapotec Civilization","name_ko":"사포텍 문명","color":"#4b57dd","colorFamily":0,"startYear":207,"endYear":509,"source_name":"Cliopatria v0.2.0","source_url":"https://github.com/Seshat-Global-History-Databank/cliopatria","license":"CC BY 4.0","attribution":"Seshat Global History Databank, Cliopatria contributors"},"geometry":{"type":"MultiPolygon","coordinates":[[[[-98.2474,17.7719],[-98.2253,17.6433],[-98.0231,17.3219],[-98.0326,16.9362],[-97.8958,17.0005],[-97.7695,16.679],[-98.0435,16.5504],[-98.0456,16.1439],[-97.7727,15.9795],[-97.266,15.9359],[-97.0623,15.8594],[-96.8451,15.7326],[-96.681,15.7094],[-96.556,15.659],[-96.4861,15.6608],[-96.4311,15.6959],[-96.2366,15.6833],[-95.9599,15.8279],[-95.5724,15.9571],[-95.4345,15.9754],[-95.3533,16.0795],[-95.2332,16.1582],[-94.9077,16.2097],[-94.8972,16.2346],[-94.9303,16.244],[-94.8891,16.254],[-95.0638,16.2683],[-95.0333,16.3265],[-94.975,16.3265],[-94.8787,16.4246],[-94.8144,16.4031],[-94.7872,16.3453],[-94.7045,16.3278],[-94.67,16.3638],[-94.5412,16.2933],[-94.6346,16.4219],[-94.3799,16.679],[-94.5988,17.129],[-95.0726,17.3219],[-95.6627,17.3219],[-95.9898,17.5148],[-96.2849,17.5148],[-96.6125,17.7076],[-96.9078,17.7076],[-97.5424,17.9648],[-98.0593,17.9648],[-98.2474,17.7719]]],[[[-94.8513,17.3219],[-94.8409,17.2576],[-94.7671,17.2576],[-94.7776,17.3219],[-94.8513,17.3219]]]]}},{"type":"Feature","properties":{"territoryId":"cliopatria-q844750-59afc4b7bd","name":"Zapotec Civilization","name_ko":"사포텍 문명","color":"#4b57dd","colorFamily":0,"startYear":510,"endYear":601,"source_name":"Cliopatria v0.2.0","source_url":"https://github.com/Seshat-Global-History-Databank/cliopatria","license":"CC BY 4.0","attribution":"Seshat Global History Databank, Cliopatria contributors"},"geometry":{"type":"MultiPolygon","coordinates":[[[[-98.2474,17.7719],[-98.2253,17.6433],[-98.0231,17.3219],[-98.0326,16.9362],[-97.8958,17.0005],[-97.7695,16.679],[-98.0435,16.5504],[-98.0456,16.1439],[-97.7727,15.9795],[-97.266,15.9359],[-97.0623,15.8594],[-96.8451,15.7326],[-96.681,15.7094],[-96.556,15.659],[-96.4861,15.6608],[-96.4311,15.6959],[-96.2366,15.6833],[-95.9599,15.8279],[-95.5724,15.9571],[-95.4345,15.9754],[-95.3533,16.0795],[-95.2332,16.1582],[-94.9077,16.2097],[-94.8972,16.2346],[-94.9303,16.244],[-94.8891,16.254],[-95.0638,16.2683],[-95.0333,16.3265],[-94.975,16.3265],[-94.8787,16.4246],[-94.8144,16.4031],[-94.7872,16.3453],[-94.7045,16.3278],[-94.67,16.3638],[-94.5412,16.2933],[-94.6346,16.4219],[-94.3799,16.679],[-94.5988,17.129],[-95.0726,17.3219],[-95.6627,17.3219],[-95.9898,17.5148],[-96.2849,17.5148],[-96.6125,17.7076],[-96.9078,17.7076],[-97.5424,17.9648],[-98.0593,17.9648],[-98.2474,17.7719]]],[[[-94.8513,17.3219],[-94.8409,17.2576],[-94.7671,17.2576],[-94.7776,17.3219],[-94.8513,17.3219]]]]}}]}
