{"type":"FeatureCollection","features":[{"type":"Feature","properties":{"relationId":"cliopatria-relation-ee0e41162230","name":"(Allegiance of Joseon to Ming Dynasty)","name_ko":"조선–명나라 충성·복속 관계","relationKind":"allegiance","relation_kind_ko":"충성·복속 관계","actor_ids":"cliopatria-q28179-bdacfb48bb;cliopatria-q9903-8710179f1b","actor_names_ko":"조선;명나라","color":"#e7b763","startYear":1450,"endYear":1467,"source_name":"Cliopatria v0.2.0","source_url":"https://github.com/Seshat-Global-History-Databank/cliopatria","license":"CC BY 4.0","attribution":"Seshat Global History Databank, Cliopatria contributors"},"geometry":{"type":"MultiPolygon","coordinates":[[[[108.6586,18.8016],[108.7107,18.4997],[109.136,18.3612],[109.1796,18.2932],[109.7249,18.2219],[109.7393,18.2587],[109.6704,18.273],[109.7318,18.273],[109.7461,18.3959],[110.0232,18.4307],[110.0825,18.4778],[110.0342,18.5119],[110.0881,18.5043],[110.2708,18.6682],[110.4035,18.7038],[110.3352,18.6733],[110.4035,18.6628],[110.469,18.7772],[110.5344,18.7856],[110.5034,18.8819],[110.4928,18.7931],[110.4315,18.8215],[110.5134,18.9064],[110.5823,19.1501],[110.5549,19.0873],[110.4792,19.1693],[110.5803,19.1552],[110.6697,19.3817],[110.7962,19.4846],[110.7944,19.6013],[110.8477,19.6225],[110.8218,19.5678],[110.8765,19.5398],[111.0347,19.6422],[110.9346,19.9951],[110.7883,20.0104],[110.6706,20.1505],[110.6056,20.1076],[110.6058,19.9232],[110.5276,20.0202],[110.3766,20.0538],[110.4109,19.9234],[110.3447,20.0581],[110.157,20.0674],[110.0682,19.9848],[110.1496,20.0066],[110.1227,19.9743],[109.9901,19.906],[109.9426,19.9909],[109.8355,19.9309],[109.8159,19.9912],[109.7181,19.9575],[109.719,20.0106],[109.527,19.9514],[109.5202,19.8825],[109.5817,19.8557],[109.465,19.8341],[109.3114,19.9195],[109.2551,19.8983],[109.2111,19.7497],[109.3074,19.7869],[109.3074,19.7111],[109.2112,19.7248],[108.9448,19.492],[108.7042,19.3779],[108.6586,18.8016]]],[[[109.9686,18.4035],[109.9734,18.4059],[109.9686,18.4055],[109.9686,18.4035]]],[[[121.9946,30.0372],[122.0191,29.9972],[122.2798,29.9865],[122.2768,30.0676],[122.1033,30.1437],[122.0321,30.143],[121.9946,30.0372]]],[[[90.6502,40.8736],[90.7517,40.5496],[91.8305,40.2906],[92.6947,39.7083],[92.5901,39.2557],[92.4856,39.1911],[90.9487,38.6743],[90.8752,38.4806],[91.0374,38.2869],[90.9414,38.0288],[91.2847,37.8998],[91.4479,37.7062],[91.4008,37.5773],[91.5334,37.5128],[91.4634,37.3193],[91.0046,37.126],[90.9363,36.9326],[91.3578,36.8037],[91.3126,36.6749],[91.3904,36.6749],[91.7924,36.9326],[92.3603,36.9971],[92.6023,36.8037],[93.544,36.6105],[95.7694,35.4514],[96.552,35.2584],[97.4528,34.7436],[97.6841,34.7436],[97.7164,34.615],[98.2881,34.4863],[98.3205,34.3577],[98.8473,34.1004],[100.8563,33.9075],[101.8738,33.5217],[101.1784,31.6575],[101.1022,31.6575],[100.6794,29.7294],[99.9815,28.8295],[99.7382,28.7652],[99.6983,28.3153],[99.5313,28.251],[99.4291,28.4438],[99.4864,28.9581],[99.4109,28.9581],[99.531,29.4081],[99.3971,29.4723],[99.2351,29.1509],[99.0253,29.2152],[98.8687,28.3153],[98.5351,28.1867],[98.567,28.3153],[98.3728,28.4438],[98.1581,28.1867],[98.26,27.6724],[98.5612,27.6724],[98.7414,27.4795],[98.7623,26.5794],[98.8374,26.5794],[98.6732,25.8079],[98.1714,25.5507],[98.1331,25.3579],[97.8709,25.165],[97.8218,24.9078],[97.6482,24.7792],[97.5891,24.4578],[97.79,24.3292],[97.647,23.9435],[98.8754,24.1363],[98.7326,23.7506],[98.8707,23.6863],[98.9429,23.2363],[99.5704,22.9791],[99.2854,22.1434],[99.9444,22.0791],[100.0726,21.9505],[100.0318,21.6934],[100.2243,21.5005],[100.7443,21.5005],[101.1567,21.7577],[101.1798,21.4363],[101.3182,21.372],[101.3619,21.1791],[101.8074,21.1791],[101.8792,21.6291],[101.6443,22.0148],[101.7182,22.4648],[102.154,22.4005],[102.5802,22.722],[102.867,22.6577],[102.9197,22.5291],[103.2173,22.5291],[103.3247,22.722],[103.7713,22.722],[103.9616,22.5291],[104.1547,22.7863],[104.5158,22.722],[104.8361,22.8506],[104.9561,23.1077],[105.2143,23.3006],[105.4379,23.3006],[105.7526,22.9791],[106.1995,22.9791],[106.3254,22.8506],[106.7093,22.9148],[106.7722,22.8506],[106.607,22.3363],[106.7113,22.0791],[107.2398,21.6934],[107.4627,21.6934],[107.5894,21.5648],[107.9719,21.6291],[108.0711,21.5366],[108.2383,21.6439],[108.2119,21.5165],[108.314,21.5819],[108.3413,21.7258],[108.471,21.6713],[108.3897,21.5751],[108.471,21.562],[108.5654,21.6785],[108.4778,21.6986],[108.5051,21.7879],[108.458,21.9177],[108.4915,21.8563],[108.5733,21.9518],[108.5603,21.8955],[108.6355,21.8903],[108.5714,21.8128],[108.5945,21.7402],[108.677,21.8153],[108.6492,21.7333],[108.7249,21.7464],[108.7127,21.6884],[108.8371,21.666],[108.7796,21.7258],[108.8347,21.7258],[108.8326,21.7838],[108.7796,21.8153],[108.8614,21.8153],[108.8695,21.7538],[108.9241,21.7668],[108.8655,21.7397],[108.8695,21.6713],[109.1358,21.603],[109.1387,21.4016],[109.2146,21.4174],[109.2388,21.4857],[109.245,21.4316],[109.5308,21.4916],[109.5728,21.5817],[109.4647,21.6645],[109.5945,21.7464],[109.5609,21.6713],[109.6155,21.6501],[109.608,21.5751],[109.677,21.6234],[109.6497,21.5205],[109.7698,21.4936],[109.7732,21.5819],[109.8312,21.4759],[109.9444,21.4931],[109.9241,21.3628],[109.8466,21.3582],[109.696,20.8577],[109.7702,20.8577],[109.7869,20.6911],[109.8604,20.7155],[109.7806,20.685],[109.8211,20.5546],[109.8482,20.5956],[109.8227,20.5207],[109.9232,20.451],[109.9309,20.5063],[110.0155,20.4184],[109.9824,20.3515],[109.9174,20.4171],[109.9172,20.2393],[110.0379,20.3017],[110.1275,20.248],[110.2939,20.2585],[110.4068,20.3052],[110.5342,20.4783],[110.4789,20.5677],[110.3008,20.6571],[110.3418,20.8215],[110.3565,20.7323],[110.4094,20.751],[110.369,20.8489],[110.1567,20.8489],[110.1431,20.9923],[110.1956,21.0713],[110.2188,21.0276],[110.3994,21.1766],[110.3281,21.3355],[110.3895,21.3287],[110.3585,21.4357],[110.4373,21.3975],[110.4339,21.3088],[110.4863,21.3355],[110.4448,21.3076],[110.4789,21.2734],[110.4243,21.2877],[110.4312,21.1915],[110.6365,21.2302],[110.6356,21.381],[110.76,21.4447],[110.6365,21.3703],[110.6433,21.3218],[110.6776,21.3485],[110.6509,21.2604],[110.7682,21.3975],[110.8699,21.3832],[111.0686,21.4726],[110.9797,21.4447],[111.0276,21.5409],[111.1436,21.4658],[111.2263,21.4993],[111.158,21.5136],[111.1924,21.5312],[111.3108,21.4671],[111.4043,21.5267],[111.3628,21.5412],[111.438,21.5341],[111.4322,21.603],[111.4761,21.5136],[111.5956,21.5341],[111.5819,21.5819],[111.6305,21.5299],[111.7796,21.6754],[111.6781,21.7812],[111.8351,21.7668],[111.8325,21.7233],[112.0003,21.7743],[111.9041,21.8153],[111.8904,21.9251],[111.9692,21.824],[112.0413,21.8842],[112.0282,21.7973],[112.1926,21.8432],[112.1824,21.753],[112.2902,21.7101],[112.4021,21.8014],[112.3565,21.9797],[112.3975,22.0685],[112.3906,21.9555],[112.4937,21.9661],[112.4111,21.9012],[112.426,21.8452],[112.5509,21.7729],[112.826,21.9661],[112.8752,21.8863],[112.9665,21.8863],[113.0851,22.2076],[113.1164,22.076],[113.2306,22.0432],[113.3027,22.1833],[113.402,22.1796],[113.1602,22.4876],[113.1653,22.5756],[113.4592,22.158],[113.5877,22.2379],[113.6104,22.3702],[113.5464,22.4376],[113.5992,22.5752],[113.3775,22.7674],[113.4942,22.7748],[113.3504,22.8897],[113.213,22.9045],[113.484,22.9243],[113.5023,23.0204],[113.4175,23.097],[113.5091,23.0622],[113.7031,23.1578],[113.8301,23.1175],[113.7202,23.1379],[113.5364,23.0631],[113.5762,22.9387],[113.6172,23.0349],[113.5967,22.9182],[113.6382,23.0349],[113.5923,22.8891],[113.6536,22.7587],[113.7581,22.7534],[113.8695,22.5034],[114.0915,22.5344],[113.9808,22.4695],[113.9969,22.3606],[114.1048,22.3699],[114.1719,22.2887],[114.2555,22.3223],[114.2967,22.2583],[114.2584,22.3621],[114.3186,22.3894],[114.3576,22.3324],[114.3997,22.4361],[114.3476,22.4229],[114.3237,22.48],[114.2093,22.3987],[114.1675,22.4481],[114.3351,22.5064],[114.2093,22.5237],[114.2298,22.5558],[114.3958,22.6135],[114.5158,22.4526],[114.6049,22.5327],[114.4954,22.562],[114.5903,22.6439],[114.5066,22.6465],[114.5221,22.706],[114.6955,22.7926],[114.817,22.8004],[114.742,22.7327],[114.7438,22.6094],[114.8658,22.6017],[114.896,22.5475],[114.9666,22.6765],[114.8625,22.7632],[114.9853,22.6893],[115.0655,22.796],[115.1803,22.7848],[115.3038,22.903],[115.3202,22.8505],[115.2334,22.7882],[115.4112,22.7883],[115.3385,22.7331],[115.3735,22.6942],[115.5752,22.6683],[115.5901,22.7372],[115.5556,22.7144],[115.527,22.767],[115.6121,22.8636],[115.468,22.8493],[115.483,22.9018],[115.406,22.925],[115.5476,22.8954],[115.5606,22.8493],[115.7303,22.9342],[115.697,22.8507],[115.8075,22.8033],[116.0762,22.8679],[116.0421,22.9329],[116.1237,22.8947],[116.0865,22.8458],[116.1537,22.856],[116.2815,22.9579],[116.2136,22.9828],[116.4947,22.9394],[116.6045,23.2096],[116.5089,23.2341],[116.6115,23.2387],[116.6511,23.172],[116.7151,23.2438],[116.6672,23.2813],[116.8035,23.2346],[116.7486,23.3263],[116.573,23.3237],[116.5232,23.4185],[116.7732,23.3494],[116.9165,23.6627],[116.9507,23.6109],[117.0684,23.6513],[117.0842,23.5506],[117.2192,23.6296],[117.2295,23.6928],[117.239,23.6055],[117.2774,23.7822],[117.4343,23.7759],[117.4901,23.8326],[117.4166,23.9468],[117.5711,23.9033],[117.626,23.8149],[117.7088,24.0355],[117.6671,24.0627],[117.7633,24.0703],[117.7981,24.0218],[117.76,23.9716],[117.8952,24.0696],[117.9073,24.1863],[117.9436,24.2126],[117.9788,24.1621],[118.0867,24.2497],[118.0906,24.3415],[118.0159,24.3269],[118.043,24.4067],[117.9073,24.3849],[117.7913,24.4675],[118.0217,24.4457],[118.0581,24.5159],[117.9749,24.5527],[118.0374,24.5606],[118.0444,24.6177],[118.1104,24.5841],[118.1605,24.6934],[118.219,24.5414],[118.4048,24.6066],[118.4312,24.6997],[118.4281,24.6313],[118.6471,24.5746],[118.6421,24.6787],[118.763,24.7627],[118.7018,24.81],[118.638,24.7721],[118.572,24.8852],[118.6712,24.8747],[118.6677,24.9534],[118.7295,24.9005],[118.7161,24.8436],[118.9229,24.8959],[118.9116,24.9534],[119.009,24.9473],[119.0042,25.0502],[118.9537,25.003],[118.8491,25.0738],[118.943,25.1088],[118.9746,25.1826],[118.8756,25.2438],[119.0273,25.2782],[118.9693,25.2264],[119.0689,25.2167],[119.0291,25.1405],[119.0929,25.1136],[119.1531,25.1397],[119.1161,25.2138],[119.2813,25.1794],[119.2725,25.2318],[119.3475,25.2678],[119.243,25.3302],[119.2013,25.2597],[119.2034,25.3581],[119.1732,25.3251],[119.1025,25.4203],[119.2378,25.4818],[119.3052,25.6046],[119.3809,25.5909],[119.3565,25.5269],[119.4491,25.5053],[119.447,25.4388],[119.5073,25.4744],[119.4832,25.3712],[119.5477,25.3838],[119.5386,25.4612],[119.5882,25.3966],[119.64,25.413],[119.5726,25.4879],[119.5794,25.5847],[119.4924,25.5648],[119.4491,25.6872],[119.5719,25.6802],[119.6209,25.7603],[119.5664,25.8721],[119.5999,25.8442],[119.6954,26.0026],[119.5191,26.0445],[119.3298,25.9443],[119.2468,25.9672],[119.1952,26.0876],[119.0935,26.1458],[119.4585,25.9825],[119.6682,26.2215],[119.6543,26.2724],[119.9253,26.3474],[119.8258,26.4269],[119.6819,26.3171],[119.6484,26.4374],[119.5664,26.4549],[119.6537,26.498],[119.7918,26.4133],[119.7849,26.5778],[119.6751,26.6188],[119.5999,26.5704],[119.5411,26.6563],[119.5999,26.6461],[119.606,26.6945],[119.5521,26.7491],[119.606,26.7969],[119.7249,26.6978],[119.6858,26.812],[119.7562,26.7377],[119.782,26.8285],[119.8463,26.8522],[119.7974,26.8164],[119.8401,26.79],[119.7918,26.6877],[119.8292,26.715],[119.9016,26.6597],[119.9251,26.7922],[120.0673,26.7965],[120.032,26.8999],[120.2374,26.9272],[120.1487,26.9819],[120.2552,26.9971],[120.2163,27.0371],[120.2783,27.0638],[120.2437,27.1327],[120.3618,27.1009],[120.4076,27.158],[120.3473,27.1805],[120.3473,27.2426],[120.1824,27.2169],[120.1958,27.2978],[120.3119,27.3177],[120.3031,27.2423],[120.4292,27.1737],[120.4217,27.2221],[120.5178,27.2016],[120.5493,27.321],[120.5049,27.345],[120.5459,27.4033],[120.6353,27.3797],[120.682,27.4816],[120.5966,27.5703],[120.6756,27.6597],[120.6353,27.7633],[120.7077,27.7134],[120.8408,27.9487],[120.589,28.0267],[120.5596,28.1128],[120.606,28.0422],[120.8803,27.9986],[120.9969,28.0425],[121.0689,28.1569],[121.1081,28.2834],[121.025,28.3046],[121.1138,28.3017],[121.169,28.3848],[121.2647,28.366],[121.2031,28.3319],[121.2672,28.2164],[121.4132,28.2546],[121.4731,28.3306],[121.6461,28.3235],[121.6077,28.4772],[121.5116,28.4895],[121.5816,28.5047],[121.5101,28.6571],[121.2584,28.6751],[121.2993,28.7229],[121.1423,28.8459],[121.3512,28.7119],[121.6214,28.7359],[121.6699,28.8253],[121.4918,28.9284],[121.5874,28.9631],[121.6842,28.9147],[121.6898,29.0171],[121.5321,29.0205],[121.6214,29.1133],[121.4017,29.1065],[121.5868,29.2933],[121.647,29.4723],[121.5696,29.4746],[121.4849,29.3905],[121.5049,29.4838],[121.4426,29.4154],[121.4434,29.5242],[121.6873,29.5626],[122.0074,29.8874],[121.7219,29.9605],[121.4054,30.3079],[121.1328,30.3079],[120.8088,30.1151],[120.6944,30.1721],[120.6463,30.1269],[120.7922,30.0661],[120.6318,30.1224],[120.7314,30.2338],[120.6216,30.3726],[120.4505,30.3689],[120.3847,30.2496],[120.2744,30.2776],[120.1471,30.1989],[120.2579,30.2981],[120.379,30.2735],[120.4791,30.4035],[120.6981,30.394],[120.7883,30.2938],[120.9981,30.5579],[121.5192,30.822],[121.9131,30.859],[121.9508,30.9821],[121.7252,31.2816],[121.3203,31.5048],[121.1444,31.6847],[120.7315,31.8139],[120.7171,31.8611],[120.8248,31.8287],[120.7504,31.9783],[120.4695,32.0251],[120.23,31.9089],[120.0064,31.9503],[119.7725,32.1268],[119.7886,32.1986],[119.6904,32.2353],[119.606,32.1969],[119.6854,32.2924],[119.6129,32.3546],[119.8421,32.2991],[119.992,32.0159],[120.1314,31.9432],[120.2671,31.9487],[120.4908,32.0825],[120.6344,32.077],[120.8108,32.0226],[120.9778,31.8144],[121.1151,31.7963],[121.2864,31.8906],[121.8173,31.6909],[121.9173,31.7616],[121.7986,31.9705],[121.4434,32.1143],[121.3608,32.2316],[121.4193,32.2503],[121.3894,32.3849],[121.1008,32.498],[120.8303,32.6977],[120.9048,32.8126],[120.8958,33.0136],[120.8259,33.0302],[120.807,33.1378],[120.7302,33.2049],[120.7503,33.2696],[120.6672,33.3251],[120.6344,33.4669],[120.4837,33.65],[120.5049,33.7356],[120.3997,33.8693],[120.2571,34.3118],[119.6477,34.5338],[119.3467,34.7808],[119.1922,34.7182],[119.1929,35.0004],[119.2212,35.064],[119.358,35.0971],[119.4239,35.3135],[119.5319,35.3586],[119.648,35.5839],[119.7325,35.6208],[119.7439,35.5759],[119.8401,35.6579],[119.8602,35.6061],[119.9046,35.6246],[119.9082,35.7449],[120.0029,35.7278],[120.0972,35.9008],[120.189,35.9453],[120.1753,35.89],[120.2941,36.0024],[120.1753,35.9936],[120.0897,36.1117],[120.0972,36.2264],[120.2845,36.176],[120.3064,36.2742],[120.3616,36.1916],[120.292,36.062],[120.3535,36.0408],[120.6669,36.1321],[120.6436,36.3225],[120.7107,36.3245],[120.7141,36.4287],[120.95,36.4592],[120.9636,36.5479],[120.8504,36.6046],[120.7503,36.5408],[120.7506,36.6168],[120.8506,36.6509],[120.9774,36.5899],[121.4017,36.7124],[121.4595,36.8287],[121.6072,36.845],[121.5032,36.7886],[121.5247,36.7543],[121.9498,36.9389],[121.9263,36.9936],[122.0492,36.9799],[122.0365,36.8993],[122.1429,36.9458],[122.1661,37.0141],[122.1627,36.9458],[122.2659,36.898],[122.1852,36.8595],[122.3552,36.8291],[122.4364,36.8707],[122.4058,36.9222],[122.5268,36.9528],[122.54,37.0277],[122.4024,37.0215],[122.4539,37.1543],[122.4707,37.1103],[122.5735,37.2601],[122.5497,37.3198],[122.5947,37.2952],[122.5708,37.3448],[122.6847,37.4102],[122.2965,37.4182],[122.2454,37.4597],[122.1832,37.4182],[122.1218,37.5627],[122.0256,37.528],[121.988,37.4256],[121.635,37.4813],[121.5874,37.4536],[121.6761,37.4392],[121.5703,37.4287],[121.3817,37.5661],[121.4298,37.5969],[121.3936,37.6225],[121.1716,37.5771],[121.138,37.7012],[121.0326,37.7104],[120.9258,37.8193],[120.738,37.834],[120.2157,37.6841],[120.3225,37.6324],[120.1876,37.5118],[119.8589,37.3602],[119.8973,37.2494],[119.7706,37.1518],[119.4412,37.1206],[119.1455,37.1789],[118.9724,37.2807],[118.9446,37.3781],[119.0371,37.7221],[119.1746,37.7085],[119.2164,37.794],[118.9966,37.9631],[118.9248,38.0578],[118.95,38.0973],[118.7604,38.1551],[118.543,38.0683],[118.0652,38.1431],[117.6025,38.4806],[117.5435,38.6213],[117.584,38.8116],[117.7019,38.9953],[117.7663,39.0141],[117.7154,39.1114],[118.028,39.2198],[118.2249,39.0618],[118.4054,39.0618],[118.5271,39.1492],[118.7096,39.1495],[119.1145,39.2863],[119.2304,39.3617],[119.2814,39.575],[119.2293,39.536],[119.2086,39.5696],[119.2849,39.5954],[119.3804,39.7729],[119.5264,39.832],[119.5356,39.8908],[120.4722,40.2145],[120.5018,40.3269],[120.5888,40.3818],[120.5457,40.4024],[120.8253,40.674],[121.02,40.7192],[120.9395,40.7405],[120.9819,40.8268],[121.0684,40.8034],[121.2003,40.9307],[121.7565,40.8736],[121.8679,40.9958],[121.8259,40.9482],[121.8511,40.8323],[122.1594,40.7016],[122.1573,40.5993],[122.3019,40.5023],[122.1061,40.3101],[122.0916,40.2272],[121.9915,40.187],[121.9957,40.1239],[121.8269,40.0225],[121.8738,39.9914],[121.4811,39.8139],[121.4634,39.7435],[121.5501,39.6787],[121.5333,39.6223],[121.4639,39.6458],[121.2234,39.5286],[121.436,39.5086],[121.4976,39.385],[121.943,39.3994],[121.7798,39.3715],[121.628,39.2704],[121.5926,39.1922],[121.681,39.1364],[121.6741,39.088],[121.1399,38.9473],[121.1456,38.7389],[121.2367,38.7985],[121.485,38.8099],[121.7247,39.0302],[121.9232,39.009],[121.8884,39.0425],[122.0065,39.0618],[122.29,39.351],[122.8486,39.6179],[123.2295,39.7297],[123.252,39.8171],[123.3141,39.7761],[123.4171,39.8245],[123.4126,39.7834],[123.609,39.8376],[123.6567,39.9195],[123.7089,39.8376],[124.1273,39.8376],[124.2942,39.9338],[124.3702,40.0979],[124.4996,40.0225],[124.4058,40.0278],[124.3215,39.9127],[124.4177,39.8245],[124.5641,39.8143],[124.6436,39.6677],[124.7557,39.6883],[124.7461,39.7829],[125.117,39.5659],[125.2252,39.5912],[125.286,39.5212],[125.4449,39.5844],[125.3452,39.4537],[125.4592,39.3851],[125.4046,39.3647],[125.4449,39.3106],[125.4109,39.2138],[125.2874,39.1523],[125.2841,39.0896],[125.3351,39.0834],[125.2708,39.0806],[125.1986,38.9861],[125.1372,38.8035],[125.1883,38.7386],[125.241,38.7931],[125.2777,38.7033],[125.4478,38.7772],[125.6578,38.631],[125.4627,38.7073],[125.1566,38.6317],[125.1229,38.6641],[125.128,38.5803],[124.9839,38.5919],[125.0164,38.498],[124.8797,38.3452],[124.8723,38.2576],[124.993,38.227],[124.9209,38.1894],[124.856,38.227],[124.7681,38.1017],[124.8853,38.1317],[125.2649,38.0779],[125.2463,38.0201],[125.1067,38.0346],[125.1754,37.9699],[124.9795,37.9252],[125.2151,37.8913],[125.26,37.9327],[125.3084,37.8781],[125.2542,37.8346],[125.3084,37.8091],[125.3494,37.8644],[125.4449,37.8433],[125.3836,37.8918],[125.4244,37.9122],[125.5101,37.8943],[125.4791,37.8576],[125.5242,37.8178],[125.3899,37.7961],[125.4449,37.7744],[125.3638,37.7609],[125.3475,37.6756],[125.5343,37.7722],[125.6387,37.8647],[125.6306,37.9252],[125.7398,37.9252],[125.5969,38.0322],[125.7993,37.9929],[125.9216,37.8449],[125.9862,37.8228],[125.9595,37.9122],[126.0558,37.8706],[126.0628,37.8022],[126.3977,37.8918],[126.5933,37.7744],[126.7,37.8297],[126.6788,37.6863],[126.7552,37.6379],[126.6615,37.6724],[126.6619,37.758],[126.5349,37.7682],[126.6011,37.5068],[126.6442,37.5044],[126.596,37.4397],[126.6418,37.366],[126.7172,37.3838],[126.6898,37.3325],[126.8707,37.2679],[126.782,37.2202],[126.6901,37.2617],[126.719,37.2129],[126.6688,37.1618],[126.7144,37.128],[126.8707,37.1755],[126.7645,37.1177],[126.7552,37.0488],[126.8491,37.0373],[126.8905,37.0959],[126.911,37.0141],[126.8244,37.0026],[126.9127,36.9296],[127.042,36.9936],[126.8602,36.8696],[126.9048,36.8223],[126.8633,36.8291],[126.8508,36.754],[126.7962,36.9558],[126.6815,36.9947],[126.6311,36.9116],[126.6361,36.9825],[126.5465,37.0426],[126.5123,37.0164],[126.5721,36.9775],[126.4934,36.997],[126.5826,36.898],[126.5191,36.9479],[126.4839,36.8415],[126.4454,37.0034],[126.353,37],[126.4192,36.9223],[126.4046,36.857],[126.3287,36.847],[126.3567,36.7888],[126.2827,36.8037],[126.3089,36.9669],[126.2752,36.8747],[126.1922,36.8859],[126.2134,36.7813],[126.1656,36.8161],[126.1282,36.7613],[126.1449,36.7178],[126.2026,36.7424],[126.1911,36.6762],[126.2742,36.7199],[126.2949,36.6212],[126.343,36.7404],[126.3697,36.6468],[126.4796,36.7471],[126.4977,36.4484],[126.6174,36.4735],[126.4988,36.4201],[126.5826,36.353],[126.5138,36.3227],[126.5826,36.2947],[126.5349,36.2196],[126.6033,36.1718],[126.4934,36.1308],[126.5894,36.1308],[126.6925,35.9999],[126.8707,36.062],[126.6517,35.9817],[126.6128,35.902],[126.8375,35.8933],[126.7034,35.8485],[126.782,35.7602],[126.6622,35.793],[126.4953,35.6588],[126.4673,35.6002],[126.655,35.5958],[126.6925,35.5344],[126.6429,35.5728],[126.4698,35.4985],[126.4182,35.394],[126.4585,35.3454],[126.4114,35.3699],[126.3567,35.26],[126.4503,35.0666],[126.4251,35.0198],[126.343,35.157],[126.2859,35.0556],[126.3206,35.0833],[126.3741,35.0168],[126.3152,34.9379],[126.4364,34.9814],[126.3953,34.8271],[126.5133,34.7823],[126.5676,34.9014],[126.5758,34.8218],[126.6653,34.8081],[126.4207,34.7361],[126.6236,34.63],[126.5357,34.6232],[126.3994,34.7096],[126.3861,34.6358],[126.4646,34.5847],[126.3536,34.6526],[126.3001,34.586],[126.3909,34.5338],[126.5396,34.563],[126.5418,34.5133],[126.4703,34.4965],[126.5176,34.4138],[126.4796,34.3488],[126.6034,34.3006],[126.6336,34.3957],[126.7615,34.4792],[126.7778,34.5865],[126.8098,34.4512],[126.889,34.4211],[127.0103,34.6125],[127.2481,34.7665],[127.3579,34.6982],[127.3145,34.6519],[127.2747,34.7051],[127.2467,34.5837],[127.1929,34.5748],[127.2134,34.6369],[127.1297,34.5506],[127.1792,34.5133],[127.2235,34.5468],[127.3436,34.445],[127.4392,34.5407],[127.3494,34.5858],[127.5036,34.5913],[127.3579,34.7597],[127.4255,34.8007],[127.3653,34.824],[127.5213,34.8898],[127.5845,34.7462],[127.5608,34.6622],[127.6243,34.6296],[127.6563,34.7313],[127.7425,34.7293],[127.7756,34.8491],[127.6565,34.8119],[127.5916,34.9464],[127.6411,34.8991],[127.7192,34.9901],[127.8912,34.9467],[127.9258,35.0198],[128.0068,34.9918],[128.0693,35.0825],[128.0557,34.9316],[128.3351,34.9473],[128.3408,34.8727],[128.4353,34.8432],[128.4745,34.8907],[128.433,34.8907],[128.42,34.9827],[128.4915,34.9959],[128.4881,35.0512],[128.3714,35.0136],[128.4781,35.0991],[128.6363,35.0653],[128.6021,35.2139],[128.6179,35.1433],[128.762,35.0794],[128.8979,35.1213],[128.9184,35.0819],[128.958,35.1369],[128.9531,35.0653],[129.1235,35.1008],[129.2692,35.3168],[129.3609,35.3587],[129.3735,35.5328],[129.4129,35.4721],[129.4546,35.5133],[129.4431,35.6361],[129.5873,36.0169],[129.5548,36.0825],[129.4533,35.9933],[129.3809,36.0415],[129.4294,36.0952],[129.3866,36.3227],[129.4721,36.758],[129.4341,37.0611],[129.3311,37.2822],[128.6316,38.145],[128.2828,38.7551],[128.2102,38.7277],[128.0147,38.8581],[127.7593,39.117],[127.3934,39.2017],[127.3919,39.3419],[127.4734,39.3476],[127.3784,39.3789],[127.5413,39.4287],[127.5204,39.5105],[127.5746,39.595],[127.5038,39.7155],[128.0068,40.0452],[128.1551,40.0163],[128.2634,40.0771],[128.3278,40.0282],[128.6461,40.2609],[128.6365,40.3132],[129.0776,40.4726],[129.2335,40.7057],[129.7339,40.8654],[129.7649,40.9444],[129.7119,41.1226],[129.7678,41.391],[129.6594,41.4646],[129.6908,41.6497],[129.8844,41.8266],[129.8967,41.9043],[129.9656,41.9026],[130.073,42.0785],[130.1513,42.0764],[130.2023,42.1736],[130.4043,42.2551],[130.4075,42.3246],[130.6054,42.3012],[130.7366,42.4962],[130.3803,42.5612],[130.2803,42.8864],[129.9678,43.0165],[129.8073,43.0165],[129.6729,43.4072],[129.5121,43.4072],[129.4856,43.6027],[129.3246,43.6027],[129.334,43.733],[129.2534,43.733],[129.389,43.9286],[129.1824,43.8634],[129.1568,44.0591],[128.9953,44.0591],[128.97,44.2548],[128.8083,44.2548],[128.7832,44.4507],[128.6214,44.4507],[128.5965,44.6466],[128.4344,44.6466],[128.4097,44.8426],[128.2474,44.8426],[128.1877,45.1042],[128.0252,45.1042],[127.9656,45.3659],[127.8842,45.3659],[127.9305,45.4313],[127.7788,45.5623],[127.8251,45.6278],[127.6621,45.6278],[127.5335,46.0209],[127.0199,46.2177],[127.0668,46.2833],[126.8213,46.2833],[126.8682,46.3489],[126.2951,46.3489],[124.9648,46.0865],[123.6206,46.1521],[121.9191,45.6933],[118.7309,45.4313],[117.254,44.7773],[116.4818,44.5813],[116.1973,44.3854],[115.3887,44.1243],[114.6672,43.6027],[113.7663,42.6262],[112.6752,41.2625],[111.9077,39.967],[111.6509,39.7729],[111.447,39.8376],[111.1591,39.5789],[110.4179,39.5143],[110.2911,39.2557],[109.9614,39.0618],[109.7466,38.6097],[109.8429,38.4806],[109.5964,38.2869],[109.5269,37.9643],[109.0778,37.8352],[108.0992,38.0933],[107.9029,38.3515],[107.5113,38.3515],[107.4426,38.5451],[107.2858,38.5451],[107.647,39.3203],[107.4416,39.385],[107.3292,39.6436],[107.1715,39.6436],[106.9212,39.4496],[106.7089,38.9972],[106.5136,38.2224],[106.1647,37.9643],[105.433,37.8998],[104.541,37.6417],[104.3616,37.7707],[103.764,37.8352],[103.612,38.0288],[103.3267,38.0933],[103.3039,38.2224],[103.0185,38.2869],[102.996,38.416],[102.7888,38.4806],[102.845,38.6097],[103.137,38.7389],[102.8801,38.868],[103.1234,39.0618],[102.9662,39.0618],[102.9952,39.1265],[102.5523,39.1911],[102.3588,38.9326],[102.0948,38.868],[102.1232,38.9326],[101.6301,39.0618],[101.5586,39.2557],[101.1652,39.2557],[101.181,39.6436],[100.7372,39.7083],[100.3809,39.967],[100.1441,39.967],[100.1735,40.0317],[99.6206,40.0317],[99.6003,40.1612],[99.3633,40.1612],[99.1355,40.3554],[98.4824,40.4849],[98.512,40.5496],[98.1953,40.5496],[98.1857,40.8736],[97.9398,41.1977],[97.6031,41.3274],[97.5846,41.4571],[97.4254,41.4571],[97.3581,41.6518],[97.1988,41.6518],[97.3534,41.9764],[97.0619,42.3662],[97.125,42.4962],[96.9966,42.5612],[97.092,42.7563],[96.5794,42.6912],[96.4825,42.8213],[96.242,42.8213],[94.5029,42.3662],[92.3333,42.6912],[91.9233,42.4962],[91.4775,42.0413],[90.6502,40.8736]],[[114.2298,22.5558],[114.183,22.5562],[114.179,22.5593],[114.2298,22.5558]],[[98.2766,25.5524],[98.3251,25.565],[98.3121,25.5575],[98.2766,25.5524]],[[98.3377,25.5723],[98.35,25.5853],[98.3471,25.5778],[98.3377,25.5723]],[[100.108,21.6181],[100.1157,21.6295],[100.1437,21.64],[100.108,21.6181]],[[101.1649,21.6457],[101.1688,21.6379],[101.1739,21.6119],[101.1649,21.6457]],[[101.179,21.469],[101.1866,21.5353],[101.1878,21.5059],[101.179,21.469]],[[101.6545,22.4461],[101.6891,22.4789],[101.7131,22.4915],[101.6545,22.4461]],[[101.7151,21.3211],[101.7164,21.3344],[101.7206,21.3137],[101.7151,21.3211]],[[101.7174,21.3447],[101.7297,21.4742],[101.7256,21.3754],[101.7174,21.3447]],[[101.7304,21.3005],[101.8012,21.2671],[101.7365,21.2923],[101.7304,21.3005]],[[102.2525,22.4955],[102.3843,22.6289],[102.3769,22.6156],[102.2525,22.4955]],[[102.395,22.6805],[102.4256,22.7453],[102.4073,22.6934],[102.395,22.6805]],[[107.6804,21.6222],[107.7448,21.6575],[107.6903,21.6247],[107.6804,21.6222]],[[107.7986,21.6497],[107.8116,21.6478],[107.8324,21.6394],[107.7986,21.6497]],[[114.1487,22.5381],[114.162,22.5605],[114.1695,22.56],[114.1487,22.5381]],[[124.3806,40.1056],[124.5282,40.2141],[124.5487,40.2209],[124.3806,40.1056]],[[130.5308,42.5305],[130.5818,42.4417],[130.5756,42.4457],[130.5308,42.5305]]],[[[110.2459,20.986],[110.4322,21.0058],[110.4572,21.06],[110.2874,21.0744],[110.3352,21.0686],[110.2731,21.0611],[110.2459,20.986]]],[[[110.4177,20.6548],[110.4358,20.6385],[110.4573,20.5869],[110.4758,20.5959],[110.4714,20.6474],[110.437,20.6679],[110.4177,20.6548]]],[[[110.4177,21.1785],[110.42,21.1785],[110.4194,21.1791],[110.5587,21.1791],[110.5686,21.1915],[110.5432,21.2042],[110.4929,21.1839],[110.4634,21.1907],[110.4963,21.1952],[110.4998,21.2063],[110.4622,21.2051],[110.4177,21.1785]]],[[[110.5739,21.1791],[110.6006,21.1791],[110.617,21.1915],[110.617,21.1989],[110.594,21.2028],[110.5739,21.1791]]],[[[113.2642,22.1049],[113.3136,22.0764],[113.3648,22.1579],[113.2642,22.1049]]],[[[113.3094,22.0241],[113.3186,22.0162],[113.3689,22.0821],[113.3436,22.0685],[113.3094,22.0241]]],[[[113.3962,22.8981],[113.5946,22.7561],[113.4756,22.9007],[113.3962,22.8981]]],[[[113.4765,22.7195],[113.6418,22.6016],[113.5595,22.735],[113.4765,22.7195]]],[[[113.5058,22.9516],[113.51,22.9212],[113.545,22.88],[113.5535,22.8858],[113.5536,22.9113],[113.5292,22.9604],[113.5154,22.9692],[113.5058,22.9516]]],[[[113.5202,22.1849],[113.5247,22.1737],[113.5571,22.2025],[113.5492,22.1997],[113.5538,22.2115],[113.5365,22.2171],[113.5243,22.2126],[113.5352,22.2075],[113.5202,22.1849]]],[[[113.5322,22.1526],[113.54,22.1434],[113.5616,22.1434],[113.5741,22.1608],[113.5586,22.163],[113.5344,22.1612],[113.5322,22.1526]]],[[[113.6104,22.4133],[113.6212,22.3914],[113.6423,22.4002],[113.6424,22.4114],[113.6578,22.4238],[113.6496,22.4386],[113.6234,22.4399],[113.6118,22.4305],[113.6104,22.4133]]],[[[113.9972,22.317],[114.0189,22.2646],[114.0549,22.3363],[113.9972,22.317]]],[[[113.9975,22.265],[113.9976,22.245],[114.0073,22.2521],[113.9975,22.265]]],[[[113.9977,22.2379],[113.9978,22.2151],[114.0002,22.2161],[114.015,22.2271],[113.9977,22.2379]]],[[[114.1043,22.216],[114.1141,22.2161],[114.1108,22.1771],[114.1374,22.1788],[114.1454,22.1787],[114.1391,22.1911],[114.1546,22.2036],[114.1257,22.2052],[114.1328,22.2161],[114.1257,22.2134],[114.1067,22.2358],[114.1043,22.216]]],[[[114.1126,22.2715],[114.2561,22.2036],[114.2156,22.2856],[114.1126,22.2715]]],[[[116.9543,23.5441],[116.9953,23.5348],[117.0093,23.555],[116.9956,23.5635],[116.9543,23.5441]]],[[[117.3405,23.689],[117.3561,23.6892],[117.4185,23.758],[117.4136,23.7717],[117.3727,23.7667],[117.3767,23.7289],[117.3405,23.689]]],[[[118.07,24.4603],[118.1271,24.4312],[118.1814,24.5351],[118.0925,24.5562],[118.07,24.4603]]],[[[119.2092,26.0986],[119.2576,26.0015],[119.405,25.9779],[119.2092,26.0986]]],[[[119.2829,25.4864],[119.3354,25.4864],[119.3465,25.5667],[119.2829,25.4864]]],[[[119.2835,25.4751],[119.2969,25.4229],[119.3222,25.4329],[119.2835,25.4751]]],[[[119.554,26.0956],[119.6441,26.0784],[119.5925,26.1257],[119.554,26.0956]]],[[[119.6685,25.4879],[119.71,25.4879],[119.7,25.4319],[119.8407,25.4765],[119.7988,25.5158],[119.8745,25.5568],[119.7078,25.615],[119.7162,25.5363],[119.7783,25.522],[119.6685,25.4879]]],[[[119.7162,32.2726],[119.8193,32.2038],[119.792,32.1218],[119.9019,32.0734],[119.8143,32.2756],[119.7162,32.2726]]],[[[119.8326,26.5505],[119.886,26.5244],[119.96,26.6113],[120.1344,26.6461],[120.1021,26.6892],[120.1428,26.7328],[120.0625,26.7723],[119.8326,26.5505]]],[[[120.7502,37.8986],[120.7546,37.8967],[120.7549,37.8996],[120.7538,37.8998],[120.7502,37.8986]]],[[[121.1763,31.7843],[121.3145,31.6556],[121.8291,31.4482],[121.9135,31.4647],[121.9499,31.5592],[121.3861,31.8117],[121.2641,31.8411],[121.1763,31.7843]]],[[[121.2081,28.201],[121.257,28.2138],[121.2564,28.2148],[121.2306,28.2197],[121.2109,28.209],[121.2081,28.201]]],[[[121.2655,39.4311],[121.2928,39.3905],[121.3643,39.4455],[121.3363,39.385],[121.4328,39.385],[121.4505,39.4503],[121.3406,39.4813],[121.2655,39.4311]]],[[[121.5845,31.4414],[121.6321,31.4098],[121.6872,31.4206],[121.6182,31.4438],[121.5845,31.4414]]],[[[121.6461,31.4005],[121.78,31.3252],[121.7206,31.4005],[121.6461,31.4005]]],[[[121.6562,29.5038],[121.7273,29.5302],[121.7246,29.5385],[121.7109,29.5386],[121.6562,29.5038]]],[[[121.7116,29.2152],[121.7743,29.2539],[121.7866,29.3745],[121.8406,29.3188],[121.7903,29.2152],[121.9384,29.2152],[121.9005,29.2987],[121.971,29.4491],[121.9104,29.5246],[121.9712,29.5933],[121.9158,29.6409],[121.7484,29.5626],[121.8474,29.5242],[121.7784,29.4694],[121.7432,29.5226],[121.7116,29.2152]]],[[[121.9336,29.9213],[121.9461,29.904],[121.9741,29.8998],[121.9924,29.9083],[121.9935,29.9188],[121.9771,29.9388],[121.952,29.9467],[121.9409,29.9377],[121.9336,29.9213]]],[[[124.8696,39.5805],[124.8697,39.5789],[124.9222,39.5711],[124.9097,39.5936],[124.9267,39.6048],[124.8805,39.6125],[124.8705,39.5809],[124.8696,39.5805]]],[[[124.9002,38.4957],[124.904,38.4944],[124.9016,38.4984],[124.9002,38.4957]]],[[[125.2673,37.7115],[125.2957,37.7276],[125.3377,37.7687],[125.3288,37.7667],[125.2887,37.7526],[125.2673,37.7115]]],[[[126.1448,34.3928],[126.1911,34.3577],[126.3359,34.4035],[126.3801,34.4984],[126.2837,34.5656],[126.1448,34.3928]]],[[[126.2238,34.9234],[126.2254,34.9134],[126.2464,34.9162],[126.2532,34.9335],[126.228,34.9323],[126.2238,34.9234]]],[[[126.2469,34.8614],[126.3617,34.8374],[126.2974,34.9175],[126.2469,34.8614]]],[[[126.282,37.6993],[126.3788,37.6787],[126.32,37.7472],[126.282,37.6993]]],[[[126.3098,37.7631],[126.3182,37.7623],[126.3359,37.7744],[126.3425,37.7921],[126.3333,37.8004],[126.3295,37.8006],[126.3098,37.7631]]],[[[126.367,37.7272],[126.3917,37.6154],[126.542,37.631],[126.5164,37.7672],[126.4253,37.8244],[126.367,37.7272]]],[[[126.5519,37.4803],[126.5831,37.4904],[126.5672,37.5097],[126.5519,37.4803]]],[[[126.6449,34.3371],[126.7343,34.3459],[126.6702,34.4006],[126.6449,34.3371]]],[[[126.7532,34.3869],[126.8515,34.4029],[126.823,34.4398],[126.7532,34.3869]]],[[[127.1792,34.4834],[127.2197,34.4283],[127.2287,34.4302],[127.2419,34.4455],[127.2451,34.4641],[127.2342,34.4803],[127.1792,34.4834]]],[[[127.8294,34.869],[127.8579,34.7436],[128.0656,34.7436],[128.0696,34.815],[127.9199,34.8354],[127.9021,34.94],[127.8294,34.869]]],[[[127.9636,34.8598],[128.0747,34.8366],[128.0178,34.9166],[127.9636,34.8598]]],[[[128.332,34.8257],[128.3801,34.8104],[128.3718,34.8003],[128.4257,34.7905],[128.439,34.7939],[128.438,34.8196],[128.4282,34.8274],[128.3858,34.8201],[128.3518,34.8354],[128.332,34.8257]]],[[[128.4885,34.869],[128.5288,34.8081],[128.6045,34.8354],[128.5631,34.7656],[128.6789,34.7447],[128.7472,34.8746],[128.7207,34.9797],[128.611,34.9528],[128.6455,34.8907],[128.4885,34.869]]],[[[126.1803,33.2616],[126.2486,33.2112],[126.7418,33.2802],[126.9247,33.477],[126.7924,33.5638],[126.4849,33.5208],[126.3191,33.4667],[126.1803,33.2616]]]]}},{"type":"Feature","properties":{"relationId":"cliopatria-relation-ee0e41162230","name":"(Allegiance of Joseon to Ming Dynasty)","name_ko":"조선–명나라 충성·복속 관계","relationKind":"allegiance","relation_kind_ko":"충성·복속 관계","actor_ids":"cliopatria-q28179-bdacfb48bb;cliopatria-q9903-8710179f1b","actor_names_ko":"조선;명나라","color":"#e7b763","startYear":1468,"endYear":1515,"source_name":"Cliopatria v0.2.0","source_url":"https://github.com/Seshat-Global-History-Databank/cliopatria","license":"CC BY 4.0","attribution":"Seshat Global History Databank, Cliopatria contributors"},"geometry":{"type":"MultiPolygon","coordinates":[[[[108.6586,18.8016],[108.7107,18.4997],[109.136,18.3612],[109.1796,18.2932],[109.7249,18.2219],[109.7393,18.2587],[109.6704,18.273],[109.7318,18.273],[109.7461,18.3959],[110.0232,18.4307],[110.0825,18.4778],[110.0342,18.5119],[110.0881,18.5043],[110.2708,18.6682],[110.4035,18.7038],[110.3352,18.6733],[110.4035,18.6628],[110.469,18.7772],[110.5344,18.7856],[110.5034,18.8819],[110.4928,18.7931],[110.4315,18.8215],[110.5134,18.9064],[110.5823,19.1501],[110.5549,19.0873],[110.4792,19.1693],[110.5803,19.1552],[110.6697,19.3817],[110.7962,19.4846],[110.7944,19.6013],[110.8477,19.6225],[110.8218,19.5678],[110.8765,19.5398],[111.0347,19.6422],[110.9346,19.9951],[110.7883,20.0104],[110.6706,20.1505],[110.6056,20.1076],[110.6058,19.9232],[110.5276,20.0202],[110.3766,20.0538],[110.4109,19.9234],[110.3447,20.0581],[110.157,20.0674],[110.0682,19.9848],[110.1496,20.0066],[110.1227,19.9743],[109.9901,19.906],[109.9426,19.9909],[109.8355,19.9309],[109.8159,19.9912],[109.7181,19.9575],[109.719,20.0106],[109.527,19.9514],[109.5202,19.8825],[109.5817,19.8557],[109.465,19.8341],[109.3114,19.9195],[109.2551,19.8983],[109.2111,19.7497],[109.3074,19.7869],[109.3074,19.7111],[109.2112,19.7248],[108.9448,19.492],[108.7042,19.3779],[108.6586,18.8016]]],[[[109.9686,18.4035],[109.9734,18.4059],[109.9686,18.4055],[109.9686,18.4035]]],[[[121.9946,30.0372],[122.0191,29.9972],[122.2798,29.9865],[122.2768,30.0676],[122.1033,30.1437],[122.0321,30.143],[121.9946,30.0372]]],[[[97.5891,24.4578],[97.79,24.3292],[97.647,23.9435],[98.8754,24.1363],[98.7326,23.7506],[98.8707,23.6863],[98.9429,23.2363],[99.5704,22.9791],[99.2854,22.1434],[99.9444,22.0791],[100.0726,21.9505],[100.0318,21.6934],[100.2243,21.5005],[100.7443,21.5005],[101.1567,21.7577],[101.1798,21.4363],[101.3182,21.372],[101.3619,21.1791],[101.8074,21.1791],[101.8792,21.6291],[101.6443,22.0148],[101.7182,22.4648],[102.154,22.4005],[102.5802,22.722],[102.867,22.6577],[102.9197,22.5291],[103.2173,22.5291],[103.3247,22.722],[103.7713,22.722],[103.9616,22.5291],[104.1547,22.7863],[104.5158,22.722],[104.8361,22.8506],[104.9561,23.1077],[105.2143,23.3006],[105.4379,23.3006],[105.7526,22.9791],[106.1995,22.9791],[106.3254,22.8506],[106.7093,22.9148],[106.7722,22.8506],[106.607,22.3363],[106.7113,22.0791],[107.2398,21.6934],[107.4627,21.6934],[107.5894,21.5648],[107.9719,21.6291],[108.0711,21.5366],[108.2383,21.6439],[108.2119,21.5165],[108.314,21.5819],[108.3413,21.7258],[108.471,21.6713],[108.3897,21.5751],[108.471,21.562],[108.5654,21.6785],[108.4778,21.6986],[108.5051,21.7879],[108.458,21.9177],[108.4915,21.8563],[108.5733,21.9518],[108.5603,21.8955],[108.6355,21.8903],[108.5714,21.8128],[108.5945,21.7402],[108.677,21.8153],[108.6492,21.7333],[108.7249,21.7464],[108.7127,21.6884],[108.8371,21.666],[108.7796,21.7258],[108.8347,21.7258],[108.8326,21.7838],[108.7796,21.8153],[108.8614,21.8153],[108.8695,21.7538],[108.9241,21.7668],[108.8655,21.7397],[108.8695,21.6713],[109.1358,21.603],[109.1387,21.4016],[109.2146,21.4174],[109.2388,21.4857],[109.245,21.4316],[109.5308,21.4916],[109.5728,21.5817],[109.4647,21.6645],[109.5945,21.7464],[109.5609,21.6713],[109.6155,21.6501],[109.608,21.5751],[109.677,21.6234],[109.6497,21.5205],[109.7698,21.4936],[109.7732,21.5819],[109.8312,21.4759],[109.9444,21.4931],[109.9241,21.3628],[109.8466,21.3582],[109.696,20.8577],[109.7702,20.8577],[109.7869,20.6911],[109.8604,20.7155],[109.7806,20.685],[109.8211,20.5546],[109.8482,20.5956],[109.8227,20.5207],[109.9232,20.451],[109.9309,20.5063],[110.0155,20.4184],[109.9824,20.3515],[109.9174,20.4171],[109.9172,20.2393],[110.0379,20.3017],[110.1275,20.248],[110.2939,20.2585],[110.4068,20.3052],[110.5342,20.4783],[110.4789,20.5677],[110.3008,20.6571],[110.3418,20.8215],[110.3565,20.7323],[110.4094,20.751],[110.369,20.8489],[110.1567,20.8489],[110.1431,20.9923],[110.1956,21.0713],[110.2188,21.0276],[110.3994,21.1766],[110.3281,21.3355],[110.3895,21.3287],[110.3585,21.4357],[110.4373,21.3975],[110.4339,21.3088],[110.4863,21.3355],[110.4448,21.3076],[110.4789,21.2734],[110.4243,21.2877],[110.4312,21.1915],[110.6365,21.2302],[110.6356,21.381],[110.76,21.4447],[110.6365,21.3703],[110.6433,21.3218],[110.6776,21.3485],[110.6509,21.2604],[110.7682,21.3975],[110.8699,21.3832],[111.0686,21.4726],[110.9797,21.4447],[111.0276,21.5409],[111.1436,21.4658],[111.2263,21.4993],[111.158,21.5136],[111.1924,21.5312],[111.3108,21.4671],[111.4043,21.5267],[111.3628,21.5412],[111.438,21.5341],[111.4322,21.603],[111.4761,21.5136],[111.5956,21.5341],[111.5819,21.5819],[111.6305,21.5299],[111.7796,21.6754],[111.6781,21.7812],[111.8351,21.7668],[111.8325,21.7233],[112.0003,21.7743],[111.9041,21.8153],[111.8904,21.9251],[111.9692,21.824],[112.0413,21.8842],[112.0282,21.7973],[112.1926,21.8432],[112.1824,21.753],[112.2902,21.7101],[112.4021,21.8014],[112.3565,21.9797],[112.3975,22.0685],[112.3906,21.9555],[112.4937,21.9661],[112.4111,21.9012],[112.426,21.8452],[112.5509,21.7729],[112.826,21.9661],[112.8752,21.8863],[112.9665,21.8863],[113.0851,22.2076],[113.1164,22.076],[113.2306,22.0432],[113.3027,22.1833],[113.402,22.1796],[113.1602,22.4876],[113.1653,22.5756],[113.4592,22.158],[113.5877,22.2379],[113.6104,22.3702],[113.5464,22.4376],[113.5992,22.5752],[113.3775,22.7674],[113.4942,22.7748],[113.3504,22.8897],[113.213,22.9045],[113.484,22.9243],[113.5023,23.0204],[113.4175,23.097],[113.5091,23.0622],[113.7031,23.1578],[113.8301,23.1175],[113.7202,23.1379],[113.5364,23.0631],[113.5762,22.9387],[113.6172,23.0349],[113.5967,22.9182],[113.6382,23.0349],[113.5923,22.8891],[113.6536,22.7587],[113.7581,22.7534],[113.8695,22.5034],[114.0915,22.5344],[113.9808,22.4695],[113.9969,22.3606],[114.1048,22.3699],[114.1719,22.2887],[114.2555,22.3223],[114.2967,22.2583],[114.2584,22.3621],[114.3186,22.3894],[114.3576,22.3324],[114.3997,22.4361],[114.3476,22.4229],[114.3237,22.48],[114.2093,22.3987],[114.1675,22.4481],[114.3351,22.5064],[114.2093,22.5237],[114.2298,22.5558],[114.3958,22.6135],[114.5158,22.4526],[114.6049,22.5327],[114.4954,22.562],[114.5903,22.6439],[114.5066,22.6465],[114.5221,22.706],[114.6955,22.7926],[114.817,22.8004],[114.742,22.7327],[114.7438,22.6094],[114.8658,22.6017],[114.896,22.5475],[114.9666,22.6765],[114.8625,22.7632],[114.9853,22.6893],[115.0655,22.796],[115.1803,22.7848],[115.3038,22.903],[115.3202,22.8505],[115.2334,22.7882],[115.4112,22.7883],[115.3385,22.7331],[115.3735,22.6942],[115.5752,22.6683],[115.5901,22.7372],[115.5556,22.7144],[115.527,22.767],[115.6121,22.8636],[115.468,22.8493],[115.483,22.9018],[115.406,22.925],[115.5476,22.8954],[115.5606,22.8493],[115.7303,22.9342],[115.697,22.8507],[115.8075,22.8033],[116.0762,22.8679],[116.0421,22.9329],[116.1237,22.8947],[116.0865,22.8458],[116.1537,22.856],[116.2815,22.9579],[116.2136,22.9828],[116.4947,22.9394],[116.6045,23.2096],[116.5089,23.2341],[116.6115,23.2387],[116.6511,23.172],[116.7151,23.2438],[116.6672,23.2813],[116.8035,23.2346],[116.7486,23.3263],[116.573,23.3237],[116.5232,23.4185],[116.7732,23.3494],[116.9165,23.6627],[116.9507,23.6109],[117.0684,23.6513],[117.0842,23.5506],[117.2192,23.6296],[117.2295,23.6928],[117.239,23.6055],[117.2774,23.7822],[117.4343,23.7759],[117.4901,23.8326],[117.4166,23.9468],[117.5711,23.9033],[117.626,23.8149],[117.7088,24.0355],[117.6671,24.0627],[117.7633,24.0703],[117.7981,24.0218],[117.76,23.9716],[117.8952,24.0696],[117.9073,24.1863],[117.9436,24.2126],[117.9788,24.1621],[118.0867,24.2497],[118.0906,24.3415],[118.0159,24.3269],[118.043,24.4067],[117.9073,24.3849],[117.7913,24.4675],[118.0217,24.4457],[118.0581,24.5159],[117.9749,24.5527],[118.0374,24.5606],[118.0444,24.6177],[118.1104,24.5841],[118.1605,24.6934],[118.219,24.5414],[118.4048,24.6066],[118.4312,24.6997],[118.4281,24.6313],[118.6471,24.5746],[118.6421,24.6787],[118.763,24.7627],[118.7018,24.81],[118.638,24.7721],[118.572,24.8852],[118.6712,24.8747],[118.6677,24.9534],[118.7295,24.9005],[118.7161,24.8436],[118.9229,24.8959],[118.9116,24.9534],[119.009,24.9473],[119.0042,25.0502],[118.9537,25.003],[118.8491,25.0738],[118.943,25.1088],[118.9746,25.1826],[118.8756,25.2438],[119.0273,25.2782],[118.9693,25.2264],[119.0689,25.2167],[119.0291,25.1405],[119.0929,25.1136],[119.1531,25.1397],[119.1161,25.2138],[119.2813,25.1794],[119.2725,25.2318],[119.3475,25.2678],[119.243,25.3302],[119.2013,25.2597],[119.2034,25.3581],[119.1732,25.3251],[119.1025,25.4203],[119.2378,25.4818],[119.3052,25.6046],[119.3809,25.5909],[119.3565,25.5269],[119.4491,25.5053],[119.447,25.4388],[119.5073,25.4744],[119.4832,25.3712],[119.5477,25.3838],[119.5386,25.4612],[119.5882,25.3966],[119.64,25.413],[119.5726,25.4879],[119.5794,25.5847],[119.4924,25.5648],[119.4491,25.6872],[119.5719,25.6802],[119.6209,25.7603],[119.5664,25.8721],[119.5999,25.8442],[119.6954,26.0026],[119.5191,26.0445],[119.3298,25.9443],[119.2468,25.9672],[119.1952,26.0876],[119.0935,26.1458],[119.4585,25.9825],[119.6682,26.2215],[119.6543,26.2724],[119.9253,26.3474],[119.8258,26.4269],[119.6819,26.3171],[119.6484,26.4374],[119.5664,26.4549],[119.6537,26.498],[119.7918,26.4133],[119.7849,26.5778],[119.6751,26.6188],[119.5999,26.5704],[119.5411,26.6563],[119.5999,26.6461],[119.606,26.6945],[119.5521,26.7491],[119.606,26.7969],[119.7249,26.6978],[119.6858,26.812],[119.7562,26.7377],[119.782,26.8285],[119.8463,26.8522],[119.7974,26.8164],[119.8401,26.79],[119.7918,26.6877],[119.8292,26.715],[119.9016,26.6597],[119.9251,26.7922],[120.0673,26.7965],[120.032,26.8999],[120.2374,26.9272],[120.1487,26.9819],[120.2552,26.9971],[120.2163,27.0371],[120.2783,27.0638],[120.2437,27.1327],[120.3618,27.1009],[120.4076,27.158],[120.3473,27.1805],[120.3473,27.2426],[120.1824,27.2169],[120.1958,27.2978],[120.3119,27.3177],[120.3031,27.2423],[120.4292,27.1737],[120.4217,27.2221],[120.5178,27.2016],[120.5493,27.321],[120.5049,27.345],[120.5459,27.4033],[120.6353,27.3797],[120.682,27.4816],[120.5966,27.5703],[120.6756,27.6597],[120.6353,27.7633],[120.7077,27.7134],[120.8408,27.9487],[120.589,28.0267],[120.5596,28.1128],[120.606,28.0422],[120.8803,27.9986],[120.9969,28.0425],[121.0689,28.1569],[121.1081,28.2834],[121.025,28.3046],[121.1138,28.3017],[121.169,28.3848],[121.2647,28.366],[121.2031,28.3319],[121.2672,28.2164],[121.4132,28.2546],[121.4731,28.3306],[121.6461,28.3235],[121.6077,28.4772],[121.5116,28.4895],[121.5816,28.5047],[121.5101,28.6571],[121.2584,28.6751],[121.2993,28.7229],[121.1423,28.8459],[121.3512,28.7119],[121.6214,28.7359],[121.6699,28.8253],[121.4918,28.9284],[121.5874,28.9631],[121.6842,28.9147],[121.6898,29.0171],[121.5321,29.0205],[121.6214,29.1133],[121.4017,29.1065],[121.5868,29.2933],[121.647,29.4723],[121.5696,29.4746],[121.4849,29.3905],[121.5049,29.4838],[121.4426,29.4154],[121.4434,29.5242],[121.6873,29.5626],[122.0074,29.8874],[121.7219,29.9605],[121.4054,30.3079],[121.1328,30.3079],[120.8088,30.1151],[120.6944,30.1721],[120.6463,30.1269],[120.7922,30.0661],[120.6318,30.1224],[120.7314,30.2338],[120.6216,30.3726],[120.4505,30.3689],[120.3847,30.2496],[120.2744,30.2776],[120.1471,30.1989],[120.2579,30.2981],[120.379,30.2735],[120.4791,30.4035],[120.6981,30.394],[120.7883,30.2938],[120.9981,30.5579],[121.5192,30.822],[121.9131,30.859],[121.9508,30.9821],[121.7252,31.2816],[121.3203,31.5048],[121.1444,31.6847],[120.7315,31.8139],[120.7171,31.8611],[120.8248,31.8287],[120.7504,31.9783],[120.4695,32.0251],[120.23,31.9089],[120.0064,31.9503],[119.7725,32.1268],[119.7886,32.1986],[119.6904,32.2353],[119.606,32.1969],[119.6854,32.2924],[119.6129,32.3546],[119.8421,32.2991],[119.992,32.0159],[120.1314,31.9432],[120.2671,31.9487],[120.4908,32.0825],[120.6344,32.077],[120.8108,32.0226],[120.9778,31.8144],[121.1151,31.7963],[121.2864,31.8906],[121.8173,31.6909],[121.9173,31.7616],[121.7986,31.9705],[121.4434,32.1143],[121.3608,32.2316],[121.4193,32.2503],[121.3894,32.3849],[121.1008,32.498],[120.8303,32.6977],[120.9048,32.8126],[120.8958,33.0136],[120.8259,33.0302],[120.807,33.1378],[120.7302,33.2049],[120.7503,33.2696],[120.6672,33.3251],[120.6344,33.4669],[120.4837,33.65],[120.5049,33.7356],[120.3997,33.8693],[120.2571,34.3118],[119.6477,34.5338],[119.3467,34.7808],[119.1922,34.7182],[119.1929,35.0004],[119.2212,35.064],[119.358,35.0971],[119.4239,35.3135],[119.5319,35.3586],[119.648,35.5839],[119.7325,35.6208],[119.7439,35.5759],[119.8401,35.6579],[119.8602,35.6061],[119.9046,35.6246],[119.9082,35.7449],[120.0029,35.7278],[120.0972,35.9008],[120.189,35.9453],[120.1753,35.89],[120.2941,36.0024],[120.1753,35.9936],[120.0897,36.1117],[120.0972,36.2264],[120.2845,36.176],[120.3064,36.2742],[120.3616,36.1916],[120.292,36.062],[120.3535,36.0408],[120.6669,36.1321],[120.6436,36.3225],[120.7107,36.3245],[120.7141,36.4287],[120.95,36.4592],[120.9636,36.5479],[120.8504,36.6046],[120.7503,36.5408],[120.7506,36.6168],[120.8506,36.6509],[120.9774,36.5899],[121.4017,36.7124],[121.4595,36.8287],[121.6072,36.845],[121.5032,36.7886],[121.5247,36.7543],[121.9498,36.9389],[121.9263,36.9936],[122.0492,36.9799],[122.0365,36.8993],[122.1429,36.9458],[122.1661,37.0141],[122.1627,36.9458],[122.2659,36.898],[122.1852,36.8595],[122.3552,36.8291],[122.4364,36.8707],[122.4058,36.9222],[122.5268,36.9528],[122.54,37.0277],[122.4024,37.0215],[122.4539,37.1543],[122.4707,37.1103],[122.5735,37.2601],[122.5497,37.3198],[122.5947,37.2952],[122.5708,37.3448],[122.6847,37.4102],[122.2965,37.4182],[122.2454,37.4597],[122.1832,37.4182],[122.1218,37.5627],[122.0256,37.528],[121.988,37.4256],[121.635,37.4813],[121.5874,37.4536],[121.6761,37.4392],[121.5703,37.4287],[121.3817,37.5661],[121.4298,37.5969],[121.3936,37.6225],[121.1716,37.5771],[121.138,37.7012],[121.0326,37.7104],[120.9258,37.8193],[120.738,37.834],[120.2157,37.6841],[120.3225,37.6324],[120.1876,37.5118],[119.8589,37.3602],[119.8973,37.2494],[119.7706,37.1518],[119.4412,37.1206],[119.1455,37.1789],[118.9724,37.2807],[118.9446,37.3781],[119.0371,37.7221],[119.1746,37.7085],[119.2164,37.794],[118.9966,37.9631],[118.9248,38.0578],[118.95,38.0973],[118.7604,38.1551],[118.543,38.0683],[118.0652,38.1431],[117.6025,38.4806],[117.5435,38.6213],[117.584,38.8116],[117.7019,38.9953],[117.7663,39.0141],[117.7154,39.1114],[118.028,39.2198],[118.2249,39.0618],[118.4054,39.0618],[118.5271,39.1492],[118.7096,39.1495],[119.1145,39.2863],[119.2304,39.3617],[119.2814,39.575],[119.2293,39.536],[119.2086,39.5696],[119.2849,39.5954],[119.3804,39.7729],[119.5264,39.832],[119.5356,39.8908],[120.4722,40.2145],[120.5018,40.3269],[120.5888,40.3818],[120.5457,40.4024],[120.8253,40.674],[121.02,40.7192],[120.9395,40.7405],[120.9819,40.8268],[121.0684,40.8034],[121.2003,40.9307],[121.7565,40.8736],[121.8679,40.9958],[121.8259,40.9482],[121.8511,40.8323],[122.1594,40.7016],[122.1573,40.5993],[122.3019,40.5023],[122.1061,40.3101],[122.0916,40.2272],[121.9915,40.187],[121.9957,40.1239],[121.8269,40.0225],[121.8738,39.9914],[121.4811,39.8139],[121.4634,39.7435],[121.5501,39.6787],[121.5333,39.6223],[121.4639,39.6458],[121.2234,39.5286],[121.436,39.5086],[121.4976,39.385],[121.943,39.3994],[121.7798,39.3715],[121.628,39.2704],[121.5926,39.1922],[121.681,39.1364],[121.6741,39.088],[121.1399,38.9473],[121.1456,38.7389],[121.2367,38.7985],[121.485,38.8099],[121.7247,39.0302],[121.9232,39.009],[121.8884,39.0425],[122.0065,39.0618],[122.29,39.351],[122.8486,39.6179],[123.2295,39.7297],[123.252,39.8171],[123.3141,39.7761],[123.4171,39.8245],[123.4126,39.7834],[123.609,39.8376],[123.6567,39.9195],[123.7089,39.8376],[124.1273,39.8376],[124.2942,39.9338],[124.3702,40.0979],[124.4996,40.0225],[124.4058,40.0278],[124.3215,39.9127],[124.4177,39.8245],[124.5641,39.8143],[124.6436,39.6677],[124.7557,39.6883],[124.7461,39.7829],[125.117,39.5659],[125.2252,39.5912],[125.286,39.5212],[125.4449,39.5844],[125.3452,39.4537],[125.4592,39.3851],[125.4046,39.3647],[125.4449,39.3106],[125.4109,39.2138],[125.2874,39.1523],[125.2841,39.0896],[125.3351,39.0834],[125.2708,39.0806],[125.1986,38.9861],[125.1372,38.8035],[125.1883,38.7386],[125.241,38.7931],[125.2777,38.7033],[125.4478,38.7772],[125.6578,38.631],[125.4627,38.7073],[125.1566,38.6317],[125.1229,38.6641],[125.128,38.5803],[124.9839,38.5919],[125.0164,38.498],[124.8797,38.3452],[124.8723,38.2576],[124.993,38.227],[124.9209,38.1894],[124.856,38.227],[124.7681,38.1017],[124.8853,38.1317],[125.2649,38.0779],[125.2463,38.0201],[125.1067,38.0346],[125.1754,37.9699],[124.9795,37.9252],[125.2151,37.8913],[125.26,37.9327],[125.3084,37.8781],[125.2542,37.8346],[125.3084,37.8091],[125.3494,37.8644],[125.4449,37.8433],[125.3836,37.8918],[125.4244,37.9122],[125.5101,37.8943],[125.4791,37.8576],[125.5242,37.8178],[125.3899,37.7961],[125.4449,37.7744],[125.3638,37.7609],[125.3475,37.6756],[125.5343,37.7722],[125.6387,37.8647],[125.6306,37.9252],[125.7398,37.9252],[125.5969,38.0322],[125.7993,37.9929],[125.9216,37.8449],[125.9862,37.8228],[125.9595,37.9122],[126.0558,37.8706],[126.0628,37.8022],[126.3977,37.8918],[126.5933,37.7744],[126.7,37.8297],[126.6788,37.6863],[126.7552,37.6379],[126.6615,37.6724],[126.6619,37.758],[126.5349,37.7682],[126.6011,37.5068],[126.6442,37.5044],[126.596,37.4397],[126.6418,37.366],[126.7172,37.3838],[126.6898,37.3325],[126.8707,37.2679],[126.782,37.2202],[126.6901,37.2617],[126.719,37.2129],[126.6688,37.1618],[126.7144,37.128],[126.8707,37.1755],[126.7645,37.1177],[126.7552,37.0488],[126.8491,37.0373],[126.8905,37.0959],[126.911,37.0141],[126.8244,37.0026],[126.9127,36.9296],[127.042,36.9936],[126.8602,36.8696],[126.9048,36.8223],[126.8633,36.8291],[126.8508,36.754],[126.7962,36.9558],[126.6815,36.9947],[126.6311,36.9116],[126.6361,36.9825],[126.5465,37.0426],[126.5123,37.0164],[126.5721,36.9775],[126.4934,36.997],[126.5826,36.898],[126.5191,36.9479],[126.4839,36.8415],[126.4454,37.0034],[126.353,37],[126.4192,36.9223],[126.4046,36.857],[126.3287,36.847],[126.3567,36.7888],[126.2827,36.8037],[126.3089,36.9669],[126.2752,36.8747],[126.1922,36.8859],[126.2134,36.7813],[126.1656,36.8161],[126.1282,36.7613],[126.1449,36.7178],[126.2026,36.7424],[126.1911,36.6762],[126.2742,36.7199],[126.2949,36.6212],[126.343,36.7404],[126.3697,36.6468],[126.4796,36.7471],[126.4977,36.4484],[126.6174,36.4735],[126.4988,36.4201],[126.5826,36.353],[126.5138,36.3227],[126.5826,36.2947],[126.5349,36.2196],[126.6033,36.1718],[126.4934,36.1308],[126.5894,36.1308],[126.6925,35.9999],[126.8707,36.062],[126.6517,35.9817],[126.6128,35.902],[126.8375,35.8933],[126.7034,35.8485],[126.782,35.7602],[126.6622,35.793],[126.4953,35.6588],[126.4673,35.6002],[126.655,35.5958],[126.6925,35.5344],[126.6429,35.5728],[126.4698,35.4985],[126.4182,35.394],[126.4585,35.3454],[126.4114,35.3699],[126.3567,35.26],[126.4503,35.0666],[126.4251,35.0198],[126.343,35.157],[126.2859,35.0556],[126.3206,35.0833],[126.3741,35.0168],[126.3152,34.9379],[126.4364,34.9814],[126.3953,34.8271],[126.5133,34.7823],[126.5676,34.9014],[126.5758,34.8218],[126.6653,34.8081],[126.4207,34.7361],[126.6236,34.63],[126.5357,34.6232],[126.3994,34.7096],[126.3861,34.6358],[126.4646,34.5847],[126.3536,34.6526],[126.3001,34.586],[126.3909,34.5338],[126.5396,34.563],[126.5418,34.5133],[126.4703,34.4965],[126.5176,34.4138],[126.4796,34.3488],[126.6034,34.3006],[126.6336,34.3957],[126.7615,34.4792],[126.7778,34.5865],[126.8098,34.4512],[126.889,34.4211],[127.0103,34.6125],[127.2481,34.7665],[127.3579,34.6982],[127.3145,34.6519],[127.2747,34.7051],[127.2467,34.5837],[127.1929,34.5748],[127.2134,34.6369],[127.1297,34.5506],[127.1792,34.5133],[127.2235,34.5468],[127.3436,34.445],[127.4392,34.5407],[127.3494,34.5858],[127.5036,34.5913],[127.3579,34.7597],[127.4255,34.8007],[127.3653,34.824],[127.5213,34.8898],[127.5845,34.7462],[127.5608,34.6622],[127.6243,34.6296],[127.6563,34.7313],[127.7425,34.7293],[127.7756,34.8491],[127.6565,34.8119],[127.5916,34.9464],[127.6411,34.8991],[127.7192,34.9901],[127.8912,34.9467],[127.9258,35.0198],[128.0068,34.9918],[128.0693,35.0825],[128.0557,34.9316],[128.3351,34.9473],[128.3408,34.8727],[128.4353,34.8432],[128.4745,34.8907],[128.433,34.8907],[128.42,34.9827],[128.4915,34.9959],[128.4881,35.0512],[128.3714,35.0136],[128.4781,35.0991],[128.6363,35.0653],[128.6021,35.2139],[128.6179,35.1433],[128.762,35.0794],[128.8979,35.1213],[128.9184,35.0819],[128.958,35.1369],[128.9531,35.0653],[129.1235,35.1008],[129.2692,35.3168],[129.3609,35.3587],[129.3735,35.5328],[129.4129,35.4721],[129.4546,35.5133],[129.4431,35.6361],[129.5873,36.0169],[129.5548,36.0825],[129.4533,35.9933],[129.3809,36.0415],[129.4294,36.0952],[129.3866,36.3227],[129.4721,36.758],[129.4341,37.0611],[129.3311,37.2822],[128.6316,38.145],[128.2828,38.7551],[128.2102,38.7277],[128.0147,38.8581],[127.7593,39.117],[127.3934,39.2017],[127.3919,39.3419],[127.4734,39.3476],[127.3784,39.3789],[127.5413,39.4287],[127.5204,39.5105],[127.5746,39.595],[127.5038,39.7155],[128.0068,40.0452],[128.1551,40.0163],[128.2634,40.0771],[128.3278,40.0282],[128.6461,40.2609],[128.6365,40.3132],[129.0776,40.4726],[129.2335,40.7057],[129.7339,40.8654],[129.7649,40.9444],[129.7119,41.1226],[129.7678,41.391],[129.6594,41.4646],[129.6908,41.6497],[129.8844,41.8266],[129.8967,41.9043],[129.9656,41.9026],[130.073,42.0785],[130.1513,42.0764],[130.2023,42.1736],[130.4043,42.2551],[130.4075,42.3246],[130.6054,42.3012],[130.7366,42.4962],[130.3803,42.5612],[130.2803,42.8864],[129.9678,43.0165],[129.8073,43.0165],[129.6729,43.4072],[129.5121,43.4072],[129.4856,43.6027],[129.3246,43.6027],[129.334,43.733],[129.2534,43.733],[129.389,43.9286],[129.1824,43.8634],[129.1568,44.0591],[128.9953,44.0591],[128.97,44.2548],[128.8083,44.2548],[128.7832,44.4507],[128.6214,44.4507],[128.5965,44.6466],[128.4344,44.6466],[128.4097,44.8426],[128.2474,44.8426],[128.1877,45.1042],[128.0252,45.1042],[127.9656,45.3659],[127.8842,45.3659],[127.9305,45.4313],[127.7788,45.5623],[127.8251,45.6278],[127.6621,45.6278],[127.5335,46.0209],[127.0199,46.2177],[127.0668,46.2833],[126.8213,46.2833],[126.8682,46.3489],[126.2951,46.3489],[124.9648,46.0865],[123.6206,46.1521],[121.9191,45.6933],[118.7309,45.4313],[117.254,44.7773],[116.4818,44.5813],[116.1973,44.3854],[115.3887,44.1243],[114.6672,43.6027],[113.7663,42.6262],[112.6752,41.2625],[111.9077,39.967],[111.6509,39.7729],[111.447,39.8376],[111.1591,39.5789],[110.4179,39.5143],[110.2911,39.2557],[109.9614,39.0618],[109.7466,38.6097],[109.825,38.6097],[109.7829,38.3515],[109.5964,38.2869],[109.5269,37.9643],[109.4195,37.8998],[108.8434,37.8352],[108.745,37.9643],[107.9718,38.1578],[107.9029,38.3515],[107.5113,38.3515],[107.4426,38.5451],[107.2858,38.5451],[107.647,39.3203],[107.4416,39.385],[107.3292,39.6436],[106.9212,39.4496],[106.5899,38.7389],[106.6684,38.7389],[106.5136,38.2224],[106.1647,37.9643],[105.433,37.8998],[105.2209,37.7707],[104.4629,37.6417],[104.3616,37.7707],[103.764,37.8352],[103.6626,37.9643],[103.5844,37.9643],[103.612,38.0288],[103.3267,38.0933],[103.3039,38.2224],[103.0185,38.2869],[102.996,38.416],[102.7888,38.4806],[102.845,38.6097],[103.137,38.7389],[102.8801,38.868],[103.1234,39.0618],[102.5523,39.1911],[102.3588,38.9326],[102.0948,38.868],[102.1232,38.9326],[101.6301,39.0618],[101.5586,39.2557],[101.1652,39.2557],[101.181,39.6436],[100.7372,39.7083],[100.7664,39.7729],[100.5007,39.7083],[100.0638,39.2557],[99.8962,38.868],[99.998,38.7389],[100.4138,38.6097],[100.8745,38.0288],[101.2387,37.9643],[101.2634,37.8352],[101.5492,37.7707],[101.7037,37.5773],[102.0961,37.7707],[102.094,37.5773],[102.2485,37.3838],[102.534,37.3193],[102.6889,37.126],[102.6106,36.9326],[102.8441,36.7393],[102.7926,36.6105],[102.9235,36.3528],[102.7975,36.0308],[102.6175,35.9664],[102.5713,35.6445],[102.2372,35.5802],[102.0869,35.3871],[102.0919,35.194],[101.7114,35.001],[101.7413,34.8723],[102.1034,34.8079],[102.0327,34.615],[101.7548,34.4863],[101.2315,34.7436],[100.923,34.7436],[100.8534,34.5506],[101.0695,34.2933],[101.5313,34.2933],[101.6933,34.1004],[101.5255,33.8432],[101.1956,33.7789],[101.8738,33.5217],[101.1784,31.6575],[101.1022,31.6575],[100.6794,29.7294],[99.9815,28.8295],[99.7382,28.7652],[99.6983,28.3153],[99.6067,28.251],[99.4291,28.4438],[99.4864,28.9581],[99.4109,28.9581],[99.531,29.4081],[99.3971,29.4723],[99.2351,29.1509],[99.0253,29.2152],[98.8687,28.3153],[98.5351,28.1867],[98.567,28.3153],[98.3728,28.4438],[98.1581,28.1867],[98.26,27.6724],[98.5612,27.6724],[98.7414,27.4795],[98.7623,26.5794],[98.8374,26.5794],[98.6732,25.8079],[98.1714,25.5507],[98.1331,25.3579],[97.8709,25.165],[97.8218,24.9078],[97.6482,24.7792],[97.5891,24.4578]],[[114.2298,22.5558],[114.183,22.5562],[114.179,22.5593],[114.2298,22.5558]],[[98.2766,25.5524],[98.3251,25.565],[98.3121,25.5575],[98.2766,25.5524]],[[98.3377,25.5723],[98.35,25.5853],[98.3471,25.5778],[98.3377,25.5723]],[[100.108,21.6181],[100.1157,21.6295],[100.1437,21.64],[100.108,21.6181]],[[101.1649,21.6457],[101.1688,21.6379],[101.1739,21.6119],[101.1649,21.6457]],[[101.179,21.469],[101.1866,21.5353],[101.1878,21.5059],[101.179,21.469]],[[101.6545,22.4461],[101.6891,22.4789],[101.7131,22.4915],[101.6545,22.4461]],[[101.7151,21.3211],[101.7164,21.3344],[101.7206,21.3137],[101.7151,21.3211]],[[101.7174,21.3447],[101.7297,21.4742],[101.7256,21.3754],[101.7174,21.3447]],[[101.7304,21.3005],[101.8012,21.2671],[101.7365,21.2923],[101.7304,21.3005]],[[102.2525,22.4955],[102.3843,22.6289],[102.3769,22.6156],[102.2525,22.4955]],[[102.395,22.6805],[102.4256,22.7453],[102.4073,22.6934],[102.395,22.6805]],[[107.6804,21.6222],[107.7448,21.6575],[107.6903,21.6247],[107.6804,21.6222]],[[107.7986,21.6497],[107.8116,21.6478],[107.8324,21.6394],[107.7986,21.6497]],[[114.1487,22.5381],[114.162,22.5605],[114.1695,22.56],[114.1487,22.5381]],[[124.3806,40.1056],[124.5282,40.2141],[124.5487,40.2209],[124.3806,40.1056]],[[130.5308,42.5305],[130.5818,42.4417],[130.5756,42.4457],[130.5308,42.5305]]],[[[110.2459,20.986],[110.4322,21.0058],[110.4572,21.06],[110.2874,21.0744],[110.3352,21.0686],[110.2731,21.0611],[110.2459,20.986]]],[[[110.4177,20.6548],[110.4358,20.6385],[110.4573,20.5869],[110.4758,20.5959],[110.4714,20.6474],[110.437,20.6679],[110.4177,20.6548]]],[[[110.4177,21.1785],[110.42,21.1785],[110.4194,21.1791],[110.5587,21.1791],[110.5686,21.1915],[110.5432,21.2042],[110.4929,21.1839],[110.4634,21.1907],[110.4963,21.1952],[110.4998,21.2063],[110.4622,21.2051],[110.4177,21.1785]]],[[[110.5739,21.1791],[110.6006,21.1791],[110.617,21.1915],[110.617,21.1989],[110.594,21.2028],[110.5739,21.1791]]],[[[113.2642,22.1049],[113.3136,22.0764],[113.3648,22.1579],[113.2642,22.1049]]],[[[113.3094,22.0241],[113.3186,22.0162],[113.3689,22.0821],[113.3436,22.0685],[113.3094,22.0241]]],[[[113.3962,22.8981],[113.5946,22.7561],[113.4756,22.9007],[113.3962,22.8981]]],[[[113.4765,22.7195],[113.6418,22.6016],[113.5595,22.735],[113.4765,22.7195]]],[[[113.5058,22.9516],[113.51,22.9212],[113.545,22.88],[113.5535,22.8858],[113.5536,22.9113],[113.5292,22.9604],[113.5154,22.9692],[113.5058,22.9516]]],[[[113.5202,22.1849],[113.5247,22.1737],[113.5571,22.2025],[113.5492,22.1997],[113.5538,22.2115],[113.5365,22.2171],[113.5243,22.2126],[113.5352,22.2075],[113.5202,22.1849]]],[[[113.5322,22.1526],[113.54,22.1434],[113.5616,22.1434],[113.5741,22.1608],[113.5586,22.163],[113.5344,22.1612],[113.5322,22.1526]]],[[[113.6104,22.4133],[113.6212,22.3914],[113.6423,22.4002],[113.6424,22.4114],[113.6578,22.4238],[113.6496,22.4386],[113.6234,22.4399],[113.6118,22.4305],[113.6104,22.4133]]],[[[113.9972,22.317],[114.0189,22.2646],[114.0549,22.3363],[113.9972,22.317]]],[[[113.9975,22.265],[113.9976,22.245],[114.0073,22.2521],[113.9975,22.265]]],[[[113.9977,22.2379],[113.9978,22.2151],[114.0002,22.2161],[114.015,22.2271],[113.9977,22.2379]]],[[[114.1043,22.216],[114.1141,22.2161],[114.1108,22.1771],[114.1374,22.1788],[114.1454,22.1787],[114.1391,22.1911],[114.1546,22.2036],[114.1257,22.2052],[114.1328,22.2161],[114.1257,22.2134],[114.1067,22.2358],[114.1043,22.216]]],[[[114.1126,22.2715],[114.2561,22.2036],[114.2156,22.2856],[114.1126,22.2715]]],[[[116.9543,23.5441],[116.9953,23.5348],[117.0093,23.555],[116.9956,23.5635],[116.9543,23.5441]]],[[[117.3405,23.689],[117.3561,23.6892],[117.4185,23.758],[117.4136,23.7717],[117.3727,23.7667],[117.3767,23.7289],[117.3405,23.689]]],[[[118.07,24.4603],[118.1271,24.4312],[118.1814,24.5351],[118.0925,24.5562],[118.07,24.4603]]],[[[119.2092,26.0986],[119.2576,26.0015],[119.405,25.9779],[119.2092,26.0986]]],[[[119.2829,25.4864],[119.3354,25.4864],[119.3465,25.5667],[119.2829,25.4864]]],[[[119.2835,25.4751],[119.2969,25.4229],[119.3222,25.4329],[119.2835,25.4751]]],[[[119.554,26.0956],[119.6441,26.0784],[119.5925,26.1257],[119.554,26.0956]]],[[[119.6685,25.4879],[119.71,25.4879],[119.7,25.4319],[119.8407,25.4765],[119.7988,25.5158],[119.8745,25.5568],[119.7078,25.615],[119.7162,25.5363],[119.7783,25.522],[119.6685,25.4879]]],[[[119.7162,32.2726],[119.8193,32.2038],[119.792,32.1218],[119.9019,32.0734],[119.8143,32.2756],[119.7162,32.2726]]],[[[119.8326,26.5505],[119.886,26.5244],[119.96,26.6113],[120.1344,26.6461],[120.1021,26.6892],[120.1428,26.7328],[120.0625,26.7723],[119.8326,26.5505]]],[[[120.7502,37.8986],[120.7546,37.8967],[120.7549,37.8996],[120.7538,37.8998],[120.7502,37.8986]]],[[[121.1763,31.7843],[121.3145,31.6556],[121.8291,31.4482],[121.9135,31.4647],[121.9499,31.5592],[121.3861,31.8117],[121.2641,31.8411],[121.1763,31.7843]]],[[[121.2081,28.201],[121.257,28.2138],[121.2564,28.2148],[121.2306,28.2197],[121.2109,28.209],[121.2081,28.201]]],[[[121.2655,39.4311],[121.2928,39.3905],[121.3643,39.4455],[121.3363,39.385],[121.4328,39.385],[121.4505,39.4503],[121.3406,39.4813],[121.2655,39.4311]]],[[[121.5845,31.4414],[121.6321,31.4098],[121.6872,31.4206],[121.6182,31.4438],[121.5845,31.4414]]],[[[121.6461,31.4005],[121.78,31.3252],[121.7206,31.4005],[121.6461,31.4005]]],[[[121.6562,29.5038],[121.7273,29.5302],[121.7246,29.5385],[121.7109,29.5386],[121.6562,29.5038]]],[[[121.7116,29.2152],[121.7743,29.2539],[121.7866,29.3745],[121.8406,29.3188],[121.7903,29.2152],[121.9384,29.2152],[121.9005,29.2987],[121.971,29.4491],[121.9104,29.5246],[121.9712,29.5933],[121.9158,29.6409],[121.7484,29.5626],[121.8474,29.5242],[121.7784,29.4694],[121.7432,29.5226],[121.7116,29.2152]]],[[[121.9336,29.9213],[121.9461,29.904],[121.9741,29.8998],[121.9924,29.9083],[121.9935,29.9188],[121.9771,29.9388],[121.952,29.9467],[121.9409,29.9377],[121.9336,29.9213]]],[[[124.8696,39.5805],[124.8697,39.5789],[124.9222,39.5711],[124.9097,39.5936],[124.9267,39.6048],[124.8805,39.6125],[124.8705,39.5809],[124.8696,39.5805]]],[[[124.9002,38.4957],[124.904,38.4944],[124.9016,38.4984],[124.9002,38.4957]]],[[[125.2673,37.7115],[125.2957,37.7276],[125.3377,37.7687],[125.3288,37.7667],[125.2887,37.7526],[125.2673,37.7115]]],[[[126.1448,34.3928],[126.1911,34.3577],[126.3359,34.4035],[126.3801,34.4984],[126.2837,34.5656],[126.1448,34.3928]]],[[[126.2238,34.9234],[126.2254,34.9134],[126.2464,34.9162],[126.2532,34.9335],[126.228,34.9323],[126.2238,34.9234]]],[[[126.2469,34.8614],[126.3617,34.8374],[126.2974,34.9175],[126.2469,34.8614]]],[[[126.282,37.6993],[126.3788,37.6787],[126.32,37.7472],[126.282,37.6993]]],[[[126.3098,37.7631],[126.3182,37.7623],[126.3359,37.7744],[126.3425,37.7921],[126.3333,37.8004],[126.3295,37.8006],[126.3098,37.7631]]],[[[126.367,37.7272],[126.3917,37.6154],[126.542,37.631],[126.5164,37.7672],[126.4253,37.8244],[126.367,37.7272]]],[[[126.5519,37.4803],[126.5831,37.4904],[126.5672,37.5097],[126.5519,37.4803]]],[[[126.6449,34.3371],[126.7343,34.3459],[126.6702,34.4006],[126.6449,34.3371]]],[[[126.7532,34.3869],[126.8515,34.4029],[126.823,34.4398],[126.7532,34.3869]]],[[[127.1792,34.4834],[127.2197,34.4283],[127.2287,34.4302],[127.2419,34.4455],[127.2451,34.4641],[127.2342,34.4803],[127.1792,34.4834]]],[[[127.8294,34.869],[127.8579,34.7436],[128.0656,34.7436],[128.0696,34.815],[127.9199,34.8354],[127.9021,34.94],[127.8294,34.869]]],[[[127.9636,34.8598],[128.0747,34.8366],[128.0178,34.9166],[127.9636,34.8598]]],[[[128.332,34.8257],[128.3801,34.8104],[128.3718,34.8003],[128.4257,34.7905],[128.439,34.7939],[128.438,34.8196],[128.4282,34.8274],[128.3858,34.8201],[128.3518,34.8354],[128.332,34.8257]]],[[[128.4885,34.869],[128.5288,34.8081],[128.6045,34.8354],[128.5631,34.7656],[128.6789,34.7447],[128.7472,34.8746],[128.7207,34.9797],[128.611,34.9528],[128.6455,34.8907],[128.4885,34.869]]],[[[126.1803,33.2616],[126.2486,33.2112],[126.7418,33.2802],[126.9247,33.477],[126.7924,33.5638],[126.4849,33.5208],[126.3191,33.4667],[126.1803,33.2616]]]]}},{"type":"Feature","properties":{"relationId":"cliopatria-relation-f688bd626d15","name":"(Allegiance of Swiss Confederation to Holy Roman Empire)","name_ko":"구스위스 연방–신성 로마 제국 충성·복속 관계","relationKind":"allegiance","relation_kind_ko":"충성·복속 관계","actor_ids":"cliopatria-q435583-63eeac3163;cliopatria-q12548-094b3dbcb4","actor_names_ko":"구스위스 연방;신성 로마 제국","color":"#e7b763","startYear":1450,"endYear":1452,"source_name":"Cliopatria v0.2.0","source_url":"https://github.com/Seshat-Global-History-Databank/cliopatria","license":"CC BY 4.0","attribution":"Seshat Global History Databank, Cliopatria contributors"},"geometry":{"type":"MultiPolygon","coordinates":[[[[4.7997,44.1243],[5.0399,44.1896],[4.9569,44.2548],[4.8761,44.2548],[4.7997,44.1243]]],[[[4.8909,52.5191],[4.8965,52.3847],[5.0699,52.3176],[4.9954,52.0492],[5.2508,52.0492],[5.1761,51.7811],[5.6056,51.6472],[5.7799,51.5134],[5.7845,51.3797],[5.2839,51.1792],[5.2171,50.7121],[5.0486,50.7121],[5.059,50.4457],[5.2322,50.3125],[5.4796,50.4457],[5.9023,50.3791],[5.7274,50.5789],[5.7113,51.0457],[5.8803,51.0457],[5.9735,50.7788],[6.0578,50.7788],[6.0684,50.4457],[6.4029,50.5122],[6.0747,50.246],[6.5824,50.113],[6.5861,49.98],[6.3405,49.7807],[6.3465,49.5816],[7.0153,49.5816],[7.1022,49.4489],[6.8516,49.4489],[6.855,49.3163],[6.6881,49.3163],[6.5269,49.1175],[6.3602,49.1175],[6.3563,49.25],[6.1894,49.25],[6.1915,49.1838],[5.9413,49.1838],[5.8645,48.9851],[6.4512,48.8527],[6.3718,48.7204],[6.8723,48.6542],[6.8757,48.522],[7.0417,48.522],[7.0466,48.3238],[7.1295,48.3238],[7.0563,47.9278],[6.8909,47.9278],[6.9899,47.269],[6.9076,47.269],[6.9092,47.2032],[6.8269,47.2032],[6.8286,47.1374],[6.1038,46.6115],[6.1077,46.4802],[5.8679,46.2833],[4.9677,46.2833],[4.8978,45.9554],[5.0635,45.8898],[5.0703,45.6933],[5.478,45.6933],[5.6493,45.4313],[6.1341,45.5623],[6.3093,45.1042],[6.6343,45.1042],[6.6375,44.9734],[6.9666,44.7773],[6.8986,44.1896],[6.6607,43.9938],[6.6681,43.6678],[6.8293,43.6678],[6.9126,43.5375],[6.9993,43.5443],[7.2296,43.7982],[7.3102,43.7982],[7.3884,43.9286],[7.6293,43.9938],[7.6271,44.1243],[8.031,44.1243],[8.1059,44.516],[8.4298,44.516],[8.5901,44.6466],[8.9149,44.5813],[8.9946,44.7119],[9.4815,44.6466],[9.6443,44.516],[9.6455,44.3201],[9.9695,44.1896],[9.97,44.049],[10.2123,43.9938],[10.5282,43.2468],[10.5388,43.0787],[10.6958,42.9515],[10.8562,42.9515],[11.0163,42.8213],[11.0159,42.6629],[11.176,42.6262],[11.2552,42.4312],[11.5748,42.3662],[11.7366,42.6262],[12.058,42.7563],[11.9811,43.1467],[11.9008,43.1467],[11.8219,43.3421],[12.1442,43.4072],[12.2265,43.6027],[11.7447,43.7982],[11.7469,44.1243],[11.5059,44.3854],[11.1821,44.3201],[11.3462,44.908],[11.7516,44.8426],[11.9934,44.6466],[12.156,44.7119],[12.1572,44.8426],[12.4001,44.7989],[12.4026,45.0388],[12.3688,45.011],[12.16,45.1696],[12.1606,45.235],[11.4287,45.235],[11.1032,45.1042],[10.534,45.4313],[10.4531,45.1696],[9.8834,45.3004],[9.719,45.5623],[9.4746,45.5623],[9.3105,45.6933],[9.3087,45.8898],[9.3892,46.0209],[9.6338,46.0865],[10.1245,46.0209],[10.3687,46.3489],[10.5037,46.2949],[10.4516,45.8898],[10.6967,45.6933],[11.0229,45.7588],[11.3503,46.0865],[11.6772,46.0865],[11.8415,46.2177],[11.8431,46.4802],[12.0905,46.6772],[13.7276,46.4802],[13.7253,46.3489],[13.8878,46.2833],[13.8854,46.1521],[13.5561,46.0209],[13.6293,45.7723],[13.7149,45.7588],[13.7393,45.6491],[13.8081,45.6143],[13.7119,45.5933],[13.7529,45.5529],[13.7102,45.4968],[14.1175,45.4968],[13.7869,45.235],[14.027,45.0388],[14.1552,45.0388],[14.1962,45.3659],[14.6031,45.3659],[14.6002,45.2429],[14.8528,45.0937],[14.9187,44.9734],[14.9113,44.6789],[15.0073,44.5697],[15.308,44.3544],[15.5287,44.2718],[15.7032,44.0591],[15.9454,44.0591],[16.7412,43.733],[16.4299,44.0591],[16.2684,44.0591],[16.275,44.2548],[16.5198,44.3201],[16.5243,44.4507],[16.2859,44.5813],[16.2946,44.8426],[16.5448,45.0388],[18.5784,45.1042],[18.8906,44.8426],[19.1406,44.9734],[19.2962,44.8426],[19.6242,44.908],[19.857,44.7119],[20.0191,44.7119],[20.1075,44.8426],[20.7486,44.7119],[21.4055,44.8426],[22.1134,44.516],[22.532,44.7119],[22.6504,45.235],[23.1382,45.235],[23.4735,45.3659],[23.4836,45.4968],[25.0423,45.6278],[25.3453,45.3659],[25.4382,45.4968],[25.8455,45.4968],[25.9389,45.6278],[26.1019,45.6278],[26.4404,45.7588],[26.4779,46.1521],[25.9421,46.5459],[25.9668,46.8086],[25.7266,46.8743],[25.6689,47.1374],[25.0166,47.2032],[25.0343,47.4006],[24.8813,47.5323],[24.905,47.7959],[24.5862,47.9278],[24.6867,48.1257],[24.3672,48.2578],[24.379,48.3899],[24.053,48.4559],[23.6663,48.7865],[22.9287,48.9189],[22.7784,49.1175],[22.5231,49.0513],[21.7983,49.3826],[20.7129,49.3826],[20.7038,49.25],[20.4536,49.25],[20.5459,49.3826],[20.2119,49.3826],[19.8655,49.1838],[19.4725,49.5816],[19.1304,49.4489],[18.815,49.5087],[18.9217,49.5049],[18.8835,49.5152],[19.2376,49.8471],[19.1658,50.0465],[19.0819,50.0465],[19.0899,50.1795],[19.1739,50.1795],[19.1861,50.3791],[19.022,50.4457],[19.0302,50.5789],[18.7013,50.7121],[18.7093,50.8455],[18.0493,51.1124],[17.9723,51.246],[17.5493,51.246],[17.3197,51.7142],[16.9801,51.7142],[16.8038,51.5803],[16.5556,51.7142],[16.1311,51.7142],[16.137,51.8481],[15.9699,51.9151],[15.8934,52.1163],[15.8083,52.1163],[15.814,52.2505],[15.6462,52.3176],[15.4893,52.6535],[16.0971,52.8554],[16.0238,53.1248],[16.1097,53.1248],[16.1192,53.3271],[16.2944,53.3946],[16.301,53.5296],[16.4767,53.5971],[16.4007,53.7999],[16.6596,53.7999],[16.8213,53.5971],[17.0798,53.5971],[17.3266,53.3946],[17.5066,53.5296],[18.4493,53.4621],[18.5174,53.1922],[18.6892,53.1922],[18.9282,52.9227],[19.3615,52.99],[19.7248,53.2596],[20.3958,53.0574],[20.67,53.2596],[20.9277,53.2596],[21.2894,53.4621],[22.4214,53.5971],[22.5482,54.0029],[22.4618,54.0029],[22.4822,54.2061],[22.6623,54.2739],[22.7045,54.6811],[22.813,54.8851],[22.573,55.0892],[22.3986,55.0892],[22.4127,55.2255],[21.6401,55.3618],[21.2352,55.7031],[21.2482,55.8398],[21.0447,55.894],[21.0744,55.7449],[21.2229,55.5202],[21.2483,55.4179],[21.1916,55.3399],[21.2571,55.3694],[21.2912,55.2971],[21.259,55.205],[21.1834,55.2017],[21.2302,54.9389],[20.9691,54.8998],[20.5309,54.9647],[20.6646,55.0703],[20.3656,54.9462],[19.9767,54.9646],[19.9207,54.8896],[19.9617,54.7732],[19.8918,54.6586],[20.0044,54.6132],[19.8468,54.6132],[19.8197,54.4774],[19.6469,54.4774],[19.4622,54.3417],[18.8859,54.3502],[18.5881,54.4337],[18.5701,54.5408],[18.4131,54.7319],[18.4532,54.794],[18.3395,54.8335],[17.3374,54.749],[16.94,54.606],[16.5696,54.5572],[16.2816,54.3586],[16.3239,54.3499],[16.1377,54.2903],[16.2152,54.2996],[16.1792,54.263],[15.8597,54.25],[14.5078,53.9615],[14.5044,53.8627],[14.5959,53.8105],[14.6306,53.8515],[14.6238,53.7695],[14.5449,53.704],[14.6238,53.6528],[14.5906,53.5984],[14.2942,53.7491],[14.3049,53.7126],[14.2127,53.7081],[14.2645,53.7516],[14.0374,53.7553],[13.8171,53.8529],[13.906,53.9431],[13.7461,54.0364],[13.8081,54.1047],[13.6445,54.1526],[13.4836,54.0913],[13.4035,54.1737],[13.3215,54.1668],[13.2888,54.2343],[13.1149,54.28],[13.0342,54.4337],[12.8547,54.3579],[12.6841,54.3723],[12.7175,54.4138],[12.6808,54.4109],[12.4787,54.3319],[12.4103,54.2692],[12.4582,54.2556],[12.3688,54.2692],[12.4385,54.3875],[12.9212,54.4335],[12.5102,54.4774],[12.3421,54.3039],[12.1089,54.183],[12.115,54.0979],[12.0881,54.1941],[11.6897,54.1552],[11.5191,54.0364],[11.4577,53.9062],[11.2429,53.9452],[11.1751,54.018],[10.9226,53.9614],[10.7804,54.01],[10.7526,54.0501],[10.8054,54.0949],[11.0533,54.2061],[11.0546,54.3751],[10.7313,54.3102],[10.3184,54.4433],[10.1418,54.3244],[10.1813,54.4725],[9.9276,54.2739],[9.1485,54.2061],[8.9534,54.3074],[8.8396,54.2556],[8.8128,54.1805],[8.8607,54.1252],[8.9529,54.1501],[9.0183,54.0979],[8.9972,54.0302],[8.8466,54.039],[8.916,53.9374],[9.3952,53.831],[9.5837,53.6125],[9.832,53.5436],[9.5824,53.5913],[9.2834,53.8616],[8.5854,53.8676],[8.4861,53.7004],[8.5658,53.5467],[8.4976,53.4748],[8.5044,53.3581],[8.49,53.4864],[8.5521,53.5436],[8.4329,53.5679],[8.4669,53.3946],[8.3809,53.3946],[8.3847,53.1248],[8.0426,53.0574],[7.7826,53.1922],[7.9472,53.5971],[8.0292,53.667],[7.9514,53.7219],[7.305,53.6848],[7.0868,53.5869],[7.1418,53.5372],[7.0597,53.5217],[7.0233,53.4505],[7.0383,53.3486],[7.3665,53.3028],[7.2547,53.3195],[7.1946,53.245],[6.7302,53.4606],[5.9808,53.4061],[5.5916,53.3028],[5.2844,53.0672],[5.3857,52.99],[5.3908,52.8554],[5.0537,52.7208],[5.0618,52.5191],[4.8909,52.5191]],[[20.4536,49.25],[20.4492,49.1838],[20.2781,49.1175],[20.2867,49.25],[20.4536,49.25]],[[5.9585,46.212],[5.9829,46.2227],[6.0007,46.2276],[5.9585,46.212]],[[6.0629,46.2445],[6.0908,46.2521],[6.0897,46.2464],[6.0629,46.2445]],[[6.6139,48.9851],[7.0319,48.9189],[7.0335,48.8527],[6.7025,48.7865],[6.6139,48.9851]],[[6.673,52.0501],[6.6799,52.0605],[6.675,52.0348],[6.673,52.0501]],[[6.701,49.1729],[6.7221,49.158],[6.7138,49.1589],[6.701,49.1729]],[[6.7827,45.7953],[6.7863,45.8015],[6.7839,45.7882],[6.7827,45.7953]],[[6.7843,46.2008],[6.7922,46.2217],[6.8277,46.2695],[6.7843,46.2008]],[[6.8328,45.6905],[6.8623,45.6792],[6.8431,45.6827],[6.8328,45.6905]],[[6.8585,49.1838],[7.527,49.1175],[7.5298,48.9851],[7.1983,48.9189],[6.8619,49.0513],[6.8585,49.1838]],[[6.8984,45.6655],[6.9634,45.6407],[6.9186,45.6526],[6.8984,45.6655]],[[6.9799,44.2461],[6.9887,44.2416],[6.9828,44.2417],[6.9799,44.2461]],[[6.9828,44.847],[7.0049,44.828],[7.0043,44.8249],[6.9828,44.847]],[[7.0201,45.9292],[7.0349,45.9169],[7.0221,45.9253],[7.0201,45.9292]],[[7.0782,45.8884],[7.1535,45.8765],[7.0902,45.8805],[7.0782,45.8884]],[[7.3093,44.1475],[7.339,44.1249],[7.331,44.1253],[7.3093,44.1475]],[[7.3618,45.9078],[7.453,45.9459],[7.3938,45.9157],[7.3618,45.9078]],[[7.4267,47.4621],[7.4274,47.4683],[7.4293,47.4651],[7.4267,47.4621]],[[7.5726,48.095],[7.5787,48.1112],[7.5757,48.0537],[7.5726,48.095]],[[7.5802,47.5822],[7.586,47.5846],[7.6032,47.5874],[7.5802,47.5822]],[[7.5825,48.1213],[7.5857,48.1297],[7.6134,48.1792],[7.5825,48.1213]],[[7.6097,47.5647],[7.6402,47.5703],[7.6359,47.5646],[7.6097,47.5647]],[[7.6953,44.8426],[7.8576,44.8426],[7.8587,44.7773],[7.9398,44.7773],[7.8641,44.4507],[7.7011,44.516],[7.6953,44.8426]],[[7.7031,45.9278],[7.737,45.9242],[7.7063,45.9257],[7.7031,45.9278]],[[7.8702,45.9404],[7.8729,45.9594],[7.8807,45.9664],[7.8702,45.9404]],[[7.891,45.9755],[7.8982,45.9819],[7.9833,45.9988],[7.9787,45.9952],[7.891,45.9755]],[[7.9891,46.0033],[8.0007,46.0175],[7.9984,46.0106],[7.9891,46.0033]],[[8.0294,48.9851],[8.1127,48.9851],[8.1138,48.9189],[8.0306,48.9189],[8.0294,48.9851]],[[8.5747,47.597],[8.5803,47.639],[8.5806,47.6002],[8.5747,47.597]],[[9.2732,47.6501],[9.5475,47.5345],[9.5475,47.5345],[9.2732,47.6501]],[[9.2823,46.4974],[9.331,46.5015],[9.3508,46.4979],[9.2823,46.4974]],[[9.477,47.0639],[9.5812,47.0569],[9.6691,47.0562],[9.5606,47.0524],[9.477,47.0639]],[[9.4874,47.21],[9.5046,47.2437],[9.5171,47.2564],[9.4874,47.21]],[[9.6126,47.5219],[9.704,47.5314],[9.6767,47.5226],[9.6126,47.5219]],[[9.8486,47.5386],[9.8589,47.5413],[9.9188,47.5322],[9.8486,47.5386]],[[10.0226,47.488],[10.0718,47.4391],[10.0806,47.4274],[10.0226,47.488]],[[10.0427,46.2205],[10.1026,46.2289],[10.0757,46.22],[10.0427,46.2205]],[[10.0532,47.4049],[10.0806,47.4274],[10.076,47.4169],[10.0532,47.4049]],[[10.0924,46.3381],[10.0956,46.344],[10.0935,46.3356],[10.0924,46.3381]],[[10.0998,46.321],[10.1589,46.2624],[10.1049,46.3094],[10.0998,46.321]],[[10.1015,46.3549],[10.105,46.3614],[10.1332,46.3811],[10.1015,46.3549]],[[10.3639,46.9912],[10.3734,46.9963],[10.3758,46.9946],[10.3639,46.9912]],[[10.6949,47.5982],[11.0249,47.5323],[10.695,47.5323],[10.6949,47.5982]],[[12.7389,48.1134],[12.7431,48.1158],[12.7397,48.1069],[12.7389,48.1134]],[[12.7414,48.092],[12.7486,48.0788],[12.742,48.0868],[12.7414,48.092]],[[12.7539,48.0725],[12.8306,48.0155],[12.7602,48.0649],[12.7539,48.0725]],[[13.3842,48.993],[13.4179,48.9672],[13.3985,48.9777],[13.3842,48.993]],[[13.443,48.9536],[13.4823,48.9376],[13.4589,48.945],[13.443,48.9536]],[[13.5068,46.5469],[13.5492,46.5458],[13.607,46.5329],[13.5068,46.5469]],[[13.8692,48.7538],[13.8749,48.7524],[13.9078,48.7376],[13.8692,48.7538]],[[13.988,48.7016],[13.9911,48.7002],[14.0321,48.6673],[14.0324,48.6632],[13.988,48.7016]],[[14.0062,48.6395],[14.0326,48.6596],[14.0329,48.6549],[14.0062,48.6395]],[[14.0408,48.6012],[14.2165,48.5812],[14.0748,48.5917],[14.0408,48.6012]],[[14.1499,46.4401],[14.3958,46.441],[14.3993,46.4393],[14.1499,46.4401]],[[14.3209,48.5595],[14.4054,48.5863],[14.3254,48.5586],[14.3209,48.5595]],[[14.412,46.4332],[14.4509,46.4145],[14.42,46.4244],[14.412,46.4332]],[[14.7592,50.8102],[14.7914,50.8297],[14.7851,50.8201],[14.7592,50.8102]],[[14.911,51.469],[14.9451,51.4492],[14.9554,51.4354],[14.911,51.469]],[[14.9469,51.4229],[14.9629,51.3332],[14.961,51.3353],[14.9469,51.4229]],[[14.9646,48.9717],[14.9789,49.0063],[14.9815,49.0067],[14.9646,48.9717]],[[14.987,49.0074],[15.004,49.0098],[15.1374,48.993],[14.987,49.0074]],[[15.972,46.8206],[15.9817,46.8277],[16.0941,46.8629],[16.094,46.8628],[15.972,46.8206]],[[16.2337,46.4787],[16.2349,46.4933],[16.2509,46.405],[16.2337,46.4787]],[[16.3476,46.5436],[16.3579,46.547],[16.3517,46.5395],[16.3476,46.5436]],[[16.945,48.6042],[16.9475,48.6232],[16.9543,48.5574],[16.945,48.6042]],[[17.0386,46.169],[17.0889,46.1362],[17.0529,46.1535],[17.0386,46.169]],[[17.0856,47.9701],[17.1483,48.0054],[17.1848,48.0203],[17.0856,47.9701]],[[17.1069,46.1276],[17.2086,46.1166],[17.1162,46.1231],[17.1069,46.1276]],[[17.6161,47.8292],[17.6191,47.8292],[17.6237,47.826],[17.6161,47.8292]],[[18.6487,45.0627],[18.6713,45.0869],[18.6766,45.086],[18.6487,45.0627]],[[18.6798,45.0855],[18.6841,45.0848],[18.7383,45.0159],[18.6798,45.0855]],[[18.7325,49.4803],[18.7736,49.5049],[18.785,49.5059],[18.7325,49.4803]],[[18.8283,45.9057],[18.8865,45.9304],[18.8964,45.9295],[18.8283,45.9057]],[[18.9777,45.9435],[18.9818,45.9508],[18.986,45.9311],[18.9777,45.9435]],[[18.9848,45.924],[18.9871,45.9258],[18.9875,45.9238],[18.9848,45.924]],[[19.3415,44.8988],[19.3532,44.899],[19.3644,44.889],[19.3415,44.8988]],[[19.3696,44.8842],[19.3728,44.8814],[19.3766,44.863],[19.3696,44.8842]],[[19.7771,49.1923],[19.8049,49.1891],[19.7859,49.1882],[19.7771,49.1923]],[[20.4817,48.5261],[20.5105,48.5338],[20.8003,48.5692],[20.4817,48.5261]],[[20.8128,46.2688],[20.8196,46.2717],[20.8254,46.2699],[20.8128,46.2688]],[[21.1645,46.3183],[21.1687,46.3628],[21.1763,46.3727],[21.1645,46.3183]],[[21.5917,48.493],[21.6197,48.4337],[21.6134,48.4404],[21.5917,48.493]],[[21.7277,48.3409],[21.7728,48.337],[21.759,48.3338],[21.7277,48.3409]],[[21.9293,48.3729],[22.0838,48.3789],[22.0779,48.3758],[21.9293,48.3729]],[[22.0277,55.0444],[22.0649,55.0324],[22.05,55.0335],[22.0277,55.0444]],[[22.5411,55.0758],[22.5655,55.0678],[22.5807,55.0576],[22.5411,55.0758]]],[[[5.8098,53.4474],[5.8556,53.4474],[5.9546,53.4611],[5.9255,53.4702],[5.8098,53.4474]]],[[[6.1228,53.4816],[6.1333,53.4679],[6.1275,53.4599],[6.1333,53.4536],[6.1532,53.4688],[6.3387,53.502],[6.3387,53.5089],[6.3108,53.5141],[6.2118,53.5089],[6.1228,53.4816]]],[[[7.0202,53.6826],[7.0855,53.687],[7.047,53.6942],[7.0334,53.6931],[7.0202,53.6826]]],[[[7.1331,53.7081],[7.1736,53.7014],[7.3467,53.7232],[7.2329,53.7294],[7.179,53.7241],[7.1331,53.7081]]],[[[7.3665,53.728],[7.4212,53.7211],[7.4356,53.728],[7.4197,53.7323],[7.3848,53.7323],[7.3665,53.728]]],[[[7.473,53.7319],[7.5112,53.728],[7.5119,53.7323],[7.473,53.7323],[7.473,53.7319]]],[[[8.8617,54.3007],[8.9452,54.3117],[8.8874,54.3417],[8.8617,54.3007]]],[[[11.3757,53.9818],[11.4577,53.9614],[11.4979,54.0228],[11.3757,53.9818]]],[[[11.5285,54.0751],[11.5396,54.057],[11.6159,54.1121],[11.5339,54.0849],[11.5285,54.0751]]],[[[13.0614,54.4685],[13.0682,54.4685],[13.075,54.5094],[13.1026,54.5299],[13.1189,54.5864],[13.1434,54.5981],[13.1497,54.5777],[13.1497,54.5914],[13.1571,54.588],[13.1511,54.6049],[13.105,54.5966],[13.0707,54.5206],[13.0642,54.5051],[13.0614,54.4685]]],[[[13.1155,54.3381],[13.4072,54.2282],[13.3596,54.2755],[13.4997,54.3449],[13.6909,54.3518],[13.617,54.3176],[13.7119,54.3319],[13.6511,54.2972],[13.7232,54.2784],[13.73,54.3156],[13.5755,54.4719],[13.6707,54.5662],[13.4246,54.5851],[13.383,54.6364],[13.4451,54.6801],[13.3908,54.6882],[13.231,54.6533],[13.2935,54.6423],[13.2533,54.5646],[13.3692,54.6121],[13.5208,54.5708],[13.5071,54.4883],[13.3767,54.5646],[13.3489,54.5237],[13.3694,54.5851],[13.2979,54.5197],[13.1434,54.5429],[13.2731,54.4821],[13.157,54.4268],[13.2669,54.3859],[13.1155,54.3381]]],[[[13.7741,54.0228],[13.8636,54.05],[13.8909,54.0102],[13.9461,54.0666],[14.0513,54.0051],[14.0483,53.9409],[13.9045,53.9954],[13.9317,53.8993],[13.8401,53.8503],[14.1595,53.8754],[14.1625,53.9684],[14.0166,54.06],[13.7862,54.1303],[13.7741,54.0228]]],[[[14.5985,45.1696],[14.6023,45.1681],[14.6238,45.1755],[14.5994,45.209],[14.5985,45.1696]]],[[[14.6157,45.1626],[14.6699,45.1406],[14.6709,45.1435],[14.6653,45.1618],[14.6437,45.1568],[14.6157,45.1626]]],[[[14.7564,44.9751],[14.815,44.9775],[14.7578,45.0327],[14.7564,44.9751]]],[[[14.9089,44.5813],[15.0667,44.4953],[15.0412,44.5275],[15.0039,44.5361],[14.9663,44.5734],[14.9095,44.6068],[14.9089,44.5813]]],[[[15.1466,44.3854],[15.2278,44.3589],[15.1474,44.4162],[15.1466,44.3854]]],[[[21.0828,55.5002],[21.1078,55.4715],[21.1336,55.5683],[21.0852,55.7228],[21.0828,55.5002]]],[[[6.4625,48.4559],[6.6357,48.1917],[6.7979,48.3238],[6.7097,48.522],[6.4625,48.4559]]],[[[4.8783,48.6542],[4.8834,48.522],[5.0495,48.522],[5.052,48.4559],[5.2179,48.4559],[5.2203,48.3899],[5.3862,48.3899],[5.4622,48.5881],[5.8817,48.4559],[5.7878,48.7865],[5.8688,48.8527],[5.4552,48.7865],[5.3791,48.5881],[5.2961,48.5881],[5.2865,48.8527],[5.1275,48.6542],[4.8783,48.6542]]],[[[5.8688,48.8527],[6.0373,48.7865],[6.0331,48.9189],[5.9499,48.9189],[5.8688,48.8527]]],[[[5.3529,49.3163],[5.3649,48.9851],[5.6979,48.9851],[5.6078,49.1838],[5.8536,49.3163],[5.8514,49.3826],[5.3529,49.3163]]],[[[4.4064,49.98],[4.5768,49.9136],[4.5852,49.7143],[4.6689,49.7143],[4.6743,49.5816],[4.9408,49.1838],[5.176,49.5816],[5.1659,49.8471],[4.7308,50.246],[4.4759,50.3125],[4.4064,49.98]],[[4.5955,49.972],[4.6475,49.9865],[4.6458,49.9845],[4.5955,49.972]]],[[[3.6356,50.3125],[3.7293,50.113],[3.8132,50.113],[3.9872,49.98],[4.1518,50.0465],[4.1428,50.246],[3.9686,50.3791],[3.6356,50.3125]]],[[[10.1632,42.8164],[10.1963,42.7362],[10.3379,42.7648],[10.4307,42.7221],[10.3888,42.7635],[10.4367,42.8044],[10.4124,42.8734],[10.3473,42.8059],[10.1632,42.8164]]]]}},{"type":"Feature","properties":{"relationId":"cliopatria-relation-f688bd626d15","name":"(Allegiance of Swiss Confederation to Holy Roman Empire)","name_ko":"구스위스 연방–신성 로마 제국 충성·복속 관계","relationKind":"allegiance","relation_kind_ko":"충성·복속 관계","actor_ids":"cliopatria-q435583-63eeac3163;cliopatria-q12548-094b3dbcb4","actor_names_ko":"구스위스 연방;신성 로마 제국","color":"#e7b763","startYear":1453,"endYear":1458,"source_name":"Cliopatria v0.2.0","source_url":"https://github.com/Seshat-Global-History-Databank/cliopatria","license":"CC BY 4.0","attribution":"Seshat Global History Databank, Cliopatria contributors"},"geometry":{"type":"MultiPolygon","coordinates":[[[[4.7997,44.1243],[5.0399,44.1896],[4.9569,44.2548],[4.8761,44.2548],[4.7997,44.1243]]],[[[4.8783,48.6542],[4.8834,48.522],[5.0495,48.522],[5.052,48.4559],[5.3862,48.3899],[5.4622,48.5881],[5.8817,48.4559],[6.062,47.9938],[6.8909,47.9278],[6.9899,47.269],[6.9076,47.269],[6.9092,47.2032],[6.8269,47.2032],[6.8286,47.1374],[6.1038,46.6115],[6.1077,46.4802],[5.8679,46.2833],[4.9677,46.2833],[4.8978,45.9554],[5.0635,45.8898],[5.0703,45.6933],[5.478,45.6933],[5.6493,45.4313],[6.1341,45.5623],[6.3093,45.1042],[6.6343,45.1042],[6.6375,44.9734],[6.9666,44.7773],[6.8986,44.1896],[6.6607,43.9938],[6.6681,43.6678],[6.8293,43.6678],[6.9126,43.5375],[6.9993,43.5443],[7.2296,43.7982],[7.3102,43.7982],[7.3884,43.9286],[7.6293,43.9938],[7.6271,44.1243],[8.031,44.1243],[8.1059,44.516],[8.4298,44.516],[8.5901,44.6466],[8.9149,44.5813],[8.9946,44.7119],[9.4815,44.6466],[9.6443,44.516],[9.6455,44.3201],[9.9695,44.1896],[9.97,44.049],[10.2123,43.9938],[10.5282,43.2468],[10.5388,43.0787],[10.6958,42.9515],[10.8562,42.9515],[11.0163,42.8213],[11.0159,42.6629],[11.176,42.6262],[11.2552,42.4312],[11.5748,42.3662],[11.7366,42.6262],[12.058,42.7563],[11.9811,43.1467],[11.9008,43.1467],[11.8219,43.3421],[12.1442,43.4072],[12.2265,43.6027],[11.7447,43.7982],[11.7469,44.1243],[11.5059,44.3854],[11.1821,44.3201],[11.3462,44.908],[11.7516,44.8426],[11.9934,44.6466],[12.156,44.7119],[12.1572,44.8426],[12.4001,44.7989],[12.4026,45.0388],[12.3688,45.011],[12.16,45.1696],[12.1606,45.235],[11.4287,45.235],[11.1032,45.1042],[10.534,45.4313],[10.4531,45.1696],[9.8834,45.3004],[9.719,45.5623],[9.4746,45.5623],[9.3105,45.6933],[9.3087,45.8898],[9.3892,46.0209],[9.6338,46.0865],[10.1245,46.0209],[10.3687,46.3489],[10.5037,46.2949],[10.4516,45.8898],[10.6967,45.6933],[11.0229,45.7588],[11.3503,46.0865],[11.6772,46.0865],[11.8415,46.2177],[11.8431,46.4802],[12.0905,46.6772],[13.7276,46.4802],[13.7253,46.3489],[13.8878,46.2833],[13.8854,46.1521],[13.5561,46.0209],[13.6293,45.7723],[13.7149,45.7588],[13.7393,45.6491],[13.8081,45.6143],[13.7119,45.5933],[13.7529,45.5529],[13.7102,45.4968],[14.1175,45.4968],[13.7869,45.235],[14.027,45.0388],[14.1552,45.0388],[14.1962,45.3659],[14.6031,45.3659],[14.6002,45.2429],[14.8528,45.0937],[14.9187,44.9734],[14.9113,44.6789],[15.0073,44.5697],[15.308,44.3544],[15.5287,44.2718],[15.7032,44.0591],[15.9454,44.0591],[16.7412,43.733],[16.4299,44.0591],[16.2684,44.0591],[16.275,44.2548],[16.5198,44.3201],[16.5243,44.4507],[16.2859,44.5813],[16.2946,44.8426],[16.5448,45.0388],[18.5784,45.1042],[18.8906,44.8426],[19.1406,44.9734],[19.2962,44.8426],[19.6242,44.908],[19.857,44.7119],[20.0191,44.7119],[20.1075,44.8426],[20.7486,44.7119],[21.4055,44.8426],[22.1134,44.516],[22.532,44.7119],[22.6504,45.235],[23.1382,45.235],[23.4735,45.3659],[23.4836,45.4968],[25.0423,45.6278],[25.3453,45.3659],[25.4382,45.4968],[25.8455,45.4968],[25.9389,45.6278],[26.1019,45.6278],[26.4404,45.7588],[26.4779,46.1521],[25.9421,46.5459],[25.9668,46.8086],[25.7266,46.8743],[25.6689,47.1374],[25.0166,47.2032],[25.0343,47.4006],[24.8813,47.5323],[24.905,47.7959],[24.5862,47.9278],[24.6867,48.1257],[24.3672,48.2578],[24.379,48.3899],[24.053,48.4559],[23.6663,48.7865],[22.9287,48.9189],[22.7784,49.1175],[22.5231,49.0513],[21.7983,49.3826],[20.7129,49.3826],[20.7038,49.25],[20.4536,49.25],[20.5459,49.3826],[20.2119,49.3826],[19.8655,49.1838],[19.4725,49.5816],[18.8798,49.4489],[18.883,49.5061],[18.815,49.5087],[18.8831,49.5073],[18.8873,49.5816],[19.2376,49.8471],[19.1658,50.0465],[19.0819,50.0465],[19.0899,50.1795],[19.1739,50.1795],[19.1861,50.3791],[19.022,50.4457],[19.0302,50.5789],[18.7013,50.7121],[18.7093,50.8455],[18.0493,51.1124],[17.9723,51.246],[17.5493,51.246],[17.3197,51.7142],[16.9801,51.7142],[16.719,51.5803],[16.5556,51.7142],[16.1311,51.7142],[16.137,51.8481],[15.9699,51.9151],[15.9728,51.9822],[15.8083,52.1163],[15.814,52.2505],[15.6462,52.3176],[15.4893,52.6535],[16.0971,52.8554],[16.0238,53.1248],[16.1097,53.1248],[16.1192,53.3271],[16.2944,53.3946],[16.301,53.5296],[16.4767,53.5971],[16.4007,53.7999],[16.6596,53.7999],[16.8213,53.5971],[17.0798,53.5971],[17.3266,53.3946],[17.5066,53.5296],[18.4493,53.4621],[18.5174,53.1922],[18.6892,53.1922],[18.9282,52.9227],[19.3615,52.99],[19.7248,53.2596],[20.3958,53.0574],[20.67,53.2596],[20.9277,53.2596],[21.2894,53.4621],[22.4214,53.5971],[22.5482,54.0029],[22.4618,54.0029],[22.4822,54.2061],[22.6623,54.2739],[22.7045,54.6811],[22.813,54.8851],[22.573,55.0892],[22.3986,55.0892],[22.4127,55.2255],[21.6401,55.3618],[21.2352,55.7031],[21.2482,55.8398],[21.0447,55.894],[21.0744,55.7449],[21.2229,55.5202],[21.2483,55.4179],[21.1916,55.3399],[21.2571,55.3694],[21.2912,55.2971],[21.259,55.205],[21.1834,55.2017],[21.2302,54.9389],[20.9691,54.8998],[20.5309,54.9647],[20.6646,55.0703],[20.3656,54.9462],[19.9767,54.9646],[19.9207,54.8896],[19.9617,54.7732],[19.8918,54.6586],[20.0044,54.6132],[19.8468,54.6132],[19.8197,54.4774],[19.6469,54.4774],[19.4622,54.3417],[18.8859,54.3502],[18.5881,54.4337],[18.5701,54.5408],[18.4131,54.7319],[18.4532,54.794],[18.3395,54.8335],[17.3374,54.749],[16.94,54.606],[16.5696,54.5572],[16.2816,54.3586],[16.3239,54.3499],[16.1377,54.2903],[16.2152,54.2996],[16.1792,54.263],[15.8597,54.25],[14.5078,53.9615],[14.5044,53.8627],[14.5959,53.8105],[14.6306,53.8515],[14.6238,53.7695],[14.5449,53.704],[14.6238,53.6528],[14.5906,53.5984],[14.2942,53.7491],[14.3049,53.7126],[14.2127,53.7081],[14.2645,53.7516],[14.0374,53.7553],[13.8171,53.8529],[13.906,53.9431],[13.7461,54.0364],[13.8081,54.1047],[13.6445,54.1526],[13.4836,54.0913],[13.4035,54.1737],[13.3215,54.1668],[13.2888,54.2343],[13.1149,54.28],[13.0342,54.4337],[12.8547,54.3579],[12.6841,54.3723],[12.7175,54.4138],[12.6808,54.4109],[12.4787,54.3319],[12.4103,54.2692],[12.4582,54.2556],[12.3688,54.2692],[12.4385,54.3875],[12.9212,54.4335],[12.5102,54.4774],[12.3421,54.3039],[12.1089,54.183],[12.115,54.0979],[12.0881,54.1941],[11.6897,54.1552],[11.5191,54.0364],[11.4577,53.9062],[11.2429,53.9452],[11.1751,54.018],[10.9226,53.9614],[10.7804,54.01],[10.7526,54.0501],[10.8054,54.0949],[11.0533,54.2061],[11.0546,54.3751],[10.7313,54.3102],[10.3184,54.4433],[10.1418,54.3244],[10.1813,54.4725],[9.9276,54.2739],[9.1485,54.2061],[8.9534,54.3074],[8.8396,54.2556],[8.8128,54.1805],[8.8607,54.1252],[8.9529,54.1501],[9.0183,54.0979],[8.9972,54.0302],[8.8466,54.039],[8.916,53.9374],[9.3952,53.831],[9.5837,53.6125],[9.832,53.5436],[9.5824,53.5913],[9.2834,53.8616],[8.5854,53.8676],[8.4861,53.7004],[8.5658,53.5467],[8.4976,53.4748],[8.5044,53.3581],[8.49,53.4864],[8.5521,53.5436],[8.4329,53.5679],[8.4669,53.3946],[8.3809,53.3946],[8.3847,53.1248],[8.0426,53.0574],[7.7826,53.1922],[7.9472,53.5971],[8.0315,53.6641],[7.9514,53.7219],[7.305,53.6848],[7.0868,53.5869],[7.1418,53.5372],[7.0514,53.5126],[7.0383,53.3486],[7.3665,53.3028],[7.2547,53.3195],[7.1946,53.245],[6.7302,53.4606],[5.9808,53.4061],[5.5916,53.3028],[5.2844,53.0672],[5.3857,52.99],[5.3908,52.8554],[5.0537,52.7208],[5.0618,52.5191],[4.8909,52.5191],[4.8965,52.3847],[5.0699,52.3176],[4.9954,52.0492],[5.2508,52.0492],[5.1761,51.7811],[5.6056,51.6472],[5.7799,51.5134],[5.7845,51.3797],[5.2839,51.1792],[5.2171,50.7121],[5.0486,50.7121],[5.059,50.4457],[5.2322,50.3125],[5.4796,50.4457],[5.9023,50.3791],[5.7274,50.5789],[5.7113,51.0457],[5.8803,51.0457],[5.9735,50.7788],[6.0578,50.7788],[6.0684,50.4457],[6.4029,50.5122],[6.0747,50.246],[6.5824,50.113],[6.5861,49.98],[6.3405,49.7807],[6.3465,49.5816],[6.2649,49.5152],[6.3376,49.4581],[6.2778,49.4777],[6.3563,49.25],[6.1894,49.25],[6.1915,49.1838],[5.9413,49.1838],[5.8645,48.9851],[6.0331,48.9189],[5.4552,48.7865],[5.3791,48.5881],[5.2961,48.5881],[5.2865,48.8527],[5.1275,48.6542],[4.8783,48.6542]],[[5.9531,48.8196],[6.0373,48.7865],[5.9541,48.7865],[5.9531,48.8196]],[[5.9585,46.212],[5.9829,46.2227],[6.0007,46.2276],[5.9585,46.212]],[[6.0629,46.2445],[6.0908,46.2521],[6.0897,46.2464],[6.0629,46.2445]],[[6.673,52.0501],[6.6799,52.0605],[6.675,52.0348],[6.673,52.0501]],[[6.701,49.1729],[6.7221,49.158],[6.7138,49.1589],[6.701,49.1729]],[[6.7827,45.7953],[6.7863,45.8015],[6.7839,45.7882],[6.7827,45.7953]],[[6.7843,46.2008],[6.7922,46.2217],[6.8277,46.2695],[6.7843,46.2008]],[[6.8328,45.6905],[6.8623,45.6792],[6.8431,45.6827],[6.8328,45.6905]],[[6.8984,45.6655],[6.9634,45.6407],[6.9186,45.6526],[6.8984,45.6655]],[[6.9799,44.2461],[6.9887,44.2416],[6.9828,44.2417],[6.9799,44.2461]],[[6.9828,44.847],[7.0049,44.828],[7.0043,44.8249],[6.9828,44.847]],[[7.0201,45.9292],[7.0349,45.9169],[7.0221,45.9253],[7.0201,45.9292]],[[7.0782,45.8884],[7.1535,45.8765],[7.0902,45.8805],[7.0782,45.8884]],[[7.3093,44.1475],[7.339,44.1249],[7.331,44.1253],[7.3093,44.1475]],[[7.3618,45.9078],[7.453,45.9459],[7.3938,45.9157],[7.3618,45.9078]],[[7.4267,47.4621],[7.4274,47.4683],[7.4293,47.4651],[7.4267,47.4621]],[[7.5726,48.095],[7.5787,48.1112],[7.5757,48.0537],[7.5726,48.095]],[[7.5802,47.5822],[7.586,47.5846],[7.6032,47.5874],[7.5802,47.5822]],[[7.5825,48.1213],[7.5857,48.1297],[7.6134,48.1792],[7.5825,48.1213]],[[7.6097,47.5647],[7.6402,47.5703],[7.6359,47.5646],[7.6097,47.5647]],[[7.6953,44.8426],[7.8576,44.8426],[7.8587,44.7773],[7.9398,44.7773],[7.8641,44.4507],[7.7011,44.516],[7.6953,44.8426]],[[7.7031,45.9278],[7.737,45.9242],[7.7063,45.9257],[7.7031,45.9278]],[[7.8702,45.9404],[7.8729,45.9594],[7.8807,45.9664],[7.8702,45.9404]],[[7.891,45.9755],[7.8982,45.9819],[7.9833,45.9988],[7.9787,45.9952],[7.891,45.9755]],[[7.9891,46.0033],[8.0007,46.0175],[7.9984,46.0106],[7.9891,46.0033]],[[8.0294,48.9851],[8.1127,48.9851],[8.1138,48.9189],[8.0306,48.9189],[8.0294,48.9851]],[[8.5747,47.597],[8.5803,47.639],[8.5806,47.6002],[8.5747,47.597]],[[9.2732,47.6501],[9.5475,47.5345],[9.5475,47.5345],[9.2732,47.6501]],[[9.2823,46.4974],[9.331,46.5015],[9.3508,46.4979],[9.2823,46.4974]],[[9.477,47.0639],[9.5812,47.0569],[9.6691,47.0562],[9.5606,47.0524],[9.477,47.0639]],[[9.4874,47.21],[9.5046,47.2437],[9.5171,47.2564],[9.4874,47.21]],[[9.6126,47.5219],[9.704,47.5314],[9.6767,47.5226],[9.6126,47.5219]],[[9.8486,47.5386],[9.8589,47.5413],[9.9188,47.5322],[9.8486,47.5386]],[[10.0226,47.488],[10.0718,47.4391],[10.0806,47.4274],[10.0226,47.488]],[[10.0427,46.2205],[10.1026,46.2289],[10.0757,46.22],[10.0427,46.2205]],[[10.0532,47.4049],[10.0806,47.4274],[10.076,47.4169],[10.0532,47.4049]],[[10.0924,46.3381],[10.0956,46.344],[10.0935,46.3356],[10.0924,46.3381]],[[10.0998,46.321],[10.1589,46.2624],[10.1049,46.3094],[10.0998,46.321]],[[10.1015,46.3549],[10.105,46.3614],[10.1332,46.3811],[10.1015,46.3549]],[[10.3639,46.9912],[10.3734,46.9963],[10.3758,46.9946],[10.3639,46.9912]],[[10.6949,47.5982],[11.0249,47.5323],[10.695,47.5323],[10.6949,47.5982]],[[12.7389,48.1134],[12.7431,48.1158],[12.7397,48.1069],[12.7389,48.1134]],[[12.7414,48.092],[12.7486,48.0788],[12.742,48.0868],[12.7414,48.092]],[[12.7539,48.0725],[12.8306,48.0155],[12.7602,48.0649],[12.7539,48.0725]],[[13.3842,48.993],[13.4179,48.9672],[13.3985,48.9777],[13.3842,48.993]],[[13.443,48.9536],[13.4823,48.9376],[13.4589,48.945],[13.443,48.9536]],[[13.5068,46.5469],[13.5492,46.5458],[13.607,46.5329],[13.5068,46.5469]],[[13.8692,48.7538],[13.8749,48.7524],[13.9078,48.7376],[13.8692,48.7538]],[[13.988,48.7016],[13.9911,48.7002],[14.0321,48.6673],[14.0324,48.6632],[13.988,48.7016]],[[14.0062,48.6395],[14.0326,48.6596],[14.0329,48.6549],[14.0062,48.6395]],[[14.0408,48.6012],[14.2165,48.5812],[14.0748,48.5917],[14.0408,48.6012]],[[14.1499,46.4401],[14.3958,46.441],[14.3993,46.4393],[14.1499,46.4401]],[[14.3209,48.5595],[14.4054,48.5863],[14.3254,48.5586],[14.3209,48.5595]],[[14.412,46.4332],[14.4509,46.4145],[14.42,46.4244],[14.412,46.4332]],[[14.7592,50.8102],[14.7914,50.8297],[14.7851,50.8201],[14.7592,50.8102]],[[14.911,51.469],[14.9451,51.4492],[14.9554,51.4354],[14.911,51.469]],[[14.9469,51.4229],[14.9629,51.3332],[14.961,51.3353],[14.9469,51.4229]],[[14.9646,48.9717],[14.9789,49.0063],[14.9815,49.0067],[14.9646,48.9717]],[[14.987,49.0074],[15.004,49.0098],[15.1374,48.993],[14.987,49.0074]],[[15.972,46.8206],[15.9817,46.8277],[16.0941,46.8629],[16.094,46.8628],[15.972,46.8206]],[[16.2337,46.4787],[16.2349,46.4933],[16.2509,46.405],[16.2337,46.4787]],[[16.3476,46.5436],[16.3579,46.547],[16.3517,46.5395],[16.3476,46.5436]],[[16.945,48.6042],[16.9475,48.6232],[16.9543,48.5574],[16.945,48.6042]],[[17.0386,46.169],[17.0889,46.1362],[17.0529,46.1535],[17.0386,46.169]],[[17.0856,47.9701],[17.1483,48.0054],[17.1848,48.0203],[17.0856,47.9701]],[[17.1069,46.1276],[17.2086,46.1166],[17.1162,46.1231],[17.1069,46.1276]],[[17.6161,47.8292],[17.6191,47.8292],[17.6237,47.826],[17.6161,47.8292]],[[18.6487,45.0627],[18.6713,45.0869],[18.6766,45.086],[18.6487,45.0627]],[[18.6798,45.0855],[18.6841,45.0848],[18.7383,45.0159],[18.6798,45.0855]],[[18.7325,49.4803],[18.7736,49.5049],[18.785,49.5059],[18.7325,49.4803]],[[18.8283,45.9057],[18.8865,45.9304],[18.8964,45.9295],[18.8283,45.9057]],[[18.9777,45.9435],[18.9818,45.9508],[18.986,45.9311],[18.9777,45.9435]],[[18.9848,45.924],[18.9871,45.9258],[18.9875,45.9238],[18.9848,45.924]],[[19.3415,44.8988],[19.3532,44.899],[19.3644,44.889],[19.3415,44.8988]],[[19.3696,44.8842],[19.3728,44.8814],[19.3766,44.863],[19.3696,44.8842]],[[19.7771,49.1923],[19.8049,49.1891],[19.7859,49.1882],[19.7771,49.1923]],[[20.2781,49.1175],[20.2867,49.25],[20.3702,49.25],[20.4492,49.1838],[20.2781,49.1175]],[[20.4817,48.5261],[20.5105,48.5338],[20.8003,48.5692],[20.4817,48.5261]],[[20.8128,46.2688],[20.8196,46.2717],[20.8254,46.2699],[20.8128,46.2688]],[[21.1645,46.3183],[21.1687,46.3628],[21.1763,46.3727],[21.1645,46.3183]],[[21.5917,48.493],[21.6197,48.4337],[21.6134,48.4404],[21.5917,48.493]],[[21.7277,48.3409],[21.7728,48.337],[21.759,48.3338],[21.7277,48.3409]],[[21.9293,48.3729],[22.0838,48.3789],[22.0779,48.3758],[21.9293,48.3729]],[[22.0277,55.0444],[22.0649,55.0324],[22.05,55.0335],[22.0277,55.0444]],[[22.5411,55.0758],[22.5655,55.0678],[22.5807,55.0576],[22.5411,55.0758]]],[[[5.8098,53.4474],[5.8556,53.4474],[5.9546,53.4611],[5.9255,53.4702],[5.8098,53.4474]]],[[[6.1228,53.4816],[6.1333,53.4679],[6.1275,53.4599],[6.1333,53.4536],[6.1532,53.4688],[6.3387,53.502],[6.3387,53.5089],[6.3108,53.5141],[6.2118,53.5089],[6.1228,53.4816]]],[[[7.0202,53.6826],[7.0855,53.687],[7.047,53.6942],[7.0334,53.6931],[7.0202,53.6826]]],[[[7.1331,53.7081],[7.1736,53.7014],[7.3467,53.7232],[7.2329,53.7294],[7.179,53.7241],[7.1331,53.7081]]],[[[7.3665,53.728],[7.4212,53.7211],[7.4356,53.728],[7.4197,53.7323],[7.3848,53.7323],[7.3665,53.728]]],[[[7.473,53.7319],[7.5112,53.728],[7.5119,53.7323],[7.473,53.7323],[7.473,53.7319]]],[[[8.8617,54.3007],[8.9452,54.3117],[8.8874,54.3417],[8.8617,54.3007]]],[[[11.3757,53.9818],[11.4577,53.9614],[11.4979,54.0228],[11.3757,53.9818]]],[[[11.5285,54.0751],[11.5396,54.057],[11.6159,54.1121],[11.5339,54.0849],[11.5285,54.0751]]],[[[13.0614,54.4685],[13.0682,54.4685],[13.075,54.5094],[13.1026,54.5299],[13.1189,54.5864],[13.1434,54.5981],[13.1497,54.5777],[13.1497,54.5914],[13.1571,54.588],[13.1511,54.6049],[13.105,54.5966],[13.0707,54.5206],[13.0642,54.5051],[13.0614,54.4685]]],[[[13.1155,54.3381],[13.4072,54.2282],[13.3596,54.2755],[13.4997,54.3449],[13.6909,54.3518],[13.617,54.3176],[13.7119,54.3319],[13.6511,54.2972],[13.7232,54.2784],[13.73,54.3156],[13.5755,54.4719],[13.6707,54.5662],[13.4246,54.5851],[13.383,54.6364],[13.4451,54.6801],[13.3908,54.6882],[13.231,54.6533],[13.2935,54.6423],[13.2533,54.5646],[13.3692,54.6121],[13.5208,54.5708],[13.5071,54.4883],[13.3767,54.5646],[13.3489,54.5237],[13.3694,54.5851],[13.2979,54.5197],[13.1434,54.5429],[13.2731,54.4821],[13.157,54.4268],[13.2669,54.3859],[13.1155,54.3381]]],[[[13.7741,54.0228],[13.8636,54.05],[13.8909,54.0102],[13.9461,54.0666],[14.0513,54.0051],[14.0483,53.9409],[13.9045,53.9954],[13.9317,53.8993],[13.8401,53.8503],[14.1595,53.8754],[14.1625,53.9684],[14.0166,54.06],[13.7862,54.1303],[13.7741,54.0228]]],[[[14.5985,45.1696],[14.6023,45.1681],[14.6238,45.1755],[14.5994,45.209],[14.5985,45.1696]]],[[[14.6157,45.1626],[14.6699,45.1406],[14.6709,45.1435],[14.6653,45.1618],[14.6437,45.1568],[14.6157,45.1626]]],[[[14.7564,44.9751],[14.815,44.9775],[14.7578,45.0327],[14.7564,44.9751]]],[[[14.9089,44.5813],[15.0667,44.4953],[15.0412,44.5275],[15.0039,44.5361],[14.9663,44.5734],[14.9095,44.6068],[14.9089,44.5813]]],[[[15.1466,44.3854],[15.2278,44.3589],[15.1474,44.4162],[15.1466,44.3854]]],[[[21.0828,55.5002],[21.1078,55.4715],[21.1336,55.5683],[21.0852,55.7228],[21.0828,55.5002]]],[[[5.3529,49.3163],[5.3649,48.9851],[5.6979,48.9851],[5.6078,49.1838],[5.8536,49.3163],[5.8514,49.3826],[5.3529,49.3163]]],[[[4.4064,49.98],[4.5768,49.9136],[4.5852,49.7143],[4.6689,49.7143],[4.6743,49.5816],[4.9408,49.1838],[5.176,49.5816],[5.1659,49.8471],[4.7308,50.246],[4.4759,50.3125],[4.4064,49.98]],[[4.5955,49.972],[4.6475,49.9865],[4.6458,49.9845],[4.5955,49.972]]],[[[3.6356,50.3125],[3.7293,50.113],[3.8132,50.113],[3.9872,49.98],[4.1518,50.0465],[4.1428,50.246],[3.9686,50.3791],[3.6356,50.3125]]],[[[10.1632,42.8164],[10.1963,42.7362],[10.3379,42.7648],[10.4307,42.7221],[10.3888,42.7635],[10.4367,42.8044],[10.4124,42.8734],[10.3473,42.8059],[10.1632,42.8164]]]]}},{"type":"Feature","properties":{"relationId":"cliopatria-relation-42a8c09df2ce","name":"(Personal union of Crown of Aragon with Crown of Castile)","name_ko":"아라곤 연합왕국–카스티야 연합왕국 동군연합","relationKind":"personal_union","relation_kind_ko":"동군연합","actor_ids":"cliopatria-q204920-a39cc3cacc;cliopatria-q217196-994c98b805","actor_names_ko":"아라곤 연합왕국;카스티야 연합왕국","color":"#e887a8","startYear":1475,"endYear":1481,"source_name":"Cliopatria v0.2.0","source_url":"https://github.com/Seshat-Global-History-Databank/cliopatria","license":"CC BY 4.0","attribution":"Seshat Global History Databank, Cliopatria contributors"},"geometry":{"type":"MultiPolygon","coordinates":[[[[-18.052,27.6901],[-17.9795,27.6425],[-17.8965,27.8403],[-17.9899,27.8237],[-18.052,27.6901]]],[[[-14.3198,28.0603],[-14.1916,28.1708],[-13.9337,28.2442],[-13.8429,28.4069],[-13.8244,28.6818],[-13.8646,28.7442],[-14.0004,28.715],[-14.1171,28.3795],[-14.3198,28.0603]]],[[[-13.8539,28.9107],[-13.7727,28.8425],[-13.482,28.9995],[-13.4232,29.2128],[-13.7668,29.074],[-13.8539,28.9107]]],[[[1.2204,38.9553],[1.2529,38.8623],[1.4031,38.8323],[1.4147,38.8906],[1.6231,39.0292],[1.5227,39.1189],[1.3568,39.0776],[1.2928,39.0333],[1.301,38.9678],[1.2204,38.9553]]],[[[-9.2702,43.0575],[-9.2247,42.9397],[-9.1345,42.9175],[-9.1003,42.7575],[-8.8877,42.8311],[-9.0301,42.7077],[-9.0709,42.5961],[-9.0115,42.5307],[-8.8395,42.6824],[-8.785,42.6406],[-8.7309,42.6884],[-8.823,42.5695],[-8.8265,42.4619],[-8.9179,42.4868],[-8.7521,42.41],[-8.6553,42.4414],[-8.7177,42.3941],[-8.6574,42.3662],[-8.8225,42.2584],[-8.6227,42.3475],[-8.6252,42.3019],[-8.8955,42.1191],[-8.8836,41.9303],[-8.47,42.1063],[-8.1505,42.1063],[-8.1371,41.9764],[-8.2169,41.9764],[-8.1172,41.7816],[-6.7008,41.9764],[-6.3516,41.6518],[-6.2719,41.6518],[-6.2542,41.4571],[-6.9277,41.0032],[-6.8684,40.3554],[-7.0149,40.2259],[-7.0032,40.0964],[-6.8395,40.0317],[-6.8955,39.7729],[-7.4358,39.6436],[-7.4184,39.4496],[-7.2552,39.385],[-6.9854,38.9972],[-7.1203,38.7389],[-7.2717,38.6743],[-7.2442,38.3515],[-6.9984,38.2224],[-6.9877,38.0933],[-7.1442,38.0933],[-7.2791,37.8352],[-7.5027,37.7062],[-7.3874,37.2549],[-6.9042,37.2549],[-6.8527,37.2952],[-6.8854,37.2549],[-6.6192,37.0288],[-6.4323,36.9971],[-6.3473,36.8187],[-6.3447,36.9013],[-6.1948,36.9321],[-6.3382,36.8837],[-6.3409,36.8054],[-6.0661,36.2289],[-5.8311,36.224],[-5.6436,36.0438],[-5.2924,36.2884],[-5.3835,36.4816],[-5.7719,36.4816],[-5.7906,36.7393],[-5.3424,36.9971],[-4.7974,36.9971],[-4.6595,37.2549],[-3.6505,37.3193],[-3.5155,37.6417],[-3.2032,37.6417],[-3.1949,37.5128],[-2.9609,37.5128],[-2.903,37.8352],[-2.4263,37.7062],[-2.356,37.8352],[-2.1216,37.8352],[-1.939,37.3838],[-1.7794,37.3193],[-1.6521,37.3626],[-1.7087,37.4483],[-1.4038,37.5773],[-0.7078,37.6414],[-0.8099,37.6669],[-0.8561,37.7425],[-0.788,37.8228],[-0.7607,37.7961],[-0.8035,38.0288],[-0.6609,38.2869],[-0.4328,38.416],[-0.4362,38.4806],[0.0994,38.7389],[-0.3137,39.1265],[-0.3454,39.7083],[-0.2019,39.967],[0.1825,40.1612],[0.2478,40.4201],[0.475,40.6144],[0.7093,40.6792],[0.6958,40.9384],[1.2384,41.1977],[2.1066,41.3274],[2.3336,41.5869],[2.8856,41.7167],[3.1168,41.9114],[3.1188,42.2183],[3.1773,42.3606],[3.0927,42.4962],[2.4583,42.3662],[1.8091,42.5612],[1.5754,42.4312],[1.4855,42.6262],[1.0747,42.8213],[0.0401,42.6912],[-0.2081,42.8213],[-0.5288,42.8213],[-0.8579,42.9515],[-0.8706,43.1467],[-1.0443,43.3421],[-1.8509,43.3769],[-2.1278,43.2874],[-2.5129,43.3774],[-3.021,43.3545],[-3.0082,43.3209],[-3.2959,43.3421],[-3.5017,43.4308],[-3.4352,43.448],[-3.4672,43.4723],[-4.4817,43.3836],[-4.9904,43.4072],[-5.6461,43.5375],[-7.0121,43.5375],[-7.0446,43.4792],[-7.0312,43.5375],[-7.2711,43.5611],[-7.3671,43.6801],[-7.5414,43.7316],[-7.616,43.6885],[-7.6296,43.733],[-7.7859,43.733],[-7.8584,43.6682],[-7.9086,43.6702],[-7.8579,43.733],[-8.0593,43.7094],[-8.0519,43.6428],[-8.3127,43.5671],[-8.3331,43.4715],[-8.1686,43.492],[-8.3052,43.4511],[-8.1754,43.4163],[-8.2102,43.3132],[-8.3307,43.4057],[-8.3536,43.3486],[-8.3883,43.3859],[-8.6931,43.2934],[-8.83,43.3412],[-8.988,43.283],[-8.9325,43.2353],[-9.2176,43.1553],[-9.1077,43.1411],[-9.2702,43.0575]],[[-7.0298,39.1019],[-7.0158,39.0968],[-6.9857,39.0668],[-7.0298,39.1019]],[[0.6335,42.7448],[0.6476,42.741],[0.6528,42.7338],[0.6335,42.7448]],[[0.6491,42.6881],[0.6591,42.6946],[0.6567,42.688],[0.6491,42.6881]],[[0.661,42.7223],[0.6664,42.7148],[0.6638,42.7075],[0.661,42.7223]],[[1.4076,42.4868],[1.4364,42.4535],[1.4364,42.4495],[1.4076,42.4868]],[[1.418,42.5698],[1.4207,42.5759],[1.4263,42.5618],[1.418,42.5698]],[[1.444,42.4397],[1.494,42.4312],[1.4479,42.4346],[1.444,42.4397]],[[1.5106,42.4299],[1.5444,42.4504],[1.5166,42.4295],[1.5106,42.4299]],[[1.7246,42.4919],[1.7927,42.4817],[1.7306,42.4881],[1.7246,42.4919]],[[2.0043,42.3493],[2.0279,42.3508],[2.0092,42.3471],[2.0043,42.3493]],[[2.0575,42.3567],[2.137,42.4162],[2.0633,42.3579],[2.0575,42.3567]]],[[[-0.7545,37.7744],[-0.7469,37.6838],[-0.7265,37.6652],[-0.7401,37.7025],[-0.7327,37.7477],[-0.7545,37.7744]]],[[[14.3384,35.9455],[14.3815,35.843],[14.5618,35.8298],[14.5078,35.9285],[14.3773,35.9936],[14.3384,35.9455]]],[[[12.4905,37.7062],[13.192,37.5773],[13.6022,37.2505],[14.2779,37.126],[14.6723,36.7393],[15.0498,36.7393],[15.2102,36.9971],[15.2133,37.1583],[15.0592,37.2549],[15.0653,37.5773],[15.3895,38.1578],[15.5432,38.1578],[15.627,38.2808],[15.2111,38.2015],[15.0879,38.1282],[14.9942,38.1569],[14.0562,37.9643],[13.6652,37.9643],[13.3547,38.1578],[13.1199,38.1578],[13.0404,38.0288],[12.6522,38.0929],[12.4919,37.8998],[12.4905,37.7062]]],[[[2.3508,39.5765],[2.487,39.4788],[2.6817,39.5587],[2.7435,39.5234],[2.7866,39.3759],[3.1447,39.3203],[3.2825,39.4201],[3.4744,39.7497],[3.1626,39.7691],[3.1263,39.8319],[3.1959,39.8906],[3.0947,39.8812],[3.1738,39.967],[2.8132,39.8726],[2.3508,39.5765]]],[[[3.8032,40.0181],[3.8307,39.9361],[4.3008,39.8378],[4.1705,40.0646],[4.1423,40.0248],[4.1051,40.0794],[3.8032,40.0181]]],[[[8.1567,40.7718],[8.1974,40.6912],[8.1618,40.5638],[8.1934,40.6175],[8.2163,40.5706],[8.312,40.5781],[8.386,40.3518],[8.4761,40.2921],[8.49,40.1045],[8.3772,40.0338],[8.4004,39.9361],[8.5453,39.8786],[8.5044,39.7215],[8.5658,39.7011],[8.4553,39.7561],[8.4634,39.5769],[8.374,39.3789],[8.4321,39.3018],[8.4095,39.1693],[8.5596,39.0567],[8.606,38.9088],[8.7166,38.9326],[8.8533,38.878],[9.0183,38.9953],[9.0183,39.1461],[9.0798,39.2246],[9.0139,39.2639],[9.166,39.1871],[9.2922,39.2213],[9.4052,39.1521],[9.5664,39.1492],[9.7111,39.9293],[9.6262,40.2631],[9.8225,40.5327],[9.6579,40.7999],[9.724,40.8449],[9.6141,40.8934],[9.6421,40.9206],[9.5042,40.9269],[9.6469,40.9922],[9.5119,41.0163],[9.5541,41.1239],[9.4691,41.1462],[9.4429,41.092],[9.4224,41.1807],[9.1711,41.2426],[9.1419,41.1528],[9.0055,41.1219],[8.8225,40.9473],[8.5205,40.827],[8.3102,40.8507],[8.1812,40.9341],[8.2153,40.8814],[8.1567,40.7718]]],[[[8.3533,39.0556],[8.4312,38.9661],[8.4839,39.0698],[8.3701,39.1131],[8.3533,39.0556]]],[[[9.3767,41.2147],[9.377,41.2133],[9.3953,41.2106],[9.4007,41.2115],[9.3767,41.2147]]],[[[9.437,41.1859],[9.4644,41.1727],[9.4749,41.1793],[9.4749,41.2014],[9.445,41.2055],[9.437,41.1859]]]]}},{"type":"Feature","properties":{"relationId":"cliopatria-relation-42a8c09df2ce","name":"(Personal union of Crown of Aragon with Crown of Castile)","name_ko":"아라곤 연합왕국–카스티야 연합왕국 동군연합","relationKind":"personal_union","relation_kind_ko":"동군연합","actor_ids":"cliopatria-q204920-a39cc3cacc;cliopatria-q217196-994c98b805","actor_names_ko":"아라곤 연합왕국;카스티야 연합왕국","color":"#e887a8","startYear":1482,"endYear":1486,"source_name":"Cliopatria v0.2.0","source_url":"https://github.com/Seshat-Global-History-Databank/cliopatria","license":"CC BY 4.0","attribution":"Seshat Global History Databank, Cliopatria contributors"},"geometry":{"type":"MultiPolygon","coordinates":[[[[-18.052,27.6901],[-17.9795,27.6425],[-17.8965,27.8403],[-17.9899,27.8237],[-18.052,27.6901]]],[[[-15.8096,27.9999],[-15.7526,27.8154],[-15.6857,27.7633],[-15.5098,27.7744],[-15.3778,27.8523],[-15.4155,28.138],[-15.7062,28.1674],[-15.7084,28.0819],[-15.8096,27.9999]]],[[[-17.3382,28.1718],[-17.2579,28.0246],[-17.0984,28.1008],[-17.2127,28.2054],[-17.3382,28.1718]]],[[[-14.3198,28.0603],[-14.1916,28.1708],[-13.9337,28.2442],[-13.8429,28.4069],[-13.8244,28.6818],[-13.8646,28.7442],[-14.0004,28.715],[-14.1171,28.3795],[-14.3198,28.0603]]],[[[-13.8539,28.9107],[-13.7727,28.8425],[-13.482,28.9995],[-13.4232,29.2128],[-13.7668,29.074],[-13.8539,28.9107]]],[[[-9.2702,43.0575],[-9.2247,42.9397],[-9.1345,42.9175],[-9.1003,42.7575],[-8.8877,42.8311],[-9.0301,42.7077],[-9.0709,42.5961],[-9.0115,42.5307],[-8.8395,42.6824],[-8.785,42.6406],[-8.7309,42.6884],[-8.823,42.5695],[-8.8265,42.4619],[-8.9179,42.4868],[-8.7521,42.41],[-8.6553,42.4414],[-8.7177,42.3941],[-8.6574,42.3662],[-8.8225,42.2584],[-8.6227,42.3475],[-8.6252,42.3019],[-8.8955,42.1191],[-8.8836,41.9303],[-8.47,42.1063],[-8.1505,42.1063],[-8.1371,41.9764],[-8.2169,41.9764],[-8.1172,41.7816],[-6.7008,41.9764],[-6.3516,41.6518],[-6.2719,41.6518],[-6.2542,41.4571],[-6.9277,41.0032],[-6.8684,40.3554],[-7.0149,40.2259],[-7.0032,40.0964],[-6.8395,40.0317],[-6.8955,39.7729],[-7.4358,39.6436],[-7.4184,39.4496],[-7.2552,39.385],[-6.9854,38.9972],[-7.1203,38.7389],[-7.2717,38.6743],[-7.2442,38.3515],[-6.9984,38.2224],[-6.9877,38.0933],[-7.1442,38.0933],[-7.2791,37.8352],[-7.5027,37.7062],[-7.3874,37.2549],[-6.9042,37.2549],[-6.8527,37.2952],[-6.8854,37.2549],[-6.6192,37.0288],[-6.4323,36.9971],[-6.3473,36.8187],[-6.3447,36.9013],[-6.1948,36.9321],[-6.3382,36.8837],[-6.3409,36.8054],[-6.0661,36.2289],[-5.8311,36.224],[-5.6436,36.0438],[-5.2924,36.2884],[-5.3835,36.4816],[-5.7719,36.4816],[-5.7906,36.7393],[-5.3424,36.9971],[-4.7974,36.9971],[-4.6595,37.2549],[-3.6505,37.3193],[-3.5155,37.6417],[-3.2032,37.6417],[-3.1949,37.5128],[-2.9609,37.5128],[-2.903,37.8352],[-2.4263,37.7062],[-2.356,37.8352],[-2.1216,37.8352],[-1.939,37.3838],[-1.7794,37.3193],[-1.6521,37.3626],[-1.7087,37.4483],[-1.4038,37.5773],[-0.7078,37.6414],[-0.8099,37.6669],[-0.8561,37.7425],[-0.788,37.8228],[-0.7607,37.7961],[-0.8035,38.0288],[-0.6609,38.2869],[-0.4328,38.416],[-0.4362,38.4806],[0.0994,38.7389],[-0.3137,39.1265],[-0.3454,39.7083],[-0.2019,39.967],[0.1825,40.1612],[0.2478,40.4201],[0.475,40.6144],[0.7093,40.6792],[0.6958,40.9384],[1.2384,41.1977],[2.1066,41.3274],[2.3336,41.5869],[2.8856,41.7167],[3.1168,41.9114],[3.1188,42.2183],[3.1773,42.3606],[3.0927,42.4962],[2.4583,42.3662],[1.8091,42.5612],[1.5754,42.4312],[1.4855,42.6262],[1.0747,42.8213],[0.0401,42.6912],[-0.9381,42.9515],[-1.0056,42.7563],[-1.4602,42.3662],[-1.43,41.9114],[-1.8288,41.9114],[-1.7756,42.3012],[-2.0199,42.3662],[-2.2031,42.6912],[-1.8391,43.2118],[-1.8509,43.3769],[-2.1278,43.2874],[-2.5129,43.3774],[-3.2959,43.3421],[-3.5017,43.4308],[-3.4352,43.448],[-3.4672,43.4723],[-4.4817,43.3836],[-4.9904,43.4072],[-5.6461,43.5375],[-7.0121,43.5375],[-7.0446,43.4792],[-7.0312,43.5375],[-7.2711,43.5611],[-7.3671,43.6801],[-7.5414,43.7316],[-7.616,43.6885],[-7.6296,43.733],[-7.7859,43.733],[-7.8584,43.6682],[-7.9086,43.6702],[-7.8579,43.733],[-8.0593,43.7094],[-8.0519,43.6428],[-8.3127,43.5671],[-8.3331,43.4715],[-8.1686,43.492],[-8.3052,43.4511],[-8.1754,43.4163],[-8.2102,43.3132],[-8.3307,43.4057],[-8.3536,43.3486],[-8.3883,43.3859],[-8.6931,43.2934],[-8.83,43.3412],[-8.988,43.283],[-8.9325,43.2353],[-9.2176,43.1553],[-9.1077,43.1411],[-9.2702,43.0575]],[[-7.0298,39.1019],[-7.0158,39.0968],[-6.9857,39.0668],[-7.0298,39.1019]],[[0.6335,42.7448],[0.6476,42.741],[0.6528,42.7338],[0.6335,42.7448]],[[0.6491,42.6881],[0.6591,42.6946],[0.6567,42.688],[0.6491,42.6881]],[[0.661,42.7223],[0.6664,42.7148],[0.6638,42.7075],[0.661,42.7223]],[[1.4076,42.4868],[1.4364,42.4535],[1.4364,42.4495],[1.4076,42.4868]],[[1.418,42.5698],[1.4207,42.5759],[1.4263,42.5618],[1.418,42.5698]],[[1.444,42.4397],[1.494,42.4312],[1.4479,42.4346],[1.444,42.4397]],[[1.5106,42.4299],[1.5444,42.4504],[1.5166,42.4295],[1.5106,42.4299]],[[1.7246,42.4919],[1.7927,42.4817],[1.7306,42.4881],[1.7246,42.4919]],[[2.0043,42.3493],[2.0279,42.3508],[2.0092,42.3471],[2.0043,42.3493]],[[2.0575,42.3567],[2.137,42.4162],[2.0633,42.3579],[2.0575,42.3567]]],[[[-0.7545,37.7744],[-0.7469,37.6838],[-0.7265,37.6652],[-0.7401,37.7025],[-0.7327,37.7477],[-0.7545,37.7744]]],[[[14.3384,35.9455],[14.3815,35.843],[14.5618,35.8298],[14.5078,35.9285],[14.3773,35.9936],[14.3384,35.9455]]],[[[12.4905,37.7062],[13.192,37.5773],[13.6022,37.2505],[14.2779,37.126],[14.6723,36.7393],[15.0498,36.7393],[15.2102,36.9971],[15.2133,37.1583],[15.0592,37.2549],[15.0653,37.5773],[15.3895,38.1578],[15.5432,38.1578],[15.627,38.2808],[15.2111,38.2015],[15.0879,38.1282],[14.9942,38.1569],[14.0562,37.9643],[13.6652,37.9643],[13.3547,38.1578],[13.1199,38.1578],[13.0404,38.0288],[12.6522,38.0929],[12.4919,37.8998],[12.4905,37.7062]]],[[[1.2204,38.9553],[1.2529,38.8623],[1.4031,38.8323],[1.4147,38.8906],[1.6231,39.0292],[1.5227,39.1189],[1.3568,39.0776],[1.2928,39.0333],[1.301,38.9678],[1.2204,38.9553]]],[[[2.3508,39.5765],[2.487,39.4788],[2.6817,39.5587],[2.7435,39.5234],[2.7866,39.3759],[3.1447,39.3203],[3.2825,39.4201],[3.4744,39.7497],[3.1626,39.7691],[3.1263,39.8319],[3.1959,39.8906],[3.0947,39.8812],[3.1738,39.967],[2.8132,39.8726],[2.3508,39.5765]]],[[[3.8032,40.0181],[3.8307,39.9361],[4.3008,39.8378],[4.1705,40.0646],[4.1423,40.0248],[4.1051,40.0794],[3.8032,40.0181]]],[[[8.1567,40.7718],[8.1974,40.6912],[8.1618,40.5638],[8.1934,40.6175],[8.2163,40.5706],[8.312,40.5781],[8.386,40.3518],[8.4761,40.2921],[8.49,40.1045],[8.3772,40.0338],[8.4004,39.9361],[8.5453,39.8786],[8.5044,39.7215],[8.5658,39.7011],[8.4553,39.7561],[8.4634,39.5769],[8.374,39.3789],[8.4321,39.3018],[8.4095,39.1693],[8.5596,39.0567],[8.606,38.9088],[8.7166,38.9326],[8.8533,38.878],[9.0183,38.9953],[9.0183,39.1461],[9.0798,39.2246],[9.0139,39.2639],[9.166,39.1871],[9.2922,39.2213],[9.4052,39.1521],[9.5664,39.1492],[9.7111,39.9293],[9.6262,40.2631],[9.8225,40.5327],[9.6579,40.7999],[9.724,40.8449],[9.6141,40.8934],[9.6421,40.9206],[9.5042,40.9269],[9.6469,40.9922],[9.5119,41.0163],[9.5541,41.1239],[9.4691,41.1462],[9.4429,41.092],[9.4224,41.1807],[9.1711,41.2426],[9.1419,41.1528],[9.0055,41.1219],[8.8225,40.9473],[8.5205,40.827],[8.3102,40.8507],[8.1812,40.9341],[8.2153,40.8814],[8.1567,40.7718]]],[[[8.3533,39.0556],[8.4312,38.9661],[8.4839,39.0698],[8.3701,39.1131],[8.3533,39.0556]]],[[[9.3767,41.2147],[9.377,41.2133],[9.3953,41.2106],[9.4007,41.2115],[9.3767,41.2147]]],[[[9.437,41.1859],[9.4644,41.1727],[9.4749,41.1793],[9.4749,41.2014],[9.445,41.2055],[9.437,41.1859]]]]}},{"type":"Feature","properties":{"relationId":"cliopatria-relation-42a8c09df2ce","name":"(Personal union of Crown of Aragon with Crown of Castile)","name_ko":"아라곤 연합왕국–카스티야 연합왕국 동군연합","relationKind":"personal_union","relation_kind_ko":"동군연합","actor_ids":"cliopatria-q204920-a39cc3cacc;cliopatria-q217196-994c98b805","actor_names_ko":"아라곤 연합왕국;카스티야 연합왕국","color":"#e887a8","startYear":1487,"endYear":1491,"source_name":"Cliopatria v0.2.0","source_url":"https://github.com/Seshat-Global-History-Databank/cliopatria","license":"CC BY 4.0","attribution":"Seshat Global History Databank, Cliopatria contributors"},"geometry":{"type":"MultiPolygon","coordinates":[[[[-18.052,27.6901],[-17.9795,27.6425],[-17.8965,27.8403],[-17.9899,27.8237],[-18.052,27.6901]]],[[[-15.8096,27.9999],[-15.7526,27.8154],[-15.6857,27.7633],[-15.5098,27.7744],[-15.3778,27.8523],[-15.4155,28.138],[-15.7062,28.1674],[-15.7084,28.0819],[-15.8096,27.9999]]],[[[-17.3382,28.1718],[-17.2579,28.0246],[-17.0984,28.1008],[-17.2127,28.2054],[-17.3382,28.1718]]],[[[-14.3198,28.0603],[-14.1916,28.1708],[-13.9337,28.2442],[-13.8429,28.4069],[-13.8244,28.6818],[-13.8646,28.7442],[-14.0004,28.715],[-14.1171,28.3795],[-14.3198,28.0603]]],[[[-13.8539,28.9107],[-13.7727,28.8425],[-13.482,28.9995],[-13.4232,29.2128],[-13.7668,29.074],[-13.8539,28.9107]]],[[[-9.2702,43.0575],[-9.2247,42.9397],[-9.1345,42.9175],[-9.1003,42.7575],[-8.8877,42.8311],[-9.0301,42.7077],[-9.0709,42.5961],[-9.0115,42.5307],[-8.8395,42.6824],[-8.785,42.6406],[-8.7309,42.6884],[-8.823,42.5695],[-8.8265,42.4619],[-8.9179,42.4868],[-8.7521,42.41],[-8.6553,42.4414],[-8.7177,42.3941],[-8.6574,42.3662],[-8.8225,42.2584],[-8.6227,42.3475],[-8.6252,42.3019],[-8.8955,42.1191],[-8.8836,41.9303],[-8.47,42.1063],[-8.1505,42.1063],[-8.1371,41.9764],[-8.2169,41.9764],[-8.1172,41.7816],[-6.7008,41.9764],[-6.3516,41.6518],[-6.2719,41.6518],[-6.2542,41.4571],[-6.9277,41.0032],[-6.8684,40.3554],[-7.0149,40.2259],[-7.0032,40.0964],[-6.8395,40.0317],[-6.8955,39.7729],[-7.4358,39.6436],[-7.4184,39.4496],[-7.2552,39.385],[-6.9854,38.9972],[-7.1203,38.7389],[-7.2717,38.6743],[-7.2442,38.3515],[-6.9984,38.2224],[-6.9877,38.0933],[-7.1442,38.0933],[-7.2791,37.8352],[-7.5027,37.7062],[-7.3874,37.2549],[-6.9042,37.2549],[-6.8527,37.2952],[-6.8854,37.2549],[-6.6192,37.0288],[-6.4323,36.9971],[-6.3473,36.8187],[-6.3447,36.9013],[-6.1948,36.9321],[-6.3382,36.8837],[-6.3409,36.8054],[-6.0661,36.2289],[-5.8311,36.224],[-5.6403,36.0422],[-5.3215,36.2067],[-5.2282,36.4816],[-4.6888,36.546],[-4.4686,36.7393],[-3.4577,36.7393],[-3.474,36.9971],[-3.6463,37.2549],[-3.0348,37.4483],[-2.8909,37.6417],[-2.903,37.8352],[-2.4263,37.7062],[-2.356,37.8352],[-2.1216,37.8352],[-1.939,37.3838],[-1.7794,37.3193],[-1.6521,37.3626],[-1.7087,37.4483],[-1.4038,37.5773],[-0.7078,37.6414],[-0.8099,37.6669],[-0.8561,37.7425],[-0.788,37.8228],[-0.7607,37.7961],[-0.8035,38.0288],[-0.6609,38.2869],[-0.4328,38.416],[-0.4362,38.4806],[0.0994,38.7389],[-0.3137,39.1265],[-0.3454,39.7083],[-0.2019,39.967],[0.1825,40.1612],[0.2478,40.4201],[0.475,40.6144],[0.7093,40.6792],[0.6958,40.9384],[1.2384,41.1977],[2.1066,41.3274],[2.3336,41.5869],[2.8856,41.7167],[3.1168,41.9114],[3.1188,42.2183],[3.1773,42.3606],[3.0927,42.4962],[2.4583,42.3662],[1.8091,42.5612],[1.5754,42.4312],[1.4855,42.6262],[1.0747,42.8213],[0.0401,42.6912],[-0.9381,42.9515],[-1.0056,42.7563],[-1.4602,42.3662],[-1.43,41.9114],[-1.8288,41.9114],[-1.7756,42.3012],[-2.0199,42.3662],[-2.2031,42.6912],[-1.8391,43.2118],[-1.8509,43.3769],[-2.1278,43.2874],[-2.5129,43.3774],[-3.2959,43.3421],[-3.5017,43.4308],[-3.4352,43.448],[-3.4672,43.4723],[-4.4817,43.3836],[-4.9904,43.4072],[-5.6461,43.5375],[-7.0121,43.5375],[-7.0446,43.4792],[-7.0312,43.5375],[-7.2711,43.5611],[-7.3671,43.6801],[-7.5414,43.7316],[-7.616,43.6885],[-7.6296,43.733],[-7.7859,43.733],[-7.8584,43.6682],[-7.9086,43.6702],[-7.8579,43.733],[-8.0593,43.7094],[-8.0519,43.6428],[-8.3127,43.5671],[-8.3331,43.4715],[-8.1686,43.492],[-8.3052,43.4511],[-8.1754,43.4163],[-8.2102,43.3132],[-8.3307,43.4057],[-8.3536,43.3486],[-8.3883,43.3859],[-8.6931,43.2934],[-8.83,43.3412],[-8.988,43.283],[-8.9325,43.2353],[-9.2176,43.1553],[-9.1077,43.1411],[-9.2702,43.0575]],[[-7.0298,39.1019],[-7.0158,39.0968],[-6.9857,39.0668],[-7.0298,39.1019]],[[0.6335,42.7448],[0.6476,42.741],[0.6528,42.7338],[0.6335,42.7448]],[[0.6491,42.6881],[0.6591,42.6946],[0.6567,42.688],[0.6491,42.6881]],[[0.661,42.7223],[0.6664,42.7148],[0.6638,42.7075],[0.661,42.7223]],[[1.4076,42.4868],[1.4364,42.4535],[1.4364,42.4495],[1.4076,42.4868]],[[1.418,42.5698],[1.4207,42.5759],[1.4263,42.5618],[1.418,42.5698]],[[1.444,42.4397],[1.494,42.4312],[1.4479,42.4346],[1.444,42.4397]],[[1.5106,42.4299],[1.5444,42.4504],[1.5166,42.4295],[1.5106,42.4299]],[[1.7246,42.4919],[1.7927,42.4817],[1.7306,42.4881],[1.7246,42.4919]],[[2.0043,42.3493],[2.0279,42.3508],[2.0092,42.3471],[2.0043,42.3493]],[[2.0575,42.3567],[2.137,42.4162],[2.0633,42.3579],[2.0575,42.3567]]],[[[-0.7545,37.7744],[-0.7469,37.6838],[-0.7265,37.6652],[-0.7401,37.7025],[-0.7327,37.7477],[-0.7545,37.7744]]],[[[14.3384,35.9455],[14.3815,35.843],[14.5618,35.8298],[14.5078,35.9285],[14.3773,35.9936],[14.3384,35.9455]]],[[[12.4905,37.7062],[13.192,37.5773],[13.6022,37.2505],[14.2779,37.126],[14.6723,36.7393],[15.0498,36.7393],[15.2102,36.9971],[15.2133,37.1583],[15.0592,37.2549],[15.0653,37.5773],[15.3895,38.1578],[15.5432,38.1578],[15.627,38.2808],[15.2111,38.2015],[15.0879,38.1282],[14.9942,38.1569],[14.0562,37.9643],[13.6652,37.9643],[13.3547,38.1578],[13.1199,38.1578],[13.0404,38.0288],[12.6522,38.0929],[12.4919,37.8998],[12.4905,37.7062]]],[[[1.2204,38.9553],[1.2529,38.8623],[1.4031,38.8323],[1.4147,38.8906],[1.6231,39.0292],[1.5227,39.1189],[1.3568,39.0776],[1.2928,39.0333],[1.301,38.9678],[1.2204,38.9553]]],[[[2.3508,39.5765],[2.487,39.4788],[2.6817,39.5587],[2.7435,39.5234],[2.7866,39.3759],[3.1447,39.3203],[3.2825,39.4201],[3.4744,39.7497],[3.1626,39.7691],[3.1263,39.8319],[3.1959,39.8906],[3.0947,39.8812],[3.1738,39.967],[2.8132,39.8726],[2.3508,39.5765]]],[[[3.8032,40.0181],[3.8307,39.9361],[4.3008,39.8378],[4.1705,40.0646],[4.1423,40.0248],[4.1051,40.0794],[3.8032,40.0181]]],[[[8.1567,40.7718],[8.1974,40.6912],[8.1618,40.5638],[8.1934,40.6175],[8.2163,40.5706],[8.312,40.5781],[8.386,40.3518],[8.4761,40.2921],[8.49,40.1045],[8.3772,40.0338],[8.4004,39.9361],[8.5453,39.8786],[8.5044,39.7215],[8.5658,39.7011],[8.4553,39.7561],[8.4634,39.5769],[8.374,39.3789],[8.4321,39.3018],[8.4095,39.1693],[8.5596,39.0567],[8.606,38.9088],[8.7166,38.9326],[8.8533,38.878],[9.0183,38.9953],[9.0183,39.1461],[9.0798,39.2246],[9.0139,39.2639],[9.166,39.1871],[9.2922,39.2213],[9.4052,39.1521],[9.5664,39.1492],[9.7111,39.9293],[9.6262,40.2631],[9.8225,40.5327],[9.6579,40.7999],[9.724,40.8449],[9.6141,40.8934],[9.6421,40.9206],[9.5042,40.9269],[9.6469,40.9922],[9.5119,41.0163],[9.5541,41.1239],[9.4691,41.1462],[9.4429,41.092],[9.4224,41.1807],[9.1711,41.2426],[9.1419,41.1528],[9.0055,41.1219],[8.8225,40.9473],[8.5205,40.827],[8.3102,40.8507],[8.1812,40.9341],[8.2153,40.8814],[8.1567,40.7718]]],[[[8.3533,39.0556],[8.4312,38.9661],[8.4839,39.0698],[8.3701,39.1131],[8.3533,39.0556]]],[[[9.3767,41.2147],[9.377,41.2133],[9.3953,41.2106],[9.4007,41.2115],[9.3767,41.2147]]],[[[9.437,41.1859],[9.4644,41.1727],[9.4749,41.1793],[9.4749,41.2014],[9.445,41.2055],[9.437,41.1859]]]]}},{"type":"Feature","properties":{"relationId":"cliopatria-relation-42a8c09df2ce","name":"(Personal union of Crown of Aragon with Crown of Castile)","name_ko":"아라곤 연합왕국–카스티야 연합왕국 동군연합","relationKind":"personal_union","relation_kind_ko":"동군연합","actor_ids":"cliopatria-q204920-a39cc3cacc;cliopatria-q217196-994c98b805","actor_names_ko":"아라곤 연합왕국;카스티야 연합왕국","color":"#e887a8","startYear":1492,"endYear":1496,"source_name":"Cliopatria v0.2.0","source_url":"https://github.com/Seshat-Global-History-Databank/cliopatria","license":"CC BY 4.0","attribution":"Seshat Global History Databank, Cliopatria contributors"},"geometry":{"type":"MultiPolygon","coordinates":[[[[-18.052,27.6901],[-17.9795,27.6425],[-17.8965,27.8403],[-17.9899,27.8237],[-18.052,27.6901]]],[[[-15.8096,27.9999],[-15.7526,27.8154],[-15.6857,27.7633],[-15.5098,27.7744],[-15.3778,27.8523],[-15.4155,28.138],[-15.7062,28.1674],[-15.7084,28.0819],[-15.8096,27.9999]]],[[[-17.3382,28.1718],[-17.2579,28.0246],[-17.0984,28.1008],[-17.2127,28.2054],[-17.3382,28.1718]]],[[[-14.3198,28.0603],[-14.1916,28.1708],[-13.9337,28.2442],[-13.8429,28.4069],[-13.8244,28.6818],[-13.8646,28.7442],[-14.0004,28.715],[-14.1171,28.3795],[-14.3198,28.0603]]],[[[-13.8539,28.9107],[-13.7727,28.8425],[-13.482,28.9995],[-13.4232,29.2128],[-13.7668,29.074],[-13.8539,28.9107]]],[[[-9.2702,43.0575],[-9.2247,42.9397],[-9.1345,42.9175],[-9.1003,42.7575],[-8.8877,42.8311],[-9.0301,42.7077],[-9.0709,42.5961],[-9.0115,42.5307],[-8.8395,42.6824],[-8.785,42.6406],[-8.7309,42.6884],[-8.823,42.5695],[-8.8265,42.4619],[-8.9179,42.4868],[-8.7521,42.41],[-8.6553,42.4414],[-8.7177,42.3941],[-8.6574,42.3662],[-8.8225,42.2584],[-8.6227,42.3475],[-8.6252,42.3019],[-8.8955,42.1191],[-8.8836,41.9303],[-8.47,42.1063],[-8.1505,42.1063],[-8.1371,41.9764],[-8.2169,41.9764],[-8.1172,41.7816],[-6.7008,41.9764],[-6.3516,41.6518],[-6.2719,41.6518],[-6.2542,41.4571],[-6.9277,41.0032],[-6.8684,40.3554],[-7.0149,40.2259],[-7.0032,40.0964],[-6.8395,40.0317],[-6.8955,39.7729],[-7.4358,39.6436],[-7.4184,39.4496],[-7.2552,39.385],[-6.9854,38.9972],[-7.1203,38.7389],[-7.2717,38.6743],[-7.2442,38.3515],[-6.9984,38.2224],[-6.9877,38.0933],[-7.1442,38.0933],[-7.2791,37.8352],[-7.5027,37.7062],[-7.3874,37.2549],[-6.9042,37.2549],[-6.8527,37.2952],[-6.8854,37.2549],[-6.6192,37.0288],[-6.4323,36.9971],[-6.3473,36.8187],[-6.3447,36.9013],[-6.1948,36.9321],[-6.3382,36.8837],[-6.3409,36.8054],[-6.0661,36.2289],[-5.8311,36.224],[-5.5848,36.0308],[-5.5162,36.1596],[-5.315,36.2164],[-5.2282,36.4816],[-4.6888,36.546],[-4.4686,36.7393],[-2.6801,36.7393],[-2.5321,36.8682],[-2.0616,36.8037],[-1.8574,37.3193],[-1.6521,37.3626],[-1.7087,37.4483],[-1.2427,37.5792],[-1.1717,37.5518],[-0.7078,37.6411],[-0.8099,37.6669],[-0.8561,37.7425],[-0.788,37.8228],[-0.7607,37.7961],[-0.8035,38.0288],[-0.6609,38.2869],[-0.4328,38.416],[-0.4362,38.4806],[0.0994,38.7389],[-0.3137,39.1265],[-0.3454,39.7083],[-0.2019,39.967],[0.1825,40.1612],[0.2478,40.4201],[0.475,40.6144],[0.7093,40.6792],[0.6958,40.9384],[1.2384,41.1977],[2.1066,41.3274],[2.3336,41.5869],[2.8856,41.7167],[3.1168,41.9114],[3.1188,42.2183],[3.1773,42.3606],[3.0927,42.4962],[2.4583,42.3662],[1.8091,42.5612],[1.5754,42.4312],[1.4855,42.6262],[1.0747,42.8213],[0.0401,42.6912],[-0.9381,42.9515],[-1.0056,42.7563],[-1.4602,42.3662],[-1.43,41.9114],[-1.8288,41.9114],[-1.7756,42.3012],[-2.0199,42.3662],[-2.2031,42.6912],[-1.8391,43.2118],[-1.8509,43.3769],[-2.1278,43.2874],[-2.5129,43.3774],[-3.2959,43.3421],[-3.5017,43.4308],[-3.4352,43.448],[-3.4672,43.4723],[-4.4817,43.3836],[-4.9904,43.4072],[-5.6461,43.5375],[-7.0121,43.5375],[-7.0446,43.4792],[-7.0312,43.5375],[-7.2711,43.5611],[-7.3671,43.6801],[-7.5414,43.7316],[-7.616,43.6885],[-7.6296,43.733],[-7.7859,43.733],[-7.8584,43.6682],[-7.9086,43.6702],[-7.8579,43.733],[-8.0593,43.7094],[-8.0519,43.6428],[-8.3127,43.5671],[-8.3331,43.4715],[-8.1686,43.492],[-8.3052,43.4511],[-8.1754,43.4163],[-8.2102,43.3132],[-8.3307,43.4057],[-8.3536,43.3486],[-8.3883,43.3859],[-8.6931,43.2934],[-8.83,43.3412],[-8.988,43.283],[-8.9325,43.2353],[-9.2176,43.1553],[-9.1077,43.1411],[-9.2702,43.0575]],[[-7.0298,39.1019],[-7.0158,39.0968],[-6.9857,39.0668],[-7.0298,39.1019]],[[0.6335,42.7448],[0.6476,42.741],[0.6528,42.7338],[0.6335,42.7448]],[[0.6491,42.6881],[0.6591,42.6946],[0.6567,42.688],[0.6491,42.6881]],[[0.661,42.7223],[0.6664,42.7148],[0.6638,42.7075],[0.661,42.7223]],[[1.4076,42.4868],[1.4364,42.4535],[1.4364,42.4495],[1.4076,42.4868]],[[1.418,42.5698],[1.4207,42.5759],[1.4263,42.5618],[1.418,42.5698]],[[1.444,42.4397],[1.494,42.4312],[1.4479,42.4346],[1.444,42.4397]],[[1.5106,42.4299],[1.5444,42.4504],[1.5166,42.4295],[1.5106,42.4299]],[[1.7246,42.4919],[1.7927,42.4817],[1.7306,42.4881],[1.7246,42.4919]],[[2.0043,42.3493],[2.0279,42.3508],[2.0092,42.3471],[2.0043,42.3493]],[[2.0575,42.3567],[2.137,42.4162],[2.0633,42.3579],[2.0575,42.3567]]],[[[-0.7545,37.7744],[-0.7469,37.6838],[-0.7265,37.6652],[-0.7401,37.7025],[-0.7327,37.7477],[-0.7545,37.7744]]],[[[14.3384,35.9455],[14.3815,35.843],[14.5618,35.8298],[14.5078,35.9285],[14.3773,35.9936],[14.3384,35.9455]]],[[[12.4905,37.7062],[13.192,37.5773],[13.6022,37.2505],[14.2779,37.126],[14.6723,36.7393],[15.0498,36.7393],[15.2102,36.9971],[15.2133,37.1583],[15.0592,37.2549],[15.0653,37.5773],[15.3895,38.1578],[15.5432,38.1578],[15.627,38.2808],[15.2111,38.2015],[15.0879,38.1282],[14.9942,38.1569],[14.0562,37.9643],[13.6652,37.9643],[13.3547,38.1578],[13.1199,38.1578],[13.0404,38.0288],[12.6522,38.0929],[12.4919,37.8998],[12.4905,37.7062]]],[[[1.2204,38.9553],[1.2529,38.8623],[1.4031,38.8323],[1.4147,38.8906],[1.6231,39.0292],[1.5227,39.1189],[1.3568,39.0776],[1.2928,39.0333],[1.301,38.9678],[1.2204,38.9553]]],[[[2.3508,39.5765],[2.487,39.4788],[2.6817,39.5587],[2.7435,39.5234],[2.7866,39.3759],[3.1447,39.3203],[3.2825,39.4201],[3.4744,39.7497],[3.1626,39.7691],[3.1263,39.8319],[3.1959,39.8906],[3.0947,39.8812],[3.1738,39.967],[2.8132,39.8726],[2.3508,39.5765]]],[[[3.8032,40.0181],[3.8307,39.9361],[4.3008,39.8378],[4.1705,40.0646],[4.1423,40.0248],[4.1051,40.0794],[3.8032,40.0181]]],[[[8.1567,40.7718],[8.1974,40.6912],[8.1618,40.5638],[8.1934,40.6175],[8.2163,40.5706],[8.312,40.5781],[8.386,40.3518],[8.4761,40.2921],[8.49,40.1045],[8.3772,40.0338],[8.4004,39.9361],[8.5453,39.8786],[8.5044,39.7215],[8.5658,39.7011],[8.4553,39.7561],[8.4634,39.5769],[8.374,39.3789],[8.4321,39.3018],[8.4095,39.1693],[8.5596,39.0567],[8.606,38.9088],[8.7166,38.9326],[8.8533,38.878],[9.0183,38.9953],[9.0183,39.1461],[9.0798,39.2246],[9.0139,39.2639],[9.166,39.1871],[9.2922,39.2213],[9.4052,39.1521],[9.5664,39.1492],[9.7111,39.9293],[9.6262,40.2631],[9.8225,40.5327],[9.6579,40.7999],[9.724,40.8449],[9.6141,40.8934],[9.6421,40.9206],[9.5042,40.9269],[9.6469,40.9922],[9.5119,41.0163],[9.5541,41.1239],[9.4691,41.1462],[9.4429,41.092],[9.4224,41.1807],[9.1711,41.2426],[9.1419,41.1528],[9.0055,41.1219],[8.8225,40.9473],[8.5205,40.827],[8.3102,40.8507],[8.1812,40.9341],[8.2153,40.8814],[8.1567,40.7718]]],[[[8.3533,39.0556],[8.4312,38.9661],[8.4839,39.0698],[8.3701,39.1131],[8.3533,39.0556]]],[[[9.3767,41.2147],[9.377,41.2133],[9.3953,41.2106],[9.4007,41.2115],[9.3767,41.2147]]],[[[9.437,41.1859],[9.4644,41.1727],[9.4749,41.1793],[9.4749,41.2014],[9.445,41.2055],[9.437,41.1859]]]]}},{"type":"Feature","properties":{"relationId":"cliopatria-relation-42a8c09df2ce","name":"(Personal union of Crown of Aragon with Crown of Castile)","name_ko":"아라곤 연합왕국–카스티야 연합왕국 동군연합","relationKind":"personal_union","relation_kind_ko":"동군연합","actor_ids":"cliopatria-q204920-a39cc3cacc;cliopatria-q217196-994c98b805","actor_names_ko":"아라곤 연합왕국;카스티야 연합왕국","color":"#e887a8","startYear":1497,"endYear":1501,"source_name":"Cliopatria v0.2.0","source_url":"https://github.com/Seshat-Global-History-Databank/cliopatria","license":"CC BY 4.0","attribution":"Seshat Global History Databank, Cliopatria contributors"},"geometry":{"type":"MultiPolygon","coordinates":[[[[-71.2521,19.836],[-71.1096,19.6362],[-70.7394,19.6362],[-70.4171,19.4434],[-70.0383,19.3791],[-69.8474,19.0577],[-69.5345,18.9291],[-69.4352,18.7362],[-69.7965,18.6719],[-69.8281,18.4701],[-69.6504,18.4148],[-69.6168,18.4573],[-69.535,18.4148],[-69.2363,18.4505],[-68.9225,18.4123],[-68.7941,18.3505],[-68.7038,18.2219],[-68.6353,18.2535],[-68.5889,18.3823],[-68.4557,18.3579],[-68.3341,18.5773],[-68.3562,18.6566],[-68.7397,18.9644],[-68.9754,19.0331],[-69.0544,18.9775],[-69.1395,19.0512],[-69.1732,19.0111],[-69.42,19.1112],[-69.6085,19.0935],[-69.6173,19.2252],[-69.464,19.2094],[-69.4376,19.3148],[-69.7677,19.2997],[-69.868,19.4253],[-69.8872,19.6127],[-69.9473,19.6787],[-70.1164,19.6224],[-70.2808,19.6518],[-70.4337,19.7752],[-70.6237,19.7665],[-70.8433,19.9103],[-70.9469,19.8893],[-70.9867,19.9321],[-71.2521,19.836]]],[[[-18.052,27.6901],[-17.9795,27.6425],[-17.8965,27.8403],[-17.9899,27.8237],[-18.052,27.6901]]],[[[-15.8096,27.9999],[-15.7526,27.8154],[-15.6857,27.7633],[-15.5098,27.7744],[-15.3778,27.8523],[-15.4155,28.138],[-15.7062,28.1674],[-15.7084,28.0819],[-15.8096,27.9999]]],[[[-17.3382,28.1718],[-17.2579,28.0246],[-17.0984,28.1008],[-17.2127,28.2054],[-17.3382,28.1718]]],[[[-16.8986,28.363],[-16.687,27.9989],[-16.5458,28.024],[-16.4277,28.1497],[-16.3555,28.3812],[-16.1177,28.5721],[-16.3164,28.5721],[-16.5071,28.4241],[-16.8986,28.363]]],[[[-14.3198,28.0603],[-14.1916,28.1708],[-13.9337,28.2442],[-13.8429,28.4069],[-13.8244,28.6818],[-13.8646,28.7442],[-14.0004,28.715],[-14.1171,28.3795],[-14.3198,28.0603]]],[[[-17.9976,28.7755],[-17.8721,28.5081],[-17.8036,28.5081],[-17.721,28.7306],[-17.7558,28.8185],[-17.8986,28.852],[-17.9976,28.7755]]],[[[-13.8539,28.9107],[-13.7727,28.8425],[-13.482,28.9995],[-13.4232,29.2128],[-13.7668,29.074],[-13.8539,28.9107]]],[[[-9.2702,43.0575],[-9.2247,42.9397],[-9.1345,42.9175],[-9.1003,42.7575],[-8.8877,42.8311],[-9.0301,42.7077],[-9.0709,42.5961],[-9.0115,42.5307],[-8.8395,42.6824],[-8.785,42.6406],[-8.7309,42.6884],[-8.823,42.5695],[-8.8265,42.4619],[-8.9179,42.4868],[-8.7521,42.41],[-8.6553,42.4414],[-8.7177,42.3941],[-8.6574,42.3662],[-8.8225,42.2584],[-8.6227,42.3475],[-8.6252,42.3019],[-8.8955,42.1191],[-8.8836,41.9303],[-8.47,42.1063],[-8.1505,42.1063],[-8.1371,41.9764],[-8.2169,41.9764],[-8.1172,41.7816],[-6.7008,41.9764],[-6.3516,41.6518],[-6.2719,41.6518],[-6.2542,41.4571],[-6.9277,41.0032],[-6.8684,40.3554],[-7.0149,40.2259],[-7.0032,40.0964],[-6.8395,40.0317],[-6.8955,39.7729],[-7.4358,39.6436],[-7.4184,39.4496],[-7.2552,39.385],[-6.9854,38.9972],[-7.1203,38.7389],[-7.2717,38.6743],[-7.2442,38.3515],[-6.9984,38.2224],[-6.9877,38.0933],[-7.1442,38.0933],[-7.2791,37.8352],[-7.5027,37.7062],[-7.3874,37.2549],[-6.9042,37.2549],[-6.8527,37.2952],[-6.8854,37.2549],[-6.6192,37.0288],[-6.4323,36.9971],[-6.3473,36.8187],[-6.3447,36.9013],[-6.1948,36.9321],[-6.3382,36.8837],[-6.3409,36.8054],[-6.0661,36.2289],[-5.8311,36.224],[-5.5848,36.0308],[-5.5162,36.1596],[-5.315,36.2164],[-5.2282,36.4816],[-4.6888,36.546],[-4.4686,36.7393],[-2.6801,36.7393],[-2.5321,36.8682],[-2.0616,36.8037],[-1.8574,37.3193],[-1.6521,37.3626],[-1.7087,37.4483],[-1.2427,37.5792],[-1.1717,37.5518],[-0.7078,37.6411],[-0.8099,37.6669],[-0.8561,37.7425],[-0.788,37.8228],[-0.7607,37.7961],[-0.8035,38.0288],[-0.6609,38.2869],[-0.4328,38.416],[-0.4362,38.4806],[0.0994,38.7389],[-0.3137,39.1265],[-0.3454,39.7083],[-0.1265,40.0317],[0.1825,40.1612],[0.2478,40.4201],[0.7093,40.6792],[0.6958,40.9384],[1.2384,41.1977],[2.1066,41.3274],[2.3336,41.5869],[2.5725,41.5869],[3.1168,41.9114],[3.1188,42.2183],[3.1773,42.3606],[3.0099,42.5612],[2.9905,43.0165],[2.7497,43.0165],[2.5178,42.8213],[1.5754,42.4312],[1.4855,42.6262],[1.0747,42.8213],[0.0401,42.6912],[-0.9381,42.9515],[-1.0056,42.7563],[-1.4602,42.3662],[-1.43,41.9114],[-1.8288,41.9114],[-1.7756,42.3012],[-2.0199,42.3662],[-2.2031,42.6912],[-1.8391,43.2118],[-1.8509,43.3769],[-2.1278,43.2874],[-2.5129,43.3774],[-3.2959,43.3421],[-3.5017,43.4308],[-3.4352,43.448],[-3.4672,43.4723],[-4.4817,43.3836],[-4.9904,43.4072],[-5.6461,43.5375],[-7.0121,43.5375],[-7.0446,43.4792],[-7.0312,43.5375],[-7.2711,43.5611],[-7.3671,43.6801],[-7.5414,43.7316],[-7.616,43.6885],[-7.6296,43.733],[-7.7859,43.733],[-7.8584,43.6682],[-7.9086,43.6702],[-7.8579,43.733],[-8.0593,43.7094],[-8.0519,43.6428],[-8.3127,43.5671],[-8.3331,43.4715],[-8.1686,43.492],[-8.3052,43.4511],[-8.1754,43.4163],[-8.2102,43.3132],[-8.3307,43.4057],[-8.3536,43.3486],[-8.3883,43.3859],[-8.6931,43.2934],[-8.83,43.3412],[-8.988,43.283],[-8.9325,43.2353],[-9.2176,43.1553],[-9.1077,43.1411],[-9.2702,43.0575]],[[-7.0298,39.1019],[-7.0158,39.0968],[-6.9857,39.0668],[-7.0298,39.1019]],[[0.6335,42.7448],[0.6476,42.741],[0.6528,42.7338],[0.6335,42.7448]],[[0.6491,42.6881],[0.6591,42.6946],[0.6567,42.688],[0.6491,42.6881]],[[0.661,42.7223],[0.6664,42.7148],[0.6638,42.7075],[0.661,42.7223]],[[1.4076,42.4868],[1.4364,42.4535],[1.4364,42.4495],[1.4076,42.4868]],[[1.418,42.5698],[1.4207,42.5759],[1.4263,42.5618],[1.418,42.5698]],[[1.444,42.4397],[1.494,42.4312],[1.4479,42.4346],[1.444,42.4397]],[[1.5106,42.4299],[1.5444,42.4504],[1.5166,42.4295],[1.5106,42.4299]],[[1.7246,42.4919],[1.7927,42.4817],[1.7306,42.4881],[1.7246,42.4919]],[[2.0043,42.3493],[2.0279,42.3508],[2.0092,42.3471],[2.0043,42.3493]],[[2.0575,42.3567],[2.137,42.4162],[2.0633,42.3579],[2.0575,42.3567]]],[[[-0.7545,37.7744],[-0.7469,37.6838],[-0.7265,37.6652],[-0.7401,37.7025],[-0.7327,37.7477],[-0.7545,37.7744]]],[[[-2.9904,35.4128],[-2.9816,35.2584],[-2.8999,35.2584],[-2.9522,35.4331],[-2.9904,35.4128]]],[[[14.3384,35.9455],[14.3815,35.843],[14.5618,35.8298],[14.5078,35.9285],[14.3773,35.9936],[14.3384,35.9455]]],[[[12.4905,37.7062],[13.192,37.5773],[13.6022,37.2505],[14.2779,37.126],[14.6723,36.7393],[15.0498,36.7393],[15.2102,36.9971],[15.2133,37.1583],[15.0592,37.2549],[15.0653,37.5773],[15.3895,38.1578],[15.5432,38.1578],[15.627,38.2808],[15.2111,38.2015],[15.0879,38.1282],[14.9942,38.1569],[14.0562,37.9643],[13.6652,37.9643],[13.3547,38.1578],[13.1199,38.1578],[13.0404,38.0288],[12.6522,38.0929],[12.4919,37.8998],[12.4905,37.7062]]],[[[1.2204,38.9553],[1.2529,38.8623],[1.4031,38.8323],[1.4147,38.8906],[1.6231,39.0292],[1.5227,39.1189],[1.3568,39.0776],[1.2928,39.0333],[1.301,38.9678],[1.2204,38.9553]]],[[[2.3508,39.5765],[2.487,39.4788],[2.6817,39.5587],[2.7435,39.5234],[2.7866,39.3759],[3.1447,39.3203],[3.2825,39.4201],[3.4744,39.7497],[3.1626,39.7691],[3.1263,39.8319],[3.1959,39.8906],[3.0947,39.8812],[3.1738,39.967],[2.8132,39.8726],[2.3508,39.5765]]],[[[3.8032,40.0181],[3.8307,39.9361],[4.3008,39.8378],[4.1705,40.0646],[4.1423,40.0248],[4.1051,40.0794],[3.8032,40.0181]]],[[[8.1567,40.7718],[8.1974,40.6912],[8.1618,40.5638],[8.1934,40.6175],[8.2163,40.5706],[8.312,40.5781],[8.386,40.3518],[8.4761,40.2921],[8.49,40.1045],[8.3772,40.0338],[8.4004,39.9361],[8.5453,39.8786],[8.5044,39.7215],[8.5658,39.7011],[8.4553,39.7561],[8.4634,39.5769],[8.374,39.3789],[8.4321,39.3018],[8.4095,39.1693],[8.5596,39.0567],[8.606,38.9088],[8.7166,38.9326],[8.8533,38.878],[9.0183,38.9953],[9.0183,39.1461],[9.0798,39.2246],[9.0139,39.2639],[9.166,39.1871],[9.2922,39.2213],[9.4052,39.1521],[9.5664,39.1492],[9.7111,39.9293],[9.6262,40.2631],[9.8225,40.5327],[9.6579,40.7999],[9.724,40.8449],[9.6141,40.8934],[9.6421,40.9206],[9.5042,40.9269],[9.6469,40.9922],[9.5119,41.0163],[9.5541,41.1239],[9.4691,41.1462],[9.4429,41.092],[9.4224,41.1807],[9.1711,41.2426],[9.1419,41.1528],[9.0055,41.1219],[8.8225,40.9473],[8.5205,40.827],[8.3102,40.8507],[8.1812,40.9341],[8.2153,40.8814],[8.1567,40.7718]]],[[[8.3533,39.0556],[8.4312,38.9661],[8.4839,39.0698],[8.3701,39.1131],[8.3533,39.0556]]],[[[9.3767,41.2147],[9.377,41.2133],[9.3953,41.2106],[9.4007,41.2115],[9.3767,41.2147]]],[[[9.437,41.1859],[9.4644,41.1727],[9.4749,41.1793],[9.4749,41.2014],[9.445,41.2055],[9.437,41.1859]]]]}},{"type":"Feature","properties":{"relationId":"cliopatria-relation-3445a311fd6a","name":"(Personal union of Kingdom of Bohemia with Kingdom of Hungary)","name_ko":"보헤미아 왕국–헝가리 왕국 동군연합","relationKind":"personal_union","relation_kind_ko":"동군연합","actor_ids":"cliopatria-q42585-f09202a960;cliopatria-q171150-e0ef6620e9","actor_names_ko":"보헤미아 왕국;헝가리 왕국","color":"#e887a8","startYear":1492,"endYear":1501,"source_name":"Cliopatria v0.2.0","source_url":"https://github.com/Seshat-Global-History-Databank/cliopatria","license":"CC BY 4.0","attribution":"Seshat Global History Databank, Cliopatria contributors"},"geometry":{"type":"MultiPolygon","coordinates":[[[[12.1216,50.1795],[12.3709,49.98],[12.3676,49.7143],[12.5341,49.6479],[12.5324,49.5152],[13.0296,49.25],[13.3585,48.9851],[13.525,48.9851],[13.5238,48.9189],[14.1005,48.6542],[14.5973,48.5881],[14.85,48.7204],[14.9815,49.0067],[15.6877,48.9189],[16.1799,48.7204],[16.8449,48.7204],[16.9253,48.6542],[16.829,48.3238],[16.9119,48.3238],[16.9842,48.0597],[16.4852,47.9938],[16.3151,47.8619],[16.3035,47.5323],[16.1386,47.5323],[16.0378,46.8453],[16.0941,46.8629],[15.8641,46.6772],[16.0176,46.3489],[15.6045,46.2177],[15.6785,45.9554],[15.2648,45.7588],[15.3391,45.4968],[14.4461,45.6278],[14.2776,45.3659],[14.6031,45.3659],[14.6002,45.2429],[14.8528,45.0937],[14.9187,44.9734],[14.9113,44.6789],[15.308,44.3544],[15.5287,44.2718],[15.7032,44.0591],[16.2641,43.9286],[16.275,44.2548],[16.5198,44.3201],[16.5243,44.4507],[16.2859,44.5813],[16.2946,44.8426],[16.5448,45.0388],[17.7659,45.1042],[18.7221,44.7119],[19.0333,44.4507],[19.9236,44.4507],[20.266,44.7773],[20.8297,44.7119],[21.081,44.8426],[21.4055,44.8426],[21.8791,44.6466],[21.9514,44.516],[22.2753,44.516],[22.532,44.7119],[22.6504,45.235],[23.1382,45.235],[23.4735,45.3659],[23.4836,45.4968],[25.0423,45.6278],[25.3453,45.3659],[25.4382,45.4968],[25.8455,45.4968],[25.9389,45.6278],[26.1019,45.6278],[26.4404,45.7588],[26.4779,46.1521],[25.9421,46.5459],[25.9668,46.8086],[25.7266,46.8743],[25.6689,47.1374],[25.0166,47.2032],[25.0343,47.4006],[24.8813,47.5323],[24.905,47.7959],[24.5862,47.9278],[24.6867,48.1257],[24.3672,48.2578],[24.379,48.3899],[24.053,48.4559],[23.6663,48.7865],[22.9287,48.9189],[22.7784,49.1175],[22.5231,49.0513],[21.7983,49.3826],[20.7129,49.3826],[20.7038,49.25],[20.4536,49.25],[20.5459,49.3826],[20.2119,49.3826],[19.8655,49.1838],[19.4725,49.5816],[19.1304,49.4489],[18.815,49.5087],[18.9217,49.5049],[18.8835,49.5152],[19.2376,49.8471],[19.1658,50.0465],[19.0819,50.0465],[19.0899,50.1795],[19.1739,50.1795],[19.1861,50.3791],[19.022,50.4457],[19.0302,50.5789],[18.7013,50.7121],[18.7093,50.8455],[18.0493,51.1124],[17.9723,51.246],[17.5493,51.246],[17.3197,51.7142],[16.9801,51.7142],[16.719,51.5803],[16.5556,51.7142],[16.1311,51.7142],[16.137,51.8481],[15.8083,52.1163],[15.814,52.2505],[15.6462,52.3176],[15.4703,52.1833],[15.132,52.2505],[15.0394,52.0492],[14.8691,52.0492],[14.7794,51.9151],[14.616,52.1163],[14.3605,52.1163],[13.9404,52.3176],[13.4254,52.1833],[13.4221,52.0492],[13.5072,52.0492],[13.5056,51.9822],[13.5907,51.9822],[13.7573,51.8481],[14.0973,51.8481],[14.2633,51.7142],[14.2515,51.3128],[14.3362,51.3128],[14.3265,50.9789],[14.154,50.8455],[13.0523,50.5789],[12.7965,50.3791],[12.3761,50.3791],[12.2903,50.246],[12.1223,50.246],[12.1216,50.1795]],[[20.4536,49.25],[20.4492,49.1838],[20.2781,49.1175],[20.2867,49.25],[20.4536,49.25]],[[13.9328,52.0492],[13.9347,52.1163],[14.1902,52.1163],[14.2693,51.9151],[13.9328,52.0492]],[[14.7592,50.8102],[14.7914,50.8297],[14.7851,50.8201],[14.7592,50.8102]],[[14.911,51.469],[14.9451,51.4492],[14.9554,51.4354],[14.911,51.469]],[[14.9469,51.4229],[14.9629,51.3332],[14.961,51.3353],[14.9469,51.4229]],[[14.987,49.0074],[15.004,49.0098],[15.1374,48.993],[14.987,49.0074]],[[16.2337,46.4787],[16.2349,46.4933],[16.2509,46.405],[16.2337,46.4787]],[[16.3476,46.5436],[16.3579,46.547],[16.3517,46.5395],[16.3476,46.5436]],[[16.945,48.6042],[16.9475,48.6232],[16.9543,48.5574],[16.945,48.6042]],[[17.0386,46.169],[17.0889,46.1362],[17.0529,46.1535],[17.0386,46.169]],[[17.0856,47.9701],[17.1483,48.0054],[17.1848,48.0203],[17.0856,47.9701]],[[17.1069,46.1276],[17.2086,46.1166],[17.1162,46.1231],[17.1069,46.1276]],[[17.6161,47.8292],[17.6191,47.8292],[17.6237,47.826],[17.6161,47.8292]],[[18.6487,45.0627],[18.6713,45.0869],[18.6766,45.086],[18.6487,45.0627]],[[18.6798,45.0855],[18.6841,45.0848],[18.7383,45.0159],[18.6798,45.0855]],[[18.7325,49.4803],[18.7736,49.5049],[18.785,49.5059],[18.7325,49.4803]],[[18.8283,45.9057],[18.8865,45.9304],[18.8964,45.9295],[18.8283,45.9057]],[[18.8896,44.8612],[19.0158,44.8656],[19.0726,44.8767],[19.0684,44.8748],[19.005,44.8633],[18.8896,44.8612]],[[18.9777,45.9435],[18.9818,45.9508],[18.986,45.9311],[18.9777,45.9435]],[[18.9848,45.924],[18.9871,45.9258],[18.9875,45.9238],[18.9848,45.924]],[[19.3415,44.8988],[19.3532,44.899],[19.3644,44.889],[19.3415,44.8988]],[[19.3696,44.8842],[19.3728,44.8814],[19.3766,44.863],[19.3696,44.8842]],[[19.7771,49.1923],[19.8049,49.1891],[19.7859,49.1882],[19.7771,49.1923]],[[20.4817,48.5261],[20.5105,48.5338],[20.8003,48.5692],[20.4817,48.5261]],[[20.8128,46.2688],[20.8196,46.2717],[20.8254,46.2699],[20.8128,46.2688]],[[21.1645,46.3183],[21.1687,46.3628],[21.1763,46.3727],[21.1645,46.3183]],[[21.5917,48.493],[21.6197,48.4337],[21.6134,48.4404],[21.5917,48.493]],[[21.7277,48.3409],[21.7728,48.337],[21.759,48.3338],[21.7277,48.3409]],[[21.9293,48.3729],[22.0838,48.3789],[22.0779,48.3758],[21.9293,48.3729]]],[[[14.5985,45.1696],[14.6023,45.1681],[14.6238,45.1755],[14.5994,45.209],[14.5985,45.1696]]],[[[14.6157,45.1626],[14.6699,45.1406],[14.6709,45.1435],[14.6653,45.1618],[14.6437,45.1568],[14.6157,45.1626]]],[[[14.7564,44.9751],[14.815,44.9775],[14.7578,45.0327],[14.7564,44.9751]]],[[[14.9089,44.5813],[15.0667,44.4953],[15.0412,44.5275],[15.0039,44.5361],[14.9663,44.5734],[14.9095,44.6068],[14.9089,44.5813]]],[[[15.1466,44.3854],[15.2278,44.3589],[15.1474,44.4162],[15.1466,44.3854]]],[[[13.2444,51.7142],[13.6673,51.6472],[13.6706,51.7811],[13.5857,51.7811],[13.5873,51.8481],[13.2474,51.8481],[13.2444,51.7142]]]]}},{"type":"Feature","properties":{"relationId":"cliopatria-relation-d9750a63bf11","name":"(Vassalage of Electorate of Brandenburg to Holy Roman Empire)","name_ko":"브란덴부르크 선제후국–신성 로마 제국 봉신 관계","relationKind":"vassalage","relation_kind_ko":"봉신 관계","actor_ids":"cliopatria-q148499-dfbc494344;cliopatria-q12548-094b3dbcb4","actor_names_ko":"브란덴부르크 선제후국;신성 로마 제국","color":"#ae87e8","startYear":1450,"endYear":1452,"source_name":"Cliopatria v0.2.0","source_url":"https://github.com/Seshat-Global-History-Databank/cliopatria","license":"CC BY 4.0","attribution":"Seshat Global History Databank, Cliopatria contributors"},"geometry":{"type":"MultiPolygon","coordinates":[[[[4.7997,44.1243],[5.0399,44.1896],[4.9569,44.2548],[4.8761,44.2548],[4.7997,44.1243]]],[[[4.8909,52.5191],[4.8965,52.3847],[5.0699,52.3176],[4.9954,52.0492],[5.2508,52.0492],[5.1761,51.7811],[5.6056,51.6472],[5.7799,51.5134],[5.7845,51.3797],[5.2839,51.1792],[5.2171,50.7121],[5.0486,50.7121],[5.059,50.4457],[5.2322,50.3125],[5.4796,50.4457],[5.9023,50.3791],[5.7274,50.5789],[5.7113,51.0457],[5.8803,51.0457],[5.9735,50.7788],[6.0578,50.7788],[6.0684,50.4457],[6.4029,50.5122],[6.0747,50.246],[6.5824,50.113],[6.5861,49.98],[6.3405,49.7807],[6.3465,49.5816],[7.0153,49.5816],[7.1022,49.4489],[6.8516,49.4489],[6.855,49.3163],[6.6881,49.3163],[6.5269,49.1175],[6.3602,49.1175],[6.3563,49.25],[6.1894,49.25],[6.1915,49.1838],[5.9413,49.1838],[5.8645,48.9851],[6.4512,48.8527],[6.3718,48.7204],[6.8723,48.6542],[6.8757,48.522],[7.0417,48.522],[7.0466,48.3238],[7.1295,48.3238],[7.0563,47.9278],[6.8909,47.9278],[6.9899,47.269],[6.9076,47.269],[6.9092,47.2032],[6.8269,47.2032],[6.8286,47.1374],[6.1038,46.6115],[6.1077,46.4802],[5.8679,46.2833],[4.9677,46.2833],[4.8978,45.9554],[5.0635,45.8898],[5.0703,45.6933],[5.478,45.6933],[5.6493,45.4313],[6.1341,45.5623],[6.3093,45.1042],[6.6343,45.1042],[6.6375,44.9734],[6.9666,44.7773],[6.8986,44.1896],[6.6607,43.9938],[6.6681,43.6678],[6.8293,43.6678],[6.9126,43.5375],[6.9993,43.5443],[7.2296,43.7982],[7.3102,43.7982],[7.3884,43.9286],[7.6293,43.9938],[7.6271,44.1243],[8.031,44.1243],[8.1059,44.516],[8.4298,44.516],[8.5901,44.6466],[8.9149,44.5813],[8.9946,44.7119],[9.4815,44.6466],[9.6443,44.516],[9.6455,44.3201],[9.9695,44.1896],[9.97,44.049],[10.2123,43.9938],[10.5282,43.2468],[10.5388,43.0787],[10.6958,42.9515],[10.8562,42.9515],[11.0163,42.8213],[11.0159,42.6629],[11.176,42.6262],[11.2552,42.4312],[11.5748,42.3662],[11.7366,42.6262],[12.058,42.7563],[11.9811,43.1467],[11.9008,43.1467],[11.8219,43.3421],[12.1442,43.4072],[12.2265,43.6027],[11.7447,43.7982],[11.7469,44.1243],[11.5059,44.3854],[11.1821,44.3201],[11.3462,44.908],[11.7516,44.8426],[11.9934,44.6466],[12.156,44.7119],[12.1572,44.8426],[12.4001,44.7989],[12.4026,45.0388],[12.3688,45.011],[12.16,45.1696],[12.1606,45.235],[11.4287,45.235],[11.1032,45.1042],[10.534,45.4313],[10.4531,45.1696],[9.8834,45.3004],[9.719,45.5623],[9.4746,45.5623],[9.3105,45.6933],[9.3087,45.8898],[9.3892,46.0209],[9.6338,46.0865],[10.1245,46.0209],[10.3687,46.3489],[10.5037,46.2949],[10.4516,45.8898],[10.6967,45.6933],[11.0229,45.7588],[11.3503,46.0865],[11.6772,46.0865],[11.8415,46.2177],[11.8431,46.4802],[12.0905,46.6772],[13.7276,46.4802],[13.7253,46.3489],[13.8878,46.2833],[13.8854,46.1521],[13.5561,46.0209],[13.6293,45.7723],[13.7149,45.7588],[13.7393,45.6491],[13.8081,45.6143],[13.7119,45.5933],[13.7529,45.5529],[13.7102,45.4968],[14.1175,45.4968],[13.7869,45.235],[14.027,45.0388],[14.1552,45.0388],[14.1962,45.3659],[14.6031,45.3659],[14.6002,45.2429],[14.8528,45.0937],[14.9187,44.9734],[14.9113,44.6789],[15.0073,44.5697],[15.308,44.3544],[15.5287,44.2718],[15.7032,44.0591],[15.9454,44.0591],[16.7412,43.733],[16.4299,44.0591],[16.2684,44.0591],[16.275,44.2548],[16.5198,44.3201],[16.5243,44.4507],[16.2859,44.5813],[16.2946,44.8426],[16.5448,45.0388],[18.5784,45.1042],[18.8906,44.8426],[19.1406,44.9734],[19.2962,44.8426],[19.6242,44.908],[19.857,44.7119],[20.0191,44.7119],[20.1075,44.8426],[20.7486,44.7119],[21.4055,44.8426],[22.1134,44.516],[22.532,44.7119],[22.6504,45.235],[23.1382,45.235],[23.4735,45.3659],[23.4836,45.4968],[25.0423,45.6278],[25.3453,45.3659],[25.4382,45.4968],[25.8455,45.4968],[25.9389,45.6278],[26.1019,45.6278],[26.4404,45.7588],[26.4779,46.1521],[25.9421,46.5459],[25.9668,46.8086],[25.7266,46.8743],[25.6689,47.1374],[25.0166,47.2032],[25.0343,47.4006],[24.8813,47.5323],[24.905,47.7959],[24.5862,47.9278],[24.6867,48.1257],[24.3672,48.2578],[24.379,48.3899],[24.053,48.4559],[23.6663,48.7865],[22.9287,48.9189],[22.7784,49.1175],[22.5231,49.0513],[21.7983,49.3826],[20.7129,49.3826],[20.7038,49.25],[20.4536,49.25],[20.5459,49.3826],[20.2119,49.3826],[19.8655,49.1838],[19.4725,49.5816],[19.1304,49.4489],[18.815,49.5087],[18.9217,49.5049],[18.8835,49.5152],[19.2376,49.8471],[19.1658,50.0465],[19.0819,50.0465],[19.0899,50.1795],[19.1739,50.1795],[19.1861,50.3791],[19.022,50.4457],[19.0302,50.5789],[18.7013,50.7121],[18.7093,50.8455],[18.0493,51.1124],[17.9723,51.246],[17.5493,51.246],[17.3197,51.7142],[16.9801,51.7142],[16.8038,51.5803],[16.5556,51.7142],[16.1311,51.7142],[16.137,51.8481],[15.9699,51.9151],[15.8934,52.1163],[15.8083,52.1163],[15.814,52.2505],[15.6462,52.3176],[15.4893,52.6535],[16.0971,52.8554],[16.0238,53.1248],[16.1097,53.1248],[16.1192,53.3271],[16.2944,53.3946],[16.301,53.5296],[16.4767,53.5971],[16.4007,53.7999],[16.6596,53.7999],[16.8213,53.5971],[17.0798,53.5971],[17.3266,53.3946],[17.5066,53.5296],[18.4493,53.4621],[18.5174,53.1922],[18.6892,53.1922],[18.9282,52.9227],[19.3615,52.99],[19.7248,53.2596],[20.3958,53.0574],[20.67,53.2596],[20.9277,53.2596],[21.2894,53.4621],[22.4214,53.5971],[22.5482,54.0029],[22.4618,54.0029],[22.4822,54.2061],[22.6623,54.2739],[22.7045,54.6811],[22.813,54.8851],[22.573,55.0892],[22.3986,55.0892],[22.4127,55.2255],[21.6401,55.3618],[21.2352,55.7031],[21.2482,55.8398],[21.0447,55.894],[21.0744,55.7449],[21.2229,55.5202],[21.2483,55.4179],[21.1916,55.3399],[21.2571,55.3694],[21.2912,55.2971],[21.259,55.205],[21.1834,55.2017],[21.2302,54.9389],[20.9691,54.8998],[20.5309,54.9647],[20.6646,55.0703],[20.3656,54.9462],[19.9767,54.9646],[19.9207,54.8896],[19.9617,54.7732],[19.8918,54.6586],[20.0044,54.6132],[19.8468,54.6132],[19.8197,54.4774],[19.6469,54.4774],[19.4622,54.3417],[18.8859,54.3502],[18.5881,54.4337],[18.5701,54.5408],[18.4131,54.7319],[18.4532,54.794],[18.3395,54.8335],[17.3374,54.749],[16.94,54.606],[16.5696,54.5572],[16.2816,54.3586],[16.3239,54.3499],[16.1377,54.2903],[16.2152,54.2996],[16.1792,54.263],[15.8597,54.25],[14.5078,53.9615],[14.5044,53.8627],[14.5959,53.8105],[14.6306,53.8515],[14.6238,53.7695],[14.5449,53.704],[14.6238,53.6528],[14.5906,53.5984],[14.2942,53.7491],[14.3049,53.7126],[14.2127,53.7081],[14.2645,53.7516],[14.0374,53.7553],[13.8171,53.8529],[13.906,53.9431],[13.7461,54.0364],[13.8081,54.1047],[13.6445,54.1526],[13.4836,54.0913],[13.4035,54.1737],[13.3215,54.1668],[13.2888,54.2343],[13.1149,54.28],[13.0342,54.4337],[12.8547,54.3579],[12.6841,54.3723],[12.7175,54.4138],[12.6808,54.4109],[12.4787,54.3319],[12.4103,54.2692],[12.4582,54.2556],[12.3688,54.2692],[12.4385,54.3875],[12.9212,54.4335],[12.5102,54.4774],[12.3421,54.3039],[12.1089,54.183],[12.115,54.0979],[12.0881,54.1941],[11.6897,54.1552],[11.5191,54.0364],[11.4577,53.9062],[11.2429,53.9452],[11.1751,54.018],[10.9226,53.9614],[10.7804,54.01],[10.7526,54.0501],[10.8054,54.0949],[11.0533,54.2061],[11.0546,54.3751],[10.7313,54.3102],[10.3184,54.4433],[10.1418,54.3244],[10.1813,54.4725],[9.9276,54.2739],[9.1485,54.2061],[8.9534,54.3074],[8.8396,54.2556],[8.8128,54.1805],[8.8607,54.1252],[8.9529,54.1501],[9.0183,54.0979],[8.9972,54.0302],[8.8466,54.039],[8.916,53.9374],[9.3952,53.831],[9.5837,53.6125],[9.832,53.5436],[9.5824,53.5913],[9.2834,53.8616],[8.5854,53.8676],[8.4861,53.7004],[8.5658,53.5467],[8.4976,53.4748],[8.5044,53.3581],[8.49,53.4864],[8.5521,53.5436],[8.4329,53.5679],[8.4669,53.3946],[8.3809,53.3946],[8.3847,53.1248],[8.0426,53.0574],[7.7826,53.1922],[7.9472,53.5971],[8.0292,53.667],[7.9514,53.7219],[7.305,53.6848],[7.0868,53.5869],[7.1418,53.5372],[7.0597,53.5217],[7.0233,53.4505],[7.0383,53.3486],[7.3665,53.3028],[7.2547,53.3195],[7.1946,53.245],[6.7302,53.4606],[5.9808,53.4061],[5.5916,53.3028],[5.2844,53.0672],[5.3857,52.99],[5.3908,52.8554],[5.0537,52.7208],[5.0618,52.5191],[4.8909,52.5191]],[[20.4536,49.25],[20.4492,49.1838],[20.2781,49.1175],[20.2867,49.25],[20.4536,49.25]],[[5.9585,46.212],[5.9829,46.2227],[6.0007,46.2276],[5.9585,46.212]],[[6.0629,46.2445],[6.0908,46.2521],[6.0897,46.2464],[6.0629,46.2445]],[[6.6139,48.9851],[7.0319,48.9189],[7.0335,48.8527],[6.7025,48.7865],[6.6139,48.9851]],[[6.673,52.0501],[6.6799,52.0605],[6.675,52.0348],[6.673,52.0501]],[[6.701,49.1729],[6.7221,49.158],[6.7138,49.1589],[6.701,49.1729]],[[6.7827,45.7953],[6.7863,45.8015],[6.7839,45.7882],[6.7827,45.7953]],[[6.7843,46.2008],[6.7922,46.2217],[6.8277,46.2695],[6.7843,46.2008]],[[6.8328,45.6905],[6.8623,45.6792],[6.8431,45.6827],[6.8328,45.6905]],[[6.8585,49.1838],[7.527,49.1175],[7.5298,48.9851],[7.1983,48.9189],[6.8619,49.0513],[6.8585,49.1838]],[[6.8984,45.6655],[6.9634,45.6407],[6.9186,45.6526],[6.8984,45.6655]],[[6.9799,44.2461],[6.9887,44.2416],[6.9828,44.2417],[6.9799,44.2461]],[[6.9828,44.847],[7.0049,44.828],[7.0043,44.8249],[6.9828,44.847]],[[7.0201,45.9292],[7.0349,45.9169],[7.0221,45.9253],[7.0201,45.9292]],[[7.0782,45.8884],[7.1535,45.8765],[7.0902,45.8805],[7.0782,45.8884]],[[7.3093,44.1475],[7.339,44.1249],[7.331,44.1253],[7.3093,44.1475]],[[7.3618,45.9078],[7.453,45.9459],[7.3938,45.9157],[7.3618,45.9078]],[[7.4267,47.4621],[7.4274,47.4683],[7.4293,47.4651],[7.4267,47.4621]],[[7.5726,48.095],[7.5787,48.1112],[7.5757,48.0537],[7.5726,48.095]],[[7.5802,47.5822],[7.586,47.5846],[7.6032,47.5874],[7.5802,47.5822]],[[7.5825,48.1213],[7.5857,48.1297],[7.6134,48.1792],[7.5825,48.1213]],[[7.6097,47.5647],[7.6402,47.5703],[7.6359,47.5646],[7.6097,47.5647]],[[7.6953,44.8426],[7.8576,44.8426],[7.8587,44.7773],[7.9398,44.7773],[7.8641,44.4507],[7.7011,44.516],[7.6953,44.8426]],[[7.7031,45.9278],[7.737,45.9242],[7.7063,45.9257],[7.7031,45.9278]],[[7.8702,45.9404],[7.8729,45.9594],[7.8807,45.9664],[7.8702,45.9404]],[[7.891,45.9755],[7.8982,45.9819],[7.9833,45.9988],[7.9787,45.9952],[7.891,45.9755]],[[7.9891,46.0033],[8.0007,46.0175],[7.9984,46.0106],[7.9891,46.0033]],[[8.0294,48.9851],[8.1127,48.9851],[8.1138,48.9189],[8.0306,48.9189],[8.0294,48.9851]],[[8.5747,47.597],[8.5803,47.639],[8.5806,47.6002],[8.5747,47.597]],[[9.2732,47.6501],[9.5475,47.5345],[9.5475,47.5345],[9.2732,47.6501]],[[9.2823,46.4974],[9.331,46.5015],[9.3508,46.4979],[9.2823,46.4974]],[[9.477,47.0639],[9.5812,47.0569],[9.6691,47.0562],[9.5606,47.0524],[9.477,47.0639]],[[9.4874,47.21],[9.5046,47.2437],[9.5171,47.2564],[9.4874,47.21]],[[9.6126,47.5219],[9.704,47.5314],[9.6767,47.5226],[9.6126,47.5219]],[[9.8486,47.5386],[9.8589,47.5413],[9.9188,47.5322],[9.8486,47.5386]],[[10.0226,47.488],[10.0718,47.4391],[10.0806,47.4274],[10.0226,47.488]],[[10.0427,46.2205],[10.1026,46.2289],[10.0757,46.22],[10.0427,46.2205]],[[10.0532,47.4049],[10.0806,47.4274],[10.076,47.4169],[10.0532,47.4049]],[[10.0924,46.3381],[10.0956,46.344],[10.0935,46.3356],[10.0924,46.3381]],[[10.0998,46.321],[10.1589,46.2624],[10.1049,46.3094],[10.0998,46.321]],[[10.1015,46.3549],[10.105,46.3614],[10.1332,46.3811],[10.1015,46.3549]],[[10.3639,46.9912],[10.3734,46.9963],[10.3758,46.9946],[10.3639,46.9912]],[[10.6949,47.5982],[11.0249,47.5323],[10.695,47.5323],[10.6949,47.5982]],[[12.7389,48.1134],[12.7431,48.1158],[12.7397,48.1069],[12.7389,48.1134]],[[12.7414,48.092],[12.7486,48.0788],[12.742,48.0868],[12.7414,48.092]],[[12.7539,48.0725],[12.8306,48.0155],[12.7602,48.0649],[12.7539,48.0725]],[[13.3842,48.993],[13.4179,48.9672],[13.3985,48.9777],[13.3842,48.993]],[[13.443,48.9536],[13.4823,48.9376],[13.4589,48.945],[13.443,48.9536]],[[13.5068,46.5469],[13.5492,46.5458],[13.607,46.5329],[13.5068,46.5469]],[[13.8692,48.7538],[13.8749,48.7524],[13.9078,48.7376],[13.8692,48.7538]],[[13.988,48.7016],[13.9911,48.7002],[14.0321,48.6673],[14.0324,48.6632],[13.988,48.7016]],[[14.0062,48.6395],[14.0326,48.6596],[14.0329,48.6549],[14.0062,48.6395]],[[14.0408,48.6012],[14.2165,48.5812],[14.0748,48.5917],[14.0408,48.6012]],[[14.1499,46.4401],[14.3958,46.441],[14.3993,46.4393],[14.1499,46.4401]],[[14.3209,48.5595],[14.4054,48.5863],[14.3254,48.5586],[14.3209,48.5595]],[[14.412,46.4332],[14.4509,46.4145],[14.42,46.4244],[14.412,46.4332]],[[14.7592,50.8102],[14.7914,50.8297],[14.7851,50.8201],[14.7592,50.8102]],[[14.911,51.469],[14.9451,51.4492],[14.9554,51.4354],[14.911,51.469]],[[14.9469,51.4229],[14.9629,51.3332],[14.961,51.3353],[14.9469,51.4229]],[[14.9646,48.9717],[14.9789,49.0063],[14.9815,49.0067],[14.9646,48.9717]],[[14.987,49.0074],[15.004,49.0098],[15.1374,48.993],[14.987,49.0074]],[[15.972,46.8206],[15.9817,46.8277],[16.0941,46.8629],[16.094,46.8628],[15.972,46.8206]],[[16.2337,46.4787],[16.2349,46.4933],[16.2509,46.405],[16.2337,46.4787]],[[16.3476,46.5436],[16.3579,46.547],[16.3517,46.5395],[16.3476,46.5436]],[[16.945,48.6042],[16.9475,48.6232],[16.9543,48.5574],[16.945,48.6042]],[[17.0386,46.169],[17.0889,46.1362],[17.0529,46.1535],[17.0386,46.169]],[[17.0856,47.9701],[17.1483,48.0054],[17.1848,48.0203],[17.0856,47.9701]],[[17.1069,46.1276],[17.2086,46.1166],[17.1162,46.1231],[17.1069,46.1276]],[[17.6161,47.8292],[17.6191,47.8292],[17.6237,47.826],[17.6161,47.8292]],[[18.6487,45.0627],[18.6713,45.0869],[18.6766,45.086],[18.6487,45.0627]],[[18.6798,45.0855],[18.6841,45.0848],[18.7383,45.0159],[18.6798,45.0855]],[[18.7325,49.4803],[18.7736,49.5049],[18.785,49.5059],[18.7325,49.4803]],[[18.8283,45.9057],[18.8865,45.9304],[18.8964,45.9295],[18.8283,45.9057]],[[18.9777,45.9435],[18.9818,45.9508],[18.986,45.9311],[18.9777,45.9435]],[[18.9848,45.924],[18.9871,45.9258],[18.9875,45.9238],[18.9848,45.924]],[[19.3415,44.8988],[19.3532,44.899],[19.3644,44.889],[19.3415,44.8988]],[[19.3696,44.8842],[19.3728,44.8814],[19.3766,44.863],[19.3696,44.8842]],[[19.7771,49.1923],[19.8049,49.1891],[19.7859,49.1882],[19.7771,49.1923]],[[20.4817,48.5261],[20.5105,48.5338],[20.8003,48.5692],[20.4817,48.5261]],[[20.8128,46.2688],[20.8196,46.2717],[20.8254,46.2699],[20.8128,46.2688]],[[21.1645,46.3183],[21.1687,46.3628],[21.1763,46.3727],[21.1645,46.3183]],[[21.5917,48.493],[21.6197,48.4337],[21.6134,48.4404],[21.5917,48.493]],[[21.7277,48.3409],[21.7728,48.337],[21.759,48.3338],[21.7277,48.3409]],[[21.9293,48.3729],[22.0838,48.3789],[22.0779,48.3758],[21.9293,48.3729]],[[22.0277,55.0444],[22.0649,55.0324],[22.05,55.0335],[22.0277,55.0444]],[[22.5411,55.0758],[22.5655,55.0678],[22.5807,55.0576],[22.5411,55.0758]]],[[[5.8098,53.4474],[5.8556,53.4474],[5.9546,53.4611],[5.9255,53.4702],[5.8098,53.4474]]],[[[6.1228,53.4816],[6.1333,53.4679],[6.1275,53.4599],[6.1333,53.4536],[6.1532,53.4688],[6.3387,53.502],[6.3387,53.5089],[6.3108,53.5141],[6.2118,53.5089],[6.1228,53.4816]]],[[[7.0202,53.6826],[7.0855,53.687],[7.047,53.6942],[7.0334,53.6931],[7.0202,53.6826]]],[[[7.1331,53.7081],[7.1736,53.7014],[7.3467,53.7232],[7.2329,53.7294],[7.179,53.7241],[7.1331,53.7081]]],[[[7.3665,53.728],[7.4212,53.7211],[7.4356,53.728],[7.4197,53.7323],[7.3848,53.7323],[7.3665,53.728]]],[[[7.473,53.7319],[7.5112,53.728],[7.5119,53.7323],[7.473,53.7323],[7.473,53.7319]]],[[[8.8617,54.3007],[8.9452,54.3117],[8.8874,54.3417],[8.8617,54.3007]]],[[[11.3757,53.9818],[11.4577,53.9614],[11.4979,54.0228],[11.3757,53.9818]]],[[[11.5285,54.0751],[11.5396,54.057],[11.6159,54.1121],[11.5339,54.0849],[11.5285,54.0751]]],[[[13.0614,54.4685],[13.0682,54.4685],[13.075,54.5094],[13.1026,54.5299],[13.1189,54.5864],[13.1434,54.5981],[13.1497,54.5777],[13.1497,54.5914],[13.1571,54.588],[13.1511,54.6049],[13.105,54.5966],[13.0707,54.5206],[13.0642,54.5051],[13.0614,54.4685]]],[[[13.1155,54.3381],[13.4072,54.2282],[13.3596,54.2755],[13.4997,54.3449],[13.6909,54.3518],[13.617,54.3176],[13.7119,54.3319],[13.6511,54.2972],[13.7232,54.2784],[13.73,54.3156],[13.5755,54.4719],[13.6707,54.5662],[13.4246,54.5851],[13.383,54.6364],[13.4451,54.6801],[13.3908,54.6882],[13.231,54.6533],[13.2935,54.6423],[13.2533,54.5646],[13.3692,54.6121],[13.5208,54.5708],[13.5071,54.4883],[13.3767,54.5646],[13.3489,54.5237],[13.3694,54.5851],[13.2979,54.5197],[13.1434,54.5429],[13.2731,54.4821],[13.157,54.4268],[13.2669,54.3859],[13.1155,54.3381]]],[[[13.7741,54.0228],[13.8636,54.05],[13.8909,54.0102],[13.9461,54.0666],[14.0513,54.0051],[14.0483,53.9409],[13.9045,53.9954],[13.9317,53.8993],[13.8401,53.8503],[14.1595,53.8754],[14.1625,53.9684],[14.0166,54.06],[13.7862,54.1303],[13.7741,54.0228]]],[[[14.5985,45.1696],[14.6023,45.1681],[14.6238,45.1755],[14.5994,45.209],[14.5985,45.1696]]],[[[14.6157,45.1626],[14.6699,45.1406],[14.6709,45.1435],[14.6653,45.1618],[14.6437,45.1568],[14.6157,45.1626]]],[[[14.7564,44.9751],[14.815,44.9775],[14.7578,45.0327],[14.7564,44.9751]]],[[[14.9089,44.5813],[15.0667,44.4953],[15.0412,44.5275],[15.0039,44.5361],[14.9663,44.5734],[14.9095,44.6068],[14.9089,44.5813]]],[[[15.1466,44.3854],[15.2278,44.3589],[15.1474,44.4162],[15.1466,44.3854]]],[[[21.0828,55.5002],[21.1078,55.4715],[21.1336,55.5683],[21.0852,55.7228],[21.0828,55.5002]]],[[[6.4625,48.4559],[6.6357,48.1917],[6.7979,48.3238],[6.7097,48.522],[6.4625,48.4559]]],[[[4.8783,48.6542],[4.8834,48.522],[5.0495,48.522],[5.052,48.4559],[5.2179,48.4559],[5.2203,48.3899],[5.3862,48.3899],[5.4622,48.5881],[5.8817,48.4559],[5.7878,48.7865],[5.8688,48.8527],[5.4552,48.7865],[5.3791,48.5881],[5.2961,48.5881],[5.2865,48.8527],[5.1275,48.6542],[4.8783,48.6542]]],[[[5.8688,48.8527],[6.0373,48.7865],[6.0331,48.9189],[5.9499,48.9189],[5.8688,48.8527]]],[[[5.3529,49.3163],[5.3649,48.9851],[5.6979,48.9851],[5.6078,49.1838],[5.8536,49.3163],[5.8514,49.3826],[5.3529,49.3163]]],[[[4.4064,49.98],[4.5768,49.9136],[4.5852,49.7143],[4.6689,49.7143],[4.6743,49.5816],[4.9408,49.1838],[5.176,49.5816],[5.1659,49.8471],[4.7308,50.246],[4.4759,50.3125],[4.4064,49.98]],[[4.5955,49.972],[4.6475,49.9865],[4.6458,49.9845],[4.5955,49.972]]],[[[3.6356,50.3125],[3.7293,50.113],[3.8132,50.113],[3.9872,49.98],[4.1518,50.0465],[4.1428,50.246],[3.9686,50.3791],[3.6356,50.3125]]],[[[10.1632,42.8164],[10.1963,42.7362],[10.3379,42.7648],[10.4307,42.7221],[10.3888,42.7635],[10.4367,42.8044],[10.4124,42.8734],[10.3473,42.8059],[10.1632,42.8164]]]]}},{"type":"Feature","properties":{"relationId":"cliopatria-relation-d9750a63bf11","name":"(Vassalage of Electorate of Brandenburg to Holy Roman Empire)","name_ko":"브란덴부르크 선제후국–신성 로마 제국 봉신 관계","relationKind":"vassalage","relation_kind_ko":"봉신 관계","actor_ids":"cliopatria-q148499-dfbc494344;cliopatria-q12548-094b3dbcb4","actor_names_ko":"브란덴부르크 선제후국;신성 로마 제국","color":"#ae87e8","startYear":1453,"endYear":1458,"source_name":"Cliopatria v0.2.0","source_url":"https://github.com/Seshat-Global-History-Databank/cliopatria","license":"CC BY 4.0","attribution":"Seshat Global History Databank, Cliopatria contributors"},"geometry":{"type":"MultiPolygon","coordinates":[[[[4.7997,44.1243],[5.0399,44.1896],[4.9569,44.2548],[4.8761,44.2548],[4.7997,44.1243]]],[[[4.8783,48.6542],[4.8834,48.522],[5.0495,48.522],[5.052,48.4559],[5.3862,48.3899],[5.4622,48.5881],[5.8817,48.4559],[6.062,47.9938],[6.8909,47.9278],[6.9899,47.269],[6.9076,47.269],[6.9092,47.2032],[6.8269,47.2032],[6.8286,47.1374],[6.1038,46.6115],[6.1077,46.4802],[5.8679,46.2833],[4.9677,46.2833],[4.8978,45.9554],[5.0635,45.8898],[5.0703,45.6933],[5.478,45.6933],[5.6493,45.4313],[6.1341,45.5623],[6.3093,45.1042],[6.6343,45.1042],[6.6375,44.9734],[6.9666,44.7773],[6.8986,44.1896],[6.6607,43.9938],[6.6681,43.6678],[6.8293,43.6678],[6.9126,43.5375],[6.9993,43.5443],[7.2296,43.7982],[7.3102,43.7982],[7.3884,43.9286],[7.6293,43.9938],[7.6271,44.1243],[8.031,44.1243],[8.1059,44.516],[8.4298,44.516],[8.5901,44.6466],[8.9149,44.5813],[8.9946,44.7119],[9.4815,44.6466],[9.6443,44.516],[9.6455,44.3201],[9.9695,44.1896],[9.97,44.049],[10.2123,43.9938],[10.5282,43.2468],[10.5388,43.0787],[10.6958,42.9515],[10.8562,42.9515],[11.0163,42.8213],[11.0159,42.6629],[11.176,42.6262],[11.2552,42.4312],[11.5748,42.3662],[11.7366,42.6262],[12.058,42.7563],[11.9811,43.1467],[11.9008,43.1467],[11.8219,43.3421],[12.1442,43.4072],[12.2265,43.6027],[11.7447,43.7982],[11.7469,44.1243],[11.5059,44.3854],[11.1821,44.3201],[11.3462,44.908],[11.7516,44.8426],[11.9934,44.6466],[12.156,44.7119],[12.1572,44.8426],[12.4001,44.7989],[12.4026,45.0388],[12.3688,45.011],[12.16,45.1696],[12.1606,45.235],[11.4287,45.235],[11.1032,45.1042],[10.534,45.4313],[10.4531,45.1696],[9.8834,45.3004],[9.719,45.5623],[9.4746,45.5623],[9.3105,45.6933],[9.3087,45.8898],[9.3892,46.0209],[9.6338,46.0865],[10.1245,46.0209],[10.3687,46.3489],[10.5037,46.2949],[10.4516,45.8898],[10.6967,45.6933],[11.0229,45.7588],[11.3503,46.0865],[11.6772,46.0865],[11.8415,46.2177],[11.8431,46.4802],[12.0905,46.6772],[13.7276,46.4802],[13.7253,46.3489],[13.8878,46.2833],[13.8854,46.1521],[13.5561,46.0209],[13.6293,45.7723],[13.7149,45.7588],[13.7393,45.6491],[13.8081,45.6143],[13.7119,45.5933],[13.7529,45.5529],[13.7102,45.4968],[14.1175,45.4968],[13.7869,45.235],[14.027,45.0388],[14.1552,45.0388],[14.1962,45.3659],[14.6031,45.3659],[14.6002,45.2429],[14.8528,45.0937],[14.9187,44.9734],[14.9113,44.6789],[15.0073,44.5697],[15.308,44.3544],[15.5287,44.2718],[15.7032,44.0591],[15.9454,44.0591],[16.7412,43.733],[16.4299,44.0591],[16.2684,44.0591],[16.275,44.2548],[16.5198,44.3201],[16.5243,44.4507],[16.2859,44.5813],[16.2946,44.8426],[16.5448,45.0388],[18.5784,45.1042],[18.8906,44.8426],[19.1406,44.9734],[19.2962,44.8426],[19.6242,44.908],[19.857,44.7119],[20.0191,44.7119],[20.1075,44.8426],[20.7486,44.7119],[21.4055,44.8426],[22.1134,44.516],[22.532,44.7119],[22.6504,45.235],[23.1382,45.235],[23.4735,45.3659],[23.4836,45.4968],[25.0423,45.6278],[25.3453,45.3659],[25.4382,45.4968],[25.8455,45.4968],[25.9389,45.6278],[26.1019,45.6278],[26.4404,45.7588],[26.4779,46.1521],[25.9421,46.5459],[25.9668,46.8086],[25.7266,46.8743],[25.6689,47.1374],[25.0166,47.2032],[25.0343,47.4006],[24.8813,47.5323],[24.905,47.7959],[24.5862,47.9278],[24.6867,48.1257],[24.3672,48.2578],[24.379,48.3899],[24.053,48.4559],[23.6663,48.7865],[22.9287,48.9189],[22.7784,49.1175],[22.5231,49.0513],[21.7983,49.3826],[20.7129,49.3826],[20.7038,49.25],[20.4536,49.25],[20.5459,49.3826],[20.2119,49.3826],[19.8655,49.1838],[19.4725,49.5816],[18.8798,49.4489],[18.883,49.5061],[18.815,49.5087],[18.8831,49.5073],[18.8873,49.5816],[19.2376,49.8471],[19.1658,50.0465],[19.0819,50.0465],[19.0899,50.1795],[19.1739,50.1795],[19.1861,50.3791],[19.022,50.4457],[19.0302,50.5789],[18.7013,50.7121],[18.7093,50.8455],[18.0493,51.1124],[17.9723,51.246],[17.5493,51.246],[17.3197,51.7142],[16.9801,51.7142],[16.719,51.5803],[16.5556,51.7142],[16.1311,51.7142],[16.137,51.8481],[15.9699,51.9151],[15.9728,51.9822],[15.8083,52.1163],[15.814,52.2505],[15.6462,52.3176],[15.4893,52.6535],[16.0971,52.8554],[16.0238,53.1248],[16.1097,53.1248],[16.1192,53.3271],[16.2944,53.3946],[16.301,53.5296],[16.4767,53.5971],[16.4007,53.7999],[16.6596,53.7999],[16.8213,53.5971],[17.0798,53.5971],[17.3266,53.3946],[17.5066,53.5296],[18.4493,53.4621],[18.5174,53.1922],[18.6892,53.1922],[18.9282,52.9227],[19.3615,52.99],[19.7248,53.2596],[20.3958,53.0574],[20.67,53.2596],[20.9277,53.2596],[21.2894,53.4621],[22.4214,53.5971],[22.5482,54.0029],[22.4618,54.0029],[22.4822,54.2061],[22.6623,54.2739],[22.7045,54.6811],[22.813,54.8851],[22.573,55.0892],[22.3986,55.0892],[22.4127,55.2255],[21.6401,55.3618],[21.2352,55.7031],[21.2482,55.8398],[21.0447,55.894],[21.0744,55.7449],[21.2229,55.5202],[21.2483,55.4179],[21.1916,55.3399],[21.2571,55.3694],[21.2912,55.2971],[21.259,55.205],[21.1834,55.2017],[21.2302,54.9389],[20.9691,54.8998],[20.5309,54.9647],[20.6646,55.0703],[20.3656,54.9462],[19.9767,54.9646],[19.9207,54.8896],[19.9617,54.7732],[19.8918,54.6586],[20.0044,54.6132],[19.8468,54.6132],[19.8197,54.4774],[19.6469,54.4774],[19.4622,54.3417],[18.8859,54.3502],[18.5881,54.4337],[18.5701,54.5408],[18.4131,54.7319],[18.4532,54.794],[18.3395,54.8335],[17.3374,54.749],[16.94,54.606],[16.5696,54.5572],[16.2816,54.3586],[16.3239,54.3499],[16.1377,54.2903],[16.2152,54.2996],[16.1792,54.263],[15.8597,54.25],[14.5078,53.9615],[14.5044,53.8627],[14.5959,53.8105],[14.6306,53.8515],[14.6238,53.7695],[14.5449,53.704],[14.6238,53.6528],[14.5906,53.5984],[14.2942,53.7491],[14.3049,53.7126],[14.2127,53.7081],[14.2645,53.7516],[14.0374,53.7553],[13.8171,53.8529],[13.906,53.9431],[13.7461,54.0364],[13.8081,54.1047],[13.6445,54.1526],[13.4836,54.0913],[13.4035,54.1737],[13.3215,54.1668],[13.2888,54.2343],[13.1149,54.28],[13.0342,54.4337],[12.8547,54.3579],[12.6841,54.3723],[12.7175,54.4138],[12.6808,54.4109],[12.4787,54.3319],[12.4103,54.2692],[12.4582,54.2556],[12.3688,54.2692],[12.4385,54.3875],[12.9212,54.4335],[12.5102,54.4774],[12.3421,54.3039],[12.1089,54.183],[12.115,54.0979],[12.0881,54.1941],[11.6897,54.1552],[11.5191,54.0364],[11.4577,53.9062],[11.2429,53.9452],[11.1751,54.018],[10.9226,53.9614],[10.7804,54.01],[10.7526,54.0501],[10.8054,54.0949],[11.0533,54.2061],[11.0546,54.3751],[10.7313,54.3102],[10.3184,54.4433],[10.1418,54.3244],[10.1813,54.4725],[9.9276,54.2739],[9.1485,54.2061],[8.9534,54.3074],[8.8396,54.2556],[8.8128,54.1805],[8.8607,54.1252],[8.9529,54.1501],[9.0183,54.0979],[8.9972,54.0302],[8.8466,54.039],[8.916,53.9374],[9.3952,53.831],[9.5837,53.6125],[9.832,53.5436],[9.5824,53.5913],[9.2834,53.8616],[8.5854,53.8676],[8.4861,53.7004],[8.5658,53.5467],[8.4976,53.4748],[8.5044,53.3581],[8.49,53.4864],[8.5521,53.5436],[8.4329,53.5679],[8.4669,53.3946],[8.3809,53.3946],[8.3847,53.1248],[8.0426,53.0574],[7.7826,53.1922],[7.9472,53.5971],[8.0315,53.6641],[7.9514,53.7219],[7.305,53.6848],[7.0868,53.5869],[7.1418,53.5372],[7.0514,53.5126],[7.0383,53.3486],[7.3665,53.3028],[7.2547,53.3195],[7.1946,53.245],[6.7302,53.4606],[5.9808,53.4061],[5.5916,53.3028],[5.2844,53.0672],[5.3857,52.99],[5.3908,52.8554],[5.0537,52.7208],[5.0618,52.5191],[4.8909,52.5191],[4.8965,52.3847],[5.0699,52.3176],[4.9954,52.0492],[5.2508,52.0492],[5.1761,51.7811],[5.6056,51.6472],[5.7799,51.5134],[5.7845,51.3797],[5.2839,51.1792],[5.2171,50.7121],[5.0486,50.7121],[5.059,50.4457],[5.2322,50.3125],[5.4796,50.4457],[5.9023,50.3791],[5.7274,50.5789],[5.7113,51.0457],[5.8803,51.0457],[5.9735,50.7788],[6.0578,50.7788],[6.0684,50.4457],[6.4029,50.5122],[6.0747,50.246],[6.5824,50.113],[6.5861,49.98],[6.3405,49.7807],[6.3465,49.5816],[6.2649,49.5152],[6.3376,49.4581],[6.2778,49.4777],[6.3563,49.25],[6.1894,49.25],[6.1915,49.1838],[5.9413,49.1838],[5.8645,48.9851],[6.0331,48.9189],[5.4552,48.7865],[5.3791,48.5881],[5.2961,48.5881],[5.2865,48.8527],[5.1275,48.6542],[4.8783,48.6542]],[[5.9531,48.8196],[6.0373,48.7865],[5.9541,48.7865],[5.9531,48.8196]],[[5.9585,46.212],[5.9829,46.2227],[6.0007,46.2276],[5.9585,46.212]],[[6.0629,46.2445],[6.0908,46.2521],[6.0897,46.2464],[6.0629,46.2445]],[[6.673,52.0501],[6.6799,52.0605],[6.675,52.0348],[6.673,52.0501]],[[6.701,49.1729],[6.7221,49.158],[6.7138,49.1589],[6.701,49.1729]],[[6.7827,45.7953],[6.7863,45.8015],[6.7839,45.7882],[6.7827,45.7953]],[[6.7843,46.2008],[6.7922,46.2217],[6.8277,46.2695],[6.7843,46.2008]],[[6.8328,45.6905],[6.8623,45.6792],[6.8431,45.6827],[6.8328,45.6905]],[[6.8984,45.6655],[6.9634,45.6407],[6.9186,45.6526],[6.8984,45.6655]],[[6.9799,44.2461],[6.9887,44.2416],[6.9828,44.2417],[6.9799,44.2461]],[[6.9828,44.847],[7.0049,44.828],[7.0043,44.8249],[6.9828,44.847]],[[7.0201,45.9292],[7.0349,45.9169],[7.0221,45.9253],[7.0201,45.9292]],[[7.0782,45.8884],[7.1535,45.8765],[7.0902,45.8805],[7.0782,45.8884]],[[7.3093,44.1475],[7.339,44.1249],[7.331,44.1253],[7.3093,44.1475]],[[7.3618,45.9078],[7.453,45.9459],[7.3938,45.9157],[7.3618,45.9078]],[[7.4267,47.4621],[7.4274,47.4683],[7.4293,47.4651],[7.4267,47.4621]],[[7.5726,48.095],[7.5787,48.1112],[7.5757,48.0537],[7.5726,48.095]],[[7.5802,47.5822],[7.586,47.5846],[7.6032,47.5874],[7.5802,47.5822]],[[7.5825,48.1213],[7.5857,48.1297],[7.6134,48.1792],[7.5825,48.1213]],[[7.6097,47.5647],[7.6402,47.5703],[7.6359,47.5646],[7.6097,47.5647]],[[7.6953,44.8426],[7.8576,44.8426],[7.8587,44.7773],[7.9398,44.7773],[7.8641,44.4507],[7.7011,44.516],[7.6953,44.8426]],[[7.7031,45.9278],[7.737,45.9242],[7.7063,45.9257],[7.7031,45.9278]],[[7.8702,45.9404],[7.8729,45.9594],[7.8807,45.9664],[7.8702,45.9404]],[[7.891,45.9755],[7.8982,45.9819],[7.9833,45.9988],[7.9787,45.9952],[7.891,45.9755]],[[7.9891,46.0033],[8.0007,46.0175],[7.9984,46.0106],[7.9891,46.0033]],[[8.0294,48.9851],[8.1127,48.9851],[8.1138,48.9189],[8.0306,48.9189],[8.0294,48.9851]],[[8.5747,47.597],[8.5803,47.639],[8.5806,47.6002],[8.5747,47.597]],[[9.2732,47.6501],[9.5475,47.5345],[9.5475,47.5345],[9.2732,47.6501]],[[9.2823,46.4974],[9.331,46.5015],[9.3508,46.4979],[9.2823,46.4974]],[[9.477,47.0639],[9.5812,47.0569],[9.6691,47.0562],[9.5606,47.0524],[9.477,47.0639]],[[9.4874,47.21],[9.5046,47.2437],[9.5171,47.2564],[9.4874,47.21]],[[9.6126,47.5219],[9.704,47.5314],[9.6767,47.5226],[9.6126,47.5219]],[[9.8486,47.5386],[9.8589,47.5413],[9.9188,47.5322],[9.8486,47.5386]],[[10.0226,47.488],[10.0718,47.4391],[10.0806,47.4274],[10.0226,47.488]],[[10.0427,46.2205],[10.1026,46.2289],[10.0757,46.22],[10.0427,46.2205]],[[10.0532,47.4049],[10.0806,47.4274],[10.076,47.4169],[10.0532,47.4049]],[[10.0924,46.3381],[10.0956,46.344],[10.0935,46.3356],[10.0924,46.3381]],[[10.0998,46.321],[10.1589,46.2624],[10.1049,46.3094],[10.0998,46.321]],[[10.1015,46.3549],[10.105,46.3614],[10.1332,46.3811],[10.1015,46.3549]],[[10.3639,46.9912],[10.3734,46.9963],[10.3758,46.9946],[10.3639,46.9912]],[[10.6949,47.5982],[11.0249,47.5323],[10.695,47.5323],[10.6949,47.5982]],[[12.7389,48.1134],[12.7431,48.1158],[12.7397,48.1069],[12.7389,48.1134]],[[12.7414,48.092],[12.7486,48.0788],[12.742,48.0868],[12.7414,48.092]],[[12.7539,48.0725],[12.8306,48.0155],[12.7602,48.0649],[12.7539,48.0725]],[[13.3842,48.993],[13.4179,48.9672],[13.3985,48.9777],[13.3842,48.993]],[[13.443,48.9536],[13.4823,48.9376],[13.4589,48.945],[13.443,48.9536]],[[13.5068,46.5469],[13.5492,46.5458],[13.607,46.5329],[13.5068,46.5469]],[[13.8692,48.7538],[13.8749,48.7524],[13.9078,48.7376],[13.8692,48.7538]],[[13.988,48.7016],[13.9911,48.7002],[14.0321,48.6673],[14.0324,48.6632],[13.988,48.7016]],[[14.0062,48.6395],[14.0326,48.6596],[14.0329,48.6549],[14.0062,48.6395]],[[14.0408,48.6012],[14.2165,48.5812],[14.0748,48.5917],[14.0408,48.6012]],[[14.1499,46.4401],[14.3958,46.441],[14.3993,46.4393],[14.1499,46.4401]],[[14.3209,48.5595],[14.4054,48.5863],[14.3254,48.5586],[14.3209,48.5595]],[[14.412,46.4332],[14.4509,46.4145],[14.42,46.4244],[14.412,46.4332]],[[14.7592,50.8102],[14.7914,50.8297],[14.7851,50.8201],[14.7592,50.8102]],[[14.911,51.469],[14.9451,51.4492],[14.9554,51.4354],[14.911,51.469]],[[14.9469,51.4229],[14.9629,51.3332],[14.961,51.3353],[14.9469,51.4229]],[[14.9646,48.9717],[14.9789,49.0063],[14.9815,49.0067],[14.9646,48.9717]],[[14.987,49.0074],[15.004,49.0098],[15.1374,48.993],[14.987,49.0074]],[[15.972,46.8206],[15.9817,46.8277],[16.0941,46.8629],[16.094,46.8628],[15.972,46.8206]],[[16.2337,46.4787],[16.2349,46.4933],[16.2509,46.405],[16.2337,46.4787]],[[16.3476,46.5436],[16.3579,46.547],[16.3517,46.5395],[16.3476,46.5436]],[[16.945,48.6042],[16.9475,48.6232],[16.9543,48.5574],[16.945,48.6042]],[[17.0386,46.169],[17.0889,46.1362],[17.0529,46.1535],[17.0386,46.169]],[[17.0856,47.9701],[17.1483,48.0054],[17.1848,48.0203],[17.0856,47.9701]],[[17.1069,46.1276],[17.2086,46.1166],[17.1162,46.1231],[17.1069,46.1276]],[[17.6161,47.8292],[17.6191,47.8292],[17.6237,47.826],[17.6161,47.8292]],[[18.6487,45.0627],[18.6713,45.0869],[18.6766,45.086],[18.6487,45.0627]],[[18.6798,45.0855],[18.6841,45.0848],[18.7383,45.0159],[18.6798,45.0855]],[[18.7325,49.4803],[18.7736,49.5049],[18.785,49.5059],[18.7325,49.4803]],[[18.8283,45.9057],[18.8865,45.9304],[18.8964,45.9295],[18.8283,45.9057]],[[18.9777,45.9435],[18.9818,45.9508],[18.986,45.9311],[18.9777,45.9435]],[[18.9848,45.924],[18.9871,45.9258],[18.9875,45.9238],[18.9848,45.924]],[[19.3415,44.8988],[19.3532,44.899],[19.3644,44.889],[19.3415,44.8988]],[[19.3696,44.8842],[19.3728,44.8814],[19.3766,44.863],[19.3696,44.8842]],[[19.7771,49.1923],[19.8049,49.1891],[19.7859,49.1882],[19.7771,49.1923]],[[20.2781,49.1175],[20.2867,49.25],[20.3702,49.25],[20.4492,49.1838],[20.2781,49.1175]],[[20.4817,48.5261],[20.5105,48.5338],[20.8003,48.5692],[20.4817,48.5261]],[[20.8128,46.2688],[20.8196,46.2717],[20.8254,46.2699],[20.8128,46.2688]],[[21.1645,46.3183],[21.1687,46.3628],[21.1763,46.3727],[21.1645,46.3183]],[[21.5917,48.493],[21.6197,48.4337],[21.6134,48.4404],[21.5917,48.493]],[[21.7277,48.3409],[21.7728,48.337],[21.759,48.3338],[21.7277,48.3409]],[[21.9293,48.3729],[22.0838,48.3789],[22.0779,48.3758],[21.9293,48.3729]],[[22.0277,55.0444],[22.0649,55.0324],[22.05,55.0335],[22.0277,55.0444]],[[22.5411,55.0758],[22.5655,55.0678],[22.5807,55.0576],[22.5411,55.0758]]],[[[5.8098,53.4474],[5.8556,53.4474],[5.9546,53.4611],[5.9255,53.4702],[5.8098,53.4474]]],[[[6.1228,53.4816],[6.1333,53.4679],[6.1275,53.4599],[6.1333,53.4536],[6.1532,53.4688],[6.3387,53.502],[6.3387,53.5089],[6.3108,53.5141],[6.2118,53.5089],[6.1228,53.4816]]],[[[7.0202,53.6826],[7.0855,53.687],[7.047,53.6942],[7.0334,53.6931],[7.0202,53.6826]]],[[[7.1331,53.7081],[7.1736,53.7014],[7.3467,53.7232],[7.2329,53.7294],[7.179,53.7241],[7.1331,53.7081]]],[[[7.3665,53.728],[7.4212,53.7211],[7.4356,53.728],[7.4197,53.7323],[7.3848,53.7323],[7.3665,53.728]]],[[[7.473,53.7319],[7.5112,53.728],[7.5119,53.7323],[7.473,53.7323],[7.473,53.7319]]],[[[8.8617,54.3007],[8.9452,54.3117],[8.8874,54.3417],[8.8617,54.3007]]],[[[11.3757,53.9818],[11.4577,53.9614],[11.4979,54.0228],[11.3757,53.9818]]],[[[11.5285,54.0751],[11.5396,54.057],[11.6159,54.1121],[11.5339,54.0849],[11.5285,54.0751]]],[[[13.0614,54.4685],[13.0682,54.4685],[13.075,54.5094],[13.1026,54.5299],[13.1189,54.5864],[13.1434,54.5981],[13.1497,54.5777],[13.1497,54.5914],[13.1571,54.588],[13.1511,54.6049],[13.105,54.5966],[13.0707,54.5206],[13.0642,54.5051],[13.0614,54.4685]]],[[[13.1155,54.3381],[13.4072,54.2282],[13.3596,54.2755],[13.4997,54.3449],[13.6909,54.3518],[13.617,54.3176],[13.7119,54.3319],[13.6511,54.2972],[13.7232,54.2784],[13.73,54.3156],[13.5755,54.4719],[13.6707,54.5662],[13.4246,54.5851],[13.383,54.6364],[13.4451,54.6801],[13.3908,54.6882],[13.231,54.6533],[13.2935,54.6423],[13.2533,54.5646],[13.3692,54.6121],[13.5208,54.5708],[13.5071,54.4883],[13.3767,54.5646],[13.3489,54.5237],[13.3694,54.5851],[13.2979,54.5197],[13.1434,54.5429],[13.2731,54.4821],[13.157,54.4268],[13.2669,54.3859],[13.1155,54.3381]]],[[[13.7741,54.0228],[13.8636,54.05],[13.8909,54.0102],[13.9461,54.0666],[14.0513,54.0051],[14.0483,53.9409],[13.9045,53.9954],[13.9317,53.8993],[13.8401,53.8503],[14.1595,53.8754],[14.1625,53.9684],[14.0166,54.06],[13.7862,54.1303],[13.7741,54.0228]]],[[[14.5985,45.1696],[14.6023,45.1681],[14.6238,45.1755],[14.5994,45.209],[14.5985,45.1696]]],[[[14.6157,45.1626],[14.6699,45.1406],[14.6709,45.1435],[14.6653,45.1618],[14.6437,45.1568],[14.6157,45.1626]]],[[[14.7564,44.9751],[14.815,44.9775],[14.7578,45.0327],[14.7564,44.9751]]],[[[14.9089,44.5813],[15.0667,44.4953],[15.0412,44.5275],[15.0039,44.5361],[14.9663,44.5734],[14.9095,44.6068],[14.9089,44.5813]]],[[[15.1466,44.3854],[15.2278,44.3589],[15.1474,44.4162],[15.1466,44.3854]]],[[[21.0828,55.5002],[21.1078,55.4715],[21.1336,55.5683],[21.0852,55.7228],[21.0828,55.5002]]],[[[5.3529,49.3163],[5.3649,48.9851],[5.6979,48.9851],[5.6078,49.1838],[5.8536,49.3163],[5.8514,49.3826],[5.3529,49.3163]]],[[[4.4064,49.98],[4.5768,49.9136],[4.5852,49.7143],[4.6689,49.7143],[4.6743,49.5816],[4.9408,49.1838],[5.176,49.5816],[5.1659,49.8471],[4.7308,50.246],[4.4759,50.3125],[4.4064,49.98]],[[4.5955,49.972],[4.6475,49.9865],[4.6458,49.9845],[4.5955,49.972]]],[[[3.6356,50.3125],[3.7293,50.113],[3.8132,50.113],[3.9872,49.98],[4.1518,50.0465],[4.1428,50.246],[3.9686,50.3791],[3.6356,50.3125]]],[[[10.1632,42.8164],[10.1963,42.7362],[10.3379,42.7648],[10.4307,42.7221],[10.3888,42.7635],[10.4367,42.8044],[10.4124,42.8734],[10.3473,42.8059],[10.1632,42.8164]]]]}},{"type":"Feature","properties":{"relationId":"cliopatria-relation-16b95d7be0ff","name":"(Vassalage of Jaffna kingdom to Vijayanagara Empire)","name_ko":"자프나 왕국–비자야나가라 제국 봉신 관계","relationKind":"vassalage","relation_kind_ko":"봉신 관계","actor_ids":"cliopatria-q1311219-8b77a3cb01;cliopatria-q167639-86c70457ce","actor_names_ko":"자프나 왕국;비자야나가라 제국","color":"#ae87e8","startYear":1450,"endYear":1474,"source_name":"Cliopatria v0.2.0","source_url":"https://github.com/Seshat-Global-History-Databank/cliopatria","license":"CC BY 4.0","attribution":"Seshat Global History Databank, Cliopatria contributors"},"geometry":{"type":"MultiPolygon","coordinates":[[[[79.712,9.1018],[79.9097,8.9732],[79.8416,9.0772],[79.712,9.1018]]],[[[79.8407,9.6994],[79.8958,9.6175],[79.9779,9.6243],[79.8942,9.7489],[79.8407,9.6994]]],[[[79.9128,9.763],[80.0874,9.6184],[80.186,9.5841],[80.186,9.6485],[80.6148,9.4462],[80.4266,9.5002],[80.2869,9.4527],[80.2334,9.5342],[80.053,9.5964],[80.197,9.4735],[80.053,9.3915],[80.1182,9.3004],[80.1056,9.1929],[80.048,9.0263],[79.9155,8.9385],[79.9338,8.8811],[81.1322,8.5049],[81.2173,8.5241],[81.2122,8.5727],[81.2498,8.5458],[80.9785,8.98],[80.9149,8.9439],[80.8753,9.0415],[80.9583,9.0179],[80.8345,9.1418],[80.8822,9.1452],[80.8206,9.2707],[80.4099,9.6175],[80.2459,9.8259],[80.1387,9.7987],[80.444,9.5759],[80.1223,9.8189],[79.9921,9.8228],[79.9128,9.763]]],[[[81.1375,8.5032],[81.1684,8.4935],[81.1851,8.504],[81.1703,8.5207],[81.1375,8.5032]]],[[[73.1931,17.4505],[73.447,16.1136],[73.488,16.1894],[73.447,16.0689],[73.6949,15.6828],[73.7519,15.6364],[73.8381,15.6611],[73.7555,15.625],[73.7964,15.4979],[73.866,15.5376],[73.8121,15.4489],[73.9678,15.3738],[73.8253,15.4079],[73.9622,15.152],[73.9327,15.0734],[74.1118,14.8462],[74.2352,14.8765],[74.0919,14.8111],[74.2529,14.7189],[74.2759,14.6102],[74.339,14.6128],[74.2957,14.5819],[74.4277,14.4763],[74.3755,14.487],[74.4154,14.3011],[74.509,14.2503],[74.429,14.2404],[74.4954,14.0306],[74.6605,13.6601],[74.6878,13.7118],[74.7356,13.6538],[74.6667,13.6328],[74.6895,13.3816],[74.8176,12.8618],[74.9409,12.8786],[74.8276,12.8247],[75.1055,12.2213],[75.1397,12.2486],[75.1761,12.0742],[75.2635,11.9921],[75.3042,12.0432],[75.3023,11.9661],[75.3934,11.9748],[75.4002,11.9202],[75.3239,11.9354],[75.3623,11.8597],[75.7355,11.3715],[76.1532,10.2202],[76.2017,10.1997],[76.1948,10.2686],[76.2402,10.239],[76.1797,10.1413],[76.3941,9.8428],[76.407,9.5691],[76.5033,9.535],[76.3574,9.5207],[76.3623,9.781],[76.3553,9.6717],[76.2924,9.6717],[76.363,9.3252],[76.4426,9.1452],[76.4146,9.247],[76.4828,9.1718],[76.5364,8.9404],[76.6685,9.0074],[76.574,8.9426],[76.6206,8.9254],[76.544,8.9125],[76.9959,8.3681],[77.3086,8.1309],[77.5653,8.0825],[78.0592,8.3732],[78.2398,8.9656],[78.4121,9.0998],[78.9611,9.2753],[78.9383,9.5837],[79.2791,10.0358],[79.2363,10.1666],[79.2861,10.2528],[79.3981,10.3247],[79.5869,10.3437],[79.5567,10.2987],[79.7598,10.2582],[79.6141,10.3096],[79.8567,10.2933],[79.833,11.342],[79.7593,11.3583],[79.6763,11.2965],[79.8193,11.3815],[79.752,11.577],[79.7859,11.7692],[79.8618,12.022],[80.0051,12.2418],[79.9439,12.2178],[80.096,12.3622],[80.1797,12.5326],[80.3328,13.1981],[80.327,13.4304],[80.1194,13.5007],[80.053,13.6191],[80.094,13.6948],[80.1356,13.6191],[80.1419,13.7289],[80.1915,13.6588],[80.2332,13.837],[80.1356,14.2292],[80.0466,14.2066],[80.175,14.3445],[80.197,14.565],[80.1419,14.5712],[80.1785,14.6058],[80.1082,14.7143],[80.053,15.0926],[80.0906,15.3049],[80.2796,15.7007],[80.6702,15.9077],[80.8565,15.8122],[80.8965,16.0311],[80.91,15.8527],[81.0189,15.7916],[80.9989,15.8467],[81.1497,15.9696],[81.2596,16.3327],[81.4114,16.3825],[81.4167,16.3402],[81.5402,16.3737],[81.7825,16.3331],[82.3074,16.5798],[82.3662,16.9094],[82.3489,16.9565],[82.3625,16.8591],[82.3142,16.8466],[82.2527,16.9292],[82.3877,17.1269],[82.6174,17.2894],[82.6289,17.3862],[81.9837,18.1576],[81.63,18.2862],[81.6456,18.4148],[80.7665,18.4791],[80.3078,18.3505],[79.4275,17.7719],[79.1174,17.6433],[78.527,17.6433],[77.2152,17.129],[76.994,17.129],[76.4431,16.8076],[75.7593,16.6147],[75.3575,16.2933],[74.896,16.1004],[74.3806,16.1004],[74.099,16.229],[73.8976,16.4219],[73.5484,17.3219],[73.4144,17.4505],[73.1931,17.4505]]],[[[74.3519,14.5302],[74.3529,14.5175],[74.3683,14.5001],[74.3519,14.5302]]],[[[76.2304,10.0038],[76.2427,9.9875],[76.2329,10.0435],[76.2304,10.0038]]],[[[76.2363,9.9527],[76.2468,9.8937],[76.2644,9.845],[76.3185,9.8205],[76.3086,9.8796],[76.2971,9.8708],[76.3,9.8478],[76.2808,9.8428],[76.2883,9.8612],[76.2842,9.8912],[76.2774,9.8708],[76.2669,9.876],[76.2568,9.9086],[76.291,9.9086],[76.2695,9.951],[76.2515,9.9631],[76.2363,9.9527]]],[[[76.3201,9.8616],[76.3462,9.8161],[76.3439,9.8091],[76.3605,9.8016],[76.3592,9.8161],[76.3327,9.8708],[76.3201,9.8616]]],[[[80.2711,13.5289],[80.3069,13.4409],[80.3137,13.4409],[80.3096,13.4793],[80.2894,13.5289],[80.2711,13.5289]]],[[[80.8685,15.812],[80.8698,15.8105],[80.9628,15.7987],[80.8884,15.8467],[80.8685,15.812]]]]}},{"type":"Feature","properties":{"relationId":"cliopatria-relation-16b95d7be0ff","name":"(Vassalage of Jaffna kingdom to Vijayanagara Empire)","name_ko":"자프나 왕국–비자야나가라 제국 봉신 관계","relationKind":"vassalage","relation_kind_ko":"봉신 관계","actor_ids":"cliopatria-q1311219-8b77a3cb01;cliopatria-q167639-86c70457ce","actor_names_ko":"자프나 왕국;비자야나가라 제국","color":"#ae87e8","startYear":1475,"endYear":1491,"source_name":"Cliopatria v0.2.0","source_url":"https://github.com/Seshat-Global-History-Databank/cliopatria","license":"CC BY 4.0","attribution":"Seshat Global History Databank, Cliopatria contributors"},"geometry":{"type":"MultiPolygon","coordinates":[[[[79.712,9.1018],[79.9097,8.9732],[79.8416,9.0772],[79.712,9.1018]]],[[[79.8407,9.6994],[79.8958,9.6175],[79.9779,9.6243],[79.8942,9.7489],[79.8407,9.6994]]],[[[79.9128,9.763],[80.0874,9.6184],[80.186,9.5841],[80.186,9.6485],[80.6148,9.4462],[80.4266,9.5002],[80.2869,9.4527],[80.2334,9.5342],[80.053,9.5964],[80.197,9.4735],[80.053,9.3915],[80.1182,9.3004],[80.1056,9.1929],[80.048,9.0263],[79.9155,8.9385],[79.9338,8.8811],[81.1322,8.5049],[81.2173,8.5241],[81.2122,8.5727],[81.2498,8.5458],[80.9785,8.98],[80.9149,8.9439],[80.8753,9.0415],[80.9583,9.0179],[80.8345,9.1418],[80.8822,9.1452],[80.8206,9.2707],[80.4099,9.6175],[80.2459,9.8259],[80.1387,9.7987],[80.444,9.5759],[80.1223,9.8189],[79.9921,9.8228],[79.9128,9.763]]],[[[81.1375,8.5032],[81.1684,8.4935],[81.1851,8.504],[81.1703,8.5207],[81.1375,8.5032]]],[[[74.3068,14.5575],[74.3249,14.5172],[74.3587,14.5712],[74.4277,14.4763],[74.3519,14.5302],[74.4154,14.3011],[74.509,14.2503],[74.429,14.2404],[74.6605,13.6601],[74.6878,13.7118],[74.7356,13.6538],[74.6667,13.6328],[74.6895,13.3816],[74.8176,12.8618],[74.9409,12.8786],[74.825,12.8382],[74.8557,12.7594],[75.1055,12.2213],[75.1397,12.2486],[75.1761,12.0742],[75.2635,11.9921],[75.3042,12.0432],[75.3023,11.9661],[75.3934,11.9748],[75.4002,11.9202],[75.3239,11.9354],[75.3623,11.8597],[75.7355,11.3715],[76.1532,10.2202],[76.2017,10.1997],[76.1948,10.2686],[76.2402,10.239],[76.1797,10.1413],[76.3941,9.8428],[76.407,9.5691],[76.5033,9.535],[76.3574,9.5207],[76.3623,9.781],[76.3553,9.6717],[76.2924,9.6717],[76.3118,9.493],[76.4426,9.1452],[76.4146,9.247],[76.4828,9.1718],[76.5226,8.9683],[76.6685,9.0074],[76.574,8.9426],[76.6206,8.9254],[76.5482,8.9242],[76.5648,8.8855],[76.9959,8.3681],[77.3086,8.1309],[77.5653,8.0825],[78.0592,8.3732],[78.2398,8.9656],[78.4121,9.0998],[78.9611,9.2753],[78.9383,9.5837],[79.2791,10.0358],[79.2363,10.1666],[79.2861,10.2528],[79.3981,10.3247],[79.5869,10.3437],[79.5567,10.2987],[79.7598,10.2582],[79.6141,10.3096],[79.8567,10.2933],[79.833,11.342],[79.7593,11.3583],[79.6763,11.2965],[79.8193,11.3815],[79.752,11.577],[79.7859,11.7692],[79.8618,12.022],[80.0051,12.2418],[79.9439,12.2178],[80.096,12.3622],[80.1797,12.5326],[80.3328,13.1981],[80.327,13.4304],[80.1194,13.5007],[80.053,13.6191],[80.094,13.6948],[80.1356,13.6191],[80.1419,13.7289],[80.1915,13.6588],[80.2332,13.837],[80.1356,14.2292],[80.0466,14.2066],[80.175,14.3445],[80.197,14.565],[80.1419,14.5712],[80.1785,14.6058],[80.1082,14.7143],[80.053,15.0926],[80.0906,15.3049],[80.2796,15.7007],[80.6702,15.9077],[80.8565,15.8122],[80.8965,16.0311],[80.91,15.8527],[81.0189,15.7916],[80.9989,15.8467],[81.1497,15.9696],[81.2596,16.3327],[81.4114,16.3825],[81.4167,16.3402],[81.5402,16.3737],[81.7825,16.3331],[82.3074,16.5798],[82.3662,16.9094],[82.3489,16.9565],[82.3625,16.8591],[82.3142,16.8466],[82.2527,16.9292],[82.3877,17.1269],[82.5967,17.2773],[82.5705,17.5148],[82.4967,17.5148],[82.5122,17.6433],[81.9837,18.1576],[81.63,18.2862],[81.6456,18.4148],[80.7665,18.4791],[80.3078,18.3505],[79.1174,17.6433],[78.527,17.6433],[78.0696,17.5148],[76.5307,16.9362],[76.4431,16.8076],[75.9135,16.679],[75.8999,16.5504],[75.5048,16.2933],[75.1581,15.779],[74.7891,15.0075],[74.6683,14.4932],[74.5214,14.4932],[74.4595,14.6218],[74.3068,14.5575]]],[[[76.2304,10.0038],[76.2427,9.9875],[76.2329,10.0435],[76.2304,10.0038]]],[[[76.2363,9.9527],[76.2468,9.8937],[76.2644,9.845],[76.3185,9.8205],[76.3086,9.8796],[76.2971,9.8708],[76.3,9.8478],[76.2808,9.8428],[76.2883,9.8612],[76.2842,9.8912],[76.2774,9.8708],[76.2669,9.876],[76.2568,9.9086],[76.291,9.9086],[76.2695,9.951],[76.2515,9.9631],[76.2363,9.9527]]],[[[76.3201,9.8616],[76.3462,9.8161],[76.3439,9.8091],[76.3605,9.8016],[76.3592,9.8161],[76.3327,9.8708],[76.3201,9.8616]]],[[[80.2711,13.5289],[80.3069,13.4409],[80.3137,13.4409],[80.3096,13.4793],[80.2894,13.5289],[80.2711,13.5289]]],[[[80.8685,15.812],[80.8698,15.8105],[80.9628,15.7987],[80.8884,15.8467],[80.8685,15.812]]]]}},{"type":"Feature","properties":{"relationId":"cliopatria-relation-16b95d7be0ff","name":"(Vassalage of Jaffna kingdom to Vijayanagara Empire)","name_ko":"자프나 왕국–비자야나가라 제국 봉신 관계","relationKind":"vassalage","relation_kind_ko":"봉신 관계","actor_ids":"cliopatria-q1311219-8b77a3cb01;cliopatria-q167639-86c70457ce","actor_names_ko":"자프나 왕국;비자야나가라 제국","color":"#ae87e8","startYear":1492,"endYear":1496,"source_name":"Cliopatria v0.2.0","source_url":"https://github.com/Seshat-Global-History-Databank/cliopatria","license":"CC BY 4.0","attribution":"Seshat Global History Databank, Cliopatria contributors"},"geometry":{"type":"MultiPolygon","coordinates":[[[[79.712,9.1018],[79.9097,8.9732],[79.8416,9.0772],[79.712,9.1018]]],[[[79.8407,9.6994],[79.8958,9.6175],[79.9779,9.6243],[79.8942,9.7489],[79.8407,9.6994]]],[[[79.9128,9.763],[80.0874,9.6184],[80.186,9.5841],[80.186,9.6485],[80.6148,9.4462],[80.4266,9.5002],[80.2869,9.4527],[80.2334,9.5342],[80.053,9.5964],[80.197,9.4735],[80.053,9.3915],[80.1182,9.3004],[80.1056,9.1929],[80.048,9.0263],[79.9155,8.9385],[79.9338,8.8811],[81.1322,8.5049],[81.2173,8.5241],[81.2122,8.5727],[81.2498,8.5458],[80.9785,8.98],[80.9149,8.9439],[80.8753,9.0415],[80.9583,9.0179],[80.8345,9.1418],[80.8822,9.1452],[80.8206,9.2707],[80.4099,9.6175],[80.2459,9.8259],[80.1387,9.7987],[80.444,9.5759],[80.1223,9.8189],[79.9921,9.8228],[79.9128,9.763]]],[[[81.1375,8.5032],[81.1684,8.4935],[81.1851,8.504],[81.1703,8.5207],[81.1375,8.5032]]],[[[74.3068,14.5575],[74.3249,14.5172],[74.3587,14.5712],[74.4277,14.4763],[74.3519,14.5302],[74.4154,14.3011],[74.509,14.2503],[74.429,14.2404],[74.6605,13.6601],[74.6878,13.7118],[74.7356,13.6538],[74.6667,13.6328],[74.6895,13.3816],[74.8176,12.8618],[74.9409,12.8786],[74.825,12.8382],[74.8557,12.7594],[75.1055,12.2213],[75.1397,12.2486],[75.1761,12.0742],[75.2635,11.9921],[75.3042,12.0432],[75.3023,11.9661],[75.3934,11.9748],[75.4002,11.9202],[75.3239,11.9354],[75.3623,11.8597],[75.7355,11.3715],[76.1532,10.2202],[76.2017,10.1997],[76.1948,10.2686],[76.2402,10.239],[76.1797,10.1413],[76.3941,9.8428],[76.407,9.5691],[76.5033,9.535],[76.3574,9.5207],[76.3623,9.781],[76.3553,9.6717],[76.2924,9.6717],[76.363,9.3252],[76.4426,9.1452],[76.4146,9.247],[76.4828,9.1718],[76.5364,8.9404],[76.6685,9.0074],[76.574,8.9426],[76.6206,8.9254],[76.544,8.9125],[76.9959,8.3681],[77.3086,8.1309],[77.5653,8.0825],[78.0592,8.3732],[78.2398,8.9656],[78.4121,9.0998],[78.9611,9.2753],[78.9383,9.5837],[79.2791,10.0358],[79.2363,10.1666],[79.2861,10.2528],[79.3981,10.3247],[79.5869,10.3437],[79.5567,10.2987],[79.7598,10.2582],[79.6141,10.3096],[79.8567,10.2933],[79.833,11.342],[79.7593,11.3583],[79.6763,11.2965],[79.8193,11.3815],[79.752,11.577],[79.7859,11.7692],[79.8618,12.022],[80.0051,12.2418],[79.9439,12.2178],[80.096,12.3622],[80.1797,12.5326],[80.3478,13.3491],[80.327,13.4304],[80.1194,13.5007],[80.053,13.6191],[80.094,13.6948],[80.1356,13.6191],[80.1419,13.7289],[80.2204,13.6187],[80.2484,13.7901],[80.1497,14.0277],[80.1356,14.2292],[80.0466,14.2066],[80.175,14.3445],[80.197,14.565],[80.1419,14.5712],[80.1785,14.6058],[80.1082,14.7143],[80.0545,15.0141],[80.0906,15.3049],[80.2796,15.7007],[80.3933,15.797],[80.6702,15.9077],[80.7761,15.8843],[80.843,15.779],[80.8965,16.0311],[80.91,15.8527],[81.0131,15.779],[80.9989,15.8467],[81.1497,15.9696],[81.2596,16.3327],[81.4114,16.3825],[81.4167,16.3402],[81.6246,16.3576],[81.536,16.8719],[81.9141,17.579],[81.9099,18.1576],[81.63,18.2862],[81.6456,18.4148],[80.8327,18.4148],[80.5017,18.7362],[80.4278,18.7362],[80.2569,18.5434],[80.2263,18.2862],[79.4275,17.7719],[77.9148,17.4505],[77.9076,17.3862],[77.6863,17.3862],[76.5307,16.9362],[76.4431,16.8076],[75.9135,16.679],[75.8999,16.5504],[75.5048,16.2933],[75.3312,16.0361],[75.0465,15.3933],[74.5194,15.2647],[74.5506,14.8147],[74.3126,14.6218],[74.3068,14.5575]]],[[[76.2304,10.0038],[76.2427,9.9875],[76.2329,10.0435],[76.2304,10.0038]]],[[[76.2363,9.9527],[76.2468,9.8937],[76.2644,9.845],[76.3185,9.8205],[76.3086,9.8796],[76.2971,9.8708],[76.3,9.8478],[76.2808,9.8428],[76.2883,9.8612],[76.2842,9.8912],[76.2774,9.8708],[76.2669,9.876],[76.2568,9.9086],[76.291,9.9086],[76.2695,9.951],[76.2515,9.9631],[76.2363,9.9527]]],[[[76.3201,9.8616],[76.3462,9.8161],[76.3439,9.8091],[76.3605,9.8016],[76.3592,9.8161],[76.3327,9.8708],[76.3201,9.8616]]],[[[80.2711,13.5289],[80.3069,13.4409],[80.3137,13.4409],[80.3096,13.4793],[80.2894,13.5289],[80.2711,13.5289]]],[[[80.8685,15.812],[80.9817,15.779],[80.8884,15.8467],[80.8685,15.812]]]]}},{"type":"Feature","properties":{"relationId":"cliopatria-relation-16b95d7be0ff","name":"(Vassalage of Jaffna kingdom to Vijayanagara Empire)","name_ko":"자프나 왕국–비자야나가라 제국 봉신 관계","relationKind":"vassalage","relation_kind_ko":"봉신 관계","actor_ids":"cliopatria-q1311219-8b77a3cb01;cliopatria-q167639-86c70457ce","actor_names_ko":"자프나 왕국;비자야나가라 제국","color":"#ae87e8","startYear":1497,"endYear":1501,"source_name":"Cliopatria v0.2.0","source_url":"https://github.com/Seshat-Global-History-Databank/cliopatria","license":"CC BY 4.0","attribution":"Seshat Global History Databank, Cliopatria contributors"},"geometry":{"type":"MultiPolygon","coordinates":[[[[79.712,9.1018],[79.9097,8.9732],[79.8416,9.0772],[79.712,9.1018]]],[[[79.8407,9.6994],[79.8958,9.6175],[79.9779,9.6243],[79.8942,9.7489],[79.8407,9.6994]]],[[[79.9128,9.763],[80.0874,9.6184],[80.186,9.5841],[80.186,9.6485],[80.6148,9.4462],[80.4266,9.5002],[80.2869,9.4527],[80.2334,9.5342],[80.053,9.5964],[80.197,9.4735],[80.053,9.3915],[80.1182,9.3004],[80.1056,9.1929],[80.048,9.0263],[79.9155,8.9385],[79.9338,8.8811],[81.1322,8.5049],[81.2173,8.5241],[81.2122,8.5727],[81.2498,8.5458],[80.9785,8.98],[80.9149,8.9439],[80.8753,9.0415],[80.9583,9.0179],[80.8345,9.1418],[80.8822,9.1452],[80.8206,9.2707],[80.4099,9.6175],[80.2459,9.8259],[80.1387,9.7987],[80.444,9.5759],[80.1223,9.8189],[79.9921,9.8228],[79.9128,9.763]]],[[[81.1375,8.5032],[81.1684,8.4935],[81.1851,8.504],[81.1703,8.5207],[81.1375,8.5032]]],[[[74.3068,14.5575],[74.3249,14.5172],[74.3587,14.5712],[74.4277,14.4763],[74.3519,14.5302],[74.4154,14.3011],[74.509,14.2503],[74.429,14.2404],[74.6605,13.6601],[74.6878,13.7118],[74.7356,13.6538],[74.6667,13.6328],[74.6895,13.3816],[74.8176,12.8618],[74.9409,12.8786],[74.825,12.8382],[74.8557,12.7594],[75.1055,12.2213],[75.1397,12.2486],[75.1761,12.0742],[75.2635,11.9921],[75.3042,12.0432],[75.3023,11.9661],[75.3934,11.9748],[75.4002,11.9202],[75.3239,11.9354],[75.3623,11.8597],[75.7355,11.3715],[76.1532,10.2202],[76.2017,10.1997],[76.1948,10.2686],[76.2402,10.239],[76.1797,10.1413],[76.3941,9.8428],[76.407,9.5691],[76.5033,9.535],[76.3574,9.5207],[76.3623,9.781],[76.3553,9.6717],[76.2924,9.6717],[76.363,9.3252],[76.4426,9.1452],[76.4146,9.247],[76.4828,9.1718],[76.5364,8.9404],[76.6685,9.0074],[76.574,8.9426],[76.6206,8.9254],[76.544,8.9125],[76.9959,8.3681],[77.3086,8.1309],[77.5653,8.0825],[78.0592,8.3732],[78.2398,8.9656],[78.4121,9.0998],[78.9611,9.2753],[78.9383,9.5837],[79.2791,10.0358],[79.2363,10.1666],[79.2861,10.2528],[79.3981,10.3247],[79.5869,10.3437],[79.5567,10.2987],[79.7598,10.2582],[79.6141,10.3096],[79.8567,10.2933],[79.833,11.342],[79.7593,11.3583],[79.6763,11.2965],[79.8193,11.3815],[79.752,11.577],[79.7859,11.7692],[79.8618,12.022],[80.0051,12.2418],[79.9439,12.2178],[80.096,12.3622],[80.1797,12.5326],[80.3478,13.3491],[80.327,13.4304],[80.1194,13.5007],[80.053,13.6191],[80.094,13.6948],[80.1356,13.6191],[80.1419,13.7289],[80.2204,13.6187],[80.2484,13.7901],[80.1497,14.0277],[80.1356,14.2292],[80.0466,14.2066],[80.175,14.3445],[80.197,14.565],[80.1419,14.5712],[80.1785,14.6058],[80.1082,14.7143],[80.0545,15.0141],[80.0906,15.3049],[80.2796,15.7007],[80.3933,15.797],[80.6702,15.9077],[80.7761,15.8843],[80.843,15.779],[80.8965,16.0311],[80.91,15.8527],[81.0131,15.779],[80.9989,15.8467],[81.1497,15.9696],[81.2596,16.3327],[81.4114,16.3825],[81.4167,16.3402],[81.6246,16.3576],[81.536,16.8719],[81.9141,17.579],[81.9099,18.1576],[81.63,18.2862],[81.6456,18.4148],[80.8327,18.4148],[80.5017,18.7362],[80.4278,18.7362],[80.2569,18.5434],[80.2263,18.2862],[79.4275,17.7719],[77.9148,17.4505],[77.9076,17.3862],[77.6863,17.3862],[76.5307,16.9362],[76.4431,16.8076],[75.9135,16.679],[75.8999,16.5504],[75.5048,16.2933],[75.3312,16.0361],[75.0465,15.3933],[74.5194,15.2647],[74.5506,14.8147],[74.3126,14.6218],[74.3068,14.5575]]],[[[76.2304,10.0038],[76.2427,9.9875],[76.2329,10.0435],[76.2304,10.0038]]],[[[76.2363,9.9527],[76.2468,9.8937],[76.2644,9.845],[76.3185,9.8205],[76.3086,9.8796],[76.2971,9.8708],[76.3,9.8478],[76.2808,9.8428],[76.2883,9.8612],[76.2842,9.8912],[76.2774,9.8708],[76.2669,9.876],[76.2568,9.9086],[76.291,9.9086],[76.2695,9.951],[76.2515,9.9631],[76.2363,9.9527]]],[[[76.3201,9.8616],[76.3462,9.8161],[76.3439,9.8091],[76.3605,9.8016],[76.3592,9.8161],[76.3327,9.8708],[76.3201,9.8616]]],[[[80.2711,13.5289],[80.3069,13.4409],[80.3137,13.4409],[80.3096,13.4793],[80.2894,13.5289],[80.2711,13.5289]]],[[[80.8685,15.812],[80.9817,15.779],[80.8884,15.8467],[80.8685,15.812]]]]}},{"type":"Feature","properties":{"relationId":"cliopatria-relation-41abbf6f578f","name":"(Vassalage of Kingdom of Bohemia to Holy Roman Empire)","name_ko":"보헤미아 왕국–신성 로마 제국 봉신 관계","relationKind":"vassalage","relation_kind_ko":"봉신 관계","actor_ids":"cliopatria-q42585-f09202a960;cliopatria-q12548-094b3dbcb4","actor_names_ko":"보헤미아 왕국;신성 로마 제국","color":"#ae87e8","startYear":1450,"endYear":1452,"source_name":"Cliopatria v0.2.0","source_url":"https://github.com/Seshat-Global-History-Databank/cliopatria","license":"CC BY 4.0","attribution":"Seshat Global History Databank, Cliopatria contributors"},"geometry":{"type":"MultiPolygon","coordinates":[[[[4.7997,44.1243],[5.0399,44.1896],[4.9569,44.2548],[4.8761,44.2548],[4.7997,44.1243]]],[[[4.8909,52.5191],[4.8965,52.3847],[5.0699,52.3176],[4.9954,52.0492],[5.2508,52.0492],[5.1761,51.7811],[5.6056,51.6472],[5.7799,51.5134],[5.7845,51.3797],[5.2839,51.1792],[5.2171,50.7121],[5.0486,50.7121],[5.059,50.4457],[5.2322,50.3125],[5.4796,50.4457],[5.9023,50.3791],[5.7274,50.5789],[5.7113,51.0457],[5.8803,51.0457],[5.9735,50.7788],[6.0578,50.7788],[6.0684,50.4457],[6.4029,50.5122],[6.0747,50.246],[6.5824,50.113],[6.5861,49.98],[6.3405,49.7807],[6.3465,49.5816],[7.0153,49.5816],[7.1022,49.4489],[6.8516,49.4489],[6.855,49.3163],[6.6881,49.3163],[6.5269,49.1175],[6.3602,49.1175],[6.3563,49.25],[6.1894,49.25],[6.1915,49.1838],[5.9413,49.1838],[5.8645,48.9851],[6.4512,48.8527],[6.3718,48.7204],[6.8723,48.6542],[6.8757,48.522],[7.0417,48.522],[7.0466,48.3238],[7.1295,48.3238],[7.0563,47.9278],[6.8909,47.9278],[6.9899,47.269],[6.9076,47.269],[6.9092,47.2032],[6.8269,47.2032],[6.8286,47.1374],[6.1038,46.6115],[6.1077,46.4802],[5.8679,46.2833],[4.9677,46.2833],[4.8978,45.9554],[5.0635,45.8898],[5.0703,45.6933],[5.478,45.6933],[5.6493,45.4313],[6.1341,45.5623],[6.3093,45.1042],[6.6343,45.1042],[6.6375,44.9734],[6.9666,44.7773],[6.8986,44.1896],[6.6607,43.9938],[6.6681,43.6678],[6.8293,43.6678],[6.9126,43.5375],[6.9993,43.5443],[7.2296,43.7982],[7.3102,43.7982],[7.3884,43.9286],[7.6293,43.9938],[7.6271,44.1243],[8.031,44.1243],[8.1059,44.516],[8.4298,44.516],[8.5901,44.6466],[8.9149,44.5813],[8.9946,44.7119],[9.4815,44.6466],[9.6443,44.516],[9.6455,44.3201],[9.9695,44.1896],[9.97,44.049],[10.2123,43.9938],[10.5282,43.2468],[10.5388,43.0787],[10.6958,42.9515],[10.8562,42.9515],[11.0163,42.8213],[11.0159,42.6629],[11.176,42.6262],[11.2552,42.4312],[11.5748,42.3662],[11.7366,42.6262],[12.058,42.7563],[11.9811,43.1467],[11.9008,43.1467],[11.8219,43.3421],[12.1442,43.4072],[12.2265,43.6027],[11.7447,43.7982],[11.7469,44.1243],[11.5059,44.3854],[11.1821,44.3201],[11.3462,44.908],[11.7516,44.8426],[11.9934,44.6466],[12.156,44.7119],[12.1572,44.8426],[12.4001,44.7989],[12.4026,45.0388],[12.3688,45.011],[12.16,45.1696],[12.1606,45.235],[11.4287,45.235],[11.1032,45.1042],[10.534,45.4313],[10.4531,45.1696],[9.8834,45.3004],[9.719,45.5623],[9.4746,45.5623],[9.3105,45.6933],[9.3087,45.8898],[9.3892,46.0209],[9.6338,46.0865],[10.1245,46.0209],[10.3687,46.3489],[10.5037,46.2949],[10.4516,45.8898],[10.6967,45.6933],[11.0229,45.7588],[11.3503,46.0865],[11.6772,46.0865],[11.8415,46.2177],[11.8431,46.4802],[12.0905,46.6772],[13.7276,46.4802],[13.7253,46.3489],[13.8878,46.2833],[13.8854,46.1521],[13.5561,46.0209],[13.6293,45.7723],[13.7149,45.7588],[13.7393,45.6491],[13.8081,45.6143],[13.7119,45.5933],[13.7529,45.5529],[13.7102,45.4968],[14.1175,45.4968],[13.7869,45.235],[14.027,45.0388],[14.1552,45.0388],[14.1962,45.3659],[14.6031,45.3659],[14.6002,45.2429],[14.8528,45.0937],[14.9187,44.9734],[14.9113,44.6789],[15.0073,44.5697],[15.308,44.3544],[15.5287,44.2718],[15.7032,44.0591],[15.9454,44.0591],[16.7412,43.733],[16.4299,44.0591],[16.2684,44.0591],[16.275,44.2548],[16.5198,44.3201],[16.5243,44.4507],[16.2859,44.5813],[16.2946,44.8426],[16.5448,45.0388],[18.5784,45.1042],[18.8906,44.8426],[19.1406,44.9734],[19.2962,44.8426],[19.6242,44.908],[19.857,44.7119],[20.0191,44.7119],[20.1075,44.8426],[20.7486,44.7119],[21.4055,44.8426],[22.1134,44.516],[22.532,44.7119],[22.6504,45.235],[23.1382,45.235],[23.4735,45.3659],[23.4836,45.4968],[25.0423,45.6278],[25.3453,45.3659],[25.4382,45.4968],[25.8455,45.4968],[25.9389,45.6278],[26.1019,45.6278],[26.4404,45.7588],[26.4779,46.1521],[25.9421,46.5459],[25.9668,46.8086],[25.7266,46.8743],[25.6689,47.1374],[25.0166,47.2032],[25.0343,47.4006],[24.8813,47.5323],[24.905,47.7959],[24.5862,47.9278],[24.6867,48.1257],[24.3672,48.2578],[24.379,48.3899],[24.053,48.4559],[23.6663,48.7865],[22.9287,48.9189],[22.7784,49.1175],[22.5231,49.0513],[21.7983,49.3826],[20.7129,49.3826],[20.7038,49.25],[20.4536,49.25],[20.5459,49.3826],[20.2119,49.3826],[19.8655,49.1838],[19.4725,49.5816],[19.1304,49.4489],[18.815,49.5087],[18.9217,49.5049],[18.8835,49.5152],[19.2376,49.8471],[19.1658,50.0465],[19.0819,50.0465],[19.0899,50.1795],[19.1739,50.1795],[19.1861,50.3791],[19.022,50.4457],[19.0302,50.5789],[18.7013,50.7121],[18.7093,50.8455],[18.0493,51.1124],[17.9723,51.246],[17.5493,51.246],[17.3197,51.7142],[16.9801,51.7142],[16.8038,51.5803],[16.5556,51.7142],[16.1311,51.7142],[16.137,51.8481],[15.9699,51.9151],[15.8934,52.1163],[15.8083,52.1163],[15.814,52.2505],[15.6462,52.3176],[15.4893,52.6535],[16.0971,52.8554],[16.0238,53.1248],[16.1097,53.1248],[16.1192,53.3271],[16.2944,53.3946],[16.301,53.5296],[16.4767,53.5971],[16.4007,53.7999],[16.6596,53.7999],[16.8213,53.5971],[17.0798,53.5971],[17.3266,53.3946],[17.5066,53.5296],[18.4493,53.4621],[18.5174,53.1922],[18.6892,53.1922],[18.9282,52.9227],[19.3615,52.99],[19.7248,53.2596],[20.3958,53.0574],[20.67,53.2596],[20.9277,53.2596],[21.2894,53.4621],[22.4214,53.5971],[22.5482,54.0029],[22.4618,54.0029],[22.4822,54.2061],[22.6623,54.2739],[22.7045,54.6811],[22.813,54.8851],[22.573,55.0892],[22.3986,55.0892],[22.4127,55.2255],[21.6401,55.3618],[21.2352,55.7031],[21.2482,55.8398],[21.0447,55.894],[21.0744,55.7449],[21.2229,55.5202],[21.2483,55.4179],[21.1916,55.3399],[21.2571,55.3694],[21.2912,55.2971],[21.259,55.205],[21.1834,55.2017],[21.2302,54.9389],[20.9691,54.8998],[20.5309,54.9647],[20.6646,55.0703],[20.3656,54.9462],[19.9767,54.9646],[19.9207,54.8896],[19.9617,54.7732],[19.8918,54.6586],[20.0044,54.6132],[19.8468,54.6132],[19.8197,54.4774],[19.6469,54.4774],[19.4622,54.3417],[18.8859,54.3502],[18.5881,54.4337],[18.5701,54.5408],[18.4131,54.7319],[18.4532,54.794],[18.3395,54.8335],[17.3374,54.749],[16.94,54.606],[16.5696,54.5572],[16.2816,54.3586],[16.3239,54.3499],[16.1377,54.2903],[16.2152,54.2996],[16.1792,54.263],[15.8597,54.25],[14.5078,53.9615],[14.5044,53.8627],[14.5959,53.8105],[14.6306,53.8515],[14.6238,53.7695],[14.5449,53.704],[14.6238,53.6528],[14.5906,53.5984],[14.2942,53.7491],[14.3049,53.7126],[14.2127,53.7081],[14.2645,53.7516],[14.0374,53.7553],[13.8171,53.8529],[13.906,53.9431],[13.7461,54.0364],[13.8081,54.1047],[13.6445,54.1526],[13.4836,54.0913],[13.4035,54.1737],[13.3215,54.1668],[13.2888,54.2343],[13.1149,54.28],[13.0342,54.4337],[12.8547,54.3579],[12.6841,54.3723],[12.7175,54.4138],[12.6808,54.4109],[12.4787,54.3319],[12.4103,54.2692],[12.4582,54.2556],[12.3688,54.2692],[12.4385,54.3875],[12.9212,54.4335],[12.5102,54.4774],[12.3421,54.3039],[12.1089,54.183],[12.115,54.0979],[12.0881,54.1941],[11.6897,54.1552],[11.5191,54.0364],[11.4577,53.9062],[11.2429,53.9452],[11.1751,54.018],[10.9226,53.9614],[10.7804,54.01],[10.7526,54.0501],[10.8054,54.0949],[11.0533,54.2061],[11.0546,54.3751],[10.7313,54.3102],[10.3184,54.4433],[10.1418,54.3244],[10.1813,54.4725],[9.9276,54.2739],[9.1485,54.2061],[8.9534,54.3074],[8.8396,54.2556],[8.8128,54.1805],[8.8607,54.1252],[8.9529,54.1501],[9.0183,54.0979],[8.9972,54.0302],[8.8466,54.039],[8.916,53.9374],[9.3952,53.831],[9.5837,53.6125],[9.832,53.5436],[9.5824,53.5913],[9.2834,53.8616],[8.5854,53.8676],[8.4861,53.7004],[8.5658,53.5467],[8.4976,53.4748],[8.5044,53.3581],[8.49,53.4864],[8.5521,53.5436],[8.4329,53.5679],[8.4669,53.3946],[8.3809,53.3946],[8.3847,53.1248],[8.0426,53.0574],[7.7826,53.1922],[7.9472,53.5971],[8.0292,53.667],[7.9514,53.7219],[7.305,53.6848],[7.0868,53.5869],[7.1418,53.5372],[7.0597,53.5217],[7.0233,53.4505],[7.0383,53.3486],[7.3665,53.3028],[7.2547,53.3195],[7.1946,53.245],[6.7302,53.4606],[5.9808,53.4061],[5.5916,53.3028],[5.2844,53.0672],[5.3857,52.99],[5.3908,52.8554],[5.0537,52.7208],[5.0618,52.5191],[4.8909,52.5191]],[[20.4536,49.25],[20.4492,49.1838],[20.2781,49.1175],[20.2867,49.25],[20.4536,49.25]],[[5.9585,46.212],[5.9829,46.2227],[6.0007,46.2276],[5.9585,46.212]],[[6.0629,46.2445],[6.0908,46.2521],[6.0897,46.2464],[6.0629,46.2445]],[[6.6139,48.9851],[7.0319,48.9189],[7.0335,48.8527],[6.7025,48.7865],[6.6139,48.9851]],[[6.673,52.0501],[6.6799,52.0605],[6.675,52.0348],[6.673,52.0501]],[[6.701,49.1729],[6.7221,49.158],[6.7138,49.1589],[6.701,49.1729]],[[6.7827,45.7953],[6.7863,45.8015],[6.7839,45.7882],[6.7827,45.7953]],[[6.7843,46.2008],[6.7922,46.2217],[6.8277,46.2695],[6.7843,46.2008]],[[6.8328,45.6905],[6.8623,45.6792],[6.8431,45.6827],[6.8328,45.6905]],[[6.8585,49.1838],[7.527,49.1175],[7.5298,48.9851],[7.1983,48.9189],[6.8619,49.0513],[6.8585,49.1838]],[[6.8984,45.6655],[6.9634,45.6407],[6.9186,45.6526],[6.8984,45.6655]],[[6.9799,44.2461],[6.9887,44.2416],[6.9828,44.2417],[6.9799,44.2461]],[[6.9828,44.847],[7.0049,44.828],[7.0043,44.8249],[6.9828,44.847]],[[7.0201,45.9292],[7.0349,45.9169],[7.0221,45.9253],[7.0201,45.9292]],[[7.0782,45.8884],[7.1535,45.8765],[7.0902,45.8805],[7.0782,45.8884]],[[7.3093,44.1475],[7.339,44.1249],[7.331,44.1253],[7.3093,44.1475]],[[7.3618,45.9078],[7.453,45.9459],[7.3938,45.9157],[7.3618,45.9078]],[[7.4267,47.4621],[7.4274,47.4683],[7.4293,47.4651],[7.4267,47.4621]],[[7.5726,48.095],[7.5787,48.1112],[7.5757,48.0537],[7.5726,48.095]],[[7.5802,47.5822],[7.586,47.5846],[7.6032,47.5874],[7.5802,47.5822]],[[7.5825,48.1213],[7.5857,48.1297],[7.6134,48.1792],[7.5825,48.1213]],[[7.6097,47.5647],[7.6402,47.5703],[7.6359,47.5646],[7.6097,47.5647]],[[7.6953,44.8426],[7.8576,44.8426],[7.8587,44.7773],[7.9398,44.7773],[7.8641,44.4507],[7.7011,44.516],[7.6953,44.8426]],[[7.7031,45.9278],[7.737,45.9242],[7.7063,45.9257],[7.7031,45.9278]],[[7.8702,45.9404],[7.8729,45.9594],[7.8807,45.9664],[7.8702,45.9404]],[[7.891,45.9755],[7.8982,45.9819],[7.9833,45.9988],[7.9787,45.9952],[7.891,45.9755]],[[7.9891,46.0033],[8.0007,46.0175],[7.9984,46.0106],[7.9891,46.0033]],[[8.0294,48.9851],[8.1127,48.9851],[8.1138,48.9189],[8.0306,48.9189],[8.0294,48.9851]],[[8.5747,47.597],[8.5803,47.639],[8.5806,47.6002],[8.5747,47.597]],[[9.2732,47.6501],[9.5475,47.5345],[9.5475,47.5345],[9.2732,47.6501]],[[9.2823,46.4974],[9.331,46.5015],[9.3508,46.4979],[9.2823,46.4974]],[[9.477,47.0639],[9.5812,47.0569],[9.6691,47.0562],[9.5606,47.0524],[9.477,47.0639]],[[9.4874,47.21],[9.5046,47.2437],[9.5171,47.2564],[9.4874,47.21]],[[9.6126,47.5219],[9.704,47.5314],[9.6767,47.5226],[9.6126,47.5219]],[[9.8486,47.5386],[9.8589,47.5413],[9.9188,47.5322],[9.8486,47.5386]],[[10.0226,47.488],[10.0718,47.4391],[10.0806,47.4274],[10.0226,47.488]],[[10.0427,46.2205],[10.1026,46.2289],[10.0757,46.22],[10.0427,46.2205]],[[10.0532,47.4049],[10.0806,47.4274],[10.076,47.4169],[10.0532,47.4049]],[[10.0924,46.3381],[10.0956,46.344],[10.0935,46.3356],[10.0924,46.3381]],[[10.0998,46.321],[10.1589,46.2624],[10.1049,46.3094],[10.0998,46.321]],[[10.1015,46.3549],[10.105,46.3614],[10.1332,46.3811],[10.1015,46.3549]],[[10.3639,46.9912],[10.3734,46.9963],[10.3758,46.9946],[10.3639,46.9912]],[[10.6949,47.5982],[11.0249,47.5323],[10.695,47.5323],[10.6949,47.5982]],[[12.7389,48.1134],[12.7431,48.1158],[12.7397,48.1069],[12.7389,48.1134]],[[12.7414,48.092],[12.7486,48.0788],[12.742,48.0868],[12.7414,48.092]],[[12.7539,48.0725],[12.8306,48.0155],[12.7602,48.0649],[12.7539,48.0725]],[[13.3842,48.993],[13.4179,48.9672],[13.3985,48.9777],[13.3842,48.993]],[[13.443,48.9536],[13.4823,48.9376],[13.4589,48.945],[13.443,48.9536]],[[13.5068,46.5469],[13.5492,46.5458],[13.607,46.5329],[13.5068,46.5469]],[[13.8692,48.7538],[13.8749,48.7524],[13.9078,48.7376],[13.8692,48.7538]],[[13.988,48.7016],[13.9911,48.7002],[14.0321,48.6673],[14.0324,48.6632],[13.988,48.7016]],[[14.0062,48.6395],[14.0326,48.6596],[14.0329,48.6549],[14.0062,48.6395]],[[14.0408,48.6012],[14.2165,48.5812],[14.0748,48.5917],[14.0408,48.6012]],[[14.1499,46.4401],[14.3958,46.441],[14.3993,46.4393],[14.1499,46.4401]],[[14.3209,48.5595],[14.4054,48.5863],[14.3254,48.5586],[14.3209,48.5595]],[[14.412,46.4332],[14.4509,46.4145],[14.42,46.4244],[14.412,46.4332]],[[14.7592,50.8102],[14.7914,50.8297],[14.7851,50.8201],[14.7592,50.8102]],[[14.911,51.469],[14.9451,51.4492],[14.9554,51.4354],[14.911,51.469]],[[14.9469,51.4229],[14.9629,51.3332],[14.961,51.3353],[14.9469,51.4229]],[[14.9646,48.9717],[14.9789,49.0063],[14.9815,49.0067],[14.9646,48.9717]],[[14.987,49.0074],[15.004,49.0098],[15.1374,48.993],[14.987,49.0074]],[[15.972,46.8206],[15.9817,46.8277],[16.0941,46.8629],[16.094,46.8628],[15.972,46.8206]],[[16.2337,46.4787],[16.2349,46.4933],[16.2509,46.405],[16.2337,46.4787]],[[16.3476,46.5436],[16.3579,46.547],[16.3517,46.5395],[16.3476,46.5436]],[[16.945,48.6042],[16.9475,48.6232],[16.9543,48.5574],[16.945,48.6042]],[[17.0386,46.169],[17.0889,46.1362],[17.0529,46.1535],[17.0386,46.169]],[[17.0856,47.9701],[17.1483,48.0054],[17.1848,48.0203],[17.0856,47.9701]],[[17.1069,46.1276],[17.2086,46.1166],[17.1162,46.1231],[17.1069,46.1276]],[[17.6161,47.8292],[17.6191,47.8292],[17.6237,47.826],[17.6161,47.8292]],[[18.6487,45.0627],[18.6713,45.0869],[18.6766,45.086],[18.6487,45.0627]],[[18.6798,45.0855],[18.6841,45.0848],[18.7383,45.0159],[18.6798,45.0855]],[[18.7325,49.4803],[18.7736,49.5049],[18.785,49.5059],[18.7325,49.4803]],[[18.8283,45.9057],[18.8865,45.9304],[18.8964,45.9295],[18.8283,45.9057]],[[18.9777,45.9435],[18.9818,45.9508],[18.986,45.9311],[18.9777,45.9435]],[[18.9848,45.924],[18.9871,45.9258],[18.9875,45.9238],[18.9848,45.924]],[[19.3415,44.8988],[19.3532,44.899],[19.3644,44.889],[19.3415,44.8988]],[[19.3696,44.8842],[19.3728,44.8814],[19.3766,44.863],[19.3696,44.8842]],[[19.7771,49.1923],[19.8049,49.1891],[19.7859,49.1882],[19.7771,49.1923]],[[20.4817,48.5261],[20.5105,48.5338],[20.8003,48.5692],[20.4817,48.5261]],[[20.8128,46.2688],[20.8196,46.2717],[20.8254,46.2699],[20.8128,46.2688]],[[21.1645,46.3183],[21.1687,46.3628],[21.1763,46.3727],[21.1645,46.3183]],[[21.5917,48.493],[21.6197,48.4337],[21.6134,48.4404],[21.5917,48.493]],[[21.7277,48.3409],[21.7728,48.337],[21.759,48.3338],[21.7277,48.3409]],[[21.9293,48.3729],[22.0838,48.3789],[22.0779,48.3758],[21.9293,48.3729]],[[22.0277,55.0444],[22.0649,55.0324],[22.05,55.0335],[22.0277,55.0444]],[[22.5411,55.0758],[22.5655,55.0678],[22.5807,55.0576],[22.5411,55.0758]]],[[[5.8098,53.4474],[5.8556,53.4474],[5.9546,53.4611],[5.9255,53.4702],[5.8098,53.4474]]],[[[6.1228,53.4816],[6.1333,53.4679],[6.1275,53.4599],[6.1333,53.4536],[6.1532,53.4688],[6.3387,53.502],[6.3387,53.5089],[6.3108,53.5141],[6.2118,53.5089],[6.1228,53.4816]]],[[[7.0202,53.6826],[7.0855,53.687],[7.047,53.6942],[7.0334,53.6931],[7.0202,53.6826]]],[[[7.1331,53.7081],[7.1736,53.7014],[7.3467,53.7232],[7.2329,53.7294],[7.179,53.7241],[7.1331,53.7081]]],[[[7.3665,53.728],[7.4212,53.7211],[7.4356,53.728],[7.4197,53.7323],[7.3848,53.7323],[7.3665,53.728]]],[[[7.473,53.7319],[7.5112,53.728],[7.5119,53.7323],[7.473,53.7323],[7.473,53.7319]]],[[[8.8617,54.3007],[8.9452,54.3117],[8.8874,54.3417],[8.8617,54.3007]]],[[[11.3757,53.9818],[11.4577,53.9614],[11.4979,54.0228],[11.3757,53.9818]]],[[[11.5285,54.0751],[11.5396,54.057],[11.6159,54.1121],[11.5339,54.0849],[11.5285,54.0751]]],[[[13.0614,54.4685],[13.0682,54.4685],[13.075,54.5094],[13.1026,54.5299],[13.1189,54.5864],[13.1434,54.5981],[13.1497,54.5777],[13.1497,54.5914],[13.1571,54.588],[13.1511,54.6049],[13.105,54.5966],[13.0707,54.5206],[13.0642,54.5051],[13.0614,54.4685]]],[[[13.1155,54.3381],[13.4072,54.2282],[13.3596,54.2755],[13.4997,54.3449],[13.6909,54.3518],[13.617,54.3176],[13.7119,54.3319],[13.6511,54.2972],[13.7232,54.2784],[13.73,54.3156],[13.5755,54.4719],[13.6707,54.5662],[13.4246,54.5851],[13.383,54.6364],[13.4451,54.6801],[13.3908,54.6882],[13.231,54.6533],[13.2935,54.6423],[13.2533,54.5646],[13.3692,54.6121],[13.5208,54.5708],[13.5071,54.4883],[13.3767,54.5646],[13.3489,54.5237],[13.3694,54.5851],[13.2979,54.5197],[13.1434,54.5429],[13.2731,54.4821],[13.157,54.4268],[13.2669,54.3859],[13.1155,54.3381]]],[[[13.7741,54.0228],[13.8636,54.05],[13.8909,54.0102],[13.9461,54.0666],[14.0513,54.0051],[14.0483,53.9409],[13.9045,53.9954],[13.9317,53.8993],[13.8401,53.8503],[14.1595,53.8754],[14.1625,53.9684],[14.0166,54.06],[13.7862,54.1303],[13.7741,54.0228]]],[[[14.5985,45.1696],[14.6023,45.1681],[14.6238,45.1755],[14.5994,45.209],[14.5985,45.1696]]],[[[14.6157,45.1626],[14.6699,45.1406],[14.6709,45.1435],[14.6653,45.1618],[14.6437,45.1568],[14.6157,45.1626]]],[[[14.7564,44.9751],[14.815,44.9775],[14.7578,45.0327],[14.7564,44.9751]]],[[[14.9089,44.5813],[15.0667,44.4953],[15.0412,44.5275],[15.0039,44.5361],[14.9663,44.5734],[14.9095,44.6068],[14.9089,44.5813]]],[[[15.1466,44.3854],[15.2278,44.3589],[15.1474,44.4162],[15.1466,44.3854]]],[[[21.0828,55.5002],[21.1078,55.4715],[21.1336,55.5683],[21.0852,55.7228],[21.0828,55.5002]]],[[[6.4625,48.4559],[6.6357,48.1917],[6.7979,48.3238],[6.7097,48.522],[6.4625,48.4559]]],[[[4.8783,48.6542],[4.8834,48.522],[5.0495,48.522],[5.052,48.4559],[5.2179,48.4559],[5.2203,48.3899],[5.3862,48.3899],[5.4622,48.5881],[5.8817,48.4559],[5.7878,48.7865],[5.8688,48.8527],[5.4552,48.7865],[5.3791,48.5881],[5.2961,48.5881],[5.2865,48.8527],[5.1275,48.6542],[4.8783,48.6542]]],[[[5.8688,48.8527],[6.0373,48.7865],[6.0331,48.9189],[5.9499,48.9189],[5.8688,48.8527]]],[[[5.3529,49.3163],[5.3649,48.9851],[5.6979,48.9851],[5.6078,49.1838],[5.8536,49.3163],[5.8514,49.3826],[5.3529,49.3163]]],[[[4.4064,49.98],[4.5768,49.9136],[4.5852,49.7143],[4.6689,49.7143],[4.6743,49.5816],[4.9408,49.1838],[5.176,49.5816],[5.1659,49.8471],[4.7308,50.246],[4.4759,50.3125],[4.4064,49.98]],[[4.5955,49.972],[4.6475,49.9865],[4.6458,49.9845],[4.5955,49.972]]],[[[3.6356,50.3125],[3.7293,50.113],[3.8132,50.113],[3.9872,49.98],[4.1518,50.0465],[4.1428,50.246],[3.9686,50.3791],[3.6356,50.3125]]],[[[10.1632,42.8164],[10.1963,42.7362],[10.3379,42.7648],[10.4307,42.7221],[10.3888,42.7635],[10.4367,42.8044],[10.4124,42.8734],[10.3473,42.8059],[10.1632,42.8164]]]]}},{"type":"Feature","properties":{"relationId":"cliopatria-relation-05d40e20061f","name":"(Vassalage of Qara Qoyunlu to Timurid Empire)","name_ko":"카라 코윤루–티무르 왕조 봉신 관계","relationKind":"vassalage","relation_kind_ko":"봉신 관계","actor_ids":"cliopatria-q324470-ec5f7d2167;cliopatria-q484195-edecf37f5e","actor_names_ko":"카라 코윤루;티무르 왕조","color":"#ae87e8","startYear":1450,"endYear":1452,"source_name":"Cliopatria v0.2.0","source_url":"https://github.com/Seshat-Global-History-Databank/cliopatria","license":"CC BY 4.0","attribution":"Seshat Global History Databank, Cliopatria contributors"},"geometry":{"type":"MultiPolygon","coordinates":[[[[39.6776,40.0317],[39.7092,39.7083],[39.9268,39.5789],[39.9081,39.4496],[40.0656,39.4496],[40.0469,39.3203],[40.1857,39.1911],[40.6576,39.1911],[40.514,38.7389],[40.7219,38.5451],[40.737,38.0933],[40.8152,38.0933],[40.7885,37.8998],[40.8667,37.8998],[41.0305,37.3838],[41.1085,37.3838],[41.1345,36.9971],[41.4114,36.7393],[41.4636,36.546],[42.0081,35.9664],[41.9913,35.8377],[42.6979,35.3227],[42.6728,35.1297],[42.838,34.615],[43.2755,34.422],[43.3113,34.1004],[43.3883,34.1004],[43.3395,33.7146],[43.5537,33.5859],[43.784,33.5859],[43.9539,33.7146],[44.0993,33.6502],[44.1352,33.3288],[44.3409,33.1359],[44.3853,32.8788],[44.6069,32.8145],[44.7885,32.4288],[45.1388,32.1717],[45.1836,31.9146],[45.3284,31.8503],[45.305,31.6575],[45.4575,31.6575],[45.8834,30.7578],[46.6281,30.6292],[46.6205,30.565],[46.9016,30.3722],[46.8866,30.2436],[47.5634,29.5366],[47.6391,29.5366],[47.7003,29.4081],[47.9655,29.5763],[48.1734,29.5734],[47.9956,29.8277],[47.9348,30.1071],[47.969,30.0041],[48.1192,30.045],[48.5205,29.9289],[48.5549,29.9565],[48.4766,29.984],[48.6005,29.9865],[48.3884,30.1151],[48.4001,30.2116],[48.3292,30.2876],[48.4003,30.2138],[48.4117,30.3079],[48.2755,30.4364],[48.0478,30.4364],[48.1031,30.8863],[47.739,31.0148],[47.7957,31.4647],[47.9813,31.7218],[47.7098,31.9789],[47.6588,32.1717],[47.8286,32.3002],[48.0781,33.0073],[48.6143,33.0073],[48.7493,32.8788],[49.123,32.8145],[49.3162,32.5574],[49.7077,32.6216],[49.8423,32.4931],[49.815,32.3002],[50.0261,32.1717],[50.0665,31.9146],[49.4375,31.2076],[49.0494,30.5128],[49.2112,30.5063],[49.2572,30.4219],[49.2029,30.3466],[49.0694,30.4058],[49.0187,30.3079],[49.1646,30.2252],[49.2092,30.2715],[49.283,30.1581],[49.4798,30.1561],[49.5645,30.0168],[49.9146,30.2039],[50.0734,30.1957],[50.1613,29.9263],[50.6553,29.4491],[50.6895,29.2908],[50.6435,29.1458],[50.8403,29.1406],[50.915,29.0867],[50.929,29.0097],[50.8345,28.8914],[51.0588,28.7359],[51.0807,28.5339],[51.2853,28.2409],[51.2698,28.1405],[51.4083,27.9323],[51.5842,27.8511],[52.0112,27.8327],[52.4596,27.6326],[52.6701,27.4486],[52.6098,27.4123],[52.6669,27.3271],[52.9326,27.1603],[53.4441,26.9757],[53.7161,26.7086],[54.0158,26.7495],[54.3081,26.715],[54.3894,26.6051],[54.5613,26.5847],[54.62,26.5082],[54.791,26.4958],[55.2708,26.7925],[55.5217,26.7846],[55.5804,26.8591],[55.5545,26.8999],[55.6659,26.9954],[55.9393,27.0267],[56.1237,27.1606],[56.353,27.2016],[56.8088,27.1396],[56.8846,27.0781],[56.8677,27.0123],[56.9733,27.003],[56.9273,26.9556],[57.0524,26.8366],[57.0872,26.4061],[57.2129,26.1662],[57.1668,26.083],[57.3493,25.7803],[57.7556,25.7427],[57.7717,25.6356],[57.9632,25.6932],[58.0462,25.5749],[58.1375,25.5507],[58.419,25.612],[58.8252,25.5604],[59.044,25.3996],[59.4539,25.4616],[59.538,25.3998],[59.8446,25.3579],[60.3993,25.3579],[60.4285,25.4196],[60.5497,25.4469],[60.6321,25.3579],[60.6335,25.275],[61.0306,25.2098],[61.2236,25.1124],[61.5074,25.1467],[61.4826,25.1937],[61.5584,25.2005],[61.5545,25.2541],[61.5882,25.2021],[61.7831,25.188],[61.7201,25.0374],[61.8431,25.0364],[61.8811,25.103],[62.0972,25.1071],[62.059,25.1616],[62.1452,25.2184],[62.2542,25.212],[62.3398,25.1302],[62.5275,25.2642],[63.5108,25.2293],[63.4695,25.2893],[63.5725,25.365],[64.0727,25.3579],[64.0488,25.4165],[63.9766,25.4128],[64.0454,25.4503],[64.1553,25.4469],[64.0838,25.4267],[64.1,25.3579],[64.225,25.3579],[64.4393,25.2346],[64.5654,25.2703],[64.6111,25.1886],[64.7018,25.1773],[64.6686,25.2551],[64.7444,25.324],[65.1899,25.3135],[65.2323,25.3707],[65.3954,25.3923],[65.6521,25.3445],[66.1813,25.4531],[66.3411,25.5483],[66.0944,25.4748],[66.2039,25.5932],[66.3699,25.623],[66.5877,26.258],[66.9592,26.7723],[67.3812,27.0938],[68.3415,27.4795],[68.5219,27.6724],[69.2302,27.8652],[69.4979,28.1224],[69.7347,28.1867],[69.756,28.3153],[70.1658,28.5081],[70.3949,28.9581],[70.846,32.0431],[71.1728,32.4931],[71.2297,32.7502],[71.5938,33.0073],[71.4845,33.2002],[71.5288,33.3931],[72.1408,34.0361],[72.5408,34.1004],[72.7573,34.3577],[73.1901,34.5506],[73.3282,34.4863],[73.6401,34.8079],[73.965,34.8723],[74.1688,35.0653],[73.6613,35.194],[73.6944,35.3227],[73.943,35.3871],[73.8386,35.5802],[73.253,35.7089],[73.226,35.902],[72.6061,35.902],[72.6564,36.0952],[73.2246,36.4816],[73.1816,36.6105],[73.9764,36.6749],[73.934,36.8037],[73.7785,36.8037],[73.7867,36.8863],[73.6401,36.8966],[73.785,36.8895],[73.694,37.0615],[73.7841,37.3838],[73.6463,37.4483],[73.7012,37.6417],[73.6231,37.6417],[73.697,37.8998],[73.6188,37.8998],[73.7487,38.6097],[73.6703,38.6097],[73.8068,38.8034],[73.7283,38.8034],[73.787,38.9972],[73.6496,39.0618],[73.6891,39.1911],[73.6104,39.1911],[73.7104,39.5143],[73.8882,39.5789],[73.9533,40.0317],[73.373,40.6792],[73.0805,40.7668],[72.9768,40.7361],[73.0746,40.7685],[72.94,40.8088],[72.9249,41.0032],[72.1006,41.3922],[71.7824,41.3922],[71.8039,41.4571],[71.0508,41.5869],[71.0356,41.7816],[70.3608,41.9114],[70.1858,42.1063],[70.1923,42.3662],[70.1123,42.3662],[70.3235,42.7563],[70.2073,42.8864],[70.2961,43.1467],[71.3524,44.3201],[70.428,44.4507],[70.1393,44.3201],[66.6778,44.1243],[66.6617,44.3201],[66.4243,44.5813],[66.2623,44.5813],[66.1055,44.8426],[65.4011,45.1696],[65.3628,45.3004],[64.9174,45.4313],[64.8787,45.5623],[63.0315,46.4145],[61.6815,46.8086],[61.2512,45.9554],[61.3329,45.9554],[61.2523,45.6933],[61.3339,45.6933],[61.3352,45.4313],[61.7222,45.3659],[61.5823,44.908],[61.42,44.908],[61.3805,44.7773],[60.8969,44.516],[60.7808,44.1243],[60.6001,44.0591],[60.3865,43.6027],[60.1075,43.4723],[59.1235,43.4072],[58.6329,43.6678],[58.4175,43.4723],[57.3291,43.0165],[57.2034,42.2362],[57.2833,42.2362],[57.279,41.9114],[57.4514,41.6518],[57.4018,41.4571],[57.2099,41.3274],[56.4305,41.068],[55.859,41.0032],[54.6836,41.068],[54.7466,40.9327],[54.6399,40.8388],[54.4749,40.8099],[54.4378,40.817],[54.4658,40.866],[54.4001,40.8736],[54.3701,40.744],[54.3116,40.7373],[54.4304,40.7214],[54.3626,40.6879],[54.4036,40.6737],[54.2527,40.6766],[54.2321,40.7283],[53.721,40.6257],[53.72,40.6792],[53.4044,40.6792],[53.3794,40.7915],[53.3397,40.744],[52.9433,40.744],[52.9723,40.8736],[52.893,40.8736],[52.8318,40.7097],[52.8631,40.6581],[52.7135,40.3554],[52.7785,40.3554],[52.7877,40.0317],[53.4985,40.0317],[53.5036,39.9747],[53.5745,39.9679],[53.5111,39.8909],[53.5338,39.6376],[53.5335,39.6805],[53.7362,39.5179],[53.1375,39.4496],[53.5176,39.385],[53.9868,38.9972],[53.8298,37.8352],[53.9079,37.8352],[53.9105,37.4483],[54.0947,37.1904],[54.0143,36.8211],[53.8892,36.7936],[53.4887,36.8682],[52.586,36.6105],[51.642,36.546],[50.532,36.8682],[50.611,36.9697],[50.4759,37.0379],[50.3209,36.9971],[49.9988,37.3838],[49.0851,37.5128],[48.8285,37.8352],[48.801,38.9972],[48.9155,39.1911],[49.1635,39.2557],[49.1757,39.3203],[49.0305,39.385],[49.0008,39.6436],[48.7766,39.7083],[48.7225,39.8376],[47.3693,39.7729],[47.3143,39.9023],[46.9986,39.9023],[46.8764,40.0964],[46.6513,40.1612],[46.6082,40.3554],[45.6942,40.5496],[45.2866,40.4849],[45.1516,40.6144],[44.7555,40.6144],[44.6202,40.744],[44.2917,40.6792],[44.2354,40.8088],[43.7709,40.8736],[43.737,40.6792],[43.8729,40.5496],[43.8173,40.2259],[42.8367,40.0317],[42.4688,39.7083],[41.2371,39.9023],[41.3666,40.2259],[41.1497,40.3554],[40.7341,40.2259],[40.0324,40.2906],[39.6776,40.0317]],[[42.7157,37.3553],[42.7805,37.3755],[42.788,37.3732],[42.7157,37.3553]],[[42.7951,37.371],[42.8011,37.3691],[42.8141,37.3468],[42.7951,37.371]],[[44.5699,37.5144],[44.5732,37.5275],[44.5793,37.477],[44.5699,37.5144]],[[44.692,39.793],[44.7746,39.7028],[44.7769,39.6984],[44.692,39.793]],[[44.7525,37.1131],[44.7649,37.1394],[44.7544,37.1084],[44.7525,37.1131]],[[44.8011,39.653],[44.8085,39.6391],[44.807,39.6399],[44.8011,39.653]],[[44.814,39.6362],[44.8723,39.6251],[44.8278,39.6288],[44.814,39.6362]],[[44.8666,36.7801],[44.9227,36.7759],[44.8772,36.7765],[44.8666,36.7801]],[[44.9962,36.7417],[45.0353,36.6896],[45.0373,36.6808],[44.9962,36.7417]],[[45.0355,36.633],[45.0426,36.6569],[45.0443,36.6493],[45.0355,36.633]],[[45.0382,36.494],[45.0608,36.4472],[45.0391,36.4798],[45.0382,36.494]],[[45.0791,36.4197],[45.1108,36.4025],[45.0837,36.4128],[45.0791,36.4197]],[[45.0922,39.3444],[45.096,39.3411],[45.1358,39.2785],[45.0922,39.3444]],[[45.1108,36.4025],[45.196,36.4224],[45.2213,36.4209],[45.1108,36.4025]],[[45.753,39.5635],[45.7655,39.5616],[45.7739,39.5549],[45.753,39.5635]],[[46.1064,38.8682],[46.1359,38.8637],[46.1261,38.8627],[46.1064,38.8682]],[[46.5901,38.9137],[46.6522,38.9929],[46.5992,38.9197],[46.5901,38.9137]],[[48.291,30.32],[48.2964,30.3198],[48.3014,30.3149],[48.291,30.32]],[[48.3811,30.1453],[48.3832,30.1481],[48.3831,30.1424],[48.3811,30.1453]],[[48.4239,30.0836],[48.4618,29.9949],[48.4531,30.0014],[48.4239,30.0836]],[[54.7873,37.6519],[54.8136,37.7186],[54.8234,37.7283],[54.7873,37.6519]],[[55.4474,38.0837],[55.6299,38.1056],[55.511,38.0858],[55.4474,38.0837]],[[55.724,38.1169],[55.7384,38.1186],[55.7688,38.1115],[55.724,38.1169]],[[55.8208,38.0995],[55.8798,38.0858],[55.8541,38.086],[55.8208,38.0995]],[[56.2141,38.0688],[56.3155,38.0895],[56.2997,38.0802],[56.2141,38.0688]],[[57.1814,38.2757],[57.1859,38.2765],[57.2183,38.2651],[57.1814,38.2757]],[[61.1016,35.2353],[61.1038,35.2494],[61.1124,35.202],[61.1016,35.2353]],[[63.1743,26.685],[63.1823,26.8302],[63.1896,26.846],[63.1743,26.685]],[[63.1896,26.846],[63.206,26.8537],[63.2467,26.8595],[63.1896,26.846]],[[64.589,36.5802],[64.5901,36.5947],[64.6105,36.5009],[64.589,36.5802]],[[64.5911,36.6093],[64.592,36.6211],[64.5985,36.6369],[64.5911,36.6093]],[[64.614,36.6746],[64.6214,36.6926],[64.7652,36.9046],[64.614,36.6746]],[[64.7788,37.118],[64.8079,37.1355],[64.9891,37.2137],[64.7788,37.118]],[[66.0797,37.4409],[66.1545,37.3835],[66.1429,37.3851],[66.0797,37.4409]],[[66.3069,38.0804],[66.4204,38.0419],[66.4083,38.0428],[66.3069,38.0804]],[[66.4878,37.3422],[66.5196,37.3642],[66.531,37.3649],[66.4878,37.3422]],[[66.5399,38.028],[66.5542,38.0269],[66.5722,38.0184],[66.5399,38.028]],[[67.7731,37.11],[67.7741,37.1205],[67.7823,37.1029],[67.7731,37.11]],[[67.8003,37.0891],[67.8176,37.0806],[67.808,37.0832],[67.8003,37.0891]],[[68.0169,36.9294],[68.0256,36.9271],[68.0202,36.9257],[68.0169,36.9294]],[[68.0433,36.9316],[68.1864,37.0183],[68.0549,36.9346],[68.0433,36.9316]],[[69.2457,37.1039],[69.3143,37.1189],[69.3121,37.1175],[69.2457,37.1039]],[[69.313,39.9848],[69.314,39.9869],[69.3174,39.9848],[69.313,39.9848]],[[69.4122,39.525],[69.5144,39.5376],[69.4773,39.5304],[69.4122,39.525]],[[69.6528,40.6453],[69.6909,40.63],[69.6601,40.6387],[69.6528,40.6453]],[[71.3191,36.2006],[71.3935,36.228],[71.3824,36.2186],[71.3191,36.2006]],[[71.3564,35.9331],[71.3685,35.894],[71.3607,35.9003],[71.3564,35.9331]],[[71.4008,35.868],[71.4167,35.8588],[71.4234,35.8499],[71.4008,35.868]],[[71.4471,35.8179],[71.4644,35.7947],[71.4658,35.7881],[71.4471,35.8179]],[[71.4756,35.741],[71.5027,35.7191],[71.5074,35.7095],[71.4756,35.741]],[[71.4833,35.6266],[71.5059,35.6034],[71.4927,35.6096],[71.4833,35.6266]],[[71.5144,35.6753],[71.5151,35.6935],[71.5198,35.6838],[71.5144,35.6753]],[[71.5316,35.3279],[71.6138,35.4035],[71.6111,35.3955],[71.5316,35.3279]],[[71.573,35.5692],[71.5842,35.5642],[71.5935,35.5494],[71.573,35.5692]],[[72.1496,36.6893],[72.1535,36.7021],[72.1657,36.7071],[72.1496,36.6893]],[[72.1861,36.7153],[72.2136,36.7264],[72.2821,36.738],[72.1861,36.7153]],[[72.3215,36.7447],[72.3873,36.7558],[72.4541,36.758],[72.3215,36.7447]],[[72.6028,36.8252],[72.6296,36.8329],[72.6623,36.8326],[72.6028,36.8252]],[[72.7375,36.8318],[72.8677,36.8304],[72.7794,36.8268],[72.7375,36.8318]],[[73.3676,39.4438],[73.4769,39.4648],[73.4924,39.4642],[73.3676,39.4438]],[[73.8198,39.7667],[73.8208,39.7783],[73.8295,39.747],[73.8198,39.7667]],[[73.8222,39.7962],[73.823,39.8057],[73.8287,39.8145],[73.8222,39.7962]],[[73.8381,39.8289],[73.8441,39.8381],[73.8807,39.865],[73.8381,39.8289]]],[[[48.0108,29.9805],[48.0311,29.971],[48.0789,30.0041],[48.1061,30.0176],[48.1092,30.028],[48.0547,30.0245],[48.0108,29.9805]]],[[[48.0461,29.8005],[48.1858,29.6039],[48.3527,29.7098],[48.3445,29.7906],[48.1621,29.9957],[48.1227,29.9697],[48.1974,29.9254],[48.0951,29.8947],[48.1133,29.8391],[48.0461,29.8005]]],[[[55.2926,26.5485],[55.8766,26.7429],[55.947,26.6963],[56.2874,26.9551],[56.2124,27.003],[55.8977,26.9068],[55.758,26.954],[55.7742,26.7969],[55.3045,26.6564],[55.2926,26.5485]]],[[[44.8247,42.6912],[44.9049,42.6912],[44.9175,42.7563],[44.8374,42.7563],[44.8247,42.6912]]],[[[44.7572,42.7563],[44.8374,42.7563],[44.85,42.8213],[44.7699,42.8213],[44.7572,42.7563]]]]}},{"type":"Feature","properties":{"relationId":"cliopatria-relation-05d40e20061f","name":"(Vassalage of Qara Qoyunlu to Timurid Empire)","name_ko":"카라 코윤루–티무르 왕조 봉신 관계","relationKind":"vassalage","relation_kind_ko":"봉신 관계","actor_ids":"cliopatria-q324470-ec5f7d2167;cliopatria-q484195-edecf37f5e","actor_names_ko":"카라 코윤루;티무르 왕조","color":"#ae87e8","startYear":1453,"endYear":1458,"source_name":"Cliopatria v0.2.0","source_url":"https://github.com/Seshat-Global-History-Databank/cliopatria","license":"CC BY 4.0","attribution":"Seshat Global History Databank, Cliopatria contributors"},"geometry":{"type":"MultiPolygon","coordinates":[[[[39.6776,40.0317],[39.7092,39.7083],[39.9268,39.5789],[39.9081,39.4496],[40.0656,39.4496],[40.0469,39.3203],[40.1857,39.1911],[40.6576,39.1911],[40.514,38.7389],[40.7219,38.5451],[40.737,38.0933],[40.8152,38.0933],[40.7885,37.8998],[40.8667,37.8998],[41.0305,37.3838],[41.1085,37.3838],[41.1345,36.9971],[41.4114,36.7393],[41.4636,36.546],[42.0081,35.9664],[41.9913,35.8377],[42.6979,35.3227],[42.6728,35.1297],[42.838,34.615],[43.2755,34.422],[43.3113,34.1004],[43.3883,34.1004],[43.3395,33.7146],[43.5537,33.5859],[43.784,33.5859],[43.9539,33.7146],[44.0993,33.6502],[44.1352,33.3288],[44.3409,33.1359],[44.3853,32.8788],[44.6069,32.8145],[44.7885,32.4288],[45.1388,32.1717],[45.1836,31.9146],[45.3284,31.8503],[45.305,31.6575],[45.4575,31.6575],[45.8834,30.7578],[46.6281,30.6292],[46.6205,30.565],[46.9016,30.3722],[46.8866,30.2436],[47.5634,29.5366],[47.6391,29.5366],[47.7003,29.4081],[47.9655,29.5763],[48.1734,29.5734],[47.9956,29.8277],[47.9348,30.1071],[47.969,30.0041],[48.1192,30.045],[48.5205,29.9289],[48.5549,29.9565],[48.4766,29.984],[48.6005,29.9865],[48.3884,30.1151],[48.4001,30.2116],[48.3292,30.2876],[48.4003,30.2138],[48.4117,30.3079],[48.2755,30.4364],[48.0478,30.4364],[48.1031,30.8863],[47.739,31.0148],[47.7957,31.4647],[47.9813,31.7218],[47.7098,31.9789],[47.6588,32.1717],[47.8286,32.3002],[48.0781,33.0073],[48.6143,33.0073],[48.7493,32.8788],[49.123,32.8145],[49.3162,32.5574],[49.7077,32.6216],[49.9497,32.1717],[50.0261,32.1717],[50.0665,31.9146],[49.4375,31.2076],[49.0494,30.5128],[49.2112,30.5063],[49.2572,30.4219],[49.2029,30.3466],[49.0694,30.4058],[49.0187,30.3079],[49.1646,30.2252],[49.2092,30.2715],[49.283,30.1581],[49.4798,30.1561],[49.5645,30.0168],[49.9146,30.2039],[50.0734,30.1957],[50.1613,29.9263],[50.6553,29.4491],[50.6895,29.2908],[50.6435,29.1458],[50.8403,29.1406],[50.915,29.0867],[50.929,29.0097],[50.8345,28.8914],[51.0588,28.7359],[51.0807,28.5339],[51.2853,28.2409],[51.2698,28.1405],[51.4083,27.9323],[51.5842,27.8511],[52.0112,27.8327],[52.4596,27.6326],[52.6701,27.4486],[52.6098,27.4123],[52.6669,27.3271],[52.9326,27.1603],[53.4441,26.9757],[53.7161,26.7086],[54.0158,26.7495],[54.3081,26.715],[54.3894,26.6051],[54.5613,26.5847],[54.62,26.5082],[54.791,26.4958],[55.2708,26.7925],[55.5217,26.7846],[55.5804,26.8591],[55.5545,26.8999],[55.6659,26.9954],[55.9393,27.0267],[56.1237,27.1606],[56.353,27.2016],[56.8088,27.1396],[56.8846,27.0781],[56.8677,27.0123],[56.9733,27.003],[56.9273,26.9556],[57.0524,26.8366],[57.0872,26.4061],[57.2129,26.1662],[57.1668,26.083],[57.3493,25.7803],[57.7556,25.7427],[57.7717,25.6356],[57.9632,25.6932],[58.0462,25.5749],[58.1375,25.5507],[58.419,25.612],[58.8252,25.5604],[59.044,25.3996],[59.4539,25.4616],[59.538,25.3998],[59.8446,25.3579],[60.3993,25.3579],[60.4285,25.4196],[60.5497,25.4469],[60.6321,25.3579],[60.6335,25.275],[61.0306,25.2098],[61.2236,25.1124],[61.5074,25.1467],[61.4826,25.1937],[61.5584,25.2005],[61.5545,25.2541],[61.5882,25.2021],[61.7831,25.188],[61.7201,25.0374],[61.8431,25.0364],[61.8811,25.103],[62.0972,25.1071],[62.059,25.1616],[62.1452,25.2184],[62.2542,25.212],[62.3398,25.1302],[62.5275,25.2642],[63.5108,25.2293],[63.4695,25.2893],[63.5725,25.365],[64.0727,25.3579],[64.0488,25.4165],[63.9766,25.4128],[64.0454,25.4503],[64.1553,25.4469],[64.0838,25.4267],[64.1,25.3579],[64.225,25.3579],[64.4393,25.2346],[64.5654,25.2703],[64.6111,25.1886],[64.7018,25.1773],[64.6686,25.2551],[64.7444,25.324],[65.1899,25.3135],[65.2323,25.3707],[65.3954,25.3923],[65.6521,25.3445],[66.1813,25.4531],[66.3411,25.5483],[66.0944,25.4748],[66.2039,25.5932],[66.3699,25.623],[66.5877,26.258],[66.9592,26.7723],[67.3812,27.0938],[68.3415,27.4795],[68.5219,27.6724],[69.2302,27.8652],[69.4979,28.1224],[69.7347,28.1867],[69.756,28.3153],[70.1658,28.5081],[70.3949,28.9581],[70.846,32.0431],[71.1728,32.4931],[71.2297,32.7502],[71.5938,33.0073],[71.4845,33.2002],[71.5288,33.3931],[72.1408,34.0361],[72.5408,34.1004],[72.7573,34.3577],[73.1901,34.5506],[73.3282,34.4863],[73.6401,34.8079],[73.965,34.8723],[74.1688,35.0653],[73.6613,35.194],[73.6944,35.3227],[73.943,35.3871],[73.8386,35.5802],[73.253,35.7089],[73.226,35.902],[72.6061,35.902],[72.6564,36.0952],[73.2246,36.4816],[73.1816,36.6105],[73.9764,36.6749],[73.934,36.8037],[73.7785,36.8037],[73.7763,36.887],[73.6401,36.8966],[73.7762,36.8913],[73.7718,37.0615],[73.694,37.0615],[73.7841,37.3838],[73.6463,37.4483],[73.7125,38.2224],[73.6342,38.2224],[73.7487,38.6097],[73.6703,38.6097],[73.8068,38.8034],[73.7283,38.8034],[73.787,38.9972],[73.6496,39.0618],[73.6891,39.1911],[73.6104,39.1911],[73.7104,39.5143],[73.8882,39.5789],[73.9533,40.0317],[73.373,40.6792],[73.0805,40.7668],[72.9768,40.7361],[73.0746,40.7685],[72.94,40.8088],[72.9249,41.0032],[72.1006,41.3922],[71.6234,41.3922],[71.6448,41.4571],[71.0508,41.5869],[71.0356,41.7816],[70.3608,41.9114],[70.1858,42.1063],[70.1923,42.3662],[70.1123,42.3662],[70.3235,42.7563],[70.2073,42.8864],[70.2961,43.1467],[71.3524,44.3201],[70.428,44.4507],[70.1393,44.3201],[66.6778,44.1243],[66.6617,44.3201],[66.4243,44.5813],[66.2623,44.5813],[66.1055,44.8426],[65.4011,45.1696],[65.3628,45.3004],[64.9174,45.4313],[64.8787,45.5623],[63.0315,46.4145],[61.6815,46.8086],[61.2512,45.9554],[61.3329,45.9554],[61.2523,45.6933],[61.3339,45.6933],[61.3352,45.4313],[61.7222,45.3659],[61.5823,44.908],[61.42,44.908],[61.3805,44.7773],[60.8969,44.516],[60.7808,44.1243],[60.6001,44.0591],[60.3677,43.5375],[59.1235,43.4072],[58.6329,43.6678],[58.4175,43.4723],[57.3291,43.0165],[57.2034,42.2362],[57.2833,42.2362],[57.279,41.9114],[57.4514,41.6518],[57.4018,41.4571],[57.2099,41.3274],[56.4305,41.068],[55.859,41.0032],[54.6836,41.068],[54.7466,40.9327],[54.6399,40.8388],[54.4749,40.8099],[54.4378,40.817],[54.4658,40.866],[54.4001,40.8736],[54.3701,40.744],[54.3116,40.7373],[54.4304,40.7214],[54.3626,40.6879],[54.4036,40.6737],[54.2527,40.6766],[54.2321,40.7283],[53.721,40.6257],[53.72,40.6792],[53.4044,40.6792],[53.3794,40.7915],[53.3397,40.744],[52.9433,40.744],[52.9723,40.8736],[52.893,40.8736],[52.8318,40.7097],[52.8631,40.6581],[52.7135,40.3554],[52.7785,40.3554],[52.7877,40.0317],[53.4985,40.0317],[53.5036,39.9747],[53.5745,39.9679],[53.5111,39.8909],[53.5338,39.6376],[53.5335,39.6805],[53.7362,39.5179],[53.1375,39.4496],[53.5176,39.385],[53.9868,38.9972],[53.8298,37.8352],[53.9079,37.8352],[53.9105,37.4483],[54.0947,37.1904],[54.0143,36.8211],[53.8892,36.7936],[53.4887,36.8682],[52.586,36.6105],[51.642,36.546],[50.532,36.8682],[50.611,36.9697],[50.4759,37.0379],[50.3209,36.9971],[49.9988,37.3838],[49.0851,37.5128],[48.8285,37.8352],[48.801,38.9972],[48.9155,39.1911],[49.1635,39.2557],[49.1757,39.3203],[49.0305,39.385],[49.0008,39.6436],[48.7766,39.7083],[48.7225,39.8376],[47.3693,39.7729],[47.3143,39.9023],[46.9986,39.9023],[46.8764,40.0964],[46.6513,40.1612],[46.6082,40.3554],[45.6942,40.5496],[45.2866,40.4849],[45.1516,40.6144],[44.7555,40.6144],[44.6202,40.744],[44.2917,40.6792],[44.2354,40.8088],[43.7709,40.8736],[43.737,40.6792],[43.8729,40.5496],[43.8173,40.2259],[42.8367,40.0317],[42.4688,39.7083],[41.2371,39.9023],[41.3666,40.2259],[41.1497,40.3554],[40.7341,40.2259],[40.0324,40.2906],[39.6776,40.0317]],[[42.7157,37.3553],[42.7805,37.3755],[42.788,37.3732],[42.7157,37.3553]],[[42.7951,37.371],[42.8011,37.3691],[42.8141,37.3468],[42.7951,37.371]],[[44.5699,37.5144],[44.5732,37.5275],[44.5793,37.477],[44.5699,37.5144]],[[44.692,39.793],[44.7746,39.7028],[44.7769,39.6984],[44.692,39.793]],[[44.7525,37.1131],[44.7649,37.1394],[44.7544,37.1084],[44.7525,37.1131]],[[44.8011,39.653],[44.8085,39.6391],[44.807,39.6399],[44.8011,39.653]],[[44.814,39.6362],[44.8723,39.6251],[44.8278,39.6288],[44.814,39.6362]],[[44.8666,36.7801],[44.9227,36.7759],[44.8772,36.7765],[44.8666,36.7801]],[[44.9962,36.7417],[45.0353,36.6896],[45.0373,36.6808],[44.9962,36.7417]],[[45.0355,36.633],[45.0426,36.6569],[45.0443,36.6493],[45.0355,36.633]],[[45.0382,36.494],[45.0608,36.4472],[45.0391,36.4798],[45.0382,36.494]],[[45.0791,36.4197],[45.1108,36.4025],[45.0837,36.4128],[45.0791,36.4197]],[[45.0922,39.3444],[45.096,39.3411],[45.1358,39.2785],[45.0922,39.3444]],[[45.1108,36.4025],[45.196,36.4224],[45.2213,36.4209],[45.1108,36.4025]],[[45.753,39.5635],[45.7655,39.5616],[45.7739,39.5549],[45.753,39.5635]],[[46.1064,38.8682],[46.1359,38.8637],[46.1261,38.8627],[46.1064,38.8682]],[[46.5901,38.9137],[46.6522,38.9929],[46.5992,38.9197],[46.5901,38.9137]],[[48.291,30.32],[48.2964,30.3198],[48.3014,30.3149],[48.291,30.32]],[[48.3811,30.1453],[48.3832,30.1481],[48.3831,30.1424],[48.3811,30.1453]],[[48.4239,30.0836],[48.4618,29.9949],[48.4531,30.0014],[48.4239,30.0836]],[[54.7873,37.6519],[54.8136,37.7186],[54.8234,37.7283],[54.7873,37.6519]],[[55.4474,38.0837],[55.6299,38.1056],[55.511,38.0858],[55.4474,38.0837]],[[55.724,38.1169],[55.7384,38.1186],[55.7688,38.1115],[55.724,38.1169]],[[55.8208,38.0995],[55.8798,38.0858],[55.8541,38.086],[55.8208,38.0995]],[[56.2141,38.0688],[56.3155,38.0895],[56.2997,38.0802],[56.2141,38.0688]],[[57.1814,38.2757],[57.1859,38.2765],[57.2183,38.2651],[57.1814,38.2757]],[[61.1016,35.2353],[61.1038,35.2494],[61.1124,35.202],[61.1016,35.2353]],[[62.3242,41.1328],[62.3602,41.2625],[62.4397,41.2625],[62.4037,41.1328],[62.3242,41.1328]],[[63.1743,26.685],[63.1823,26.8302],[63.1896,26.846],[63.1743,26.685]],[[63.1896,26.846],[63.206,26.8537],[63.2467,26.8595],[63.1896,26.846]],[[64.589,36.5802],[64.5901,36.5947],[64.6105,36.5009],[64.589,36.5802]],[[64.5911,36.6093],[64.592,36.6211],[64.5985,36.6369],[64.5911,36.6093]],[[64.614,36.6746],[64.6214,36.6926],[64.7652,36.9046],[64.614,36.6746]],[[64.7788,37.118],[64.8079,37.1355],[64.9891,37.2137],[64.7788,37.118]],[[66.0797,37.4409],[66.1545,37.3835],[66.1429,37.3851],[66.0797,37.4409]],[[66.3069,38.0804],[66.4204,38.0419],[66.4083,38.0428],[66.3069,38.0804]],[[66.4878,37.3422],[66.5196,37.3642],[66.531,37.3649],[66.4878,37.3422]],[[66.5399,38.028],[66.5542,38.0269],[66.5722,38.0184],[66.5399,38.028]],[[67.7731,37.11],[67.7741,37.1205],[67.7823,37.1029],[67.7731,37.11]],[[67.8003,37.0891],[67.8176,37.0806],[67.808,37.0832],[67.8003,37.0891]],[[68.0169,36.9294],[68.0256,36.9271],[68.0202,36.9257],[68.0169,36.9294]],[[68.0433,36.9316],[68.1864,37.0183],[68.0549,36.9346],[68.0433,36.9316]],[[69.2457,37.1039],[69.3143,37.1189],[69.3121,37.1175],[69.2457,37.1039]],[[69.313,39.9848],[69.314,39.9869],[69.3174,39.9848],[69.313,39.9848]],[[69.4122,39.525],[69.5144,39.5376],[69.4773,39.5304],[69.4122,39.525]],[[69.6528,40.6453],[69.6909,40.63],[69.6601,40.6387],[69.6528,40.6453]],[[71.3191,36.2006],[71.3935,36.228],[71.3824,36.2186],[71.3191,36.2006]],[[71.3564,35.9331],[71.3685,35.894],[71.3607,35.9003],[71.3564,35.9331]],[[71.4008,35.868],[71.4167,35.8588],[71.4234,35.8499],[71.4008,35.868]],[[71.4471,35.8179],[71.4644,35.7947],[71.4658,35.7881],[71.4471,35.8179]],[[71.4756,35.741],[71.5027,35.7191],[71.5074,35.7095],[71.4756,35.741]],[[71.4833,35.6266],[71.5059,35.6034],[71.4927,35.6096],[71.4833,35.6266]],[[71.5144,35.6753],[71.5151,35.6935],[71.5198,35.6838],[71.5144,35.6753]],[[71.5316,35.3279],[71.6138,35.4035],[71.6111,35.3955],[71.5316,35.3279]],[[71.573,35.5692],[71.5842,35.5642],[71.5935,35.5494],[71.573,35.5692]],[[72.1496,36.6893],[72.1535,36.7021],[72.1657,36.7071],[72.1496,36.6893]],[[72.1861,36.7153],[72.2136,36.7264],[72.2821,36.738],[72.1861,36.7153]],[[72.3215,36.7447],[72.3873,36.7558],[72.4541,36.758],[72.3215,36.7447]],[[72.6028,36.8252],[72.6296,36.8329],[72.6623,36.8326],[72.6028,36.8252]],[[72.7375,36.8318],[72.8677,36.8304],[72.7794,36.8268],[72.7375,36.8318]],[[73.3676,39.4438],[73.4769,39.4648],[73.4924,39.4642],[73.3676,39.4438]],[[73.8198,39.7667],[73.8208,39.7783],[73.8295,39.747],[73.8198,39.7667]],[[73.8222,39.7962],[73.823,39.8057],[73.8287,39.8145],[73.8222,39.7962]],[[73.8381,39.8289],[73.8441,39.8381],[73.8807,39.865],[73.8381,39.8289]]],[[[48.0108,29.9805],[48.0311,29.971],[48.0789,30.0041],[48.1061,30.0176],[48.1092,30.028],[48.0547,30.0245],[48.0108,29.9805]]],[[[48.0461,29.8005],[48.1858,29.6039],[48.3527,29.7098],[48.3445,29.7906],[48.1621,29.9957],[48.1227,29.9697],[48.1974,29.9254],[48.0951,29.8947],[48.1133,29.8391],[48.0461,29.8005]]],[[[55.2926,26.5485],[55.8766,26.7429],[55.947,26.6963],[56.2874,26.9551],[56.2124,27.003],[55.8977,26.9068],[55.758,26.954],[55.7742,26.7969],[55.3045,26.6564],[55.2926,26.5485]]],[[[44.8247,42.6912],[44.9049,42.6912],[44.9175,42.7563],[44.8374,42.7563],[44.8247,42.6912]]],[[[44.7572,42.7563],[44.8374,42.7563],[44.85,42.8213],[44.7699,42.8213],[44.7572,42.7563]]]]}},{"type":"Feature","properties":{"relationId":"cliopatria-relation-05d40e20061f","name":"(Vassalage of Qara Qoyunlu to Timurid Empire)","name_ko":"카라 코윤루–티무르 왕조 봉신 관계","relationKind":"vassalage","relation_kind_ko":"봉신 관계","actor_ids":"cliopatria-q324470-ec5f7d2167;cliopatria-q484195-edecf37f5e","actor_names_ko":"카라 코윤루;티무르 왕조","color":"#ae87e8","startYear":1459,"endYear":1462,"source_name":"Cliopatria v0.2.0","source_url":"https://github.com/Seshat-Global-History-Databank/cliopatria","license":"CC BY 4.0","attribution":"Seshat Global History Databank, Cliopatria contributors"},"geometry":{"type":"MultiPolygon","coordinates":[[[[39.6776,40.0317],[39.7092,39.7083],[39.9268,39.5789],[39.9081,39.4496],[40.0656,39.4496],[40.0469,39.3203],[40.1857,39.1911],[40.6576,39.1911],[40.514,38.7389],[40.7219,38.5451],[40.737,38.0933],[40.8152,38.0933],[40.7885,37.8998],[40.8667,37.8998],[41.0305,37.3838],[41.1085,37.3838],[41.1345,36.9971],[41.4114,36.7393],[41.4636,36.546],[42.0081,35.9664],[41.9913,35.8377],[42.6979,35.3227],[42.6728,35.1297],[42.838,34.615],[43.2755,34.422],[43.3113,34.1004],[43.3883,34.1004],[43.3395,33.7146],[43.5537,33.5859],[43.784,33.5859],[43.9539,33.7146],[44.0993,33.6502],[44.1352,33.3288],[44.3409,33.1359],[44.3853,32.8788],[44.6069,32.8145],[44.7885,32.4288],[45.1388,32.1717],[45.1836,31.9146],[45.3284,31.8503],[45.305,31.6575],[45.4575,31.6575],[45.8834,30.7578],[46.6281,30.6292],[46.6205,30.565],[46.9016,30.3722],[46.8866,30.2436],[47.5634,29.5366],[47.6391,29.5366],[47.7003,29.4081],[47.9655,29.5763],[48.1734,29.5734],[47.9956,29.8277],[47.9348,30.1071],[47.969,30.0041],[48.1192,30.045],[48.5205,29.9289],[48.5549,29.9565],[48.4766,29.984],[48.6005,29.9865],[48.3884,30.1151],[48.4001,30.2116],[48.3292,30.2876],[48.4003,30.2138],[48.4117,30.3079],[48.2755,30.4364],[48.0478,30.4364],[48.1031,30.8863],[47.739,31.0148],[47.7957,31.4647],[47.9813,31.7218],[47.7098,31.9789],[47.6588,32.1717],[47.8286,32.3002],[48.0781,33.0073],[48.6143,33.0073],[48.7493,32.8788],[49.123,32.8145],[49.3162,32.5574],[49.7077,32.6216],[49.9497,32.1717],[50.0261,32.1717],[50.0665,31.9146],[49.4375,31.2076],[49.0494,30.5128],[49.2112,30.5063],[49.2572,30.4219],[49.2029,30.3466],[49.0694,30.4058],[49.0187,30.3079],[49.1646,30.2252],[49.2092,30.2715],[49.283,30.1581],[49.4798,30.1561],[49.5645,30.0168],[49.9146,30.2039],[50.0734,30.1957],[50.1613,29.9263],[50.6553,29.4491],[50.6895,29.2908],[50.6435,29.1458],[50.8403,29.1406],[50.915,29.0867],[50.929,29.0097],[50.8345,28.8914],[51.0588,28.7359],[51.0807,28.5339],[51.2853,28.2409],[51.2698,28.1405],[51.4083,27.9323],[51.5842,27.8511],[52.0112,27.8327],[52.4596,27.6326],[52.6701,27.4486],[52.6098,27.4123],[52.6669,27.3271],[52.9326,27.1603],[53.4441,26.9757],[53.7161,26.7086],[54.0158,26.7495],[54.3081,26.715],[54.3894,26.6051],[54.5613,26.5847],[54.62,26.5082],[54.791,26.4958],[55.2708,26.7925],[55.5217,26.7846],[55.5804,26.8591],[55.5545,26.8999],[55.6659,26.9954],[55.9393,27.0267],[56.1237,27.1606],[56.353,27.2016],[56.8088,27.1396],[56.8846,27.0781],[56.8677,27.0123],[56.9733,27.003],[56.9273,26.9556],[57.0524,26.8366],[57.1331,26.2637],[57.2129,26.1662],[57.1668,26.083],[57.3397,25.7812],[57.7556,25.7427],[57.7717,25.6356],[57.9632,25.6932],[58.0462,25.5749],[58.1375,25.5507],[58.419,25.612],[58.8252,25.5604],[59.044,25.3996],[59.4539,25.4616],[59.538,25.3998],[59.8446,25.3579],[60.3993,25.3579],[60.4285,25.4196],[60.5497,25.4469],[60.6321,25.3579],[60.6335,25.275],[61.0306,25.2098],[61.2236,25.1124],[61.5074,25.1467],[61.4826,25.1937],[61.5584,25.2005],[61.5545,25.2541],[61.5882,25.2021],[61.7831,25.188],[61.7201,25.0374],[61.8431,25.0364],[61.8811,25.103],[62.0972,25.1071],[62.059,25.1616],[62.1452,25.2184],[62.2542,25.212],[62.3398,25.1302],[62.5275,25.2642],[63.5108,25.2293],[63.4695,25.2893],[63.5725,25.365],[64.0727,25.3579],[64.0488,25.4165],[63.9766,25.4128],[64.0454,25.4503],[64.1553,25.4469],[64.0838,25.4267],[64.1,25.3579],[64.225,25.3579],[64.4393,25.2346],[64.5654,25.2703],[64.6111,25.1886],[64.7018,25.1773],[64.6686,25.2551],[64.7444,25.324],[65.7808,25.3845],[66.2407,25.4698],[66.3414,25.5479],[66.0944,25.4748],[66.2039,25.5932],[66.3643,25.6204],[66.4869,26.0651],[66.9592,26.7723],[67.7105,27.2866],[68.3415,27.4795],[68.8433,27.8009],[69.2302,27.8652],[69.4979,28.1224],[69.7347,28.1867],[69.756,28.3153],[70.1658,28.5081],[70.3949,28.9581],[70.846,32.0431],[71.1728,32.4931],[71.2297,32.7502],[71.5938,33.0073],[71.4845,33.2002],[71.5288,33.3931],[72.1408,34.0361],[72.5408,34.1004],[72.7573,34.3577],[73.1901,34.5506],[73.3282,34.4863],[73.6401,34.8079],[73.965,34.8723],[74.1688,35.0653],[73.6613,35.194],[73.6944,35.3227],[73.943,35.3871],[73.8386,35.5802],[73.253,35.7089],[73.226,35.902],[72.6061,35.902],[72.6564,36.0952],[73.2246,36.4816],[73.1816,36.6105],[73.9764,36.6749],[73.934,36.8037],[73.7785,36.8037],[73.7867,36.8863],[73.6401,36.8966],[73.785,36.8895],[73.694,37.0615],[73.7841,37.3838],[73.6463,37.4483],[73.7012,37.6417],[73.6231,37.6417],[73.697,37.8998],[73.6188,37.8998],[73.7487,38.6097],[73.6703,38.6097],[73.8068,38.8034],[73.7283,38.8034],[73.787,38.9972],[73.6496,39.0618],[73.6891,39.1911],[73.6104,39.1911],[73.7104,39.5143],[73.8882,39.5789],[73.9533,40.0317],[73.373,40.6792],[73.0805,40.7668],[72.9768,40.7361],[73.0746,40.7685],[72.94,40.8088],[72.9249,41.0032],[72.1006,41.3922],[71.6234,41.3922],[71.6448,41.4571],[71.0508,41.5869],[71.0356,41.7816],[70.3608,41.9114],[70.1858,42.1063],[70.1923,42.3662],[70.1123,42.3662],[70.3235,42.7563],[70.2073,42.8864],[70.2961,43.1467],[71.3524,44.3201],[70.428,44.4507],[70.1393,44.3201],[66.6778,44.1243],[66.6617,44.3201],[66.4243,44.5813],[66.2623,44.5813],[66.1055,44.8426],[65.4011,45.1696],[65.3628,45.3004],[64.9174,45.4313],[64.8787,45.5623],[63.0315,46.4145],[61.6815,46.8086],[61.2512,45.9554],[61.3329,45.9554],[61.2523,45.6933],[61.3339,45.6933],[61.3352,45.4313],[61.7222,45.3659],[61.5823,44.908],[61.42,44.908],[61.3805,44.7773],[60.8969,44.516],[60.7808,44.1243],[60.6001,44.0591],[60.3677,43.5375],[59.1235,43.4072],[58.6329,43.6678],[58.4175,43.4723],[57.3291,43.0165],[57.2034,42.2362],[57.2833,42.2362],[57.279,41.9114],[57.4514,41.6518],[57.4018,41.4571],[57.2099,41.3274],[56.4305,41.068],[55.859,41.0032],[54.6836,41.068],[54.7466,40.9327],[54.6399,40.8388],[54.4749,40.8099],[54.4378,40.817],[54.4658,40.866],[54.4001,40.8736],[54.3701,40.744],[54.3116,40.7373],[54.4304,40.7214],[54.3626,40.6879],[54.4036,40.6737],[54.2527,40.6766],[54.2321,40.7283],[53.721,40.6257],[53.72,40.6792],[53.4044,40.6792],[53.3794,40.7915],[53.3397,40.744],[52.9433,40.744],[52.9723,40.8736],[52.893,40.8736],[52.8318,40.7097],[52.8631,40.6581],[52.7135,40.3554],[52.7785,40.3554],[52.7877,40.0317],[53.4985,40.0317],[53.5036,39.9747],[53.5745,39.9679],[53.5111,39.8909],[53.5338,39.6376],[53.5335,39.6805],[53.7362,39.5179],[53.1375,39.4496],[53.5176,39.385],[53.9868,38.9972],[53.8298,37.8352],[53.9079,37.8352],[53.9105,37.4483],[54.0947,37.1904],[54.0143,36.8211],[53.8892,36.7936],[53.4887,36.8682],[52.586,36.6105],[51.642,36.546],[50.532,36.8682],[50.611,36.9697],[50.4759,37.0379],[50.3209,36.9971],[49.9988,37.3838],[49.0851,37.5128],[48.8285,37.8352],[48.801,38.9972],[48.9155,39.1911],[49.1635,39.2557],[49.1757,39.3203],[49.0305,39.385],[49.0008,39.6436],[48.7766,39.7083],[48.7225,39.8376],[47.3693,39.7729],[47.3143,39.9023],[46.9986,39.9023],[46.8764,40.0964],[46.6513,40.1612],[46.6082,40.3554],[45.6942,40.5496],[45.2866,40.4849],[45.1516,40.6144],[44.7555,40.6144],[44.6202,40.744],[44.2917,40.6792],[44.2354,40.8088],[43.7709,40.8736],[43.737,40.6792],[43.8729,40.5496],[43.8173,40.2259],[42.8367,40.0317],[42.4688,39.7083],[41.2371,39.9023],[41.3666,40.2259],[41.1497,40.3554],[40.7341,40.2259],[40.0324,40.2906],[39.6776,40.0317]],[[42.7157,37.3553],[42.7805,37.3755],[42.788,37.3732],[42.7157,37.3553]],[[42.7951,37.371],[42.8011,37.3691],[42.8141,37.3468],[42.7951,37.371]],[[44.5699,37.5144],[44.5732,37.5275],[44.5793,37.477],[44.5699,37.5144]],[[44.692,39.793],[44.7746,39.7028],[44.7769,39.6984],[44.692,39.793]],[[44.7525,37.1131],[44.7649,37.1394],[44.7544,37.1084],[44.7525,37.1131]],[[44.8011,39.653],[44.8085,39.6391],[44.807,39.6399],[44.8011,39.653]],[[44.814,39.6362],[44.8723,39.6251],[44.8278,39.6288],[44.814,39.6362]],[[44.8666,36.7801],[44.9227,36.7759],[44.8772,36.7765],[44.8666,36.7801]],[[44.9962,36.7417],[45.0353,36.6896],[45.0373,36.6808],[44.9962,36.7417]],[[45.0355,36.633],[45.0426,36.6569],[45.0443,36.6493],[45.0355,36.633]],[[45.0382,36.494],[45.0608,36.4472],[45.0391,36.4798],[45.0382,36.494]],[[45.0791,36.4197],[45.1108,36.4025],[45.0837,36.4128],[45.0791,36.4197]],[[45.0922,39.3444],[45.096,39.3411],[45.1358,39.2785],[45.0922,39.3444]],[[45.1108,36.4025],[45.196,36.4224],[45.2213,36.4209],[45.1108,36.4025]],[[45.753,39.5635],[45.7655,39.5616],[45.7739,39.5549],[45.753,39.5635]],[[46.1064,38.8682],[46.1359,38.8637],[46.1261,38.8627],[46.1064,38.8682]],[[46.5901,38.9137],[46.6522,38.9929],[46.5992,38.9197],[46.5901,38.9137]],[[48.291,30.32],[48.2964,30.3198],[48.3014,30.3149],[48.291,30.32]],[[48.3811,30.1453],[48.3832,30.1481],[48.3831,30.1424],[48.3811,30.1453]],[[48.4239,30.0836],[48.4618,29.9949],[48.4531,30.0014],[48.4239,30.0836]],[[54.7873,37.6519],[54.8136,37.7186],[54.8234,37.7283],[54.7873,37.6519]],[[55.4474,38.0837],[55.6299,38.1056],[55.511,38.0858],[55.4474,38.0837]],[[55.724,38.1169],[55.7384,38.1186],[55.7688,38.1115],[55.724,38.1169]],[[55.8208,38.0995],[55.8798,38.0858],[55.8541,38.086],[55.8208,38.0995]],[[56.2141,38.0688],[56.3155,38.0895],[56.2997,38.0802],[56.2141,38.0688]],[[57.1814,38.2757],[57.1859,38.2765],[57.2183,38.2651],[57.1814,38.2757]],[[61.1016,35.2353],[61.1038,35.2494],[61.1124,35.202],[61.1016,35.2353]],[[62.3242,41.1328],[62.3602,41.2625],[62.4397,41.2625],[62.4037,41.1328],[62.3242,41.1328]],[[63.1743,26.685],[63.1823,26.8302],[63.1896,26.846],[63.1743,26.685]],[[63.1896,26.846],[63.206,26.8537],[63.2467,26.8595],[63.1896,26.846]],[[64.589,36.5802],[64.5901,36.5947],[64.6105,36.5009],[64.589,36.5802]],[[64.5911,36.6093],[64.592,36.6211],[64.5985,36.6369],[64.5911,36.6093]],[[64.614,36.6746],[64.6214,36.6926],[64.7652,36.9046],[64.614,36.6746]],[[64.7788,37.118],[64.8079,37.1355],[64.9891,37.2137],[64.7788,37.118]],[[66.0797,37.4409],[66.1545,37.3835],[66.1429,37.3851],[66.0797,37.4409]],[[66.3069,38.0804],[66.4204,38.0419],[66.4083,38.0428],[66.3069,38.0804]],[[66.4878,37.3422],[66.5196,37.3642],[66.531,37.3649],[66.4878,37.3422]],[[66.5399,38.028],[66.5542,38.0269],[66.5722,38.0184],[66.5399,38.028]],[[67.7731,37.11],[67.7741,37.1205],[67.7823,37.1029],[67.7731,37.11]],[[67.8003,37.0891],[67.8176,37.0806],[67.808,37.0832],[67.8003,37.0891]],[[68.0169,36.9294],[68.0256,36.9271],[68.0202,36.9257],[68.0169,36.9294]],[[68.0433,36.9316],[68.1864,37.0183],[68.0549,36.9346],[68.0433,36.9316]],[[69.2457,37.1039],[69.3143,37.1189],[69.3121,37.1175],[69.2457,37.1039]],[[69.313,39.9848],[69.314,39.9869],[69.3174,39.9848],[69.313,39.9848]],[[69.4122,39.525],[69.5144,39.5376],[69.4773,39.5304],[69.4122,39.525]],[[69.6528,40.6453],[69.6909,40.63],[69.6601,40.6387],[69.6528,40.6453]],[[71.3191,36.2006],[71.3935,36.228],[71.3824,36.2186],[71.3191,36.2006]],[[71.3564,35.9331],[71.3685,35.894],[71.3607,35.9003],[71.3564,35.9331]],[[71.4008,35.868],[71.4167,35.8588],[71.4234,35.8499],[71.4008,35.868]],[[71.4471,35.8179],[71.4644,35.7947],[71.4658,35.7881],[71.4471,35.8179]],[[71.4756,35.741],[71.5027,35.7191],[71.5074,35.7095],[71.4756,35.741]],[[71.4833,35.6266],[71.5059,35.6034],[71.4927,35.6096],[71.4833,35.6266]],[[71.5144,35.6753],[71.5151,35.6935],[71.5198,35.6838],[71.5144,35.6753]],[[71.5316,35.3279],[71.6138,35.4035],[71.6111,35.3955],[71.5316,35.3279]],[[71.573,35.5692],[71.5842,35.5642],[71.5935,35.5494],[71.573,35.5692]],[[72.1496,36.6893],[72.1535,36.7021],[72.1657,36.7071],[72.1496,36.6893]],[[72.1861,36.7153],[72.2136,36.7264],[72.2821,36.738],[72.1861,36.7153]],[[72.3215,36.7447],[72.3873,36.7558],[72.4541,36.758],[72.3215,36.7447]],[[72.6028,36.8252],[72.6296,36.8329],[72.6623,36.8326],[72.6028,36.8252]],[[72.7375,36.8318],[72.8677,36.8304],[72.7794,36.8268],[72.7375,36.8318]],[[73.3676,39.4438],[73.4769,39.4648],[73.4924,39.4642],[73.3676,39.4438]],[[73.8198,39.7667],[73.8208,39.7783],[73.8295,39.747],[73.8198,39.7667]],[[73.8222,39.7962],[73.823,39.8057],[73.8287,39.8145],[73.8222,39.7962]],[[73.8381,39.8289],[73.8441,39.8381],[73.8807,39.865],[73.8381,39.8289]]],[[[48.0108,29.9805],[48.0311,29.971],[48.0789,30.0041],[48.1061,30.0176],[48.1092,30.028],[48.0547,30.0245],[48.0108,29.9805]]],[[[48.0461,29.8005],[48.1858,29.6039],[48.3527,29.7098],[48.3445,29.7906],[48.1621,29.9957],[48.1227,29.9697],[48.1974,29.9254],[48.0951,29.8947],[48.1133,29.8391],[48.0461,29.8005]]],[[[55.2926,26.5485],[55.8766,26.7429],[55.947,26.6963],[56.2786,26.9744],[56.041,26.9757],[55.8977,26.9068],[55.758,26.954],[55.7742,26.7969],[55.3045,26.6564],[55.2926,26.5485]]],[[[44.8247,42.6912],[44.9049,42.6912],[44.9175,42.7563],[44.8374,42.7563],[44.8247,42.6912]]],[[[44.7572,42.7563],[44.8374,42.7563],[44.85,42.8213],[44.7699,42.8213],[44.7572,42.7563]]]]}},{"type":"Feature","properties":{"relationId":"cliopatria-relation-05d40e20061f","name":"(Vassalage of Qara Qoyunlu to Timurid Empire)","name_ko":"카라 코윤루–티무르 왕조 봉신 관계","relationKind":"vassalage","relation_kind_ko":"봉신 관계","actor_ids":"cliopatria-q324470-ec5f7d2167;cliopatria-q484195-edecf37f5e","actor_names_ko":"카라 코윤루;티무르 왕조","color":"#ae87e8","startYear":1463,"endYear":1467,"source_name":"Cliopatria v0.2.0","source_url":"https://github.com/Seshat-Global-History-Databank/cliopatria","license":"CC BY 4.0","attribution":"Seshat Global History Databank, Cliopatria contributors"},"geometry":{"type":"MultiPolygon","coordinates":[[[[39.6491,39.8376],[39.9268,39.5789],[39.9081,39.4496],[40.0656,39.4496],[40.0469,39.3203],[40.1857,39.1911],[40.6576,39.1911],[40.514,38.7389],[40.7219,38.5451],[40.737,38.0933],[40.8152,38.0933],[40.7885,37.8998],[40.8667,37.8998],[41.0305,37.3838],[41.1085,37.3838],[41.1345,36.9971],[41.4114,36.7393],[41.4636,36.546],[42.0081,35.9664],[41.9913,35.8377],[42.6979,35.3227],[42.6728,35.1297],[42.838,34.615],[43.2755,34.422],[43.3113,34.1004],[43.3883,34.1004],[43.3395,33.7146],[43.5537,33.5859],[43.784,33.5859],[43.9539,33.7146],[44.0993,33.6502],[44.1352,33.3288],[44.3409,33.1359],[44.3853,32.8788],[44.6069,32.8145],[44.7885,32.4288],[45.1388,32.1717],[45.1836,31.9146],[45.3284,31.8503],[45.305,31.6575],[45.4575,31.6575],[45.8834,30.7578],[46.6281,30.6292],[46.6205,30.565],[46.9016,30.3722],[46.8866,30.2436],[47.5634,29.5366],[47.6391,29.5366],[47.7003,29.4081],[47.9655,29.5763],[48.1734,29.5734],[47.9956,29.8277],[47.9348,30.1071],[47.969,30.0041],[48.1192,30.045],[48.5205,29.9289],[48.5549,29.9565],[48.4766,29.984],[48.5971,29.9581],[48.6588,29.9962],[48.6433,30.0554],[48.9038,30.0369],[48.936,30.2101],[48.8623,30.3456],[49.0373,30.4325],[48.9456,30.4797],[48.9815,30.5156],[49.2112,30.5063],[49.2638,30.4497],[49.2029,30.3466],[49.062,30.4081],[48.9212,30.3808],[49.1614,30.2238],[49.2212,30.2646],[49.2457,30.1565],[49.4798,30.1561],[49.5322,30.0229],[50.0241,30.2163],[50.1277,30.1207],[50.1613,29.9263],[50.6553,29.4491],[50.6895,29.2908],[50.6435,29.1458],[50.8403,29.1406],[50.915,29.0867],[50.929,29.0097],[50.8345,28.8914],[51.0588,28.7359],[51.0807,28.5339],[51.2853,28.2409],[51.4062,27.9322],[51.6834,27.8306],[52.0112,27.8327],[52.4596,27.6326],[52.6701,27.4486],[52.6098,27.4123],[52.6669,27.3271],[52.9326,27.1603],[53.4441,26.9757],[53.7161,26.7086],[54.0158,26.7495],[54.3081,26.715],[54.3894,26.6051],[54.5613,26.5847],[54.62,26.5082],[54.791,26.4958],[55.2708,26.7925],[55.5217,26.7846],[55.5804,26.8591],[55.5545,26.8999],[55.6659,26.9954],[55.9393,27.0267],[56.1237,27.1606],[56.353,27.2016],[56.8088,27.1396],[56.8846,27.0781],[56.8677,27.0123],[56.9733,27.003],[56.9273,26.9556],[57.0524,26.8366],[57.1331,26.2637],[57.2129,26.1662],[57.1668,26.083],[57.3397,25.7812],[57.7556,25.7427],[57.7717,25.6356],[57.9632,25.6932],[58.0462,25.5749],[58.1375,25.5507],[58.419,25.612],[58.8252,25.5604],[59.044,25.3996],[59.4539,25.4616],[59.538,25.3998],[59.8446,25.3579],[60.3993,25.3579],[60.4285,25.4196],[60.5497,25.4469],[60.6321,25.3579],[60.6335,25.275],[61.0306,25.2098],[61.2236,25.1124],[61.5074,25.1467],[61.4826,25.1937],[61.5584,25.2005],[61.5545,25.2541],[61.5882,25.2021],[61.7831,25.188],[61.7201,25.0374],[61.8431,25.0364],[61.8811,25.103],[62.0972,25.1071],[62.059,25.1616],[62.1452,25.2184],[62.2542,25.212],[62.3398,25.1302],[62.5275,25.2642],[63.5108,25.2293],[63.4695,25.2893],[63.5725,25.365],[64.0727,25.3579],[64.0488,25.4165],[63.9766,25.4128],[64.0454,25.4503],[64.1553,25.4469],[64.0838,25.4267],[64.1,25.3579],[64.225,25.3579],[64.4393,25.2346],[64.5654,25.2703],[64.6111,25.1886],[64.7018,25.1773],[64.6686,25.2551],[64.7444,25.324],[65.1899,25.3135],[65.2323,25.3707],[65.3954,25.3923],[65.6521,25.3445],[66.1813,25.4531],[66.3411,25.5483],[66.0944,25.4748],[66.2039,25.5932],[66.3699,25.623],[66.5877,26.258],[66.9592,26.7723],[67.3812,27.0938],[68.3415,27.4795],[68.5219,27.6724],[69.2302,27.8652],[69.4979,28.1224],[69.7347,28.1867],[69.756,28.3153],[70.1658,28.5081],[70.3949,28.9581],[70.846,32.0431],[71.1728,32.4931],[71.2297,32.7502],[71.5938,33.0073],[71.4845,33.2002],[71.5288,33.3931],[72.1408,34.0361],[72.5408,34.1004],[72.7573,34.3577],[73.1901,34.5506],[73.3282,34.4863],[73.6401,34.8079],[73.965,34.8723],[74.1688,35.0653],[73.6613,35.194],[73.6944,35.3227],[73.943,35.3871],[73.8386,35.5802],[73.253,35.7089],[73.226,35.902],[72.6061,35.902],[72.6564,36.0952],[73.2246,36.4816],[73.1816,36.6105],[73.9764,36.6749],[73.934,36.8037],[73.7785,36.8037],[73.7867,36.8863],[73.6401,36.8966],[73.785,36.8895],[73.694,37.0615],[73.7841,37.3838],[73.6463,37.4483],[73.7012,37.6417],[73.6231,37.6417],[73.7487,38.6097],[73.6703,38.6097],[73.7874,38.7389],[73.787,38.9972],[73.6104,39.1911],[73.7104,39.5143],[73.929,39.7083],[73.8502,39.7083],[73.9533,40.0317],[73.8162,40.0964],[73.858,40.2259],[73.626,40.4849],[73.4677,40.4849],[73.373,40.6792],[73.2145,40.6792],[73.1779,40.8088],[72.94,40.8088],[72.9249,41.0032],[72.1006,41.3922],[71.6234,41.3922],[71.6448,41.4571],[71.0508,41.5869],[71.0356,41.7816],[70.3608,41.9114],[70.1858,42.1063],[70.1923,42.3662],[70.1123,42.3662],[70.3235,42.7563],[70.2073,42.8864],[70.2961,43.1467],[71.3524,44.3201],[70.428,44.4507],[70.1393,44.3201],[66.6778,44.1243],[66.6617,44.3201],[66.4243,44.5813],[66.2623,44.5813],[66.1055,44.8426],[65.4011,45.1696],[65.3628,45.3004],[64.9174,45.4313],[64.8787,45.5623],[63.0315,46.4145],[61.6815,46.8086],[61.2512,45.9554],[61.3329,45.9554],[61.2523,45.6933],[61.3339,45.6933],[61.3352,45.4313],[61.7222,45.3659],[61.5823,44.908],[61.42,44.908],[61.3805,44.7773],[60.8969,44.516],[60.7808,44.1243],[60.6001,44.0591],[60.3865,43.6027],[60.1075,43.4723],[59.1235,43.4072],[58.6329,43.6678],[58.4175,43.4723],[57.3291,43.0165],[57.2034,42.2362],[57.2833,42.2362],[57.279,41.9114],[57.4514,41.6518],[57.4018,41.4571],[57.2099,41.3274],[56.4305,41.068],[55.859,41.0032],[54.6836,41.068],[54.7466,40.9327],[54.6399,40.8388],[54.4749,40.8099],[54.4378,40.817],[54.4658,40.866],[54.4001,40.8736],[54.3701,40.744],[54.3116,40.7373],[54.4304,40.7214],[54.3626,40.6879],[54.4036,40.6737],[54.2527,40.6766],[54.2321,40.7283],[53.721,40.6257],[53.72,40.6792],[53.4044,40.6792],[53.3794,40.7915],[53.3397,40.744],[52.9433,40.744],[52.9723,40.8736],[52.893,40.8736],[52.8318,40.7097],[52.8631,40.6581],[52.7135,40.3554],[52.7785,40.3554],[52.7877,40.0317],[53.4985,40.0317],[53.5036,39.9747],[53.5745,39.9679],[53.5111,39.8909],[53.5338,39.6376],[53.5335,39.6805],[53.7362,39.5179],[53.1375,39.4496],[53.5176,39.385],[53.9868,38.9972],[53.8298,37.8352],[53.9079,37.8352],[53.9105,37.4483],[54.0947,37.1904],[54.0143,36.8211],[53.8892,36.7936],[53.4887,36.8682],[52.586,36.6105],[51.642,36.546],[50.532,36.8682],[50.611,36.9697],[50.4759,37.0379],[50.3209,36.9971],[49.9988,37.3838],[49.0851,37.5128],[48.8285,37.8352],[48.801,38.9972],[48.9155,39.1911],[49.1635,39.2557],[49.1757,39.3203],[49.0305,39.385],[49.0008,39.6436],[48.7766,39.7083],[48.7225,39.8376],[47.3693,39.7729],[47.3143,39.9023],[46.9986,39.9023],[46.8764,40.0964],[46.6513,40.1612],[46.6082,40.3554],[45.6942,40.5496],[45.2866,40.4849],[45.1516,40.6144],[44.7555,40.6144],[44.6202,40.744],[44.2917,40.6792],[44.2354,40.8088],[43.7709,40.8736],[43.737,40.6792],[43.8729,40.5496],[43.8173,40.2259],[42.8367,40.0317],[42.4688,39.7083],[41.2371,39.9023],[41.3666,40.2259],[41.1497,40.3554],[40.7341,40.2259],[40.0324,40.2906],[39.9339,40.1612],[39.7758,40.1612],[39.6491,39.8376]],[[42.7157,37.3553],[42.7805,37.3755],[42.788,37.3732],[42.7157,37.3553]],[[42.7951,37.371],[42.8011,37.3691],[42.8141,37.3468],[42.7951,37.371]],[[44.5699,37.5144],[44.5732,37.5275],[44.5793,37.477],[44.5699,37.5144]],[[44.692,39.793],[44.7746,39.7028],[44.7769,39.6984],[44.692,39.793]],[[44.7525,37.1131],[44.7649,37.1394],[44.7544,37.1084],[44.7525,37.1131]],[[44.8011,39.653],[44.8085,39.6391],[44.807,39.6399],[44.8011,39.653]],[[44.814,39.6362],[44.8723,39.6251],[44.8278,39.6288],[44.814,39.6362]],[[44.8666,36.7801],[44.9227,36.7759],[44.8772,36.7765],[44.8666,36.7801]],[[44.9962,36.7417],[45.0353,36.6896],[45.0373,36.6808],[44.9962,36.7417]],[[45.0355,36.633],[45.0426,36.6569],[45.0443,36.6493],[45.0355,36.633]],[[45.0382,36.494],[45.0608,36.4472],[45.0391,36.4798],[45.0382,36.494]],[[45.0791,36.4197],[45.1108,36.4025],[45.0837,36.4128],[45.0791,36.4197]],[[45.0922,39.3444],[45.096,39.3411],[45.1358,39.2785],[45.0922,39.3444]],[[45.1108,36.4025],[45.196,36.4224],[45.2213,36.4209],[45.1108,36.4025]],[[45.753,39.5635],[45.7655,39.5616],[45.7739,39.5549],[45.753,39.5635]],[[46.1064,38.8682],[46.1359,38.8637],[46.1261,38.8627],[46.1064,38.8682]],[[46.5901,38.9137],[46.6522,38.9929],[46.5992,38.9197],[46.5901,38.9137]],[[48.1351,30.4429],[48.1409,30.4419],[48.1705,30.4067],[48.1351,30.4429]],[[48.291,30.32],[48.2964,30.3198],[48.3014,30.3149],[48.291,30.32]],[[48.3292,30.2876],[48.397,30.221],[48.4026,30.2088],[48.3292,30.2876]],[[48.3811,30.1453],[48.3832,30.1481],[48.3831,30.1424],[48.3811,30.1453]],[[48.4082,30.1885],[48.4085,30.1961],[48.4106,30.1915],[48.4082,30.1885]],[[48.4239,30.0836],[48.4618,29.9949],[48.4531,30.0014],[48.4239,30.0836]],[[54.7873,37.6519],[54.8136,37.7186],[54.8234,37.7283],[54.7873,37.6519]],[[55.4474,38.0837],[55.6299,38.1056],[55.511,38.0858],[55.4474,38.0837]],[[55.724,38.1169],[55.7384,38.1186],[55.7688,38.1115],[55.724,38.1169]],[[55.8208,38.0995],[55.8798,38.0858],[55.8541,38.086],[55.8208,38.0995]],[[56.2141,38.0688],[56.3155,38.0895],[56.2997,38.0802],[56.2141,38.0688]],[[57.1814,38.2757],[57.1859,38.2765],[57.2183,38.2651],[57.1814,38.2757]],[[61.1016,35.2353],[61.1038,35.2494],[61.1124,35.202],[61.1016,35.2353]],[[63.1743,26.685],[63.1823,26.8302],[63.1896,26.846],[63.1743,26.685]],[[63.1896,26.846],[63.206,26.8537],[63.2467,26.8595],[63.1896,26.846]],[[64.589,36.5802],[64.5901,36.5947],[64.6105,36.5009],[64.589,36.5802]],[[64.5911,36.6093],[64.592,36.6211],[64.5985,36.6369],[64.5911,36.6093]],[[64.614,36.6746],[64.6214,36.6926],[64.7652,36.9046],[64.614,36.6746]],[[64.7788,37.118],[64.8079,37.1355],[64.9891,37.2137],[64.7788,37.118]],[[66.0797,37.4409],[66.1545,37.3835],[66.1429,37.3851],[66.0797,37.4409]],[[66.3069,38.0804],[66.4204,38.0419],[66.4083,38.0428],[66.3069,38.0804]],[[66.4878,37.3422],[66.5196,37.3642],[66.531,37.3649],[66.4878,37.3422]],[[66.5399,38.028],[66.5542,38.0269],[66.5722,38.0184],[66.5399,38.028]],[[67.7731,37.11],[67.7741,37.1205],[67.7823,37.1029],[67.7731,37.11]],[[67.8003,37.0891],[67.8176,37.0806],[67.808,37.0832],[67.8003,37.0891]],[[68.0169,36.9294],[68.0256,36.9271],[68.0202,36.9257],[68.0169,36.9294]],[[68.0433,36.9316],[68.1864,37.0183],[68.0549,36.9346],[68.0433,36.9316]],[[69.2457,37.1039],[69.3143,37.1189],[69.3121,37.1175],[69.2457,37.1039]],[[69.313,39.9848],[69.314,39.9869],[69.3174,39.9848],[69.313,39.9848]],[[69.4122,39.525],[69.5144,39.5376],[69.4773,39.5304],[69.4122,39.525]],[[69.6528,40.6453],[69.6909,40.63],[69.6601,40.6387],[69.6528,40.6453]],[[71.3191,36.2006],[71.3935,36.228],[71.3824,36.2186],[71.3191,36.2006]],[[71.3564,35.9331],[71.3685,35.894],[71.3607,35.9003],[71.3564,35.9331]],[[71.4008,35.868],[71.4167,35.8588],[71.4234,35.8499],[71.4008,35.868]],[[71.4471,35.8179],[71.4644,35.7947],[71.4658,35.7881],[71.4471,35.8179]],[[71.4756,35.741],[71.5027,35.7191],[71.5074,35.7095],[71.4756,35.741]],[[71.4833,35.6266],[71.5059,35.6034],[71.4927,35.6096],[71.4833,35.6266]],[[71.5144,35.6753],[71.5151,35.6935],[71.5198,35.6838],[71.5144,35.6753]],[[71.5316,35.3279],[71.6138,35.4035],[71.6111,35.3955],[71.5316,35.3279]],[[71.573,35.5692],[71.5842,35.5642],[71.5935,35.5494],[71.573,35.5692]],[[72.1496,36.6893],[72.1535,36.7021],[72.1657,36.7071],[72.1496,36.6893]],[[72.1861,36.7153],[72.2136,36.7264],[72.2821,36.738],[72.1861,36.7153]],[[72.3215,36.7447],[72.3873,36.7558],[72.4541,36.758],[72.3215,36.7447]],[[72.6028,36.8252],[72.6296,36.8329],[72.6623,36.8326],[72.6028,36.8252]],[[72.7375,36.8318],[72.8677,36.8304],[72.7794,36.8268],[72.7375,36.8318]],[[72.9768,40.7361],[73.118,40.7829],[73.0706,40.7625],[72.9768,40.7361]],[[73.3676,39.4438],[73.4769,39.4648],[73.4924,39.4642],[73.3676,39.4438]],[[73.8198,39.7667],[73.8208,39.7783],[73.8295,39.747],[73.8198,39.7667]],[[73.8222,39.7962],[73.823,39.8057],[73.8287,39.8145],[73.8222,39.7962]],[[73.8381,39.8289],[73.8441,39.8381],[73.8807,39.865],[73.8381,39.8289]]],[[[48.0108,29.9805],[48.0311,29.971],[48.0789,30.0041],[48.1061,30.0176],[48.1092,30.028],[48.0547,30.0245],[48.0108,29.9805]]],[[[48.0461,29.8005],[48.1858,29.6039],[48.3527,29.7098],[48.3445,29.7906],[48.1621,29.9957],[48.1227,29.9697],[48.1974,29.9254],[48.0951,29.8947],[48.1133,29.8391],[48.0461,29.8005]]],[[[55.2926,26.5485],[55.8766,26.7429],[55.947,26.6963],[56.2874,26.9551],[56.2124,27.003],[55.8977,26.9068],[55.758,26.954],[55.7742,26.7969],[55.3045,26.6564],[55.2926,26.5485]]],[[[44.8247,42.6912],[44.9049,42.6912],[44.9175,42.7563],[44.8374,42.7563],[44.8247,42.6912]]],[[[44.7572,42.7563],[44.8374,42.7563],[44.85,42.8213],[44.7699,42.8213],[44.7572,42.7563]]]]}}]}
