{"type":"FeatureCollection","features":[{"type":"Feature","properties":{"relationId":"cliopatria-relation-47a385401ec8","name":"(Allegiance of Kingdom of Hawaï'i to British Empire)","name_ko":"하와이 왕국–대영제국 충성·복속 관계","relationKind":"allegiance","relation_kind_ko":"충성·복속 관계","actor_ids":"cliopatria-q156418-f0934fada9;cliopatria-q8680-3114df4bb9","actor_names_ko":"하와이 왕국;대영제국","color":"#e7b763","startYear":1811,"endYear":1811,"source_name":"Cliopatria v0.2.0","source_url":"https://github.com/Seshat-Global-History-Databank/cliopatria","license":"CC BY 4.0","attribution":"Seshat Global History Databank, Cliopatria contributors"},"geometry":{"type":"MultiPolygon","coordinates":[[[[-156.0023,19.7648],[-155.93,19.5077],[-155.7459,19.3791],[-155.6921,19.1862],[-155.8401,19.1862],[-155.7873,18.9962],[-155.6248,18.95],[-155.5028,19.1377],[-155.2911,19.2595],[-155.0267,19.3162],[-154.8172,19.4797],[-154.9899,19.7267],[-155.0854,19.7274],[-155.0871,19.8604],[-155.168,19.9468],[-155.5864,20.1229],[-155.738,20.2438],[-155.7959,20.256],[-155.7968,20.0862],[-155.8697,20.0862],[-155.7982,19.8291],[-156.0023,19.7648]]],[[[-156.696,20.9158],[-156.6126,20.8078],[-156.4643,20.7814],[-156.4077,20.5872],[-156.1295,20.6245],[-155.9847,20.7176],[-156.0017,20.8004],[-156.2058,20.9085],[-156.4817,20.9044],[-156.6747,20.9791],[-156.696,20.9158]]],[[[-157.0188,20.8577],[-156.9477,20.7331],[-156.8035,20.8126],[-156.8927,20.9141],[-157,20.922],[-156.9813,20.8577],[-157.0188,20.8577]]],[[[-157.2788,21.1148],[-156.8696,21.0534],[-156.7556,21.1023],[-156.7766,21.1746],[-157.2358,21.2211],[-157.2046,21.1148],[-157.2788,21.1148]]],[[[-158.2449,21.546],[-158.0943,21.2936],[-157.9806,21.3185],[-157.9913,21.3911],[-157.9318,21.3717],[-157.947,21.3027],[-157.8949,21.3317],[-157.8108,21.2542],[-157.6755,21.2831],[-157.7257,21.459],[-157.7762,21.4133],[-157.8421,21.461],[-157.8364,21.534],[-157.9697,21.7091],[-158.2449,21.546]]],[[[-160.248,21.828],[-160.1982,21.7839],[-160.0722,21.9108],[-160.06,22.0006],[-160.248,21.828]]],[[[-159.7422,22.1089],[-159.7396,21.9725],[-159.4373,21.8688],[-159.3341,21.9581],[-159.2928,22.1464],[-159.3579,22.2227],[-159.5585,22.233],[-159.7422,22.1089]]],[[[-115.3853,47.5982],[-115.0913,47.3348],[-114.8143,47.4006],[-115.1083,47.6641],[-115.3853,47.5982]]],[[[-117.9958,48.0597],[-117.6936,47.7959],[-117.4176,47.8619],[-117.7199,48.1257],[-117.9958,48.0597]]],[[[-116.7811,48.3899],[-116.478,48.1257],[-116.2015,48.1917],[-116.5047,48.4559],[-116.7811,48.3899]]],[[[-99.92,49.9136],[-99.6324,49.6479],[-99.3483,49.7143],[-99.6361,49.98],[-99.92,49.9136]]],[[[-116.1741,50.3791],[-115.8511,50.113],[-115.5747,50.1795],[-115.8979,50.4457],[-116.1741,50.3791]]],[[[-100.3681,50.3791],[-100.0749,50.113],[-99.7911,50.1795],[-100.0844,50.4457],[-100.3681,50.3791]]],[[[-120.5868,50.5122],[-120.2539,50.246],[-119.9796,50.3125],[-120.3128,50.5789],[-120.5868,50.5122]]],[[[-102.4248,51.0457],[-102.1209,50.7788],[-101.838,50.8455],[-102.1421,51.1124],[-102.4248,51.0457]]],[[[-105.922,52.2505],[-105.5989,51.9822],[-105.3176,52.0492],[-105.6408,52.3176],[-105.922,52.2505]]],[[[-110.2008,52.4519],[-109.8669,52.1833],[-109.5877,52.2505],[-109.9218,52.5191],[-110.2008,52.4519]]],[[[-114.8363,52.6535],[-114.4906,52.3847],[-114.2138,52.4519],[-114.5596,52.7208],[-114.8363,52.6535]]],[[[-101.5404,53.1922],[-101.2172,52.9227],[-100.9333,52.99],[-101.2565,53.2596],[-101.5404,53.1922]]],[[[-115.4439,54.2061],[-115.0806,53.9352],[-114.8037,54.0029],[-114.9959,54.1463],[-114.7512,54.2061],[-115.1165,54.4774],[-115.3934,54.4095],[-115.2108,54.2739],[-115.4439,54.2061]]],[[[-110.2489,54.2061],[-109.9632,54.0029],[-109.4652,53.9352],[-109.9692,54.2739],[-110.2489,54.2061]]],[[[-125.043,54.2739],[-124.6578,54.0029],[-124.3862,54.0706],[-124.7715,54.3417],[-125.043,54.2739]]],[[[-123.125,55.3618],[-122.7326,55.0892],[-122.4594,55.1573],[-122.8519,55.43],[-123.125,55.3618]]],[[[-107.7686,55.5665],[-107.4094,55.2936],[-107.1274,55.3618],[-107.4865,55.6348],[-107.7686,55.5665]]],[[[-111.5543,55.8398],[-111.1838,55.5665],[-110.9037,55.6348],[-111.2742,55.9082],[-111.5543,55.8398]]],[[[-108.5516,55.9082],[-108.1874,55.6348],[-107.9055,55.7031],[-108.2697,55.9766],[-108.5516,55.9082]]],[[[-121.7038,56.6623],[-121.3012,56.3877],[-121.0264,56.4563],[-121.4292,56.7311],[-121.7038,56.6623]]],[[[-124.1035,58.4587],[-123.6756,58.181],[-123.4012,58.2504],[-123.8292,58.5282],[-124.1035,58.4587]]],[[[-117.0786,58.5977],[-116.6669,58.3198],[-116.3879,58.3892],[-116.7996,58.6673],[-117.0786,58.5977]]],[[[-111.0672,59.0155],[-110.6666,58.7369],[-110.3834,58.8065],[-110.784,59.0853],[-111.0672,59.0155]]],[[[-114.6823,62.6889],[-114.3261,62.4027],[-113.948,62.4742],[-114.3975,62.7606],[-114.6823,62.6889]]],[[[-117.3826,63.2634],[-116.9188,62.9758],[-116.6353,63.0477],[-117.0992,63.3354],[-117.3826,63.2634]]],[[[-69.1245,12.3717],[-69.0786,12.2043],[-68.8148,12.0432],[-68.7397,12.053],[-68.8208,12.1623],[-69.004,12.2217],[-69.1245,12.3717]]],[[[-68.3869,12.3074],[-68.2277,12.0503],[-68.19,12.2048],[-68.3869,12.3074]]],[[[-70.0191,12.5646],[-69.9305,12.426],[-69.8768,12.4274],[-70.0191,12.5646]]],[[[-89.1782,17.8362],[-89.034,17.3862],[-89.1078,17.3862],[-89.11,15.9076],[-88.9118,15.9076],[-88.9276,15.9839],[-88.7457,16.1549],[-88.7401,16.2302],[-88.6466,16.2866],[-88.5366,16.2713],[-88.3113,16.6623],[-88.3448,16.5246],[-88.3016,16.7717],[-88.2486,16.8131],[-88.2833,16.8913],[-88.2151,16.9671],[-88.3005,17.1779],[-88.2863,17.3397],[-88.2423,17.4875],[-88.1789,17.4934],[-88.2877,17.6042],[-88.0948,18.1028],[-88.095,18.3338],[-88.1465,18.3093],[-88.0982,18.3586],[-88.2757,18.3582],[-88.358,18.3037],[-88.3175,18.3748],[-88.391,18.3706],[-88.2866,18.4628],[-88.3945,18.4791],[-88.7556,17.9648],[-89.0509,17.9648],[-89.1782,17.8362]]],[[[-64.8819,17.7659],[-64.8726,17.6863],[-64.6013,17.7386],[-64.7716,17.7926],[-64.8819,17.7659]]],[[[-78.3747,18.2656],[-78.234,18.1932],[-78.0503,18.1851],[-77.7307,17.8548],[-77.4177,17.8617],[-77.189,17.7076],[-77.1337,17.7104],[-77.1407,17.7653],[-77.2165,17.7721],[-77.1417,17.8811],[-77.0642,17.8995],[-77.0367,17.8466],[-76.9058,17.8862],[-76.85,17.9923],[-76.7224,17.9496],[-76.8323,17.9366],[-76.7077,17.9459],[-76.6028,17.8676],[-76.188,17.9155],[-76.3511,18.156],[-76.7828,18.2778],[-76.8949,18.4093],[-77.9023,18.5188],[-77.97,18.4431],[-78.1827,18.4466],[-78.3747,18.2656]]],[[[-73.6791,21.0295],[-73.6612,20.9222],[-73.189,20.9682],[-73.1298,20.9937],[-73.0178,21.2434],[-73.1112,21.2434],[-73.2552,21.1351],[-73.3899,21.2333],[-73.6678,21.1152],[-73.6791,21.0295]]],[[[-72.2938,21.8368],[-72.2555,21.7652],[-72.1244,21.8153],[-72.2318,21.7934],[-72.2938,21.8368]]],[[[-72.133,21.8476],[-72.1163,21.8537],[-72.1249,21.8546],[-72.133,21.8476]]],[[[-72.0997,21.8646],[-72.0945,21.868],[-72.096,21.8782],[-72.0997,21.8646]]],[[[-72.8962,22.4041],[-72.7972,22.2936],[-72.7509,22.3112],[-72.8962,22.4041]]],[[[-74.1155,22.2981],[-73.8654,22.48],[-73.8312,22.5414],[-73.8995,22.6985],[-73.8591,22.7005],[-73.9368,22.72],[-73.8708,22.5353],[-73.8964,22.4648],[-74.0758,22.3923],[-74.1155,22.2981]]],[[[-75.171,23.4291],[-75.1313,23.1927],[-75.0685,23.1166],[-75.117,23.1077],[-74.978,23.0729],[-74.8336,22.9148],[-74.9097,23.0673],[-75.06,23.1417],[-75.171,23.4291]]],[[[-77.919,24.2006],[-77.9098,24.1742],[-77.8807,24.1863],[-77.8539,24.2347],[-77.8084,24.2394],[-77.7987,24.2546],[-77.85,24.2515],[-77.9013,24.2187],[-77.919,24.2006]]],[[[-77.8987,24.1423],[-77.7987,23.8567],[-77.6609,23.8847],[-77.7646,23.8232],[-77.6963,23.7822],[-77.5941,23.8535],[-77.6723,23.7666],[-77.546,23.7891],[-77.5727,23.8294],[-77.5165,23.9188],[-77.6007,23.9051],[-77.525,23.9704],[-77.6075,24.2182],[-77.744,24.0355],[-77.7023,24.1127],[-77.7577,24.1726],[-77.6312,24.2491],[-77.7454,24.2649],[-77.8987,24.1423]]],[[[-77.7633,23.753],[-77.7624,23.7506],[-77.6874,23.7639],[-77.7491,23.7783],[-77.744,23.7611],[-77.7633,23.753]]],[[[-74.5297,24.0348],[-74.4923,23.9604],[-74.4271,24.0832],[-74.4601,24.1363],[-74.5297,24.1004],[-74.5297,24.0348]]],[[[-75.5884,24.5221],[-75.5853,24.5054],[-75.5359,24.3935],[-75.4934,24.3935],[-75.5322,24.4449],[-75.569,24.5168],[-75.5884,24.5221]]],[[[-75.4889,24.3876],[-75.4101,24.2729],[-75.4439,24.1381],[-75.2904,24.1447],[-75.4889,24.3876]]],[[[-78.3805,24.6653],[-78.3551,24.5337],[-78.1344,24.5016],[-78.0645,24.3292],[-77.9086,24.3508],[-77.7187,24.4998],[-77.7372,24.7002],[-77.9806,25.0019],[-77.9769,25.1384],[-78.0452,25.1831],[-78.1926,25.2053],[-78.1577,25.0002],[-78.2559,24.7149],[-78.1965,24.604],[-78.2377,24.5569],[-78.2716,24.6313],[-78.3263,24.5854],[-78.3114,24.7101],[-78.3805,24.6653]]],[[[-78.2947,24.7149],[-78.2648,24.6723],[-78.2642,24.7105],[-78.2668,24.7149],[-78.2947,24.7149]]],[[[-77.8837,24.3292],[-77.8475,24.3292],[-77.8328,24.3496],[-77.8692,24.3468],[-77.8836,24.3411],[-77.8837,24.3292]]],[[[-77.8015,24.3292],[-77.7935,24.3292],[-77.7863,24.3398],[-77.8015,24.3292]]],[[[-76.2411,24.8134],[-76.1749,24.7792],[-76.1505,24.9408],[-76.2056,24.9241],[-76.1824,24.8488],[-76.2411,24.8134]]],[[[-76.5542,25.4121],[-76.5292,25.3697],[-76.4896,25.3513],[-76.3716,25.3225],[-76.3463,25.3035],[-76.3389,25.2936],[-76.3347,25.2936],[-76.3413,25.3269],[-76.3516,25.3386],[-76.4609,25.3546],[-76.5542,25.4121]]],[[[-77.6549,26.9082],[-77.6442,26.8617],[-77.5344,26.8632],[-77.3084,26.5995],[-77.1607,26.5642],[-77.2453,26.3086],[-77.2233,26.1458],[-77.3207,26.0776],[-77.2808,25.9365],[-77.1909,25.9365],[-77.1649,26.2454],[-77.0148,26.3157],[-77.0498,26.5163],[-77.2699,26.6251],[-77.3052,26.674],[-77.2506,26.6877],[-77.5113,26.8695],[-77.6549,26.9082]]],[[[-78.7572,26.5803],[-78.6861,26.4919],[-78.5215,26.5704],[-77.9743,26.6612],[-77.9848,26.708],[-78.32,26.6865],[-78.6003,26.7723],[-78.6218,26.7118],[-78.5736,26.6842],[-78.7572,26.5803]]],[[[-64.8612,32.3002],[-64.8592,32.2988],[-64.8607,32.3004],[-64.8612,32.3002]]],[[[-64.8325,32.2872],[-64.8,32.2833],[-64.8155,32.2888],[-64.8325,32.2872]]],[[[-64.8162,32.2694],[-64.8027,32.2602],[-64.6779,32.3345],[-64.7025,32.3484],[-64.7376,32.3377],[-64.7395,32.3287],[-64.7131,32.3426],[-64.7054,32.3361],[-64.7186,32.3237],[-64.7403,32.324],[-64.7801,32.3034],[-64.8108,32.3076],[-64.8054,32.2934],[-64.779,32.2911],[-64.8162,32.2694]]],[[[-64.6736,32.3572],[-64.6558,32.3504],[-64.65,32.3631],[-64.6495,32.3645],[-64.6736,32.3572]]],[[[-83.0747,42.3012],[-83.0532,42.1063],[-82.78,42.0413],[-82.6413,42.2362],[-83.0747,42.3012]]],[[[-81.3573,42.6912],[-80.4426,42.6262],[-80.5095,42.7563],[-80.1422,42.8213],[-80.1757,42.8864],[-79.2133,42.8864],[-79.2465,42.9515],[-79.0861,42.9515],[-79.1861,43.1467],[-79.0255,43.1467],[-79.0925,43.2769],[-79.7018,43.2118],[-79.8714,43.5375],[-79.7104,43.5375],[-79.5248,43.7982],[-79.3636,43.7982],[-79.4321,43.9286],[-79.7086,43.9938],[-79.6742,43.9286],[-79.8355,43.9286],[-79.928,43.7982],[-80.2505,43.7982],[-80.216,43.733],[-80.5038,43.6678],[-80.5616,43.4723],[-80.7226,43.4723],[-80.8148,43.3421],[-80.7246,43.0165],[-81.2524,42.9515],[-81.3573,42.6912]]],[[[-84.0262,46.3489],[-83.9496,46.2177],[-83.8678,46.2177],[-83.9443,46.3489],[-84.0262,46.3489]]],[[[-77.3486,46.4145],[-77.1245,46.1521],[-76.8328,46.2177],[-77.0567,46.4802],[-77.3486,46.4145]]],[[[-76.7145,44.4507],[-76.6472,44.3201],[-76.1954,44.3854],[-76.1619,44.3201],[-76.0002,44.3201],[-75.8102,44.5813],[-75.6482,44.5813],[-75.5867,44.7773],[-75.0859,44.908],[-75.1195,44.9734],[-71.6283,44.9734],[-71.5985,45.0132],[-74.8685,45.0101],[-74.713,44.9993],[-74.1533,45.3201],[-73.9615,45.3542],[-74.0161,45.4504],[-74.3297,45.5097],[-74.3795,45.5616],[-73.9792,45.4984],[-73.7554,45.6764],[-73.4203,45.7651],[-73.1586,46.0749],[-73.022,46.1096],[-72.9945,46.2108],[-72.6025,46.3013],[-72.258,46.4709],[-72.2279,46.5534],[-71.8805,46.6907],[-71.7202,46.6701],[-71.3417,46.7423],[-70.9569,47.0207],[-70.715,47.1176],[-70.6572,47.269],[-71.1513,47.269],[-71.2477,47.1374],[-71.5768,47.1374],[-71.6872,46.8743],[-71.9336,46.8743],[-71.8996,46.8086],[-73.0967,46.7429],[-73.0624,46.6772],[-73.6497,46.5459],[-73.8878,46.2177],[-74.3919,46.0865],[-74.4869,45.9554],[-74.7319,45.9554],[-74.6977,45.8898],[-74.861,45.8898],[-74.9559,45.7588],[-76.5873,45.7588],[-76.3242,45.1042],[-76.1749,44.9734],[-76.411,44.6466],[-76.5731,44.6466],[-76.7145,44.4507]]],[[[-74.713,44.9993],[-71.5984,45.0133],[-71.5303,45.1042],[-71.3678,45.1042],[-71.3833,45.3004],[-70.7647,45.3659],[-70.2233,46.0865],[-70.4199,46.4802],[-70.0777,46.9401],[-69.9134,46.9401],[-69.654,47.4006],[-69.3579,47.4665],[-69.3916,47.5323],[-69.1931,47.4665],[-69.0465,47.6641],[-68.6338,47.6641],[-68.6674,47.73],[-67.7258,47.6641],[-67.6596,47.5323],[-67.7421,47.5323],[-67.6762,47.4006],[-67.7586,47.4006],[-67.693,47.269],[-67.7753,47.269],[-67.798,46.4802],[-67.8799,46.4802],[-67.7843,46.2833],[-67.8662,46.2833],[-67.8028,46.1521],[-67.9031,46.0209],[-67.7461,45.6933],[-67.5519,45.6278],[-67.3665,45.235],[-67.2085,45.1672],[-67.1903,45.2332],[-67.0484,45.1022],[-66.9435,45.1898],[-66.8479,45.1283],[-66.8967,45.0795],[-66.8001,45.1078],[-66.7743,45.0612],[-66.491,45.1556],[-66.4036,45.1042],[-66.2589,45.1618],[-66.31,45.2048],[-66.2039,45.1618],[-66.0602,45.258],[-66.1968,45.3338],[-66.095,45.3542],[-66.0098,45.4643],[-66.0019,45.3986],[-66.136,45.3126],[-65.9982,45.235],[-65.7523,45.2444],[-64.9048,45.6282],[-64.7716,45.6143],[-64.5724,45.8607],[-64.7487,46.0899],[-64.5724,45.8856],[-64.5315,45.9022],[-64.4905,45.8167],[-64.5458,45.7316],[-64.4809,45.7279],[-64.3472,45.8887],[-64.2646,45.7651],[-64.3335,45.7446],[-64.3055,45.8266],[-64.3806,45.7924],[-64.457,45.6832],[-64.902,45.43],[-64.8965,45.3465],[-64.7574,45.3004],[-64.5762,45.4156],[-64.3881,45.3673],[-64.1053,45.4151],[-63.8909,45.3529],[-63.8158,45.3952],[-63.3602,45.3611],[-63.4695,45.2921],[-63.7159,45.3263],[-64.1151,45.2161],[-64.1993,45.1487],[-64.1007,45.0594],[-64.1553,44.9837],[-64.2235,45.1084],[-64.3055,45.1488],[-64.3675,45.1078],[-64.3297,45.3096],[-64.4778,45.3411],[-64.4154,45.2716],[-64.8632,45.1396],[-65.3976,44.8949],[-65.7235,44.7274],[-65.7418,44.6678],[-65.4289,44.7782],[-65.6923,44.6207],[-65.7571,44.6109],[-65.7859,44.6964],[-66.1803,44.4344],[-66.1968,44.3909],[-65.9425,44.5834],[-65.8405,44.5734],[-66.095,44.3742],[-66.1906,44.1654],[-66.1217,43.7436],[-66.0794,43.7724],[-66.0602,43.7162],[-65.9796,43.706],[-65.9967,43.8541],[-65.9713,43.7801],[-65.9372,43.826],[-65.8772,43.7696],[-65.8616,43.8056],[-65.7995,43.6063],[-65.7888,43.6911],[-65.7767,43.5904],[-65.6173,43.5358],[-65.566,43.574],[-65.4725,43.4861],[-65.4501,43.5605],[-65.4102,43.5302],[-65.4569,43.5995],[-65.3957,43.5681],[-65.3346,43.6678],[-65.3675,43.7436],[-65.323,43.7654],[-65.3272,43.6964],[-65.2504,43.6734],[-65.2379,43.8056],[-65.1785,43.7101],[-65.1416,43.751],[-65.1286,43.6747],[-65.087,43.7579],[-65.025,43.7162],[-65.0392,43.8323],[-64.9582,43.7658],[-64.9668,43.8736],[-64.8815,43.8118],[-64.915,43.8807],[-64.8559,43.8477],[-64.8474,43.9291],[-64.6689,44.034],[-64.717,44.0588],[-64.5609,44.08],[-64.6062,44.1586],[-64.4979,44.1408],[-64.4322,44.2175],[-64.4291,44.34],[-64.2577,44.4089],[-64.3539,44.4561],[-64.2987,44.4698],[-64.3055,44.566],[-64.2274,44.537],[-64.1622,44.5797],[-64.084,44.4759],[-64.066,44.6343],[-63.8884,44.6964],[-63.9418,44.5516],[-63.5775,44.4641],[-63.5238,44.5032],[-63.5452,44.5933],[-63.6619,44.7168],[-63.439,44.5963],[-63.4169,44.6829],[-63.2851,44.6274],[-63.2367,44.7373],[-63.2139,44.6812],[-63.1548,44.7298],[-63.1405,44.6889],[-63.1194,44.7907],[-63.0586,44.6752],[-63.014,44.7106],[-63.0586,44.7782],[-62.9895,44.711],[-62.8304,44.7178],[-62.8053,44.7851],[-62.6068,44.8371],[-62.531,44.8062],[-62.5515,44.8676],[-62.4757,44.9011],[-62.4484,44.8335],[-62.3934,44.9103],[-62.0766,45.0388],[-61.6544,45.099],[-61.6871,45.1754],[-61.3776,45.1696],[-61.2786,45.254],[-61.1748,45.2028],[-61.1195,45.2716],[-61.1394,45.218],[-61.0779,45.2224],[-61.08,45.3456],[-61.4615,45.3548],[-61.237,45.4898],[-61.4925,45.6907],[-61.6198,45.6143],[-61.8763,45.6927],[-61.9502,45.876],[-62.4704,45.6145],[-62.5091,45.615],[-62.4757,45.6627],[-62.6129,45.6907],[-62.7497,45.6129],[-62.7706,45.6744],[-62.6849,45.6948],[-62.7243,45.7687],[-63.1007,45.8113],[-63.0654,45.7589],[-63.2025,45.7372],[-63.1889,45.7788],[-63.2948,45.7257],[-63.3807,45.772],[-63.2298,45.8061],[-63.5159,45.8109],[-63.4086,45.8545],[-63.4919,45.8826],[-63.6591,45.8738],[-63.6697,45.8234],[-63.9049,45.9803],[-64.0933,46.0326],[-63.8946,46.06],[-63.9,46.1638],[-64.1513,46.1663],[-64.2533,46.2344],[-64.5594,46.2238],[-64.5606,46.367],[-64.704,46.3275],[-64.6277,46.3542],[-64.6134,46.4193],[-64.7111,46.4805],[-64.6777,46.5006],[-64.7547,46.6938],[-64.8542,46.6763],[-64.7921,46.7247],[-64.8815,46.8066],[-64.901,46.9401],[-64.8068,46.9866],[-64.8042,47.0821],[-65.2065,47.0468],[-65.203,47.0946],[-65.3675,47.0878],[-64.9596,47.2943],[-64.9088,47.4025],[-64.9088,47.356],[-64.8922,47.5615],[-64.8126,47.6775],[-64.6989,47.7206],[-64.7357,47.7645],[-64.7639,47.7081],[-64.8605,47.7525],[-64.7929,47.8014],[-65.2093,47.8197],[-65.6357,47.6223],[-65.8396,47.9097],[-66.2384,47.9852],[-66.3859,48.0751],[-66.8479,47.999],[-66.5428,48.0587],[-66.4701,48.1257],[-66.067,48.102],[-65.8957,48.2255],[-65.8905,48.1706],[-65.7838,48.1156],[-65.2856,48.0126],[-64.9879,48.126],[-64.9604,48.1877],[-64.7794,48.204],[-64.7966,48.2578],[-64.7471,48.2578],[-64.7233,48.3354],[-64.3291,48.4196],[-64.1888,48.5266],[-64.2821,48.569],[-64.2308,48.6221],[-64.2843,48.7295],[-64.4291,48.7805],[-64.3741,48.7917],[-64.3972,48.8214],[-64.5389,48.8214],[-64.4774,48.8419],[-64.5594,48.8829],[-64.1693,48.7865],[-64.2212,48.8944],[-64.5526,49.0974],[-64.9635,49.2193],[-65.5658,49.2665],[-66.6221,49.1226],[-68.0603,48.6938],[-68.8248,48.3658],[-69.4455,47.9919],[-69.5619,47.8281],[-70.5349,47.0106],[-71.7142,46.6322],[-71.8671,46.6667],[-72.1899,46.5262],[-72.2743,46.4206],[-72.496,46.3605],[-72.731,46.1766],[-73.1561,46.0497],[-73.2173,45.8988],[-73.4488,45.7045],[-73.519,45.4263],[-73.7347,45.4186],[-74.0044,45.2452],[-74.3295,45.1781],[-74.4735,45.0671],[-74.713,44.9993]]],[[[-74.165,45.2697],[-74.003,45.2687],[-73.9206,45.3338],[-74.165,45.2697]]],[[[-73.9845,45.4064],[-73.9485,45.3697],[-73.9148,45.3662],[-73.8581,45.3818],[-73.8581,45.3889],[-73.889,45.3967],[-73.9173,45.41],[-73.9767,45.4154],[-73.9845,45.4064]]],[[[-73.9736,45.4446],[-73.5887,45.4479],[-73.4706,45.7133],[-73.9736,45.4446]]],[[[-73.9473,45.4982],[-73.9318,45.4888],[-73.8993,45.5009],[-73.8851,45.5124],[-73.8865,45.5234],[-73.9432,45.5076],[-73.9473,45.4982]]],[[[-73.8664,45.5608],[-73.7183,45.5624],[-73.5648,45.6987],[-73.7409,45.6643],[-73.8664,45.5608]]],[[[-71.1247,46.877],[-71.0312,46.8629],[-70.8097,47.0134],[-70.8854,47.0266],[-71.1247,46.877]]],[[[-68.8911,48.388],[-68.8447,48.396],[-68.8381,48.4138],[-68.8643,48.4076],[-68.8911,48.388]]],[[[-67.1819,45.1558],[-67.1701,45.1508],[-67.1724,45.1551],[-67.1819,45.1558]]],[[[-66.3353,48.0941],[-66.3253,48.0812],[-66.3066,48.0815],[-66.29,48.0652],[-66.2747,48.0731],[-66.2726,48.0794],[-66.3353,48.0941]]],[[[-66.2403,44.3772],[-66.2292,44.3528],[-66.2034,44.3922],[-66.2316,44.3872],[-66.2403,44.3772]]],[[[-61.5515,46.0218],[-61.442,45.6818],[-61.3243,45.5623],[-60.8711,45.6457],[-60.736,45.5666],[-60.3954,45.6425],[-60.2313,45.7093],[-60.1273,45.8695],[-59.8031,45.9569],[-59.9579,46.0275],[-59.8427,46.0863],[-59.8856,46.0805],[-59.8818,46.1767],[-60.1361,46.2518],[-60.205,46.1423],[-60.2903,46.1562],[-60.2047,46.2418],[-60.3219,46.3187],[-60.6527,46.0722],[-60.4007,46.2182],[-60.301,46.2187],[-60.7912,45.9402],[-60.6991,45.8909],[-60.3995,45.998],[-60.7372,45.7737],[-60.7325,45.6844],[-60.8384,45.6423],[-60.8074,45.7208],[-60.9128,45.7562],[-61.1476,45.7079],[-61.1029,45.7789],[-60.9141,45.8545],[-61.0985,45.8545],[-61.0712,45.8955],[-60.8151,45.937],[-60.736,46.0566],[-60.8839,46.0347],[-61.0099,45.9414],[-61.1186,45.9494],[-60.8741,46.0792],[-60.6322,46.118],[-60.4269,46.284],[-60.4189,46.3298],[-60.4753,46.32],[-60.6058,46.2113],[-60.3518,46.6013],[-60.3995,46.6701],[-60.3268,46.749],[-60.5936,47.0348],[-61.0238,46.5932],[-61.0431,46.6253],[-61.0862,46.4665],[-61.5515,46.0218]]],[[[-61.0687,45.5623],[-60.8833,45.5623],[-60.8793,45.5666],[-60.8993,45.5787],[-60.9141,45.5666],[-60.9586,45.5814],[-61.0097,45.5808],[-61.0687,45.5623]]],[[[-64.4168,46.6828],[-64.383,46.6278],[-64.1448,46.5978],[-64.0727,46.6422],[-64.0805,46.4145],[-63.7369,46.3964],[-63.7159,46.3542],[-63.8059,46.3747],[-63.7959,46.3299],[-63.6044,46.2177],[-63.2001,46.2177],[-63.1957,46.2723],[-63.1343,46.2381],[-62.963,46.32],[-63.114,46.2177],[-62.9472,46.1934],[-62.9479,46.128],[-62.8782,46.1556],[-63.021,46.0654],[-62.909,46.0719],[-62.8941,46.0054],[-62.7669,45.9554],[-62.4791,45.9976],[-62.5719,46.0327],[-62.4759,46.063],[-62.472,46.1414],[-62.6068,46.1835],[-62.4969,46.1835],[-62.5764,46.239],[-62.4683,46.2169],[-62.4969,46.2723],[-62.3358,46.3163],[-62.3597,46.361],[-62.1903,46.3534],[-61.9774,46.4482],[-62.5856,46.4783],[-62.7023,46.4572],[-62.5856,46.4299],[-63.2381,46.4074],[-63.3323,46.4988],[-63.4632,46.5063],[-63.4566,46.4674],[-63.4947,46.5312],[-63.6769,46.5681],[-63.7301,46.5329],[-63.7089,46.4442],[-63.8226,46.4606],[-63.8258,46.5193],[-63.9356,46.4783],[-63.8347,46.6115],[-63.9066,46.608],[-63.9749,46.7481],[-64.0933,46.78],[-64.0056,46.866],[-64.0485,47.0313],[-64.4168,46.6828]]],[[[-84.5128,46.4802],[-84.0212,46.4802],[-84.2192,46.6772],[-84.5043,46.7429],[-84.4264,46.6115],[-84.5084,46.6115],[-84.5128,46.4802]]],[[[-89.7089,48.5881],[-89.4511,48.3238],[-89.2853,48.3238],[-89.25,48.522],[-89.0839,48.522],[-89.1276,48.5881],[-88.5859,48.522],[-88.6729,48.6542],[-89.4258,48.7865],[-89.7089,48.5881]]],[[[-97.0761,48.7865],[-96.8039,48.522],[-96.6379,48.522],[-96.6848,48.5881],[-96.4357,48.5881],[-96.5772,48.7865],[-97.0761,48.7865]]],[[[-93.8793,48.8527],[-93.6495,48.522],[-93.2425,48.6542],[-93.5928,48.9189],[-93.7593,48.9189],[-93.7129,48.8527],[-93.8793,48.8527]]],[[[-97.5574,50.113],[-97.2722,49.8471],[-96.987,49.9136],[-97.2724,50.1795],[-97.5574,50.113]]],[[[-98.6348,50.3125],[-98.3455,50.0465],[-98.0609,50.113],[-98.3503,50.3791],[-98.6348,50.3125]]],[[[-96.2843,50.6455],[-95.9962,50.3791],[-95.7104,50.4457],[-95.9986,50.7121],[-96.2843,50.6455]]],[[[-96.42,50.7121],[-96.3685,50.6455],[-96.2843,50.6455],[-96.3357,50.7121],[-96.42,50.7121]]],[[[-94.8377,58.9458],[-94.616,58.5282],[-94.7058,58.5282],[-94.6394,58.4587],[-94.7292,58.4587],[-94.6629,58.3892],[-94.7998,58.2504],[-94.5611,57.9038],[-94.6505,57.9038],[-94.1592,57.2819],[-93.6654,56.9374],[-89.4366,55.6348],[-85.0053,54.4774],[-84.395,54.1384],[-84.1354,53.7999],[-83.8092,53.5971],[-82.506,52.0492],[-82.0159,51.7142],[-81.6091,51.246],[-81.1305,50.9122],[-79.6034,50.5122],[-79.0572,50.5789],[-79.018,50.7788],[-78.724,50.8455],[-78.3205,51.6472],[-78.2356,51.6472],[-78.2802,51.7142],[-78.1953,51.7142],[-78.24,51.7811],[-78.1551,51.7811],[-78.1999,51.8481],[-78.1149,51.8481],[-78.1598,51.9151],[-78.0748,51.9151],[-78.1649,52.0492],[-77.9205,52.3176],[-78.5437,53.4621],[-78.4577,53.4621],[-78.6721,54.0029],[-78.5857,54.0029],[-78.8813,54.4095],[-78.7575,54.4774],[-78.8073,54.5453],[-78.4228,54.6132],[-78.4727,54.6811],[-78.0506,54.8171],[-78.1006,54.8851],[-77.8394,54.8851],[-77.8893,54.9531],[-77.5907,55.0211],[-77.6407,55.0892],[-77.2545,55.1573],[-77.2674,55.2936],[-77.0927,55.2936],[-77.1057,55.43],[-77.0182,55.43],[-77.0685,55.4983],[-76.7315,55.6348],[-76.7449,55.7715],[-76.5695,55.7715],[-76.546,55.9766],[-76.3703,55.9766],[-76.2733,56.3191],[-76.1851,56.3191],[-76.2661,56.6623],[-76.141,56.7311],[-76.2608,57.0063],[-76.1721,57.0063],[-76.3824,57.2819],[-76.2936,57.2819],[-76.7747,57.9038],[-78.4897,58.803],[-78.5454,58.7888],[-78.4686,58.706],[-78.5733,58.6755],[-78.5488,58.6089],[-78.4093,58.6297],[-77.9283,58.354],[-77.4706,58.212],[-77.4908,58.1684],[-77.1483,58.0175],[-76.8087,57.6755],[-76.5327,57.1153],[-76.5151,56.4382],[-76.6815,56.0429],[-77.1892,55.6819],[-77.0887,55.7142],[-77.138,55.6577],[-77.7816,55.2735],[-78.3922,55.0275],[-78.9674,54.852],[-79.6285,54.7422],[-79.7656,54.6596],[-79.5937,54.6329],[-79.6353,54.5777],[-79.5255,54.5914],[-79.6012,54.5572],[-79.4503,54.42],[-79.505,54.3723],[-79.464,54.3102],[-79.2859,54.2556],[-79.3821,54.1941],[-79.0463,54.1805],[-79.1424,54.1457],[-79.1077,54.1121],[-79.2926,54.0911],[-78.9796,54.0192],[-79.1009,53.9818],[-79.0423,53.9472],[-79.1351,53.9614],[-78.9917,53.9129],[-79.1077,53.9061],[-79.0662,53.8577],[-78.9017,53.8173],[-79.0525,53.8378],[-79.0488,53.7257],[-79.1561,53.7081],[-79.0193,53.6939],[-79.0662,53.5982],[-78.9231,53.5667],[-79.0195,53.5709],[-78.9569,53.5163],[-79.0041,53.4977],[-79.1146,53.5089],[-79.0632,53.442],[-78.9917,53.4536],[-78.952,53.2915],[-78.8954,53.2686],[-78.9774,53.07],[-78.9159,53.0638],[-78.9842,53.0284],[-78.7856,52.9819],[-78.9017,52.9266],[-78.8553,52.8839],[-78.69,52.8851],[-78.7804,52.8196],[-78.7309,52.8304],[-78.735,52.7892],[-78.8502,52.7574],[-78.772,52.7242],[-78.8197,52.7007],[-78.7624,52.696],[-78.7856,52.6591],[-78.7242,52.6523],[-78.686,52.551],[-78.516,52.4768],[-78.4996,52.3558],[-78.5528,52.2681],[-78.4082,52.2482],[-78.5467,52.2466],[-78.5913,52.1061],[-78.7099,52.0565],[-78.7472,51.9769],[-78.8926,51.9468],[-78.8406,51.8423],[-79.0388,51.7685],[-78.7924,51.6108],[-78.8129,51.5146],[-78.69,51.4873],[-78.8822,51.4033],[-78.8266,51.3501],[-78.9198,51.233],[-78.847,51.1645],[-78.9532,51.2192],[-79.0115,51.4674],[-79.2756,51.5316],[-79.2708,51.5887],[-79.3817,51.6379],[-79.5602,51.5555],[-79.5192,51.4674],[-79.6968,51.3985],[-79.7257,51.1218],[-79.4093,50.8703],[-79.3343,50.7269],[-79.7445,51.1235],[-80.1361,51.3013],[-80.41,51.3395],[-80.6898,51.1616],[-80.8481,51.1235],[-80.9512,51.0081],[-80.94,51.0556],[-81.0126,51.0354],[-80.628,51.2956],[-80.4298,51.3572],[-80.5949,51.7114],[-80.9684,51.9848],[-81.6007,52.2403],[-81.8828,52.1936],[-81.6734,52.3176],[-81.5028,52.3176],[-81.6201,52.4828],[-81.9182,52.6804],[-82.0419,52.8428],[-82.3012,52.9676],[-82.2506,53.213],[-82.169,53.2428],[-82.2309,53.3271],[-82.1369,53.379],[-82.2224,53.6647],[-82.1348,53.7784],[-82.4559,54.2061],[-82.4285,54.2841],[-82.4722,54.3417],[-82.2061,54.838],[-82.3265,55.1587],[-82.321,55.0711],[-82.5294,55.1676],[-82.8772,55.1605],[-82.9517,55.1127],[-82.8976,55.1741],[-82.9757,55.2391],[-83.185,55.2015],[-83.7132,55.2766],[-83.5829,55.2325],[-83.5611,55.1332],[-83.6115,55.2322],[-83.7366,55.2246],[-83.7676,55.2813],[-83.9291,55.3265],[-84.6131,55.2452],[-85.0539,55.2941],[-85.1991,55.2424],[-85.4173,54.9992],[-85.389,55.1121],[-85.1266,55.3026],[-85.1279,55.3498],[-85.4392,55.4284],[-85.6964,55.6038],[-85.9043,55.662],[-86.9801,55.9336],[-87.3653,55.9482],[-87.3551,56.0036],[-87.5008,56.0449],[-87.6186,56.0028],[-87.5892,56.0798],[-87.9743,56.4328],[-88.3114,56.538],[-88.89,56.8594],[-89.0362,56.8425],[-89.963,57.004],[-90.6015,57.2299],[-91.0311,57.2646],[-92.2235,57.0215],[-92.2905,56.985],[-92.2476,56.9374],[-92.4705,56.935],[-92.4404,56.9547],[-92.5079,57.0294],[-92.8598,56.9075],[-92.7049,56.9554],[-92.5429,57.1058],[-92.4417,57.2502],[-92.5332,57.3509],[-92.4442,57.3509],[-92.6314,57.6844],[-92.7858,57.8394],[-92.7988,57.9826],[-93.2391,58.767],[-93.4091,58.7051],[-93.496,58.7735],[-94.1774,58.7791],[-94.1429,58.7368],[-94.2467,58.5908],[-94.232,58.4011],[-94.3617,58.223],[-94.2866,58.4365],[-94.3085,58.5751],[-94.208,58.6838],[-94.2041,58.8065],[-94.3995,58.7125],[-94.4785,58.8065],[-94.6726,58.8728],[-94.746,58.8331],[-94.7189,58.8932],[-94.8377,58.9458]]],[[[-92.3563,57.0579],[-92.3106,57.0073],[-92.2181,57.0628],[-92.3563,57.0579]]],[[[-79.7697,54.7886],[-79.7642,54.7812],[-79.7579,54.7802],[-79.6035,54.8288],[-79.4019,54.852],[-79.3956,54.8538],[-79.7233,54.8234],[-79.7315,54.8179],[-79.6831,54.8179],[-79.6831,54.8111],[-79.735,54.8048],[-79.7697,54.7886]]],[[[-79.0941,54.9331],[-79.0821,54.9171],[-79.036,54.9269],[-79.0189,54.9408],[-79.0941,54.9331]]],[[[-78.635,58.7712],[-78.629,58.7707],[-78.6289,58.7746],[-78.635,58.7712]]],[[[-78.6192,58.6428],[-78.6125,58.6345],[-78.6074,58.6345],[-78.6192,58.6428]]],[[[-78.5883,58.6047],[-78.5826,58.5977],[-78.5725,58.5977],[-78.5883,58.6047]]],[[[-77.8586,58.3182],[-77.716,58.245],[-77.6984,58.2407],[-77.6683,58.2447],[-77.8179,58.3088],[-77.8586,58.3182]]],[[[-77.6479,55.4274],[-77.5863,55.4362],[-77.5261,55.4654],[-77.3775,55.5603],[-77.2096,55.6397],[-77.2113,55.6538],[-77.3121,55.6192],[-77.3292,55.6142],[-77.3667,55.5783],[-77.4131,55.5623],[-77.4484,55.5341],[-77.6479,55.4274]]],[[[-76.7911,57.3509],[-76.7394,57.2839],[-76.7445,57.3509],[-76.7911,57.3509]]],[[[-76.7803,56.1081],[-76.7159,56.138],[-76.7565,56.1789],[-76.7803,56.1081]]],[[[-76.7209,57.144],[-76.652,57.0714],[-76.656,57.1398],[-76.7209,57.144]]],[[[-76.6544,56.5914],[-76.6336,56.5639],[-76.6267,56.5688],[-76.619,56.5869],[-76.6193,56.5937],[-76.6544,56.5937],[-76.6544,56.5914]]],[[[-37.964,-54.0317],[-37.9277,-54.0456],[-37.8406,-54.0305],[-37.7928,-54.044],[-37.6688,-54.0398],[-37.9561,-54.0106],[-37.964,-54.0317]]],[[[-37.7245,-54.1335],[-37.6898,-54.1744],[-37.2373,-54.1477],[-37.4093,-54.1818],[-37.3192,-54.2291],[-37.4137,-54.2553],[-37.1534,-54.2575],[-37.0145,-54.3434],[-36.8845,-54.3364],[-36.81,-54.449],[-36.499,-54.5105],[-36.116,-54.8845],[-35.922,-54.8522],[-36.1064,-54.7647],[-35.9374,-54.81],[-35.7843,-54.7647],[-35.9358,-54.6891],[-35.9009,-54.5554],[-36.1002,-54.545],[-36.189,-54.4146],[-36.1643,-54.3729],[-36.5226,-54.3494],[-36.5712,-54.2499],[-36.6756,-54.2774],[-36.591,-54.2094],[-36.7172,-54.1744],[-36.6338,-54.1448],[-37.6201,-54.0447],[-37.7245,-54.1335]]],[[[-60.5917,-51.4231],[-60.4029,-51.4641],[-60.5131,-51.4985],[-60.1978,-51.6476],[-60.1137,-51.4827],[-60.4653,-51.3872],[-60.5917,-51.4231]]],[[[-60.4722,-51.7624],[-60.2072,-51.7013],[-60.1833,-51.7499],[-60.1343,-51.6894],[-60.3688,-51.6668],[-60.4722,-51.7624]]],[[[-60.4547,-51.8],[-60.4518,-51.8557],[-60.3443,-51.8557],[-60.4064,-51.7966],[-60.3722,-51.7692],[-60.4547,-51.8]]],[[[-60.3377,-51.8557],[-60.215,-51.7775],[-60.2978,-51.7504],[-60.3377,-51.8557]]],[[[-60.2827,-51.3872],[-60.2416,-51.401],[-60.2346,-51.3872],[-60.2827,-51.3872]]],[[[-60.1801,-51.6548],[-60.1213,-51.6639],[-60.1166,-51.6548],[-60.1801,-51.6548]]],[[[-59.7013,1.7],[-59.3379,1.3786],[-58.9017,1.1857],[-58.4641,1.5071],[-57.5902,1.7643],[-57.4445,1.9571],[-56.1342,1.8286],[-55.9885,1.9571],[-56.207,2.15],[-56.2072,2.3429],[-56.0619,2.4714],[-55.5521,2.4072],[-55.334,2.5357],[-54.9699,2.5357],[-54.6783,2.3429],[-54.46,2.4072],[-54.2426,2.7929],[-54.2448,3.2429],[-54.1,3.3715],[-54.1025,3.6929],[-54.3221,3.8215],[-54.4711,4.1429],[-54.4823,4.9787],[-54.4126,5.1715],[-54.171,5.3484],[-54.1091,5.4543],[-54.06,5.8144],[-54.7736,5.9853],[-55.1169,5.9853],[-55.1256,5.9186],[-54.863,5.8555],[-55.0855,5.8828],[-55.1299,5.8207],[-55.1031,5.8664],[-55.1478,5.9082],[-55.328,5.9581],[-55.8444,5.976],[-55.9408,5.8556],[-55.9,5.842],[-55.8977,5.6767],[-55.936,5.8047],[-56.6595,5.9797],[-57.0664,5.9495],[-57.1637,5.5571],[-57.2652,5.4034],[-57.1615,5.6389],[-57.1373,5.8821],[-57.2093,6.1532],[-57.4453,6.3287],[-57.5289,6.2657],[-57.5986,6.4272],[-58.0057,6.7918],[-58.3122,6.8922],[-58.4349,6.8578],[-58.567,6.6367],[-58.5902,6.4172],[-58.6864,6.3825],[-58.6114,6.5692],[-58.74,6.393],[-58.7918,5.493],[-59.0091,5.4287],[-59.0781,5.2358],[-58.9243,4.7858],[-58.7026,4.5929],[-58.7647,3.7572],[-58.5455,3.6929],[-58.4682,3.1786],[-58.613,3.05],[-58.3934,2.8572],[-58.3916,2.4072],[-58.4644,2.4072],[-58.4638,2.15],[-58.8277,1.8286],[-59.1916,1.8286],[-59.1917,1.7],[-59.7012,1.8286],[-59.7013,1.7]],[[-58.0677,4.1511],[-58.0639,4.1611],[-58.0321,3.9877],[-58.0677,4.1511]],[[-58.0556,4.1835],[-58.052,4.1931],[-57.9538,4.299],[-58.0556,4.1835]],[[-57.9185,4.8298],[-57.8503,4.9228],[-57.8468,4.9246],[-57.9185,4.8298]],[[-57.837,4.9296],[-57.8302,4.9331],[-57.8157,4.9285],[-57.837,4.9296]],[[-57.6646,3.4175],[-57.6511,3.3884],[-57.6548,3.3901],[-57.6646,3.4175]],[[-57.5995,3.3653],[-57.5609,3.3494],[-57.5651,3.3498],[-57.5995,3.3653]],[[-57.5524,3.3487],[-57.5353,3.3678],[-57.545,3.3481],[-57.5524,3.3487]],[[-57.5353,3.3678],[-57.5224,3.3652],[-57.5142,3.3605],[-57.5353,3.3678]],[[-57.3357,5.3169],[-57.3321,5.3213],[-57.3317,5.3076],[-57.3357,5.3169]],[[-57.2333,5.1421],[-57.1974,5.1645],[-57.202,5.1576],[-57.2333,5.1421]],[[-57.1917,5.1942],[-57.1849,5.1831],[-57.1903,5.1751],[-57.1917,5.1942]],[[-56.9385,2.4114],[-56.9126,2.3774],[-56.9308,2.3933],[-56.9385,2.4114]],[[-56.425,1.9229],[-56.348,1.9266],[-56.4152,1.9197],[-56.425,1.9229]]],[[[-58.6065,6.843],[-58.6028,6.7091],[-58.5977,6.7216],[-58.5977,6.8083],[-58.5862,6.8466],[-58.6065,6.843]]],[[[-54.2453,5.2835],[-54.1244,5.3644],[-54.123,5.3729],[-54.171,5.3484],[-54.2453,5.2835]]],[[[-2.9366,5.0403],[-2.5441,4.9606],[-2.6669,5.2358],[-2.8672,5.177],[-2.9366,5.0403]]],[[[-13.2868,8.4245],[-13.1639,8.2425],[-12.9721,8.2539],[-12.9482,8.1665],[-12.9487,8.2573],[-12.6574,8.3859],[-12.7308,8.4502],[-12.6595,8.7073],[-12.7334,8.8359],[-13.0981,8.7716],[-13.0977,8.7073],[-13.1707,8.7073],[-13.098,8.6219],[-13.0267,8.6511],[-13.0618,8.5832],[-12.9364,8.607],[-12.8759,8.6852],[-12.9311,8.5828],[-12.8697,8.5692],[-13.0131,8.5617],[-13.1161,8.473],[-13.0336,8.3767],[-13.193,8.4878],[-13.2868,8.5002],[-13.2868,8.4245]]],[[[-13.1465,8.6445],[-13.1177,8.5699],[-13.1075,8.581],[-13.109,8.6033],[-13.1366,8.6238],[-13.1229,8.6306],[-13.1465,8.6445]]],[[[-61.7216,10.0824],[-61.1916,10.0738],[-60.996,10.1383],[-60.9613,10.33],[-61.023,10.3948],[-61.0327,10.6835],[-60.9121,10.8288],[-61.5784,10.7491],[-61.5998,10.6827],[-61.4723,10.5949],[-61.451,10.3145],[-61.5066,10.2407],[-61.6396,10.2407],[-61.7216,10.0824]]],[[[-60.8049,11.1469],[-60.602,11.2314],[-60.5633,11.3217],[-60.7554,11.2441],[-60.8049,11.1469]]],[[[-61.7564,12.0878],[-61.7504,12.0432],[-61.6316,12.0441],[-61.606,12.2234],[-61.6715,12.2361],[-61.7564,12.0878]]],[[[-59.6542,13.2951],[-59.592,13.0857],[-59.5089,13.0573],[-59.43,13.1259],[-59.5945,13.3348],[-59.6542,13.2951]]],[[[-61.265,13.291],[-61.1852,13.1325],[-61.1244,13.247],[-61.144,13.3741],[-61.265,13.291]]],[[[-61.0282,13.984],[-60.9551,13.7147],[-60.8922,13.8332],[-60.8906,14.0432],[-60.9849,14.0432],[-61.0282,13.984]]],[[[-61.1868,14.8667],[-61.1214,14.6327],[-60.996,14.565],[-61.0825,14.4932],[-60.8319,14.4394],[-60.8321,14.5786],[-60.9393,14.675],[-60.8793,14.7773],[-60.9613,14.7499],[-61.0023,14.8114],[-61.1868,14.8667]]],[[[-17.4542,14.6861],[-17.3306,14.7363],[-17.1576,14.6255],[-17.0947,14.9432],[-17.4185,14.7879],[-17.4542,14.6861]]],[[[-61.4793,15.6057],[-61.3629,15.2018],[-61.2567,15.2853],[-61.2672,15.5078],[-61.3077,15.5793],[-61.4793,15.6057]]],[[[-61.7692,16.2933],[-61.6891,15.9521],[-61.566,16.0335],[-61.5517,16.2855],[-61.7692,16.2933]]],[[[-61.5483,16.258],[-61.4621,16.2023],[-61.1838,16.2443],[-61.3657,16.3488],[-61.4272,16.4861],[-61.4946,16.4861],[-61.4813,16.3576],[-61.5483,16.258]]],[[[-61.8482,17.15],[-61.7939,17.0129],[-61.6857,17.0286],[-61.7086,17.1278],[-61.8482,17.15]]],[[[-63.1585,18.179],[-63.1575,18.1707],[-63.1368,18.1734],[-63.1138,18.1898],[-63.0995,18.1762],[-63.0006,18.2274],[-62.9726,18.2759],[-63.0074,18.273],[-63.0382,18.2677],[-63.0858,18.2177],[-63.1343,18.2041],[-63.1585,18.179]]],[[[-63.1458,18.0705],[-63.0107,18.0408],[-63.0176,18.1221],[-63.1458,18.0705]]],[[[-63.1189,18.0515],[-63.0976,18.036],[-63.0702,18.0291],[-63.0215,18.0291],[-63.0176,18.0334],[-63.107,18.0621],[-63.1189,18.0515]]],[[[-62.9579,18.2862],[-62.9567,18.2744],[-62.9486,18.2784],[-62.9495,18.2862],[-62.9579,18.2862]]],[[[-5.5162,36.1596],[-5.3611,36.1596],[-5.2969,36.3528],[-5.5162,36.1596]]],[[[-59.4058,47.8966],[-59.2829,47.7594],[-59.3085,47.6225],[-59.2541,47.6032],[-58.4163,47.6434],[-58.3497,47.7397],[-58.2613,47.7526],[-58.3547,47.6491],[-57.8845,47.6973],[-57.9134,47.6572],[-57.3329,47.6427],[-57.2684,47.5955],[-57.172,47.6365],[-57.1677,47.5859],[-56.7544,47.5464],[-56.7059,47.5676],[-56.7543,47.6365],[-56.6761,47.5773],[-56.6376,47.5881],[-56.6996,47.6223],[-56.3358,47.616],[-56.3086,47.7526],[-56.3017,47.6291],[-56.235,47.632],[-56.1324,47.7553],[-56.151,47.842],[-56.1011,47.7597],[-56.0553,47.7799],[-56.1028,47.73],[-56.0188,47.73],[-55.86,47.7912],[-55.7804,47.9581],[-55.7394,47.9239],[-55.8659,47.7195],[-55.8554,47.6266],[-55.6295,47.6775],[-55.8524,47.6007],[-55.8474,47.5562],[-55.7469,47.5881],[-55.8379,47.4723],[-55.7537,47.5403],[-55.7742,47.4577],[-55.6188,47.5417],[-55.5892,47.5124],[-55.6643,47.4372],[-55.5892,47.4577],[-55.5726,47.4177],[-55.4071,47.5015],[-55.4106,47.6275],[-55.4702,47.6269],[-55.4273,47.7195],[-55.3558,47.7321],[-55.364,47.6641],[-55.0846,47.6372],[-54.9381,47.7873],[-55.0699,47.6023],[-54.6986,47.6706],[-54.9552,47.5062],[-55.184,47.4604],[-55.2553,47.4114],[-55.3013,47.2676],[-55.4872,47.1403],[-55.8699,47.0751],[-55.9813,46.932],[-55.8611,46.8743],[-55.6376,46.8743],[-55.5278,46.9438],[-55.359,46.8747],[-55.3693,46.9401],[-55.1952,47.0043],[-55.1962,47.0696],[-55.1616,47.0167],[-55.0747,47.081],[-55.0889,47.1697],[-55.1361,47.1697],[-55.088,47.2062],[-55.0738,47.157],[-55.027,47.1726],[-55.0125,47.269],[-54.8379,47.4193],[-54.8282,47.3758],[-54.7873,47.4237],[-54.822,47.369],[-54.6644,47.3758],[-54.4173,47.6092],[-54.616,47.369],[-54.4949,47.3995],[-54.3273,47.7101],[-54.2801,47.6979],[-54.1982,47.8333],[-54.2665,47.9035],[-54.1305,47.8318],[-54.0815,47.8755],[-53.8926,47.5988],[-53.9235,47.4541],[-53.8079,47.4237],[-53.8929,47.3929],[-53.9223,47.3132],[-53.9962,47.3172],[-53.9318,47.2344],[-54.0104,47.2339],[-54.1854,46.9278],[-54.1885,46.8284],[-54.0497,46.8086],[-53.9478,46.8581],[-53.5602,47.2045],[-53.571,47.1562],[-53.4987,47.1356],[-53.6434,46.9854],[-53.5211,46.9446],[-53.6449,46.8012],[-53.4857,46.9029],[-53.6365,46.7114],[-53.5547,46.6184],[-53.3553,46.739],[-53.3895,46.6838],[-53.266,46.739],[-53.1929,46.6276],[-53.0669,46.6656],[-52.9413,46.7913],[-52.8545,47.0264],[-52.8492,47.0698],[-52.9376,47.0878],[-52.8688,47.1015],[-52.7043,47.4665],[-52.6297,47.4858],[-52.7688,47.7959],[-52.8764,47.5883],[-53.1294,47.4168],[-53.1952,47.4371],[-53.1493,47.4994],[-53.2045,47.4714],[-53.184,47.5323],[-53.2598,47.5585],[-53.2244,47.73],[-52.8798,48.0967],[-52.9233,48.171],[-53.061,48.0519],[-53.2765,48.0164],[-53.4987,47.7464],[-53.5539,47.5393],[-53.67,47.5267],[-53.6523,47.5769],[-53.7117,47.6099],[-53.6741,47.6712],[-53.7632,47.6257],[-53.9289,47.8524],[-53.828,47.7972],[-53.7312,47.8634],[-53.7873,47.9035],[-53.6973,47.8966],[-53.6567,47.9548],[-53.7037,48.019],[-53.9239,48.0338],[-53.7225,48.0445],[-53.9052,48.0851],[-53.9253,48.237],[-53.6082,48.1917],[-53.3715,48.2935],[-53.3549,48.3867],[-53.0968,48.4182],[-53.1127,48.4559],[-53.0546,48.4559],[-52.9879,48.5532],[-53.0768,48.7036],[-53.2435,48.5264],[-53.3371,48.6085],[-53.4372,48.6159],[-53.475,48.511],[-53.6154,48.4099],[-53.5471,48.4924],[-53.5881,48.4788],[-53.5812,48.522],[-53.7184,48.4241],[-53.6154,48.4993],[-53.7088,48.522],[-53.856,48.3684],[-53.8767,48.4099],[-53.814,48.4652],[-53.8554,48.4752],[-54.1368,48.3553],[-54.1641,48.3907],[-53.7489,48.5198],[-53.9586,48.5471],[-53.8574,48.5928],[-54.0201,48.7395],[-53.9736,48.7491],[-53.991,48.8061],[-54.1976,48.7674],[-54.1846,48.801],[-53.9649,48.8419],[-53.914,48.8925],[-53.9785,48.8966],[-53.8958,48.9146],[-53.8829,48.9927],[-53.7253,49.0139],[-53.8382,49.0337],[-53.6489,49.0402],[-53.5909,49.1838],[-53.4537,49.2422],[-53.4925,49.2875],[-53.9239,49.4521],[-54.0406,49.4384],[-53.986,49.4589],[-54.0447,49.4818],[-54.2323,49.3627],[-54.2193,49.4173],[-54.3729,49.4223],[-54.4835,49.2676],[-54.4447,49.4248],[-54.4691,49.4715],[-54.534,49.4452],[-54.4995,49.5393],[-54.817,49.2756],[-54.857,49.4067],[-54.8805,49.289],[-55.034,49.2302],[-55.0029,49.3163],[-55.0631,49.3163],[-55.2726,49.2099],[-55.2777,49.106],[-55.1845,49.123],[-55.3831,49.0473],[-55.314,49.1018],[-55.3651,49.1723],[-55.2229,49.2646],[-55.2239,49.3163],[-55.2718,49.3591],[-55.3148,49.3149],[-55.3148,49.4042],[-55.3831,49.3354],[-55.4452,49.3559],[-55.338,49.435],[-55.4315,49.4248],[-55.3965,49.5021],[-55.4862,49.48],[-55.5693,49.3627],[-55.5209,49.4936],[-55.6575,49.3837],[-55.6786,49.4726],[-55.7878,49.4521],[-55.7192,49.4757],[-55.822,49.522],[-56.1307,49.4291],[-55.9008,49.5624],[-55.8772,49.596],[-55.9386,49.6097],[-55.8356,49.6916],[-55.9685,49.7028],[-56.1702,49.601],[-56.0019,49.7525],[-55.508,49.9163],[-55.5429,49.9916],[-55.7464,49.932],[-55.9591,50.0411],[-56.0034,49.9716],[-56.0101,50.0312],[-56.1919,49.925],[-56.0979,50.0465],[-56.1555,50.0465],[-56.1957,50.1317],[-56.3844,49.9464],[-56.3632,49.8976],[-56.5578,49.8481],[-56.8567,49.5482],[-56.7816,49.7294],[-56.9051,49.7537],[-56.7684,49.8303],[-56.7195,49.9486],[-56.7757,49.9508],[-56.6463,50.0992],[-56.6723,50.1304],[-56.5308,50.1912],[-56.4442,50.3044],[-56.4295,50.3621],[-56.5004,50.3911],[-56.4116,50.3769],[-56.2664,50.5063],[-56.3223,50.5277],[-56.1717,50.6112],[-56.2202,50.7121],[-56.1574,50.7121],[-56.1614,50.8782],[-56.1037,50.905],[-56.1354,50.7788],[-56.0205,50.7788],[-55.925,50.8846],[-55.8772,50.8635],[-55.7742,51.0354],[-55.8047,51.0691],[-55.7331,51.0831],[-55.7925,51.222],[-55.9591,51.1993],[-55.9657,51.159],[-56.0758,51.2334],[-56.0144,51.2751],[-56.0895,51.3706],[-55.5311,51.3797],[-55.4946,51.4831],[-55.5346,51.5084],[-55.4872,51.5039],[-55.4602,51.5803],[-55.7286,51.577],[-55.6431,51.473],[-55.8902,51.5009],[-55.8315,51.6152],[-55.9048,51.6221],[-56.7202,51.3193],[-56.7952,51.2409],[-56.7468,51.1993],[-56.8095,51.1925],[-56.7952,51.1378],[-56.9801,51.0553],[-56.9007,51.0182],[-57.0488,51.0211],[-56.9255,50.9182],[-57.1655,50.7531],[-57.397,50.7086],[-57.2402,50.6375],[-57.2756,50.6239],[-57.1548,50.6257],[-57.3553,50.6066],[-57.9481,49.6795],[-57.8777,49.5323],[-57.8231,49.5619],[-57.7003,49.4628],[-57.8714,49.5067],[-57.8974,49.4392],[-57.9203,49.5319],[-58.0012,49.5619],[-58.2287,49.371],[-58.1934,49.2431],[-57.9261,49.2466],[-58.1007,49.1828],[-58.08,49.1468],[-57.8504,49.1845],[-57.9125,49.13],[-58.1354,49.1269],[-58.0462,48.9964],[-57.8845,48.9722],[-58.0686,48.9792],[-58.1759,49.0665],[-58.3575,49.0617],[-58.3445,49.1094],[-58.4171,49.1175],[-58.7137,48.5682],[-58.8131,48.5716],[-58.8509,48.6365],[-58.8927,48.5539],[-58.9589,48.6162],[-58.8588,48.7418],[-59.2134,48.5502],[-59.0965,48.5108],[-58.7032,48.5545],[-58.2722,48.5209],[-58.6045,48.4037],[-58.4946,48.4583],[-58.5704,48.4403],[-59.4058,47.8966]]],[[[-57.2686,50.8148],[-57.2397,50.806],[-57.2618,50.7997],[-57.2525,50.7967],[-57.1866,50.823],[-57.1962,50.8306],[-57.2686,50.8148]]],[[[-55.7334,49.5152],[-55.7332,49.5135],[-55.7085,49.5085],[-55.698,49.5152],[-55.7334,49.5152]]],[[[-54.7589,49.5587],[-54.7389,49.5142],[-54.5571,49.5816],[-54.7589,49.5587]]],[[[-54.7538,49.4452],[-54.6986,49.4077],[-54.6439,49.4753],[-54.7538,49.4452]]],[[[-53.9314,48.2084],[-53.8752,48.1065],[-53.7623,48.0988],[-53.9314,48.2084]]],[[[-53.5664,48.1917],[-53.5166,48.1917],[-53.5215,48.2012],[-53.5435,48.207],[-53.5664,48.1917]]],[[[-53.0255,47.599],[-52.9765,47.5969],[-52.9164,47.6345],[-52.9188,47.6526],[-52.9565,47.6548],[-53.0131,47.6225],[-53.0255,47.599]]],[[[-64.4989,49.8814],[-64.4247,49.8085],[-63.7642,49.602],[-63.6268,49.4984],[-63.5868,49.39],[-63.0933,49.2329],[-62.2482,49.0679],[-61.7295,49.1175],[-61.8826,49.3545],[-62.2043,49.4142],[-62.9621,49.7405],[-64.0606,49.9327],[-64.4989,49.8814]]],[[[-57.0378,51.8481],[-57.0037,51.7811],[-56.9188,51.7811],[-56.9528,51.8481],[-57.0378,51.8481]]],[[[-57.2628,53.7056],[-57.2555,53.7088],[-57.1241,53.7416],[-57.1304,53.7478],[-57.2602,53.7323],[-57.2628,53.7056]]],[[[-57.1721,53.6596],[-57.1138,53.643],[-57.0308,53.713],[-57.1721,53.6596]]],[[[-57.1658,53.5629],[-57.028,53.4621],[-56.3538,53.3271],[-56.3181,53.2596],[-56.5402,53.1922],[-56.3983,52.9227],[-56.7914,52.8554],[-56.7209,52.7208],[-56.8064,52.7208],[-56.6665,52.4519],[-56.2904,52.3847],[-56.1364,52.2505],[-56.2217,52.2505],[-56.2045,52.0492],[-56.3747,52.0492],[-56.3407,51.9822],[-56.5108,51.9822],[-56.4768,51.9151],[-56.6469,51.9151],[-56.6129,51.8481],[-56.7829,51.8481],[-56.8849,51.7142],[-57.0887,51.7811],[-57.0891,51.4465],[-56.8234,51.4921],[-56.6825,51.6481],[-56.011,51.9015],[-56.0004,51.9822],[-55.9134,51.9822],[-55.9659,52.0217],[-55.8101,52.0225],[-55.7058,52.1447],[-55.6923,52.1861],[-55.7726,52.2143],[-55.6845,52.2159],[-55.7947,52.2408],[-55.7093,52.296],[-55.8568,52.3035],[-55.8226,52.3302],[-56.1987,52.4468],[-55.771,52.3397],[-55.8083,52.3854],[-55.7259,52.3789],[-55.755,52.4931],[-56.5004,52.5977],[-56.2182,52.5403],[-55.9864,52.5567],[-56.0485,52.5772],[-55.9781,52.6177],[-56.0972,52.6622],[-55.8396,52.6128],[-56.1625,52.818],[-55.9773,52.7781],[-55.8492,52.8554],[-55.9805,52.9943],[-56.1228,52.9731],[-56.082,53.0222],[-56.1652,53.0359],[-56.0175,53.0335],[-55.8902,53.0902],[-55.9455,53.1185],[-55.7469,53.1457],[-55.8431,53.2147],[-55.7918,53.2385],[-55.8636,53.2482],[-55.8242,53.3002],[-55.9114,53.3096],[-55.8379,53.3264],[-55.8632,53.3744],[-56.0411,53.3716],[-55.9659,53.4127],[-56.2635,53.5537],[-55.9897,53.5204],[-56.076,53.5828],[-56.7269,53.687],[-56.572,53.6971],[-56.7154,53.7523],[-56.9835,53.7275],[-57.1658,53.5629]]],[[[-56.9887,53.7646],[-56.9843,53.7594],[-56.9473,53.7521],[-56.9196,53.763],[-56.8826,53.7629],[-56.8344,53.783],[-56.9887,53.7646]]],[[[-55.9899,53.4704],[-55.8861,53.4181],[-55.9466,53.4892],[-55.9899,53.4704]]],[[[-10.4782,52.152],[-9.9547,52.1088],[-9.9569,52.1452],[-9.7582,52.152],[-10.2662,51.9885],[-10.3069,51.9534],[-10.2541,51.9087],[-10.3956,51.8845],[-10.3411,51.7883],[-10.2346,51.851],[-10.1771,51.8137],[-10.2244,51.7821],[-10.1356,51.7412],[-9.5807,51.8777],[-9.9807,51.7319],[-10.1628,51.5903],[-9.6268,51.685],[-9.5459,51.72],[-9.5602,51.7616],[-9.4429,51.72],[-9.8475,51.5494],[-9.5459,51.6108],[-9.8323,51.488],[-9.8103,51.4496],[-9.4433,51.5595],[-9.4018,51.5009],[-9.3199,51.5351],[-9.3725,51.4927],[-8.6856,51.6117],[-8.7576,51.645],[-8.537,51.6375],[-8.4151,51.7811],[-8.2847,51.8026],[-8.4294,51.8845],[-8.1871,51.8931],[-8.2462,51.8027],[-8.0206,51.8239],[-7.6112,52.1163],[-6.9981,52.151],[-6.9551,52.1793],[-6.9974,52.2892],[-6.9132,52.1558],[-6.764,52.2613],[-6.8056,52.2128],[-6.4226,52.1951],[-6.373,52.3227],[-6.4092,52.2893],[-6.4965,52.3643],[-6.3661,52.3444],[-6.1567,52.7358],[-6.172,52.8554],[-6.0863,52.8554],[-6.1432,53.2965],[-6.2419,53.3946],[-6.0875,53.5296],[-6.2865,53.7323],[-6.3055,53.8745],[-6.373,53.8993],[-6.3599,54.016],[-6.3316,54.0706],[-6.2177,54.0706],[-6.2847,54.1052],[-5.9644,54.0706],[-5.8938,54.1047],[-5.862,54.2305],[-5.6966,54.2471],[-5.5444,54.3417],[-5.5797,54.3837],[-5.7089,54.3518],[-5.6256,54.4411],[-5.6703,54.5057],[-5.6256,54.5163],[-5.7156,54.5367],[-5.702,54.5777],[-5.558,54.5119],[-5.5766,54.4028],[-5.5192,54.3417],[-5.4531,54.5036],[-5.5275,54.5453],[-5.5747,54.6801],[-5.748,54.6804],[-5.9074,54.6056],[-5.8907,54.6723],[-5.7087,54.7491],[-5.9862,54.9818],[-5.9683,55.0438],[-6.0621,55.0741],[-6.0382,55.1497],[-6.101,55.2124],[-6.4759,55.2487],[-6.7545,55.1778],[-6.9626,55.1946],[-7.0537,55.0487],[-7.2567,55.0507],[-7.1728,55.1435],[-6.9408,55.2312],[-7.3601,55.3618],[-7.2567,55.284],[-7.5243,55.2903],[-7.5495,55.2154],[-7.4629,55.1435],[-7.4562,55.0561],[-7.6814,54.9544],[-7.5618,55.0445],[-7.641,55.0507],[-7.5258,55.1162],[-7.644,55.2728],[-7.7882,55.2186],[-7.6951,55.2075],[-7.7025,55.0991],[-7.7176,55.1666],[-7.8157,55.1946],[-7.7987,55.2561],[-7.8661,55.2149],[-7.8564,55.139],[-7.9086,55.1884],[-8.0041,55.1741],[-7.9768,55.2219],[-8.1565,55.1245],[-8.1413,55.1605],[-8.2785,55.1605],[-8.32,55.0343],[-8.3474,55.0643],[-8.4566,55.0029],[-8.3666,54.9482],[-8.4508,54.9221],[-8.337,54.9036],[-8.3813,54.8559],[-8.3257,54.8315],[-8.4907,54.852],[-8.5584,54.8179],[-8.4082,54.7626],[-8.5299,54.7881],[-8.4566,54.7564],[-8.6366,54.7685],[-8.7978,54.692],[-8.6726,54.6195],[-8.1208,54.6466],[-8.271,54.5237],[-8.2102,54.5019],[-8.4667,54.475],[-8.4741,54.43],[-8.6639,54.3593],[-8.5192,54.3267],[-8.5727,54.3139],[-8.4703,54.2766],[-8.621,54.2556],[-8.5112,54.2077],[-8.6764,54.2713],[-9.0513,54.2895],[-9.1412,54.1457],[-9.2684,54.3039],[-9.7855,54.3381],[-9.846,54.3214],[-9.765,54.2556],[-9.8439,54.2766],[-9.9099,54.2044],[-9.9773,54.2425],[-9.8811,54.263],[-10.078,54.2624],[-10.0386,54.1879],[-9.9363,54.1873],[-9.9773,54.1805],[-9.9084,54.1184],[-9.9707,54.0786],[-9.8339,54.1121],[-9.8989,54.0253],[-9.7875,53.9161],[-9.915,53.9539],[-9.8679,53.8647],[-9.5602,53.8651],[-9.6217,53.8173],[-9.5664,53.7963],[-9.9084,53.7621],[-9.9084,53.6461],[-9.7918,53.6089],[-10.0468,53.5993],[-9.9711,53.5629],[-10.0052,53.5436],[-10.1803,53.5555],[-10.0121,53.4815],[-10.1503,53.4379],[-10.0113,53.3812],[-9.7992,53.4195],[-9.8976,53.3348],[-9.8067,53.3016],[-9.6527,53.3928],[-9.6346,53.3301],[-9.5528,53.3854],[-9.6011,53.3649],[-9.5608,53.3412],[-9.6173,53.3215],[-9.6123,53.2362],[-9.5546,53.2907],[-9.5117,53.2283],[-9.0221,53.2755],[-8.9426,53.2618],[-9.0456,53.2209],[-8.8948,53.2209],[-8.9364,53.1457],[-9.1282,53.1594],[-9.0729,53.1185],[-9.2722,53.1467],[-9.4438,52.966],[-9.3541,52.9335],[-9.4986,52.7525],[-9.6284,52.7274],[-9.7897,52.5692],[-9.5528,52.6393],[-9.5807,52.666],[-9.4345,52.612],[-9.279,52.6393],[-9.3331,52.5977],[-9.2858,52.5908],[-9.1468,52.6238],[-8.9426,52.7752],[-8.9608,52.6937],[-8.7512,52.673],[-9.2721,52.5772],[-9.6483,52.5704],[-9.6831,52.4946],[-9.6346,52.4736],[-9.9499,52.4121],[-9.8345,52.3752],[-9.8694,52.2731],[-9.7377,52.2482],[-9.9475,52.2376],[-10.0538,52.3048],[-10.1008,52.2408],[-10.2758,52.2681],[-10.4782,52.152]],[[-9.7736,53.6068],[-9.7141,53.6098],[-9.6968,53.5982],[-9.7736,53.6068]],[[-8.5584,51.7064],[-8.5027,51.7],[-8.5175,51.6927],[-8.5483,51.6964],[-8.5584,51.7064]],[[-7.9042,52.99],[-7.8184,52.99],[-7.8089,52.9227],[-7.8946,52.9227],[-7.9042,52.99]],[[-7.3947,54.1219],[-7.3103,54.1147],[-7.327,54.1136],[-7.3947,54.1219]],[[-7.3332,54.1494],[-7.3278,54.1517],[-7.3311,54.1462],[-7.3332,54.1494]]],[[[-10.429,51.8898],[-10.426,51.8823],[-10.4058,51.8841],[-10.3227,51.9033],[-10.2977,51.9184],[-10.3127,51.9255],[-10.3517,51.9311],[-10.429,51.8898]]],[[[-9.9137,51.6297],[-9.9055,51.6155],[-9.8922,51.6113],[-9.7993,51.6368],[-9.817,51.6389],[-9.8817,51.6411],[-9.9137,51.6297]]],[[[-9.7201,53.2661],[-9.7186,53.2618],[-9.6549,53.2358],[-9.6383,53.251],[-9.6627,53.2755],[-9.6847,53.2824],[-9.7104,53.2755],[-9.7201,53.2661]]],[[[-8.5516,55.01],[-8.5514,55.0089],[-8.5454,55.0029],[-8.5502,55.0011],[-8.5455,54.9713],[-8.5274,54.9675],[-8.484,54.9755],[-8.4966,55.0007],[-8.5249,55.0097],[-8.5364,55.0166],[-8.5516,55.01]]],[[[-6.1996,55.2897],[-6.188,55.284],[-6.1948,55.2629],[-6.173,55.2918],[-6.1996,55.2897]]],[[[-61.0858,53.9352],[-60.9279,53.733],[-60.8594,53.8351],[-60.8213,53.7797],[-60.3885,53.6679],[-60.1361,53.5294],[-60.071,53.5665],[-60.0941,53.7004],[-60.0166,53.7081],[-60.1327,53.7831],[-59.8072,53.7984],[-59.8788,53.8242],[-59.844,53.8447],[-59.4745,53.8281],[-58.9198,54.016],[-59.0427,54.0302],[-58.6263,54.0443],[-58.4509,54.1674],[-58.5431,54.1941],[-58.6981,54.1244],[-59.5108,54.0012],[-59.5914,54.0439],[-59.2287,54.0783],[-59.646,54.1384],[-59.6075,54.0706],[-60.4335,54.0029],[-60.3947,53.9352],[-61.0858,53.9352]]],[[[-60.9122,53.7129],[-60.4529,53.1248],[-59.852,53.1248],[-59.841,53.2596],[-59.5347,53.3271],[-59.5722,53.3946],[-58.6402,53.7323],[-58.6778,53.7999],[-58.1974,53.8676],[-58.2349,53.9352],[-58.0621,53.9352],[-58.1372,54.0706],[-58.0507,54.0706],[-58.8407,53.9471],[-59.0707,53.7963],[-59.0222,53.7143],[-59.317,53.687],[-59.6072,53.5338],[-59.8795,53.5382],[-59.7838,53.4815],[-59.8731,53.4877],[-60.029,53.3581],[-60.1426,53.3337],[-60.0911,53.3062],[-60.129,53.2755],[-60.4206,53.2686],[-60.1813,53.3364],[-60.4123,53.358],[-60.1327,53.461],[-60.0371,53.4399],[-60.0637,53.5089],[-60.6367,53.7038],[-60.9122,53.7129]]],[[[-59.2134,54.1384],[-59.1865,54.0909],[-58.7274,54.1457],[-58.4848,54.2279],[-58.5106,54.2739],[-58.7705,54.2739],[-58.7323,54.2061],[-59.2134,54.1384]]],[[[-58.3913,54.1308],[-58.3445,54.1121],[-58.3218,54.0928],[-58.2923,54.092],[-58.2629,54.1081],[-58.3913,54.1308]]],[[[-4.7709,54.0968],[-4.3916,54.1972],[-4.3826,54.4095],[-4.531,54.3661],[-4.7103,54.2206],[-4.7709,54.0968]]],[[[-62.8279,56.9374],[-62.1312,56.1136],[-61.5688,55.7715],[-60.9185,55.5665],[-60.6268,55.2255],[-60.404,55.2922],[-60.3747,55.3807],[-60.2926,55.4135],[-60.3654,55.4349],[-60.3277,55.4948],[-60.4821,55.3523],[-60.4547,55.4479],[-60.3344,55.5142],[-60.3573,55.5693],[-60.4547,55.5031],[-60.3944,55.5851],[-60.4343,55.6345],[-60.5305,55.5919],[-60.4935,55.6601],[-60.403,55.6795],[-60.4488,55.7896],[-60.5079,55.804],[-60.6813,55.5646],[-60.6562,55.6764],[-60.5914,55.7086],[-60.602,55.8196],[-60.749,55.7365],[-60.9439,55.7298],[-60.7285,55.8253],[-61.1933,55.8796],[-61.0785,55.8929],[-61.139,55.9722],[-61.4471,55.9806],[-61.3799,55.9792],[-61.5031,56.0102],[-61.235,56.0438],[-61.4553,56.0581],[-61.411,56.087],[-61.487,56.2102],[-62.0089,56.2405],[-62.0785,56.2982],[-61.6983,56.267],[-61.8179,56.3044],[-61.7197,56.3014],[-61.8458,56.387],[-61.7905,56.3938],[-62.1474,56.4553],[-61.9481,56.4656],[-62.0859,56.4832],[-62.0368,56.508],[-61.8234,56.4933],[-61.8415,56.585],[-62.243,56.6203],[-61.9141,56.6265],[-62.5856,56.7978],[-62.4938,56.8546],[-62.0887,56.8413],[-62.0444,56.8258],[-62.5031,56.7849],[-61.8525,56.6403],[-61.7684,56.6623],[-61.8262,56.7543],[-61.8867,56.7023],[-61.8942,56.8054],[-61.6642,56.8089],[-61.6434,56.8835],[-61.5018,56.9789],[-61.3387,56.963],[-61.4515,57.144],[-61.6964,57.1579],[-61.6617,57.2259],[-61.7843,57.1548],[-61.7853,57.1963],[-61.8651,57.1706],[-62.0116,57.243],[-61.8805,57.2777],[-61.8715,57.3428],[-61.9276,57.3671],[-61.8562,57.3611],[-61.9004,57.4155],[-62.1594,57.4691],[-62.3771,57.4285],[-62.5447,57.5111],[-62.3489,57.4577],[-62.2703,57.5384],[-62.0782,57.5482],[-62.4282,57.6962],[-62.6959,57.6962],[-62.561,57.3509],[-62.2499,57.2819],[-62.1178,57.0751],[-62.8279,56.9374]]],[[[-62.0173,57.5225],[-62.0171,57.5179],[-61.9291,57.4561],[-61.9193,57.4598],[-61.9379,57.4889],[-62.0173,57.5225]]],[[[-61.7983,56.7553],[-61.7328,56.7039],[-61.7319,56.7038],[-61.6949,56.7296],[-61.7508,56.7517],[-61.7983,56.7553]]],[[[-61.7974,56.4211],[-61.792,56.4176],[-61.7939,56.4207],[-61.7974,56.4211]]],[[[-61.6471,56.7365],[-61.4013,56.6623],[-61.3965,56.7745],[-61.5847,56.7717],[-61.4823,56.8435],[-61.4277,56.8243],[-61.4554,56.8686],[-61.3387,56.935],[-61.5199,56.9487],[-61.6344,56.8525],[-61.6471,56.7365]]],[[[-61.2323,56.0998],[-61.1221,56.0256],[-60.9642,56.0754],[-61.0985,56.1747],[-61.1884,56.1079],[-61.1468,56.0922],[-61.2323,56.0998]]],[[[-60.8998,55.8768],[-60.8893,55.8658],[-60.8651,55.8659],[-60.8109,55.8754],[-60.8914,55.8838],[-60.8998,55.8768]]],[[[-60.4935,55.2255],[-60.441,55.2255],[-60.4582,55.2356],[-60.4921,55.2263],[-60.4935,55.2255]]],[[[-60.4285,55.2255],[-60.398,55.2255],[-60.3636,55.2525],[-60.3633,55.259],[-60.3966,55.2587],[-60.4285,55.2255]]],[[[-7.4554,57.2367],[-7.3907,57.1291],[-7.2929,57.1066],[-7.353,57.2429],[-7.231,57.2819],[-7.237,57.3211],[-7.394,57.3808],[-7.2417,57.3518],[-7.4268,57.385],[-7.3897,57.312],[-7.4554,57.2367]]],[[[-7.3059,57.4092],[-7.2513,57.4143],[-7.2522,57.4199],[-7.3059,57.4092]]],[[[-7.5179,57.6202],[-7.3327,57.5335],[-7.1618,57.604],[-7.2159,57.6414],[-7.1058,57.6271],[-7.1817,57.6885],[-7.2567,57.6483],[-7.3121,57.6885],[-7.5179,57.6202]]],[[[-7.1265,58.124],[-7.0756,58.0622],[-7.024,58.0796],[-7.0582,58.0386],[-6.9346,58.0523],[-7.0582,58.025],[-7.0699,57.9727],[-6.8391,57.9356],[-6.9626,57.8947],[-6.9142,57.8679],[-7.1072,57.8376],[-7.0567,57.7815],[-6.7488,57.852],[-6.787,57.8988],[-6.661,57.8803],[-6.764,58.0039],[-6.6883,58.0585],[-6.592,58.0585],[-6.7094,58.0039],[-6.661,57.9288],[-6.5375,57.9213],[-6.4822,57.9855],[-6.5507,58.0101],[-6.4705,58.0091],[-6.4232,58.1043],[-6.6194,58.0864],[-6.4085,58.134],[-6.4003,58.2099],[-6.2081,58.1956],[-6.2149,58.2418],[-6.3661,58.2373],[-6.2272,58.3251],[-6.2543,58.5082],[-6.8186,58.2851],[-6.7094,58.1894],[-6.8695,58.1894],[-6.8596,58.1069],[-6.9073,58.2168],[-7.0309,58.2447],[-7.0172,58.1894],[-7.1128,58.182],[-7.1265,58.124]]],[[[-7.0793,57.8803],[-7.0552,57.8842],[-7.0446,57.9021],[-7.0092,57.8896],[-6.9971,57.8935],[-6.9974,57.9151],[-7.0155,57.9219],[-7.0377,57.9163],[-7.0793,57.8947],[-7.0793,57.8803]]],[[[-6.8823,58.2363],[-6.8596,58.223],[-6.8733,58.2168],[-6.8733,58.2099],[-6.7912,58.2099],[-6.8186,58.2373],[-6.8289,58.2338],[-6.88,58.2578],[-6.8823,58.2363]]],[[[-3.4333,58.885],[-3.3264,58.8164],[-3.1836,58.8324],[-3.3494,58.9285],[-3.4333,58.885]]],[[[-3.3667,59.0161],[-3.2894,58.9504],[-3.2279,59.0386],[-3.2028,58.9159],[-2.9812,58.9601],[-2.9268,58.9049],[-2.7957,58.9026],[-2.8376,58.9504],[-2.8057,58.9871],[-3.1317,59.0051],[-2.9945,59.0597],[-3.1827,59.1472],[-3.3238,59.1274],[-3.3667,59.0161]]],[[[-2.8387,59.2647],[-2.8372,59.2521],[-2.8301,59.2521],[-2.8387,59.2647]]],[[[-2.8301,59.1921],[-2.7448,59.1551],[-2.7277,59.2242],[-2.7879,59.2472],[-2.8301,59.1921]]],[[[-2.6926,59.1923],[-2.5635,59.2324],[-2.5713,59.2992],[-2.6926,59.1923]]],[[[-2.6655,59.1552],[-2.6653,59.1551],[-2.6449,59.1551],[-2.6452,59.1575],[-2.6655,59.1552]]],[[[17.1903,-30.1028],[17.6172,-30.934],[18.1968,-31.6974],[18.2769,-31.8927],[18.3494,-32.2603],[18.2964,-32.6086],[18.1188,-32.773],[17.9055,-32.7292],[17.843,-32.8233],[17.9019,-33.0369],[18.0374,-33.0338],[18.1275,-33.1974],[17.9549,-33.102],[18.3074,-33.4793],[18.4844,-33.8439],[18.3148,-34.0291],[18.3584,-34.0548],[18.3163,-34.1575],[18.3998,-34.2897],[18.3956,-34.172],[18.4784,-34.1069],[18.8001,-34.0895],[18.8582,-34.1503],[18.8176,-34.3769],[19.1399,-34.2944],[19.0852,-34.3565],[19.1193,-34.4006],[19.2904,-34.4091],[19.3602,-34.5004],[19.2969,-34.6178],[19.3987,-34.6018],[19.6532,-34.7741],[19.8584,-34.7497],[19.9642,-34.813],[20.2589,-34.5579],[20.5244,-34.4543],[20.8664,-34.4348],[20.8052,-34.398],[20.9134,-34.3604],[21.3059,-34.4246],[21.5376,-34.3489],[21.7887,-34.3813],[21.8611,-34.2363],[22.1692,-34.0832],[22.5837,-33.9941],[22.7668,-34.0329],[22.7305,-33.9797],[22.7746,-33.9836],[22.936,-34.0827],[23.0322,-34.0861],[22.9981,-34.0275],[23.0628,-34.0827],[23.282,-34.1],[23.3128,-34.0433],[23.6355,-33.9797],[24.1631,-34.0548],[24.565,-34.1769],[24.9239,-33.979],[25.1926,-33.9622],[25.5965,-34.0482],[25.5349,-33.9147],[25.7854,-33.7436],[25.9553,-33.7109],[26.4761,-33.7643],[27.2406,-33.4352],[26.8627,-33.0789],[26.8544,-32.9503],[26.3223,-33.0146],[26.008,-32.886],[25.9884,-32.5646],[25.912,-32.5646],[25.9617,-32.1147],[25.7034,-31.6005],[25.6716,-31.0221],[25.364,-30.9578],[25.3573,-30.8293],[25.1326,-30.8936],[24.8188,-30.7008],[24.5908,-30.7008],[24.2234,-30.9578],[24.1599,-31.2149],[23.8617,-31.3434],[23.2496,-31.2792],[23.1617,-31.0221],[22.9306,-30.9578],[22.4883,-31.2792],[22.3473,-31.5362],[22.4379,-31.8576],[22.2119,-31.9219],[22.0537,-31.7933],[21.207,-31.6005],[21.2018,-31.472],[20.8921,-31.3434],[20.0546,-31.3434],[19.9694,-31.0864],[19.2744,-30.765],[19.1165,-30.5722],[18.5775,-30.3152],[17.7478,-30.508],[17.5879,-30.1866],[17.1903,-30.1028]]],[[[55.2254,-21.0297],[55.3496,-21.2714],[55.575,-21.3679],[55.7695,-21.3149],[55.5928,-20.8794],[55.2874,-20.9117],[55.2254,-21.0297]]],[[[57.3035,-20.4309],[57.3781,-20.507],[57.5764,-20.5066],[57.6241,-20.3506],[57.6982,-20.3506],[57.673,-20.0292],[57.5281,-20.0309],[57.3706,-20.2605],[57.3578,-20.4274],[57.3035,-20.4309]]],[[[55.3605,-4.6613],[55.362,-4.6637],[55.3649,-4.6659],[55.3698,-4.6666],[55.3729,-4.6679],[55.3738,-4.6664],[55.3705,-4.6639],[55.3662,-4.6606],[55.3627,-4.6593],[55.3605,-4.6613]]],[[[55.3673,-4.6393],[55.4278,-4.6701],[55.4263,-4.6002],[55.3673,-4.6393]]],[[[55.3964,-4.6697],[55.3977,-4.6714],[55.3975,-4.6734],[55.4001,-4.6757],[55.4041,-4.6803],[55.4054,-4.6799],[55.4059,-4.6781],[55.4068,-4.675],[55.4048,-4.6717],[55.4012,-4.6695],[55.399,-4.6686],[55.3972,-4.6684],[55.3964,-4.6697]]],[[[102.1123,2.2786],[102.4984,2.087],[102.4337,2.2786],[102.1123,2.2786]]],[[[-1.9416,4.7858],[-1.7486,4.8772],[-1.7933,5.1072],[-1.9395,5.0429],[-1.9416,4.7858]]],[[[-1.2102,5.1124],[-1.0639,5.1901],[-1.0625,5.3644],[-1.2083,5.3644],[-1.2102,5.1124]]],[[[100.2679,5.4679],[100.2887,5.2627],[100.3434,5.4176],[100.2679,5.4679]]],[[[100.3645,5.0843],[100.3977,5.0148],[100.4551,5.1072],[100.528,5.1072],[100.5495,5.493],[100.3715,5.5327],[100.4333,5.2112],[100.3645,5.0843]]],[[[-0.9179,5.2133],[-0.7719,5.2389],[-0.7704,5.4287],[-0.9162,5.4287],[-0.9179,5.2133]]],[[[-0.6255,5.3292],[-0.4346,5.4402],[-0.4779,5.5572],[-0.6237,5.5572],[-0.6255,5.3292]]],[[[79.7061,8.0645],[79.802,7.6593],[79.863,6.8072],[80.032,6.2663],[80.2039,6.0262],[80.5908,5.9237],[80.7144,5.9579],[80.8091,6.0351],[81.3621,6.2254],[81.7647,6.5931],[81.8846,6.9802],[81.8807,7.3271],[81.8331,7.4594],[81.8078,7.4103],[81.771,7.457],[81.7358,7.6305],[81.5955,7.7263],[81.6266,7.7602],[81.7131,7.7118],[81.5876,7.8553],[81.5607,7.9993],[81.3963,8.1365],[81.4036,8.1918],[81.4482,8.1275],[81.3566,8.3625],[81.3657,8.4822],[81.134,8.5013],[81.2286,8.5591],[81.0748,8.8635],[80.9785,8.98],[80.9149,8.9439],[80.8753,9.0415],[80.9583,9.0179],[80.8345,9.1418],[80.8822,9.1452],[80.8239,9.2705],[80.7936,9.2506],[80.7365,9.309],[80.7988,9.2949],[80.7725,9.3262],[80.5453,9.5195],[80.4398,9.5431],[80.4653,9.5833],[80.2769,9.7751],[80.1377,9.8062],[80.444,9.5759],[80.1241,9.8092],[79.9885,9.8229],[79.9097,9.7683],[80.0874,9.6184],[80.186,9.5841],[80.186,9.6485],[80.6148,9.4462],[80.4266,9.5002],[80.2869,9.4527],[80.2334,9.5342],[80.0734,9.5958],[80.197,9.4735],[80.053,9.3915],[80.1182,9.3004],[80.1056,9.1929],[80.048,9.0263],[79.9155,8.9385],[79.9505,8.7398],[79.8067,8.2402],[79.8338,8.0031],[79.7638,7.9901],[79.7061,8.0645]]],[[[79.7752,8.2519],[79.7786,8.26],[79.7757,8.2605],[79.7752,8.2519]]],[[[79.8636,9.6717],[79.9438,9.6477],[79.8823,9.7609],[79.8636,9.6717]]],[[[81.2249,8.5418],[81.2364,8.5436],[81.2297,8.5569],[81.2249,8.5418]]],[[[73.5265,29.9223],[73.5769,29.7937],[73.7916,29.7294],[73.6907,29.6009],[73.7291,29.4081],[74.4486,29.2152],[75.0535,29.2152],[75.1799,29.0867],[75.4947,29.1509],[75.7108,28.701],[75.6866,28.5724],[75.7621,28.5724],[75.8016,28.3795],[75.9525,28.3795],[76.2068,28.1224],[76.1372,27.7367],[75.9753,27.6724],[75.9415,27.4795],[76.0697,27.3509],[76.0793,26.9652],[77.0344,26.8366],[77.2168,26.5794],[77.442,26.5794],[77.4527,26.6437],[77.5278,26.6437],[77.7857,26.8366],[78.3005,26.7723],[78.7933,26.5794],[79.0295,26.6437],[79.3612,26.3865],[79.5113,26.3865],[79.5647,26.258],[79.9933,26.1294],[80.0576,26.0651],[79.9615,25.9365],[80.1114,25.9365],[80.1009,25.8722],[80.4756,25.8722],[80.6045,25.7436],[81.1184,25.6793],[81.5365,25.4864],[81.6998,25.1007],[81.8494,25.1007],[82.1638,24.7149],[82.3881,24.7149],[82.4433,24.5864],[82.9015,24.6506],[82.8626,24.3935],[82.9373,24.3935],[82.8435,24.2649],[82.8899,24.072],[83.282,24.2006],[83.6734,23.8149],[83.655,23.6863],[83.9912,23.4291],[84.0031,22.9791],[84.2177,22.9148],[83.9994,22.4005],[84.2055,22.272],[84.5116,22.3363],[85.1948,22.9791],[85.4183,22.9791],[85.7435,23.172],[86.294,22.8506],[86.5918,22.8506],[86.5469,22.5291],[86.6779,22.4005],[85.9387,21.8863],[85.5099,22.0148],[85.4099,21.822],[85.1784,21.7577],[85.1688,21.1148],[84.6327,20.9862],[84.6162,20.8577],[84.303,20.7291],[84.3609,20.6005],[84.2044,20.5362],[84.1881,20.4077],[84.7484,20.1505],[84.3534,19.9577],[84.1637,20.2148],[83.727,20.2791],[83.1197,19.5719],[82.6675,19.5077],[82.4693,19.7005],[82.4853,19.8291],[82.3371,19.8291],[82.2128,20.022],[81.9164,20.022],[81.9006,19.8934],[82.0408,19.8291],[82.0859,18.9934],[81.9065,18.7362],[81.7586,18.7362],[81.4745,18.2219],[81.3113,18.0933],[81.0897,18.0933],[81.0389,18.2862],[80.7588,18.4148],[80.4355,18.8005],[80.1397,18.8005],[79.9332,18.9291],[79.9053,19.3148],[80.0024,19.5077],[79.8034,19.7005],[79.4408,19.7648],[79.1901,20.1505],[78.8861,20.0862],[78.7681,20.3434],[78.1974,20.5362],[78.2124,20.6648],[77.849,20.7291],[77.2706,21.5005],[76.7432,21.4363],[76.1865,21.1148],[75.8081,21.0505],[75.6235,20.7291],[75.0899,20.6005],[74.846,20.4077],[74.7435,20.1505],[75.2336,19.8934],[75.1021,19.3791],[75.1762,19.3791],[75.2,18.9291],[74.971,18.8648],[75.0761,18.4791],[75.5052,18.3505],[75.5648,18.2219],[75.7865,18.2219],[75.7484,18.5434],[75.999,18.8005],[76.1469,18.8005],[76.3469,18.6076],[76.3919,18.3505],[76.9466,18.0291],[76.9321,17.9005],[76.7773,17.8362],[76.8224,17.579],[76.4393,17.4505],[76.5656,17.2576],[76.5376,17.0005],[76.3284,16.4219],[76.0873,16.229],[76.1344,15.9718],[75.6732,15.779],[75.6539,15.5861],[75.7275,15.5861],[75.61,15.1361],[75.7447,15.0075],[76.1919,15.0718],[76.0265,14.8789],[75.9965,14.5575],[76.0699,14.5575],[76.0523,14.3646],[76.1934,14.3004],[75.792,13.9146],[75.1773,13.5932],[74.8377,13.9146],[75.0298,14.4289],[75.1825,14.4932],[75.1446,14.8789],[74.8809,15.2004],[74.599,15.329],[74.5194,15.2647],[74.5506,14.8147],[74.3126,14.6218],[74.3068,14.5575],[74.3249,14.5172],[74.3587,14.5712],[74.4277,14.4763],[74.3519,14.5302],[74.4154,14.3011],[74.509,14.2503],[74.429,14.2404],[74.6605,13.6601],[74.6878,13.7118],[74.7356,13.6538],[74.6667,13.6328],[74.6895,13.3816],[74.8176,12.8618],[74.9409,12.8786],[74.825,12.8382],[74.8557,12.7594],[75.1055,12.2213],[75.1397,12.2486],[75.1761,12.0742],[75.2635,11.9921],[75.3042,12.0432],[75.3023,11.9661],[75.3934,11.9748],[75.4002,11.9202],[75.3239,11.9354],[75.3623,11.8597],[75.7355,11.3715],[76.1532,10.2202],[76.2017,10.1997],[76.1948,10.2686],[76.2402,10.239],[76.1824,10.1057],[76.2427,9.9875],[76.2153,10.1383],[76.2451,10.1022],[76.3941,9.8428],[76.407,9.5691],[76.5033,9.535],[76.3574,9.5207],[76.3623,9.781],[76.3553,9.6717],[76.2924,9.6717],[76.363,9.3252],[76.4426,9.1452],[76.4146,9.247],[76.4828,9.1718],[76.5281,8.947],[76.6685,9.0074],[76.574,8.9426],[76.6206,8.9254],[76.544,8.9125],[76.9959,8.3681],[77.3086,8.1309],[77.5653,8.0825],[78.0592,8.3732],[78.2398,8.9656],[78.4121,9.0998],[78.9611,9.2753],[78.9383,9.5837],[79.2791,10.0358],[79.2363,10.1666],[79.2861,10.2528],[79.3981,10.3247],[79.5869,10.3437],[79.5567,10.2987],[79.7598,10.2582],[79.6141,10.3096],[79.8567,10.2933],[79.8525,11.0217],[79.6648,11.0217],[79.679,11.2146],[79.8446,11.2146],[79.833,11.342],[79.7593,11.3583],[79.6763,11.2965],[79.8193,11.3815],[79.752,11.577],[79.7859,11.7692],[79.8618,12.022],[80.0051,12.2418],[79.9439,12.2178],[80.096,12.3622],[80.1797,12.5326],[80.3328,13.1981],[80.327,13.4304],[80.1194,13.5007],[80.053,13.6191],[80.094,13.6948],[80.1356,13.6191],[80.1419,13.7289],[80.2204,13.6187],[80.2405,13.6491],[80.2486,13.8018],[80.1497,14.0277],[80.1356,14.2292],[80.0466,14.2066],[80.175,14.3445],[80.197,14.565],[80.1419,14.5712],[80.1785,14.6058],[80.1082,14.7143],[80.053,15.0926],[80.0906,15.3049],[80.2796,15.7007],[80.6702,15.9077],[80.8565,15.8122],[80.8965,16.0311],[80.91,15.8527],[81.0189,15.7916],[80.9989,15.8467],[81.1497,15.9696],[81.2596,16.3327],[81.4114,16.3825],[81.4167,16.3402],[81.5402,16.3737],[81.7825,16.3331],[82.3074,16.5798],[82.3662,16.8719],[82.2679,16.8675],[82.2527,16.9292],[82.3877,17.1269],[82.7185,17.3486],[83.2389,17.593],[83.2129,17.6349],[83.2991,17.6643],[83.2469,17.7163],[83.3413,17.7174],[83.4519,17.9229],[84.1131,18.2983],[84.3499,18.5529],[84.2469,18.5256],[84.4237,18.6365],[84.7411,19.0281],[84.78,19.0971],[84.7405,19.0737],[84.7388,19.1476],[84.791,19.1206],[85.1804,19.475],[85.4089,19.6099],[85.2884,19.6013],[85.3779,19.6149],[85.3914,19.6906],[85.2476,19.6565],[85.193,19.5808],[85.2332,19.5541],[85.124,19.4783],[85.1029,19.5296],[85.2681,19.78],[85.4401,19.8962],[85.5703,19.8756],[85.5765,19.7458],[85.5099,19.7346],[85.5021,19.6739],[86.3724,19.965],[86.1677,20.0729],[86.1525,20.1431],[86.2092,20.0666],[86.4263,19.9992],[86.3914,20.0202],[86.4951,20.1841],[86.7546,20.3144],[86.6937,20.2939],[86.8071,20.4104],[86.7205,20.3685],[86.7515,20.4892],[87.0215,20.6756],[86.9402,20.698],[86.9987,20.7111],[86.9866,20.7519],[86.8788,20.7806],[86.9657,20.806],[86.844,21.0822],[86.9177,21.3274],[87.2009,21.552],[87.7038,21.6555],[87.834,21.7293],[87.9837,21.8542],[88.0431,22.0173],[88.1643,22.0898],[88.1326,22.1791],[87.9653,22.2448],[87.9066,22.4247],[88.009,22.2404],[88.198,22.1678],[88.2224,22.0779],[88.1467,21.9592],[88.2097,21.7886],[88.1819,21.6652],[88.3017,21.5786],[88.2616,21.7987],[88.3218,21.6057],[88.3312,21.7191],[88.4598,21.6934],[88.4956,21.9518],[88.5166,21.7017],[88.6602,22.205],[88.6442,22.0791],[88.763,22.1306],[88.7149,22.0791],[88.763,22.0173],[88.7196,21.9428],[88.728,21.6291],[88.8109,21.6917],[88.803,21.6291],[88.8587,21.6365],[88.8587,21.7668],[88.8916,21.6535],[89.0832,21.6291],[89.0159,21.8533],[88.905,21.9694],[89.0095,21.9046],[89.0609,21.9385],[89.0437,22.1374],[89.1047,21.8159],[89.2947,21.7577],[89.3596,21.9723],[89.369,21.7577],[89.4501,21.7577],[89.5218,21.9623],[89.4758,22.2951],[89.5329,21.9847],[89.5794,22.1132],[89.5492,22.2053],[89.6265,22.336],[89.5274,21.8128],[89.5365,21.7577],[89.6747,21.7577],[89.7007,21.7849],[89.619,21.8699],[89.647,21.9251],[89.7092,21.8301],[89.8782,21.8837],[89.7972,22.076],[89.8713,22.0919],[89.8387,22.2678],[89.8729,22.4186],[89.9204,22.3918],[90.0101,22.4902],[89.8768,22.2747],[89.9146,22.0617],[89.9678,21.9746],[90.0784,22.164],[89.9963,22.0002],[90.058,21.9937],[90.2361,22.1989],[90.0302,21.9124],[90.0866,21.8691],[90.1262,21.932],[90.1005,21.8585],[90.2176,21.8135],[90.4129,22.178],[90.3943,22.2882],[90.3875,22.1026],[90.446,22.0791],[90.6184,22.3767],[90.5597,22.5623],[90.4725,22.5756],[90.4421,22.4936],[90.5127,22.6115],[90.4929,22.7099],[90.3726,22.7614],[90.54,22.8966],[90.4489,23.0557],[90.572,23.0817],[90.6108,23.2308],[90.2503,23.4669],[90.5519,23.385],[90.5768,23.5395],[90.4763,23.583],[90.612,23.6061],[90.6078,23.4911],[90.7158,23.5351],[90.6003,23.4499],[90.6673,23.2676],[90.6294,23.0644],[90.8359,22.6849],[90.9549,22.5758],[91.0379,22.5886],[91.0183,22.6831],[91.0816,22.5592],[91.2449,22.5934],[91.2645,22.6408],[91.169,22.6849],[91.1819,22.7265],[91.3174,22.6972],[91.2908,22.7384],[91.4002,22.762],[91.4905,22.9045],[91.4596,22.7863],[91.676,22.5346],[91.7879,22.2378],[91.9081,22.4247],[91.8088,22.3063],[91.813,22.1803],[91.8672,22.1374],[91.9157,21.8625],[91.9497,21.8842],[91.8993,21.7895],[91.99,21.7948],[91.9497,21.716],[91.9839,21.6501],[92.0293,21.7049],[92.0179,21.4931],[91.9754,21.4748],[92.1925,21.4363],[92.378,21.6934],[92.4719,22.3363],[92.3614,22.5934],[92.41,22.9148],[92.3355,22.9148],[92.4396,23.1077],[92.3006,23.172],[92.3851,23.2363],[92.3611,23.5577],[92.1579,23.6863],[92.2951,24.072],[92.2205,24.072],[92.2525,24.2649],[92.1139,24.3292],[92.4493,24.9721],[92.1846,25.165],[90.3142,25.165],[89.9628,25.2936],[90.1192,25.7436],[90.9433,25.7436],[91.1801,25.8079],[91.2917,26.0008],[90.767,26.0008],[90.6293,26.0651],[90.7666,26.3865],[89.8162,26.5151],[89.1033,26.708],[89.1161,26.7723],[88.2401,26.9009],[88.165,26.9009],[88.1649,26.5151],[87.9903,26.3865],[87.2399,26.3865],[87.1141,26.5151],[86.6516,26.4508],[86.3126,26.6437],[85.787,26.6437],[85.7362,26.7723],[85.2735,26.708],[84.9972,26.8366],[84.8836,27.0295],[84.7333,27.0295],[84.7579,27.158],[84.4318,27.4152],[83.291,27.3509],[82.9395,27.4795],[82.6758,27.6724],[81.5588,27.7367],[80.6417,28.0581],[80.1269,28.5081],[80.1526,28.6367],[80.0276,28.7652],[79.65,28.7652],[79.022,29.0224],[79.0482,29.1509],[78.9102,29.2152],[78.9634,29.4723],[78.6876,29.6009],[78.6389,29.7294],[78.2333,29.6009],[78.198,29.7937],[77.9573,29.7294],[77.9358,29.9865],[78.1427,30.2436],[77.5775,30.4364],[77.2681,30.7578],[77.1921,30.7578],[77.2063,30.822],[76.7362,30.7578],[76.6266,30.9506],[76.4745,30.9506],[76.4887,31.0148],[75.576,31.0148],[75.39,31.2076],[74.7812,31.2076],[74.2285,30.7578],[74.2015,30.6292],[74.0496,30.6292],[73.9205,30.3722],[73.9441,30.1151],[73.6279,30.0508],[73.5265,29.9223]],[[77.1084,28.5081],[77.1454,28.701],[77.3089,28.7652],[77.435,28.6367],[77.2593,28.5081],[77.1084,28.5081]],[[84.6273,27.0365],[84.7607,26.999],[84.6402,27.0284],[84.6273,27.0365]],[[88.1653,26.73],[88.1673,26.7562],[88.1691,26.744],[88.1653,26.73]],[[88.3239,22.4648],[88.4166,22.5934],[88.491,22.5934],[88.4727,22.4648],[88.3239,22.4648]],[[88.3657,26.5964],[88.3725,26.6116],[88.3853,26.6235],[88.3657,26.5964]],[[88.5401,23.65],[88.5612,23.741],[88.5416,23.6388],[88.5401,23.65]],[[88.5764,23.5918],[88.6092,23.5888],[88.5815,23.5883],[88.5764,23.5918]],[[89.0623,22.2116],[89.0762,22.175],[89.0782,22.1508],[89.0623,22.2116]],[[91.1406,23.6197],[91.1951,23.4952],[91.1408,23.6121],[91.1406,23.6197]],[[91.214,23.7996],[91.2282,23.845],[91.2253,23.8261],[91.214,23.7996]]],[[[76.2363,9.9527],[76.2468,9.8937],[76.2644,9.845],[76.3185,9.8205],[76.3086,9.8796],[76.2971,9.8708],[76.3,9.8478],[76.2808,9.8428],[76.2883,9.8612],[76.2842,9.8912],[76.2774,9.8708],[76.2669,9.876],[76.2568,9.9086],[76.291,9.9086],[76.2695,9.951],[76.2515,9.9631],[76.2363,9.9527]]],[[[76.3201,9.8616],[76.3462,9.8161],[76.3439,9.8091],[76.3605,9.8016],[76.3592,9.8161],[76.3327,9.8708],[76.3201,9.8616]]],[[[80.2864,13.4913],[80.3069,13.4409],[80.3137,13.4409],[80.3096,13.4793],[80.3073,13.485],[80.2864,13.4913]]],[[[80.8685,15.812],[80.8698,15.8105],[80.9628,15.7987],[80.8884,15.8467],[80.8685,15.812]]],[[[82.3489,16.9565],[82.3571,16.8975],[82.3642,16.9149],[82.3489,16.9565]]],[[[85.4994,19.6535],[85.5765,19.6906],[85.4996,19.6549],[85.4994,19.6535]]],[[[88.1338,21.631],[88.1394,21.6303],[88.1444,21.6578],[88.1391,21.67],[88.1338,21.631]]],[[[88.1421,21.6913],[88.1634,21.7055],[88.167,21.7654],[88.1584,21.8099],[88.1421,21.6913]]],[[[88.7169,22.0443],[88.7179,22.0085],[88.7307,22.0372],[88.7169,22.0443]]],[[[89.0457,21.9171],[89.0515,21.7932],[89.1136,21.7311],[89.139,21.7668],[89.0457,21.9171]]],[[[90.3233,21.9087],[90.376,21.9959],[90.3714,21.9948],[90.3322,21.9388],[90.3233,21.9087]]],[[[90.3396,21.9723],[90.3811,22.0231],[90.3875,22.048],[90.3739,22.0456],[90.3587,22.0227],[90.3396,21.9723]]],[[[90.4297,23.3852],[90.4373,23.3618],[90.4871,23.319],[90.5061,23.3142],[90.5241,23.3223],[90.5296,23.3336],[90.5862,23.3017],[90.5776,23.3236],[90.5394,23.35],[90.4557,23.385],[90.4297,23.3852]]],[[[90.4557,22.7674],[90.521,22.7118],[90.591,22.8139],[90.6782,22.8083],[90.5444,22.8807],[90.4734,22.8651],[90.4557,22.7674]]],[[[90.4557,23.0628],[90.4695,23.0076],[90.5156,23.0519],[90.5104,23.069],[90.4557,23.0628]]],[[[90.4977,22.0791],[90.5734,22.0791],[90.6135,22.164],[90.4977,22.0791]]],[[[90.5081,22.9758],[90.6673,22.9182],[90.5862,23.0349],[90.5081,22.9758]]],[[[90.5563,22.6747],[90.6818,22.4453],[90.6112,22.0791],[90.6818,22.1026],[90.6475,21.994],[90.8279,22.1524],[90.855,22.4347],[90.6506,22.7874],[90.5855,22.7681],[90.5563,22.6747]]],[[[90.6014,22.4292],[90.6401,22.3087],[90.6587,22.3795],[90.6014,22.4292]]],[[[90.6475,22.4247],[90.6673,22.439],[90.6653,22.4691],[90.6535,22.4835],[90.6475,22.4247]]],[[[91.4238,22.5253],[91.4428,22.4648],[91.5587,22.4648],[91.4676,22.5863],[91.4238,22.5253]]],[[[91.8538,21.6647],[91.87,21.4934],[91.9611,21.5062],[91.9356,21.7812],[91.8877,21.685],[91.8723,21.7548],[91.8538,21.6647]]],[[[91.8798,21.8462],[91.8877,21.8662],[91.8843,21.8772],[91.8798,21.8462]]],[[[72.8402,18.9934],[72.9343,19.0341],[72.9356,19.1151],[72.9748,19.1631],[72.9755,19.0831],[73.0899,19.2505],[73.0294,19.2505],[73.0266,19.2055],[72.9991,19.2505],[72.8679,19.2505],[72.8402,18.9934]]],[[[71.4924,22.3363],[71.5387,22.0791],[71.9848,22.0791],[72.0451,21.9505],[72.2957,22.0512],[72.3065,22.2296],[72.2391,22.2389],[72.2404,22.2882],[72.1488,22.2779],[72.2085,22.3004],[72.3283,22.2607],[72.3972,22.3668],[72.3883,22.272],[72.9175,22.2714],[72.916,22.2231],[72.8123,22.2341],[72.7482,22.164],[72.6141,22.2117],[72.5319,22.1212],[72.5427,21.9108],[72.7345,21.994],[72.6184,21.9251],[72.5499,21.7561],[72.7981,21.6735],[73.132,21.7578],[72.6942,21.5426],[72.6532,21.4493],[72.7471,21.4529],[72.6349,21.4074],[72.5935,21.3132],[72.7345,21.1989],[72.6561,21.1543],[72.714,21.1641],[72.7257,21.0879],[72.8096,21.13],[72.8499,21.048],[72.7783,21.0376],[72.8884,20.9826],[72.887,20.8064],[72.9468,20.7595],[72.8989,20.7322],[72.8442,20.4077],[72.9994,20.472],[72.9924,20.4077],[73.289,20.4077],[73.4119,20.8577],[73.5813,21.0505],[73.7298,21.0505],[74.2178,21.4363],[74.2393,21.6291],[74.0236,21.6934],[73.9708,21.8863],[73.8222,21.8863],[73.9037,21.9505],[73.873,22.3363],[74.0366,22.4648],[73.9026,22.5934],[74.1334,22.6577],[74.1559,22.8506],[74.0222,22.9791],[73.9477,22.9791],[73.7702,23.3649],[73.5622,23.4934],[72.8321,23.622],[72.7343,23.4291],[72.5031,23.3649],[72.4515,23.5577],[72.0041,23.5577],[71.9663,23.2363],[72.1898,23.2363],[72.2346,22.9791],[72.6964,23.1077],[72.6815,22.9791],[73.1209,22.9148],[73.1656,22.6577],[72.0563,22.722],[71.8257,22.6577],[71.8114,22.5291],[71.6625,22.5291],[71.4924,22.3363]]],[[[71.8617,21.6291],[71.936,21.6291],[71.9084,21.372],[72.1146,21.3263],[72.2988,21.6263],[72.166,21.7939],[72.0218,21.7986],[71.8755,21.7577],[71.8617,21.6291]]],[[[83.1473,22.1434],[83.2793,22.0148],[83.5024,22.0148],[83.6594,22.0791],[83.6763,22.2077],[83.7507,22.2077],[83.7103,22.4648],[83.487,22.4648],[83.1725,22.3363],[83.1473,22.1434]]],[[[91.0304,22.1434],[91.1868,22.2278],[91.0923,22.3913],[91.0304,22.1434]]],[[[14.3384,35.9455],[14.3815,35.843],[14.5618,35.8298],[14.5078,35.9285],[14.3773,35.9936],[14.3384,35.9455]]],[[[-6.7838,57.4564],[-6.696,57.3644],[-6.5806,57.3388],[-6.5306,57.4155],[-6.3239,57.3114],[-6.4822,57.3118],[-6.3456,57.2429],[-6.3456,57.1883],[-6.2767,57.202],[-6.3183,57.161],[-6.1645,57.2014],[-6.0666,57.144],[-6.044,57.2299],[-5.9862,57.1746],[-5.8454,57.1883],[-6.003,57.0996],[-5.9701,57.0349],[-5.7253,57.1754],[-5.7968,57.2665],[-6.1539,57.3056],[-6.0992,57.3323],[-6.1265,57.408],[-6.188,57.3944],[-6.1334,57.4763],[-6.1539,57.5895],[-6.3109,57.7028],[-6.4157,57.6458],[-6.3109,57.4626],[-6.5332,57.5457],[-6.6306,57.5018],[-6.6068,57.4439],[-6.7108,57.5102],[-6.7224,57.4564],[-6.7838,57.4564]]],[[[-6.5039,55.7228],[-6.4927,55.6731],[-6.3287,55.7831],[-6.25,55.7768],[-6.3252,55.7154],[-6.2432,55.6601],[-6.3192,55.6282],[-6.2873,55.5784],[-6.169,55.6295],[-6.1279,55.7715],[-6.0572,55.7715],[-6.1401,55.9414],[-6.3109,55.8184],[-6.3314,55.89],[-6.4452,55.8488],[-6.5039,55.7228]]],[[[-6.3011,56.6111],[-6.1274,56.4744],[-6.0033,56.4894],[-6.2032,56.3803],[-6.0208,56.382],[-6.25,56.3323],[-5.6576,56.4001],[-5.7104,56.4848],[-5.9626,56.5261],[-6.0583,56.6402],[-6.3011,56.6111]]],[[[-6.2925,56.3191],[-6.2612,56.3226],[-6.2859,56.3419],[-6.2925,56.3191]]],[[[-6.2477,56.4751],[-6.2375,56.47],[-6.16,56.4695],[-6.2153,56.5036],[-6.2406,56.4998],[-6.2477,56.4751]]],[[[-6.1904,56.6863],[-5.5437,56.6955],[-6.0082,56.6423],[-5.8544,56.5505],[-5.7491,56.572],[-5.7703,56.5378],[-5.6741,56.4969],[-5.1197,56.8184],[-5.2383,56.7166],[-4.9956,56.716],[-5.3178,56.6613],[-5.4139,56.5447],[-5.2421,56.5651],[-5.4276,56.5378],[-5.4686,56.4757],[-5.2011,56.4621],[-5.0646,56.5651],[-5.2087,56.4468],[-5.457,56.4409],[-5.5375,56.3597],[-5.4481,56.3597],[-5.5726,56.3281],[-5.5922,56.2498],[-5.4928,56.2604],[-5.6058,56.14],[-5.5096,56.1884],[-5.5587,56.1308],[-5.5316,56.0863],[-5.5775,56.097],[-5.7075,55.9426],[-5.571,56.0375],[-5.6964,55.916],[-5.571,55.9345],[-5.6741,55.8458],[-5.6604,55.7973],[-5.5994,55.7642],[-5.455,55.8458],[-5.6809,55.6745],[-5.7156,55.4479],[-5.7914,55.3986],[-5.7545,55.2973],[-5.623,55.3071],[-5.5742,55.5665],[-5.5075,55.5193],[-5.4612,55.6881],[-5.3235,55.7715],[-5.4261,55.7715],[-5.4444,56.0276],[-5.3686,56.0094],[-5.0646,56.2293],[-4.9205,56.2778],[-5.2045,56.1195],[-5.3383,55.9966],[-5.3383,55.9038],[-5.2305,55.8756],[-5.1807,55.9693],[-5.0865,55.9013],[-5.1236,56.0099],[-4.9831,55.871],[-4.9137,55.9619],[-4.9547,55.9966],[-4.8926,55.9897],[-4.9205,56.1679],[-4.8517,56.1126],[-4.7555,56.2065],[-4.8654,56.0667],[-4.8516,55.988],[-4.7789,55.9921],[-4.8243,56.0785],[-4.6735,55.9619],[-4.4817,55.9283],[-4.7994,55.9579],[-4.8865,55.9197],[-4.8611,55.7567],[-4.9205,55.7086],[-4.6927,55.6052],[-4.6178,55.4956],[-5.0078,55.1412],[-5.0503,55.0268],[-4.9956,54.9203],[-5.0609,54.9311],[-5.1151,55.0316],[-5.1708,55.0087],[-5.1571,54.8791],[-4.9581,54.6865],[-4.9537,54.8171],[-4.8591,54.8663],[-4.4233,54.7491],[-4.3484,54.761],[-4.4265,54.8695],[-4.4029,54.9073],[-4.2707,54.8394],[-4.2006,54.8663],[-4.1674,54.7898],[-3.8506,54.8403],[-3.817,54.8862],[-3.5817,54.8836],[-3.5705,54.9954],[-3.0463,54.9821],[-3.0907,54.9544],[-3.0218,54.9544],[-3.2765,54.9434],[-3.3173,54.9203],[-3.2546,54.8998],[-3.3879,54.8834],[-3.6342,54.5129],[-3.3068,54.1919],[-3.2074,54.263],[-3.241,54.1121],[-3.1853,54.0945],[-3.061,54.1619],[-3.0492,54.2221],[-2.9392,54.1551],[-2.796,54.2487],[-2.8542,54.1941],[-2.796,54.1252],[-2.9182,54.0343],[-2.8301,54.016],[-2.858,53.9676],[-3.0566,53.9062],[-3.0492,53.7695],[-2.899,53.7354],[-3.1019,53.5581],[-2.925,53.35],[-2.6998,53.3518],[-2.8815,53.2884],[-3.0583,53.4348],[-3.1864,53.3928],[-3.0878,53.2347],[-3.3303,53.3518],[-3.6022,53.2889],[-3.7987,53.3177],[-4.178,53.2176],[-4.3409,53.1127],[-4.3582,53.0285],[-4.757,52.798],[-4.2953,52.9227],[-4.0776,52.9267],[-4.149,52.8121],[-4.0488,52.7216],[-3.9883,52.7343],[-4.1255,52.6039],[-4.0531,52.5424],[-3.9473,52.5493],[-4.0565,52.5294],[-4.1096,52.3653],[-4.3158,52.2163],[-4.7203,52.1133],[-4.8414,52.0148],[-5.0702,52.0264],[-5.1195,51.9589],[-5.2877,51.913],[-5.2825,51.8684],[-5.1134,51.8288],[-5.1103,51.7785],[-5.2495,51.7337],[-5.1829,51.6893],[-4.9106,51.7182],[-4.9336,51.7753],[-4.8243,51.7957],[-4.879,51.762],[-4.8448,51.7138],[-5.1197,51.6784],[-4.9647,51.6034],[-4.3651,51.789],[-4.3105,51.7337],[-4.3793,51.7269],[-4.3153,51.6775],[-4.0705,51.676],[-4.2899,51.617],[-4.2899,51.5556],[-4.0318,51.5578],[-3.8416,51.6215],[-3.7376,51.4909],[-3.5392,51.3985],[-3.2894,51.3842],[-3.1214,51.5134],[-2.7131,51.5866],[-2.3834,51.7733],[-2.6962,51.5126],[-2.9747,51.3842],[-3.0218,51.1925],[-3.7692,51.2477],[-4.2285,51.1925],[-4.208,51.0764],[-4.3023,51.0075],[-4.5264,51.015],[-4.5773,50.7747],[-4.7925,50.5952],[-4.9209,50.5789],[-4.8448,50.5141],[-5.0156,50.538],[-5.0503,50.4287],[-5.3148,50.2536],[-5.6846,50.1615],[-5.7051,50.0523],[-5.5635,50.0596],[-5.4748,50.1304],[-5.1786,49.9831],[-5.0666,50.081],[-5.126,50.0963],[-5.0434,50.1441],[-5.053,50.1958],[-5.0086,50.1504],[-4.9287,50.246],[-4.6943,50.3435],[-4.1983,50.3791],[-4.2899,50.3974],[-4.2285,50.3974],[-4.2006,50.4594],[-4.0544,50.3004],[-3.6518,50.246],[-3.5516,50.3492],[-3.4644,50.6785],[-2.8648,50.7338],[-2.4897,50.5934],[-2.3983,50.6456],[-1.9496,50.6599],[-2.0827,50.699],[-2.039,50.7399],[-1.94,50.6908],[-1.5612,50.719],[-1.3173,50.8002],[-1.4664,50.9182],[-1.2988,50.843],[0.3204,50.785],[0.8587,50.9274],[1.0669,51.0644],[1.3154,51.1187],[1.3806,51.3797],[0.7644,51.3644],[0.7264,51.419],[0.5545,51.4122],[0.7232,51.4467],[0.6948,51.477],[0.3845,51.4531],[0.4561,51.5056],[0.86,51.5554],[0.8484,51.7183],[0.6986,51.72],[0.847,51.7377],[0.8439,51.7811],[0.9798,51.8436],[1.0373,51.7822],[1.1678,51.7902],[1.1723,51.9458],[1.0691,51.9534],[1.2668,51.9822],[1.1579,52.0285],[1.3953,51.9822],[1.5863,52.1163],[1.6537,52.3847],[1.7319,52.4134],[1.6417,52.777],[1.2747,52.9292],[0.9661,52.9744],[1.0139,52.9601],[0.5203,52.9553],[0.3845,52.7684],[0.0103,52.8865],[0.097,52.952],[0.0698,52.99],[0.3165,53.1248],[0.3032,53.2935],[0.2195,53.4195],[-0.2794,53.7071],[-0.7265,53.7006],[-0.3052,53.7397],[-0.0923,53.631],[0.0172,53.6416],[0.0079,53.7559],[-0.2195,54.0228],[-0.1978,54.152],[-0.3976,54.2692],[-0.563,54.4774],[-1.286,54.6811],[-1.3989,54.9531],[-1.486,54.9531],[-1.5097,55.1964],[-1.6065,55.2936],[-1.7066,55.613],[-1.8165,55.6329],[-2.138,55.9146],[-2.5836,56.0028],[-2.6351,56.0581],[-2.8232,56.0598],[-2.9399,55.9693],[-3.0782,55.9468],[-3.6562,56.0102],[-3.8375,56.1064],[-3.3427,56.0272],[-3.1039,56.1821],[-2.6713,56.2506],[-2.7042,56.3266],[-2.8376,56.3659],[-2.8148,56.4404],[-2.885,56.458],[-3.3235,56.3659],[-2.7685,56.4754],[-2.79,56.525],[-2.5326,56.5937],[-2.4264,56.7513],[-2.1966,56.9064],[-2.0757,57.2819],[-1.8247,57.4298],[-1.8452,57.624],[-1.9965,57.7015],[-3.0349,57.6686],[-3.4092,57.7233],[-3.591,57.6414],[-4.0839,57.5861],[-4.035,57.5569],[-4.1948,57.4916],[-4.2626,57.5521],[-4.105,57.5793],[-4.0093,57.6885],[-4.2019,57.675],[-4.4285,57.5775],[-4.2948,57.6802],[-4.043,57.7373],[-3.994,57.6963],[-3.9509,57.8379],[-4.3077,57.8515],[-4.3924,57.9083],[-4.2989,57.8628],[-4.0093,57.8679],[-3.9883,57.9083],[-4.1184,57.9731],[-3.6151,58.1247],[-3.3077,58.2839],[-3.0768,58.4809],[-3.1293,58.5126],[-3.0523,58.5842],[-3.0862,58.6458],[-3.3749,58.6771],[-3.4129,58.6556],[-3.3641,58.6008],[-4.029,58.5952],[-4.3439,58.5389],[-4.4954,58.4495],[-4.4265,58.5464],[-4.585,58.5742],[-4.761,58.448],[-4.66,58.5559],[-4.7765,58.6072],[-4.8181,58.5246],[-4.8359,58.605],[-5.005,58.6177],[-5.1056,58.5056],[-4.9956,58.4365],[-5.0981,58.4148],[-5.0162,58.3881],[-5.1431,58.4148],[-5.1732,58.3539],[-5.0501,58.2599],[-4.9267,58.2646],[-4.982,58.2509],[-4.9336,58.223],[-5.3921,58.2614],[-5.2421,58.1479],[-5.2974,58.1348],[-5.3008,58.0701],[-5.4468,58.0842],[-5.0708,57.8332],[-5.3662,57.9431],[-5.3929,57.9182],[-5.2216,57.8469],[-5.4149,57.9081],[-5.487,57.8559],[-5.6126,57.9288],[-5.6536,57.8947],[-5.5853,57.8314],[-5.6058,57.7705],[-5.6986,57.8691],[-5.8112,57.8332],[-5.8038,57.7438],[-5.6741,57.7097],[-5.7908,57.696],[-5.8059,57.6426],[-5.6604,57.5446],[-5.5127,57.5415],[-5.64,57.5111],[-5.8392,57.5793],[-5.8727,57.4937],[-5.8205,57.3843],[-5.7072,57.3598],[-5.6196,57.4167],[-5.64,57.3739],[-5.5635,57.3631],[-5.4481,57.4217],[-5.7203,57.2845],[-5.4407,57.3193],[-5.5019,57.2777],[-5.4072,57.2299],[-5.5782,57.2668],[-5.6809,57.1579],[-5.4004,57.1064],[-5.7156,57.1201],[-5.7911,57.0593],[-5.5233,56.9971],[-5.8317,56.9971],[-5.8522,56.9003],[-5.9211,56.8941],[-5.6604,56.873],[-5.8512,56.8289],[-5.7567,56.7849],[-5.8863,56.7849],[-5.8522,56.747],[-6.1904,56.6863]]],[[[-6.0869,55.883],[-6.0624,55.8095],[-5.9621,55.8048],[-5.8939,55.9725],[-6.0869,55.883]]],[[[-6.0719,57.3323],[-6.0548,57.3264],[-6.0252,57.3359],[-6.0648,57.3458],[-6.0719,57.3323]]],[[[-6.0139,57.3175],[-6.0078,57.3036],[-5.9586,57.2845],[-5.9254,57.2917],[-5.9294,57.3072],[-5.9455,57.316],[-5.9781,57.3241],[-5.99,57.3255],[-6.0139,57.3175]]],[[[-5.9956,55.986],[-5.8231,55.9766],[-5.6945,56.1474],[-5.9956,55.986]]],[[[-5.7491,56.1611],[-5.6737,56.1789],[-5.6757,56.1821],[-5.729,56.1821],[-5.7384,56.1775],[-5.7491,56.1611]]],[[[-5.7175,57.2646],[-5.7062,57.1832],[-5.6474,57.2646],[-5.7175,57.2646]]],[[[-5.663,56.227],[-5.6374,56.1893],[-5.6126,56.2635],[-5.663,56.227]]],[[[-5.6467,56.2988],[-5.6403,56.2828],[-5.6217,56.2761],[-5.599,56.2839],[-5.6053,56.2969],[-5.5846,56.3256],[-5.6331,56.3188],[-5.6467,56.2988]]],[[[-5.5846,56.387],[-5.5362,56.3922],[-5.5028,56.4211],[-5.558,56.4143],[-5.5846,56.387]]],[[[-5.3979,55.6142],[-5.3457,55.4827],[-5.1201,55.4398],[-5.1983,55.7043],[-5.2974,55.7228],[-5.3979,55.6142]]],[[[-5.2008,55.8955],[-5.1842,55.8685],[-5.058,55.8492],[-5.0752,55.8569],[-5.0809,55.8796],[-5.1669,55.9208],[-5.1995,55.9111],[-5.2008,55.8955]]],[[[-4.6842,53.3148],[-4.5636,53.2419],[-4.6263,53.3209],[-4.6842,53.3148]]],[[[-4.571,53.2755],[-4.4954,53.1799],[-4.3851,53.1824],[-4.4066,53.1306],[-4.0733,53.2738],[-4.1621,53.2596],[-4.2767,53.401],[-4.4254,53.4267],[-4.571,53.3928],[-4.571,53.2755]]],[[[-3.9922,57.6962],[-3.9883,57.696],[-3.988,57.6962],[-3.9922,57.6962]]],[[[-1.5238,50.6979],[-1.2792,50.5825],[-1.1684,50.6035],[-1.1237,50.7356],[-1.3185,50.7722],[-1.5238,50.6979]]],[[[-1.1872,50.7989],[-1.1511,50.7814],[-1.1358,50.7857],[-1.1872,50.7989]]],[[[0.7339,51.4122],[0.9421,51.383],[0.7669,51.4479],[0.7339,51.4122]]],[[[-1.6708,60.242],[-1.5037,60.2434],[-1.4664,60.2172],[-1.5273,60.1929],[-1.4554,60.1562],[-1.3497,60.2111],[-1.4111,60.2589],[-1.3293,60.2043],[-1.2677,60.2452],[-1.3124,60.1806],[-1.2694,60.1855],[-1.2797,60.0881],[-1.2032,60.0653],[-1.1722,60.3476],[-1.0656,60.3749],[-1.1251,60.3837],[-1.1034,60.4308],[-1.2208,60.4091],[-1.1517,60.4308],[-1.2175,60.498],[-1.295,60.4711],[-1.2336,60.4438],[-1.3702,60.4022],[-1.295,60.4923],[-1.3361,60.4854],[-1.3092,60.5577],[-1.4187,60.6083],[-1.4801,60.5394],[-1.3844,60.5121],[-1.527,60.5568],[-1.6094,60.4833],[-1.446,60.4923],[-1.395,60.39],[-1.2604,60.355],[-1.3435,60.3476],[-1.364,60.2862],[-1.6387,60.3115],[-1.6708,60.242]]],[[[-1.3457,60.109],[-1.345,60.1076],[-1.3201,60.1001],[-1.3158,60.1155],[-1.3457,60.109]]],[[[-1.18,60.6247],[-1.1347,60.503],[-1.1642,60.5577],[-1.0239,60.5852],[-1.0623,60.6629],[-0.9935,60.6356],[-0.9935,60.7311],[-1.0921,60.7353],[-1.1034,60.6151],[-1.18,60.6247]]],[[[-0.9662,60.6902],[-0.8219,60.685],[-0.8271,60.8399],[-0.9388,60.8001],[-0.9662,60.6902]]],[[[-0.9388,60.6287],[-0.9174,60.6062],[-0.8138,60.6265],[-0.8221,60.6287],[-0.9388,60.6287]]],[[[165.9093,-50.7707],[165.9787,-50.8435],[166.0402,-50.752],[166.0612,-50.8307],[166.1089,-50.8028],[166.2244,-50.8601],[166.2326,-50.7551],[166.1227,-50.7004],[166.2263,-50.6935],[166.1643,-50.6868],[166.2121,-50.6526],[166.1847,-50.611],[166.2921,-50.5774],[166.099,-50.5356],[166.1568,-50.5864],[165.9093,-50.7707]]],[[[165.9945,-50.8734],[166.0219,-50.9064],[166.1227,-50.912],[166.1296,-50.9026],[166.2263,-50.8854],[166.137,-50.8644],[166.0959,-50.8513],[166.0768,-50.8624],[165.9945,-50.8734]]],[[[146.9409,-42.9588],[147.1981,-43.2828],[147.2501,-43.2668],[147.2477,-43.1292],[147.3013,-43.0831],[147.2544,-43.0273],[147.3332,-43.0427],[147.342,-42.9582],[147.1882,-42.7636],[146.9477,-42.7636],[147.0212,-42.9588],[146.9409,-42.9588]]],[[[147.2918,-43.153],[147.2957,-43.1656],[147.3181,-43.1772],[147.3587,-43.1818],[147.3293,-43.1448],[147.2918,-43.153]]],[[[147.344,-43.089],[147.3706,-43.089],[147.36,-43.0749],[147.344,-43.089]]],[[[147.3473,-43.228],[147.3494,-43.2327],[147.3885,-43.2192],[147.377,-43.2047],[147.3473,-43.228]]],[[[146.8603,-41.3996],[147.0064,-41.5942],[147.2943,-41.6591],[147.276,-41.5293],[146.8603,-41.3996]]],[[[150.4884,-34.5579],[150.557,-34.8152],[150.7077,-34.9439],[150.7854,-34.8041],[150.7196,-34.5579],[150.4884,-34.5579]]],[[[150.5989,-33.7861],[150.7345,-34.172],[150.6576,-34.172],[150.8783,-34.4292],[150.9242,-34.2363],[151.0684,-34.1748],[151.0478,-34.0433],[151.2016,-34.0433],[151.0952,-34.0144],[151.2019,-33.9592],[151.2354,-33.9907],[151.2775,-33.9252],[151.185,-33.5932],[151.2451,-33.5901],[150.9199,-33.5289],[150.9547,-33.5932],[150.7244,-33.5932],[150.5989,-33.7861]]],[[[151.983,-32.5003],[152.0829,-32.6917],[152.2147,-32.6932],[152.203,-32.6289],[152.4958,-32.4573],[152.4514,-32.3718],[152.0361,-32.3075],[152.0594,-32.5003],[151.983,-32.5003]]],[[[123.3143,-10.3134],[123.4134,-10.3326],[123.3963,-10.2278],[123.5046,-10.1713],[123.4038,-10.1576],[123.3143,-10.3134]]],[[[123.4686,-10.3562],[123.7993,-10.3747],[124.0339,-10.2761],[124.1224,-10.1725],[124.4118,-10.165],[124.459,-10.0646],[124.5312,-10.0646],[124.5928,-9.9361],[124.9279,-9.6146],[124.8254,-9.2932],[125.0388,-9.2289],[125.0217,-9.036],[124.7909,-9.0184],[124.6043,-9.1563],[124.3371,-9.2138],[124.2583,-9.4861],[123.966,-9.4861],[123.9023,-9.4342],[123.7938,-9.517],[123.6716,-9.6502],[123.6604,-9.8713],[123.5838,-9.944],[123.5774,-10.0344],[123.7647,-10.075],[123.5154,-10.2131],[123.4686,-10.3562]]],[[[118.3944,-8.3077],[118.5042,-8.8432],[118.9258,-8.7964],[118.702,-8.7481],[118.7651,-8.7109],[118.8984,-8.6884],[118.9719,-8.7512],[119.0695,-8.7409],[118.9075,-8.2944],[118.7539,-8.3264],[118.6673,-8.5473],[118.6639,-8.3167],[118.3944,-8.3077]]],[[[122.7817,-8.4575],[122.7922,-8.586],[122.8448,-8.586],[122.7817,-8.4575]]],[[[122.8755,-8.4575],[122.8973,-8.4606],[122.899,-8.4575],[122.8755,-8.4575]]],[[[122.883,-8.5829],[122.9383,-8.586],[123.0008,-8.4575],[123.1799,-8.4444],[122.9998,-8.4487],[122.883,-8.5829]]],[[[122.9123,-8.2646],[122.9196,-8.3556],[123.0187,-8.3341],[123.0263,-8.2893],[122.9123,-8.2646]]],[[[123.0195,-8.3918],[123.2893,-8.4045],[123.3486,-8.2688],[123.2774,-8.2646],[123.2147,-8.3932],[123.2095,-8.3289],[123.0757,-8.3],[123.0195,-8.3918]]],[[[123.2273,-8.5261],[123.4067,-8.5895],[123.5189,-8.5424],[123.512,-8.4575],[123.7258,-8.3932],[123.7833,-8.2003],[123.7013,-8.2512],[123.6416,-8.2231],[123.5891,-8.3736],[123.5179,-8.353],[123.5676,-8.2477],[123.4142,-8.2672],[123.3696,-8.3167],[123.4857,-8.3508],[123.2273,-8.5261]]],[[[123.9072,-8.4548],[124.0188,-8.4299],[124.0593,-8.5515],[124.1611,-8.5257],[124.1587,-8.3289],[124.2064,-8.4324],[124.2992,-8.2519],[124.2128,-8.2369],[124.1094,-8.3849],[124.0233,-8.3134],[123.9072,-8.4548]]],[[[123.9253,-8.2733],[123.9324,-8.2714],[123.9346,-8.2645],[123.9253,-8.2733]]],[[[124.3335,-8.413],[124.4279,-8.4675],[124.9894,-8.3734],[125.0245,-8.2003],[124.6797,-8.1668],[124.603,-8.2068],[124.5866,-8.1578],[124.4565,-8.1451],[124.3924,-8.2652],[124.5476,-8.2307],[124.3335,-8.413]]],[[[130.7634,-8.3508],[130.9768,-8.2343],[131.0057,-8.136],[130.9247,-8.136],[130.9134,-8.2136],[130.7634,-8.3508]]],[[[127.6508,-8.1762],[127.6692,-8.2409],[127.7688,-8.2126],[127.7419,-8.1589],[127.6508,-8.1762]]],[[[127.7616,-8.1174],[127.8504,-8.2066],[127.8018,-8.1011],[127.7616,-8.1174]]],[[[129.5852,-7.902],[129.7577,-8.0515],[129.7384,-7.8146],[129.6012,-7.8073],[129.5852,-7.902]]],[[[125.7743,-8.0074],[126.054,-7.8847],[126.4662,-7.9666],[126.5269,-7.8146],[126.6448,-7.7709],[126.5259,-7.5865],[126.2031,-7.7135],[125.9689,-7.6601],[125.8142,-7.8503],[125.7743,-8.0074]]],[[[130.9712,-7.7013],[131.0923,-7.6923],[131.1326,-7.6233],[130.9712,-7.7013]]],[[[131.0574,-7.5079],[131.1748,-7.4042],[131.1045,-7.4091],[131.0574,-7.5079]]],[[[131.0902,-7.8488],[131.1066,-7.9913],[131.2297,-8.0035],[131.2764,-7.8789],[131.5528,-7.686],[131.5801,-7.1266],[131.4531,-7.3344],[131.2415,-7.4877],[131.1813,-7.6496],[131.2498,-7.7066],[131.1226,-7.691],[131.1611,-7.7996],[131.0902,-7.8488]]],[[[131.2158,-7.3571],[131.2771,-7.3708],[131.2976,-7.3191],[131.2158,-7.3571]]],[[[130.841,-7.5287],[130.9858,-7.5519],[130.8587,-7.4869],[130.841,-7.5287]]],[[[130.9893,-7.4732],[131.026,-7.4838],[131.0207,-7.415],[130.9893,-7.4732]]],[[[128.5288,-7.1305],[128.5483,-7.1638],[128.5717,-7.087],[128.5288,-7.1305]]],[[[134.053,-6.7643],[134.1607,-6.8812],[134.3188,-6.853],[134.3836,-6.5288],[134.4804,-6.5498],[134.49,-6.5113],[134.1238,-6.1716],[134.1204,-6.4199],[134.21,-6.5074],[134.1106,-6.4592],[134.053,-6.7643]]],[[[134.1176,-6.0988],[134.3377,-6.332],[134.4229,-6.2809],[134.2715,-6.1784],[134.2341,-6.1301],[134.2715,-6.0617],[134.2178,-6.0236],[134.2067,-6.0788],[134.1176,-6.0988]]],[[[134.1857,-5.7555],[134.2069,-5.8273],[134.2283,-5.7734],[134.1857,-5.7555]]],[[[134.202,-5.7125],[134.3783,-5.7937],[134.2881,-5.9239],[134.3018,-6.0163],[134.3693,-6.0239],[134.2759,-6.0836],[134.3335,-6.2214],[134.5537,-6.3559],[134.6476,-6.3441],[134.5302,-5.4372],[134.4912,-5.4482],[134.5047,-5.5478],[134.457,-5.5341],[134.3518,-5.7145],[134.202,-5.7125]]],[[[134.3472,-6.3596],[134.5418,-6.5295],[134.6078,-6.4215],[134.4461,-6.2854],[134.3472,-6.3596]]],[[[134.6238,-6.4861],[134.676,-6.5627],[134.6621,-6.4557],[134.6238,-6.4861]]],[[[132.6614,-5.8454],[132.6919,-5.9288],[132.7756,-5.9239],[132.8123,-5.8196],[132.7746,-5.7324],[132.6768,-5.7181],[132.6614,-5.8454]]],[[[132.8699,-5.9096],[132.9464,-5.7574],[132.9289,-5.7549],[132.9289,-5.7771],[132.9001,-5.8139],[132.8699,-5.9096]]],[[[133.0081,-5.6262],[133.0112,-5.6288],[133.0103,-5.6147],[133.0081,-5.6262]]],[[[133.0406,-5.4984],[133.0722,-5.4359],[133.0614,-5.4391],[133.0406,-5.4984]]],[[[121.8068,-5.2599],[121.8818,-5.3902],[121.9894,-5.3716],[121.9024,-5.0612],[121.8068,-5.2599]]],[[[119.3528,-5.3556],[119.4333,-5.5878],[119.5176,-5.558],[119.5524,-5.6433],[119.634,-5.6174],[119.6769,-5.697],[119.8057,-5.6925],[119.9149,-5.5689],[120.1125,-5.5913],[120.3207,-5.5107],[120.3096,-5.3074],[119.6536,-5.3074],[119.6969,-4.7288],[119.565,-4.6171],[119.4912,-4.7541],[119.5198,-4.9167],[119.3528,-5.3556]]],[[[122.2752,-5.3276],[122.3639,-5.3898],[122.451,-5.315],[122.4072,-5.3532],[122.4686,-5.3964],[122.5115,-5.2867],[122.5435,-5.4288],[122.6475,-5.3449],[122.6043,-5.1599],[122.78,-4.9166],[122.7111,-4.6155],[122.3827,-4.7459],[122.3275,-4.8421],[122.4026,-5.0618],[122.3325,-5.1238],[122.2752,-5.3276]]],[[[122.5671,-5.5069],[122.6396,-5.6635],[122.7356,-5.6269],[122.7947,-5.6906],[122.7983,-5.5002],[122.9775,-5.3942],[123.0771,-5.4086],[122.9979,-5.1736],[122.9499,-5.1902],[122.976,-5.1088],[122.9129,-4.9216],[123.1199,-4.7224],[123.033,-4.4073],[122.9089,-4.4745],[122.855,-4.6096],[122.8335,-4.9291],[122.7527,-5.0339],[122.8045,-5.0436],[122.7576,-5.2067],[122.8147,-5.2114],[122.721,-5.2662],[122.5671,-5.5069]]],[[[122.7649,-4.4774],[122.7731,-4.4684],[122.773,-4.4659],[122.7649,-4.4774]]],[[[122.8117,-4.4112],[122.8421,-4.4381],[122.8623,-4.4073],[122.8144,-4.4073],[122.8117,-4.4112]]],[[[127.9124,-3.7031],[127.9541,-3.7732],[128.2029,-3.6393],[128.1361,-3.7327],[128.2453,-3.7002],[128.2377,-3.5251],[128.0477,-3.5847],[127.9124,-3.7031]]],[[[125.9917,-3.2482],[126.0526,-3.4463],[126.203,-3.631],[126.6966,-3.8638],[127.1633,-3.6564],[127.2145,-3.443],[127.1486,-3.3345],[127.1139,-3.3686],[127.0545,-3.323],[127.0559,-3.2595],[127.1105,-3.2718],[127.0583,-3.1859],[126.84,-3.0737],[126.361,-3.0896],[126.202,-3.1818],[126.0909,-3.1121],[125.9917,-3.2482]]],[[[127.7138,-3.1859],[127.7164,-3.2488],[127.7785,-3.2442],[127.7844,-3.1687],[127.7138,-3.1859]]],[[[127.827,-3.029],[127.9473,-3.0185],[127.9944,-2.9391],[127.827,-3.029]]],[[[127.8423,-3.1733],[127.9163,-3.3054],[128.1843,-3.0744],[128.1787,-3.1943],[128.2721,-3.2115],[128.4841,-3.4625],[128.8775,-3.2026],[128.9819,-3.2519],[128.9608,-3.3556],[129.2362,-3.4016],[129.5462,-3.396],[129.502,-3.3344],[129.5449,-3.2978],[129.8905,-3.3331],[130.0017,-3.4731],[130.7405,-3.8241],[130.786,-3.5073],[130.562,-3.3787],[130.5513,-3.1216],[130.3871,-2.993],[129.9635,-2.993],[129.6118,-2.8068],[129.3849,-2.8001],[129.1771,-2.9577],[129.1052,-2.9479],[129.0529,-2.8045],[128.8652,-2.8621],[128.1755,-2.857],[128.07,-2.9706],[128.1179,-2.9843],[128.1037,-3.067],[127.8423,-3.1733]]],[[[99.1106,0.3456],[99.1687,0.2426],[99.3411,0.2388],[99.7472,-0.0298],[99.824,-0.3134],[100.3014,-0.8163],[100.4164,-1.0478],[100.3661,-1.1505],[100.4333,-1.2067],[100.406,-1.2644],[100.5692,-1.3308],[100.6545,-1.6176],[100.8576,-1.8919],[100.8872,-2.0372],[100.834,-2.1591],[100.9231,-2.3334],[101.1048,-2.5871],[101.327,-2.7392],[101.6113,-3.2245],[102.2222,-3.6428],[102.3125,-3.9915],[102.9204,-4.4926],[103.1729,-4.6179],[103.4146,-4.8693],[103.5,-4.8639],[103.6541,-4.9792],[103.7054,-4.955],[103.7261,-5.0168],[103.8911,-5.1042],[103.9014,-5.2185],[103.9914,-5.2464],[103.9932,-5.3127],[104.5418,-5.8419],[104.5613,-5.9283],[104.5055,-5.5645],[104.5567,-5.5973],[104.5342,-5.5239],[104.6062,-5.4789],[104.9011,-5.6713],[105.171,-5.7574],[105.18,-5.5805],[105.2388,-5.5689],[105.2796,-5.4443],[105.4836,-5.6589],[105.5686,-5.6804],[105.6021,-5.8098],[105.7574,-5.8217],[105.7295,-5.2431],[105.8024,-5.2431],[105.7795,-4.7288],[105.8524,-4.7288],[105.7558,-4.1502],[105.3018,-3.7002],[105.0151,-3.8287],[104.9495,-4.0216],[104.2988,-4.1502],[104.0878,-4.343],[103.5804,-4.4073],[102.9851,-4.0859],[102.6797,-3.7002],[102.4612,-3.7002],[102.3089,-3.5073],[101.7177,-3.2502],[101.407,-2.6073],[101.1104,-2.4144],[101.1814,-2.3501],[101.0987,-1.9644],[100.8697,-1.5144],[100.6485,-1.3858],[100.5691,-1.0644],[100.563,-0.7429],[99.9731,-0.2929],[99.6705,0.2857],[99.3814,0.35],[99.3126,0.4785],[99.1106,0.3456]]],[[[104.7818,-5.7416],[104.8064,-5.7574],[104.8261,-5.7574],[104.7868,-5.7421],[104.7818,-5.7416]]],[[[125.262,-1.7715],[125.2651,-1.8748],[125.3184,-1.8826],[125.3148,-1.779],[125.262,-1.7715]]],[[[125.3353,-1.8507],[125.5089,-1.9357],[125.9276,-1.9314],[126.0954,-1.8872],[126.1252,-1.8015],[125.4021,-1.7747],[125.3353,-1.8507]]],[[[125.8626,-2.0866],[126.0082,-2.4533],[125.9242,-1.9715],[125.8626,-2.0866]]],[[[129.7149,-1.8814],[130.1265,-2.067],[130.2319,-2.0547],[130.2869,-1.8358],[130.3597,-1.8358],[130.2999,-1.6891],[129.7149,-1.8814]]],[[[124.3006,-1.9875],[124.3713,-2.0122],[124.3489,-1.9596],[124.3006,-1.9875]]],[[[124.3291,-1.8708],[124.4168,-2.006],[124.8283,-1.8951],[124.9697,-1.9306],[125.1853,-1.8809],[125.1146,-1.7073],[125.11,-1.7585],[125.048,-1.7653],[124.9556,-1.6965],[124.5273,-1.643],[124.3849,-1.6679],[124.3291,-1.8708]]],[[[127.2923,-1.4281],[127.3167,-1.4363],[127.3478,-1.4128],[127.3788,-1.4055],[127.3782,-1.4026],[127.2923,-1.4281]]],[[[127.3787,-1.6323],[127.5327,-1.7314],[128.0265,-1.7087],[128.014,-1.512],[127.6533,-1.3858],[127.6343,-1.3287],[127.4878,-1.45],[127.4284,-1.4151],[127.3787,-1.6323]]],[[[124.7298,1.4167],[124.959,1.25],[125.172,1.4351],[125.1273,1.6766],[124.9709,1.7],[124.8259,1.5729],[124.8357,1.4691],[124.7298,1.4167]]],[[[125.1716,1.4045],[125.1791,1.3969],[125.1756,1.4159],[125.1747,1.4155],[125.1716,1.4045]]]]}},{"type":"Feature","properties":{"relationId":"cliopatria-relation-47a385401ec8","name":"(Allegiance of Kingdom of Hawaï'i to British Empire)","name_ko":"하와이 왕국–대영제국 충성·복속 관계","relationKind":"allegiance","relation_kind_ko":"충성·복속 관계","actor_ids":"cliopatria-q156418-f0934fada9;cliopatria-q8680-3114df4bb9","actor_names_ko":"하와이 왕국;대영제국","color":"#e7b763","startYear":1812,"endYear":1813,"source_name":"Cliopatria v0.2.0","source_url":"https://github.com/Seshat-Global-History-Databank/cliopatria","license":"CC BY 4.0","attribution":"Seshat Global History Databank, Cliopatria contributors"},"geometry":{"type":"MultiPolygon","coordinates":[[[[-156.0023,19.7648],[-155.93,19.5077],[-155.7459,19.3791],[-155.6921,19.1862],[-155.8401,19.1862],[-155.7873,18.9962],[-155.6248,18.95],[-155.5028,19.1377],[-155.2911,19.2595],[-155.0267,19.3162],[-154.8172,19.4797],[-154.9899,19.7267],[-155.0854,19.7274],[-155.0871,19.8604],[-155.168,19.9468],[-155.5864,20.1229],[-155.738,20.2438],[-155.7959,20.256],[-155.7968,20.0862],[-155.8697,20.0862],[-155.7982,19.8291],[-156.0023,19.7648]]],[[[-156.696,20.9158],[-156.6126,20.8078],[-156.4643,20.7814],[-156.4077,20.5872],[-156.1295,20.6245],[-155.9847,20.7176],[-156.0017,20.8004],[-156.2058,20.9085],[-156.4817,20.9044],[-156.6747,20.9791],[-156.696,20.9158]]],[[[-157.0188,20.8577],[-156.9477,20.7331],[-156.8035,20.8126],[-156.8927,20.9141],[-157,20.922],[-156.9813,20.8577],[-157.0188,20.8577]]],[[[-157.2788,21.1148],[-156.8696,21.0534],[-156.7556,21.1023],[-156.7766,21.1746],[-157.2358,21.2211],[-157.2046,21.1148],[-157.2788,21.1148]]],[[[-158.2449,21.546],[-158.0943,21.2936],[-157.9806,21.3185],[-157.9913,21.3911],[-157.9318,21.3717],[-157.947,21.3027],[-157.8949,21.3317],[-157.8108,21.2542],[-157.6755,21.2831],[-157.7257,21.459],[-157.7762,21.4133],[-157.8421,21.461],[-157.8364,21.534],[-157.9697,21.7091],[-158.2449,21.546]]],[[[-160.248,21.828],[-160.1982,21.7839],[-160.0722,21.9108],[-160.06,22.0006],[-160.248,21.828]]],[[[-159.7422,22.1089],[-159.7396,21.9725],[-159.4373,21.8688],[-159.3341,21.9581],[-159.2928,22.1464],[-159.3579,22.2227],[-159.5585,22.233],[-159.7422,22.1089]]],[[[-115.3853,47.5982],[-115.0913,47.3348],[-114.8143,47.4006],[-115.1083,47.6641],[-115.3853,47.5982]]],[[[-117.9958,48.0597],[-117.6936,47.7959],[-117.4176,47.8619],[-117.7199,48.1257],[-117.9958,48.0597]]],[[[-99.92,49.9136],[-99.6324,49.6479],[-99.3483,49.7143],[-99.6361,49.98],[-99.92,49.9136]]],[[[-97.5574,50.113],[-97.2722,49.8471],[-96.987,49.9136],[-97.2724,50.1795],[-97.5574,50.113]]],[[[-98.6348,50.3125],[-98.3455,50.0465],[-98.0609,50.113],[-98.3503,50.3791],[-98.6348,50.3125]]],[[[-100.3681,50.3791],[-100.0749,50.113],[-99.7911,50.1795],[-100.0844,50.4457],[-100.3681,50.3791]]],[[[-120.5868,50.5122],[-120.2539,50.246],[-119.9796,50.3125],[-120.3128,50.5789],[-120.5868,50.5122]]],[[[-102.4248,51.0457],[-102.1209,50.7788],[-101.838,50.8455],[-102.1421,51.1124],[-102.4248,51.0457]]],[[[-105.922,52.2505],[-105.5989,51.9822],[-105.3176,52.0492],[-105.6408,52.3176],[-105.922,52.2505]]],[[[-110.2008,52.4519],[-109.8669,52.1833],[-109.5877,52.2505],[-109.9218,52.5191],[-110.2008,52.4519]]],[[[-114.8363,52.6535],[-114.4906,52.3847],[-114.2138,52.4519],[-114.5596,52.7208],[-114.8363,52.6535]]],[[[-101.5404,53.1922],[-101.2172,52.9227],[-100.9333,52.99],[-101.2565,53.2596],[-101.5404,53.1922]]],[[[-110.2489,54.2061],[-109.9632,54.0029],[-109.4652,53.9352],[-109.9692,54.2739],[-110.2489,54.2061]]],[[[-115.4439,54.2061],[-115.0806,53.9352],[-114.8037,54.0029],[-114.9959,54.1463],[-114.7512,54.2061],[-115.1165,54.4774],[-115.3934,54.4095],[-115.2108,54.2739],[-115.4439,54.2061]]],[[[-125.043,54.2739],[-124.6578,54.0029],[-124.3862,54.0706],[-124.7715,54.3417],[-125.043,54.2739]]],[[[-123.125,55.3618],[-122.7326,55.0892],[-122.4594,55.1573],[-122.8519,55.43],[-123.125,55.3618]]],[[[-107.7686,55.5665],[-107.4094,55.2936],[-107.1274,55.3618],[-107.4865,55.6348],[-107.7686,55.5665]]],[[[-111.5543,55.8398],[-111.1838,55.5665],[-110.9037,55.6348],[-111.2742,55.9082],[-111.5543,55.8398]]],[[[-108.5516,55.9082],[-108.1874,55.6348],[-107.9055,55.7031],[-108.2697,55.9766],[-108.5516,55.9082]]],[[[-121.7038,56.6623],[-121.3012,56.3877],[-121.0264,56.4563],[-121.4292,56.7311],[-121.7038,56.6623]]],[[[-124.1035,58.4587],[-123.6756,58.181],[-123.4012,58.2504],[-123.8292,58.5282],[-124.1035,58.4587]]],[[[-117.0786,58.5977],[-116.6669,58.3198],[-116.3879,58.3892],[-116.7996,58.6673],[-117.0786,58.5977]]],[[[-111.0672,59.0155],[-110.6666,58.7369],[-110.3834,58.8065],[-110.784,59.0853],[-111.0672,59.0155]]],[[[-114.6823,62.6889],[-114.3261,62.4027],[-113.948,62.4742],[-114.3975,62.7606],[-114.6823,62.6889]]],[[[-117.3826,63.2634],[-116.9188,62.9758],[-116.6353,63.0477],[-117.0992,63.3354],[-117.3826,63.2634]]],[[[-69.1245,12.3717],[-69.0786,12.2043],[-68.8148,12.0432],[-68.7397,12.053],[-68.8208,12.1623],[-69.004,12.2217],[-69.1245,12.3717]]],[[[-68.3869,12.3074],[-68.2277,12.0503],[-68.19,12.2048],[-68.3869,12.3074]]],[[[-70.0191,12.5646],[-69.9305,12.426],[-69.8768,12.4274],[-70.0191,12.5646]]],[[[-89.1782,17.8362],[-89.034,17.3862],[-89.1078,17.3862],[-89.11,15.9076],[-88.9118,15.9076],[-88.9276,15.9839],[-88.7457,16.1549],[-88.7401,16.2302],[-88.6466,16.2866],[-88.5366,16.2713],[-88.3113,16.6623],[-88.3448,16.5246],[-88.3016,16.7717],[-88.2486,16.8131],[-88.2833,16.8913],[-88.2151,16.9671],[-88.3005,17.1779],[-88.2863,17.3397],[-88.2423,17.4875],[-88.1789,17.4934],[-88.2877,17.6042],[-88.0948,18.1028],[-88.095,18.3338],[-88.1465,18.3093],[-88.0982,18.3586],[-88.2757,18.3582],[-88.358,18.3037],[-88.3175,18.3748],[-88.391,18.3706],[-88.2866,18.4628],[-88.3945,18.4791],[-88.7556,17.9648],[-89.0509,17.9648],[-89.1782,17.8362]]],[[[-64.8819,17.7659],[-64.8726,17.6863],[-64.6013,17.7386],[-64.7716,17.7926],[-64.8819,17.7659]]],[[[-78.3747,18.2656],[-78.234,18.1932],[-78.0503,18.1851],[-77.7307,17.8548],[-77.4177,17.8617],[-77.189,17.7076],[-77.1337,17.7104],[-77.1407,17.7653],[-77.2165,17.7721],[-77.1417,17.8811],[-77.0642,17.8995],[-77.0367,17.8466],[-76.9058,17.8862],[-76.85,17.9923],[-76.7224,17.9496],[-76.8323,17.9366],[-76.7077,17.9459],[-76.6028,17.8676],[-76.188,17.9155],[-76.3511,18.156],[-76.7828,18.2778],[-76.8949,18.4093],[-77.9023,18.5188],[-77.97,18.4431],[-78.1827,18.4466],[-78.3747,18.2656]]],[[[-63.1585,18.179],[-63.1575,18.1707],[-63.1368,18.1734],[-63.1138,18.1898],[-63.0995,18.1762],[-63.0006,18.2274],[-62.9726,18.2759],[-63.0074,18.273],[-63.0382,18.2677],[-63.0858,18.2177],[-63.1343,18.2041],[-63.1585,18.179]]],[[[-63.1458,18.0705],[-63.0107,18.0408],[-63.0176,18.1221],[-63.1458,18.0705]]],[[[-63.1189,18.0515],[-63.0976,18.036],[-63.0702,18.0291],[-63.0215,18.0291],[-63.0176,18.0334],[-63.107,18.0621],[-63.1189,18.0515]]],[[[-62.9579,18.2862],[-62.9567,18.2744],[-62.9486,18.2784],[-62.9495,18.2862],[-62.9579,18.2862]]],[[[-73.6791,21.0295],[-73.6612,20.9222],[-73.189,20.9682],[-73.1298,20.9937],[-73.0178,21.2434],[-73.1112,21.2434],[-73.2552,21.1351],[-73.3899,21.2333],[-73.6678,21.1152],[-73.6791,21.0295]]],[[[-72.2938,21.8368],[-72.2555,21.7652],[-72.1244,21.8153],[-72.2318,21.7934],[-72.2938,21.8368]]],[[[-72.133,21.8476],[-72.1163,21.8537],[-72.1249,21.8546],[-72.133,21.8476]]],[[[-72.0997,21.8646],[-72.0945,21.868],[-72.096,21.8782],[-72.0997,21.8646]]],[[[-72.8962,22.4041],[-72.7972,22.2936],[-72.7509,22.3112],[-72.8962,22.4041]]],[[[-74.1155,22.2981],[-73.8654,22.48],[-73.8312,22.5414],[-73.8995,22.6985],[-73.8591,22.7005],[-73.9368,22.72],[-73.8708,22.5353],[-73.8964,22.4648],[-74.0758,22.3923],[-74.1155,22.2981]]],[[[-75.171,23.4291],[-75.1313,23.1927],[-75.0685,23.1166],[-75.117,23.1077],[-74.978,23.0729],[-74.8336,22.9148],[-74.9097,23.0673],[-75.06,23.1417],[-75.171,23.4291]]],[[[-77.919,24.2006],[-77.9098,24.1742],[-77.8807,24.1863],[-77.8539,24.2347],[-77.8084,24.2394],[-77.7987,24.2546],[-77.85,24.2515],[-77.9013,24.2187],[-77.919,24.2006]]],[[[-77.8987,24.1423],[-77.7987,23.8567],[-77.6609,23.8847],[-77.7646,23.8232],[-77.6963,23.7822],[-77.5941,23.8535],[-77.6723,23.7666],[-77.546,23.7891],[-77.5727,23.8294],[-77.5165,23.9188],[-77.6007,23.9051],[-77.525,23.9704],[-77.6075,24.2182],[-77.744,24.0355],[-77.7023,24.1127],[-77.7577,24.1726],[-77.6312,24.2491],[-77.7454,24.2649],[-77.8987,24.1423]]],[[[-77.7633,23.753],[-77.7624,23.7506],[-77.6874,23.7639],[-77.7491,23.7783],[-77.744,23.7611],[-77.7633,23.753]]],[[[-74.5297,24.0348],[-74.4923,23.9604],[-74.4271,24.0832],[-74.4601,24.1363],[-74.5297,24.1004],[-74.5297,24.0348]]],[[[-75.5884,24.5221],[-75.5853,24.5054],[-75.5359,24.3935],[-75.4934,24.3935],[-75.5322,24.4449],[-75.569,24.5168],[-75.5884,24.5221]]],[[[-75.4889,24.3876],[-75.4101,24.2729],[-75.4439,24.1381],[-75.2904,24.1447],[-75.4889,24.3876]]],[[[-78.3805,24.6653],[-78.3551,24.5337],[-78.1344,24.5016],[-78.0645,24.3292],[-77.9086,24.3508],[-77.7187,24.4998],[-77.7372,24.7002],[-77.9806,25.0019],[-77.9769,25.1384],[-78.0452,25.1831],[-78.1926,25.2053],[-78.1577,25.0002],[-78.2559,24.7149],[-78.1965,24.604],[-78.2377,24.5569],[-78.2716,24.6313],[-78.3263,24.5854],[-78.3114,24.7101],[-78.3805,24.6653]]],[[[-78.2947,24.7149],[-78.2648,24.6723],[-78.2642,24.7105],[-78.2668,24.7149],[-78.2947,24.7149]]],[[[-77.8837,24.3292],[-77.8475,24.3292],[-77.8328,24.3496],[-77.8692,24.3468],[-77.8836,24.3411],[-77.8837,24.3292]]],[[[-77.8015,24.3292],[-77.7935,24.3292],[-77.7863,24.3398],[-77.8015,24.3292]]],[[[-76.2411,24.8134],[-76.1749,24.7792],[-76.1505,24.9408],[-76.2056,24.9241],[-76.1824,24.8488],[-76.2411,24.8134]]],[[[-76.5542,25.4121],[-76.5292,25.3697],[-76.4896,25.3513],[-76.3716,25.3225],[-76.3463,25.3035],[-76.3389,25.2936],[-76.3347,25.2936],[-76.3413,25.3269],[-76.3516,25.3386],[-76.4609,25.3546],[-76.5542,25.4121]]],[[[-77.6549,26.9082],[-77.6442,26.8617],[-77.5344,26.8632],[-77.3084,26.5995],[-77.1607,26.5642],[-77.2453,26.3086],[-77.2233,26.1458],[-77.3207,26.0776],[-77.2808,25.9365],[-77.1909,25.9365],[-77.1649,26.2454],[-77.0148,26.3157],[-77.0498,26.5163],[-77.2699,26.6251],[-77.3052,26.674],[-77.2506,26.6877],[-77.5113,26.8695],[-77.6549,26.9082]]],[[[-78.7572,26.5803],[-78.6861,26.4919],[-78.5215,26.5704],[-77.9743,26.6612],[-77.9848,26.708],[-78.32,26.6865],[-78.6003,26.7723],[-78.6218,26.7118],[-78.5736,26.6842],[-78.7572,26.5803]]],[[[-64.8612,32.3002],[-64.8592,32.2988],[-64.8607,32.3004],[-64.8612,32.3002]]],[[[-64.8325,32.2872],[-64.8,32.2833],[-64.8155,32.2888],[-64.8325,32.2872]]],[[[-64.8162,32.2694],[-64.8027,32.2602],[-64.6779,32.3345],[-64.7025,32.3484],[-64.7376,32.3377],[-64.7395,32.3287],[-64.7131,32.3426],[-64.7054,32.3361],[-64.7186,32.3237],[-64.7403,32.324],[-64.7801,32.3034],[-64.8108,32.3076],[-64.8054,32.2934],[-64.779,32.2911],[-64.8162,32.2694]]],[[[-64.6736,32.3572],[-64.6558,32.3504],[-64.65,32.3631],[-64.6495,32.3645],[-64.6736,32.3572]]],[[[-83.0869,42.1712],[-83.0532,42.1063],[-82.78,42.0413],[-82.6413,42.2362],[-83.0747,42.3012],[-83.0869,42.1712]]],[[[-81.3573,42.6912],[-80.4426,42.6262],[-80.5095,42.7563],[-80.1422,42.8213],[-80.1757,42.8864],[-79.2133,42.8864],[-79.2465,42.9515],[-79.0861,42.9515],[-79.1861,43.1467],[-79.0255,43.1467],[-79.0925,43.2769],[-79.7018,43.2118],[-79.8714,43.5375],[-79.7104,43.5375],[-79.5248,43.7982],[-79.3636,43.7982],[-79.4321,43.9286],[-79.7086,43.9938],[-79.6742,43.9286],[-79.8355,43.9286],[-79.928,43.7982],[-80.2505,43.7982],[-80.216,43.733],[-80.5038,43.6678],[-80.5616,43.4723],[-80.7226,43.4723],[-80.8148,43.3421],[-80.7246,43.0165],[-81.2524,42.9515],[-81.3573,42.6912]]],[[[-84.0262,46.3489],[-83.9496,46.2177],[-83.8678,46.2177],[-83.9443,46.3489],[-84.0262,46.3489]]],[[[-77.3486,46.4145],[-77.1245,46.1521],[-76.8328,46.2177],[-77.0567,46.4802],[-77.3486,46.4145]]],[[[-76.7145,44.4507],[-76.6472,44.3201],[-76.1954,44.3854],[-76.1619,44.3201],[-76.0002,44.3201],[-75.8102,44.5813],[-75.6482,44.5813],[-75.5867,44.7773],[-75.0859,44.908],[-75.1195,44.9734],[-71.6283,44.9734],[-71.5985,45.0132],[-74.8685,45.0101],[-74.713,44.9993],[-74.1533,45.3201],[-73.9615,45.3542],[-74.0161,45.4504],[-74.3297,45.5097],[-74.3795,45.5616],[-73.9792,45.4984],[-73.7554,45.6764],[-73.4203,45.7651],[-73.1586,46.0749],[-73.022,46.1096],[-72.9945,46.2108],[-72.6025,46.3013],[-72.258,46.4709],[-72.2279,46.5534],[-71.8805,46.6907],[-71.7202,46.6701],[-71.3417,46.7423],[-70.9569,47.0207],[-70.715,47.1176],[-70.6572,47.269],[-71.1513,47.269],[-71.2477,47.1374],[-71.5768,47.1374],[-71.6872,46.8743],[-71.9336,46.8743],[-71.8996,46.8086],[-73.0967,46.7429],[-73.0624,46.6772],[-73.6497,46.5459],[-73.8878,46.2177],[-74.3919,46.0865],[-74.4869,45.9554],[-74.7319,45.9554],[-74.6977,45.8898],[-74.861,45.8898],[-74.9559,45.7588],[-76.5873,45.7588],[-76.3242,45.1042],[-76.1749,44.9734],[-76.411,44.6466],[-76.5731,44.6466],[-76.7145,44.4507]]],[[[-74.713,44.9993],[-71.5984,45.0133],[-71.5303,45.1042],[-71.3678,45.1042],[-71.3833,45.3004],[-70.7647,45.3659],[-70.2233,46.0865],[-70.4199,46.4802],[-70.0777,46.9401],[-69.9134,46.9401],[-69.654,47.4006],[-69.3579,47.4665],[-69.3916,47.5323],[-69.1931,47.4665],[-69.0465,47.6641],[-68.6338,47.6641],[-68.6674,47.73],[-67.7258,47.6641],[-67.6596,47.5323],[-67.7421,47.5323],[-67.6762,47.4006],[-67.7586,47.4006],[-67.693,47.269],[-67.7753,47.269],[-67.798,46.4802],[-67.8799,46.4802],[-67.7843,46.2833],[-67.8662,46.2833],[-67.8028,46.1521],[-67.9031,46.0209],[-67.7461,45.6933],[-67.5519,45.6278],[-67.3665,45.235],[-67.2085,45.1672],[-67.1903,45.2332],[-67.0484,45.1022],[-66.9435,45.1898],[-66.8479,45.1283],[-66.8967,45.0795],[-66.8001,45.1078],[-66.7743,45.0612],[-66.491,45.1556],[-66.4036,45.1042],[-66.2589,45.1618],[-66.31,45.2048],[-66.2039,45.1618],[-66.0602,45.258],[-66.1968,45.3338],[-66.095,45.3542],[-66.0098,45.4643],[-66.0019,45.3986],[-66.136,45.3126],[-65.9982,45.235],[-65.7523,45.2444],[-64.9048,45.6282],[-64.7716,45.6143],[-64.5724,45.8607],[-64.7487,46.0899],[-64.5724,45.8856],[-64.5315,45.9022],[-64.4905,45.8167],[-64.5458,45.7316],[-64.4809,45.7279],[-64.3472,45.8887],[-64.2646,45.7651],[-64.3335,45.7446],[-64.3055,45.8266],[-64.3806,45.7924],[-64.457,45.6832],[-64.902,45.43],[-64.8965,45.3465],[-64.7574,45.3004],[-64.5762,45.4156],[-64.3881,45.3673],[-64.1053,45.4151],[-63.8909,45.3529],[-63.8158,45.3952],[-63.3602,45.3611],[-63.4695,45.2921],[-63.7159,45.3263],[-64.1151,45.2161],[-64.1993,45.1487],[-64.1007,45.0594],[-64.1553,44.9837],[-64.2235,45.1084],[-64.3055,45.1488],[-64.3675,45.1078],[-64.3297,45.3096],[-64.4778,45.3411],[-64.4154,45.2716],[-64.8632,45.1396],[-65.3976,44.8949],[-65.7235,44.7274],[-65.7418,44.6678],[-65.4289,44.7782],[-65.6923,44.6207],[-65.7571,44.6109],[-65.7859,44.6964],[-66.1803,44.4344],[-66.1968,44.3909],[-65.9425,44.5834],[-65.8405,44.5734],[-66.095,44.3742],[-66.1906,44.1654],[-66.1217,43.7436],[-66.0794,43.7724],[-66.0602,43.7162],[-65.9796,43.706],[-65.9967,43.8541],[-65.9713,43.7801],[-65.9372,43.826],[-65.8772,43.7696],[-65.8616,43.8056],[-65.7995,43.6063],[-65.7888,43.6911],[-65.7767,43.5904],[-65.6173,43.5358],[-65.566,43.574],[-65.4725,43.4861],[-65.4501,43.5605],[-65.4102,43.5302],[-65.4569,43.5995],[-65.3957,43.5681],[-65.3346,43.6678],[-65.3675,43.7436],[-65.323,43.7654],[-65.3272,43.6964],[-65.2504,43.6734],[-65.2379,43.8056],[-65.1785,43.7101],[-65.1416,43.751],[-65.1286,43.6747],[-65.087,43.7579],[-65.025,43.7162],[-65.0392,43.8323],[-64.9582,43.7658],[-64.9668,43.8736],[-64.8815,43.8118],[-64.915,43.8807],[-64.8559,43.8477],[-64.8474,43.9291],[-64.6689,44.034],[-64.717,44.0588],[-64.5609,44.08],[-64.6062,44.1586],[-64.4979,44.1408],[-64.4322,44.2175],[-64.4291,44.34],[-64.2577,44.4089],[-64.3539,44.4561],[-64.2987,44.4698],[-64.3055,44.566],[-64.2274,44.537],[-64.1622,44.5797],[-64.084,44.4759],[-64.066,44.6343],[-63.8884,44.6964],[-63.9418,44.5516],[-63.5775,44.4641],[-63.5238,44.5032],[-63.5452,44.5933],[-63.6619,44.7168],[-63.439,44.5963],[-63.4169,44.6829],[-63.2851,44.6274],[-63.2367,44.7373],[-63.2139,44.6812],[-63.1548,44.7298],[-63.1405,44.6889],[-63.1194,44.7907],[-63.0586,44.6752],[-63.014,44.7106],[-63.0586,44.7782],[-62.9895,44.711],[-62.8304,44.7178],[-62.8053,44.7851],[-62.6068,44.8371],[-62.531,44.8062],[-62.5515,44.8676],[-62.4757,44.9011],[-62.4484,44.8335],[-62.3934,44.9103],[-62.0766,45.0388],[-61.6544,45.099],[-61.6871,45.1754],[-61.3776,45.1696],[-61.2786,45.254],[-61.1748,45.2028],[-61.1195,45.2716],[-61.1394,45.218],[-61.0779,45.2224],[-61.08,45.3456],[-61.4615,45.3548],[-61.237,45.4898],[-61.4925,45.6907],[-61.6198,45.6143],[-61.8763,45.6927],[-61.9502,45.876],[-62.4704,45.6145],[-62.5091,45.615],[-62.4757,45.6627],[-62.6129,45.6907],[-62.7497,45.6129],[-62.7706,45.6744],[-62.6849,45.6948],[-62.7243,45.7687],[-63.1007,45.8113],[-63.0654,45.7589],[-63.2025,45.7372],[-63.1889,45.7788],[-63.2948,45.7257],[-63.3807,45.772],[-63.2298,45.8061],[-63.5159,45.8109],[-63.4086,45.8545],[-63.4919,45.8826],[-63.6591,45.8738],[-63.6697,45.8234],[-63.9049,45.9803],[-64.0933,46.0326],[-63.8946,46.06],[-63.9,46.1638],[-64.1513,46.1663],[-64.2533,46.2344],[-64.5594,46.2238],[-64.5606,46.367],[-64.704,46.3275],[-64.6277,46.3542],[-64.6134,46.4193],[-64.7111,46.4805],[-64.6777,46.5006],[-64.7547,46.6938],[-64.8542,46.6763],[-64.7921,46.7247],[-64.8815,46.8066],[-64.901,46.9401],[-64.8068,46.9866],[-64.8042,47.0821],[-65.2065,47.0468],[-65.203,47.0946],[-65.3675,47.0878],[-64.9596,47.2943],[-64.9088,47.4025],[-64.9088,47.356],[-64.8922,47.5615],[-64.8126,47.6775],[-64.6989,47.7206],[-64.7357,47.7645],[-64.7639,47.7081],[-64.8605,47.7525],[-64.7929,47.8014],[-65.2093,47.8197],[-65.6357,47.6223],[-65.8396,47.9097],[-66.2384,47.9852],[-66.3859,48.0751],[-66.8479,47.999],[-66.5428,48.0587],[-66.4701,48.1257],[-66.067,48.102],[-65.8957,48.2255],[-65.8905,48.1706],[-65.7838,48.1156],[-65.2856,48.0126],[-64.9879,48.126],[-64.9604,48.1877],[-64.7794,48.204],[-64.7966,48.2578],[-64.7471,48.2578],[-64.7233,48.3354],[-64.3291,48.4196],[-64.1888,48.5266],[-64.2821,48.569],[-64.2308,48.6221],[-64.2843,48.7295],[-64.4291,48.7805],[-64.3741,48.7917],[-64.3972,48.8214],[-64.5389,48.8214],[-64.4774,48.8419],[-64.5594,48.8829],[-64.1693,48.7865],[-64.2212,48.8944],[-64.5526,49.0974],[-64.9635,49.2193],[-65.5658,49.2665],[-66.6221,49.1226],[-68.0603,48.6938],[-68.8248,48.3658],[-69.4455,47.9919],[-69.5619,47.8281],[-70.5349,47.0106],[-71.7142,46.6322],[-71.8671,46.6667],[-72.1899,46.5262],[-72.2743,46.4206],[-72.496,46.3605],[-72.731,46.1766],[-73.1561,46.0497],[-73.2173,45.8988],[-73.4488,45.7045],[-73.519,45.4263],[-73.7347,45.4186],[-74.0044,45.2452],[-74.3295,45.1781],[-74.4735,45.0671],[-74.713,44.9993]]],[[[-74.165,45.2697],[-74.003,45.2687],[-73.9206,45.3338],[-74.165,45.2697]]],[[[-73.9845,45.4064],[-73.9485,45.3697],[-73.9148,45.3662],[-73.8581,45.3818],[-73.8581,45.3889],[-73.889,45.3967],[-73.9173,45.41],[-73.9767,45.4154],[-73.9845,45.4064]]],[[[-73.9736,45.4446],[-73.5887,45.4479],[-73.4706,45.7133],[-73.9736,45.4446]]],[[[-73.9473,45.4982],[-73.9318,45.4888],[-73.8993,45.5009],[-73.8851,45.5124],[-73.8865,45.5234],[-73.9432,45.5076],[-73.9473,45.4982]]],[[[-73.8664,45.5608],[-73.7183,45.5624],[-73.5648,45.6987],[-73.7409,45.6643],[-73.8664,45.5608]]],[[[-71.1247,46.877],[-71.0312,46.8629],[-70.8097,47.0134],[-70.8854,47.0266],[-71.1247,46.877]]],[[[-68.8911,48.388],[-68.8447,48.396],[-68.8381,48.4138],[-68.8643,48.4076],[-68.8911,48.388]]],[[[-67.1819,45.1558],[-67.1701,45.1508],[-67.1724,45.1551],[-67.1819,45.1558]]],[[[-66.3353,48.0941],[-66.3253,48.0812],[-66.3066,48.0815],[-66.29,48.0652],[-66.2747,48.0731],[-66.2726,48.0794],[-66.3353,48.0941]]],[[[-66.2403,44.3772],[-66.2292,44.3528],[-66.2034,44.3922],[-66.2316,44.3872],[-66.2403,44.3772]]],[[[-61.5515,46.0218],[-61.442,45.6818],[-61.3243,45.5623],[-60.8711,45.6457],[-60.736,45.5666],[-60.3954,45.6425],[-60.2313,45.7093],[-60.1273,45.8695],[-59.8031,45.9569],[-59.9579,46.0275],[-59.8427,46.0863],[-59.8856,46.0805],[-59.8818,46.1767],[-60.1361,46.2518],[-60.205,46.1423],[-60.2903,46.1562],[-60.2047,46.2418],[-60.3219,46.3187],[-60.6527,46.0722],[-60.4007,46.2182],[-60.301,46.2187],[-60.7912,45.9402],[-60.6991,45.8909],[-60.3995,45.998],[-60.7372,45.7737],[-60.7325,45.6844],[-60.8384,45.6423],[-60.8074,45.7208],[-60.9128,45.7562],[-61.1476,45.7079],[-61.1029,45.7789],[-60.9141,45.8545],[-61.0985,45.8545],[-61.0712,45.8955],[-60.8151,45.937],[-60.736,46.0566],[-60.8839,46.0347],[-61.0099,45.9414],[-61.1186,45.9494],[-60.8741,46.0792],[-60.6322,46.118],[-60.4269,46.284],[-60.4189,46.3298],[-60.4753,46.32],[-60.6058,46.2113],[-60.3518,46.6013],[-60.3995,46.6701],[-60.3268,46.749],[-60.5936,47.0348],[-61.0238,46.5932],[-61.0431,46.6253],[-61.0862,46.4665],[-61.5515,46.0218]]],[[[-61.0687,45.5623],[-60.8833,45.5623],[-60.8793,45.5666],[-60.8993,45.5787],[-60.9141,45.5666],[-60.9586,45.5814],[-61.0097,45.5808],[-61.0687,45.5623]]],[[[-64.4168,46.6828],[-64.383,46.6278],[-64.1448,46.5978],[-64.0727,46.6422],[-64.0805,46.4145],[-63.7369,46.3964],[-63.7159,46.3542],[-63.8059,46.3747],[-63.7959,46.3299],[-63.6044,46.2177],[-63.2001,46.2177],[-63.1957,46.2723],[-63.1343,46.2381],[-62.963,46.32],[-63.114,46.2177],[-62.9472,46.1934],[-62.9479,46.128],[-62.8782,46.1556],[-63.021,46.0654],[-62.909,46.0719],[-62.8941,46.0054],[-62.7669,45.9554],[-62.4791,45.9976],[-62.5719,46.0327],[-62.4759,46.063],[-62.472,46.1414],[-62.6068,46.1835],[-62.4969,46.1835],[-62.5764,46.239],[-62.4683,46.2169],[-62.4969,46.2723],[-62.3358,46.3163],[-62.3597,46.361],[-62.1903,46.3534],[-61.9774,46.4482],[-62.5856,46.4783],[-62.7023,46.4572],[-62.5856,46.4299],[-63.2381,46.4074],[-63.3323,46.4988],[-63.4632,46.5063],[-63.4566,46.4674],[-63.4947,46.5312],[-63.6769,46.5681],[-63.7301,46.5329],[-63.7089,46.4442],[-63.8226,46.4606],[-63.8258,46.5193],[-63.9356,46.4783],[-63.8347,46.6115],[-63.9066,46.608],[-63.9749,46.7481],[-64.0933,46.78],[-64.0056,46.866],[-64.0485,47.0313],[-64.4168,46.6828]]],[[[-84.5128,46.4802],[-84.0212,46.4802],[-84.2192,46.6772],[-84.5043,46.7429],[-84.4264,46.6115],[-84.5084,46.6115],[-84.5128,46.4802]]],[[[-89.7089,48.5881],[-89.4511,48.3238],[-89.2853,48.3238],[-89.25,48.522],[-89.0839,48.522],[-89.1276,48.5881],[-88.5859,48.522],[-88.6729,48.6542],[-89.4258,48.7865],[-89.7089,48.5881]]],[[[-97.0761,48.7865],[-96.8039,48.522],[-96.6379,48.522],[-96.6848,48.5881],[-96.4357,48.5881],[-96.5772,48.7865],[-97.0761,48.7865]]],[[[-93.8793,48.8527],[-93.6495,48.522],[-93.2425,48.6542],[-93.5928,48.9189],[-93.7593,48.9189],[-93.7129,48.8527],[-93.8793,48.8527]]],[[[-64.4989,49.8814],[-64.4247,49.8085],[-63.7642,49.602],[-63.6268,49.4984],[-63.5868,49.39],[-63.0933,49.2329],[-62.2482,49.0679],[-61.7295,49.1175],[-61.8826,49.3545],[-62.2043,49.4142],[-62.9621,49.7405],[-64.0606,49.9327],[-64.4989,49.8814]]],[[[-96.2843,50.6455],[-95.9962,50.3791],[-95.7104,50.4457],[-95.9986,50.7121],[-96.2843,50.6455]]],[[[-96.42,50.7121],[-96.3685,50.6455],[-96.2843,50.6455],[-96.3357,50.7121],[-96.42,50.7121]]],[[[-94.8377,58.9458],[-94.616,58.5282],[-94.7058,58.5282],[-94.6394,58.4587],[-94.7292,58.4587],[-94.6629,58.3892],[-94.7998,58.2504],[-94.5611,57.9038],[-94.6505,57.9038],[-94.1592,57.2819],[-93.6654,56.9374],[-89.4366,55.6348],[-85.0053,54.4774],[-84.395,54.1384],[-84.1354,53.7999],[-83.8092,53.5971],[-82.506,52.0492],[-82.0159,51.7142],[-81.6091,51.246],[-81.1305,50.9122],[-79.6034,50.5122],[-79.0572,50.5789],[-79.018,50.7788],[-78.724,50.8455],[-78.3205,51.6472],[-78.2356,51.6472],[-78.2802,51.7142],[-78.1953,51.7142],[-78.24,51.7811],[-78.1551,51.7811],[-78.1999,51.8481],[-78.1149,51.8481],[-78.1598,51.9151],[-78.0748,51.9151],[-78.1649,52.0492],[-77.9205,52.3176],[-78.5437,53.4621],[-78.4577,53.4621],[-78.6721,54.0029],[-78.5857,54.0029],[-78.8813,54.4095],[-78.7575,54.4774],[-78.8073,54.5453],[-78.4228,54.6132],[-78.4727,54.6811],[-78.0506,54.8171],[-78.1006,54.8851],[-77.8394,54.8851],[-77.8893,54.9531],[-77.5907,55.0211],[-77.6407,55.0892],[-77.2545,55.1573],[-77.2674,55.2936],[-77.0927,55.2936],[-77.1057,55.43],[-77.0182,55.43],[-77.0685,55.4983],[-76.7315,55.6348],[-76.7449,55.7715],[-76.5695,55.7715],[-76.546,55.9766],[-76.3703,55.9766],[-76.2733,56.3191],[-76.1851,56.3191],[-76.2661,56.6623],[-76.141,56.7311],[-76.2608,57.0063],[-76.1721,57.0063],[-76.3824,57.2819],[-76.2936,57.2819],[-76.7747,57.9038],[-78.4897,58.803],[-78.5454,58.7888],[-78.4686,58.706],[-78.5733,58.6755],[-78.5488,58.6089],[-78.4093,58.6297],[-77.9283,58.354],[-77.4706,58.212],[-77.4908,58.1684],[-77.1483,58.0175],[-76.8087,57.6755],[-76.5327,57.1153],[-76.5151,56.4382],[-76.6815,56.0429],[-77.1892,55.6819],[-77.0887,55.7142],[-77.138,55.6577],[-77.7816,55.2735],[-78.3922,55.0275],[-78.9674,54.852],[-79.6285,54.7422],[-79.7656,54.6596],[-79.5937,54.6329],[-79.6353,54.5777],[-79.5255,54.5914],[-79.6012,54.5572],[-79.4503,54.42],[-79.505,54.3723],[-79.464,54.3102],[-79.2859,54.2556],[-79.3821,54.1941],[-79.0463,54.1805],[-79.1424,54.1457],[-79.1077,54.1121],[-79.2926,54.0911],[-78.9796,54.0192],[-79.1009,53.9818],[-79.0423,53.9472],[-79.1351,53.9614],[-78.9917,53.9129],[-79.1077,53.9061],[-79.0662,53.8577],[-78.9017,53.8173],[-79.0525,53.8378],[-79.0488,53.7257],[-79.1561,53.7081],[-79.0193,53.6939],[-79.0662,53.5982],[-78.9231,53.5667],[-79.0195,53.5709],[-78.9569,53.5163],[-79.0041,53.4977],[-79.1146,53.5089],[-79.0632,53.442],[-78.9917,53.4536],[-78.952,53.2915],[-78.8954,53.2686],[-78.9774,53.07],[-78.9159,53.0638],[-78.9842,53.0284],[-78.7856,52.9819],[-78.9017,52.9266],[-78.8553,52.8839],[-78.69,52.8851],[-78.7804,52.8196],[-78.7309,52.8304],[-78.735,52.7892],[-78.8502,52.7574],[-78.772,52.7242],[-78.8197,52.7007],[-78.7624,52.696],[-78.7856,52.6591],[-78.7242,52.6523],[-78.686,52.551],[-78.516,52.4768],[-78.4996,52.3558],[-78.5528,52.2681],[-78.4082,52.2482],[-78.5467,52.2466],[-78.5913,52.1061],[-78.7099,52.0565],[-78.7472,51.9769],[-78.8926,51.9468],[-78.8406,51.8423],[-79.0388,51.7685],[-78.7924,51.6108],[-78.8129,51.5146],[-78.69,51.4873],[-78.8822,51.4033],[-78.8266,51.3501],[-78.9198,51.233],[-78.847,51.1645],[-78.9532,51.2192],[-79.0115,51.4674],[-79.2756,51.5316],[-79.2708,51.5887],[-79.3817,51.6379],[-79.5602,51.5555],[-79.5192,51.4674],[-79.6968,51.3985],[-79.7257,51.1218],[-79.4093,50.8703],[-79.3343,50.7269],[-79.7445,51.1235],[-80.1361,51.3013],[-80.41,51.3395],[-80.6898,51.1616],[-80.8481,51.1235],[-80.9512,51.0081],[-80.94,51.0556],[-81.0126,51.0354],[-80.628,51.2956],[-80.4298,51.3572],[-80.5949,51.7114],[-80.9684,51.9848],[-81.6007,52.2403],[-81.8828,52.1936],[-81.6734,52.3176],[-81.5028,52.3176],[-81.6201,52.4828],[-81.9182,52.6804],[-82.0419,52.8428],[-82.3012,52.9676],[-82.2506,53.213],[-82.169,53.2428],[-82.2309,53.3271],[-82.1369,53.379],[-82.2224,53.6647],[-82.1348,53.7784],[-82.4559,54.2061],[-82.4285,54.2841],[-82.4722,54.3417],[-82.2061,54.838],[-82.3265,55.1587],[-82.321,55.0711],[-82.5294,55.1676],[-82.8772,55.1605],[-82.9517,55.1127],[-82.8976,55.1741],[-82.9757,55.2391],[-83.185,55.2015],[-83.7132,55.2766],[-83.5829,55.2325],[-83.5611,55.1332],[-83.6115,55.2322],[-83.7366,55.2246],[-83.7676,55.2813],[-83.9291,55.3265],[-84.6131,55.2452],[-85.0539,55.2941],[-85.1991,55.2424],[-85.4173,54.9992],[-85.389,55.1121],[-85.1266,55.3026],[-85.1279,55.3498],[-85.4392,55.4284],[-85.6964,55.6038],[-85.9043,55.662],[-86.9801,55.9336],[-87.3653,55.9482],[-87.3551,56.0036],[-87.5008,56.0449],[-87.6186,56.0028],[-87.5892,56.0798],[-87.9743,56.4328],[-88.3114,56.538],[-88.89,56.8594],[-89.0362,56.8425],[-89.963,57.004],[-90.6015,57.2299],[-91.0311,57.2646],[-92.2235,57.0215],[-92.2905,56.985],[-92.2476,56.9374],[-92.4705,56.935],[-92.4404,56.9547],[-92.5079,57.0294],[-92.8598,56.9075],[-92.7049,56.9554],[-92.5429,57.1058],[-92.4417,57.2502],[-92.5332,57.3509],[-92.4442,57.3509],[-92.6314,57.6844],[-92.7858,57.8394],[-92.7988,57.9826],[-93.2391,58.767],[-93.4091,58.7051],[-93.496,58.7735],[-94.1774,58.7791],[-94.1429,58.7368],[-94.2467,58.5908],[-94.232,58.4011],[-94.3617,58.223],[-94.2866,58.4365],[-94.3085,58.5751],[-94.208,58.6838],[-94.2041,58.8065],[-94.3995,58.7125],[-94.4785,58.8065],[-94.6726,58.8728],[-94.746,58.8331],[-94.7189,58.8932],[-94.8377,58.9458]]],[[[-92.3563,57.0579],[-92.3106,57.0073],[-92.2181,57.0628],[-92.3563,57.0579]]],[[[-79.7697,54.7886],[-79.7642,54.7812],[-79.7579,54.7802],[-79.6035,54.8288],[-79.4019,54.852],[-79.3956,54.8538],[-79.7233,54.8234],[-79.7315,54.8179],[-79.6831,54.8179],[-79.6831,54.8111],[-79.735,54.8048],[-79.7697,54.7886]]],[[[-79.0941,54.9331],[-79.0821,54.9171],[-79.036,54.9269],[-79.0189,54.9408],[-79.0941,54.9331]]],[[[-78.635,58.7712],[-78.629,58.7707],[-78.6289,58.7746],[-78.635,58.7712]]],[[[-78.6192,58.6428],[-78.6125,58.6345],[-78.6074,58.6345],[-78.6192,58.6428]]],[[[-78.5883,58.6047],[-78.5826,58.5977],[-78.5725,58.5977],[-78.5883,58.6047]]],[[[-77.8586,58.3182],[-77.716,58.245],[-77.6984,58.2407],[-77.6683,58.2447],[-77.8179,58.3088],[-77.8586,58.3182]]],[[[-77.6479,55.4274],[-77.5863,55.4362],[-77.5261,55.4654],[-77.3775,55.5603],[-77.2096,55.6397],[-77.2113,55.6538],[-77.3121,55.6192],[-77.3292,55.6142],[-77.3667,55.5783],[-77.4131,55.5623],[-77.4484,55.5341],[-77.6479,55.4274]]],[[[-76.7911,57.3509],[-76.7394,57.2839],[-76.7445,57.3509],[-76.7911,57.3509]]],[[[-76.7803,56.1081],[-76.7159,56.138],[-76.7565,56.1789],[-76.7803,56.1081]]],[[[-76.7209,57.144],[-76.652,57.0714],[-76.656,57.1398],[-76.7209,57.144]]],[[[-76.6544,56.5914],[-76.6336,56.5639],[-76.6267,56.5688],[-76.619,56.5869],[-76.6193,56.5937],[-76.6544,56.5937],[-76.6544,56.5914]]],[[[-37.964,-54.0317],[-37.9277,-54.0456],[-37.8406,-54.0305],[-37.7928,-54.044],[-37.6688,-54.0398],[-37.9561,-54.0106],[-37.964,-54.0317]]],[[[-37.7245,-54.1335],[-37.6898,-54.1744],[-37.2373,-54.1477],[-37.4093,-54.1818],[-37.3192,-54.2291],[-37.4137,-54.2553],[-37.1534,-54.2575],[-37.0145,-54.3434],[-36.8845,-54.3364],[-36.81,-54.449],[-36.499,-54.5105],[-36.116,-54.8845],[-35.922,-54.8522],[-36.1064,-54.7647],[-35.9374,-54.81],[-35.7843,-54.7647],[-35.9358,-54.6891],[-35.9009,-54.5554],[-36.1002,-54.545],[-36.189,-54.4146],[-36.1643,-54.3729],[-36.5226,-54.3494],[-36.5712,-54.2499],[-36.6756,-54.2774],[-36.591,-54.2094],[-36.7172,-54.1744],[-36.6338,-54.1448],[-37.6201,-54.0447],[-37.7245,-54.1335]]],[[[-60.5917,-51.4231],[-60.4029,-51.4641],[-60.5131,-51.4985],[-60.1978,-51.6476],[-60.1137,-51.4827],[-60.4653,-51.3872],[-60.5917,-51.4231]]],[[[-60.4722,-51.7624],[-60.2072,-51.7013],[-60.1833,-51.7499],[-60.1343,-51.6894],[-60.3688,-51.6668],[-60.4722,-51.7624]]],[[[-60.4547,-51.8],[-60.4518,-51.8557],[-60.3443,-51.8557],[-60.4064,-51.7966],[-60.3722,-51.7692],[-60.4547,-51.8]]],[[[-60.3377,-51.8557],[-60.215,-51.7775],[-60.2978,-51.7504],[-60.3377,-51.8557]]],[[[-60.2827,-51.3872],[-60.2416,-51.401],[-60.2346,-51.3872],[-60.2827,-51.3872]]],[[[-60.1801,-51.6548],[-60.1213,-51.6639],[-60.1166,-51.6548],[-60.1801,-51.6548]]],[[[-59.7013,1.7],[-59.3379,1.3786],[-58.9017,1.1857],[-58.4641,1.5071],[-57.5902,1.7643],[-57.4445,1.9571],[-56.1342,1.8286],[-55.9885,1.9571],[-56.207,2.15],[-56.2072,2.3429],[-56.0619,2.4714],[-55.5521,2.4072],[-55.334,2.5357],[-54.9699,2.5357],[-54.6783,2.3429],[-54.46,2.4072],[-54.2426,2.7929],[-54.2448,3.2429],[-54.1,3.3715],[-54.1025,3.6929],[-54.3221,3.8215],[-54.4711,4.1429],[-54.4823,4.9787],[-54.4126,5.1715],[-54.171,5.3484],[-54.1091,5.4543],[-54.06,5.8144],[-54.7736,5.9853],[-55.1169,5.9853],[-55.1256,5.9186],[-54.863,5.8555],[-55.0855,5.8828],[-55.1299,5.8207],[-55.1031,5.8664],[-55.1478,5.9082],[-55.328,5.9581],[-55.8444,5.976],[-55.9408,5.8556],[-55.9,5.842],[-55.8977,5.6767],[-55.936,5.8047],[-56.6595,5.9797],[-57.0664,5.9495],[-57.1637,5.5571],[-57.2652,5.4034],[-57.1615,5.6389],[-57.1373,5.8821],[-57.2093,6.1532],[-57.4453,6.3287],[-57.5289,6.2657],[-57.5986,6.4272],[-58.0057,6.7918],[-58.3122,6.8922],[-58.4349,6.8578],[-58.567,6.6367],[-58.5902,6.4172],[-58.6864,6.3825],[-58.6114,6.5692],[-58.74,6.393],[-58.7918,5.493],[-59.0091,5.4287],[-59.0781,5.2358],[-58.9243,4.7858],[-58.7026,4.5929],[-58.7647,3.7572],[-58.5455,3.6929],[-58.4682,3.1786],[-58.613,3.05],[-58.3934,2.8572],[-58.3916,2.4072],[-58.4644,2.4072],[-58.4638,2.15],[-58.8277,1.8286],[-59.1916,1.8286],[-59.1917,1.7],[-59.7012,1.8286],[-59.7013,1.7]],[[-58.0677,4.1511],[-58.0639,4.1611],[-58.0321,3.9877],[-58.0677,4.1511]],[[-58.0556,4.1835],[-58.052,4.1931],[-57.9538,4.299],[-58.0556,4.1835]],[[-57.9185,4.8298],[-57.8503,4.9228],[-57.8468,4.9246],[-57.9185,4.8298]],[[-57.837,4.9296],[-57.8302,4.9331],[-57.8157,4.9285],[-57.837,4.9296]],[[-57.6646,3.4175],[-57.6511,3.3884],[-57.6548,3.3901],[-57.6646,3.4175]],[[-57.5995,3.3653],[-57.5609,3.3494],[-57.5651,3.3498],[-57.5995,3.3653]],[[-57.5524,3.3487],[-57.5353,3.3678],[-57.545,3.3481],[-57.5524,3.3487]],[[-57.5353,3.3678],[-57.5224,3.3652],[-57.5142,3.3605],[-57.5353,3.3678]],[[-57.3357,5.3169],[-57.3321,5.3213],[-57.3317,5.3076],[-57.3357,5.3169]],[[-57.2333,5.1421],[-57.1974,5.1645],[-57.202,5.1576],[-57.2333,5.1421]],[[-57.1917,5.1942],[-57.1849,5.1831],[-57.1903,5.1751],[-57.1917,5.1942]],[[-56.9385,2.4114],[-56.9126,2.3774],[-56.9308,2.3933],[-56.9385,2.4114]],[[-56.425,1.9229],[-56.348,1.9266],[-56.4152,1.9197],[-56.425,1.9229]]],[[[-58.6065,6.843],[-58.6028,6.7091],[-58.5977,6.7216],[-58.5977,6.8083],[-58.5862,6.8466],[-58.6065,6.843]]],[[[-54.2453,5.2835],[-54.1244,5.3644],[-54.123,5.3729],[-54.171,5.3484],[-54.2453,5.2835]]],[[[-1.9416,4.7858],[-1.7486,4.8772],[-1.7933,5.1072],[-1.9395,5.0429],[-1.9416,4.7858]]],[[[-2.9366,5.0403],[-2.5441,4.9606],[-2.6669,5.2358],[-2.8672,5.177],[-2.9366,5.0403]]],[[[-13.2868,8.4245],[-13.1639,8.2425],[-12.9721,8.2539],[-12.9482,8.1665],[-12.9487,8.2573],[-12.6574,8.3859],[-12.7308,8.4502],[-12.6595,8.7073],[-12.7334,8.8359],[-13.0981,8.7716],[-13.0977,8.7073],[-13.1707,8.7073],[-13.098,8.6219],[-13.0267,8.6511],[-13.0618,8.5832],[-12.9364,8.607],[-12.8759,8.6852],[-12.9311,8.5828],[-12.8697,8.5692],[-13.0131,8.5617],[-13.1161,8.473],[-13.0336,8.3767],[-13.193,8.4878],[-13.2868,8.5002],[-13.2868,8.4245]]],[[[-13.1465,8.6445],[-13.1177,8.5699],[-13.1075,8.581],[-13.109,8.6033],[-13.1366,8.6238],[-13.1229,8.6306],[-13.1465,8.6445]]],[[[-61.7216,10.0824],[-61.1916,10.0738],[-60.996,10.1383],[-60.9613,10.33],[-61.023,10.3948],[-61.0327,10.6835],[-60.9121,10.8288],[-61.5784,10.7491],[-61.5998,10.6827],[-61.4723,10.5949],[-61.451,10.3145],[-61.5066,10.2407],[-61.6396,10.2407],[-61.7216,10.0824]]],[[[-60.8049,11.1469],[-60.602,11.2314],[-60.5633,11.3217],[-60.7554,11.2441],[-60.8049,11.1469]]],[[[-61.7564,12.0878],[-61.7504,12.0432],[-61.6316,12.0441],[-61.606,12.2234],[-61.6715,12.2361],[-61.7564,12.0878]]],[[[-59.6542,13.2951],[-59.592,13.0857],[-59.5089,13.0573],[-59.43,13.1259],[-59.5945,13.3348],[-59.6542,13.2951]]],[[[-61.265,13.291],[-61.1852,13.1325],[-61.1244,13.247],[-61.144,13.3741],[-61.265,13.291]]],[[[-61.0282,13.984],[-60.9551,13.7147],[-60.8922,13.8332],[-60.8906,14.0432],[-60.9849,14.0432],[-61.0282,13.984]]],[[[-61.1868,14.8667],[-61.1214,14.6327],[-60.996,14.565],[-61.0825,14.4932],[-60.8319,14.4394],[-60.8321,14.5786],[-60.9393,14.675],[-60.8793,14.7773],[-60.9613,14.7499],[-61.0023,14.8114],[-61.1868,14.8667]]],[[[-17.4542,14.6861],[-17.3306,14.7363],[-17.1576,14.6255],[-17.0947,14.9432],[-17.4185,14.7879],[-17.4542,14.6861]]],[[[-61.475,15.6174],[-61.3629,15.2018],[-61.2567,15.2853],[-61.2577,15.4726],[-61.3077,15.5793],[-61.475,15.6174]]],[[[-61.7692,16.2933],[-61.6891,15.9521],[-61.566,16.0335],[-61.5517,16.2855],[-61.7692,16.2933]]],[[[-61.5483,16.258],[-61.4621,16.2023],[-61.1838,16.2443],[-61.3657,16.3488],[-61.4272,16.4861],[-61.4946,16.4861],[-61.4813,16.3576],[-61.5483,16.258]]],[[[-61.8482,17.15],[-61.7939,17.0129],[-61.6857,17.0286],[-61.7086,17.1278],[-61.8482,17.15]]],[[[-5.5162,36.1596],[-5.3611,36.1596],[-5.2969,36.3528],[-5.5162,36.1596]]],[[[-59.4058,47.8966],[-59.2829,47.7594],[-59.3085,47.6225],[-59.2541,47.6032],[-58.4163,47.6434],[-58.3497,47.7397],[-58.2613,47.7526],[-58.3547,47.6491],[-57.8845,47.6973],[-57.9134,47.6572],[-57.3329,47.6427],[-57.2684,47.5955],[-57.172,47.6365],[-57.1677,47.5859],[-56.7544,47.5464],[-56.7059,47.5676],[-56.7543,47.6365],[-56.6761,47.5773],[-56.6376,47.5881],[-56.6996,47.6223],[-56.3358,47.616],[-56.3086,47.7526],[-56.3017,47.6291],[-56.235,47.632],[-56.1324,47.7553],[-56.151,47.842],[-56.1011,47.7597],[-56.0553,47.7799],[-56.1028,47.73],[-56.0188,47.73],[-55.86,47.7912],[-55.7804,47.9581],[-55.7394,47.9239],[-55.8659,47.7195],[-55.8554,47.6266],[-55.6295,47.6775],[-55.8524,47.6007],[-55.8474,47.5562],[-55.7469,47.5881],[-55.8379,47.4723],[-55.7537,47.5403],[-55.7742,47.4577],[-55.6188,47.5417],[-55.5892,47.5124],[-55.6643,47.4372],[-55.5892,47.4577],[-55.5726,47.4177],[-55.4071,47.5015],[-55.4106,47.6275],[-55.4702,47.6269],[-55.4273,47.7195],[-55.3558,47.7321],[-55.364,47.6641],[-55.0846,47.6372],[-54.9381,47.7873],[-55.0699,47.6023],[-54.6986,47.6706],[-54.9552,47.5062],[-55.184,47.4604],[-55.2553,47.4114],[-55.3013,47.2676],[-55.4872,47.1403],[-55.8699,47.0751],[-55.9813,46.932],[-55.8611,46.8743],[-55.6376,46.8743],[-55.5278,46.9438],[-55.359,46.8747],[-55.3693,46.9401],[-55.1952,47.0043],[-55.1962,47.0696],[-55.1616,47.0167],[-55.0747,47.081],[-55.0889,47.1697],[-55.1361,47.1697],[-55.088,47.2062],[-55.0738,47.157],[-55.027,47.1726],[-55.0125,47.269],[-54.8379,47.4193],[-54.8282,47.3758],[-54.7873,47.4237],[-54.822,47.369],[-54.6644,47.3758],[-54.4173,47.6092],[-54.616,47.369],[-54.4949,47.3995],[-54.3273,47.7101],[-54.2801,47.6979],[-54.1982,47.8333],[-54.2665,47.9035],[-54.1305,47.8318],[-54.0815,47.8755],[-53.8926,47.5988],[-53.9235,47.4541],[-53.8079,47.4237],[-53.8929,47.3929],[-53.9223,47.3132],[-53.9962,47.3172],[-53.9318,47.2344],[-54.0104,47.2339],[-54.1854,46.9278],[-54.1885,46.8284],[-54.0497,46.8086],[-53.9478,46.8581],[-53.5602,47.2045],[-53.571,47.1562],[-53.4987,47.1356],[-53.6434,46.9854],[-53.5211,46.9446],[-53.6449,46.8012],[-53.4857,46.9029],[-53.6365,46.7114],[-53.5547,46.6184],[-53.3553,46.739],[-53.3895,46.6838],[-53.266,46.739],[-53.1929,46.6276],[-53.0669,46.6656],[-52.9413,46.7913],[-52.8545,47.0264],[-52.8492,47.0698],[-52.9376,47.0878],[-52.8688,47.1015],[-52.7043,47.4665],[-52.6297,47.4858],[-52.7688,47.7959],[-52.8764,47.5883],[-53.1294,47.4168],[-53.1952,47.4371],[-53.1493,47.4994],[-53.2045,47.4714],[-53.184,47.5323],[-53.2598,47.5585],[-53.2244,47.73],[-52.8798,48.0967],[-52.9233,48.171],[-53.061,48.0519],[-53.2765,48.0164],[-53.4987,47.7464],[-53.5539,47.5393],[-53.67,47.5267],[-53.6523,47.5769],[-53.7117,47.6099],[-53.6741,47.6712],[-53.7632,47.6257],[-53.9289,47.8524],[-53.828,47.7972],[-53.7312,47.8634],[-53.7873,47.9035],[-53.6973,47.8966],[-53.6567,47.9548],[-53.7037,48.019],[-53.9239,48.0338],[-53.7225,48.0445],[-53.9052,48.0851],[-53.9253,48.237],[-53.6082,48.1917],[-53.3715,48.2935],[-53.3549,48.3867],[-53.0968,48.4182],[-53.1127,48.4559],[-53.0546,48.4559],[-52.9879,48.5532],[-53.0768,48.7036],[-53.2435,48.5264],[-53.3371,48.6085],[-53.4372,48.6159],[-53.475,48.511],[-53.6154,48.4099],[-53.5471,48.4924],[-53.5881,48.4788],[-53.5812,48.522],[-53.7184,48.4241],[-53.6154,48.4993],[-53.7088,48.522],[-53.856,48.3684],[-53.8767,48.4099],[-53.814,48.4652],[-53.8554,48.4752],[-54.1368,48.3553],[-54.1641,48.3907],[-53.7489,48.5198],[-53.9586,48.5471],[-53.8574,48.5928],[-54.0201,48.7395],[-53.9736,48.7491],[-53.991,48.8061],[-54.1976,48.7674],[-54.1846,48.801],[-53.9649,48.8419],[-53.914,48.8925],[-53.9785,48.8966],[-53.8958,48.9146],[-53.8829,48.9927],[-53.7253,49.0139],[-53.8382,49.0337],[-53.6489,49.0402],[-53.5909,49.1838],[-53.4537,49.2422],[-53.4925,49.2875],[-53.9239,49.4521],[-54.0406,49.4384],[-53.986,49.4589],[-54.0447,49.4818],[-54.2323,49.3627],[-54.2193,49.4173],[-54.3729,49.4223],[-54.4835,49.2676],[-54.4447,49.4248],[-54.4691,49.4715],[-54.534,49.4452],[-54.4995,49.5393],[-54.817,49.2756],[-54.857,49.4067],[-54.8805,49.289],[-55.034,49.2302],[-55.0029,49.3163],[-55.0631,49.3163],[-55.2726,49.2099],[-55.2777,49.106],[-55.1845,49.123],[-55.3831,49.0473],[-55.314,49.1018],[-55.3651,49.1723],[-55.2229,49.2646],[-55.2239,49.3163],[-55.2718,49.3591],[-55.3148,49.3149],[-55.3148,49.4042],[-55.3831,49.3354],[-55.4452,49.3559],[-55.338,49.435],[-55.4315,49.4248],[-55.3965,49.5021],[-55.4862,49.48],[-55.5693,49.3627],[-55.5209,49.4936],[-55.6575,49.3837],[-55.6786,49.4726],[-55.7878,49.4521],[-55.7192,49.4757],[-55.822,49.522],[-56.1307,49.4291],[-55.9008,49.5624],[-55.8772,49.596],[-55.9386,49.6097],[-55.8356,49.6916],[-55.9685,49.7028],[-56.1702,49.601],[-56.0019,49.7525],[-55.508,49.9163],[-55.5429,49.9916],[-55.7464,49.932],[-55.9591,50.0411],[-56.0034,49.9716],[-56.0101,50.0312],[-56.1919,49.925],[-56.0979,50.0465],[-56.1555,50.0465],[-56.1957,50.1317],[-56.3844,49.9464],[-56.3632,49.8976],[-56.5578,49.8481],[-56.8567,49.5482],[-56.7816,49.7294],[-56.9051,49.7537],[-56.7684,49.8303],[-56.7195,49.9486],[-56.7757,49.9508],[-56.6463,50.0992],[-56.6723,50.1304],[-56.5308,50.1912],[-56.4442,50.3044],[-56.4295,50.3621],[-56.5004,50.3911],[-56.4116,50.3769],[-56.2664,50.5063],[-56.3223,50.5277],[-56.1717,50.6112],[-56.2202,50.7121],[-56.1574,50.7121],[-56.1614,50.8782],[-56.1037,50.905],[-56.1354,50.7788],[-56.0205,50.7788],[-55.925,50.8846],[-55.8772,50.8635],[-55.7742,51.0354],[-55.8047,51.0691],[-55.7331,51.0831],[-55.7925,51.222],[-55.9591,51.1993],[-55.9657,51.159],[-56.0758,51.2334],[-56.0144,51.2751],[-56.0895,51.3706],[-55.5311,51.3797],[-55.4946,51.4831],[-55.5346,51.5084],[-55.4872,51.5039],[-55.4602,51.5803],[-55.7286,51.577],[-55.6431,51.473],[-55.8902,51.5009],[-55.8315,51.6152],[-55.9048,51.6221],[-56.7202,51.3193],[-56.7952,51.2409],[-56.7468,51.1993],[-56.8095,51.1925],[-56.7952,51.1378],[-56.9801,51.0553],[-56.9007,51.0182],[-57.0488,51.0211],[-56.9255,50.9182],[-57.1655,50.7531],[-57.397,50.7086],[-57.2402,50.6375],[-57.2756,50.6239],[-57.1548,50.6257],[-57.3553,50.6066],[-57.9481,49.6795],[-57.8777,49.5323],[-57.8231,49.5619],[-57.7003,49.4628],[-57.8714,49.5067],[-57.8974,49.4392],[-57.9203,49.5319],[-58.0012,49.5619],[-58.2287,49.371],[-58.1934,49.2431],[-57.9261,49.2466],[-58.1007,49.1828],[-58.08,49.1468],[-57.8504,49.1845],[-57.9125,49.13],[-58.1354,49.1269],[-58.0462,48.9964],[-57.8845,48.9722],[-58.0686,48.9792],[-58.1759,49.0665],[-58.3575,49.0617],[-58.3445,49.1094],[-58.4171,49.1175],[-58.7137,48.5682],[-58.8131,48.5716],[-58.8509,48.6365],[-58.8927,48.5539],[-58.9589,48.6162],[-58.8588,48.7418],[-59.2134,48.5502],[-59.0965,48.5108],[-58.7032,48.5545],[-58.2722,48.5209],[-58.6045,48.4037],[-58.4946,48.4583],[-58.5704,48.4403],[-59.4058,47.8966]]],[[[-57.2686,50.8148],[-57.2397,50.806],[-57.2618,50.7997],[-57.2525,50.7967],[-57.1866,50.823],[-57.1962,50.8306],[-57.2686,50.8148]]],[[[-55.7334,49.5152],[-55.7332,49.5135],[-55.7085,49.5085],[-55.698,49.5152],[-55.7334,49.5152]]],[[[-54.7589,49.5587],[-54.7389,49.5142],[-54.5571,49.5816],[-54.7589,49.5587]]],[[[-54.7538,49.4452],[-54.6986,49.4077],[-54.6439,49.4753],[-54.7538,49.4452]]],[[[-53.9314,48.2084],[-53.8752,48.1065],[-53.7623,48.0988],[-53.9314,48.2084]]],[[[-53.5664,48.1917],[-53.5166,48.1917],[-53.5215,48.2012],[-53.5435,48.207],[-53.5664,48.1917]]],[[[-53.0255,47.599],[-52.9765,47.5969],[-52.9164,47.6345],[-52.9188,47.6526],[-52.9565,47.6548],[-53.0131,47.6225],[-53.0255,47.599]]],[[[-57.0378,51.8481],[-57.0037,51.7811],[-56.9188,51.7811],[-56.9528,51.8481],[-57.0378,51.8481]]],[[[-57.2628,53.7056],[-57.2555,53.7088],[-57.1241,53.7416],[-57.1304,53.7478],[-57.2602,53.7323],[-57.2628,53.7056]]],[[[-57.1721,53.6596],[-57.1138,53.643],[-57.0308,53.713],[-57.1721,53.6596]]],[[[-57.1658,53.5629],[-57.028,53.4621],[-56.3538,53.3271],[-56.3181,53.2596],[-56.5402,53.1922],[-56.3983,52.9227],[-56.7914,52.8554],[-56.7209,52.7208],[-56.8064,52.7208],[-56.6665,52.4519],[-56.2904,52.3847],[-56.1364,52.2505],[-56.2217,52.2505],[-56.2045,52.0492],[-56.3747,52.0492],[-56.3407,51.9822],[-56.5108,51.9822],[-56.4768,51.9151],[-56.6469,51.9151],[-56.6129,51.8481],[-56.7829,51.8481],[-56.8849,51.7142],[-57.0887,51.7811],[-57.0891,51.4465],[-56.8234,51.4921],[-56.6825,51.6481],[-56.011,51.9015],[-56.0004,51.9822],[-55.9134,51.9822],[-55.9659,52.0217],[-55.8101,52.0225],[-55.7058,52.1447],[-55.6923,52.1861],[-55.7726,52.2143],[-55.6845,52.2159],[-55.7947,52.2408],[-55.7093,52.296],[-55.8568,52.3035],[-55.8226,52.3302],[-56.1987,52.4468],[-55.771,52.3397],[-55.8083,52.3854],[-55.7259,52.3789],[-55.755,52.4931],[-56.5004,52.5977],[-56.2182,52.5403],[-55.9864,52.5567],[-56.0485,52.5772],[-55.9781,52.6177],[-56.0972,52.6622],[-55.8396,52.6128],[-56.1625,52.818],[-55.9773,52.7781],[-55.8492,52.8554],[-55.9805,52.9943],[-56.1228,52.9731],[-56.082,53.0222],[-56.1652,53.0359],[-56.0175,53.0335],[-55.8902,53.0902],[-55.9455,53.1185],[-55.7469,53.1457],[-55.8431,53.2147],[-55.7918,53.2385],[-55.8636,53.2482],[-55.8242,53.3002],[-55.9114,53.3096],[-55.8379,53.3264],[-55.8632,53.3744],[-56.0411,53.3716],[-55.9659,53.4127],[-56.2635,53.5537],[-55.9897,53.5204],[-56.076,53.5828],[-56.7269,53.687],[-56.572,53.6971],[-56.7154,53.7523],[-56.9835,53.7275],[-57.1658,53.5629]]],[[[-56.9887,53.7646],[-56.9843,53.7594],[-56.9473,53.7521],[-56.9196,53.763],[-56.8826,53.7629],[-56.8344,53.783],[-56.9887,53.7646]]],[[[-55.9899,53.4704],[-55.8861,53.4181],[-55.9466,53.4892],[-55.9899,53.4704]]],[[[-10.4782,52.152],[-9.9547,52.1088],[-9.9569,52.1452],[-9.7582,52.152],[-10.2662,51.9885],[-10.3069,51.9534],[-10.2541,51.9087],[-10.3956,51.8845],[-10.3411,51.7883],[-10.2346,51.851],[-10.1771,51.8137],[-10.2244,51.7821],[-10.1356,51.7412],[-9.5807,51.8777],[-9.9807,51.7319],[-10.1628,51.5903],[-9.6268,51.685],[-9.5459,51.72],[-9.5602,51.7616],[-9.4429,51.72],[-9.8475,51.5494],[-9.5459,51.6108],[-9.8323,51.488],[-9.8103,51.4496],[-9.4433,51.5595],[-9.4089,51.5069],[-8.69,51.6313],[-8.7576,51.645],[-8.5373,51.6387],[-8.4151,51.7811],[-8.2847,51.8026],[-8.4294,51.8845],[-8.1871,51.8931],[-8.2462,51.8027],[-8.0206,51.8239],[-7.6112,52.1163],[-6.9981,52.151],[-6.9551,52.1793],[-6.9974,52.2892],[-6.9132,52.1558],[-6.764,52.2613],[-6.8056,52.2128],[-6.4226,52.1951],[-6.373,52.3227],[-6.4092,52.2893],[-6.4965,52.3643],[-6.3661,52.3444],[-6.1567,52.7358],[-6.172,52.8554],[-6.0863,52.8554],[-6.1432,53.2965],[-6.2419,53.3946],[-6.0875,53.5296],[-6.2865,53.7323],[-6.3055,53.8745],[-6.373,53.8993],[-6.3599,54.016],[-6.3316,54.0706],[-6.2177,54.0706],[-6.2847,54.1052],[-5.9644,54.0706],[-5.8938,54.1047],[-5.862,54.2305],[-5.6966,54.2471],[-5.5444,54.3417],[-5.5797,54.3837],[-5.7089,54.3518],[-5.6256,54.4411],[-5.6703,54.5057],[-5.6256,54.5163],[-5.7156,54.5367],[-5.702,54.5777],[-5.558,54.5119],[-5.5766,54.4028],[-5.5192,54.3417],[-5.4531,54.5036],[-5.5275,54.5453],[-5.5747,54.6801],[-5.748,54.6804],[-5.9074,54.6056],[-5.8907,54.6723],[-5.7087,54.7491],[-5.9862,54.9818],[-5.9683,55.0438],[-6.0621,55.0741],[-6.0382,55.1497],[-6.101,55.2124],[-6.4759,55.2487],[-6.7545,55.1778],[-6.9626,55.1946],[-7.0537,55.0487],[-7.2567,55.0507],[-7.1728,55.1435],[-6.9408,55.2312],[-7.3601,55.3618],[-7.2567,55.284],[-7.5243,55.2903],[-7.5495,55.2154],[-7.4629,55.1435],[-7.4562,55.0561],[-7.6814,54.9544],[-7.5618,55.0445],[-7.641,55.0507],[-7.5258,55.1162],[-7.644,55.2728],[-7.7882,55.2186],[-7.6951,55.2075],[-7.7025,55.0991],[-7.7176,55.1666],[-7.8157,55.1946],[-7.7987,55.2561],[-7.8661,55.2149],[-7.8564,55.139],[-7.9086,55.1884],[-8.0041,55.1741],[-7.9768,55.2219],[-8.1565,55.1245],[-8.1413,55.1605],[-8.2785,55.1605],[-8.32,55.0343],[-8.3474,55.0643],[-8.4566,55.0029],[-8.3666,54.9482],[-8.4508,54.9221],[-8.337,54.9036],[-8.3813,54.8559],[-8.3257,54.8315],[-8.4907,54.852],[-8.5584,54.8179],[-8.4082,54.7626],[-8.5299,54.7881],[-8.4566,54.7564],[-8.6366,54.7685],[-8.7978,54.692],[-8.6726,54.6195],[-8.1208,54.6466],[-8.271,54.5237],[-8.2102,54.5019],[-8.4667,54.475],[-8.4741,54.43],[-8.6639,54.3593],[-8.5192,54.3267],[-8.5727,54.3139],[-8.4703,54.2766],[-8.621,54.2556],[-8.5112,54.2077],[-8.6764,54.2713],[-9.0513,54.2895],[-9.1412,54.1457],[-9.2684,54.3039],[-9.7855,54.3381],[-9.846,54.3214],[-9.765,54.2556],[-9.8439,54.2766],[-9.9099,54.2044],[-9.9773,54.2425],[-9.8811,54.263],[-10.078,54.2624],[-10.0386,54.1879],[-9.9363,54.1873],[-9.9773,54.1805],[-9.9084,54.1184],[-9.9707,54.0786],[-9.8339,54.1121],[-9.8989,54.0253],[-9.7875,53.9161],[-9.915,53.9539],[-9.8679,53.8647],[-9.5602,53.8651],[-9.6217,53.8173],[-9.5664,53.7963],[-9.9084,53.7621],[-9.9084,53.6461],[-9.7918,53.6089],[-10.0468,53.5993],[-9.9711,53.5629],[-10.0052,53.5436],[-10.1803,53.5555],[-10.0121,53.4815],[-10.1503,53.4379],[-10.0113,53.3812],[-9.7992,53.4195],[-9.8976,53.3348],[-9.8067,53.3016],[-9.6527,53.3928],[-9.6346,53.3301],[-9.5528,53.3854],[-9.6011,53.3649],[-9.5608,53.3412],[-9.6173,53.3215],[-9.6123,53.2362],[-9.5546,53.2907],[-9.5117,53.2283],[-9.0221,53.2755],[-8.9426,53.2618],[-9.0456,53.2209],[-8.8948,53.2209],[-8.9364,53.1457],[-9.1282,53.1594],[-9.0729,53.1185],[-9.2722,53.1467],[-9.4438,52.966],[-9.3541,52.9335],[-9.4986,52.7525],[-9.6284,52.7274],[-9.7897,52.5692],[-9.5528,52.6393],[-9.5807,52.666],[-9.4345,52.612],[-9.279,52.6393],[-9.3331,52.5977],[-9.2858,52.5908],[-9.1468,52.6238],[-8.9426,52.7752],[-8.9608,52.6937],[-8.7512,52.673],[-9.2721,52.5772],[-9.6483,52.5704],[-9.6831,52.4946],[-9.6346,52.4736],[-9.9499,52.4121],[-9.8345,52.3752],[-9.8694,52.2731],[-9.7377,52.2482],[-9.9475,52.2376],[-10.0538,52.3048],[-10.1008,52.2408],[-10.2758,52.2681],[-10.4782,52.152]],[[-9.7736,53.6068],[-9.7141,53.6098],[-9.6968,53.5982],[-9.7736,53.6068]],[[-8.5584,51.7064],[-8.5027,51.7],[-8.5175,51.6927],[-8.5483,51.6964],[-8.5584,51.7064]],[[-7.9042,52.99],[-7.8184,52.99],[-7.8089,52.9227],[-7.8946,52.9227],[-7.9042,52.99]],[[-7.3947,54.1219],[-7.3103,54.1147],[-7.327,54.1136],[-7.3947,54.1219]],[[-7.3332,54.1494],[-7.3278,54.1517],[-7.3311,54.1462],[-7.3332,54.1494]]],[[[-10.429,51.8898],[-10.426,51.8823],[-10.4058,51.8841],[-10.3227,51.9033],[-10.2977,51.9184],[-10.3127,51.9255],[-10.3517,51.9311],[-10.429,51.8898]]],[[[-9.9137,51.6297],[-9.9055,51.6155],[-9.8922,51.6113],[-9.7993,51.6368],[-9.817,51.6389],[-9.8817,51.6411],[-9.9137,51.6297]]],[[[-9.7201,53.2661],[-9.7186,53.2618],[-9.6549,53.2358],[-9.6383,53.251],[-9.6627,53.2755],[-9.6847,53.2824],[-9.7104,53.2755],[-9.7201,53.2661]]],[[[-8.5516,55.01],[-8.5514,55.0089],[-8.5454,55.0029],[-8.5502,55.0011],[-8.5455,54.9713],[-8.5274,54.9675],[-8.484,54.9755],[-8.4966,55.0007],[-8.5249,55.0097],[-8.5364,55.0166],[-8.5516,55.01]]],[[[-6.1996,55.2897],[-6.188,55.284],[-6.1948,55.2629],[-6.173,55.2918],[-6.1996,55.2897]]],[[[-61.0858,53.9352],[-60.9279,53.733],[-60.8594,53.8351],[-60.8213,53.7797],[-60.3885,53.6679],[-60.1361,53.5294],[-60.071,53.5665],[-60.0941,53.7004],[-60.0166,53.7081],[-60.1327,53.7831],[-59.8072,53.7984],[-59.8788,53.8242],[-59.844,53.8447],[-59.4745,53.8281],[-58.9198,54.016],[-59.0427,54.0302],[-58.6263,54.0443],[-58.4509,54.1674],[-58.5431,54.1941],[-58.6981,54.1244],[-59.5108,54.0012],[-59.5914,54.0439],[-59.2287,54.0783],[-59.646,54.1384],[-59.6075,54.0706],[-60.4335,54.0029],[-60.3947,53.9352],[-61.0858,53.9352]]],[[[-60.9122,53.7129],[-60.4529,53.1248],[-59.852,53.1248],[-59.841,53.2596],[-59.5347,53.3271],[-59.5722,53.3946],[-58.6402,53.7323],[-58.6778,53.7999],[-58.1974,53.8676],[-58.2349,53.9352],[-58.0621,53.9352],[-58.1372,54.0706],[-58.0507,54.0706],[-58.8407,53.9471],[-59.0707,53.7963],[-59.0222,53.7143],[-59.317,53.687],[-59.6072,53.5338],[-59.8795,53.5382],[-59.7838,53.4815],[-59.8731,53.4877],[-60.029,53.3581],[-60.1426,53.3337],[-60.0911,53.3062],[-60.129,53.2755],[-60.4206,53.2686],[-60.1813,53.3364],[-60.4123,53.358],[-60.1327,53.461],[-60.0371,53.4399],[-60.0637,53.5089],[-60.6367,53.7038],[-60.9122,53.7129]]],[[[-59.2134,54.1384],[-59.1865,54.0909],[-58.7274,54.1457],[-58.4848,54.2279],[-58.5106,54.2739],[-58.7705,54.2739],[-58.7323,54.2061],[-59.2134,54.1384]]],[[[-58.3913,54.1308],[-58.3445,54.1121],[-58.3218,54.0928],[-58.2923,54.092],[-58.2629,54.1081],[-58.3913,54.1308]]],[[[-4.7709,54.0968],[-4.3916,54.1972],[-4.3826,54.4095],[-4.531,54.3661],[-4.7103,54.2206],[-4.7709,54.0968]]],[[[-6.7838,57.4564],[-6.696,57.3644],[-6.5806,57.3388],[-6.5306,57.4155],[-6.3239,57.3114],[-6.4822,57.3118],[-6.3456,57.2429],[-6.3456,57.1883],[-6.2767,57.202],[-6.3183,57.161],[-6.1645,57.2014],[-6.0666,57.144],[-6.044,57.2299],[-5.9862,57.1746],[-5.8454,57.1883],[-6.003,57.0996],[-5.9701,57.0349],[-5.7253,57.1754],[-5.7968,57.2665],[-6.1539,57.3056],[-6.0992,57.3323],[-6.1265,57.408],[-6.188,57.3944],[-6.1334,57.4763],[-6.1539,57.5895],[-6.3109,57.7028],[-6.4157,57.6458],[-6.3109,57.4626],[-6.5332,57.5457],[-6.6306,57.5018],[-6.6068,57.4439],[-6.7108,57.5102],[-6.7224,57.4564],[-6.7838,57.4564]]],[[[-6.5039,55.7228],[-6.4927,55.6731],[-6.3287,55.7831],[-6.25,55.7768],[-6.3252,55.7154],[-6.2432,55.6601],[-6.3192,55.6282],[-6.2873,55.5784],[-6.169,55.6295],[-6.1279,55.7715],[-6.0572,55.7715],[-6.1401,55.9414],[-6.3109,55.8184],[-6.3314,55.89],[-6.4452,55.8488],[-6.5039,55.7228]]],[[[-6.3011,56.6111],[-6.1274,56.4744],[-6.0033,56.4894],[-6.2032,56.3803],[-6.0208,56.382],[-6.25,56.3323],[-5.6576,56.4001],[-5.7104,56.4848],[-5.9626,56.5261],[-6.0583,56.6402],[-6.3011,56.6111]]],[[[-6.2925,56.3191],[-6.2612,56.3226],[-6.2859,56.3419],[-6.2925,56.3191]]],[[[-6.2477,56.4751],[-6.2375,56.47],[-6.16,56.4695],[-6.2153,56.5036],[-6.2406,56.4998],[-6.2477,56.4751]]],[[[-6.1904,56.6863],[-5.5437,56.6955],[-6.0082,56.6423],[-5.8544,56.5505],[-5.7491,56.572],[-5.7703,56.5378],[-5.6741,56.4969],[-5.1197,56.8184],[-5.2383,56.7166],[-4.9956,56.716],[-5.3178,56.6613],[-5.4139,56.5447],[-5.2421,56.5651],[-5.4276,56.5378],[-5.4686,56.4757],[-5.2011,56.4621],[-5.0646,56.5651],[-5.2087,56.4468],[-5.457,56.4409],[-5.5375,56.3597],[-5.4481,56.3597],[-5.5726,56.3281],[-5.5922,56.2498],[-5.4928,56.2604],[-5.6058,56.14],[-5.5096,56.1884],[-5.5587,56.1308],[-5.5316,56.0863],[-5.5775,56.097],[-5.7075,55.9426],[-5.571,56.0375],[-5.6964,55.916],[-5.571,55.9345],[-5.6741,55.8458],[-5.6604,55.7973],[-5.5994,55.7642],[-5.455,55.8458],[-5.6809,55.6745],[-5.7156,55.4479],[-5.7914,55.3986],[-5.7545,55.2973],[-5.623,55.3071],[-5.5742,55.5665],[-5.5075,55.5193],[-5.4612,55.6881],[-5.3235,55.7715],[-5.4261,55.7715],[-5.4444,56.0276],[-5.3686,56.0094],[-5.0646,56.2293],[-4.9205,56.2778],[-5.2045,56.1195],[-5.3383,55.9966],[-5.3383,55.9038],[-5.2305,55.8756],[-5.1807,55.9693],[-5.0865,55.9013],[-5.1236,56.0099],[-4.9831,55.871],[-4.9137,55.9619],[-4.9547,55.9966],[-4.8926,55.9897],[-4.9205,56.1679],[-4.8517,56.1126],[-4.7555,56.2065],[-4.8654,56.0667],[-4.8516,55.988],[-4.7789,55.9921],[-4.8243,56.0785],[-4.6735,55.9619],[-4.4817,55.9283],[-4.7994,55.9579],[-4.8865,55.9197],[-4.8611,55.7567],[-4.9205,55.7086],[-4.6927,55.6052],[-4.6178,55.4956],[-5.0078,55.1412],[-5.0503,55.0268],[-4.9956,54.9203],[-5.0609,54.9311],[-5.1151,55.0316],[-5.1708,55.0087],[-5.1571,54.8791],[-4.9581,54.6865],[-4.9537,54.8171],[-4.8591,54.8663],[-4.4233,54.7491],[-4.3484,54.761],[-4.4265,54.8695],[-4.4029,54.9073],[-4.2707,54.8394],[-4.2006,54.8663],[-4.1674,54.7898],[-3.8506,54.8403],[-3.817,54.8862],[-3.5817,54.8836],[-3.5705,54.9954],[-3.0463,54.9821],[-3.0907,54.9544],[-3.0218,54.9544],[-3.2765,54.9434],[-3.3173,54.9203],[-3.2546,54.8998],[-3.3879,54.8834],[-3.6342,54.5129],[-3.3068,54.1919],[-3.2074,54.263],[-3.241,54.1121],[-3.1853,54.0945],[-3.061,54.1619],[-3.0492,54.2221],[-2.9392,54.1551],[-2.796,54.2487],[-2.8542,54.1941],[-2.796,54.1252],[-2.9182,54.0343],[-2.8301,54.016],[-2.858,53.9676],[-3.0566,53.9062],[-3.0492,53.7695],[-2.899,53.7354],[-3.1019,53.5581],[-2.925,53.35],[-2.6998,53.3518],[-2.8815,53.2884],[-3.0583,53.4348],[-3.1864,53.3928],[-3.0878,53.2347],[-3.3303,53.3518],[-3.6022,53.2889],[-3.7987,53.3177],[-4.178,53.2176],[-4.3409,53.1127],[-4.3582,53.0285],[-4.757,52.798],[-4.2953,52.9227],[-4.0776,52.9267],[-4.149,52.8121],[-4.0488,52.7216],[-3.9883,52.7343],[-4.1255,52.6039],[-4.0531,52.5424],[-3.9473,52.5493],[-4.0565,52.5294],[-4.1096,52.3653],[-4.3158,52.2163],[-4.7203,52.1133],[-4.8414,52.0148],[-5.0702,52.0264],[-5.1195,51.9589],[-5.2877,51.913],[-5.2825,51.8684],[-5.1134,51.8288],[-5.1103,51.7785],[-5.2495,51.7337],[-5.1829,51.6893],[-4.9106,51.7182],[-4.9336,51.7753],[-4.8243,51.7957],[-4.879,51.762],[-4.8448,51.7138],[-5.1197,51.6784],[-4.9647,51.6034],[-4.3651,51.789],[-4.3105,51.7337],[-4.3793,51.7269],[-4.3153,51.6775],[-4.0705,51.676],[-4.2899,51.617],[-4.2899,51.5556],[-4.0318,51.5578],[-3.8416,51.6215],[-3.7376,51.4909],[-3.5392,51.3985],[-3.2894,51.3842],[-3.1214,51.5134],[-2.7131,51.5866],[-2.3834,51.7733],[-2.6962,51.5126],[-2.9747,51.3842],[-3.0218,51.1925],[-3.7692,51.2477],[-4.2285,51.1925],[-4.208,51.0764],[-4.3023,51.0075],[-4.5264,51.015],[-4.5773,50.7747],[-4.7925,50.5952],[-4.9209,50.5789],[-4.8448,50.5141],[-5.0156,50.538],[-5.0503,50.4287],[-5.3148,50.2536],[-5.6846,50.1615],[-5.7051,50.0523],[-5.5635,50.0596],[-5.4748,50.1304],[-5.1786,49.9831],[-5.0666,50.081],[-5.126,50.0963],[-5.0434,50.1441],[-5.053,50.1958],[-5.0086,50.1504],[-4.9287,50.246],[-4.6943,50.3435],[-4.1983,50.3791],[-4.2899,50.3974],[-4.2285,50.3974],[-4.2006,50.4594],[-4.0544,50.3004],[-3.6518,50.246],[-3.5516,50.3492],[-3.4644,50.6785],[-2.8648,50.7338],[-2.4897,50.5934],[-2.3983,50.6456],[-1.9496,50.6599],[-2.0827,50.699],[-2.039,50.7399],[-1.94,50.6908],[-1.5612,50.719],[-1.3173,50.8002],[-1.4664,50.9182],[-1.2988,50.843],[0.3204,50.785],[0.8587,50.9274],[1.0669,51.0644],[1.3154,51.1187],[1.3806,51.3797],[0.7644,51.3644],[0.7264,51.419],[0.5545,51.4122],[0.7232,51.4467],[0.6948,51.477],[0.3845,51.4531],[0.4561,51.5056],[0.86,51.5554],[0.8484,51.7183],[0.6986,51.72],[0.847,51.7377],[0.8439,51.7811],[0.9798,51.8436],[1.0373,51.7822],[1.1678,51.7902],[1.1723,51.9458],[1.0691,51.9534],[1.2668,51.9822],[1.1579,52.0285],[1.3953,51.9822],[1.5863,52.1163],[1.6537,52.3847],[1.7319,52.4134],[1.6417,52.777],[1.2747,52.9292],[0.9661,52.9744],[1.0139,52.9601],[0.5203,52.9553],[0.3845,52.7684],[0.0103,52.8865],[0.097,52.952],[0.0698,52.99],[0.3165,53.1248],[0.3032,53.2935],[0.2195,53.4195],[-0.2794,53.7071],[-0.7265,53.7006],[-0.3052,53.7397],[-0.0923,53.631],[0.0172,53.6416],[0.0079,53.7559],[-0.2195,54.0228],[-0.1978,54.152],[-0.3976,54.2692],[-0.563,54.4774],[-1.286,54.6811],[-1.3989,54.9531],[-1.486,54.9531],[-1.5097,55.1964],[-1.6065,55.2936],[-1.7066,55.613],[-1.8165,55.6329],[-2.138,55.9146],[-2.5836,56.0028],[-2.6351,56.0581],[-2.8232,56.0598],[-2.9399,55.9693],[-3.0782,55.9468],[-3.6562,56.0102],[-3.8375,56.1064],[-3.3427,56.0272],[-3.1039,56.1821],[-2.6713,56.2506],[-2.7042,56.3266],[-2.8376,56.3659],[-2.8148,56.4404],[-2.885,56.458],[-3.3235,56.3659],[-2.7685,56.4754],[-2.79,56.525],[-2.5326,56.5937],[-2.4264,56.7513],[-2.1966,56.9064],[-2.0757,57.2819],[-1.8247,57.4298],[-1.8452,57.624],[-1.9965,57.7015],[-3.0349,57.6686],[-3.4092,57.7233],[-3.591,57.6414],[-4.0839,57.5861],[-4.035,57.5569],[-4.1948,57.4916],[-4.2626,57.5521],[-4.105,57.5793],[-4.0093,57.6885],[-4.2019,57.675],[-4.4285,57.5775],[-4.2948,57.6802],[-4.043,57.7373],[-3.994,57.6963],[-3.9509,57.8379],[-4.3077,57.8515],[-4.3924,57.9083],[-4.2989,57.8628],[-4.0093,57.8679],[-3.9883,57.9083],[-4.1184,57.9731],[-3.6151,58.1247],[-3.3077,58.2839],[-3.0768,58.4809],[-3.1293,58.5126],[-3.0523,58.5842],[-3.0862,58.6458],[-3.3749,58.6771],[-3.4129,58.6556],[-3.3641,58.6008],[-4.029,58.5952],[-4.3439,58.5389],[-4.4954,58.4495],[-4.4265,58.5464],[-4.585,58.5742],[-4.761,58.448],[-4.66,58.5559],[-4.7765,58.6072],[-4.8181,58.5246],[-4.8359,58.605],[-5.005,58.6177],[-5.1056,58.5056],[-4.9956,58.4365],[-5.0981,58.4148],[-5.0162,58.3881],[-5.1431,58.4148],[-5.1732,58.3539],[-5.0501,58.2599],[-4.9267,58.2646],[-4.982,58.2509],[-4.9336,58.223],[-5.3921,58.2614],[-5.2421,58.1479],[-5.2974,58.1348],[-5.3008,58.0701],[-5.4468,58.0842],[-5.0708,57.8332],[-5.3662,57.9431],[-5.3929,57.9182],[-5.2216,57.8469],[-5.4149,57.9081],[-5.487,57.8559],[-5.6126,57.9288],[-5.6536,57.8947],[-5.5853,57.8314],[-5.6058,57.7705],[-5.6986,57.8691],[-5.8112,57.8332],[-5.8038,57.7438],[-5.6741,57.7097],[-5.7908,57.696],[-5.8059,57.6426],[-5.6604,57.5446],[-5.5127,57.5415],[-5.64,57.5111],[-5.8392,57.5793],[-5.8727,57.4937],[-5.8205,57.3843],[-5.7072,57.3598],[-5.6196,57.4167],[-5.64,57.3739],[-5.5635,57.3631],[-5.4481,57.4217],[-5.7203,57.2845],[-5.4407,57.3193],[-5.5019,57.2777],[-5.4072,57.2299],[-5.5782,57.2668],[-5.6809,57.1579],[-5.4004,57.1064],[-5.7156,57.1201],[-5.7911,57.0593],[-5.5233,56.9971],[-5.8317,56.9971],[-5.8522,56.9003],[-5.9211,56.8941],[-5.6604,56.873],[-5.8512,56.8289],[-5.7567,56.7849],[-5.8863,56.7849],[-5.8522,56.747],[-6.1904,56.6863]]],[[[-6.0869,55.883],[-6.0624,55.8095],[-5.9621,55.8048],[-5.8939,55.9725],[-6.0869,55.883]]],[[[-6.0719,57.3323],[-6.0548,57.3264],[-6.0252,57.3359],[-6.0648,57.3458],[-6.0719,57.3323]]],[[[-6.0139,57.3175],[-6.0078,57.3036],[-5.9586,57.2845],[-5.9254,57.2917],[-5.9294,57.3072],[-5.9455,57.316],[-5.9781,57.3241],[-5.99,57.3255],[-6.0139,57.3175]]],[[[-5.9956,55.986],[-5.8231,55.9766],[-5.6945,56.1474],[-5.9956,55.986]]],[[[-5.7491,56.1611],[-5.6737,56.1789],[-5.6757,56.1821],[-5.729,56.1821],[-5.7384,56.1775],[-5.7491,56.1611]]],[[[-5.7175,57.2646],[-5.7062,57.1832],[-5.6474,57.2646],[-5.7175,57.2646]]],[[[-5.663,56.227],[-5.6374,56.1893],[-5.6126,56.2635],[-5.663,56.227]]],[[[-5.6467,56.2988],[-5.6403,56.2828],[-5.6217,56.2761],[-5.599,56.2839],[-5.6053,56.2969],[-5.5846,56.3256],[-5.6331,56.3188],[-5.6467,56.2988]]],[[[-5.5846,56.387],[-5.5362,56.3922],[-5.5028,56.4211],[-5.558,56.4143],[-5.5846,56.387]]],[[[-5.3979,55.6142],[-5.3457,55.4827],[-5.1201,55.4398],[-5.1983,55.7043],[-5.2974,55.7228],[-5.3979,55.6142]]],[[[-5.2008,55.8955],[-5.1842,55.8685],[-5.058,55.8492],[-5.0752,55.8569],[-5.0809,55.8796],[-5.1669,55.9208],[-5.1995,55.9111],[-5.2008,55.8955]]],[[[-4.6842,53.3148],[-4.5636,53.2419],[-4.6263,53.3209],[-4.6842,53.3148]]],[[[-4.571,53.2755],[-4.4954,53.1799],[-4.3851,53.1824],[-4.4066,53.1306],[-4.0733,53.2738],[-4.1621,53.2596],[-4.2767,53.401],[-4.4254,53.4267],[-4.571,53.3928],[-4.571,53.2755]]],[[[-3.9922,57.6962],[-3.9883,57.696],[-3.988,57.6962],[-3.9922,57.6962]]],[[[-1.5238,50.6979],[-1.2792,50.5825],[-1.1684,50.6035],[-1.1237,50.7356],[-1.3185,50.7722],[-1.5238,50.6979]]],[[[-1.1872,50.7989],[-1.1511,50.7814],[-1.1358,50.7857],[-1.1872,50.7989]]],[[[0.7339,51.4122],[0.9421,51.383],[0.7669,51.4479],[0.7339,51.4122]]],[[[-62.8279,56.9374],[-62.1312,56.1136],[-61.5688,55.7715],[-60.9185,55.5665],[-60.6268,55.2255],[-60.404,55.2922],[-60.3747,55.3807],[-60.2926,55.4135],[-60.3654,55.4349],[-60.3277,55.4948],[-60.4821,55.3523],[-60.4547,55.4479],[-60.3344,55.5142],[-60.3573,55.5693],[-60.4547,55.5031],[-60.3944,55.5851],[-60.4343,55.6345],[-60.5305,55.5919],[-60.4935,55.6601],[-60.403,55.6795],[-60.4488,55.7896],[-60.5079,55.804],[-60.6813,55.5646],[-60.6562,55.6764],[-60.5914,55.7086],[-60.602,55.8196],[-60.749,55.7365],[-60.9439,55.7298],[-60.7285,55.8253],[-61.1933,55.8796],[-61.0785,55.8929],[-61.139,55.9722],[-61.4471,55.9806],[-61.3799,55.9792],[-61.5031,56.0102],[-61.235,56.0438],[-61.4553,56.0581],[-61.411,56.087],[-61.487,56.2102],[-62.0089,56.2405],[-62.0785,56.2982],[-61.6983,56.267],[-61.8179,56.3044],[-61.7197,56.3014],[-61.8458,56.387],[-61.7905,56.3938],[-62.1474,56.4553],[-61.9481,56.4656],[-62.0859,56.4832],[-62.0368,56.508],[-61.8234,56.4933],[-61.8415,56.585],[-62.243,56.6203],[-61.9141,56.6265],[-62.5856,56.7978],[-62.4938,56.8546],[-62.0887,56.8413],[-62.0444,56.8258],[-62.5031,56.7849],[-61.8525,56.6403],[-61.7684,56.6623],[-61.8262,56.7543],[-61.8867,56.7023],[-61.8942,56.8054],[-61.6642,56.8089],[-61.6434,56.8835],[-61.5018,56.9789],[-61.3387,56.963],[-61.4515,57.144],[-61.6964,57.1579],[-61.6617,57.2259],[-61.7843,57.1548],[-61.7853,57.1963],[-61.8651,57.1706],[-62.0116,57.243],[-61.8805,57.2777],[-61.8715,57.3428],[-61.9276,57.3671],[-61.8562,57.3611],[-61.9004,57.4155],[-62.1594,57.4691],[-62.3771,57.4285],[-62.5447,57.5111],[-62.3489,57.4577],[-62.2703,57.5384],[-62.0782,57.5482],[-62.4282,57.6962],[-62.6959,57.6962],[-62.561,57.3509],[-62.2499,57.2819],[-62.1178,57.0751],[-62.8279,56.9374]]],[[[-62.0173,57.5225],[-62.0171,57.5179],[-61.9291,57.4561],[-61.9193,57.4598],[-61.9379,57.4889],[-62.0173,57.5225]]],[[[-61.7983,56.7553],[-61.7328,56.7039],[-61.7319,56.7038],[-61.6949,56.7296],[-61.7508,56.7517],[-61.7983,56.7553]]],[[[-61.7974,56.4211],[-61.792,56.4176],[-61.7939,56.4207],[-61.7974,56.4211]]],[[[-61.6471,56.7365],[-61.4013,56.6623],[-61.3965,56.7745],[-61.5847,56.7717],[-61.4823,56.8435],[-61.4277,56.8243],[-61.4554,56.8686],[-61.3387,56.935],[-61.5199,56.9487],[-61.6344,56.8525],[-61.6471,56.7365]]],[[[-61.2323,56.0998],[-61.1221,56.0256],[-60.9642,56.0754],[-61.0985,56.1747],[-61.1884,56.1079],[-61.1468,56.0922],[-61.2323,56.0998]]],[[[-60.8998,55.8768],[-60.8893,55.8658],[-60.8651,55.8659],[-60.8109,55.8754],[-60.8914,55.8838],[-60.8998,55.8768]]],[[[-60.4935,55.2255],[-60.441,55.2255],[-60.4582,55.2356],[-60.4921,55.2263],[-60.4935,55.2255]]],[[[-60.4285,55.2255],[-60.398,55.2255],[-60.3636,55.2525],[-60.3633,55.259],[-60.3966,55.2587],[-60.4285,55.2255]]],[[[-7.4554,57.2367],[-7.3907,57.1291],[-7.2929,57.1066],[-7.353,57.2429],[-7.231,57.2819],[-7.237,57.3211],[-7.394,57.3808],[-7.2417,57.3518],[-7.4268,57.385],[-7.3897,57.312],[-7.4554,57.2367]]],[[[-7.3059,57.4092],[-7.2513,57.4143],[-7.2522,57.4199],[-7.3059,57.4092]]],[[[-7.5179,57.6202],[-7.3327,57.5335],[-7.1618,57.604],[-7.2159,57.6414],[-7.1058,57.6271],[-7.1817,57.6885],[-7.2567,57.6483],[-7.3121,57.6885],[-7.5179,57.6202]]],[[[-7.1265,58.124],[-7.0756,58.0622],[-7.024,58.0796],[-7.0582,58.0386],[-6.9346,58.0523],[-7.0582,58.025],[-7.0699,57.9727],[-6.8391,57.9356],[-6.9626,57.8947],[-6.9142,57.8679],[-7.1072,57.8376],[-7.0567,57.7815],[-6.7488,57.852],[-6.787,57.8988],[-6.661,57.8803],[-6.764,58.0039],[-6.6883,58.0585],[-6.592,58.0585],[-6.7094,58.0039],[-6.661,57.9288],[-6.5375,57.9213],[-6.4822,57.9855],[-6.5507,58.0101],[-6.4705,58.0091],[-6.4232,58.1043],[-6.6194,58.0864],[-6.4085,58.134],[-6.4003,58.2099],[-6.2081,58.1956],[-6.2149,58.2418],[-6.3661,58.2373],[-6.2272,58.3251],[-6.2543,58.5082],[-6.8186,58.2851],[-6.7094,58.1894],[-6.8695,58.1894],[-6.8596,58.1069],[-6.9073,58.2168],[-7.0309,58.2447],[-7.0172,58.1894],[-7.1128,58.182],[-7.1265,58.124]]],[[[-7.0793,57.8803],[-7.0552,57.8842],[-7.0446,57.9021],[-7.0092,57.8896],[-6.9971,57.8935],[-6.9974,57.9151],[-7.0155,57.9219],[-7.0377,57.9163],[-7.0793,57.8947],[-7.0793,57.8803]]],[[[-6.8823,58.2363],[-6.8596,58.223],[-6.8733,58.2168],[-6.8733,58.2099],[-6.7912,58.2099],[-6.8186,58.2373],[-6.8289,58.2338],[-6.88,58.2578],[-6.8823,58.2363]]],[[[-3.4333,58.885],[-3.3264,58.8164],[-3.1836,58.8324],[-3.3494,58.9285],[-3.4333,58.885]]],[[[-3.3667,59.0161],[-3.2894,58.9504],[-3.2279,59.0386],[-3.2028,58.9159],[-2.9812,58.9601],[-2.9268,58.9049],[-2.7957,58.9026],[-2.8376,58.9504],[-2.8057,58.9871],[-3.1317,59.0051],[-2.9945,59.0597],[-3.1827,59.1472],[-3.3238,59.1274],[-3.3667,59.0161]]],[[[-2.8387,59.2647],[-2.8372,59.2521],[-2.8301,59.2521],[-2.8387,59.2647]]],[[[-2.8301,59.1921],[-2.7448,59.1551],[-2.7277,59.2242],[-2.7879,59.2472],[-2.8301,59.1921]]],[[[-2.6926,59.1923],[-2.5635,59.2324],[-2.5713,59.2992],[-2.6926,59.1923]]],[[[-2.6655,59.1552],[-2.6653,59.1551],[-2.6449,59.1551],[-2.6452,59.1575],[-2.6655,59.1552]]],[[[17.1903,-30.1028],[17.6172,-30.934],[18.1968,-31.6974],[18.2769,-31.8927],[18.3494,-32.2603],[18.2964,-32.6086],[18.1188,-32.773],[17.9055,-32.7292],[17.843,-32.8233],[17.9019,-33.0369],[18.0374,-33.0338],[18.1275,-33.1974],[17.9549,-33.102],[18.3074,-33.4793],[18.4844,-33.8439],[18.3148,-34.0291],[18.3584,-34.0548],[18.3163,-34.1575],[18.3998,-34.2897],[18.3956,-34.172],[18.4784,-34.1069],[18.8001,-34.0895],[18.8582,-34.1503],[18.8176,-34.3769],[19.1399,-34.2944],[19.0852,-34.3565],[19.1193,-34.4006],[19.2904,-34.4091],[19.3602,-34.5004],[19.2969,-34.6178],[19.3987,-34.6018],[19.6532,-34.7741],[19.8584,-34.7497],[19.9642,-34.813],[20.2589,-34.5579],[20.5244,-34.4543],[20.8664,-34.4348],[20.8052,-34.398],[20.9134,-34.3604],[21.3059,-34.4246],[21.5376,-34.3489],[21.7887,-34.3813],[21.8611,-34.2363],[22.1692,-34.0832],[22.5837,-33.9941],[22.7668,-34.0329],[22.7305,-33.9797],[22.7746,-33.9836],[22.936,-34.0827],[23.0322,-34.0861],[22.9981,-34.0275],[23.0628,-34.0827],[23.282,-34.1],[23.3128,-34.0433],[23.6355,-33.9797],[24.1631,-34.0548],[24.565,-34.1769],[24.9239,-33.979],[25.1926,-33.9622],[25.5965,-34.0482],[25.5349,-33.9147],[25.7854,-33.7436],[25.9553,-33.7109],[26.4761,-33.7643],[27.2406,-33.4352],[26.8627,-33.0789],[26.8544,-32.9503],[26.3223,-33.0146],[26.008,-32.886],[25.9884,-32.5646],[25.912,-32.5646],[25.9617,-32.1147],[25.7034,-31.6005],[25.6716,-31.0221],[25.364,-30.9578],[25.3573,-30.8293],[25.1326,-30.8936],[24.8188,-30.7008],[24.5908,-30.7008],[24.2234,-30.9578],[24.1599,-31.2149],[23.8617,-31.3434],[23.2496,-31.2792],[23.1617,-31.0221],[22.9306,-30.9578],[22.4883,-31.2792],[22.3473,-31.5362],[22.4379,-31.8576],[22.2119,-31.9219],[22.0537,-31.7933],[21.207,-31.6005],[21.2018,-31.472],[20.8921,-31.3434],[20.0546,-31.3434],[19.9694,-31.0864],[19.2744,-30.765],[19.1165,-30.5722],[18.5775,-30.3152],[17.7478,-30.508],[17.5879,-30.1866],[17.1903,-30.1028]]],[[[55.2254,-21.0297],[55.3496,-21.2714],[55.575,-21.3679],[55.7695,-21.3149],[55.5928,-20.8794],[55.2874,-20.9117],[55.2254,-21.0297]]],[[[57.3035,-20.4309],[57.3781,-20.507],[57.5764,-20.5066],[57.6241,-20.3506],[57.6982,-20.3506],[57.673,-20.0292],[57.5281,-20.0309],[57.3706,-20.2605],[57.3578,-20.4274],[57.3035,-20.4309]]],[[[55.3605,-4.6613],[55.362,-4.6637],[55.3649,-4.6659],[55.3698,-4.6666],[55.3729,-4.6679],[55.3738,-4.6664],[55.3705,-4.6639],[55.3662,-4.6606],[55.3627,-4.6593],[55.3605,-4.6613]]],[[[55.3673,-4.6393],[55.4278,-4.6701],[55.4263,-4.6002],[55.3673,-4.6393]]],[[[55.3964,-4.6697],[55.3977,-4.6714],[55.3975,-4.6734],[55.4001,-4.6757],[55.4041,-4.6803],[55.4054,-4.6799],[55.4059,-4.6781],[55.4068,-4.675],[55.4048,-4.6717],[55.4012,-4.6695],[55.399,-4.6686],[55.3972,-4.6684],[55.3964,-4.6697]]],[[[99.1106,0.3456],[99.1687,0.2426],[99.3411,0.2388],[99.7472,-0.0298],[99.824,-0.3134],[100.3014,-0.8163],[100.4164,-1.0478],[100.3661,-1.1505],[100.4333,-1.2067],[100.406,-1.2644],[100.5692,-1.3308],[100.6545,-1.6176],[100.8576,-1.8919],[100.8872,-2.0372],[100.834,-2.1591],[100.9231,-2.3334],[101.1048,-2.5871],[101.327,-2.7392],[101.6113,-3.2245],[102.2222,-3.6428],[102.3125,-3.9915],[102.9204,-4.4926],[103.1729,-4.6179],[103.4146,-4.8693],[103.5,-4.8639],[103.6541,-4.9792],[103.7054,-4.955],[103.7261,-5.0168],[103.8911,-5.1042],[103.9014,-5.2185],[103.9914,-5.2464],[103.9932,-5.3127],[104.5418,-5.8419],[104.5613,-5.9283],[104.5055,-5.5645],[104.5567,-5.5973],[104.5342,-5.5239],[104.6062,-5.4789],[104.9011,-5.6713],[105.171,-5.7574],[105.18,-5.5805],[105.2388,-5.5689],[105.2796,-5.4443],[105.4836,-5.6589],[105.5686,-5.6804],[105.6021,-5.8098],[105.7574,-5.8217],[105.7295,-5.2431],[105.8024,-5.2431],[105.7795,-4.7288],[105.8524,-4.7288],[105.7558,-4.1502],[105.3018,-3.7002],[105.0151,-3.8287],[104.9495,-4.0216],[104.2988,-4.1502],[104.0878,-4.343],[103.5804,-4.4073],[102.9851,-4.0859],[102.6797,-3.7002],[102.4612,-3.7002],[102.3089,-3.5073],[101.7177,-3.2502],[101.407,-2.6073],[101.1104,-2.4144],[101.1814,-2.3501],[101.0987,-1.9644],[100.8697,-1.5144],[100.6485,-1.3858],[100.5691,-1.0644],[100.563,-0.7429],[99.9731,-0.2929],[99.6705,0.2857],[99.3814,0.35],[99.3126,0.4785],[99.1106,0.3456]]],[[[104.7818,-5.7416],[104.8064,-5.7574],[104.8261,-5.7574],[104.7868,-5.7421],[104.7818,-5.7416]]],[[[105.1255,-2.0041],[105.1475,-2.08],[105.2298,-2.0701],[105.3064,-2.135],[105.5658,-2.067],[105.7804,-2.1508],[105.8288,-2.3951],[105.9443,-2.4988],[105.9076,-2.6746],[105.9865,-2.8212],[106.436,-2.9706],[106.5322,-3.1056],[106.752,-3.0737],[106.5844,-2.8644],[106.5804,-2.7359],[106.7222,-2.6073],[106.2069,-2.4144],[105.9714,-1.538],[105.6956,-1.5319],[105.8128,-1.7927],[105.6631,-1.7397],[105.7029,-1.6555],[105.6015,-1.532],[105.6042,-1.643],[105.3945,-1.6076],[105.3355,-1.6979],[105.4024,-1.7833],[105.1543,-1.936],[105.1255,-2.0041]]],[[[105.7782,-2.6904],[105.7815,-2.8001],[105.793,-2.8068],[105.7949,-2.7241],[105.7782,-2.6904]]],[[[106.7227,-2.9661],[106.8077,-3.0136],[106.8039,-2.8964],[106.7227,-2.9661]]],[[[102.1123,2.2786],[102.4984,2.087],[102.4337,2.2786],[102.1123,2.2786]]],[[[-1.2102,5.1124],[-1.0639,5.1901],[-1.0625,5.3644],[-1.2083,5.3644],[-1.2102,5.1124]]],[[[100.2679,5.4679],[100.2887,5.2627],[100.3434,5.4176],[100.2679,5.4679]]],[[[100.3645,5.0843],[100.3958,5.0188],[100.4551,5.1072],[100.528,5.1072],[100.5495,5.493],[100.3715,5.5327],[100.4333,5.2112],[100.3645,5.0843]]],[[[-0.9179,5.2133],[-0.7719,5.2389],[-0.7704,5.4287],[-0.9162,5.4287],[-0.9179,5.2133]]],[[[-0.6255,5.3292],[-0.4346,5.4402],[-0.4779,5.5572],[-0.6237,5.5572],[-0.6255,5.3292]]],[[[79.7061,8.0645],[79.802,7.6593],[79.863,6.8072],[80.032,6.2663],[80.2039,6.0262],[80.5908,5.9237],[80.7144,5.9579],[80.8091,6.0351],[81.3621,6.2254],[81.7647,6.5931],[81.8846,6.9802],[81.8807,7.3271],[81.8331,7.4594],[81.8078,7.4103],[81.771,7.457],[81.7358,7.6305],[81.5955,7.7263],[81.6266,7.7602],[81.7131,7.7118],[81.5876,7.8553],[81.5607,7.9993],[81.3963,8.1365],[81.4036,8.1918],[81.4482,8.1275],[81.3566,8.3625],[81.3657,8.4822],[81.134,8.5013],[81.2286,8.5591],[81.0748,8.8635],[80.9785,8.98],[80.9149,8.9439],[80.8753,9.0415],[80.9583,9.0179],[80.8345,9.1418],[80.8822,9.1452],[80.8239,9.2705],[80.7936,9.2506],[80.7365,9.309],[80.7988,9.2949],[80.7725,9.3262],[80.5453,9.5195],[80.4398,9.5431],[80.4653,9.5833],[80.2769,9.7751],[80.1377,9.8062],[80.444,9.5759],[80.1241,9.8092],[79.9885,9.8229],[79.9097,9.7683],[80.0874,9.6184],[80.186,9.5841],[80.186,9.6485],[80.6148,9.4462],[80.4266,9.5002],[80.2869,9.4527],[80.2334,9.5342],[80.0734,9.5958],[80.197,9.4735],[80.053,9.3915],[80.1182,9.3004],[80.1056,9.1929],[80.048,9.0263],[79.9155,8.9385],[79.9505,8.7398],[79.8067,8.2402],[79.8338,8.0031],[79.7638,7.9901],[79.7061,8.0645]]],[[[79.7752,8.2519],[79.7786,8.26],[79.7757,8.2605],[79.7752,8.2519]]],[[[79.8636,9.6717],[79.9438,9.6477],[79.8823,9.7609],[79.8636,9.6717]]],[[[81.2249,8.5418],[81.2364,8.5436],[81.2297,8.5569],[81.2249,8.5418]]],[[[73.5265,29.9223],[73.5769,29.7937],[73.7916,29.7294],[73.6907,29.6009],[73.7291,29.4081],[74.4486,29.2152],[75.0535,29.2152],[75.1799,29.0867],[75.4947,29.1509],[75.7108,28.701],[75.6866,28.5724],[75.7621,28.5724],[75.8016,28.3795],[75.9525,28.3795],[76.2068,28.1224],[76.1372,27.7367],[75.9753,27.6724],[75.9415,27.4795],[76.0697,27.3509],[76.0793,26.9652],[77.0344,26.8366],[77.2168,26.5794],[77.442,26.5794],[77.4527,26.6437],[77.5278,26.6437],[77.7857,26.8366],[78.3005,26.7723],[78.7933,26.5794],[79.0295,26.6437],[79.3612,26.3865],[79.5113,26.3865],[79.5647,26.258],[79.9933,26.1294],[80.0576,26.0651],[79.9615,25.9365],[80.1114,25.9365],[80.1009,25.8722],[80.4756,25.8722],[80.6045,25.7436],[81.1184,25.6793],[81.5365,25.4864],[81.6998,25.1007],[81.8494,25.1007],[82.1638,24.7149],[82.3881,24.7149],[82.4433,24.5864],[82.9015,24.6506],[82.8626,24.3935],[82.9373,24.3935],[82.8435,24.2649],[82.8899,24.072],[83.282,24.2006],[83.6734,23.8149],[83.655,23.6863],[83.9912,23.4291],[84.0031,22.9791],[84.2177,22.9148],[83.9994,22.4005],[84.2055,22.272],[84.5116,22.3363],[85.1948,22.9791],[85.4183,22.9791],[85.7435,23.172],[86.294,22.8506],[86.5918,22.8506],[86.5469,22.5291],[86.6779,22.4005],[85.9387,21.8863],[85.5099,22.0148],[85.4099,21.822],[85.1784,21.7577],[85.1688,21.1148],[84.6327,20.9862],[84.6162,20.8577],[84.303,20.7291],[84.3609,20.6005],[84.2044,20.5362],[84.1881,20.4077],[84.7484,20.1505],[84.3534,19.9577],[84.1637,20.2148],[83.727,20.2791],[83.1197,19.5719],[82.6675,19.5077],[82.4693,19.7005],[82.4853,19.8291],[82.3371,19.8291],[82.2128,20.022],[81.9164,20.022],[81.9006,19.8934],[82.0408,19.8291],[82.0859,18.9934],[81.9065,18.7362],[81.7586,18.7362],[81.4745,18.2219],[81.3113,18.0933],[81.0897,18.0933],[81.0389,18.2862],[80.7588,18.4148],[80.4355,18.8005],[80.1397,18.8005],[79.9332,18.9291],[79.9053,19.3148],[80.0024,19.5077],[79.8034,19.7005],[79.4408,19.7648],[79.1901,20.1505],[78.8861,20.0862],[78.7681,20.3434],[78.1974,20.5362],[78.2124,20.6648],[77.849,20.7291],[77.2706,21.5005],[76.7432,21.4363],[76.1865,21.1148],[75.8081,21.0505],[75.6235,20.7291],[75.0899,20.6005],[74.846,20.4077],[74.7435,20.1505],[75.2336,19.8934],[75.1021,19.3791],[75.1762,19.3791],[75.2,18.9291],[74.971,18.8648],[75.0761,18.4791],[75.5052,18.3505],[75.5648,18.2219],[75.7865,18.2219],[75.7484,18.5434],[75.999,18.8005],[76.1469,18.8005],[76.3469,18.6076],[76.3919,18.3505],[76.9466,18.0291],[76.9321,17.9005],[76.7773,17.8362],[76.8224,17.579],[76.4393,17.4505],[76.5656,17.2576],[76.5376,17.0005],[76.3284,16.4219],[76.0873,16.229],[76.1344,15.9718],[75.6732,15.779],[75.6539,15.5861],[75.7275,15.5861],[75.61,15.1361],[75.7447,15.0075],[76.1919,15.0718],[76.0265,14.8789],[75.9965,14.5575],[76.0699,14.5575],[76.0523,14.3646],[76.1934,14.3004],[75.792,13.9146],[75.1773,13.5932],[74.8377,13.9146],[75.0298,14.4289],[75.1825,14.4932],[75.1446,14.8789],[74.8809,15.2004],[74.599,15.329],[74.5194,15.2647],[74.5506,14.8147],[74.3126,14.6218],[74.3068,14.5575],[74.3249,14.5172],[74.3587,14.5712],[74.4277,14.4763],[74.3519,14.5302],[74.4154,14.3011],[74.509,14.2503],[74.429,14.2404],[74.6605,13.6601],[74.6878,13.7118],[74.7356,13.6538],[74.6667,13.6328],[74.6895,13.3816],[74.8176,12.8618],[74.9409,12.8786],[74.825,12.8382],[74.8557,12.7594],[75.1055,12.2213],[75.1397,12.2486],[75.1761,12.0742],[75.2635,11.9921],[75.3042,12.0432],[75.3023,11.9661],[75.3934,11.9748],[75.4002,11.9202],[75.3239,11.9354],[75.3623,11.8597],[75.7355,11.3715],[76.1532,10.2202],[76.2017,10.1997],[76.1948,10.2686],[76.2402,10.239],[76.1824,10.1057],[76.2427,9.9875],[76.2153,10.1383],[76.2451,10.1022],[76.3941,9.8428],[76.407,9.5691],[76.5033,9.535],[76.3574,9.5207],[76.3623,9.781],[76.3553,9.6717],[76.2924,9.6717],[76.363,9.3252],[76.4426,9.1452],[76.4146,9.247],[76.4828,9.1718],[76.5281,8.947],[76.6685,9.0074],[76.574,8.9426],[76.6206,8.9254],[76.544,8.9125],[76.9959,8.3681],[77.3086,8.1309],[77.5653,8.0825],[78.0592,8.3732],[78.2398,8.9656],[78.4121,9.0998],[78.9611,9.2753],[78.9383,9.5837],[79.2791,10.0358],[79.2363,10.1666],[79.2861,10.2528],[79.3981,10.3247],[79.5869,10.3437],[79.5567,10.2987],[79.7598,10.2582],[79.6141,10.3096],[79.8567,10.2933],[79.8525,11.0217],[79.6648,11.0217],[79.679,11.2146],[79.8446,11.2146],[79.833,11.342],[79.7593,11.3583],[79.6763,11.2965],[79.8193,11.3815],[79.752,11.577],[79.7859,11.7692],[79.8618,12.022],[80.0051,12.2418],[79.9439,12.2178],[80.096,12.3622],[80.1797,12.5326],[80.3328,13.1981],[80.327,13.4304],[80.1194,13.5007],[80.053,13.6191],[80.094,13.6948],[80.1356,13.6191],[80.1419,13.7289],[80.2204,13.6187],[80.2405,13.6491],[80.2486,13.8018],[80.1497,14.0277],[80.1356,14.2292],[80.0466,14.2066],[80.175,14.3445],[80.197,14.565],[80.1419,14.5712],[80.1785,14.6058],[80.1082,14.7143],[80.053,15.0926],[80.0906,15.3049],[80.2796,15.7007],[80.6702,15.9077],[80.8565,15.8122],[80.8965,16.0311],[80.91,15.8527],[81.0189,15.7916],[80.9989,15.8467],[81.1497,15.9696],[81.2596,16.3327],[81.4114,16.3825],[81.4167,16.3402],[81.5402,16.3737],[81.7825,16.3331],[82.3074,16.5798],[82.3662,16.8719],[82.2679,16.8675],[82.2527,16.9292],[82.3877,17.1269],[82.7185,17.3486],[83.2389,17.593],[83.2129,17.6349],[83.2991,17.6643],[83.2469,17.7163],[83.3413,17.7174],[83.4519,17.9229],[84.1131,18.2983],[84.3499,18.5529],[84.2469,18.5256],[84.4237,18.6365],[84.7411,19.0281],[84.78,19.0971],[84.7405,19.0737],[84.7388,19.1476],[84.791,19.1206],[85.1804,19.475],[85.4089,19.6099],[85.2884,19.6013],[85.3779,19.6149],[85.3914,19.6906],[85.2476,19.6565],[85.193,19.5808],[85.2332,19.5541],[85.124,19.4783],[85.1029,19.5296],[85.2681,19.78],[85.4401,19.8962],[85.5703,19.8756],[85.5765,19.7458],[85.5099,19.7346],[85.5021,19.6739],[86.3724,19.965],[86.1677,20.0729],[86.1525,20.1431],[86.2092,20.0666],[86.4263,19.9992],[86.3914,20.0202],[86.4951,20.1841],[86.7546,20.3144],[86.6937,20.2939],[86.8071,20.4104],[86.7205,20.3685],[86.7515,20.4892],[87.0215,20.6756],[86.9402,20.698],[86.9987,20.7111],[86.9866,20.7519],[86.8788,20.7806],[86.9657,20.806],[86.844,21.0822],[86.9177,21.3274],[87.2009,21.552],[87.7038,21.6555],[87.834,21.7293],[87.9837,21.8542],[88.0431,22.0173],[88.1643,22.0898],[88.1326,22.1791],[87.9653,22.2448],[87.9066,22.4247],[88.009,22.2404],[88.198,22.1678],[88.2224,22.0779],[88.1467,21.9592],[88.2097,21.7886],[88.1819,21.6652],[88.3017,21.5786],[88.2616,21.7987],[88.3218,21.6057],[88.3312,21.7191],[88.4598,21.6934],[88.4956,21.9518],[88.5166,21.7017],[88.6602,22.205],[88.6442,22.0791],[88.763,22.1306],[88.7149,22.0791],[88.763,22.0173],[88.7196,21.9428],[88.728,21.6291],[88.8109,21.6917],[88.803,21.6291],[88.8587,21.6365],[88.8587,21.7668],[88.8916,21.6535],[89.0832,21.6291],[89.0159,21.8533],[88.905,21.9694],[89.0095,21.9046],[89.0609,21.9385],[89.0437,22.1374],[89.1047,21.8159],[89.2947,21.7577],[89.3596,21.9723],[89.369,21.7577],[89.4501,21.7577],[89.5218,21.9623],[89.4758,22.2951],[89.5329,21.9847],[89.5794,22.1132],[89.5492,22.2053],[89.6265,22.336],[89.5274,21.8128],[89.5365,21.7577],[89.6747,21.7577],[89.7007,21.7849],[89.619,21.8699],[89.647,21.9251],[89.7092,21.8301],[89.8782,21.8837],[89.7972,22.076],[89.8713,22.0919],[89.8387,22.2678],[89.8729,22.4186],[89.9204,22.3918],[90.0101,22.4902],[89.8768,22.2747],[89.9146,22.0617],[89.9678,21.9746],[90.0784,22.164],[89.9963,22.0002],[90.058,21.9937],[90.2361,22.1989],[90.0302,21.9124],[90.0866,21.8691],[90.1262,21.932],[90.1005,21.8585],[90.2176,21.8135],[90.4129,22.178],[90.3943,22.2882],[90.3875,22.1026],[90.446,22.0791],[90.6184,22.3767],[90.5597,22.5623],[90.4725,22.5756],[90.4421,22.4936],[90.5127,22.6115],[90.4929,22.7099],[90.3726,22.7614],[90.54,22.8966],[90.4489,23.0557],[90.572,23.0817],[90.6108,23.2308],[90.2503,23.4669],[90.5519,23.385],[90.5768,23.5395],[90.4763,23.583],[90.612,23.6061],[90.6078,23.4911],[90.7158,23.5351],[90.6003,23.4499],[90.6673,23.2676],[90.6294,23.0644],[90.8359,22.6849],[90.9549,22.5758],[91.0379,22.5886],[91.0183,22.6831],[91.0816,22.5592],[91.2449,22.5934],[91.2645,22.6408],[91.169,22.6849],[91.1819,22.7265],[91.3174,22.6972],[91.2908,22.7384],[91.4002,22.762],[91.4905,22.9045],[91.4596,22.7863],[91.676,22.5346],[91.7879,22.2378],[91.9081,22.4247],[91.8088,22.3063],[91.813,22.1803],[91.8672,22.1374],[91.9157,21.8625],[91.9497,21.8842],[91.8993,21.7895],[91.99,21.7948],[91.9497,21.716],[91.9839,21.6501],[92.0293,21.7049],[92.0179,21.4931],[91.9754,21.4748],[92.1925,21.4363],[92.378,21.6934],[92.4719,22.3363],[92.3614,22.5934],[92.41,22.9148],[92.3355,22.9148],[92.4396,23.1077],[92.3006,23.172],[92.3851,23.2363],[92.3611,23.5577],[92.1579,23.6863],[92.2951,24.072],[92.2205,24.072],[92.2525,24.2649],[92.1139,24.3292],[92.4493,24.9721],[92.1846,25.165],[90.3142,25.165],[89.9628,25.2936],[90.1192,25.7436],[90.9433,25.7436],[91.1801,25.8079],[91.2917,26.0008],[90.767,26.0008],[90.6293,26.0651],[90.7666,26.3865],[89.8162,26.5151],[89.1033,26.708],[89.1161,26.7723],[88.2401,26.9009],[88.165,26.9009],[88.1649,26.5151],[87.9903,26.3865],[87.2399,26.3865],[87.1141,26.5151],[86.6516,26.4508],[86.3126,26.6437],[85.787,26.6437],[85.7362,26.7723],[85.2735,26.708],[84.9972,26.8366],[84.8836,27.0295],[84.7333,27.0295],[84.7579,27.158],[84.4318,27.4152],[83.291,27.3509],[82.9395,27.4795],[82.6758,27.6724],[81.5588,27.7367],[80.6417,28.0581],[80.1269,28.5081],[80.1526,28.6367],[80.0276,28.7652],[79.65,28.7652],[79.022,29.0224],[79.0482,29.1509],[78.9102,29.2152],[78.9634,29.4723],[78.6876,29.6009],[78.6389,29.7294],[78.2333,29.6009],[78.198,29.7937],[77.9573,29.7294],[77.9358,29.9865],[78.1427,30.2436],[77.5775,30.4364],[77.2681,30.7578],[77.1921,30.7578],[77.2063,30.822],[76.7362,30.7578],[76.6266,30.9506],[76.4745,30.9506],[76.4887,31.0148],[75.576,31.0148],[75.39,31.2076],[74.7812,31.2076],[74.2285,30.7578],[74.2015,30.6292],[74.0496,30.6292],[73.9205,30.3722],[73.9441,30.1151],[73.6279,30.0508],[73.5265,29.9223]],[[77.1084,28.5081],[77.1454,28.701],[77.3089,28.7652],[77.435,28.6367],[77.2593,28.5081],[77.1084,28.5081]],[[84.6273,27.0365],[84.7607,26.999],[84.6402,27.0284],[84.6273,27.0365]],[[88.1653,26.73],[88.1673,26.7562],[88.1691,26.744],[88.1653,26.73]],[[88.3239,22.4648],[88.4166,22.5934],[88.491,22.5934],[88.4727,22.4648],[88.3239,22.4648]],[[88.3657,26.5964],[88.3725,26.6116],[88.3853,26.6235],[88.3657,26.5964]],[[88.5401,23.65],[88.5612,23.741],[88.5416,23.6388],[88.5401,23.65]],[[88.5764,23.5918],[88.6092,23.5888],[88.5815,23.5883],[88.5764,23.5918]],[[89.0623,22.2116],[89.0762,22.175],[89.0782,22.1508],[89.0623,22.2116]],[[91.1406,23.6197],[91.1951,23.4952],[91.1408,23.6121],[91.1406,23.6197]],[[91.214,23.7996],[91.2282,23.845],[91.2253,23.8261],[91.214,23.7996]]],[[[76.2363,9.9527],[76.2468,9.8937],[76.2644,9.845],[76.3185,9.8205],[76.3086,9.8796],[76.2971,9.8708],[76.3,9.8478],[76.2808,9.8428],[76.2883,9.8612],[76.2842,9.8912],[76.2774,9.8708],[76.2669,9.876],[76.2568,9.9086],[76.291,9.9086],[76.2695,9.951],[76.2515,9.9631],[76.2363,9.9527]]],[[[76.3201,9.8616],[76.3462,9.8161],[76.3439,9.8091],[76.3605,9.8016],[76.3592,9.8161],[76.3327,9.8708],[76.3201,9.8616]]],[[[80.2864,13.4913],[80.3069,13.4409],[80.3137,13.4409],[80.3096,13.4793],[80.3073,13.485],[80.2864,13.4913]]],[[[80.8685,15.812],[80.8698,15.8105],[80.9628,15.7987],[80.8884,15.8467],[80.8685,15.812]]],[[[82.3489,16.9565],[82.3571,16.8975],[82.3642,16.9149],[82.3489,16.9565]]],[[[85.4994,19.6535],[85.5765,19.6906],[85.4996,19.6549],[85.4994,19.6535]]],[[[88.1338,21.631],[88.1394,21.6303],[88.1444,21.6578],[88.1391,21.67],[88.1338,21.631]]],[[[88.1421,21.6913],[88.1634,21.7055],[88.167,21.7654],[88.1584,21.8099],[88.1421,21.6913]]],[[[88.7169,22.0443],[88.7179,22.0085],[88.7307,22.0372],[88.7169,22.0443]]],[[[89.0457,21.9171],[89.0515,21.7932],[89.1136,21.7311],[89.139,21.7668],[89.0457,21.9171]]],[[[90.3233,21.9087],[90.376,21.9959],[90.3714,21.9948],[90.3322,21.9388],[90.3233,21.9087]]],[[[90.3396,21.9723],[90.3811,22.0231],[90.3875,22.048],[90.3739,22.0456],[90.3587,22.0227],[90.3396,21.9723]]],[[[90.4297,23.3852],[90.4373,23.3618],[90.4871,23.319],[90.5061,23.3142],[90.5241,23.3223],[90.5296,23.3336],[90.5862,23.3017],[90.5776,23.3236],[90.5394,23.35],[90.4557,23.385],[90.4297,23.3852]]],[[[90.4557,22.7674],[90.521,22.7118],[90.591,22.8139],[90.6782,22.8083],[90.5444,22.8807],[90.4734,22.8651],[90.4557,22.7674]]],[[[90.4557,23.0628],[90.4695,23.0076],[90.5156,23.0519],[90.5104,23.069],[90.4557,23.0628]]],[[[90.4977,22.0791],[90.5734,22.0791],[90.6135,22.164],[90.4977,22.0791]]],[[[90.5081,22.9758],[90.6673,22.9182],[90.5862,23.0349],[90.5081,22.9758]]],[[[90.5563,22.6747],[90.6818,22.4453],[90.6112,22.0791],[90.6818,22.1026],[90.6475,21.994],[90.8279,22.1524],[90.855,22.4347],[90.6506,22.7874],[90.5855,22.7681],[90.5563,22.6747]]],[[[90.6014,22.4292],[90.6401,22.3087],[90.6587,22.3795],[90.6014,22.4292]]],[[[90.6475,22.4247],[90.6673,22.439],[90.6653,22.4691],[90.6535,22.4835],[90.6475,22.4247]]],[[[91.4238,22.5253],[91.4428,22.4648],[91.5587,22.4648],[91.4676,22.5863],[91.4238,22.5253]]],[[[91.8538,21.6647],[91.87,21.4934],[91.9611,21.5062],[91.9356,21.7812],[91.8877,21.685],[91.8723,21.7548],[91.8538,21.6647]]],[[[91.8798,21.8462],[91.8877,21.8662],[91.8843,21.8772],[91.8798,21.8462]]],[[[72.8402,18.9934],[72.9343,19.0341],[72.9356,19.1151],[72.9748,19.1631],[72.9755,19.0831],[73.0899,19.2505],[73.0294,19.2505],[73.0266,19.2055],[72.9991,19.2505],[72.8679,19.2505],[72.8402,18.9934]]],[[[71.4924,22.3363],[71.5387,22.0791],[71.9848,22.0791],[72.0451,21.9505],[72.2957,22.0512],[72.3065,22.2296],[72.2391,22.2389],[72.2404,22.2882],[72.1488,22.2779],[72.2085,22.3004],[72.3283,22.2607],[72.3972,22.3668],[72.3883,22.272],[72.9175,22.2714],[72.916,22.2231],[72.8123,22.2341],[72.7482,22.164],[72.6141,22.2117],[72.5319,22.1212],[72.5427,21.9108],[72.7345,21.994],[72.6184,21.9251],[72.5499,21.7561],[72.7981,21.6735],[73.132,21.7578],[72.6942,21.5426],[72.6532,21.4493],[72.7471,21.4529],[72.6349,21.4074],[72.5935,21.3132],[72.7345,21.1989],[72.6561,21.1543],[72.714,21.1641],[72.7257,21.0879],[72.8096,21.13],[72.8499,21.048],[72.7783,21.0376],[72.8884,20.9826],[72.887,20.8064],[72.9468,20.7595],[72.8989,20.7322],[72.8442,20.4077],[72.9994,20.472],[72.9924,20.4077],[73.289,20.4077],[73.4119,20.8577],[73.5813,21.0505],[73.7298,21.0505],[74.2178,21.4363],[74.2393,21.6291],[74.0236,21.6934],[73.9708,21.8863],[73.8222,21.8863],[73.9037,21.9505],[73.873,22.3363],[74.0366,22.4648],[73.9026,22.5934],[74.1334,22.6577],[74.1559,22.8506],[74.0222,22.9791],[73.9477,22.9791],[73.7702,23.3649],[73.5622,23.4934],[72.8321,23.622],[72.7343,23.4291],[72.5031,23.3649],[72.4515,23.5577],[72.0041,23.5577],[71.9663,23.2363],[72.1898,23.2363],[72.2346,22.9791],[72.6964,23.1077],[72.6815,22.9791],[73.1209,22.9148],[73.1656,22.6577],[72.0563,22.722],[71.8257,22.6577],[71.8114,22.5291],[71.6625,22.5291],[71.4924,22.3363]]],[[[71.8617,21.6291],[71.936,21.6291],[71.9084,21.372],[72.1146,21.3263],[72.2988,21.6263],[72.166,21.7939],[72.0218,21.7986],[71.8755,21.7577],[71.8617,21.6291]]],[[[83.1473,22.1434],[83.2793,22.0148],[83.5024,22.0148],[83.6594,22.0791],[83.6763,22.2077],[83.7507,22.2077],[83.7103,22.4648],[83.487,22.4648],[83.1725,22.3363],[83.1473,22.1434]]],[[[91.0304,22.1434],[91.1868,22.2278],[91.0923,22.3913],[91.0304,22.1434]]],[[[14.3384,35.9455],[14.3815,35.843],[14.5618,35.8298],[14.5078,35.9285],[14.3773,35.9936],[14.3384,35.9455]]],[[[-1.6708,60.242],[-1.5037,60.2434],[-1.4664,60.2172],[-1.5273,60.1929],[-1.4554,60.1562],[-1.3497,60.2111],[-1.4111,60.2589],[-1.3293,60.2043],[-1.2677,60.2452],[-1.3124,60.1806],[-1.2694,60.1855],[-1.2797,60.0881],[-1.2032,60.0653],[-1.1722,60.3476],[-1.0656,60.3749],[-1.1251,60.3837],[-1.1034,60.4308],[-1.2208,60.4091],[-1.1517,60.4308],[-1.2175,60.498],[-1.295,60.4711],[-1.2336,60.4438],[-1.3702,60.4022],[-1.295,60.4923],[-1.3361,60.4854],[-1.3092,60.5577],[-1.4187,60.6083],[-1.4801,60.5394],[-1.3844,60.5121],[-1.527,60.5568],[-1.6094,60.4833],[-1.446,60.4923],[-1.395,60.39],[-1.2604,60.355],[-1.3435,60.3476],[-1.364,60.2862],[-1.6387,60.3115],[-1.6708,60.242]]],[[[-1.3457,60.109],[-1.345,60.1076],[-1.3201,60.1001],[-1.3158,60.1155],[-1.3457,60.109]]],[[[-1.18,60.6247],[-1.1347,60.503],[-1.1642,60.5577],[-1.0239,60.5852],[-1.0623,60.6629],[-0.9935,60.6356],[-0.9935,60.7311],[-1.0921,60.7353],[-1.1034,60.6151],[-1.18,60.6247]]],[[[-0.9662,60.6902],[-0.8219,60.685],[-0.8271,60.8399],[-0.9388,60.8001],[-0.9662,60.6902]]],[[[-0.9388,60.6287],[-0.9174,60.6062],[-0.8138,60.6265],[-0.8221,60.6287],[-0.9388,60.6287]]],[[[165.9093,-50.7707],[165.9787,-50.8435],[166.0402,-50.752],[166.0612,-50.8307],[166.1089,-50.8028],[166.2244,-50.8601],[166.2326,-50.7551],[166.1227,-50.7004],[166.2263,-50.6935],[166.1643,-50.6868],[166.2121,-50.6526],[166.1847,-50.611],[166.2921,-50.5774],[166.099,-50.5356],[166.1568,-50.5864],[165.9093,-50.7707]]],[[[165.9945,-50.8734],[166.0219,-50.9064],[166.1227,-50.912],[166.1296,-50.9026],[166.2263,-50.8854],[166.137,-50.8644],[166.0959,-50.8513],[166.0768,-50.8624],[165.9945,-50.8734]]],[[[146.9409,-42.9588],[147.1981,-43.2828],[147.2501,-43.2668],[147.2477,-43.1292],[147.3013,-43.0831],[147.2544,-43.0273],[147.3332,-43.0427],[147.342,-42.9582],[147.1882,-42.7636],[146.9477,-42.7636],[147.0212,-42.9588],[146.9409,-42.9588]]],[[[147.2918,-43.153],[147.2957,-43.1656],[147.3181,-43.1772],[147.3587,-43.1818],[147.3293,-43.1448],[147.2918,-43.153]]],[[[147.344,-43.089],[147.3706,-43.089],[147.36,-43.0749],[147.344,-43.089]]],[[[147.3473,-43.228],[147.3494,-43.2327],[147.3885,-43.2192],[147.377,-43.2047],[147.3473,-43.228]]],[[[146.8603,-41.3996],[147.0064,-41.5942],[147.2943,-41.6591],[147.276,-41.5293],[146.8603,-41.3996]]],[[[150.4884,-34.5579],[150.557,-34.8152],[150.7077,-34.9439],[150.7854,-34.8041],[150.7196,-34.5579],[150.4884,-34.5579]]],[[[150.5989,-33.7861],[150.7345,-34.172],[150.6576,-34.172],[150.8783,-34.4292],[150.9242,-34.2363],[151.0684,-34.1748],[151.0478,-34.0433],[151.2016,-34.0433],[151.0952,-34.0144],[151.2019,-33.9592],[151.2354,-33.9907],[151.2775,-33.9252],[151.185,-33.5932],[151.2451,-33.5901],[150.9199,-33.5289],[150.9547,-33.5932],[150.7244,-33.5932],[150.5989,-33.7861]]],[[[151.983,-32.5003],[152.0829,-32.6917],[152.2147,-32.6932],[152.203,-32.6289],[152.4958,-32.4573],[152.4514,-32.3718],[152.0361,-32.3075],[152.0594,-32.5003],[151.983,-32.5003]]],[[[123.3143,-10.3134],[123.4134,-10.3326],[123.3963,-10.2278],[123.5046,-10.1713],[123.4038,-10.1576],[123.3143,-10.3134]]],[[[123.4686,-10.3562],[123.7993,-10.3747],[124.0339,-10.2761],[124.1224,-10.1725],[124.4118,-10.165],[124.459,-10.0646],[124.5312,-10.0646],[124.5928,-9.9361],[124.9279,-9.6146],[124.8254,-9.2932],[125.0388,-9.2289],[125.0217,-9.036],[124.7909,-9.0184],[124.6043,-9.1563],[124.3371,-9.2138],[124.2583,-9.4861],[123.966,-9.4861],[123.9023,-9.4342],[123.7938,-9.517],[123.6716,-9.6502],[123.6604,-9.8713],[123.5838,-9.944],[123.5774,-10.0344],[123.7647,-10.075],[123.5154,-10.2131],[123.4686,-10.3562]]],[[[118.3944,-8.3077],[118.5042,-8.8432],[118.9258,-8.7964],[118.702,-8.7481],[118.7651,-8.7109],[118.8984,-8.6884],[118.9719,-8.7512],[119.0695,-8.7409],[118.9075,-8.2944],[118.7539,-8.3264],[118.6673,-8.5473],[118.6958,-8.3713],[118.6583,-8.3072],[118.3944,-8.3077]]],[[[122.7817,-8.4575],[122.7922,-8.586],[122.8448,-8.586],[122.7817,-8.4575]]],[[[122.8755,-8.4575],[122.8973,-8.4606],[122.899,-8.4575],[122.8755,-8.4575]]],[[[122.883,-8.5829],[122.9383,-8.586],[123.0008,-8.4575],[123.1799,-8.4444],[122.9998,-8.4487],[122.883,-8.5829]]],[[[122.9123,-8.2646],[122.9196,-8.3556],[123.0187,-8.3341],[123.0263,-8.2893],[122.9123,-8.2646]]],[[[123.0195,-8.3918],[123.2893,-8.4045],[123.3486,-8.2688],[123.2774,-8.2646],[123.2147,-8.3932],[123.2095,-8.3289],[123.0757,-8.3],[123.0195,-8.3918]]],[[[123.2273,-8.5261],[123.4067,-8.5895],[123.5189,-8.5424],[123.512,-8.4575],[123.7258,-8.3932],[123.7833,-8.2003],[123.7013,-8.2512],[123.6416,-8.2231],[123.5891,-8.3736],[123.5179,-8.353],[123.5676,-8.2477],[123.4142,-8.2672],[123.3696,-8.3167],[123.4857,-8.3508],[123.2273,-8.5261]]],[[[123.9072,-8.4548],[124.0188,-8.4299],[124.0593,-8.5515],[124.1611,-8.5257],[124.1587,-8.3289],[124.2064,-8.4324],[124.2992,-8.2519],[124.2128,-8.2369],[124.1094,-8.3849],[124.0233,-8.3134],[123.9072,-8.4548]]],[[[123.9253,-8.2733],[123.9324,-8.2714],[123.9346,-8.2645],[123.9253,-8.2733]]],[[[124.3335,-8.413],[124.4279,-8.4675],[124.9894,-8.3734],[125.0245,-8.2003],[124.6797,-8.1668],[124.603,-8.2068],[124.5866,-8.1578],[124.4565,-8.1451],[124.3924,-8.2652],[124.5476,-8.2307],[124.3335,-8.413]]],[[[130.7634,-8.3508],[130.9768,-8.2343],[131.0057,-8.136],[130.9247,-8.136],[130.9134,-8.2136],[130.7634,-8.3508]]],[[[127.6508,-8.1762],[127.6692,-8.2409],[127.7688,-8.2126],[127.7419,-8.1589],[127.6508,-8.1762]]],[[[127.7616,-8.1174],[127.8504,-8.2066],[127.8018,-8.1011],[127.7616,-8.1174]]],[[[129.5852,-7.902],[129.7577,-8.0515],[129.7384,-7.8146],[129.6012,-7.8073],[129.5852,-7.902]]],[[[125.7743,-8.0074],[126.054,-7.8847],[126.4662,-7.9666],[126.5269,-7.8146],[126.6448,-7.7709],[126.5259,-7.5865],[126.2031,-7.7135],[125.9689,-7.6601],[125.8142,-7.8503],[125.7743,-8.0074]]],[[[130.9712,-7.7013],[131.0923,-7.6923],[131.1326,-7.6233],[130.9712,-7.7013]]],[[[131.0574,-7.5079],[131.1748,-7.4042],[131.1045,-7.4091],[131.0574,-7.5079]]],[[[131.0902,-7.8488],[131.1066,-7.9913],[131.2297,-8.0035],[131.2764,-7.8789],[131.5528,-7.686],[131.5801,-7.1266],[131.4531,-7.3344],[131.2415,-7.4877],[131.1813,-7.6496],[131.2498,-7.7066],[131.1226,-7.691],[131.1611,-7.7996],[131.0902,-7.8488]]],[[[131.2158,-7.3571],[131.2771,-7.3708],[131.2976,-7.3191],[131.2158,-7.3571]]],[[[130.841,-7.5287],[130.9858,-7.5519],[130.8587,-7.4869],[130.841,-7.5287]]],[[[130.9893,-7.4732],[131.026,-7.4838],[131.0207,-7.415],[130.9893,-7.4732]]],[[[105.3645,-6.6656],[105.4148,-6.8503],[105.9787,-6.8177],[106.333,-7.0007],[106.5108,-6.9638],[106.5405,-7.0546],[106.3861,-7.2306],[106.3978,-7.3785],[107.4114,-7.4959],[107.8645,-7.7451],[108.0048,-7.7529],[108.166,-7.1717],[108.6689,-7.0431],[109.4023,-7.1074],[109.4913,-7.3646],[110.0144,-7.5574],[110.0229,-7.686],[110.3106,-7.6217],[110.2251,-7.4288],[110.2858,-7.236],[110.9425,-7.236],[111.0277,-7.4288],[110.9589,-7.4931],[110.5899,-7.4288],[110.6712,-7.5574],[110.8172,-7.5574],[110.6926,-7.8789],[110.7748,-8.1967],[111.0173,-8.2547],[111.103,-8.2068],[111.162,-8.2819],[111.2761,-8.2483],[111.4469,-8.3029],[111.9707,-8.2778],[112.6727,-8.447],[112.8338,-8.3757],[112.9027,-8.404],[113.0267,-8.303],[113.2407,-8.2809],[113.7239,-8.5283],[113.8062,-8.5011],[113.8235,-8.5563],[113.9644,-8.5624],[113.98,-8.6202],[114.3026,-8.6119],[114.3853,-8.6647],[114.367,-8.7415],[114.4523,-8.7471],[114.3017,-8.3289],[114.4107,-7.8146],[114.2586,-7.7004],[113.4283,-7.7317],[113.3231,-7.7856],[113.0925,-7.7503],[112.7146,-7.5574],[112.6945,-7.2517],[112.6038,-7.1926],[112.679,-7.1926],[112.6141,-7.0912],[112.6658,-7.0549],[112.5828,-6.9899],[112.5951,-6.94],[112.5314,-6.9788],[112.5275,-6.9151],[112.4352,-6.8705],[112.1627,-6.9145],[111.936,-6.786],[111.6442,-6.786],[111.4934,-6.6235],[111.3664,-6.712],[111.1444,-6.6918],[111.0531,-6.6574],[110.8975,-6.4085],[110.6711,-6.4999],[110.5715,-6.8362],[110.381,-6.9757],[110.2353,-6.9088],[108.9448,-6.8494],[108.5807,-6.786],[108.3364,-6.336],[107.5272,-6.2074],[107.3712,-6.0145],[107.2312,-5.966],[107.0444,-5.9143],[107.0051,-6.0724],[106.7932,-6.1041],[106.242,-5.9591],[106.176,-6.0139],[106.1084,-5.9299],[106.0065,-5.9077],[105.8672,-6.1101],[105.7822,-6.5121],[105.7114,-6.5346],[105.6439,-6.4823],[105.6222,-6.6316],[105.4901,-6.809],[105.3645,-6.6656]]],[[[112.6926,-7.0585],[112.7264,-7.1588],[113.1279,-7.2311],[113.1223,-7.1394],[113.1655,-7.2199],[113.5056,-7.2429],[113.6101,-7.1292],[113.8056,-7.1285],[113.8486,-7.0431],[113.9844,-7.0203],[113.9162,-6.8658],[113.0674,-6.881],[112.842,-6.9089],[112.6926,-7.0585]]],[[[112.7153,-7.2384],[112.8156,-7.2494],[112.7682,-7.1994],[112.7153,-7.2384]]],[[[128.5288,-7.1305],[128.5483,-7.1638],[128.5717,-7.087],[128.5288,-7.1305]]],[[[134.053,-6.7643],[134.1607,-6.8812],[134.3188,-6.853],[134.3836,-6.5288],[134.4804,-6.5498],[134.49,-6.5113],[134.1238,-6.1716],[134.1204,-6.4199],[134.21,-6.5074],[134.1106,-6.4592],[134.053,-6.7643]]],[[[134.1176,-6.0988],[134.3377,-6.332],[134.4229,-6.2809],[134.2715,-6.1784],[134.2341,-6.1301],[134.2715,-6.0617],[134.2178,-6.0236],[134.2067,-6.0788],[134.1176,-6.0988]]],[[[134.1857,-5.7555],[134.2069,-5.8273],[134.2283,-5.7734],[134.1857,-5.7555]]],[[[134.202,-5.7125],[134.3783,-5.7937],[134.2881,-5.9239],[134.3018,-6.0163],[134.3693,-6.0239],[134.2759,-6.0836],[134.3335,-6.2214],[134.5537,-6.3559],[134.6476,-6.3441],[134.5302,-5.4372],[134.4912,-5.4482],[134.5047,-5.5478],[134.457,-5.5341],[134.3518,-5.7145],[134.202,-5.7125]]],[[[134.3472,-6.3596],[134.5418,-6.5295],[134.6078,-6.4215],[134.4461,-6.2854],[134.3472,-6.3596]]],[[[134.6238,-6.4861],[134.676,-6.5627],[134.6621,-6.4557],[134.6238,-6.4861]]],[[[132.6614,-5.8454],[132.6919,-5.9288],[132.7756,-5.9239],[132.8123,-5.8196],[132.7746,-5.7324],[132.6768,-5.7181],[132.6614,-5.8454]]],[[[132.8699,-5.9096],[132.9464,-5.7574],[132.9289,-5.7549],[132.9289,-5.7771],[132.9001,-5.8139],[132.8699,-5.9096]]],[[[133.0081,-5.6262],[133.0112,-5.6288],[133.0103,-5.6147],[133.0081,-5.6262]]],[[[133.0406,-5.4984],[133.0722,-5.4359],[133.0614,-5.4391],[133.0406,-5.4984]]],[[[121.8068,-5.2599],[121.8818,-5.3902],[121.9894,-5.3716],[121.9024,-5.0612],[121.8068,-5.2599]]],[[[119.3528,-5.3556],[119.4333,-5.5878],[119.5176,-5.558],[119.5524,-5.6433],[119.634,-5.6174],[119.6769,-5.697],[119.8057,-5.6925],[119.9149,-5.5689],[120.1125,-5.5913],[120.3207,-5.5107],[120.3096,-5.3074],[119.6536,-5.3074],[119.6969,-4.7288],[119.565,-4.6171],[119.4912,-4.7541],[119.5198,-4.9167],[119.3528,-5.3556]]],[[[122.2752,-5.3276],[122.3639,-5.3898],[122.451,-5.315],[122.4072,-5.3532],[122.4686,-5.3964],[122.5115,-5.2867],[122.5435,-5.4288],[122.6475,-5.3449],[122.6043,-5.1599],[122.78,-4.9166],[122.7111,-4.6155],[122.3827,-4.7459],[122.3275,-4.8421],[122.4026,-5.0618],[122.3325,-5.1238],[122.2752,-5.3276]]],[[[122.5671,-5.5069],[122.6396,-5.6635],[122.7356,-5.6269],[122.7947,-5.6906],[122.7983,-5.5002],[122.9775,-5.3942],[123.0771,-5.4086],[122.9979,-5.1736],[122.9499,-5.1902],[122.976,-5.1088],[122.9129,-4.9216],[123.1199,-4.7224],[123.033,-4.4073],[122.9089,-4.4745],[122.855,-4.6096],[122.8335,-4.9291],[122.7527,-5.0339],[122.8045,-5.0436],[122.7576,-5.2067],[122.8147,-5.2114],[122.721,-5.2662],[122.5671,-5.5069]]],[[[122.7649,-4.4774],[122.7731,-4.4684],[122.773,-4.4659],[122.7649,-4.4774]]],[[[122.8117,-4.4112],[122.8421,-4.4381],[122.8623,-4.4073],[122.8144,-4.4073],[122.8117,-4.4112]]],[[[127.9124,-3.7031],[127.9541,-3.7732],[128.2029,-3.6393],[128.1361,-3.7327],[128.2453,-3.7002],[128.2377,-3.5251],[128.0477,-3.5847],[127.9124,-3.7031]]],[[[125.9917,-3.2482],[126.0526,-3.4463],[126.203,-3.631],[126.6966,-3.8638],[127.1633,-3.6564],[127.2145,-3.443],[127.1486,-3.3345],[127.1139,-3.3686],[127.0545,-3.323],[127.0559,-3.2595],[127.1105,-3.2718],[127.0583,-3.1859],[126.84,-3.0737],[126.361,-3.0896],[126.202,-3.1818],[126.0909,-3.1121],[125.9917,-3.2482]]],[[[127.7138,-3.1859],[127.7164,-3.2488],[127.7785,-3.2442],[127.7844,-3.1687],[127.7138,-3.1859]]],[[[127.827,-3.029],[127.9473,-3.0185],[127.9944,-2.9391],[127.827,-3.029]]],[[[127.8423,-3.1733],[127.9163,-3.3054],[128.1843,-3.0744],[128.1787,-3.1943],[128.2721,-3.2115],[128.4841,-3.4625],[128.8775,-3.2026],[128.9819,-3.2519],[128.9608,-3.3556],[129.2362,-3.4016],[129.5462,-3.396],[129.502,-3.3344],[129.5449,-3.2978],[129.8905,-3.3331],[130.0017,-3.4731],[130.7405,-3.8241],[130.786,-3.5073],[130.562,-3.3787],[130.5513,-3.1216],[130.3871,-2.993],[129.9635,-2.993],[129.6118,-2.8068],[129.3849,-2.8001],[129.1771,-2.9577],[129.1052,-2.9479],[129.0529,-2.8045],[128.8652,-2.8621],[128.1755,-2.857],[128.07,-2.9706],[128.1179,-2.9843],[128.1037,-3.067],[127.8423,-3.1733]]],[[[107.4573,-2.8273],[107.4601,-2.9167],[107.5047,-2.8547],[107.4573,-2.8273]]],[[[107.5471,-2.9167],[107.611,-2.9179],[107.5811,-3.0107],[107.6426,-3.1284],[107.6019,-3.1859],[107.7782,-3.1859],[107.8705,-3.0517],[107.9687,-3.1859],[108.0766,-3.1859],[108.1277,-3.1535],[108.18,-2.6749],[107.8443,-2.543],[107.6703,-2.5615],[107.6034,-2.871],[107.5471,-2.9167]]],[[[125.262,-1.7715],[125.2651,-1.8748],[125.3184,-1.8826],[125.3148,-1.779],[125.262,-1.7715]]],[[[125.3353,-1.8507],[125.5089,-1.9357],[125.9276,-1.9314],[126.0954,-1.8872],[126.1252,-1.8015],[125.4021,-1.7747],[125.3353,-1.8507]]],[[[125.8626,-2.0866],[126.0082,-2.4533],[125.9242,-1.9715],[125.8626,-2.0866]]],[[[129.7149,-1.8814],[130.1265,-2.067],[130.2319,-2.0547],[130.2869,-1.8358],[130.3597,-1.8358],[130.2999,-1.6891],[129.7149,-1.8814]]],[[[124.3006,-1.9875],[124.3713,-2.0122],[124.3489,-1.9596],[124.3006,-1.9875]]],[[[124.3291,-1.8708],[124.4168,-2.006],[124.8283,-1.8951],[124.9697,-1.9306],[125.1853,-1.8809],[125.1146,-1.7073],[125.11,-1.7585],[125.048,-1.7653],[124.9556,-1.6965],[124.5273,-1.643],[124.3849,-1.6679],[124.3291,-1.8708]]],[[[127.2923,-1.4281],[127.3167,-1.4363],[127.3478,-1.4128],[127.3788,-1.4055],[127.3782,-1.4026],[127.2923,-1.4281]]],[[[127.3787,-1.6323],[127.5327,-1.7314],[128.0265,-1.7087],[128.014,-1.512],[127.6533,-1.3858],[127.6343,-1.3287],[127.4878,-1.45],[127.4284,-1.4151],[127.3787,-1.6323]]],[[[124.7298,1.4167],[124.959,1.25],[125.172,1.4351],[125.1273,1.6766],[124.9709,1.7],[124.8259,1.5729],[124.8357,1.4691],[124.7298,1.4167]]],[[[125.1716,1.4045],[125.1791,1.3969],[125.1756,1.4159],[125.1747,1.4155],[125.1716,1.4045]]]]}},{"type":"Feature","properties":{"relationId":"cliopatria-relation-47a385401ec8","name":"(Allegiance of Kingdom of Hawaï'i to British Empire)","name_ko":"하와이 왕국–대영제국 충성·복속 관계","relationKind":"allegiance","relation_kind_ko":"충성·복속 관계","actor_ids":"cliopatria-q156418-f0934fada9;cliopatria-q8680-3114df4bb9","actor_names_ko":"하와이 왕국;대영제국","color":"#e7b763","startYear":1814,"endYear":1814,"source_name":"Cliopatria v0.2.0","source_url":"https://github.com/Seshat-Global-History-Databank/cliopatria","license":"CC BY 4.0","attribution":"Seshat Global History Databank, Cliopatria contributors"},"geometry":{"type":"MultiPolygon","coordinates":[[[[-156.0023,19.7648],[-155.93,19.5077],[-155.7459,19.3791],[-155.6921,19.1862],[-155.8401,19.1862],[-155.7873,18.9962],[-155.6248,18.95],[-155.5028,19.1377],[-155.2911,19.2595],[-155.0267,19.3162],[-154.8172,19.4797],[-154.9899,19.7267],[-155.0854,19.7274],[-155.0871,19.8604],[-155.168,19.9468],[-155.5864,20.1229],[-155.738,20.2438],[-155.7959,20.256],[-155.7968,20.0862],[-155.8697,20.0862],[-155.7982,19.8291],[-156.0023,19.7648]]],[[[-156.696,20.9158],[-156.6126,20.8078],[-156.4643,20.7814],[-156.4077,20.5872],[-156.1295,20.6245],[-155.9847,20.7176],[-156.0017,20.8004],[-156.2058,20.9085],[-156.4817,20.9044],[-156.6747,20.9791],[-156.696,20.9158]]],[[[-157.0188,20.8577],[-156.9477,20.7331],[-156.8035,20.8126],[-156.8927,20.9141],[-157,20.922],[-156.9813,20.8577],[-157.0188,20.8577]]],[[[-157.2788,21.1148],[-156.8696,21.0534],[-156.7556,21.1023],[-156.7766,21.1746],[-157.2358,21.2211],[-157.2046,21.1148],[-157.2788,21.1148]]],[[[-158.2449,21.546],[-158.0943,21.2936],[-157.9806,21.3185],[-157.9913,21.3911],[-157.9318,21.3717],[-157.947,21.3027],[-157.8949,21.3317],[-157.8108,21.2542],[-157.6779,21.2811],[-157.7257,21.459],[-157.7762,21.4133],[-157.8421,21.461],[-157.8364,21.534],[-157.9697,21.7091],[-158.2449,21.546]]],[[[-160.248,21.828],[-160.1982,21.7839],[-160.0722,21.9108],[-160.06,22.0006],[-160.248,21.828]]],[[[-159.7422,22.1089],[-159.7396,21.9725],[-159.4373,21.8688],[-159.3341,21.9581],[-159.2928,22.1464],[-159.3579,22.2227],[-159.5585,22.233],[-159.7422,22.1089]]],[[[-123.4139,45.5623],[-123.1207,45.3004],[-122.848,45.3659],[-123.1411,45.6278],[-123.4139,45.5623]]],[[[-124.0137,46.2223],[-123.9328,46.051],[-123.6811,45.8898],[-123.4082,45.9554],[-123.6497,46.1804],[-123.8654,46.1865],[-123.7783,46.1434],[-123.7987,46.1024],[-124.0137,46.2223]]],[[[-123.9079,46.2478],[-123.873,46.2402],[-123.8341,46.2655],[-123.9079,46.2478]]],[[[-123.7831,46.2778],[-123.7645,46.2733],[-123.7574,46.2808],[-123.7601,46.2833],[-123.7831,46.2778]]],[[[-115.3853,47.5982],[-115.0913,47.3348],[-114.8143,47.4006],[-115.1083,47.6641],[-115.3853,47.5982]]],[[[-117.9958,48.0597],[-117.6936,47.7959],[-117.4176,47.8619],[-117.7199,48.1257],[-117.9958,48.0597]]],[[[-120.4875,48.4559],[-120.1774,48.1917],[-119.9024,48.2578],[-120.2127,48.522],[-120.4875,48.4559]]],[[[-100.3681,50.3791],[-100.0749,50.113],[-99.7911,50.1795],[-100.0844,50.4457],[-100.3681,50.3791]]],[[[-120.8607,50.4457],[-120.5281,50.1795],[-120.2539,50.246],[-120.5868,50.5122],[-120.8607,50.4457]]],[[[-102.4248,51.0457],[-101.8203,50.5122],[-101.5373,50.5789],[-102.1421,51.1124],[-102.4248,51.0457]]],[[[-105.922,52.2505],[-105.5989,51.9822],[-105.3176,52.0492],[-105.6408,52.3176],[-105.922,52.2505]]],[[[-110.2008,52.4519],[-109.8669,52.1833],[-109.5877,52.2505],[-109.9218,52.5191],[-110.2008,52.4519]]],[[[-114.8363,52.6535],[-114.4906,52.3847],[-114.2138,52.4519],[-114.5596,52.7208],[-114.8363,52.6535]]],[[[-118.5786,53.0574],[-118.2207,52.7881],[-117.9458,52.8554],[-118.3039,53.1248],[-118.5786,53.0574]]],[[[-101.5404,53.1922],[-101.2172,52.9227],[-100.9333,52.99],[-101.2565,53.2596],[-101.5404,53.1922]]],[[[-115.6008,53.5971],[-115.2435,53.3271],[-114.9669,53.3946],[-115.156,53.5375],[-114.9116,53.5971],[-115.271,53.8676],[-115.5476,53.7999],[-115.3679,53.6647],[-115.6008,53.5971]]],[[[-110.2489,54.2061],[-109.9632,54.0029],[-109.4652,53.9352],[-109.9692,54.2739],[-110.2489,54.2061]]],[[[-125.043,54.2739],[-124.6578,54.0029],[-124.3862,54.0706],[-124.7715,54.3417],[-125.043,54.2739]]],[[[-123.125,55.3618],[-122.7326,55.0892],[-122.4594,55.1573],[-122.8519,55.43],[-123.125,55.3618]]],[[[-107.7686,55.5665],[-107.4094,55.2936],[-107.1274,55.3618],[-107.4865,55.6348],[-107.7686,55.5665]]],[[[-100.3892,55.6348],[-100.0465,55.3618],[-99.7601,55.43],[-100.1027,55.7031],[-100.3892,55.6348]]],[[[-111.5543,55.8398],[-111.1838,55.5665],[-110.9037,55.6348],[-111.2742,55.9082],[-111.5543,55.8398]]],[[[-108.5516,55.9082],[-108.1874,55.6348],[-107.9055,55.7031],[-108.2697,55.9766],[-108.5516,55.9082]]],[[[-121.7038,56.6623],[-121.3012,56.3877],[-121.0264,56.4563],[-121.4292,56.7311],[-121.7038,56.6623]]],[[[-124.1035,58.4587],[-123.6756,58.181],[-123.4012,58.2504],[-123.8292,58.5282],[-124.1035,58.4587]]],[[[-117.0786,58.5977],[-116.6669,58.3198],[-116.3879,58.3892],[-116.7996,58.6673],[-117.0786,58.5977]]],[[[-111.0672,59.0155],[-110.6666,58.7369],[-110.3834,58.8065],[-110.784,59.0853],[-111.0672,59.0155]]],[[[-114.6823,62.6889],[-114.3261,62.4027],[-113.948,62.4742],[-114.3975,62.7606],[-114.6823,62.6889]]],[[[-117.3826,63.2634],[-116.9188,62.9758],[-116.6353,63.0477],[-117.0992,63.3354],[-117.3826,63.2634]]],[[[-69.1245,12.3717],[-69.0786,12.2043],[-68.8148,12.0432],[-68.7397,12.053],[-68.8208,12.1623],[-69.004,12.2217],[-69.1245,12.3717]]],[[[-68.3869,12.3074],[-68.2277,12.0503],[-68.19,12.2048],[-68.3869,12.3074]]],[[[-70.0191,12.5646],[-69.9305,12.426],[-69.8768,12.4274],[-70.0191,12.5646]]],[[[-89.1782,17.8362],[-89.034,17.3862],[-89.1078,17.3862],[-89.11,15.9076],[-88.9118,15.9076],[-88.9276,15.9839],[-88.7457,16.1549],[-88.7401,16.2302],[-88.6466,16.2866],[-88.5366,16.2713],[-88.3113,16.6623],[-88.3448,16.5246],[-88.3016,16.7717],[-88.2486,16.8131],[-88.2833,16.8913],[-88.2151,16.9671],[-88.3005,17.1779],[-88.2863,17.3397],[-88.2423,17.4875],[-88.1789,17.4934],[-88.2877,17.6042],[-88.0948,18.1028],[-88.095,18.3338],[-88.1465,18.3093],[-88.0982,18.3586],[-88.2757,18.3582],[-88.358,18.3037],[-88.3175,18.3748],[-88.391,18.3706],[-88.2866,18.4628],[-88.3945,18.4791],[-88.7556,17.9648],[-89.0509,17.9648],[-89.1782,17.8362]]],[[[-64.8819,17.7659],[-64.8726,17.6863],[-64.6013,17.7386],[-64.7716,17.7926],[-64.8819,17.7659]]],[[[-78.3747,18.2656],[-78.234,18.1932],[-78.0503,18.1851],[-77.7307,17.8548],[-77.4177,17.8617],[-77.189,17.7076],[-77.1337,17.7104],[-77.1407,17.7653],[-77.2165,17.7721],[-77.1417,17.8811],[-77.0642,17.8995],[-77.0367,17.8466],[-76.9058,17.8862],[-76.85,17.9923],[-76.7224,17.9496],[-76.8323,17.9366],[-76.7077,17.9459],[-76.6028,17.8676],[-76.188,17.9155],[-76.3511,18.156],[-76.7828,18.2778],[-76.8949,18.4093],[-77.9023,18.5188],[-77.97,18.4431],[-78.1827,18.4466],[-78.3747,18.2656]]],[[[-73.6791,21.0295],[-73.6612,20.9222],[-73.189,20.9682],[-73.1298,20.9937],[-73.0178,21.2434],[-73.1112,21.2434],[-73.2552,21.1351],[-73.3899,21.2333],[-73.6678,21.1152],[-73.6791,21.0295]]],[[[-72.2938,21.8368],[-72.2555,21.7652],[-72.1244,21.8153],[-72.2318,21.7934],[-72.2938,21.8368]]],[[[-72.133,21.8476],[-72.1163,21.8537],[-72.1249,21.8546],[-72.133,21.8476]]],[[[-72.0997,21.8646],[-72.0945,21.868],[-72.096,21.8782],[-72.0997,21.8646]]],[[[-72.8962,22.4041],[-72.7972,22.2936],[-72.7509,22.3112],[-72.8962,22.4041]]],[[[-74.1155,22.2981],[-73.8654,22.48],[-73.8312,22.5414],[-73.8995,22.6985],[-73.8591,22.7005],[-73.9368,22.72],[-73.8708,22.5353],[-73.8964,22.4648],[-74.0758,22.3923],[-74.1155,22.2981]]],[[[-75.171,23.4291],[-75.1313,23.1927],[-75.0685,23.1166],[-75.117,23.1077],[-74.978,23.0729],[-74.8336,22.9148],[-74.9097,23.0673],[-75.06,23.1417],[-75.171,23.4291]]],[[[-77.919,24.2006],[-77.9098,24.1742],[-77.8807,24.1863],[-77.8539,24.2347],[-77.8084,24.2394],[-77.7987,24.2546],[-77.85,24.2515],[-77.9013,24.2187],[-77.919,24.2006]]],[[[-77.8987,24.1423],[-77.7987,23.8567],[-77.6609,23.8847],[-77.7646,23.8232],[-77.6963,23.7822],[-77.5941,23.8535],[-77.6698,23.7714],[-77.5517,23.7978],[-77.5165,23.9188],[-77.6007,23.9051],[-77.525,23.9704],[-77.6075,24.2182],[-77.744,24.0355],[-77.7023,24.1127],[-77.7577,24.1726],[-77.6312,24.2491],[-77.7454,24.2649],[-77.8987,24.1423]]],[[[-77.7633,23.753],[-77.7624,23.7506],[-77.695,23.7657],[-77.7491,23.7783],[-77.744,23.7611],[-77.7633,23.753]]],[[[-74.5297,24.0348],[-74.4923,23.9604],[-74.4271,24.0832],[-74.4601,24.1363],[-74.5297,24.1004],[-74.5297,24.0348]]],[[[-75.5884,24.5221],[-75.5853,24.5054],[-75.5359,24.3935],[-75.4934,24.3935],[-75.5322,24.4449],[-75.569,24.5168],[-75.5884,24.5221]]],[[[-75.4889,24.3876],[-75.4101,24.2729],[-75.4439,24.1381],[-75.2904,24.1447],[-75.4889,24.3876]]],[[[-78.3805,24.6653],[-78.3551,24.5337],[-78.1344,24.5016],[-78.0645,24.3292],[-77.9086,24.3508],[-77.7187,24.4998],[-77.7372,24.7002],[-77.9806,25.0019],[-77.9769,25.1384],[-78.0452,25.1831],[-78.1926,25.2053],[-78.1577,25.0002],[-78.2559,24.7149],[-78.1965,24.604],[-78.2377,24.5569],[-78.2716,24.6313],[-78.3263,24.5854],[-78.3114,24.7101],[-78.3805,24.6653]]],[[[-78.2947,24.7149],[-78.2648,24.6723],[-78.2642,24.7105],[-78.2668,24.7149],[-78.2947,24.7149]]],[[[-77.8837,24.3292],[-77.8475,24.3292],[-77.8328,24.3496],[-77.8692,24.3468],[-77.8836,24.3411],[-77.8837,24.3292]]],[[[-77.8015,24.3292],[-77.7935,24.3292],[-77.7863,24.3398],[-77.8015,24.3292]]],[[[-76.2411,24.8134],[-76.1749,24.7792],[-76.1505,24.9408],[-76.2056,24.9241],[-76.1824,24.8488],[-76.2411,24.8134]]],[[[-76.5542,25.4121],[-76.5292,25.3697],[-76.4896,25.3513],[-76.3716,25.3225],[-76.3463,25.3035],[-76.3389,25.2936],[-76.3347,25.2936],[-76.3413,25.3269],[-76.3516,25.3386],[-76.4609,25.3546],[-76.5542,25.4121]]],[[[-77.6549,26.9082],[-77.6442,26.8617],[-77.5344,26.8632],[-77.3084,26.5995],[-77.1607,26.5642],[-77.2453,26.3086],[-77.2233,26.1458],[-77.3207,26.0776],[-77.2808,25.9365],[-77.1909,25.9365],[-77.1649,26.2454],[-77.0148,26.3157],[-77.0498,26.5163],[-77.2699,26.6251],[-77.3052,26.674],[-77.2506,26.6877],[-77.5113,26.8695],[-77.6549,26.9082]]],[[[-78.7572,26.5803],[-78.6861,26.4919],[-78.5215,26.5704],[-77.9743,26.6612],[-77.9848,26.708],[-78.32,26.6865],[-78.6003,26.7723],[-78.6218,26.7118],[-78.5736,26.6842],[-78.7572,26.5803]]],[[[-64.8612,32.3002],[-64.8592,32.2988],[-64.8607,32.3004],[-64.8612,32.3002]]],[[[-64.8325,32.2872],[-64.8,32.2833],[-64.8155,32.2888],[-64.8325,32.2872]]],[[[-64.8162,32.2694],[-64.8027,32.2602],[-64.6779,32.3345],[-64.7025,32.3484],[-64.7376,32.3377],[-64.7395,32.3287],[-64.7131,32.3426],[-64.7054,32.3361],[-64.7186,32.3237],[-64.7403,32.324],[-64.7801,32.3034],[-64.8108,32.3076],[-64.8054,32.2934],[-64.779,32.2911],[-64.8162,32.2694]]],[[[-64.6736,32.3572],[-64.6558,32.3504],[-64.65,32.3631],[-64.6495,32.3645],[-64.6736,32.3572]]],[[[-81.3573,42.6912],[-80.4426,42.6262],[-80.5095,42.7563],[-80.1422,42.8213],[-80.1757,42.8864],[-79.2133,42.8864],[-79.2465,42.9515],[-79.0861,42.9515],[-79.1861,43.1467],[-79.0255,43.1467],[-79.0925,43.2769],[-79.7018,43.2118],[-79.8714,43.5375],[-79.7104,43.5375],[-79.7787,43.6678],[-80.2505,43.7982],[-80.216,43.733],[-80.5038,43.6678],[-80.5616,43.4723],[-80.7226,43.4723],[-80.8148,43.3421],[-80.7246,43.0165],[-81.2524,42.9515],[-81.3573,42.6912]]],[[[-83.7479,46.1521],[-83.7158,45.9554],[-83.4708,45.9554],[-83.6661,46.1521],[-83.7479,46.1521]]],[[[-84.0262,46.3489],[-83.9496,46.2177],[-83.8678,46.2177],[-83.9443,46.3489],[-84.0262,46.3489]]],[[[-77.3486,46.4145],[-77.1245,46.1521],[-76.8328,46.2177],[-77.0567,46.4802],[-77.3486,46.4145]]],[[[-76.7145,44.4507],[-76.6472,44.3201],[-76.1954,44.3854],[-76.1619,44.3201],[-76.0002,44.3201],[-75.8102,44.5813],[-75.6482,44.5813],[-75.5867,44.7773],[-75.0859,44.908],[-75.1195,44.9734],[-71.6283,44.9734],[-71.5985,45.0132],[-74.8685,45.0101],[-74.713,44.9993],[-74.1533,45.3201],[-73.9615,45.3542],[-74.0161,45.4504],[-74.3297,45.5097],[-74.3795,45.5616],[-73.9792,45.4984],[-73.7554,45.6764],[-73.4203,45.7651],[-73.1586,46.0749],[-73.022,46.1096],[-72.9945,46.2108],[-72.6025,46.3013],[-72.258,46.4709],[-72.2279,46.5534],[-71.8805,46.6907],[-71.7202,46.6701],[-71.3417,46.7423],[-70.9569,47.0207],[-70.715,47.1176],[-70.6572,47.269],[-71.1513,47.269],[-71.2477,47.1374],[-71.5768,47.1374],[-71.6872,46.8743],[-71.9336,46.8743],[-71.8996,46.8086],[-73.0967,46.7429],[-73.0624,46.6772],[-73.6497,46.5459],[-73.8878,46.2177],[-74.3919,46.0865],[-74.4869,45.9554],[-74.7319,45.9554],[-74.6977,45.8898],[-74.861,45.8898],[-74.9559,45.7588],[-76.5873,45.7588],[-76.3242,45.1042],[-76.1749,44.9734],[-76.411,44.6466],[-76.5731,44.6466],[-76.7145,44.4507]]],[[[-74.713,44.9993],[-71.5984,45.0133],[-71.5303,45.1042],[-71.3678,45.1042],[-71.3833,45.3004],[-70.7647,45.3659],[-70.2233,46.0865],[-70.4199,46.4802],[-70.0777,46.9401],[-69.9134,46.9401],[-69.654,47.4006],[-69.3579,47.4665],[-69.3916,47.5323],[-69.1931,47.4665],[-69.0465,47.6641],[-68.6338,47.6641],[-68.6674,47.73],[-67.7258,47.6641],[-67.6596,47.5323],[-67.7421,47.5323],[-67.6762,47.4006],[-67.7586,47.4006],[-67.693,47.269],[-67.7753,47.269],[-67.798,46.4802],[-67.8799,46.4802],[-67.7843,46.2833],[-67.8662,46.2833],[-67.8028,46.1521],[-67.9031,46.0209],[-67.7461,45.6933],[-67.5519,45.6278],[-67.3665,45.235],[-67.2085,45.1672],[-67.1903,45.2332],[-67.0484,45.1022],[-66.9435,45.1898],[-66.8479,45.1283],[-66.8967,45.0795],[-66.8001,45.1078],[-66.7743,45.0612],[-66.491,45.1556],[-66.4036,45.1042],[-66.2589,45.1618],[-66.31,45.2048],[-66.2039,45.1618],[-66.0602,45.258],[-66.1968,45.3338],[-66.095,45.3542],[-66.0098,45.4643],[-66.0019,45.3986],[-66.136,45.3126],[-65.9982,45.235],[-65.7523,45.2444],[-64.9048,45.6282],[-64.7716,45.6143],[-64.5724,45.8607],[-64.7487,46.0899],[-64.5724,45.8856],[-64.5315,45.9022],[-64.4905,45.8167],[-64.5458,45.7316],[-64.4809,45.7279],[-64.3472,45.8887],[-64.2646,45.7651],[-64.3335,45.7446],[-64.3055,45.8266],[-64.3806,45.7924],[-64.457,45.6832],[-64.902,45.43],[-64.8965,45.3465],[-64.7574,45.3004],[-64.5762,45.4156],[-64.3881,45.3673],[-64.1053,45.4151],[-63.8909,45.3529],[-63.8158,45.3952],[-63.3602,45.3611],[-63.4695,45.2921],[-63.7159,45.3263],[-64.1151,45.2161],[-64.1993,45.1487],[-64.1007,45.0594],[-64.1553,44.9837],[-64.2235,45.1084],[-64.3055,45.1488],[-64.3675,45.1078],[-64.3297,45.3096],[-64.4778,45.3411],[-64.4154,45.2716],[-64.8632,45.1396],[-65.3976,44.8949],[-65.7235,44.7274],[-65.7418,44.6678],[-65.4289,44.7782],[-65.6923,44.6207],[-65.7571,44.6109],[-65.7859,44.6964],[-66.1803,44.4344],[-66.1968,44.3909],[-65.9425,44.5834],[-65.8405,44.5734],[-66.095,44.3742],[-66.1906,44.1654],[-66.1217,43.7436],[-66.0794,43.7724],[-66.0602,43.7162],[-65.9796,43.706],[-65.9967,43.8541],[-65.9713,43.7801],[-65.9372,43.826],[-65.8772,43.7696],[-65.8616,43.8056],[-65.7995,43.6063],[-65.7888,43.6911],[-65.7767,43.5904],[-65.6173,43.5358],[-65.566,43.574],[-65.4725,43.4861],[-65.4501,43.5605],[-65.4102,43.5302],[-65.4569,43.5995],[-65.3957,43.5681],[-65.3346,43.6678],[-65.3675,43.7436],[-65.323,43.7654],[-65.3272,43.6964],[-65.2504,43.6734],[-65.2379,43.8056],[-65.1785,43.7101],[-65.1416,43.751],[-65.1286,43.6747],[-65.087,43.7579],[-65.025,43.7162],[-65.0392,43.8323],[-64.9582,43.7658],[-64.9668,43.8736],[-64.8815,43.8118],[-64.915,43.8807],[-64.8559,43.8477],[-64.8474,43.9291],[-64.6689,44.034],[-64.717,44.0588],[-64.5609,44.08],[-64.6062,44.1586],[-64.4979,44.1408],[-64.4322,44.2175],[-64.4291,44.34],[-64.2577,44.4089],[-64.3539,44.4561],[-64.2987,44.4698],[-64.3055,44.566],[-64.2274,44.537],[-64.1622,44.5797],[-64.084,44.4759],[-64.066,44.6343],[-63.8884,44.6964],[-63.9418,44.5516],[-63.5775,44.4641],[-63.5238,44.5032],[-63.5452,44.5933],[-63.6619,44.7168],[-63.439,44.5963],[-63.4169,44.6829],[-63.2851,44.6274],[-63.2367,44.7373],[-63.2139,44.6812],[-63.1548,44.7298],[-63.1405,44.6889],[-63.1194,44.7907],[-63.0586,44.6752],[-63.014,44.7106],[-63.0586,44.7782],[-62.9895,44.711],[-62.8304,44.7178],[-62.8053,44.7851],[-62.6068,44.8371],[-62.531,44.8062],[-62.5515,44.8676],[-62.4757,44.9011],[-62.4484,44.8335],[-62.3934,44.9103],[-62.0766,45.0388],[-61.6544,45.099],[-61.6871,45.1754],[-61.3776,45.1696],[-61.2786,45.254],[-61.1748,45.2028],[-61.1195,45.2716],[-61.1394,45.218],[-61.0779,45.2224],[-61.08,45.3456],[-61.4615,45.3548],[-61.237,45.4898],[-61.4925,45.6907],[-61.6198,45.6143],[-61.8763,45.6927],[-61.9502,45.876],[-62.4704,45.6145],[-62.5091,45.615],[-62.4757,45.6627],[-62.6129,45.6907],[-62.7497,45.6129],[-62.7706,45.6744],[-62.6849,45.6948],[-62.7243,45.7687],[-63.1007,45.8113],[-63.0654,45.7589],[-63.2025,45.7372],[-63.1889,45.7788],[-63.2948,45.7257],[-63.3807,45.772],[-63.2298,45.8061],[-63.5159,45.8109],[-63.4086,45.8545],[-63.4919,45.8826],[-63.6591,45.8738],[-63.6697,45.8234],[-63.9049,45.9803],[-64.0933,46.0326],[-63.8946,46.06],[-63.9,46.1638],[-64.1513,46.1663],[-64.2533,46.2344],[-64.5594,46.2238],[-64.5606,46.367],[-64.704,46.3275],[-64.6277,46.3542],[-64.6134,46.4193],[-64.7111,46.4805],[-64.6777,46.5006],[-64.7547,46.6938],[-64.8542,46.6763],[-64.7921,46.7247],[-64.8815,46.8066],[-64.901,46.9401],[-64.8068,46.9866],[-64.8042,47.0821],[-65.2065,47.0468],[-65.203,47.0946],[-65.3675,47.0878],[-64.9596,47.2943],[-64.9088,47.4025],[-64.9088,47.356],[-64.8922,47.5615],[-64.8126,47.6775],[-64.6989,47.7206],[-64.7357,47.7645],[-64.7639,47.7081],[-64.8605,47.7525],[-64.7929,47.8014],[-65.2093,47.8197],[-65.6357,47.6223],[-65.8396,47.9097],[-66.2384,47.9852],[-66.3859,48.0751],[-66.8479,47.999],[-66.5428,48.0587],[-66.4701,48.1257],[-66.067,48.102],[-65.8957,48.2255],[-65.8905,48.1706],[-65.7838,48.1156],[-65.2856,48.0126],[-64.9879,48.126],[-64.9604,48.1877],[-64.7794,48.204],[-64.7966,48.2578],[-64.7471,48.2578],[-64.7233,48.3354],[-64.3291,48.4196],[-64.1888,48.5266],[-64.2821,48.569],[-64.2308,48.6221],[-64.2843,48.7295],[-64.4291,48.7805],[-64.3741,48.7917],[-64.3972,48.8214],[-64.5389,48.8214],[-64.4774,48.8419],[-64.5594,48.8829],[-64.1693,48.7865],[-64.2212,48.8944],[-64.5526,49.0974],[-64.9635,49.2193],[-65.5658,49.2665],[-66.6221,49.1226],[-68.0603,48.6938],[-68.8248,48.3658],[-69.4455,47.9919],[-69.5619,47.8281],[-70.5349,47.0106],[-71.7142,46.6322],[-71.8671,46.6667],[-72.1899,46.5262],[-72.2743,46.4206],[-72.496,46.3605],[-72.731,46.1766],[-73.1561,46.0497],[-73.2173,45.8988],[-73.4488,45.7045],[-73.519,45.4263],[-73.7347,45.4186],[-74.0044,45.2452],[-74.3295,45.1781],[-74.4735,45.0671],[-74.713,44.9993]]],[[[-74.165,45.2697],[-74.003,45.2687],[-73.9206,45.3338],[-74.165,45.2697]]],[[[-73.9845,45.4064],[-73.9485,45.3697],[-73.9148,45.3662],[-73.8581,45.3818],[-73.8581,45.3889],[-73.889,45.3967],[-73.9173,45.41],[-73.9767,45.4154],[-73.9845,45.4064]]],[[[-73.9736,45.4446],[-73.5887,45.4479],[-73.4706,45.7133],[-73.9736,45.4446]]],[[[-73.9473,45.4982],[-73.9318,45.4888],[-73.8993,45.5009],[-73.8851,45.5124],[-73.8865,45.5234],[-73.9432,45.5076],[-73.9473,45.4982]]],[[[-73.8664,45.5608],[-73.7183,45.5624],[-73.5648,45.6987],[-73.7409,45.6643],[-73.8664,45.5608]]],[[[-71.1247,46.877],[-71.0312,46.8629],[-70.8097,47.0134],[-70.8854,47.0266],[-71.1247,46.877]]],[[[-68.8911,48.388],[-68.8447,48.396],[-68.8381,48.4138],[-68.8643,48.4076],[-68.8911,48.388]]],[[[-67.1819,45.1558],[-67.1701,45.1508],[-67.1724,45.1551],[-67.1819,45.1558]]],[[[-66.3353,48.0941],[-66.3253,48.0812],[-66.3066,48.0815],[-66.29,48.0652],[-66.2747,48.0731],[-66.2726,48.0794],[-66.3353,48.0941]]],[[[-66.2403,44.3772],[-66.2292,44.3528],[-66.2034,44.3922],[-66.2316,44.3872],[-66.2403,44.3772]]],[[[-61.5515,46.0218],[-61.442,45.6818],[-61.3243,45.5623],[-60.8711,45.6457],[-60.736,45.5666],[-60.3954,45.6425],[-60.2313,45.7093],[-60.1273,45.8695],[-59.8031,45.9569],[-59.9579,46.0275],[-59.8427,46.0863],[-59.8856,46.0805],[-59.8818,46.1767],[-60.1361,46.2518],[-60.205,46.1423],[-60.2903,46.1562],[-60.2047,46.2418],[-60.3219,46.3187],[-60.6527,46.0722],[-60.4007,46.2182],[-60.301,46.2187],[-60.7912,45.9402],[-60.6991,45.8909],[-60.3995,45.998],[-60.7372,45.7737],[-60.7325,45.6844],[-60.8384,45.6423],[-60.8074,45.7208],[-60.9128,45.7562],[-61.1476,45.7079],[-61.1029,45.7789],[-60.9141,45.8545],[-61.0985,45.8545],[-61.0712,45.8955],[-60.8151,45.937],[-60.736,46.0566],[-60.8839,46.0347],[-61.0099,45.9414],[-61.1186,45.9494],[-60.8741,46.0792],[-60.6322,46.118],[-60.4269,46.284],[-60.4189,46.3298],[-60.4753,46.32],[-60.6058,46.2113],[-60.3518,46.6013],[-60.3995,46.6701],[-60.3268,46.749],[-60.5936,47.0348],[-61.0238,46.5932],[-61.0431,46.6253],[-61.0862,46.4665],[-61.5515,46.0218]]],[[[-61.0687,45.5623],[-60.8833,45.5623],[-60.8793,45.5666],[-60.8993,45.5787],[-60.9141,45.5666],[-60.9586,45.5814],[-61.0097,45.5808],[-61.0687,45.5623]]],[[[-85.0044,46.4802],[-84.8062,46.2833],[-84.3586,46.2177],[-84.2768,46.2177],[-84.3103,46.4145],[-84.0212,46.4802],[-84.3402,46.7429],[-84.5043,46.7429],[-84.4264,46.6115],[-84.5128,46.4802],[-85.0044,46.4802]]],[[[-64.4168,46.6828],[-64.383,46.6278],[-64.1448,46.5978],[-64.0727,46.6422],[-64.0805,46.4145],[-63.7369,46.3964],[-63.7159,46.3542],[-63.8059,46.3747],[-63.7959,46.3299],[-63.6044,46.2177],[-63.2001,46.2177],[-63.1957,46.2723],[-63.1343,46.2381],[-62.963,46.32],[-63.114,46.2177],[-62.9472,46.1934],[-62.9479,46.128],[-62.8782,46.1556],[-63.021,46.0654],[-62.909,46.0719],[-62.8941,46.0054],[-62.7669,45.9554],[-62.4791,45.9976],[-62.5719,46.0327],[-62.4759,46.063],[-62.472,46.1414],[-62.6068,46.1835],[-62.4969,46.1835],[-62.5764,46.239],[-62.4683,46.2169],[-62.4969,46.2723],[-62.3358,46.3163],[-62.3597,46.361],[-62.1903,46.3534],[-61.9774,46.4482],[-62.5856,46.4783],[-62.7023,46.4572],[-62.5856,46.4299],[-63.2381,46.4074],[-63.3323,46.4988],[-63.4632,46.5063],[-63.4566,46.4674],[-63.4947,46.5312],[-63.6769,46.5681],[-63.7301,46.5329],[-63.7089,46.4442],[-63.8226,46.4606],[-63.8258,46.5193],[-63.9356,46.4783],[-63.8347,46.6115],[-63.9066,46.608],[-63.9749,46.7481],[-64.0933,46.78],[-64.0056,46.866],[-64.0485,47.0313],[-64.4168,46.6828]]],[[[-89.7089,48.5881],[-89.4511,48.3238],[-89.2853,48.3238],[-89.25,48.522],[-89.0839,48.522],[-89.1276,48.5881],[-88.5859,48.522],[-88.6729,48.6542],[-89.4258,48.7865],[-89.7089,48.5881]]],[[[-97.0761,48.7865],[-96.8039,48.522],[-96.6379,48.522],[-96.6848,48.5881],[-96.4357,48.5881],[-96.5772,48.7865],[-97.0761,48.7865]]],[[[-93.8793,48.8527],[-93.6495,48.522],[-93.2425,48.6542],[-93.5928,48.9189],[-93.7593,48.9189],[-93.7129,48.8527],[-93.8793,48.8527]]],[[[-99.92,49.9136],[-99.6324,49.6479],[-99.3483,49.7143],[-99.6361,49.98],[-99.92,49.9136]]],[[[-97.5574,50.113],[-97.2722,49.8471],[-96.987,49.9136],[-97.1209,49.98],[-96.9196,50.0465],[-97.2062,50.3125],[-97.4912,50.246],[-97.3896,50.113],[-97.2217,50.113],[-97.1713,50.0465],[-97.5574,50.113]]],[[[-98.6348,50.3125],[-98.3455,50.0465],[-98.0609,50.113],[-98.3503,50.3791],[-98.6348,50.3125]]],[[[-96.2843,50.6455],[-95.9962,50.3791],[-95.7104,50.4457],[-95.9986,50.7121],[-96.2843,50.6455]]],[[[-96.42,50.7121],[-96.3685,50.6455],[-96.2843,50.6455],[-96.3357,50.7121],[-96.42,50.7121]]],[[[-94.8455,54.8171],[-94.5225,54.5453],[-94.2337,54.6132],[-94.5567,54.8851],[-94.8455,54.8171]]],[[[-94.8377,58.9458],[-94.616,58.5282],[-94.7058,58.5282],[-94.6394,58.4587],[-94.7292,58.4587],[-94.6629,58.3892],[-94.7998,58.2504],[-94.5611,57.9038],[-94.6505,57.9038],[-94.1592,57.2819],[-93.6654,56.9374],[-89.4366,55.6348],[-85.0053,54.4774],[-84.395,54.1384],[-84.1354,53.7999],[-83.8092,53.5971],[-82.506,52.0492],[-82.0159,51.7142],[-81.6091,51.246],[-81.1305,50.9122],[-79.6034,50.5122],[-79.0572,50.5789],[-79.018,50.7788],[-78.724,50.8455],[-78.3205,51.6472],[-78.2356,51.6472],[-78.2802,51.7142],[-78.1953,51.7142],[-78.24,51.7811],[-78.1551,51.7811],[-78.1999,51.8481],[-78.1149,51.8481],[-78.1598,51.9151],[-78.0748,51.9151],[-78.1649,52.0492],[-77.9205,52.3176],[-78.5437,53.4621],[-78.4577,53.4621],[-78.6721,54.0029],[-78.5857,54.0029],[-78.8813,54.4095],[-78.7575,54.4774],[-78.8073,54.5453],[-78.4228,54.6132],[-78.4727,54.6811],[-78.0506,54.8171],[-78.1006,54.8851],[-77.8394,54.8851],[-77.8893,54.9531],[-77.5907,55.0211],[-77.6407,55.0892],[-77.2545,55.1573],[-77.2674,55.2936],[-77.0927,55.2936],[-77.1057,55.43],[-77.0182,55.43],[-77.0685,55.4983],[-76.7315,55.6348],[-76.7449,55.7715],[-76.5695,55.7715],[-76.546,55.9766],[-76.3703,55.9766],[-76.2733,56.3191],[-76.1851,56.3191],[-76.2661,56.6623],[-76.141,56.7311],[-76.2608,57.0063],[-76.1721,57.0063],[-76.3824,57.2819],[-76.2936,57.2819],[-76.7747,57.9038],[-78.4897,58.803],[-78.5454,58.7888],[-78.4686,58.706],[-78.5733,58.6755],[-78.5488,58.6089],[-78.4093,58.6297],[-77.9283,58.354],[-77.4706,58.212],[-77.4908,58.1684],[-77.1483,58.0175],[-76.8087,57.6755],[-76.5327,57.1153],[-76.5151,56.4382],[-76.6815,56.0429],[-77.1892,55.6819],[-77.0887,55.7142],[-77.138,55.6577],[-77.7816,55.2735],[-78.3922,55.0275],[-78.9674,54.852],[-79.6285,54.7422],[-79.7656,54.6596],[-79.5937,54.6329],[-79.6353,54.5777],[-79.5255,54.5914],[-79.6012,54.5572],[-79.4503,54.42],[-79.505,54.3723],[-79.464,54.3102],[-79.2859,54.2556],[-79.3821,54.1941],[-79.0463,54.1805],[-79.1424,54.1457],[-79.1077,54.1121],[-79.2926,54.0911],[-78.9796,54.0192],[-79.1009,53.9818],[-79.0423,53.9472],[-79.1351,53.9614],[-78.9917,53.9129],[-79.1077,53.9061],[-79.0662,53.8577],[-78.9017,53.8173],[-79.0525,53.8378],[-79.0488,53.7257],[-79.1561,53.7081],[-79.0193,53.6939],[-79.0662,53.5982],[-78.9231,53.5667],[-79.0195,53.5709],[-78.9569,53.5163],[-79.0041,53.4977],[-79.1146,53.5089],[-79.0632,53.442],[-78.9917,53.4536],[-78.952,53.2915],[-78.8954,53.2686],[-78.9774,53.07],[-78.9159,53.0638],[-78.9842,53.0284],[-78.7856,52.9819],[-78.9017,52.9266],[-78.8553,52.8839],[-78.69,52.8851],[-78.7804,52.8196],[-78.7309,52.8304],[-78.735,52.7892],[-78.8502,52.7574],[-78.772,52.7242],[-78.8197,52.7007],[-78.7624,52.696],[-78.7856,52.6591],[-78.7242,52.6523],[-78.686,52.551],[-78.516,52.4768],[-78.4996,52.3558],[-78.5528,52.2681],[-78.4082,52.2482],[-78.5467,52.2466],[-78.5913,52.1061],[-78.7099,52.0565],[-78.7472,51.9769],[-78.8926,51.9468],[-78.8406,51.8423],[-79.0388,51.7685],[-78.7924,51.6108],[-78.8129,51.5146],[-78.69,51.4873],[-78.8822,51.4033],[-78.8266,51.3501],[-78.9198,51.233],[-78.847,51.1645],[-78.9532,51.2192],[-79.0115,51.4674],[-79.2756,51.5316],[-79.2708,51.5887],[-79.3817,51.6379],[-79.5602,51.5555],[-79.5192,51.4674],[-79.6968,51.3985],[-79.7257,51.1218],[-79.4093,50.8703],[-79.3343,50.7269],[-79.7445,51.1235],[-80.1361,51.3013],[-80.41,51.3395],[-80.6898,51.1616],[-80.8481,51.1235],[-80.9512,51.0081],[-80.94,51.0556],[-81.0126,51.0354],[-80.628,51.2956],[-80.4298,51.3572],[-80.5949,51.7114],[-80.9684,51.9848],[-81.6007,52.2403],[-81.8828,52.1936],[-81.6734,52.3176],[-81.5028,52.3176],[-81.6201,52.4828],[-81.9182,52.6804],[-82.0419,52.8428],[-82.3012,52.9676],[-82.2506,53.213],[-82.169,53.2428],[-82.2309,53.3271],[-82.1369,53.379],[-82.2224,53.6647],[-82.1348,53.7784],[-82.4559,54.2061],[-82.4285,54.2841],[-82.4722,54.3417],[-82.2061,54.838],[-82.3265,55.1587],[-82.321,55.0711],[-82.5294,55.1676],[-82.8772,55.1605],[-82.9517,55.1127],[-82.8976,55.1741],[-82.9757,55.2391],[-83.185,55.2015],[-83.7132,55.2766],[-83.5829,55.2325],[-83.5611,55.1332],[-83.6115,55.2322],[-83.7366,55.2246],[-83.7676,55.2813],[-83.9291,55.3265],[-84.6131,55.2452],[-85.0539,55.2941],[-85.1991,55.2424],[-85.4173,54.9992],[-85.389,55.1121],[-85.1266,55.3026],[-85.1279,55.3498],[-85.4392,55.4284],[-85.6964,55.6038],[-85.9043,55.662],[-86.9801,55.9336],[-87.3653,55.9482],[-87.3551,56.0036],[-87.5008,56.0449],[-87.6186,56.0028],[-87.5892,56.0798],[-87.9743,56.4328],[-88.3114,56.538],[-88.89,56.8594],[-89.0362,56.8425],[-89.963,57.004],[-90.6015,57.2299],[-91.0311,57.2646],[-92.2235,57.0215],[-92.2905,56.985],[-92.2476,56.9374],[-92.4705,56.935],[-92.4404,56.9547],[-92.5079,57.0294],[-92.8598,56.9075],[-92.7049,56.9554],[-92.5429,57.1058],[-92.4417,57.2502],[-92.5332,57.3509],[-92.4442,57.3509],[-92.6314,57.6844],[-92.7858,57.8394],[-92.7988,57.9826],[-93.2391,58.767],[-93.4091,58.7051],[-93.496,58.7735],[-94.1774,58.7791],[-94.1429,58.7368],[-94.2467,58.5908],[-94.232,58.4011],[-94.3617,58.223],[-94.2866,58.4365],[-94.3085,58.5751],[-94.208,58.6838],[-94.2041,58.8065],[-94.3995,58.7125],[-94.4785,58.8065],[-94.6726,58.8728],[-94.746,58.8331],[-94.7189,58.8932],[-94.8377,58.9458]]],[[[-92.3563,57.0579],[-92.3106,57.0073],[-92.2181,57.0628],[-92.3563,57.0579]]],[[[-79.7697,54.7886],[-79.7642,54.7812],[-79.7579,54.7802],[-79.6035,54.8288],[-79.4019,54.852],[-79.3956,54.8538],[-79.7233,54.8234],[-79.7315,54.8179],[-79.6831,54.8179],[-79.6831,54.8111],[-79.735,54.8048],[-79.7697,54.7886]]],[[[-79.0941,54.9331],[-79.0821,54.9171],[-79.036,54.9269],[-79.0189,54.9408],[-79.0941,54.9331]]],[[[-78.635,58.7712],[-78.629,58.7707],[-78.6289,58.7746],[-78.635,58.7712]]],[[[-78.6192,58.6428],[-78.6125,58.6345],[-78.6074,58.6345],[-78.6192,58.6428]]],[[[-78.5883,58.6047],[-78.5826,58.5977],[-78.5725,58.5977],[-78.5883,58.6047]]],[[[-77.8586,58.3182],[-77.716,58.245],[-77.6984,58.2407],[-77.6683,58.2447],[-77.8179,58.3088],[-77.8586,58.3182]]],[[[-77.6479,55.4274],[-77.5863,55.4362],[-77.5261,55.4654],[-77.3775,55.5603],[-77.2096,55.6397],[-77.2113,55.6538],[-77.3121,55.6192],[-77.3292,55.6142],[-77.3667,55.5783],[-77.4131,55.5623],[-77.4484,55.5341],[-77.6479,55.4274]]],[[[-76.7911,57.3509],[-76.7394,57.2839],[-76.7445,57.3509],[-76.7911,57.3509]]],[[[-76.7803,56.1081],[-76.7159,56.138],[-76.7565,56.1789],[-76.7803,56.1081]]],[[[-76.7209,57.144],[-76.652,57.0714],[-76.656,57.1398],[-76.7209,57.144]]],[[[-76.6544,56.5914],[-76.6336,56.5639],[-76.6267,56.5688],[-76.619,56.5869],[-76.6193,56.5937],[-76.6544,56.5937],[-76.6544,56.5914]]],[[[-37.964,-54.0317],[-37.9277,-54.0456],[-37.8406,-54.0305],[-37.7928,-54.044],[-37.6688,-54.0398],[-37.9561,-54.0106],[-37.964,-54.0317]]],[[[-37.7245,-54.1335],[-37.6898,-54.1744],[-37.2373,-54.1477],[-37.4093,-54.1818],[-37.3192,-54.2291],[-37.4137,-54.2553],[-37.1534,-54.2575],[-37.0145,-54.3434],[-36.8845,-54.3364],[-36.81,-54.449],[-36.499,-54.5105],[-36.116,-54.8845],[-35.922,-54.8522],[-36.1064,-54.7647],[-35.9374,-54.81],[-35.7843,-54.7647],[-35.9358,-54.6891],[-35.9009,-54.5554],[-36.1002,-54.545],[-36.189,-54.4146],[-36.1643,-54.3729],[-36.5226,-54.3494],[-36.5712,-54.2499],[-36.6756,-54.2774],[-36.591,-54.2094],[-36.7172,-54.1744],[-36.6338,-54.1448],[-37.6201,-54.0447],[-37.7245,-54.1335]]],[[[-60.5917,-51.4231],[-60.4029,-51.4641],[-60.5131,-51.4985],[-60.1978,-51.6476],[-60.1137,-51.4827],[-60.4653,-51.3872],[-60.5917,-51.4231]]],[[[-60.4722,-51.7624],[-60.1449,-51.685],[-60.3688,-51.6668],[-60.4722,-51.7624]]],[[[-60.4547,-51.8],[-60.4518,-51.8557],[-60.3443,-51.8557],[-60.4064,-51.7966],[-60.3722,-51.7692],[-60.4547,-51.8]]],[[[-60.3377,-51.8557],[-60.2323,-51.7697],[-60.2978,-51.7504],[-60.3377,-51.8557]]],[[[-60.2827,-51.3872],[-60.2416,-51.401],[-60.2346,-51.3872],[-60.2827,-51.3872]]],[[[-60.1801,-51.6548],[-60.1246,-51.6634],[-60.1166,-51.6548],[-60.1801,-51.6548]]],[[[-59.7013,1.7],[-59.3379,1.3786],[-58.9017,1.1857],[-58.4641,1.5071],[-57.5902,1.7643],[-57.4445,1.9571],[-56.1342,1.8286],[-55.9885,1.9571],[-56.207,2.15],[-56.2072,2.3429],[-56.0619,2.4714],[-55.5521,2.4072],[-55.334,2.5357],[-54.9699,2.5357],[-54.6783,2.3429],[-54.46,2.4072],[-54.2426,2.7929],[-54.2448,3.2429],[-54.1,3.3715],[-54.1025,3.6929],[-54.3221,3.8215],[-54.4711,4.1429],[-54.4823,4.9787],[-54.4126,5.1715],[-54.171,5.3484],[-54.1091,5.4543],[-54.06,5.8144],[-54.7736,5.9853],[-55.1169,5.9853],[-55.1256,5.9186],[-54.863,5.8555],[-55.0855,5.8828],[-55.1299,5.8207],[-55.1031,5.8664],[-55.1478,5.9082],[-55.328,5.9581],[-55.8444,5.976],[-55.9408,5.8556],[-55.9,5.842],[-55.8977,5.6767],[-55.936,5.8047],[-56.6595,5.9797],[-57.0664,5.9495],[-57.1637,5.5571],[-57.2652,5.4034],[-57.1615,5.6389],[-57.1373,5.8821],[-57.2093,6.1532],[-57.4453,6.3287],[-57.5289,6.2657],[-57.5986,6.4272],[-58.0057,6.7918],[-58.3122,6.8922],[-58.4349,6.8578],[-58.567,6.6367],[-58.5902,6.4172],[-58.6864,6.3825],[-58.6114,6.5692],[-58.74,6.393],[-58.7918,5.493],[-59.0091,5.4287],[-59.0781,5.2358],[-58.9243,4.7858],[-58.7026,4.5929],[-58.7647,3.7572],[-58.5455,3.6929],[-58.4682,3.1786],[-58.613,3.05],[-58.3934,2.8572],[-58.3916,2.4072],[-58.4644,2.4072],[-58.4638,2.15],[-58.8277,1.8286],[-59.1916,1.8286],[-59.1917,1.7],[-59.7012,1.8286],[-59.7013,1.7]],[[-58.0677,4.1511],[-58.0639,4.1611],[-58.0321,3.9877],[-58.0677,4.1511]],[[-58.0556,4.1835],[-58.052,4.1931],[-57.9538,4.299],[-58.0556,4.1835]],[[-57.9185,4.8298],[-57.8503,4.9228],[-57.8468,4.9246],[-57.9185,4.8298]],[[-57.837,4.9296],[-57.8302,4.9331],[-57.8157,4.9285],[-57.837,4.9296]],[[-57.6646,3.4175],[-57.6511,3.3884],[-57.6548,3.3901],[-57.6646,3.4175]],[[-57.5995,3.3653],[-57.5609,3.3494],[-57.5651,3.3498],[-57.5995,3.3653]],[[-57.5524,3.3487],[-57.5353,3.3678],[-57.545,3.3481],[-57.5524,3.3487]],[[-57.5353,3.3678],[-57.5224,3.3652],[-57.5142,3.3605],[-57.5353,3.3678]],[[-57.3357,5.3169],[-57.3321,5.3213],[-57.3317,5.3076],[-57.3357,5.3169]],[[-57.2333,5.1421],[-57.1974,5.1645],[-57.202,5.1576],[-57.2333,5.1421]],[[-57.1917,5.1942],[-57.1849,5.1831],[-57.1903,5.1751],[-57.1917,5.1942]],[[-56.9385,2.4114],[-56.9126,2.3774],[-56.9308,2.3933],[-56.9385,2.4114]],[[-56.425,1.9229],[-56.348,1.9266],[-56.4152,1.9197],[-56.425,1.9229]]],[[[-58.6065,6.843],[-58.6028,6.7091],[-58.5977,6.7216],[-58.5977,6.8083],[-58.5862,6.8466],[-58.6065,6.843]]],[[[-54.2453,5.2835],[-54.1244,5.3644],[-54.123,5.3729],[-54.171,5.3484],[-54.2453,5.2835]]],[[[-1.9416,4.7858],[-1.7486,4.8772],[-1.7933,5.1072],[-1.9395,5.0429],[-1.9416,4.7858]]],[[[-2.9366,5.0403],[-2.5441,4.9606],[-2.6669,5.2358],[-2.9005,5.1338],[-2.9366,5.0403]]],[[[-1.2102,5.1124],[-1.0639,5.1901],[-1.0625,5.3644],[-1.2083,5.3644],[-1.2102,5.1124]]],[[[-13.2868,8.4245],[-13.1639,8.2425],[-12.9721,8.2539],[-12.9482,8.1665],[-12.9487,8.2573],[-12.6574,8.3859],[-12.7308,8.4502],[-12.6595,8.7073],[-12.7334,8.8359],[-13.0981,8.7716],[-13.0977,8.7073],[-13.1707,8.7073],[-13.098,8.6219],[-13.0267,8.6511],[-13.0618,8.5832],[-12.9364,8.607],[-12.8759,8.6852],[-12.9311,8.5828],[-12.8697,8.5692],[-13.0131,8.5617],[-13.1161,8.473],[-13.0336,8.3767],[-13.193,8.4878],[-13.2868,8.5002],[-13.2868,8.4245]]],[[[-13.1465,8.6445],[-13.1177,8.5699],[-13.1075,8.581],[-13.109,8.6033],[-13.1366,8.6238],[-13.1229,8.6306],[-13.1465,8.6445]]],[[[-61.7216,10.0824],[-61.1916,10.0738],[-60.996,10.1383],[-60.9613,10.33],[-61.023,10.3948],[-61.0327,10.6835],[-60.9121,10.8288],[-61.5784,10.7491],[-61.5998,10.6827],[-61.4723,10.5949],[-61.451,10.3145],[-61.5066,10.2407],[-61.6396,10.2407],[-61.7216,10.0824]]],[[[-60.8049,11.1469],[-60.602,11.2314],[-60.5633,11.3217],[-60.7554,11.2441],[-60.8049,11.1469]]],[[[-61.7564,12.0878],[-61.7504,12.0432],[-61.6316,12.0441],[-61.606,12.2234],[-61.6715,12.2361],[-61.7564,12.0878]]],[[[-59.6542,13.2951],[-59.592,13.0857],[-59.5089,13.0573],[-59.43,13.1259],[-59.5945,13.3348],[-59.6542,13.2951]]],[[[-61.265,13.291],[-61.1852,13.1325],[-61.1244,13.247],[-61.144,13.3741],[-61.265,13.291]]],[[[-61.0282,13.984],[-60.9551,13.7147],[-60.8922,13.8332],[-60.8906,14.0432],[-60.9849,14.0432],[-61.0282,13.984]]],[[[-61.1868,14.8667],[-61.1214,14.6327],[-60.996,14.565],[-61.0825,14.4932],[-60.8319,14.4394],[-60.8321,14.5786],[-60.9393,14.675],[-60.8793,14.7773],[-60.9613,14.7499],[-61.0023,14.8114],[-61.1868,14.8667]]],[[[-17.4542,14.6861],[-17.3306,14.7363],[-17.1576,14.6255],[-17.0947,14.9432],[-17.4185,14.7879],[-17.4542,14.6861]]],[[[-61.4793,15.6057],[-61.3629,15.2018],[-61.2567,15.2853],[-61.2672,15.5078],[-61.3077,15.5793],[-61.4793,15.6057]]],[[[-61.8482,17.15],[-61.7939,17.0129],[-61.6857,17.0286],[-61.7086,17.1278],[-61.8482,17.15]]],[[[-63.1585,18.179],[-63.1575,18.1707],[-63.1368,18.1734],[-63.1138,18.1898],[-63.0995,18.1762],[-63.0006,18.2274],[-62.9726,18.2759],[-63.0074,18.273],[-63.0382,18.2677],[-63.0858,18.2177],[-63.1343,18.2041],[-63.1585,18.179]]],[[[-63.1458,18.0705],[-63.0107,18.0408],[-63.0176,18.1221],[-63.1458,18.0705]]],[[[-63.1189,18.0515],[-63.0976,18.036],[-63.0702,18.0291],[-63.0215,18.0291],[-63.0176,18.0334],[-63.107,18.0621],[-63.1189,18.0515]]],[[[-62.9579,18.2862],[-62.9567,18.2744],[-62.9486,18.2784],[-62.9495,18.2862],[-62.9579,18.2862]]],[[[-5.5162,36.1596],[-5.3611,36.1596],[-5.2969,36.3528],[-5.5162,36.1596]]],[[[-59.4058,47.8966],[-59.2829,47.7594],[-59.3085,47.6225],[-59.2541,47.6032],[-58.4163,47.6434],[-58.3497,47.7397],[-58.2613,47.7526],[-58.3547,47.6491],[-57.8845,47.6973],[-57.9134,47.6572],[-57.3329,47.6427],[-57.2684,47.5955],[-57.172,47.6365],[-57.1677,47.5859],[-56.7544,47.5464],[-56.7059,47.5676],[-56.7543,47.6365],[-56.6761,47.5773],[-56.6376,47.5881],[-56.6996,47.6223],[-56.3358,47.616],[-56.3086,47.7526],[-56.3017,47.6291],[-56.235,47.632],[-56.1324,47.7553],[-56.151,47.842],[-56.1011,47.7597],[-56.0553,47.7799],[-56.1028,47.73],[-56.0188,47.73],[-55.86,47.7912],[-55.7804,47.9581],[-55.7394,47.9239],[-55.8659,47.7195],[-55.8554,47.6266],[-55.6295,47.6775],[-55.8524,47.6007],[-55.8474,47.5562],[-55.7469,47.5881],[-55.8379,47.4723],[-55.7537,47.5403],[-55.7742,47.4577],[-55.6188,47.5417],[-55.5892,47.5124],[-55.6643,47.4372],[-55.5892,47.4577],[-55.5726,47.4177],[-55.4071,47.5015],[-55.4106,47.6275],[-55.4702,47.6269],[-55.4273,47.7195],[-55.3558,47.7321],[-55.364,47.6641],[-55.0846,47.6372],[-54.9381,47.7873],[-55.0699,47.6023],[-54.6986,47.6706],[-54.9552,47.5062],[-55.184,47.4604],[-55.2553,47.4114],[-55.3013,47.2676],[-55.4872,47.1403],[-55.8699,47.0751],[-55.9813,46.932],[-55.8611,46.8743],[-55.6376,46.8743],[-55.5278,46.9438],[-55.359,46.8747],[-55.3693,46.9401],[-55.1952,47.0043],[-55.1962,47.0696],[-55.1616,47.0167],[-55.0747,47.081],[-55.0889,47.1697],[-55.1361,47.1697],[-55.088,47.2062],[-55.0738,47.157],[-55.027,47.1726],[-55.0125,47.269],[-54.8379,47.4193],[-54.8282,47.3758],[-54.7873,47.4237],[-54.822,47.369],[-54.6644,47.3758],[-54.4173,47.6092],[-54.616,47.369],[-54.4949,47.3995],[-54.3273,47.7101],[-54.2801,47.6979],[-54.1982,47.8333],[-54.2665,47.9035],[-54.1305,47.8318],[-54.0815,47.8755],[-53.8926,47.5988],[-53.9235,47.4541],[-53.8079,47.4237],[-53.8929,47.3929],[-53.9223,47.3132],[-53.9962,47.3172],[-53.9318,47.2344],[-54.0104,47.2339],[-54.1854,46.9278],[-54.1885,46.8284],[-54.0497,46.8086],[-53.9478,46.8581],[-53.5602,47.2045],[-53.571,47.1562],[-53.4987,47.1356],[-53.6434,46.9854],[-53.5211,46.9446],[-53.6449,46.8012],[-53.4857,46.9029],[-53.6365,46.7114],[-53.5547,46.6184],[-53.3553,46.739],[-53.3895,46.6838],[-53.266,46.739],[-53.1929,46.6276],[-53.0669,46.6656],[-52.9413,46.7913],[-52.8545,47.0264],[-52.8492,47.0698],[-52.9376,47.0878],[-52.8688,47.1015],[-52.7043,47.4665],[-52.6297,47.4858],[-52.7688,47.7959],[-52.8764,47.5883],[-53.1294,47.4168],[-53.1952,47.4371],[-53.1493,47.4994],[-53.2045,47.4714],[-53.184,47.5323],[-53.2598,47.5585],[-53.2244,47.73],[-52.8798,48.0967],[-52.9233,48.171],[-53.061,48.0519],[-53.2765,48.0164],[-53.4987,47.7464],[-53.5539,47.5393],[-53.67,47.5267],[-53.6523,47.5769],[-53.7117,47.6099],[-53.6741,47.6712],[-53.7632,47.6257],[-53.9289,47.8524],[-53.828,47.7972],[-53.7312,47.8634],[-53.7873,47.9035],[-53.6973,47.8966],[-53.6567,47.9548],[-53.7037,48.019],[-53.9239,48.0338],[-53.7225,48.0445],[-53.9052,48.0851],[-53.9253,48.237],[-53.6082,48.1917],[-53.3715,48.2935],[-53.3549,48.3867],[-53.0968,48.4182],[-53.1127,48.4559],[-53.0546,48.4559],[-52.9879,48.5532],[-53.0768,48.7036],[-53.2435,48.5264],[-53.3371,48.6085],[-53.4372,48.6159],[-53.475,48.511],[-53.6154,48.4099],[-53.5471,48.4924],[-53.5881,48.4788],[-53.5812,48.522],[-53.7184,48.4241],[-53.6154,48.4993],[-53.7088,48.522],[-53.856,48.3684],[-53.8767,48.4099],[-53.814,48.4652],[-53.8554,48.4752],[-54.1368,48.3553],[-54.1641,48.3907],[-53.7489,48.5198],[-53.9586,48.5471],[-53.8574,48.5928],[-54.0201,48.7395],[-53.9736,48.7491],[-53.991,48.8061],[-54.1976,48.7674],[-54.1846,48.801],[-53.9649,48.8419],[-53.914,48.8925],[-53.9785,48.8966],[-53.8958,48.9146],[-53.8829,48.9927],[-53.7253,49.0139],[-53.8382,49.0337],[-53.6489,49.0402],[-53.5909,49.1838],[-53.4537,49.2422],[-53.4925,49.2875],[-53.9239,49.4521],[-54.0406,49.4384],[-53.986,49.4589],[-54.0447,49.4818],[-54.2323,49.3627],[-54.2193,49.4173],[-54.3729,49.4223],[-54.4835,49.2676],[-54.4447,49.4248],[-54.4691,49.4715],[-54.534,49.4452],[-54.4995,49.5393],[-54.817,49.2756],[-54.857,49.4067],[-54.8805,49.289],[-55.034,49.2302],[-55.0029,49.3163],[-55.0631,49.3163],[-55.2726,49.2099],[-55.2777,49.106],[-55.1845,49.123],[-55.3831,49.0473],[-55.314,49.1018],[-55.3651,49.1723],[-55.2229,49.2646],[-55.2239,49.3163],[-55.2718,49.3591],[-55.3148,49.3149],[-55.3148,49.4042],[-55.3831,49.3354],[-55.4452,49.3559],[-55.338,49.435],[-55.4315,49.4248],[-55.3965,49.5021],[-55.4862,49.48],[-55.5693,49.3627],[-55.5209,49.4936],[-55.6575,49.3837],[-55.6786,49.4726],[-55.7878,49.4521],[-55.7192,49.4757],[-55.822,49.522],[-56.1307,49.4291],[-55.9008,49.5624],[-55.8772,49.596],[-55.9386,49.6097],[-55.8356,49.6916],[-55.9685,49.7028],[-56.1702,49.601],[-56.0019,49.7525],[-55.508,49.9163],[-55.5429,49.9916],[-55.7464,49.932],[-55.9591,50.0411],[-56.0034,49.9716],[-56.0101,50.0312],[-56.1919,49.925],[-56.0979,50.0465],[-56.1555,50.0465],[-56.1957,50.1317],[-56.3844,49.9464],[-56.3632,49.8976],[-56.5578,49.8481],[-56.8567,49.5482],[-56.7816,49.7294],[-56.9051,49.7537],[-56.7684,49.8303],[-56.7195,49.9486],[-56.7757,49.9508],[-56.6463,50.0992],[-56.6723,50.1304],[-56.5308,50.1912],[-56.4442,50.3044],[-56.4295,50.3621],[-56.5004,50.3911],[-56.4116,50.3769],[-56.2664,50.5063],[-56.3223,50.5277],[-56.1717,50.6112],[-56.2202,50.7121],[-56.1574,50.7121],[-56.1614,50.8782],[-56.1037,50.905],[-56.1354,50.7788],[-56.0205,50.7788],[-55.925,50.8846],[-55.8772,50.8635],[-55.7742,51.0354],[-55.8047,51.0691],[-55.7331,51.0831],[-55.7925,51.222],[-55.9591,51.1993],[-55.9657,51.159],[-56.0758,51.2334],[-56.0144,51.2751],[-56.0895,51.3706],[-55.5311,51.3797],[-55.4946,51.4831],[-55.5346,51.5084],[-55.4872,51.5039],[-55.4602,51.5803],[-55.7286,51.577],[-55.6431,51.473],[-55.8902,51.5009],[-55.8315,51.6152],[-55.9048,51.6221],[-56.7202,51.3193],[-56.7952,51.2409],[-56.7468,51.1993],[-56.8095,51.1925],[-56.7952,51.1378],[-56.9801,51.0553],[-56.9007,51.0182],[-57.0488,51.0211],[-56.9255,50.9182],[-57.1655,50.7531],[-57.397,50.7086],[-57.2402,50.6375],[-57.2756,50.6239],[-57.1548,50.6257],[-57.3553,50.6066],[-57.9481,49.6795],[-57.8777,49.5323],[-57.8231,49.5619],[-57.7003,49.4628],[-57.8714,49.5067],[-57.8974,49.4392],[-57.9203,49.5319],[-58.0012,49.5619],[-58.2287,49.371],[-58.1934,49.2431],[-57.9261,49.2466],[-58.1007,49.1828],[-58.08,49.1468],[-57.8504,49.1845],[-57.9125,49.13],[-58.1354,49.1269],[-58.0462,48.9964],[-57.8845,48.9722],[-58.0686,48.9792],[-58.1759,49.0665],[-58.3575,49.0617],[-58.3445,49.1094],[-58.4171,49.1175],[-58.7137,48.5682],[-58.8131,48.5716],[-58.8509,48.6365],[-58.8927,48.5539],[-58.9589,48.6162],[-58.8588,48.7418],[-59.2134,48.5502],[-59.0965,48.5108],[-58.7032,48.5545],[-58.2722,48.5209],[-58.6045,48.4037],[-58.4946,48.4583],[-58.5704,48.4403],[-59.4058,47.8966]]],[[[-57.2686,50.8148],[-57.2397,50.806],[-57.2618,50.7997],[-57.2525,50.7967],[-57.1866,50.823],[-57.1962,50.8306],[-57.2686,50.8148]]],[[[-55.7334,49.5152],[-55.7332,49.5135],[-55.7085,49.5085],[-55.698,49.5152],[-55.7334,49.5152]]],[[[-54.7589,49.5587],[-54.7389,49.5142],[-54.5571,49.5816],[-54.7589,49.5587]]],[[[-54.7538,49.4452],[-54.6986,49.4077],[-54.6439,49.4753],[-54.7538,49.4452]]],[[[-53.9314,48.2084],[-53.8752,48.1065],[-53.7623,48.0988],[-53.9314,48.2084]]],[[[-53.5664,48.1917],[-53.5166,48.1917],[-53.5215,48.2012],[-53.5435,48.207],[-53.5664,48.1917]]],[[[-53.0255,47.599],[-52.9765,47.5969],[-52.9164,47.6345],[-52.9188,47.6526],[-52.9565,47.6548],[-53.0131,47.6225],[-53.0255,47.599]]],[[[-64.4989,49.8814],[-64.4247,49.8085],[-63.7642,49.602],[-63.6268,49.4984],[-63.5868,49.39],[-63.0933,49.2329],[-62.2482,49.0679],[-61.7295,49.1175],[-61.8826,49.3545],[-62.2043,49.4142],[-62.9621,49.7405],[-64.0606,49.9327],[-64.4989,49.8814]]],[[[-57.0378,51.8481],[-57.0037,51.7811],[-56.9188,51.7811],[-56.9528,51.8481],[-57.0378,51.8481]]],[[[-57.2628,53.7056],[-57.2555,53.7088],[-57.1241,53.7416],[-57.1304,53.7478],[-57.2602,53.7323],[-57.2628,53.7056]]],[[[-57.1721,53.6596],[-57.1138,53.643],[-57.0308,53.713],[-57.1721,53.6596]]],[[[-57.1658,53.5629],[-57.028,53.4621],[-56.3538,53.3271],[-56.3181,53.2596],[-56.5402,53.1922],[-56.3983,52.9227],[-56.7914,52.8554],[-56.7209,52.7208],[-56.8064,52.7208],[-56.6665,52.4519],[-56.2904,52.3847],[-56.1364,52.2505],[-56.2217,52.2505],[-56.2045,52.0492],[-56.3747,52.0492],[-56.3407,51.9822],[-56.5108,51.9822],[-56.4768,51.9151],[-56.6469,51.9151],[-56.6129,51.8481],[-56.7829,51.8481],[-56.8849,51.7142],[-57.0887,51.7811],[-57.0891,51.4465],[-56.8234,51.4921],[-56.6825,51.6481],[-56.011,51.9015],[-56.0004,51.9822],[-55.9134,51.9822],[-55.9659,52.0217],[-55.8101,52.0225],[-55.7058,52.1447],[-55.6923,52.1861],[-55.7726,52.2143],[-55.6845,52.2159],[-55.7947,52.2408],[-55.7093,52.296],[-55.8568,52.3035],[-55.8226,52.3302],[-56.1987,52.4468],[-55.771,52.3397],[-55.8083,52.3854],[-55.7259,52.3789],[-55.755,52.4931],[-56.5004,52.5977],[-56.2182,52.5403],[-55.9864,52.5567],[-56.0485,52.5772],[-55.9781,52.6177],[-56.0972,52.6622],[-55.8396,52.6128],[-56.1625,52.818],[-55.9773,52.7781],[-55.8492,52.8554],[-55.9805,52.9943],[-56.1228,52.9731],[-56.082,53.0222],[-56.1652,53.0359],[-56.0175,53.0335],[-55.8902,53.0902],[-55.9455,53.1185],[-55.7469,53.1457],[-55.8431,53.2147],[-55.7918,53.2385],[-55.8636,53.2482],[-55.8242,53.3002],[-55.9114,53.3096],[-55.8379,53.3264],[-55.8632,53.3744],[-56.0411,53.3716],[-55.9659,53.4127],[-56.2635,53.5537],[-55.9897,53.5204],[-56.076,53.5828],[-56.7269,53.687],[-56.572,53.6971],[-56.7154,53.7523],[-56.9835,53.7275],[-57.1658,53.5629]]],[[[-56.9887,53.7646],[-56.9843,53.7594],[-56.9473,53.7521],[-56.9196,53.763],[-56.8826,53.7629],[-56.8344,53.783],[-56.9887,53.7646]]],[[[-55.9899,53.4704],[-55.8861,53.4181],[-55.9466,53.4892],[-55.9899,53.4704]]],[[[-10.4782,52.152],[-9.9547,52.1088],[-9.9569,52.1452],[-9.7582,52.152],[-10.2662,51.9885],[-10.3069,51.9534],[-10.2541,51.9087],[-10.3956,51.8845],[-10.3411,51.7883],[-10.2346,51.851],[-10.1771,51.8137],[-10.2244,51.7821],[-10.1356,51.7412],[-9.5807,51.8777],[-9.9807,51.7319],[-10.1628,51.5903],[-9.6268,51.685],[-9.5459,51.72],[-9.5602,51.7616],[-9.4429,51.72],[-9.8475,51.5494],[-9.5459,51.6108],[-9.8323,51.488],[-9.8103,51.4496],[-9.4433,51.5595],[-9.4089,51.5069],[-8.69,51.6313],[-8.7576,51.645],[-8.5373,51.6387],[-8.4151,51.7811],[-8.2847,51.8026],[-8.4294,51.8845],[-8.1871,51.8931],[-8.2462,51.8027],[-8.0206,51.8239],[-7.6112,52.1163],[-6.9981,52.151],[-6.9551,52.1793],[-6.9974,52.2892],[-6.9132,52.1558],[-6.764,52.2613],[-6.8056,52.2128],[-6.4226,52.1951],[-6.373,52.3227],[-6.4092,52.2893],[-6.4965,52.3643],[-6.3661,52.3444],[-6.1567,52.7358],[-6.172,52.8554],[-6.0863,52.8554],[-6.1432,53.2965],[-6.2419,53.3946],[-6.0875,53.5296],[-6.2865,53.7323],[-6.3055,53.8745],[-6.373,53.8993],[-6.3599,54.016],[-6.3316,54.0706],[-6.2177,54.0706],[-6.2847,54.1052],[-5.9644,54.0706],[-5.8938,54.1047],[-5.862,54.2305],[-5.6966,54.2471],[-5.5444,54.3417],[-5.5797,54.3837],[-5.7089,54.3518],[-5.6256,54.4411],[-5.6703,54.5057],[-5.6256,54.5163],[-5.7156,54.5367],[-5.702,54.5777],[-5.558,54.5119],[-5.5766,54.4028],[-5.5192,54.3417],[-5.4531,54.5036],[-5.5275,54.5453],[-5.5747,54.6801],[-5.748,54.6804],[-5.9074,54.6056],[-5.8907,54.6723],[-5.7087,54.7491],[-5.9862,54.9818],[-5.9683,55.0438],[-6.0621,55.0741],[-6.0382,55.1497],[-6.101,55.2124],[-6.4759,55.2487],[-6.7545,55.1778],[-6.9626,55.1946],[-7.0537,55.0487],[-7.2567,55.0507],[-7.1728,55.1435],[-6.9408,55.2312],[-7.3601,55.3618],[-7.2567,55.284],[-7.5243,55.2903],[-7.5495,55.2154],[-7.4629,55.1435],[-7.4562,55.0561],[-7.6814,54.9544],[-7.5618,55.0445],[-7.641,55.0507],[-7.5258,55.1162],[-7.644,55.2728],[-7.7882,55.2186],[-7.6951,55.2075],[-7.7025,55.0991],[-7.7176,55.1666],[-7.8157,55.1946],[-7.7987,55.2561],[-7.8661,55.2149],[-7.8564,55.139],[-7.9086,55.1884],[-8.0041,55.1741],[-7.9768,55.2219],[-8.1565,55.1245],[-8.1413,55.1605],[-8.2785,55.1605],[-8.32,55.0343],[-8.3474,55.0643],[-8.4566,55.0029],[-8.3666,54.9482],[-8.4508,54.9221],[-8.337,54.9036],[-8.3813,54.8559],[-8.3257,54.8315],[-8.4907,54.852],[-8.5584,54.8179],[-8.4082,54.7626],[-8.5299,54.7881],[-8.4566,54.7564],[-8.6366,54.7685],[-8.7978,54.692],[-8.6726,54.6195],[-8.1208,54.6466],[-8.271,54.5237],[-8.2102,54.5019],[-8.4667,54.475],[-8.4741,54.43],[-8.6639,54.3593],[-8.5192,54.3267],[-8.5727,54.3139],[-8.4703,54.2766],[-8.621,54.2556],[-8.5112,54.2077],[-8.6764,54.2713],[-9.0513,54.2895],[-9.1412,54.1457],[-9.2684,54.3039],[-9.7855,54.3381],[-9.846,54.3214],[-9.765,54.2556],[-9.8439,54.2766],[-9.9099,54.2044],[-9.9773,54.2425],[-9.8811,54.263],[-10.078,54.2624],[-10.0386,54.1879],[-9.9363,54.1873],[-9.9773,54.1805],[-9.9084,54.1184],[-9.9707,54.0786],[-9.8339,54.1121],[-9.8989,54.0253],[-9.7875,53.9161],[-9.915,53.9539],[-9.8679,53.8647],[-9.5602,53.8651],[-9.6217,53.8173],[-9.5664,53.7963],[-9.9084,53.7621],[-9.9084,53.6461],[-9.7918,53.6089],[-10.0468,53.5993],[-9.9711,53.5629],[-10.0052,53.5436],[-10.1803,53.5555],[-10.0121,53.4815],[-10.1503,53.4379],[-10.0113,53.3812],[-9.7992,53.4195],[-9.8976,53.3348],[-9.8067,53.3016],[-9.6527,53.3928],[-9.6346,53.3301],[-9.5528,53.3854],[-9.6011,53.3649],[-9.5608,53.3412],[-9.6173,53.3215],[-9.6123,53.2362],[-9.5546,53.2907],[-9.5117,53.2283],[-9.0221,53.2755],[-8.9426,53.2618],[-9.0456,53.2209],[-8.8948,53.2209],[-8.9364,53.1457],[-9.1282,53.1594],[-9.0729,53.1185],[-9.2722,53.1467],[-9.4438,52.966],[-9.3541,52.9335],[-9.4986,52.7525],[-9.6284,52.7274],[-9.7897,52.5692],[-9.5528,52.6393],[-9.5807,52.666],[-9.4345,52.612],[-9.279,52.6393],[-9.3331,52.5977],[-9.2858,52.5908],[-9.1468,52.6238],[-8.9426,52.7752],[-8.9608,52.6937],[-8.7512,52.673],[-9.2721,52.5772],[-9.6483,52.5704],[-9.6831,52.4946],[-9.6346,52.4736],[-9.9499,52.4121],[-9.8345,52.3752],[-9.8694,52.2731],[-9.7377,52.2482],[-9.9475,52.2376],[-10.0538,52.3048],[-10.1008,52.2408],[-10.2758,52.2681],[-10.4782,52.152]],[[-9.7736,53.6068],[-9.7141,53.6098],[-9.6968,53.5982],[-9.7736,53.6068]],[[-8.5584,51.7064],[-8.5027,51.7],[-8.5175,51.6927],[-8.5483,51.6964],[-8.5584,51.7064]],[[-7.9042,52.99],[-7.8184,52.99],[-7.8089,52.9227],[-7.8946,52.9227],[-7.9042,52.99]],[[-7.3947,54.1219],[-7.3103,54.1147],[-7.327,54.1136],[-7.3947,54.1219]],[[-7.3332,54.1494],[-7.3278,54.1517],[-7.3311,54.1462],[-7.3332,54.1494]]],[[[-10.429,51.8898],[-10.426,51.8823],[-10.4058,51.8841],[-10.3227,51.9033],[-10.2977,51.9184],[-10.3127,51.9255],[-10.3517,51.9311],[-10.429,51.8898]]],[[[-9.9137,51.6297],[-9.9055,51.6155],[-9.8922,51.6113],[-9.7993,51.6368],[-9.817,51.6389],[-9.8817,51.6411],[-9.9137,51.6297]]],[[[-9.7201,53.2661],[-9.7186,53.2618],[-9.6549,53.2358],[-9.6383,53.251],[-9.6627,53.2755],[-9.6847,53.2824],[-9.7104,53.2755],[-9.7201,53.2661]]],[[[-8.5516,55.01],[-8.5514,55.0089],[-8.5454,55.0029],[-8.5502,55.0011],[-8.5455,54.9713],[-8.5274,54.9675],[-8.484,54.9755],[-8.4966,55.0007],[-8.5249,55.0097],[-8.5364,55.0166],[-8.5516,55.01]]],[[[-6.1996,55.2897],[-6.188,55.284],[-6.1948,55.2629],[-6.173,55.2918],[-6.1996,55.2897]]],[[[-61.0858,53.9352],[-60.9279,53.733],[-60.8594,53.8351],[-60.8213,53.7797],[-60.3885,53.6679],[-60.1361,53.5294],[-60.071,53.5665],[-60.0941,53.7004],[-60.0166,53.7081],[-60.1327,53.7831],[-59.8072,53.7984],[-59.8788,53.8242],[-59.844,53.8447],[-59.4745,53.8281],[-58.9198,54.016],[-59.0427,54.0302],[-58.6263,54.0443],[-58.4509,54.1674],[-58.5431,54.1941],[-58.6981,54.1244],[-59.5108,54.0012],[-59.5914,54.0439],[-59.2287,54.0783],[-59.646,54.1384],[-59.6075,54.0706],[-60.4335,54.0029],[-60.3947,53.9352],[-61.0858,53.9352]]],[[[-60.9122,53.7129],[-60.4529,53.1248],[-59.852,53.1248],[-59.841,53.2596],[-59.5347,53.3271],[-59.5722,53.3946],[-58.6402,53.7323],[-58.6778,53.7999],[-58.1974,53.8676],[-58.2349,53.9352],[-58.0621,53.9352],[-58.1372,54.0706],[-58.0507,54.0706],[-58.8407,53.9471],[-59.0707,53.7963],[-59.0222,53.7143],[-59.317,53.687],[-59.6072,53.5338],[-59.8795,53.5382],[-59.7838,53.4815],[-59.8731,53.4877],[-60.029,53.3581],[-60.1426,53.3337],[-60.0911,53.3062],[-60.129,53.2755],[-60.4206,53.2686],[-60.1813,53.3364],[-60.4123,53.358],[-60.1327,53.461],[-60.0371,53.4399],[-60.0637,53.5089],[-60.6367,53.7038],[-60.9122,53.7129]]],[[[-59.2134,54.1384],[-59.1865,54.0909],[-58.7274,54.1457],[-58.4848,54.2279],[-58.5106,54.2739],[-58.7705,54.2739],[-58.7323,54.2061],[-59.2134,54.1384]]],[[[-58.3913,54.1308],[-58.3445,54.1121],[-58.3218,54.0928],[-58.2923,54.092],[-58.2629,54.1081],[-58.3913,54.1308]]],[[[-4.7709,54.0968],[-4.3916,54.1972],[-4.3826,54.4095],[-4.531,54.3661],[-4.7103,54.2206],[-4.7709,54.0968]]],[[[-6.7838,57.4564],[-6.696,57.3644],[-6.5806,57.3388],[-6.5306,57.4155],[-6.3239,57.3114],[-6.4822,57.3118],[-6.3456,57.2429],[-6.3456,57.1883],[-6.2767,57.202],[-6.3183,57.161],[-6.1645,57.2014],[-6.0666,57.144],[-6.044,57.2299],[-5.9862,57.1746],[-5.8454,57.1883],[-6.003,57.0996],[-5.9701,57.0349],[-5.7253,57.1754],[-5.7968,57.2665],[-6.1539,57.3056],[-6.0992,57.3323],[-6.1265,57.408],[-6.188,57.3944],[-6.1334,57.4763],[-6.1539,57.5895],[-6.3109,57.7028],[-6.4157,57.6458],[-6.3109,57.4626],[-6.5332,57.5457],[-6.6306,57.5018],[-6.6068,57.4439],[-6.7108,57.5102],[-6.7224,57.4564],[-6.7838,57.4564]]],[[[-6.5039,55.7228],[-6.4927,55.6731],[-6.3287,55.7831],[-6.25,55.7768],[-6.3252,55.7154],[-6.2432,55.6601],[-6.3192,55.6282],[-6.2873,55.5784],[-6.169,55.6295],[-6.1279,55.7715],[-6.0572,55.7715],[-6.1401,55.9414],[-6.3109,55.8184],[-6.3314,55.89],[-6.4452,55.8488],[-6.5039,55.7228]]],[[[-6.3011,56.6111],[-6.1274,56.4744],[-6.0033,56.4894],[-6.2032,56.3803],[-6.0208,56.382],[-6.25,56.3323],[-5.6576,56.4001],[-5.7104,56.4848],[-5.9626,56.5261],[-6.0583,56.6402],[-6.3011,56.6111]]],[[[-6.2925,56.3191],[-6.2612,56.3226],[-6.2859,56.3419],[-6.2925,56.3191]]],[[[-6.2477,56.4751],[-6.2375,56.47],[-6.16,56.4695],[-6.2153,56.5036],[-6.2406,56.4998],[-6.2477,56.4751]]],[[[-6.1904,56.6863],[-5.5437,56.6955],[-6.0082,56.6423],[-5.8544,56.5505],[-5.7491,56.572],[-5.7703,56.5378],[-5.6741,56.4969],[-5.1197,56.8184],[-5.2383,56.7166],[-4.9956,56.716],[-5.3178,56.6613],[-5.4139,56.5447],[-5.2421,56.5651],[-5.4276,56.5378],[-5.4686,56.4757],[-5.2011,56.4621],[-5.0646,56.5651],[-5.2087,56.4468],[-5.457,56.4409],[-5.5375,56.3597],[-5.4481,56.3597],[-5.5726,56.3281],[-5.5922,56.2498],[-5.4928,56.2604],[-5.6058,56.14],[-5.5096,56.1884],[-5.5587,56.1308],[-5.5316,56.0863],[-5.5775,56.097],[-5.7075,55.9426],[-5.571,56.0375],[-5.6964,55.916],[-5.571,55.9345],[-5.6741,55.8458],[-5.6604,55.7973],[-5.5994,55.7642],[-5.455,55.8458],[-5.6809,55.6745],[-5.7156,55.4479],[-5.7914,55.3986],[-5.7545,55.2973],[-5.623,55.3071],[-5.5742,55.5665],[-5.5075,55.5193],[-5.4612,55.6881],[-5.3235,55.7715],[-5.4261,55.7715],[-5.4444,56.0276],[-5.3686,56.0094],[-5.0646,56.2293],[-4.9205,56.2778],[-5.2045,56.1195],[-5.3383,55.9966],[-5.3383,55.9038],[-5.2305,55.8756],[-5.1807,55.9693],[-5.0865,55.9013],[-5.1236,56.0099],[-4.9831,55.871],[-4.9137,55.9619],[-4.9547,55.9966],[-4.8926,55.9897],[-4.9205,56.1679],[-4.8517,56.1126],[-4.7555,56.2065],[-4.8654,56.0667],[-4.8516,55.988],[-4.7789,55.9921],[-4.8243,56.0785],[-4.6735,55.9619],[-4.4817,55.9283],[-4.7994,55.9579],[-4.8865,55.9197],[-4.8611,55.7567],[-4.9205,55.7086],[-4.6927,55.6052],[-4.6178,55.4956],[-5.0078,55.1412],[-5.0503,55.0268],[-4.9956,54.9203],[-5.0609,54.9311],[-5.1151,55.0316],[-5.1708,55.0087],[-5.1571,54.8791],[-4.9581,54.6865],[-4.9537,54.8171],[-4.8591,54.8663],[-4.4233,54.7491],[-4.3484,54.761],[-4.4265,54.8695],[-4.4029,54.9073],[-4.2707,54.8394],[-4.2006,54.8663],[-4.1674,54.7898],[-3.8506,54.8403],[-3.817,54.8862],[-3.5817,54.8836],[-3.5705,54.9954],[-3.0463,54.9821],[-3.0907,54.9544],[-3.0218,54.9544],[-3.2765,54.9434],[-3.3173,54.9203],[-3.2546,54.8998],[-3.3879,54.8834],[-3.6342,54.5129],[-3.3068,54.1919],[-3.2074,54.263],[-3.241,54.1121],[-3.1853,54.0945],[-3.061,54.1619],[-3.0492,54.2221],[-2.9392,54.1551],[-2.796,54.2487],[-2.8542,54.1941],[-2.796,54.1252],[-2.9182,54.0343],[-2.8301,54.016],[-2.858,53.9676],[-3.0566,53.9062],[-3.0492,53.7695],[-2.899,53.7354],[-3.1019,53.5581],[-2.925,53.35],[-2.6998,53.3518],[-2.8815,53.2884],[-3.0583,53.4348],[-3.1864,53.3928],[-3.0878,53.2347],[-3.3303,53.3518],[-3.6022,53.2889],[-3.7987,53.3177],[-4.178,53.2176],[-4.3409,53.1127],[-4.3582,53.0285],[-4.757,52.798],[-4.2953,52.9227],[-4.0776,52.9267],[-4.149,52.8121],[-4.0488,52.7216],[-3.9883,52.7343],[-4.1255,52.6039],[-4.0531,52.5424],[-3.9473,52.5493],[-4.0565,52.5294],[-4.1096,52.3653],[-4.3158,52.2163],[-4.7203,52.1133],[-4.8414,52.0148],[-5.0702,52.0264],[-5.1195,51.9589],[-5.2877,51.913],[-5.2825,51.8684],[-5.1134,51.8288],[-5.1103,51.7785],[-5.2495,51.7337],[-5.1829,51.6893],[-4.9106,51.7182],[-4.9336,51.7753],[-4.8243,51.7957],[-4.879,51.762],[-4.8448,51.7138],[-5.1197,51.6784],[-4.9647,51.6034],[-4.3651,51.789],[-4.3105,51.7337],[-4.3793,51.7269],[-4.3153,51.6775],[-4.0705,51.676],[-4.2899,51.617],[-4.2899,51.5556],[-4.0318,51.5578],[-3.8416,51.6215],[-3.7376,51.4909],[-3.5392,51.3985],[-3.2894,51.3842],[-3.1214,51.5134],[-2.7131,51.5866],[-2.3834,51.7733],[-2.6962,51.5126],[-2.9747,51.3842],[-3.0218,51.1925],[-3.7692,51.2477],[-4.2285,51.1925],[-4.208,51.0764],[-4.3023,51.0075],[-4.5264,51.015],[-4.5773,50.7747],[-4.7925,50.5952],[-4.9209,50.5789],[-4.8448,50.5141],[-5.0156,50.538],[-5.0503,50.4287],[-5.3148,50.2536],[-5.6846,50.1615],[-5.7051,50.0523],[-5.5635,50.0596],[-5.4748,50.1304],[-5.1786,49.9831],[-5.0666,50.081],[-5.126,50.0963],[-5.0434,50.1441],[-5.053,50.1958],[-5.0086,50.1504],[-4.9287,50.246],[-4.6943,50.3435],[-4.1983,50.3791],[-4.2899,50.3974],[-4.2285,50.3974],[-4.2006,50.4594],[-4.0544,50.3004],[-3.6518,50.246],[-3.5516,50.3492],[-3.4644,50.6785],[-2.8648,50.7338],[-2.4897,50.5934],[-2.3983,50.6456],[-1.9496,50.6599],[-2.0827,50.699],[-2.039,50.7399],[-1.94,50.6908],[-1.5612,50.719],[-1.3173,50.8002],[-1.4664,50.9182],[-1.2988,50.843],[0.3204,50.785],[0.8587,50.9274],[1.0669,51.0644],[1.3154,51.1187],[1.3806,51.3797],[0.7644,51.3644],[0.7264,51.419],[0.5545,51.4122],[0.7232,51.4467],[0.6948,51.477],[0.3845,51.4531],[0.4561,51.5056],[0.86,51.5554],[0.8484,51.7183],[0.6986,51.72],[0.847,51.7377],[0.8439,51.7811],[0.9798,51.8436],[1.0373,51.7822],[1.1678,51.7902],[1.1723,51.9458],[1.0691,51.9534],[1.2668,51.9822],[1.1579,52.0285],[1.3953,51.9822],[1.5863,52.1163],[1.6537,52.3847],[1.7319,52.4134],[1.6417,52.777],[1.2747,52.9292],[0.9661,52.9744],[1.0139,52.9601],[0.5203,52.9553],[0.3845,52.7684],[0.0103,52.8865],[0.097,52.952],[0.0698,52.99],[0.3165,53.1248],[0.3032,53.2935],[0.2195,53.4195],[-0.2794,53.7071],[-0.7265,53.7006],[-0.3052,53.7397],[-0.0923,53.631],[0.0172,53.6416],[0.0079,53.7559],[-0.2195,54.0228],[-0.1978,54.152],[-0.3976,54.2692],[-0.563,54.4774],[-1.286,54.6811],[-1.3989,54.9531],[-1.486,54.9531],[-1.5097,55.1964],[-1.6065,55.2936],[-1.7066,55.613],[-1.8165,55.6329],[-2.138,55.9146],[-2.5836,56.0028],[-2.6351,56.0581],[-2.8232,56.0598],[-2.9399,55.9693],[-3.0782,55.9468],[-3.6562,56.0102],[-3.8375,56.1064],[-3.3427,56.0272],[-3.1039,56.1821],[-2.6713,56.2506],[-2.7042,56.3266],[-2.8376,56.3659],[-2.8148,56.4404],[-2.885,56.458],[-3.3235,56.3659],[-2.7685,56.4754],[-2.79,56.525],[-2.5326,56.5937],[-2.4264,56.7513],[-2.1966,56.9064],[-2.0757,57.2819],[-1.8247,57.4298],[-1.8452,57.624],[-1.9965,57.7015],[-3.0349,57.6686],[-3.4092,57.7233],[-3.591,57.6414],[-4.0839,57.5861],[-4.035,57.5569],[-4.1948,57.4916],[-4.2626,57.5521],[-4.105,57.5793],[-4.0093,57.6885],[-4.2019,57.675],[-4.4285,57.5775],[-4.2948,57.6802],[-4.043,57.7373],[-3.994,57.6963],[-3.9509,57.8379],[-4.3077,57.8515],[-4.3924,57.9083],[-4.2989,57.8628],[-4.0093,57.8679],[-3.9883,57.9083],[-4.1184,57.9731],[-3.6151,58.1247],[-3.3077,58.2839],[-3.0768,58.4809],[-3.1293,58.5126],[-3.0523,58.5842],[-3.0862,58.6458],[-3.3749,58.6771],[-3.4129,58.6556],[-3.3641,58.6008],[-4.029,58.5952],[-4.3439,58.5389],[-4.4954,58.4495],[-4.4265,58.5464],[-4.585,58.5742],[-4.761,58.448],[-4.66,58.5559],[-4.7765,58.6072],[-4.8181,58.5246],[-4.8359,58.605],[-5.005,58.6177],[-5.1056,58.5056],[-4.9956,58.4365],[-5.0981,58.4148],[-5.0162,58.3881],[-5.1431,58.4148],[-5.1732,58.3539],[-5.0501,58.2599],[-4.9267,58.2646],[-4.982,58.2509],[-4.9336,58.223],[-5.3921,58.2614],[-5.2421,58.1479],[-5.2974,58.1348],[-5.3008,58.0701],[-5.4468,58.0842],[-5.0708,57.8332],[-5.3662,57.9431],[-5.3929,57.9182],[-5.2216,57.8469],[-5.4149,57.9081],[-5.487,57.8559],[-5.6126,57.9288],[-5.6536,57.8947],[-5.5853,57.8314],[-5.6058,57.7705],[-5.6986,57.8691],[-5.8112,57.8332],[-5.8038,57.7438],[-5.6741,57.7097],[-5.7908,57.696],[-5.8059,57.6426],[-5.6604,57.5446],[-5.5127,57.5415],[-5.64,57.5111],[-5.8392,57.5793],[-5.8727,57.4937],[-5.8205,57.3843],[-5.7072,57.3598],[-5.6196,57.4167],[-5.64,57.3739],[-5.5635,57.3631],[-5.4481,57.4217],[-5.7203,57.2845],[-5.4407,57.3193],[-5.5019,57.2777],[-5.4072,57.2299],[-5.5782,57.2668],[-5.6809,57.1579],[-5.4004,57.1064],[-5.7156,57.1201],[-5.7911,57.0593],[-5.5233,56.9971],[-5.8317,56.9971],[-5.8522,56.9003],[-5.9211,56.8941],[-5.6604,56.873],[-5.8512,56.8289],[-5.7567,56.7849],[-5.8863,56.7849],[-5.8522,56.747],[-6.1904,56.6863]]],[[[-6.0869,55.883],[-6.0624,55.8095],[-5.9621,55.8048],[-5.8939,55.9725],[-6.0869,55.883]]],[[[-6.0719,57.3323],[-6.0548,57.3264],[-6.0252,57.3359],[-6.0648,57.3458],[-6.0719,57.3323]]],[[[-6.0139,57.3175],[-6.0078,57.3036],[-5.9586,57.2845],[-5.9254,57.2917],[-5.9294,57.3072],[-5.9455,57.316],[-5.9781,57.3241],[-5.99,57.3255],[-6.0139,57.3175]]],[[[-5.9956,55.986],[-5.8231,55.9766],[-5.6945,56.1474],[-5.9956,55.986]]],[[[-5.7491,56.1611],[-5.6737,56.1789],[-5.6757,56.1821],[-5.729,56.1821],[-5.7384,56.1775],[-5.7491,56.1611]]],[[[-5.7175,57.2646],[-5.7062,57.1832],[-5.6474,57.2646],[-5.7175,57.2646]]],[[[-5.663,56.227],[-5.6374,56.1893],[-5.6126,56.2635],[-5.663,56.227]]],[[[-5.6467,56.2988],[-5.6403,56.2828],[-5.6217,56.2761],[-5.599,56.2839],[-5.6053,56.2969],[-5.5846,56.3256],[-5.6331,56.3188],[-5.6467,56.2988]]],[[[-5.5846,56.387],[-5.5362,56.3922],[-5.5028,56.4211],[-5.558,56.4143],[-5.5846,56.387]]],[[[-5.3979,55.6142],[-5.3457,55.4827],[-5.1201,55.4398],[-5.1983,55.7043],[-5.2974,55.7228],[-5.3979,55.6142]]],[[[-5.2008,55.8955],[-5.1842,55.8685],[-5.058,55.8492],[-5.0752,55.8569],[-5.0809,55.8796],[-5.1669,55.9208],[-5.1995,55.9111],[-5.2008,55.8955]]],[[[-4.6842,53.3148],[-4.5636,53.2419],[-4.6263,53.3209],[-4.6842,53.3148]]],[[[-4.571,53.2755],[-4.4954,53.1799],[-4.3851,53.1824],[-4.4066,53.1306],[-4.0733,53.2738],[-4.1621,53.2596],[-4.2767,53.401],[-4.4254,53.4267],[-4.571,53.3928],[-4.571,53.2755]]],[[[-3.9922,57.6962],[-3.9883,57.696],[-3.988,57.6962],[-3.9922,57.6962]]],[[[-1.5238,50.6979],[-1.2792,50.5825],[-1.1684,50.6035],[-1.1237,50.7356],[-1.3185,50.7722],[-1.5238,50.6979]]],[[[-1.1872,50.7989],[-1.1511,50.7814],[-1.1358,50.7857],[-1.1872,50.7989]]],[[[0.7339,51.4122],[0.9421,51.383],[0.7669,51.4479],[0.7339,51.4122]]],[[[-62.8279,56.9374],[-62.1312,56.1136],[-61.5688,55.7715],[-60.9185,55.5665],[-60.6268,55.2255],[-60.404,55.2922],[-60.3747,55.3807],[-60.2926,55.4135],[-60.3654,55.4349],[-60.3277,55.4948],[-60.4821,55.3523],[-60.4547,55.4479],[-60.3344,55.5142],[-60.3573,55.5693],[-60.4547,55.5031],[-60.3944,55.5851],[-60.4343,55.6345],[-60.5305,55.5919],[-60.4935,55.6601],[-60.403,55.6795],[-60.4488,55.7896],[-60.5079,55.804],[-60.6813,55.5646],[-60.6562,55.6764],[-60.5914,55.7086],[-60.602,55.8196],[-60.749,55.7365],[-60.9439,55.7298],[-60.7285,55.8253],[-61.1933,55.8796],[-61.0785,55.8929],[-61.139,55.9722],[-61.4471,55.9806],[-61.3799,55.9792],[-61.5031,56.0102],[-61.235,56.0438],[-61.4553,56.0581],[-61.411,56.087],[-61.487,56.2102],[-62.0089,56.2405],[-62.0785,56.2982],[-61.6983,56.267],[-61.8179,56.3044],[-61.7197,56.3014],[-61.8458,56.387],[-61.7905,56.3938],[-62.1474,56.4553],[-61.9481,56.4656],[-62.0859,56.4832],[-62.0368,56.508],[-61.8234,56.4933],[-61.8415,56.585],[-62.243,56.6203],[-61.9141,56.6265],[-62.5856,56.7978],[-62.4938,56.8546],[-62.0887,56.8413],[-62.0444,56.8258],[-62.5031,56.7849],[-61.8525,56.6403],[-61.7684,56.6623],[-61.8262,56.7543],[-61.8867,56.7023],[-61.8942,56.8054],[-61.6642,56.8089],[-61.6434,56.8835],[-61.5018,56.9789],[-61.3387,56.963],[-61.4515,57.144],[-61.6964,57.1579],[-61.6617,57.2259],[-61.7843,57.1548],[-61.7853,57.1963],[-61.8651,57.1706],[-62.0116,57.243],[-61.8805,57.2777],[-61.8715,57.3428],[-61.9276,57.3671],[-61.8562,57.3611],[-61.9004,57.4155],[-62.1594,57.4691],[-62.3771,57.4285],[-62.5447,57.5111],[-62.3489,57.4577],[-62.2703,57.5384],[-62.0782,57.5482],[-62.4282,57.6962],[-62.6959,57.6962],[-62.561,57.3509],[-62.2499,57.2819],[-62.1178,57.0751],[-62.8279,56.9374]]],[[[-62.0173,57.5225],[-62.0171,57.5179],[-61.9291,57.4561],[-61.9193,57.4598],[-61.9379,57.4889],[-62.0173,57.5225]]],[[[-61.7983,56.7553],[-61.7328,56.7039],[-61.7319,56.7038],[-61.6949,56.7296],[-61.7508,56.7517],[-61.7983,56.7553]]],[[[-61.7974,56.4211],[-61.792,56.4176],[-61.7939,56.4207],[-61.7974,56.4211]]],[[[-61.6471,56.7365],[-61.4013,56.6623],[-61.3965,56.7745],[-61.5847,56.7717],[-61.4823,56.8435],[-61.4277,56.8243],[-61.4554,56.8686],[-61.3387,56.935],[-61.5199,56.9487],[-61.6344,56.8525],[-61.6471,56.7365]]],[[[-61.2323,56.0998],[-61.1221,56.0256],[-60.9642,56.0754],[-61.0985,56.1747],[-61.1884,56.1079],[-61.1468,56.0922],[-61.2323,56.0998]]],[[[-60.8998,55.8768],[-60.8893,55.8658],[-60.8651,55.8659],[-60.8109,55.8754],[-60.8914,55.8838],[-60.8998,55.8768]]],[[[-60.4935,55.2255],[-60.441,55.2255],[-60.4582,55.2356],[-60.4921,55.2263],[-60.4935,55.2255]]],[[[-60.4285,55.2255],[-60.398,55.2255],[-60.3636,55.2525],[-60.3633,55.259],[-60.3966,55.2587],[-60.4285,55.2255]]],[[[-7.4554,57.2367],[-7.3907,57.1291],[-7.2929,57.1066],[-7.353,57.2429],[-7.231,57.2819],[-7.237,57.3211],[-7.394,57.3808],[-7.2417,57.3518],[-7.4268,57.385],[-7.3897,57.312],[-7.4554,57.2367]]],[[[-7.3059,57.4092],[-7.2513,57.4143],[-7.2522,57.4199],[-7.3059,57.4092]]],[[[-7.5179,57.6202],[-7.3327,57.5335],[-7.1618,57.604],[-7.2159,57.6414],[-7.1058,57.6271],[-7.1817,57.6885],[-7.2567,57.6483],[-7.3121,57.6885],[-7.5179,57.6202]]],[[[-7.1265,58.124],[-7.0756,58.0622],[-7.024,58.0796],[-7.0582,58.0386],[-6.9346,58.0523],[-7.0582,58.025],[-7.0699,57.9727],[-6.8391,57.9356],[-6.9626,57.8947],[-6.9142,57.8679],[-7.1072,57.8376],[-7.0567,57.7815],[-6.7488,57.852],[-6.787,57.8988],[-6.661,57.8803],[-6.764,58.0039],[-6.6883,58.0585],[-6.592,58.0585],[-6.7094,58.0039],[-6.661,57.9288],[-6.5375,57.9213],[-6.4822,57.9855],[-6.5507,58.0101],[-6.4705,58.0091],[-6.4232,58.1043],[-6.6194,58.0864],[-6.4085,58.134],[-6.4003,58.2099],[-6.2081,58.1956],[-6.2149,58.2418],[-6.3661,58.2373],[-6.2272,58.3251],[-6.2543,58.5082],[-6.8186,58.2851],[-6.7094,58.1894],[-6.8695,58.1894],[-6.8596,58.1069],[-6.9073,58.2168],[-7.0309,58.2447],[-7.0172,58.1894],[-7.1128,58.182],[-7.1265,58.124]]],[[[-7.0793,57.8803],[-7.0552,57.8842],[-7.0446,57.9021],[-7.0092,57.8896],[-6.9971,57.8935],[-6.9974,57.9151],[-7.0155,57.9219],[-7.0377,57.9163],[-7.0793,57.8947],[-7.0793,57.8803]]],[[[-6.8823,58.2363],[-6.8596,58.223],[-6.8733,58.2168],[-6.8733,58.2099],[-6.7912,58.2099],[-6.8186,58.2373],[-6.8289,58.2338],[-6.88,58.2578],[-6.8823,58.2363]]],[[[-3.4333,58.885],[-3.3264,58.8164],[-3.1836,58.8324],[-3.3494,58.9285],[-3.4333,58.885]]],[[[-3.3667,59.0161],[-3.2894,58.9504],[-3.2279,59.0386],[-3.2028,58.9159],[-2.9812,58.9601],[-2.9268,58.9049],[-2.7957,58.9026],[-2.8376,58.9504],[-2.8057,58.9871],[-3.1317,59.0051],[-2.9945,59.0597],[-3.1827,59.1472],[-3.3238,59.1274],[-3.3667,59.0161]]],[[[-2.8387,59.2647],[-2.8372,59.2521],[-2.8301,59.2521],[-2.8387,59.2647]]],[[[-2.8301,59.1921],[-2.7448,59.1551],[-2.7277,59.2242],[-2.7879,59.2472],[-2.8301,59.1921]]],[[[-2.6926,59.1923],[-2.5635,59.2324],[-2.5713,59.2992],[-2.6926,59.1923]]],[[[-2.6655,59.1552],[-2.6653,59.1551],[-2.6449,59.1551],[-2.6452,59.1575],[-2.6655,59.1552]]],[[[-1.6708,60.242],[-1.5037,60.2434],[-1.4664,60.2172],[-1.5273,60.1929],[-1.4554,60.1562],[-1.3497,60.2111],[-1.4111,60.2589],[-1.3293,60.2043],[-1.2677,60.2452],[-1.3124,60.1806],[-1.2694,60.1855],[-1.2797,60.0881],[-1.2032,60.0653],[-1.1722,60.3476],[-1.0656,60.3749],[-1.1251,60.3837],[-1.1034,60.4308],[-1.2208,60.4091],[-1.1517,60.4308],[-1.2175,60.498],[-1.295,60.4711],[-1.2336,60.4438],[-1.3702,60.4022],[-1.295,60.4923],[-1.3361,60.4854],[-1.3092,60.5577],[-1.4187,60.6083],[-1.4801,60.5394],[-1.3844,60.5121],[-1.527,60.5568],[-1.6094,60.4833],[-1.446,60.4923],[-1.395,60.39],[-1.2604,60.355],[-1.3435,60.3476],[-1.364,60.2862],[-1.6387,60.3115],[-1.6708,60.242]]],[[[-1.3457,60.109],[-1.345,60.1076],[-1.3201,60.1001],[-1.3158,60.1155],[-1.3457,60.109]]],[[[-1.18,60.6247],[-1.1347,60.503],[-1.1642,60.5577],[-1.0239,60.5852],[-1.0623,60.6629],[-0.9935,60.6356],[-0.9935,60.7311],[-1.0921,60.7353],[-1.1034,60.6151],[-1.18,60.6247]]],[[[-0.9662,60.6902],[-0.8219,60.685],[-0.8271,60.8399],[-0.9388,60.8001],[-0.9662,60.6902]]],[[[-0.9388,60.6287],[-0.9174,60.6062],[-0.8138,60.6265],[-0.8221,60.6287],[-0.9388,60.6287]]],[[[165.9093,-50.7707],[165.9787,-50.8435],[166.0402,-50.752],[166.0612,-50.8307],[166.1089,-50.8028],[166.2244,-50.8601],[166.2326,-50.7551],[166.1227,-50.7004],[166.2263,-50.6935],[166.1643,-50.6868],[166.2121,-50.6526],[166.1847,-50.611],[166.2921,-50.5774],[166.099,-50.5356],[166.1568,-50.5864],[165.9093,-50.7707]]],[[[165.9945,-50.8734],[166.0219,-50.9064],[166.1227,-50.912],[166.1296,-50.9026],[166.2263,-50.8854],[166.137,-50.8644],[166.0959,-50.8513],[166.0768,-50.8624],[165.9945,-50.8734]]],[[[146.9409,-42.9588],[147.1981,-43.2828],[147.2501,-43.2668],[147.2477,-43.1292],[147.3013,-43.0831],[147.2544,-43.0273],[147.3332,-43.0427],[147.342,-42.9582],[147.1882,-42.7636],[146.9477,-42.7636],[147.0212,-42.9588],[146.9409,-42.9588]]],[[[147.2918,-43.153],[147.2957,-43.1656],[147.3181,-43.1772],[147.3587,-43.1818],[147.3293,-43.1448],[147.2918,-43.153]]],[[[147.344,-43.089],[147.3706,-43.089],[147.36,-43.0749],[147.344,-43.089]]],[[[147.3473,-43.228],[147.3494,-43.2327],[147.3885,-43.2192],[147.377,-43.2047],[147.3473,-43.228]]],[[[146.8603,-41.3996],[147.0064,-41.5942],[147.2943,-41.6591],[147.276,-41.5293],[146.8603,-41.3996]]],[[[173.5182,-35.0082],[173.8989,-35.4587],[174.3737,-35.5874],[174.2484,-35.3264],[174.1511,-35.3697],[174.0935,-35.2198],[174.015,-35.217],[174.0926,-35.1591],[173.8049,-35.0325],[173.7603,-35.0969],[173.7498,-35.0082],[173.5182,-35.0082]]],[[[174.0937,-35.1596],[174.1021,-35.1894],[174.1135,-35.193],[174.1488,-35.1839],[174.0937,-35.1596]]],[[[174.155,-35.2745],[174.1646,-35.2901],[174.2399,-35.3087],[174.2226,-35.2727],[174.1758,-35.2698],[174.1619,-35.2813],[174.155,-35.2745]]],[[[150.4884,-34.5579],[150.557,-34.8152],[150.7077,-34.9439],[150.7854,-34.8041],[150.7196,-34.5579],[150.4884,-34.5579]]],[[[150.5989,-33.7861],[150.7345,-34.172],[150.6576,-34.172],[150.8783,-34.4292],[150.9242,-34.2363],[151.0684,-34.1748],[151.0478,-34.0433],[151.2016,-34.0433],[151.0952,-34.0144],[151.2019,-33.9592],[151.2354,-33.9907],[151.2775,-33.9252],[151.185,-33.5932],[151.2451,-33.5901],[150.9199,-33.5289],[150.9547,-33.5932],[150.7244,-33.5932],[150.5989,-33.7861]]],[[[151.983,-32.5003],[152.0829,-32.6917],[152.2147,-32.6932],[152.203,-32.6289],[152.4958,-32.4573],[152.4514,-32.3718],[152.0361,-32.3075],[152.0594,-32.5003],[151.983,-32.5003]]],[[[17.1903,-30.1028],[17.6172,-30.934],[18.1968,-31.6974],[18.2769,-31.8927],[18.3494,-32.2603],[18.2964,-32.6086],[18.1188,-32.773],[17.9055,-32.7292],[17.843,-32.8233],[17.9019,-33.0369],[18.0374,-33.0338],[18.1275,-33.1974],[17.9549,-33.102],[18.3074,-33.4793],[18.4844,-33.8439],[18.3148,-34.0291],[18.3584,-34.0548],[18.3163,-34.1575],[18.3998,-34.2897],[18.3956,-34.172],[18.4784,-34.1069],[18.8001,-34.0895],[18.8582,-34.1503],[18.8176,-34.3769],[19.1399,-34.2944],[19.0852,-34.3565],[19.1193,-34.4006],[19.2904,-34.4091],[19.3602,-34.5004],[19.2969,-34.6178],[19.3987,-34.6018],[19.6532,-34.7741],[19.8584,-34.7497],[19.9642,-34.813],[20.2589,-34.5579],[20.5244,-34.4543],[20.8664,-34.4348],[20.8052,-34.398],[20.9134,-34.3604],[21.3059,-34.4246],[21.5376,-34.3489],[21.7887,-34.3813],[21.8611,-34.2363],[22.1692,-34.0832],[22.5837,-33.9941],[22.7668,-34.0329],[22.7305,-33.9797],[22.7746,-33.9836],[22.936,-34.0827],[23.0322,-34.0861],[22.9981,-34.0275],[23.0628,-34.0827],[23.282,-34.1],[23.3128,-34.0433],[23.6355,-33.9797],[24.1631,-34.0548],[24.565,-34.1769],[24.9239,-33.979],[25.1926,-33.9622],[25.5965,-34.0482],[25.5349,-33.9147],[25.7854,-33.7436],[25.9553,-33.7109],[26.4761,-33.7643],[27.2406,-33.4352],[26.8627,-33.0789],[26.8544,-32.9503],[26.3223,-33.0146],[26.008,-32.886],[25.9884,-32.5646],[25.912,-32.5646],[25.9617,-32.1147],[25.7034,-31.6005],[25.6716,-31.0221],[25.364,-30.9578],[25.3573,-30.8293],[25.1326,-30.8936],[24.8188,-30.7008],[24.5908,-30.7008],[24.2234,-30.9578],[24.1599,-31.2149],[23.8617,-31.3434],[23.2496,-31.2792],[23.1617,-31.0221],[22.9306,-30.9578],[22.4883,-31.2792],[22.3473,-31.5362],[22.4379,-31.8576],[22.2119,-31.9219],[22.0537,-31.7933],[21.207,-31.6005],[21.2018,-31.472],[20.8921,-31.3434],[20.0546,-31.3434],[19.9694,-31.0864],[19.2744,-30.765],[19.1165,-30.5722],[18.5775,-30.3152],[17.7478,-30.508],[17.5879,-30.1866],[17.1903,-30.1028]]],[[[55.2254,-21.0297],[55.3496,-21.2714],[55.575,-21.3679],[55.7695,-21.3149],[55.5928,-20.8794],[55.2874,-20.9117],[55.2254,-21.0297]]],[[[57.3035,-20.4309],[57.3781,-20.507],[57.5764,-20.5066],[57.6241,-20.3506],[57.6982,-20.3506],[57.673,-20.0292],[57.5281,-20.0309],[57.3706,-20.2605],[57.3578,-20.4274],[57.3035,-20.4309]]],[[[55.3605,-4.6613],[55.362,-4.6637],[55.3649,-4.6659],[55.3698,-4.6666],[55.3729,-4.6679],[55.3738,-4.6664],[55.3705,-4.6639],[55.3662,-4.6606],[55.3627,-4.6593],[55.3605,-4.6613]]],[[[55.3673,-4.6393],[55.4278,-4.6701],[55.4263,-4.6002],[55.3673,-4.6393]]],[[[55.3964,-4.6697],[55.3977,-4.6714],[55.3975,-4.6734],[55.4001,-4.6757],[55.4041,-4.6803],[55.4054,-4.6799],[55.4059,-4.6781],[55.4068,-4.675],[55.4048,-4.6717],[55.4012,-4.6695],[55.399,-4.6686],[55.3972,-4.6684],[55.3964,-4.6697]]],[[[101.4898,-3.0367],[101.6713,-3.2689],[101.7157,-3.1859],[101.6368,-2.993],[101.4898,-3.0367]]],[[[107.4573,-2.8273],[107.4601,-2.9167],[107.5047,-2.8547],[107.4573,-2.8273]]],[[[107.5471,-2.9167],[107.611,-2.9179],[107.5811,-3.0107],[107.6426,-3.1284],[107.6019,-3.1859],[107.7782,-3.1859],[107.8705,-3.0517],[107.9687,-3.1859],[108.0766,-3.1859],[108.1277,-3.1535],[108.18,-2.6749],[107.8443,-2.543],[107.6703,-2.5615],[107.6034,-2.871],[107.5471,-2.9167]]],[[[100.2679,5.4679],[100.2887,5.2627],[100.3434,5.4176],[100.2679,5.4679]]],[[[100.3645,5.0843],[100.3958,5.0188],[100.4551,5.1072],[100.528,5.1072],[100.5495,5.493],[100.3715,5.5327],[100.4333,5.2112],[100.3645,5.0843]]],[[[-0.9179,5.2133],[-0.7719,5.2389],[-0.7704,5.4287],[-0.9162,5.4287],[-0.9179,5.2133]]],[[[-0.6255,5.3292],[-0.4346,5.4402],[-0.4779,5.5572],[-0.6237,5.5572],[-0.6255,5.3292]]],[[[79.7061,8.0645],[79.802,7.6593],[79.863,6.8072],[80.032,6.2663],[80.2039,6.0262],[80.5908,5.9237],[80.7144,5.9579],[80.8091,6.0351],[81.3621,6.2254],[81.7647,6.5931],[81.8846,6.9802],[81.8807,7.3271],[81.8331,7.4594],[81.8078,7.4103],[81.771,7.457],[81.7358,7.6305],[81.5955,7.7263],[81.6266,7.7602],[81.7131,7.7118],[81.5876,7.8553],[81.5607,7.9993],[81.3963,8.1365],[81.4036,8.1918],[81.4482,8.1275],[81.3566,8.3625],[81.3657,8.4822],[81.134,8.5013],[81.2286,8.5591],[81.0748,8.8635],[80.9785,8.98],[80.9149,8.9439],[80.8753,9.0415],[80.9583,9.0179],[80.8345,9.1418],[80.8822,9.1452],[80.8239,9.2705],[80.7936,9.2506],[80.7365,9.309],[80.7988,9.2949],[80.7725,9.3262],[80.5453,9.5195],[80.4398,9.5431],[80.4653,9.5833],[80.2769,9.7751],[80.1377,9.8062],[80.444,9.5759],[80.1241,9.8092],[79.9885,9.8229],[79.9097,9.7683],[80.0874,9.6184],[80.186,9.5841],[80.186,9.6485],[80.6148,9.4462],[80.4266,9.5002],[80.2869,9.4527],[80.2334,9.5342],[80.0734,9.5958],[80.197,9.4735],[80.053,9.3915],[80.1182,9.3004],[80.1056,9.1929],[80.048,9.0263],[79.9155,8.9385],[79.9505,8.7398],[79.8067,8.2402],[79.8338,8.0031],[79.7638,7.9901],[79.7061,8.0645]]],[[[79.7752,8.2519],[79.7786,8.26],[79.7757,8.2605],[79.7752,8.2519]]],[[[79.8636,9.6717],[79.9438,9.6477],[79.8823,9.7609],[79.8636,9.6717]]],[[[81.2249,8.5418],[81.2364,8.5436],[81.2297,8.5569],[81.2249,8.5418]]],[[[73.5265,29.9223],[73.5769,29.7937],[73.7916,29.7294],[73.6907,29.6009],[73.7291,29.4081],[74.4486,29.2152],[75.0535,29.2152],[75.1799,29.0867],[75.4947,29.1509],[75.7108,28.701],[75.6866,28.5724],[75.7621,28.5724],[75.8016,28.3795],[75.9525,28.3795],[76.2068,28.1224],[76.1372,27.7367],[75.9753,27.6724],[75.9415,27.4795],[76.0697,27.3509],[76.0793,26.9652],[77.0344,26.8366],[77.2168,26.5794],[77.442,26.5794],[77.4527,26.6437],[77.5278,26.6437],[77.7857,26.8366],[78.3005,26.7723],[78.7933,26.5794],[79.0295,26.6437],[79.3612,26.3865],[79.5113,26.3865],[79.5647,26.258],[79.9933,26.1294],[80.0576,26.0651],[79.9615,25.9365],[80.1114,25.9365],[80.1009,25.8722],[80.4756,25.8722],[80.8188,25.6793],[80.7472,25.2293],[80.5876,25.165],[80.6231,24.9078],[80.211,24.6506],[80.3884,24.3292],[80.3701,24.2006],[80.137,24.1363],[80.1101,23.9435],[80.6981,23.8792],[81.2385,24.0077],[81.9849,24.0077],[82.0412,23.8792],[82.6381,23.8792],[82.8246,24.1363],[83.1138,24.072],[83.282,24.2006],[83.6734,23.8149],[83.655,23.6863],[83.9912,23.4291],[84.0031,22.9791],[84.2177,22.9148],[83.9994,22.4005],[84.2055,22.272],[84.5116,22.3363],[85.1948,22.9791],[85.4183,22.9791],[85.7435,23.172],[86.294,22.8506],[86.5918,22.8506],[86.5469,22.5291],[86.6779,22.4005],[85.9387,21.8863],[85.5099,22.0148],[85.4099,21.822],[85.1784,21.7577],[85.1688,21.1148],[84.6327,20.9862],[84.6162,20.8577],[84.303,20.7291],[84.3609,20.6005],[84.2044,20.5362],[84.1881,20.4077],[84.7484,20.1505],[84.3534,19.9577],[84.1637,20.2148],[83.727,20.2791],[83.1197,19.5719],[82.6675,19.5077],[82.4693,19.7005],[82.4853,19.8291],[82.3371,19.8291],[82.2128,20.022],[81.9164,20.022],[81.9006,19.8934],[82.0408,19.8291],[82.0859,18.9934],[81.9065,18.7362],[81.7586,18.7362],[81.4745,18.2219],[81.3113,18.0933],[81.0897,18.0933],[81.0389,18.2862],[80.7588,18.4148],[80.4355,18.8005],[80.1397,18.8005],[79.9332,18.9291],[79.9053,19.3148],[80.0024,19.5077],[79.8034,19.7005],[79.4408,19.7648],[79.1901,20.1505],[78.8861,20.0862],[78.7681,20.3434],[78.1974,20.5362],[78.2124,20.6648],[77.849,20.7291],[77.2706,21.5005],[76.7432,21.4363],[76.1865,21.1148],[75.8081,21.0505],[75.6235,20.7291],[75.0899,20.6005],[74.846,20.4077],[74.7435,20.1505],[75.2336,19.8934],[75.1021,19.3791],[75.1762,19.3791],[75.2,18.9291],[74.971,18.8648],[75.0761,18.4791],[75.5052,18.3505],[75.5648,18.2219],[75.7865,18.2219],[75.7484,18.5434],[75.999,18.8005],[76.1469,18.8005],[76.3469,18.6076],[76.3919,18.3505],[76.9466,18.0291],[76.9321,17.9005],[76.7773,17.8362],[76.8224,17.579],[76.4393,17.4505],[76.5656,17.2576],[76.5376,17.0005],[76.3284,16.4219],[76.0873,16.229],[76.1344,15.9718],[75.6732,15.779],[75.6539,15.5861],[75.7275,15.5861],[75.61,15.1361],[75.7447,15.0075],[76.1919,15.0718],[76.0265,14.8789],[75.9965,14.5575],[76.0699,14.5575],[76.0523,14.3646],[76.1934,14.3004],[75.792,13.9146],[75.1773,13.5932],[74.8377,13.9146],[75.0298,14.4289],[75.1825,14.4932],[75.1446,14.8789],[74.8809,15.2004],[74.599,15.329],[74.5194,15.2647],[74.5506,14.8147],[74.3126,14.6218],[74.3068,14.5575],[74.3249,14.5172],[74.3587,14.5712],[74.4277,14.4763],[74.3519,14.5302],[74.4154,14.3011],[74.509,14.2503],[74.429,14.2404],[74.6605,13.6601],[74.6878,13.7118],[74.7356,13.6538],[74.6667,13.6328],[74.6895,13.3816],[74.8176,12.8618],[74.9409,12.8786],[74.825,12.8382],[74.8557,12.7594],[75.1055,12.2213],[75.1397,12.2486],[75.1761,12.0742],[75.2635,11.9921],[75.3042,12.0432],[75.3023,11.9661],[75.3934,11.9748],[75.4002,11.9202],[75.3239,11.9354],[75.3623,11.8597],[75.7355,11.3715],[76.1532,10.2202],[76.2017,10.1997],[76.1948,10.2686],[76.2402,10.239],[76.1797,10.1413],[76.3941,9.8428],[76.407,9.5691],[76.5033,9.535],[76.3574,9.5207],[76.3623,9.781],[76.3553,9.6717],[76.2924,9.6717],[76.363,9.3252],[76.4426,9.1452],[76.4146,9.247],[76.4828,9.1718],[76.5281,8.947],[76.6685,9.0074],[76.574,8.9426],[76.6206,8.9254],[76.544,8.9125],[76.9959,8.3681],[77.3086,8.1309],[77.5653,8.0825],[78.0592,8.3732],[78.2398,8.9656],[78.4121,9.0998],[78.9611,9.2753],[78.9383,9.5837],[79.2791,10.0358],[79.2363,10.1666],[79.2861,10.2528],[79.3981,10.3247],[79.5869,10.3437],[79.5567,10.2987],[79.7598,10.2582],[79.6141,10.3096],[79.8567,10.2933],[79.8525,11.0217],[79.6648,11.0217],[79.679,11.2146],[79.8446,11.2146],[79.833,11.342],[79.7593,11.3583],[79.6763,11.2965],[79.8193,11.3815],[79.752,11.577],[79.7859,11.7692],[79.8618,12.022],[80.0051,12.2418],[79.9439,12.2178],[80.1338,12.4391],[79.9992,12.5003],[80.0152,12.6932],[80.2466,12.743],[80.3087,13.099],[80.1325,13.2075],[80.1495,13.4003],[80.2659,13.4682],[80.1194,13.5007],[80.053,13.6191],[80.094,13.6948],[80.1356,13.6191],[80.1419,13.7289],[80.2204,13.6187],[80.2405,13.6491],[80.2486,13.8018],[80.1497,14.0277],[80.1356,14.2292],[80.0466,14.2066],[80.175,14.3445],[80.197,14.565],[80.1419,14.5712],[80.1785,14.6058],[80.1082,14.7143],[80.053,15.0926],[80.0906,15.3049],[80.2796,15.7007],[80.6702,15.9077],[80.8565,15.8122],[80.8965,16.0311],[80.91,15.8527],[81.0189,15.7916],[80.9989,15.8467],[81.1497,15.9696],[81.2596,16.3327],[81.4114,16.3825],[81.4167,16.3402],[81.5402,16.3737],[81.7825,16.3331],[82.3074,16.5798],[82.3662,16.8719],[82.2679,16.8675],[82.2527,16.9292],[82.3877,17.1269],[82.7185,17.3486],[83.2389,17.593],[83.2129,17.6349],[83.2991,17.6643],[83.2469,17.7163],[83.3413,17.7174],[83.4519,17.9229],[84.1131,18.2983],[84.3499,18.5529],[84.2469,18.5256],[84.4237,18.6365],[84.7411,19.0281],[84.78,19.0971],[84.7405,19.0737],[84.7388,19.1476],[84.791,19.1206],[85.1804,19.475],[85.4089,19.6099],[85.2884,19.6013],[85.3779,19.6149],[85.3914,19.6906],[85.2476,19.6565],[85.193,19.5808],[85.2332,19.5541],[85.124,19.4783],[85.1029,19.5296],[85.2681,19.78],[85.4401,19.8962],[85.5703,19.8756],[85.5765,19.7458],[85.5099,19.7346],[85.5021,19.6739],[86.3724,19.965],[86.1677,20.0729],[86.1525,20.1431],[86.2092,20.0666],[86.4263,19.9992],[86.3914,20.0202],[86.4951,20.1841],[86.7546,20.3144],[86.6937,20.2939],[86.8071,20.4104],[86.7205,20.3685],[86.7515,20.4892],[87.0215,20.6756],[86.9402,20.698],[86.9987,20.7111],[86.9866,20.7519],[86.8788,20.7806],[86.9657,20.806],[86.844,21.0822],[86.9177,21.3274],[87.2009,21.552],[87.7038,21.6555],[87.834,21.7293],[87.9837,21.8542],[88.0431,22.0173],[88.1643,22.0898],[88.1326,22.1791],[87.9653,22.2448],[87.9066,22.4247],[88.009,22.2404],[88.198,22.1678],[88.2224,22.0779],[88.1467,21.9592],[88.2097,21.7886],[88.1819,21.6652],[88.3017,21.5786],[88.2616,21.7987],[88.3218,21.6057],[88.3312,21.7191],[88.4598,21.6934],[88.4956,21.9518],[88.5166,21.7017],[88.6602,22.205],[88.6442,22.0791],[88.763,22.1306],[88.7149,22.0791],[88.763,22.0173],[88.7196,21.9428],[88.728,21.6291],[88.8109,21.6917],[88.803,21.6291],[88.8587,21.6365],[88.8587,21.7668],[88.8916,21.6535],[89.0832,21.6291],[89.0159,21.8533],[88.905,21.9694],[89.0095,21.9046],[89.0609,21.9385],[89.0437,22.1374],[89.1047,21.8159],[89.2947,21.7577],[89.3596,21.9723],[89.369,21.7577],[89.4501,21.7577],[89.5218,21.9623],[89.4758,22.2951],[89.5329,21.9847],[89.5794,22.1132],[89.5492,22.2053],[89.6265,22.336],[89.5274,21.8128],[89.5365,21.7577],[89.6747,21.7577],[89.7007,21.7849],[89.619,21.8699],[89.647,21.9251],[89.7092,21.8301],[89.8782,21.8837],[89.7972,22.076],[89.8713,22.0919],[89.8387,22.2678],[89.8729,22.4186],[89.9204,22.3918],[90.0101,22.4902],[89.8768,22.2747],[89.9146,22.0617],[89.9678,21.9746],[90.0784,22.164],[89.9963,22.0002],[90.058,21.9937],[90.2361,22.1989],[90.0302,21.9124],[90.0866,21.8691],[90.1262,21.932],[90.1005,21.8585],[90.2176,21.8135],[90.4129,22.178],[90.3943,22.2882],[90.3875,22.1026],[90.446,22.0791],[90.6184,22.3767],[90.5597,22.5623],[90.4725,22.5756],[90.4421,22.4936],[90.5127,22.6115],[90.4929,22.7099],[90.3726,22.7614],[90.54,22.8966],[90.4489,23.0557],[90.572,23.0817],[90.6108,23.2308],[90.2503,23.4669],[90.5519,23.385],[90.5768,23.5395],[90.4763,23.583],[90.612,23.6061],[90.6078,23.4911],[90.7158,23.5351],[90.6003,23.4499],[90.6673,23.2676],[90.6294,23.0644],[90.8359,22.6849],[90.9851,22.5744],[91.0379,22.5886],[91.0183,22.6831],[91.0667,22.5884],[91.2352,22.6659],[91.169,22.6849],[91.1819,22.7265],[91.3038,22.6974],[91.3464,22.7748],[91.4147,22.7537],[91.4905,22.9045],[91.4615,22.77],[91.497,22.7863],[91.676,22.5346],[91.7871,22.2379],[91.9081,22.4247],[91.8088,22.3063],[91.813,22.1803],[91.8672,22.1374],[91.9157,21.8625],[91.9497,21.8842],[91.8993,21.7895],[91.99,21.7948],[91.9497,21.716],[91.9839,21.6501],[92.0293,21.7049],[92.0179,21.4931],[91.9754,21.4748],[92.1925,21.4363],[92.378,21.6934],[92.4719,22.3363],[92.3614,22.5934],[92.41,22.9148],[92.3355,22.9148],[92.4396,23.1077],[92.3006,23.172],[92.3851,23.2363],[92.3611,23.5577],[92.1579,23.6863],[92.2951,24.072],[92.2205,24.072],[92.2525,24.2649],[92.1139,24.3292],[92.4493,24.9721],[92.1846,25.165],[90.3142,25.165],[89.9628,25.2936],[90.1192,25.7436],[90.9433,25.7436],[91.1801,25.8079],[91.2917,26.0008],[90.767,26.0008],[90.6293,26.0651],[90.7666,26.3865],[89.8162,26.5151],[89.1033,26.708],[89.1161,26.7723],[89.0409,26.7723],[89.0537,26.8366],[88.165,26.9009],[88.1649,26.5151],[87.9903,26.3865],[87.2399,26.3865],[87.1141,26.5151],[86.6516,26.4508],[86.3126,26.6437],[85.787,26.6437],[85.7362,26.7723],[85.2735,26.708],[84.9972,26.8366],[84.8836,27.0295],[84.7333,27.0295],[84.7579,27.158],[84.4318,27.4152],[83.291,27.3509],[82.9395,27.4795],[82.6758,27.6724],[81.5588,27.7367],[80.6417,28.0581],[80.1269,28.5081],[80.1526,28.6367],[80.0276,28.7652],[79.65,28.7652],[79.022,29.0224],[79.0482,29.1509],[78.9102,29.2152],[78.9634,29.4723],[78.6876,29.6009],[78.6389,29.7294],[78.2333,29.6009],[78.198,29.7937],[77.9573,29.7294],[77.9358,29.9865],[78.1427,30.2436],[77.5775,30.4364],[77.2681,30.7578],[77.1921,30.7578],[77.2063,30.822],[76.7362,30.7578],[76.6266,30.9506],[76.4745,30.9506],[76.4887,31.0148],[75.576,31.0148],[75.39,31.2076],[74.7812,31.2076],[74.2285,30.7578],[74.2015,30.6292],[74.0496,30.6292],[73.9205,30.3722],[73.9441,30.1151],[73.6279,30.0508],[73.5265,29.9223]],[[77.1084,28.5081],[77.1454,28.701],[77.3089,28.7652],[77.435,28.6367],[77.2593,28.5081],[77.1084,28.5081]],[[84.6273,27.0365],[84.7607,26.999],[84.6402,27.0284],[84.6273,27.0365]],[[88.1653,26.73],[88.1673,26.7562],[88.1691,26.744],[88.1653,26.73]],[[88.3239,22.4648],[88.4166,22.5934],[88.491,22.5934],[88.4727,22.4648],[88.3239,22.4648]],[[88.3657,26.5964],[88.3725,26.6116],[88.3853,26.6235],[88.3657,26.5964]],[[88.3698,22.7863],[88.4628,22.9148],[88.5373,22.9148],[88.6024,22.8506],[88.3698,22.7863]],[[88.5401,23.65],[88.5612,23.741],[88.5416,23.6388],[88.5401,23.65]],[[88.5764,23.5918],[88.6092,23.5888],[88.5815,23.5883],[88.5764,23.5918]],[[89.0623,22.2116],[89.0762,22.175],[89.0782,22.1508],[89.0623,22.2116]],[[91.1406,23.6197],[91.1951,23.4952],[91.1408,23.6121],[91.1406,23.6197]],[[91.214,23.7996],[91.2282,23.845],[91.2253,23.8261],[91.214,23.7996]]],[[[76.2304,10.0038],[76.2427,9.9875],[76.2329,10.0435],[76.2304,10.0038]]],[[[76.2363,9.9527],[76.2468,9.8937],[76.2644,9.845],[76.3185,9.8205],[76.3086,9.8796],[76.2971,9.8708],[76.3,9.8478],[76.2808,9.8428],[76.2883,9.8612],[76.2842,9.8912],[76.2774,9.8708],[76.2669,9.876],[76.2568,9.9086],[76.291,9.9086],[76.2695,9.951],[76.2515,9.9631],[76.2363,9.9527]]],[[[76.3201,9.8616],[76.3462,9.8161],[76.3439,9.8091],[76.3605,9.8016],[76.3592,9.8161],[76.3327,9.8708],[76.3201,9.8616]]],[[[80.2711,13.5289],[80.2979,13.4629],[80.302,13.4646],[80.3045,13.4919],[80.2894,13.5289],[80.2711,13.5289]]],[[[80.8685,15.812],[80.8698,15.8105],[80.9628,15.7987],[80.8884,15.8467],[80.8685,15.812]]],[[[82.3489,16.9565],[82.3571,16.8975],[82.3642,16.9149],[82.3489,16.9565]]],[[[85.4994,19.6535],[85.5765,19.6906],[85.4996,19.6549],[85.4994,19.6535]]],[[[88.1338,21.631],[88.1394,21.6303],[88.1444,21.6578],[88.1391,21.67],[88.1338,21.631]]],[[[88.1421,21.6913],[88.1634,21.7055],[88.167,21.7654],[88.1584,21.8099],[88.1421,21.6913]]],[[[88.7169,22.0443],[88.7179,22.0085],[88.7307,22.0372],[88.7169,22.0443]]],[[[89.0457,21.9171],[89.0515,21.7932],[89.1136,21.7311],[89.139,21.7668],[89.0457,21.9171]]],[[[90.3233,21.9087],[90.376,21.9959],[90.3714,21.9948],[90.3322,21.9388],[90.3233,21.9087]]],[[[90.3396,21.9723],[90.3811,22.0231],[90.3875,22.048],[90.3739,22.0456],[90.3587,22.0227],[90.3396,21.9723]]],[[[90.4297,23.3852],[90.4373,23.3618],[90.4871,23.319],[90.5061,23.3142],[90.5241,23.3223],[90.5296,23.3336],[90.5862,23.3017],[90.5776,23.3236],[90.5394,23.35],[90.4557,23.385],[90.4297,23.3852]]],[[[90.4557,22.7674],[90.521,22.7118],[90.591,22.8139],[90.6782,22.8083],[90.5444,22.8807],[90.4734,22.8651],[90.4557,22.7674]]],[[[90.4557,23.0628],[90.4695,23.0076],[90.5156,23.0519],[90.5104,23.069],[90.4557,23.0628]]],[[[90.4977,22.0791],[90.5734,22.0791],[90.6135,22.164],[90.4977,22.0791]]],[[[90.5081,22.9758],[90.6673,22.9182],[90.5862,23.0349],[90.5081,22.9758]]],[[[90.5563,22.6747],[90.6818,22.4453],[90.6112,22.0791],[90.6818,22.1026],[90.6475,21.994],[90.8279,22.1524],[90.855,22.4347],[90.6506,22.7874],[90.5855,22.7681],[90.5563,22.6747]]],[[[90.6014,22.4292],[90.6401,22.3087],[90.6587,22.3795],[90.6014,22.4292]]],[[[90.6475,22.4247],[90.6673,22.439],[90.6653,22.4691],[90.6535,22.4835],[90.6475,22.4247]]],[[[91.4238,22.5253],[91.4475,22.4519],[91.5626,22.4315],[91.4676,22.5863],[91.4238,22.5253]]],[[[91.8538,21.6647],[91.87,21.4934],[91.9611,21.5062],[91.9356,21.7812],[91.8877,21.685],[91.8723,21.7548],[91.8538,21.6647]]],[[[91.8798,21.8462],[91.8877,21.8662],[91.8843,21.8772],[91.8798,21.8462]]],[[[72.8402,18.9934],[72.9343,19.0341],[72.9356,19.1151],[72.9748,19.1631],[72.9755,19.0831],[73.0899,19.2505],[73.0294,19.2505],[73.0266,19.2055],[72.9991,19.2505],[72.8679,19.2505],[72.8402,18.9934]]],[[[71.4924,22.3363],[71.5387,22.0791],[71.9848,22.0791],[72.0451,21.9505],[72.2957,22.0512],[72.3065,22.2296],[72.2391,22.2389],[72.2404,22.2882],[72.1488,22.2779],[72.2085,22.3004],[72.3283,22.2607],[72.3972,22.3668],[72.3883,22.272],[72.9175,22.2714],[72.916,22.2231],[72.8123,22.2341],[72.7482,22.164],[72.6141,22.2117],[72.5319,22.1212],[72.5427,21.9108],[72.7345,21.994],[72.6184,21.9251],[72.5499,21.7561],[72.7981,21.6735],[73.132,21.7578],[72.6942,21.5426],[72.6532,21.4493],[72.7471,21.4529],[72.6349,21.4074],[72.5935,21.3132],[72.7345,21.1989],[72.6561,21.1543],[72.714,21.1641],[72.7257,21.0879],[72.8096,21.13],[72.8499,21.048],[72.7783,21.0376],[72.8884,20.9826],[72.887,20.8064],[72.9468,20.7595],[72.8989,20.7322],[72.8442,20.4077],[72.9994,20.472],[72.9924,20.4077],[73.289,20.4077],[73.4119,20.8577],[73.5813,21.0505],[73.7298,21.0505],[74.2178,21.4363],[74.2393,21.6291],[74.0236,21.6934],[73.9708,21.8863],[73.8222,21.8863],[73.9037,21.9505],[73.873,22.3363],[74.0366,22.4648],[73.9026,22.5934],[74.1334,22.6577],[74.1559,22.8506],[74.0222,22.9791],[73.9477,22.9791],[73.9553,23.0434],[73.8808,23.0434],[73.7035,23.4291],[73.048,23.5577],[72.7889,23.8792],[72.5062,24.0077],[72.0584,24.0077],[72.0427,23.8792],[71.7134,23.622],[71.5642,23.622],[71.5566,23.5577],[71.7502,23.3006],[71.7279,23.1077],[72.1898,23.2363],[72.2346,22.9791],[72.6964,23.1077],[72.6815,22.9791],[73.1879,22.8506],[73.1656,22.6577],[72.0563,22.722],[71.8257,22.6577],[71.8114,22.5291],[71.6625,22.5291],[71.4924,22.3363]]],[[[71.8617,21.6291],[71.936,21.6291],[71.9084,21.372],[72.1146,21.3263],[72.2988,21.6263],[72.166,21.7939],[72.0218,21.7986],[71.8755,21.7577],[71.8617,21.6291]]],[[[83.1473,22.1434],[83.2793,22.0148],[83.5024,22.0148],[83.6594,22.0791],[83.6763,22.2077],[83.7507,22.2077],[83.7103,22.4648],[83.487,22.4648],[83.1725,22.3363],[83.1473,22.1434]]],[[[91.0304,22.1434],[91.1868,22.2278],[91.0923,22.3913],[91.0304,22.1434]]],[[[14.3384,35.9455],[14.3815,35.843],[14.5618,35.8298],[14.5078,35.9285],[14.3773,35.9936],[14.3384,35.9455]]]]}},{"type":"Feature","properties":{"relationId":"cliopatria-relation-47a385401ec8","name":"(Allegiance of Kingdom of Hawaï'i to British Empire)","name_ko":"하와이 왕국–대영제국 충성·복속 관계","relationKind":"allegiance","relation_kind_ko":"충성·복속 관계","actor_ids":"cliopatria-q156418-f0934fada9;cliopatria-q8680-3114df4bb9","actor_names_ko":"하와이 왕국;대영제국","color":"#e7b763","startYear":1815,"endYear":1819,"source_name":"Cliopatria v0.2.0","source_url":"https://github.com/Seshat-Global-History-Databank/cliopatria","license":"CC BY 4.0","attribution":"Seshat Global History Databank, Cliopatria contributors"},"geometry":{"type":"MultiPolygon","coordinates":[[[[-156.0023,19.7648],[-155.93,19.5077],[-155.7459,19.3791],[-155.6921,19.1862],[-155.8401,19.1862],[-155.7873,18.9962],[-155.6248,18.95],[-155.5028,19.1377],[-155.2911,19.2595],[-155.0267,19.3162],[-154.8172,19.4797],[-154.9899,19.7267],[-155.0854,19.7274],[-155.0871,19.8604],[-155.168,19.9468],[-155.5864,20.1229],[-155.738,20.2438],[-155.7959,20.256],[-155.7968,20.0862],[-155.8697,20.0862],[-155.7982,19.8291],[-156.0023,19.7648]]],[[[-156.696,20.9158],[-156.6126,20.8078],[-156.4643,20.7814],[-156.4077,20.5872],[-156.1295,20.6245],[-155.9847,20.7176],[-156.0017,20.8004],[-156.2058,20.9085],[-156.4817,20.9044],[-156.6747,20.9791],[-156.696,20.9158]]],[[[-157.0188,20.8577],[-156.9477,20.7331],[-156.8035,20.8126],[-156.8927,20.9141],[-157,20.922],[-156.9813,20.8577],[-157.0188,20.8577]]],[[[-157.2788,21.1148],[-156.8696,21.0534],[-156.7556,21.1023],[-156.7766,21.1746],[-157.2358,21.2211],[-157.2046,21.1148],[-157.2788,21.1148]]],[[[-158.2449,21.546],[-158.0943,21.2936],[-157.9806,21.3185],[-157.9913,21.3911],[-157.9318,21.3717],[-157.947,21.3027],[-157.8949,21.3317],[-157.8108,21.2542],[-157.6779,21.2811],[-157.7257,21.459],[-157.7762,21.4133],[-157.8421,21.461],[-157.8364,21.534],[-157.9697,21.7091],[-158.2449,21.546]]],[[[-160.248,21.828],[-160.1982,21.7839],[-160.0722,21.9108],[-160.06,22.0006],[-160.248,21.828]]],[[[-159.7422,22.1089],[-159.7396,21.9725],[-159.4373,21.8688],[-159.3341,21.9581],[-159.2928,22.1464],[-159.3579,22.2227],[-159.5585,22.233],[-159.7422,22.1089]]],[[[-123.4139,45.5623],[-123.1207,45.3004],[-122.848,45.3659],[-123.1411,45.6278],[-123.4139,45.5623]]],[[[-124.0137,46.2223],[-123.9328,46.051],[-123.6811,45.8898],[-123.4082,45.9554],[-123.6497,46.1804],[-123.8654,46.1865],[-123.7783,46.1434],[-123.7987,46.1024],[-124.0137,46.2223]]],[[[-123.9079,46.2478],[-123.873,46.2402],[-123.8341,46.2655],[-123.9079,46.2478]]],[[[-123.7831,46.2778],[-123.7645,46.2733],[-123.7574,46.2808],[-123.7601,46.2833],[-123.7831,46.2778]]],[[[-115.3853,47.5982],[-115.0913,47.3348],[-114.8143,47.4006],[-115.1083,47.6641],[-115.3853,47.5982]]],[[[-117.9958,48.0597],[-117.6936,47.7959],[-117.4176,47.8619],[-117.7199,48.1257],[-117.9958,48.0597]]],[[[-120.4875,48.4559],[-120.1774,48.1917],[-119.9024,48.2578],[-120.2127,48.522],[-120.4875,48.4559]]],[[[-100.3681,50.3791],[-100.0749,50.113],[-99.7911,50.1795],[-100.0844,50.4457],[-100.3681,50.3791]]],[[[-120.8607,50.4457],[-120.5281,50.1795],[-120.2539,50.246],[-120.5868,50.5122],[-120.8607,50.4457]]],[[[-102.4248,51.0457],[-101.8203,50.5122],[-101.5373,50.5789],[-102.1421,51.1124],[-102.4248,51.0457]]],[[[-105.922,52.2505],[-105.5989,51.9822],[-105.3176,52.0492],[-105.6408,52.3176],[-105.922,52.2505]]],[[[-110.2008,52.4519],[-109.8669,52.1833],[-109.5877,52.2505],[-109.9218,52.5191],[-110.2008,52.4519]]],[[[-114.8363,52.6535],[-114.4906,52.3847],[-114.2138,52.4519],[-114.5596,52.7208],[-114.8363,52.6535]]],[[[-118.5786,53.0574],[-118.2207,52.7881],[-117.9458,52.8554],[-118.3039,53.1248],[-118.5786,53.0574]]],[[[-101.5404,53.1922],[-101.2172,52.9227],[-100.9333,52.99],[-101.2565,53.2596],[-101.5404,53.1922]]],[[[-115.6008,53.5971],[-115.2435,53.3271],[-114.9669,53.3946],[-115.156,53.5375],[-114.9116,53.5971],[-115.271,53.8676],[-115.5476,53.7999],[-115.3679,53.6647],[-115.6008,53.5971]]],[[[-110.2489,54.2061],[-109.9632,54.0029],[-109.4652,53.9352],[-109.9692,54.2739],[-110.2489,54.2061]]],[[[-125.043,54.2739],[-124.6578,54.0029],[-124.3862,54.0706],[-124.7715,54.3417],[-125.043,54.2739]]],[[[-123.125,55.3618],[-122.7326,55.0892],[-122.4594,55.1573],[-122.8519,55.43],[-123.125,55.3618]]],[[[-107.7686,55.5665],[-107.4094,55.2936],[-107.1274,55.3618],[-107.4865,55.6348],[-107.7686,55.5665]]],[[[-111.5543,55.8398],[-111.1838,55.5665],[-110.9037,55.6348],[-111.2742,55.9082],[-111.5543,55.8398]]],[[[-108.5516,55.9082],[-108.1874,55.6348],[-107.9055,55.7031],[-108.2697,55.9766],[-108.5516,55.9082]]],[[[-121.7038,56.6623],[-121.3012,56.3877],[-121.0264,56.4563],[-121.4292,56.7311],[-121.7038,56.6623]]],[[[-124.1035,58.4587],[-123.6756,58.181],[-123.4012,58.2504],[-123.8292,58.5282],[-124.1035,58.4587]]],[[[-117.0786,58.5977],[-116.6669,58.3198],[-116.3879,58.3892],[-116.7996,58.6673],[-117.0786,58.5977]]],[[[-111.0672,59.0155],[-110.6666,58.7369],[-110.3834,58.8065],[-110.784,59.0853],[-111.0672,59.0155]]],[[[-114.6823,62.6889],[-114.3261,62.4027],[-113.948,62.4742],[-114.3975,62.7606],[-114.6823,62.6889]]],[[[-117.3826,63.2634],[-116.9188,62.9758],[-116.6353,63.0477],[-117.0992,63.3354],[-117.3826,63.2634]]],[[[-61.8482,17.15],[-61.7939,17.0129],[-61.6857,17.0286],[-61.7086,17.1278],[-61.8482,17.15]]],[[[-89.1782,17.8362],[-89.034,17.3862],[-89.1078,17.3862],[-89.11,15.9076],[-88.9118,15.9076],[-88.9276,15.9839],[-88.7457,16.1549],[-88.7401,16.2302],[-88.6466,16.2866],[-88.5366,16.2713],[-88.3113,16.6623],[-88.3448,16.5246],[-88.3016,16.7717],[-88.2486,16.8131],[-88.2833,16.8913],[-88.2151,16.9671],[-88.3005,17.1779],[-88.2863,17.3397],[-88.2423,17.4875],[-88.1789,17.4934],[-88.2877,17.6042],[-88.0948,18.1028],[-88.095,18.3338],[-88.1465,18.3093],[-88.0982,18.3586],[-88.2757,18.3582],[-88.358,18.3037],[-88.3175,18.3748],[-88.391,18.3706],[-88.2866,18.4628],[-88.3945,18.4791],[-88.7556,17.9648],[-89.0509,17.9648],[-89.1782,17.8362]]],[[[-64.8819,17.7659],[-64.8726,17.6863],[-64.6013,17.7386],[-64.7716,17.7926],[-64.8819,17.7659]]],[[[-78.3747,18.2656],[-78.234,18.1932],[-78.0503,18.1851],[-77.7307,17.8548],[-77.4177,17.8617],[-77.189,17.7076],[-77.1337,17.7104],[-77.1407,17.7653],[-77.2165,17.7721],[-77.1417,17.8811],[-77.0642,17.8995],[-77.0367,17.8466],[-76.9058,17.8862],[-76.85,17.9923],[-76.7224,17.9496],[-76.8323,17.9366],[-76.7077,17.9459],[-76.6028,17.8676],[-76.188,17.9155],[-76.3511,18.156],[-76.7828,18.2778],[-76.8949,18.4093],[-77.9023,18.5188],[-77.97,18.4431],[-78.1827,18.4466],[-78.3747,18.2656]]],[[[-73.6791,21.0295],[-73.6612,20.9222],[-73.189,20.9682],[-73.1298,20.9937],[-73.0178,21.2434],[-73.1112,21.2434],[-73.2552,21.1351],[-73.3899,21.2333],[-73.6678,21.1152],[-73.6791,21.0295]]],[[[-72.2938,21.8368],[-72.2555,21.7652],[-72.1244,21.8153],[-72.2318,21.7934],[-72.2938,21.8368]]],[[[-72.133,21.8476],[-72.1163,21.8537],[-72.1249,21.8546],[-72.133,21.8476]]],[[[-72.0997,21.8646],[-72.0945,21.868],[-72.096,21.8782],[-72.0997,21.8646]]],[[[-72.8962,22.4041],[-72.7972,22.2936],[-72.7509,22.3112],[-72.8962,22.4041]]],[[[-74.1155,22.2981],[-73.8654,22.48],[-73.8312,22.5414],[-73.8995,22.6985],[-73.8591,22.7005],[-73.9368,22.72],[-73.8708,22.5353],[-73.8964,22.4648],[-74.0758,22.3923],[-74.1155,22.2981]]],[[[-75.171,23.4291],[-75.1313,23.1927],[-75.0685,23.1166],[-75.117,23.1077],[-74.978,23.0729],[-74.8336,22.9148],[-74.9097,23.0673],[-75.06,23.1417],[-75.171,23.4291]]],[[[-77.919,24.2006],[-77.9098,24.1742],[-77.8807,24.1863],[-77.8539,24.2347],[-77.8084,24.2394],[-77.7987,24.2546],[-77.85,24.2515],[-77.9013,24.2187],[-77.919,24.2006]]],[[[-77.8987,24.1423],[-77.7987,23.8567],[-77.6609,23.8847],[-77.7646,23.8232],[-77.6963,23.7822],[-77.5941,23.8535],[-77.6698,23.7714],[-77.5517,23.7978],[-77.5165,23.9188],[-77.6007,23.9051],[-77.525,23.9704],[-77.6075,24.2182],[-77.744,24.0355],[-77.7023,24.1127],[-77.7577,24.1726],[-77.6312,24.2491],[-77.7454,24.2649],[-77.8987,24.1423]]],[[[-77.7633,23.753],[-77.7624,23.7506],[-77.695,23.7657],[-77.7491,23.7783],[-77.744,23.7611],[-77.7633,23.753]]],[[[-74.5297,24.0348],[-74.4923,23.9604],[-74.4271,24.0832],[-74.4601,24.1363],[-74.5297,24.1004],[-74.5297,24.0348]]],[[[-75.5884,24.5221],[-75.5853,24.5054],[-75.5359,24.3935],[-75.4934,24.3935],[-75.5322,24.4449],[-75.569,24.5168],[-75.5884,24.5221]]],[[[-75.4889,24.3876],[-75.4101,24.2729],[-75.4439,24.1381],[-75.2904,24.1447],[-75.4889,24.3876]]],[[[-78.3805,24.6653],[-78.3551,24.5337],[-78.1344,24.5016],[-78.0645,24.3292],[-77.9086,24.3508],[-77.7187,24.4998],[-77.7372,24.7002],[-77.9806,25.0019],[-77.9769,25.1384],[-78.0452,25.1831],[-78.1926,25.2053],[-78.1577,25.0002],[-78.2559,24.7149],[-78.1965,24.604],[-78.2377,24.5569],[-78.2716,24.6313],[-78.3263,24.5854],[-78.3114,24.7101],[-78.3805,24.6653]]],[[[-78.2947,24.7149],[-78.2648,24.6723],[-78.2642,24.7105],[-78.2668,24.7149],[-78.2947,24.7149]]],[[[-77.8837,24.3292],[-77.8475,24.3292],[-77.8328,24.3496],[-77.8692,24.3468],[-77.8836,24.3411],[-77.8837,24.3292]]],[[[-77.8015,24.3292],[-77.7935,24.3292],[-77.7863,24.3398],[-77.8015,24.3292]]],[[[-76.2411,24.8134],[-76.1749,24.7792],[-76.1505,24.9408],[-76.2056,24.9241],[-76.1824,24.8488],[-76.2411,24.8134]]],[[[-76.5542,25.4121],[-76.5292,25.3697],[-76.4896,25.3513],[-76.3716,25.3225],[-76.3463,25.3035],[-76.3389,25.2936],[-76.3347,25.2936],[-76.3413,25.3269],[-76.3516,25.3386],[-76.4609,25.3546],[-76.5542,25.4121]]],[[[-77.6549,26.9082],[-77.6442,26.8617],[-77.5344,26.8632],[-77.3084,26.5995],[-77.1607,26.5642],[-77.2453,26.3086],[-77.2233,26.1458],[-77.3207,26.0776],[-77.2808,25.9365],[-77.1909,25.9365],[-77.1649,26.2454],[-77.0148,26.3157],[-77.0498,26.5163],[-77.2699,26.6251],[-77.3052,26.674],[-77.2506,26.6877],[-77.5113,26.8695],[-77.6549,26.9082]]],[[[-78.7572,26.5803],[-78.6861,26.4919],[-78.5215,26.5704],[-77.9743,26.6612],[-77.9848,26.708],[-78.32,26.6865],[-78.6003,26.7723],[-78.6218,26.7118],[-78.5736,26.6842],[-78.7572,26.5803]]],[[[-64.8612,32.3002],[-64.8592,32.2988],[-64.8607,32.3004],[-64.8612,32.3002]]],[[[-64.8325,32.2872],[-64.8,32.2833],[-64.8155,32.2888],[-64.8325,32.2872]]],[[[-64.8162,32.2694],[-64.8027,32.2602],[-64.6779,32.3345],[-64.7025,32.3484],[-64.7376,32.3377],[-64.7395,32.3287],[-64.7131,32.3426],[-64.7054,32.3361],[-64.7186,32.3237],[-64.7403,32.324],[-64.7801,32.3034],[-64.8108,32.3076],[-64.8054,32.2934],[-64.779,32.2911],[-64.8162,32.2694]]],[[[-64.6736,32.3572],[-64.6558,32.3504],[-64.65,32.3631],[-64.6495,32.3645],[-64.6736,32.3572]]],[[[-83.0747,42.3012],[-83.0532,42.1063],[-82.5406,42.0413],[-82.5277,42.1712],[-81.9892,42.3662],[-81.9766,42.4962],[-81.7365,42.4962],[-81.5976,42.6912],[-80.4426,42.6262],[-80.5095,42.7563],[-80.1422,42.8213],[-80.1757,42.8864],[-79.2133,42.8864],[-79.2465,42.9515],[-79.0861,42.9515],[-79.1861,43.1467],[-79.0255,43.1467],[-79.0925,43.2769],[-79.7018,43.2118],[-79.8714,43.5375],[-79.7104,43.5375],[-79.6518,43.733],[-79.3636,43.7982],[-79.3978,43.8634],[-78.2557,43.9938],[-78.2897,44.0591],[-77.0449,43.9938],[-77.2603,44.2548],[-76.1954,44.3854],[-76.1619,44.3201],[-76.0002,44.3201],[-75.8102,44.5813],[-75.6482,44.5813],[-75.5867,44.7773],[-75.0859,44.908],[-75.1195,44.9734],[-71.6283,44.9734],[-71.5985,45.0132],[-74.8685,45.0101],[-74.713,44.9993],[-74.1533,45.3201],[-73.9615,45.3542],[-74.0161,45.4504],[-74.3297,45.5097],[-74.3795,45.5616],[-73.9792,45.4984],[-73.7554,45.6764],[-73.4203,45.7651],[-73.1586,46.0749],[-73.022,46.1096],[-72.9945,46.2108],[-72.6025,46.3013],[-72.258,46.4709],[-72.2279,46.5534],[-71.8805,46.6907],[-71.7202,46.6701],[-71.3417,46.7423],[-70.9569,47.0207],[-70.715,47.1176],[-70.6572,47.269],[-71.1513,47.269],[-71.2477,47.1374],[-71.5768,47.1374],[-71.6872,46.8743],[-71.9336,46.8743],[-71.8996,46.8086],[-73.0967,46.7429],[-73.0624,46.6772],[-73.6497,46.5459],[-73.8878,46.2177],[-74.3919,46.0865],[-74.4869,45.9554],[-74.7319,45.9554],[-74.6977,45.8898],[-74.861,45.8898],[-74.9559,45.7588],[-76.5873,45.7588],[-76.3242,45.1042],[-76.1749,44.9734],[-76.411,44.6466],[-78.669,44.3201],[-78.9692,44.5813],[-79.0626,44.908],[-80.0162,45.1696],[-79.8388,44.8426],[-80.0011,44.8426],[-79.9412,44.5813],[-80.0329,44.4507],[-80.3567,44.4507],[-81.1368,44.8426],[-81.4793,45.1696],[-81.2275,44.7119],[-81.3086,44.7119],[-81.2372,44.5813],[-81.4187,44.3201],[-80.5749,44.2548],[-80.5507,44.0591],[-80.2505,43.7982],[-80.3427,43.6678],[-80.6077,43.8634],[-80.9761,43.7982],[-81.1136,43.6027],[-81.2747,43.6027],[-81.3318,43.4072],[-81.4927,43.4072],[-81.504,43.2769],[-81.9059,43.2769],[-81.9171,43.1467],[-82.4904,43.0165],[-82.4215,42.8864],[-82.559,42.6912],[-82.4352,42.3012],[-83.0747,42.3012]]],[[[-74.713,44.9993],[-71.5984,45.0133],[-71.5303,45.1042],[-71.3678,45.1042],[-71.3833,45.3004],[-70.7647,45.3659],[-70.2233,46.0865],[-70.4199,46.4802],[-70.0777,46.9401],[-69.9134,46.9401],[-69.654,47.4006],[-69.3579,47.4665],[-69.3916,47.5323],[-69.1931,47.4665],[-69.0465,47.6641],[-68.6338,47.6641],[-68.6674,47.73],[-67.7258,47.6641],[-67.6596,47.5323],[-67.7421,47.5323],[-67.6762,47.4006],[-67.7586,47.4006],[-67.693,47.269],[-67.7753,47.269],[-67.798,46.4802],[-67.8799,46.4802],[-67.7843,46.2833],[-67.8662,46.2833],[-67.8028,46.1521],[-67.9031,46.0209],[-67.7461,45.6933],[-67.5519,45.6278],[-67.3665,45.235],[-67.2085,45.1672],[-67.1903,45.2332],[-67.0484,45.1022],[-66.9435,45.1898],[-66.8479,45.1283],[-66.8967,45.0795],[-66.8001,45.1078],[-66.7743,45.0612],[-66.491,45.1556],[-66.4036,45.1042],[-66.2589,45.1618],[-66.31,45.2048],[-66.2039,45.1618],[-66.0602,45.258],[-66.1968,45.3338],[-66.095,45.3542],[-66.0098,45.4643],[-66.0019,45.3986],[-66.136,45.3126],[-65.9982,45.235],[-65.7523,45.2444],[-64.9048,45.6282],[-64.7716,45.6143],[-64.5724,45.8607],[-64.7487,46.0899],[-64.5724,45.8856],[-64.5315,45.9022],[-64.4905,45.8167],[-64.5458,45.7316],[-64.4809,45.7279],[-64.3472,45.8887],[-64.2646,45.7651],[-64.3335,45.7446],[-64.3055,45.8266],[-64.3806,45.7924],[-64.457,45.6832],[-64.902,45.43],[-64.8965,45.3465],[-64.7574,45.3004],[-64.5762,45.4156],[-64.3881,45.3673],[-64.1053,45.4151],[-63.8909,45.3529],[-63.8158,45.3952],[-63.3602,45.3611],[-63.4695,45.2921],[-63.7159,45.3263],[-64.1151,45.2161],[-64.1993,45.1487],[-64.1007,45.0594],[-64.1553,44.9837],[-64.2235,45.1084],[-64.3055,45.1488],[-64.3675,45.1078],[-64.3297,45.3096],[-64.4778,45.3411],[-64.4154,45.2716],[-64.8632,45.1396],[-65.3976,44.8949],[-65.7235,44.7274],[-65.7418,44.6678],[-65.4289,44.7782],[-65.6923,44.6207],[-65.7571,44.6109],[-65.7859,44.6964],[-66.1803,44.4344],[-66.1968,44.3909],[-65.9425,44.5834],[-65.8405,44.5734],[-66.095,44.3742],[-66.1906,44.1654],[-66.1217,43.7436],[-66.0794,43.7724],[-66.0602,43.7162],[-65.9796,43.706],[-65.9967,43.8541],[-65.9713,43.7801],[-65.9372,43.826],[-65.8772,43.7696],[-65.8616,43.8056],[-65.7995,43.6063],[-65.7888,43.6911],[-65.7767,43.5904],[-65.6173,43.5358],[-65.566,43.574],[-65.4725,43.4861],[-65.4501,43.5605],[-65.4102,43.5302],[-65.4569,43.5995],[-65.3957,43.5681],[-65.3346,43.6678],[-65.3675,43.7436],[-65.323,43.7654],[-65.3272,43.6964],[-65.2504,43.6734],[-65.2379,43.8056],[-65.1785,43.7101],[-65.1416,43.751],[-65.1286,43.6747],[-65.087,43.7579],[-65.025,43.7162],[-65.0392,43.8323],[-64.9582,43.7658],[-64.9668,43.8736],[-64.8815,43.8118],[-64.915,43.8807],[-64.8559,43.8477],[-64.8474,43.9291],[-64.6689,44.034],[-64.717,44.0588],[-64.5609,44.08],[-64.6062,44.1586],[-64.4979,44.1408],[-64.4322,44.2175],[-64.4291,44.34],[-64.2577,44.4089],[-64.3539,44.4561],[-64.2987,44.4698],[-64.3055,44.566],[-64.2274,44.537],[-64.1622,44.5797],[-64.084,44.4759],[-64.066,44.6343],[-63.8884,44.6964],[-63.9418,44.5516],[-63.5775,44.4641],[-63.5238,44.5032],[-63.5452,44.5933],[-63.6619,44.7168],[-63.439,44.5963],[-63.4169,44.6829],[-63.2851,44.6274],[-63.2367,44.7373],[-63.2139,44.6812],[-63.1548,44.7298],[-63.1405,44.6889],[-63.1194,44.7907],[-63.0586,44.6752],[-63.014,44.7106],[-63.0586,44.7782],[-62.9895,44.711],[-62.8304,44.7178],[-62.8053,44.7851],[-62.6068,44.8371],[-62.531,44.8062],[-62.5515,44.8676],[-62.4757,44.9011],[-62.4484,44.8335],[-62.3934,44.9103],[-62.0766,45.0388],[-61.6544,45.099],[-61.6871,45.1754],[-61.3776,45.1696],[-61.2786,45.254],[-61.1748,45.2028],[-61.1195,45.2716],[-61.1394,45.218],[-61.0779,45.2224],[-61.08,45.3456],[-61.4615,45.3548],[-61.237,45.4898],[-61.4925,45.6907],[-61.6198,45.6143],[-61.8763,45.6927],[-61.9502,45.876],[-62.4704,45.6145],[-62.5091,45.615],[-62.4757,45.6627],[-62.6129,45.6907],[-62.7497,45.6129],[-62.7706,45.6744],[-62.6849,45.6948],[-62.7243,45.7687],[-63.1007,45.8113],[-63.0654,45.7589],[-63.2025,45.7372],[-63.1889,45.7788],[-63.2948,45.7257],[-63.3807,45.772],[-63.2298,45.8061],[-63.5159,45.8109],[-63.4086,45.8545],[-63.4919,45.8826],[-63.6591,45.8738],[-63.6697,45.8234],[-63.9049,45.9803],[-64.0933,46.0326],[-63.8946,46.06],[-63.9,46.1638],[-64.1513,46.1663],[-64.2533,46.2344],[-64.5594,46.2238],[-64.5606,46.367],[-64.704,46.3275],[-64.6277,46.3542],[-64.6134,46.4193],[-64.7111,46.4805],[-64.6777,46.5006],[-64.7547,46.6938],[-64.8542,46.6763],[-64.7921,46.7247],[-64.8815,46.8066],[-64.901,46.9401],[-64.8068,46.9866],[-64.8042,47.0821],[-65.2065,47.0468],[-65.203,47.0946],[-65.3675,47.0878],[-64.9596,47.2943],[-64.9088,47.4025],[-64.9088,47.356],[-64.8922,47.5615],[-64.8126,47.6775],[-64.6989,47.7206],[-64.7357,47.7645],[-64.7639,47.7081],[-64.8605,47.7525],[-64.7929,47.8014],[-65.2093,47.8197],[-65.6357,47.6223],[-65.8396,47.9097],[-66.2384,47.9852],[-66.3859,48.0751],[-66.8479,47.999],[-66.5428,48.0587],[-66.4701,48.1257],[-66.067,48.102],[-65.8957,48.2255],[-65.8905,48.1706],[-65.7838,48.1156],[-65.2856,48.0126],[-64.9879,48.126],[-64.9604,48.1877],[-64.7794,48.204],[-64.7966,48.2578],[-64.7471,48.2578],[-64.7233,48.3354],[-64.3291,48.4196],[-64.1888,48.5266],[-64.2821,48.569],[-64.2308,48.6221],[-64.2843,48.7295],[-64.4291,48.7805],[-64.3741,48.7917],[-64.3972,48.8214],[-64.5389,48.8214],[-64.4774,48.8419],[-64.5594,48.8829],[-64.1693,48.7865],[-64.2212,48.8944],[-64.5526,49.0974],[-64.9635,49.2193],[-65.5658,49.2665],[-66.6221,49.1226],[-68.0603,48.6938],[-68.8248,48.3658],[-69.4455,47.9919],[-69.5619,47.8281],[-70.5349,47.0106],[-71.7142,46.6322],[-71.8671,46.6667],[-72.1899,46.5262],[-72.2743,46.4206],[-72.496,46.3605],[-72.731,46.1766],[-73.1561,46.0497],[-73.2173,45.8988],[-73.4488,45.7045],[-73.519,45.4263],[-73.7347,45.4186],[-74.0044,45.2452],[-74.3295,45.1781],[-74.4735,45.0671],[-74.713,44.9993]]],[[[-74.165,45.2697],[-74.003,45.2687],[-73.9206,45.3338],[-74.165,45.2697]]],[[[-73.9845,45.4064],[-73.9485,45.3697],[-73.9148,45.3662],[-73.8581,45.3818],[-73.8581,45.3889],[-73.889,45.3967],[-73.9173,45.41],[-73.9767,45.4154],[-73.9845,45.4064]]],[[[-73.9736,45.4446],[-73.5887,45.4479],[-73.4706,45.7133],[-73.9736,45.4446]]],[[[-73.9473,45.4982],[-73.9318,45.4888],[-73.8993,45.5009],[-73.8851,45.5124],[-73.8865,45.5234],[-73.9432,45.5076],[-73.9473,45.4982]]],[[[-73.8664,45.5608],[-73.7183,45.5624],[-73.5648,45.6987],[-73.7409,45.6643],[-73.8664,45.5608]]],[[[-71.1247,46.877],[-71.0312,46.8629],[-70.8097,47.0134],[-70.8854,47.0266],[-71.1247,46.877]]],[[[-68.8911,48.388],[-68.8447,48.396],[-68.8381,48.4138],[-68.8643,48.4076],[-68.8911,48.388]]],[[[-67.1819,45.1558],[-67.1701,45.1508],[-67.1724,45.1551],[-67.1819,45.1558]]],[[[-66.3353,48.0941],[-66.3253,48.0812],[-66.3066,48.0815],[-66.29,48.0652],[-66.2747,48.0731],[-66.2726,48.0794],[-66.3353,48.0941]]],[[[-66.2403,44.3772],[-66.2292,44.3528],[-66.2034,44.3922],[-66.2316,44.3872],[-66.2403,44.3772]]],[[[-61.5515,46.0218],[-61.442,45.6818],[-61.3243,45.5623],[-60.8711,45.6457],[-60.736,45.5666],[-60.3954,45.6425],[-60.2313,45.7093],[-60.1273,45.8695],[-59.8031,45.9569],[-59.9579,46.0275],[-59.8427,46.0863],[-59.8856,46.0805],[-59.8818,46.1767],[-60.1361,46.2518],[-60.205,46.1423],[-60.2903,46.1562],[-60.2047,46.2418],[-60.3219,46.3187],[-60.6527,46.0722],[-60.4007,46.2182],[-60.301,46.2187],[-60.7912,45.9402],[-60.6991,45.8909],[-60.3995,45.998],[-60.7372,45.7737],[-60.7325,45.6844],[-60.8384,45.6423],[-60.8074,45.7208],[-60.9128,45.7562],[-61.1476,45.7079],[-61.1029,45.7789],[-60.9141,45.8545],[-61.0985,45.8545],[-61.0712,45.8955],[-60.8151,45.937],[-60.736,46.0566],[-60.8839,46.0347],[-61.0099,45.9414],[-61.1186,45.9494],[-60.8741,46.0792],[-60.6322,46.118],[-60.4269,46.284],[-60.4189,46.3298],[-60.4753,46.32],[-60.6058,46.2113],[-60.3518,46.6013],[-60.3995,46.6701],[-60.3268,46.749],[-60.5936,47.0348],[-61.0238,46.5932],[-61.0431,46.6253],[-61.0862,46.4665],[-61.5515,46.0218]]],[[[-61.0687,45.5623],[-60.8833,45.5623],[-60.8793,45.5666],[-60.8993,45.5787],[-60.9141,45.5666],[-60.9586,45.5814],[-61.0097,45.5808],[-61.0687,45.5623]]],[[[-84.0262,46.3489],[-83.9496,46.2177],[-83.8678,46.2177],[-83.9443,46.3489],[-84.0262,46.3489]]],[[[-77.3486,46.4145],[-77.1245,46.1521],[-76.8328,46.2177],[-77.0567,46.4802],[-77.3486,46.4145]]],[[[-64.4168,46.6828],[-64.383,46.6278],[-64.1448,46.5978],[-64.0727,46.6422],[-64.0805,46.4145],[-63.7369,46.3964],[-63.7159,46.3542],[-63.8059,46.3747],[-63.7959,46.3299],[-63.6044,46.2177],[-63.2001,46.2177],[-63.1957,46.2723],[-63.1343,46.2381],[-62.963,46.32],[-63.114,46.2177],[-62.9472,46.1934],[-62.9479,46.128],[-62.8782,46.1556],[-63.021,46.0654],[-62.909,46.0719],[-62.8941,46.0054],[-62.7669,45.9554],[-62.4791,45.9976],[-62.5719,46.0327],[-62.4759,46.063],[-62.472,46.1414],[-62.6068,46.1835],[-62.4969,46.1835],[-62.5764,46.239],[-62.4683,46.2169],[-62.4969,46.2723],[-62.3358,46.3163],[-62.3597,46.361],[-62.1903,46.3534],[-61.9774,46.4482],[-62.5856,46.4783],[-62.7023,46.4572],[-62.5856,46.4299],[-63.2381,46.4074],[-63.3323,46.4988],[-63.4632,46.5063],[-63.4566,46.4674],[-63.4947,46.5312],[-63.6769,46.5681],[-63.7301,46.5329],[-63.7089,46.4442],[-63.8226,46.4606],[-63.8258,46.5193],[-63.9356,46.4783],[-63.8347,46.6115],[-63.9066,46.608],[-63.9749,46.7481],[-64.0933,46.78],[-64.0056,46.866],[-64.0485,47.0313],[-64.4168,46.6828]]],[[[-84.5128,46.4802],[-84.0212,46.4802],[-84.2192,46.6772],[-84.5043,46.7429],[-84.4264,46.6115],[-84.5084,46.6115],[-84.5128,46.4802]]],[[[-89.7089,48.5881],[-89.4511,48.3238],[-89.2853,48.3238],[-89.25,48.522],[-89.0839,48.522],[-89.1276,48.5881],[-88.5859,48.522],[-88.6729,48.6542],[-89.3426,48.7865],[-89.4258,48.7865],[-89.7089,48.5881]]],[[[-97.0761,48.7865],[-96.8039,48.522],[-96.6379,48.522],[-96.6848,48.5881],[-96.4357,48.5881],[-96.5772,48.7865],[-97.0761,48.7865]]],[[[-93.8793,48.8527],[-93.6495,48.522],[-93.2425,48.6542],[-93.5928,48.9189],[-93.7593,48.9189],[-93.7129,48.8527],[-93.8793,48.8527]]],[[[-64.4989,49.8814],[-64.4247,49.8085],[-63.7642,49.602],[-63.6268,49.4984],[-63.5868,49.39],[-63.0933,49.2329],[-62.2482,49.0679],[-61.7295,49.1175],[-61.8826,49.3545],[-62.2043,49.4142],[-62.9621,49.7405],[-64.0606,49.9327],[-64.4989,49.8814]]],[[[-99.92,49.9136],[-99.6324,49.6479],[-99.3483,49.7143],[-99.6361,49.98],[-99.92,49.9136]]],[[[-97.5574,50.113],[-97.2722,49.8471],[-96.987,49.9136],[-97.1209,49.98],[-96.9196,50.0465],[-97.2062,50.3125],[-97.4912,50.246],[-97.3896,50.113],[-97.2217,50.113],[-97.1713,50.0465],[-97.5574,50.113]]],[[[-98.6348,50.3125],[-98.3455,50.0465],[-98.0609,50.113],[-98.3503,50.3791],[-98.6348,50.3125]]],[[[-96.2843,50.6455],[-95.9962,50.3791],[-95.7104,50.4457],[-95.9986,50.7121],[-96.2843,50.6455]]],[[[-96.42,50.7121],[-96.3685,50.6455],[-96.2843,50.6455],[-96.3357,50.7121],[-96.42,50.7121]]],[[[-98.121,54.0029],[-97.7977,53.7323],[-97.5115,53.7999],[-97.8347,54.0706],[-98.121,54.0029]]],[[[-94.8455,54.8171],[-94.5225,54.5453],[-94.2337,54.6132],[-94.5567,54.8851],[-94.8455,54.8171]]],[[[-94.8377,58.9458],[-94.616,58.5282],[-94.7058,58.5282],[-94.6394,58.4587],[-94.7292,58.4587],[-94.6629,58.3892],[-94.7998,58.2504],[-94.5611,57.9038],[-94.6505,57.9038],[-94.1592,57.2819],[-93.6654,56.9374],[-89.4366,55.6348],[-85.0053,54.4774],[-84.395,54.1384],[-84.1354,53.7999],[-83.8092,53.5971],[-82.506,52.0492],[-82.0159,51.7142],[-81.6091,51.246],[-81.1305,50.9122],[-79.6034,50.5122],[-79.0572,50.5789],[-79.018,50.7788],[-78.724,50.8455],[-78.3205,51.6472],[-78.2356,51.6472],[-78.2802,51.7142],[-78.1953,51.7142],[-78.24,51.7811],[-78.1551,51.7811],[-78.1999,51.8481],[-78.1149,51.8481],[-78.1598,51.9151],[-78.0748,51.9151],[-78.1649,52.0492],[-77.9205,52.3176],[-78.5437,53.4621],[-78.4577,53.4621],[-78.6721,54.0029],[-78.5857,54.0029],[-78.8813,54.4095],[-78.7575,54.4774],[-78.8073,54.5453],[-78.4228,54.6132],[-78.4727,54.6811],[-78.0506,54.8171],[-78.1006,54.8851],[-77.8394,54.8851],[-77.8893,54.9531],[-77.5907,55.0211],[-77.6407,55.0892],[-77.2545,55.1573],[-77.2674,55.2936],[-77.0927,55.2936],[-77.1057,55.43],[-77.0182,55.43],[-77.0685,55.4983],[-76.7315,55.6348],[-76.7449,55.7715],[-76.5695,55.7715],[-76.546,55.9766],[-76.3703,55.9766],[-76.2733,56.3191],[-76.1851,56.3191],[-76.2661,56.6623],[-76.141,56.7311],[-76.2608,57.0063],[-76.1721,57.0063],[-76.3824,57.2819],[-76.2936,57.2819],[-76.7747,57.9038],[-78.4897,58.803],[-78.5454,58.7888],[-78.4686,58.706],[-78.5733,58.6755],[-78.5488,58.6089],[-78.4093,58.6297],[-77.9283,58.354],[-77.4706,58.212],[-77.4908,58.1684],[-77.1483,58.0175],[-76.8087,57.6755],[-76.5327,57.1153],[-76.5151,56.4382],[-76.6815,56.0429],[-77.1892,55.6819],[-77.0887,55.7142],[-77.138,55.6577],[-77.7816,55.2735],[-78.3922,55.0275],[-78.9674,54.852],[-79.6285,54.7422],[-79.7656,54.6596],[-79.5937,54.6329],[-79.6353,54.5777],[-79.5255,54.5914],[-79.6012,54.5572],[-79.4503,54.42],[-79.505,54.3723],[-79.464,54.3102],[-79.2859,54.2556],[-79.3821,54.1941],[-79.0463,54.1805],[-79.1424,54.1457],[-79.1077,54.1121],[-79.2926,54.0911],[-78.9796,54.0192],[-79.1009,53.9818],[-79.0423,53.9472],[-79.1351,53.9614],[-78.9917,53.9129],[-79.1077,53.9061],[-79.0662,53.8577],[-78.9017,53.8173],[-79.0525,53.8378],[-79.0488,53.7257],[-79.1561,53.7081],[-79.0193,53.6939],[-79.0662,53.5982],[-78.9231,53.5667],[-79.0195,53.5709],[-78.9569,53.5163],[-79.0041,53.4977],[-79.1146,53.5089],[-79.0632,53.442],[-78.9917,53.4536],[-78.952,53.2915],[-78.8954,53.2686],[-78.9774,53.07],[-78.9159,53.0638],[-78.9842,53.0284],[-78.7856,52.9819],[-78.9017,52.9266],[-78.8553,52.8839],[-78.69,52.8851],[-78.7804,52.8196],[-78.7309,52.8304],[-78.735,52.7892],[-78.8502,52.7574],[-78.772,52.7242],[-78.8197,52.7007],[-78.7624,52.696],[-78.7856,52.6591],[-78.7242,52.6523],[-78.686,52.551],[-78.516,52.4768],[-78.4996,52.3558],[-78.5528,52.2681],[-78.4082,52.2482],[-78.5467,52.2466],[-78.5913,52.1061],[-78.7099,52.0565],[-78.7472,51.9769],[-78.8926,51.9468],[-78.8406,51.8423],[-79.0388,51.7685],[-78.7924,51.6108],[-78.8129,51.5146],[-78.69,51.4873],[-78.8822,51.4033],[-78.8266,51.3501],[-78.9198,51.233],[-78.847,51.1645],[-78.9532,51.2192],[-79.0115,51.4674],[-79.2756,51.5316],[-79.2708,51.5887],[-79.3817,51.6379],[-79.5602,51.5555],[-79.5192,51.4674],[-79.6968,51.3985],[-79.7257,51.1218],[-79.4093,50.8703],[-79.3343,50.7269],[-79.7445,51.1235],[-80.1361,51.3013],[-80.41,51.3395],[-80.6898,51.1616],[-80.8481,51.1235],[-80.9512,51.0081],[-80.94,51.0556],[-81.0126,51.0354],[-80.628,51.2956],[-80.4298,51.3572],[-80.5949,51.7114],[-80.9684,51.9848],[-81.6007,52.2403],[-81.8828,52.1936],[-81.6734,52.3176],[-81.5028,52.3176],[-81.6201,52.4828],[-81.9182,52.6804],[-82.0419,52.8428],[-82.3012,52.9676],[-82.2506,53.213],[-82.169,53.2428],[-82.2309,53.3271],[-82.1369,53.379],[-82.2224,53.6647],[-82.1348,53.7784],[-82.4559,54.2061],[-82.4285,54.2841],[-82.4722,54.3417],[-82.2061,54.838],[-82.3265,55.1587],[-82.321,55.0711],[-82.5294,55.1676],[-82.8772,55.1605],[-82.9517,55.1127],[-82.8976,55.1741],[-82.9757,55.2391],[-83.185,55.2015],[-83.7132,55.2766],[-83.5829,55.2325],[-83.5611,55.1332],[-83.6115,55.2322],[-83.7366,55.2246],[-83.7676,55.2813],[-83.9291,55.3265],[-84.6131,55.2452],[-85.0539,55.2941],[-85.1991,55.2424],[-85.4173,54.9992],[-85.389,55.1121],[-85.1266,55.3026],[-85.1279,55.3498],[-85.4392,55.4284],[-85.6964,55.6038],[-85.9043,55.662],[-86.9801,55.9336],[-87.3653,55.9482],[-87.3551,56.0036],[-87.5008,56.0449],[-87.6186,56.0028],[-87.5892,56.0798],[-87.9743,56.4328],[-88.3114,56.538],[-88.89,56.8594],[-89.0362,56.8425],[-89.963,57.004],[-90.6015,57.2299],[-91.0311,57.2646],[-92.2235,57.0215],[-92.2905,56.985],[-92.2476,56.9374],[-92.4705,56.935],[-92.4404,56.9547],[-92.5079,57.0294],[-92.8598,56.9075],[-92.7049,56.9554],[-92.5429,57.1058],[-92.4417,57.2502],[-92.5332,57.3509],[-92.4442,57.3509],[-92.6314,57.6844],[-92.7858,57.8394],[-92.7988,57.9826],[-93.2391,58.767],[-93.4091,58.7051],[-93.496,58.7735],[-94.1774,58.7791],[-94.1429,58.7368],[-94.2467,58.5908],[-94.232,58.4011],[-94.3617,58.223],[-94.2866,58.4365],[-94.3085,58.5751],[-94.208,58.6838],[-94.2041,58.8065],[-94.3995,58.7125],[-94.4785,58.8065],[-94.6726,58.8728],[-94.746,58.8331],[-94.7189,58.8932],[-94.8377,58.9458]]],[[[-92.3563,57.0579],[-92.3106,57.0073],[-92.2181,57.0628],[-92.3563,57.0579]]],[[[-79.7697,54.7886],[-79.7642,54.7812],[-79.7579,54.7802],[-79.6035,54.8288],[-79.4019,54.852],[-79.3956,54.8538],[-79.7233,54.8234],[-79.7315,54.8179],[-79.6831,54.8179],[-79.6831,54.8111],[-79.735,54.8048],[-79.7697,54.7886]]],[[[-79.0941,54.9331],[-79.0821,54.9171],[-79.036,54.9269],[-79.0189,54.9408],[-79.0941,54.9331]]],[[[-78.635,58.7712],[-78.629,58.7707],[-78.6289,58.7746],[-78.635,58.7712]]],[[[-78.6192,58.6428],[-78.6125,58.6345],[-78.6074,58.6345],[-78.6192,58.6428]]],[[[-78.5883,58.6047],[-78.5826,58.5977],[-78.5725,58.5977],[-78.5883,58.6047]]],[[[-77.8586,58.3182],[-77.716,58.245],[-77.6984,58.2407],[-77.6683,58.2447],[-77.8179,58.3088],[-77.8586,58.3182]]],[[[-77.6479,55.4274],[-77.5863,55.4362],[-77.5261,55.4654],[-77.3775,55.5603],[-77.2096,55.6397],[-77.2113,55.6538],[-77.3121,55.6192],[-77.3292,55.6142],[-77.3667,55.5783],[-77.4131,55.5623],[-77.4484,55.5341],[-77.6479,55.4274]]],[[[-76.7911,57.3509],[-76.7394,57.2839],[-76.7445,57.3509],[-76.7911,57.3509]]],[[[-76.7803,56.1081],[-76.7159,56.138],[-76.7565,56.1789],[-76.7803,56.1081]]],[[[-76.7209,57.144],[-76.652,57.0714],[-76.656,57.1398],[-76.7209,57.144]]],[[[-76.6544,56.5914],[-76.6336,56.5639],[-76.6267,56.5688],[-76.619,56.5869],[-76.6193,56.5937],[-76.6544,56.5937],[-76.6544,56.5914]]],[[[-100.3892,55.6348],[-100.0465,55.3618],[-99.7601,55.43],[-100.1027,55.7031],[-100.3892,55.6348]]],[[[-37.964,-54.0317],[-37.9277,-54.0456],[-37.8406,-54.0305],[-37.7928,-54.044],[-37.6688,-54.0398],[-37.9561,-54.0106],[-37.964,-54.0317]]],[[[-37.7245,-54.1335],[-37.6898,-54.1744],[-37.2373,-54.1477],[-37.4093,-54.1818],[-37.3192,-54.2291],[-37.4137,-54.2553],[-37.1534,-54.2575],[-37.0145,-54.3434],[-36.8845,-54.3364],[-36.81,-54.449],[-36.499,-54.5105],[-36.116,-54.8845],[-35.922,-54.8522],[-36.1064,-54.7647],[-35.9374,-54.81],[-35.7843,-54.7647],[-35.9358,-54.6891],[-35.9009,-54.5554],[-36.1002,-54.545],[-36.189,-54.4146],[-36.1643,-54.3729],[-36.5226,-54.3494],[-36.5712,-54.2499],[-36.6756,-54.2774],[-36.591,-54.2094],[-36.7172,-54.1744],[-36.6338,-54.1448],[-37.6201,-54.0447],[-37.7245,-54.1335]]],[[[-60.5917,-51.4231],[-60.4029,-51.4641],[-60.5131,-51.4985],[-60.1978,-51.6476],[-60.1137,-51.4827],[-60.4653,-51.3872],[-60.5917,-51.4231]]],[[[-60.4722,-51.7624],[-60.1449,-51.685],[-60.3688,-51.6668],[-60.4722,-51.7624]]],[[[-60.4547,-51.8],[-60.4518,-51.8557],[-60.3443,-51.8557],[-60.4064,-51.7966],[-60.3722,-51.7692],[-60.4547,-51.8]]],[[[-60.3377,-51.8557],[-60.2323,-51.7697],[-60.2978,-51.7504],[-60.3377,-51.8557]]],[[[-60.2827,-51.3872],[-60.2416,-51.401],[-60.2346,-51.3872],[-60.2827,-51.3872]]],[[[-60.1801,-51.6548],[-60.1246,-51.6634],[-60.1166,-51.6548],[-60.1801,-51.6548]]],[[[-59.7013,1.7],[-59.3379,1.3786],[-58.9017,1.1857],[-58.4641,1.5071],[-57.5902,1.7643],[-57.4445,1.9571],[-56.1342,1.8286],[-55.9885,1.9571],[-56.207,2.15],[-56.2072,2.3429],[-56.0619,2.4714],[-55.5521,2.4072],[-55.334,2.5357],[-54.9699,2.5357],[-54.6055,2.3429],[-54.46,2.4072],[-54.2426,2.7929],[-54.2448,3.2429],[-54.1,3.3715],[-54.1025,3.6929],[-54.3221,3.8215],[-54.4711,4.1429],[-54.4823,4.9787],[-54.4126,5.1715],[-54.171,5.3484],[-54.1091,5.4543],[-54.06,5.8144],[-54.7736,5.9853],[-55.1169,5.9853],[-55.1256,5.9186],[-54.863,5.8555],[-55.0855,5.8828],[-55.1299,5.8207],[-55.1031,5.8664],[-55.1478,5.9082],[-55.328,5.9581],[-55.8444,5.976],[-55.9408,5.8556],[-55.9,5.842],[-55.8977,5.6767],[-55.936,5.8047],[-56.6595,5.9797],[-57.0664,5.9495],[-57.1637,5.5571],[-57.2652,5.4034],[-57.1615,5.6389],[-57.1373,5.8821],[-57.2093,6.1532],[-57.4453,6.3287],[-57.5289,6.2657],[-57.5986,6.4272],[-58.0057,6.7918],[-58.3122,6.8922],[-58.4349,6.8578],[-58.567,6.6367],[-58.5902,6.4172],[-58.6864,6.3825],[-58.6114,6.5692],[-58.74,6.393],[-58.7918,5.493],[-59.0091,5.4287],[-59.0781,5.2358],[-58.9243,4.7858],[-58.7026,4.5929],[-58.7647,3.7572],[-58.5455,3.6929],[-58.4682,3.1786],[-58.613,3.05],[-58.3934,2.8572],[-58.3916,2.4072],[-58.4644,2.4072],[-58.4638,2.15],[-58.8277,1.8286],[-59.1916,1.8286],[-59.1917,1.7],[-59.7012,1.8286],[-59.7013,1.7]],[[-58.0677,4.1511],[-58.0639,4.1611],[-58.0321,3.9877],[-58.0677,4.1511]],[[-58.0556,4.1835],[-58.052,4.1931],[-57.9538,4.299],[-58.0556,4.1835]],[[-57.9185,4.8298],[-57.8503,4.9228],[-57.8468,4.9246],[-57.9185,4.8298]],[[-57.837,4.9296],[-57.8302,4.9331],[-57.8157,4.9285],[-57.837,4.9296]],[[-57.6646,3.4175],[-57.6511,3.3884],[-57.6548,3.3901],[-57.6646,3.4175]],[[-57.5995,3.3653],[-57.5609,3.3494],[-57.5651,3.3498],[-57.5995,3.3653]],[[-57.5524,3.3487],[-57.5353,3.3678],[-57.545,3.3481],[-57.5524,3.3487]],[[-57.5353,3.3678],[-57.5224,3.3652],[-57.5142,3.3605],[-57.5353,3.3678]],[[-57.3357,5.3169],[-57.3321,5.3213],[-57.3317,5.3076],[-57.3357,5.3169]],[[-57.2333,5.1421],[-57.1974,5.1645],[-57.202,5.1576],[-57.2333,5.1421]],[[-57.1917,5.1942],[-57.1849,5.1831],[-57.1903,5.1751],[-57.1917,5.1942]],[[-56.9385,2.4114],[-56.9126,2.3774],[-56.9308,2.3933],[-56.9385,2.4114]],[[-56.425,1.9229],[-56.348,1.9266],[-56.4152,1.9197],[-56.425,1.9229]]],[[[-58.6065,6.843],[-58.6028,6.7091],[-58.5977,6.7216],[-58.5977,6.8083],[-58.5862,6.8466],[-58.6065,6.843]]],[[[-54.2453,5.2835],[-54.1244,5.3644],[-54.123,5.3729],[-54.171,5.3484],[-54.2453,5.2835]]],[[[-1.9416,4.7858],[-1.7486,4.8772],[-1.7933,5.1072],[-1.9395,5.0429],[-1.9416,4.7858]]],[[[-2.9366,5.0403],[-2.5441,4.9606],[-2.6669,5.2358],[-2.9005,5.1338],[-2.9366,5.0403]]],[[[-1.2102,5.1124],[-1.0639,5.1901],[-1.0625,5.3644],[-1.2083,5.3644],[-1.2102,5.1124]]],[[[-0.9179,5.2133],[-0.7719,5.2389],[-0.7704,5.4287],[-0.9162,5.4287],[-0.9179,5.2133]]],[[[-0.6255,5.3292],[-0.4346,5.4402],[-0.4779,5.5572],[-0.6237,5.5572],[-0.6255,5.3292]]],[[[-13.2868,8.4245],[-13.1639,8.2425],[-12.9721,8.2539],[-12.9482,8.1665],[-12.9487,8.2573],[-12.6574,8.3859],[-12.7308,8.4502],[-12.6595,8.7073],[-12.7334,8.8359],[-13.0981,8.7716],[-13.0977,8.7073],[-13.1707,8.7073],[-13.098,8.6219],[-13.0267,8.6511],[-13.0618,8.5832],[-12.9364,8.607],[-12.8759,8.6852],[-12.9311,8.5828],[-12.8697,8.5692],[-13.0131,8.5617],[-13.1161,8.473],[-13.0336,8.3767],[-13.193,8.4878],[-13.2868,8.5002],[-13.2868,8.4245]]],[[[-13.1465,8.6445],[-13.1177,8.5699],[-13.1075,8.581],[-13.109,8.6033],[-13.1366,8.6238],[-13.1229,8.6306],[-13.1465,8.6445]]],[[[-61.7216,10.0824],[-61.1916,10.0738],[-60.996,10.1383],[-60.9613,10.33],[-61.023,10.3948],[-61.0327,10.6835],[-60.9121,10.8288],[-61.5784,10.7491],[-61.5998,10.6827],[-61.4723,10.5949],[-61.451,10.3145],[-61.5066,10.2407],[-61.6396,10.2407],[-61.7216,10.0824]]],[[[-60.8049,11.1469],[-60.602,11.2314],[-60.5633,11.3217],[-60.7554,11.2441],[-60.8049,11.1469]]],[[[-61.7564,12.0878],[-61.7504,12.0432],[-61.6316,12.0441],[-61.606,12.2234],[-61.6715,12.2361],[-61.7564,12.0878]]],[[[-59.6542,13.2951],[-59.592,13.0857],[-59.5089,13.0573],[-59.43,13.1259],[-59.5945,13.3348],[-59.6542,13.2951]]],[[[-61.265,13.291],[-61.1852,13.1325],[-61.1244,13.247],[-61.144,13.3741],[-61.265,13.291]]],[[[-61.0282,13.984],[-60.9551,13.7147],[-60.8922,13.8332],[-60.8906,14.0432],[-60.9849,14.0432],[-61.0282,13.984]]],[[[-17.4542,14.6861],[-17.3306,14.7363],[-17.1576,14.6255],[-17.0947,14.9432],[-17.4185,14.7879],[-17.4542,14.6861]]],[[[-61.4793,15.6057],[-61.3629,15.2018],[-61.2567,15.2853],[-61.2672,15.5078],[-61.3077,15.5793],[-61.4793,15.6057]]],[[[14.3384,35.9455],[14.3815,35.843],[14.5618,35.8298],[14.5078,35.9285],[14.3773,35.9936],[14.3384,35.9455]]],[[[-5.5162,36.1596],[-5.3611,36.1596],[-5.2969,36.3528],[-5.5162,36.1596]]],[[[-59.4058,47.8966],[-59.2829,47.7594],[-59.3085,47.6225],[-59.2541,47.6032],[-58.4163,47.6434],[-58.3497,47.7397],[-58.2613,47.7526],[-58.3547,47.6491],[-57.8845,47.6973],[-57.9134,47.6572],[-57.3329,47.6427],[-57.2684,47.5955],[-57.172,47.6365],[-57.1677,47.5859],[-56.7544,47.5464],[-56.7059,47.5676],[-56.7543,47.6365],[-56.6761,47.5773],[-56.6376,47.5881],[-56.6996,47.6223],[-56.3358,47.616],[-56.3086,47.7526],[-56.3017,47.6291],[-56.235,47.632],[-56.1324,47.7553],[-56.151,47.842],[-56.1011,47.7597],[-56.0553,47.7799],[-56.1028,47.73],[-56.0188,47.73],[-55.86,47.7912],[-55.7804,47.9581],[-55.7394,47.9239],[-55.8659,47.7195],[-55.8554,47.6266],[-55.6295,47.6775],[-55.8524,47.6007],[-55.8474,47.5562],[-55.7469,47.5881],[-55.8379,47.4723],[-55.7537,47.5403],[-55.7742,47.4577],[-55.6188,47.5417],[-55.5892,47.5124],[-55.6643,47.4372],[-55.5892,47.4577],[-55.5726,47.4177],[-55.4071,47.5015],[-55.4106,47.6275],[-55.4702,47.6269],[-55.4273,47.7195],[-55.3558,47.7321],[-55.364,47.6641],[-55.0846,47.6372],[-54.9381,47.7873],[-55.0699,47.6023],[-54.6986,47.6706],[-54.9552,47.5062],[-55.184,47.4604],[-55.2553,47.4114],[-55.3013,47.2676],[-55.4872,47.1403],[-55.8699,47.0751],[-55.9813,46.932],[-55.8611,46.8743],[-55.6376,46.8743],[-55.5278,46.9438],[-55.359,46.8747],[-55.3693,46.9401],[-55.1952,47.0043],[-55.1962,47.0696],[-55.1616,47.0167],[-55.0747,47.081],[-55.0889,47.1697],[-55.1361,47.1697],[-55.088,47.2062],[-55.0738,47.157],[-55.027,47.1726],[-55.0125,47.269],[-54.8379,47.4193],[-54.8282,47.3758],[-54.7873,47.4237],[-54.822,47.369],[-54.6644,47.3758],[-54.4173,47.6092],[-54.616,47.369],[-54.4949,47.3995],[-54.3273,47.7101],[-54.2801,47.6979],[-54.1982,47.8333],[-54.2665,47.9035],[-54.1305,47.8318],[-54.0815,47.8755],[-53.8926,47.5988],[-53.9235,47.4541],[-53.8079,47.4237],[-53.8929,47.3929],[-53.9223,47.3132],[-53.9962,47.3172],[-53.9318,47.2344],[-54.0104,47.2339],[-54.1854,46.9278],[-54.1885,46.8284],[-54.0497,46.8086],[-53.9478,46.8581],[-53.5602,47.2045],[-53.571,47.1562],[-53.4987,47.1356],[-53.6434,46.9854],[-53.5211,46.9446],[-53.6449,46.8012],[-53.4857,46.9029],[-53.6365,46.7114],[-53.5547,46.6184],[-53.3553,46.739],[-53.3895,46.6838],[-53.266,46.739],[-53.1929,46.6276],[-53.0669,46.6656],[-52.9413,46.7913],[-52.8545,47.0264],[-52.8492,47.0698],[-52.9376,47.0878],[-52.8688,47.1015],[-52.7043,47.4665],[-52.6297,47.4858],[-52.7688,47.7959],[-52.8764,47.5883],[-53.1294,47.4168],[-53.1952,47.4371],[-53.1493,47.4994],[-53.2045,47.4714],[-53.184,47.5323],[-53.2598,47.5585],[-53.2244,47.73],[-52.8798,48.0967],[-52.9233,48.171],[-53.061,48.0519],[-53.2765,48.0164],[-53.4987,47.7464],[-53.5539,47.5393],[-53.67,47.5267],[-53.6523,47.5769],[-53.7117,47.6099],[-53.6741,47.6712],[-53.7632,47.6257],[-53.9289,47.8524],[-53.828,47.7972],[-53.7312,47.8634],[-53.7873,47.9035],[-53.6973,47.8966],[-53.6567,47.9548],[-53.7037,48.019],[-53.9239,48.0338],[-53.7225,48.0445],[-53.9052,48.0851],[-53.9253,48.237],[-53.6082,48.1917],[-53.3715,48.2935],[-53.3549,48.3867],[-53.0968,48.4182],[-53.1127,48.4559],[-53.0546,48.4559],[-52.9879,48.5532],[-53.0768,48.7036],[-53.2435,48.5264],[-53.3371,48.6085],[-53.4372,48.6159],[-53.475,48.511],[-53.6154,48.4099],[-53.5471,48.4924],[-53.5881,48.4788],[-53.5812,48.522],[-53.7184,48.4241],[-53.6154,48.4993],[-53.7088,48.522],[-53.856,48.3684],[-53.8767,48.4099],[-53.814,48.4652],[-53.8554,48.4752],[-54.1368,48.3553],[-54.1641,48.3907],[-53.7489,48.5198],[-53.9586,48.5471],[-53.8574,48.5928],[-54.0201,48.7395],[-53.9736,48.7491],[-53.991,48.8061],[-54.1976,48.7674],[-54.1846,48.801],[-53.9649,48.8419],[-53.914,48.8925],[-53.9785,48.8966],[-53.8958,48.9146],[-53.8829,48.9927],[-53.7253,49.0139],[-53.8382,49.0337],[-53.6489,49.0402],[-53.5909,49.1838],[-53.4537,49.2422],[-53.4925,49.2875],[-53.9239,49.4521],[-54.0406,49.4384],[-53.986,49.4589],[-54.0447,49.4818],[-54.2323,49.3627],[-54.2193,49.4173],[-54.3729,49.4223],[-54.4835,49.2676],[-54.4447,49.4248],[-54.4691,49.4715],[-54.534,49.4452],[-54.4995,49.5393],[-54.817,49.2756],[-54.857,49.4067],[-54.8805,49.289],[-55.034,49.2302],[-55.0029,49.3163],[-55.0631,49.3163],[-55.2726,49.2099],[-55.2777,49.106],[-55.1845,49.123],[-55.3831,49.0473],[-55.314,49.1018],[-55.3651,49.1723],[-55.2229,49.2646],[-55.2239,49.3163],[-55.2718,49.3591],[-55.3148,49.3149],[-55.3148,49.4042],[-55.3831,49.3354],[-55.4452,49.3559],[-55.338,49.435],[-55.4315,49.4248],[-55.3965,49.5021],[-55.4862,49.48],[-55.5693,49.3627],[-55.5209,49.4936],[-55.6575,49.3837],[-55.6786,49.4726],[-55.7878,49.4521],[-55.7192,49.4757],[-55.822,49.522],[-56.1307,49.4291],[-55.9008,49.5624],[-55.8772,49.596],[-55.9386,49.6097],[-55.8356,49.6916],[-55.9685,49.7028],[-56.1702,49.601],[-56.0019,49.7525],[-55.508,49.9163],[-55.5429,49.9916],[-55.7464,49.932],[-55.9591,50.0411],[-56.0034,49.9716],[-56.0101,50.0312],[-56.1919,49.925],[-56.0979,50.0465],[-56.1555,50.0465],[-56.1957,50.1317],[-56.3844,49.9464],[-56.3632,49.8976],[-56.5578,49.8481],[-56.8567,49.5482],[-56.7816,49.7294],[-56.9051,49.7537],[-56.7684,49.8303],[-56.7195,49.9486],[-56.7757,49.9508],[-56.6463,50.0992],[-56.6723,50.1304],[-56.5308,50.1912],[-56.4442,50.3044],[-56.4295,50.3621],[-56.5004,50.3911],[-56.4116,50.3769],[-56.2664,50.5063],[-56.3223,50.5277],[-56.1717,50.6112],[-56.2202,50.7121],[-56.1574,50.7121],[-56.1614,50.8782],[-56.1037,50.905],[-56.1354,50.7788],[-56.0205,50.7788],[-55.925,50.8846],[-55.8772,50.8635],[-55.7742,51.0354],[-55.8047,51.0691],[-55.7331,51.0831],[-55.7925,51.222],[-55.9591,51.1993],[-55.9657,51.159],[-56.0758,51.2334],[-56.0144,51.2751],[-56.0895,51.3706],[-55.5311,51.3797],[-55.4946,51.4831],[-55.5346,51.5084],[-55.4872,51.5039],[-55.4602,51.5803],[-55.7286,51.577],[-55.6431,51.473],[-55.8902,51.5009],[-55.8315,51.6152],[-55.9048,51.6221],[-56.7202,51.3193],[-56.7952,51.2409],[-56.7468,51.1993],[-56.8095,51.1925],[-56.7952,51.1378],[-56.9801,51.0553],[-56.9007,51.0182],[-57.0488,51.0211],[-56.9255,50.9182],[-57.1655,50.7531],[-57.397,50.7086],[-57.2402,50.6375],[-57.2756,50.6239],[-57.1548,50.6257],[-57.3553,50.6066],[-57.9481,49.6795],[-57.8777,49.5323],[-57.8231,49.5619],[-57.7003,49.4628],[-57.8714,49.5067],[-57.8974,49.4392],[-57.9203,49.5319],[-58.0012,49.5619],[-58.2287,49.371],[-58.1934,49.2431],[-57.9261,49.2466],[-58.1007,49.1828],[-58.08,49.1468],[-57.8504,49.1845],[-57.9125,49.13],[-58.1354,49.1269],[-58.0462,48.9964],[-57.8845,48.9722],[-58.0686,48.9792],[-58.1759,49.0665],[-58.3575,49.0617],[-58.3445,49.1094],[-58.4171,49.1175],[-58.7137,48.5682],[-58.8131,48.5716],[-58.8509,48.6365],[-58.8927,48.5539],[-58.9589,48.6162],[-58.8588,48.7418],[-59.2134,48.5502],[-59.0965,48.5108],[-58.7032,48.5545],[-58.2722,48.5209],[-58.6045,48.4037],[-58.4946,48.4583],[-58.5704,48.4403],[-59.4058,47.8966]]],[[[-57.2686,50.8148],[-57.2397,50.806],[-57.2618,50.7997],[-57.2525,50.7967],[-57.1866,50.823],[-57.1962,50.8306],[-57.2686,50.8148]]],[[[-55.7334,49.5152],[-55.7332,49.5135],[-55.7085,49.5085],[-55.698,49.5152],[-55.7334,49.5152]]],[[[-54.7589,49.5587],[-54.7389,49.5142],[-54.5571,49.5816],[-54.7589,49.5587]]],[[[-54.7538,49.4452],[-54.6986,49.4077],[-54.6439,49.4753],[-54.7538,49.4452]]],[[[-53.9314,48.2084],[-53.8752,48.1065],[-53.7623,48.0988],[-53.9314,48.2084]]],[[[-53.5664,48.1917],[-53.5166,48.1917],[-53.5215,48.2012],[-53.5435,48.207],[-53.5664,48.1917]]],[[[-53.0255,47.599],[-52.9765,47.5969],[-52.9164,47.6345],[-52.9188,47.6526],[-52.9565,47.6548],[-53.0131,47.6225],[-53.0255,47.599]]],[[[-57.0378,51.8481],[-57.0037,51.7811],[-56.9188,51.7811],[-56.9528,51.8481],[-57.0378,51.8481]]],[[[-57.2628,53.7056],[-57.2555,53.7088],[-57.1241,53.7416],[-57.1304,53.7478],[-57.2602,53.7323],[-57.2628,53.7056]]],[[[-57.1721,53.6596],[-57.1138,53.643],[-57.0308,53.713],[-57.1721,53.6596]]],[[[-57.1658,53.5629],[-57.028,53.4621],[-56.3538,53.3271],[-56.3181,53.2596],[-56.5402,53.1922],[-56.3983,52.9227],[-56.7914,52.8554],[-56.7209,52.7208],[-56.8064,52.7208],[-56.6665,52.4519],[-56.2904,52.3847],[-56.1364,52.2505],[-56.2217,52.2505],[-56.2045,52.0492],[-56.3747,52.0492],[-56.3407,51.9822],[-56.5108,51.9822],[-56.4768,51.9151],[-56.6469,51.9151],[-56.6129,51.8481],[-56.7829,51.8481],[-56.8849,51.7142],[-57.0887,51.7811],[-57.0891,51.4465],[-56.8234,51.4921],[-56.6825,51.6481],[-56.011,51.9015],[-56.0004,51.9822],[-55.9134,51.9822],[-55.9659,52.0217],[-55.8101,52.0225],[-55.7058,52.1447],[-55.6923,52.1861],[-55.7726,52.2143],[-55.6845,52.2159],[-55.7947,52.2408],[-55.7093,52.296],[-55.8568,52.3035],[-55.8226,52.3302],[-56.1987,52.4468],[-55.771,52.3397],[-55.8083,52.3854],[-55.7259,52.3789],[-55.755,52.4931],[-56.5004,52.5977],[-56.2182,52.5403],[-55.9864,52.5567],[-56.0485,52.5772],[-55.9781,52.6177],[-56.0972,52.6622],[-55.8396,52.6128],[-56.1625,52.818],[-55.9773,52.7781],[-55.8492,52.8554],[-55.9805,52.9943],[-56.1228,52.9731],[-56.082,53.0222],[-56.1652,53.0359],[-56.0175,53.0335],[-55.8902,53.0902],[-55.9455,53.1185],[-55.7469,53.1457],[-55.8431,53.2147],[-55.7918,53.2385],[-55.8636,53.2482],[-55.8242,53.3002],[-55.9114,53.3096],[-55.8379,53.3264],[-55.8632,53.3744],[-56.0411,53.3716],[-55.9659,53.4127],[-56.2635,53.5537],[-55.9897,53.5204],[-56.076,53.5828],[-56.7269,53.687],[-56.572,53.6971],[-56.7154,53.7523],[-56.9835,53.7275],[-57.1658,53.5629]]],[[[-56.9887,53.7646],[-56.9843,53.7594],[-56.9473,53.7521],[-56.9196,53.763],[-56.8826,53.7629],[-56.8344,53.783],[-56.9887,53.7646]]],[[[-55.9899,53.4704],[-55.8861,53.4181],[-55.9466,53.4892],[-55.9899,53.4704]]],[[[-10.4782,52.152],[-9.9547,52.1088],[-9.9569,52.1452],[-9.7582,52.152],[-10.2662,51.9885],[-10.3069,51.9534],[-10.2541,51.9087],[-10.3956,51.8845],[-10.3411,51.7883],[-10.2346,51.851],[-10.1771,51.8137],[-10.2244,51.7821],[-10.1356,51.7412],[-9.5807,51.8777],[-9.9807,51.7319],[-10.1628,51.5903],[-9.6268,51.685],[-9.5459,51.72],[-9.5602,51.7616],[-9.4429,51.72],[-9.8475,51.5494],[-9.5459,51.6108],[-9.8323,51.488],[-9.8103,51.4496],[-9.4433,51.5595],[-9.4018,51.5009],[-9.3199,51.5351],[-9.3725,51.4927],[-8.6856,51.6117],[-8.7576,51.645],[-8.537,51.6375],[-8.4151,51.7811],[-8.2847,51.8026],[-8.4294,51.8845],[-8.1871,51.8931],[-8.2462,51.8027],[-8.0206,51.8239],[-7.6112,52.1163],[-6.9981,52.151],[-6.9551,52.1793],[-6.9974,52.2892],[-6.9132,52.1558],[-6.764,52.2613],[-6.8056,52.2128],[-6.4226,52.1951],[-6.373,52.3227],[-6.4092,52.2893],[-6.4965,52.3643],[-6.3661,52.3444],[-6.1567,52.7358],[-6.172,52.8554],[-6.0863,52.8554],[-6.1432,53.2965],[-6.2419,53.3946],[-6.0875,53.5296],[-6.2865,53.7323],[-6.3055,53.8745],[-6.373,53.8993],[-6.3599,54.016],[-6.3316,54.0706],[-6.2177,54.0706],[-6.2847,54.1052],[-5.9644,54.0706],[-5.8938,54.1047],[-5.862,54.2305],[-5.6966,54.2471],[-5.5444,54.3417],[-5.5797,54.3837],[-5.7089,54.3518],[-5.6256,54.4411],[-5.6703,54.5057],[-5.6256,54.5163],[-5.7156,54.5367],[-5.702,54.5777],[-5.558,54.5119],[-5.5766,54.4028],[-5.5192,54.3417],[-5.4531,54.5036],[-5.5275,54.5453],[-5.5747,54.6801],[-5.748,54.6804],[-5.9074,54.6056],[-5.8907,54.6723],[-5.7087,54.7491],[-5.9862,54.9818],[-5.9683,55.0438],[-6.0621,55.0741],[-6.0382,55.1497],[-6.101,55.2124],[-6.4759,55.2487],[-6.7545,55.1778],[-6.9626,55.1946],[-7.0537,55.0487],[-7.2567,55.0507],[-7.1728,55.1435],[-6.9408,55.2312],[-7.3601,55.3618],[-7.2567,55.284],[-7.5243,55.2903],[-7.5495,55.2154],[-7.4629,55.1435],[-7.4562,55.0561],[-7.6814,54.9544],[-7.5618,55.0445],[-7.641,55.0507],[-7.5258,55.1162],[-7.644,55.2728],[-7.7882,55.2186],[-7.6951,55.2075],[-7.7025,55.0991],[-7.7176,55.1666],[-7.8157,55.1946],[-7.7987,55.2561],[-7.8661,55.2149],[-7.8564,55.139],[-7.9086,55.1884],[-8.0041,55.1741],[-7.9768,55.2219],[-8.1565,55.1245],[-8.1413,55.1605],[-8.2785,55.1605],[-8.32,55.0343],[-8.3474,55.0643],[-8.4566,55.0029],[-8.3666,54.9482],[-8.4508,54.9221],[-8.337,54.9036],[-8.3813,54.8559],[-8.3257,54.8315],[-8.4907,54.852],[-8.5584,54.8179],[-8.4082,54.7626],[-8.5299,54.7881],[-8.4566,54.7564],[-8.6366,54.7685],[-8.7978,54.692],[-8.6726,54.6195],[-8.1208,54.6466],[-8.271,54.5237],[-8.2102,54.5019],[-8.4667,54.475],[-8.4741,54.43],[-8.6639,54.3593],[-8.5192,54.3267],[-8.5727,54.3139],[-8.4703,54.2766],[-8.621,54.2556],[-8.5112,54.2077],[-8.6764,54.2713],[-9.0513,54.2895],[-9.1412,54.1457],[-9.2684,54.3039],[-9.7855,54.3381],[-9.846,54.3214],[-9.765,54.2556],[-9.8439,54.2766],[-9.9099,54.2044],[-9.9773,54.2425],[-9.8811,54.263],[-10.078,54.2624],[-10.0386,54.1879],[-9.9363,54.1873],[-9.9773,54.1805],[-9.9084,54.1184],[-9.9707,54.0786],[-9.8339,54.1121],[-9.8989,54.0253],[-9.7875,53.9161],[-9.915,53.9539],[-9.8679,53.8647],[-9.5602,53.8651],[-9.6217,53.8173],[-9.5664,53.7963],[-9.9084,53.7621],[-9.9084,53.6461],[-9.7918,53.6089],[-10.0468,53.5993],[-9.9711,53.5629],[-10.0052,53.5436],[-10.1803,53.5555],[-10.0121,53.4815],[-10.1503,53.4379],[-10.0113,53.3812],[-9.7992,53.4195],[-9.8976,53.3348],[-9.8067,53.3016],[-9.6527,53.3928],[-9.6346,53.3301],[-9.5528,53.3854],[-9.6011,53.3649],[-9.5608,53.3412],[-9.6173,53.3215],[-9.6123,53.2362],[-9.5546,53.2907],[-9.5117,53.2283],[-9.0221,53.2755],[-8.9426,53.2618],[-9.0456,53.2209],[-8.8948,53.2209],[-8.9364,53.1457],[-9.1282,53.1594],[-9.0729,53.1185],[-9.2722,53.1467],[-9.4438,52.966],[-9.3541,52.9335],[-9.4986,52.7525],[-9.6284,52.7274],[-9.7897,52.5692],[-9.5528,52.6393],[-9.5807,52.666],[-9.4345,52.612],[-9.279,52.6393],[-9.3331,52.5977],[-9.2858,52.5908],[-9.1468,52.6238],[-8.9426,52.7752],[-8.9608,52.6937],[-8.7512,52.673],[-9.2721,52.5772],[-9.6483,52.5704],[-9.6831,52.4946],[-9.6346,52.4736],[-9.9499,52.4121],[-9.8345,52.3752],[-9.8694,52.2731],[-9.7377,52.2482],[-9.9475,52.2376],[-10.0538,52.3048],[-10.1008,52.2408],[-10.2758,52.2681],[-10.4782,52.152]],[[-9.7736,53.6068],[-9.7141,53.6098],[-9.6968,53.5982],[-9.7736,53.6068]],[[-8.5584,51.7064],[-8.5027,51.7],[-8.5175,51.6927],[-8.5483,51.6964],[-8.5584,51.7064]],[[-7.9042,52.99],[-7.8184,52.99],[-7.8089,52.9227],[-7.8946,52.9227],[-7.9042,52.99]],[[-7.3947,54.1219],[-7.3103,54.1147],[-7.327,54.1136],[-7.3947,54.1219]],[[-7.3332,54.1494],[-7.3278,54.1517],[-7.3311,54.1462],[-7.3332,54.1494]]],[[[-10.429,51.8898],[-10.426,51.8823],[-10.4058,51.8841],[-10.3227,51.9033],[-10.2977,51.9184],[-10.3127,51.9255],[-10.3517,51.9311],[-10.429,51.8898]]],[[[-9.9137,51.6297],[-9.9055,51.6155],[-9.8922,51.6113],[-9.7993,51.6368],[-9.817,51.6389],[-9.8817,51.6411],[-9.9137,51.6297]]],[[[-9.7201,53.2661],[-9.7186,53.2618],[-9.6549,53.2358],[-9.6383,53.251],[-9.6627,53.2755],[-9.6847,53.2824],[-9.7104,53.2755],[-9.7201,53.2661]]],[[[-8.5516,55.01],[-8.5514,55.0089],[-8.5454,55.0029],[-8.5502,55.0011],[-8.5455,54.9713],[-8.5274,54.9675],[-8.484,54.9755],[-8.4966,55.0007],[-8.5249,55.0097],[-8.5364,55.0166],[-8.5516,55.01]]],[[[-6.1996,55.2897],[-6.188,55.284],[-6.1948,55.2629],[-6.173,55.2918],[-6.1996,55.2897]]],[[[-61.0858,53.9352],[-60.9279,53.733],[-60.8594,53.8351],[-60.8213,53.7797],[-60.3885,53.6679],[-60.1361,53.5294],[-60.071,53.5665],[-60.0941,53.7004],[-60.0166,53.7081],[-60.1327,53.7831],[-59.8072,53.7984],[-59.8788,53.8242],[-59.844,53.8447],[-59.4745,53.8281],[-58.9198,54.016],[-59.0427,54.0302],[-58.6263,54.0443],[-58.4509,54.1674],[-58.5431,54.1941],[-58.6981,54.1244],[-59.5108,54.0012],[-59.5914,54.0439],[-59.2287,54.0783],[-59.646,54.1384],[-59.6075,54.0706],[-60.4335,54.0029],[-60.3947,53.9352],[-61.0858,53.9352]]],[[[-60.9122,53.7129],[-60.4529,53.1248],[-59.852,53.1248],[-59.841,53.2596],[-59.5347,53.3271],[-59.5722,53.3946],[-58.6402,53.7323],[-58.6778,53.7999],[-58.1974,53.8676],[-58.2349,53.9352],[-58.0621,53.9352],[-58.1372,54.0706],[-58.0507,54.0706],[-58.8407,53.9471],[-59.0707,53.7963],[-59.0222,53.7143],[-59.317,53.687],[-59.6072,53.5338],[-59.8795,53.5382],[-59.7838,53.4815],[-59.8731,53.4877],[-60.029,53.3581],[-60.1426,53.3337],[-60.0911,53.3062],[-60.129,53.2755],[-60.4206,53.2686],[-60.1813,53.3364],[-60.4123,53.358],[-60.1327,53.461],[-60.0371,53.4399],[-60.0637,53.5089],[-60.6367,53.7038],[-60.9122,53.7129]]],[[[-59.2134,54.1384],[-59.1865,54.0909],[-58.7274,54.1457],[-58.4848,54.2279],[-58.5106,54.2739],[-58.7705,54.2739],[-58.7323,54.2061],[-59.2134,54.1384]]],[[[-58.3913,54.1308],[-58.3445,54.1121],[-58.3218,54.0928],[-58.2923,54.092],[-58.2629,54.1081],[-58.3913,54.1308]]],[[[-4.7709,54.0968],[-4.3916,54.1972],[-4.3826,54.4095],[-4.531,54.3661],[-4.7103,54.2206],[-4.7709,54.0968]]],[[[-6.7838,57.4564],[-6.696,57.3644],[-6.5806,57.3388],[-6.5306,57.4155],[-6.3239,57.3114],[-6.4822,57.3118],[-6.3456,57.2429],[-6.3456,57.1883],[-6.2767,57.202],[-6.3183,57.161],[-6.1645,57.2014],[-6.0666,57.144],[-6.044,57.2299],[-5.9862,57.1746],[-5.8454,57.1883],[-6.003,57.0996],[-5.9701,57.0349],[-5.7253,57.1754],[-5.7968,57.2665],[-6.1539,57.3056],[-6.0992,57.3323],[-6.1265,57.408],[-6.188,57.3944],[-6.1334,57.4763],[-6.1539,57.5895],[-6.3109,57.7028],[-6.4157,57.6458],[-6.3109,57.4626],[-6.5332,57.5457],[-6.6306,57.5018],[-6.6068,57.4439],[-6.7108,57.5102],[-6.7224,57.4564],[-6.7838,57.4564]]],[[[-6.5039,55.7228],[-6.4927,55.6731],[-6.3287,55.7831],[-6.25,55.7768],[-6.3252,55.7154],[-6.2432,55.6601],[-6.3192,55.6282],[-6.2873,55.5784],[-6.169,55.6295],[-6.1279,55.7715],[-6.0572,55.7715],[-6.1401,55.9414],[-6.3109,55.8184],[-6.3314,55.89],[-6.4452,55.8488],[-6.5039,55.7228]]],[[[-6.3011,56.6111],[-6.1274,56.4744],[-6.0033,56.4894],[-6.2032,56.3803],[-6.0208,56.382],[-6.25,56.3323],[-5.6576,56.4001],[-5.7104,56.4848],[-5.9626,56.5261],[-6.0583,56.6402],[-6.3011,56.6111]]],[[[-6.2925,56.3191],[-6.2612,56.3226],[-6.2859,56.3419],[-6.2925,56.3191]]],[[[-6.2477,56.4751],[-6.2375,56.47],[-6.16,56.4695],[-6.2153,56.5036],[-6.2406,56.4998],[-6.2477,56.4751]]],[[[-6.1904,56.6863],[-5.5437,56.6955],[-6.0082,56.6423],[-5.8544,56.5505],[-5.7491,56.572],[-5.7703,56.5378],[-5.6741,56.4969],[-5.1197,56.8184],[-5.2383,56.7166],[-4.9956,56.716],[-5.3178,56.6613],[-5.4139,56.5447],[-5.2421,56.5651],[-5.4276,56.5378],[-5.4686,56.4757],[-5.2011,56.4621],[-5.0646,56.5651],[-5.2087,56.4468],[-5.457,56.4409],[-5.5375,56.3597],[-5.4481,56.3597],[-5.5726,56.3281],[-5.5922,56.2498],[-5.4928,56.2604],[-5.6058,56.14],[-5.5096,56.1884],[-5.5587,56.1308],[-5.5316,56.0863],[-5.5775,56.097],[-5.7075,55.9426],[-5.571,56.0375],[-5.6964,55.916],[-5.571,55.9345],[-5.6741,55.8458],[-5.6604,55.7973],[-5.5994,55.7642],[-5.455,55.8458],[-5.6809,55.6745],[-5.7156,55.4479],[-5.7914,55.3986],[-5.7545,55.2973],[-5.623,55.3071],[-5.5742,55.5665],[-5.5075,55.5193],[-5.4612,55.6881],[-5.3235,55.7715],[-5.4261,55.7715],[-5.4444,56.0276],[-5.3686,56.0094],[-5.0646,56.2293],[-4.9205,56.2778],[-5.2045,56.1195],[-5.3383,55.9966],[-5.3383,55.9038],[-5.2305,55.8756],[-5.1807,55.9693],[-5.0865,55.9013],[-5.1236,56.0099],[-4.9831,55.871],[-4.9137,55.9619],[-4.9547,55.9966],[-4.8926,55.9897],[-4.9205,56.1679],[-4.8517,56.1126],[-4.7555,56.2065],[-4.8654,56.0667],[-4.8516,55.988],[-4.7789,55.9921],[-4.8243,56.0785],[-4.6735,55.9619],[-4.4817,55.9283],[-4.7994,55.9579],[-4.8865,55.9197],[-4.8611,55.7567],[-4.9205,55.7086],[-4.6927,55.6052],[-4.6178,55.4956],[-5.0078,55.1412],[-5.0503,55.0268],[-4.9956,54.9203],[-5.0609,54.9311],[-5.1151,55.0316],[-5.1708,55.0087],[-5.1571,54.8791],[-4.9581,54.6865],[-4.9537,54.8171],[-4.8591,54.8663],[-4.4233,54.7491],[-4.3484,54.761],[-4.4265,54.8695],[-4.4029,54.9073],[-4.2707,54.8394],[-4.2006,54.8663],[-4.1674,54.7898],[-3.8506,54.8403],[-3.817,54.8862],[-3.5817,54.8836],[-3.5705,54.9954],[-3.0463,54.9821],[-3.0907,54.9544],[-3.0218,54.9544],[-3.2765,54.9434],[-3.3173,54.9203],[-3.2546,54.8998],[-3.3879,54.8834],[-3.6342,54.5129],[-3.3068,54.1919],[-3.2074,54.263],[-3.241,54.1121],[-3.1853,54.0945],[-3.061,54.1619],[-3.0492,54.2221],[-2.9392,54.1551],[-2.796,54.2487],[-2.8542,54.1941],[-2.796,54.1252],[-2.9182,54.0343],[-2.8301,54.016],[-2.858,53.9676],[-3.0566,53.9062],[-3.0492,53.7695],[-2.899,53.7354],[-3.1019,53.5581],[-2.925,53.35],[-2.6998,53.3518],[-2.8815,53.2884],[-3.0583,53.4348],[-3.1864,53.3928],[-3.0878,53.2347],[-3.3303,53.3518],[-3.6022,53.2889],[-3.7987,53.3177],[-4.178,53.2176],[-4.3409,53.1127],[-4.3582,53.0285],[-4.757,52.798],[-4.2953,52.9227],[-4.0776,52.9267],[-4.149,52.8121],[-4.0488,52.7216],[-3.9883,52.7343],[-4.1255,52.6039],[-4.0531,52.5424],[-3.9473,52.5493],[-4.0565,52.5294],[-4.1096,52.3653],[-4.3158,52.2163],[-4.7203,52.1133],[-4.8414,52.0148],[-5.0702,52.0264],[-5.1195,51.9589],[-5.2877,51.913],[-5.2825,51.8684],[-5.1134,51.8288],[-5.1103,51.7785],[-5.2495,51.7337],[-5.1829,51.6893],[-4.9106,51.7182],[-4.9336,51.7753],[-4.8243,51.7957],[-4.879,51.762],[-4.8448,51.7138],[-5.1197,51.6784],[-4.9647,51.6034],[-4.3651,51.789],[-4.3105,51.7337],[-4.3793,51.7269],[-4.3153,51.6775],[-4.0705,51.676],[-4.2899,51.617],[-4.2899,51.5556],[-4.0318,51.5578],[-3.8416,51.6215],[-3.7376,51.4909],[-3.5392,51.3985],[-3.2894,51.3842],[-3.1214,51.5134],[-2.7131,51.5866],[-2.3834,51.7733],[-2.6962,51.5126],[-2.9747,51.3842],[-3.0218,51.1925],[-3.7692,51.2477],[-4.2285,51.1925],[-4.208,51.0764],[-4.3023,51.0075],[-4.5264,51.015],[-4.5773,50.7747],[-4.7925,50.5952],[-4.9209,50.5789],[-4.8448,50.5141],[-5.0156,50.538],[-5.0503,50.4287],[-5.3148,50.2536],[-5.6846,50.1615],[-5.7051,50.0523],[-5.5635,50.0596],[-5.4748,50.1304],[-5.1786,49.9831],[-5.0666,50.081],[-5.126,50.0963],[-5.0434,50.1441],[-5.053,50.1958],[-5.0086,50.1504],[-4.9287,50.246],[-4.6943,50.3435],[-4.1983,50.3791],[-4.2899,50.3974],[-4.2285,50.3974],[-4.2006,50.4594],[-4.0544,50.3004],[-3.6518,50.246],[-3.5516,50.3492],[-3.4644,50.6785],[-2.8648,50.7338],[-2.4897,50.5934],[-2.3983,50.6456],[-1.9496,50.6599],[-2.0827,50.699],[-2.039,50.7399],[-1.94,50.6908],[-1.5612,50.719],[-1.3173,50.8002],[-1.4664,50.9182],[-1.2988,50.843],[0.3204,50.785],[0.8587,50.9274],[1.0669,51.0644],[1.3154,51.1187],[1.3806,51.3797],[0.7644,51.3644],[0.7264,51.419],[0.5545,51.4122],[0.7232,51.4467],[0.6948,51.477],[0.3845,51.4531],[0.4561,51.5056],[0.86,51.5554],[0.8484,51.7183],[0.6986,51.72],[0.847,51.7377],[0.8439,51.7811],[0.9798,51.8436],[1.0373,51.7822],[1.1678,51.7902],[1.1723,51.9458],[1.0691,51.9534],[1.2668,51.9822],[1.1579,52.0285],[1.3953,51.9822],[1.5863,52.1163],[1.6537,52.3847],[1.7319,52.4134],[1.6417,52.777],[1.2747,52.9292],[0.9661,52.9744],[1.0139,52.9601],[0.5203,52.9553],[0.3845,52.7684],[0.0103,52.8865],[0.097,52.952],[0.0698,52.99],[0.3165,53.1248],[0.3032,53.2935],[0.2195,53.4195],[-0.2794,53.7071],[-0.7265,53.7006],[-0.3052,53.7397],[-0.0923,53.631],[0.0172,53.6416],[0.0079,53.7559],[-0.2195,54.0228],[-0.1978,54.152],[-0.3976,54.2692],[-0.563,54.4774],[-1.286,54.6811],[-1.3989,54.9531],[-1.486,54.9531],[-1.5097,55.1964],[-1.6065,55.2936],[-1.7066,55.613],[-1.8165,55.6329],[-2.138,55.9146],[-2.5836,56.0028],[-2.6351,56.0581],[-2.8232,56.0598],[-2.9399,55.9693],[-3.0782,55.9468],[-3.6562,56.0102],[-3.8375,56.1064],[-3.3427,56.0272],[-3.1039,56.1821],[-2.6713,56.2506],[-2.7042,56.3266],[-2.8376,56.3659],[-2.8148,56.4404],[-2.885,56.458],[-3.3235,56.3659],[-2.7685,56.4754],[-2.79,56.525],[-2.5326,56.5937],[-2.4264,56.7513],[-2.1966,56.9064],[-2.0757,57.2819],[-1.8247,57.4298],[-1.8452,57.624],[-1.9965,57.7015],[-3.0349,57.6686],[-3.4092,57.7233],[-3.591,57.6414],[-4.0839,57.5861],[-4.035,57.5569],[-4.1948,57.4916],[-4.2626,57.5521],[-4.105,57.5793],[-4.0093,57.6885],[-4.2019,57.675],[-4.4285,57.5775],[-4.2948,57.6802],[-4.043,57.7373],[-3.994,57.6963],[-3.9509,57.8379],[-4.3077,57.8515],[-4.3924,57.9083],[-4.2989,57.8628],[-4.0093,57.8679],[-3.9883,57.9083],[-4.1184,57.9731],[-3.6151,58.1247],[-3.3077,58.2839],[-3.0768,58.4809],[-3.1293,58.5126],[-3.0523,58.5842],[-3.0862,58.6458],[-3.3749,58.6771],[-3.4129,58.6556],[-3.3641,58.6008],[-4.029,58.5952],[-4.3439,58.5389],[-4.4954,58.4495],[-4.4265,58.5464],[-4.585,58.5742],[-4.761,58.448],[-4.66,58.5559],[-4.7765,58.6072],[-4.8181,58.5246],[-4.8359,58.605],[-5.005,58.6177],[-5.1056,58.5056],[-4.9956,58.4365],[-5.0981,58.4148],[-5.0162,58.3881],[-5.1431,58.4148],[-5.1732,58.3539],[-5.0501,58.2599],[-4.9267,58.2646],[-4.982,58.2509],[-4.9336,58.223],[-5.3921,58.2614],[-5.2421,58.1479],[-5.2974,58.1348],[-5.3008,58.0701],[-5.4468,58.0842],[-5.0708,57.8332],[-5.3662,57.9431],[-5.3929,57.9182],[-5.2216,57.8469],[-5.4149,57.9081],[-5.487,57.8559],[-5.6126,57.9288],[-5.6536,57.8947],[-5.5853,57.8314],[-5.6058,57.7705],[-5.6986,57.8691],[-5.8112,57.8332],[-5.8038,57.7438],[-5.6741,57.7097],[-5.7908,57.696],[-5.8059,57.6426],[-5.6604,57.5446],[-5.5127,57.5415],[-5.64,57.5111],[-5.8392,57.5793],[-5.8727,57.4937],[-5.8205,57.3843],[-5.7072,57.3598],[-5.6196,57.4167],[-5.64,57.3739],[-5.5635,57.3631],[-5.4481,57.4217],[-5.7203,57.2845],[-5.4407,57.3193],[-5.5019,57.2777],[-5.4072,57.2299],[-5.5782,57.2668],[-5.6809,57.1579],[-5.4004,57.1064],[-5.7156,57.1201],[-5.7911,57.0593],[-5.5233,56.9971],[-5.8317,56.9971],[-5.8522,56.9003],[-5.9211,56.8941],[-5.6604,56.873],[-5.8512,56.8289],[-5.7567,56.7849],[-5.8863,56.7849],[-5.8522,56.747],[-6.1904,56.6863]]],[[[-6.0869,55.883],[-6.0624,55.8095],[-5.9621,55.8048],[-5.8939,55.9725],[-6.0869,55.883]]],[[[-6.0719,57.3323],[-6.0548,57.3264],[-6.0252,57.3359],[-6.0648,57.3458],[-6.0719,57.3323]]],[[[-6.0139,57.3175],[-6.0078,57.3036],[-5.9586,57.2845],[-5.9254,57.2917],[-5.9294,57.3072],[-5.9455,57.316],[-5.9781,57.3241],[-5.99,57.3255],[-6.0139,57.3175]]],[[[-5.9956,55.986],[-5.8231,55.9766],[-5.6945,56.1474],[-5.9956,55.986]]],[[[-5.7491,56.1611],[-5.6737,56.1789],[-5.6757,56.1821],[-5.729,56.1821],[-5.7384,56.1775],[-5.7491,56.1611]]],[[[-5.7175,57.2646],[-5.7062,57.1832],[-5.6474,57.2646],[-5.7175,57.2646]]],[[[-5.663,56.227],[-5.6374,56.1893],[-5.6126,56.2635],[-5.663,56.227]]],[[[-5.6467,56.2988],[-5.6403,56.2828],[-5.6217,56.2761],[-5.599,56.2839],[-5.6053,56.2969],[-5.5846,56.3256],[-5.6331,56.3188],[-5.6467,56.2988]]],[[[-5.5846,56.387],[-5.5362,56.3922],[-5.5028,56.4211],[-5.558,56.4143],[-5.5846,56.387]]],[[[-5.3979,55.6142],[-5.3457,55.4827],[-5.1201,55.4398],[-5.1983,55.7043],[-5.2974,55.7228],[-5.3979,55.6142]]],[[[-5.2008,55.8955],[-5.1842,55.8685],[-5.058,55.8492],[-5.0752,55.8569],[-5.0809,55.8796],[-5.1669,55.9208],[-5.1995,55.9111],[-5.2008,55.8955]]],[[[-4.6842,53.3148],[-4.5636,53.2419],[-4.6263,53.3209],[-4.6842,53.3148]]],[[[-4.571,53.2755],[-4.4954,53.1799],[-4.3851,53.1824],[-4.4066,53.1306],[-4.0733,53.2738],[-4.1621,53.2596],[-4.2767,53.401],[-4.4254,53.4267],[-4.571,53.3928],[-4.571,53.2755]]],[[[-3.9922,57.6962],[-3.9883,57.696],[-3.988,57.6962],[-3.9922,57.6962]]],[[[-1.5238,50.6979],[-1.2792,50.5825],[-1.1684,50.6035],[-1.1237,50.7356],[-1.3185,50.7722],[-1.5238,50.6979]]],[[[-1.1872,50.7989],[-1.1511,50.7814],[-1.1358,50.7857],[-1.1872,50.7989]]],[[[0.7339,51.4122],[0.9421,51.383],[0.7669,51.4479],[0.7339,51.4122]]],[[[-62.8279,56.9374],[-62.1312,56.1136],[-61.5688,55.7715],[-60.9185,55.5665],[-60.6268,55.2255],[-60.404,55.2922],[-60.3747,55.3807],[-60.2926,55.4135],[-60.3654,55.4349],[-60.3277,55.4948],[-60.4821,55.3523],[-60.4547,55.4479],[-60.3344,55.5142],[-60.3573,55.5693],[-60.4547,55.5031],[-60.3944,55.5851],[-60.4343,55.6345],[-60.5305,55.5919],[-60.4935,55.6601],[-60.403,55.6795],[-60.4488,55.7896],[-60.5079,55.804],[-60.6813,55.5646],[-60.6562,55.6764],[-60.5914,55.7086],[-60.602,55.8196],[-60.749,55.7365],[-60.9439,55.7298],[-60.7285,55.8253],[-61.1933,55.8796],[-61.0785,55.8929],[-61.139,55.9722],[-61.4471,55.9806],[-61.3799,55.9792],[-61.5031,56.0102],[-61.235,56.0438],[-61.4553,56.0581],[-61.411,56.087],[-61.487,56.2102],[-62.0089,56.2405],[-62.0785,56.2982],[-61.6983,56.267],[-61.8179,56.3044],[-61.7197,56.3014],[-61.8458,56.387],[-61.7905,56.3938],[-62.1474,56.4553],[-61.9481,56.4656],[-62.0859,56.4832],[-62.0368,56.508],[-61.8234,56.4933],[-61.8415,56.585],[-62.243,56.6203],[-61.9141,56.6265],[-62.5856,56.7978],[-62.4938,56.8546],[-62.0887,56.8413],[-62.0444,56.8258],[-62.5031,56.7849],[-61.8525,56.6403],[-61.7684,56.6623],[-61.8262,56.7543],[-61.8867,56.7023],[-61.8942,56.8054],[-61.6642,56.8089],[-61.6434,56.8835],[-61.5018,56.9789],[-61.3387,56.963],[-61.4515,57.144],[-61.6964,57.1579],[-61.6617,57.2259],[-61.7843,57.1548],[-61.7853,57.1963],[-61.8651,57.1706],[-62.0116,57.243],[-61.8805,57.2777],[-61.8715,57.3428],[-61.9276,57.3671],[-61.8562,57.3611],[-61.9004,57.4155],[-62.1594,57.4691],[-62.3771,57.4285],[-62.5447,57.5111],[-62.3489,57.4577],[-62.2703,57.5384],[-62.0782,57.5482],[-62.4282,57.6962],[-62.6959,57.6962],[-62.561,57.3509],[-62.2499,57.2819],[-62.1178,57.0751],[-62.8279,56.9374]]],[[[-62.0173,57.5225],[-62.0171,57.5179],[-61.9291,57.4561],[-61.9193,57.4598],[-61.9379,57.4889],[-62.0173,57.5225]]],[[[-61.7983,56.7553],[-61.7328,56.7039],[-61.7319,56.7038],[-61.6949,56.7296],[-61.7508,56.7517],[-61.7983,56.7553]]],[[[-61.7974,56.4211],[-61.792,56.4176],[-61.7939,56.4207],[-61.7974,56.4211]]],[[[-61.6471,56.7365],[-61.4013,56.6623],[-61.3965,56.7745],[-61.5847,56.7717],[-61.4823,56.8435],[-61.4277,56.8243],[-61.4554,56.8686],[-61.3387,56.935],[-61.5199,56.9487],[-61.6344,56.8525],[-61.6471,56.7365]]],[[[-61.2323,56.0998],[-61.1221,56.0256],[-60.9642,56.0754],[-61.0985,56.1747],[-61.1884,56.1079],[-61.1468,56.0922],[-61.2323,56.0998]]],[[[-60.8998,55.8768],[-60.8893,55.8658],[-60.8651,55.8659],[-60.8109,55.8754],[-60.8914,55.8838],[-60.8998,55.8768]]],[[[-60.4935,55.2255],[-60.441,55.2255],[-60.4582,55.2356],[-60.4921,55.2263],[-60.4935,55.2255]]],[[[-60.4285,55.2255],[-60.398,55.2255],[-60.3636,55.2525],[-60.3633,55.259],[-60.3966,55.2587],[-60.4285,55.2255]]],[[[-7.4554,57.2367],[-7.3907,57.1291],[-7.2929,57.1066],[-7.353,57.2429],[-7.231,57.2819],[-7.237,57.3211],[-7.394,57.3808],[-7.2417,57.3518],[-7.4268,57.385],[-7.3897,57.312],[-7.4554,57.2367]]],[[[-7.3059,57.4092],[-7.2513,57.4143],[-7.2522,57.4199],[-7.3059,57.4092]]],[[[-7.5179,57.6202],[-7.3327,57.5335],[-7.1618,57.604],[-7.2159,57.6414],[-7.1058,57.6271],[-7.1817,57.6885],[-7.2567,57.6483],[-7.3121,57.6885],[-7.5179,57.6202]]],[[[-7.1265,58.124],[-7.0756,58.0622],[-7.024,58.0796],[-7.0582,58.0386],[-6.9346,58.0523],[-7.0582,58.025],[-7.0699,57.9727],[-6.8391,57.9356],[-6.9626,57.8947],[-6.9142,57.8679],[-7.1072,57.8376],[-7.0567,57.7815],[-6.7488,57.852],[-6.787,57.8988],[-6.661,57.8803],[-6.764,58.0039],[-6.6883,58.0585],[-6.592,58.0585],[-6.7094,58.0039],[-6.661,57.9288],[-6.5375,57.9213],[-6.4822,57.9855],[-6.5507,58.0101],[-6.4705,58.0091],[-6.4232,58.1043],[-6.6194,58.0864],[-6.4085,58.134],[-6.4003,58.2099],[-6.2081,58.1956],[-6.2149,58.2418],[-6.3661,58.2373],[-6.2272,58.3251],[-6.2543,58.5082],[-6.8186,58.2851],[-6.7094,58.1894],[-6.8695,58.1894],[-6.8596,58.1069],[-6.9073,58.2168],[-7.0309,58.2447],[-7.0172,58.1894],[-7.1128,58.182],[-7.1265,58.124]]],[[[-7.0793,57.8803],[-7.0552,57.8842],[-7.0446,57.9021],[-7.0092,57.8896],[-6.9971,57.8935],[-6.9974,57.9151],[-7.0155,57.9219],[-7.0377,57.9163],[-7.0793,57.8947],[-7.0793,57.8803]]],[[[-6.8823,58.2363],[-6.8596,58.223],[-6.8733,58.2168],[-6.8733,58.2099],[-6.7912,58.2099],[-6.8186,58.2373],[-6.8289,58.2338],[-6.88,58.2578],[-6.8823,58.2363]]],[[[-3.4333,58.885],[-3.3264,58.8164],[-3.1836,58.8324],[-3.3494,58.9285],[-3.4333,58.885]]],[[[-3.3667,59.0161],[-3.2894,58.9504],[-3.2279,59.0386],[-3.2028,58.9159],[-2.9812,58.9601],[-2.9268,58.9049],[-2.7957,58.9026],[-2.8376,58.9504],[-2.8057,58.9871],[-3.1317,59.0051],[-2.9945,59.0597],[-3.1827,59.1472],[-3.3238,59.1274],[-3.3667,59.0161]]],[[[-2.8387,59.2647],[-2.8372,59.2521],[-2.8301,59.2521],[-2.8387,59.2647]]],[[[-2.8301,59.1921],[-2.7448,59.1551],[-2.7277,59.2242],[-2.7879,59.2472],[-2.8301,59.1921]]],[[[-2.6926,59.1923],[-2.5635,59.2324],[-2.5713,59.2992],[-2.6926,59.1923]]],[[[-2.6655,59.1552],[-2.6653,59.1551],[-2.6449,59.1551],[-2.6452,59.1575],[-2.6655,59.1552]]],[[[-1.6708,60.242],[-1.5037,60.2434],[-1.4664,60.2172],[-1.5273,60.1929],[-1.4554,60.1562],[-1.3497,60.2111],[-1.4111,60.2589],[-1.3293,60.2043],[-1.2677,60.2452],[-1.3124,60.1806],[-1.2694,60.1855],[-1.2797,60.0881],[-1.2032,60.0653],[-1.1722,60.3476],[-1.0656,60.3749],[-1.1251,60.3837],[-1.1034,60.4308],[-1.2208,60.4091],[-1.1517,60.4308],[-1.2175,60.498],[-1.295,60.4711],[-1.2336,60.4438],[-1.3702,60.4022],[-1.295,60.4923],[-1.3361,60.4854],[-1.3092,60.5577],[-1.4187,60.6083],[-1.4801,60.5394],[-1.3844,60.5121],[-1.527,60.5568],[-1.6094,60.4833],[-1.446,60.4923],[-1.395,60.39],[-1.2604,60.355],[-1.3435,60.3476],[-1.364,60.2862],[-1.6387,60.3115],[-1.6708,60.242]]],[[[-1.3457,60.109],[-1.345,60.1076],[-1.3201,60.1001],[-1.3158,60.1155],[-1.3457,60.109]]],[[[-1.18,60.6247],[-1.1347,60.503],[-1.1642,60.5577],[-1.0239,60.5852],[-1.0623,60.6629],[-0.9935,60.6356],[-0.9935,60.7311],[-1.0921,60.7353],[-1.1034,60.6151],[-1.18,60.6247]]],[[[-0.9662,60.6902],[-0.8219,60.685],[-0.8271,60.8399],[-0.9388,60.8001],[-0.9662,60.6902]]],[[[-0.9388,60.6287],[-0.9174,60.6062],[-0.8138,60.6265],[-0.8221,60.6287],[-0.9388,60.6287]]],[[[165.9093,-50.7707],[165.9787,-50.8435],[166.0402,-50.752],[166.0612,-50.8307],[166.1089,-50.8028],[166.2244,-50.8601],[166.2326,-50.7551],[166.1227,-50.7004],[166.2263,-50.6935],[166.1643,-50.6868],[166.2121,-50.6526],[166.1847,-50.611],[166.2921,-50.5774],[166.099,-50.5356],[166.1568,-50.5864],[165.9093,-50.7707]]],[[[165.9945,-50.8734],[166.0219,-50.9064],[166.1227,-50.912],[166.1296,-50.9026],[166.2263,-50.8854],[166.137,-50.8644],[166.0959,-50.8513],[166.0768,-50.8624],[165.9945,-50.8734]]],[[[146.9409,-42.9588],[147.1981,-43.2828],[147.2501,-43.2668],[147.2477,-43.1292],[147.3013,-43.0831],[147.2544,-43.0273],[147.3332,-43.0427],[147.342,-42.9582],[147.1882,-42.7636],[146.9477,-42.7636],[147.0212,-42.9588],[146.9409,-42.9588]]],[[[147.2918,-43.153],[147.2957,-43.1656],[147.3181,-43.1772],[147.3587,-43.1818],[147.3293,-43.1448],[147.2918,-43.153]]],[[[147.344,-43.089],[147.3706,-43.089],[147.36,-43.0749],[147.344,-43.089]]],[[[147.3473,-43.228],[147.3494,-43.2327],[147.3885,-43.2192],[147.377,-43.2047],[147.3473,-43.228]]],[[[146.8603,-41.3996],[147.0064,-41.5942],[147.2943,-41.6591],[147.276,-41.5293],[146.8603,-41.3996]]],[[[173.5182,-35.0082],[173.8989,-35.4587],[174.3737,-35.5874],[174.2484,-35.3264],[174.1511,-35.3697],[174.0935,-35.2198],[174.015,-35.217],[174.0926,-35.1591],[173.8049,-35.0325],[173.7603,-35.0969],[173.7498,-35.0082],[173.5182,-35.0082]]],[[[174.0937,-35.1596],[174.1021,-35.1894],[174.1135,-35.193],[174.1488,-35.1839],[174.0937,-35.1596]]],[[[174.155,-35.2745],[174.1646,-35.2901],[174.2399,-35.3087],[174.2226,-35.2727],[174.1758,-35.2698],[174.1619,-35.2813],[174.155,-35.2745]]],[[[150.4884,-34.5579],[150.557,-34.8152],[150.7077,-34.9439],[150.7854,-34.8041],[150.7196,-34.5579],[150.4884,-34.5579]]],[[[150.5989,-33.7861],[150.7345,-34.172],[150.6576,-34.172],[150.8783,-34.4292],[150.9242,-34.2363],[151.0684,-34.1748],[151.0478,-34.0433],[151.2016,-34.0433],[151.0952,-34.0144],[151.2019,-33.9592],[151.2354,-33.9907],[151.2775,-33.9252],[151.185,-33.5932],[151.2451,-33.5901],[150.9199,-33.5289],[150.9547,-33.5932],[150.7244,-33.5932],[150.5989,-33.7861]]],[[[151.983,-32.5003],[152.0829,-32.6917],[152.2147,-32.6932],[152.203,-32.6289],[152.4958,-32.4573],[152.4514,-32.3718],[152.0361,-32.3075],[152.0594,-32.5003],[151.983,-32.5003]]],[[[17.1903,-30.1028],[17.6172,-30.934],[18.1968,-31.6974],[18.2769,-31.8927],[18.3494,-32.2603],[18.2964,-32.6086],[18.1188,-32.773],[17.9055,-32.7292],[17.843,-32.8233],[17.9019,-33.0369],[18.0374,-33.0338],[18.1275,-33.1974],[17.9549,-33.102],[18.3074,-33.4793],[18.4844,-33.8439],[18.3148,-34.0291],[18.3584,-34.0548],[18.3163,-34.1575],[18.3998,-34.2897],[18.3956,-34.172],[18.4784,-34.1069],[18.8001,-34.0895],[18.8582,-34.1503],[18.8176,-34.3769],[19.1399,-34.2944],[19.0852,-34.3565],[19.1193,-34.4006],[19.2904,-34.4091],[19.3602,-34.5004],[19.2969,-34.6178],[19.3987,-34.6018],[19.6532,-34.7741],[19.8584,-34.7497],[19.9642,-34.813],[20.2589,-34.5579],[20.5244,-34.4543],[20.8664,-34.4348],[20.8052,-34.398],[20.9134,-34.3604],[21.3059,-34.4246],[21.5376,-34.3489],[21.7887,-34.3813],[21.8611,-34.2363],[22.1692,-34.0832],[22.5837,-33.9941],[22.7668,-34.0329],[22.7305,-33.9797],[22.7746,-33.9836],[22.936,-34.0827],[23.0322,-34.0861],[22.9981,-34.0275],[23.0628,-34.0827],[23.282,-34.1],[23.3128,-34.0433],[23.6355,-33.9797],[24.1631,-34.0548],[24.565,-34.1769],[24.9239,-33.979],[25.1926,-33.9622],[25.5965,-34.0482],[25.5349,-33.9147],[25.7854,-33.7436],[25.9553,-33.7109],[26.4761,-33.7643],[27.2406,-33.4352],[26.8627,-33.0789],[26.8544,-32.9503],[26.3223,-33.0146],[26.008,-32.886],[25.9884,-32.5646],[25.912,-32.5646],[25.9617,-32.1147],[25.7034,-31.6005],[25.6716,-31.0221],[25.364,-30.9578],[25.3573,-30.8293],[25.1326,-30.8936],[24.8188,-30.7008],[24.5908,-30.7008],[24.2234,-30.9578],[24.1599,-31.2149],[23.8617,-31.3434],[23.2496,-31.2792],[23.1617,-31.0221],[22.9306,-30.9578],[22.4883,-31.2792],[22.3473,-31.5362],[22.4379,-31.8576],[22.2119,-31.9219],[22.0537,-31.7933],[21.207,-31.6005],[21.2018,-31.472],[20.8921,-31.3434],[20.0546,-31.3434],[19.9694,-31.0864],[19.2744,-30.765],[19.1165,-30.5722],[18.5775,-30.3152],[17.7478,-30.508],[17.5879,-30.1866],[17.1903,-30.1028]]],[[[55.2254,-21.0297],[55.3496,-21.2714],[55.575,-21.3679],[55.7695,-21.3149],[55.5928,-20.8794],[55.2874,-20.9117],[55.2254,-21.0297]]],[[[57.3035,-20.4309],[57.3781,-20.507],[57.5764,-20.5066],[57.6241,-20.3506],[57.6982,-20.3506],[57.673,-20.0292],[57.5281,-20.0309],[57.3706,-20.2605],[57.3578,-20.4274],[57.3035,-20.4309]]],[[[55.3605,-4.6613],[55.362,-4.6637],[55.3649,-4.6659],[55.3698,-4.6666],[55.3729,-4.6679],[55.3738,-4.6664],[55.3705,-4.6639],[55.3662,-4.6606],[55.3627,-4.6593],[55.3605,-4.6613]]],[[[55.3673,-4.6393],[55.4278,-4.6701],[55.4263,-4.6002],[55.3673,-4.6393]]],[[[55.3964,-4.6697],[55.3977,-4.6714],[55.3975,-4.6734],[55.4001,-4.6757],[55.4041,-4.6803],[55.4054,-4.6799],[55.4059,-4.6781],[55.4068,-4.675],[55.4048,-4.6717],[55.4012,-4.6695],[55.399,-4.6686],[55.3972,-4.6684],[55.3964,-4.6697]]],[[[101.4898,-3.0367],[101.6713,-3.2689],[101.7157,-3.1859],[101.6368,-2.993],[101.4898,-3.0367]]],[[[107.4573,-2.8273],[107.4601,-2.9167],[107.5047,-2.8547],[107.4573,-2.8273]]],[[[107.5471,-2.9167],[107.611,-2.9179],[107.5811,-3.0107],[107.6426,-3.1284],[107.6019,-3.1859],[107.7782,-3.1859],[107.8705,-3.0517],[107.9687,-3.1859],[108.0766,-3.1859],[108.1277,-3.1535],[108.18,-2.6749],[107.8443,-2.543],[107.6703,-2.5615],[107.6034,-2.871],[107.5471,-2.9167]]],[[[100.2679,5.4679],[100.2887,5.2627],[100.3434,5.4176],[100.2679,5.4679]]],[[[100.3645,5.0843],[100.3958,5.0188],[100.4551,5.1072],[100.528,5.1072],[100.5495,5.493],[100.3715,5.5327],[100.4333,5.2112],[100.3645,5.0843]]],[[[79.7061,8.0645],[79.802,7.6593],[79.863,6.8072],[80.032,6.2663],[80.2039,6.0262],[80.5908,5.9237],[80.7144,5.9579],[80.8091,6.0351],[81.3621,6.2254],[81.7647,6.5931],[81.8846,6.9802],[81.8807,7.3271],[81.8331,7.4594],[81.8078,7.4103],[81.771,7.457],[81.7358,7.6305],[81.5955,7.7263],[81.6266,7.7602],[81.7131,7.7118],[81.5876,7.8553],[81.5607,7.9993],[81.3963,8.1365],[81.4036,8.1918],[81.4482,8.1275],[81.3566,8.3625],[81.3657,8.4822],[81.134,8.5013],[81.2106,8.5071],[81.2122,8.5727],[81.2498,8.5458],[81.2317,8.6511],[80.9785,8.98],[80.9149,8.9439],[80.8753,9.0415],[80.9583,9.0179],[80.8345,9.1418],[80.8775,9.1464],[80.8239,9.2705],[80.7936,9.2506],[80.7365,9.309],[80.7988,9.2949],[80.7725,9.3262],[80.5453,9.5195],[80.4398,9.5431],[80.4653,9.5833],[80.2769,9.7751],[80.1377,9.8062],[80.444,9.5759],[80.1241,9.8092],[79.9885,9.8229],[79.9097,9.7683],[80.0874,9.6184],[80.186,9.5841],[80.186,9.6485],[80.6148,9.4462],[80.4266,9.5002],[80.2869,9.4527],[80.2334,9.5342],[80.0734,9.5958],[80.197,9.4735],[80.053,9.3915],[80.1182,9.3004],[80.1056,9.1929],[80.048,9.0263],[79.9155,8.9385],[79.9505,8.7398],[79.8067,8.2402],[79.8338,8.0031],[79.7638,7.9901],[79.7061,8.0645]]],[[[79.7752,8.2519],[79.7786,8.26],[79.7757,8.2605],[79.7752,8.2519]]],[[[79.8636,9.6717],[79.9438,9.6477],[79.8823,9.7609],[79.8636,9.6717]]],[[[73.5265,29.9223],[73.5769,29.7937],[73.7916,29.7294],[73.6907,29.6009],[73.7291,29.4081],[74.4486,29.2152],[75.0535,29.2152],[75.1799,29.0867],[75.4947,29.1509],[75.7108,28.701],[75.6866,28.5724],[75.7621,28.5724],[75.8016,28.3795],[75.9525,28.3795],[76.2068,28.1224],[76.1372,27.7367],[75.9753,27.6724],[75.9415,27.4795],[76.0697,27.3509],[76.0793,26.9652],[77.0344,26.8366],[77.2168,26.5794],[77.442,26.5794],[77.4527,26.6437],[77.5278,26.6437],[77.7857,26.8366],[78.3005,26.7723],[78.7933,26.5794],[79.0295,26.6437],[79.3612,26.3865],[79.5113,26.3865],[79.5647,26.258],[79.9933,26.1294],[80.0576,26.0651],[79.9615,25.9365],[80.1114,25.9365],[80.1009,25.8722],[80.4756,25.8722],[80.8188,25.6793],[80.7472,25.2293],[80.5876,25.165],[80.6231,24.9078],[80.211,24.6506],[80.3884,24.3292],[80.3701,24.2006],[80.137,24.1363],[80.1101,23.9435],[80.6981,23.8792],[81.2385,24.0077],[81.9849,24.0077],[82.0412,23.8792],[82.6381,23.8792],[82.8246,24.1363],[83.1138,24.072],[83.282,24.2006],[83.6734,23.8149],[83.655,23.6863],[83.9912,23.4291],[84.0031,22.9791],[84.2177,22.9148],[83.9994,22.4005],[84.2055,22.272],[84.5116,22.3363],[85.1948,22.9791],[85.4183,22.9791],[85.7435,23.172],[86.294,22.8506],[86.5918,22.8506],[86.5469,22.5291],[86.6779,22.4005],[85.9387,21.8863],[85.5099,22.0148],[85.4099,21.822],[85.1784,21.7577],[85.1688,21.1148],[84.6327,20.9862],[84.6162,20.8577],[84.303,20.7291],[84.3609,20.6005],[84.2044,20.5362],[84.1881,20.4077],[84.7484,20.1505],[84.3534,19.9577],[84.1637,20.2148],[83.727,20.2791],[83.1197,19.5719],[82.6675,19.5077],[82.4693,19.7005],[82.4853,19.8291],[82.3371,19.8291],[82.2128,20.022],[81.9164,20.022],[81.9006,19.8934],[82.0408,19.8291],[82.0859,18.9934],[81.9065,18.7362],[81.7586,18.7362],[81.4745,18.2219],[81.3113,18.0933],[81.0897,18.0933],[81.0389,18.2862],[80.7588,18.4148],[80.4355,18.8005],[80.1397,18.8005],[79.9332,18.9291],[79.9053,19.3148],[80.0024,19.5077],[79.8034,19.7005],[79.4408,19.7648],[79.1901,20.1505],[78.8861,20.0862],[78.7681,20.3434],[78.1974,20.5362],[78.2124,20.6648],[77.849,20.7291],[77.2706,21.5005],[76.7432,21.4363],[76.1865,21.1148],[75.8081,21.0505],[75.6235,20.7291],[75.0899,20.6005],[74.846,20.4077],[74.7435,20.1505],[75.2336,19.8934],[75.1021,19.3791],[75.1762,19.3791],[75.2,18.9291],[74.971,18.8648],[75.0761,18.4791],[75.5052,18.3505],[75.5648,18.2219],[75.7865,18.2219],[75.7484,18.5434],[75.999,18.8005],[76.1469,18.8005],[76.3469,18.6076],[76.3919,18.3505],[76.9466,18.0291],[76.9321,17.9005],[76.7773,17.8362],[76.8224,17.579],[76.4393,17.4505],[76.5656,17.2576],[76.5376,17.0005],[76.3284,16.4219],[76.0873,16.229],[76.1344,15.9718],[75.6732,15.779],[75.6539,15.5861],[75.7275,15.5861],[75.61,15.1361],[75.7447,15.0075],[76.1919,15.0718],[76.0265,14.8789],[75.9965,14.5575],[76.0699,14.5575],[76.0523,14.3646],[76.1934,14.3004],[75.792,13.9146],[75.1773,13.5932],[74.8377,13.9146],[75.0298,14.4289],[75.1825,14.4932],[75.1446,14.8789],[74.8809,15.2004],[74.599,15.329],[74.5194,15.2647],[74.5506,14.8147],[74.3126,14.6218],[74.3068,14.5575],[74.3249,14.5172],[74.3587,14.5712],[74.4277,14.4763],[74.3519,14.5302],[74.4154,14.3011],[74.509,14.2503],[74.429,14.2404],[74.6605,13.6601],[74.6878,13.7118],[74.7356,13.6538],[74.6667,13.6328],[74.6895,13.3816],[74.8176,12.8618],[74.9409,12.8786],[74.825,12.8382],[74.8557,12.7594],[75.1055,12.2213],[75.1397,12.2486],[75.1761,12.0742],[75.2635,11.9921],[75.3042,12.0432],[75.3023,11.9661],[75.3934,11.9748],[75.4002,11.9202],[75.3239,11.9354],[75.3623,11.8597],[75.7355,11.3715],[76.1532,10.2202],[76.2017,10.1997],[76.1948,10.2686],[76.2402,10.239],[76.1797,10.1413],[76.3941,9.8428],[76.407,9.5691],[76.5033,9.535],[76.3574,9.5207],[76.3623,9.781],[76.3553,9.6717],[76.2924,9.6717],[76.363,9.3252],[76.4426,9.1452],[76.4146,9.247],[76.4828,9.1718],[76.5281,8.947],[76.6685,9.0074],[76.574,8.9426],[76.6206,8.9254],[76.544,8.9125],[76.9959,8.3681],[77.3086,8.1309],[77.5653,8.0825],[78.0592,8.3732],[78.2398,8.9656],[78.4121,9.0998],[78.9611,9.2753],[78.9383,9.5837],[79.2791,10.0358],[79.2363,10.1666],[79.2861,10.2528],[79.3981,10.3247],[79.5869,10.3437],[79.5567,10.2987],[79.7598,10.2582],[79.6141,10.3096],[79.8567,10.2933],[79.8525,11.0217],[79.6648,11.0217],[79.679,11.2146],[79.8446,11.2146],[79.833,11.342],[79.7593,11.3583],[79.6763,11.2965],[79.8193,11.3815],[79.752,11.577],[79.7859,11.7692],[79.8618,12.022],[80.0051,12.2418],[79.9439,12.2178],[80.1338,12.4391],[79.9992,12.5003],[80.0152,12.6932],[80.2466,12.743],[80.3087,13.099],[80.1325,13.2075],[80.1495,13.4003],[80.2659,13.4682],[80.1194,13.5007],[80.053,13.6191],[80.094,13.6948],[80.1356,13.6191],[80.1419,13.7289],[80.2204,13.6187],[80.2405,13.6491],[80.2486,13.8018],[80.1497,14.0277],[80.1356,14.2292],[80.0466,14.2066],[80.175,14.3445],[80.197,14.565],[80.1419,14.5712],[80.1785,14.6058],[80.1082,14.7143],[80.053,15.0926],[80.0906,15.3049],[80.2796,15.7007],[80.6702,15.9077],[80.8565,15.8122],[80.8965,16.0311],[80.91,15.8527],[81.0189,15.7916],[80.9989,15.8467],[81.1497,15.9696],[81.2596,16.3327],[81.4114,16.3825],[81.4167,16.3402],[81.5402,16.3737],[81.7825,16.3331],[82.3074,16.5798],[82.3662,16.8719],[82.2679,16.8675],[82.2527,16.9292],[82.3877,17.1269],[82.7185,17.3486],[83.2389,17.593],[83.2129,17.6349],[83.2991,17.6643],[83.2469,17.7163],[83.3413,17.7174],[83.4519,17.9229],[84.1131,18.2983],[84.3499,18.5529],[84.2469,18.5256],[84.4237,18.6365],[84.7411,19.0281],[84.78,19.0971],[84.7405,19.0737],[84.7388,19.1476],[84.791,19.1206],[85.1804,19.475],[85.4089,19.6099],[85.2884,19.6013],[85.3779,19.6149],[85.3914,19.6906],[85.2476,19.6565],[85.193,19.5808],[85.2332,19.5541],[85.124,19.4783],[85.1029,19.5296],[85.2681,19.78],[85.4401,19.8962],[85.5703,19.8756],[85.5765,19.7458],[85.5099,19.7346],[85.5021,19.6739],[86.3724,19.965],[86.1677,20.0729],[86.1525,20.1431],[86.2092,20.0666],[86.4263,19.9992],[86.3914,20.0202],[86.4951,20.1841],[86.7546,20.3144],[86.6937,20.2939],[86.8071,20.4104],[86.7205,20.3685],[86.7515,20.4892],[87.0215,20.6756],[86.9402,20.698],[86.9987,20.7111],[86.9866,20.7519],[86.8788,20.7806],[86.9657,20.806],[86.844,21.0822],[86.9177,21.3274],[87.2009,21.552],[87.7038,21.6555],[87.834,21.7293],[87.9837,21.8542],[88.0431,22.0173],[88.1643,22.0898],[88.1326,22.1791],[87.9653,22.2448],[87.9066,22.4247],[88.009,22.2404],[88.198,22.1678],[88.2224,22.0779],[88.1467,21.9592],[88.2097,21.7886],[88.1819,21.6652],[88.3017,21.5786],[88.2616,21.7987],[88.3218,21.6057],[88.3312,21.7191],[88.4598,21.6934],[88.4956,21.9518],[88.5166,21.7017],[88.6602,22.205],[88.6442,22.0791],[88.763,22.1306],[88.7149,22.0791],[88.763,22.0173],[88.7196,21.9428],[88.728,21.6291],[88.8109,21.6917],[88.803,21.6291],[88.8587,21.6365],[88.8587,21.7668],[88.8916,21.6535],[89.0832,21.6291],[89.0159,21.8533],[88.905,21.9694],[89.0095,21.9046],[89.0609,21.9385],[89.0437,22.1374],[89.1047,21.8159],[89.2947,21.7577],[89.3596,21.9723],[89.369,21.7577],[89.4501,21.7577],[89.5218,21.9623],[89.4758,22.2951],[89.5329,21.9847],[89.5794,22.1132],[89.5492,22.2053],[89.6265,22.336],[89.5274,21.8128],[89.5365,21.7577],[89.6747,21.7577],[89.7007,21.7849],[89.619,21.8699],[89.647,21.9251],[89.7092,21.8301],[89.8782,21.8837],[89.7972,22.076],[89.8713,22.0919],[89.8387,22.2678],[89.8729,22.4186],[89.9204,22.3918],[90.0101,22.4902],[89.8768,22.2747],[89.9146,22.0617],[89.9678,21.9746],[90.0784,22.164],[89.9963,22.0002],[90.058,21.9937],[90.2361,22.1989],[90.0302,21.9124],[90.0866,21.8691],[90.1262,21.932],[90.1005,21.8585],[90.2176,21.8135],[90.4129,22.178],[90.3943,22.2882],[90.3875,22.1026],[90.446,22.0791],[90.6184,22.3767],[90.5597,22.5623],[90.4725,22.5756],[90.4421,22.4936],[90.5127,22.6115],[90.4929,22.7099],[90.3726,22.7614],[90.54,22.8966],[90.4489,23.0557],[90.572,23.0817],[90.6108,23.2308],[90.2503,23.4669],[90.5519,23.385],[90.5768,23.5395],[90.4763,23.583],[90.612,23.6061],[90.6078,23.4911],[90.7158,23.5351],[90.6003,23.4499],[90.6673,23.2676],[90.6294,23.0644],[90.8359,22.6849],[90.9851,22.5744],[91.0379,22.5886],[91.0183,22.6831],[91.0667,22.5884],[91.2352,22.6659],[91.169,22.6849],[91.1819,22.7265],[91.3038,22.6974],[91.3464,22.7748],[91.4147,22.7537],[91.4905,22.9045],[91.4615,22.77],[91.497,22.7863],[91.676,22.5346],[91.7871,22.2379],[91.9081,22.4247],[91.8088,22.3063],[91.813,22.1803],[91.8672,22.1374],[91.9157,21.8625],[91.9497,21.8842],[91.8993,21.7895],[91.99,21.7948],[91.9497,21.716],[91.9839,21.6501],[92.0293,21.7049],[92.0179,21.4931],[91.9754,21.4748],[92.1925,21.4363],[92.378,21.6934],[92.4719,22.3363],[92.3614,22.5934],[92.41,22.9148],[92.3355,22.9148],[92.4396,23.1077],[92.3006,23.172],[92.3851,23.2363],[92.3611,23.5577],[92.1579,23.6863],[92.2951,24.072],[92.2205,24.072],[92.2525,24.2649],[92.1139,24.3292],[92.4493,24.9721],[92.1846,25.165],[90.3142,25.165],[89.9628,25.2936],[90.1192,25.7436],[90.9433,25.7436],[91.1801,25.8079],[91.2917,26.0008],[90.767,26.0008],[90.6293,26.0651],[90.7666,26.3865],[89.8162,26.5151],[89.1033,26.708],[89.1161,26.7723],[88.603,26.8366],[88.9459,27.4152],[88.7954,27.4152],[88.9519,27.8009],[88.7813,28.0581],[88.4798,28.0581],[88.1371,27.8652],[88.0403,27.0302],[88.2148,26.7723],[88.1649,26.5151],[87.9903,26.3865],[87.2399,26.3865],[87.1141,26.5151],[86.6516,26.4508],[86.3126,26.6437],[85.787,26.6437],[85.7362,26.7723],[85.2735,26.708],[84.9972,26.8366],[84.8836,27.0295],[84.7333,27.0295],[84.7579,27.158],[84.4318,27.4152],[83.291,27.3509],[82.9395,27.4795],[82.5377,27.7367],[81.885,27.8652],[81.1945,28.1867],[80.957,28.5081],[80.6811,28.6367],[80.3036,28.6367],[80.1031,28.7652],[80.4707,29.7937],[81.011,30.1794],[80.8417,30.4364],[80.2636,30.565],[79.9724,30.9506],[79.5922,30.9506],[79.1645,31.4005],[78.9971,31.3362],[78.982,31.2719],[79.1044,31.1434],[78.7239,31.1434],[78.5104,31.2076],[78.3417,31.4647],[78.052,31.529],[77.9163,31.2719],[77.2927,31.2076],[77.2637,31.0791],[77.387,30.9506],[77.2681,30.7578],[77.1921,30.7578],[77.2063,30.822],[76.7362,30.7578],[76.6266,30.9506],[76.4745,30.9506],[76.4887,31.0148],[75.576,31.0148],[75.39,31.2076],[74.7812,31.2076],[74.2285,30.7578],[74.2015,30.6292],[74.0496,30.6292],[73.9205,30.3722],[73.9441,30.1151],[73.6279,30.0508],[73.5265,29.9223]],[[77.1084,28.5081],[77.1454,28.701],[77.3089,28.7652],[77.435,28.6367],[77.2593,28.5081],[77.1084,28.5081]],[[80.0146,30.8374],[80.0286,30.8308],[80.0625,30.7848],[80.0146,30.8374]],[[80.0339,28.9159],[80.0529,28.9491],[80.0342,28.9052],[80.0339,28.9159]],[[80.0994,28.9773],[80.1131,29.0722],[80.1079,28.9946],[80.0994,28.9773]],[[80.8364,30.17],[80.8679,30.2002],[80.8839,30.2104],[80.8364,30.17]],[[80.9907,30.1956],[80.996,30.197],[81.0003,30.1915],[80.9907,30.1956]],[[84.6273,27.0365],[84.7607,26.999],[84.6402,27.0284],[84.6273,27.0365]],[[88.0656,27.0041],[88.0769,26.9918],[88.0902,26.9688],[88.0656,27.0041]],[[88.3239,22.4648],[88.4166,22.5934],[88.491,22.5934],[88.4727,22.4648],[88.3239,22.4648]],[[88.3657,26.5964],[88.3725,26.6116],[88.3853,26.6235],[88.3657,26.5964]],[[88.3698,22.7863],[88.4628,22.9148],[88.5373,22.9148],[88.6024,22.8506],[88.3698,22.7863]],[[88.5401,23.65],[88.5612,23.741],[88.5416,23.6388],[88.5401,23.65]],[[88.5764,23.5918],[88.6092,23.5888],[88.5815,23.5883],[88.5764,23.5918]],[[88.7416,27.5317],[88.7436,27.5403],[88.7576,27.5114],[88.7416,27.5317]],[[88.7473,27.5564],[88.7482,27.5601],[88.8057,27.6551],[88.7473,27.5564]],[[88.7544,27.2126],[88.7759,27.2409],[88.8012,27.2564],[88.7544,27.2126]],[[88.7544,27.4642],[88.7576,27.5114],[88.7594,27.4498],[88.7544,27.4642]],[[88.7686,27.4229],[88.7862,27.3986],[88.7736,27.4085],[88.7686,27.4229]],[[88.8057,27.6551],[88.8533,27.8519],[88.8539,27.8437],[88.8057,27.6551]],[[88.8457,27.8845],[88.8516,27.8772],[88.8523,27.8667],[88.8457,27.8845]],[[89.0623,22.2116],[89.0762,22.175],[89.0782,22.1508],[89.0623,22.2116]],[[91.1406,23.6197],[91.1951,23.4952],[91.1408,23.6121],[91.1406,23.6197]],[[91.214,23.7996],[91.2282,23.845],[91.2253,23.8261],[91.214,23.7996]]],[[[76.2304,10.0038],[76.2427,9.9875],[76.2329,10.0435],[76.2304,10.0038]]],[[[76.2363,9.9527],[76.2468,9.8937],[76.2644,9.845],[76.3185,9.8205],[76.3086,9.8796],[76.2971,9.8708],[76.3,9.8478],[76.2808,9.8428],[76.2883,9.8612],[76.2842,9.8912],[76.2774,9.8708],[76.2669,9.876],[76.2568,9.9086],[76.291,9.9086],[76.2695,9.951],[76.2515,9.9631],[76.2363,9.9527]]],[[[76.3201,9.8616],[76.3462,9.8161],[76.3439,9.8091],[76.3605,9.8016],[76.3592,9.8161],[76.3327,9.8708],[76.3201,9.8616]]],[[[80.2711,13.5289],[80.2979,13.4629],[80.302,13.4646],[80.3045,13.4919],[80.2894,13.5289],[80.2711,13.5289]]],[[[80.8685,15.812],[80.8698,15.8105],[80.9628,15.7987],[80.8884,15.8467],[80.8685,15.812]]],[[[82.3489,16.9565],[82.3571,16.8975],[82.3642,16.9149],[82.3489,16.9565]]],[[[85.4994,19.6535],[85.5765,19.6906],[85.4996,19.6549],[85.4994,19.6535]]],[[[88.1338,21.631],[88.1394,21.6303],[88.1444,21.6578],[88.1391,21.67],[88.1338,21.631]]],[[[88.1421,21.6913],[88.1634,21.7055],[88.167,21.7654],[88.1584,21.8099],[88.1421,21.6913]]],[[[88.7169,22.0443],[88.7179,22.0085],[88.7307,22.0372],[88.7169,22.0443]]],[[[89.0457,21.9171],[89.0515,21.7932],[89.1136,21.7311],[89.139,21.7668],[89.0457,21.9171]]],[[[90.3233,21.9087],[90.376,21.9959],[90.3714,21.9948],[90.3322,21.9388],[90.3233,21.9087]]],[[[90.3396,21.9723],[90.3811,22.0231],[90.3875,22.048],[90.3739,22.0456],[90.3587,22.0227],[90.3396,21.9723]]],[[[90.4297,23.3852],[90.4373,23.3618],[90.4871,23.319],[90.5061,23.3142],[90.5241,23.3223],[90.5296,23.3336],[90.5862,23.3017],[90.5776,23.3236],[90.5394,23.35],[90.4557,23.385],[90.4297,23.3852]]],[[[90.4557,22.7674],[90.521,22.7118],[90.591,22.8139],[90.6782,22.8083],[90.5444,22.8807],[90.4734,22.8651],[90.4557,22.7674]]],[[[90.4557,23.0628],[90.4695,23.0076],[90.5156,23.0519],[90.5104,23.069],[90.4557,23.0628]]],[[[90.4977,22.0791],[90.5734,22.0791],[90.6135,22.164],[90.4977,22.0791]]],[[[90.5081,22.9758],[90.6673,22.9182],[90.5862,23.0349],[90.5081,22.9758]]],[[[90.5563,22.6747],[90.6818,22.4453],[90.6112,22.0791],[90.6818,22.1026],[90.6475,21.994],[90.8279,22.1524],[90.855,22.4347],[90.6506,22.7874],[90.5855,22.7681],[90.5563,22.6747]]],[[[90.6014,22.4292],[90.6401,22.3087],[90.6587,22.3795],[90.6014,22.4292]]],[[[90.6475,22.4247],[90.6673,22.439],[90.6653,22.4691],[90.6535,22.4835],[90.6475,22.4247]]],[[[91.4238,22.5253],[91.4475,22.4519],[91.5626,22.4315],[91.4676,22.5863],[91.4238,22.5253]]],[[[91.8538,21.6647],[91.87,21.4934],[91.9611,21.5062],[91.9356,21.7812],[91.8877,21.685],[91.8723,21.7548],[91.8538,21.6647]]],[[[91.8798,21.8462],[91.8877,21.8662],[91.8843,21.8772],[91.8798,21.8462]]],[[[72.8402,18.9934],[72.9343,19.0341],[72.9356,19.1151],[72.9748,19.1631],[72.9755,19.0831],[73.0899,19.2505],[73.0294,19.2505],[73.0266,19.2055],[72.9991,19.2505],[72.8679,19.2505],[72.8402,18.9934]]],[[[71.4924,22.3363],[71.5387,22.0791],[71.9848,22.0791],[72.0451,21.9505],[72.2957,22.0512],[72.3065,22.2296],[72.2391,22.2389],[72.2404,22.2882],[72.1488,22.2779],[72.2085,22.3004],[72.3283,22.2607],[72.3972,22.3668],[72.3883,22.272],[72.9175,22.2714],[72.916,22.2231],[72.8123,22.2341],[72.7482,22.164],[72.6141,22.2117],[72.5319,22.1212],[72.5427,21.9108],[72.7345,21.994],[72.6184,21.9251],[72.5499,21.7561],[72.7981,21.6735],[73.132,21.7578],[72.6942,21.5426],[72.6532,21.4493],[72.7471,21.4529],[72.6349,21.4074],[72.5935,21.3132],[72.7345,21.1989],[72.6561,21.1543],[72.714,21.1641],[72.7257,21.0879],[72.8096,21.13],[72.8499,21.048],[72.7783,21.0376],[72.8884,20.9826],[72.887,20.8064],[72.9468,20.7595],[72.8989,20.7322],[72.8442,20.4077],[72.9994,20.472],[72.9924,20.4077],[73.289,20.4077],[73.4119,20.8577],[73.5813,21.0505],[73.7298,21.0505],[74.2178,21.4363],[74.2393,21.6291],[74.0236,21.6934],[73.9708,21.8863],[73.8222,21.8863],[73.9037,21.9505],[73.873,22.3363],[74.0366,22.4648],[73.9026,22.5934],[74.1334,22.6577],[74.1559,22.8506],[74.0222,22.9791],[73.9477,22.9791],[73.9553,23.0434],[73.8808,23.0434],[73.7035,23.4291],[73.048,23.5577],[72.7889,23.8792],[72.5062,24.0077],[72.0584,24.0077],[72.0427,23.8792],[71.7134,23.622],[71.5642,23.622],[71.5566,23.5577],[71.7502,23.3006],[71.7279,23.1077],[72.1898,23.2363],[72.2346,22.9791],[72.6964,23.1077],[72.6815,22.9791],[73.1879,22.8506],[73.1656,22.6577],[72.0563,22.722],[71.8257,22.6577],[71.8114,22.5291],[71.6625,22.5291],[71.4924,22.3363]]],[[[71.8617,21.6291],[71.936,21.6291],[71.9084,21.372],[72.1146,21.3263],[72.2988,21.6263],[72.166,21.7939],[72.0218,21.7986],[71.8755,21.7577],[71.8617,21.6291]]],[[[83.1473,22.1434],[83.2793,22.0148],[83.5024,22.0148],[83.6594,22.0791],[83.6763,22.2077],[83.7507,22.2077],[83.7103,22.4648],[83.487,22.4648],[83.1725,22.3363],[83.1473,22.1434]]],[[[91.0304,22.1434],[91.1868,22.2278],[91.0923,22.3913],[91.0304,22.1434]]]]}}]}
