{"type":"FeatureCollection","features":[{"type":"Feature","properties":{"relationId":"cliopatria-relation-5dbd376c0e6d","name":"(Allegiance of Kidarites to Sasanian Empire)","name_ko":"키다라족–사산 제국 충성·복속 관계","relationKind":"allegiance","relation_kind_ko":"충성·복속 관계","actor_ids":"cliopatria-q26996-946abe121f;cliopatria-q83891-6c78591e24","actor_names_ko":"키다라족;사산 제국","color":"#e7b763","startYear":390,"endYear":395,"source_name":"Cliopatria v0.2.0","source_url":"https://github.com/Seshat-Global-History-Databank/cliopatria","license":"CC BY 4.0","attribution":"Seshat Global History Databank, Cliopatria contributors"},"geometry":{"type":"MultiPolygon","coordinates":[[[[51.1317,25.4221],[51.2066,25.4221],[51.2124,25.4864],[51.1375,25.4864],[51.1317,25.4221]]],[[[50.4507,26.1577],[50.4678,25.9576],[50.6075,25.8843],[50.6457,26.1457],[50.5516,26.1942],[50.6035,26.1977],[50.5933,26.2386],[50.4815,26.2426],[50.4507,26.1577]]],[[[50.6024,26.258],[50.6124,26.2413],[50.6478,26.2391],[50.6575,26.2112],[50.6736,26.2026],[50.6789,26.208],[50.681,26.2134],[50.682,26.224],[50.6564,26.2466],[50.656,26.258],[50.6024,26.258]]],[[[40.1029,34.2933],[40.4033,34.229],[40.3115,34.1004],[40.7036,34.1647],[40.9117,33.9718],[41.2116,33.9075],[41.2733,33.7789],[41.427,33.7789],[41.4886,33.6502],[42.0031,33.4574],[42.0645,33.3288],[42.2179,33.3288],[42.2103,33.2645],[42.5783,33.1359],[42.7085,32.943],[43.1526,32.8145],[43.3514,32.5574],[43.5044,32.5574],[43.4891,32.4288],[43.6954,32.236],[43.9169,32.1717],[43.9017,32.0431],[44.7336,31.9789],[44.8553,31.7218],[44.8098,31.3362],[45.0993,31.2076],[45.0844,31.0791],[45.7705,30.4364],[46.4462,30.3722],[46.659,30.2436],[46.6981,29.9223],[47.6538,29.6652],[47.5347,29.2795],[48.213,28.5724],[48.2474,28.1867],[48.3228,28.1867],[48.5288,27.9938],[48.5515,27.4795],[49.0588,27.2866],[49.2651,27.0938],[49.2525,26.9652],[49.8784,26.4508],[49.6745,25.8722],[50.0317,25.6793],[50.3438,24.9721],[50.6158,24.6506],[50.9201,24.7149],[51.1201,25.2936],[50.9647,25.2293],[50.982,25.4221],[51.2302,25.6793],[51.1733,25.8722],[51.3232,25.8722],[51.3504,25.3579],[51.2698,25.2936],[51.4022,25.1007],[51.3274,25.1007],[51.2939,24.7149],[51.1335,24.5864],[51.2028,24.5221],[51.1016,24.2006],[51.1658,24.072],[51.7423,23.9026],[51.5889,24.0894],[51.8219,23.8792],[51.9275,23.6876],[54.2732,23.7506],[54.8121,23.9435],[55.623,24.6506],[55.8412,24.5864],[55.8595,24.7792],[56.09,24.8435],[56.2895,24.5864],[56.2713,24.3935],[56.4894,24.3292],[56.5402,24.072],[56.8211,23.8792],[56.8095,23.7506],[57.8303,23.4934],[57.9736,23.4291],[57.962,23.3006],[58.3347,23.3006],[58.6096,23.0434],[58.9076,23.0434],[58.8961,22.9148],[59.2445,22.9148],[59.0879,23.0484],[58.7621,23.5421],[58.659,23.5625],[58.6045,23.6376],[58.3172,23.6209],[58.1316,23.7133],[57.8877,23.7209],[57.1515,23.9536],[56.9395,24.1159],[56.6112,24.4963],[56.4054,24.8973],[56.37,25.5257],[56.2666,25.6726],[56.3836,25.9261],[56.4533,25.9472],[56.3801,26.0382],[56.473,26.0986],[56.3638,26.1049],[56.3638,26.1458],[56.3359,26.1116],[56.3288,26.1728],[56.3911,26.2011],[56.4798,26.1458],[56.432,26.2215],[56.4873,26.2352],[56.3986,26.2687],[56.501,26.3587],[56.3601,26.3624],[56.3223,26.3096],[56.3638,26.2795],[56.3159,26.2904],[56.3084,26.2215],[56.4041,26.2147],[56.2949,26.1942],[56.1818,26.246],[55.9523,25.7721],[55.9597,25.8237],[55.6263,25.5363],[55.5482,25.5295],[55.551,25.5786],[55.4725,25.4128],[55.3037,25.283],[55.3289,25.2015],[55.2824,25.2607],[55.0823,25.0168],[54.722,24.7973],[54.5744,24.447],[54.4273,24.2921],[54.1226,24.1447],[53.5896,24.0471],[53.4458,24.1198],[52.6813,24.1408],[52.6003,24.2095],[52.3411,24.0075],[51.9287,23.9647],[51.8094,24.0007],[51.7684,24.2773],[51.7007,24.2219],[51.6726,24.2781],[51.6487,24.2186],[51.6278,24.2977],[51.5693,24.2562],[51.4129,24.3235],[51.2788,24.3078],[51.476,24.5891],[51.3953,24.6313],[51.3024,24.5172],[51.3064,24.6108],[51.221,24.6442],[51.3391,24.6462],[51.3406,24.5699],[51.611,25.0224],[51.6076,25.2551],[51.5188,25.2971],[51.4719,25.5214],[51.4914,25.6182],[51.5495,25.6312],[51.5051,25.6872],[51.5901,25.7119],[51.5446,25.7374],[51.5945,25.7582],[51.5594,25.9138],[51.3884,25.967],[51.3139,26.1294],[51.1694,26.1294],[50.9829,25.969],[50.9263,25.6328],[50.9776,25.6461],[50.8987,25.5322],[50.8722,25.5933],[50.8328,25.577],[50.8472,25.4674],[50.7656,25.5121],[50.7578,25.1862],[50.8596,24.7956],[50.7606,24.7364],[50.7264,24.8817],[50.5622,25.0548],[50.4715,25.4372],[50.3814,25.5129],[50.348,25.4821],[50.1487,25.6999],[50.2575,25.6319],[50.1013,25.9895],[50.0241,26.036],[49.99,26.0018],[49.9758,26.1396],[50.021,26.1977],[50.1172,26.0858],[50.2122,26.1913],[50.2092,26.3695],[50.0306,26.4946],[49.9832,26.6837],[50.0064,26.7476],[50.0237,26.6995],[50.1267,26.6876],[49.973,26.8424],[49.6995,26.9582],[49.5114,27.1859],[49.5244,27.1327],[49.3748,27.1491],[49.4124,27.204],[49.3226,27.2057],[49.3128,27.345],[49.2234,27.3313],[49.2638,27.4139],[49.1198,27.4411],[49.2905,27.4753],[49.2398,27.5451],[49.0589,27.5382],[48.9685,27.6203],[48.9143,27.5715],[48.9006,27.633],[48.8318,27.6125],[48.8733,27.6125],[48.8767,27.6838],[48.7788,27.7196],[48.8125,27.8286],[48.805,27.7565],[48.8576,27.8035],[48.8392,27.7286],[48.8827,27.8267],[48.7437,27.9613],[48.792,28.007],[48.6521,28.0461],[48.6184,28.2173],[48.5222,28.3188],[48.5355,28.4076],[48.4688,28.3871],[48.4946,28.5001],[48.3518,28.6405],[48.3936,28.7434],[48.3288,28.76],[48.1585,29.0173],[48.1003,29.35],[47.9857,29.3938],[47.8579,29.323],[47.8164,29.3376],[47.8373,29.3875],[47.7047,29.3636],[47.8662,29.5366],[48.1734,29.5734],[47.9956,29.8277],[47.9348,30.1071],[47.969,30.0041],[48.1192,30.045],[48.434,29.9365],[48.5304,29.9564],[48.4766,29.984],[48.6587,29.9836],[48.6433,30.0554],[48.8904,30.0308],[48.9417,30.1651],[48.8623,30.3456],[49.0373,30.4325],[48.9456,30.4797],[48.9815,30.5156],[49.2112,30.5063],[49.2638,30.4497],[49.2029,30.3466],[49.062,30.4081],[48.9212,30.3808],[49.1614,30.2238],[49.2212,30.2646],[49.2457,30.1565],[49.4798,30.1561],[49.5322,30.0229],[49.9146,30.2039],[50.0734,30.1957],[50.1613,29.9263],[50.6553,29.4491],[50.6895,29.2908],[50.6435,29.1458],[50.8403,29.1406],[50.915,29.0867],[50.929,29.0097],[50.8345,28.8914],[51.0588,28.7359],[51.0807,28.5339],[51.2853,28.2409],[51.3979,27.9379],[51.6834,27.8306],[52.0112,27.8327],[52.4596,27.6326],[52.6701,27.4486],[52.6098,27.4123],[52.6669,27.3271],[52.9326,27.1603],[53.4441,26.9757],[53.718,26.708],[54.0158,26.7495],[54.3081,26.715],[54.3894,26.6051],[54.791,26.4958],[55.2708,26.7925],[55.5217,26.7846],[55.5804,26.8591],[55.5545,26.8999],[55.6659,26.9954],[55.9393,27.0267],[56.1237,27.1606],[56.353,27.2016],[56.7147,27.158],[56.8846,27.0781],[56.8677,27.0123],[56.9733,27.003],[56.9273,26.9556],[57.0524,26.8366],[57.1331,26.2637],[57.2129,26.1662],[57.1668,26.083],[57.3057,25.8135],[57.5207,25.7436],[57.7556,25.7427],[57.7717,25.6356],[57.9632,25.6932],[58.0731,25.5636],[58.419,25.612],[58.8252,25.5604],[59.044,25.3996],[59.4539,25.4616],[59.538,25.3998],[59.8446,25.3579],[60.3993,25.3579],[60.4285,25.4196],[60.5497,25.4469],[60.6321,25.3579],[60.6335,25.275],[61.0306,25.2098],[61.2236,25.1124],[61.5074,25.1467],[61.4826,25.1937],[61.5584,25.2005],[61.5545,25.2541],[61.5882,25.2021],[61.7831,25.188],[61.7201,25.0374],[61.8431,25.0364],[61.8811,25.103],[62.0972,25.1071],[62.059,25.1616],[62.1452,25.2184],[62.2542,25.212],[62.3398,25.1302],[62.5275,25.2642],[63.5108,25.2293],[63.4695,25.2893],[63.5725,25.365],[64.0727,25.3579],[64.0488,25.4165],[63.9766,25.4128],[64.0454,25.4503],[64.1553,25.4469],[64.0838,25.4267],[64.1,25.3579],[64.225,25.3579],[64.4393,25.2346],[64.5654,25.2703],[64.6111,25.1886],[64.7018,25.1773],[64.6686,25.2551],[64.7444,25.324],[65.1899,25.3135],[65.2323,25.3707],[65.3954,25.3923],[65.6521,25.3445],[66.1813,25.4531],[66.3411,25.5483],[66.0944,25.4748],[66.1672,25.5661],[66.3755,25.6257],[66.531,25.5181],[66.7372,25.1811],[66.6813,24.9247],[67.1121,25.1007],[67.5021,25.8079],[67.1966,26.3222],[67.1745,27.2223],[67.0623,27.4795],[67.121,27.8652],[67.0457,27.8652],[67.0409,28.3153],[66.9655,28.3153],[67.0067,28.5724],[66.9313,28.5724],[67.2135,29.7937],[67.5217,30.2436],[67.9607,30.565],[68.287,31.0791],[68.9982,31.5933],[69.0243,31.7218],[69.2927,31.9146],[69.6742,31.9146],[69.8673,32.1074],[70.7001,32.4288],[70.9522,32.8788],[71.4992,33.2645],[72.1408,34.0361],[72.4639,34.1004],[72.4175,33.9075],[72.725,33.9075],[72.7709,33.7789],[73.1706,33.8432],[73.3712,34.0361],[73.3442,34.5506],[73.7172,34.8079],[73.7336,34.8723],[73.4412,34.9366],[72.711,35.7089],[72.8218,35.8377],[72.6061,35.902],[72.6396,36.0308],[72.4678,35.9664],[72.5014,36.0952],[72.3023,36.224],[72.3095,36.546],[72.2318,36.546],[72.3783,36.8037],[72.3005,36.8037],[72.3526,36.9971],[72.7225,37.7707],[72.9893,38.1578],[73.4942,38.5451],[73.7479,39.1265],[73.6303,39.2557],[73.6903,39.4496],[73.2966,39.4496],[73.0993,39.3203],[72.4894,39.385],[72.3716,39.2557],[71.8402,39.3203],[69.4839,39.0618],[67.2655,38.9972],[65.2953,38.6743],[65.1051,38.5451],[64.4987,38.9326],[64.2631,38.9326],[63.701,39.1911],[63.2507,39.5789],[63.0931,39.5789],[63.048,39.7083],[62.6087,39.8376],[62.5807,40.0317],[61.202,39.5789],[60.7131,39.5143],[60.6826,39.7083],[60.0518,39.7083],[60.0839,39.8376],[59.7683,39.8376],[59.77,40.1612],[58.9797,40.1612],[58.8537,40.2906],[58.5374,40.2906],[58.332,40.4201],[57.3512,40.2906],[57.2411,40.1612],[56.9558,40.2906],[56.9868,40.4201],[56.6548,40.3554],[54.5437,40.8088],[54.2937,40.7804],[54.3182,40.7216],[54.4304,40.7214],[54.3626,40.6879],[54.4036,40.6737],[54.1711,40.7297],[53.721,40.6257],[53.6939,40.7121],[53.4044,40.6792],[53.3794,40.7915],[53.3397,40.744],[52.9433,40.744],[52.9723,40.8736],[52.893,40.8736],[52.7927,40.4201],[52.7251,40.4201],[52.7505,40.0941],[53.4985,40.0317],[53.5036,39.9747],[53.5745,39.9679],[53.5111,39.8909],[53.5338,39.6376],[53.5335,39.6805],[53.7362,39.5179],[53.1375,39.4496],[53.5176,39.385],[53.9868,38.9972],[53.8298,37.8352],[53.9079,37.8352],[53.9105,37.4483],[54.0947,37.1904],[54.0143,36.8211],[53.0877,36.8037],[52.1859,36.546],[51.642,36.546],[50.8207,36.7393],[50.532,36.8682],[50.611,36.9697],[50.4759,37.0379],[50.3209,36.9971],[49.9988,37.3838],[49.0851,37.5128],[48.8285,37.8352],[48.8411,38.3515],[48.7627,38.3515],[48.7656,38.8034],[48.9155,39.1911],[48.6733,39.5789],[48.3035,39.7083],[47.1208,39.7083],[46.5561,39.1911],[46.5113,38.9326],[46.3431,38.868],[45.872,38.868],[45.2869,39.1265],[45.23,39.2557],[44.994,39.2557],[44.7152,38.9972],[44.6998,38.416],[44.356,38.2224],[44.306,37.8998],[44.0519,37.7707],[44.1203,37.7062],[44.0228,37.5773],[43.886,37.7062],[43.2612,37.7062],[42.5082,37.8998],[42.03,37.8352],[41.9702,37.9643],[41.6666,38.0288],[41.1191,38.0288],[41.2124,36.9971],[41.5498,36.6105],[41.5328,36.4816],[41.6796,36.4172],[41.6626,36.2884],[41.0863,36.0308],[41.1122,35.001],[40.7723,34.7436],[40.6181,34.7436],[40.1029,34.2933]],[[51.5693,24.2562],[51.5776,24.1171],[51.5732,24.1278],[51.5693,24.2562]],[[42.7157,37.3553],[42.7805,37.3755],[42.788,37.3732],[42.7157,37.3553]],[[42.7951,37.371],[42.8011,37.3691],[42.8141,37.3468],[42.7951,37.371]],[[44.5699,37.5144],[44.5732,37.5275],[44.5793,37.477],[44.5699,37.5144]],[[44.7525,37.1131],[44.7649,37.1394],[44.7544,37.1084],[44.7525,37.1131]],[[44.8666,36.7801],[44.9227,36.7759],[44.8772,36.7765],[44.8666,36.7801]],[[44.9962,36.7417],[45.0353,36.6896],[45.0373,36.6808],[44.9962,36.7417]],[[45.0355,36.633],[45.0426,36.6569],[45.0443,36.6493],[45.0355,36.633]],[[45.0382,36.494],[45.0608,36.4472],[45.0391,36.4798],[45.0382,36.494]],[[45.0791,36.4197],[45.1108,36.4025],[45.0837,36.4128],[45.0791,36.4197]],[[45.1108,36.4025],[45.196,36.4224],[45.2213,36.4209],[45.1108,36.4025]],[[46.5901,38.9137],[46.6522,38.9929],[46.5992,38.9197],[46.5901,38.9137]],[[48.1351,30.4429],[48.1409,30.4419],[48.1705,30.4067],[48.1351,30.4429]],[[48.291,30.32],[48.2964,30.3198],[48.3014,30.3149],[48.291,30.32]],[[48.3292,30.2876],[48.397,30.221],[48.4026,30.2088],[48.3292,30.2876]],[[48.3811,30.1453],[48.3832,30.1481],[48.3831,30.1424],[48.3811,30.1453]],[[48.4082,30.1885],[48.4085,30.1961],[48.4106,30.1915],[48.4082,30.1885]],[[48.4239,30.0836],[48.4618,29.9949],[48.4531,30.0014],[48.4239,30.0836]],[[54.7873,37.6519],[54.8136,37.7186],[54.8234,37.7283],[54.7873,37.6519]],[[55.4474,38.0837],[55.6299,38.1056],[55.511,38.0858],[55.4474,38.0837]],[[55.724,38.1169],[55.7384,38.1186],[55.7688,38.1115],[55.724,38.1169]],[[55.7927,24.7223],[55.7936,24.7339],[55.7943,24.7175],[55.7927,24.7223]],[[55.8208,38.0995],[55.8798,38.0858],[55.8541,38.086],[55.8208,38.0995]],[[55.9576,24.8687],[55.9609,24.8812],[55.9636,24.8626],[55.9576,24.8687]],[[56.2141,38.0688],[56.3155,38.0895],[56.2997,38.0802],[56.2141,38.0688]],[[57.1814,38.2757],[57.1859,38.2765],[57.2183,38.2651],[57.1814,38.2757]],[[61.1016,35.2353],[61.1038,35.2494],[61.1124,35.202],[61.1016,35.2353]],[[63.1743,26.685],[63.1823,26.8302],[63.1896,26.846],[63.1743,26.685]],[[63.1896,26.846],[63.206,26.8537],[63.2467,26.8595],[63.1896,26.846]],[[64.589,36.5802],[64.5901,36.5947],[64.6105,36.5009],[64.589,36.5802]],[[64.5911,36.6093],[64.592,36.6211],[64.5985,36.6369],[64.5911,36.6093]],[[64.614,36.6746],[64.6214,36.6926],[64.7652,36.9046],[64.614,36.6746]],[[64.7788,37.118],[64.8079,37.1355],[64.9891,37.2137],[64.7788,37.118]],[[66.0797,37.4409],[66.1545,37.3835],[66.1429,37.3851],[66.0797,37.4409]],[[66.3069,38.0804],[66.4204,38.0419],[66.4083,38.0428],[66.3069,38.0804]],[[66.4878,37.3422],[66.5196,37.3642],[66.531,37.3649],[66.4878,37.3422]],[[66.5399,38.028],[66.5542,38.0269],[66.5722,38.0184],[66.5399,38.028]],[[67.7731,37.11],[67.7741,37.1205],[67.7823,37.1029],[67.7731,37.11]],[[67.8003,37.0891],[67.8176,37.0806],[67.808,37.0832],[67.8003,37.0891]],[[68.0169,36.9294],[68.0256,36.9271],[68.0202,36.9257],[68.0169,36.9294]],[[68.0433,36.9316],[68.1864,37.0183],[68.0549,36.9346],[68.0433,36.9316]],[[69.2457,37.1039],[69.3143,37.1189],[69.3121,37.1175],[69.2457,37.1039]],[[71.3191,36.2006],[71.3935,36.228],[71.3824,36.2186],[71.3191,36.2006]],[[71.3564,35.9331],[71.3685,35.894],[71.3607,35.9003],[71.3564,35.9331]],[[71.4008,35.868],[71.4167,35.8588],[71.4234,35.8499],[71.4008,35.868]],[[71.4471,35.8179],[71.4644,35.7947],[71.4658,35.7881],[71.4471,35.8179]],[[71.4756,35.741],[71.5027,35.7191],[71.5074,35.7095],[71.4756,35.741]],[[71.4833,35.6266],[71.5059,35.6034],[71.4927,35.6096],[71.4833,35.6266]],[[71.5144,35.6753],[71.5151,35.6935],[71.5198,35.6838],[71.5144,35.6753]],[[71.5316,35.3279],[71.6138,35.4035],[71.6111,35.3955],[71.5316,35.3279]],[[71.573,35.5692],[71.5842,35.5642],[71.5935,35.5494],[71.573,35.5692]],[[72.1496,36.6893],[72.1535,36.7021],[72.1657,36.7071],[72.1496,36.6893]],[[72.1861,36.7153],[72.2136,36.7264],[72.2821,36.738],[72.1861,36.7153]]],[[[48.0108,29.9805],[48.0311,29.971],[48.0789,30.0041],[48.1061,30.0176],[48.1092,30.028],[48.0547,30.0245],[48.0108,29.9805]]],[[[48.0461,29.8005],[48.1858,29.6039],[48.3527,29.7098],[48.3445,29.7906],[48.1621,29.9957],[48.1227,29.9697],[48.1974,29.9254],[48.0951,29.8947],[48.1133,29.8391],[48.0461,29.8005]]],[[[49.292,27.4714],[49.2927,27.4529],[49.2992,27.4515],[49.292,27.4714]]],[[[51.8558,23.7685],[51.881,23.6863],[51.9244,23.6875],[51.8558,23.7685]]],[[[52.59,24.2566],[52.5922,24.2534],[52.6031,24.2642],[52.6003,24.2649],[52.59,24.2566]]],[[[53.7489,24.1363],[53.7747,24.1301],[53.7915,24.1363],[53.7489,24.1363]]],[[[54.1016,24.2978],[54.1908,24.2272],[54.1501,24.3143],[54.1016,24.2978]]],[[[54.2046,24.2983],[54.2222,24.2845],[54.2393,24.2812],[54.248,24.2855],[54.2046,24.2983]]],[[[55.2926,26.5485],[55.8766,26.7429],[55.947,26.6963],[56.2874,26.9551],[56.2124,27.003],[55.8977,26.9068],[55.758,26.954],[55.7742,26.7969],[55.3045,26.6564],[55.2926,26.5485]]],[[[66.3832,25.524],[66.392,25.5178],[66.3885,25.522],[66.3832,25.524]]],[[[66.4362,25.4869],[66.4697,25.4634],[66.4922,25.481],[66.4562,25.496],[66.4362,25.4869]]],[[[72.5014,36.0952],[72.5789,36.0952],[72.5958,36.1596],[72.5182,36.1596],[72.5014,36.0952]]],[[[47.042,39.7083],[47.1208,39.7083],[47.1326,39.7729],[47.0538,39.7729],[47.042,39.7083]]]]}},{"type":"Feature","properties":{"relationId":"cliopatria-relation-5dbd376c0e6d","name":"(Allegiance of Kidarites to Sasanian Empire)","name_ko":"키다라족–사산 제국 충성·복속 관계","relationKind":"allegiance","relation_kind_ko":"충성·복속 관계","actor_ids":"cliopatria-q26996-946abe121f;cliopatria-q83891-6c78591e24","actor_names_ko":"키다라족;사산 제국","color":"#e7b763","startYear":396,"endYear":396,"source_name":"Cliopatria v0.2.0","source_url":"https://github.com/Seshat-Global-History-Databank/cliopatria","license":"CC BY 4.0","attribution":"Seshat Global History Databank, Cliopatria contributors"},"geometry":{"type":"MultiPolygon","coordinates":[[[[51.1317,25.4221],[51.2066,25.4221],[51.2124,25.4864],[51.1375,25.4864],[51.1317,25.4221]]],[[[50.4507,26.1577],[50.4678,25.9576],[50.6075,25.8843],[50.6457,26.1457],[50.5516,26.1942],[50.6035,26.1977],[50.5933,26.2386],[50.4815,26.2426],[50.4507,26.1577]]],[[[50.6024,26.258],[50.6124,26.2413],[50.6478,26.2391],[50.6575,26.2112],[50.6736,26.2026],[50.6789,26.208],[50.681,26.2134],[50.682,26.224],[50.6564,26.2466],[50.656,26.258],[50.6024,26.258]]],[[[40.1029,34.2933],[40.4033,34.229],[40.3115,34.1004],[40.7036,34.1647],[40.9117,33.9718],[41.2116,33.9075],[41.2733,33.7789],[41.427,33.7789],[41.4886,33.6502],[42.0031,33.4574],[42.0645,33.3288],[42.2179,33.3288],[42.2103,33.2645],[42.5783,33.1359],[42.7085,32.943],[43.1526,32.8145],[43.3514,32.5574],[43.5044,32.5574],[43.4891,32.4288],[43.6954,32.236],[43.9169,32.1717],[43.9017,32.0431],[44.7336,31.9789],[44.8553,31.7218],[44.8098,31.3362],[45.0993,31.2076],[45.0844,31.0791],[45.7705,30.4364],[46.4462,30.3722],[46.659,30.2436],[46.6981,29.9223],[47.6538,29.6652],[47.5347,29.2795],[48.213,28.5724],[48.2474,28.1867],[48.3228,28.1867],[48.5288,27.9938],[48.5515,27.4795],[49.0588,27.2866],[49.2651,27.0938],[49.2525,26.9652],[49.8784,26.4508],[49.6745,25.8722],[50.0317,25.6793],[50.3438,24.9721],[50.6158,24.6506],[50.9201,24.7149],[51.1201,25.2936],[50.9647,25.2293],[50.982,25.4221],[51.2302,25.6793],[51.1733,25.8722],[51.3232,25.8722],[51.3504,25.3579],[51.2698,25.2936],[51.4022,25.1007],[51.3274,25.1007],[51.2939,24.7149],[51.1335,24.5864],[51.2028,24.5221],[51.1016,24.2006],[51.1658,24.072],[51.7423,23.9026],[51.5889,24.0894],[51.8219,23.8792],[51.9275,23.6876],[54.2732,23.7506],[54.8121,23.9435],[55.623,24.6506],[55.8412,24.5864],[55.8595,24.7792],[56.09,24.8435],[56.2895,24.5864],[56.2713,24.3935],[56.4894,24.3292],[56.5402,24.072],[56.8211,23.8792],[56.8095,23.7506],[57.8303,23.4934],[57.9736,23.4291],[57.962,23.3006],[58.3347,23.3006],[58.6096,23.0434],[58.9076,23.0434],[58.8961,22.9148],[59.2445,22.9148],[59.0879,23.0484],[58.7621,23.5421],[58.659,23.5625],[58.6045,23.6376],[58.3172,23.6209],[58.1316,23.7133],[57.8877,23.7209],[57.1515,23.9536],[56.9395,24.1159],[56.6112,24.4963],[56.4054,24.8973],[56.37,25.5257],[56.2666,25.6726],[56.3836,25.9261],[56.4533,25.9472],[56.3801,26.0382],[56.473,26.0986],[56.3638,26.1049],[56.3638,26.1458],[56.3359,26.1116],[56.3288,26.1728],[56.3911,26.2011],[56.4798,26.1458],[56.432,26.2215],[56.4873,26.2352],[56.3986,26.2687],[56.501,26.3587],[56.3601,26.3624],[56.3223,26.3096],[56.3638,26.2795],[56.3159,26.2904],[56.3084,26.2215],[56.4041,26.2147],[56.2949,26.1942],[56.1818,26.246],[55.9523,25.7721],[55.9597,25.8237],[55.6263,25.5363],[55.5482,25.5295],[55.551,25.5786],[55.4725,25.4128],[55.3037,25.283],[55.3289,25.2015],[55.2824,25.2607],[55.0823,25.0168],[54.722,24.7973],[54.5744,24.447],[54.4273,24.2921],[54.1226,24.1447],[53.5896,24.0471],[53.4458,24.1198],[52.6813,24.1408],[52.6003,24.2095],[52.3411,24.0075],[51.9287,23.9647],[51.8094,24.0007],[51.7684,24.2773],[51.7007,24.2219],[51.6726,24.2781],[51.6487,24.2186],[51.6278,24.2977],[51.5693,24.2562],[51.4129,24.3235],[51.2788,24.3078],[51.476,24.5891],[51.3953,24.6313],[51.3024,24.5172],[51.3064,24.6108],[51.221,24.6442],[51.3391,24.6462],[51.3406,24.5699],[51.611,25.0224],[51.6076,25.2551],[51.5188,25.2971],[51.4719,25.5214],[51.4914,25.6182],[51.5495,25.6312],[51.5051,25.6872],[51.5901,25.7119],[51.5446,25.7374],[51.5945,25.7582],[51.5594,25.9138],[51.3884,25.967],[51.3139,26.1294],[51.1694,26.1294],[50.9829,25.969],[50.9263,25.6328],[50.9776,25.6461],[50.8987,25.5322],[50.8722,25.5933],[50.8328,25.577],[50.8472,25.4674],[50.7656,25.5121],[50.7578,25.1862],[50.8596,24.7956],[50.7606,24.7364],[50.7264,24.8817],[50.5622,25.0548],[50.4715,25.4372],[50.3814,25.5129],[50.348,25.4821],[50.1487,25.6999],[50.2575,25.6319],[50.1013,25.9895],[50.0241,26.036],[49.99,26.0018],[49.9758,26.1396],[50.021,26.1977],[50.1172,26.0858],[50.2122,26.1913],[50.2092,26.3695],[50.0306,26.4946],[49.9832,26.6837],[50.0064,26.7476],[50.0237,26.6995],[50.1267,26.6876],[49.973,26.8424],[49.6995,26.9582],[49.5114,27.1859],[49.5244,27.1327],[49.3748,27.1491],[49.4124,27.204],[49.3226,27.2057],[49.3128,27.345],[49.2234,27.3313],[49.2638,27.4139],[49.1198,27.4411],[49.2905,27.4753],[49.2398,27.5451],[49.0589,27.5382],[48.9685,27.6203],[48.9143,27.5715],[48.9006,27.633],[48.8318,27.6125],[48.8733,27.6125],[48.8767,27.6838],[48.7788,27.7196],[48.8125,27.8286],[48.805,27.7565],[48.8576,27.8035],[48.8392,27.7286],[48.8827,27.8267],[48.7437,27.9613],[48.792,28.007],[48.6521,28.0461],[48.6184,28.2173],[48.5222,28.3188],[48.5355,28.4076],[48.4688,28.3871],[48.4946,28.5001],[48.3518,28.6405],[48.3936,28.7434],[48.3288,28.76],[48.1585,29.0173],[48.1003,29.35],[47.9857,29.3938],[47.8579,29.323],[47.8164,29.3376],[47.8373,29.3875],[47.7047,29.3636],[47.8662,29.5366],[48.1734,29.5734],[47.9956,29.8277],[47.9348,30.1071],[47.969,30.0041],[48.1192,30.045],[48.434,29.9365],[48.5304,29.9564],[48.4766,29.984],[48.6587,29.9836],[48.6433,30.0554],[48.8904,30.0308],[48.9417,30.1651],[48.8623,30.3456],[49.0373,30.4325],[48.9456,30.4797],[48.9815,30.5156],[49.2112,30.5063],[49.2638,30.4497],[49.2029,30.3466],[49.062,30.4081],[48.9212,30.3808],[49.1614,30.2238],[49.2212,30.2646],[49.2457,30.1565],[49.4798,30.1561],[49.5322,30.0229],[49.9146,30.2039],[50.0734,30.1957],[50.1613,29.9263],[50.6553,29.4491],[50.6895,29.2908],[50.6435,29.1458],[50.8403,29.1406],[50.915,29.0867],[50.929,29.0097],[50.8345,28.8914],[51.0588,28.7359],[51.0807,28.5339],[51.2853,28.2409],[51.3979,27.9379],[51.6834,27.8306],[52.0112,27.8327],[52.4596,27.6326],[52.6701,27.4486],[52.6098,27.4123],[52.6669,27.3271],[52.9326,27.1603],[53.4441,26.9757],[53.718,26.708],[54.0158,26.7495],[54.3081,26.715],[54.3894,26.6051],[54.791,26.4958],[55.2708,26.7925],[55.5217,26.7846],[55.5804,26.8591],[55.5545,26.8999],[55.6659,26.9954],[55.9393,27.0267],[56.1237,27.1606],[56.353,27.2016],[56.7147,27.158],[56.8846,27.0781],[56.8677,27.0123],[56.9733,27.003],[56.9273,26.9556],[57.0524,26.8366],[57.1331,26.2637],[57.2129,26.1662],[57.1668,26.083],[57.3057,25.8135],[57.5207,25.7436],[57.7556,25.7427],[57.7717,25.6356],[57.9632,25.6932],[58.0731,25.5636],[58.419,25.612],[58.8252,25.5604],[59.044,25.3996],[59.4539,25.4616],[59.538,25.3998],[59.8446,25.3579],[60.3993,25.3579],[60.4285,25.4196],[60.5497,25.4469],[60.6321,25.3579],[60.6335,25.275],[61.0306,25.2098],[61.2236,25.1124],[61.5074,25.1467],[61.4826,25.1937],[61.5584,25.2005],[61.5545,25.2541],[61.5882,25.2021],[61.7831,25.188],[61.7201,25.0374],[61.8431,25.0364],[61.8811,25.103],[62.0972,25.1071],[62.059,25.1616],[62.1452,25.2184],[62.2542,25.212],[62.3398,25.1302],[62.5275,25.2642],[63.5108,25.2293],[63.4695,25.2893],[63.5725,25.365],[64.0727,25.3579],[64.0488,25.4165],[63.9766,25.4128],[64.0454,25.4503],[64.1553,25.4469],[64.0838,25.4267],[64.1,25.3579],[64.225,25.3579],[64.4393,25.2346],[64.5654,25.2703],[64.6111,25.1886],[64.7018,25.1773],[64.6686,25.2551],[64.7444,25.324],[65.1899,25.3135],[65.2323,25.3707],[65.3954,25.3923],[65.6521,25.3445],[66.1813,25.4531],[66.3411,25.5483],[66.0944,25.4748],[66.1672,25.5661],[66.3755,25.6257],[66.531,25.5181],[66.7372,25.1811],[66.6813,24.9247],[67.1121,25.1007],[67.5021,25.8079],[67.1966,26.3222],[67.1745,27.2223],[67.0623,27.4795],[67.121,27.8652],[67.0457,27.8652],[67.0409,28.3153],[66.9655,28.3153],[67.0067,28.5724],[66.9313,28.5724],[67.2135,29.7937],[67.5217,30.2436],[67.9607,30.565],[68.287,31.0791],[68.9982,31.5933],[69.0243,31.7218],[69.2927,31.9146],[69.6742,31.9146],[69.8673,32.1074],[70.7001,32.4288],[70.9522,32.8788],[71.4992,33.2645],[72.1408,34.0361],[72.4639,34.1004],[72.4175,33.9075],[72.725,33.9075],[72.7709,33.7789],[73.1706,33.8432],[73.3712,34.0361],[73.3442,34.5506],[73.7172,34.8079],[73.7336,34.8723],[73.4412,34.9366],[72.711,35.7089],[72.8218,35.8377],[72.6061,35.902],[72.6396,36.0308],[72.4678,35.9664],[72.5014,36.0952],[72.3023,36.224],[72.3095,36.546],[72.2318,36.546],[72.3783,36.8037],[72.3005,36.8037],[72.3526,36.9971],[72.7225,37.7707],[72.9893,38.1578],[73.4942,38.5451],[73.7479,39.1265],[73.6303,39.2557],[73.6903,39.4496],[73.2966,39.4496],[73.0993,39.3203],[72.4894,39.385],[72.3716,39.2557],[71.8402,39.3203],[69.4839,39.0618],[67.2655,38.9972],[65.2953,38.6743],[65.1051,38.5451],[64.4987,38.9326],[64.2631,38.9326],[63.701,39.1911],[63.2507,39.5789],[63.0931,39.5789],[63.048,39.7083],[62.6087,39.8376],[62.5807,40.0317],[61.202,39.5789],[60.7131,39.5143],[60.6826,39.7083],[60.0518,39.7083],[60.0839,39.8376],[59.7683,39.8376],[59.77,40.1612],[58.9797,40.1612],[58.8537,40.2906],[58.5374,40.2906],[58.332,40.4201],[57.3512,40.2906],[57.2411,40.1612],[56.9558,40.2906],[56.9868,40.4201],[56.6548,40.3554],[54.5437,40.8088],[54.2937,40.7804],[54.3182,40.7216],[54.4304,40.7214],[54.3626,40.6879],[54.4036,40.6737],[54.1711,40.7297],[53.721,40.6257],[53.6939,40.7121],[53.4044,40.6792],[53.3794,40.7915],[53.3397,40.744],[52.9433,40.744],[52.9723,40.8736],[52.893,40.8736],[52.7927,40.4201],[52.7251,40.4201],[52.7505,40.0941],[53.4985,40.0317],[53.5036,39.9747],[53.5745,39.9679],[53.5111,39.8909],[53.5338,39.6376],[53.5335,39.6805],[53.7362,39.5179],[53.1375,39.4496],[53.5176,39.385],[53.9868,38.9972],[53.8298,37.8352],[53.9079,37.8352],[53.9105,37.4483],[54.0947,37.1904],[54.0143,36.8211],[53.0877,36.8037],[52.1859,36.546],[51.642,36.546],[50.8207,36.7393],[50.532,36.8682],[50.611,36.9697],[50.4759,37.0379],[50.3209,36.9971],[49.9988,37.3838],[49.0851,37.5128],[48.8285,37.8352],[48.8411,38.3515],[48.7627,38.3515],[48.7656,38.8034],[48.9155,39.1911],[48.6733,39.5789],[48.3035,39.7083],[47.1208,39.7083],[46.5561,39.1911],[46.5113,38.9326],[46.3431,38.868],[45.872,38.868],[45.2869,39.1265],[45.23,39.2557],[44.994,39.2557],[44.7152,38.9972],[44.6998,38.416],[44.356,38.2224],[44.306,37.8998],[44.0519,37.7707],[44.0325,37.6417],[42.802,37.7707],[42.5082,37.8998],[42.03,37.8352],[41.9702,37.9643],[41.6666,38.0288],[41.1191,38.0288],[41.273,36.8682],[41.6796,36.4172],[41.5766,36.224],[41.0863,36.0308],[41.0536,35.7733],[41.1311,35.7733],[41.1122,35.001],[40.7723,34.7436],[40.6181,34.7436],[40.1029,34.2933]],[[51.5693,24.2562],[51.5776,24.1171],[51.5732,24.1278],[51.5693,24.2562]],[[42.7157,37.3553],[42.7805,37.3755],[42.788,37.3732],[42.7157,37.3553]],[[42.7951,37.371],[42.8011,37.3691],[42.8141,37.3468],[42.7951,37.371]],[[44.5699,37.5144],[44.5732,37.5275],[44.5793,37.477],[44.5699,37.5144]],[[44.7525,37.1131],[44.7649,37.1394],[44.7544,37.1084],[44.7525,37.1131]],[[44.8666,36.7801],[44.9227,36.7759],[44.8772,36.7765],[44.8666,36.7801]],[[44.9962,36.7417],[45.0353,36.6896],[45.0373,36.6808],[44.9962,36.7417]],[[45.0355,36.633],[45.0426,36.6569],[45.0443,36.6493],[45.0355,36.633]],[[45.0382,36.494],[45.0608,36.4472],[45.0391,36.4798],[45.0382,36.494]],[[45.0791,36.4197],[45.1108,36.4025],[45.0837,36.4128],[45.0791,36.4197]],[[45.1108,36.4025],[45.196,36.4224],[45.2213,36.4209],[45.1108,36.4025]],[[46.5901,38.9137],[46.6522,38.9929],[46.5992,38.9197],[46.5901,38.9137]],[[48.1351,30.4429],[48.1409,30.4419],[48.1705,30.4067],[48.1351,30.4429]],[[48.291,30.32],[48.2964,30.3198],[48.3014,30.3149],[48.291,30.32]],[[48.3292,30.2876],[48.397,30.221],[48.4026,30.2088],[48.3292,30.2876]],[[48.3811,30.1453],[48.3832,30.1481],[48.3831,30.1424],[48.3811,30.1453]],[[48.4082,30.1885],[48.4085,30.1961],[48.4106,30.1915],[48.4082,30.1885]],[[48.4239,30.0836],[48.4618,29.9949],[48.4531,30.0014],[48.4239,30.0836]],[[54.7873,37.6519],[54.8136,37.7186],[54.8234,37.7283],[54.7873,37.6519]],[[55.4474,38.0837],[55.6299,38.1056],[55.511,38.0858],[55.4474,38.0837]],[[55.724,38.1169],[55.7384,38.1186],[55.7688,38.1115],[55.724,38.1169]],[[55.7927,24.7223],[55.7936,24.7339],[55.7943,24.7175],[55.7927,24.7223]],[[55.8208,38.0995],[55.8798,38.0858],[55.8541,38.086],[55.8208,38.0995]],[[55.9576,24.8687],[55.9609,24.8812],[55.9636,24.8626],[55.9576,24.8687]],[[56.2141,38.0688],[56.3155,38.0895],[56.2997,38.0802],[56.2141,38.0688]],[[57.1814,38.2757],[57.1859,38.2765],[57.2183,38.2651],[57.1814,38.2757]],[[61.1016,35.2353],[61.1038,35.2494],[61.1124,35.202],[61.1016,35.2353]],[[63.1743,26.685],[63.1823,26.8302],[63.1896,26.846],[63.1743,26.685]],[[63.1896,26.846],[63.206,26.8537],[63.2467,26.8595],[63.1896,26.846]],[[64.589,36.5802],[64.5901,36.5947],[64.6105,36.5009],[64.589,36.5802]],[[64.5911,36.6093],[64.592,36.6211],[64.5985,36.6369],[64.5911,36.6093]],[[64.614,36.6746],[64.6214,36.6926],[64.7652,36.9046],[64.614,36.6746]],[[64.7788,37.118],[64.8079,37.1355],[64.9891,37.2137],[64.7788,37.118]],[[66.0797,37.4409],[66.1545,37.3835],[66.1429,37.3851],[66.0797,37.4409]],[[66.3069,38.0804],[66.4204,38.0419],[66.4083,38.0428],[66.3069,38.0804]],[[66.4878,37.3422],[66.5196,37.3642],[66.531,37.3649],[66.4878,37.3422]],[[66.5399,38.028],[66.5542,38.0269],[66.5722,38.0184],[66.5399,38.028]],[[67.7731,37.11],[67.7741,37.1205],[67.7823,37.1029],[67.7731,37.11]],[[67.8003,37.0891],[67.8176,37.0806],[67.808,37.0832],[67.8003,37.0891]],[[68.0169,36.9294],[68.0256,36.9271],[68.0202,36.9257],[68.0169,36.9294]],[[68.0433,36.9316],[68.1864,37.0183],[68.0549,36.9346],[68.0433,36.9316]],[[69.2457,37.1039],[69.3143,37.1189],[69.3121,37.1175],[69.2457,37.1039]],[[71.3191,36.2006],[71.3935,36.228],[71.3824,36.2186],[71.3191,36.2006]],[[71.3564,35.9331],[71.3685,35.894],[71.3607,35.9003],[71.3564,35.9331]],[[71.4008,35.868],[71.4167,35.8588],[71.4234,35.8499],[71.4008,35.868]],[[71.4471,35.8179],[71.4644,35.7947],[71.4658,35.7881],[71.4471,35.8179]],[[71.4756,35.741],[71.5027,35.7191],[71.5074,35.7095],[71.4756,35.741]],[[71.4833,35.6266],[71.5059,35.6034],[71.4927,35.6096],[71.4833,35.6266]],[[71.5144,35.6753],[71.5151,35.6935],[71.5198,35.6838],[71.5144,35.6753]],[[71.5316,35.3279],[71.6138,35.4035],[71.6111,35.3955],[71.5316,35.3279]],[[71.573,35.5692],[71.5842,35.5642],[71.5935,35.5494],[71.573,35.5692]],[[72.1496,36.6893],[72.1535,36.7021],[72.1657,36.7071],[72.1496,36.6893]],[[72.1861,36.7153],[72.2136,36.7264],[72.2821,36.738],[72.1861,36.7153]]],[[[48.0108,29.9805],[48.0311,29.971],[48.0789,30.0041],[48.1061,30.0176],[48.1092,30.028],[48.0547,30.0245],[48.0108,29.9805]]],[[[48.0461,29.8005],[48.1858,29.6039],[48.3527,29.7098],[48.3445,29.7906],[48.1621,29.9957],[48.1227,29.9697],[48.1974,29.9254],[48.0951,29.8947],[48.1133,29.8391],[48.0461,29.8005]]],[[[49.292,27.4714],[49.2927,27.4529],[49.2992,27.4515],[49.292,27.4714]]],[[[51.8558,23.7685],[51.881,23.6863],[51.9244,23.6875],[51.8558,23.7685]]],[[[52.59,24.2566],[52.5922,24.2534],[52.6031,24.2642],[52.6003,24.2649],[52.59,24.2566]]],[[[53.7489,24.1363],[53.7747,24.1301],[53.7915,24.1363],[53.7489,24.1363]]],[[[54.1016,24.2978],[54.1908,24.2272],[54.1501,24.3143],[54.1016,24.2978]]],[[[54.2046,24.2983],[54.2222,24.2845],[54.2393,24.2812],[54.248,24.2855],[54.2046,24.2983]]],[[[55.2926,26.5485],[55.8766,26.7429],[55.947,26.6963],[56.2874,26.9551],[56.2124,27.003],[55.8977,26.9068],[55.758,26.954],[55.7742,26.7969],[55.3045,26.6564],[55.2926,26.5485]]],[[[66.3832,25.524],[66.392,25.5178],[66.3885,25.522],[66.3832,25.524]]],[[[66.4362,25.4869],[66.4697,25.4634],[66.4922,25.481],[66.4562,25.496],[66.4362,25.4869]]],[[[72.5014,36.0952],[72.5789,36.0952],[72.5958,36.1596],[72.5182,36.1596],[72.5014,36.0952]]],[[[47.042,39.7083],[47.1208,39.7083],[47.1326,39.7729],[47.0538,39.7729],[47.042,39.7083]]]]}},{"type":"Feature","properties":{"relationId":"cliopatria-relation-5dbd376c0e6d","name":"(Allegiance of Kidarites to Sasanian Empire)","name_ko":"키다라족–사산 제국 충성·복속 관계","relationKind":"allegiance","relation_kind_ko":"충성·복속 관계","actor_ids":"cliopatria-q26996-946abe121f;cliopatria-q83891-6c78591e24","actor_names_ko":"키다라족;사산 제국","color":"#e7b763","startYear":397,"endYear":401,"source_name":"Cliopatria v0.2.0","source_url":"https://github.com/Seshat-Global-History-Databank/cliopatria","license":"CC BY 4.0","attribution":"Seshat Global History Databank, Cliopatria contributors"},"geometry":{"type":"MultiPolygon","coordinates":[[[[51.1317,25.4221],[51.2066,25.4221],[51.2124,25.4864],[51.1375,25.4864],[51.1317,25.4221]]],[[[50.4507,26.1577],[50.4678,25.9576],[50.6075,25.8843],[50.6457,26.1457],[50.5516,26.1942],[50.6035,26.1977],[50.5933,26.2386],[50.4815,26.2426],[50.4507,26.1577]]],[[[50.6024,26.258],[50.6124,26.2413],[50.6478,26.2391],[50.6575,26.2112],[50.6736,26.2026],[50.6789,26.208],[50.681,26.2134],[50.682,26.224],[50.6564,26.2466],[50.656,26.258],[50.6024,26.258]]],[[[40.1029,34.2933],[40.4033,34.229],[40.3115,34.1004],[40.7036,34.1647],[40.9117,33.9718],[41.2116,33.9075],[41.2733,33.7789],[41.427,33.7789],[41.4886,33.6502],[42.0031,33.4574],[42.0645,33.3288],[42.2179,33.3288],[42.2103,33.2645],[42.5783,33.1359],[42.7085,32.943],[43.1526,32.8145],[43.3514,32.5574],[43.5044,32.5574],[43.4891,32.4288],[43.6954,32.236],[43.9169,32.1717],[43.9017,32.0431],[44.7336,31.9789],[44.8553,31.7218],[44.8098,31.3362],[45.0993,31.2076],[45.0844,31.0791],[45.7705,30.4364],[46.4462,30.3722],[46.659,30.2436],[46.6981,29.9223],[47.6538,29.6652],[47.5347,29.2795],[48.213,28.5724],[48.2474,28.1867],[48.3228,28.1867],[48.5288,27.9938],[48.5515,27.4795],[49.0588,27.2866],[49.2651,27.0938],[49.2525,26.9652],[49.8784,26.4508],[49.6745,25.8722],[50.0317,25.6793],[50.3438,24.9721],[50.6158,24.6506],[50.9201,24.7149],[51.1201,25.2936],[50.9647,25.2293],[50.982,25.4221],[51.2302,25.6793],[51.1733,25.8722],[51.3232,25.8722],[51.3504,25.3579],[51.2698,25.2936],[51.4022,25.1007],[51.3274,25.1007],[51.2939,24.7149],[51.1335,24.5864],[51.2028,24.5221],[51.1016,24.2006],[51.1658,24.072],[51.7423,23.9026],[51.5889,24.0894],[51.8219,23.8792],[51.9275,23.6876],[54.2732,23.7506],[54.8121,23.9435],[55.623,24.6506],[55.8412,24.5864],[55.8595,24.7792],[56.09,24.8435],[56.2895,24.5864],[56.2713,24.3935],[56.4894,24.3292],[56.5402,24.072],[56.8211,23.8792],[56.8095,23.7506],[57.8303,23.4934],[57.9736,23.4291],[57.962,23.3006],[58.3347,23.3006],[58.6096,23.0434],[58.9076,23.0434],[58.8961,22.9148],[59.2445,22.9148],[59.0879,23.0484],[58.7621,23.5421],[58.659,23.5625],[58.6045,23.6376],[58.3172,23.6209],[58.1316,23.7133],[57.8877,23.7209],[57.1515,23.9536],[56.9395,24.1159],[56.6112,24.4963],[56.4054,24.8973],[56.37,25.5257],[56.2666,25.6726],[56.3836,25.9261],[56.4533,25.9472],[56.3801,26.0382],[56.473,26.0986],[56.3638,26.1049],[56.3638,26.1458],[56.3359,26.1116],[56.3288,26.1728],[56.3911,26.2011],[56.4798,26.1458],[56.432,26.2215],[56.4873,26.2352],[56.3986,26.2687],[56.501,26.3587],[56.3601,26.3624],[56.3223,26.3096],[56.3638,26.2795],[56.3159,26.2904],[56.3084,26.2215],[56.4041,26.2147],[56.2949,26.1942],[56.1818,26.246],[55.9523,25.7721],[55.9597,25.8237],[55.6263,25.5363],[55.5482,25.5295],[55.551,25.5786],[55.4725,25.4128],[55.3037,25.283],[55.3289,25.2015],[55.2824,25.2607],[55.0823,25.0168],[54.722,24.7973],[54.5744,24.447],[54.4273,24.2921],[54.1226,24.1447],[53.5896,24.0471],[53.4458,24.1198],[52.6813,24.1408],[52.6003,24.2095],[52.3411,24.0075],[51.9287,23.9647],[51.8094,24.0007],[51.7684,24.2773],[51.7007,24.2219],[51.6726,24.2781],[51.6487,24.2186],[51.6278,24.2977],[51.5693,24.2562],[51.4129,24.3235],[51.2788,24.3078],[51.476,24.5891],[51.3953,24.6313],[51.3024,24.5172],[51.3064,24.6108],[51.221,24.6442],[51.3391,24.6462],[51.3406,24.5699],[51.611,25.0224],[51.6076,25.2551],[51.5188,25.2971],[51.4719,25.5214],[51.4914,25.6182],[51.5495,25.6312],[51.5051,25.6872],[51.5901,25.7119],[51.5446,25.7374],[51.5945,25.7582],[51.5594,25.9138],[51.3884,25.967],[51.3139,26.1294],[51.1694,26.1294],[50.9829,25.969],[50.9263,25.6328],[50.9776,25.6461],[50.8987,25.5322],[50.8722,25.5933],[50.8328,25.577],[50.8472,25.4674],[50.7656,25.5121],[50.7578,25.1862],[50.8596,24.7956],[50.7606,24.7364],[50.7264,24.8817],[50.5622,25.0548],[50.4715,25.4372],[50.3814,25.5129],[50.348,25.4821],[50.1487,25.6999],[50.2575,25.6319],[50.1013,25.9895],[50.0241,26.036],[49.99,26.0018],[49.9758,26.1396],[50.021,26.1977],[50.1172,26.0858],[50.2122,26.1913],[50.2092,26.3695],[50.0306,26.4946],[49.9832,26.6837],[50.0064,26.7476],[50.0237,26.6995],[50.1267,26.6876],[49.973,26.8424],[49.6995,26.9582],[49.5114,27.1859],[49.5244,27.1327],[49.3748,27.1491],[49.4124,27.204],[49.3226,27.2057],[49.3128,27.345],[49.2234,27.3313],[49.2638,27.4139],[49.1198,27.4411],[49.2905,27.4753],[49.2398,27.5451],[49.0589,27.5382],[48.9685,27.6203],[48.9143,27.5715],[48.9006,27.633],[48.8318,27.6125],[48.8733,27.6125],[48.8767,27.6838],[48.7788,27.7196],[48.8125,27.8286],[48.805,27.7565],[48.8576,27.8035],[48.8392,27.7286],[48.8827,27.8267],[48.7437,27.9613],[48.792,28.007],[48.6521,28.0461],[48.6184,28.2173],[48.5222,28.3188],[48.5355,28.4076],[48.4688,28.3871],[48.4946,28.5001],[48.3518,28.6405],[48.3936,28.7434],[48.3288,28.76],[48.1585,29.0173],[48.1003,29.35],[47.9857,29.3938],[47.8579,29.323],[47.8164,29.3376],[47.8373,29.3875],[47.7047,29.3636],[47.8662,29.5366],[48.1734,29.5734],[47.9956,29.8277],[47.9348,30.1071],[47.969,30.0041],[48.1192,30.045],[48.434,29.9365],[48.5304,29.9564],[48.4766,29.984],[48.6587,29.9836],[48.6433,30.0554],[48.8904,30.0308],[48.9417,30.1651],[48.8623,30.3456],[49.0373,30.4325],[48.9456,30.4797],[48.9815,30.5156],[49.2112,30.5063],[49.2638,30.4497],[49.2029,30.3466],[49.062,30.4081],[48.9212,30.3808],[49.1614,30.2238],[49.2212,30.2646],[49.2457,30.1565],[49.4798,30.1561],[49.5322,30.0229],[49.9146,30.2039],[50.0734,30.1957],[50.1613,29.9263],[50.6553,29.4491],[50.6895,29.2908],[50.6435,29.1458],[50.8403,29.1406],[50.915,29.0867],[50.929,29.0097],[50.8345,28.8914],[51.0588,28.7359],[51.0807,28.5339],[51.2853,28.2409],[51.3979,27.9379],[51.6834,27.8306],[52.0112,27.8327],[52.4596,27.6326],[52.6701,27.4486],[52.6098,27.4123],[52.6669,27.3271],[52.9326,27.1603],[53.4441,26.9757],[53.718,26.708],[54.0158,26.7495],[54.3081,26.715],[54.3894,26.6051],[54.791,26.4958],[55.2708,26.7925],[55.5217,26.7846],[55.5804,26.8591],[55.5545,26.8999],[55.6659,26.9954],[55.9393,27.0267],[56.1237,27.1606],[56.353,27.2016],[56.7147,27.158],[56.8846,27.0781],[56.8677,27.0123],[56.9733,27.003],[56.9273,26.9556],[57.0524,26.8366],[57.1331,26.2637],[57.2129,26.1662],[57.1668,26.083],[57.3057,25.8135],[57.5207,25.7436],[57.7556,25.7427],[57.7717,25.6356],[57.9632,25.6932],[58.0731,25.5636],[58.419,25.612],[58.8252,25.5604],[59.044,25.3996],[59.4539,25.4616],[59.538,25.3998],[59.8446,25.3579],[60.3993,25.3579],[60.4285,25.4196],[60.5497,25.4469],[60.6321,25.3579],[60.6335,25.275],[61.0306,25.2098],[61.2236,25.1124],[61.5074,25.1467],[61.4826,25.1937],[61.5584,25.2005],[61.5545,25.2541],[61.5882,25.2021],[61.7831,25.188],[61.7201,25.0374],[61.8431,25.0364],[61.8811,25.103],[62.0972,25.1071],[62.059,25.1616],[62.1452,25.2184],[62.2542,25.212],[62.3398,25.1302],[62.5275,25.2642],[63.5108,25.2293],[63.4695,25.2893],[63.5725,25.365],[64.0727,25.3579],[64.0488,25.4165],[63.9766,25.4128],[64.0454,25.4503],[64.1553,25.4469],[64.0838,25.4267],[64.1,25.3579],[64.225,25.3579],[64.4393,25.2346],[64.5654,25.2703],[64.6111,25.1886],[64.7018,25.1773],[64.6686,25.2551],[64.7444,25.324],[65.1899,25.3135],[65.2323,25.3707],[65.3954,25.3923],[65.6521,25.3445],[66.1813,25.4531],[66.3411,25.5483],[66.0944,25.4748],[66.1672,25.5661],[66.3755,25.6257],[66.531,25.5181],[66.7372,25.1811],[66.6813,24.9247],[67.1121,25.1007],[67.5021,25.8079],[67.1966,26.3222],[67.1745,27.2223],[67.0623,27.4795],[67.121,27.8652],[67.0457,27.8652],[67.0409,28.3153],[66.9655,28.3153],[67.0067,28.5724],[66.9313,28.5724],[67.2135,29.7937],[67.5217,30.2436],[67.9607,30.565],[68.287,31.0791],[68.9982,31.5933],[69.0243,31.7218],[69.2927,31.9146],[69.6742,31.9146],[69.8673,32.1074],[70.7001,32.4288],[70.9522,32.8788],[71.4992,33.2645],[72.1408,34.0361],[72.4639,34.1004],[72.4175,33.9075],[72.725,33.9075],[72.7709,33.7789],[73.1706,33.8432],[73.3712,34.0361],[73.3442,34.5506],[73.7172,34.8079],[73.7336,34.8723],[73.4412,34.9366],[72.711,35.7089],[72.8218,35.8377],[72.6061,35.902],[72.6396,36.0308],[72.4678,35.9664],[72.5014,36.0952],[72.3023,36.224],[72.3095,36.546],[72.2318,36.546],[72.3783,36.8037],[72.3005,36.8037],[72.3526,36.9971],[72.7225,37.7707],[72.9893,38.1578],[73.4942,38.5451],[73.7479,39.1265],[73.6303,39.2557],[73.6903,39.4496],[73.2966,39.4496],[73.0993,39.3203],[72.4894,39.385],[72.3716,39.2557],[71.8402,39.3203],[69.4839,39.0618],[67.2655,38.9972],[65.2953,38.6743],[65.1051,38.5451],[64.4987,38.9326],[64.2631,38.9326],[63.701,39.1911],[63.2507,39.5789],[63.0931,39.5789],[63.048,39.7083],[62.6087,39.8376],[62.5807,40.0317],[61.202,39.5789],[60.7131,39.5143],[60.6826,39.7083],[60.0518,39.7083],[60.0839,39.8376],[59.7683,39.8376],[59.77,40.1612],[58.9797,40.1612],[58.8537,40.2906],[58.5374,40.2906],[58.332,40.4201],[57.3512,40.2906],[57.2411,40.1612],[56.9558,40.2906],[56.9868,40.4201],[56.6548,40.3554],[54.5437,40.8088],[54.2937,40.7804],[54.3182,40.7216],[54.4304,40.7214],[54.3626,40.6879],[54.4036,40.6737],[54.1711,40.7297],[53.721,40.6257],[53.6939,40.7121],[53.4044,40.6792],[53.3794,40.7915],[53.3397,40.744],[52.9433,40.744],[52.9723,40.8736],[52.893,40.8736],[52.7927,40.4201],[52.7251,40.4201],[52.7505,40.0941],[53.4985,40.0317],[53.5036,39.9747],[53.5745,39.9679],[53.5111,39.8909],[53.5338,39.6376],[53.5335,39.6805],[53.7362,39.5179],[53.1375,39.4496],[53.5176,39.385],[53.9868,38.9972],[53.8298,37.8352],[53.9079,37.8352],[53.9105,37.4483],[54.0947,37.1904],[54.0143,36.8211],[53.0877,36.8037],[52.1859,36.546],[51.642,36.546],[50.8207,36.7393],[50.532,36.8682],[50.611,36.9697],[50.4759,37.0379],[50.3209,36.9971],[49.9988,37.3838],[49.0851,37.5128],[48.8285,37.8352],[48.8411,38.3515],[48.7627,38.3515],[48.7656,38.8034],[48.9155,39.1911],[48.6733,39.5789],[48.3035,39.7083],[47.1208,39.7083],[46.5561,39.1911],[46.5113,38.9326],[46.3431,38.868],[45.872,38.868],[45.2869,39.1265],[45.23,39.2557],[44.994,39.2557],[44.7152,38.9972],[44.6998,38.416],[44.356,38.2224],[44.306,37.8998],[44.0519,37.7707],[44.0325,37.6417],[42.802,37.7707],[42.5082,37.8998],[42.03,37.8352],[41.9702,37.9643],[41.6666,38.0288],[41.1191,38.0288],[41.273,36.8682],[41.6796,36.4172],[41.5766,36.224],[41.0863,36.0308],[41.0536,35.7733],[41.1311,35.7733],[41.1122,35.001],[40.7723,34.7436],[40.6181,34.7436],[40.1029,34.2933]],[[51.5693,24.2562],[51.5776,24.1171],[51.5732,24.1278],[51.5693,24.2562]],[[42.7157,37.3553],[42.7805,37.3755],[42.788,37.3732],[42.7157,37.3553]],[[42.7951,37.371],[42.8011,37.3691],[42.8141,37.3468],[42.7951,37.371]],[[44.5699,37.5144],[44.5732,37.5275],[44.5793,37.477],[44.5699,37.5144]],[[44.7525,37.1131],[44.7649,37.1394],[44.7544,37.1084],[44.7525,37.1131]],[[44.8666,36.7801],[44.9227,36.7759],[44.8772,36.7765],[44.8666,36.7801]],[[44.9962,36.7417],[45.0353,36.6896],[45.0373,36.6808],[44.9962,36.7417]],[[45.0355,36.633],[45.0426,36.6569],[45.0443,36.6493],[45.0355,36.633]],[[45.0382,36.494],[45.0608,36.4472],[45.0391,36.4798],[45.0382,36.494]],[[45.0791,36.4197],[45.1108,36.4025],[45.0837,36.4128],[45.0791,36.4197]],[[45.1108,36.4025],[45.196,36.4224],[45.2213,36.4209],[45.1108,36.4025]],[[46.5901,38.9137],[46.6522,38.9929],[46.5992,38.9197],[46.5901,38.9137]],[[48.1351,30.4429],[48.1409,30.4419],[48.1705,30.4067],[48.1351,30.4429]],[[48.291,30.32],[48.2964,30.3198],[48.3014,30.3149],[48.291,30.32]],[[48.3292,30.2876],[48.397,30.221],[48.4026,30.2088],[48.3292,30.2876]],[[48.3811,30.1453],[48.3832,30.1481],[48.3831,30.1424],[48.3811,30.1453]],[[48.4082,30.1885],[48.4085,30.1961],[48.4106,30.1915],[48.4082,30.1885]],[[48.4239,30.0836],[48.4618,29.9949],[48.4531,30.0014],[48.4239,30.0836]],[[54.7873,37.6519],[54.8136,37.7186],[54.8234,37.7283],[54.7873,37.6519]],[[55.4474,38.0837],[55.6299,38.1056],[55.511,38.0858],[55.4474,38.0837]],[[55.724,38.1169],[55.7384,38.1186],[55.7688,38.1115],[55.724,38.1169]],[[55.7927,24.7223],[55.7936,24.7339],[55.7943,24.7175],[55.7927,24.7223]],[[55.8208,38.0995],[55.8798,38.0858],[55.8541,38.086],[55.8208,38.0995]],[[55.9576,24.8687],[55.9609,24.8812],[55.9636,24.8626],[55.9576,24.8687]],[[56.2141,38.0688],[56.3155,38.0895],[56.2997,38.0802],[56.2141,38.0688]],[[57.1814,38.2757],[57.1859,38.2765],[57.2183,38.2651],[57.1814,38.2757]],[[61.1016,35.2353],[61.1038,35.2494],[61.1124,35.202],[61.1016,35.2353]],[[63.1743,26.685],[63.1823,26.8302],[63.1896,26.846],[63.1743,26.685]],[[63.1896,26.846],[63.206,26.8537],[63.2467,26.8595],[63.1896,26.846]],[[64.589,36.5802],[64.5901,36.5947],[64.6105,36.5009],[64.589,36.5802]],[[64.5911,36.6093],[64.592,36.6211],[64.5985,36.6369],[64.5911,36.6093]],[[64.614,36.6746],[64.6214,36.6926],[64.7652,36.9046],[64.614,36.6746]],[[64.7788,37.118],[64.8079,37.1355],[64.9891,37.2137],[64.7788,37.118]],[[66.0797,37.4409],[66.1545,37.3835],[66.1429,37.3851],[66.0797,37.4409]],[[66.3069,38.0804],[66.4204,38.0419],[66.4083,38.0428],[66.3069,38.0804]],[[66.4878,37.3422],[66.5196,37.3642],[66.531,37.3649],[66.4878,37.3422]],[[66.5399,38.028],[66.5542,38.0269],[66.5722,38.0184],[66.5399,38.028]],[[67.7731,37.11],[67.7741,37.1205],[67.7823,37.1029],[67.7731,37.11]],[[67.8003,37.0891],[67.8176,37.0806],[67.808,37.0832],[67.8003,37.0891]],[[68.0169,36.9294],[68.0256,36.9271],[68.0202,36.9257],[68.0169,36.9294]],[[68.0433,36.9316],[68.1864,37.0183],[68.0549,36.9346],[68.0433,36.9316]],[[69.2457,37.1039],[69.3143,37.1189],[69.3121,37.1175],[69.2457,37.1039]],[[71.3191,36.2006],[71.3935,36.228],[71.3824,36.2186],[71.3191,36.2006]],[[71.3564,35.9331],[71.3685,35.894],[71.3607,35.9003],[71.3564,35.9331]],[[71.4008,35.868],[71.4167,35.8588],[71.4234,35.8499],[71.4008,35.868]],[[71.4471,35.8179],[71.4644,35.7947],[71.4658,35.7881],[71.4471,35.8179]],[[71.4756,35.741],[71.5027,35.7191],[71.5074,35.7095],[71.4756,35.741]],[[71.4833,35.6266],[71.5059,35.6034],[71.4927,35.6096],[71.4833,35.6266]],[[71.5144,35.6753],[71.5151,35.6935],[71.5198,35.6838],[71.5144,35.6753]],[[71.5316,35.3279],[71.6138,35.4035],[71.6111,35.3955],[71.5316,35.3279]],[[71.573,35.5692],[71.5842,35.5642],[71.5935,35.5494],[71.573,35.5692]],[[72.1496,36.6893],[72.1535,36.7021],[72.1657,36.7071],[72.1496,36.6893]],[[72.1861,36.7153],[72.2136,36.7264],[72.2821,36.738],[72.1861,36.7153]]],[[[48.0108,29.9805],[48.0311,29.971],[48.0789,30.0041],[48.1061,30.0176],[48.1092,30.028],[48.0547,30.0245],[48.0108,29.9805]]],[[[48.0461,29.8005],[48.1858,29.6039],[48.3527,29.7098],[48.3445,29.7906],[48.1621,29.9957],[48.1227,29.9697],[48.1974,29.9254],[48.0951,29.8947],[48.1133,29.8391],[48.0461,29.8005]]],[[[49.292,27.4714],[49.2927,27.4529],[49.2992,27.4515],[49.292,27.4714]]],[[[51.8558,23.7685],[51.881,23.6863],[51.9244,23.6875],[51.8558,23.7685]]],[[[52.59,24.2566],[52.5922,24.2534],[52.6031,24.2642],[52.6003,24.2649],[52.59,24.2566]]],[[[53.7489,24.1363],[53.7747,24.1301],[53.7915,24.1363],[53.7489,24.1363]]],[[[54.1016,24.2978],[54.1908,24.2272],[54.1501,24.3143],[54.1016,24.2978]]],[[[54.2046,24.2983],[54.2222,24.2845],[54.2393,24.2812],[54.248,24.2855],[54.2046,24.2983]]],[[[55.2926,26.5485],[55.8766,26.7429],[55.947,26.6963],[56.2874,26.9551],[56.2124,27.003],[55.8977,26.9068],[55.758,26.954],[55.7742,26.7969],[55.3045,26.6564],[55.2926,26.5485]]],[[[66.3832,25.524],[66.392,25.5178],[66.3885,25.522],[66.3832,25.524]]],[[[66.4362,25.4869],[66.4697,25.4634],[66.4922,25.481],[66.4562,25.496],[66.4362,25.4869]]],[[[72.5014,36.0952],[72.5789,36.0952],[72.5958,36.1596],[72.5182,36.1596],[72.5014,36.0952]]],[[[47.042,39.7083],[47.1208,39.7083],[47.1326,39.7729],[47.0538,39.7729],[47.042,39.7083]]]]}},{"type":"Feature","properties":{"relationId":"cliopatria-relation-bdaf8580fce1","name":"(Alliance between Gupta Empire and Vakataka Kingdom)","name_ko":"굽타 왕조–바카타카 동맹","relationKind":"alliance","relation_kind_ko":"동맹","actor_ids":"cliopatria-q11774-e614932c2f;cliopatria-q1501306-fc655e06d0","actor_names_ko":"굽타 왕조;바카타카","color":"#4fd1c5","startYear":347,"endYear":352,"source_name":"Cliopatria v0.2.0","source_url":"https://github.com/Seshat-Global-History-Databank/cliopatria","license":"CC BY 4.0","attribution":"Seshat Global History Databank, Cliopatria contributors"},"geometry":{"type":"MultiPolygon","coordinates":[[[[66.9313,28.5724],[67.0067,28.5724],[66.9655,28.3153],[67.0409,28.3153],[67.0457,27.8652],[67.121,27.8652],[67.0623,27.4795],[67.1745,27.2223],[67.1966,26.3222],[67.5021,25.8079],[67.211,25.2936],[67.5852,25.2936],[67.6931,25.5507],[68.8111,26.0651],[69.5609,26.0651],[69.8999,25.8079],[70.6313,25.6793],[70.7862,25.165],[71.0107,25.165],[71.3423,24.8435],[71.7994,24.9078],[72.2826,25.165],[72.8064,25.165],[73.2777,24.7792],[73.9418,24.7149],[74.6409,24.9078],[74.7336,25.0364],[75.2572,25.0364],[75.6681,25.2936],[76.5199,25.4864],[78.1672,25.4864],[78.3144,24.9721],[78.576,24.7149],[78.875,24.7149],[80.1644,24.3292],[80.9876,23.8149],[82.5635,23.8792],[82.6198,23.7506],[82.4525,23.622],[82.4257,23.4291],[82.3335,23.3006],[82.1844,23.3006],[82.0838,23.1077],[82.0565,22.9038],[81.2387,22.4222],[81.1491,22.2197],[80.761,22.1367],[78.0587,22.5969],[77.2127,22.9457],[75.8939,22.4774],[75.3689,22.4682],[74.3114,22.2243],[74.3835,21.6681],[74.177,20.8448],[73.9133,20.6028],[74.111,19.8291],[74.4557,18.9427],[73.7217,18.6082],[73.9431,18.1595],[74.2765,17.9087],[75.0579,16.7687],[75.0081,15.5402],[75.4598,15.0771],[75.9686,14.6947],[77.3072,14.8631],[78.1931,15.5642],[78.7604,15.7271],[78.7305,16.6733],[78.8749,17.3633],[79.4472,17.9561],[80.3336,18.5666],[80.336,17.9648],[80.4685,17.8362],[80.4458,17.6433],[79.9448,16.4861],[79.7833,16.3576],[79.7739,16.2719],[80.3678,15.8564],[80.318,15.7332],[80.6702,15.9077],[80.8565,15.8122],[80.8965,16.0311],[80.91,15.8527],[81.0189,15.7916],[80.9989,15.8467],[81.1497,15.9696],[81.2596,16.3327],[81.4114,16.3825],[81.4167,16.3402],[81.5402,16.3737],[81.7825,16.3331],[82.2035,16.5127],[82.3074,16.5798],[82.2809,16.6208],[82.3381,16.6784],[82.3662,16.8719],[82.2679,16.8675],[82.2527,16.9292],[82.3877,17.1269],[82.7185,17.3486],[83.2389,17.593],[83.2129,17.6349],[83.2991,17.6643],[83.2469,17.7163],[83.3413,17.7174],[83.4519,17.9229],[84.1131,18.2983],[84.3499,18.5529],[84.2469,18.5256],[84.4237,18.6365],[84.7411,19.0281],[84.78,19.0971],[84.7405,19.0737],[84.7388,19.1476],[84.791,19.1206],[85.1804,19.475],[85.4089,19.6099],[85.2884,19.6013],[85.3779,19.6149],[85.3914,19.6906],[85.2476,19.6565],[85.193,19.5808],[85.2332,19.5541],[85.124,19.4783],[85.1029,19.5296],[85.2681,19.78],[85.4401,19.8962],[85.5703,19.8756],[85.5765,19.7458],[85.5099,19.7346],[85.5021,19.6739],[86.089,19.8442],[86.3724,19.965],[86.1677,20.0729],[86.1525,20.1431],[86.3972,19.9829],[86.4951,20.1841],[86.7546,20.3144],[86.6937,20.2939],[86.8071,20.4104],[86.7205,20.3685],[86.7515,20.4892],[87.0215,20.6756],[86.9402,20.698],[86.9987,20.7111],[86.9866,20.7519],[86.8788,20.7806],[86.9657,20.806],[86.844,21.0822],[86.9177,21.3274],[87.2009,21.552],[87.7038,21.6555],[87.834,21.7293],[87.9837,21.8542],[88.0431,22.0173],[88.1643,22.0898],[88.1326,22.1791],[87.9653,22.2448],[87.9066,22.4247],[88.009,22.2404],[88.198,22.1678],[88.2224,22.0779],[88.1467,21.9592],[88.2442,21.5832],[88.2954,21.6766],[88.2616,21.7987],[88.3097,21.6102],[88.3312,21.7191],[88.3926,21.6986],[88.3871,21.6416],[88.4676,21.6745],[88.4956,21.9518],[88.5166,21.7017],[88.6602,22.205],[88.6442,22.0791],[88.763,22.1306],[88.7149,22.0791],[88.763,22.0173],[88.7196,21.9428],[88.728,21.6291],[88.8109,21.6917],[88.803,21.6291],[88.8587,21.6365],[88.8587,21.7668],[88.8916,21.6535],[89.0832,21.6291],[89.0159,21.8533],[88.905,21.9694],[89.0095,21.9046],[89.0609,21.9385],[89.0437,22.1374],[89.1047,21.8159],[89.2947,21.7577],[89.3596,21.9723],[89.369,21.7577],[89.4501,21.7577],[89.5218,21.9623],[89.4758,22.2951],[89.5329,21.9847],[89.5794,22.1132],[89.5492,22.2053],[89.6265,22.336],[89.5274,21.8128],[89.5365,21.7577],[89.6747,21.7577],[89.7007,21.7849],[89.619,21.8699],[89.647,21.9251],[89.7092,21.8301],[89.8782,21.8837],[89.7972,22.076],[89.8713,22.0919],[89.8387,22.2678],[89.8729,22.4186],[89.9204,22.3918],[90.0101,22.4902],[89.8768,22.2747],[89.9344,21.9977],[89.9828,21.9866],[90.0784,22.164],[89.9963,22.0002],[90.058,21.9937],[90.2361,22.1989],[90.0302,21.9124],[90.0866,21.8691],[90.1262,21.932],[90.1005,21.8585],[90.1848,21.801],[90.2727,21.8574],[90.4129,22.178],[90.3943,22.2882],[90.3875,22.1026],[90.446,22.0791],[90.6135,22.3149],[90.5597,22.5623],[90.4725,22.5756],[90.4421,22.4936],[90.5127,22.6115],[90.4929,22.7099],[90.3726,22.7614],[90.54,22.8966],[90.4489,23.0557],[90.572,23.0817],[90.6108,23.2308],[90.2494,23.4554],[90.5519,23.385],[90.5768,23.5395],[90.4763,23.583],[90.6333,23.5966],[90.6078,23.4911],[90.7158,23.5351],[90.6003,23.4499],[90.6673,23.2676],[90.6294,23.0644],[90.7949,22.7414],[90.9417,22.5859],[91.0379,22.5886],[91.0038,22.6787],[91.0667,22.5884],[91.2352,22.6659],[91.169,22.6849],[91.1819,22.7265],[91.3038,22.6974],[91.3464,22.7748],[91.4147,22.7537],[91.4905,22.9045],[91.4615,22.77],[91.497,22.7863],[91.676,22.5346],[91.7871,22.2379],[91.9081,22.4247],[91.8088,22.3063],[91.813,22.1803],[91.8672,22.1374],[91.9157,21.8625],[91.9497,21.8842],[91.8993,21.7895],[91.99,21.7948],[91.9497,21.716],[91.9839,21.6501],[92.0293,21.7049],[91.99,21.562],[92.0531,21.5005],[92.0525,21.1548],[92.233,20.8878],[92.2941,20.8694],[92.2649,21.0544],[92.3331,20.8577],[92.3318,21.372],[92.759,21.2434],[92.7774,21.372],[92.6566,21.5648],[92.7314,22.0791],[92.5922,22.1434],[92.6302,22.4005],[92.4649,22.7863],[92.4943,22.9791],[92.4198,22.9791],[92.3611,23.5577],[92.2222,23.622],[92.2525,24.2649],[92.0392,24.3292],[91.7832,24.1363],[91.3458,24.2006],[91.3031,24.3935],[91.3994,24.5221],[91.3247,24.5221],[91.305,24.8435],[91.0283,24.9721],[91.0624,25.165],[92.4723,25.1007],[92.8067,25.2936],[92.804,25.6793],[92.6787,25.8079],[92.379,25.8079],[92.4413,26.1294],[90.767,26.0008],[90.4166,26.1294],[89.5168,26.1294],[89.2659,26.3865],[89.0408,26.3865],[88.9905,26.5151],[88.5526,26.5794],[87.9903,26.3865],[87.2399,26.3865],[87.1141,26.5151],[86.6516,26.4508],[86.3126,26.6437],[85.787,26.6437],[85.7362,26.7723],[85.5109,26.7723],[85.5476,27.3509],[85.3346,27.4152],[85.2485,27.7367],[84.8591,27.6724],[84.7474,27.8652],[84.2825,27.8009],[83.4797,27.9295],[83.0664,28.1224],[83.0171,28.251],[81.9485,28.1867],[81.7849,28.1224],[81.7595,27.9938],[81.1945,28.1867],[80.957,28.5081],[80.6811,28.6367],[80.3036,28.6367],[79.9157,28.9581],[79.8693,30.5007],[79.6239,30.7578],[79.6071,31.0148],[79.1796,31.4647],[78.8139,31.529],[78.8443,31.6575],[78.448,31.5933],[76.4634,32.236],[76.0811,32.5574],[76.1274,32.7502],[75.8824,32.6859],[75.4694,32.8788],[75.4238,33.0073],[75.2706,33.0073],[75.2405,33.2002],[75.1028,33.2645],[75.1341,33.3931],[74.9964,33.4574],[75.028,33.5859],[74.6016,34.0361],[74.6337,34.1647],[74.4513,34.3577],[74.2973,34.3577],[74.1918,34.5506],[74.0377,34.5506],[73.9931,34.6793],[73.701,34.7436],[73.7172,34.8079],[73.3442,34.5506],[73.3712,34.0361],[73.1706,33.8432],[72.7709,33.7789],[72.725,33.9075],[72.4175,33.9075],[72.4639,34.1004],[72.1408,34.0361],[71.4992,33.2645],[70.9522,32.8788],[70.7001,32.4288],[69.8673,32.1074],[69.6742,31.9146],[69.2927,31.9146],[69.0874,31.6575],[68.935,31.6575],[68.922,31.5933],[68.287,31.0791],[67.9607,30.565],[67.5217,30.2436],[67.2135,29.7937],[66.9313,28.5724]],[[72.1203,29.1685],[72.1634,29.4982],[73.6099,30.2433],[73.9516,30.2548],[74.3896,30.7522],[74.8474,31.0681],[75.355,30.8946],[76.1712,30.8804],[76.3404,30.7464],[76.5859,30.9145],[76.5693,31.3037],[76.8878,31.2923],[77.193,31.1363],[78.0622,31.4],[79.0144,30.5838],[78.8253,30.3321],[78.2746,30.0769],[77.7968,29.3711],[77.7736,28.8813],[77.5115,28.3716],[77.8001,27.4482],[77.2428,26.6237],[76.7683,26.2672],[75.7996,26.7185],[74.1872,27.2389],[73.4905,27.2448],[73.2649,27.9065],[72.9364,28.3074],[72.5847,28.4563],[72.2895,28.8348],[72.1203,29.1685]],[[73.7749,34.371],[73.7798,34.3961],[73.7963,34.4185],[73.7749,34.371]],[[73.7827,34.3468],[73.8217,34.3204],[73.8042,34.3275],[73.7827,34.3468]],[[73.8356,34.3146],[73.9377,34.3042],[73.8533,34.3074],[73.8356,34.3146]],[[73.8937,34.0543],[73.9458,34.0098],[73.9162,34.0279],[73.8937,34.0543]],[[74.5351,31.7711],[74.5408,31.8109],[74.5485,31.8201],[74.5351,31.7711]],[[74.5589,31.8325],[74.5656,31.8405],[74.67,31.9042],[74.5589,31.8325]],[[80.7311,18.5893],[80.7958,20.003],[80.803,20.0052],[80.7972,19.9577],[80.7311,18.5893]],[[84.6273,27.0365],[84.7607,26.999],[84.6402,27.0284],[84.6273,27.0365]],[[85.1949,26.7589],[85.2957,26.7387],[85.2873,26.737],[85.1949,26.7589]],[[88.5401,23.65],[88.5612,23.741],[88.5416,23.6388],[88.5401,23.65]],[[88.5764,23.5918],[88.6092,23.5888],[88.5815,23.5883],[88.5764,23.5918]],[[89.0623,22.2116],[89.0762,22.175],[89.0782,22.1508],[89.0623,22.2116]],[[91.1406,23.6197],[91.1951,23.4952],[91.1408,23.6121],[91.1406,23.6197]],[[91.214,23.7996],[91.2282,23.845],[91.2253,23.8261],[91.214,23.7996]],[[92.175,21.1756],[92.1799,21.207],[92.1807,21.1661],[92.175,21.1756]],[[92.1951,21.1421],[92.2118,21.1235],[92.2243,21.0932],[92.1951,21.1421]]],[[[80.8685,15.812],[80.8698,15.8105],[80.9628,15.7987],[80.8884,15.8467],[80.8685,15.812]]],[[[82.3489,16.9565],[82.3571,16.8975],[82.3642,16.9149],[82.3489,16.9565]]],[[[85.4994,19.6535],[85.5765,19.6906],[85.4996,19.6549],[85.4994,19.6535]]],[[[88.7169,22.0443],[88.7179,22.0085],[88.7307,22.0372],[88.7169,22.0443]]],[[[89.0457,21.9171],[89.0515,21.7932],[89.1136,21.7311],[89.139,21.7668],[89.0457,21.9171]]],[[[90.3233,21.9087],[90.376,21.9959],[90.3714,21.9948],[90.3322,21.9388],[90.3233,21.9087]]],[[[90.3396,21.9723],[90.3811,22.0231],[90.3875,22.048],[90.3739,22.0456],[90.3587,22.0227],[90.3396,21.9723]]],[[[90.4297,23.3852],[90.4373,23.3618],[90.4871,23.319],[90.5061,23.3142],[90.5241,23.3223],[90.5296,23.3336],[90.5862,23.3017],[90.5776,23.3236],[90.5394,23.35],[90.4557,23.385],[90.4297,23.3852]]],[[[90.4557,22.7674],[90.521,22.7118],[90.591,22.8139],[90.6782,22.8083],[90.5444,22.8807],[90.4734,22.8651],[90.4557,22.7674]]],[[[90.4557,23.0628],[90.4695,23.0076],[90.5156,23.0519],[90.5104,23.069],[90.4557,23.0628]]],[[[90.4977,22.0791],[90.5734,22.0791],[90.6135,22.164],[90.4977,22.0791]]],[[[90.5081,22.9758],[90.6673,22.9182],[90.5862,23.0349],[90.5081,22.9758]]],[[[90.5563,22.6747],[90.6818,22.4453],[90.6112,22.0791],[90.6818,22.1026],[90.6475,21.994],[90.8279,22.1524],[90.855,22.4347],[90.6506,22.7874],[90.5855,22.7681],[90.5563,22.6747]]],[[[90.6014,22.4292],[90.6401,22.3087],[90.6587,22.3795],[90.6014,22.4292]]],[[[90.6475,22.4247],[90.6673,22.439],[90.6653,22.4691],[90.6535,22.4835],[90.6475,22.4247]]],[[[91.4238,22.5253],[91.4761,22.4133],[91.5552,22.402],[91.4676,22.5863],[91.4238,22.5253]]],[[[91.8538,21.6647],[91.866,21.5005],[91.9611,21.5062],[91.9356,21.7812],[91.8877,21.685],[91.8723,21.7548],[91.8538,21.6647]]],[[[91.8798,21.8462],[91.8877,21.8662],[91.8843,21.8772],[91.8798,21.8462]]],[[[91.0304,22.1434],[91.1598,22.1792],[91.1552,22.3363],[91.0706,22.3363],[91.0304,22.1434]]],[[[73.7172,34.8079],[73.7944,34.8079],[73.8107,34.8723],[73.7336,34.8723],[73.7172,34.8079]]]]}},{"type":"Feature","properties":{"relationId":"cliopatria-relation-bdaf8580fce1","name":"(Alliance between Gupta Empire and Vakataka Kingdom)","name_ko":"굽타 왕조–바카타카 동맹","relationKind":"alliance","relation_kind_ko":"동맹","actor_ids":"cliopatria-q11774-e614932c2f;cliopatria-q1501306-fc655e06d0","actor_names_ko":"굽타 왕조;바카타카","color":"#4fd1c5","startYear":353,"endYear":357,"source_name":"Cliopatria v0.2.0","source_url":"https://github.com/Seshat-Global-History-Databank/cliopatria","license":"CC BY 4.0","attribution":"Seshat Global History Databank, Cliopatria contributors"},"geometry":{"type":"MultiPolygon","coordinates":[[[[66.9313,28.5724],[67.0067,28.5724],[66.9655,28.3153],[67.0409,28.3153],[67.0457,27.8652],[67.121,27.8652],[67.0623,27.4795],[67.1745,27.2223],[67.1966,26.3222],[67.5021,25.8079],[67.211,25.2936],[67.5852,25.2936],[67.6931,25.5507],[68.8111,26.0651],[69.5609,26.0651],[69.8999,25.8079],[70.6313,25.6793],[70.7862,25.165],[71.0107,25.165],[71.3423,24.8435],[71.7994,24.9078],[72.2826,25.165],[72.8064,25.165],[73.2777,24.7792],[73.9418,24.7149],[74.6409,24.9078],[74.7336,25.0364],[75.2572,25.0364],[75.6681,25.2936],[76.5199,25.4864],[78.1672,25.4864],[78.3144,24.9721],[78.576,24.7149],[78.875,24.7149],[80.1644,24.3292],[80.9876,23.8149],[82.629,23.8149],[82.3335,23.3006],[82.1844,23.3006],[82.0924,23.172],[82.1153,22.7863],[81.9244,22.4648],[81.4614,22.3363],[81.288,22.1434],[81.1572,21.6934],[81.1602,21.1148],[80.914,20.922],[81.0233,20.6005],[80.8361,20.2791],[80.6454,19.3148],[80.5714,19.3148],[80.5636,19.2505],[80.5172,19.2505],[80.5271,19.4819],[80.6017,19.8568],[80.6913,20.0159],[80.318,20.9901],[80.2583,21.3196],[80.2334,22.1978],[78.1085,22.5521],[77.1928,22.8597],[76.1328,22.5889],[75.441,22.1978],[74.3114,22.0641],[74.2367,21.0366],[73.9133,20.5713],[74.0327,20.0065],[74.2168,19.4773],[74.4656,19.0121],[74.7431,18.8135],[75.8238,18.7198],[77.0616,17.8516],[77.5019,17.0251],[77.4541,15.1718],[77.5362,15.2127],[78.6413,15.1155],[78.8052,15.8744],[78.9545,15.8983],[79.2481,16.634],[80.2518,17.2435],[79.9448,16.4861],[79.5273,16.0361],[79.2962,14.4932],[79.3697,14.4932],[79.3293,14.0538],[79.5217,13.5109],[79.445,12.886],[79.778,12.78],[80.1349,12.4414],[80.2517,12.7625],[80.3478,13.3491],[80.327,13.4304],[80.1194,13.5007],[80.0565,13.5952],[80.094,13.6948],[80.1356,13.6191],[80.1419,13.7289],[80.2204,13.6187],[80.2486,13.8018],[80.1497,14.0277],[80.1356,14.2292],[80.0466,14.2066],[80.175,14.3445],[80.197,14.565],[80.1419,14.5712],[80.1785,14.6058],[80.1082,14.7143],[80.053,15.0926],[80.0906,15.3049],[80.2796,15.7007],[80.6702,15.9077],[80.8565,15.8122],[80.8965,16.0311],[80.91,15.8527],[81.0189,15.7916],[80.9989,15.8467],[81.1497,15.9696],[81.2596,16.3327],[81.4114,16.3825],[81.4167,16.3402],[81.5402,16.3737],[81.7825,16.3331],[82.3074,16.5798],[82.3662,16.8719],[82.2679,16.8675],[82.2527,16.9292],[82.3877,17.1269],[82.7185,17.3486],[83.2389,17.593],[83.2129,17.6349],[83.2991,17.6643],[83.2469,17.7163],[83.3413,17.7174],[83.4519,17.9229],[84.1131,18.2983],[84.3499,18.5529],[84.2469,18.5256],[84.4237,18.6365],[84.7411,19.0281],[84.78,19.0971],[84.7405,19.0737],[84.7388,19.1476],[84.791,19.1206],[85.1804,19.475],[85.4089,19.6099],[85.2884,19.6013],[85.3779,19.6149],[85.3914,19.6906],[85.2476,19.6565],[85.193,19.5808],[85.2332,19.5541],[85.124,19.4783],[85.1029,19.5296],[85.2681,19.78],[85.4401,19.8962],[85.5703,19.8756],[85.5765,19.7458],[85.5099,19.7346],[85.5021,19.6739],[86.3724,19.965],[86.1677,20.0729],[86.1525,20.1431],[86.2092,20.0666],[86.4263,19.9992],[86.3914,20.0202],[86.4951,20.1841],[86.7546,20.3144],[86.6937,20.2939],[86.8071,20.4104],[86.7205,20.3685],[86.7515,20.4892],[87.0215,20.6756],[86.9402,20.698],[86.9987,20.7111],[86.9866,20.7519],[86.8788,20.7806],[86.9657,20.806],[86.844,21.0822],[86.9177,21.3274],[87.2009,21.552],[87.7038,21.6555],[87.834,21.7293],[87.9837,21.8542],[88.0431,22.0173],[88.1643,22.0898],[88.1326,22.1791],[87.9653,22.2448],[87.9066,22.4247],[88.009,22.2404],[88.198,22.1678],[88.2224,22.0779],[88.1467,21.9592],[88.2097,21.7886],[88.1819,21.6652],[88.3017,21.5786],[88.2616,21.7987],[88.3218,21.6057],[88.3312,21.7191],[88.4598,21.6934],[88.4956,21.9518],[88.5166,21.7017],[88.6602,22.205],[88.6442,22.0791],[88.763,22.1306],[88.7149,22.0791],[88.763,22.0173],[88.7196,21.9428],[88.728,21.6291],[88.8109,21.6917],[88.803,21.6291],[88.8587,21.6365],[88.8587,21.7668],[88.8916,21.6535],[89.0832,21.6291],[89.0159,21.8533],[88.905,21.9694],[89.0095,21.9046],[89.0609,21.9385],[89.0437,22.1374],[89.1047,21.8159],[89.2947,21.7577],[89.3596,21.9723],[89.369,21.7577],[89.4501,21.7577],[89.5218,21.9623],[89.4758,22.2951],[89.5329,21.9847],[89.5794,22.1132],[89.5492,22.2053],[89.6265,22.336],[89.5274,21.8128],[89.5365,21.7577],[89.6747,21.7577],[89.7007,21.7849],[89.619,21.8699],[89.647,21.9251],[89.7092,21.8301],[89.8782,21.8837],[89.7972,22.076],[89.8713,22.0919],[89.8387,22.2678],[89.8729,22.4186],[89.9204,22.3918],[90.0101,22.4902],[89.8768,22.2747],[89.9146,22.0617],[89.9678,21.9746],[90.0784,22.164],[89.9963,22.0002],[90.058,21.9937],[90.2361,22.1989],[90.0302,21.9124],[90.0866,21.8691],[90.1262,21.932],[90.1005,21.8585],[90.2176,21.8135],[90.4129,22.178],[90.3943,22.2882],[90.3875,22.1026],[90.446,22.0791],[90.6184,22.3767],[90.5597,22.5623],[90.4725,22.5756],[90.4421,22.4936],[90.5127,22.6115],[90.4929,22.7099],[90.3726,22.7614],[90.54,22.8966],[90.4489,23.0557],[90.572,23.0817],[90.6108,23.2308],[90.2503,23.4669],[90.5519,23.385],[90.5768,23.5395],[90.4763,23.583],[90.612,23.6061],[90.6078,23.4911],[90.7158,23.5351],[90.6003,23.4499],[90.6673,23.2676],[90.6294,23.0644],[90.7949,22.7414],[90.9417,22.5859],[91.0379,22.5886],[91.0038,22.6787],[91.0667,22.5884],[91.2352,22.6659],[91.169,22.6849],[91.1819,22.7265],[91.3038,22.6974],[91.3464,22.7748],[91.4147,22.7537],[91.4905,22.9045],[91.4615,22.77],[91.497,22.7863],[91.676,22.5346],[91.7871,22.2379],[91.9081,22.4247],[91.8088,22.3063],[91.813,22.1803],[91.8672,22.1374],[91.9157,21.8625],[91.9497,21.8842],[91.8993,21.7895],[91.99,21.7948],[91.9497,21.716],[91.9839,21.6501],[92.0293,21.7049],[91.99,21.562],[92.0531,21.5005],[92.0525,21.1548],[92.233,20.8878],[92.2941,20.8694],[92.2649,21.0544],[92.3331,20.8577],[92.3318,21.372],[92.759,21.2434],[92.7309,21.5648],[92.6566,21.5648],[92.7314,22.0791],[92.5922,22.1434],[92.6302,22.4005],[92.4649,22.7863],[92.4943,22.9791],[92.4198,22.9791],[92.3611,23.5577],[92.2222,23.622],[92.2525,24.2649],[92.0392,24.3292],[91.7832,24.1363],[91.3458,24.2006],[91.3031,24.3935],[91.3994,24.5221],[91.3247,24.5221],[91.305,24.8435],[91.0283,24.9721],[91.0624,25.165],[92.483,25.1599],[90.2962,25.2813],[89.9138,25.6362],[90.1547,26.1294],[89.5168,26.1294],[89.2659,26.3865],[89.0408,26.3865],[88.9905,26.5151],[88.5526,26.5794],[87.9903,26.3865],[87.2399,26.3865],[87.1141,26.5151],[86.6516,26.4508],[86.3126,26.6437],[85.787,26.6437],[85.7362,26.7723],[85.4479,26.8366],[85.5476,27.3509],[85.3346,27.4152],[85.2485,27.7367],[84.8591,27.6724],[84.7474,27.8652],[84.2825,27.8009],[83.4797,27.9295],[83.0664,28.1224],[83.0171,28.251],[81.9485,28.1867],[81.7849,28.1224],[81.7595,27.9938],[81.6088,27.9938],[81.1945,28.1867],[80.957,28.5081],[80.1656,28.701],[79.8666,29.0867],[79.9609,29.5366],[79.8852,29.5366],[79.9544,29.858],[79.8449,30.0508],[79.8693,30.5007],[79.6239,30.7578],[79.6071,31.0148],[79.1796,31.4647],[78.8139,31.529],[78.8443,31.6575],[78.448,31.5933],[76.4634,32.236],[76.0811,32.5574],[76.1274,32.7502],[75.8824,32.6859],[75.4694,32.8788],[75.4238,33.0073],[75.2706,33.0073],[75.2405,33.2002],[75.1028,33.2645],[75.1341,33.3931],[74.9964,33.4574],[75.028,33.5859],[74.6016,34.0361],[74.6337,34.1647],[74.4513,34.3577],[74.2973,34.3577],[74.1918,34.5506],[74.0377,34.5506],[73.9931,34.6793],[73.701,34.7436],[73.7172,34.8079],[73.3442,34.5506],[73.3712,34.0361],[73.1706,33.8432],[72.7709,33.7789],[72.725,33.9075],[72.4175,33.9075],[72.4639,34.1004],[72.1408,34.0361],[71.4992,33.2645],[70.9522,32.8788],[70.7001,32.4288],[69.8673,32.1074],[69.6742,31.9146],[69.2927,31.9146],[69.0874,31.6575],[68.935,31.6575],[68.922,31.5933],[68.287,31.0791],[67.9607,30.565],[67.5217,30.2436],[67.2135,29.7937],[66.9313,28.5724]],[[72.1203,29.1685],[72.1634,29.4982],[73.6099,30.2433],[73.9516,30.2548],[74.3896,30.7522],[74.8474,31.0681],[75.355,30.8946],[76.1712,30.8804],[76.3404,30.7464],[76.5859,30.9145],[76.5693,31.3037],[76.8878,31.2923],[77.193,31.1363],[78.0622,31.4],[79.0144,30.5838],[78.8253,30.3321],[78.2746,30.0769],[77.7968,29.3711],[77.7736,28.8813],[77.5115,28.3716],[77.8001,27.4482],[77.2428,26.6237],[76.7683,26.2672],[75.7996,26.7185],[74.1872,27.2389],[73.4905,27.2448],[73.2649,27.9065],[72.9364,28.3074],[72.5847,28.4563],[72.2895,28.8348],[72.1203,29.1685]],[[73.7749,34.371],[73.7798,34.3961],[73.7963,34.4185],[73.7749,34.371]],[[73.7827,34.3468],[73.8217,34.3204],[73.8042,34.3275],[73.7827,34.3468]],[[73.8356,34.3146],[73.9377,34.3042],[73.8533,34.3074],[73.8356,34.3146]],[[73.8937,34.0543],[73.9458,34.0098],[73.9162,34.0279],[73.8937,34.0543]],[[74.5351,31.7711],[74.5408,31.8109],[74.5485,31.8201],[74.5351,31.7711]],[[74.5589,31.8325],[74.5656,31.8405],[74.67,31.9042],[74.5589,31.8325]],[[84.6273,27.0365],[84.7607,26.999],[84.6402,27.0284],[84.6273,27.0365]],[[85.1949,26.7589],[85.2957,26.7387],[85.2873,26.737],[85.1949,26.7589]],[[88.5401,23.65],[88.5612,23.741],[88.5416,23.6388],[88.5401,23.65]],[[88.5764,23.5918],[88.6092,23.5888],[88.5815,23.5883],[88.5764,23.5918]],[[89.0623,22.2116],[89.0762,22.175],[89.0782,22.1508],[89.0623,22.2116]],[[91.1406,23.6197],[91.1951,23.4952],[91.1408,23.6121],[91.1406,23.6197]],[[91.214,23.7996],[91.2282,23.845],[91.2253,23.8261],[91.214,23.7996]],[[92.175,21.1756],[92.1799,21.207],[92.1807,21.1661],[92.175,21.1756]],[[92.1951,21.1421],[92.2118,21.1235],[92.2243,21.0932],[92.1951,21.1421]]],[[[80.2711,13.5289],[80.3069,13.4409],[80.3137,13.4409],[80.3096,13.4793],[80.2894,13.5289],[80.2711,13.5289]]],[[[80.8685,15.812],[80.8698,15.8105],[80.9628,15.7987],[80.8884,15.8467],[80.8685,15.812]]],[[[82.3489,16.9565],[82.3571,16.8975],[82.3642,16.9149],[82.3489,16.9565]]],[[[85.4994,19.6535],[85.5765,19.6906],[85.4996,19.6549],[85.4994,19.6535]]],[[[88.1338,21.631],[88.1394,21.6303],[88.1444,21.6578],[88.1391,21.67],[88.1338,21.631]]],[[[88.1421,21.6913],[88.1634,21.7055],[88.167,21.7654],[88.1584,21.8099],[88.1421,21.6913]]],[[[88.7169,22.0443],[88.7179,22.0085],[88.7307,22.0372],[88.7169,22.0443]]],[[[89.0457,21.9171],[89.0515,21.7932],[89.1136,21.7311],[89.139,21.7668],[89.0457,21.9171]]],[[[90.3233,21.9087],[90.376,21.9959],[90.3714,21.9948],[90.3322,21.9388],[90.3233,21.9087]]],[[[90.3396,21.9723],[90.3811,22.0231],[90.3875,22.048],[90.3739,22.0456],[90.3587,22.0227],[90.3396,21.9723]]],[[[90.4297,23.3852],[90.4373,23.3618],[90.4871,23.319],[90.5061,23.3142],[90.5241,23.3223],[90.5296,23.3336],[90.5862,23.3017],[90.5776,23.3236],[90.5394,23.35],[90.4557,23.385],[90.4297,23.3852]]],[[[90.4557,22.7674],[90.521,22.7118],[90.591,22.8139],[90.6782,22.8083],[90.5444,22.8807],[90.4734,22.8651],[90.4557,22.7674]]],[[[90.4557,23.0628],[90.4695,23.0076],[90.5156,23.0519],[90.5104,23.069],[90.4557,23.0628]]],[[[90.4977,22.0791],[90.5734,22.0791],[90.6135,22.164],[90.4977,22.0791]]],[[[90.5081,22.9758],[90.6673,22.9182],[90.5862,23.0349],[90.5081,22.9758]]],[[[90.5563,22.6747],[90.6818,22.4453],[90.6112,22.0791],[90.6818,22.1026],[90.6475,21.994],[90.8279,22.1524],[90.855,22.4347],[90.6506,22.7874],[90.5855,22.7681],[90.5563,22.6747]]],[[[90.6014,22.4292],[90.6401,22.3087],[90.6587,22.3795],[90.6014,22.4292]]],[[[90.6475,22.4247],[90.6673,22.439],[90.6653,22.4691],[90.6535,22.4835],[90.6475,22.4247]]],[[[91.4238,22.5253],[91.4761,22.4133],[91.5552,22.402],[91.4676,22.5863],[91.4238,22.5253]]],[[[91.8538,21.6647],[91.866,21.5005],[91.9611,21.5062],[91.9356,21.7812],[91.8877,21.685],[91.8723,21.7548],[91.8538,21.6647]]],[[[91.8798,21.8462],[91.8877,21.8662],[91.8843,21.8772],[91.8798,21.8462]]],[[[91.0304,22.1434],[91.1598,22.1792],[91.1552,22.3363],[91.0706,22.3363],[91.0304,22.1434]]],[[[73.7172,34.8079],[73.7944,34.8079],[73.8107,34.8723],[73.7336,34.8723],[73.7172,34.8079]]]]}},{"type":"Feature","properties":{"relationId":"cliopatria-relation-bdaf8580fce1","name":"(Alliance between Gupta Empire and Vakataka Kingdom)","name_ko":"굽타 왕조–바카타카 동맹","relationKind":"alliance","relation_kind_ko":"동맹","actor_ids":"cliopatria-q11774-e614932c2f;cliopatria-q1501306-fc655e06d0","actor_names_ko":"굽타 왕조;바카타카","color":"#4fd1c5","startYear":358,"endYear":377,"source_name":"Cliopatria v0.2.0","source_url":"https://github.com/Seshat-Global-History-Databank/cliopatria","license":"CC BY 4.0","attribution":"Seshat Global History Databank, Cliopatria contributors"},"geometry":{"type":"MultiPolygon","coordinates":[[[[66.9313,28.5724],[67.0067,28.5724],[66.9655,28.3153],[67.0409,28.3153],[67.0457,27.8652],[67.121,27.8652],[67.0623,27.4795],[67.1745,27.2223],[67.1966,26.3222],[67.5021,25.8079],[67.211,25.2936],[67.5852,25.2936],[67.6931,25.5507],[68.8111,26.0651],[69.5609,26.0651],[69.8999,25.8079],[70.6313,25.6793],[70.7862,25.165],[71.0107,25.165],[71.3423,24.8435],[71.7994,24.9078],[72.2826,25.165],[72.8064,25.165],[73.2777,24.7792],[73.9418,24.7149],[74.6409,24.9078],[74.7336,25.0364],[75.2572,25.0364],[75.6681,25.2936],[76.5199,25.4864],[78.1672,25.4864],[78.3144,24.9721],[78.576,24.7149],[78.875,24.7149],[80.1644,24.3292],[80.9876,23.8149],[82.629,23.8149],[82.3335,23.3006],[82.1844,23.3006],[82.0924,23.172],[82.1153,22.7863],[81.9244,22.4648],[81.4614,22.3363],[81.288,22.1434],[81.1572,21.6934],[81.1602,21.1148],[80.914,20.922],[81.0233,20.6005],[80.8361,20.2791],[80.6454,19.3148],[80.5714,19.3148],[80.5636,19.2505],[80.5172,19.2505],[80.5271,19.4819],[80.6017,19.8568],[80.6913,20.0159],[80.318,20.9901],[80.2583,21.3196],[80.2334,22.1978],[78.1085,22.5521],[77.1928,22.8597],[76.1328,22.5889],[75.441,22.1978],[74.3114,22.0641],[74.2367,21.0366],[73.9133,20.5713],[74.0327,20.0065],[74.2168,19.4773],[74.4656,19.0121],[74.7431,18.8135],[75.8238,18.7198],[77.0616,17.8516],[77.5019,17.0251],[77.4541,15.1718],[77.5362,15.2127],[78.6413,15.1155],[78.8052,15.8744],[78.9545,15.8983],[79.2481,16.634],[80.2518,17.2435],[79.9448,16.4861],[79.5273,16.0361],[79.2962,14.4932],[79.3697,14.4932],[79.3293,14.0538],[79.5217,13.5109],[79.445,12.886],[79.778,12.78],[80.1349,12.4414],[80.2517,12.7625],[80.3478,13.3491],[80.327,13.4304],[80.1194,13.5007],[80.0565,13.5952],[80.094,13.6948],[80.1356,13.6191],[80.1419,13.7289],[80.2204,13.6187],[80.2486,13.8018],[80.1497,14.0277],[80.1356,14.2292],[80.0466,14.2066],[80.175,14.3445],[80.197,14.565],[80.1419,14.5712],[80.1785,14.6058],[80.1082,14.7143],[80.053,15.0926],[80.0906,15.3049],[80.2796,15.7007],[80.6702,15.9077],[80.8565,15.8122],[80.8965,16.0311],[80.91,15.8527],[81.0189,15.7916],[80.9989,15.8467],[81.1497,15.9696],[81.2596,16.3327],[81.4114,16.3825],[81.4167,16.3402],[81.5402,16.3737],[81.7825,16.3331],[82.3074,16.5798],[82.3662,16.8719],[82.2679,16.8675],[82.2527,16.9292],[82.3877,17.1269],[82.7185,17.3486],[83.2389,17.593],[83.2129,17.6349],[83.2991,17.6643],[83.2469,17.7163],[83.3413,17.7174],[83.4519,17.9229],[84.1131,18.2983],[84.3499,18.5529],[84.2469,18.5256],[84.4237,18.6365],[84.7411,19.0281],[84.78,19.0971],[84.7405,19.0737],[84.7388,19.1476],[84.791,19.1206],[85.1804,19.475],[85.4089,19.6099],[85.2884,19.6013],[85.3779,19.6149],[85.3914,19.6906],[85.2476,19.6565],[85.193,19.5808],[85.2332,19.5541],[85.124,19.4783],[85.1029,19.5296],[85.2681,19.78],[85.4401,19.8962],[85.5703,19.8756],[85.5765,19.7458],[85.5099,19.7346],[85.5021,19.6739],[86.3724,19.965],[86.1677,20.0729],[86.1525,20.1431],[86.2092,20.0666],[86.4263,19.9992],[86.3914,20.0202],[86.4951,20.1841],[86.7546,20.3144],[86.6937,20.2939],[86.8071,20.4104],[86.7205,20.3685],[86.7515,20.4892],[87.0215,20.6756],[86.9402,20.698],[86.9987,20.7111],[86.9866,20.7519],[86.8788,20.7806],[86.9657,20.806],[86.844,21.0822],[86.9177,21.3274],[87.2009,21.552],[87.7038,21.6555],[87.834,21.7293],[87.9837,21.8542],[88.0431,22.0173],[88.1643,22.0898],[88.1326,22.1791],[87.9653,22.2448],[87.9066,22.4247],[88.009,22.2404],[88.198,22.1678],[88.2224,22.0779],[88.1467,21.9592],[88.2097,21.7886],[88.1819,21.6652],[88.3017,21.5786],[88.2616,21.7987],[88.3218,21.6057],[88.3312,21.7191],[88.4598,21.6934],[88.4956,21.9518],[88.5166,21.7017],[88.6602,22.205],[88.6442,22.0791],[88.763,22.1306],[88.7149,22.0791],[88.763,22.0173],[88.7196,21.9428],[88.728,21.6291],[88.8109,21.6917],[88.803,21.6291],[88.8587,21.6365],[88.8587,21.7668],[88.8916,21.6535],[89.0832,21.6291],[89.0159,21.8533],[88.905,21.9694],[89.0095,21.9046],[89.0609,21.9385],[89.0437,22.1374],[89.1047,21.8159],[89.2947,21.7577],[89.3596,21.9723],[89.369,21.7577],[89.4501,21.7577],[89.5218,21.9623],[89.4758,22.2951],[89.5329,21.9847],[89.5794,22.1132],[89.5492,22.2053],[89.6265,22.336],[89.5274,21.8128],[89.5365,21.7577],[89.6747,21.7577],[89.7007,21.7849],[89.619,21.8699],[89.647,21.9251],[89.7092,21.8301],[89.8782,21.8837],[89.7972,22.076],[89.8713,22.0919],[89.8387,22.2678],[89.8729,22.4186],[89.9204,22.3918],[90.0101,22.4902],[89.8768,22.2747],[89.9146,22.0617],[89.9678,21.9746],[90.0784,22.164],[89.9963,22.0002],[90.058,21.9937],[90.2361,22.1989],[90.0302,21.9124],[90.0866,21.8691],[90.1262,21.932],[90.1005,21.8585],[90.2176,21.8135],[90.4129,22.178],[90.3943,22.2882],[90.3875,22.1026],[90.446,22.0791],[90.6184,22.3767],[90.5597,22.5623],[90.4725,22.5756],[90.4421,22.4936],[90.5127,22.6115],[90.4929,22.7099],[90.3726,22.7614],[90.54,22.8966],[90.4489,23.0557],[90.572,23.0817],[90.6108,23.2308],[90.2503,23.4669],[90.5519,23.385],[90.5768,23.5395],[90.4763,23.583],[90.612,23.6061],[90.6078,23.4911],[90.7158,23.5351],[90.6003,23.4499],[90.6673,23.2676],[90.6294,23.0644],[90.7949,22.7414],[90.9417,22.5859],[91.0379,22.5886],[91.0038,22.6787],[91.0667,22.5884],[91.2352,22.6659],[91.169,22.6849],[91.1819,22.7265],[91.3038,22.6974],[91.3464,22.7748],[91.4147,22.7537],[91.4905,22.9045],[91.4615,22.77],[91.497,22.7863],[91.676,22.5346],[91.7871,22.2379],[91.9081,22.4247],[91.8088,22.3063],[91.813,22.1803],[91.8672,22.1374],[91.9157,21.8625],[91.9497,21.8842],[91.8993,21.7895],[91.99,21.7948],[91.9497,21.716],[91.9839,21.6501],[92.0293,21.7049],[91.99,21.562],[92.0531,21.5005],[92.0525,21.1548],[92.233,20.8878],[92.2941,20.8694],[92.2649,21.0544],[92.3331,20.8577],[92.3318,21.372],[92.759,21.2434],[92.7309,21.5648],[92.6566,21.5648],[92.7314,22.0791],[92.5922,22.1434],[92.6302,22.4005],[92.4649,22.7863],[92.4943,22.9791],[92.4198,22.9791],[92.3611,23.5577],[92.2222,23.622],[92.2525,24.2649],[92.0392,24.3292],[91.7832,24.1363],[91.3458,24.2006],[91.3031,24.3935],[91.3994,24.5221],[91.3247,24.5221],[91.305,24.8435],[91.0283,24.9721],[91.0624,25.165],[92.483,25.1599],[90.2962,25.2813],[89.9138,25.6362],[90.1547,26.1294],[89.5168,26.1294],[89.2659,26.3865],[89.0408,26.3865],[88.9905,26.5151],[88.5526,26.5794],[87.9903,26.3865],[87.2399,26.3865],[87.1141,26.5151],[86.6516,26.4508],[86.3126,26.6437],[85.787,26.6437],[85.7362,26.7723],[85.4479,26.8366],[85.5476,27.3509],[85.3346,27.4152],[85.2485,27.7367],[84.8591,27.6724],[84.7474,27.8652],[84.2825,27.8009],[83.4797,27.9295],[83.0664,28.1224],[83.0171,28.251],[81.9485,28.1867],[81.7849,28.1224],[81.7595,27.9938],[81.6088,27.9938],[81.1945,28.1867],[80.957,28.5081],[80.1656,28.701],[79.8666,29.0867],[79.9609,29.5366],[79.8852,29.5366],[79.9544,29.858],[79.8449,30.0508],[79.8693,30.5007],[79.6239,30.7578],[79.6071,31.0148],[79.1796,31.4647],[78.8139,31.529],[78.8443,31.6575],[78.448,31.5933],[76.4634,32.236],[76.0811,32.5574],[76.1274,32.7502],[75.8824,32.6859],[75.4694,32.8788],[75.4238,33.0073],[75.2706,33.0073],[75.2405,33.2002],[75.1028,33.2645],[75.1341,33.3931],[74.9964,33.4574],[75.028,33.5859],[74.6016,34.0361],[74.6337,34.1647],[74.4513,34.3577],[74.2973,34.3577],[74.1918,34.5506],[74.0377,34.5506],[73.9931,34.6793],[73.701,34.7436],[73.7172,34.8079],[73.3442,34.5506],[73.31,34.1004],[73.3869,34.1004],[73.263,33.9075],[72.7709,33.7789],[72.725,33.9075],[72.4175,33.9075],[72.4639,34.1004],[72.1408,34.0361],[71.4992,33.2645],[70.9522,32.8788],[70.7001,32.4288],[69.8673,32.1074],[69.6742,31.9146],[69.2927,31.9146],[69.1137,31.7861],[69.0874,31.6575],[68.287,31.0791],[67.9607,30.565],[67.7089,30.4364],[67.3235,29.9865],[66.9313,28.5724]],[[72.1203,29.1685],[72.1634,29.4982],[73.6099,30.2433],[73.9516,30.2548],[74.3896,30.7522],[74.8474,31.0681],[75.355,30.8946],[76.1712,30.8804],[76.3404,30.7464],[76.5859,30.9145],[76.5693,31.3037],[76.8878,31.2923],[77.193,31.1363],[78.0622,31.4],[79.0144,30.5838],[78.8253,30.3321],[78.2746,30.0769],[77.7968,29.3711],[77.7736,28.8813],[77.5115,28.3716],[77.8001,27.4482],[77.2428,26.6237],[76.7683,26.2672],[75.7996,26.7185],[74.1872,27.2389],[73.4905,27.2448],[73.2649,27.9065],[72.9364,28.3074],[72.5847,28.4563],[72.2895,28.8348],[72.1203,29.1685]],[[73.7749,34.371],[73.7798,34.3961],[73.7963,34.4185],[73.7749,34.371]],[[73.7827,34.3468],[73.8217,34.3204],[73.8042,34.3275],[73.7827,34.3468]],[[73.8356,34.3146],[73.9377,34.3042],[73.8533,34.3074],[73.8356,34.3146]],[[73.8937,34.0543],[73.9458,34.0098],[73.9162,34.0279],[73.8937,34.0543]],[[74.5351,31.7711],[74.5408,31.8109],[74.5485,31.8201],[74.5351,31.7711]],[[74.5589,31.8325],[74.5656,31.8405],[74.67,31.9042],[74.5589,31.8325]],[[84.6273,27.0365],[84.7607,26.999],[84.6402,27.0284],[84.6273,27.0365]],[[85.1949,26.7589],[85.2957,26.7387],[85.2873,26.737],[85.1949,26.7589]],[[88.5401,23.65],[88.5612,23.741],[88.5416,23.6388],[88.5401,23.65]],[[88.5764,23.5918],[88.6092,23.5888],[88.5815,23.5883],[88.5764,23.5918]],[[89.0623,22.2116],[89.0762,22.175],[89.0782,22.1508],[89.0623,22.2116]],[[91.1406,23.6197],[91.1951,23.4952],[91.1408,23.6121],[91.1406,23.6197]],[[91.214,23.7996],[91.2282,23.845],[91.2253,23.8261],[91.214,23.7996]],[[92.175,21.1756],[92.1799,21.207],[92.1807,21.1661],[92.175,21.1756]],[[92.1951,21.1421],[92.2118,21.1235],[92.2243,21.0932],[92.1951,21.1421]]],[[[80.2711,13.5289],[80.3069,13.4409],[80.3137,13.4409],[80.3096,13.4793],[80.2894,13.5289],[80.2711,13.5289]]],[[[80.8685,15.812],[80.8698,15.8105],[80.9628,15.7987],[80.8884,15.8467],[80.8685,15.812]]],[[[82.3489,16.9565],[82.3571,16.8975],[82.3642,16.9149],[82.3489,16.9565]]],[[[85.4994,19.6535],[85.5765,19.6906],[85.4996,19.6549],[85.4994,19.6535]]],[[[88.1338,21.631],[88.1394,21.6303],[88.1444,21.6578],[88.1391,21.67],[88.1338,21.631]]],[[[88.1421,21.6913],[88.1634,21.7055],[88.167,21.7654],[88.1584,21.8099],[88.1421,21.6913]]],[[[88.7169,22.0443],[88.7179,22.0085],[88.7307,22.0372],[88.7169,22.0443]]],[[[89.0457,21.9171],[89.0515,21.7932],[89.1136,21.7311],[89.139,21.7668],[89.0457,21.9171]]],[[[90.3233,21.9087],[90.376,21.9959],[90.3714,21.9948],[90.3322,21.9388],[90.3233,21.9087]]],[[[90.3396,21.9723],[90.3811,22.0231],[90.3875,22.048],[90.3739,22.0456],[90.3587,22.0227],[90.3396,21.9723]]],[[[90.4297,23.3852],[90.4373,23.3618],[90.4871,23.319],[90.5061,23.3142],[90.5241,23.3223],[90.5296,23.3336],[90.5862,23.3017],[90.5776,23.3236],[90.5394,23.35],[90.4557,23.385],[90.4297,23.3852]]],[[[90.4557,22.7674],[90.521,22.7118],[90.591,22.8139],[90.6782,22.8083],[90.5444,22.8807],[90.4734,22.8651],[90.4557,22.7674]]],[[[90.4557,23.0628],[90.4695,23.0076],[90.5156,23.0519],[90.5104,23.069],[90.4557,23.0628]]],[[[90.4977,22.0791],[90.5734,22.0791],[90.6135,22.164],[90.4977,22.0791]]],[[[90.5081,22.9758],[90.6673,22.9182],[90.5862,23.0349],[90.5081,22.9758]]],[[[90.5563,22.6747],[90.6818,22.4453],[90.6112,22.0791],[90.6818,22.1026],[90.6475,21.994],[90.8279,22.1524],[90.855,22.4347],[90.6506,22.7874],[90.5855,22.7681],[90.5563,22.6747]]],[[[90.6014,22.4292],[90.6401,22.3087],[90.6587,22.3795],[90.6014,22.4292]]],[[[90.6475,22.4247],[90.6673,22.439],[90.6653,22.4691],[90.6535,22.4835],[90.6475,22.4247]]],[[[91.4238,22.5253],[91.4761,22.4133],[91.5552,22.402],[91.4676,22.5863],[91.4238,22.5253]]],[[[91.8538,21.6647],[91.866,21.5005],[91.9611,21.5062],[91.9356,21.7812],[91.8877,21.685],[91.8723,21.7548],[91.8538,21.6647]]],[[[91.8798,21.8462],[91.8877,21.8662],[91.8843,21.8772],[91.8798,21.8462]]],[[[91.0304,22.1434],[91.1598,22.1792],[91.1552,22.3363],[91.0706,22.3363],[91.0304,22.1434]]],[[[73.7172,34.8079],[73.7944,34.8079],[73.8107,34.8723],[73.7336,34.8723],[73.7172,34.8079]]]]}},{"type":"Feature","properties":{"relationId":"cliopatria-relation-bdaf8580fce1","name":"(Alliance between Gupta Empire and Vakataka Kingdom)","name_ko":"굽타 왕조–바카타카 동맹","relationKind":"alliance","relation_kind_ko":"동맹","actor_ids":"cliopatria-q11774-e614932c2f;cliopatria-q1501306-fc655e06d0","actor_names_ko":"굽타 왕조;바카타카","color":"#4fd1c5","startYear":378,"endYear":382,"source_name":"Cliopatria v0.2.0","source_url":"https://github.com/Seshat-Global-History-Databank/cliopatria","license":"CC BY 4.0","attribution":"Seshat Global History Databank, Cliopatria contributors"},"geometry":{"type":"MultiPolygon","coordinates":[[[[66.9313,28.5724],[67.0067,28.5724],[66.9655,28.3153],[67.0409,28.3153],[67.0457,27.8652],[67.121,27.8652],[67.0623,27.4795],[67.1745,27.2223],[67.1966,26.3222],[67.5021,25.8079],[67.211,25.2936],[67.5852,25.2936],[67.6931,25.5507],[68.8111,26.0651],[69.5609,26.0651],[69.8999,25.8079],[70.6313,25.6793],[70.7862,25.165],[71.0107,25.165],[71.3423,24.8435],[71.7994,24.9078],[72.2826,25.165],[72.8064,25.165],[73.2777,24.7792],[73.9418,24.7149],[74.6409,24.9078],[74.7336,25.0364],[75.2572,25.0364],[75.6681,25.2936],[76.5199,25.4864],[78.1672,25.4864],[78.3144,24.9721],[78.576,24.7149],[78.875,24.7149],[80.1644,24.3292],[80.9876,23.8149],[82.629,23.8149],[82.3335,23.3006],[82.1844,23.3006],[82.0924,23.172],[82.1153,22.7863],[81.9244,22.4648],[81.4614,22.3363],[81.288,22.1434],[81.1572,21.6934],[81.1602,21.1148],[80.914,20.922],[81.0233,20.6005],[80.8361,20.2791],[80.6454,19.3148],[80.5714,19.3148],[80.5636,19.2505],[80.5172,19.2505],[80.5271,19.4819],[80.6017,19.8568],[80.6913,20.0159],[80.318,20.9901],[80.2583,21.3196],[80.2334,22.1978],[78.1085,22.5521],[77.1928,22.8597],[76.1328,22.5889],[75.441,22.1978],[74.3114,22.0641],[74.2367,21.0366],[73.9133,20.5713],[74.0327,20.0065],[74.2168,19.4773],[74.4656,19.0121],[74.7431,18.8135],[75.8238,18.7198],[77.0616,17.8516],[77.5019,17.0251],[77.4541,15.1718],[77.5362,15.2127],[78.6413,15.1155],[78.8052,15.8744],[78.9545,15.8983],[79.2481,16.634],[80.2518,17.2435],[79.9448,16.4861],[79.5273,16.0361],[79.2962,14.4932],[79.3697,14.4932],[79.3293,14.0538],[79.5217,13.5109],[79.445,12.886],[79.778,12.78],[80.1349,12.4414],[80.2517,12.7625],[80.3478,13.3491],[80.327,13.4304],[80.1194,13.5007],[80.0565,13.5952],[80.094,13.6948],[80.1356,13.6191],[80.1419,13.7289],[80.2204,13.6187],[80.2486,13.8018],[80.1497,14.0277],[80.1356,14.2292],[80.0466,14.2066],[80.175,14.3445],[80.197,14.565],[80.1419,14.5712],[80.1785,14.6058],[80.1082,14.7143],[80.053,15.0926],[80.0906,15.3049],[80.2796,15.7007],[80.6702,15.9077],[80.8565,15.8122],[80.8965,16.0311],[80.91,15.8527],[81.0189,15.7916],[80.9989,15.8467],[81.1497,15.9696],[81.2596,16.3327],[81.4114,16.3825],[81.4167,16.3402],[81.5402,16.3737],[81.7825,16.3331],[82.3074,16.5798],[82.3662,16.8719],[82.2679,16.8675],[82.2527,16.9292],[82.3877,17.1269],[82.7185,17.3486],[83.2389,17.593],[83.2129,17.6349],[83.2991,17.6643],[83.2469,17.7163],[83.3413,17.7174],[83.4519,17.9229],[84.1131,18.2983],[84.3499,18.5529],[84.2469,18.5256],[84.4237,18.6365],[84.7411,19.0281],[84.78,19.0971],[84.7405,19.0737],[84.7388,19.1476],[84.791,19.1206],[85.1804,19.475],[85.4089,19.6099],[85.2884,19.6013],[85.3779,19.6149],[85.3914,19.6906],[85.2476,19.6565],[85.193,19.5808],[85.2332,19.5541],[85.124,19.4783],[85.1029,19.5296],[85.2681,19.78],[85.4401,19.8962],[85.5703,19.8756],[85.5765,19.7458],[85.5099,19.7346],[85.5021,19.6739],[86.3724,19.965],[86.1677,20.0729],[86.1525,20.1431],[86.2092,20.0666],[86.4263,19.9992],[86.3914,20.0202],[86.4951,20.1841],[86.7546,20.3144],[86.6937,20.2939],[86.8071,20.4104],[86.7205,20.3685],[86.7515,20.4892],[87.0215,20.6756],[86.9402,20.698],[86.9987,20.7111],[86.9866,20.7519],[86.8788,20.7806],[86.9657,20.806],[86.844,21.0822],[86.9177,21.3274],[87.2009,21.552],[87.7038,21.6555],[87.834,21.7293],[87.9837,21.8542],[88.0431,22.0173],[88.1643,22.0898],[88.1326,22.1791],[87.9653,22.2448],[87.9066,22.4247],[88.009,22.2404],[88.198,22.1678],[88.2224,22.0779],[88.1467,21.9592],[88.2097,21.7886],[88.1819,21.6652],[88.3017,21.5786],[88.2616,21.7987],[88.3218,21.6057],[88.3312,21.7191],[88.4598,21.6934],[88.4956,21.9518],[88.5166,21.7017],[88.6602,22.205],[88.6442,22.0791],[88.763,22.1306],[88.7149,22.0791],[88.763,22.0173],[88.7196,21.9428],[88.728,21.6291],[88.8109,21.6917],[88.803,21.6291],[88.8587,21.6365],[88.8587,21.7668],[88.8916,21.6535],[89.0832,21.6291],[89.0159,21.8533],[88.905,21.9694],[89.0095,21.9046],[89.0609,21.9385],[89.0437,22.1374],[89.1047,21.8159],[89.2947,21.7577],[89.3596,21.9723],[89.369,21.7577],[89.4501,21.7577],[89.5218,21.9623],[89.4758,22.2951],[89.5329,21.9847],[89.5794,22.1132],[89.5492,22.2053],[89.6265,22.336],[89.5274,21.8128],[89.5365,21.7577],[89.6747,21.7577],[89.7007,21.7849],[89.619,21.8699],[89.647,21.9251],[89.7092,21.8301],[89.8782,21.8837],[89.7972,22.076],[89.8713,22.0919],[89.8387,22.2678],[89.8729,22.4186],[89.9204,22.3918],[90.0101,22.4902],[89.8768,22.2747],[89.9146,22.0617],[89.9678,21.9746],[90.0784,22.164],[89.9963,22.0002],[90.058,21.9937],[90.2361,22.1989],[90.0302,21.9124],[90.0866,21.8691],[90.1262,21.932],[90.1005,21.8585],[90.2176,21.8135],[90.4129,22.178],[90.3943,22.2882],[90.3875,22.1026],[90.446,22.0791],[90.6184,22.3767],[90.5597,22.5623],[90.4725,22.5756],[90.4421,22.4936],[90.5127,22.6115],[90.4929,22.7099],[90.3726,22.7614],[90.54,22.8966],[90.4489,23.0557],[90.572,23.0817],[90.6108,23.2308],[90.2503,23.4669],[90.5519,23.385],[90.5768,23.5395],[90.4763,23.583],[90.612,23.6061],[90.6078,23.4911],[90.7158,23.5351],[90.6003,23.4499],[90.6673,23.2676],[90.6294,23.0644],[90.7949,22.7414],[90.9417,22.5859],[91.0379,22.5886],[91.0038,22.6787],[91.0667,22.5884],[91.2352,22.6659],[91.169,22.6849],[91.1819,22.7265],[91.3038,22.6974],[91.3464,22.7748],[91.4147,22.7537],[91.4905,22.9045],[91.4615,22.77],[91.497,22.7863],[91.676,22.5346],[91.7871,22.2379],[91.9081,22.4247],[91.8088,22.3063],[91.813,22.1803],[91.8672,22.1374],[91.9157,21.8625],[91.9497,21.8842],[91.8993,21.7895],[91.99,21.7948],[91.9497,21.716],[91.9839,21.6501],[92.0293,21.7049],[91.99,21.562],[92.0531,21.5005],[92.0525,21.1548],[92.233,20.8878],[92.2941,20.8694],[92.2649,21.0544],[92.3331,20.8577],[92.3318,21.372],[92.759,21.2434],[92.7309,21.5648],[92.6566,21.5648],[92.7314,22.0791],[92.5922,22.1434],[92.6302,22.4005],[92.4649,22.7863],[92.4943,22.9791],[92.4198,22.9791],[92.3611,23.5577],[92.2222,23.622],[92.2525,24.2649],[92.0392,24.3292],[91.7832,24.1363],[91.3458,24.2006],[91.3031,24.3935],[91.3994,24.5221],[91.3247,24.5221],[91.305,24.8435],[91.0283,24.9721],[91.0624,25.165],[92.483,25.1599],[90.2962,25.2813],[89.9138,25.6362],[90.1547,26.1294],[89.5168,26.1294],[89.2659,26.3865],[89.0408,26.3865],[88.9905,26.5151],[88.5526,26.5794],[87.9903,26.3865],[87.2399,26.3865],[87.1141,26.5151],[86.6516,26.4508],[86.3126,26.6437],[85.787,26.6437],[85.7362,26.7723],[85.4479,26.8366],[85.5476,27.3509],[85.3346,27.4152],[85.2485,27.7367],[84.8591,27.6724],[84.7474,27.8652],[84.2825,27.8009],[83.4797,27.9295],[83.0664,28.1224],[83.0171,28.251],[81.9485,28.1867],[81.7849,28.1224],[81.7595,27.9938],[81.6088,27.9938],[81.1945,28.1867],[80.957,28.5081],[80.1656,28.701],[79.8666,29.0867],[79.9609,29.5366],[79.8852,29.5366],[79.9544,29.858],[79.8449,30.0508],[79.8693,30.5007],[79.6239,30.7578],[79.6071,31.0148],[79.1796,31.4647],[78.8139,31.529],[78.8443,31.6575],[78.448,31.5933],[76.4634,32.236],[76.0811,32.5574],[76.1274,32.7502],[75.8824,32.6859],[75.4694,32.8788],[75.4238,33.0073],[75.2706,33.0073],[75.2405,33.2002],[75.1028,33.2645],[75.1341,33.3931],[74.9964,33.4574],[75.028,33.5859],[74.6016,34.0361],[74.6337,34.1647],[74.4513,34.3577],[74.2973,34.3577],[74.1918,34.5506],[74.0377,34.5506],[73.9931,34.6793],[73.701,34.7436],[73.7172,34.8079],[73.3442,34.5506],[73.31,34.1004],[73.3869,34.1004],[73.263,33.9075],[72.7709,33.7789],[72.725,33.9075],[72.4175,33.9075],[72.4639,34.1004],[72.1408,34.0361],[71.4992,33.2645],[70.9522,32.8788],[70.7001,32.4288],[69.8673,32.1074],[69.6742,31.9146],[69.2927,31.9146],[69.1137,31.7861],[69.0874,31.6575],[68.287,31.0791],[67.9607,30.565],[67.7089,30.4364],[67.3235,29.9865],[66.9313,28.5724]],[[73.7749,34.371],[73.7798,34.3961],[73.7963,34.4185],[73.7749,34.371]],[[73.7827,34.3468],[73.8217,34.3204],[73.8042,34.3275],[73.7827,34.3468]],[[73.8356,34.3146],[73.9377,34.3042],[73.8533,34.3074],[73.8356,34.3146]],[[73.8937,34.0543],[73.9458,34.0098],[73.9162,34.0279],[73.8937,34.0543]],[[74.5351,31.7711],[74.5408,31.8109],[74.5485,31.8201],[74.5351,31.7711]],[[74.5589,31.8325],[74.5656,31.8405],[74.67,31.9042],[74.5589,31.8325]],[[84.6273,27.0365],[84.7607,26.999],[84.6402,27.0284],[84.6273,27.0365]],[[85.1949,26.7589],[85.2957,26.7387],[85.2873,26.737],[85.1949,26.7589]],[[88.5401,23.65],[88.5612,23.741],[88.5416,23.6388],[88.5401,23.65]],[[88.5764,23.5918],[88.6092,23.5888],[88.5815,23.5883],[88.5764,23.5918]],[[89.0623,22.2116],[89.0762,22.175],[89.0782,22.1508],[89.0623,22.2116]],[[91.1406,23.6197],[91.1951,23.4952],[91.1408,23.6121],[91.1406,23.6197]],[[91.214,23.7996],[91.2282,23.845],[91.2253,23.8261],[91.214,23.7996]],[[92.175,21.1756],[92.1799,21.207],[92.1807,21.1661],[92.175,21.1756]],[[92.1951,21.1421],[92.2118,21.1235],[92.2243,21.0932],[92.1951,21.1421]]],[[[80.2711,13.5289],[80.3069,13.4409],[80.3137,13.4409],[80.3096,13.4793],[80.2894,13.5289],[80.2711,13.5289]]],[[[80.8685,15.812],[80.8698,15.8105],[80.9628,15.7987],[80.8884,15.8467],[80.8685,15.812]]],[[[82.3489,16.9565],[82.3571,16.8975],[82.3642,16.9149],[82.3489,16.9565]]],[[[85.4994,19.6535],[85.5765,19.6906],[85.4996,19.6549],[85.4994,19.6535]]],[[[88.1338,21.631],[88.1394,21.6303],[88.1444,21.6578],[88.1391,21.67],[88.1338,21.631]]],[[[88.1421,21.6913],[88.1634,21.7055],[88.167,21.7654],[88.1584,21.8099],[88.1421,21.6913]]],[[[88.7169,22.0443],[88.7179,22.0085],[88.7307,22.0372],[88.7169,22.0443]]],[[[89.0457,21.9171],[89.0515,21.7932],[89.1136,21.7311],[89.139,21.7668],[89.0457,21.9171]]],[[[90.3233,21.9087],[90.376,21.9959],[90.3714,21.9948],[90.3322,21.9388],[90.3233,21.9087]]],[[[90.3396,21.9723],[90.3811,22.0231],[90.3875,22.048],[90.3739,22.0456],[90.3587,22.0227],[90.3396,21.9723]]],[[[90.4297,23.3852],[90.4373,23.3618],[90.4871,23.319],[90.5061,23.3142],[90.5241,23.3223],[90.5296,23.3336],[90.5862,23.3017],[90.5776,23.3236],[90.5394,23.35],[90.4557,23.385],[90.4297,23.3852]]],[[[90.4557,22.7674],[90.521,22.7118],[90.591,22.8139],[90.6782,22.8083],[90.5444,22.8807],[90.4734,22.8651],[90.4557,22.7674]]],[[[90.4557,23.0628],[90.4695,23.0076],[90.5156,23.0519],[90.5104,23.069],[90.4557,23.0628]]],[[[90.4977,22.0791],[90.5734,22.0791],[90.6135,22.164],[90.4977,22.0791]]],[[[90.5081,22.9758],[90.6673,22.9182],[90.5862,23.0349],[90.5081,22.9758]]],[[[90.5563,22.6747],[90.6818,22.4453],[90.6112,22.0791],[90.6818,22.1026],[90.6475,21.994],[90.8279,22.1524],[90.855,22.4347],[90.6506,22.7874],[90.5855,22.7681],[90.5563,22.6747]]],[[[90.6014,22.4292],[90.6401,22.3087],[90.6587,22.3795],[90.6014,22.4292]]],[[[90.6475,22.4247],[90.6673,22.439],[90.6653,22.4691],[90.6535,22.4835],[90.6475,22.4247]]],[[[91.4238,22.5253],[91.4761,22.4133],[91.5552,22.402],[91.4676,22.5863],[91.4238,22.5253]]],[[[91.8538,21.6647],[91.866,21.5005],[91.9611,21.5062],[91.9356,21.7812],[91.8877,21.685],[91.8723,21.7548],[91.8538,21.6647]]],[[[91.8798,21.8462],[91.8877,21.8662],[91.8843,21.8772],[91.8798,21.8462]]],[[[91.0304,22.1434],[91.1598,22.1792],[91.1552,22.3363],[91.0706,22.3363],[91.0304,22.1434]]],[[[73.7172,34.8079],[73.7944,34.8079],[73.8107,34.8723],[73.7336,34.8723],[73.7172,34.8079]]]]}},{"type":"Feature","properties":{"relationId":"cliopatria-relation-bdaf8580fce1","name":"(Alliance between Gupta Empire and Vakataka Kingdom)","name_ko":"굽타 왕조–바카타카 동맹","relationKind":"alliance","relation_kind_ko":"동맹","actor_ids":"cliopatria-q11774-e614932c2f;cliopatria-q1501306-fc655e06d0","actor_names_ko":"굽타 왕조;바카타카","color":"#4fd1c5","startYear":383,"endYear":386,"source_name":"Cliopatria v0.2.0","source_url":"https://github.com/Seshat-Global-History-Databank/cliopatria","license":"CC BY 4.0","attribution":"Seshat Global History Databank, Cliopatria contributors"},"geometry":{"type":"MultiPolygon","coordinates":[[[[66.9313,28.5724],[67.0067,28.5724],[66.9655,28.3153],[67.0409,28.3153],[67.0457,27.8652],[67.121,27.8652],[67.0623,27.4795],[67.1745,27.2223],[67.1966,26.3222],[67.5021,25.8079],[67.211,25.2936],[67.5852,25.2936],[67.6931,25.5507],[68.8111,26.0651],[69.5609,26.0651],[69.8999,25.8079],[70.6313,25.6793],[70.7862,25.165],[71.0107,25.165],[71.3423,24.8435],[71.7994,24.9078],[72.2826,25.165],[72.8064,25.165],[73.2777,24.7792],[73.9418,24.7149],[74.6409,24.9078],[74.7336,25.0364],[75.2572,25.0364],[75.6681,25.2936],[76.5199,25.4864],[78.1672,25.4864],[78.3144,24.9721],[78.576,24.7149],[79.3796,24.5864],[80.585,24.1363],[81.3075,23.4291],[81.1885,22.5291],[80.9906,22.1434],[80.4142,21.6934],[80.2564,21.6317],[80.2334,22.1978],[78.1085,22.5521],[77.1928,22.8597],[76.1328,22.5889],[75.441,22.1978],[74.3114,22.0641],[74.2367,21.0366],[73.9133,20.5713],[74.0327,20.0065],[74.2168,19.4773],[74.4656,19.0121],[74.7431,18.8135],[75.8238,18.7198],[77.0616,17.8516],[77.5019,17.0251],[77.4541,15.1718],[77.5362,15.2127],[78.6413,15.1155],[78.8052,15.8744],[78.9545,15.8983],[79.2481,16.634],[80.2518,17.2435],[79.9448,16.4861],[79.5273,16.0361],[79.2962,14.4932],[79.3697,14.4932],[79.3293,14.0538],[79.5217,13.5109],[79.445,12.886],[79.778,12.78],[80.1349,12.4414],[80.2517,12.7625],[80.3478,13.3491],[80.327,13.4304],[80.1194,13.5007],[80.0565,13.5952],[80.094,13.6948],[80.1356,13.6191],[80.1419,13.7289],[80.2204,13.6187],[80.2486,13.8018],[80.1497,14.0277],[80.1356,14.2292],[80.0466,14.2066],[80.175,14.3445],[80.197,14.565],[80.1419,14.5712],[80.1785,14.6058],[80.1082,14.7143],[80.053,15.0926],[80.0906,15.3049],[80.2796,15.7007],[80.6702,15.9077],[80.8565,15.8122],[80.8965,16.0311],[80.91,15.8527],[81.0189,15.7916],[80.9989,15.8467],[81.1497,15.9696],[81.2596,16.3327],[81.4114,16.3825],[81.4167,16.3402],[81.5402,16.3737],[81.7825,16.3331],[82.3074,16.5798],[82.3662,16.8719],[82.2679,16.8675],[82.2527,16.9292],[82.3877,17.1269],[82.7185,17.3486],[83.2389,17.593],[83.2129,17.6349],[83.2991,17.6643],[83.2469,17.7163],[83.3413,17.7174],[83.4519,17.9229],[84.1131,18.2983],[84.3499,18.5529],[84.2469,18.5256],[84.4237,18.6365],[84.7411,19.0281],[84.78,19.0971],[84.7405,19.0737],[84.7388,19.1476],[84.791,19.1206],[85.1804,19.475],[85.4089,19.6099],[85.2884,19.6013],[85.3779,19.6149],[85.3914,19.6906],[85.2476,19.6565],[85.193,19.5808],[85.2332,19.5541],[85.124,19.4783],[85.1029,19.5296],[85.2681,19.78],[85.4401,19.8962],[85.5703,19.8756],[85.5765,19.7458],[85.5099,19.7346],[85.5021,19.6739],[86.3724,19.965],[86.1677,20.0729],[86.1525,20.1431],[86.2092,20.0666],[86.4263,19.9992],[86.3914,20.0202],[86.4951,20.1841],[86.7546,20.3144],[86.6937,20.2939],[86.8071,20.4104],[86.7205,20.3685],[86.7515,20.4892],[87.0215,20.6756],[86.9402,20.698],[86.9987,20.7111],[86.9866,20.7519],[86.8788,20.7806],[86.9657,20.806],[86.844,21.0822],[86.9177,21.3274],[87.2009,21.552],[87.7038,21.6555],[87.834,21.7293],[87.9837,21.8542],[88.0431,22.0173],[88.1643,22.0898],[88.1326,22.1791],[87.9653,22.2448],[87.9066,22.4247],[88.009,22.2404],[88.198,22.1678],[88.2224,22.0779],[88.1467,21.9592],[88.2097,21.7886],[88.1819,21.6652],[88.3017,21.5786],[88.2616,21.7987],[88.3218,21.6057],[88.3312,21.7191],[88.4598,21.6934],[88.4956,21.9518],[88.5166,21.7017],[88.6602,22.205],[88.6442,22.0791],[88.763,22.1306],[88.7149,22.0791],[88.763,22.0173],[88.7196,21.9428],[88.728,21.6291],[88.8109,21.6917],[88.803,21.6291],[88.8587,21.6365],[88.8587,21.7668],[88.8916,21.6535],[89.0832,21.6291],[89.0159,21.8533],[88.905,21.9694],[89.0095,21.9046],[89.0609,21.9385],[89.0437,22.1374],[89.1047,21.8159],[89.2947,21.7577],[89.3596,21.9723],[89.369,21.7577],[89.4501,21.7577],[89.5218,21.9623],[89.4758,22.2951],[89.5329,21.9847],[89.5794,22.1132],[89.5492,22.2053],[89.6265,22.336],[89.5274,21.8128],[89.5365,21.7577],[89.6747,21.7577],[89.7007,21.7849],[89.619,21.8699],[89.647,21.9251],[89.7092,21.8301],[89.8782,21.8837],[89.7972,22.076],[89.8713,22.0919],[89.8387,22.2678],[89.8729,22.4186],[89.9204,22.3918],[90.0101,22.4902],[89.8768,22.2747],[89.9146,22.0617],[89.9678,21.9746],[90.0784,22.164],[89.9963,22.0002],[90.058,21.9937],[90.2361,22.1989],[90.0302,21.9124],[90.0866,21.8691],[90.1262,21.932],[90.1005,21.8585],[90.2176,21.8135],[90.4129,22.178],[90.3943,22.2882],[90.3875,22.1026],[90.446,22.0791],[90.6184,22.3767],[90.5597,22.5623],[90.4725,22.5756],[90.4421,22.4936],[90.5127,22.6115],[90.4929,22.7099],[90.3726,22.7614],[90.54,22.8966],[90.4489,23.0557],[90.572,23.0817],[90.6108,23.2308],[90.2503,23.4669],[90.5519,23.385],[90.5768,23.5395],[90.4763,23.583],[90.612,23.6061],[90.6078,23.4911],[90.7158,23.5351],[90.6003,23.4499],[90.6673,23.2676],[90.6294,23.0644],[90.7949,22.7414],[90.9417,22.5859],[91.0379,22.5886],[91.0038,22.6787],[91.0667,22.5884],[91.2352,22.6659],[91.169,22.6849],[91.1819,22.7265],[91.3038,22.6974],[91.3464,22.7748],[91.4147,22.7537],[91.4905,22.9045],[91.4615,22.77],[91.497,22.7863],[91.676,22.5346],[91.7871,22.2379],[91.9081,22.4247],[91.8088,22.3063],[91.813,22.1803],[91.8672,22.1374],[91.9157,21.8625],[91.9497,21.8842],[91.8993,21.7895],[91.99,21.7948],[91.9497,21.716],[91.9839,21.6501],[92.0293,21.7049],[91.99,21.562],[92.0531,21.5005],[92.0525,21.1548],[92.233,20.8878],[92.2941,20.8694],[92.2649,21.0544],[92.3331,20.8577],[92.3318,21.372],[92.759,21.2434],[92.7309,21.5648],[92.6566,21.5648],[92.7314,22.0791],[92.5922,22.1434],[92.6302,22.4005],[92.4649,22.7863],[92.4943,22.9791],[92.4198,22.9791],[92.3611,23.5577],[92.2222,23.622],[92.2525,24.2649],[92.0392,24.3292],[91.7832,24.1363],[91.3458,24.2006],[91.3031,24.3935],[91.3994,24.5221],[91.3247,24.5221],[91.305,24.8435],[91.0283,24.9721],[91.0624,25.165],[92.483,25.1599],[90.2962,25.2813],[89.9138,25.6362],[90.1547,26.1294],[89.5168,26.1294],[89.2659,26.3865],[89.0408,26.3865],[88.9905,26.5151],[88.5526,26.5794],[87.9903,26.3865],[87.2399,26.3865],[87.1141,26.5151],[86.6516,26.4508],[86.3126,26.6437],[85.787,26.6437],[85.7362,26.7723],[85.4479,26.8366],[85.5476,27.3509],[85.3346,27.4152],[85.2485,27.7367],[84.8591,27.6724],[84.7474,27.8652],[84.2825,27.8009],[83.4797,27.9295],[83.0664,28.1224],[83.0171,28.251],[81.9485,28.1867],[81.7849,28.1224],[81.7595,27.9938],[81.6088,27.9938],[81.1945,28.1867],[80.957,28.5081],[80.1656,28.701],[79.8666,29.0867],[79.9609,29.5366],[79.8852,29.5366],[79.9544,29.858],[79.8449,30.0508],[79.8693,30.5007],[79.6239,30.7578],[79.6071,31.0148],[79.1796,31.4647],[78.8139,31.529],[78.8443,31.6575],[78.448,31.5933],[76.4634,32.236],[76.0811,32.5574],[76.1274,32.7502],[75.8824,32.6859],[75.4694,32.8788],[75.4238,33.0073],[75.2706,33.0073],[75.2405,33.2002],[75.1028,33.2645],[75.1341,33.3931],[74.9964,33.4574],[75.028,33.5859],[74.6016,34.0361],[74.6337,34.1647],[74.4513,34.3577],[74.2973,34.3577],[74.1918,34.5506],[74.0377,34.5506],[73.9931,34.6793],[73.701,34.7436],[73.7172,34.8079],[73.3442,34.5506],[73.31,34.1004],[73.3869,34.1004],[73.263,33.9075],[72.7709,33.7789],[72.725,33.9075],[72.4175,33.9075],[72.4639,34.1004],[72.1408,34.0361],[71.4992,33.2645],[70.9522,32.8788],[70.7001,32.4288],[69.8673,32.1074],[69.6742,31.9146],[69.2927,31.9146],[69.1137,31.7861],[69.0874,31.6575],[68.287,31.0791],[67.9607,30.565],[67.7089,30.4364],[67.3235,29.9865],[66.9313,28.5724]],[[73.7749,34.371],[73.7798,34.3961],[73.7963,34.4185],[73.7749,34.371]],[[73.7827,34.3468],[73.8217,34.3204],[73.8042,34.3275],[73.7827,34.3468]],[[73.8356,34.3146],[73.9377,34.3042],[73.8533,34.3074],[73.8356,34.3146]],[[73.8937,34.0543],[73.9458,34.0098],[73.9162,34.0279],[73.8937,34.0543]],[[74.5351,31.7711],[74.5408,31.8109],[74.5485,31.8201],[74.5351,31.7711]],[[74.5589,31.8325],[74.5656,31.8405],[74.67,31.9042],[74.5589,31.8325]],[[80.2721,21.2434],[80.6562,21.2434],[80.707,21.0505],[81.0389,20.7291],[80.5636,19.2505],[80.5172,19.2505],[80.5271,19.4819],[80.6017,19.8568],[80.6913,20.0159],[80.318,20.9901],[80.2721,21.2434]],[[84.6273,27.0365],[84.7607,26.999],[84.6402,27.0284],[84.6273,27.0365]],[[85.1949,26.7589],[85.2957,26.7387],[85.2873,26.737],[85.1949,26.7589]],[[88.5401,23.65],[88.5612,23.741],[88.5416,23.6388],[88.5401,23.65]],[[88.5764,23.5918],[88.6092,23.5888],[88.5815,23.5883],[88.5764,23.5918]],[[89.0623,22.2116],[89.0762,22.175],[89.0782,22.1508],[89.0623,22.2116]],[[91.1406,23.6197],[91.1951,23.4952],[91.1408,23.6121],[91.1406,23.6197]],[[91.214,23.7996],[91.2282,23.845],[91.2253,23.8261],[91.214,23.7996]],[[92.175,21.1756],[92.1799,21.207],[92.1807,21.1661],[92.175,21.1756]],[[92.1951,21.1421],[92.2118,21.1235],[92.2243,21.0932],[92.1951,21.1421]]],[[[80.2711,13.5289],[80.3069,13.4409],[80.3137,13.4409],[80.3096,13.4793],[80.2894,13.5289],[80.2711,13.5289]]],[[[80.8685,15.812],[80.8698,15.8105],[80.9628,15.7987],[80.8884,15.8467],[80.8685,15.812]]],[[[82.3489,16.9565],[82.3571,16.8975],[82.3642,16.9149],[82.3489,16.9565]]],[[[85.4994,19.6535],[85.5765,19.6906],[85.4996,19.6549],[85.4994,19.6535]]],[[[88.1338,21.631],[88.1394,21.6303],[88.1444,21.6578],[88.1391,21.67],[88.1338,21.631]]],[[[88.1421,21.6913],[88.1634,21.7055],[88.167,21.7654],[88.1584,21.8099],[88.1421,21.6913]]],[[[88.7169,22.0443],[88.7179,22.0085],[88.7307,22.0372],[88.7169,22.0443]]],[[[89.0457,21.9171],[89.0515,21.7932],[89.1136,21.7311],[89.139,21.7668],[89.0457,21.9171]]],[[[90.3233,21.9087],[90.376,21.9959],[90.3714,21.9948],[90.3322,21.9388],[90.3233,21.9087]]],[[[90.3396,21.9723],[90.3811,22.0231],[90.3875,22.048],[90.3739,22.0456],[90.3587,22.0227],[90.3396,21.9723]]],[[[90.4297,23.3852],[90.4373,23.3618],[90.4871,23.319],[90.5061,23.3142],[90.5241,23.3223],[90.5296,23.3336],[90.5862,23.3017],[90.5776,23.3236],[90.5394,23.35],[90.4557,23.385],[90.4297,23.3852]]],[[[90.4557,22.7674],[90.521,22.7118],[90.591,22.8139],[90.6782,22.8083],[90.5444,22.8807],[90.4734,22.8651],[90.4557,22.7674]]],[[[90.4557,23.0628],[90.4695,23.0076],[90.5156,23.0519],[90.5104,23.069],[90.4557,23.0628]]],[[[90.4977,22.0791],[90.5734,22.0791],[90.6135,22.164],[90.4977,22.0791]]],[[[90.5081,22.9758],[90.6673,22.9182],[90.5862,23.0349],[90.5081,22.9758]]],[[[90.5563,22.6747],[90.6818,22.4453],[90.6112,22.0791],[90.6818,22.1026],[90.6475,21.994],[90.8279,22.1524],[90.855,22.4347],[90.6506,22.7874],[90.5855,22.7681],[90.5563,22.6747]]],[[[90.6014,22.4292],[90.6401,22.3087],[90.6587,22.3795],[90.6014,22.4292]]],[[[90.6475,22.4247],[90.6673,22.439],[90.6653,22.4691],[90.6535,22.4835],[90.6475,22.4247]]],[[[91.4238,22.5253],[91.4761,22.4133],[91.5552,22.402],[91.4676,22.5863],[91.4238,22.5253]]],[[[91.8538,21.6647],[91.866,21.5005],[91.9611,21.5062],[91.9356,21.7812],[91.8877,21.685],[91.8723,21.7548],[91.8538,21.6647]]],[[[91.8798,21.8462],[91.8877,21.8662],[91.8843,21.8772],[91.8798,21.8462]]],[[[91.0304,22.1434],[91.1598,22.1792],[91.1552,22.3363],[91.0706,22.3363],[91.0304,22.1434]]],[[[73.7172,34.8079],[73.7944,34.8079],[73.8107,34.8723],[73.7336,34.8723],[73.7172,34.8079]]]]}},{"type":"Feature","properties":{"relationId":"cliopatria-relation-bdaf8580fce1","name":"(Alliance between Gupta Empire and Vakataka Kingdom)","name_ko":"굽타 왕조–바카타카 동맹","relationKind":"alliance","relation_kind_ko":"동맹","actor_ids":"cliopatria-q11774-e614932c2f;cliopatria-q1501306-fc655e06d0","actor_names_ko":"굽타 왕조;바카타카","color":"#4fd1c5","startYear":387,"endYear":409,"source_name":"Cliopatria v0.2.0","source_url":"https://github.com/Seshat-Global-History-Databank/cliopatria","license":"CC BY 4.0","attribution":"Seshat Global History Databank, Cliopatria contributors"},"geometry":{"type":"MultiPolygon","coordinates":[[[[66.9313,28.5724],[67.0067,28.5724],[66.9655,28.3153],[67.0409,28.3153],[67.0457,27.8652],[67.121,27.8652],[67.0623,27.4795],[67.1745,27.2223],[67.1966,26.3222],[67.5021,25.8079],[67.211,25.2936],[67.5852,25.2936],[67.6931,25.5507],[68.8111,26.0651],[69.5609,26.0651],[69.8999,25.8079],[70.6313,25.6793],[70.7862,25.165],[71.0107,25.165],[71.3423,24.8435],[71.7994,24.9078],[72.2826,25.165],[72.8064,25.165],[73.2777,24.7792],[73.9418,24.7149],[74.6409,24.9078],[74.7336,25.0364],[75.2572,25.0364],[75.6681,25.2936],[76.5199,25.4864],[78.1672,25.4864],[78.3144,24.9721],[78.576,24.7149],[79.3796,24.5864],[80.585,24.1363],[81.3075,23.4291],[81.1885,22.5291],[80.9906,22.1434],[80.4142,21.6934],[80.2564,21.6317],[80.2334,22.1978],[78.1085,22.5521],[77.1928,22.8597],[76.1328,22.5889],[75.441,22.1978],[74.3114,22.0641],[74.2367,21.0366],[73.9133,20.5713],[74.0327,20.0065],[74.2168,19.4773],[74.4656,19.0121],[74.7431,18.8135],[75.8238,18.7198],[77.0616,17.8516],[77.5019,17.0251],[77.4541,15.1718],[77.5362,15.2127],[78.6413,15.1155],[78.8052,15.8744],[78.9545,15.8983],[79.2481,16.634],[80.2518,17.2435],[79.9448,16.4861],[79.5273,16.0361],[79.2962,14.4932],[79.3697,14.4932],[79.3293,14.0538],[79.5217,13.5109],[79.445,12.886],[79.778,12.78],[80.1349,12.4414],[80.2517,12.7625],[80.3478,13.3491],[80.327,13.4304],[80.1194,13.5007],[80.0565,13.5952],[80.094,13.6948],[80.1356,13.6191],[80.1419,13.7289],[80.2204,13.6187],[80.2486,13.8018],[80.1497,14.0277],[80.1356,14.2292],[80.0466,14.2066],[80.175,14.3445],[80.197,14.565],[80.1419,14.5712],[80.1785,14.6058],[80.1082,14.7143],[80.053,15.0926],[80.0906,15.3049],[80.2796,15.7007],[80.6702,15.9077],[80.8565,15.8122],[80.8965,16.0311],[80.91,15.8527],[81.0189,15.7916],[80.9989,15.8467],[81.1497,15.9696],[81.2596,16.3327],[81.4114,16.3825],[81.4167,16.3402],[81.5402,16.3737],[81.7825,16.3331],[82.3074,16.5798],[82.3662,16.8719],[82.2679,16.8675],[82.2527,16.9292],[82.3877,17.1269],[82.7185,17.3486],[83.2389,17.593],[83.2129,17.6349],[83.2991,17.6643],[83.2469,17.7163],[83.3413,17.7174],[83.4519,17.9229],[84.1131,18.2983],[84.3499,18.5529],[84.2469,18.5256],[84.4237,18.6365],[84.7411,19.0281],[84.78,19.0971],[84.7405,19.0737],[84.7388,19.1476],[84.791,19.1206],[85.1804,19.475],[85.4089,19.6099],[85.2884,19.6013],[85.3779,19.6149],[85.3914,19.6906],[85.2476,19.6565],[85.193,19.5808],[85.2332,19.5541],[85.124,19.4783],[85.1029,19.5296],[85.2681,19.78],[85.4401,19.8962],[85.5703,19.8756],[85.5765,19.7458],[85.5099,19.7346],[85.5021,19.6739],[86.3724,19.965],[86.1677,20.0729],[86.1525,20.1431],[86.2092,20.0666],[86.4263,19.9992],[86.3914,20.0202],[86.4951,20.1841],[86.7546,20.3144],[86.6937,20.2939],[86.8071,20.4104],[86.7205,20.3685],[86.7515,20.4892],[87.0215,20.6756],[86.9402,20.698],[86.9987,20.7111],[86.9866,20.7519],[86.8788,20.7806],[86.9657,20.806],[86.844,21.0822],[86.9177,21.3274],[87.2009,21.552],[87.7038,21.6555],[87.834,21.7293],[87.9837,21.8542],[88.0431,22.0173],[88.1643,22.0898],[88.1326,22.1791],[87.9653,22.2448],[87.9066,22.4247],[88.009,22.2404],[88.198,22.1678],[88.2224,22.0779],[88.1467,21.9592],[88.2097,21.7886],[88.1819,21.6652],[88.3017,21.5786],[88.2616,21.7987],[88.3218,21.6057],[88.3312,21.7191],[88.4598,21.6934],[88.4956,21.9518],[88.5166,21.7017],[88.6602,22.205],[88.6442,22.0791],[88.763,22.1306],[88.7149,22.0791],[88.763,22.0173],[88.7196,21.9428],[88.728,21.6291],[88.8109,21.6917],[88.803,21.6291],[88.8587,21.6365],[88.8587,21.7668],[88.8916,21.6535],[89.0832,21.6291],[89.0159,21.8533],[88.905,21.9694],[89.0095,21.9046],[89.0609,21.9385],[89.0437,22.1374],[89.1047,21.8159],[89.2947,21.7577],[89.3596,21.9723],[89.369,21.7577],[89.4501,21.7577],[89.5218,21.9623],[89.4758,22.2951],[89.5329,21.9847],[89.5794,22.1132],[89.5492,22.2053],[89.6265,22.336],[89.5274,21.8128],[89.5365,21.7577],[89.6747,21.7577],[89.7007,21.7849],[89.619,21.8699],[89.647,21.9251],[89.7092,21.8301],[89.8782,21.8837],[89.7972,22.076],[89.8713,22.0919],[89.8387,22.2678],[89.8729,22.4186],[89.9204,22.3918],[90.0101,22.4902],[89.8768,22.2747],[89.9146,22.0617],[89.9678,21.9746],[90.0784,22.164],[89.9963,22.0002],[90.058,21.9937],[90.2361,22.1989],[90.0302,21.9124],[90.0866,21.8691],[90.1262,21.932],[90.1005,21.8585],[90.2176,21.8135],[90.4129,22.178],[90.3943,22.2882],[90.3875,22.1026],[90.446,22.0791],[90.6184,22.3767],[90.5597,22.5623],[90.4725,22.5756],[90.4421,22.4936],[90.5127,22.6115],[90.4929,22.7099],[90.3726,22.7614],[90.54,22.8966],[90.4489,23.0557],[90.572,23.0817],[90.6108,23.2308],[90.2503,23.4669],[90.5519,23.385],[90.5768,23.5395],[90.4763,23.583],[90.612,23.6061],[90.6078,23.4911],[90.7158,23.5351],[90.6003,23.4499],[90.6673,23.2676],[90.6294,23.0644],[90.7949,22.7414],[90.9417,22.5859],[91.0379,22.5886],[91.0038,22.6787],[91.0667,22.5884],[91.2352,22.6659],[91.169,22.6849],[91.1819,22.7265],[91.3038,22.6974],[91.3464,22.7748],[91.4147,22.7537],[91.4905,22.9045],[91.4615,22.77],[91.497,22.7863],[91.676,22.5346],[91.7871,22.2379],[91.9081,22.4247],[91.8088,22.3063],[91.813,22.1803],[91.8672,22.1374],[91.9157,21.8625],[91.9497,21.8842],[91.8993,21.7895],[91.99,21.7948],[91.9497,21.716],[91.9839,21.6501],[92.0293,21.7049],[91.99,21.562],[92.0531,21.5005],[92.0525,21.1548],[92.233,20.8878],[92.2941,20.8694],[92.2649,21.0544],[92.3331,20.8577],[92.3318,21.372],[92.759,21.2434],[92.7309,21.5648],[92.6566,21.5648],[92.7314,22.0791],[92.5922,22.1434],[92.6302,22.4005],[92.4649,22.7863],[92.4943,22.9791],[92.4198,22.9791],[92.3611,23.5577],[92.2222,23.622],[92.2525,24.2649],[92.0392,24.3292],[91.7832,24.1363],[91.3458,24.2006],[91.3031,24.3935],[91.3994,24.5221],[91.3247,24.5221],[91.305,24.8435],[91.0283,24.9721],[91.0624,25.165],[92.483,25.1599],[90.2962,25.2813],[89.9138,25.6362],[90.1547,26.1294],[89.5168,26.1294],[89.2659,26.3865],[89.0408,26.3865],[88.9905,26.5151],[88.5526,26.5794],[87.9903,26.3865],[87.2399,26.3865],[87.1141,26.5151],[86.6516,26.4508],[86.3126,26.6437],[85.787,26.6437],[85.7362,26.7723],[85.4479,26.8366],[85.5476,27.3509],[85.3346,27.4152],[85.2485,27.7367],[84.8591,27.6724],[84.7474,27.8652],[84.2825,27.8009],[83.4797,27.9295],[83.0664,28.1224],[83.0171,28.251],[81.9485,28.1867],[81.7849,28.1224],[81.7595,27.9938],[81.6088,27.9938],[81.1945,28.1867],[80.957,28.5081],[80.1656,28.701],[79.8666,29.0867],[79.9609,29.5366],[79.8852,29.5366],[79.9544,29.858],[79.8449,30.0508],[79.8693,30.5007],[79.6239,30.7578],[79.6071,31.0148],[79.1796,31.4647],[78.8139,31.529],[78.8443,31.6575],[78.448,31.5933],[76.4634,32.236],[76.0811,32.5574],[76.1274,32.7502],[75.8824,32.6859],[75.4694,32.8788],[75.4238,33.0073],[75.2706,33.0073],[75.2405,33.2002],[75.1028,33.2645],[75.1341,33.3931],[74.9964,33.4574],[75.028,33.5859],[74.6016,34.0361],[74.6337,34.1647],[74.4513,34.3577],[74.2973,34.3577],[74.1918,34.5506],[74.0377,34.5506],[73.9931,34.6793],[73.701,34.7436],[73.7172,34.8079],[73.3442,34.5506],[73.3712,34.0361],[73.1706,33.8432],[72.7709,33.7789],[72.725,33.9075],[72.4175,33.9075],[72.4639,34.1004],[72.1408,34.0361],[71.4992,33.2645],[70.9522,32.8788],[70.7001,32.4288],[69.8673,32.1074],[69.6742,31.9146],[69.2927,31.9146],[69.0243,31.7218],[68.9982,31.5933],[68.287,31.0791],[67.9607,30.565],[67.5217,30.2436],[67.2135,29.7937],[66.9313,28.5724]],[[73.7749,34.371],[73.7798,34.3961],[73.7963,34.4185],[73.7749,34.371]],[[73.7827,34.3468],[73.8217,34.3204],[73.8042,34.3275],[73.7827,34.3468]],[[73.8356,34.3146],[73.9377,34.3042],[73.8533,34.3074],[73.8356,34.3146]],[[73.8937,34.0543],[73.9458,34.0098],[73.9162,34.0279],[73.8937,34.0543]],[[74.5351,31.7711],[74.5408,31.8109],[74.5485,31.8201],[74.5351,31.7711]],[[74.5589,31.8325],[74.5656,31.8405],[74.67,31.9042],[74.5589,31.8325]],[[80.2721,21.2434],[80.6562,21.2434],[80.707,21.0505],[81.0389,20.7291],[80.5636,19.2505],[80.5172,19.2505],[80.5271,19.4819],[80.6017,19.8568],[80.6913,20.0159],[80.318,20.9901],[80.2721,21.2434]],[[84.6273,27.0365],[84.7607,26.999],[84.6402,27.0284],[84.6273,27.0365]],[[85.1949,26.7589],[85.2957,26.7387],[85.2873,26.737],[85.1949,26.7589]],[[88.5401,23.65],[88.5612,23.741],[88.5416,23.6388],[88.5401,23.65]],[[88.5764,23.5918],[88.6092,23.5888],[88.5815,23.5883],[88.5764,23.5918]],[[89.0623,22.2116],[89.0762,22.175],[89.0782,22.1508],[89.0623,22.2116]],[[91.1406,23.6197],[91.1951,23.4952],[91.1408,23.6121],[91.1406,23.6197]],[[91.214,23.7996],[91.2282,23.845],[91.2253,23.8261],[91.214,23.7996]],[[92.175,21.1756],[92.1799,21.207],[92.1807,21.1661],[92.175,21.1756]],[[92.1951,21.1421],[92.2118,21.1235],[92.2243,21.0932],[92.1951,21.1421]]],[[[80.2711,13.5289],[80.3069,13.4409],[80.3137,13.4409],[80.3096,13.4793],[80.2894,13.5289],[80.2711,13.5289]]],[[[80.8685,15.812],[80.8698,15.8105],[80.9628,15.7987],[80.8884,15.8467],[80.8685,15.812]]],[[[82.3489,16.9565],[82.3571,16.8975],[82.3642,16.9149],[82.3489,16.9565]]],[[[85.4994,19.6535],[85.5765,19.6906],[85.4996,19.6549],[85.4994,19.6535]]],[[[88.1338,21.631],[88.1394,21.6303],[88.1444,21.6578],[88.1391,21.67],[88.1338,21.631]]],[[[88.1421,21.6913],[88.1634,21.7055],[88.167,21.7654],[88.1584,21.8099],[88.1421,21.6913]]],[[[88.7169,22.0443],[88.7179,22.0085],[88.7307,22.0372],[88.7169,22.0443]]],[[[89.0457,21.9171],[89.0515,21.7932],[89.1136,21.7311],[89.139,21.7668],[89.0457,21.9171]]],[[[90.3233,21.9087],[90.376,21.9959],[90.3714,21.9948],[90.3322,21.9388],[90.3233,21.9087]]],[[[90.3396,21.9723],[90.3811,22.0231],[90.3875,22.048],[90.3739,22.0456],[90.3587,22.0227],[90.3396,21.9723]]],[[[90.4297,23.3852],[90.4373,23.3618],[90.4871,23.319],[90.5061,23.3142],[90.5241,23.3223],[90.5296,23.3336],[90.5862,23.3017],[90.5776,23.3236],[90.5394,23.35],[90.4557,23.385],[90.4297,23.3852]]],[[[90.4557,22.7674],[90.521,22.7118],[90.591,22.8139],[90.6782,22.8083],[90.5444,22.8807],[90.4734,22.8651],[90.4557,22.7674]]],[[[90.4557,23.0628],[90.4695,23.0076],[90.5156,23.0519],[90.5104,23.069],[90.4557,23.0628]]],[[[90.4977,22.0791],[90.5734,22.0791],[90.6135,22.164],[90.4977,22.0791]]],[[[90.5081,22.9758],[90.6673,22.9182],[90.5862,23.0349],[90.5081,22.9758]]],[[[90.5563,22.6747],[90.6818,22.4453],[90.6112,22.0791],[90.6818,22.1026],[90.6475,21.994],[90.8279,22.1524],[90.855,22.4347],[90.6506,22.7874],[90.5855,22.7681],[90.5563,22.6747]]],[[[90.6014,22.4292],[90.6401,22.3087],[90.6587,22.3795],[90.6014,22.4292]]],[[[90.6475,22.4247],[90.6673,22.439],[90.6653,22.4691],[90.6535,22.4835],[90.6475,22.4247]]],[[[91.4238,22.5253],[91.4761,22.4133],[91.5552,22.402],[91.4676,22.5863],[91.4238,22.5253]]],[[[91.8538,21.6647],[91.866,21.5005],[91.9611,21.5062],[91.9356,21.7812],[91.8877,21.685],[91.8723,21.7548],[91.8538,21.6647]]],[[[91.8798,21.8462],[91.8877,21.8662],[91.8843,21.8772],[91.8798,21.8462]]],[[[91.0304,22.1434],[91.1598,22.1792],[91.1552,22.3363],[91.0706,22.3363],[91.0304,22.1434]]],[[[73.7172,34.8079],[73.7944,34.8079],[73.8107,34.8723],[73.7336,34.8723],[73.7172,34.8079]]]]}}]}
