{"type":"FeatureCollection","features":[{"type":"Feature","properties":{"relationId":"cliopatria-relation-a8d347c645e2","name":"(Allegiance of Ostrogothic Kingdom to Eastern Roman Empire)","name_ko":"동고트 왕국–동로마 제국 충성·복속 관계","relationKind":"allegiance","relation_kind_ko":"충성·복속 관계","actor_ids":"cliopatria-q583038-7d984a97b7;cliopatria-q12544-03f6c8deaf","actor_names_ko":"동고트 왕국;동로마 제국","color":"#e7b763","startYear":500,"endYear":509,"source_name":"Cliopatria v0.2.0","source_url":"https://github.com/Seshat-Global-History-Databank/cliopatria","license":"CC BY 4.0","attribution":"Seshat Global History Databank, Cliopatria contributors"},"geometry":{"type":"MultiPolygon","coordinates":[[[[14.3384,35.9455],[14.3815,35.843],[14.5618,35.8298],[14.5078,35.9285],[14.3773,35.9936],[14.3384,35.9455]]],[[[22.9016,36.3383],[22.9292,36.178],[23.0533,36.1596],[23.0769,36.2707],[22.9446,36.3894],[22.9016,36.3383]]],[[[24.2754,37.5317],[24.3958,37.6247],[24.3728,37.6852],[24.2893,37.6453],[24.2754,37.5317]]],[[[20.6195,37.8228],[20.7934,37.6685],[20.9261,37.7284],[20.886,37.814],[20.7247,37.8998],[20.6554,37.8998],[20.6195,37.8228]]],[[[24.6878,37.9287],[24.9118,37.7283],[24.9944,37.7541],[24.9538,37.8707],[24.7937,37.9941],[24.6878,37.9287]]],[[[20.339,38.2002],[20.3801,38.1518],[20.4253,38.1753],[20.4351,38.2788],[20.4943,38.1337],[20.7865,38.0933],[20.6817,38.2821],[20.6429,38.2534],[20.5991,38.3026],[20.6258,38.3518],[20.5664,38.416],[20.479,38.3095],[20.3999,38.3641],[20.339,38.2002]]],[[[20.6878,38.3367],[20.7194,38.3156],[20.7387,38.3189],[20.6951,38.3434],[20.6878,38.3367]]],[[[23.4849,38.7389],[23.5634,38.7389],[23.5668,38.7946],[23.4888,38.8034],[23.4849,38.7389]]],[[[24.4362,38.878],[24.557,38.8457],[24.5368,38.7918],[24.6643,38.7732],[24.523,38.9643],[24.4611,38.9677],[24.4362,38.878]]],[[[20.1453,39.6436],[20.1517,39.6402],[20.1519,39.6436],[20.1453,39.6436]]],[[[24.5197,40.6853],[24.6397,40.5732],[24.7801,40.6122],[24.7864,40.7351],[24.6423,40.8039],[24.5197,40.6853]]],[[[10.1632,42.8164],[10.1963,42.7362],[10.3379,42.7648],[10.4307,42.7221],[10.3888,42.7635],[10.4367,42.8044],[10.4124,42.8734],[10.3473,42.8059],[10.1632,42.8164]]],[[[6.6343,45.1042],[6.6375,44.9734],[6.8826,44.908],[6.887,44.7119],[6.9681,44.7119],[6.8104,44.516],[7.4715,43.7982],[8.0339,43.9286],[8.1916,44.1896],[8.5925,44.4507],[9.1591,44.4507],[9.7274,44.1243],[9.9697,44.1243],[9.9627,44.0447],[10.1314,44.0591],[10.3742,43.6678],[10.5391,43.0796],[11.0163,42.8213],[11.0159,42.6629],[11.176,42.6262],[11.2552,42.4312],[11.4152,42.4312],[11.569,42.3314],[11.6548,42.3662],[11.8128,42.1063],[12.1317,42.0413],[12.1305,41.9131],[13,41.3274],[13.7145,41.2625],[13.862,41.1328],[13.9506,41.1328],[14.1046,40.8736],[14.4219,40.8736],[14.4194,40.7517],[14.4741,40.7297],[14.4363,40.6792],[14.8934,40.6792],[15.0414,40.2259],[15.1995,40.2259],[15.4319,40.0317],[15.5349,40.0778],[15.7478,40.0317],[15.7136,39.978],[15.7736,39.8424],[15.8989,39.7729],[16.1165,39.0618],[16.2703,38.9326],[16.2652,38.7389],[15.9497,38.6743],[15.8621,38.2869],[15.6328,38.2203],[15.6982,37.9643],[15.9328,37.9643],[16.4919,38.416],[16.5024,38.8034],[17.1383,39.0618],[17.0697,39.385],[16.9162,39.5143],[16.4473,39.6436],[16.4567,39.967],[16.6769,40.1511],[16.6245,40.2906],[16.777,40.2906],[16.9137,40.4464],[16.868,40.4849],[17.0285,40.5496],[17.3452,40.5496],[17.4175,40.3554],[17.8131,40.3554],[18.1122,39.9023],[18.3489,39.9023],[18.4381,40.1612],[17.9812,40.6144],[17.5107,40.744],[17.2027,41.0032],[15.9439,41.3922],[15.8738,41.7167],[16.1149,41.7816],[16.1189,41.9114],[15.2414,41.9114],[14.7659,42.0413],[14.7178,42.1506],[14.6077,42.1063],[14.0565,42.4962],[13.9014,42.7563],[13.9329,42.8295],[13.8625,43.0186],[13.7471,43.0816],[13.6726,43.4072],[13.3874,43.6413],[13.0338,43.733],[13.019,43.8567],[12.8734,43.7982],[12.313,44.1896],[12.1537,44.4507],[12.1572,44.8426],[12.4001,44.7989],[12.4026,45.0388],[12.3688,45.011],[12.16,45.1696],[12.1628,45.4968],[12.6522,45.5623],[12.8168,45.6933],[13.0658,45.6401],[13.1448,45.8243],[13.7149,45.7588],[13.7393,45.6491],[13.8081,45.6143],[13.7119,45.5933],[13.7529,45.5529],[13.7102,45.4968],[13.5473,45.4968],[13.5448,45.3427],[13.7056,45.235],[13.8032,44.908],[13.9432,44.908],[13.9457,45.0388],[14.1552,45.0388],[14.1962,45.3659],[14.6031,45.3659],[14.576,45.2623],[14.8528,45.0937],[14.9187,44.9734],[14.9113,44.6789],[15.308,44.3544],[15.5287,44.2718],[15.2612,44.3326],[15.2953,44.2507],[15.1981,44.3017],[15.1765,44.25],[15.2129,44.131],[15.4591,43.9938],[15.4551,43.928],[15.6186,43.9286],[15.6954,43.7982],[15.8566,43.7982],[16.0117,43.6027],[15.9595,43.504],[16.5754,43.6027],[16.7342,43.5375],[16.7302,43.4247],[17.0513,43.4072],[17.1139,43.2132],[17.2058,43.1691],[17.3654,43.2118],[17.3606,43.0893],[17.4336,43.0174],[17.502,43.031],[17.5156,42.9589],[17.6632,42.8864],[17.8339,42.8864],[18.2191,42.5984],[18.6286,42.4482],[18.6873,42.4829],[18.7063,42.4197],[18.852,42.3662],[18.9259,42.2362],[19.0058,42.2362],[19.0027,42.1712],[19.4246,41.8666],[19.5916,41.8188],[19.5576,41.6605],[19.613,41.6053],[19.4715,41.5823],[19.5297,41.522],[19.4438,41.3922],[19.5233,41.3922],[19.4555,41.1485],[19.5234,40.9206],[19.3688,40.8022],[19.3044,40.6531],[19.4863,40.6144],[19.4714,40.2906],[19.6295,40.2906],[20.0094,39.967],[19.9876,39.7083],[20.155,39.7083],[20.2972,39.385],[21.0032,39.0151],[20.9896,39.0618],[21.1467,39.0618],[21.1774,38.876],[21.1023,38.9108],[21.0852,38.8643],[21.0274,38.9326],[20.8599,38.9605],[20.7414,38.8034],[20.9737,38.7389],[21.1933,38.416],[21.3376,38.3989],[21.3225,38.4963],[21.4224,38.3889],[21.7625,38.3284],[21.8312,38.3967],[21.9876,38.4106],[22.1892,38.3231],[22.3748,38.3431],[22.2902,38.416],[22.4083,38.416],[22.4016,38.4534],[22.6036,38.416],[22.5625,38.2935],[22.6465,38.39],[22.7251,38.3072],[22.8351,38.3515],[22.8057,38.227],[22.9009,38.2203],[22.9098,38.2869],[22.9881,38.2869],[22.9763,38.2224],[23.0322,38.1859],[23.2234,38.1592],[23.1729,38.0795],[22.9408,38.0819],[22.9463,37.9462],[22.6572,37.9643],[22.6126,38.0918],[22.4328,38.1433],[22.4295,38.0933],[22.3512,38.0933],[22.3742,38.1578],[22.1982,38.1578],[22.1136,38.2678],[21.8495,38.3413],[21.7333,38.2514],[21.7286,38.1578],[21.4156,38.1578],[21.2436,37.8352],[21.6966,37.5128],[21.6958,37.3164],[21.6031,37.1904],[21.681,37.1904],[21.7435,36.8682],[21.8992,36.8682],[21.9085,37.0615],[22.22,37.0615],[22.3757,36.6749],[22.5118,36.6749],[22.5994,36.8682],[22.8328,36.8682],[23.0391,36.7062],[22.8532,37.2549],[22.7007,37.3193],[22.7144,37.5773],[22.9486,37.5773],[23.1756,37.4483],[23.1685,37.3193],[23.278,37.3498],[23.23,37.3749],[23.2627,37.401],[23.3849,37.4134],[23.36,37.5475],[23.1083,37.6417],[23.0151,37.9252],[23.2044,37.963],[23.2082,38.0288],[23.5746,38.0468],[23.5597,37.9866],[23.9786,37.8352],[24.0361,38.2224],[23.6729,38.3564],[23.5929,38.4806],[23.3126,38.4806],[23.1826,38.6538],[23.1045,38.6384],[22.9149,38.7756],[22.5251,38.8581],[22.6216,38.9145],[22.792,38.878],[23.0731,39.0363],[22.9639,39.009],[22.9981,39.0698],[22.9516,39.1238],[22.7973,39.0618],[22.8163,39.385],[23.1318,39.4489],[22.6109,39.9023],[22.6497,39.9853],[22.5437,40.0964],[22.5716,40.5496],[22.9105,40.6446],[22.9832,40.5527],[22.9265,40.5153],[22.9592,40.4201],[23.7374,40.2259],[23.6936,40.3092],[23.7777,40.3548],[23.8386,40.5496],[23.6846,40.6144],[23.698,40.8088],[24.0106,40.744],[24.3466,41.0032],[25.1384,41.0101],[25.1358,40.9692],[25.8495,40.9384],[26.0822,40.8736],[26.1403,40.6144],[26.5472,40.744],[26.621,40.6792],[26.9324,40.6144],[26.7685,40.5496],[26.8466,40.5165],[26.9576,40.5584],[27.0172,40.6792],[27.5275,41.068],[29.0429,41.068],[29.0645,41.1371],[28.9631,41.1328],[28.975,41.2529],[28.5053,41.3274],[28.0814,41.6518],[27.9794,41.6518],[27.937,42.0413],[27.4529,42.4801],[27.5135,42.6262],[27.8466,42.7563],[27.8049,43.1467],[27.8982,43.2769],[28.0607,43.3092],[28.1925,43.4078],[28.1592,43.4723],[28.4811,43.4723],[28.6163,43.9938],[28.5356,43.9938],[28.5769,44.3854],[28.7612,44.5223],[28.7578,44.6268],[28.8362,44.6268],[28.784,44.6492],[28.8257,44.7332],[28.802,44.9734],[29.0583,45.001],[29.1106,44.97],[29.0418,44.9257],[29.0603,44.8323],[29.0964,44.8751],[29.5253,44.908],[29.6659,45.4313],[29.1847,45.4968],[28.7561,45.3004],[28.4307,45.3004],[28.275,45.3659],[28.2376,45.4521],[28.2814,45.4265],[28.2888,45.4968],[28.0513,45.5623],[28.0376,45.4313],[27.7867,45.3659],[27.7666,45.1696],[27.9224,45.1042],[27.8888,44.7773],[27.7266,44.7773],[27.7067,44.5813],[27.8687,44.5813],[27.8488,44.3854],[27.9297,44.3854],[27.7481,44.1896],[26.3682,44.1243],[26.0333,43.9938],[25.768,43.733],[25.2788,43.6678],[24.8062,43.7982],[24.0754,43.733],[23.9244,43.8634],[23.526,43.9286],[22.8758,43.8634],[22.9754,44.1243],[22.509,44.3854],[22.5182,44.516],[22.7658,44.5813],[22.6941,44.7119],[22.3699,44.7119],[22.1943,44.516],[22.0324,44.516],[21.8835,44.7119],[21.6403,44.7119],[21.4097,44.908],[20.6715,44.7773],[20.5208,44.9734],[20.6097,45.1042],[20.2922,45.235],[20.2959,45.3004],[19.2384,45.3004],[18.9976,45.3659],[19.0041,45.4968],[18.9227,45.4968],[19.0106,45.6278],[18.854,45.7588],[18.9486,46.0209],[18.8701,46.0865],[18.9518,46.0865],[19.0501,46.4145],[18.8961,46.6115],[18.906,46.8086],[18.8239,46.8086],[18.8337,47.0058],[19.166,47.0716],[19.0906,47.2032],[19.2692,47.4665],[18.9496,47.6641],[18.9565,47.7959],[18.798,47.9278],[18.626,47.7959],[17.6346,47.7959],[17.169,48.0123],[17.0856,47.9701],[17.1672,48.0131],[17.0669,48.0597],[17.0723,48.1917],[16.9895,48.1917],[16.9921,48.2578],[16.8238,48.1917],[16.8264,48.2578],[14.2576,48.2578],[13.7642,48.4559],[13.6838,48.5881],[12.9383,48.7204],[12.1113,49.1838],[11.694,49.1175],[11.6099,48.9851],[10.1134,48.4559],[9.9508,47.8619],[9.8681,47.8619],[9.9519,47.6641],[9.3766,47.4006],[9.2955,47.269],[9.1308,47.269],[8.8862,47.0716],[8.8878,46.9401],[8.7235,46.9401],[8.645,46.6772],[8.0786,46.2177],[8.0808,46.0865],[7.9014,45.9825],[7.9833,45.9988],[7.5153,45.7588],[7.4377,45.5623],[7.1147,45.4313],[7.0377,45.235],[6.6343,45.1042]],[[6.9828,44.847],[7.0049,44.828],[7.0043,44.8249],[6.9828,44.847]],[[7.3093,44.1475],[7.339,44.1249],[7.331,44.1253],[7.3093,44.1475]],[[7.8702,45.9404],[7.8729,45.9594],[7.8807,45.9664],[7.8702,45.9404]],[[7.9891,46.0033],[8.0007,46.0175],[7.9984,46.0106],[7.9891,46.0033]],[[9.2823,46.4974],[9.331,46.5015],[9.3508,46.4979],[9.2823,46.4974]],[[9.477,47.0639],[9.5812,47.0569],[9.6691,47.0562],[9.5606,47.0524],[9.477,47.0639]],[[9.4874,47.21],[9.5046,47.2437],[9.5171,47.2564],[9.4874,47.21]],[[9.8486,47.5386],[9.8589,47.5413],[9.9188,47.5322],[9.8486,47.5386]],[[10.0226,47.488],[10.0718,47.4391],[10.0806,47.4274],[10.0226,47.488]],[[10.0427,46.2205],[10.1026,46.2289],[10.0757,46.22],[10.0427,46.2205]],[[10.0532,47.4049],[10.0806,47.4274],[10.076,47.4169],[10.0532,47.4049]],[[10.0924,46.3381],[10.0956,46.344],[10.0935,46.3356],[10.0924,46.3381]],[[10.0998,46.321],[10.1589,46.2624],[10.1049,46.3094],[10.0998,46.321]],[[10.1015,46.3549],[10.105,46.3614],[10.1332,46.3811],[10.1015,46.3549]],[[10.3639,46.9912],[10.3734,46.9963],[10.3758,46.9946],[10.3639,46.9912]],[[12.7389,48.1134],[12.7431,48.1158],[12.7397,48.1069],[12.7389,48.1134]],[[12.7414,48.092],[12.7486,48.0788],[12.742,48.0868],[12.7414,48.092]],[[12.7539,48.0725],[12.8306,48.0155],[12.7602,48.0649],[12.7539,48.0725]],[[13.5068,46.5469],[13.5492,46.5458],[13.607,46.5329],[13.5068,46.5469]],[[14.1499,46.4401],[14.3958,46.441],[14.3993,46.4393],[14.1499,46.4401]],[[14.412,46.4332],[14.4509,46.4145],[14.42,46.4244],[14.412,46.4332]],[[15.972,46.8206],[15.9817,46.8277],[16.0941,46.8629],[16.094,46.8628],[15.972,46.8206]],[[16.2337,46.4787],[16.2349,46.4933],[16.2509,46.405],[16.2337,46.4787]],[[16.3476,46.5436],[16.3579,46.547],[16.3517,46.5395],[16.3476,46.5436]],[[17.0386,46.169],[17.0889,46.1362],[17.0529,46.1535],[17.0386,46.169]],[[17.1069,46.1276],[17.2086,46.1166],[17.1162,46.1231],[17.1069,46.1276]],[[18.4437,42.8345],[18.4517,42.8023],[18.4446,42.8171],[18.4437,42.8345]],[[18.4598,42.7852],[18.4838,42.7525],[18.4674,42.7692],[18.4598,42.7852]],[[18.6487,45.0627],[18.6713,45.0869],[18.6766,45.086],[18.6487,45.0627]],[[18.6798,45.0855],[18.6841,45.0848],[18.7383,45.0159],[18.6798,45.0855]],[[18.8283,45.9057],[18.8865,45.9304],[18.8964,45.9295],[18.8283,45.9057]],[[18.8896,44.8612],[19.0158,44.8656],[19.0726,44.8767],[19.0684,44.8748],[19.005,44.8633],[18.8896,44.8612]],[[19.1228,43.5359],[19.2175,43.5328],[19.1953,43.5328],[19.1228,43.5359]],[[19.2435,44.002],[19.2728,44.0124],[19.2814,44.0115],[19.2435,44.002]],[[19.2749,42.1913],[19.4004,42.3259],[19.2764,42.1857],[19.2749,42.1913]],[[19.2803,42.1714],[19.2925,42.1577],[19.2821,42.1646],[19.2803,42.1714]],[[19.2925,44.0103],[19.3006,44.0095],[19.3646,43.9733],[19.2925,44.0103]],[[19.3074,44.2742],[19.3243,44.264],[19.3319,44.2539],[19.3074,44.2742]],[[19.3415,44.8988],[19.3532,44.899],[19.3644,44.889],[19.3415,44.8988]],[[19.3454,44.2358],[19.354,44.2243],[19.3624,44.1912],[19.3454,44.2358]],[[19.3624,44.1912],[19.4426,44.1432],[19.3812,44.1771],[19.3624,44.1912]],[[19.3696,44.8842],[19.3728,44.8814],[19.3766,44.863],[19.3696,44.8842]],[[19.4004,42.3259],[19.4027,42.352],[19.4111,42.3648],[19.4004,42.3259]],[[19.4152,42.371],[19.4172,42.3741],[19.5178,42.458],[19.4152,42.371]],[[19.5286,43.9772],[19.6008,44.0144],[19.5934,44.0056],[19.5286,43.9772]],[[19.6218,42.605],[19.676,42.6467],[19.6993,42.6548],[19.6218,42.605]],[[19.7516,42.4934],[19.792,42.4729],[19.7845,42.4746],[19.7516,42.4934]],[[19.8102,42.4687],[19.8267,42.4697],[19.8196,42.4665],[19.8102,42.4687]],[[20.0248,42.7234],[20.1039,42.6531],[20.0361,42.708],[20.0248,42.7234]],[[20.0248,42.7234],[20.0265,42.7432],[20.0332,42.7473],[20.0248,42.7234]],[[20.0392,42.5578],[20.065,42.5468],[20.1526,42.4937],[20.0392,42.5578]],[[20.1169,42.9767],[20.1946,42.9668],[20.2112,42.9599],[20.1169,42.9767]],[[20.2166,42.7983],[20.2176,42.8027],[20.2226,42.8037],[20.2166,42.7983]],[[20.249,39.6848],[20.2875,39.7112],[20.2827,39.7044],[20.249,39.6848]],[[20.3334,42.3179],[20.457,42.2505],[20.4741,42.2352],[20.3334,42.3179]],[[20.4862,42.2243],[20.5008,42.2112],[20.5203,42.1761],[20.4862,42.2243]],[[20.5405,42.1396],[20.5494,42.1235],[20.5522,42.0738],[20.5405,42.1396]],[[20.6225,43.1307],[20.6279,43.1231],[20.6261,43.1237],[20.6225,43.1307]],[[20.6518,43.0704],[20.6692,43.1098],[20.6649,43.0854],[20.6518,43.0704]],[[20.6815,41.844],[20.7121,41.8605],[20.703,41.8496],[20.6815,41.844]],[[20.7596,43.2559],[20.7695,43.2608],[20.7799,43.2601],[20.7596,43.2559]],[[20.8068,43.2583],[20.8194,43.2574],[20.8276,43.2501],[20.8068,43.2583]],[[20.9579,40.5149],[20.999,40.54],[20.9815,40.5233],[20.9579,40.5149]],[[21.0152,40.5556],[21.0237,40.5888],[21.0188,40.559],[21.0152,40.5556]],[[21.0186,40.6909],[21.0353,40.6594],[21.0335,40.6487],[21.0186,40.6909]],[[21.2378,42.0974],[21.2917,42.0921],[21.2889,42.0897],[21.2378,42.0974]],[[21.295,42.149],[21.3013,42.1006],[21.2988,42.0984],[21.295,42.149]],[[21.3613,42.2182],[21.3668,42.2239],[21.3766,42.2226],[21.3613,42.2182]],[[21.5576,42.2639],[21.5717,42.2461],[21.5638,42.247],[21.5576,42.2639]],[[21.7005,42.6856],[21.7089,42.6872],[21.7191,42.684],[21.7005,42.6856]],[[22.0476,42.3045],[22.076,42.3053],[22.0609,42.3011],[22.0476,42.3045]],[[22.5088,42.4049],[22.5365,42.4784],[22.5331,42.4576],[22.5088,42.4049]],[[22.5152,42.5141],[22.5249,42.5077],[22.5365,42.4784],[22.5152,42.5141]],[[22.6916,44.2285],[22.9064,44.1229],[22.6916,44.2284],[22.6916,44.2285]],[[22.827,43.2814],[22.8901,43.2269],[22.8838,43.2306],[22.827,43.2814]],[[22.8815,41.3356],[22.917,41.3358],[23.1152,41.3127],[22.8815,41.3356]],[[22.9014,41.8604],[22.9427,41.7758],[22.9397,41.7767],[22.9014,41.8604]],[[22.9045,43.2186],[22.9814,43.199],[22.9155,43.2122],[22.9045,43.2186]],[[22.933,41.6123],[22.9351,41.6189],[22.9332,41.6055],[22.933,41.6123]],[[22.9334,41.595],[22.9487,41.561],[22.9337,41.5846],[22.9334,41.595]],[[22.9385,41.6299],[22.9409,41.6376],[22.9443,41.6388],[22.9385,41.6299]],[[22.967,41.647],[23.0004,41.7015],[22.9986,41.6931],[22.967,41.647]],[[24.1262,41.5294],[24.1463,41.5268],[24.1702,41.5116],[24.1262,41.5294]],[[24.1816,41.5374],[24.1963,41.547],[24.2121,41.5518],[24.1816,41.5374]],[[25.1771,41.2939],[25.2308,41.248],[25.2197,41.2497],[25.1771,41.2939]],[[26.0475,41.6746],[26.0493,41.6823],[26.055,41.6488],[26.0475,41.6746]],[[26.0522,41.6952],[26.0537,41.7015],[26.0579,41.7035],[26.0522,41.6952]],[[26.1312,41.5527],[26.1525,41.547],[26.1544,41.5437],[26.1312,41.5527]],[[26.1459,41.478],[26.1602,41.5019],[26.1593,41.4938],[26.1459,41.478]],[[26.1589,41.5362],[26.1631,41.5291],[26.1617,41.5157],[26.1589,41.5362]],[[26.2304,41.7466],[26.2344,41.7458],[26.2739,41.7149],[26.2304,41.7466]],[[26.3668,41.7112],[26.3774,41.7106],[26.4044,41.6918],[26.3668,41.7112]],[[26.5837,41.3326],[26.6097,41.3307],[26.5911,41.3293],[26.5837,41.3326]]],[[[12.4905,37.7062],[13.192,37.5773],[13.6022,37.2505],[14.2779,37.126],[14.6723,36.7393],[15.0498,36.7393],[15.2102,36.9971],[15.2133,37.1583],[15.0592,37.2549],[15.0665,37.6417],[15.3895,38.1578],[15.5432,38.1578],[15.5865,38.2377],[14.0562,37.9643],[13.6652,37.9643],[13.3547,38.1578],[13.1199,38.1578],[13.0404,38.0288],[12.6522,38.0929],[12.4919,37.8998],[12.4905,37.7062]]],[[[14.5158,45.1042],[14.7791,45.0187],[14.6653,45.0873],[14.6653,45.1618],[14.5974,45.1664],[14.5959,45.2375],[14.5158,45.1042]]],[[[14.9089,44.5813],[14.9595,44.5396],[14.9729,44.5361],[15.0142,44.5187],[15.0073,44.5045],[15.0755,44.4841],[15.0412,44.5275],[15.0039,44.5361],[14.9663,44.5734],[14.9095,44.6068],[14.9089,44.5813]]],[[[15.0415,44.4766],[15.1597,44.3262],[15.2271,44.3264],[15.1651,44.3674],[15.2544,44.34],[15.0415,44.4766]]],[[[15.1642,44.3057],[15.1652,44.3012],[15.1724,44.2991],[15.1642,44.3057]]],[[[15.2158,44.072],[15.2187,44.0591],[15.2398,44.0534],[15.2258,44.0662],[15.2158,44.072]]],[[[15.401,43.904],[15.4461,43.8875],[15.4268,43.9221],[15.4165,43.928],[15.401,43.904]]],[[[16.7272,43.3421],[16.7959,43.3559],[16.7282,43.3691],[16.7272,43.3421]]],[[[17.3552,42.9515],[17.4376,42.9515],[17.3905,42.9777],[17.3566,42.9879],[17.3552,42.9515]]],[[[17.5079,42.7563],[17.5159,42.7684],[17.5085,42.7718],[17.5079,42.7563]]],[[[17.5119,42.8554],[17.6218,42.8864],[17.5261,42.9218],[17.5119,42.8554]]],[[[18.812,30.0508],[19.4961,30.1151],[19.6514,30.2436],[20.9516,30.565],[21.9388,30.565],[22.7667,30.3722],[22.7618,30.2436],[22.916,30.3079],[23.5101,29.9865],[23.9622,29.9223],[24.3304,29.6652],[24.7792,29.5366],[24.8467,29.3438],[25.0008,29.4081],[25.1465,29.2795],[25.3735,29.2795],[25.5863,28.9581],[27.1401,28.251],[27.285,28.1224],[27.2763,27.9295],[27.4299,27.9938],[27.792,27.6724],[27.7109,27.5438],[27.9367,27.5438],[28.1537,27.3509],[28.2702,26.5794],[28.3453,26.5794],[28.2437,25.9365],[28.2886,25.165],[28.5688,24.6506],[29.6728,24.2006],[29.9595,23.8792],[30.1087,23.8792],[30.104,23.7506],[30.3952,23.5577],[30.4627,23.3649],[31.6705,23.7506],[32.0409,23.6863],[33.389,23.8149],[33.7564,23.6863],[35.108,23.8792],[35.4808,23.8253],[35.5139,23.9771],[35.7865,23.8939],[35.7386,23.9833],[35.4938,24.1089],[35.3919,24.2828],[35.1446,24.5002],[35.1603,24.5746],[34.5466,25.725],[34.3387,26.0018],[34.014,26.6116],[33.9414,26.6535],[33.9961,26.8966],[33.8368,27.1208],[33.8384,27.2426],[33.6917,27.3419],[33.4963,27.6466],[33.5877,27.651],[33.5579,27.7599],[33.4735,27.8232],[33.5921,27.7912],[33.5544,27.8965],[33.2494,28.1429],[33.0029,28.4895],[32.8689,28.5789],[32.8069,28.7781],[32.6255,28.9727],[32.6528,29.081],[32.5623,29.3863],[32.3377,29.5925],[32.3639,29.6882],[32.5095,29.8668],[32.4769,29.9322],[32.5715,29.9426],[32.5778,30.0114],[32.6045,29.8242],[32.6907,29.7336],[32.7239,29.4705],[32.8172,29.414],[32.8856,29.2431],[33.1779,28.9896],[33.2287,28.5694],[33.5538,28.3153],[33.7634,28.024],[34.2479,27.7367],[34.2141,27.7915],[34.4281,27.9859],[34.4553,28.1749],[34.4102,28.32],[34.6245,28.736],[34.7366,29.3113],[34.9572,29.569],[34.9978,29.518],[34.8966,29.1789],[34.8535,28.5724],[34.5956,28.1021],[34.6429,28.0581],[34.7092,28.1401],[34.8191,28.1128],[34.8049,28.0712],[34.8368,28.1163],[34.8464,28.0712],[35.0519,28.1196],[35.1961,28.0595],[35.4803,28.8938],[35.6408,29.0224],[35.6551,29.2152],[35.8063,29.2152],[35.7699,29.7294],[35.8456,29.7294],[36.1564,30.7578],[36.4009,30.9506],[36.2709,31.2076],[36.4231,31.2076],[36.3866,31.6575],[36.6623,32.1717],[36.5155,32.236],[36.7507,32.3002],[36.7168,32.7502],[36.901,33.0716],[37.0542,33.0716],[37.0732,33.2645],[37.5726,33.6502],[37.7261,33.6502],[37.7395,33.7789],[37.9902,33.9718],[39.1238,34.4863],[39.509,34.4863],[40.1029,34.2933],[40.6181,34.7436],[40.7723,34.7436],[41.1122,35.001],[41.0863,36.0308],[41.6626,36.2884],[41.6796,36.4172],[41.5328,36.4816],[41.5498,36.6105],[41.2124,36.9971],[41.1282,38.0933],[40.9115,38.2224],[40.9479,38.4806],[40.8695,38.4806],[40.9663,38.6097],[40.9817,39.2557],[41.2566,39.5143],[41.326,39.967],[41.4839,39.967],[41.6725,40.1612],[41.7035,40.3554],[41.3598,40.6792],[41.5348,41.2625],[41.8061,41.4571],[41.8392,41.6518],[41.7097,41.7085],[41.5674,41.4571],[41.4471,41.4571],[41.3071,41.3274],[40.5393,41.0032],[40.4492,41.0425],[40.3703,40.9384],[39.7355,40.9384],[39.1683,41.0797],[38.9208,41.0382],[38.7834,40.9384],[38.2977,40.8736],[38.2217,40.9441],[38.0253,40.9769],[37.8312,40.9384],[37.7706,41.068],[37.2147,41.068],[37.226,41.1475],[37.0651,41.1328],[36.7748,41.3274],[36.451,41.2404],[36.2092,41.2625],[35.9561,41.7127],[35.9227,41.6462],[35.9457,41.7167],[35.5767,41.6297],[35.157,41.7167],[35.0921,41.928],[35.123,42.0248],[35.0615,42.0413],[34.9178,42.0413],[34.7845,41.9114],[33.2771,41.9764],[32.6675,41.8369],[32.6947,41.7816],[31.4983,41.352],[31.3928,41.1884],[31.1801,41.068],[30.6242,41.068],[30.53,41.1522],[30.3513,41.1922],[30.1369,41.1438],[29.0894,41.1382],[29.0524,41.068],[29.1156,41.068],[29.1034,40.9447],[29.2639,40.8698],[29.2949,40.8388],[29.2546,40.8108],[29.493,40.8736],[29.4438,40.7766],[29.9393,40.7351],[29.5599,40.6911],[29.4906,40.7272],[28.9422,40.6184],[28.9156,40.4714],[29.1515,40.4341],[29.0463,40.3554],[27.9388,40.3554],[27.904,40.3999],[27.9505,40.4849],[27.7921,40.4849],[27.7918,40.3929],[27.8836,40.3863],[27.6958,40.2906],[27.5376,40.2906],[27.2948,40.4059],[26.6819,40.3561],[26.408,40.1937],[26.311,40.0195],[26.2205,40.0029],[26.1325,39.5143],[26.9377,39.5748],[26.9299,39.4877],[26.801,39.4335],[26.7422,39.2557],[26.8945,39.1911],[26.8793,38.9972],[26.9579,38.9972],[26.9399,38.9327],[27.0413,38.9401],[27.0627,38.8869],[26.9084,38.8204],[26.9314,38.7551],[26.8495,38.6097],[27.0798,38.5451],[27.0728,38.4537],[27.1642,38.4466],[27.0694,38.4094],[27.065,38.3515],[26.6762,38.3515],[26.6731,38.3072],[26.595,38.3515],[26.5358,38.6097],[26.3895,38.6719],[26.4058,38.4535],[26.513,38.4329],[26.4515,38.4261],[26.4289,38.2224],[26.8203,38.2224],[26.889,38.0933],[27.2753,38.0288],[27.2559,37.7707],[27.1794,37.6106],[27.31,37.4483],[27.2461,37.3362],[27.4072,37.4127],[27.4385,37.3908],[27.3921,37.3538],[27.5392,37.3838],[27.5644,37.2735],[27.616,37.2747],[27.598,37.126],[28.0653,37.126],[28.1313,37.0363],[28.3294,37.0368],[28.2124,37.0004],[28.1653,36.9116],[28.1034,36.9353],[28.0583,36.7721],[28.1184,36.8006],[28.1305,36.754],[28.0314,36.6749],[28.1961,36.6854],[28.2572,36.8462],[28.315,36.8291],[28.2934,36.7959],[28.452,36.8836],[28.5905,36.8682],[28.7361,36.7393],[29.1249,36.7393],[29.2163,36.3291],[29.3496,36.2326],[29.4116,36.2674],[29.4666,36.224],[29.938,36.224],[30.0261,36.3528],[30.4919,36.3528],[30.6191,36.9326],[31.086,36.9326],[32.0681,36.6105],[32.4985,36.224],[32.5369,36.1],[32.733,36.0376],[33.2744,36.224],[33.8711,36.3149],[33.9791,36.2884],[34.2507,36.6749],[34.5816,36.8682],[34.8929,36.8682],[34.9352,36.726],[35.1127,36.7393],[35.3323,36.6105],[35.4875,36.6105],[35.8336,36.9326],[36.1449,36.9326],[36.2862,36.8037],[36.2649,36.6105],[35.8417,36.2884],[35.9901,36.224],[35.9767,36.001],[35.8449,35.5802],[35.9929,35.5158],[35.9153,35.2879],[35.9624,35.1979],[35.927,34.8723],[36.0682,34.7436],[36.0488,34.5506],[35.7921,34.2933],[35.6652,34.3113],[35.6838,33.9718],[35.5538,33.9075],[35.6007,33.9075],[35.5946,33.8432],[35.4705,33.9021],[35.4993,33.6502],[35.3944,33.65],[35.3984,33.3931],[35.2154,33.0716],[35.089,33.0205],[35.0218,32.6216],[34.8851,32.4821],[34.8574,32.3645],[34.9227,32.3645],[34.9171,32.3002],[34.8423,32.3002],[34.7926,32.161],[34.813,31.9789],[34.6909,31.9134],[34.5466,31.529],[34.3076,31.4005],[34.2972,31.2719],[33.9826,31.1434],[32.8317,31.0148],[32.8055,31.0655],[32.6665,31.0523],[32.7907,31.0941],[32.5322,31.0791],[32.3894,31.2076],[32.2625,31.1696],[32.3039,31.0791],[31.9996,31.0791],[31.9063,31.2516],[31.7806,31.2076],[31.8077,31.2812],[31.7691,31.2988],[31.8741,31.4647],[31.2658,31.4647],[31.1215,31.5275],[31.0291,31.5185],[30.9807,31.4365],[30.7985,31.4465],[30.7344,31.3881],[30.5427,31.395],[30.6916,31.4647],[30.352,31.4647],[30.3019,31.3422],[30.3388,31.2719],[30.2887,31.2379],[29.9904,31.2719],[29.8315,31.1513],[29.8696,31.0791],[29.6332,30.9506],[29.5543,30.9848],[29.4481,30.9336],[29.3971,30.822],[28.865,30.822],[28.4964,31.0148],[27.5149,31.1434],[27.2975,31.3362],[26.9303,31.4411],[25.248,31.4647],[25.102,31.5933],[25.1097,31.7462],[24.8925,31.9789],[24.1294,31.9789],[23.6803,32.1717],[23.3122,32.1627],[23.0806,32.3341],[23.0894,32.6216],[21.99,32.9134],[21.8067,32.9133],[21.4117,32.7502],[21.0578,32.7736],[20.8712,32.6216],[20.7962,32.6428],[20.6898,32.6041],[20.7159,32.5574],[20.563,32.5574],[20.482,32.4288],[20.417,32.4565],[20.3255,32.4098],[20.2461,32.236],[20.0715,32.1764],[19.9961,31.5933],[20.2143,31.2719],[20.1467,31.1636],[20.2021,30.8863],[19.9682,30.6935],[19.9643,30.565],[19.655,30.3722],[19.272,30.2436],[18.8944,30.3079],[18.812,30.0508]],[[24.6883,30.1442],[24.6887,30.1828],[24.6967,30.127],[24.6883,30.1442]],[[24.6887,30.1828],[24.7629,30.3171],[24.767,30.3214],[24.6887,30.1828]],[[31.5164,37.3838],[31.5224,37.4483],[31.6004,37.4483],[31.5944,37.3838],[31.5164,37.3838]],[[34.9635,29.5941],[34.967,29.6081],[34.9898,29.652],[34.9635,29.5941]],[[35.4529,31.4008],[35.4585,31.4916],[35.4587,31.4916],[35.4593,31.4958],[35.4529,31.4008]],[[35.552,32.3679],[35.5533,32.3691],[35.5656,32.3134],[35.552,32.3679]],[[35.5568,32.3724],[35.5594,32.3748],[35.5656,32.3679],[35.5568,32.3724]],[[35.5585,32.5191],[35.5614,32.5192],[35.5674,32.5102],[35.5585,32.5191]],[[35.5594,32.4704],[35.5626,32.4747],[35.5725,32.4567],[35.5594,32.4704]],[[35.5688,32.4829],[35.5778,32.4948],[35.58,32.4915],[35.5688,32.4829]],[[35.7716,32.7467],[35.7749,32.7473],[35.7882,32.7344],[35.7716,32.7467]],[[36.2318,33.8525],[36.3178,33.8272],[36.3006,33.8287],[36.2318,33.8525]],[[36.2672,33.9104],[36.2886,33.9465],[36.2691,33.9073],[36.2672,33.9104]],[[36.2699,33.906],[36.3111,33.872],[36.2753,33.8972],[36.2699,33.906]],[[36.6665,36.2657],[36.6691,36.2599],[36.6681,36.2532],[36.6665,36.2657]],[[36.6896,32.3197],[36.7069,32.3283],[36.7231,32.3266],[36.6896,32.3197]]],[[[19.7578,39.6436],[19.9065,39.5814],[19.8416,39.7042],[19.947,39.7729],[19.7637,39.7729],[19.7578,39.6436]]],[[[22.833,38.8227],[22.9818,38.845],[22.9564,38.878],[23.0202,38.9214],[22.833,38.8227]]],[[[22.9061,38.2224],[22.9134,38.1928],[22.9695,38.1928],[22.9505,38.2098],[22.9224,38.207],[22.9338,38.2221],[22.9355,38.2224],[22.9061,38.2224]]],[[[23.0356,36.6926],[23.0463,36.6833],[23.0517,36.6872],[23.0498,36.6926],[23.0356,36.6926]]],[[[23.0365,38.9279],[23.3318,38.8034],[23.4651,38.8569],[23.2006,39.0093],[23.0365,38.9279]]],[[[23.3122,37.6174],[23.3406,37.6003],[23.3536,37.5821],[23.3442,37.6327],[23.3122,37.6174]]],[[[23.4014,37.3193],[23.4024,37.3193],[23.4023,37.3198],[23.4014,37.3193]]],[[[23.5634,38.7389],[23.6355,38.5286],[23.594,38.4534],[23.6492,38.4057],[24.0422,38.4015],[24.0669,38.351],[24.0254,38.3305],[24.1617,38.2698],[24.1789,38.5451],[24.0302,38.6743],[23.5634,38.7389]]],[[[24.1275,38.2224],[24.1447,38.2224],[24.1426,38.227],[24.157,38.2296],[24.1591,38.2287],[24.1614,38.2661],[24.1311,38.2358],[24.1275,38.2224]]],[[[26.2318,40.0656],[26.3758,40.1535],[26.3456,40.1998],[26.6167,40.3595],[26.6839,40.4849],[26.2723,40.2906],[26.2318,40.0656]]],[[[27.5815,37.1982],[27.5831,37.1912],[27.5877,37.1988],[27.5815,37.1982]]],[[[29.1009,44.7773],[29.1052,44.7773],[29.1056,44.7806],[29.1009,44.7773]]],[[[30.1795,31.2714],[30.1849,31.2719],[30.1795,31.2719],[30.1795,31.2714]]],[[[30.2409,31.2653],[30.2648,31.2719],[30.2479,31.2719],[30.2409,31.2653]]],[[[30.9691,31.5785],[30.9739,31.5799],[30.9739,31.5867],[30.9695,31.5854],[30.9691,31.5785]]],[[[30.978,31.5843],[31.119,31.5305],[31.1608,31.5935],[30.978,31.5843]]],[[[33.9551,26.79],[34.0036,26.7082],[34.0029,26.7316],[33.9756,26.79],[33.9551,26.79]]],[[[14.2616,44.6158],[14.2712,44.6125],[14.2619,44.6282],[14.2616,44.6158]]],[[[14.2625,44.6582],[14.2742,44.6617],[14.2804,44.6776],[14.2658,44.6795],[14.2629,44.6771],[14.2625,44.6582]]],[[[14.2925,44.9403],[14.4279,44.6566],[14.5047,44.6191],[14.4592,44.9154],[14.2925,44.9403]]],[[[14.3358,44.7168],[14.363,44.5734],[14.5024,44.516],[14.3358,44.7168]]],[[[19.0041,45.4968],[19.0856,45.4968],[19.0889,45.5623],[19.0074,45.5623],[19.0041,45.4968]]],[[[32.2717,35.0728],[32.3294,34.8864],[32.459,34.7219],[32.7099,34.6458],[32.9136,34.6567],[32.9425,34.5794],[33.0303,34.5685],[33.0156,34.6344],[33.0864,34.6948],[33.2601,34.7005],[33.5917,34.8203],[33.7015,34.9729],[34.0685,34.9979],[33.9431,35.0653],[34.0123,35.0638],[33.8999,35.1645],[33.9121,35.26],[34.5384,35.671],[33.6603,35.3593],[33.4275,35.3289],[32.9231,35.3871],[32.9294,35.233],[32.8652,35.157],[32.6897,35.1839],[32.4138,35.043],[32.2717,35.0728]],[[33.7592,34.9887],[33.7911,34.9824],[33.7874,34.98],[33.7592,34.9887]],[[32.712,35.1731],[32.7315,35.1432],[32.7127,35.1634],[32.712,35.1731]],[[33.4666,35.0051],[33.4675,35.0126],[33.4768,35.0027],[33.4666,35.0051]],[[33.6195,35.0168],[33.7115,34.9856],[33.7029,34.9879],[33.6195,35.0168]],[[33.6794,35.0349],[33.7022,35.0223],[33.6794,35.0339],[33.6794,35.0349]],[[33.6966,35.009],[33.7022,35.0223],[33.7002,35.0067],[33.6966,35.009]],[[33.8412,35.0511],[33.8801,35.0731],[33.8551,35.0534],[33.8412,35.0511]]],[[[23.6154,35.5158],[23.6792,35.2584],[24.7574,35.194],[24.8237,35.001],[26.1401,35.0653],[26.2253,35.194],[25.7953,35.1151],[25.6806,35.1297],[25.6923,35.3227],[24.301,35.3227],[24.1499,35.3871],[24.1541,35.465],[24.0669,35.507],[24.1569,35.5158],[23.6154,35.5158]]],[[[27.708,36.1688],[27.7519,35.905],[27.9934,36.062],[28.0896,36.0551],[28.0617,36.1165],[28.1634,36.2377],[28.2311,36.4498],[27.8997,36.3402],[27.708,36.1688]]],[[[26.9177,36.7161],[27.1854,36.8037],[27.1442,36.8811],[26.9177,36.7161]]],[[[25.3418,37.083],[25.3936,36.9971],[25.5644,36.9971],[25.5727,37.126],[25.3418,37.083]]],[[[24.9955,37.6789],[25.1255,37.5559],[25.216,37.5329],[25.2593,37.59],[24.9955,37.6789]]],[[[25.99,37.5165],[26.2306,37.5714],[26.312,37.6796],[26.0742,37.6379],[25.99,37.5165]]],[[[25.8407,38.5224],[25.989,38.3793],[25.9644,38.3026],[25.885,38.2794],[25.8898,38.2206],[26.0115,38.1578],[26.1121,38.2226],[26.1636,38.5428],[26.0159,38.602],[25.8696,38.5831],[25.8407,38.5224]]],[[[25.8359,39.1822],[26.1021,39.1115],[26.2256,39.2076],[26.2935,39.1772],[26.1002,39.0858],[26.1657,39.0224],[26.5471,38.9879],[26.437,39.1035],[26.4893,39.1137],[26.5394,39.0194],[26.61,39.0229],[26.5397,39.166],[26.3822,39.2771],[26.4074,39.3347],[26.1658,39.3681],[26.0606,39.2895],[25.9226,39.2911],[25.8359,39.1822]]],[[[25.0447,39.9853],[25.047,39.8376],[25.2043,39.8376],[25.2388,39.9195],[25.2798,39.8891],[25.2388,39.8581],[25.3551,39.8376],[25.348,39.9064],[25.4499,39.9884],[25.4377,40.0317],[25.2852,39.9534],[25.2251,40.0089],[25.0447,39.9853]]],[[[25.7052,40.1144],[26.0122,40.1666],[25.9631,40.1571],[25.926,40.2428],[25.759,40.2067],[25.7052,40.1144]]],[[[32.6053,45.4968],[33.6101,45.1042],[33.6092,44.8717],[33.5151,44.6466],[33.5715,44.6206],[33.4767,44.6099],[33.5086,44.4953],[33.6249,44.4507],[33.9256,44.4507],[34.3763,44.7773],[35.2971,44.9734],[35.4267,45.3004],[35.0199,45.3004],[34.9864,45.6278],[34.7419,45.6278],[34.5978,45.7588],[34.6167,45.8898],[34.3812,45.9554],[34.3184,46.0865],[33.737,46.0209],[33.7271,45.9501],[33.777,45.9296],[33.722,45.9136],[33.7096,45.8243],[32.6053,45.4968]]]]}},{"type":"Feature","properties":{"relationId":"cliopatria-relation-a8d347c645e2","name":"(Allegiance of Ostrogothic Kingdom to Eastern Roman Empire)","name_ko":"동고트 왕국–동로마 제국 충성·복속 관계","relationKind":"allegiance","relation_kind_ko":"충성·복속 관계","actor_ids":"cliopatria-q583038-7d984a97b7;cliopatria-q12544-03f6c8deaf","actor_names_ko":"동고트 왕국;동로마 제국","color":"#e7b763","startYear":510,"endYear":522,"source_name":"Cliopatria v0.2.0","source_url":"https://github.com/Seshat-Global-History-Databank/cliopatria","license":"CC BY 4.0","attribution":"Seshat Global History Databank, Cliopatria contributors"},"geometry":{"type":"MultiPolygon","coordinates":[[[[23.6154,35.5158],[23.6792,35.2584],[24.7574,35.194],[24.8237,35.001],[26.1401,35.0653],[26.2253,35.194],[25.7953,35.1151],[25.6806,35.1297],[25.6923,35.3227],[24.301,35.3227],[24.1499,35.3871],[24.1541,35.465],[24.0669,35.507],[24.1569,35.5158],[23.6154,35.5158]]],[[[14.3384,35.9455],[14.3815,35.843],[14.5618,35.8298],[14.5078,35.9285],[14.3773,35.9936],[14.3384,35.9455]]],[[[22.9016,36.3383],[22.9292,36.178],[23.0533,36.1596],[23.0769,36.2707],[22.9446,36.3894],[22.9016,36.3383]]],[[[24.2754,37.5317],[24.3958,37.6247],[24.3728,37.6852],[24.2893,37.6453],[24.2754,37.5317]]],[[[20.6195,37.8228],[20.7934,37.6685],[20.9261,37.7284],[20.886,37.814],[20.7247,37.8998],[20.6554,37.8998],[20.6195,37.8228]]],[[[24.6878,37.9287],[24.9118,37.7283],[24.9944,37.7541],[24.9538,37.8707],[24.7937,37.9941],[24.6878,37.9287]]],[[[20.339,38.2002],[20.3801,38.1518],[20.4253,38.1753],[20.4351,38.2788],[20.4943,38.1337],[20.7865,38.0933],[20.6817,38.2821],[20.6429,38.2534],[20.5991,38.3026],[20.6258,38.3518],[20.5664,38.416],[20.479,38.3095],[20.3999,38.3641],[20.339,38.2002]]],[[[20.6878,38.3367],[20.7194,38.3156],[20.7387,38.3189],[20.6951,38.3434],[20.6878,38.3367]]],[[[23.4849,38.7389],[23.5634,38.7389],[23.5668,38.7946],[23.4888,38.8034],[23.4849,38.7389]]],[[[24.4362,38.878],[24.557,38.8457],[24.5368,38.7918],[24.6643,38.7732],[24.523,38.9643],[24.4611,38.9677],[24.4362,38.878]]],[[[20.1453,39.6436],[20.1517,39.6402],[20.1519,39.6436],[20.1453,39.6436]]],[[[24.5197,40.6853],[24.6397,40.5732],[24.7801,40.6122],[24.7864,40.7351],[24.6423,40.8039],[24.5197,40.6853]]],[[[10.1632,42.8164],[10.1963,42.7362],[10.3379,42.7648],[10.4307,42.7221],[10.3888,42.7635],[10.4367,42.8044],[10.4124,42.8734],[10.3473,42.8059],[10.1632,42.8164]]],[[[4.0925,43.6027],[4.173,43.6027],[4.1778,43.4723],[4.7288,43.4723],[4.6946,43.5791],[4.7424,43.4723],[5.0524,43.4723],[5.0291,43.5586],[5.14,43.4858],[5.2228,43.504],[5.1969,43.4454],[5.3869,43.4072],[5.3908,43.2769],[5.6319,43.2769],[5.7962,43.1467],[6.2782,43.1467],[6.5176,43.2118],[6.6726,43.4723],[6.9985,43.5442],[7.1502,43.733],[8.0339,43.9286],[8.1916,44.1896],[8.5925,44.4507],[9.1591,44.4507],[9.7274,44.1243],[9.9697,44.1243],[9.9627,44.0447],[10.1314,44.0591],[10.3742,43.6678],[10.5391,43.0796],[11.0163,42.8213],[11.0159,42.6629],[11.176,42.6262],[11.2552,42.4312],[11.4152,42.4312],[11.569,42.3314],[11.6548,42.3662],[11.8128,42.1063],[12.1317,42.0413],[12.1305,41.9131],[13,41.3274],[13.7145,41.2625],[13.862,41.1328],[13.9506,41.1328],[14.1046,40.8736],[14.4219,40.8736],[14.4194,40.7517],[14.4741,40.7297],[14.4363,40.6792],[14.8934,40.6792],[15.0414,40.2259],[15.1995,40.2259],[15.4319,40.0317],[15.5349,40.0778],[15.7478,40.0317],[15.7136,39.978],[15.7736,39.8424],[15.8989,39.7729],[16.1165,39.0618],[16.2703,38.9326],[16.2652,38.7389],[15.9497,38.6743],[15.8621,38.2869],[15.6328,38.2203],[15.6982,37.9643],[15.9328,37.9643],[16.4919,38.416],[16.5024,38.8034],[17.1383,39.0618],[17.0697,39.385],[16.9162,39.5143],[16.4473,39.6436],[16.4567,39.967],[16.6769,40.1511],[16.6245,40.2906],[16.777,40.2906],[16.9137,40.4464],[16.868,40.4849],[17.0285,40.5496],[17.3452,40.5496],[17.4175,40.3554],[17.8131,40.3554],[18.1122,39.9023],[18.3489,39.9023],[18.4381,40.1612],[17.9812,40.6144],[17.5107,40.744],[17.2027,41.0032],[15.9439,41.3922],[15.8738,41.7167],[16.1149,41.7816],[16.1189,41.9114],[15.2414,41.9114],[14.7659,42.0413],[14.7178,42.1506],[14.6077,42.1063],[14.0565,42.4962],[13.9014,42.7563],[13.9329,42.8295],[13.8625,43.0186],[13.7471,43.0816],[13.6726,43.4072],[13.3874,43.6413],[13.0338,43.733],[13.019,43.8567],[12.8734,43.7982],[12.313,44.1896],[12.1537,44.4507],[12.1572,44.8426],[12.4001,44.7989],[12.4026,45.0388],[12.3688,45.011],[12.16,45.1696],[12.1628,45.4968],[12.6522,45.5623],[12.8168,45.6933],[13.0658,45.6401],[13.1448,45.8243],[13.7149,45.7588],[13.7393,45.6491],[13.8081,45.6143],[13.7119,45.5933],[13.7529,45.5529],[13.7102,45.4968],[13.5473,45.4968],[13.5448,45.3427],[13.7056,45.235],[13.8032,44.908],[13.9432,44.908],[13.9457,45.0388],[14.1552,45.0388],[14.1962,45.3659],[14.6031,45.3659],[14.576,45.2623],[14.8528,45.0937],[14.9187,44.9734],[14.9113,44.6789],[15.308,44.3544],[15.5287,44.2718],[15.2612,44.3326],[15.2953,44.2507],[15.1981,44.3017],[15.1765,44.25],[15.2129,44.131],[15.4591,43.9938],[15.4551,43.928],[15.6186,43.9286],[15.6954,43.7982],[15.8566,43.7982],[16.0117,43.6027],[15.9595,43.504],[16.5754,43.6027],[16.7342,43.5375],[16.7302,43.4247],[17.0513,43.4072],[17.1139,43.2132],[17.2058,43.1691],[17.3654,43.2118],[17.3606,43.0893],[17.4336,43.0174],[17.502,43.031],[17.5156,42.9589],[17.6632,42.8864],[17.8339,42.8864],[18.2191,42.5984],[18.6286,42.4482],[18.6873,42.4829],[18.7063,42.4197],[18.852,42.3662],[18.9259,42.2362],[19.0058,42.2362],[19.0027,42.1712],[19.4246,41.8666],[19.5916,41.8188],[19.5576,41.6605],[19.613,41.6053],[19.4715,41.5823],[19.5297,41.522],[19.4438,41.3922],[19.5233,41.3922],[19.4555,41.1485],[19.5234,40.9206],[19.3688,40.8022],[19.3044,40.6531],[19.4863,40.6144],[19.4714,40.2906],[19.6295,40.2906],[20.0094,39.967],[19.9876,39.7083],[20.155,39.7083],[20.2972,39.385],[20.9538,39.0342],[21.1467,39.0618],[21.1774,38.876],[21.1023,38.9108],[21.0852,38.8643],[21.0274,38.9326],[20.8599,38.9605],[20.7414,38.8034],[20.9737,38.7389],[21.1933,38.416],[21.3376,38.3989],[21.3225,38.4963],[21.4224,38.3889],[21.7625,38.3284],[21.8312,38.3967],[21.9876,38.4106],[22.1892,38.3231],[22.3748,38.3431],[22.2902,38.416],[22.4083,38.416],[22.4016,38.4534],[22.6036,38.416],[22.5625,38.2935],[22.6465,38.39],[22.7251,38.3072],[22.8351,38.3515],[22.8057,38.227],[22.9009,38.2203],[22.9098,38.2869],[22.9881,38.2869],[22.9763,38.2224],[23.0322,38.1859],[23.2234,38.1592],[23.1729,38.0795],[22.9408,38.0819],[22.9463,37.9462],[22.6572,37.9643],[22.6126,38.0918],[22.4328,38.1433],[22.4295,38.0933],[22.3512,38.0933],[22.3742,38.1578],[22.1982,38.1578],[22.1136,38.2678],[21.8495,38.3413],[21.7333,38.2514],[21.7286,38.1578],[21.4156,38.1578],[21.2436,37.8352],[21.6966,37.5128],[21.6958,37.3164],[21.6031,37.1904],[21.681,37.1904],[21.7435,36.8682],[21.8992,36.8682],[21.9085,37.0615],[22.22,37.0615],[22.3757,36.6749],[22.5118,36.6749],[22.5994,36.8682],[22.8328,36.8682],[23.0332,36.6946],[22.8532,37.2549],[22.7007,37.3193],[22.7144,37.5773],[22.9486,37.5773],[23.1756,37.4483],[23.1685,37.3193],[23.278,37.3498],[23.2302,37.3846],[23.3849,37.4134],[23.36,37.5475],[23.1083,37.6417],[23.0151,37.9252],[23.2044,37.963],[23.2082,38.0288],[23.5746,38.0468],[23.5597,37.9866],[23.9786,37.8352],[24.0361,38.2224],[23.6729,38.3564],[23.5929,38.4806],[23.3126,38.4806],[23.1826,38.6538],[23.1045,38.6384],[22.9149,38.7756],[22.5251,38.8581],[22.6216,38.9145],[22.792,38.878],[23.0731,39.0363],[22.9639,39.009],[22.9981,39.0698],[22.9516,39.1238],[22.7973,39.0618],[22.8163,39.385],[23.1318,39.4489],[22.6109,39.9023],[22.6497,39.9853],[22.5437,40.0964],[22.5716,40.5496],[22.9105,40.6446],[22.9832,40.5527],[22.9265,40.5153],[22.9592,40.4201],[23.7374,40.2259],[23.6936,40.3092],[23.7777,40.3548],[23.8386,40.5496],[23.6846,40.6144],[23.698,40.8088],[24.0106,40.744],[24.3466,41.0032],[25.1384,41.0101],[25.1358,40.9692],[25.8495,40.9384],[26.0822,40.8736],[26.1403,40.6144],[26.5472,40.744],[26.621,40.6792],[26.9324,40.6144],[26.7685,40.5496],[26.8466,40.5165],[26.9576,40.5584],[27.0172,40.6792],[27.5275,41.068],[29.0429,41.068],[29.0645,41.1371],[28.9631,41.1328],[28.975,41.2529],[28.5053,41.3274],[28.0814,41.6518],[27.9794,41.6518],[27.937,42.0413],[27.4529,42.4801],[27.5135,42.6262],[27.8466,42.7563],[27.8049,43.1467],[27.8982,43.2769],[28.0607,43.3092],[28.1925,43.4078],[28.1592,43.4723],[28.4811,43.4723],[28.6163,43.9938],[28.5356,43.9938],[28.5769,44.3854],[28.7612,44.5223],[28.7578,44.6268],[28.8362,44.6268],[28.784,44.6492],[28.8257,44.7332],[28.802,44.9734],[29.0583,45.001],[29.1106,44.97],[29.0418,44.9257],[29.0603,44.8323],[29.0964,44.8751],[29.5253,44.908],[29.6659,45.4313],[29.1847,45.4968],[28.7561,45.3004],[28.4307,45.3004],[28.275,45.3659],[28.2376,45.4521],[28.2814,45.4265],[28.2888,45.4968],[28.0513,45.5623],[28.0376,45.4313],[27.7867,45.3659],[27.7666,45.1696],[27.9224,45.1042],[27.8888,44.7773],[27.7266,44.7773],[27.7067,44.5813],[27.8687,44.5813],[27.8488,44.3854],[27.9297,44.3854],[27.7481,44.1896],[26.3682,44.1243],[25.5205,43.6678],[24.8062,43.7982],[24.0754,43.733],[23.9244,43.8634],[23.3647,43.9286],[23.1937,43.7982],[22.9518,43.7982],[22.8479,43.4723],[22.6019,43.4072],[22.3784,43.6678],[22.0605,43.733],[21.5214,44.1243],[20.887,44.3201],[20.6559,44.516],[20.1628,44.3854],[20.0965,44.6466],[19.9344,44.6466],[19.6242,44.908],[19.1406,44.9734],[19.2384,45.3004],[18.9976,45.3659],[19.0041,45.4968],[18.9227,45.4968],[18.7788,45.8898],[18.8604,45.8898],[18.8283,45.9057],[19.0501,46.4145],[18.8141,46.6115],[18.8337,47.0058],[19.0837,47.0716],[19.1833,47.4006],[19.2657,47.4006],[19.2692,47.4665],[18.9496,47.6641],[18.9565,47.7959],[18.798,47.9278],[18.626,47.7959],[17.6346,47.7959],[17.169,48.0123],[17.0856,47.9701],[17.1672,48.0131],[17.0669,48.0597],[17.0723,48.1917],[16.9895,48.1917],[16.9921,48.2578],[16.8238,48.1917],[16.8264,48.2578],[14.2576,48.2578],[13.7642,48.4559],[13.6838,48.5881],[12.9383,48.7204],[12.1113,49.1838],[11.694,49.1175],[11.6099,48.9851],[10.1134,48.4559],[9.9508,47.8619],[9.8681,47.8619],[9.9519,47.6641],[9.3766,47.4006],[9.2955,47.269],[9.1308,47.269],[8.8862,47.0716],[8.8878,46.9401],[8.7235,46.9401],[8.645,46.6772],[8.0786,46.2177],[8.0808,46.0865],[7.9014,45.9825],[7.9833,45.9988],[7.5153,45.7588],[7.4377,45.5623],[7.1147,45.4313],[7.0377,45.235],[6.6343,45.1042],[6.6375,44.9734],[6.8826,44.908],[6.887,44.7119],[6.9681,44.7119],[6.8914,44.516],[6.0852,44.3854],[5.8553,43.9286],[4.8019,44.0591],[4.7144,44.2548],[4.2367,44.0591],[4.0925,43.6027]],[[6.8661,44.3721],[6.8772,44.4144],[6.8703,44.3667],[6.8661,44.3721]],[[6.9799,44.2461],[6.9887,44.2416],[6.9828,44.2417],[6.9799,44.2461]],[[6.9828,44.847],[7.0049,44.828],[7.0043,44.8249],[6.9828,44.847]],[[7.3093,44.1475],[7.339,44.1249],[7.331,44.1253],[7.3093,44.1475]],[[7.8702,45.9404],[7.8729,45.9594],[7.8807,45.9664],[7.8702,45.9404]],[[7.9891,46.0033],[8.0007,46.0175],[7.9984,46.0106],[7.9891,46.0033]],[[9.2823,46.4974],[9.331,46.5015],[9.3508,46.4979],[9.2823,46.4974]],[[9.477,47.0639],[9.5812,47.0569],[9.6691,47.0562],[9.5606,47.0524],[9.477,47.0639]],[[9.4874,47.21],[9.5046,47.2437],[9.5171,47.2564],[9.4874,47.21]],[[9.8486,47.5386],[9.8589,47.5413],[9.9188,47.5322],[9.8486,47.5386]],[[10.0226,47.488],[10.0718,47.4391],[10.0806,47.4274],[10.0226,47.488]],[[10.0427,46.2205],[10.1026,46.2289],[10.0757,46.22],[10.0427,46.2205]],[[10.0532,47.4049],[10.0806,47.4274],[10.076,47.4169],[10.0532,47.4049]],[[10.0924,46.3381],[10.0956,46.344],[10.0935,46.3356],[10.0924,46.3381]],[[10.0998,46.321],[10.1589,46.2624],[10.1049,46.3094],[10.0998,46.321]],[[10.1015,46.3549],[10.105,46.3614],[10.1332,46.3811],[10.1015,46.3549]],[[10.3639,46.9912],[10.3734,46.9963],[10.3758,46.9946],[10.3639,46.9912]],[[12.7389,48.1134],[12.7431,48.1158],[12.7397,48.1069],[12.7389,48.1134]],[[12.7414,48.092],[12.7486,48.0788],[12.742,48.0868],[12.7414,48.092]],[[12.7539,48.0725],[12.8306,48.0155],[12.7602,48.0649],[12.7539,48.0725]],[[13.5068,46.5469],[13.5492,46.5458],[13.607,46.5329],[13.5068,46.5469]],[[14.1499,46.4401],[14.3958,46.441],[14.3993,46.4393],[14.1499,46.4401]],[[14.412,46.4332],[14.4509,46.4145],[14.42,46.4244],[14.412,46.4332]],[[15.972,46.8206],[15.9817,46.8277],[16.0941,46.8629],[16.094,46.8628],[15.972,46.8206]],[[16.2337,46.4787],[16.2349,46.4933],[16.2509,46.405],[16.2337,46.4787]],[[16.3476,46.5436],[16.3579,46.547],[16.3517,46.5395],[16.3476,46.5436]],[[17.0386,46.169],[17.0889,46.1362],[17.0529,46.1535],[17.0386,46.169]],[[17.1069,46.1276],[17.2086,46.1166],[17.1162,46.1231],[17.1069,46.1276]],[[18.4437,42.8345],[18.4517,42.8023],[18.4446,42.8171],[18.4437,42.8345]],[[18.4598,42.7852],[18.4838,42.7525],[18.4674,42.7692],[18.4598,42.7852]],[[18.6487,45.0627],[18.6713,45.0869],[18.6766,45.086],[18.6487,45.0627]],[[18.6798,45.0855],[18.6841,45.0848],[18.7383,45.0159],[18.6798,45.0855]],[[18.8896,44.8612],[19.0158,44.8656],[19.0726,44.8767],[19.0684,44.8748],[19.005,44.8633],[18.8896,44.8612]],[[19.1228,43.5359],[19.2175,43.5328],[19.1953,43.5328],[19.1228,43.5359]],[[19.2435,44.002],[19.2728,44.0124],[19.2814,44.0115],[19.2435,44.002]],[[19.2749,42.1913],[19.4004,42.3259],[19.2764,42.1857],[19.2749,42.1913]],[[19.2803,42.1714],[19.2925,42.1577],[19.2821,42.1646],[19.2803,42.1714]],[[19.2925,44.0103],[19.3006,44.0095],[19.3646,43.9733],[19.2925,44.0103]],[[19.3074,44.2742],[19.3243,44.264],[19.3319,44.2539],[19.3074,44.2742]],[[19.3415,44.8988],[19.3532,44.899],[19.3644,44.889],[19.3415,44.8988]],[[19.3454,44.2358],[19.354,44.2243],[19.3624,44.1912],[19.3454,44.2358]],[[19.3624,44.1912],[19.4426,44.1432],[19.3812,44.1771],[19.3624,44.1912]],[[19.3696,44.8842],[19.3728,44.8814],[19.3766,44.863],[19.3696,44.8842]],[[19.4004,42.3259],[19.4027,42.352],[19.4111,42.3648],[19.4004,42.3259]],[[19.4152,42.371],[19.4172,42.3741],[19.5178,42.458],[19.4152,42.371]],[[19.5286,43.9772],[19.6008,44.0144],[19.5934,44.0056],[19.5286,43.9772]],[[19.6218,42.605],[19.676,42.6467],[19.6993,42.6548],[19.6218,42.605]],[[19.7516,42.4934],[19.792,42.4729],[19.7845,42.4746],[19.7516,42.4934]],[[19.8102,42.4687],[19.8267,42.4697],[19.8196,42.4665],[19.8102,42.4687]],[[20.0248,42.7234],[20.1039,42.6531],[20.0361,42.708],[20.0248,42.7234]],[[20.0248,42.7234],[20.0265,42.7432],[20.0332,42.7473],[20.0248,42.7234]],[[20.0392,42.5578],[20.065,42.5468],[20.1526,42.4937],[20.0392,42.5578]],[[20.1169,42.9767],[20.1946,42.9668],[20.2112,42.9599],[20.1169,42.9767]],[[20.2166,42.7983],[20.2176,42.8027],[20.2226,42.8037],[20.2166,42.7983]],[[20.249,39.6848],[20.2875,39.7112],[20.2827,39.7044],[20.249,39.6848]],[[20.3334,42.3179],[20.457,42.2505],[20.4741,42.2352],[20.3334,42.3179]],[[20.4862,42.2243],[20.5008,42.2112],[20.5203,42.1761],[20.4862,42.2243]],[[20.5405,42.1396],[20.5494,42.1235],[20.5522,42.0738],[20.5405,42.1396]],[[20.6225,43.1307],[20.6279,43.1231],[20.6261,43.1237],[20.6225,43.1307]],[[20.6518,43.0704],[20.6692,43.1098],[20.6649,43.0854],[20.6518,43.0704]],[[20.6815,41.844],[20.7121,41.8605],[20.703,41.8496],[20.6815,41.844]],[[20.7596,43.2559],[20.7695,43.2608],[20.7799,43.2601],[20.7596,43.2559]],[[20.8068,43.2583],[20.8194,43.2574],[20.8276,43.2501],[20.8068,43.2583]],[[20.9579,40.5149],[20.999,40.54],[20.9815,40.5233],[20.9579,40.5149]],[[21.0152,40.5556],[21.0237,40.5888],[21.0188,40.559],[21.0152,40.5556]],[[21.0186,40.6909],[21.0353,40.6594],[21.0335,40.6487],[21.0186,40.6909]],[[21.2378,42.0974],[21.2917,42.0921],[21.2889,42.0897],[21.2378,42.0974]],[[21.295,42.149],[21.3013,42.1006],[21.2988,42.0984],[21.295,42.149]],[[21.3613,42.2182],[21.3668,42.2239],[21.3766,42.2226],[21.3613,42.2182]],[[21.5576,42.2639],[21.5717,42.2461],[21.5638,42.247],[21.5576,42.2639]],[[21.7005,42.6856],[21.7089,42.6872],[21.7191,42.684],[21.7005,42.6856]],[[22.0476,42.3045],[22.076,42.3053],[22.0609,42.3011],[22.0476,42.3045]],[[22.5088,42.4049],[22.5365,42.4784],[22.5331,42.4576],[22.5088,42.4049]],[[22.5152,42.5141],[22.5249,42.5077],[22.5365,42.4784],[22.5152,42.5141]],[[22.827,43.2814],[22.8901,43.2269],[22.8838,43.2306],[22.827,43.2814]],[[22.8815,41.3356],[22.917,41.3358],[23.1152,41.3127],[22.8815,41.3356]],[[22.9014,41.8604],[22.9427,41.7758],[22.9397,41.7767],[22.9014,41.8604]],[[22.9045,43.2186],[22.9814,43.199],[22.9155,43.2122],[22.9045,43.2186]],[[22.933,41.6123],[22.9351,41.6189],[22.9332,41.6055],[22.933,41.6123]],[[22.9334,41.595],[22.9487,41.561],[22.9337,41.5846],[22.9334,41.595]],[[22.9385,41.6299],[22.9409,41.6376],[22.9443,41.6388],[22.9385,41.6299]],[[22.967,41.647],[23.0004,41.7015],[22.9986,41.6931],[22.967,41.647]],[[24.1262,41.5294],[24.1463,41.5268],[24.1702,41.5116],[24.1262,41.5294]],[[24.1816,41.5374],[24.1963,41.547],[24.2121,41.5518],[24.1816,41.5374]],[[25.1771,41.2939],[25.2308,41.248],[25.2197,41.2497],[25.1771,41.2939]],[[26.0475,41.6746],[26.0493,41.6823],[26.055,41.6488],[26.0475,41.6746]],[[26.0522,41.6952],[26.0537,41.7015],[26.0579,41.7035],[26.0522,41.6952]],[[26.1312,41.5527],[26.1525,41.547],[26.1544,41.5437],[26.1312,41.5527]],[[26.1459,41.478],[26.1602,41.5019],[26.1593,41.4938],[26.1459,41.478]],[[26.1589,41.5362],[26.1631,41.5291],[26.1617,41.5157],[26.1589,41.5362]],[[26.2304,41.7466],[26.2344,41.7458],[26.2739,41.7149],[26.2304,41.7466]],[[26.3668,41.7112],[26.3774,41.7106],[26.4044,41.6918],[26.3668,41.7112]],[[26.5837,41.3326],[26.6097,41.3307],[26.5911,41.3293],[26.5837,41.3326]]],[[[12.4905,37.7062],[13.192,37.5773],[13.6022,37.2505],[14.2779,37.126],[14.6723,36.7393],[15.0498,36.7393],[15.2102,36.9971],[15.2133,37.1583],[15.0592,37.2549],[15.0665,37.6417],[15.3895,38.1578],[15.5432,38.1578],[15.5865,38.2377],[14.0562,37.9643],[13.6652,37.9643],[13.3547,38.1578],[13.1199,38.1578],[13.0404,38.0288],[12.6522,38.0929],[12.4919,37.8998],[12.4905,37.7062]]],[[[14.5158,45.1042],[14.7791,45.0187],[14.6653,45.0873],[14.6653,45.1618],[14.5974,45.1664],[14.5959,45.2375],[14.5158,45.1042]]],[[[14.9089,44.5813],[14.9595,44.5396],[14.9729,44.5361],[15.0142,44.5187],[15.0073,44.5045],[15.0755,44.4841],[15.0412,44.5275],[15.0039,44.5361],[14.9663,44.5734],[14.9095,44.6068],[14.9089,44.5813]]],[[[15.0415,44.4766],[15.1597,44.3262],[15.2271,44.3264],[15.1651,44.3674],[15.2544,44.34],[15.0415,44.4766]]],[[[15.1642,44.3057],[15.1652,44.3012],[15.1724,44.2991],[15.1642,44.3057]]],[[[15.2158,44.072],[15.2187,44.0591],[15.2398,44.0534],[15.2258,44.0662],[15.2158,44.072]]],[[[15.401,43.904],[15.4461,43.8875],[15.4268,43.9221],[15.4165,43.928],[15.401,43.904]]],[[[16.7272,43.3421],[16.7959,43.3559],[16.7282,43.3691],[16.7272,43.3421]]],[[[17.3552,42.9515],[17.4376,42.9515],[17.3905,42.9777],[17.3566,42.9879],[17.3552,42.9515]]],[[[17.5079,42.7563],[17.5159,42.7684],[17.5085,42.7718],[17.5079,42.7563]]],[[[17.5119,42.8554],[17.6218,42.8864],[17.5261,42.9218],[17.5119,42.8554]]],[[[18.812,30.0508],[19.4961,30.1151],[19.6514,30.2436],[20.9516,30.565],[21.9388,30.565],[22.7667,30.3722],[22.7618,30.2436],[22.916,30.3079],[23.5101,29.9865],[23.9622,29.9223],[24.3304,29.6652],[24.7792,29.5366],[24.8467,29.3438],[25.0008,29.4081],[25.1465,29.2795],[25.3735,29.2795],[25.5863,28.9581],[27.1401,28.251],[27.285,28.1224],[27.2763,27.9295],[27.4299,27.9938],[27.792,27.6724],[27.7109,27.5438],[27.9367,27.5438],[28.1537,27.3509],[28.2702,26.5794],[28.3453,26.5794],[28.2437,25.9365],[28.2886,25.165],[28.5688,24.6506],[29.6728,24.2006],[29.9595,23.8792],[30.1087,23.8792],[30.104,23.7506],[30.3952,23.5577],[30.4627,23.3649],[31.6705,23.7506],[32.0409,23.6863],[33.389,23.8149],[33.7564,23.6863],[35.108,23.8792],[35.4808,23.8253],[35.5139,23.9771],[35.7865,23.8939],[35.7386,23.9833],[35.4938,24.1089],[35.3919,24.2828],[35.1446,24.5002],[35.1603,24.5746],[34.5466,25.725],[34.3387,26.0018],[34.014,26.6116],[33.9414,26.6535],[33.9961,26.8966],[33.8368,27.1208],[33.8384,27.2426],[33.6917,27.3419],[33.4963,27.6466],[33.5877,27.651],[33.5579,27.7599],[33.4735,27.8232],[33.5921,27.7912],[33.5544,27.8965],[33.2494,28.1429],[33.0029,28.4895],[32.8689,28.5789],[32.8069,28.7781],[32.6255,28.9727],[32.6528,29.081],[32.5623,29.3863],[32.3377,29.5925],[32.3639,29.6882],[32.5095,29.8668],[32.4769,29.9322],[32.5715,29.9426],[32.5778,30.0114],[32.6045,29.8242],[32.6907,29.7336],[32.7239,29.4705],[32.8172,29.414],[32.8856,29.2431],[33.1779,28.9896],[33.2287,28.5694],[33.5538,28.3153],[33.7634,28.024],[34.0785,27.8007],[34.2631,27.7367],[34.2141,27.7915],[34.4281,27.9859],[34.4553,28.1749],[34.4102,28.32],[34.6245,28.736],[34.7366,29.3113],[34.9572,29.569],[34.9817,29.4804],[36.3193,30.8863],[36.2765,31.2719],[36.3526,31.2719],[36.4919,31.9789],[36.5682,31.9789],[36.5155,32.236],[36.5919,32.236],[36.8119,32.943],[37.0605,33.1359],[37.0732,33.2645],[37.9902,33.9718],[39.1238,34.4863],[39.509,34.4863],[40.1029,34.2933],[40.6181,34.7436],[40.7723,34.7436],[41.1122,35.001],[41.0863,36.0308],[41.6626,36.2884],[41.6796,36.4172],[41.5328,36.4816],[41.5498,36.6105],[41.2124,36.9971],[41.1282,38.0933],[40.9115,38.2224],[40.9479,38.4806],[40.8695,38.4806],[40.9663,38.6097],[40.9817,39.2557],[41.2566,39.5143],[41.326,39.967],[41.4839,39.967],[41.6725,40.1612],[41.7035,40.3554],[41.3598,40.6792],[41.5348,41.2625],[41.8061,41.4571],[41.8392,41.6518],[41.7097,41.7085],[41.5674,41.4571],[41.4471,41.4571],[41.3071,41.3274],[40.5393,41.0032],[40.4492,41.0425],[40.3703,40.9384],[39.7355,40.9384],[39.1683,41.0797],[38.9208,41.0382],[38.7834,40.9384],[38.2977,40.8736],[38.2217,40.9441],[38.0253,40.9769],[37.8312,40.9384],[37.7706,41.068],[37.2147,41.068],[37.226,41.1475],[37.0651,41.1328],[36.7748,41.3274],[36.451,41.2404],[36.2092,41.2625],[35.9561,41.7127],[35.9227,41.6462],[35.9457,41.7167],[35.5767,41.6297],[35.157,41.7167],[35.0921,41.928],[35.123,42.0248],[35.0615,42.0413],[34.9178,42.0413],[34.7845,41.9114],[33.2771,41.9764],[32.6675,41.8369],[32.6947,41.7816],[31.4983,41.352],[31.3928,41.1884],[31.1801,41.068],[30.6242,41.068],[30.53,41.1522],[30.3513,41.1922],[30.1369,41.1438],[29.0894,41.1382],[29.0524,41.068],[29.1156,41.068],[29.1034,40.9447],[29.2639,40.8698],[29.2949,40.8388],[29.2546,40.8108],[29.493,40.8736],[29.4438,40.7766],[29.9393,40.7351],[29.5599,40.6911],[29.4906,40.7272],[28.9422,40.6184],[28.9156,40.4714],[29.1515,40.4341],[29.0463,40.3554],[27.9388,40.3554],[27.904,40.3999],[27.9505,40.4849],[27.7921,40.4849],[27.7918,40.3929],[27.8836,40.3863],[27.6958,40.2906],[27.5376,40.2906],[27.2948,40.4059],[26.6819,40.3561],[26.408,40.1937],[26.311,40.0195],[26.2205,40.0029],[26.1325,39.5143],[26.9377,39.5748],[26.9299,39.4877],[26.801,39.4335],[26.7422,39.2557],[26.8945,39.1911],[26.8793,38.9972],[26.9579,38.9972],[26.9399,38.9327],[27.0413,38.9401],[27.0627,38.8869],[26.9084,38.8204],[26.9314,38.7551],[26.8495,38.6097],[27.0798,38.5451],[27.0728,38.4537],[27.1642,38.4466],[27.0694,38.4094],[27.065,38.3515],[26.6762,38.3515],[26.6731,38.3072],[26.595,38.3515],[26.5358,38.6097],[26.3895,38.6719],[26.4058,38.4535],[26.513,38.4329],[26.4515,38.4261],[26.4289,38.2224],[26.8203,38.2224],[26.889,38.0933],[27.2753,38.0288],[27.2559,37.7707],[27.1794,37.6106],[27.31,37.4483],[27.2461,37.3362],[27.4072,37.4127],[27.4385,37.3908],[27.3921,37.3538],[27.5392,37.3838],[27.5644,37.2735],[27.616,37.2747],[27.598,37.126],[28.0653,37.126],[28.1313,37.0363],[28.3294,37.0368],[28.2124,37.0004],[28.1653,36.9116],[28.1034,36.9353],[28.0583,36.7721],[28.1184,36.8006],[28.1305,36.754],[28.0314,36.6749],[28.1961,36.6854],[28.2572,36.8462],[28.315,36.8291],[28.2934,36.7959],[28.452,36.8836],[28.5905,36.8682],[28.7361,36.7393],[29.1249,36.7393],[29.2163,36.3291],[29.3496,36.2326],[29.4116,36.2674],[29.4666,36.224],[29.938,36.224],[30.0261,36.3528],[30.4919,36.3528],[30.6191,36.9326],[31.086,36.9326],[32.0681,36.6105],[32.4985,36.224],[32.5369,36.1],[32.733,36.0376],[33.2744,36.224],[33.8711,36.3149],[33.9791,36.2884],[34.2507,36.6749],[34.5816,36.8682],[34.8929,36.8682],[34.9352,36.726],[35.1127,36.7393],[35.3323,36.6105],[35.4875,36.6105],[35.8336,36.9326],[36.1449,36.9326],[36.2862,36.8037],[36.2649,36.6105],[35.8417,36.2884],[35.9901,36.224],[35.9767,36.001],[35.8449,35.5802],[35.9929,35.5158],[35.9153,35.2879],[35.9624,35.1979],[35.927,34.8723],[36.0682,34.7436],[36.0488,34.5506],[35.7921,34.2933],[35.6652,34.3113],[35.6838,33.9718],[35.5538,33.9075],[35.6007,33.9075],[35.5946,33.8432],[35.4705,33.9021],[35.4993,33.6502],[35.3944,33.65],[35.3984,33.3931],[35.2154,33.0716],[35.089,33.0205],[35.0218,32.6216],[34.8851,32.4821],[34.8574,32.3645],[34.9227,32.3645],[34.9171,32.3002],[34.8423,32.3002],[34.7926,32.161],[34.813,31.9789],[34.6909,31.9134],[34.5466,31.529],[34.3076,31.4005],[34.2972,31.2719],[33.9826,31.1434],[32.8317,31.0148],[32.8055,31.0655],[32.6665,31.0523],[32.7907,31.0941],[32.5322,31.0791],[32.3894,31.2076],[32.2625,31.1696],[32.3039,31.0791],[31.9996,31.0791],[31.9063,31.2516],[31.7806,31.2076],[31.8077,31.2812],[31.7691,31.2988],[31.8741,31.4647],[31.2658,31.4647],[31.1215,31.5275],[31.0291,31.5185],[30.9807,31.4365],[30.7985,31.4465],[30.7344,31.3881],[30.5427,31.395],[30.6916,31.4647],[30.352,31.4647],[30.3019,31.3422],[30.3388,31.2719],[30.2887,31.2379],[29.9904,31.2719],[29.8315,31.1513],[29.8696,31.0791],[29.6332,30.9506],[29.5543,30.9848],[29.4481,30.9336],[29.3971,30.822],[28.865,30.822],[28.4964,31.0148],[27.5149,31.1434],[27.2975,31.3362],[26.9303,31.4411],[25.248,31.4647],[25.102,31.5933],[25.1097,31.7462],[24.8925,31.9789],[24.1294,31.9789],[23.6803,32.1717],[23.3122,32.1627],[23.0806,32.3341],[23.0894,32.6216],[21.99,32.9134],[21.8067,32.9133],[21.4117,32.7502],[21.0578,32.7736],[20.8712,32.6216],[20.7962,32.6428],[20.6898,32.6041],[20.7159,32.5574],[20.563,32.5574],[20.482,32.4288],[20.417,32.4565],[20.3255,32.4098],[20.2461,32.236],[20.0715,32.1764],[19.9961,31.5933],[20.2143,31.2719],[20.1467,31.1636],[20.2021,30.8863],[19.9682,30.6935],[19.9643,30.565],[19.655,30.3722],[19.272,30.2436],[18.8944,30.3079],[18.812,30.0508]],[[24.6883,30.1442],[24.6887,30.1828],[24.6967,30.127],[24.6883,30.1442]],[[24.6887,30.1828],[24.7629,30.3171],[24.767,30.3214],[24.6887,30.1828]],[[31.5164,37.3838],[31.5224,37.4483],[31.6004,37.4483],[31.5944,37.3838],[31.5164,37.3838]],[[34.9635,29.5941],[34.967,29.6081],[34.9898,29.652],[34.9635,29.5941]],[[35.4529,31.4008],[35.4585,31.4916],[35.4587,31.4916],[35.4593,31.4958],[35.4529,31.4008]],[[35.552,32.3679],[35.5533,32.3691],[35.5656,32.3134],[35.552,32.3679]],[[35.5568,32.3724],[35.5594,32.3748],[35.5656,32.3679],[35.5568,32.3724]],[[35.5585,32.5191],[35.5614,32.5192],[35.5674,32.5102],[35.5585,32.5191]],[[35.5594,32.4704],[35.5626,32.4747],[35.5725,32.4567],[35.5594,32.4704]],[[35.5688,32.4829],[35.5778,32.4948],[35.58,32.4915],[35.5688,32.4829]],[[35.7716,32.7467],[35.7749,32.7473],[35.7882,32.7344],[35.7716,32.7467]],[[36.2318,33.8525],[36.3178,33.8272],[36.3006,33.8287],[36.2318,33.8525]],[[36.2672,33.9104],[36.2886,33.9465],[36.2691,33.9073],[36.2672,33.9104]],[[36.2699,33.906],[36.3111,33.872],[36.2753,33.8972],[36.2699,33.906]],[[36.6665,36.2657],[36.6691,36.2599],[36.6681,36.2532],[36.6665,36.2657]]],[[[19.7578,39.6436],[19.9065,39.5814],[19.8416,39.7042],[19.947,39.7729],[19.7637,39.7729],[19.7578,39.6436]]],[[[22.833,38.8227],[22.9818,38.845],[22.9564,38.878],[23.0202,38.9214],[22.833,38.8227]]],[[[22.9061,38.2224],[22.9134,38.1928],[22.9695,38.1928],[22.9505,38.2098],[22.9224,38.207],[22.9338,38.2221],[22.9355,38.2224],[22.9061,38.2224]]],[[[23.0356,36.6926],[23.0463,36.6833],[23.0517,36.6872],[23.0498,36.6926],[23.0356,36.6926]]],[[[23.0365,38.9279],[23.3318,38.8034],[23.4651,38.8569],[23.2006,39.0093],[23.0365,38.9279]]],[[[23.3122,37.6174],[23.3406,37.6003],[23.3536,37.5821],[23.3442,37.6327],[23.3122,37.6174]]],[[[23.4014,37.3193],[23.4024,37.3193],[23.4023,37.3198],[23.4014,37.3193]]],[[[23.5634,38.7389],[23.6355,38.5286],[23.594,38.4534],[23.6492,38.4057],[24.0422,38.4015],[24.0669,38.351],[24.0254,38.3305],[24.1617,38.2698],[24.1789,38.5451],[24.0302,38.6743],[23.5634,38.7389]]],[[[24.1275,38.2224],[24.1447,38.2224],[24.1426,38.227],[24.157,38.2296],[24.1591,38.2287],[24.1614,38.2661],[24.1311,38.2358],[24.1275,38.2224]]],[[[26.2318,40.0656],[26.3758,40.1535],[26.3456,40.1998],[26.6167,40.3595],[26.6839,40.4849],[26.2723,40.2906],[26.2318,40.0656]]],[[[27.5815,37.1982],[27.5831,37.1912],[27.5877,37.1988],[27.5815,37.1982]]],[[[29.1009,44.7773],[29.1052,44.7773],[29.1056,44.7806],[29.1009,44.7773]]],[[[30.1795,31.2714],[30.1849,31.2719],[30.1795,31.2719],[30.1795,31.2714]]],[[[30.2409,31.2653],[30.2648,31.2719],[30.2479,31.2719],[30.2409,31.2653]]],[[[30.9691,31.5785],[30.9739,31.5799],[30.9739,31.5867],[30.9695,31.5854],[30.9691,31.5785]]],[[[30.978,31.5843],[31.119,31.5305],[31.1608,31.5935],[30.978,31.5843]]],[[[33.9551,26.79],[34.0036,26.7082],[34.0029,26.7316],[33.9756,26.79],[33.9551,26.79]]],[[[14.2616,44.6158],[14.2712,44.6125],[14.2619,44.6282],[14.2616,44.6158]]],[[[14.2625,44.6582],[14.2742,44.6617],[14.2804,44.6776],[14.2658,44.6795],[14.2629,44.6771],[14.2625,44.6582]]],[[[14.2925,44.9403],[14.4279,44.6566],[14.5047,44.6191],[14.4592,44.9154],[14.2925,44.9403]]],[[[14.3358,44.7168],[14.363,44.5734],[14.5024,44.516],[14.3358,44.7168]]],[[[32.2717,35.0728],[32.3294,34.8864],[32.459,34.7219],[32.7099,34.6458],[32.9136,34.6567],[32.9425,34.5794],[33.0303,34.5685],[33.0156,34.6344],[33.0864,34.6948],[33.2601,34.7005],[33.5917,34.8203],[33.7015,34.9729],[34.0685,34.9979],[33.9431,35.0653],[34.0123,35.0638],[33.8999,35.1645],[33.9121,35.26],[34.5384,35.671],[33.6603,35.3593],[33.4275,35.3289],[32.9231,35.3871],[32.9294,35.233],[32.8652,35.157],[32.6897,35.1839],[32.4138,35.043],[32.2717,35.0728]],[[33.7592,34.9887],[33.7911,34.9824],[33.7874,34.98],[33.7592,34.9887]],[[32.712,35.1731],[32.7315,35.1432],[32.7127,35.1634],[32.712,35.1731]],[[33.4666,35.0051],[33.4675,35.0126],[33.4768,35.0027],[33.4666,35.0051]],[[33.6195,35.0168],[33.7115,34.9856],[33.7029,34.9879],[33.6195,35.0168]],[[33.6794,35.0349],[33.7022,35.0223],[33.6794,35.0339],[33.6794,35.0349]],[[33.6966,35.009],[33.7022,35.0223],[33.7002,35.0067],[33.6966,35.009]],[[33.8412,35.0511],[33.8801,35.0731],[33.8551,35.0534],[33.8412,35.0511]]],[[[27.708,36.1688],[27.7519,35.905],[27.9934,36.062],[28.0896,36.0551],[28.0617,36.1165],[28.1634,36.2377],[28.2311,36.4498],[27.8997,36.3402],[27.708,36.1688]]],[[[26.9177,36.7161],[27.1854,36.8037],[27.1442,36.8811],[26.9177,36.7161]]],[[[25.3418,37.083],[25.3936,36.9971],[25.5644,36.9971],[25.5727,37.126],[25.3418,37.083]]],[[[24.9955,37.6789],[25.1255,37.5559],[25.216,37.5329],[25.2593,37.59],[24.9955,37.6789]]],[[[25.99,37.5165],[26.2306,37.5714],[26.312,37.6796],[26.0742,37.6379],[25.99,37.5165]]],[[[25.8407,38.5224],[25.989,38.3793],[25.9644,38.3026],[25.885,38.2794],[25.8898,38.2206],[26.0115,38.1578],[26.1121,38.2226],[26.1636,38.5428],[26.0159,38.602],[25.8696,38.5831],[25.8407,38.5224]]],[[[25.8359,39.1822],[26.1021,39.1115],[26.2256,39.2076],[26.2935,39.1772],[26.1002,39.0858],[26.1657,39.0224],[26.5471,38.9879],[26.437,39.1035],[26.4893,39.1137],[26.5394,39.0194],[26.61,39.0229],[26.5397,39.166],[26.3822,39.2771],[26.4074,39.3347],[26.1658,39.3681],[26.0606,39.2895],[25.9226,39.2911],[25.8359,39.1822]]],[[[25.0447,39.9853],[25.047,39.8376],[25.2043,39.8376],[25.2388,39.9195],[25.2798,39.8891],[25.2388,39.8581],[25.3551,39.8376],[25.348,39.9064],[25.4499,39.9884],[25.4377,40.0317],[25.2852,39.9534],[25.2251,40.0089],[25.0447,39.9853]]],[[[25.7052,40.1144],[26.0122,40.1666],[25.9631,40.1571],[25.926,40.2428],[25.759,40.2067],[25.7052,40.1144]]],[[[32.6053,45.4968],[33.6101,45.1042],[33.6092,44.8717],[33.5151,44.6466],[33.5715,44.6206],[33.4767,44.6099],[33.5086,44.4953],[33.6249,44.4507],[33.9256,44.4507],[34.3763,44.7773],[35.2971,44.9734],[35.4267,45.3004],[35.0199,45.3004],[34.9864,45.6278],[34.7419,45.6278],[34.5978,45.7588],[34.6167,45.8898],[34.3812,45.9554],[34.3184,46.0865],[33.737,46.0209],[33.7271,45.9501],[33.777,45.9296],[33.722,45.9136],[33.7096,45.8243],[32.6053,45.4968]]]]}},{"type":"Feature","properties":{"relationId":"cliopatria-relation-a8d347c645e2","name":"(Allegiance of Ostrogothic Kingdom to Eastern Roman Empire)","name_ko":"동고트 왕국–동로마 제국 충성·복속 관계","relationKind":"allegiance","relation_kind_ko":"충성·복속 관계","actor_ids":"cliopatria-q583038-7d984a97b7;cliopatria-q12544-03f6c8deaf","actor_names_ko":"동고트 왕국;동로마 제국","color":"#e7b763","startYear":523,"endYear":533,"source_name":"Cliopatria v0.2.0","source_url":"https://github.com/Seshat-Global-History-Databank/cliopatria","license":"CC BY 4.0","attribution":"Seshat Global History Databank, Cliopatria contributors"},"geometry":{"type":"MultiPolygon","coordinates":[[[[23.6154,35.5158],[23.6792,35.2584],[24.7574,35.194],[24.8237,35.001],[26.1401,35.0653],[26.2253,35.194],[25.7953,35.1151],[25.6806,35.1297],[25.6923,35.3227],[24.301,35.3227],[24.1499,35.3871],[24.1541,35.465],[24.0669,35.507],[24.1569,35.5158],[23.6154,35.5158]]],[[[14.3384,35.9455],[14.3815,35.843],[14.5618,35.8298],[14.5078,35.9285],[14.3773,35.9936],[14.3384,35.9455]]],[[[22.9016,36.3383],[22.9292,36.178],[23.0533,36.1596],[23.0769,36.2707],[22.9446,36.3894],[22.9016,36.3383]]],[[[24.2754,37.5317],[24.3958,37.6247],[24.3728,37.6852],[24.2893,37.6453],[24.2754,37.5317]]],[[[20.6195,37.8228],[20.7934,37.6685],[20.9261,37.7284],[20.886,37.814],[20.7247,37.8998],[20.6554,37.8998],[20.6195,37.8228]]],[[[24.6878,37.9287],[24.9118,37.7283],[24.9944,37.7541],[24.9538,37.8707],[24.7937,37.9941],[24.6878,37.9287]]],[[[20.339,38.2002],[20.3801,38.1518],[20.4253,38.1753],[20.4351,38.2788],[20.4943,38.1337],[20.7865,38.0933],[20.6817,38.2821],[20.6429,38.2534],[20.5991,38.3026],[20.6258,38.3518],[20.5664,38.416],[20.479,38.3095],[20.3999,38.3641],[20.339,38.2002]]],[[[20.6878,38.3367],[20.7194,38.3156],[20.7387,38.3189],[20.6951,38.3434],[20.6878,38.3367]]],[[[23.4849,38.7389],[23.5634,38.7389],[23.5668,38.7946],[23.4888,38.8034],[23.4849,38.7389]]],[[[24.4362,38.878],[24.557,38.8457],[24.5368,38.7918],[24.6643,38.7732],[24.523,38.9643],[24.4611,38.9677],[24.4362,38.878]]],[[[20.1453,39.6436],[20.1517,39.6402],[20.1519,39.6436],[20.1453,39.6436]]],[[[24.5197,40.6853],[24.6397,40.5732],[24.7801,40.6122],[24.7864,40.7351],[24.6423,40.8039],[24.5197,40.6853]]],[[[10.1632,42.8164],[10.1963,42.7362],[10.3379,42.7648],[10.4307,42.7221],[10.3888,42.7635],[10.4367,42.8044],[10.4124,42.8734],[10.3473,42.8059],[10.1632,42.8164]]],[[[4.0925,43.6027],[4.173,43.6027],[4.1778,43.4723],[4.7288,43.4723],[4.6946,43.5791],[4.7424,43.4723],[5.0524,43.4723],[5.0291,43.5586],[5.14,43.4858],[5.2228,43.504],[5.1969,43.4454],[5.3869,43.4072],[5.3908,43.2769],[5.6319,43.2769],[5.7962,43.1467],[6.2782,43.1467],[6.5176,43.2118],[6.6726,43.4723],[6.9985,43.5442],[7.1502,43.733],[8.0339,43.9286],[8.1916,44.1896],[8.5925,44.4507],[9.1591,44.4507],[9.7274,44.1243],[9.9697,44.1243],[9.9627,44.0447],[10.1314,44.0591],[10.3742,43.6678],[10.5391,43.0796],[11.0163,42.8213],[11.0159,42.6629],[11.176,42.6262],[11.2552,42.4312],[11.4152,42.4312],[11.569,42.3314],[11.6548,42.3662],[11.8128,42.1063],[12.1317,42.0413],[12.1305,41.9131],[13,41.3274],[13.7145,41.2625],[13.862,41.1328],[13.9506,41.1328],[14.1046,40.8736],[14.4219,40.8736],[14.4194,40.7517],[14.4741,40.7297],[14.4363,40.6792],[14.8934,40.6792],[15.0414,40.2259],[15.1995,40.2259],[15.4319,40.0317],[15.5349,40.0778],[15.7478,40.0317],[15.7136,39.978],[15.7736,39.8424],[15.8989,39.7729],[16.1165,39.0618],[16.2703,38.9326],[16.2652,38.7389],[15.9497,38.6743],[15.8621,38.2869],[15.6328,38.2203],[15.6982,37.9643],[15.9328,37.9643],[16.4919,38.416],[16.5024,38.8034],[17.1383,39.0618],[17.0697,39.385],[16.9162,39.5143],[16.4473,39.6436],[16.4567,39.967],[16.6769,40.1511],[16.6245,40.2906],[16.777,40.2906],[16.9137,40.4464],[16.868,40.4849],[17.0285,40.5496],[17.3452,40.5496],[17.4175,40.3554],[17.8131,40.3554],[18.1122,39.9023],[18.3489,39.9023],[18.4381,40.1612],[17.9812,40.6144],[17.5107,40.744],[17.2027,41.0032],[15.9439,41.3922],[15.8738,41.7167],[16.1149,41.7816],[16.1189,41.9114],[15.2414,41.9114],[14.7659,42.0413],[14.7178,42.1506],[14.6077,42.1063],[14.0565,42.4962],[13.9014,42.7563],[13.9329,42.8295],[13.8625,43.0186],[13.7471,43.0816],[13.6726,43.4072],[13.3874,43.6413],[13.0338,43.733],[13.019,43.8567],[12.8734,43.7982],[12.313,44.1896],[12.1537,44.4507],[12.1572,44.8426],[12.4001,44.7989],[12.4026,45.0388],[12.3688,45.011],[12.16,45.1696],[12.1628,45.4968],[12.6522,45.5623],[12.8168,45.6933],[13.0658,45.6401],[13.1448,45.8243],[13.7149,45.7588],[13.7393,45.6491],[13.8081,45.6143],[13.7119,45.5933],[13.7529,45.5529],[13.7102,45.4968],[13.5473,45.4968],[13.5448,45.3427],[13.7056,45.235],[13.8032,44.908],[13.9432,44.908],[13.9457,45.0388],[14.1552,45.0388],[14.1962,45.3659],[14.6031,45.3659],[14.576,45.2623],[14.8528,45.0937],[14.9187,44.9734],[14.9113,44.6789],[15.308,44.3544],[15.5287,44.2718],[15.2612,44.3326],[15.2953,44.2507],[15.1981,44.3017],[15.1765,44.25],[15.2129,44.131],[15.4591,43.9938],[15.4551,43.928],[15.6186,43.9286],[15.6954,43.7982],[15.8566,43.7982],[16.0117,43.6027],[15.9595,43.504],[16.5754,43.6027],[16.7342,43.5375],[16.7302,43.4247],[17.0513,43.4072],[17.1139,43.2132],[17.2058,43.1691],[17.3654,43.2118],[17.3606,43.0893],[17.4336,43.0174],[17.502,43.031],[17.5156,42.9589],[17.6632,42.8864],[17.8339,42.8864],[18.2191,42.5984],[18.6286,42.4482],[18.6873,42.4829],[18.7063,42.4197],[18.852,42.3662],[18.9259,42.2362],[19.0058,42.2362],[19.0027,42.1712],[19.4246,41.8666],[19.5916,41.8188],[19.5576,41.6605],[19.613,41.6053],[19.4715,41.5823],[19.5297,41.522],[19.4438,41.3922],[19.5233,41.3922],[19.4555,41.1485],[19.5234,40.9206],[19.3688,40.8022],[19.3044,40.6531],[19.4863,40.6144],[19.4714,40.2906],[19.6295,40.2906],[20.0094,39.967],[19.9876,39.7083],[20.155,39.7083],[20.2972,39.385],[20.9538,39.0342],[21.0584,39.009],[21.0852,39.0629],[21.1599,38.9977],[21.1774,38.876],[21.1023,38.9108],[21.0852,38.8643],[21.0274,38.9326],[20.8599,38.9605],[20.7414,38.8034],[20.9737,38.7389],[21.1933,38.416],[21.3376,38.3989],[21.3225,38.4963],[21.4224,38.3889],[21.7625,38.3284],[21.8312,38.3967],[21.9876,38.4106],[22.1892,38.3231],[22.3823,38.3427],[22.4016,38.4534],[22.5625,38.2935],[22.6465,38.39],[22.8057,38.227],[23.2234,38.1592],[23.1729,38.0795],[22.8755,38.0493],[22.9754,37.979],[22.8672,37.9395],[22.6804,38.0666],[21.8495,38.3413],[21.7333,38.2514],[21.7286,38.1578],[21.4156,38.1578],[21.2436,37.8352],[21.6966,37.5128],[21.6958,37.3164],[21.6031,37.1904],[21.681,37.1904],[21.7435,36.8682],[21.8992,36.8682],[21.9085,37.0615],[22.22,37.0615],[22.3757,36.6749],[22.5118,36.6749],[22.5994,36.8682],[22.8328,36.8682],[23.0332,36.6946],[22.8532,37.2549],[22.7007,37.3193],[22.7144,37.5773],[22.9486,37.5773],[23.1756,37.4483],[23.1685,37.3193],[23.278,37.3498],[23.2302,37.3846],[23.3849,37.4134],[23.36,37.5475],[23.1083,37.6417],[23.0151,37.9252],[23.2044,37.963],[23.2082,38.0288],[23.5746,38.0468],[23.5597,37.9866],[23.9786,37.8352],[24.0361,38.2224],[23.6729,38.3564],[23.5929,38.4806],[23.3126,38.4806],[23.1826,38.6538],[23.1045,38.6384],[22.9149,38.7756],[22.5251,38.8581],[22.6216,38.9145],[22.792,38.878],[23.0731,39.0363],[22.9639,39.009],[22.9981,39.0698],[22.9516,39.1238],[22.7973,39.0618],[22.8163,39.385],[23.1318,39.4489],[22.6109,39.9023],[22.6497,39.9853],[22.5437,40.0964],[22.5716,40.5496],[22.9105,40.6446],[22.9832,40.5527],[22.9265,40.5153],[22.9592,40.4201],[23.7374,40.2259],[23.6936,40.3092],[23.7777,40.3548],[23.8386,40.5496],[23.6846,40.6144],[23.698,40.8088],[24.0106,40.744],[24.3466,41.0032],[25.1384,41.0101],[25.1358,40.9692],[25.8495,40.9384],[26.0822,40.8736],[26.1403,40.6144],[26.5472,40.744],[26.621,40.6792],[26.9324,40.6144],[26.7685,40.5496],[26.8466,40.5165],[26.9576,40.5584],[27.0172,40.6792],[27.5275,41.068],[29.0429,41.068],[29.0645,41.1371],[28.9631,41.1328],[28.975,41.2529],[28.5053,41.3274],[28.0814,41.6518],[27.9794,41.6518],[27.937,42.0413],[27.4529,42.4801],[27.5135,42.6262],[27.8466,42.7563],[27.8049,43.1467],[27.8982,43.2769],[28.0607,43.3092],[28.1925,43.4078],[28.1592,43.4723],[28.4811,43.4723],[28.6163,43.9938],[28.5356,43.9938],[28.5769,44.3854],[28.7612,44.5223],[28.7578,44.6268],[28.8362,44.6268],[28.784,44.6492],[28.8257,44.7332],[28.802,44.9734],[29.0583,45.001],[29.1106,44.97],[29.0418,44.9257],[29.0603,44.8323],[29.0964,44.8751],[29.5253,44.908],[29.6659,45.4313],[29.1847,45.4968],[28.7561,45.3004],[28.4307,45.3004],[28.275,45.3659],[28.2376,45.4521],[28.2814,45.4265],[28.2888,45.4968],[28.0513,45.5623],[28.0376,45.4313],[27.7867,45.3659],[27.7666,45.1696],[27.9224,45.1042],[27.8888,44.7773],[27.7266,44.7773],[27.7067,44.5813],[27.8687,44.5813],[27.8488,44.3854],[27.9297,44.3854],[27.7481,44.1896],[26.3682,44.1243],[25.5205,43.6678],[24.8062,43.7982],[24.0754,43.733],[23.9244,43.8634],[23.3647,43.9286],[23.1937,43.7982],[22.9518,43.7982],[22.8479,43.4723],[22.6019,43.4072],[22.3784,43.6678],[22.0605,43.733],[21.5214,44.1243],[20.887,44.3201],[20.6559,44.516],[20.1628,44.3854],[20.0965,44.6466],[19.9344,44.6466],[19.6242,44.908],[19.1406,44.9734],[19.2384,45.3004],[18.9976,45.3659],[19.0041,45.4968],[18.9227,45.4968],[18.7788,45.8898],[18.8604,45.8898],[18.8283,45.9057],[19.0501,46.4145],[18.8141,46.6115],[18.8337,47.0058],[19.0837,47.0716],[19.1833,47.4006],[19.2657,47.4006],[19.2692,47.4665],[18.9496,47.6641],[18.9565,47.7959],[18.798,47.9278],[18.626,47.7959],[17.6346,47.7959],[17.169,48.0123],[17.0856,47.9701],[17.1672,48.0131],[17.0669,48.0597],[17.0723,48.1917],[16.9895,48.1917],[16.9921,48.2578],[16.8238,48.1917],[16.8264,48.2578],[14.2576,48.2578],[13.7642,48.4559],[13.6838,48.5881],[12.9383,48.7204],[12.1113,49.1838],[11.694,49.1175],[11.6099,48.9851],[10.1134,48.4559],[9.9508,47.8619],[9.8681,47.8619],[9.9519,47.6641],[9.3766,47.4006],[9.2955,47.269],[9.1308,47.269],[8.8862,47.0716],[8.8878,46.9401],[8.7235,46.9401],[8.645,46.6772],[8.0786,46.2177],[8.0808,46.0865],[7.9014,45.9825],[7.9833,45.9988],[7.5153,45.7588],[7.4377,45.5623],[7.1147,45.4313],[7.0377,45.235],[6.6343,45.1042],[6.6375,44.9734],[6.8826,44.908],[6.887,44.7119],[6.9681,44.7119],[6.8914,44.516],[6.0852,44.3854],[5.8553,43.9286],[4.8019,44.0591],[4.7144,44.2548],[4.2367,44.0591],[4.0925,43.6027]],[[6.8661,44.3721],[6.8772,44.4144],[6.8703,44.3667],[6.8661,44.3721]],[[6.9799,44.2461],[6.9887,44.2416],[6.9828,44.2417],[6.9799,44.2461]],[[6.9828,44.847],[7.0049,44.828],[7.0043,44.8249],[6.9828,44.847]],[[7.3093,44.1475],[7.339,44.1249],[7.331,44.1253],[7.3093,44.1475]],[[7.8702,45.9404],[7.8729,45.9594],[7.8807,45.9664],[7.8702,45.9404]],[[7.9891,46.0033],[8.0007,46.0175],[7.9984,46.0106],[7.9891,46.0033]],[[9.2823,46.4974],[9.331,46.5015],[9.3508,46.4979],[9.2823,46.4974]],[[9.477,47.0639],[9.5812,47.0569],[9.6691,47.0562],[9.5606,47.0524],[9.477,47.0639]],[[9.4874,47.21],[9.5046,47.2437],[9.5171,47.2564],[9.4874,47.21]],[[9.8486,47.5386],[9.8589,47.5413],[9.9188,47.5322],[9.8486,47.5386]],[[10.0226,47.488],[10.0718,47.4391],[10.0806,47.4274],[10.0226,47.488]],[[10.0427,46.2205],[10.1026,46.2289],[10.0757,46.22],[10.0427,46.2205]],[[10.0532,47.4049],[10.0806,47.4274],[10.076,47.4169],[10.0532,47.4049]],[[10.0924,46.3381],[10.0956,46.344],[10.0935,46.3356],[10.0924,46.3381]],[[10.0998,46.321],[10.1589,46.2624],[10.1049,46.3094],[10.0998,46.321]],[[10.1015,46.3549],[10.105,46.3614],[10.1332,46.3811],[10.1015,46.3549]],[[10.3639,46.9912],[10.3734,46.9963],[10.3758,46.9946],[10.3639,46.9912]],[[12.7389,48.1134],[12.7431,48.1158],[12.7397,48.1069],[12.7389,48.1134]],[[12.7414,48.092],[12.7486,48.0788],[12.742,48.0868],[12.7414,48.092]],[[12.7539,48.0725],[12.8306,48.0155],[12.7602,48.0649],[12.7539,48.0725]],[[13.5068,46.5469],[13.5492,46.5458],[13.607,46.5329],[13.5068,46.5469]],[[14.1499,46.4401],[14.3958,46.441],[14.3993,46.4393],[14.1499,46.4401]],[[14.412,46.4332],[14.4509,46.4145],[14.42,46.4244],[14.412,46.4332]],[[15.972,46.8206],[15.9817,46.8277],[16.0941,46.8629],[16.094,46.8628],[15.972,46.8206]],[[16.2337,46.4787],[16.2349,46.4933],[16.2509,46.405],[16.2337,46.4787]],[[16.3476,46.5436],[16.3579,46.547],[16.3517,46.5395],[16.3476,46.5436]],[[17.0386,46.169],[17.0889,46.1362],[17.0529,46.1535],[17.0386,46.169]],[[17.1069,46.1276],[17.2086,46.1166],[17.1162,46.1231],[17.1069,46.1276]],[[18.4437,42.8345],[18.4517,42.8023],[18.4446,42.8171],[18.4437,42.8345]],[[18.4598,42.7852],[18.4838,42.7525],[18.4674,42.7692],[18.4598,42.7852]],[[18.6487,45.0627],[18.6713,45.0869],[18.6766,45.086],[18.6487,45.0627]],[[18.6798,45.0855],[18.6841,45.0848],[18.7383,45.0159],[18.6798,45.0855]],[[18.8896,44.8612],[19.0158,44.8656],[19.0726,44.8767],[19.0684,44.8748],[19.005,44.8633],[18.8896,44.8612]],[[19.1228,43.5359],[19.2175,43.5328],[19.1953,43.5328],[19.1228,43.5359]],[[19.2435,44.002],[19.2728,44.0124],[19.2814,44.0115],[19.2435,44.002]],[[19.2749,42.1913],[19.4004,42.3259],[19.2764,42.1857],[19.2749,42.1913]],[[19.2803,42.1714],[19.2925,42.1577],[19.2821,42.1646],[19.2803,42.1714]],[[19.2925,44.0103],[19.3006,44.0095],[19.3646,43.9733],[19.2925,44.0103]],[[19.3074,44.2742],[19.3243,44.264],[19.3319,44.2539],[19.3074,44.2742]],[[19.3415,44.8988],[19.3532,44.899],[19.3644,44.889],[19.3415,44.8988]],[[19.3454,44.2358],[19.354,44.2243],[19.3624,44.1912],[19.3454,44.2358]],[[19.3624,44.1912],[19.4426,44.1432],[19.3812,44.1771],[19.3624,44.1912]],[[19.3696,44.8842],[19.3728,44.8814],[19.3766,44.863],[19.3696,44.8842]],[[19.4004,42.3259],[19.4027,42.352],[19.4111,42.3648],[19.4004,42.3259]],[[19.4152,42.371],[19.4172,42.3741],[19.5178,42.458],[19.4152,42.371]],[[19.5286,43.9772],[19.6008,44.0144],[19.5934,44.0056],[19.5286,43.9772]],[[19.6218,42.605],[19.676,42.6467],[19.6993,42.6548],[19.6218,42.605]],[[19.7516,42.4934],[19.792,42.4729],[19.7845,42.4746],[19.7516,42.4934]],[[19.8102,42.4687],[19.8267,42.4697],[19.8196,42.4665],[19.8102,42.4687]],[[20.0248,42.7234],[20.1039,42.6531],[20.0361,42.708],[20.0248,42.7234]],[[20.0248,42.7234],[20.0265,42.7432],[20.0332,42.7473],[20.0248,42.7234]],[[20.0392,42.5578],[20.065,42.5468],[20.1526,42.4937],[20.0392,42.5578]],[[20.1169,42.9767],[20.1946,42.9668],[20.2112,42.9599],[20.1169,42.9767]],[[20.2166,42.7983],[20.2176,42.8027],[20.2226,42.8037],[20.2166,42.7983]],[[20.249,39.6848],[20.2875,39.7112],[20.2827,39.7044],[20.249,39.6848]],[[20.3334,42.3179],[20.457,42.2505],[20.4741,42.2352],[20.3334,42.3179]],[[20.4862,42.2243],[20.5008,42.2112],[20.5203,42.1761],[20.4862,42.2243]],[[20.5405,42.1396],[20.5494,42.1235],[20.5522,42.0738],[20.5405,42.1396]],[[20.6225,43.1307],[20.6279,43.1231],[20.6261,43.1237],[20.6225,43.1307]],[[20.6518,43.0704],[20.6692,43.1098],[20.6649,43.0854],[20.6518,43.0704]],[[20.6815,41.844],[20.7121,41.8605],[20.703,41.8496],[20.6815,41.844]],[[20.7596,43.2559],[20.7695,43.2608],[20.7799,43.2601],[20.7596,43.2559]],[[20.8068,43.2583],[20.8194,43.2574],[20.8276,43.2501],[20.8068,43.2583]],[[20.9579,40.5149],[20.999,40.54],[20.9815,40.5233],[20.9579,40.5149]],[[21.0152,40.5556],[21.0237,40.5888],[21.0188,40.559],[21.0152,40.5556]],[[21.0186,40.6909],[21.0353,40.6594],[21.0335,40.6487],[21.0186,40.6909]],[[21.2378,42.0974],[21.2917,42.0921],[21.2889,42.0897],[21.2378,42.0974]],[[21.295,42.149],[21.3013,42.1006],[21.2988,42.0984],[21.295,42.149]],[[21.3613,42.2182],[21.3668,42.2239],[21.3766,42.2226],[21.3613,42.2182]],[[21.5576,42.2639],[21.5717,42.2461],[21.5638,42.247],[21.5576,42.2639]],[[21.7005,42.6856],[21.7089,42.6872],[21.7191,42.684],[21.7005,42.6856]],[[22.0476,42.3045],[22.076,42.3053],[22.0609,42.3011],[22.0476,42.3045]],[[22.5088,42.4049],[22.5365,42.4784],[22.5331,42.4576],[22.5088,42.4049]],[[22.5152,42.5141],[22.5249,42.5077],[22.5365,42.4784],[22.5152,42.5141]],[[22.827,43.2814],[22.8901,43.2269],[22.8838,43.2306],[22.827,43.2814]],[[22.8815,41.3356],[22.917,41.3358],[23.1152,41.3127],[22.8815,41.3356]],[[22.9014,41.8604],[22.9427,41.7758],[22.9397,41.7767],[22.9014,41.8604]],[[22.9045,43.2186],[22.9814,43.199],[22.9155,43.2122],[22.9045,43.2186]],[[22.933,41.6123],[22.9351,41.6189],[22.9332,41.6055],[22.933,41.6123]],[[22.9334,41.595],[22.9487,41.561],[22.9337,41.5846],[22.9334,41.595]],[[22.9385,41.6299],[22.9409,41.6376],[22.9443,41.6388],[22.9385,41.6299]],[[22.967,41.647],[23.0004,41.7015],[22.9986,41.6931],[22.967,41.647]],[[24.1262,41.5294],[24.1463,41.5268],[24.1702,41.5116],[24.1262,41.5294]],[[24.1816,41.5374],[24.1963,41.547],[24.2121,41.5518],[24.1816,41.5374]],[[25.1771,41.2939],[25.2308,41.248],[25.2197,41.2497],[25.1771,41.2939]],[[26.0475,41.6746],[26.0493,41.6823],[26.055,41.6488],[26.0475,41.6746]],[[26.0522,41.6952],[26.0537,41.7015],[26.0579,41.7035],[26.0522,41.6952]],[[26.1312,41.5527],[26.1525,41.547],[26.1544,41.5437],[26.1312,41.5527]],[[26.1459,41.478],[26.1602,41.5019],[26.1593,41.4938],[26.1459,41.478]],[[26.1589,41.5362],[26.1631,41.5291],[26.1617,41.5157],[26.1589,41.5362]],[[26.2304,41.7466],[26.2344,41.7458],[26.2739,41.7149],[26.2304,41.7466]],[[26.3668,41.7112],[26.3774,41.7106],[26.4044,41.6918],[26.3668,41.7112]],[[26.5837,41.3326],[26.6097,41.3307],[26.5911,41.3293],[26.5837,41.3326]]],[[[12.4905,37.7062],[13.192,37.5773],[13.6022,37.2505],[14.2779,37.126],[14.6723,36.7393],[15.0498,36.7393],[15.2102,36.9971],[15.2133,37.1583],[15.0592,37.2549],[15.0665,37.6417],[15.3895,38.1578],[15.5432,38.1578],[15.5865,38.2377],[14.0562,37.9643],[13.6652,37.9643],[13.3547,38.1578],[13.1199,38.1578],[13.0404,38.0288],[12.6522,38.0929],[12.4919,37.8998],[12.4905,37.7062]]],[[[14.5158,45.1042],[14.7791,45.0187],[14.6653,45.0873],[14.6653,45.1618],[14.5974,45.1664],[14.5959,45.2375],[14.5158,45.1042]]],[[[14.9089,44.5813],[14.9595,44.5396],[14.9729,44.5361],[15.0142,44.5187],[15.0073,44.5045],[15.0755,44.4841],[15.0412,44.5275],[15.0039,44.5361],[14.9663,44.5734],[14.9095,44.6068],[14.9089,44.5813]]],[[[15.0415,44.4766],[15.1597,44.3262],[15.2271,44.3264],[15.1651,44.3674],[15.2544,44.34],[15.0415,44.4766]]],[[[15.1642,44.3057],[15.1652,44.3012],[15.1724,44.2991],[15.1642,44.3057]]],[[[15.2158,44.072],[15.2187,44.0591],[15.2398,44.0534],[15.2258,44.0662],[15.2158,44.072]]],[[[15.401,43.904],[15.4461,43.8875],[15.4268,43.9221],[15.4165,43.928],[15.401,43.904]]],[[[16.7272,43.3421],[16.7959,43.3559],[16.7282,43.3691],[16.7272,43.3421]]],[[[17.3552,42.9515],[17.4376,42.9515],[17.3905,42.9777],[17.3566,42.9879],[17.3552,42.9515]]],[[[17.5079,42.7563],[17.5159,42.7684],[17.5085,42.7718],[17.5079,42.7563]]],[[[17.5119,42.8554],[17.6218,42.8864],[17.5261,42.9218],[17.5119,42.8554]]],[[[18.812,30.0508],[19.4961,30.1151],[19.6514,30.2436],[20.9516,30.565],[21.9388,30.565],[22.7667,30.3722],[22.7618,30.2436],[22.916,30.3079],[23.5101,29.9865],[23.9622,29.9223],[24.3304,29.6652],[24.7792,29.5366],[24.8467,29.3438],[25.0008,29.4081],[25.1465,29.2795],[25.3735,29.2795],[25.5863,28.9581],[27.1401,28.251],[27.285,28.1224],[27.2763,27.9295],[27.4299,27.9938],[27.792,27.6724],[27.7109,27.5438],[27.9367,27.5438],[28.1537,27.3509],[28.2702,26.5794],[28.3453,26.5794],[28.2437,25.9365],[28.2886,25.165],[28.5688,24.6506],[29.6728,24.2006],[29.9595,23.8792],[30.1087,23.8792],[30.104,23.7506],[30.3952,23.5577],[30.4627,23.3649],[31.6705,23.7506],[32.0409,23.6863],[33.389,23.8149],[33.7564,23.6863],[35.108,23.8792],[35.4808,23.8253],[35.5139,23.9771],[35.7865,23.8939],[35.7386,23.9833],[35.4938,24.1089],[35.3919,24.2828],[35.1446,24.5002],[35.1603,24.5746],[34.5466,25.725],[34.3387,26.0018],[34.014,26.6116],[33.9414,26.6535],[33.9961,26.8966],[33.8368,27.1208],[33.8384,27.2426],[33.6917,27.3419],[33.4963,27.6466],[33.5877,27.651],[33.5579,27.7599],[33.4735,27.8232],[33.5921,27.7912],[33.5544,27.8965],[33.2494,28.1429],[33.0029,28.4895],[32.8689,28.5789],[32.8069,28.7781],[32.6255,28.9727],[32.6528,29.081],[32.5623,29.3863],[32.3377,29.5925],[32.3639,29.6882],[32.5095,29.8668],[32.4769,29.9322],[32.5715,29.9426],[32.5778,30.0114],[32.6045,29.8242],[32.6907,29.7336],[32.7239,29.4705],[32.8172,29.414],[32.8856,29.2431],[33.1779,28.9896],[33.2287,28.5694],[33.5538,28.3153],[33.7634,28.024],[34.0785,27.8007],[34.2631,27.7367],[34.2141,27.7915],[34.4281,27.9859],[34.4553,28.1749],[34.4102,28.32],[34.6245,28.736],[34.7366,29.3113],[34.9572,29.569],[34.9817,29.4804],[36.3193,30.8863],[36.2765,31.2719],[36.3526,31.2719],[36.4919,31.9789],[36.5682,31.9789],[36.5155,32.236],[36.5919,32.236],[36.8119,32.943],[37.0605,33.1359],[37.0732,33.2645],[37.9902,33.9718],[39.1238,34.4863],[39.509,34.4863],[40.1029,34.2933],[40.6181,34.7436],[40.7723,34.7436],[41.1122,35.001],[41.0863,36.0308],[41.6626,36.2884],[41.6796,36.4172],[41.5328,36.4816],[41.5498,36.6105],[41.2124,36.9971],[41.1282,38.0933],[40.9115,38.2224],[40.9479,38.4806],[40.8695,38.4806],[40.9663,38.6097],[40.9817,39.2557],[41.2566,39.5143],[41.326,39.967],[41.4839,39.967],[41.6725,40.1612],[41.7035,40.3554],[41.3598,40.6792],[41.5348,41.2625],[41.8061,41.4571],[41.8392,41.6518],[41.7097,41.7085],[41.5674,41.4571],[41.4471,41.4571],[41.3071,41.3274],[40.5393,41.0032],[40.4492,41.0425],[40.3703,40.9384],[39.7355,40.9384],[39.1683,41.0797],[38.9208,41.0382],[38.7834,40.9384],[38.2977,40.8736],[38.2217,40.9441],[38.0253,40.9769],[37.8312,40.9384],[37.7706,41.068],[37.2147,41.068],[37.226,41.1475],[37.0651,41.1328],[36.7748,41.3274],[36.451,41.2404],[36.2092,41.2625],[35.9561,41.7127],[35.9227,41.6462],[35.9457,41.7167],[35.5767,41.6297],[35.157,41.7167],[35.0921,41.928],[35.123,42.0248],[35.0615,42.0413],[34.9178,42.0413],[34.7845,41.9114],[33.2771,41.9764],[32.6675,41.8369],[32.6947,41.7816],[31.4983,41.352],[31.3928,41.1884],[31.1801,41.068],[30.6242,41.068],[30.53,41.1522],[30.3513,41.1922],[30.1369,41.1438],[29.0894,41.1382],[29.0524,41.068],[29.1156,41.068],[29.1034,40.9447],[29.2639,40.8698],[29.2949,40.8388],[29.2546,40.8108],[29.493,40.8736],[29.4438,40.7766],[29.9393,40.7351],[29.5599,40.6911],[29.4906,40.7272],[28.9422,40.6184],[28.9156,40.4714],[29.1515,40.4341],[29.0463,40.3554],[27.9388,40.3554],[27.904,40.3999],[27.9505,40.4849],[27.7921,40.4849],[27.7918,40.3929],[27.8836,40.3863],[27.6958,40.2906],[27.5376,40.2906],[27.2948,40.4059],[26.6819,40.3561],[26.408,40.1937],[26.311,40.0195],[26.2205,40.0029],[26.1325,39.5143],[26.9377,39.5748],[26.9299,39.4877],[26.801,39.4335],[26.7422,39.2557],[26.8945,39.1911],[26.8793,38.9972],[26.9579,38.9972],[26.9399,38.9327],[27.0413,38.9401],[27.0627,38.8869],[26.9084,38.8204],[26.9314,38.7551],[26.8495,38.6097],[27.0798,38.5451],[27.0728,38.4537],[27.1642,38.4466],[27.0694,38.4094],[27.065,38.3515],[26.6762,38.3515],[26.6731,38.3072],[26.595,38.3515],[26.5358,38.6097],[26.3895,38.6719],[26.4058,38.4535],[26.513,38.4329],[26.4515,38.4261],[26.4289,38.2224],[26.8203,38.2224],[26.889,38.0933],[27.2753,38.0288],[27.2559,37.7707],[27.1794,37.6106],[27.31,37.4483],[27.2461,37.3362],[27.4072,37.4127],[27.4385,37.3908],[27.3921,37.3538],[27.5392,37.3838],[27.5644,37.2735],[27.616,37.2747],[27.598,37.126],[28.0653,37.126],[28.1313,37.0363],[28.3294,37.0368],[28.2124,37.0004],[28.1653,36.9116],[28.1034,36.9353],[28.0583,36.7721],[28.1184,36.8006],[28.1305,36.754],[28.0314,36.6749],[28.1961,36.6854],[28.2572,36.8462],[28.315,36.8291],[28.2934,36.7959],[28.452,36.8836],[28.5905,36.8682],[28.7361,36.7393],[29.1249,36.7393],[29.2163,36.3291],[29.3496,36.2326],[29.4116,36.2674],[29.4666,36.224],[29.938,36.224],[30.0261,36.3528],[30.4919,36.3528],[30.6191,36.9326],[31.086,36.9326],[32.0681,36.6105],[32.4985,36.224],[32.5369,36.1],[32.733,36.0376],[33.2744,36.224],[33.8711,36.3149],[33.9791,36.2884],[34.2507,36.6749],[34.5816,36.8682],[34.8929,36.8682],[34.9352,36.726],[35.1127,36.7393],[35.3323,36.6105],[35.4875,36.6105],[35.8336,36.9326],[36.1449,36.9326],[36.2862,36.8037],[36.2649,36.6105],[35.8417,36.2884],[35.9901,36.224],[35.9767,36.001],[35.8449,35.5802],[35.9929,35.5158],[35.9153,35.2879],[35.9624,35.1979],[35.927,34.8723],[36.0682,34.7436],[36.0488,34.5506],[35.7921,34.2933],[35.6652,34.3113],[35.6838,33.9718],[35.4705,33.9021],[35.4993,33.6502],[35.3944,33.65],[35.3984,33.3931],[35.2154,33.0716],[35.089,33.0205],[35.0218,32.6216],[34.8851,32.4821],[34.7926,32.161],[34.813,31.9789],[34.6909,31.9134],[34.5466,31.529],[34.3076,31.4005],[34.2972,31.2719],[33.9826,31.1434],[32.8317,31.0148],[32.8055,31.0655],[32.6665,31.0523],[32.7907,31.0941],[32.5322,31.0791],[32.3894,31.2076],[32.2625,31.1696],[32.3039,31.0791],[31.9996,31.0791],[31.9063,31.2516],[31.7806,31.2076],[31.8077,31.2812],[31.7691,31.2988],[31.8741,31.4647],[31.2658,31.4647],[31.1215,31.5275],[31.0291,31.5185],[30.9807,31.4365],[30.7985,31.4465],[30.7344,31.3881],[30.5427,31.395],[30.6916,31.4647],[30.352,31.4647],[30.3019,31.3422],[30.3388,31.2719],[30.2887,31.2379],[29.9904,31.2719],[29.8315,31.1513],[29.8696,31.0791],[29.6332,30.9506],[29.5543,30.9848],[29.4481,30.9336],[29.3971,30.822],[28.865,30.822],[28.4964,31.0148],[27.5149,31.1434],[27.2975,31.3362],[26.9303,31.4411],[25.248,31.4647],[25.102,31.5933],[25.1097,31.7462],[24.8925,31.9789],[24.1294,31.9789],[23.6803,32.1717],[23.3122,32.1627],[23.0806,32.3341],[23.0894,32.6216],[21.99,32.9134],[21.8067,32.9133],[21.4117,32.7502],[21.0578,32.7736],[20.8712,32.6216],[20.7962,32.6428],[20.6898,32.6041],[20.7159,32.5574],[20.563,32.5574],[20.482,32.4288],[20.417,32.4565],[20.3255,32.4098],[20.2461,32.236],[20.0715,32.1764],[19.9961,31.5933],[20.2143,31.2719],[20.1467,31.1636],[20.2021,30.8863],[19.9682,30.6935],[19.9643,30.565],[19.655,30.3722],[19.272,30.2436],[18.8944,30.3079],[18.812,30.0508]],[[24.6883,30.1442],[24.6887,30.1828],[24.6967,30.127],[24.6883,30.1442]],[[24.6887,30.1828],[24.7629,30.3171],[24.767,30.3214],[24.6887,30.1828]],[[34.9635,29.5941],[34.967,29.6081],[34.9898,29.652],[34.9635,29.5941]],[[35.4529,31.4008],[35.4585,31.4916],[35.4587,31.4916],[35.4593,31.4958],[35.4529,31.4008]],[[35.552,32.3679],[35.5533,32.3691],[35.5656,32.3134],[35.552,32.3679]],[[35.5568,32.3724],[35.5594,32.3748],[35.5656,32.3679],[35.5568,32.3724]],[[35.5585,32.5191],[35.5614,32.5192],[35.5674,32.5102],[35.5585,32.5191]],[[35.5594,32.4704],[35.5626,32.4747],[35.5725,32.4567],[35.5594,32.4704]],[[35.5688,32.4829],[35.5778,32.4948],[35.58,32.4915],[35.5688,32.4829]],[[35.7716,32.7467],[35.7749,32.7473],[35.7882,32.7344],[35.7716,32.7467]],[[36.2318,33.8525],[36.3178,33.8272],[36.3006,33.8287],[36.2318,33.8525]],[[36.2672,33.9104],[36.2886,33.9465],[36.2691,33.9073],[36.2672,33.9104]],[[36.2699,33.906],[36.3111,33.872],[36.2753,33.8972],[36.2699,33.906]],[[36.6665,36.2657],[36.6691,36.2599],[36.6681,36.2532],[36.6665,36.2657]]],[[[19.7578,39.6436],[19.9065,39.5814],[19.8416,39.7042],[19.947,39.7729],[19.7637,39.7729],[19.7578,39.6436]]],[[[22.833,38.8227],[22.9818,38.845],[22.9564,38.878],[23.0202,38.9214],[22.833,38.8227]]],[[[23.0356,36.6926],[23.0463,36.6833],[23.0517,36.6872],[23.0498,36.6926],[23.0356,36.6926]]],[[[23.0365,38.9279],[23.3318,38.8034],[23.4651,38.8569],[23.2006,39.0093],[23.0365,38.9279]]],[[[23.3122,37.6174],[23.3406,37.6003],[23.3536,37.5821],[23.3442,37.6327],[23.3122,37.6174]]],[[[23.4014,37.3193],[23.4024,37.3193],[23.4023,37.3198],[23.4014,37.3193]]],[[[23.5634,38.7389],[23.6355,38.5286],[23.594,38.4534],[23.6492,38.4057],[24.0422,38.4015],[24.0669,38.351],[24.0254,38.3305],[24.1617,38.2698],[24.1789,38.5451],[24.0302,38.6743],[23.5634,38.7389]]],[[[24.1275,38.2224],[24.1447,38.2224],[24.1426,38.227],[24.157,38.2296],[24.1591,38.2287],[24.1614,38.2661],[24.1311,38.2358],[24.1275,38.2224]]],[[[26.2318,40.0656],[26.3758,40.1535],[26.3456,40.1998],[26.6167,40.3595],[26.6839,40.4849],[26.2723,40.2906],[26.2318,40.0656]]],[[[27.5815,37.1982],[27.5831,37.1912],[27.5877,37.1988],[27.5815,37.1982]]],[[[29.1009,44.7773],[29.1052,44.7773],[29.1056,44.7806],[29.1009,44.7773]]],[[[30.1795,31.2714],[30.1849,31.2719],[30.1795,31.2719],[30.1795,31.2714]]],[[[30.2409,31.2653],[30.2648,31.2719],[30.2479,31.2719],[30.2409,31.2653]]],[[[30.9691,31.5785],[30.9739,31.5799],[30.9739,31.5867],[30.9695,31.5854],[30.9691,31.5785]]],[[[30.978,31.5843],[31.119,31.5305],[31.1608,31.5935],[30.978,31.5843]]],[[[33.9551,26.79],[34.0036,26.7082],[34.0029,26.7316],[33.9756,26.79],[33.9551,26.79]]],[[[14.2616,44.6158],[14.2712,44.6125],[14.2619,44.6282],[14.2616,44.6158]]],[[[14.2625,44.6582],[14.2742,44.6617],[14.2804,44.6776],[14.2658,44.6795],[14.2629,44.6771],[14.2625,44.6582]]],[[[14.2925,44.9403],[14.4279,44.6566],[14.5047,44.6191],[14.4592,44.9154],[14.2925,44.9403]]],[[[14.3358,44.7168],[14.363,44.5734],[14.5024,44.516],[14.3358,44.7168]]],[[[32.2717,35.0728],[32.3294,34.8864],[32.459,34.7219],[32.7099,34.6458],[32.9136,34.6567],[32.9425,34.5794],[33.0303,34.5685],[33.0156,34.6344],[33.0864,34.6948],[33.2601,34.7005],[33.5917,34.8203],[33.7015,34.9729],[34.0685,34.9979],[33.9431,35.0653],[34.0123,35.0638],[33.8999,35.1645],[33.9121,35.26],[34.5384,35.671],[33.6603,35.3593],[33.4275,35.3289],[32.9231,35.3871],[32.9294,35.233],[32.8652,35.157],[32.6897,35.1839],[32.4138,35.043],[32.2717,35.0728]],[[33.7592,34.9887],[33.7911,34.9824],[33.7874,34.98],[33.7592,34.9887]],[[32.712,35.1731],[32.7315,35.1432],[32.7127,35.1634],[32.712,35.1731]],[[33.4666,35.0051],[33.4675,35.0126],[33.4768,35.0027],[33.4666,35.0051]],[[33.6195,35.0168],[33.7115,34.9856],[33.7029,34.9879],[33.6195,35.0168]],[[33.6794,35.0349],[33.7022,35.0223],[33.6794,35.0339],[33.6794,35.0349]],[[33.6966,35.009],[33.7022,35.0223],[33.7002,35.0067],[33.6966,35.009]],[[33.8412,35.0511],[33.8801,35.0731],[33.8551,35.0534],[33.8412,35.0511]]],[[[27.708,36.1688],[27.7519,35.905],[27.9934,36.062],[28.0896,36.0551],[28.0617,36.1165],[28.1634,36.2377],[28.2311,36.4498],[27.8997,36.3402],[27.708,36.1688]]],[[[26.9177,36.7161],[27.1854,36.8037],[27.1442,36.8811],[26.9177,36.7161]]],[[[25.3418,37.083],[25.3936,36.9971],[25.5644,36.9971],[25.5727,37.126],[25.3418,37.083]]],[[[24.9955,37.6789],[25.1255,37.5559],[25.216,37.5329],[25.2593,37.59],[24.9955,37.6789]]],[[[25.99,37.5165],[26.2306,37.5714],[26.312,37.6796],[26.0742,37.6379],[25.99,37.5165]]],[[[25.8407,38.5224],[25.989,38.3793],[25.9644,38.3026],[25.885,38.2794],[25.8898,38.2206],[26.0115,38.1578],[26.1121,38.2226],[26.1636,38.5428],[26.0159,38.602],[25.8696,38.5831],[25.8407,38.5224]]],[[[25.8359,39.1822],[26.1021,39.1115],[26.2256,39.2076],[26.2935,39.1772],[26.1002,39.0858],[26.1657,39.0224],[26.5471,38.9879],[26.437,39.1035],[26.4893,39.1137],[26.5394,39.0194],[26.61,39.0229],[26.5397,39.166],[26.3822,39.2771],[26.4074,39.3347],[26.1658,39.3681],[26.0606,39.2895],[25.9226,39.2911],[25.8359,39.1822]]],[[[25.0447,39.9853],[25.047,39.8376],[25.2043,39.8376],[25.2388,39.9195],[25.2798,39.8891],[25.2388,39.8581],[25.3551,39.8376],[25.348,39.9064],[25.4499,39.9884],[25.4377,40.0317],[25.2852,39.9534],[25.2251,40.0089],[25.0447,39.9853]]],[[[25.7052,40.1144],[26.0122,40.1666],[25.9631,40.1571],[25.926,40.2428],[25.759,40.2067],[25.7052,40.1144]]],[[[32.6053,45.4968],[33.6101,45.1042],[33.6092,44.8717],[33.5151,44.6466],[33.5715,44.6206],[33.4767,44.6099],[33.5086,44.4953],[33.6249,44.4507],[33.7638,44.4507],[34.5385,44.7773],[34.5478,44.8426],[35.2971,44.9734],[35.4267,45.3004],[35.0199,45.3004],[34.9864,45.6278],[34.7419,45.6278],[34.5978,45.7588],[34.6167,45.8898],[34.3812,45.9554],[34.3184,46.0865],[33.737,46.0209],[33.7271,45.9501],[33.777,45.9296],[33.722,45.9136],[33.7096,45.8243],[32.6053,45.4968]]]]}},{"type":"Feature","properties":{"relationId":"cliopatria-relation-a8d347c645e2","name":"(Allegiance of Ostrogothic Kingdom to Eastern Roman Empire)","name_ko":"동고트 왕국–동로마 제국 충성·복속 관계","relationKind":"allegiance","relation_kind_ko":"충성·복속 관계","actor_ids":"cliopatria-q583038-7d984a97b7;cliopatria-q12544-03f6c8deaf","actor_names_ko":"동고트 왕국;동로마 제국","color":"#e7b763","startYear":534,"endYear":535,"source_name":"Cliopatria v0.2.0","source_url":"https://github.com/Seshat-Global-History-Databank/cliopatria","license":"CC BY 4.0","attribution":"Seshat Global History Databank, Cliopatria contributors"},"geometry":{"type":"MultiPolygon","coordinates":[[[[0.759,36.3415],[0.7669,36.1596],[0.922,36.1596],[1.005,36.0308],[1.1547,36.1596],[2.008,36.1596],[2.0031,36.2884],[2.3159,36.224],[2.7747,36.4172],[5.6494,36.3528],[5.8795,36.4816],[6.3468,36.4172],[6.422,36.546],[6.8893,36.4816],[6.9647,36.6105],[7.5865,36.6105],[7.9024,36.224],[7.8282,35.9664],[7.9057,35.9664],[7.9114,35.5158],[7.9888,35.5158],[7.9942,35.0653],[8.2286,34.8079],[8.4594,34.8723],[8.8462,34.7436],[8.9263,34.3577],[9.0033,34.3577],[8.9288,34.0361],[9.0826,34.0361],[9.3159,33.5859],[9.6236,33.4574],[9.5475,33.3288],[9.625,33.1359],[10.0848,33.1359],[10.0086,33.0073],[10.3916,33.0073],[11.1572,32.6859],[11.3099,32.4931],[11.4629,32.5574],[11.539,32.4288],[11.7684,32.4288],[11.7679,32.3002],[12.4559,32.3645],[13.0667,32.3002],[13.0657,32.1717],[13.2953,32.236],[13.8286,32.1074],[14.5861,31.6575],[14.5844,31.529],[15.1873,31.0791],[15.1845,30.8863],[15.4896,30.9506],[16.7012,30.6935],[18.2813,30.0508],[19.1911,30.0508],[20.9516,30.565],[21.9388,30.565],[22.7667,30.3722],[22.7618,30.2436],[22.916,30.3079],[23.5101,29.9865],[24.26,29.7937],[24.3304,29.6652],[24.7792,29.5366],[24.8467,29.3438],[25.0008,29.4081],[25.1465,29.2795],[25.3735,29.2795],[25.5863,28.9581],[27.1401,28.251],[27.285,28.1224],[27.2763,27.9295],[27.4299,27.9938],[27.792,27.6724],[27.7109,27.5438],[27.9367,27.5438],[28.1537,27.3509],[28.2702,26.5794],[28.3453,26.5794],[28.2437,25.9365],[28.2886,25.165],[28.5688,24.6506],[29.6728,24.2006],[29.9595,23.8792],[30.1087,23.8792],[30.104,23.7506],[30.3952,23.5577],[30.4627,23.3649],[31.6705,23.7506],[32.0409,23.6863],[33.389,23.8149],[33.7564,23.6863],[35.108,23.8792],[35.4808,23.8253],[35.5139,23.9771],[35.7925,23.9023],[35.7386,23.9833],[35.4938,24.1089],[35.3919,24.2828],[35.1446,24.5002],[35.1603,24.5746],[34.5466,25.725],[34.3387,26.0018],[34.014,26.6116],[33.9414,26.6535],[33.9961,26.8966],[33.8368,27.1208],[33.8384,27.2426],[33.6917,27.3419],[33.4963,27.6466],[33.5877,27.651],[33.5579,27.7599],[33.4735,27.8232],[33.5921,27.7912],[33.5544,27.8965],[33.2494,28.1429],[33.0029,28.4895],[32.8689,28.5789],[32.8069,28.7781],[32.6255,28.9727],[32.6528,29.081],[32.5623,29.3863],[32.3377,29.5925],[32.3639,29.6882],[32.5095,29.8668],[32.4769,29.9322],[32.5715,29.9426],[32.5778,30.0114],[32.6045,29.8242],[32.6907,29.7336],[32.7239,29.4705],[32.8172,29.414],[32.8856,29.2431],[33.1779,28.9896],[33.2287,28.5694],[33.5538,28.3153],[33.7634,28.024],[34.0785,27.8007],[34.2631,27.7367],[34.2141,27.7915],[34.4281,27.9859],[34.4553,28.1749],[34.4102,28.32],[34.6245,28.736],[34.7366,29.3113],[34.9572,29.569],[34.9817,29.4804],[36.3193,30.8863],[36.2765,31.2719],[36.3526,31.2719],[36.4919,31.9789],[36.5682,31.9789],[36.5155,32.236],[36.5919,32.236],[36.8119,32.943],[37.0605,33.1359],[37.0732,33.2645],[37.9902,33.9718],[39.1238,34.4863],[39.509,34.4863],[40.1029,34.2933],[40.6181,34.7436],[40.7723,34.7436],[41.1122,35.001],[41.0863,36.0308],[41.6626,36.2884],[41.6796,36.4172],[41.5328,36.4816],[41.5498,36.6105],[41.2124,36.9971],[41.1282,38.0933],[40.9115,38.2224],[40.9479,38.4806],[40.8695,38.4806],[40.9663,38.6097],[40.9817,39.2557],[41.2566,39.5143],[41.326,39.967],[41.4839,39.967],[41.6725,40.1612],[41.7035,40.3554],[41.3598,40.6792],[41.5348,41.2625],[41.8061,41.4571],[41.8392,41.6518],[41.7097,41.7085],[41.5674,41.4571],[41.4471,41.4571],[41.3071,41.3274],[40.5393,41.0032],[40.4492,41.0425],[40.3703,40.9384],[39.7355,40.9384],[39.1683,41.0797],[38.9208,41.0382],[38.7834,40.9384],[38.2977,40.8736],[38.2217,40.9441],[38.0253,40.9769],[37.8312,40.9384],[37.7706,41.068],[37.2147,41.068],[37.226,41.1475],[37.0651,41.1328],[36.7748,41.3274],[36.451,41.2404],[36.2092,41.2625],[35.9561,41.7127],[35.9227,41.6462],[35.9457,41.7167],[35.5767,41.6297],[35.157,41.7167],[35.0921,41.928],[35.123,42.0248],[35.0615,42.0413],[34.9178,42.0413],[34.7845,41.9114],[33.2771,41.9764],[32.6675,41.8369],[32.6947,41.7816],[31.4983,41.352],[31.3928,41.1884],[31.1801,41.068],[30.6242,41.068],[30.53,41.1522],[30.3513,41.1922],[30.1369,41.1438],[29.0894,41.1382],[29.0524,41.068],[29.1156,41.068],[29.1034,40.9447],[29.2639,40.8698],[29.2949,40.8388],[29.2546,40.8108],[29.493,40.8736],[29.4438,40.7766],[29.9393,40.7351],[29.5599,40.6911],[29.4906,40.7272],[28.9422,40.6184],[28.9156,40.4714],[29.1515,40.4341],[29.0463,40.3554],[27.9388,40.3554],[27.904,40.3999],[27.9505,40.4849],[27.7921,40.4849],[27.7918,40.3929],[27.8836,40.3863],[27.6958,40.2906],[27.5376,40.2906],[27.2948,40.4059],[26.6819,40.3561],[26.408,40.1937],[26.311,40.0195],[26.2205,40.0029],[26.1325,39.5143],[26.9377,39.5748],[26.9299,39.4877],[26.801,39.4335],[26.7422,39.2557],[26.8945,39.1911],[26.8793,38.9972],[26.9579,38.9972],[26.9399,38.9327],[27.0413,38.9401],[27.0627,38.8869],[26.9084,38.8204],[26.9314,38.7551],[26.8495,38.6097],[27.0798,38.5451],[27.0728,38.4537],[27.1642,38.4466],[27.0694,38.4094],[27.065,38.3515],[26.6762,38.3515],[26.6731,38.3072],[26.595,38.3515],[26.5358,38.6097],[26.3895,38.6719],[26.4058,38.4535],[26.513,38.4329],[26.4515,38.4261],[26.4289,38.2224],[26.8203,38.2224],[26.889,38.0933],[27.2753,38.0288],[27.2559,37.7707],[27.1794,37.6106],[27.31,37.4483],[27.2461,37.3362],[27.4072,37.4127],[27.4385,37.3908],[27.3921,37.3538],[27.5392,37.3838],[27.5644,37.2735],[27.616,37.2747],[27.598,37.126],[28.0653,37.126],[28.1313,37.0363],[28.3294,37.0368],[28.2124,37.0004],[28.1653,36.9116],[28.1034,36.9353],[28.0583,36.7721],[28.1184,36.8006],[28.1305,36.754],[28.0314,36.6749],[28.1961,36.6854],[28.2572,36.8462],[28.315,36.8291],[28.2934,36.7959],[28.452,36.8836],[28.5905,36.8682],[28.7361,36.7393],[29.1249,36.7393],[29.2163,36.3291],[29.3496,36.2326],[29.4116,36.2674],[29.4666,36.224],[29.938,36.224],[30.0261,36.3528],[30.4919,36.3528],[30.6191,36.9326],[31.086,36.9326],[32.0681,36.6105],[32.4985,36.224],[32.5369,36.1],[32.733,36.0376],[33.2744,36.224],[33.8711,36.3149],[33.9791,36.2884],[34.2507,36.6749],[34.5816,36.8682],[34.8929,36.8682],[34.9352,36.726],[35.1127,36.7393],[35.3323,36.6105],[35.4875,36.6105],[35.8336,36.9326],[36.1449,36.9326],[36.2862,36.8037],[36.2649,36.6105],[35.8417,36.2884],[35.9901,36.224],[35.9767,36.001],[35.8449,35.5802],[35.9929,35.5158],[35.9153,35.2879],[35.9624,35.1979],[35.927,34.8723],[36.0682,34.7436],[36.0488,34.5506],[35.7921,34.2933],[35.6652,34.3113],[35.6838,33.9718],[35.4705,33.9021],[35.4993,33.6502],[35.3944,33.65],[35.3984,33.3931],[35.2154,33.0716],[35.089,33.0205],[35.0218,32.6216],[34.8851,32.4821],[34.7926,32.161],[34.813,31.9789],[34.6909,31.9134],[34.6028,31.7558],[34.6334,31.6575],[34.3076,31.4005],[34.2972,31.2719],[33.7493,31.0791],[32.8317,31.0148],[32.8055,31.0655],[32.6665,31.0523],[32.7907,31.0941],[32.6016,31.061],[32.3894,31.2076],[32.2944,31.2076],[32.3039,31.0791],[32.1065,31.0534],[31.9996,31.0791],[31.9063,31.2516],[31.7806,31.2076],[31.8077,31.2812],[31.7691,31.2988],[31.8741,31.4647],[31.2658,31.4647],[31.1215,31.5275],[31.0291,31.5185],[30.9807,31.4365],[30.7985,31.4465],[30.7344,31.3881],[30.5427,31.395],[30.6916,31.4647],[30.352,31.4647],[30.3019,31.3422],[30.3388,31.2719],[30.2887,31.2379],[29.9904,31.2719],[29.8315,31.1513],[29.8696,31.0791],[29.6332,30.9506],[29.5543,30.9848],[29.4481,30.9336],[29.3971,30.822],[28.865,30.822],[28.4964,31.0148],[27.5149,31.1434],[27.2975,31.3362],[26.9303,31.4411],[25.248,31.4647],[25.102,31.5933],[25.1097,31.7462],[24.8925,31.9789],[24.1294,31.9789],[23.6803,32.1717],[23.3122,32.1627],[23.0806,32.3341],[23.0894,32.6216],[21.99,32.9134],[21.8067,32.9133],[21.4117,32.7502],[21.0578,32.7736],[20.8712,32.6216],[20.7962,32.6428],[20.6898,32.6041],[20.7159,32.5574],[20.563,32.5574],[20.482,32.4288],[20.417,32.4565],[20.3255,32.4098],[20.2461,32.236],[20.0715,32.1764],[19.9961,31.5933],[20.2143,31.2719],[20.1467,31.1636],[20.2021,30.8863],[19.9682,30.6935],[19.9643,30.565],[19.655,30.3722],[18.9686,30.2436],[18.787,30.3722],[18.5925,30.3722],[18.2175,30.7602],[17.8486,30.9237],[16.8136,31.2076],[16.1786,31.2076],[15.649,31.4005],[15.5323,31.6118],[15.4246,31.6575],[15.2823,32.3002],[15.0825,32.4133],[14.4444,32.4931],[14.0979,32.7281],[13.4537,32.8145],[13.2571,32.9186],[12.8413,32.8085],[12.8408,32.7502],[12.229,32.8145],[11.4544,33.2002],[11.1578,33.2002],[11.0798,33.5856],[10.7381,33.478],[10.584,33.6644],[10.2368,33.7146],[10.0058,33.9075],[10.0052,34.1706],[10.0661,34.242],[10.0045,34.2933],[10.543,34.5506],[10.8512,34.8079],[10.8512,34.9366],[10.9844,34.9994],[11.055,35.1404],[11.0057,35.3871],[11.0831,35.5073],[11.0161,35.5802],[10.9284,35.5802],[10.839,35.7683],[10.6962,35.7089],[10.4635,35.902],[10.5349,36.3573],[10.4625,36.4172],[11.0062,36.8037],[11.0063,36.9971],[10.5187,36.7558],[10.3553,36.7312],[10.1885,36.7976],[10.2685,36.9378],[10.1824,37.027],[10.2271,37.1177],[10.1281,37.1587],[10.2272,37.1949],[9.925,37.213],[9.8159,37.1518],[9.7718,37.2133],[9.8157,37.2491],[9.6158,37.3151],[9.0595,37.0615],[8.9723,37.0975],[8.8244,36.9795],[8.6443,36.9535],[8.5164,36.8682],[7.7383,36.8682],[7.4902,37.055],[7.3979,37.0615],[7.3463,37.0615],[7.1937,36.8682],[6.8047,36.8682],[6.3339,37.0615],[6.2357,36.9212],[6.1043,36.8741],[6.1058,36.8037],[5.5581,36.7337],[5.3044,36.643],[5.0978,36.6749],[4.8595,36.8682],[4.262,36.9116],[3.85,36.8037],[3.664,36.8344],[3.2299,36.7393],[2.8411,36.7393],[2.6008,36.5963],[2.3516,36.6383],[1.5296,36.4816],[1.197,36.5118],[1.144,36.4172],[0.759,36.3415]],[[24.6883,30.1442],[24.6887,30.1828],[24.6967,30.127],[24.6883,30.1442]],[[24.6887,30.1828],[24.7629,30.3171],[24.767,30.3214],[24.6887,30.1828]],[[34.9635,29.5941],[34.967,29.6081],[34.9898,29.652],[34.9635,29.5941]],[[35.4529,31.4008],[35.4585,31.4916],[35.4587,31.4916],[35.4593,31.4958],[35.4529,31.4008]],[[35.552,32.3679],[35.5533,32.3691],[35.5656,32.3134],[35.552,32.3679]],[[35.5568,32.3724],[35.5594,32.3748],[35.5656,32.3679],[35.5568,32.3724]],[[35.5585,32.5191],[35.5614,32.5192],[35.5674,32.5102],[35.5585,32.5191]],[[35.5594,32.4704],[35.5626,32.4747],[35.5725,32.4567],[35.5594,32.4704]],[[35.5688,32.4829],[35.5778,32.4948],[35.58,32.4915],[35.5688,32.4829]],[[35.7716,32.7467],[35.7749,32.7473],[35.7882,32.7344],[35.7716,32.7467]],[[36.2318,33.8525],[36.3178,33.8272],[36.3006,33.8287],[36.2318,33.8525]],[[36.2672,33.9104],[36.2886,33.9465],[36.2691,33.9073],[36.2672,33.9104]],[[36.2699,33.906],[36.3111,33.872],[36.2753,33.8972],[36.2699,33.906]],[[36.6665,36.2657],[36.6691,36.2599],[36.6681,36.2532],[36.6665,36.2657]]],[[[4.0925,43.6027],[4.173,43.6027],[4.1778,43.4723],[4.7288,43.4723],[4.6946,43.5791],[4.7424,43.4723],[5.0524,43.4723],[5.0291,43.5586],[5.14,43.4858],[5.2228,43.504],[5.1969,43.4454],[5.3869,43.4072],[5.3908,43.2769],[5.6319,43.2769],[5.7962,43.1467],[6.2782,43.1467],[6.5176,43.2118],[6.6726,43.4723],[6.9985,43.5442],[7.1502,43.733],[8.0339,43.9286],[8.1916,44.1896],[8.5925,44.4507],[9.1591,44.4507],[9.7274,44.1243],[9.9697,44.1243],[9.9627,44.0447],[10.1314,44.0591],[10.3742,43.6678],[10.5391,43.0796],[11.0163,42.8213],[11.0159,42.6629],[11.176,42.6262],[11.2552,42.4312],[11.4152,42.4312],[11.569,42.3314],[11.6548,42.3662],[11.8128,42.1063],[12.1317,42.0413],[12.1305,41.9131],[13,41.3274],[13.7145,41.2625],[13.862,41.1328],[13.9506,41.1328],[14.1046,40.8736],[14.4219,40.8736],[14.4194,40.7517],[14.4741,40.7297],[14.4363,40.6792],[14.8934,40.6792],[15.0414,40.2259],[15.1995,40.2259],[15.4319,40.0317],[15.5349,40.0778],[15.7478,40.0317],[15.7136,39.978],[15.7736,39.8424],[15.8989,39.7729],[16.1165,39.0618],[16.2703,38.9326],[16.2652,38.7389],[15.9497,38.6743],[15.8621,38.2869],[15.6328,38.2203],[15.6982,37.9643],[15.9328,37.9643],[16.4919,38.416],[16.5024,38.8034],[17.1383,39.0618],[17.0697,39.385],[16.9162,39.5143],[16.4473,39.6436],[16.4567,39.967],[16.6769,40.1511],[16.6245,40.2906],[16.777,40.2906],[16.9137,40.4464],[16.868,40.4849],[17.0285,40.5496],[17.3452,40.5496],[17.4175,40.3554],[17.8131,40.3554],[18.1122,39.9023],[18.3489,39.9023],[18.4381,40.1612],[17.9812,40.6144],[17.5107,40.744],[17.2027,41.0032],[15.9439,41.3922],[15.8738,41.7167],[16.1149,41.7816],[16.1189,41.9114],[15.2414,41.9114],[14.7659,42.0413],[14.7178,42.1506],[14.6077,42.1063],[14.0565,42.4962],[13.9014,42.7563],[13.9329,42.8295],[13.8625,43.0186],[13.7471,43.0816],[13.6726,43.4072],[13.3874,43.6413],[13.0338,43.733],[13.019,43.8567],[12.8734,43.7982],[12.313,44.1896],[12.1537,44.4507],[12.1572,44.8426],[12.4001,44.7989],[12.4026,45.0388],[12.3688,45.011],[12.16,45.1696],[12.1628,45.4968],[12.6522,45.5623],[12.8168,45.6933],[13.0658,45.6401],[13.1448,45.8243],[13.7149,45.7588],[13.7393,45.6491],[13.8081,45.6143],[13.7119,45.5933],[13.7529,45.5529],[13.7102,45.4968],[13.5473,45.4968],[13.5448,45.3427],[13.7056,45.235],[13.8032,44.908],[13.9432,44.908],[13.9457,45.0388],[14.1552,45.0388],[14.1962,45.3659],[14.6031,45.3659],[14.576,45.2623],[14.8528,45.0937],[14.9187,44.9734],[14.9113,44.6789],[15.308,44.3544],[15.5287,44.2718],[15.2612,44.3326],[15.2953,44.2507],[15.1981,44.3017],[15.1765,44.25],[15.2129,44.131],[15.4591,43.9938],[15.4551,43.928],[15.6186,43.9286],[15.6954,43.7982],[15.8566,43.7982],[16.0117,43.6027],[15.9595,43.504],[16.5754,43.6027],[16.7342,43.5375],[16.7302,43.4247],[17.0513,43.4072],[17.1139,43.2132],[17.2058,43.1691],[17.3654,43.2118],[17.3606,43.0893],[17.4336,43.0174],[17.502,43.031],[17.5156,42.9589],[17.6632,42.8864],[17.8339,42.8864],[18.2191,42.5984],[18.6286,42.4482],[18.6873,42.4829],[18.7063,42.4197],[18.852,42.3662],[18.9259,42.2362],[19.0058,42.2362],[19.0027,42.1712],[19.4246,41.8666],[19.5916,41.8188],[19.5576,41.6605],[19.613,41.6053],[19.4715,41.5823],[19.5297,41.522],[19.4438,41.3922],[19.5233,41.3922],[19.4555,41.1485],[19.5234,40.9206],[19.3688,40.8022],[19.3044,40.6531],[19.4863,40.6144],[19.4714,40.2906],[19.6295,40.2906],[20.0094,39.967],[19.9876,39.7083],[20.155,39.7083],[20.2972,39.385],[20.9538,39.0342],[21.0584,39.009],[21.0852,39.0629],[21.1599,38.9977],[21.1774,38.876],[21.1023,38.9108],[21.0852,38.8643],[21.0274,38.9326],[20.8599,38.9605],[20.7414,38.8034],[20.9737,38.7389],[21.1933,38.416],[21.3376,38.3989],[21.3225,38.4963],[21.4224,38.3889],[21.7625,38.3284],[21.8312,38.3967],[21.9876,38.4106],[22.1892,38.3231],[22.3823,38.3427],[22.4016,38.4534],[22.5625,38.2935],[22.6465,38.39],[22.8057,38.227],[23.2234,38.1592],[23.1729,38.0795],[22.8755,38.0493],[22.9754,37.979],[22.8672,37.9395],[22.6804,38.0666],[21.8495,38.3413],[21.7333,38.2514],[21.7286,38.1578],[21.4156,38.1578],[21.2436,37.8352],[21.6966,37.5128],[21.6958,37.3164],[21.6031,37.1904],[21.681,37.1904],[21.7435,36.8682],[21.8992,36.8682],[21.9085,37.0615],[22.22,37.0615],[22.3757,36.6749],[22.5118,36.6749],[22.5994,36.8682],[22.8328,36.8682],[23.0332,36.6946],[22.8532,37.2549],[22.7007,37.3193],[22.7144,37.5773],[22.9486,37.5773],[23.1756,37.4483],[23.1685,37.3193],[23.278,37.3498],[23.2302,37.3846],[23.3849,37.4134],[23.36,37.5475],[23.1083,37.6417],[23.0151,37.9252],[23.2044,37.963],[23.2082,38.0288],[23.5746,38.0468],[23.5597,37.9866],[23.9786,37.8352],[24.0361,38.2224],[23.6729,38.3564],[23.5929,38.4806],[23.3126,38.4806],[23.1826,38.6538],[23.1045,38.6384],[22.9149,38.7756],[22.5251,38.8581],[22.6216,38.9145],[22.792,38.878],[23.0731,39.0363],[22.9639,39.009],[22.9981,39.0698],[22.9516,39.1238],[22.7973,39.0618],[22.8163,39.385],[23.1318,39.4489],[22.6109,39.9023],[22.6497,39.9853],[22.5437,40.0964],[22.5716,40.5496],[22.9105,40.6446],[22.9832,40.5527],[22.9265,40.5153],[22.9592,40.4201],[23.7374,40.2259],[23.6936,40.3092],[23.7777,40.3548],[23.8386,40.5496],[23.6846,40.6144],[23.698,40.8088],[24.0106,40.744],[24.3466,41.0032],[25.1384,41.0101],[25.1358,40.9692],[25.8495,40.9384],[26.0822,40.8736],[26.1403,40.6144],[26.5472,40.744],[26.621,40.6792],[26.9324,40.6144],[26.7685,40.5496],[26.8466,40.5165],[26.9576,40.5584],[27.0172,40.6792],[27.5275,41.068],[29.0429,41.068],[29.0645,41.1371],[28.9631,41.1328],[28.975,41.2529],[28.5053,41.3274],[28.0814,41.6518],[27.9794,41.6518],[27.937,42.0413],[27.4529,42.4801],[27.5135,42.6262],[27.8466,42.7563],[27.8049,43.1467],[27.8982,43.2769],[28.0607,43.3092],[28.1925,43.4078],[28.1592,43.4723],[28.4811,43.4723],[28.6163,43.9938],[28.5356,43.9938],[28.5769,44.3854],[28.7612,44.5223],[28.7578,44.6268],[28.8362,44.6268],[28.784,44.6492],[28.8257,44.7332],[28.802,44.9734],[29.0583,45.001],[29.1106,44.97],[29.0521,44.9446],[29.0441,44.8655],[29.0603,44.8323],[29.0964,44.8751],[29.1387,44.8072],[29.5253,44.908],[29.6659,45.4313],[29.1847,45.4968],[28.7561,45.3004],[28.4307,45.3004],[28.275,45.3659],[28.2376,45.4521],[28.2814,45.4265],[28.2888,45.4968],[28.0513,45.5623],[28.0376,45.4313],[27.7867,45.3659],[27.7666,45.1696],[27.9224,45.1042],[27.8888,44.7773],[27.7266,44.7773],[27.7067,44.5813],[27.8687,44.5813],[27.8488,44.3854],[27.9297,44.3854],[27.7481,44.1896],[26.3682,44.1243],[25.5205,43.6678],[24.8062,43.7982],[24.0754,43.733],[23.9244,43.8634],[23.3647,43.9286],[23.1937,43.7982],[22.9518,43.7982],[22.8479,43.4723],[22.6019,43.4072],[22.3784,43.6678],[22.0605,43.733],[21.5214,44.1243],[20.887,44.3201],[20.6559,44.516],[20.1628,44.3854],[20.0965,44.6466],[19.9344,44.6466],[19.6242,44.908],[19.1406,44.9734],[19.2384,45.3004],[18.9976,45.3659],[19.0041,45.4968],[18.9227,45.4968],[18.7788,45.8898],[18.8604,45.8898],[18.8283,45.9057],[19.0501,46.4145],[18.8141,46.6115],[18.8337,47.0058],[19.0837,47.0716],[19.1833,47.4006],[19.2657,47.4006],[19.2692,47.4665],[18.9496,47.6641],[18.9565,47.7959],[18.798,47.9278],[18.626,47.7959],[17.6346,47.7959],[17.169,48.0123],[17.0856,47.9701],[17.1672,48.0131],[17.0669,48.0597],[17.0723,48.1917],[16.9895,48.1917],[16.9921,48.2578],[16.8238,48.1917],[16.8264,48.2578],[14.2576,48.2578],[13.7642,48.4559],[13.6838,48.5881],[12.9383,48.7204],[12.1113,49.1838],[11.694,49.1175],[11.6099,48.9851],[10.1134,48.4559],[9.9508,47.8619],[9.8681,47.8619],[9.9519,47.6641],[9.5414,47.4006],[9.6056,47.0567],[9.6691,47.0562],[9.6061,47.054],[9.6274,46.9401],[9.3833,46.6772],[9.3044,46.3489],[8.1593,46.2833],[8.0808,46.0865],[7.9833,45.9988],[7.7588,45.8243],[7.5956,45.8243],[7.3576,45.4968],[7.1147,45.4313],[7.0377,45.235],[6.7156,45.1042],[6.3093,45.1042],[6.3162,44.8426],[5.9143,44.7119],[5.7579,44.516],[5.0291,44.516],[4.9526,44.3854],[4.7076,44.4507],[4.7099,44.3854],[4.629,44.3854],[4.6336,44.2548],[4.2367,44.0591],[4.0925,43.6027]],[[6.8661,44.3721],[6.8772,44.4144],[6.8703,44.3667],[6.8661,44.3721]],[[6.9799,44.2461],[6.9887,44.2416],[6.9828,44.2417],[6.9799,44.2461]],[[6.9828,44.847],[7.0049,44.828],[7.0043,44.8249],[6.9828,44.847]],[[7.3093,44.1475],[7.339,44.1249],[7.331,44.1253],[7.3093,44.1475]],[[7.9891,46.0033],[8.0007,46.0175],[7.9984,46.0106],[7.9891,46.0033]],[[9.8486,47.5386],[9.8589,47.5413],[9.9188,47.5322],[9.8486,47.5386]],[[10.0226,47.488],[10.0718,47.4391],[10.0806,47.4274],[10.0226,47.488]],[[10.0427,46.2205],[10.1026,46.2289],[10.0757,46.22],[10.0427,46.2205]],[[10.0532,47.4049],[10.0806,47.4274],[10.076,47.4169],[10.0532,47.4049]],[[10.0924,46.3381],[10.0956,46.344],[10.0935,46.3356],[10.0924,46.3381]],[[10.0998,46.321],[10.1589,46.2624],[10.1049,46.3094],[10.0998,46.321]],[[10.1015,46.3549],[10.105,46.3614],[10.1332,46.3811],[10.1015,46.3549]],[[10.3639,46.9912],[10.3734,46.9963],[10.3758,46.9946],[10.3639,46.9912]],[[12.7389,48.1134],[12.7431,48.1158],[12.7397,48.1069],[12.7389,48.1134]],[[12.7414,48.092],[12.7486,48.0788],[12.742,48.0868],[12.7414,48.092]],[[12.7539,48.0725],[12.8306,48.0155],[12.7602,48.0649],[12.7539,48.0725]],[[13.5068,46.5469],[13.5492,46.5458],[13.607,46.5329],[13.5068,46.5469]],[[14.1499,46.4401],[14.3958,46.441],[14.3993,46.4393],[14.1499,46.4401]],[[14.412,46.4332],[14.4509,46.4145],[14.42,46.4244],[14.412,46.4332]],[[15.972,46.8206],[15.9817,46.8277],[16.0941,46.8629],[16.094,46.8628],[15.972,46.8206]],[[16.2337,46.4787],[16.2349,46.4933],[16.2509,46.405],[16.2337,46.4787]],[[16.3476,46.5436],[16.3579,46.547],[16.3517,46.5395],[16.3476,46.5436]],[[17.0386,46.169],[17.0889,46.1362],[17.0529,46.1535],[17.0386,46.169]],[[17.1069,46.1276],[17.2086,46.1166],[17.1162,46.1231],[17.1069,46.1276]],[[18.4437,42.8345],[18.4517,42.8023],[18.4446,42.8171],[18.4437,42.8345]],[[18.4598,42.7852],[18.4838,42.7525],[18.4674,42.7692],[18.4598,42.7852]],[[18.6487,45.0627],[18.6713,45.0869],[18.6766,45.086],[18.6487,45.0627]],[[18.6798,45.0855],[18.6841,45.0848],[18.7383,45.0159],[18.6798,45.0855]],[[18.8896,44.8612],[19.0158,44.8656],[19.0726,44.8767],[19.0684,44.8748],[19.005,44.8633],[18.8896,44.8612]],[[19.1228,43.5359],[19.2175,43.5328],[19.1953,43.5328],[19.1228,43.5359]],[[19.2435,44.002],[19.2728,44.0124],[19.2814,44.0115],[19.2435,44.002]],[[19.2749,42.1913],[19.4004,42.3259],[19.2764,42.1857],[19.2749,42.1913]],[[19.2803,42.1714],[19.2925,42.1577],[19.2821,42.1646],[19.2803,42.1714]],[[19.2925,44.0103],[19.3006,44.0095],[19.3646,43.9733],[19.2925,44.0103]],[[19.3074,44.2742],[19.3243,44.264],[19.3319,44.2539],[19.3074,44.2742]],[[19.3415,44.8988],[19.3532,44.899],[19.3644,44.889],[19.3415,44.8988]],[[19.3454,44.2358],[19.354,44.2243],[19.3624,44.1912],[19.3454,44.2358]],[[19.3624,44.1912],[19.4426,44.1432],[19.3812,44.1771],[19.3624,44.1912]],[[19.3696,44.8842],[19.3728,44.8814],[19.3766,44.863],[19.3696,44.8842]],[[19.4004,42.3259],[19.4027,42.352],[19.4111,42.3648],[19.4004,42.3259]],[[19.4152,42.371],[19.4172,42.3741],[19.5178,42.458],[19.4152,42.371]],[[19.5286,43.9772],[19.6008,44.0144],[19.5934,44.0056],[19.5286,43.9772]],[[19.6218,42.605],[19.676,42.6467],[19.6993,42.6548],[19.6218,42.605]],[[19.7516,42.4934],[19.792,42.4729],[19.7845,42.4746],[19.7516,42.4934]],[[19.8102,42.4687],[19.8267,42.4697],[19.8196,42.4665],[19.8102,42.4687]],[[20.0248,42.7234],[20.1039,42.6531],[20.0361,42.708],[20.0248,42.7234]],[[20.0248,42.7234],[20.0265,42.7432],[20.0332,42.7473],[20.0248,42.7234]],[[20.0392,42.5578],[20.065,42.5468],[20.1526,42.4937],[20.0392,42.5578]],[[20.1169,42.9767],[20.1946,42.9668],[20.2112,42.9599],[20.1169,42.9767]],[[20.2166,42.7983],[20.2176,42.8027],[20.2226,42.8037],[20.2166,42.7983]],[[20.249,39.6848],[20.2875,39.7112],[20.2827,39.7044],[20.249,39.6848]],[[20.3334,42.3179],[20.457,42.2505],[20.4741,42.2352],[20.3334,42.3179]],[[20.4862,42.2243],[20.5008,42.2112],[20.5203,42.1761],[20.4862,42.2243]],[[20.5405,42.1396],[20.5494,42.1235],[20.5522,42.0738],[20.5405,42.1396]],[[20.6225,43.1307],[20.6279,43.1231],[20.6261,43.1237],[20.6225,43.1307]],[[20.6518,43.0704],[20.6692,43.1098],[20.6649,43.0854],[20.6518,43.0704]],[[20.6815,41.844],[20.7121,41.8605],[20.703,41.8496],[20.6815,41.844]],[[20.7596,43.2559],[20.7695,43.2608],[20.7799,43.2601],[20.7596,43.2559]],[[20.8068,43.2583],[20.8194,43.2574],[20.8276,43.2501],[20.8068,43.2583]],[[20.9579,40.5149],[20.999,40.54],[20.9815,40.5233],[20.9579,40.5149]],[[21.0152,40.5556],[21.0237,40.5888],[21.0188,40.559],[21.0152,40.5556]],[[21.0186,40.6909],[21.0353,40.6594],[21.0335,40.6487],[21.0186,40.6909]],[[21.2378,42.0974],[21.2917,42.0921],[21.2889,42.0897],[21.2378,42.0974]],[[21.295,42.149],[21.3013,42.1006],[21.2988,42.0984],[21.295,42.149]],[[21.3613,42.2182],[21.3668,42.2239],[21.3766,42.2226],[21.3613,42.2182]],[[21.5576,42.2639],[21.5717,42.2461],[21.5638,42.247],[21.5576,42.2639]],[[21.7005,42.6856],[21.7089,42.6872],[21.7191,42.684],[21.7005,42.6856]],[[22.0476,42.3045],[22.076,42.3053],[22.0609,42.3011],[22.0476,42.3045]],[[22.5088,42.4049],[22.5365,42.4784],[22.5331,42.4576],[22.5088,42.4049]],[[22.5152,42.5141],[22.5249,42.5077],[22.5365,42.4784],[22.5152,42.5141]],[[22.827,43.2814],[22.8901,43.2269],[22.8838,43.2306],[22.827,43.2814]],[[22.8815,41.3356],[22.917,41.3358],[23.1152,41.3127],[22.8815,41.3356]],[[22.9014,41.8604],[22.9427,41.7758],[22.9397,41.7767],[22.9014,41.8604]],[[22.9045,43.2186],[22.9814,43.199],[22.9155,43.2122],[22.9045,43.2186]],[[22.933,41.6123],[22.9351,41.6189],[22.9332,41.6055],[22.933,41.6123]],[[22.9334,41.595],[22.9487,41.561],[22.9337,41.5846],[22.9334,41.595]],[[22.9385,41.6299],[22.9409,41.6376],[22.9443,41.6388],[22.9385,41.6299]],[[22.967,41.647],[23.0004,41.7015],[22.9986,41.6931],[22.967,41.647]],[[24.1262,41.5294],[24.1463,41.5268],[24.1702,41.5116],[24.1262,41.5294]],[[24.1816,41.5374],[24.1963,41.547],[24.2121,41.5518],[24.1816,41.5374]],[[25.1771,41.2939],[25.2308,41.248],[25.2197,41.2497],[25.1771,41.2939]],[[26.0475,41.6746],[26.0493,41.6823],[26.055,41.6488],[26.0475,41.6746]],[[26.0522,41.6952],[26.0537,41.7015],[26.0579,41.7035],[26.0522,41.6952]],[[26.1312,41.5527],[26.1525,41.547],[26.1544,41.5437],[26.1312,41.5527]],[[26.1459,41.478],[26.1602,41.5019],[26.1593,41.4938],[26.1459,41.478]],[[26.1589,41.5362],[26.1631,41.5291],[26.1617,41.5157],[26.1589,41.5362]],[[26.2304,41.7466],[26.2344,41.7458],[26.2739,41.7149],[26.2304,41.7466]],[[26.3668,41.7112],[26.3774,41.7106],[26.4044,41.6918],[26.3668,41.7112]],[[26.5837,41.3326],[26.6097,41.3307],[26.5911,41.3293],[26.5837,41.3326]]],[[[9.8196,37.2276],[9.8612,37.2338],[9.906,37.2193],[9.842,37.2404],[9.8196,37.2276]]],[[[12.4905,37.7062],[13.192,37.5773],[13.6022,37.2505],[14.2779,37.126],[14.6723,36.7393],[15.0498,36.7393],[15.2102,36.9971],[15.2133,37.1583],[15.0592,37.2549],[15.0665,37.6417],[15.3895,38.1578],[15.5432,38.1578],[15.5865,38.2377],[14.0562,37.9643],[13.6652,37.9643],[13.3547,38.1578],[13.1199,38.1578],[13.0404,38.0288],[12.6522,38.0929],[12.4919,37.8998],[12.4905,37.7062]]],[[[14.5158,45.1042],[14.7791,45.0187],[14.6653,45.0873],[14.6653,45.1618],[14.5974,45.1664],[14.5959,45.2375],[14.5158,45.1042]]],[[[14.9089,44.5813],[14.9595,44.5396],[14.9729,44.5361],[15.0142,44.5187],[15.0073,44.5045],[15.0755,44.4841],[15.0412,44.5275],[15.0039,44.5361],[14.9663,44.5734],[14.9095,44.6068],[14.9089,44.5813]]],[[[15.0415,44.4766],[15.1597,44.3262],[15.2271,44.3264],[15.1651,44.3674],[15.2544,44.34],[15.0415,44.4766]]],[[[15.1642,44.3057],[15.1652,44.3012],[15.1724,44.2991],[15.1642,44.3057]]],[[[15.2158,44.072],[15.2187,44.0591],[15.2398,44.0534],[15.2258,44.0662],[15.2158,44.072]]],[[[15.401,43.904],[15.4461,43.8875],[15.4268,43.9221],[15.4165,43.928],[15.401,43.904]]],[[[16.7272,43.3421],[16.7959,43.3559],[16.7282,43.3691],[16.7272,43.3421]]],[[[17.3552,42.9515],[17.4376,42.9515],[17.3905,42.9777],[17.3566,42.9879],[17.3552,42.9515]]],[[[17.5079,42.7563],[17.5159,42.7684],[17.5085,42.7718],[17.5079,42.7563]]],[[[17.5119,42.8554],[17.6218,42.8864],[17.5261,42.9218],[17.5119,42.8554]]],[[[19.7578,39.6436],[19.9065,39.5814],[19.8416,39.7042],[19.947,39.7729],[19.7637,39.7729],[19.7578,39.6436]]],[[[22.833,38.8227],[22.9818,38.845],[22.9564,38.878],[23.0202,38.9214],[22.833,38.8227]]],[[[23.0356,36.6926],[23.0463,36.6833],[23.0517,36.6872],[23.0498,36.6926],[23.0356,36.6926]]],[[[23.0365,38.9279],[23.3318,38.8034],[23.4651,38.8569],[23.2006,39.0093],[23.0365,38.9279]]],[[[23.3122,37.6174],[23.3406,37.6003],[23.3536,37.5821],[23.3442,37.6327],[23.3122,37.6174]]],[[[23.4014,37.3193],[23.4024,37.3193],[23.4023,37.3198],[23.4014,37.3193]]],[[[23.5634,38.7389],[23.6355,38.5286],[23.594,38.4534],[23.6492,38.4057],[24.0422,38.4015],[24.0669,38.351],[24.0254,38.3305],[24.1617,38.2698],[24.1789,38.5451],[24.0302,38.6743],[23.5634,38.7389]]],[[[24.1275,38.2224],[24.1447,38.2224],[24.1426,38.227],[24.157,38.2296],[24.1591,38.2287],[24.1614,38.2661],[24.1311,38.2358],[24.1275,38.2224]]],[[[26.2318,40.0656],[26.3758,40.1535],[26.3456,40.1998],[26.6167,40.3595],[26.6839,40.4849],[26.2723,40.2906],[26.2318,40.0656]]],[[[27.5815,37.1982],[27.5831,37.1912],[27.5877,37.1988],[27.5815,37.1982]]],[[[30.1795,31.2714],[30.1849,31.2719],[30.1795,31.2719],[30.1795,31.2714]]],[[[30.2409,31.2653],[30.2648,31.2719],[30.2479,31.2719],[30.2409,31.2653]]],[[[30.9691,31.5785],[30.9739,31.5799],[30.9739,31.5867],[30.9695,31.5854],[30.9691,31.5785]]],[[[30.978,31.5843],[31.119,31.5305],[31.1608,31.5935],[30.978,31.5843]]],[[[33.9551,26.79],[34.0036,26.7082],[34.0029,26.7316],[33.9756,26.79],[33.9551,26.79]]],[[[-6.0043,35.3871],[-5.0765,35.3871],[-5.3258,35.6445],[-5.3411,35.8372],[-5.9458,35.7097],[-6.0043,35.3871]]],[[[14.3384,35.9455],[14.3815,35.843],[14.5618,35.8298],[14.5078,35.9285],[14.3773,35.9936],[14.3384,35.9455]]],[[[22.9016,36.3383],[22.9292,36.178],[23.0533,36.1596],[23.0769,36.2707],[22.9446,36.3894],[22.9016,36.3383]]],[[[24.2754,37.5317],[24.3958,37.6247],[24.3728,37.6852],[24.2893,37.6453],[24.2754,37.5317]]],[[[20.6195,37.8228],[20.7934,37.6685],[20.9261,37.7284],[20.886,37.814],[20.7247,37.8998],[20.6554,37.8998],[20.6195,37.8228]]],[[[20.339,38.2002],[20.3801,38.1518],[20.4253,38.1753],[20.4351,38.2788],[20.4943,38.1337],[20.7865,38.0933],[20.6817,38.2821],[20.6429,38.2534],[20.5991,38.3026],[20.6258,38.3518],[20.5664,38.416],[20.479,38.3095],[20.3999,38.3641],[20.339,38.2002]]],[[[20.6878,38.3367],[20.7194,38.3156],[20.7387,38.3189],[20.6951,38.3434],[20.6878,38.3367]]],[[[23.4849,38.7389],[23.5634,38.7389],[23.5668,38.7946],[23.4888,38.8034],[23.4849,38.7389]]],[[[1.2204,38.9553],[1.2529,38.8623],[1.4031,38.8323],[1.4147,38.8906],[1.6231,39.0292],[1.5227,39.1189],[1.3568,39.0776],[1.2928,39.0333],[1.301,38.9678],[1.2204,38.9553]]],[[[20.1453,39.6436],[20.1517,39.6402],[20.1519,39.6436],[20.1453,39.6436]]],[[[2.3508,39.5765],[2.487,39.4788],[2.6817,39.5587],[2.7435,39.5234],[2.7866,39.3759],[3.1447,39.3203],[3.2825,39.4201],[3.4744,39.7497],[3.1626,39.7691],[3.1263,39.8319],[3.1959,39.8906],[3.0947,39.8812],[3.1738,39.967],[2.8132,39.8726],[2.3508,39.5765]]],[[[3.8032,40.0181],[3.8307,39.9361],[4.3008,39.8378],[4.1705,40.0646],[4.1423,40.0248],[4.1051,40.0794],[3.8032,40.0181]]],[[[8.1567,40.7718],[8.1974,40.6912],[8.1618,40.5638],[8.1934,40.6175],[8.2163,40.5706],[8.312,40.5781],[8.386,40.3518],[8.4761,40.2921],[8.49,40.1045],[8.3772,40.0338],[8.4004,39.9361],[8.5453,39.8786],[8.5044,39.7215],[8.5658,39.7011],[8.4553,39.7561],[8.4634,39.5769],[8.374,39.3789],[8.4321,39.3018],[8.4095,39.1693],[8.5596,39.0567],[8.606,38.9088],[8.7166,38.9326],[8.8533,38.878],[9.0183,38.9953],[9.0183,39.1461],[9.0798,39.2246],[9.0139,39.2639],[9.166,39.1871],[9.2922,39.2213],[9.4052,39.1521],[9.5664,39.1492],[9.7111,39.9293],[9.6262,40.2631],[9.8225,40.5327],[9.6579,40.7999],[9.724,40.8449],[9.6141,40.8934],[9.6421,40.9206],[9.5042,40.9269],[9.6469,40.9922],[9.5119,41.0163],[9.5541,41.1239],[9.4691,41.1462],[9.4429,41.092],[9.4224,41.1807],[9.1711,41.2426],[9.1419,41.1528],[9.0055,41.1219],[8.8225,40.9473],[8.5205,40.827],[8.3102,40.8507],[8.1812,40.9341],[8.2153,40.8814],[8.1567,40.7718]]],[[[8.3533,39.0556],[8.4312,38.9661],[8.4839,39.0698],[8.3701,39.1131],[8.3533,39.0556]]],[[[9.3767,41.2147],[9.377,41.2133],[9.3953,41.2106],[9.4007,41.2115],[9.3767,41.2147]]],[[[9.437,41.1859],[9.4644,41.1727],[9.4749,41.1793],[9.4749,41.2014],[9.445,41.2055],[9.437,41.1859]]],[[[8.5453,42.2329],[8.5938,42.1745],[8.5596,42.154],[8.745,42.0566],[8.6457,41.9774],[8.8054,41.9069],[8.7508,41.8455],[8.7849,41.8244],[8.6551,41.7499],[8.9227,41.6946],[8.8018,41.6391],[8.7918,41.5612],[9.0798,41.4824],[9.0964,41.4035],[9.2255,41.3771],[9.2107,41.4482],[9.3506,41.5812],[9.2922,41.6264],[9.3467,41.6196],[9.4016,41.7064],[9.4032,41.9529],[9.5596,42.1466],[9.5281,42.5635],[9.4429,42.6406],[9.464,42.9901],[9.3467,43.0037],[9.3057,42.8393],[9.3425,42.7491],[9.2922,42.6748],[9.1178,42.732],[8.787,42.562],[8.7092,42.5792],[8.6595,42.4299],[8.5491,42.3771],[8.6878,42.2729],[8.5453,42.2329]]],[[[9.4566,42.6474],[9.4768,42.6191],[9.4769,42.6201],[9.4821,42.6201],[9.4566,42.6474]]],[[[10.1632,42.8164],[10.1963,42.7362],[10.3379,42.7648],[10.4307,42.7221],[10.3888,42.7635],[10.4367,42.8044],[10.4124,42.8734],[10.3473,42.8059],[10.1632,42.8164]]],[[[14.2616,44.6158],[14.2712,44.6125],[14.2619,44.6282],[14.2616,44.6158]]],[[[14.2625,44.6582],[14.2742,44.6617],[14.2804,44.6776],[14.2658,44.6795],[14.2629,44.6771],[14.2625,44.6582]]],[[[14.2925,44.9403],[14.4279,44.6566],[14.5047,44.6191],[14.4556,44.9307],[14.2925,44.9403]]],[[[14.3358,44.7168],[14.363,44.5734],[14.5024,44.516],[14.3358,44.7168]]],[[[32.2717,35.0728],[32.3294,34.8864],[32.459,34.7219],[32.7099,34.6458],[32.9136,34.6567],[32.9425,34.5794],[33.0303,34.5685],[33.0156,34.6344],[33.0864,34.6948],[33.2601,34.7005],[33.5917,34.8203],[33.7015,34.9729],[34.0685,34.9979],[33.9431,35.0653],[34.0123,35.0638],[33.8999,35.1645],[33.9121,35.26],[34.5384,35.671],[33.6603,35.3593],[33.4275,35.3289],[32.9231,35.3871],[32.9294,35.233],[32.8652,35.157],[32.6897,35.1839],[32.4138,35.043],[32.2717,35.0728]],[[33.7592,34.9887],[33.7911,34.9824],[33.7874,34.98],[33.7592,34.9887]],[[32.712,35.1731],[32.7315,35.1432],[32.7127,35.1634],[32.712,35.1731]],[[33.4666,35.0051],[33.4675,35.0126],[33.4768,35.0027],[33.4666,35.0051]],[[33.6195,35.0168],[33.7115,34.9856],[33.7029,34.9879],[33.6195,35.0168]],[[33.6794,35.0349],[33.7022,35.0223],[33.6794,35.0339],[33.6794,35.0349]],[[33.6966,35.009],[33.7022,35.0223],[33.7002,35.0067],[33.6966,35.009]],[[33.8412,35.0511],[33.8801,35.0731],[33.8551,35.0534],[33.8412,35.0511]]],[[[23.6154,35.5158],[23.6792,35.2584],[24.7574,35.194],[24.8237,35.001],[26.1401,35.0653],[26.2253,35.194],[25.7953,35.1151],[25.6806,35.1297],[25.6923,35.3227],[24.301,35.3227],[24.1499,35.3871],[24.1541,35.465],[24.0669,35.507],[24.1569,35.5158],[23.6154,35.5158]]],[[[27.708,36.1688],[27.7519,35.905],[27.9934,36.062],[28.0896,36.0551],[28.0617,36.1165],[28.1634,36.2377],[28.2311,36.4498],[27.8997,36.3402],[27.708,36.1688]]],[[[26.9177,36.7161],[27.1854,36.8037],[27.1442,36.8811],[26.9177,36.7161]]],[[[25.3418,37.083],[25.3936,36.9971],[25.5644,36.9971],[25.5727,37.126],[25.3418,37.083]]],[[[24.9955,37.6789],[25.1255,37.5559],[25.216,37.5329],[25.2593,37.59],[24.9955,37.6789]]],[[[25.99,37.5165],[26.2306,37.5714],[26.312,37.6796],[26.0742,37.6379],[25.99,37.5165]]],[[[24.6878,37.9287],[24.9118,37.7283],[24.9944,37.7541],[24.9538,37.8707],[24.7937,37.9941],[24.6878,37.9287]]],[[[25.8407,38.5224],[25.989,38.3793],[25.9644,38.3026],[25.885,38.2794],[25.8898,38.2206],[26.0115,38.1578],[26.1121,38.2226],[26.1636,38.5428],[26.0159,38.602],[25.8696,38.5831],[25.8407,38.5224]]],[[[24.4362,38.878],[24.557,38.8457],[24.5368,38.7918],[24.6643,38.7732],[24.523,38.9643],[24.4611,38.9677],[24.4362,38.878]]],[[[25.8359,39.1822],[26.1021,39.1115],[26.2256,39.2076],[26.2935,39.1772],[26.1002,39.0858],[26.1657,39.0224],[26.5471,38.9879],[26.437,39.1035],[26.4893,39.1137],[26.5394,39.0194],[26.61,39.0229],[26.5397,39.166],[26.3822,39.2771],[26.4074,39.3347],[26.1658,39.3681],[26.0606,39.2895],[25.9226,39.2911],[25.8359,39.1822]]],[[[25.0447,39.9853],[25.047,39.8376],[25.2043,39.8376],[25.2388,39.9195],[25.2798,39.8891],[25.2388,39.8581],[25.3551,39.8376],[25.348,39.9064],[25.4499,39.9884],[25.4377,40.0317],[25.2852,39.9534],[25.2251,40.0089],[25.0447,39.9853]]],[[[25.7052,40.1144],[26.0122,40.1666],[25.9631,40.1571],[25.926,40.2428],[25.759,40.2067],[25.7052,40.1144]]],[[[24.5197,40.6853],[24.6397,40.5732],[24.7801,40.6122],[24.7864,40.7351],[24.6423,40.8039],[24.5197,40.6853]]],[[[32.6053,45.4968],[33.6101,45.1042],[33.6092,44.8717],[33.5151,44.6466],[33.5715,44.6206],[33.4767,44.6099],[33.5086,44.4953],[33.6249,44.4507],[33.7638,44.4507],[34.5385,44.7773],[34.5478,44.8426],[35.2971,44.9734],[35.4267,45.3004],[35.0199,45.3004],[34.9864,45.6278],[34.7419,45.6278],[34.5978,45.7588],[34.6167,45.8898],[34.3812,45.9554],[34.3184,46.0865],[33.737,46.0209],[33.7271,45.9501],[33.777,45.9296],[33.722,45.9136],[33.7096,45.8243],[32.6053,45.4968]]]]}},{"type":"Feature","properties":{"relationId":"cliopatria-relation-a8d347c645e2","name":"(Allegiance of Ostrogothic Kingdom to Eastern Roman Empire)","name_ko":"동고트 왕국–동로마 제국 충성·복속 관계","relationKind":"allegiance","relation_kind_ko":"충성·복속 관계","actor_ids":"cliopatria-q583038-7d984a97b7;cliopatria-q12544-03f6c8deaf","actor_names_ko":"동고트 왕국;동로마 제국","color":"#e7b763","startYear":536,"endYear":539,"source_name":"Cliopatria v0.2.0","source_url":"https://github.com/Seshat-Global-History-Databank/cliopatria","license":"CC BY 4.0","attribution":"Seshat Global History Databank, Cliopatria contributors"},"geometry":{"type":"MultiPolygon","coordinates":[[[[-6.0043,35.3871],[-5.0765,35.3871],[-5.3258,35.6445],[-5.3411,35.8372],[-5.9458,35.7097],[-6.0043,35.3871]]],[[[14.3384,35.9455],[14.3815,35.843],[14.5618,35.8298],[14.5078,35.9285],[14.3773,35.9936],[14.3384,35.9455]]],[[[1.2204,38.9553],[1.2529,38.8623],[1.4031,38.8323],[1.4147,38.8906],[1.6231,39.0292],[1.5227,39.1189],[1.3568,39.0776],[1.2928,39.0333],[1.301,38.9678],[1.2204,38.9553]]],[[[2.3508,39.5765],[2.487,39.4788],[2.6817,39.5587],[2.7435,39.5234],[2.7866,39.3759],[3.1447,39.3203],[3.2825,39.4201],[3.4744,39.7497],[3.1626,39.7691],[3.1263,39.8319],[3.1959,39.8906],[3.0947,39.8812],[3.1738,39.967],[2.8132,39.8726],[2.3508,39.5765]]],[[[3.8032,40.0181],[3.8307,39.9361],[4.3008,39.8378],[4.1705,40.0646],[4.1423,40.0248],[4.1051,40.0794],[3.8032,40.0181]]],[[[8.1567,40.7718],[8.1974,40.6912],[8.1618,40.5638],[8.1934,40.6175],[8.2163,40.5706],[8.312,40.5781],[8.386,40.3518],[8.4761,40.2921],[8.49,40.1045],[8.3772,40.0338],[8.4004,39.9361],[8.5453,39.8786],[8.5044,39.7215],[8.5658,39.7011],[8.4553,39.7561],[8.4634,39.5769],[8.374,39.3789],[8.4321,39.3018],[8.4095,39.1693],[8.5596,39.0567],[8.606,38.9088],[8.7166,38.9326],[8.8533,38.878],[9.0183,38.9953],[9.0183,39.1461],[9.0798,39.2246],[9.0139,39.2639],[9.166,39.1871],[9.2922,39.2213],[9.4052,39.1521],[9.5664,39.1492],[9.7111,39.9293],[9.6262,40.2631],[9.8225,40.5327],[9.6579,40.7999],[9.724,40.8449],[9.6141,40.8934],[9.6421,40.9206],[9.5042,40.9269],[9.6469,40.9922],[9.5119,41.0163],[9.5541,41.1239],[9.4691,41.1462],[9.4429,41.092],[9.4224,41.1807],[9.1711,41.2426],[9.1419,41.1528],[9.0055,41.1219],[8.8225,40.9473],[8.5205,40.827],[8.3102,40.8507],[8.1812,40.9341],[8.2153,40.8814],[8.1567,40.7718]]],[[[8.3533,39.0556],[8.4312,38.9661],[8.4839,39.0698],[8.3701,39.1131],[8.3533,39.0556]]],[[[9.3767,41.2147],[9.377,41.2133],[9.3953,41.2106],[9.4007,41.2115],[9.3767,41.2147]]],[[[9.437,41.1859],[9.4644,41.1727],[9.4749,41.1793],[9.4749,41.2014],[9.445,41.2055],[9.437,41.1859]]],[[[0.759,36.3415],[0.7669,36.1596],[0.922,36.1596],[1.005,36.0308],[1.1547,36.1596],[2.008,36.1596],[2.0031,36.2884],[2.3159,36.224],[2.7747,36.4172],[5.6494,36.3528],[5.8795,36.4816],[6.3468,36.4172],[6.422,36.546],[6.8893,36.4816],[6.9647,36.6105],[7.5865,36.6105],[7.9024,36.224],[7.8282,35.9664],[7.9057,35.9664],[7.9114,35.5158],[7.9888,35.5158],[7.9942,35.0653],[8.2286,34.8079],[8.4594,34.8723],[8.8462,34.7436],[8.9263,34.3577],[9.0033,34.3577],[8.9288,34.0361],[9.0826,34.0361],[9.3159,33.5859],[9.6236,33.4574],[9.5475,33.3288],[9.625,33.1359],[10.0848,33.1359],[10.0086,33.0073],[10.3916,33.0073],[11.1572,32.6859],[11.3099,32.4931],[11.4629,32.5574],[11.539,32.4288],[11.7684,32.4288],[11.7679,32.3002],[12.4559,32.3645],[13.0667,32.3002],[13.0657,32.1717],[13.2953,32.236],[13.8286,32.1074],[14.5861,31.6575],[14.5844,31.529],[15.1873,31.0791],[15.1845,30.8863],[15.4896,30.9506],[16.7012,30.6935],[18.2813,30.0508],[19.1911,30.0508],[20.9516,30.565],[21.9388,30.565],[22.7667,30.3722],[22.7618,30.2436],[22.916,30.3079],[23.5101,29.9865],[24.26,29.7937],[24.3304,29.6652],[24.7792,29.5366],[24.8467,29.3438],[25.0008,29.4081],[25.1465,29.2795],[25.3735,29.2795],[25.5863,28.9581],[27.1401,28.251],[27.285,28.1224],[27.2763,27.9295],[27.4299,27.9938],[27.792,27.6724],[27.7109,27.5438],[27.9367,27.5438],[28.1537,27.3509],[28.2702,26.5794],[28.3453,26.5794],[28.2437,25.9365],[28.2886,25.165],[28.5688,24.6506],[29.6728,24.2006],[29.9595,23.8792],[30.1087,23.8792],[30.104,23.7506],[30.3952,23.5577],[30.4627,23.3649],[31.6705,23.7506],[32.0409,23.6863],[33.389,23.8149],[33.7564,23.6863],[35.108,23.8792],[35.4808,23.8253],[35.5139,23.9771],[35.7925,23.9023],[35.7386,23.9833],[35.4938,24.1089],[35.3919,24.2828],[35.1446,24.5002],[35.1603,24.5746],[34.5466,25.725],[34.3387,26.0018],[34.014,26.6116],[33.9414,26.6535],[33.9961,26.8966],[33.8368,27.1208],[33.8384,27.2426],[33.6917,27.3419],[33.4963,27.6466],[33.5877,27.651],[33.5579,27.7599],[33.4735,27.8232],[33.5921,27.7912],[33.5544,27.8965],[33.2494,28.1429],[33.0029,28.4895],[32.8689,28.5789],[32.8069,28.7781],[32.6255,28.9727],[32.6528,29.081],[32.5623,29.3863],[32.3377,29.5925],[32.3639,29.6882],[32.5095,29.8668],[32.4769,29.9322],[32.5715,29.9426],[32.5778,30.0114],[32.6045,29.8242],[32.6907,29.7336],[32.7239,29.4705],[32.8172,29.414],[32.8856,29.2431],[33.1779,28.9896],[33.2287,28.5694],[33.5538,28.3153],[33.7634,28.024],[34.0785,27.8007],[34.2631,27.7367],[34.2141,27.7915],[34.4281,27.9859],[34.4553,28.1749],[34.4102,28.32],[34.6245,28.736],[34.7366,29.3113],[34.9572,29.569],[34.9817,29.4804],[36.3193,30.8863],[36.2765,31.2719],[36.3526,31.2719],[36.4919,31.9789],[36.5682,31.9789],[36.5155,32.236],[36.5919,32.236],[36.8119,32.943],[37.0605,33.1359],[37.0732,33.2645],[37.9902,33.9718],[39.1238,34.4863],[39.509,34.4863],[40.1029,34.2933],[40.6181,34.7436],[40.7723,34.7436],[41.1122,35.001],[41.0863,36.0308],[41.6626,36.2884],[41.6796,36.4172],[41.5328,36.4816],[41.5498,36.6105],[41.2124,36.9971],[41.1282,38.0933],[40.9115,38.2224],[40.9479,38.4806],[40.8695,38.4806],[40.9663,38.6097],[40.9817,39.2557],[41.2566,39.5143],[41.326,39.967],[41.4839,39.967],[41.6725,40.1612],[41.7035,40.3554],[41.3598,40.6792],[41.5348,41.2625],[41.8061,41.4571],[41.8392,41.6518],[41.7097,41.7085],[41.5674,41.4571],[41.4471,41.4571],[41.3071,41.3274],[40.5393,41.0032],[40.4492,41.0425],[40.3703,40.9384],[39.7355,40.9384],[39.1683,41.0797],[38.9208,41.0382],[38.7834,40.9384],[38.2977,40.8736],[38.2217,40.9441],[38.0253,40.9769],[37.8312,40.9384],[37.7706,41.068],[37.2147,41.068],[37.226,41.1475],[37.0651,41.1328],[36.7748,41.3274],[36.451,41.2404],[36.2092,41.2625],[35.9561,41.7127],[35.9227,41.6462],[35.9457,41.7167],[35.5767,41.6297],[35.157,41.7167],[35.0921,41.928],[35.123,42.0248],[35.0615,42.0413],[34.9178,42.0413],[34.7845,41.9114],[33.2771,41.9764],[32.6675,41.8369],[32.6947,41.7816],[31.4983,41.352],[31.3928,41.1884],[31.1801,41.068],[30.6242,41.068],[30.53,41.1522],[30.3513,41.1922],[30.1369,41.1438],[29.0894,41.1382],[29.0524,41.068],[29.1156,41.068],[29.1034,40.9447],[29.2639,40.8698],[29.2949,40.8388],[29.2546,40.8108],[29.493,40.8736],[29.4438,40.7766],[29.9393,40.7351],[29.5599,40.6911],[29.4906,40.7272],[28.9422,40.6184],[28.9156,40.4714],[29.1515,40.4341],[29.0463,40.3554],[27.9388,40.3554],[27.904,40.3999],[27.9505,40.4849],[27.7921,40.4849],[27.7918,40.3929],[27.8836,40.3863],[27.6958,40.2906],[27.5376,40.2906],[27.2948,40.4059],[26.6819,40.3561],[26.408,40.1937],[26.311,40.0195],[26.2205,40.0029],[26.1325,39.5143],[26.9377,39.5748],[26.9299,39.4877],[26.801,39.4335],[26.7422,39.2557],[26.8945,39.1911],[26.8793,38.9972],[26.9579,38.9972],[26.9399,38.9327],[27.0413,38.9401],[27.0627,38.8869],[26.9084,38.8204],[26.9314,38.7551],[26.8495,38.6097],[27.0798,38.5451],[27.0728,38.4537],[27.1642,38.4466],[27.0694,38.4094],[27.065,38.3515],[26.6762,38.3515],[26.6731,38.3072],[26.595,38.3515],[26.5358,38.6097],[26.3895,38.6719],[26.4058,38.4535],[26.513,38.4329],[26.4515,38.4261],[26.4289,38.2224],[26.8203,38.2224],[26.889,38.0933],[27.2753,38.0288],[27.2559,37.7707],[27.1794,37.6106],[27.31,37.4483],[27.2461,37.3362],[27.4072,37.4127],[27.4385,37.3908],[27.3921,37.3538],[27.5392,37.3838],[27.5644,37.2735],[27.616,37.2747],[27.598,37.126],[28.0653,37.126],[28.1313,37.0363],[28.3294,37.0368],[28.2124,37.0004],[28.1653,36.9116],[28.1034,36.9353],[28.0583,36.7721],[28.1184,36.8006],[28.1305,36.754],[28.0314,36.6749],[28.1961,36.6854],[28.2572,36.8462],[28.315,36.8291],[28.2934,36.7959],[28.452,36.8836],[28.5905,36.8682],[28.7361,36.7393],[29.1249,36.7393],[29.2163,36.3291],[29.3496,36.2326],[29.4116,36.2674],[29.4666,36.224],[29.938,36.224],[30.0261,36.3528],[30.4919,36.3528],[30.6191,36.9326],[31.086,36.9326],[32.0681,36.6105],[32.4985,36.224],[32.5369,36.1],[32.733,36.0376],[33.2744,36.224],[33.8711,36.3149],[33.9791,36.2884],[34.2507,36.6749],[34.5816,36.8682],[34.8929,36.8682],[34.9352,36.726],[35.1127,36.7393],[35.3323,36.6105],[35.4875,36.6105],[35.8336,36.9326],[36.1449,36.9326],[36.2862,36.8037],[36.2649,36.6105],[35.8417,36.2884],[35.9901,36.224],[35.9767,36.001],[35.8449,35.5802],[35.9929,35.5158],[35.9153,35.2879],[35.9624,35.1979],[35.927,34.8723],[36.0682,34.7436],[36.0488,34.5506],[35.7921,34.2933],[35.6652,34.3113],[35.6838,33.9718],[35.4705,33.9021],[35.4993,33.6502],[35.3944,33.65],[35.3984,33.3931],[35.2154,33.0716],[35.089,33.0205],[35.0218,32.6216],[34.8851,32.4821],[34.7926,32.161],[34.813,31.9789],[34.6909,31.9134],[34.6028,31.7558],[34.6334,31.6575],[34.3076,31.4005],[34.2972,31.2719],[33.7493,31.0791],[32.8317,31.0148],[32.8055,31.0655],[32.6665,31.0523],[32.7907,31.0941],[32.6016,31.061],[32.3894,31.2076],[32.2944,31.2076],[32.3039,31.0791],[32.1065,31.0534],[31.9996,31.0791],[31.9063,31.2516],[31.7806,31.2076],[31.8077,31.2812],[31.7691,31.2988],[31.8741,31.4647],[31.2658,31.4647],[31.1215,31.5275],[31.0291,31.5185],[30.9807,31.4365],[30.7985,31.4465],[30.7344,31.3881],[30.5427,31.395],[30.6916,31.4647],[30.352,31.4647],[30.3019,31.3422],[30.3388,31.2719],[30.2887,31.2379],[29.9904,31.2719],[29.8315,31.1513],[29.8696,31.0791],[29.6332,30.9506],[29.5543,30.9848],[29.4481,30.9336],[29.3971,30.822],[28.865,30.822],[28.4964,31.0148],[27.5149,31.1434],[27.2975,31.3362],[26.9303,31.4411],[25.248,31.4647],[25.102,31.5933],[25.1097,31.7462],[24.8925,31.9789],[24.1294,31.9789],[23.6803,32.1717],[23.3122,32.1627],[23.0806,32.3341],[23.0894,32.6216],[21.99,32.9134],[21.8067,32.9133],[21.4117,32.7502],[21.0578,32.7736],[20.8712,32.6216],[20.7962,32.6428],[20.6898,32.6041],[20.7159,32.5574],[20.563,32.5574],[20.482,32.4288],[20.417,32.4565],[20.3255,32.4098],[20.2461,32.236],[20.0715,32.1764],[19.9961,31.5933],[20.2143,31.2719],[20.1467,31.1636],[20.2021,30.8863],[19.9682,30.6935],[19.9643,30.565],[19.655,30.3722],[18.9686,30.2436],[18.787,30.3722],[18.5925,30.3722],[18.2175,30.7602],[17.8486,30.9237],[16.8136,31.2076],[16.1786,31.2076],[15.649,31.4005],[15.5323,31.6118],[15.4246,31.6575],[15.2823,32.3002],[15.0825,32.4133],[14.4444,32.4931],[14.0979,32.7281],[13.4537,32.8145],[13.2571,32.9186],[12.8413,32.8085],[12.8408,32.7502],[12.229,32.8145],[11.4544,33.2002],[11.1578,33.2002],[11.0798,33.5856],[10.7381,33.478],[10.584,33.6644],[10.2368,33.7146],[10.0058,33.9075],[10.0052,34.1706],[10.0661,34.242],[10.0045,34.2933],[10.543,34.5506],[10.8512,34.8079],[10.8512,34.9366],[10.9844,34.9994],[11.055,35.1404],[11.0057,35.3871],[11.0831,35.5073],[11.0161,35.5802],[10.9284,35.5802],[10.839,35.7683],[10.6962,35.7089],[10.4635,35.902],[10.5349,36.3573],[10.4625,36.4172],[11.0062,36.8037],[11.0063,36.9971],[10.5187,36.7558],[10.3553,36.7312],[10.1885,36.7976],[10.2685,36.9378],[10.1824,37.027],[10.2271,37.1177],[10.1281,37.1587],[10.2272,37.1949],[9.925,37.213],[9.8159,37.1518],[9.7718,37.2133],[9.8157,37.2491],[9.6158,37.3151],[9.0595,37.0615],[8.9723,37.0975],[8.8244,36.9795],[8.6443,36.9535],[8.5164,36.8682],[7.7383,36.8682],[7.4902,37.055],[7.3979,37.0615],[7.3463,37.0615],[7.1937,36.8682],[6.8047,36.8682],[6.3339,37.0615],[6.2357,36.9212],[6.1043,36.8741],[6.1058,36.8037],[5.5581,36.7337],[5.3044,36.643],[5.0978,36.6749],[4.8595,36.8682],[4.262,36.9116],[3.85,36.8037],[3.664,36.8344],[3.2299,36.7393],[2.8411,36.7393],[2.6008,36.5963],[2.3516,36.6383],[1.5296,36.4816],[1.197,36.5118],[1.144,36.4172],[0.759,36.3415]],[[24.6883,30.1442],[24.6887,30.1828],[24.6967,30.127],[24.6883,30.1442]],[[24.6887,30.1828],[24.7629,30.3171],[24.767,30.3214],[24.6887,30.1828]],[[34.9635,29.5941],[34.967,29.6081],[34.9898,29.652],[34.9635,29.5941]],[[35.4529,31.4008],[35.4585,31.4916],[35.4587,31.4916],[35.4593,31.4958],[35.4529,31.4008]],[[35.552,32.3679],[35.5533,32.3691],[35.5656,32.3134],[35.552,32.3679]],[[35.5568,32.3724],[35.5594,32.3748],[35.5656,32.3679],[35.5568,32.3724]],[[35.5585,32.5191],[35.5614,32.5192],[35.5674,32.5102],[35.5585,32.5191]],[[35.5594,32.4704],[35.5626,32.4747],[35.5725,32.4567],[35.5594,32.4704]],[[35.5688,32.4829],[35.5778,32.4948],[35.58,32.4915],[35.5688,32.4829]],[[35.7716,32.7467],[35.7749,32.7473],[35.7882,32.7344],[35.7716,32.7467]],[[36.2318,33.8525],[36.3178,33.8272],[36.3006,33.8287],[36.2318,33.8525]],[[36.2672,33.9104],[36.2886,33.9465],[36.2691,33.9073],[36.2672,33.9104]],[[36.2699,33.906],[36.3111,33.872],[36.2753,33.8972],[36.2699,33.906]],[[36.6665,36.2657],[36.6691,36.2599],[36.6681,36.2532],[36.6665,36.2657]]],[[[4.0925,43.6027],[4.173,43.6027],[4.1778,43.4723],[4.7288,43.4723],[4.6946,43.5791],[4.7424,43.4723],[5.0524,43.4723],[5.0291,43.5586],[5.14,43.4858],[5.2228,43.504],[5.1969,43.4454],[5.3869,43.4072],[5.3908,43.2769],[5.6319,43.2769],[5.7962,43.1467],[6.2782,43.1467],[6.5176,43.2118],[6.6726,43.4723],[6.9985,43.5442],[7.1502,43.733],[8.0339,43.9286],[8.4315,44.3854],[9.1591,44.4507],[9.7274,44.1243],[9.9697,44.1243],[9.9627,44.0447],[10.2123,43.9938],[10.4208,43.4051],[10.5282,43.2468],[10.5391,43.0796],[11.0163,42.8213],[11.0159,42.6629],[11.176,42.6262],[11.2552,42.4312],[11.4152,42.4312],[11.569,42.3314],[11.6548,42.3662],[11.7353,42.1702],[11.972,42.0413],[12.1317,42.0413],[12.1305,41.9131],[12.2103,41.9114],[12.2097,41.8465],[12.3685,41.7816],[12.3678,41.7167],[12.5265,41.6518],[12.5258,41.5869],[12.9222,41.4571],[13,41.3274],[13.7145,41.2625],[13.862,41.1328],[13.9506,41.1328],[14.1046,40.8736],[14.4219,40.8736],[14.4194,40.7517],[14.4741,40.7297],[14.4363,40.6792],[14.8934,40.6792],[14.9983,40.3976],[14.9638,40.2906],[15.4319,40.0317],[15.5349,40.0778],[15.7478,40.0317],[15.7136,39.978],[15.7736,39.8424],[15.8989,39.7729],[15.8938,39.5789],[16.048,39.4496],[16.2652,38.7389],[15.9497,38.6743],[15.8621,38.2869],[15.6328,38.2203],[15.6982,37.9643],[15.9328,37.9643],[16.4919,38.416],[16.5024,38.8034],[17.1383,39.0618],[17.0697,39.385],[16.4473,39.6436],[16.4548,39.9023],[16.6769,40.1511],[16.6245,40.2906],[16.777,40.2906],[16.9137,40.4464],[16.868,40.4849],[17.0285,40.5496],[17.3452,40.5496],[17.4175,40.3554],[17.8131,40.3554],[18.1122,39.9023],[18.3489,39.9023],[18.4381,40.1612],[17.9812,40.6144],[17.5107,40.744],[17.2027,41.0032],[15.9439,41.3922],[15.8738,41.7167],[16.1149,41.7816],[16.1189,41.9114],[15.2414,41.9114],[14.7659,42.0413],[14.7178,42.1506],[14.6077,42.1063],[14.2938,42.3662],[14.2138,42.3662],[14.2152,42.4312],[13.9014,42.7563],[13.9329,42.8295],[13.8625,43.0186],[13.7471,43.0816],[13.6726,43.4072],[13.3874,43.6413],[13.0338,43.733],[13.019,43.8567],[12.8734,43.7982],[12.313,44.1896],[12.1537,44.4507],[12.1572,44.8426],[12.4001,44.7989],[12.4026,45.0388],[12.3688,45.011],[12.16,45.1696],[12.1628,45.4968],[12.6522,45.5623],[12.8168,45.6933],[13.0658,45.6401],[13.1448,45.8243],[13.7149,45.7588],[13.7393,45.6491],[13.8081,45.6143],[13.7119,45.5933],[13.7529,45.5529],[13.7102,45.4968],[13.5473,45.4968],[13.5448,45.3427],[13.7056,45.235],[13.8032,44.908],[13.9432,44.908],[13.9457,45.0388],[14.1552,45.0388],[14.1962,45.3659],[14.6031,45.3659],[14.576,45.2623],[14.8528,45.0937],[14.9187,44.9734],[14.9113,44.6789],[15.308,44.3544],[15.5287,44.2718],[15.2612,44.3326],[15.2953,44.2507],[15.1981,44.3017],[15.1765,44.25],[15.2129,44.131],[15.4591,43.9938],[15.4551,43.928],[15.6186,43.9286],[15.6954,43.7982],[15.8566,43.7982],[16.0117,43.6027],[15.9595,43.504],[16.5754,43.6027],[16.7342,43.5375],[16.7302,43.4247],[17.0513,43.4072],[17.1139,43.2132],[17.2058,43.1691],[17.3654,43.2118],[17.3606,43.0893],[17.4336,43.0174],[17.502,43.031],[17.5156,42.9589],[17.9915,42.8213],[18.2191,42.5984],[18.6286,42.4482],[18.6873,42.4829],[18.7063,42.4197],[18.852,42.3662],[19.4436,41.8653],[19.5916,41.8188],[19.5576,41.6605],[19.613,41.6053],[19.4715,41.5823],[19.5297,41.522],[19.4438,41.3922],[19.5233,41.3922],[19.4555,41.1485],[19.5234,40.9206],[19.3688,40.8022],[19.3044,40.6531],[19.4863,40.6144],[19.4714,40.2906],[19.6295,40.2906],[20.0094,39.967],[19.9876,39.7083],[20.155,39.7083],[20.2972,39.385],[20.9538,39.0342],[21.0584,39.009],[21.0852,39.0629],[21.1599,38.9977],[21.1774,38.876],[21.1023,38.9108],[21.0852,38.8643],[21.0274,38.9326],[20.8599,38.9605],[20.7414,38.8034],[20.9737,38.7389],[21.1933,38.416],[21.3376,38.3989],[21.3225,38.4963],[21.4224,38.3889],[21.7625,38.3284],[21.8312,38.3967],[21.9876,38.4106],[22.1892,38.3231],[22.3823,38.3427],[22.4016,38.4534],[22.5625,38.2935],[22.6465,38.39],[22.8057,38.227],[23.2234,38.1592],[23.1729,38.0795],[22.8755,38.0493],[22.9754,37.979],[22.8672,37.9395],[22.6804,38.0666],[21.8495,38.3413],[21.7333,38.2514],[21.7286,38.1578],[21.4156,38.1578],[21.2436,37.8352],[21.6966,37.5128],[21.6958,37.3164],[21.6031,37.1904],[21.681,37.1904],[21.7435,36.8682],[21.8992,36.8682],[21.9085,37.0615],[22.22,37.0615],[22.3757,36.6749],[22.5118,36.6749],[22.5994,36.8682],[22.8328,36.8682],[23.0332,36.6946],[22.8532,37.2549],[22.7007,37.3193],[22.7144,37.5773],[22.9486,37.5773],[23.1756,37.4483],[23.1685,37.3193],[23.278,37.3498],[23.2302,37.3846],[23.3849,37.4134],[23.36,37.5475],[23.1083,37.6417],[23.0151,37.9252],[23.2044,37.963],[23.2082,38.0288],[23.5746,38.0468],[23.5597,37.9866],[23.9786,37.8352],[24.0361,38.2224],[23.6729,38.3564],[23.5929,38.4806],[23.3126,38.4806],[23.1826,38.6538],[23.1045,38.6384],[22.9149,38.7756],[22.5251,38.8581],[22.6216,38.9145],[22.792,38.878],[23.0731,39.0363],[22.9639,39.009],[22.9981,39.0698],[22.9516,39.1238],[22.7973,39.0618],[22.8163,39.385],[23.1318,39.4489],[22.6109,39.9023],[22.6497,39.9853],[22.5437,40.0964],[22.5716,40.5496],[22.9105,40.6446],[22.9832,40.5527],[22.9265,40.5153],[22.9592,40.4201],[23.7374,40.2259],[23.6936,40.3092],[23.7777,40.3548],[23.8386,40.5496],[23.6846,40.6144],[23.698,40.8088],[24.0106,40.744],[24.3466,41.0032],[25.1384,41.0101],[25.1358,40.9692],[25.8495,40.9384],[26.0822,40.8736],[26.1403,40.6144],[26.5472,40.744],[26.621,40.6792],[26.9324,40.6144],[26.7685,40.5496],[26.8466,40.5165],[26.9576,40.5584],[27.0172,40.6792],[27.5275,41.068],[29.0429,41.068],[29.0645,41.1371],[28.9631,41.1328],[28.975,41.2529],[28.5053,41.3274],[28.0814,41.6518],[27.9794,41.6518],[28.0043,41.9114],[27.7835,42.1063],[27.7804,42.2434],[27.4529,42.4801],[27.5135,42.6262],[27.8466,42.7563],[27.8049,43.1467],[27.8982,43.2769],[28.0607,43.3092],[28.1925,43.4078],[28.1592,43.4723],[28.4811,43.4723],[28.6163,43.9938],[28.5356,43.9938],[28.5769,44.3854],[28.7612,44.5223],[28.7578,44.6268],[28.8362,44.6268],[28.784,44.6492],[28.8257,44.7332],[28.802,44.9734],[29.0583,45.001],[29.1106,44.97],[29.0521,44.9446],[29.0441,44.8655],[29.0603,44.8323],[29.0964,44.8751],[29.1387,44.8072],[29.5253,44.908],[29.6213,45.0388],[29.6659,45.4313],[29.5105,45.4968],[28.4307,45.3004],[28.275,45.3659],[28.2376,45.4521],[28.2814,45.4265],[28.2888,45.4968],[28.0513,45.5623],[28.0376,45.4313],[27.7867,45.3659],[27.7666,45.1696],[27.9224,45.1042],[27.8888,44.7773],[27.7266,44.7773],[27.7067,44.5813],[27.8687,44.5813],[27.8488,44.3854],[27.9297,44.3854],[27.7481,44.1896],[26.3682,44.1243],[25.5205,43.6678],[24.8062,43.7982],[24.0754,43.733],[23.9244,43.8634],[23.3647,43.9286],[23.1937,43.7982],[22.9518,43.7982],[22.8479,43.4723],[22.6019,43.4072],[22.3784,43.6678],[22.0605,43.733],[21.5214,44.1243],[20.887,44.3201],[20.6559,44.516],[20.1628,44.3854],[20.0965,44.6466],[19.9344,44.6466],[19.6242,44.908],[19.1406,44.9734],[19.2384,45.3004],[18.9976,45.3659],[19.0041,45.4968],[18.9227,45.4968],[18.7788,45.8898],[18.8604,45.8898],[18.8283,45.9057],[19.0501,46.4145],[18.8141,46.6115],[18.8337,47.0058],[19.0837,47.0716],[19.1833,47.4006],[19.2657,47.4006],[19.2692,47.4665],[18.9496,47.6641],[18.9565,47.7959],[18.798,47.9278],[18.626,47.7959],[17.6346,47.7959],[17.169,48.0123],[17.0856,47.9701],[17.1672,48.0131],[17.0669,48.0597],[17.0723,48.1917],[16.9895,48.1917],[16.9921,48.2578],[16.8238,48.1917],[16.8264,48.2578],[14.2576,48.2578],[13.7642,48.4559],[13.6838,48.5881],[12.9383,48.7204],[12.1113,49.1838],[11.694,49.1175],[11.6099,48.9851],[10.1134,48.4559],[9.9508,47.8619],[9.8681,47.8619],[9.9519,47.6641],[9.5414,47.4006],[9.6056,47.0567],[9.6691,47.0562],[9.6061,47.054],[9.6274,46.9401],[9.3833,46.6772],[9.3044,46.3489],[8.1593,46.2833],[8.0808,46.0865],[7.9833,45.9988],[7.7588,45.8243],[7.5956,45.8243],[7.3576,45.4968],[7.1147,45.4313],[7.0377,45.235],[6.7156,45.1042],[6.3093,45.1042],[6.3162,44.8426],[5.9143,44.7119],[5.7579,44.516],[5.0291,44.516],[4.9526,44.3854],[4.7076,44.4507],[4.7099,44.3854],[4.629,44.3854],[4.6336,44.2548],[4.2367,44.0591],[4.0925,43.6027]],[[6.8661,44.3721],[6.8772,44.4144],[6.8703,44.3667],[6.8661,44.3721]],[[6.9799,44.2461],[6.9887,44.2416],[6.9828,44.2417],[6.9799,44.2461]],[[6.9828,44.847],[7.0049,44.828],[7.0043,44.8249],[6.9828,44.847]],[[7.3093,44.1475],[7.339,44.1249],[7.331,44.1253],[7.3093,44.1475]],[[7.9891,46.0033],[8.0007,46.0175],[7.9984,46.0106],[7.9891,46.0033]],[[9.8486,47.5386],[9.8589,47.5413],[9.9188,47.5322],[9.8486,47.5386]],[[10.0226,47.488],[10.0718,47.4391],[10.0806,47.4274],[10.0226,47.488]],[[10.0427,46.2205],[10.1026,46.2289],[10.0757,46.22],[10.0427,46.2205]],[[10.0532,47.4049],[10.0806,47.4274],[10.076,47.4169],[10.0532,47.4049]],[[10.0924,46.3381],[10.0956,46.344],[10.0935,46.3356],[10.0924,46.3381]],[[10.0998,46.321],[10.1589,46.2624],[10.1049,46.3094],[10.0998,46.321]],[[10.1015,46.3549],[10.105,46.3614],[10.1332,46.3811],[10.1015,46.3549]],[[10.3639,46.9912],[10.3734,46.9963],[10.3758,46.9946],[10.3639,46.9912]],[[12.7389,48.1134],[12.7431,48.1158],[12.7397,48.1069],[12.7389,48.1134]],[[12.7414,48.092],[12.7486,48.0788],[12.742,48.0868],[12.7414,48.092]],[[12.7539,48.0725],[12.8306,48.0155],[12.7602,48.0649],[12.7539,48.0725]],[[13.5068,46.5469],[13.5492,46.5458],[13.607,46.5329],[13.5068,46.5469]],[[14.1499,46.4401],[14.3958,46.441],[14.3993,46.4393],[14.1499,46.4401]],[[14.412,46.4332],[14.4509,46.4145],[14.42,46.4244],[14.412,46.4332]],[[15.972,46.8206],[15.9817,46.8277],[16.0941,46.8629],[16.094,46.8628],[15.972,46.8206]],[[16.2337,46.4787],[16.2349,46.4933],[16.2509,46.405],[16.2337,46.4787]],[[16.3476,46.5436],[16.3579,46.547],[16.3517,46.5395],[16.3476,46.5436]],[[17.0386,46.169],[17.0889,46.1362],[17.0529,46.1535],[17.0386,46.169]],[[17.1069,46.1276],[17.2086,46.1166],[17.1162,46.1231],[17.1069,46.1276]],[[18.4437,42.8345],[18.4517,42.8023],[18.4446,42.8171],[18.4437,42.8345]],[[18.4598,42.7852],[18.4838,42.7525],[18.4674,42.7692],[18.4598,42.7852]],[[18.6487,45.0627],[18.6713,45.0869],[18.6766,45.086],[18.6487,45.0627]],[[18.6798,45.0855],[18.6841,45.0848],[18.7383,45.0159],[18.6798,45.0855]],[[18.8896,44.8612],[19.0158,44.8656],[19.0726,44.8767],[19.0684,44.8748],[19.005,44.8633],[18.8896,44.8612]],[[19.1228,43.5359],[19.2175,43.5328],[19.1953,43.5328],[19.1228,43.5359]],[[19.2435,44.002],[19.2728,44.0124],[19.2814,44.0115],[19.2435,44.002]],[[19.2749,42.1913],[19.4004,42.3259],[19.2764,42.1857],[19.2749,42.1913]],[[19.2803,42.1714],[19.2925,42.1577],[19.2821,42.1646],[19.2803,42.1714]],[[19.2925,44.0103],[19.3006,44.0095],[19.3646,43.9733],[19.2925,44.0103]],[[19.3074,44.2742],[19.3243,44.264],[19.3319,44.2539],[19.3074,44.2742]],[[19.3415,44.8988],[19.3532,44.899],[19.3644,44.889],[19.3415,44.8988]],[[19.3454,44.2358],[19.354,44.2243],[19.3624,44.1912],[19.3454,44.2358]],[[19.3624,44.1912],[19.4426,44.1432],[19.3812,44.1771],[19.3624,44.1912]],[[19.3696,44.8842],[19.3728,44.8814],[19.3766,44.863],[19.3696,44.8842]],[[19.4004,42.3259],[19.4027,42.352],[19.4111,42.3648],[19.4004,42.3259]],[[19.4152,42.371],[19.4172,42.3741],[19.5178,42.458],[19.4152,42.371]],[[19.5286,43.9772],[19.6008,44.0144],[19.5934,44.0056],[19.5286,43.9772]],[[19.6218,42.605],[19.676,42.6467],[19.6993,42.6548],[19.6218,42.605]],[[19.7516,42.4934],[19.792,42.4729],[19.7845,42.4746],[19.7516,42.4934]],[[19.8102,42.4687],[19.8267,42.4697],[19.8196,42.4665],[19.8102,42.4687]],[[20.0248,42.7234],[20.1039,42.6531],[20.0361,42.708],[20.0248,42.7234]],[[20.0248,42.7234],[20.0265,42.7432],[20.0332,42.7473],[20.0248,42.7234]],[[20.0392,42.5578],[20.065,42.5468],[20.1526,42.4937],[20.0392,42.5578]],[[20.1169,42.9767],[20.1946,42.9668],[20.2112,42.9599],[20.1169,42.9767]],[[20.2166,42.7983],[20.2176,42.8027],[20.2226,42.8037],[20.2166,42.7983]],[[20.249,39.6848],[20.2875,39.7112],[20.2827,39.7044],[20.249,39.6848]],[[20.3334,42.3179],[20.457,42.2505],[20.4741,42.2352],[20.3334,42.3179]],[[20.4862,42.2243],[20.5008,42.2112],[20.5203,42.1761],[20.4862,42.2243]],[[20.5405,42.1396],[20.5494,42.1235],[20.5522,42.0738],[20.5405,42.1396]],[[20.6225,43.1307],[20.6279,43.1231],[20.6261,43.1237],[20.6225,43.1307]],[[20.6518,43.0704],[20.6692,43.1098],[20.6649,43.0854],[20.6518,43.0704]],[[20.6815,41.844],[20.7121,41.8605],[20.703,41.8496],[20.6815,41.844]],[[20.7596,43.2559],[20.7695,43.2608],[20.7799,43.2601],[20.7596,43.2559]],[[20.8068,43.2583],[20.8194,43.2574],[20.8276,43.2501],[20.8068,43.2583]],[[20.9579,40.5149],[20.999,40.54],[20.9815,40.5233],[20.9579,40.5149]],[[21.0152,40.5556],[21.0237,40.5888],[21.0188,40.559],[21.0152,40.5556]],[[21.0186,40.6909],[21.0353,40.6594],[21.0335,40.6487],[21.0186,40.6909]],[[21.2378,42.0974],[21.2917,42.0921],[21.2889,42.0897],[21.2378,42.0974]],[[21.295,42.149],[21.3013,42.1006],[21.2988,42.0984],[21.295,42.149]],[[21.3613,42.2182],[21.3668,42.2239],[21.3766,42.2226],[21.3613,42.2182]],[[21.5576,42.2639],[21.5717,42.2461],[21.5638,42.247],[21.5576,42.2639]],[[21.7005,42.6856],[21.7089,42.6872],[21.7191,42.684],[21.7005,42.6856]],[[22.0476,42.3045],[22.076,42.3053],[22.0609,42.3011],[22.0476,42.3045]],[[22.5088,42.4049],[22.5365,42.4784],[22.5331,42.4576],[22.5088,42.4049]],[[22.5152,42.5141],[22.5249,42.5077],[22.5365,42.4784],[22.5152,42.5141]],[[22.827,43.2814],[22.8901,43.2269],[22.8838,43.2306],[22.827,43.2814]],[[22.8815,41.3356],[22.917,41.3358],[23.1152,41.3127],[22.8815,41.3356]],[[22.9014,41.8604],[22.9427,41.7758],[22.9397,41.7767],[22.9014,41.8604]],[[22.9045,43.2186],[22.9814,43.199],[22.9155,43.2122],[22.9045,43.2186]],[[22.933,41.6123],[22.9351,41.6189],[22.9332,41.6055],[22.933,41.6123]],[[22.9334,41.595],[22.9487,41.561],[22.9337,41.5846],[22.9334,41.595]],[[22.9385,41.6299],[22.9409,41.6376],[22.9443,41.6388],[22.9385,41.6299]],[[22.967,41.647],[23.0004,41.7015],[22.9986,41.6931],[22.967,41.647]],[[24.1262,41.5294],[24.1463,41.5268],[24.1702,41.5116],[24.1262,41.5294]],[[24.1816,41.5374],[24.1963,41.547],[24.2121,41.5518],[24.1816,41.5374]],[[25.1771,41.2939],[25.2308,41.248],[25.2197,41.2497],[25.1771,41.2939]],[[26.0475,41.6746],[26.0493,41.6823],[26.055,41.6488],[26.0475,41.6746]],[[26.0522,41.6952],[26.0537,41.7015],[26.0579,41.7035],[26.0522,41.6952]],[[26.1312,41.5527],[26.1525,41.547],[26.1544,41.5437],[26.1312,41.5527]],[[26.1459,41.478],[26.1602,41.5019],[26.1593,41.4938],[26.1459,41.478]],[[26.1589,41.5362],[26.1631,41.5291],[26.1617,41.5157],[26.1589,41.5362]],[[26.2304,41.7466],[26.2344,41.7458],[26.2739,41.7149],[26.2304,41.7466]],[[26.3668,41.7112],[26.3774,41.7106],[26.4044,41.6918],[26.3668,41.7112]],[[26.5837,41.3326],[26.6097,41.3307],[26.5911,41.3293],[26.5837,41.3326]]],[[[9.8196,37.2276],[9.8612,37.2338],[9.906,37.2193],[9.842,37.2404],[9.8196,37.2276]]],[[[12.4905,37.7062],[13.192,37.5773],[13.6022,37.2505],[14.2779,37.126],[14.6723,36.7393],[15.0498,36.7393],[15.2102,36.9971],[15.2133,37.1583],[15.0592,37.2549],[15.0665,37.6417],[15.3895,38.1578],[15.5432,38.1578],[15.5865,38.2377],[14.0562,37.9643],[13.6652,37.9643],[13.3547,38.1578],[13.1199,38.1578],[13.0404,38.0288],[12.6522,38.0929],[12.4919,37.8998],[12.4905,37.7062]]],[[[14.5158,45.1042],[14.7791,45.0187],[14.6653,45.0873],[14.6653,45.1618],[14.5974,45.1664],[14.5959,45.2375],[14.5158,45.1042]]],[[[14.9089,44.5813],[14.9595,44.5396],[14.9729,44.5361],[15.0142,44.5187],[15.0073,44.5045],[15.0755,44.4841],[15.0412,44.5275],[15.0039,44.5361],[14.9663,44.5734],[14.9095,44.6068],[14.9089,44.5813]]],[[[15.0415,44.4766],[15.1597,44.3262],[15.2271,44.3264],[15.1651,44.3674],[15.2544,44.34],[15.0415,44.4766]]],[[[15.1642,44.3057],[15.1652,44.3012],[15.1724,44.2991],[15.1642,44.3057]]],[[[15.2158,44.072],[15.2187,44.0591],[15.2398,44.0534],[15.2258,44.0662],[15.2158,44.072]]],[[[15.401,43.904],[15.4461,43.8875],[15.4268,43.9221],[15.4165,43.928],[15.401,43.904]]],[[[16.7272,43.3421],[16.7959,43.3559],[16.7282,43.3691],[16.7272,43.3421]]],[[[17.3552,42.9515],[17.4376,42.9515],[17.3905,42.9777],[17.3566,42.9879],[17.3552,42.9515]]],[[[17.5079,42.7563],[17.5159,42.7684],[17.5085,42.7718],[17.5079,42.7563]]],[[[17.5119,42.8554],[17.6399,42.8788],[17.5261,42.9218],[17.5119,42.8554]]],[[[17.6662,42.8745],[17.677,42.8727],[17.6737,42.8751],[17.6662,42.8745]]],[[[19.7578,39.6436],[19.9065,39.5814],[19.8416,39.7042],[19.947,39.7729],[19.7637,39.7729],[19.7578,39.6436]]],[[[22.833,38.8227],[22.9818,38.845],[22.9564,38.878],[23.0202,38.9214],[22.833,38.8227]]],[[[23.0356,36.6926],[23.0463,36.6833],[23.0517,36.6872],[23.0498,36.6926],[23.0356,36.6926]]],[[[23.0365,38.9279],[23.3318,38.8034],[23.4651,38.8569],[23.2006,39.0093],[23.0365,38.9279]]],[[[23.3122,37.6174],[23.3406,37.6003],[23.3536,37.5821],[23.3442,37.6327],[23.3122,37.6174]]],[[[23.4014,37.3193],[23.4024,37.3193],[23.4023,37.3198],[23.4014,37.3193]]],[[[23.5634,38.7389],[23.6355,38.5286],[23.594,38.4534],[23.6492,38.4057],[24.0422,38.4015],[24.0669,38.351],[24.0254,38.3305],[24.1617,38.2698],[24.1789,38.5451],[24.0302,38.6743],[23.5634,38.7389]]],[[[24.1275,38.2224],[24.1447,38.2224],[24.1426,38.227],[24.157,38.2296],[24.1591,38.2287],[24.1614,38.2661],[24.1311,38.2358],[24.1275,38.2224]]],[[[26.2318,40.0656],[26.3758,40.1535],[26.3456,40.1998],[26.6167,40.3595],[26.6839,40.4849],[26.2723,40.2906],[26.2318,40.0656]]],[[[27.5815,37.1982],[27.5831,37.1912],[27.5877,37.1988],[27.5815,37.1982]]],[[[30.1795,31.2714],[30.1849,31.2719],[30.1795,31.2719],[30.1795,31.2714]]],[[[30.2409,31.2653],[30.2648,31.2719],[30.2479,31.2719],[30.2409,31.2653]]],[[[30.9691,31.5785],[30.9739,31.5799],[30.9739,31.5867],[30.9695,31.5854],[30.9691,31.5785]]],[[[30.978,31.5843],[31.119,31.5305],[31.1608,31.5935],[30.978,31.5843]]],[[[33.9551,26.79],[34.0036,26.7082],[34.0029,26.7316],[33.9756,26.79],[33.9551,26.79]]],[[[8.5453,42.2329],[8.5938,42.1745],[8.5596,42.154],[8.745,42.0566],[8.6457,41.9774],[8.8054,41.9069],[8.7508,41.8455],[8.7849,41.8244],[8.6551,41.7499],[8.9227,41.6946],[8.8018,41.6391],[8.7918,41.5612],[9.0798,41.4824],[9.0964,41.4035],[9.2255,41.3771],[9.2107,41.4482],[9.3506,41.5812],[9.2922,41.6264],[9.3467,41.6196],[9.4016,41.7064],[9.4032,41.9529],[9.5596,42.1466],[9.5281,42.5635],[9.4429,42.6406],[9.464,42.9901],[9.3467,43.0037],[9.3057,42.8393],[9.3425,42.7491],[9.2922,42.6748],[9.1178,42.732],[8.787,42.562],[8.7092,42.5792],[8.6595,42.4299],[8.5491,42.3771],[8.6878,42.2729],[8.5453,42.2329]]],[[[9.4566,42.6474],[9.4768,42.6191],[9.4769,42.6201],[9.4821,42.6201],[9.4566,42.6474]]],[[[10.1632,42.8164],[10.1963,42.7362],[10.3379,42.7648],[10.4307,42.7221],[10.3888,42.7635],[10.4367,42.8044],[10.4124,42.8734],[10.3473,42.8059],[10.1632,42.8164]]],[[[14.2616,44.6158],[14.2712,44.6125],[14.2619,44.6282],[14.2616,44.6158]]],[[[14.2625,44.6582],[14.2742,44.6617],[14.2804,44.6776],[14.2658,44.6795],[14.2629,44.6771],[14.2625,44.6582]]],[[[14.2925,44.9403],[14.4279,44.6566],[14.5047,44.6191],[14.4592,44.9154],[14.2925,44.9403]]],[[[14.3358,44.7168],[14.363,44.5734],[14.5024,44.516],[14.3358,44.7168]]],[[[23.6154,35.5158],[23.6792,35.2584],[24.7574,35.194],[24.8237,35.001],[26.1401,35.0653],[26.2253,35.194],[25.7953,35.1151],[25.6806,35.1297],[25.6923,35.3227],[24.301,35.3227],[24.1499,35.3871],[24.1541,35.465],[24.0669,35.507],[24.1569,35.5158],[23.6154,35.5158]]],[[[22.9016,36.3383],[22.9292,36.178],[23.0533,36.1596],[23.0769,36.2707],[22.9446,36.3894],[22.9016,36.3383]]],[[[24.2754,37.5317],[24.3958,37.6247],[24.3728,37.6852],[24.2893,37.6453],[24.2754,37.5317]]],[[[24.9955,37.6789],[25.1255,37.5559],[25.216,37.5329],[25.2593,37.59],[24.9955,37.6789]]],[[[20.6195,37.8228],[20.7934,37.6685],[20.9261,37.7284],[20.886,37.814],[20.7247,37.8998],[20.6554,37.8998],[20.6195,37.8228]]],[[[24.6878,37.9287],[24.9118,37.7283],[24.9944,37.7541],[24.9538,37.8707],[24.7937,37.9941],[24.6878,37.9287]]],[[[20.339,38.2002],[20.3801,38.1518],[20.4253,38.1753],[20.4351,38.2788],[20.4943,38.1337],[20.7865,38.0933],[20.6817,38.2821],[20.6429,38.2534],[20.5991,38.3026],[20.6258,38.3518],[20.5664,38.416],[20.479,38.3095],[20.3999,38.3641],[20.339,38.2002]]],[[[20.6878,38.3367],[20.7194,38.3156],[20.7387,38.3189],[20.6951,38.3434],[20.6878,38.3367]]],[[[23.4849,38.7389],[23.5634,38.7389],[23.5668,38.7946],[23.4888,38.8034],[23.4849,38.7389]]],[[[24.4362,38.878],[24.557,38.8457],[24.5368,38.7918],[24.6643,38.7732],[24.4915,38.981],[24.4362,38.878]]],[[[20.1453,39.6436],[20.1517,39.6402],[20.1519,39.6436],[20.1453,39.6436]]],[[[24.5197,40.6853],[24.6397,40.5732],[24.7801,40.6122],[24.7864,40.7351],[24.6423,40.8039],[24.5197,40.6853]]],[[[32.2717,35.0728],[32.3294,34.8864],[32.459,34.7219],[32.7099,34.6458],[32.9136,34.6567],[32.9425,34.5794],[33.0303,34.5685],[33.0156,34.6344],[33.0864,34.6948],[33.2601,34.7005],[33.5917,34.8203],[33.7015,34.9729],[34.0685,34.9979],[33.9431,35.0653],[34.0123,35.0638],[33.8999,35.1645],[33.9121,35.26],[34.5384,35.671],[33.6603,35.3593],[33.4275,35.3289],[32.9231,35.3871],[32.9294,35.233],[32.8652,35.157],[32.6897,35.1839],[32.4138,35.043],[32.2717,35.0728]],[[33.7592,34.9887],[33.7911,34.9824],[33.7874,34.98],[33.7592,34.9887]],[[32.712,35.1731],[32.7315,35.1432],[32.7127,35.1634],[32.712,35.1731]],[[33.4666,35.0051],[33.4675,35.0126],[33.4768,35.0027],[33.4666,35.0051]],[[33.6195,35.0168],[33.7115,34.9856],[33.7029,34.9879],[33.6195,35.0168]],[[33.6794,35.0349],[33.7022,35.0223],[33.6794,35.0339],[33.6794,35.0349]],[[33.6966,35.009],[33.7022,35.0223],[33.7002,35.0067],[33.6966,35.009]],[[33.8412,35.0511],[33.8801,35.0731],[33.8551,35.0534],[33.8412,35.0511]]],[[[27.708,36.1688],[27.7519,35.905],[27.9934,36.062],[28.0896,36.0551],[28.0617,36.1165],[28.1634,36.2377],[28.2311,36.4498],[27.8997,36.3402],[27.708,36.1688]]],[[[26.9177,36.7161],[27.1854,36.8037],[27.1442,36.8811],[26.9177,36.7161]]],[[[25.3418,37.083],[25.3936,36.9971],[25.5644,36.9971],[25.5727,37.126],[25.3418,37.083]]],[[[25.99,37.5165],[26.2306,37.5714],[26.312,37.6796],[26.0742,37.6379],[25.99,37.5165]]],[[[25.8407,38.5224],[25.989,38.3793],[25.9644,38.3026],[25.885,38.2794],[25.8898,38.2206],[26.0115,38.1578],[26.1121,38.2226],[26.1636,38.5428],[26.0159,38.602],[25.8696,38.5831],[25.8407,38.5224]]],[[[25.8359,39.1822],[26.1021,39.1115],[26.2256,39.2076],[26.2935,39.1772],[26.1002,39.0858],[26.1657,39.0224],[26.5471,38.9879],[26.437,39.1035],[26.4893,39.1137],[26.5394,39.0194],[26.61,39.0229],[26.5397,39.166],[26.3822,39.2771],[26.4074,39.3347],[26.1658,39.3681],[26.0606,39.2895],[25.9226,39.2911],[25.8359,39.1822]]],[[[25.0447,39.9853],[25.047,39.8376],[25.2043,39.8376],[25.2388,39.9195],[25.2798,39.8891],[25.2388,39.8581],[25.3551,39.8376],[25.348,39.9064],[25.4499,39.9884],[25.4377,40.0317],[25.2852,39.9534],[25.2251,40.0089],[25.0447,39.9853]]],[[[25.7052,40.1144],[26.0122,40.1666],[25.9631,40.1571],[25.926,40.2428],[25.759,40.2067],[25.7052,40.1144]]],[[[32.6053,45.4968],[33.6101,45.1042],[33.6092,44.8717],[33.5151,44.6466],[33.5715,44.6206],[33.4767,44.6099],[33.5086,44.4953],[33.6249,44.4507],[33.7638,44.4507],[34.5385,44.7773],[34.5478,44.8426],[35.2971,44.9734],[35.4267,45.3004],[35.0199,45.3004],[34.9864,45.6278],[34.7419,45.6278],[34.5978,45.7588],[34.6167,45.8898],[34.3812,45.9554],[34.3184,46.0865],[33.737,46.0209],[33.7271,45.9501],[33.777,45.9296],[33.722,45.9136],[33.7096,45.8243],[32.6053,45.4968]]]]}},{"type":"Feature","properties":{"relationId":"cliopatria-relation-a8d347c645e2","name":"(Allegiance of Ostrogothic Kingdom to Eastern Roman Empire)","name_ko":"동고트 왕국–동로마 제국 충성·복속 관계","relationKind":"allegiance","relation_kind_ko":"충성·복속 관계","actor_ids":"cliopatria-q583038-7d984a97b7;cliopatria-q12544-03f6c8deaf","actor_names_ko":"동고트 왕국;동로마 제국","color":"#e7b763","startYear":540,"endYear":545,"source_name":"Cliopatria v0.2.0","source_url":"https://github.com/Seshat-Global-History-Databank/cliopatria","license":"CC BY 4.0","attribution":"Seshat Global History Databank, Cliopatria contributors"},"geometry":{"type":"MultiPolygon","coordinates":[[[[0.759,36.3415],[0.7669,36.1596],[0.922,36.1596],[1.005,36.0308],[1.1547,36.1596],[2.008,36.1596],[2.0031,36.2884],[2.3159,36.224],[2.7747,36.4172],[5.6494,36.3528],[5.8795,36.4816],[6.3468,36.4172],[6.422,36.546],[6.8893,36.4816],[6.9647,36.6105],[7.5865,36.6105],[7.9024,36.224],[7.8282,35.9664],[7.9057,35.9664],[7.9114,35.5158],[7.9888,35.5158],[7.9942,35.0653],[8.2286,34.8079],[8.4594,34.8723],[8.8462,34.7436],[8.9263,34.3577],[9.0033,34.3577],[8.9288,34.0361],[9.0826,34.0361],[9.3159,33.5859],[9.6236,33.4574],[9.5475,33.3288],[9.625,33.1359],[10.0848,33.1359],[10.0086,33.0073],[10.3916,33.0073],[11.1572,32.6859],[11.3099,32.4931],[11.4629,32.5574],[11.539,32.4288],[11.7684,32.4288],[11.7679,32.3002],[12.4559,32.3645],[13.0667,32.3002],[13.0657,32.1717],[13.2953,32.236],[13.8286,32.1074],[14.5861,31.6575],[14.5844,31.529],[15.1873,31.0791],[15.1845,30.8863],[15.4896,30.9506],[16.7012,30.6935],[18.2813,30.0508],[19.1911,30.0508],[20.9516,30.565],[21.9388,30.565],[22.7667,30.3722],[22.7618,30.2436],[22.916,30.3079],[23.5101,29.9865],[24.26,29.7937],[24.3304,29.6652],[24.7792,29.5366],[24.8467,29.3438],[25.0008,29.4081],[25.1465,29.2795],[25.3735,29.2795],[25.5863,28.9581],[27.1401,28.251],[27.285,28.1224],[27.2763,27.9295],[27.4299,27.9938],[27.792,27.6724],[27.7109,27.5438],[27.9367,27.5438],[28.1537,27.3509],[28.2702,26.5794],[28.3453,26.5794],[28.2437,25.9365],[28.2886,25.165],[28.5688,24.6506],[29.6728,24.2006],[29.9595,23.8792],[30.1087,23.8792],[30.104,23.7506],[30.3952,23.5577],[30.4627,23.3649],[31.6705,23.7506],[32.0409,23.6863],[33.389,23.8149],[33.7564,23.6863],[35.108,23.8792],[35.4808,23.8253],[35.5139,23.9771],[35.7925,23.9023],[35.7386,23.9833],[35.4938,24.1089],[35.3919,24.2828],[35.1446,24.5002],[35.1603,24.5746],[34.5466,25.725],[34.3387,26.0018],[34.014,26.6116],[33.9414,26.6535],[33.9961,26.8966],[33.8368,27.1208],[33.8384,27.2426],[33.6917,27.3419],[33.4963,27.6466],[33.5877,27.651],[33.5579,27.7599],[33.4735,27.8232],[33.5921,27.7912],[33.5544,27.8965],[33.2494,28.1429],[33.0029,28.4895],[32.8689,28.5789],[32.8069,28.7781],[32.6255,28.9727],[32.6528,29.081],[32.5623,29.3863],[32.3377,29.5925],[32.3639,29.6882],[32.5095,29.8668],[32.4769,29.9322],[32.5715,29.9426],[32.5778,30.0114],[32.6045,29.8242],[32.6907,29.7336],[32.7239,29.4705],[32.8172,29.414],[32.8856,29.2431],[33.1779,28.9896],[33.2287,28.5694],[33.5538,28.3153],[33.7634,28.024],[34.0785,27.8007],[34.2631,27.7367],[34.2141,27.7915],[34.4281,27.9859],[34.4553,28.1749],[34.4102,28.32],[34.6245,28.736],[34.7366,29.3113],[34.9572,29.569],[34.9817,29.4804],[36.3193,30.8863],[36.2765,31.2719],[36.3526,31.2719],[36.4919,31.9789],[36.5682,31.9789],[36.5155,32.236],[36.901,33.0716],[38.2346,34.1004],[37.2028,35.2584],[36.1246,36.0308],[36.0815,36.3528],[36.4981,36.6105],[37.2753,36.6105],[38.0051,36.8682],[38.472,36.8682],[38.6433,36.9971],[39.2742,37.0615],[40.0167,37.3838],[41.1349,37.5773],[41.1282,38.0933],[40.9115,38.2224],[40.9479,38.4806],[40.8695,38.4806],[40.9663,38.6097],[40.9817,39.2557],[41.2566,39.5143],[41.326,39.967],[41.4839,39.967],[41.6725,40.1612],[41.7035,40.3554],[41.3598,40.6792],[41.5348,41.2625],[41.8061,41.4571],[41.8392,41.6518],[41.7097,41.7085],[41.5674,41.4571],[41.4471,41.4571],[41.3071,41.3274],[40.5393,41.0032],[40.4492,41.0425],[40.3703,40.9384],[39.7355,40.9384],[39.1683,41.0797],[38.9208,41.0382],[38.7834,40.9384],[38.2977,40.8736],[38.2217,40.9441],[38.0253,40.9769],[37.8312,40.9384],[37.7706,41.068],[37.2147,41.068],[37.226,41.1475],[37.0651,41.1328],[36.7748,41.3274],[36.451,41.2404],[36.2092,41.2625],[35.9561,41.7127],[35.9227,41.6462],[35.9457,41.7167],[35.5767,41.6297],[35.157,41.7167],[35.0921,41.928],[35.123,42.0248],[35.0615,42.0413],[34.9178,42.0413],[34.7845,41.9114],[33.2771,41.9764],[32.6675,41.8369],[32.6947,41.7816],[31.4983,41.352],[31.3928,41.1884],[31.1801,41.068],[30.6242,41.068],[30.53,41.1522],[30.3513,41.1922],[30.1369,41.1438],[29.0894,41.1382],[29.0524,41.068],[29.1156,41.068],[29.1034,40.9447],[29.2639,40.8698],[29.2949,40.8388],[29.2546,40.8108],[29.493,40.8736],[29.4438,40.7766],[29.9393,40.7351],[29.5599,40.6911],[29.4906,40.7272],[28.9422,40.6184],[28.9156,40.4714],[29.1515,40.4341],[29.0463,40.3554],[27.9388,40.3554],[27.904,40.3999],[27.9505,40.4849],[27.7921,40.4849],[27.7918,40.3929],[27.8836,40.3863],[27.6958,40.2906],[27.5376,40.2906],[27.2948,40.4059],[26.6819,40.3561],[26.408,40.1937],[26.311,40.0195],[26.2205,40.0029],[26.1325,39.5143],[26.9377,39.5748],[26.9299,39.4877],[26.801,39.4335],[26.7422,39.2557],[26.8945,39.1911],[26.8793,38.9972],[26.9579,38.9972],[26.9399,38.9327],[27.0413,38.9401],[27.0627,38.8869],[26.9084,38.8204],[26.9314,38.7551],[26.8495,38.6097],[27.0798,38.5451],[27.0728,38.4537],[27.1642,38.4466],[27.0694,38.4094],[27.065,38.3515],[26.6762,38.3515],[26.6731,38.3072],[26.595,38.3515],[26.5358,38.6097],[26.3895,38.6719],[26.4058,38.4535],[26.513,38.4329],[26.4515,38.4261],[26.4289,38.2224],[26.8203,38.2224],[26.889,38.0933],[27.2753,38.0288],[27.2559,37.7707],[27.1794,37.6106],[27.31,37.4483],[27.2461,37.3362],[27.4072,37.4127],[27.4385,37.3908],[27.3921,37.3538],[27.5392,37.3838],[27.5644,37.2735],[27.616,37.2747],[27.598,37.126],[28.0653,37.126],[28.1313,37.0363],[28.3294,37.0368],[28.2124,37.0004],[28.1653,36.9116],[28.1034,36.9353],[28.0583,36.7721],[28.1184,36.8006],[28.1305,36.754],[28.0314,36.6749],[28.1961,36.6854],[28.2572,36.8462],[28.315,36.8291],[28.2934,36.7959],[28.452,36.8836],[28.5905,36.8682],[28.7361,36.7393],[29.1249,36.7393],[29.2163,36.3291],[29.3496,36.2326],[29.4116,36.2674],[29.4666,36.224],[29.938,36.224],[30.0261,36.3528],[30.4919,36.3528],[30.6191,36.9326],[31.086,36.9326],[32.0681,36.6105],[32.4985,36.224],[32.5369,36.1],[32.733,36.0376],[33.2744,36.224],[33.8711,36.3149],[33.9791,36.2884],[34.2507,36.6749],[34.5816,36.8682],[34.8929,36.8682],[34.9352,36.726],[35.1127,36.7393],[35.3323,36.6105],[35.4875,36.6105],[35.8336,36.9326],[36.1449,36.9326],[36.2862,36.8037],[36.2649,36.6105],[35.8417,36.2884],[35.9901,36.224],[35.9767,36.001],[35.8449,35.5802],[35.9929,35.5158],[35.9153,35.2879],[35.9624,35.1979],[35.927,34.8723],[36.0682,34.7436],[36.0488,34.5506],[35.7921,34.2933],[35.6652,34.3113],[35.6838,33.9718],[35.4705,33.9021],[35.4993,33.6502],[35.3944,33.65],[35.3984,33.3931],[35.2154,33.0716],[35.089,33.0205],[35.0218,32.6216],[34.8851,32.4821],[34.7926,32.161],[34.813,31.9789],[34.6909,31.9134],[34.6028,31.7558],[34.6334,31.6575],[34.3076,31.4005],[34.2972,31.2719],[33.7493,31.0791],[32.8317,31.0148],[32.8055,31.0655],[32.6665,31.0523],[32.7907,31.0941],[32.6016,31.061],[32.3894,31.2076],[32.2944,31.2076],[32.3039,31.0791],[32.1065,31.0534],[31.9996,31.0791],[31.9063,31.2516],[31.7806,31.2076],[31.8077,31.2812],[31.7691,31.2988],[31.8741,31.4647],[31.2658,31.4647],[31.1215,31.5275],[31.0291,31.5185],[30.9807,31.4365],[30.7985,31.4465],[30.7344,31.3881],[30.5427,31.395],[30.6916,31.4647],[30.352,31.4647],[30.3019,31.3422],[30.3388,31.2719],[30.2887,31.2379],[29.9904,31.2719],[29.8315,31.1513],[29.8696,31.0791],[29.6332,30.9506],[29.5543,30.9848],[29.4481,30.9336],[29.3971,30.822],[28.865,30.822],[28.4964,31.0148],[27.5149,31.1434],[27.2975,31.3362],[26.9303,31.4411],[25.248,31.4647],[25.102,31.5933],[25.1097,31.7462],[24.8925,31.9789],[24.1294,31.9789],[23.6803,32.1717],[23.3122,32.1627],[23.0806,32.3341],[23.0894,32.6216],[21.99,32.9134],[21.8067,32.9133],[21.4117,32.7502],[21.0578,32.7736],[20.8712,32.6216],[20.7962,32.6428],[20.6898,32.6041],[20.7159,32.5574],[20.563,32.5574],[20.482,32.4288],[20.417,32.4565],[20.3255,32.4098],[20.2461,32.236],[20.0715,32.1764],[19.9961,31.5933],[20.2143,31.2719],[20.1467,31.1636],[20.2021,30.8863],[19.9682,30.6935],[19.9643,30.565],[19.655,30.3722],[18.9686,30.2436],[18.787,30.3722],[18.5925,30.3722],[18.2175,30.7602],[17.8486,30.9237],[16.8136,31.2076],[16.1786,31.2076],[15.649,31.4005],[15.5323,31.6118],[15.4246,31.6575],[15.2823,32.3002],[15.0825,32.4133],[14.4444,32.4931],[14.0979,32.7281],[13.4537,32.8145],[13.2571,32.9186],[12.8413,32.8085],[12.8408,32.7502],[12.229,32.8145],[11.4544,33.2002],[11.1578,33.2002],[11.0798,33.5856],[10.7381,33.478],[10.584,33.6644],[10.2368,33.7146],[10.0058,33.9075],[10.0052,34.1706],[10.0661,34.242],[10.0045,34.2933],[10.543,34.5506],[10.8512,34.8079],[10.8512,34.9366],[10.9844,34.9994],[11.055,35.1404],[11.0057,35.3871],[11.0831,35.5073],[11.0161,35.5802],[10.9284,35.5802],[10.839,35.7683],[10.6962,35.7089],[10.4635,35.902],[10.5349,36.3573],[10.4625,36.4172],[11.0062,36.8037],[11.0063,36.9971],[10.5187,36.7558],[10.3553,36.7312],[10.1885,36.7976],[10.2685,36.9378],[10.1824,37.027],[10.2271,37.1177],[10.1281,37.1587],[10.2272,37.1949],[9.925,37.213],[9.8159,37.1518],[9.7718,37.2133],[9.8157,37.2491],[9.6158,37.3151],[9.0595,37.0615],[8.9723,37.0975],[8.8244,36.9795],[8.6443,36.9535],[8.5164,36.8682],[7.7383,36.8682],[7.4902,37.055],[7.3979,37.0615],[7.3463,37.0615],[7.1937,36.8682],[6.8047,36.8682],[6.3339,37.0615],[6.2357,36.9212],[6.1043,36.8741],[6.1058,36.8037],[5.5581,36.7337],[5.3044,36.643],[5.0978,36.6749],[4.8595,36.8682],[4.262,36.9116],[3.85,36.8037],[3.664,36.8344],[3.2299,36.7393],[2.8411,36.7393],[2.6008,36.5963],[2.3516,36.6383],[1.5296,36.4816],[1.197,36.5118],[1.144,36.4172],[0.759,36.3415]],[[24.6883,30.1442],[24.6887,30.1828],[24.6967,30.127],[24.6883,30.1442]],[[24.6887,30.1828],[24.7629,30.3171],[24.767,30.3214],[24.6887,30.1828]],[[34.9635,29.5941],[34.967,29.6081],[34.9898,29.652],[34.9635,29.5941]],[[35.4529,31.4008],[35.4585,31.4916],[35.4587,31.4916],[35.4593,31.4958],[35.4529,31.4008]],[[35.552,32.3679],[35.5533,32.3691],[35.5656,32.3134],[35.552,32.3679]],[[35.5568,32.3724],[35.5594,32.3748],[35.5656,32.3679],[35.5568,32.3724]],[[35.5585,32.5191],[35.5614,32.5192],[35.5674,32.5102],[35.5585,32.5191]],[[35.5594,32.4704],[35.5626,32.4747],[35.5725,32.4567],[35.5594,32.4704]],[[35.5688,32.4829],[35.5778,32.4948],[35.58,32.4915],[35.5688,32.4829]],[[35.7716,32.7467],[35.7749,32.7473],[35.7882,32.7344],[35.7716,32.7467]],[[36.2318,33.8525],[36.3178,33.8272],[36.3006,33.8287],[36.2318,33.8525]],[[36.2672,33.9104],[36.2886,33.9465],[36.2691,33.9073],[36.2672,33.9104]],[[36.2699,33.906],[36.3111,33.872],[36.2753,33.8972],[36.2699,33.906]]],[[[6.6343,45.1042],[6.6375,44.9734],[6.9652,44.8426],[6.8957,44.3201],[7.2232,44.1243],[7.1502,43.733],[8.0339,43.9286],[8.1916,44.1896],[8.5925,44.4507],[9.1591,44.4507],[9.7274,44.1243],[9.9697,44.1243],[9.9627,44.0447],[10.1314,44.0591],[10.3742,43.6678],[10.5391,43.0796],[11.0163,42.8213],[11.0159,42.6629],[11.176,42.6262],[11.2552,42.4312],[11.4152,42.4312],[11.569,42.3314],[11.6548,42.3662],[11.8128,42.1063],[12.1317,42.0413],[12.1305,41.9131],[13,41.3274],[13.7145,41.2625],[13.862,41.1328],[13.9506,41.1328],[14.1046,40.8736],[14.4219,40.8736],[14.4194,40.7517],[14.4741,40.7297],[14.4363,40.6792],[14.8934,40.6792],[15.0414,40.2259],[15.1995,40.2259],[15.4319,40.0317],[15.5349,40.0778],[15.7478,40.0317],[15.7136,39.978],[15.7736,39.8424],[15.8989,39.7729],[16.1165,39.0618],[16.2703,38.9326],[16.2652,38.7389],[15.9497,38.6743],[15.8621,38.2869],[15.6328,38.2203],[15.6982,37.9643],[15.9328,37.9643],[16.4919,38.416],[16.5024,38.8034],[17.1383,39.0618],[17.0697,39.385],[16.9162,39.5143],[16.4473,39.6436],[16.4567,39.967],[16.6769,40.1511],[16.6245,40.2906],[16.777,40.2906],[16.9137,40.4464],[16.868,40.4849],[17.0285,40.5496],[17.3452,40.5496],[17.4175,40.3554],[17.8131,40.3554],[18.1122,39.9023],[18.3489,39.9023],[18.4381,40.1612],[17.9812,40.6144],[17.5107,40.744],[17.2027,41.0032],[15.9439,41.3922],[15.8738,41.7167],[16.1149,41.7816],[16.1189,41.9114],[15.2414,41.9114],[14.7659,42.0413],[14.7178,42.1506],[14.6077,42.1063],[14.5308,42.2362],[14.3709,42.2362],[14.0565,42.4962],[13.9014,42.7563],[13.9329,42.8295],[13.8625,43.0186],[13.7471,43.0816],[13.6726,43.4072],[13.3874,43.6413],[13.0338,43.733],[13.019,43.8567],[12.8734,43.7982],[12.313,44.1896],[12.1537,44.4507],[12.1572,44.8426],[12.4001,44.7989],[12.4026,45.0388],[12.3688,45.011],[12.16,45.1696],[12.1628,45.4968],[12.6522,45.5623],[12.8168,45.6933],[13.0658,45.6401],[13.1448,45.8243],[13.7149,45.7588],[13.7393,45.6491],[13.8081,45.6143],[13.7119,45.5933],[13.7529,45.5529],[13.7102,45.4968],[13.5473,45.4968],[13.5448,45.3427],[13.7056,45.235],[13.8032,44.908],[13.9432,44.908],[13.9457,45.0388],[14.1552,45.0388],[14.1962,45.3659],[14.6031,45.3659],[14.576,45.2623],[14.8528,45.0937],[14.9187,44.9734],[14.9113,44.6789],[15.308,44.3544],[15.5287,44.2718],[15.2612,44.3326],[15.2953,44.2507],[15.1981,44.3017],[15.1765,44.25],[15.2129,44.131],[15.4591,43.9938],[15.4551,43.928],[15.6186,43.9286],[15.6954,43.7982],[15.8566,43.7982],[16.0117,43.6027],[15.9595,43.504],[16.5754,43.6027],[16.7342,43.5375],[16.7302,43.4247],[17.0513,43.4072],[17.1139,43.2132],[17.2058,43.1691],[17.3654,43.2118],[17.3606,43.0893],[17.4336,43.0174],[17.502,43.031],[17.5156,42.9589],[17.9915,42.8213],[18.2191,42.5984],[18.6286,42.4482],[18.6873,42.4829],[18.7063,42.4197],[18.852,42.3662],[19.4436,41.8653],[19.5916,41.8188],[19.5576,41.6605],[19.613,41.6053],[19.4715,41.5823],[19.5297,41.522],[19.4438,41.3922],[19.5233,41.3922],[19.4555,41.1485],[19.5234,40.9206],[19.3688,40.8022],[19.3044,40.6531],[19.4863,40.6144],[19.4714,40.2906],[19.6295,40.2906],[20.0094,39.967],[19.9876,39.7083],[20.155,39.7083],[20.2972,39.385],[20.9538,39.0342],[21.0584,39.009],[21.0852,39.0629],[21.1599,38.9977],[21.1774,38.876],[21.1023,38.9108],[21.0852,38.8643],[21.0274,38.9326],[20.8599,38.9605],[20.7414,38.8034],[20.9737,38.7389],[21.1933,38.416],[21.3376,38.3989],[21.3225,38.4963],[21.4224,38.3889],[21.7625,38.3284],[21.8312,38.3967],[21.9876,38.4106],[22.1892,38.3231],[22.3823,38.3427],[22.4016,38.4534],[22.5625,38.2935],[22.6465,38.39],[22.8057,38.227],[23.2234,38.1592],[23.1729,38.0795],[22.8755,38.0493],[22.9754,37.979],[22.8672,37.9395],[22.6804,38.0666],[21.8495,38.3413],[21.7333,38.2514],[21.7286,38.1578],[21.4156,38.1578],[21.2436,37.8352],[21.6966,37.5128],[21.6958,37.3164],[21.6031,37.1904],[21.681,37.1904],[21.7435,36.8682],[21.8992,36.8682],[21.9085,37.0615],[22.22,37.0615],[22.3757,36.6749],[22.5118,36.6749],[22.5994,36.8682],[22.8328,36.8682],[23.0391,36.7062],[22.8532,37.2549],[22.7007,37.3193],[22.7144,37.5773],[22.9486,37.5773],[23.1756,37.4483],[23.1685,37.3193],[23.278,37.3498],[23.23,37.3749],[23.2627,37.401],[23.3849,37.4134],[23.36,37.5475],[23.1083,37.6417],[23.0151,37.9252],[23.2044,37.963],[23.2082,38.0288],[23.5746,38.0468],[23.5597,37.9866],[23.9786,37.8352],[24.0361,38.2224],[23.6729,38.3564],[23.5929,38.4806],[23.3126,38.4806],[23.1826,38.6538],[23.1045,38.6384],[22.9149,38.7756],[22.5251,38.8581],[22.6216,38.9145],[22.792,38.878],[23.0731,39.0363],[22.9639,39.009],[22.9981,39.0698],[22.9516,39.1238],[22.7973,39.0618],[22.8163,39.385],[23.1318,39.4489],[22.6109,39.9023],[22.6497,39.9853],[22.5437,40.0964],[22.5716,40.5496],[22.9105,40.6446],[22.9832,40.5527],[22.9265,40.5153],[22.9592,40.4201],[23.7374,40.2259],[23.6936,40.3092],[23.7777,40.3548],[23.8386,40.5496],[23.6846,40.6144],[23.698,40.8088],[24.0106,40.744],[24.3466,41.0032],[25.1384,41.0101],[25.1358,40.9692],[25.8495,40.9384],[26.0822,40.8736],[26.1403,40.6144],[26.5472,40.744],[26.621,40.6792],[26.9324,40.6144],[26.7685,40.5496],[26.8466,40.5165],[26.9576,40.5584],[27.0172,40.6792],[27.5275,41.068],[29.0429,41.068],[29.0645,41.1371],[28.9631,41.1328],[28.975,41.2529],[28.5053,41.3274],[28.0814,41.6518],[27.9794,41.6518],[28.0043,41.9114],[27.7835,42.1063],[27.7804,42.2434],[27.4529,42.4801],[27.5135,42.6262],[27.8466,42.7563],[27.8049,43.1467],[27.8982,43.2769],[28.0607,43.3092],[28.1925,43.4078],[28.1592,43.4723],[28.4811,43.4723],[28.6163,43.9938],[28.5356,43.9938],[28.5769,44.3854],[28.7612,44.5223],[28.7578,44.6268],[28.8362,44.6268],[28.784,44.6492],[28.8257,44.7332],[28.802,44.9734],[28.9832,45.0123],[29.1106,44.97],[29.0418,44.9257],[29.0603,44.8323],[29.0964,44.8751],[29.1388,44.8392],[29.1009,44.7773],[29.5253,44.908],[29.6213,45.0388],[29.6659,45.4313],[29.5105,45.4968],[28.4307,45.3004],[28.275,45.3659],[28.2376,45.4521],[28.2814,45.4265],[28.2888,45.4968],[28.0513,45.5623],[28.0376,45.4313],[27.7867,45.3659],[27.7666,45.1696],[27.9224,45.1042],[27.8888,44.7773],[27.7266,44.7773],[27.7067,44.5813],[27.8687,44.5813],[27.8488,44.3854],[27.9297,44.3854],[27.7481,44.1896],[26.3682,44.1243],[25.5205,43.6678],[24.8062,43.7982],[24.0754,43.733],[23.9244,43.8634],[23.3647,43.9286],[23.1937,43.7982],[22.9518,43.7982],[22.8479,43.4723],[22.6019,43.4072],[22.3784,43.6678],[22.0605,43.733],[21.5214,44.1243],[20.887,44.3201],[20.6559,44.516],[20.1628,44.3854],[20.0965,44.6466],[19.9344,44.6466],[19.6242,44.908],[19.1406,44.9734],[19.2384,45.3004],[18.9976,45.3659],[19.0041,45.4968],[18.9227,45.4968],[18.7788,45.8898],[18.8604,45.8898],[18.8283,45.9057],[19.0501,46.4145],[18.8141,46.6115],[18.8337,47.0058],[19.0837,47.0716],[19.1833,47.4006],[19.2657,47.4006],[19.2692,47.4665],[18.9496,47.6641],[18.9565,47.7959],[18.798,47.9278],[18.626,47.7959],[17.6346,47.7959],[17.3124,47.9938],[17.0669,48.0597],[17.0723,48.1917],[16.9895,48.1917],[16.9921,48.2578],[16.8238,48.1917],[16.8264,48.2578],[16.5803,48.3238],[16.0783,48.1917],[15.4985,48.1917],[15.171,48.3238],[14.7565,48.3238],[14.4217,48.1917],[14.4171,47.9938],[14.5809,47.9278],[14.5778,47.7959],[13.7455,47.4665],[13.6549,47.0058],[12.8336,47.0716],[12.8312,46.8743],[12.9133,46.8743],[12.828,46.6115],[12.0905,46.6772],[11.9251,46.4802],[11.5151,46.4145],[10.5323,46.4145],[10.3679,46.6115],[10.0399,46.6115],[10.0409,46.4145],[10.1228,46.4145],[10.0415,46.2833],[9.55,46.3489],[9.3851,46.4802],[9.1427,46.1521],[8.4895,46.0865],[8.4145,45.6278],[8.5784,45.5623],[8.5818,45.3004],[8.1751,45.3004],[7.8462,45.4968],[7.1147,45.4313],[7.0377,45.235],[6.6343,45.1042]],[[6.9828,44.847],[7.0049,44.828],[7.0043,44.8249],[6.9828,44.847]],[[7.3093,44.1475],[7.339,44.1249],[7.331,44.1253],[7.3093,44.1475]],[[10.0427,46.2205],[10.1026,46.2289],[10.0757,46.22],[10.0427,46.2205]],[[10.0924,46.3381],[10.0956,46.344],[10.0935,46.3356],[10.0924,46.3381]],[[10.0998,46.321],[10.1589,46.2624],[10.1049,46.3094],[10.0998,46.321]],[[10.1015,46.3549],[10.105,46.3614],[10.1332,46.3811],[10.1015,46.3549]],[[13.5068,46.5469],[13.5492,46.5458],[13.607,46.5329],[13.5068,46.5469]],[[14.1499,46.4401],[14.3958,46.441],[14.3993,46.4393],[14.1499,46.4401]],[[14.412,46.4332],[14.4509,46.4145],[14.42,46.4244],[14.412,46.4332]],[[15.972,46.8206],[15.9817,46.8277],[16.0941,46.8629],[16.094,46.8628],[15.972,46.8206]],[[16.2337,46.4787],[16.2349,46.4933],[16.2509,46.405],[16.2337,46.4787]],[[16.3476,46.5436],[16.3579,46.547],[16.3517,46.5395],[16.3476,46.5436]],[[17.0386,46.169],[17.0889,46.1362],[17.0529,46.1535],[17.0386,46.169]],[[17.0856,47.9701],[17.1483,48.0054],[17.1848,48.0203],[17.0856,47.9701]],[[17.1069,46.1276],[17.2086,46.1166],[17.1162,46.1231],[17.1069,46.1276]],[[18.4437,42.8345],[18.4517,42.8023],[18.4446,42.8171],[18.4437,42.8345]],[[18.4598,42.7852],[18.4838,42.7525],[18.4674,42.7692],[18.4598,42.7852]],[[18.6487,45.0627],[18.6713,45.0869],[18.6766,45.086],[18.6487,45.0627]],[[18.6798,45.0855],[18.6841,45.0848],[18.7383,45.0159],[18.6798,45.0855]],[[18.8896,44.8612],[19.0158,44.8656],[19.0726,44.8767],[19.0684,44.8748],[19.005,44.8633],[18.8896,44.8612]],[[19.1228,43.5359],[19.2175,43.5328],[19.1953,43.5328],[19.1228,43.5359]],[[19.2435,44.002],[19.2728,44.0124],[19.2814,44.0115],[19.2435,44.002]],[[19.2749,42.1913],[19.4004,42.3259],[19.2764,42.1857],[19.2749,42.1913]],[[19.2803,42.1714],[19.2925,42.1577],[19.2821,42.1646],[19.2803,42.1714]],[[19.2925,44.0103],[19.3006,44.0095],[19.3646,43.9733],[19.2925,44.0103]],[[19.3074,44.2742],[19.3243,44.264],[19.3319,44.2539],[19.3074,44.2742]],[[19.3415,44.8988],[19.3532,44.899],[19.3644,44.889],[19.3415,44.8988]],[[19.3454,44.2358],[19.354,44.2243],[19.3624,44.1912],[19.3454,44.2358]],[[19.3624,44.1912],[19.4426,44.1432],[19.3812,44.1771],[19.3624,44.1912]],[[19.3696,44.8842],[19.3728,44.8814],[19.3766,44.863],[19.3696,44.8842]],[[19.4004,42.3259],[19.4027,42.352],[19.4111,42.3648],[19.4004,42.3259]],[[19.4152,42.371],[19.4172,42.3741],[19.5178,42.458],[19.4152,42.371]],[[19.5286,43.9772],[19.6008,44.0144],[19.5934,44.0056],[19.5286,43.9772]],[[19.6218,42.605],[19.676,42.6467],[19.6993,42.6548],[19.6218,42.605]],[[19.7516,42.4934],[19.792,42.4729],[19.7845,42.4746],[19.7516,42.4934]],[[19.8102,42.4687],[19.8267,42.4697],[19.8196,42.4665],[19.8102,42.4687]],[[20.0248,42.7234],[20.1039,42.6531],[20.0361,42.708],[20.0248,42.7234]],[[20.0248,42.7234],[20.0265,42.7432],[20.0332,42.7473],[20.0248,42.7234]],[[20.0392,42.5578],[20.065,42.5468],[20.1526,42.4937],[20.0392,42.5578]],[[20.1169,42.9767],[20.1946,42.9668],[20.2112,42.9599],[20.1169,42.9767]],[[20.2166,42.7983],[20.2176,42.8027],[20.2226,42.8037],[20.2166,42.7983]],[[20.249,39.6848],[20.2875,39.7112],[20.2827,39.7044],[20.249,39.6848]],[[20.3334,42.3179],[20.457,42.2505],[20.4741,42.2352],[20.3334,42.3179]],[[20.4862,42.2243],[20.5008,42.2112],[20.5203,42.1761],[20.4862,42.2243]],[[20.5405,42.1396],[20.5494,42.1235],[20.5522,42.0738],[20.5405,42.1396]],[[20.6225,43.1307],[20.6279,43.1231],[20.6261,43.1237],[20.6225,43.1307]],[[20.6518,43.0704],[20.6692,43.1098],[20.6649,43.0854],[20.6518,43.0704]],[[20.6815,41.844],[20.7121,41.8605],[20.703,41.8496],[20.6815,41.844]],[[20.7596,43.2559],[20.7695,43.2608],[20.7799,43.2601],[20.7596,43.2559]],[[20.8068,43.2583],[20.8194,43.2574],[20.8276,43.2501],[20.8068,43.2583]],[[20.9579,40.5149],[20.999,40.54],[20.9815,40.5233],[20.9579,40.5149]],[[21.0152,40.5556],[21.0237,40.5888],[21.0188,40.559],[21.0152,40.5556]],[[21.0186,40.6909],[21.0353,40.6594],[21.0335,40.6487],[21.0186,40.6909]],[[21.2378,42.0974],[21.2917,42.0921],[21.2889,42.0897],[21.2378,42.0974]],[[21.295,42.149],[21.3013,42.1006],[21.2988,42.0984],[21.295,42.149]],[[21.3613,42.2182],[21.3668,42.2239],[21.3766,42.2226],[21.3613,42.2182]],[[21.5576,42.2639],[21.5717,42.2461],[21.5638,42.247],[21.5576,42.2639]],[[21.7005,42.6856],[21.7089,42.6872],[21.7191,42.684],[21.7005,42.6856]],[[22.0476,42.3045],[22.076,42.3053],[22.0609,42.3011],[22.0476,42.3045]],[[22.5088,42.4049],[22.5365,42.4784],[22.5331,42.4576],[22.5088,42.4049]],[[22.5152,42.5141],[22.5249,42.5077],[22.5365,42.4784],[22.5152,42.5141]],[[22.827,43.2814],[22.8901,43.2269],[22.8838,43.2306],[22.827,43.2814]],[[22.8815,41.3356],[22.917,41.3358],[23.1152,41.3127],[22.8815,41.3356]],[[22.9014,41.8604],[22.9427,41.7758],[22.9397,41.7767],[22.9014,41.8604]],[[22.9045,43.2186],[22.9814,43.199],[22.9155,43.2122],[22.9045,43.2186]],[[22.933,41.6123],[22.9351,41.6189],[22.9332,41.6055],[22.933,41.6123]],[[22.9334,41.595],[22.9487,41.561],[22.9337,41.5846],[22.9334,41.595]],[[22.9385,41.6299],[22.9409,41.6376],[22.9443,41.6388],[22.9385,41.6299]],[[22.967,41.647],[23.0004,41.7015],[22.9986,41.6931],[22.967,41.647]],[[24.1262,41.5294],[24.1463,41.5268],[24.1702,41.5116],[24.1262,41.5294]],[[24.1816,41.5374],[24.1963,41.547],[24.2121,41.5518],[24.1816,41.5374]],[[25.1771,41.2939],[25.2308,41.248],[25.2197,41.2497],[25.1771,41.2939]],[[26.0475,41.6746],[26.0493,41.6823],[26.055,41.6488],[26.0475,41.6746]],[[26.0522,41.6952],[26.0537,41.7015],[26.0579,41.7035],[26.0522,41.6952]],[[26.1312,41.5527],[26.1525,41.547],[26.1544,41.5437],[26.1312,41.5527]],[[26.1459,41.478],[26.1602,41.5019],[26.1593,41.4938],[26.1459,41.478]],[[26.1589,41.5362],[26.1631,41.5291],[26.1617,41.5157],[26.1589,41.5362]],[[26.2304,41.7466],[26.2344,41.7458],[26.2739,41.7149],[26.2304,41.7466]],[[26.3668,41.7112],[26.3774,41.7106],[26.4044,41.6918],[26.3668,41.7112]],[[26.5837,41.3326],[26.6097,41.3307],[26.5911,41.3293],[26.5837,41.3326]]],[[[9.8196,37.2276],[9.8612,37.2338],[9.906,37.2193],[9.842,37.2404],[9.8196,37.2276]]],[[[12.4905,37.7062],[13.192,37.5773],[13.6022,37.2505],[14.2779,37.126],[14.6723,36.7393],[15.0498,36.7393],[15.2102,36.9971],[15.2133,37.1583],[15.0592,37.2549],[15.0665,37.6417],[15.3895,38.1578],[15.5432,38.1578],[15.5865,38.2377],[14.0562,37.9643],[13.6652,37.9643],[13.3547,38.1578],[13.1199,38.1578],[13.0404,38.0288],[12.6522,38.0929],[12.4919,37.8998],[12.4905,37.7062]]],[[[14.5158,45.1042],[14.7791,45.0187],[14.6653,45.0873],[14.6653,45.1618],[14.5974,45.1664],[14.5959,45.2375],[14.5158,45.1042]]],[[[14.9089,44.5813],[14.9595,44.5396],[14.9729,44.5361],[15.0142,44.5187],[15.0073,44.5045],[15.0755,44.4841],[15.0412,44.5275],[15.0039,44.5361],[14.9663,44.5734],[14.9095,44.6068],[14.9089,44.5813]]],[[[15.0415,44.4766],[15.1597,44.3262],[15.2271,44.3264],[15.1651,44.3674],[15.2544,44.34],[15.0415,44.4766]]],[[[15.1642,44.3057],[15.1652,44.3012],[15.1724,44.2991],[15.1642,44.3057]]],[[[15.2158,44.072],[15.2187,44.0591],[15.2398,44.0534],[15.2258,44.0662],[15.2158,44.072]]],[[[15.401,43.904],[15.4461,43.8875],[15.4268,43.9221],[15.4165,43.928],[15.401,43.904]]],[[[16.7272,43.3421],[16.7959,43.3559],[16.7282,43.3691],[16.7272,43.3421]]],[[[17.3552,42.9515],[17.4376,42.9515],[17.3905,42.9777],[17.3566,42.9879],[17.3552,42.9515]]],[[[17.5079,42.7563],[17.5159,42.7684],[17.5085,42.7718],[17.5079,42.7563]]],[[[17.5119,42.8554],[17.6399,42.8788],[17.5261,42.9218],[17.5119,42.8554]]],[[[17.6662,42.8745],[17.677,42.8727],[17.6737,42.8751],[17.6662,42.8745]]],[[[19.7578,39.6436],[19.9065,39.5814],[19.8416,39.7042],[19.947,39.7729],[19.7637,39.7729],[19.7578,39.6436]]],[[[22.833,38.8227],[22.9818,38.845],[22.9564,38.878],[23.0202,38.9214],[22.833,38.8227]]],[[[23.0356,36.6926],[23.0463,36.6833],[23.0517,36.6872],[23.0498,36.6926],[23.0356,36.6926]]],[[[23.0365,38.9279],[23.3318,38.8034],[23.4651,38.8569],[23.2006,39.0093],[23.0365,38.9279]]],[[[23.3122,37.6174],[23.3406,37.6003],[23.3536,37.5821],[23.3442,37.6327],[23.3122,37.6174]]],[[[23.4014,37.3193],[23.4024,37.3193],[23.4023,37.3198],[23.4014,37.3193]]],[[[23.5634,38.7389],[23.6355,38.5286],[23.594,38.4534],[23.6492,38.4057],[24.0422,38.4015],[24.0669,38.351],[24.0254,38.3305],[24.1617,38.2698],[24.1789,38.5451],[24.0302,38.6743],[23.5634,38.7389]]],[[[24.1275,38.2224],[24.1447,38.2224],[24.1426,38.227],[24.157,38.2296],[24.1591,38.2287],[24.1614,38.2661],[24.1311,38.2358],[24.1275,38.2224]]],[[[26.2318,40.0656],[26.3758,40.1535],[26.3456,40.1998],[26.6167,40.3595],[26.6839,40.4849],[26.2723,40.2906],[26.2318,40.0656]]],[[[27.5815,37.1982],[27.5831,37.1912],[27.5877,37.1988],[27.5815,37.1982]]],[[[30.1795,31.2714],[30.1849,31.2719],[30.1795,31.2719],[30.1795,31.2714]]],[[[30.2409,31.2653],[30.2648,31.2719],[30.2479,31.2719],[30.2409,31.2653]]],[[[30.9691,31.5785],[30.9739,31.5799],[30.9739,31.5867],[30.9695,31.5854],[30.9691,31.5785]]],[[[30.978,31.5843],[31.119,31.5305],[31.1608,31.5935],[30.978,31.5843]]],[[[33.9551,26.79],[34.0036,26.7082],[34.0029,26.7316],[33.9756,26.79],[33.9551,26.79]]],[[[-6.0043,35.3871],[-5.0765,35.3871],[-5.3258,35.6445],[-5.3411,35.8372],[-5.9458,35.7097],[-6.0043,35.3871]]],[[[14.3384,35.9455],[14.3815,35.843],[14.5618,35.8298],[14.5078,35.9285],[14.3773,35.9936],[14.3384,35.9455]]],[[[22.9016,36.3383],[22.9292,36.178],[23.0533,36.1596],[23.0769,36.2707],[22.9446,36.3894],[22.9016,36.3383]]],[[[24.2754,37.5317],[24.3958,37.6247],[24.3728,37.6852],[24.2893,37.6453],[24.2754,37.5317]]],[[[20.6195,37.8228],[20.7934,37.6685],[20.9261,37.7284],[20.886,37.814],[20.7247,37.8998],[20.6554,37.8998],[20.6195,37.8228]]],[[[20.339,38.2002],[20.3801,38.1518],[20.4253,38.1753],[20.4351,38.2788],[20.4943,38.1337],[20.7865,38.0933],[20.6817,38.2821],[20.6429,38.2534],[20.5991,38.3026],[20.6258,38.3518],[20.5664,38.416],[20.479,38.3095],[20.3999,38.3641],[20.339,38.2002]]],[[[20.6878,38.3367],[20.7194,38.3156],[20.7387,38.3189],[20.6951,38.3434],[20.6878,38.3367]]],[[[23.4849,38.7389],[23.5634,38.7389],[23.5668,38.7946],[23.4888,38.8034],[23.4849,38.7389]]],[[[1.2204,38.9553],[1.2529,38.8623],[1.4031,38.8323],[1.4147,38.8906],[1.6231,39.0292],[1.5227,39.1189],[1.3568,39.0776],[1.2928,39.0333],[1.301,38.9678],[1.2204,38.9553]]],[[[20.1453,39.6436],[20.1517,39.6402],[20.1519,39.6436],[20.1453,39.6436]]],[[[2.3508,39.5765],[2.487,39.4788],[2.6817,39.5587],[2.7435,39.5234],[2.7866,39.3759],[3.1447,39.3203],[3.2825,39.4201],[3.4744,39.7497],[3.1626,39.7691],[3.1263,39.8319],[3.1959,39.8906],[3.0947,39.8812],[3.1738,39.967],[2.8132,39.8726],[2.3508,39.5765]]],[[[3.8032,40.0181],[3.8307,39.9361],[4.3008,39.8378],[4.1705,40.0646],[4.1423,40.0248],[4.1051,40.0794],[3.8032,40.0181]]],[[[8.1567,40.7718],[8.1974,40.6912],[8.1618,40.5638],[8.1934,40.6175],[8.2163,40.5706],[8.312,40.5781],[8.386,40.3518],[8.4761,40.2921],[8.49,40.1045],[8.3772,40.0338],[8.4004,39.9361],[8.5453,39.8786],[8.5044,39.7215],[8.5658,39.7011],[8.4553,39.7561],[8.4634,39.5769],[8.374,39.3789],[8.4321,39.3018],[8.4095,39.1693],[8.5596,39.0567],[8.606,38.9088],[8.7166,38.9326],[8.8533,38.878],[9.0183,38.9953],[9.0183,39.1461],[9.0798,39.2246],[9.0139,39.2639],[9.166,39.1871],[9.2922,39.2213],[9.4052,39.1521],[9.5664,39.1492],[9.7111,39.9293],[9.6262,40.2631],[9.8225,40.5327],[9.6579,40.7999],[9.724,40.8449],[9.6141,40.8934],[9.6421,40.9206],[9.5042,40.9269],[9.6469,40.9922],[9.5119,41.0163],[9.5541,41.1239],[9.4691,41.1462],[9.4429,41.092],[9.4224,41.1807],[9.1711,41.2426],[9.1419,41.1528],[9.0055,41.1219],[8.8225,40.9473],[8.5205,40.827],[8.3102,40.8507],[8.1812,40.9341],[8.2153,40.8814],[8.1567,40.7718]]],[[[8.3533,39.0556],[8.4312,38.9661],[8.4839,39.0698],[8.3701,39.1131],[8.3533,39.0556]]],[[[9.3767,41.2147],[9.377,41.2133],[9.3953,41.2106],[9.4007,41.2115],[9.3767,41.2147]]],[[[9.437,41.1859],[9.4644,41.1727],[9.4749,41.1793],[9.4749,41.2014],[9.445,41.2055],[9.437,41.1859]]],[[[8.5453,42.2329],[8.5938,42.1745],[8.5596,42.154],[8.745,42.0566],[8.6457,41.9774],[8.8054,41.9069],[8.7508,41.8455],[8.7849,41.8244],[8.6551,41.7499],[8.9227,41.6946],[8.8018,41.6391],[8.7918,41.5612],[9.0798,41.4824],[9.0964,41.4035],[9.2255,41.3771],[9.2107,41.4482],[9.3506,41.5812],[9.2922,41.6264],[9.3467,41.6196],[9.4016,41.7064],[9.4032,41.9529],[9.5596,42.1466],[9.5281,42.5635],[9.4429,42.6406],[9.464,42.9901],[9.3467,43.0037],[9.3057,42.8393],[9.3425,42.7491],[9.2922,42.6748],[9.1178,42.732],[8.787,42.562],[8.7092,42.5792],[8.6595,42.4299],[8.5491,42.3771],[8.6878,42.2729],[8.5453,42.2329]]],[[[9.4566,42.6474],[9.4768,42.6191],[9.4769,42.6201],[9.4821,42.6201],[9.4566,42.6474]]],[[[10.1632,42.8164],[10.1963,42.7362],[10.3379,42.7648],[10.4307,42.7221],[10.3888,42.7635],[10.4367,42.8044],[10.4124,42.8734],[10.3473,42.8059],[10.1632,42.8164]]],[[[14.2616,44.6158],[14.2712,44.6125],[14.2619,44.6282],[14.2616,44.6158]]],[[[14.2625,44.6582],[14.2742,44.6617],[14.2804,44.6776],[14.2658,44.6795],[14.2629,44.6771],[14.2625,44.6582]]],[[[14.2925,44.9403],[14.4279,44.6566],[14.5047,44.6191],[14.4592,44.9154],[14.2925,44.9403]]],[[[14.3358,44.7168],[14.363,44.5734],[14.5024,44.516],[14.3358,44.7168]]],[[[32.2717,35.0728],[32.3294,34.8864],[32.459,34.7219],[32.7099,34.6458],[32.9136,34.6567],[32.9425,34.5794],[33.0303,34.5685],[33.0156,34.6344],[33.0864,34.6948],[33.2601,34.7005],[33.5917,34.8203],[33.7015,34.9729],[34.0685,34.9979],[33.9431,35.0653],[34.0123,35.0638],[33.8999,35.1645],[33.9121,35.26],[34.5384,35.671],[33.6603,35.3593],[33.4275,35.3289],[32.9231,35.3871],[32.9294,35.233],[32.8652,35.157],[32.6897,35.1839],[32.4138,35.043],[32.2717,35.0728]],[[33.7592,34.9887],[33.7911,34.9824],[33.7874,34.98],[33.7592,34.9887]],[[32.712,35.1731],[32.7315,35.1432],[32.7127,35.1634],[32.712,35.1731]],[[33.4666,35.0051],[33.4675,35.0126],[33.4768,35.0027],[33.4666,35.0051]],[[33.6195,35.0168],[33.7115,34.9856],[33.7029,34.9879],[33.6195,35.0168]],[[33.6794,35.0349],[33.7022,35.0223],[33.6794,35.0339],[33.6794,35.0349]],[[33.6966,35.009],[33.7022,35.0223],[33.7002,35.0067],[33.6966,35.009]],[[33.8412,35.0511],[33.8801,35.0731],[33.8551,35.0534],[33.8412,35.0511]]],[[[23.6154,35.5158],[23.6792,35.2584],[24.7574,35.194],[24.8237,35.001],[26.1401,35.0653],[26.2253,35.194],[25.7953,35.1151],[25.6806,35.1297],[25.6923,35.3227],[24.301,35.3227],[24.1499,35.3871],[24.1541,35.465],[24.0669,35.507],[24.1569,35.5158],[23.6154,35.5158]]],[[[27.708,36.1688],[27.7519,35.905],[27.9934,36.062],[28.0896,36.0551],[28.0617,36.1165],[28.1634,36.2377],[28.2311,36.4498],[27.8997,36.3402],[27.708,36.1688]]],[[[26.9177,36.7161],[27.1854,36.8037],[27.1442,36.8811],[26.9177,36.7161]]],[[[25.3418,37.083],[25.3936,36.9971],[25.5644,36.9971],[25.5727,37.126],[25.3418,37.083]]],[[[24.9955,37.6789],[25.1255,37.5559],[25.216,37.5329],[25.2593,37.59],[24.9955,37.6789]]],[[[25.99,37.5165],[26.2306,37.5714],[26.312,37.6796],[26.0742,37.6379],[25.99,37.5165]]],[[[24.6878,37.9287],[24.9118,37.7283],[24.9944,37.7541],[24.9538,37.8707],[24.7937,37.9941],[24.6878,37.9287]]],[[[25.8407,38.5224],[25.989,38.3793],[25.9644,38.3026],[25.885,38.2794],[25.8898,38.2206],[26.0115,38.1578],[26.1121,38.2226],[26.1636,38.5428],[26.0159,38.602],[25.8696,38.5831],[25.8407,38.5224]]],[[[24.4362,38.878],[24.557,38.8457],[24.5368,38.7918],[24.6643,38.7732],[24.523,38.9643],[24.4611,38.9677],[24.4362,38.878]]],[[[25.8359,39.1822],[26.1021,39.1115],[26.2256,39.2076],[26.2935,39.1772],[26.1002,39.0858],[26.1657,39.0224],[26.5471,38.9879],[26.437,39.1035],[26.4893,39.1137],[26.5394,39.0194],[26.61,39.0229],[26.5397,39.166],[26.3822,39.2771],[26.4074,39.3347],[26.1658,39.3681],[26.0606,39.2895],[25.9226,39.2911],[25.8359,39.1822]]],[[[25.0447,39.9853],[25.047,39.8376],[25.2043,39.8376],[25.2388,39.9195],[25.2798,39.8891],[25.2388,39.8581],[25.3551,39.8376],[25.348,39.9064],[25.4499,39.9884],[25.4377,40.0317],[25.2852,39.9534],[25.2251,40.0089],[25.0447,39.9853]]],[[[25.7052,40.1144],[26.0122,40.1666],[25.9631,40.1571],[25.926,40.2428],[25.759,40.2067],[25.7052,40.1144]]],[[[24.5197,40.6853],[24.6397,40.5732],[24.7801,40.6122],[24.7864,40.7351],[24.6423,40.8039],[24.5197,40.6853]]],[[[32.6053,45.4968],[33.6101,45.1042],[33.6092,44.8717],[33.5151,44.6466],[33.5715,44.6206],[33.4767,44.6099],[33.5086,44.4953],[33.6249,44.4507],[33.7638,44.4507],[34.5385,44.7773],[34.5478,44.8426],[35.2971,44.9734],[35.4267,45.3004],[35.0199,45.3004],[34.9864,45.6278],[34.7419,45.6278],[34.5978,45.7588],[34.6167,45.8898],[34.3812,45.9554],[34.3184,46.0865],[33.737,46.0209],[33.7271,45.9501],[33.777,45.9296],[33.722,45.9136],[33.7096,45.8243],[32.6053,45.4968]]]]}},{"type":"Feature","properties":{"relationId":"cliopatria-relation-a8d347c645e2","name":"(Allegiance of Ostrogothic Kingdom to Eastern Roman Empire)","name_ko":"동고트 왕국–동로마 제국 충성·복속 관계","relationKind":"allegiance","relation_kind_ko":"충성·복속 관계","actor_ids":"cliopatria-q583038-7d984a97b7;cliopatria-q12544-03f6c8deaf","actor_names_ko":"동고트 왕국;동로마 제국","color":"#e7b763","startYear":546,"endYear":554,"source_name":"Cliopatria v0.2.0","source_url":"https://github.com/Seshat-Global-History-Databank/cliopatria","license":"CC BY 4.0","attribution":"Seshat Global History Databank, Cliopatria contributors"},"geometry":{"type":"MultiPolygon","coordinates":[[[[0.759,36.3415],[0.7669,36.1596],[0.922,36.1596],[1.005,36.0308],[1.1547,36.1596],[2.008,36.1596],[2.0031,36.2884],[2.3159,36.224],[2.7747,36.4172],[5.6494,36.3528],[5.8795,36.4816],[6.3468,36.4172],[6.422,36.546],[6.8893,36.4816],[6.9647,36.6105],[7.5865,36.6105],[7.9024,36.224],[7.8282,35.9664],[7.9057,35.9664],[7.9114,35.5158],[7.9888,35.5158],[7.9942,35.0653],[8.2286,34.8079],[8.4594,34.8723],[8.8462,34.7436],[8.9263,34.3577],[9.0033,34.3577],[8.9288,34.0361],[9.0826,34.0361],[9.3159,33.5859],[9.6236,33.4574],[9.5475,33.3288],[9.625,33.1359],[10.0848,33.1359],[10.0086,33.0073],[10.3916,33.0073],[11.1572,32.6859],[11.3099,32.4931],[11.4629,32.5574],[11.539,32.4288],[11.7684,32.4288],[11.7679,32.3002],[12.4559,32.3645],[13.0667,32.3002],[13.0657,32.1717],[13.2953,32.236],[13.8286,32.1074],[14.5861,31.6575],[14.5844,31.529],[15.1873,31.0791],[15.1845,30.8863],[15.4896,30.9506],[16.7012,30.6935],[18.2813,30.0508],[19.1911,30.0508],[20.9516,30.565],[21.9388,30.565],[22.7667,30.3722],[22.7618,30.2436],[22.916,30.3079],[23.5101,29.9865],[24.26,29.7937],[24.3304,29.6652],[24.7792,29.5366],[24.8467,29.3438],[25.0008,29.4081],[25.1465,29.2795],[25.3735,29.2795],[25.5863,28.9581],[27.1401,28.251],[27.285,28.1224],[27.2763,27.9295],[27.4299,27.9938],[27.792,27.6724],[27.7109,27.5438],[27.9367,27.5438],[28.1537,27.3509],[28.2702,26.5794],[28.3453,26.5794],[28.2437,25.9365],[28.2886,25.165],[28.5688,24.6506],[29.6728,24.2006],[29.9595,23.8792],[30.1087,23.8792],[30.104,23.7506],[30.3952,23.5577],[30.4627,23.3649],[31.6705,23.7506],[32.0409,23.6863],[33.389,23.8149],[33.7564,23.6863],[35.108,23.8792],[35.4808,23.8253],[35.5139,23.9771],[35.7925,23.9023],[35.7386,23.9833],[35.4938,24.1089],[35.3919,24.2828],[35.1446,24.5002],[35.1603,24.5746],[34.5466,25.725],[34.3387,26.0018],[34.014,26.6116],[33.9414,26.6535],[33.9961,26.8966],[33.8368,27.1208],[33.8384,27.2426],[33.6917,27.3419],[33.4963,27.6466],[33.5877,27.651],[33.5579,27.7599],[33.4735,27.8232],[33.5921,27.7912],[33.5544,27.8965],[33.2494,28.1429],[33.0029,28.4895],[32.8689,28.5789],[32.8069,28.7781],[32.6255,28.9727],[32.6528,29.081],[32.5623,29.3863],[32.3377,29.5925],[32.3639,29.6882],[32.5095,29.8668],[32.4769,29.9322],[32.5715,29.9426],[32.5778,30.0114],[32.6045,29.8242],[32.6907,29.7336],[32.7239,29.4705],[32.8172,29.414],[32.8856,29.2431],[33.1779,28.9896],[33.2287,28.5694],[33.5538,28.3153],[33.7634,28.024],[34.0785,27.8007],[34.2631,27.7367],[34.2141,27.7915],[34.4281,27.9859],[34.4553,28.1749],[34.4102,28.32],[34.6245,28.736],[34.7366,29.3113],[34.9572,29.569],[34.9817,29.4804],[36.3193,30.8863],[36.2765,31.2719],[36.3526,31.2719],[36.4919,31.9789],[36.5682,31.9789],[36.5155,32.236],[36.5919,32.236],[36.8119,32.943],[37.0605,33.1359],[37.0732,33.2645],[37.9902,33.9718],[39.1238,34.4863],[39.509,34.4863],[40.1029,34.2933],[40.6181,34.7436],[40.7723,34.7436],[41.1122,35.001],[41.0863,36.0308],[41.6626,36.2884],[41.6796,36.4172],[41.5328,36.4816],[41.5498,36.6105],[41.2124,36.9971],[41.1282,38.0933],[40.9115,38.2224],[40.9479,38.4806],[40.8695,38.4806],[40.9663,38.6097],[40.9817,39.2557],[41.2566,39.5143],[41.326,39.967],[41.4839,39.967],[41.6725,40.1612],[41.7035,40.3554],[41.3598,40.6792],[41.5456,41.3274],[41.8061,41.4571],[41.8392,41.6518],[41.7097,41.7085],[41.5674,41.4571],[41.4471,41.4571],[41.3071,41.3274],[40.5393,41.0032],[40.4492,41.0425],[40.3703,40.9384],[39.7355,40.9384],[39.1683,41.0797],[38.9208,41.0382],[38.7834,40.9384],[38.2977,40.8736],[38.2217,40.9441],[38.0253,40.9769],[37.8312,40.9384],[37.7706,41.068],[37.2147,41.068],[37.226,41.1475],[37.0651,41.1328],[36.7748,41.3274],[36.451,41.2404],[36.2092,41.2625],[35.9561,41.7127],[35.9227,41.6462],[35.9457,41.7167],[35.5767,41.6297],[35.157,41.7167],[35.0921,41.928],[35.123,42.0248],[35.0615,42.0413],[34.9178,42.0413],[34.7845,41.9114],[33.2771,41.9764],[32.6675,41.8369],[32.6947,41.7816],[31.4983,41.352],[31.3928,41.1884],[31.1801,41.068],[30.6242,41.068],[30.53,41.1522],[30.3513,41.1922],[30.1369,41.1438],[29.0894,41.1382],[29.0524,41.068],[29.1156,41.068],[29.1034,40.9447],[29.2639,40.8698],[29.2949,40.8388],[29.2546,40.8108],[29.493,40.8736],[29.4438,40.7766],[29.9393,40.7351],[29.5599,40.6911],[29.4906,40.7272],[28.9422,40.6184],[28.9156,40.4714],[29.1515,40.4341],[29.0463,40.3554],[27.9388,40.3554],[27.904,40.3999],[27.9505,40.4849],[27.7921,40.4849],[27.7918,40.3929],[27.8836,40.3863],[27.6958,40.2906],[27.5376,40.2906],[27.2948,40.4059],[26.6819,40.3561],[26.408,40.1937],[26.311,40.0195],[26.2205,40.0029],[26.1325,39.5143],[26.9377,39.5748],[26.9299,39.4877],[26.801,39.4335],[26.7422,39.2557],[26.8945,39.1911],[26.8793,38.9972],[26.9579,38.9972],[26.9399,38.9327],[27.0413,38.9401],[27.0627,38.8869],[26.9084,38.8204],[26.9314,38.7551],[26.8495,38.6097],[27.0798,38.5451],[27.0728,38.4537],[27.1642,38.4466],[27.0694,38.4094],[27.065,38.3515],[26.6762,38.3515],[26.6731,38.3072],[26.595,38.3515],[26.5358,38.6097],[26.3895,38.6719],[26.4058,38.4535],[26.513,38.4329],[26.4515,38.4261],[26.4289,38.2224],[26.8203,38.2224],[26.889,38.0933],[27.2753,38.0288],[27.2559,37.7707],[27.1794,37.6106],[27.31,37.4483],[27.2461,37.3362],[27.4072,37.4127],[27.4385,37.3908],[27.3921,37.3538],[27.5392,37.3838],[27.5644,37.2735],[27.616,37.2747],[27.598,37.126],[28.0653,37.126],[28.1313,37.0363],[28.3294,37.0368],[28.2124,37.0004],[28.1653,36.9116],[28.1034,36.9353],[28.0583,36.7721],[28.1184,36.8006],[28.1305,36.754],[28.0314,36.6749],[28.1961,36.6854],[28.2572,36.8462],[28.315,36.8291],[28.2934,36.7959],[28.452,36.8836],[28.5905,36.8682],[28.7361,36.7393],[29.1249,36.7393],[29.2163,36.3291],[29.3496,36.2326],[29.4116,36.2674],[29.4666,36.224],[29.938,36.224],[30.0261,36.3528],[30.4919,36.3528],[30.6191,36.9326],[31.086,36.9326],[32.0681,36.6105],[32.4985,36.224],[32.5369,36.1],[32.733,36.0376],[33.2744,36.224],[33.8711,36.3149],[33.9791,36.2884],[34.2507,36.6749],[34.5816,36.8682],[34.8929,36.8682],[34.9352,36.726],[35.1127,36.7393],[35.3323,36.6105],[35.4875,36.6105],[35.8336,36.9326],[36.1449,36.9326],[36.2862,36.8037],[36.2649,36.6105],[35.8417,36.2884],[35.9901,36.224],[35.9767,36.001],[35.8449,35.5802],[35.9929,35.5158],[35.9153,35.2879],[35.9624,35.1979],[35.927,34.8723],[36.0682,34.7436],[36.0488,34.5506],[35.7921,34.2933],[35.6652,34.3113],[35.6838,33.9718],[35.4705,33.9021],[35.4993,33.6502],[35.3944,33.65],[35.3984,33.3931],[35.2154,33.0716],[35.089,33.0205],[35.0218,32.6216],[34.8851,32.4821],[34.7926,32.161],[34.813,31.9789],[34.6909,31.9134],[34.6028,31.7558],[34.6334,31.6575],[34.3076,31.4005],[34.2972,31.2719],[33.7493,31.0791],[32.8317,31.0148],[32.8055,31.0655],[32.6665,31.0523],[32.7907,31.0941],[32.6016,31.061],[32.3894,31.2076],[32.2944,31.2076],[32.3039,31.0791],[32.1065,31.0534],[31.9996,31.0791],[31.9063,31.2516],[31.7806,31.2076],[31.8077,31.2812],[31.7691,31.2988],[31.8741,31.4647],[31.2658,31.4647],[31.1215,31.5275],[31.0291,31.5185],[30.9807,31.4365],[30.7985,31.4465],[30.7344,31.3881],[30.5427,31.395],[30.6916,31.4647],[30.352,31.4647],[30.3019,31.3422],[30.3388,31.2719],[30.2887,31.2379],[29.9904,31.2719],[29.8315,31.1513],[29.8696,31.0791],[29.6332,30.9506],[29.5543,30.9848],[29.4481,30.9336],[29.3971,30.822],[28.865,30.822],[28.4964,31.0148],[27.5149,31.1434],[27.2975,31.3362],[26.9303,31.4411],[25.248,31.4647],[25.102,31.5933],[25.1097,31.7462],[24.8925,31.9789],[24.1294,31.9789],[23.6803,32.1717],[23.3122,32.1627],[23.0806,32.3341],[23.0894,32.6216],[21.99,32.9134],[21.8067,32.9133],[21.4117,32.7502],[21.0578,32.7736],[20.8712,32.6216],[20.7962,32.6428],[20.6898,32.6041],[20.7159,32.5574],[20.563,32.5574],[20.482,32.4288],[20.417,32.4565],[20.3255,32.4098],[20.2461,32.236],[20.0715,32.1764],[19.9961,31.5933],[20.2143,31.2719],[20.1467,31.1636],[20.2021,30.8863],[19.9682,30.6935],[19.9643,30.565],[19.655,30.3722],[18.9686,30.2436],[18.787,30.3722],[18.5925,30.3722],[18.2175,30.7602],[17.8486,30.9237],[16.8136,31.2076],[16.1786,31.2076],[15.649,31.4005],[15.5323,31.6118],[15.4246,31.6575],[15.2823,32.3002],[15.0825,32.4133],[14.4444,32.4931],[14.0979,32.7281],[13.4537,32.8145],[13.2571,32.9186],[12.8413,32.8085],[12.8408,32.7502],[12.229,32.8145],[11.4544,33.2002],[11.1578,33.2002],[11.0798,33.5856],[10.7381,33.478],[10.584,33.6644],[10.2368,33.7146],[10.0058,33.9075],[10.0052,34.1706],[10.0661,34.242],[10.0045,34.2933],[10.543,34.5506],[10.8512,34.8079],[10.8512,34.9366],[10.9844,34.9994],[11.055,35.1404],[11.0057,35.3871],[11.0831,35.5073],[11.0161,35.5802],[10.9284,35.5802],[10.839,35.7683],[10.6962,35.7089],[10.4635,35.902],[10.5349,36.3573],[10.4625,36.4172],[11.0062,36.8037],[11.0063,36.9971],[10.5187,36.7558],[10.3553,36.7312],[10.1885,36.7976],[10.2685,36.9378],[10.1824,37.027],[10.2271,37.1177],[10.1281,37.1587],[10.2272,37.1949],[9.925,37.213],[9.8159,37.1518],[9.7718,37.2133],[9.8157,37.2491],[9.6158,37.3151],[9.0595,37.0615],[8.9723,37.0975],[8.8244,36.9795],[8.6443,36.9535],[8.5164,36.8682],[7.7383,36.8682],[7.4902,37.055],[7.3979,37.0615],[7.3463,37.0615],[7.1937,36.8682],[6.8047,36.8682],[6.3339,37.0615],[6.2357,36.9212],[6.1043,36.8741],[6.1058,36.8037],[5.5581,36.7337],[5.3044,36.643],[5.0978,36.6749],[4.8595,36.8682],[4.262,36.9116],[3.85,36.8037],[3.664,36.8344],[3.2299,36.7393],[2.8411,36.7393],[2.6008,36.5963],[2.3516,36.6383],[1.5296,36.4816],[1.197,36.5118],[1.144,36.4172],[0.759,36.3415]],[[24.6883,30.1442],[24.6887,30.1828],[24.6967,30.127],[24.6883,30.1442]],[[24.6887,30.1828],[24.7629,30.3171],[24.767,30.3214],[24.6887,30.1828]],[[34.9635,29.5941],[34.967,29.6081],[34.9898,29.652],[34.9635,29.5941]],[[35.4529,31.4008],[35.4585,31.4916],[35.4587,31.4916],[35.4593,31.4958],[35.4529,31.4008]],[[35.552,32.3679],[35.5533,32.3691],[35.5656,32.3134],[35.552,32.3679]],[[35.5568,32.3724],[35.5594,32.3748],[35.5656,32.3679],[35.5568,32.3724]],[[35.5585,32.5191],[35.5614,32.5192],[35.5674,32.5102],[35.5585,32.5191]],[[35.5594,32.4704],[35.5626,32.4747],[35.5725,32.4567],[35.5594,32.4704]],[[35.5688,32.4829],[35.5778,32.4948],[35.58,32.4915],[35.5688,32.4829]],[[35.7716,32.7467],[35.7749,32.7473],[35.7882,32.7344],[35.7716,32.7467]],[[36.2318,33.8525],[36.3178,33.8272],[36.3006,33.8287],[36.2318,33.8525]],[[36.2672,33.9104],[36.2886,33.9465],[36.2691,33.9073],[36.2672,33.9104]],[[36.2699,33.906],[36.3111,33.872],[36.2753,33.8972],[36.2699,33.906]],[[36.6665,36.2657],[36.6691,36.2599],[36.6681,36.2532],[36.6665,36.2657]]],[[[6.6343,45.1042],[6.6375,44.9734],[6.9652,44.8426],[6.8957,44.3201],[7.2232,44.1243],[7.1502,43.733],[8.0339,43.9286],[8.1916,44.1896],[8.5925,44.4507],[9.1591,44.4507],[9.7274,44.1243],[9.9697,44.1243],[9.9627,44.0447],[10.2123,43.9938],[10.4208,43.4051],[10.5282,43.2468],[10.5391,43.0796],[11.0163,42.8213],[11.0159,42.6629],[11.176,42.6262],[11.2552,42.4312],[11.569,42.3314],[11.6548,42.3662],[11.7349,42.1707],[12.1317,42.0413],[12.1715,41.8777],[12.6046,41.522],[12.9222,41.4571],[13,41.3274],[13.7145,41.2625],[13.862,41.1328],[13.9506,41.1328],[14.1046,40.8736],[14.4219,40.8736],[14.4194,40.7517],[14.8934,40.6792],[15.0414,40.2259],[15.1995,40.2259],[15.4319,40.0317],[15.5349,40.0778],[15.7478,40.0317],[15.7136,39.978],[15.7736,39.8424],[15.8989,39.7729],[16.2652,38.7389],[15.9497,38.6743],[15.8621,38.2869],[15.6328,38.2203],[15.6982,37.9643],[15.9328,37.9643],[16.4919,38.416],[16.5024,38.8034],[17.1383,39.0618],[17.0697,39.385],[16.9162,39.5143],[16.4473,39.6436],[16.4567,39.967],[16.6769,40.1511],[16.6245,40.2906],[16.7847,40.3554],[16.783,40.3019],[16.9137,40.4464],[16.868,40.4849],[17.0285,40.5496],[17.3452,40.5496],[17.4175,40.3554],[17.8131,40.3554],[18.1122,39.9023],[18.3489,39.9023],[18.3565,40.0964],[18.4355,40.0964],[18.3642,40.2906],[17.9812,40.6144],[15.8663,41.4571],[15.8738,41.7167],[16.1149,41.7816],[16.1189,41.9114],[15.2414,41.9114],[14.7659,42.0413],[14.7178,42.1506],[14.6077,42.1063],[14.5308,42.2362],[14.3709,42.2362],[14.0565,42.4962],[13.9014,42.7563],[13.9329,42.8295],[13.8625,43.0186],[13.7471,43.0816],[13.6726,43.4072],[13.3874,43.6413],[13.0338,43.733],[13.019,43.8567],[12.8734,43.7982],[12.313,44.1896],[12.1537,44.4507],[12.1572,44.8426],[12.4001,44.7989],[12.4026,45.0388],[12.3688,45.011],[12.16,45.1696],[12.1628,45.4968],[12.6522,45.5623],[12.8168,45.6933],[13.0658,45.6401],[13.1448,45.8243],[13.7149,45.7588],[13.7393,45.6491],[13.8081,45.6143],[13.7119,45.5933],[13.7529,45.5529],[13.7102,45.4968],[13.5473,45.4968],[13.5448,45.3427],[13.7056,45.235],[13.8032,44.908],[13.9432,44.908],[13.9457,45.0388],[14.1552,45.0388],[14.1962,45.3659],[14.6031,45.3659],[14.576,45.2623],[14.8528,45.0937],[14.9187,44.9734],[14.9113,44.6789],[15.308,44.3544],[15.5287,44.2718],[15.2612,44.3326],[15.2953,44.2507],[15.1981,44.3017],[15.1765,44.25],[15.2129,44.131],[15.4591,43.9938],[15.4551,43.928],[15.6186,43.9286],[15.6954,43.7982],[15.8566,43.7982],[16.0117,43.6027],[15.9595,43.504],[16.5754,43.6027],[16.7342,43.5375],[16.7302,43.4247],[17.0513,43.4072],[17.1139,43.2132],[17.2058,43.1691],[17.3654,43.2118],[17.3606,43.0893],[17.4336,43.0174],[17.502,43.031],[17.5156,42.9589],[17.9915,42.8213],[18.2191,42.5984],[18.6286,42.4482],[18.6873,42.4829],[18.7063,42.4197],[18.852,42.3662],[19.4436,41.8653],[19.5916,41.8188],[19.5576,41.6605],[19.613,41.6053],[19.4715,41.5823],[19.5297,41.522],[19.4438,41.3922],[19.5233,41.3922],[19.4555,41.1485],[19.5234,40.9206],[19.3688,40.8022],[19.3044,40.6531],[19.4863,40.6144],[19.4714,40.2906],[19.6295,40.2906],[20.0094,39.967],[19.9876,39.7083],[20.155,39.7083],[20.2972,39.385],[20.9538,39.0342],[21.0584,39.009],[21.0852,39.0629],[21.1599,38.9977],[21.1774,38.876],[21.1023,38.9108],[21.0852,38.8643],[21.0274,38.9326],[20.8599,38.9605],[20.7414,38.8034],[20.9737,38.7389],[21.1933,38.416],[21.3376,38.3989],[21.3225,38.4963],[21.4224,38.3889],[21.7625,38.3284],[21.8312,38.3967],[21.9876,38.4106],[22.1892,38.3231],[22.3823,38.3427],[22.4016,38.4534],[22.5625,38.2935],[22.6465,38.39],[22.8057,38.227],[23.2234,38.1592],[23.1729,38.0795],[22.8755,38.0493],[22.9754,37.979],[22.8672,37.9395],[22.6804,38.0666],[21.8495,38.3413],[21.7333,38.2514],[21.7286,38.1578],[21.4156,38.1578],[21.2436,37.8352],[21.6966,37.5128],[21.6958,37.3164],[21.6031,37.1904],[21.681,37.1904],[21.7435,36.8682],[21.8992,36.8682],[21.9085,37.0615],[22.22,37.0615],[22.3757,36.6749],[22.5118,36.6749],[22.5994,36.8682],[22.8328,36.8682],[23.0391,36.7062],[22.8532,37.2549],[22.7007,37.3193],[22.7144,37.5773],[22.9486,37.5773],[23.1756,37.4483],[23.1685,37.3193],[23.278,37.3498],[23.23,37.3749],[23.2627,37.401],[23.3849,37.4134],[23.36,37.5475],[23.1083,37.6417],[23.0151,37.9252],[23.2044,37.963],[23.2082,38.0288],[23.5746,38.0468],[23.5597,37.9866],[23.9786,37.8352],[24.0361,38.2224],[23.6729,38.3564],[23.5929,38.4806],[23.3126,38.4806],[23.1826,38.6538],[23.1045,38.6384],[22.9149,38.7756],[22.5251,38.8581],[22.6216,38.9145],[22.792,38.878],[23.0731,39.0363],[22.9639,39.009],[22.9981,39.0698],[22.9516,39.1238],[22.7973,39.0618],[22.8163,39.385],[23.1318,39.4489],[22.6109,39.9023],[22.6497,39.9853],[22.5437,40.0964],[22.5716,40.5496],[22.9105,40.6446],[22.9832,40.5527],[22.9265,40.5153],[22.9592,40.4201],[23.7374,40.2259],[23.6936,40.3092],[23.7777,40.3548],[23.8386,40.5496],[23.6846,40.6144],[23.698,40.8088],[24.0106,40.744],[24.3466,41.0032],[25.1384,41.0101],[25.1358,40.9692],[25.8495,40.9384],[26.0822,40.8736],[26.1403,40.6144],[26.5472,40.744],[26.621,40.6792],[26.9324,40.6144],[26.7685,40.5496],[26.8466,40.5165],[26.9576,40.5584],[27.0172,40.6792],[27.5275,41.068],[29.0429,41.068],[29.0645,41.1371],[28.9631,41.1328],[28.975,41.2529],[28.5053,41.3274],[28.0814,41.6518],[27.9794,41.6518],[28.0043,41.9114],[27.7835,42.1063],[27.7804,42.2434],[27.4529,42.4801],[27.5135,42.6262],[27.8466,42.7563],[27.8049,43.1467],[27.8982,43.2769],[28.0607,43.3092],[28.1925,43.4078],[28.1592,43.4723],[28.4811,43.4723],[28.6163,43.9938],[28.5356,43.9938],[28.5769,44.3854],[28.7612,44.5223],[28.7578,44.6268],[28.8362,44.6268],[28.784,44.6492],[28.8257,44.7332],[28.802,44.9734],[28.9832,45.0123],[29.1106,44.97],[29.0418,44.9257],[29.0603,44.8323],[29.0964,44.8751],[29.1388,44.8392],[29.1009,44.7773],[29.5253,44.908],[29.6213,45.0388],[29.6659,45.4313],[29.5105,45.4968],[28.4307,45.3004],[28.275,45.3659],[28.2376,45.4521],[28.2814,45.4265],[28.2888,45.4968],[28.0513,45.5623],[28.0376,45.4313],[27.7867,45.3659],[27.7666,45.1696],[27.9224,45.1042],[27.8888,44.7773],[27.7266,44.7773],[27.7067,44.5813],[27.8687,44.5813],[27.8488,44.3854],[27.9297,44.3854],[27.7481,44.1896],[26.3682,44.1243],[25.5205,43.6678],[24.8062,43.7982],[24.0754,43.733],[23.9244,43.8634],[23.3647,43.9286],[23.1937,43.7982],[22.9518,43.7982],[22.8479,43.4723],[22.6019,43.4072],[22.3784,43.6678],[22.0605,43.733],[21.5214,44.1243],[20.887,44.3201],[20.6559,44.516],[20.1628,44.3854],[20.0965,44.6466],[19.9344,44.6466],[19.9236,44.4507],[19.6704,44.2548],[19.6599,44.0591],[19.4109,43.9286],[19.4747,43.6027],[19.3136,43.6027],[19.3808,43.3421],[18.4963,43.3421],[18.5023,43.4723],[17.8557,43.4072],[17.2222,43.6678],[17.1467,43.7982],[16.4277,43.9938],[16.3558,44.2548],[16.1941,44.2548],[16.1984,44.3854],[16.0387,44.4507],[15.8849,44.7119],[15.6417,44.7119],[15.6475,44.908],[15.4852,44.908],[15.1675,45.1696],[14.9335,45.5623],[14.6891,45.5623],[14.5336,45.8898],[13.9659,46.0865],[13.9684,46.2177],[13.7253,46.3489],[13.6549,47.0058],[12.8336,47.0716],[12.8312,46.8743],[12.9133,46.8743],[12.828,46.6115],[12.0905,46.6772],[11.9251,46.4802],[11.5151,46.4145],[10.5323,46.4145],[10.3679,46.6115],[10.0399,46.6115],[10.1231,46.3489],[9.8779,46.2833],[9.3851,46.4802],[9.1427,46.1521],[8.4895,46.0865],[8.4145,45.6278],[8.5784,45.5623],[8.5818,45.3004],[8.1751,45.3004],[7.8462,45.4968],[7.1147,45.4313],[7.0377,45.235],[6.6343,45.1042]],[[6.9828,44.847],[7.0049,44.828],[7.0043,44.8249],[6.9828,44.847]],[[7.3093,44.1475],[7.339,44.1249],[7.331,44.1253],[7.3093,44.1475]],[[10.0427,46.2205],[10.1026,46.2289],[10.0757,46.22],[10.0427,46.2205]],[[10.0998,46.321],[10.1589,46.2624],[10.1049,46.3094],[10.0998,46.321]],[[13.5068,46.5469],[13.5492,46.5458],[13.607,46.5329],[13.5068,46.5469]],[[18.4437,42.8345],[18.4517,42.8023],[18.4446,42.8171],[18.4437,42.8345]],[[18.4598,42.7852],[18.4838,42.7525],[18.4674,42.7692],[18.4598,42.7852]],[[19.2749,42.1913],[19.4004,42.3259],[19.2764,42.1857],[19.2749,42.1913]],[[19.2803,42.1714],[19.2925,42.1577],[19.2821,42.1646],[19.2803,42.1714]],[[19.4004,42.3259],[19.4027,42.352],[19.4111,42.3648],[19.4004,42.3259]],[[19.4152,42.371],[19.4172,42.3741],[19.5178,42.458],[19.4152,42.371]],[[19.5286,43.9772],[19.6008,44.0144],[19.5934,44.0056],[19.5286,43.9772]],[[19.6218,42.605],[19.676,42.6467],[19.6993,42.6548],[19.6218,42.605]],[[19.7516,42.4934],[19.792,42.4729],[19.7845,42.4746],[19.7516,42.4934]],[[19.8102,42.4687],[19.8267,42.4697],[19.8196,42.4665],[19.8102,42.4687]],[[20.0248,42.7234],[20.1039,42.6531],[20.0361,42.708],[20.0248,42.7234]],[[20.0248,42.7234],[20.0265,42.7432],[20.0332,42.7473],[20.0248,42.7234]],[[20.0392,42.5578],[20.065,42.5468],[20.1526,42.4937],[20.0392,42.5578]],[[20.1169,42.9767],[20.1946,42.9668],[20.2112,42.9599],[20.1169,42.9767]],[[20.2166,42.7983],[20.2176,42.8027],[20.2226,42.8037],[20.2166,42.7983]],[[20.249,39.6848],[20.2875,39.7112],[20.2827,39.7044],[20.249,39.6848]],[[20.3334,42.3179],[20.457,42.2505],[20.4741,42.2352],[20.3334,42.3179]],[[20.4862,42.2243],[20.5008,42.2112],[20.5203,42.1761],[20.4862,42.2243]],[[20.5405,42.1396],[20.5494,42.1235],[20.5522,42.0738],[20.5405,42.1396]],[[20.6225,43.1307],[20.6279,43.1231],[20.6261,43.1237],[20.6225,43.1307]],[[20.6518,43.0704],[20.6692,43.1098],[20.6649,43.0854],[20.6518,43.0704]],[[20.6815,41.844],[20.7121,41.8605],[20.703,41.8496],[20.6815,41.844]],[[20.7596,43.2559],[20.7695,43.2608],[20.7799,43.2601],[20.7596,43.2559]],[[20.8068,43.2583],[20.8194,43.2574],[20.8276,43.2501],[20.8068,43.2583]],[[20.9579,40.5149],[20.999,40.54],[20.9815,40.5233],[20.9579,40.5149]],[[21.0152,40.5556],[21.0237,40.5888],[21.0188,40.559],[21.0152,40.5556]],[[21.0186,40.6909],[21.0353,40.6594],[21.0335,40.6487],[21.0186,40.6909]],[[21.2378,42.0974],[21.2917,42.0921],[21.2889,42.0897],[21.2378,42.0974]],[[21.295,42.149],[21.3013,42.1006],[21.2988,42.0984],[21.295,42.149]],[[21.3613,42.2182],[21.3668,42.2239],[21.3766,42.2226],[21.3613,42.2182]],[[21.5576,42.2639],[21.5717,42.2461],[21.5638,42.247],[21.5576,42.2639]],[[21.7005,42.6856],[21.7089,42.6872],[21.7191,42.684],[21.7005,42.6856]],[[22.0476,42.3045],[22.076,42.3053],[22.0609,42.3011],[22.0476,42.3045]],[[22.5088,42.4049],[22.5365,42.4784],[22.5331,42.4576],[22.5088,42.4049]],[[22.5152,42.5141],[22.5249,42.5077],[22.5365,42.4784],[22.5152,42.5141]],[[22.827,43.2814],[22.8901,43.2269],[22.8838,43.2306],[22.827,43.2814]],[[22.8815,41.3356],[22.917,41.3358],[23.1152,41.3127],[22.8815,41.3356]],[[22.9014,41.8604],[22.9427,41.7758],[22.9397,41.7767],[22.9014,41.8604]],[[22.9045,43.2186],[22.9814,43.199],[22.9155,43.2122],[22.9045,43.2186]],[[22.933,41.6123],[22.9351,41.6189],[22.9332,41.6055],[22.933,41.6123]],[[22.9334,41.595],[22.9487,41.561],[22.9337,41.5846],[22.9334,41.595]],[[22.9385,41.6299],[22.9409,41.6376],[22.9443,41.6388],[22.9385,41.6299]],[[22.967,41.647],[23.0004,41.7015],[22.9986,41.6931],[22.967,41.647]],[[24.1262,41.5294],[24.1463,41.5268],[24.1702,41.5116],[24.1262,41.5294]],[[24.1816,41.5374],[24.1963,41.547],[24.2121,41.5518],[24.1816,41.5374]],[[25.1771,41.2939],[25.2308,41.248],[25.2197,41.2497],[25.1771,41.2939]],[[26.0475,41.6746],[26.0493,41.6823],[26.055,41.6488],[26.0475,41.6746]],[[26.0522,41.6952],[26.0537,41.7015],[26.0579,41.7035],[26.0522,41.6952]],[[26.1312,41.5527],[26.1525,41.547],[26.1544,41.5437],[26.1312,41.5527]],[[26.1459,41.478],[26.1602,41.5019],[26.1593,41.4938],[26.1459,41.478]],[[26.1589,41.5362],[26.1631,41.5291],[26.1617,41.5157],[26.1589,41.5362]],[[26.2304,41.7466],[26.2344,41.7458],[26.2739,41.7149],[26.2304,41.7466]],[[26.3668,41.7112],[26.3774,41.7106],[26.4044,41.6918],[26.3668,41.7112]],[[26.5837,41.3326],[26.6097,41.3307],[26.5911,41.3293],[26.5837,41.3326]]],[[[9.8196,37.2276],[9.8612,37.2338],[9.906,37.2193],[9.842,37.2404],[9.8196,37.2276]]],[[[12.4905,37.7062],[13.192,37.5773],[13.6022,37.2505],[14.2779,37.126],[14.6723,36.7393],[15.0498,36.7393],[15.2102,36.9971],[15.2133,37.1583],[15.0592,37.2549],[15.0665,37.6417],[15.3895,38.1578],[15.5432,38.1578],[15.619,38.2583],[15.2184,38.2113],[15.0879,38.1282],[14.9476,38.1794],[14.7634,38.1578],[14.6046,38.0288],[13.6652,37.9643],[13.3547,38.1578],[13.1199,38.1578],[13.0404,38.0288],[12.6522,38.0929],[12.4919,37.8998],[12.4905,37.7062]]],[[[14.5158,45.1042],[14.7791,45.0187],[14.6653,45.0873],[14.6653,45.1618],[14.5974,45.1664],[14.5959,45.2375],[14.5158,45.1042]]],[[[14.9089,44.5813],[14.9595,44.5396],[14.9729,44.5361],[15.0142,44.5187],[15.0073,44.5045],[15.0755,44.4841],[15.0412,44.5275],[15.0039,44.5361],[14.9663,44.5734],[14.9095,44.6068],[14.9089,44.5813]]],[[[15.0415,44.4766],[15.1597,44.3262],[15.2271,44.3264],[15.1651,44.3674],[15.2544,44.34],[15.0415,44.4766]]],[[[15.1642,44.3057],[15.1652,44.3012],[15.1724,44.2991],[15.1642,44.3057]]],[[[15.2158,44.072],[15.2187,44.0591],[15.2398,44.0534],[15.2258,44.0662],[15.2158,44.072]]],[[[15.401,43.904],[15.4461,43.8875],[15.4268,43.9221],[15.4165,43.928],[15.401,43.904]]],[[[16.7272,43.3421],[16.7959,43.3559],[16.7282,43.3691],[16.7272,43.3421]]],[[[17.3552,42.9515],[17.4376,42.9515],[17.3905,42.9777],[17.3566,42.9879],[17.3552,42.9515]]],[[[17.5079,42.7563],[17.5159,42.7684],[17.5085,42.7718],[17.5079,42.7563]]],[[[17.5119,42.8554],[17.6399,42.8788],[17.5261,42.9218],[17.5119,42.8554]]],[[[17.6662,42.8745],[17.677,42.8727],[17.6737,42.8751],[17.6662,42.8745]]],[[[19.7578,39.6436],[19.9065,39.5814],[19.8416,39.7042],[19.947,39.7729],[19.7637,39.7729],[19.7578,39.6436]]],[[[22.833,38.8227],[22.9818,38.845],[22.9564,38.878],[23.0202,38.9214],[22.833,38.8227]]],[[[23.0356,36.6926],[23.0463,36.6833],[23.0517,36.6872],[23.0498,36.6926],[23.0356,36.6926]]],[[[23.0365,38.9279],[23.3318,38.8034],[23.4651,38.8569],[23.2006,39.0093],[23.0365,38.9279]]],[[[23.3122,37.6174],[23.3406,37.6003],[23.3536,37.5821],[23.3442,37.6327],[23.3122,37.6174]]],[[[23.4014,37.3193],[23.4024,37.3193],[23.4023,37.3198],[23.4014,37.3193]]],[[[23.5634,38.7389],[23.6355,38.5286],[23.594,38.4534],[23.6492,38.4057],[24.0422,38.4015],[24.0669,38.351],[24.0254,38.3305],[24.1617,38.2698],[24.1789,38.5451],[24.0302,38.6743],[23.5634,38.7389]]],[[[24.1275,38.2224],[24.1447,38.2224],[24.1426,38.227],[24.157,38.2296],[24.1591,38.2287],[24.1614,38.2661],[24.1311,38.2358],[24.1275,38.2224]]],[[[26.2318,40.0656],[26.3758,40.1535],[26.3456,40.1998],[26.6167,40.3595],[26.6839,40.4849],[26.2723,40.2906],[26.2318,40.0656]]],[[[27.5815,37.1982],[27.5831,37.1912],[27.5877,37.1988],[27.5815,37.1982]]],[[[30.1795,31.2714],[30.1849,31.2719],[30.1795,31.2719],[30.1795,31.2714]]],[[[30.2409,31.2653],[30.2648,31.2719],[30.2479,31.2719],[30.2409,31.2653]]],[[[30.9691,31.5785],[30.9739,31.5799],[30.9739,31.5867],[30.9695,31.5854],[30.9691,31.5785]]],[[[30.978,31.5843],[31.119,31.5305],[31.1608,31.5935],[30.978,31.5843]]],[[[33.9551,26.79],[34.0036,26.7082],[34.0029,26.7316],[33.9756,26.79],[33.9551,26.79]]],[[[-6.0043,35.3871],[-5.0765,35.3871],[-5.3258,35.6445],[-5.3411,35.8372],[-5.9458,35.7097],[-6.0043,35.3871]]],[[[14.3384,35.9455],[14.3815,35.843],[14.5618,35.8298],[14.5078,35.9285],[14.3773,35.9936],[14.3384,35.9455]]],[[[22.9016,36.3383],[22.9292,36.178],[23.0533,36.1596],[23.0769,36.2707],[22.9446,36.3894],[22.9016,36.3383]]],[[[20.6195,37.8228],[20.7934,37.6685],[20.9261,37.7284],[20.886,37.814],[20.7247,37.8998],[20.6554,37.8998],[20.6195,37.8228]]],[[[20.339,38.2002],[20.3801,38.1518],[20.4253,38.1753],[20.4351,38.2788],[20.4943,38.1337],[20.7865,38.0933],[20.6817,38.2821],[20.6429,38.2534],[20.5991,38.3026],[20.6258,38.3518],[20.5664,38.416],[20.479,38.3095],[20.3999,38.3641],[20.339,38.2002]]],[[[20.6878,38.3367],[20.7194,38.3156],[20.7387,38.3189],[20.6951,38.3434],[20.6878,38.3367]]],[[[23.4849,38.7389],[23.5634,38.7389],[23.5668,38.7946],[23.4888,38.8034],[23.4849,38.7389]]],[[[1.2204,38.9553],[1.2529,38.8623],[1.4031,38.8323],[1.4147,38.8906],[1.6231,39.0292],[1.5227,39.1189],[1.3568,39.0776],[1.2928,39.0333],[1.301,38.9678],[1.2204,38.9553]]],[[[20.1453,39.6436],[20.1517,39.6402],[20.1519,39.6436],[20.1453,39.6436]]],[[[2.3508,39.5765],[2.487,39.4788],[2.6817,39.5587],[2.7435,39.5234],[2.7866,39.3759],[3.1447,39.3203],[3.2825,39.4201],[3.4744,39.7497],[3.1626,39.7691],[3.1263,39.8319],[3.1959,39.8906],[3.0947,39.8812],[3.1738,39.967],[2.8132,39.8726],[2.3508,39.5765]]],[[[3.8032,40.0181],[3.8307,39.9361],[4.3008,39.8378],[4.1705,40.0646],[4.1423,40.0248],[4.1051,40.0794],[3.8032,40.0181]]],[[[8.1567,40.7718],[8.1974,40.6912],[8.1618,40.5638],[8.1934,40.6175],[8.2163,40.5706],[8.312,40.5781],[8.386,40.3518],[8.4761,40.2921],[8.49,40.1045],[8.3772,40.0338],[8.4004,39.9361],[8.5453,39.8786],[8.5044,39.7215],[8.5658,39.7011],[8.4553,39.7561],[8.4634,39.5769],[8.374,39.3789],[8.4321,39.3018],[8.4095,39.1693],[8.5596,39.0567],[8.606,38.9088],[8.7166,38.9326],[8.8533,38.878],[9.0183,38.9953],[9.0183,39.1461],[9.0798,39.2246],[9.0139,39.2639],[9.166,39.1871],[9.2922,39.2213],[9.4052,39.1521],[9.5664,39.1492],[9.7111,39.9293],[9.6262,40.2631],[9.8225,40.5327],[9.6579,40.7999],[9.724,40.8449],[9.6141,40.8934],[9.6421,40.9206],[9.5042,40.9269],[9.6469,40.9922],[9.5119,41.0163],[9.5541,41.1239],[9.4691,41.1462],[9.4429,41.092],[9.4224,41.1807],[9.1711,41.2426],[9.1419,41.1528],[9.0055,41.1219],[8.8225,40.9473],[8.5205,40.827],[8.3102,40.8507],[8.1812,40.9341],[8.2153,40.8814],[8.1567,40.7718]]],[[[8.3533,39.0556],[8.4312,38.9661],[8.4839,39.0698],[8.3701,39.1131],[8.3533,39.0556]]],[[[9.3767,41.2147],[9.377,41.2133],[9.3953,41.2106],[9.4007,41.2115],[9.3767,41.2147]]],[[[9.437,41.1859],[9.4644,41.1727],[9.4749,41.1793],[9.4749,41.2014],[9.445,41.2055],[9.437,41.1859]]],[[[8.5453,42.2329],[8.5938,42.1745],[8.5596,42.154],[8.745,42.0566],[8.6457,41.9774],[8.8054,41.9069],[8.7508,41.8455],[8.7849,41.8244],[8.6551,41.7499],[8.9227,41.6946],[8.8018,41.6391],[8.7918,41.5612],[9.0798,41.4824],[9.0964,41.4035],[9.2255,41.3771],[9.2107,41.4482],[9.3506,41.5812],[9.2922,41.6264],[9.3467,41.6196],[9.4016,41.7064],[9.4032,41.9529],[9.5596,42.1466],[9.5281,42.5635],[9.4429,42.6406],[9.464,42.9901],[9.3467,43.0037],[9.3057,42.8393],[9.3425,42.7491],[9.2922,42.6748],[9.1178,42.732],[8.787,42.562],[8.7092,42.5792],[8.6595,42.4299],[8.5491,42.3771],[8.6878,42.2729],[8.5453,42.2329]]],[[[9.4566,42.6474],[9.4768,42.6191],[9.4769,42.6201],[9.4821,42.6201],[9.4566,42.6474]]],[[[10.1632,42.8164],[10.1963,42.7362],[10.3379,42.7648],[10.4307,42.7221],[10.3888,42.7635],[10.4367,42.8044],[10.4124,42.8734],[10.3473,42.8059],[10.1632,42.8164]]],[[[14.2616,44.6158],[14.2712,44.6125],[14.2619,44.6282],[14.2616,44.6158]]],[[[14.2625,44.6582],[14.2742,44.6617],[14.2804,44.6776],[14.2658,44.6795],[14.2629,44.6771],[14.2625,44.6582]]],[[[14.2925,44.9403],[14.4279,44.6566],[14.5047,44.6191],[14.4556,44.9307],[14.2925,44.9403]]],[[[14.3358,44.7168],[14.363,44.5734],[14.5024,44.516],[14.3358,44.7168]]],[[[32.2717,35.0728],[32.3294,34.8864],[32.459,34.7219],[32.7099,34.6458],[32.9136,34.6567],[32.9425,34.5794],[33.0303,34.5685],[33.0156,34.6344],[33.0864,34.6948],[33.2601,34.7005],[33.5917,34.8203],[33.7015,34.9729],[34.0685,34.9979],[33.9431,35.0653],[34.0123,35.0638],[33.8999,35.1645],[33.9121,35.26],[34.5384,35.671],[33.6603,35.3593],[33.4275,35.3289],[32.9231,35.3871],[32.9294,35.233],[32.8652,35.157],[32.6897,35.1839],[32.4138,35.043],[32.2717,35.0728]],[[33.7592,34.9887],[33.7911,34.9824],[33.7874,34.98],[33.7592,34.9887]],[[32.712,35.1731],[32.7315,35.1432],[32.7127,35.1634],[32.712,35.1731]],[[33.4666,35.0051],[33.4675,35.0126],[33.4768,35.0027],[33.4666,35.0051]],[[33.6195,35.0168],[33.7115,34.9856],[33.7029,34.9879],[33.6195,35.0168]],[[33.6794,35.0349],[33.7022,35.0223],[33.6794,35.0339],[33.6794,35.0349]],[[33.6966,35.009],[33.7022,35.0223],[33.7002,35.0067],[33.6966,35.009]],[[33.8412,35.0511],[33.8801,35.0731],[33.8551,35.0534],[33.8412,35.0511]]],[[[23.6154,35.5158],[23.6792,35.2584],[24.7574,35.194],[24.8237,35.001],[26.1401,35.0653],[26.2253,35.194],[25.7953,35.1151],[25.6806,35.1297],[25.6923,35.3227],[24.301,35.3227],[24.1499,35.3871],[24.1541,35.465],[24.0669,35.507],[24.1569,35.5158],[23.6154,35.5158]]],[[[27.708,36.1688],[27.7519,35.905],[27.9934,36.062],[28.0896,36.0551],[28.0617,36.1165],[28.1634,36.2377],[28.2311,36.4498],[27.8997,36.3402],[27.708,36.1688]]],[[[26.9177,36.7161],[27.1854,36.8037],[27.1442,36.8811],[26.9177,36.7161]]],[[[25.3418,37.083],[25.3936,36.9971],[25.5644,36.9971],[25.5727,37.126],[25.3418,37.083]]],[[[24.2754,37.5317],[24.3958,37.6247],[24.3728,37.6852],[24.2893,37.6453],[24.2754,37.5317]]],[[[24.9955,37.6789],[25.1255,37.5559],[25.216,37.5329],[25.2593,37.59],[24.9955,37.6789]]],[[[25.99,37.5165],[26.2306,37.5714],[26.312,37.6796],[26.0742,37.6379],[25.99,37.5165]]],[[[24.6878,37.9287],[24.9118,37.7283],[24.9944,37.7541],[24.9538,37.8707],[24.7937,37.9941],[24.6878,37.9287]]],[[[25.8407,38.5224],[25.989,38.3793],[25.9644,38.3026],[25.885,38.2794],[25.8898,38.2206],[26.0115,38.1578],[26.1121,38.2226],[26.1636,38.5428],[26.0159,38.602],[25.8696,38.5831],[25.8407,38.5224]]],[[[24.4362,38.878],[24.557,38.8457],[24.5368,38.7918],[24.6643,38.7732],[24.523,38.9643],[24.4611,38.9677],[24.4362,38.878]]],[[[25.8359,39.1822],[26.1021,39.1115],[26.2256,39.2076],[26.2935,39.1772],[26.1002,39.0858],[26.1657,39.0224],[26.5471,38.9879],[26.437,39.1035],[26.4893,39.1137],[26.5394,39.0194],[26.61,39.0229],[26.5397,39.166],[26.3822,39.2771],[26.4074,39.3347],[26.1658,39.3681],[26.0606,39.2895],[25.9226,39.2911],[25.8359,39.1822]]],[[[25.0447,39.9853],[25.047,39.8376],[25.2043,39.8376],[25.2388,39.9195],[25.2798,39.8891],[25.2388,39.8581],[25.3551,39.8376],[25.348,39.9064],[25.4499,39.9884],[25.4377,40.0317],[25.2852,39.9534],[25.2251,40.0089],[25.0447,39.9853]]],[[[25.7052,40.1144],[26.0122,40.1666],[25.9631,40.1571],[25.926,40.2428],[25.759,40.2067],[25.7052,40.1144]]],[[[24.5197,40.6853],[24.6397,40.5732],[24.7801,40.6122],[24.7864,40.7351],[24.6423,40.8039],[24.5197,40.6853]]],[[[32.6053,45.4968],[33.6101,45.1042],[33.6092,44.8717],[33.5151,44.6466],[33.5715,44.6206],[33.4767,44.6099],[33.5086,44.4953],[33.6249,44.4507],[33.7638,44.4507],[34.5385,44.7773],[34.5478,44.8426],[35.2971,44.9734],[35.4267,45.3004],[35.0199,45.3004],[34.9864,45.6278],[34.7419,45.6278],[34.5978,45.7588],[34.6167,45.8898],[34.3812,45.9554],[34.3184,46.0865],[33.737,46.0209],[33.7271,45.9501],[33.777,45.9296],[33.722,45.9136],[33.7096,45.8243],[32.6053,45.4968]]]]}},{"type":"Feature","properties":{"relationId":"cliopatria-relation-bdaf8580fce1","name":"(Alliance between Gupta Empire and Vakataka Kingdom)","name_ko":"굽타 왕조–바카타카 동맹","relationKind":"alliance","relation_kind_ko":"동맹","actor_ids":"cliopatria-q11774-e614932c2f;cliopatria-q1501306-fc655e06d0","actor_names_ko":"굽타 왕조;바카타카","color":"#4fd1c5","startYear":490,"endYear":533,"source_name":"Cliopatria v0.2.0","source_url":"https://github.com/Seshat-Global-History-Databank/cliopatria","license":"CC BY 4.0","attribution":"Seshat Global History Databank, Cliopatria contributors"},"geometry":{"type":"MultiPolygon","coordinates":[[[[72.6678,19.831],[72.6889,19.7488],[72.7328,19.7797],[72.6992,19.7086],[72.7385,19.5556],[72.8792,19.5324],[72.7571,19.4829],[72.7879,19.363],[72.9878,19.3007],[73.0497,19.2177],[72.9823,19.278],[72.8116,19.2989],[72.8096,19.0668],[72.8347,18.9756],[72.9748,19.1631],[72.9992,19.0026],[73.0568,19.0153],[72.9501,18.8598],[73.0163,18.8136],[72.9951,18.731],[72.9357,18.8179],[72.8755,18.6428],[73.015,18.47],[72.9053,18.5138],[72.9448,18.3429],[73.0715,18.273],[73.0575,18.1856],[72.9637,18.2616],[73.1213,17.6264],[73.2007,17.5865],[73.1264,17.5581],[73.249,17.2849],[73.187,17.306],[73.2606,17.1505],[73.2796,16.8955],[73.6719,16.8961],[73.8251,16.9966],[73.6748,17.8985],[74.0377,18.4101],[74.505,18.8009],[75.8238,18.7198],[77.0616,17.8516],[77.5019,17.0251],[77.4968,15.511],[78.3896,15.2879],[78.5568,15.8656],[79.2287,15.9155],[79.6835,15.5055],[80.1115,15.3529],[80.2796,15.7007],[80.3849,15.7928],[80.6702,15.9077],[80.8552,15.8091],[80.8965,16.0311],[80.91,15.8527],[80.9956,15.7901],[81.2596,16.3327],[81.4995,16.3601],[81.3805,16.7222],[81.5273,17.1744],[81.8309,17.5402],[81.1342,17.9809],[80.5171,18.7555],[80.4624,19.1132],[80.5619,19.7983],[81.1242,20.2285],[81.5423,20.3965],[81.9164,20.022],[82.0646,20.022],[83.1134,18.9291],[84.3513,18.5771],[84.7411,19.0281],[84.78,19.0971],[84.7405,19.0737],[84.7388,19.1476],[84.791,19.1206],[85.1804,19.475],[85.4089,19.6099],[85.2884,19.6013],[85.3779,19.6149],[85.3914,19.6906],[85.2476,19.6565],[85.193,19.5808],[85.2332,19.5541],[85.124,19.4783],[85.1029,19.5296],[85.2681,19.78],[85.4401,19.8962],[85.5703,19.8756],[85.5765,19.7458],[85.5099,19.7346],[85.5021,19.6739],[86.089,19.8442],[86.3724,19.965],[86.1677,20.0729],[86.1525,20.1431],[86.3972,19.9829],[86.4951,20.1841],[86.7546,20.3144],[86.6937,20.2939],[86.8071,20.4104],[86.7205,20.3685],[86.7515,20.4892],[87.0432,20.698],[86.9402,20.698],[87,20.7282],[86.8788,20.7806],[86.9627,20.7995],[86.844,21.0822],[86.9177,21.3274],[87.2009,21.552],[87.7038,21.6555],[87.834,21.7293],[87.9837,21.8542],[88.0431,22.0173],[88.1643,22.0898],[88.1326,22.1791],[87.9653,22.2448],[87.9066,22.4247],[88.009,22.2404],[88.198,22.1678],[88.2224,22.0779],[88.1467,21.9592],[88.2065,21.6072],[88.3017,21.5786],[88.2616,21.7987],[88.3097,21.6102],[88.3312,21.7191],[88.4598,21.6934],[88.4956,21.9518],[88.5166,21.7017],[88.6602,22.205],[88.6442,22.0791],[88.763,22.1306],[88.7149,22.0791],[88.763,22.0173],[88.7196,21.9428],[88.728,21.6291],[88.8109,21.6917],[88.803,21.6291],[88.8587,21.6365],[88.8587,21.7668],[88.8916,21.6535],[89.0832,21.6291],[89.0159,21.8533],[88.905,21.9694],[89.0095,21.9046],[89.0609,21.9385],[89.0437,22.1374],[89.1047,21.8159],[89.2841,21.7281],[89.3596,21.9723],[89.4064,21.7174],[89.5218,21.9623],[89.4758,22.2951],[89.5329,21.9847],[89.5613,22.272],[89.6726,22.5291],[89.8307,22.5934],[89.832,23.1077],[90.3427,24.4578],[90.204,24.5221],[90.1725,24.7792],[90.034,24.8435],[89.8765,25.2293],[89.8795,26.0651],[89.5168,26.1294],[89.2659,26.3865],[89.0408,26.3865],[88.9905,26.5151],[88.5526,26.5794],[87.9903,26.3865],[87.2399,26.3865],[87.1141,26.5151],[86.6516,26.4508],[86.3126,26.6437],[85.787,26.6437],[85.7362,26.7723],[85.2735,26.708],[84.9972,26.8366],[84.8836,27.0295],[84.7333,27.0295],[84.7579,27.158],[84.4318,27.4152],[83.291,27.3509],[82.5377,27.7367],[81.885,27.8652],[81.1945,28.1867],[80.957,28.5081],[80.1031,28.7652],[80.3532,29.6009],[81.0401,30.3079],[80.7804,30.5007],[80.3395,30.565],[79.9113,31.0148],[79.531,31.0148],[79.1796,31.4647],[78.8139,31.529],[78.8443,31.6575],[78.448,31.5933],[77.7311,31.7861],[76.3007,30.5007],[76.2416,29.858],[76.1264,29.6652],[76.2519,29.5366],[76.2508,29.1509],[76.3768,29.0224],[76.3395,28.8295],[76.415,28.8295],[76.6472,28.0581],[76.8498,27.9295],[76.8265,27.8009],[77.0178,27.6081],[77.0453,26.9009],[76.8521,26.6437],[76.7019,26.6437],[75.2852,25.7436],[75.266,25.615],[74.7608,25.2293],[74.7728,24.7792],[74.6058,24.6506],[75.0339,24.5007],[74.7792,24.4981],[74.5154,24.3395],[74.2716,24.3349],[74.1671,24.2079],[74.0028,23.5983],[74.0327,21.6507],[73.3061,21.3266],[72.6704,21.2399],[72.8096,21.13],[72.8397,20.9737],[72.8884,20.9826],[72.8615,20.8524],[72.9004,20.8681],[72.8858,20.8071],[72.9468,20.7595],[72.8989,20.7322],[72.8865,20.5316],[72.6678,19.831]],[[79.739,30.9792],[79.8335,30.9615],[79.8504,30.9545],[79.739,30.9792]],[[80.0146,30.8374],[80.0286,30.8308],[80.0625,30.7848],[80.0146,30.8374]],[[80.0339,28.9159],[80.0529,28.9491],[80.0342,28.9052],[80.0339,28.9159]],[[80.0994,28.9773],[80.1131,29.0722],[80.1079,28.9946],[80.0994,28.9773]],[[80.8364,30.17],[80.8679,30.2002],[80.8839,30.2104],[80.8364,30.17]],[[84.6273,27.0365],[84.7607,26.999],[84.6402,27.0284],[84.6273,27.0365]],[[88.5401,23.65],[88.5612,23.741],[88.5416,23.6388],[88.5401,23.65]],[[88.5764,23.5918],[88.6092,23.5888],[88.5815,23.5883],[88.5764,23.5918]],[[89.0623,22.2116],[89.0762,22.175],[89.0782,22.1508],[89.0623,22.2116]]],[[[72.7439,19.5345],[72.7482,19.5176],[72.7556,19.5194],[72.7439,19.5345]]],[[[72.9513,19.2928],[72.981,19.28],[72.9727,19.2937],[72.9513,19.2928]]],[[[80.8685,15.812],[80.9865,15.7731],[80.8884,15.8467],[80.8685,15.812]]],[[[85.4994,19.6535],[85.5765,19.6906],[85.4996,19.6549],[85.4994,19.6535]]],[[[88.1338,21.631],[88.1394,21.6303],[88.1444,21.6578],[88.1391,21.67],[88.1338,21.631]]],[[[88.1421,21.6913],[88.1634,21.7055],[88.167,21.7654],[88.1584,21.8099],[88.1421,21.6913]]],[[[88.7169,22.0443],[88.7179,22.0085],[88.7307,22.0372],[88.7169,22.0443]]],[[[89.0457,21.9171],[89.0515,21.7932],[89.1136,21.7311],[89.139,21.7668],[89.0457,21.9171]]],[[[89.5274,21.8128],[89.5445,21.7433],[89.5627,21.8817],[89.5274,21.8128]]]]}},{"type":"Feature","properties":{"relationId":"cliopatria-relation-bdaf8580fce1","name":"(Alliance between Gupta Empire and Vakataka Kingdom)","name_ko":"굽타 왕조–바카타카 동맹","relationKind":"alliance","relation_kind_ko":"동맹","actor_ids":"cliopatria-q11774-e614932c2f;cliopatria-q1501306-fc655e06d0","actor_names_ko":"굽타 왕조;바카타카","color":"#4fd1c5","startYear":534,"endYear":545,"source_name":"Cliopatria v0.2.0","source_url":"https://github.com/Seshat-Global-History-Databank/cliopatria","license":"CC BY 4.0","attribution":"Seshat Global History Databank, Cliopatria contributors"},"geometry":{"type":"MultiPolygon","coordinates":[[[[72.6678,19.831],[72.6889,19.7488],[72.7328,19.7797],[72.6992,19.7086],[72.7385,19.5556],[72.8792,19.5324],[72.7571,19.4829],[72.7879,19.363],[72.9878,19.3007],[73.0497,19.2177],[72.9823,19.278],[72.8116,19.2989],[72.8096,19.0668],[72.8347,18.9756],[72.9748,19.1631],[72.9992,19.0026],[73.0568,19.0153],[72.9501,18.8598],[73.0163,18.8136],[72.9951,18.731],[72.9357,18.8179],[72.8755,18.6428],[73.015,18.47],[72.9053,18.5138],[72.9448,18.3429],[73.0715,18.273],[73.0575,18.1856],[72.9637,18.2616],[73.1213,17.6264],[73.2007,17.5865],[73.1264,17.5581],[73.249,17.2849],[73.187,17.306],[73.2606,17.1505],[73.2796,16.8955],[73.6719,16.8961],[73.8251,16.9966],[73.6748,17.8985],[74.0377,18.4101],[74.505,18.8009],[75.8238,18.7198],[77.0616,17.8516],[77.5019,17.0251],[77.4968,15.511],[78.3896,15.2879],[78.5568,15.8656],[79.2287,15.9155],[79.6835,15.5055],[80.1115,15.3529],[80.2796,15.7007],[80.3849,15.7928],[80.6702,15.9077],[80.8552,15.8091],[80.8965,16.0311],[80.91,15.8527],[80.9956,15.7901],[81.2596,16.3327],[81.4995,16.3601],[81.3805,16.7222],[81.5273,17.1744],[81.8309,17.5402],[81.1342,17.9809],[80.5171,18.7555],[80.4624,19.1132],[80.5619,19.7983],[81.1242,20.2285],[81.5423,20.3965],[81.9164,20.022],[82.0646,20.022],[83.1134,18.9291],[84.3513,18.5771],[84.7411,19.0281],[84.78,19.0971],[84.7405,19.0737],[84.7388,19.1476],[84.791,19.1206],[85.1804,19.475],[85.4089,19.6099],[85.2884,19.6013],[85.3779,19.6149],[85.3914,19.6906],[85.2476,19.6565],[85.193,19.5808],[85.2332,19.5541],[85.124,19.4783],[85.1029,19.5296],[85.2681,19.78],[85.4401,19.8962],[85.5703,19.8756],[85.5765,19.7458],[85.5099,19.7346],[85.5021,19.6739],[86.089,19.8442],[86.3724,19.965],[86.1677,20.0729],[86.1525,20.1431],[86.3972,19.9829],[86.4951,20.1841],[86.7546,20.3144],[86.6937,20.2939],[86.8071,20.4104],[86.7205,20.3685],[86.7515,20.4892],[87.0432,20.698],[86.9402,20.698],[87,20.7282],[86.8788,20.7806],[86.9627,20.7995],[86.844,21.0822],[86.9177,21.3274],[87.2009,21.552],[87.7038,21.6555],[87.834,21.7293],[87.9837,21.8542],[88.0431,22.0173],[88.1643,22.0898],[88.1326,22.1791],[87.9653,22.2448],[87.9066,22.4247],[88.009,22.2404],[88.198,22.1678],[88.2224,22.0779],[88.1467,21.9592],[88.2065,21.6072],[88.3017,21.5786],[88.2616,21.7987],[88.3097,21.6102],[88.3312,21.7191],[88.4598,21.6934],[88.4956,21.9518],[88.5166,21.7017],[88.6602,22.205],[88.6442,22.0791],[88.763,22.1306],[88.7149,22.0791],[88.763,22.0173],[88.7196,21.9428],[88.728,21.6291],[88.8109,21.6917],[88.803,21.6291],[88.8587,21.6365],[88.8587,21.7668],[88.8916,21.6535],[89.0832,21.6291],[89.0159,21.8533],[88.905,21.9694],[89.0095,21.9046],[89.0609,21.9385],[89.0437,22.1374],[89.1047,21.8159],[89.2841,21.7281],[89.3596,21.9723],[89.4064,21.7174],[89.5218,21.9623],[89.4758,22.2951],[89.5329,21.9847],[89.5613,22.272],[89.6726,22.5291],[89.8307,22.5934],[89.832,23.1077],[90.3427,24.4578],[90.204,24.5221],[90.1725,24.7792],[90.034,24.8435],[89.8765,25.2293],[89.8795,26.0651],[89.5168,26.1294],[89.2659,26.3865],[89.0408,26.3865],[88.9905,26.5151],[88.5526,26.5794],[87.9903,26.3865],[87.2399,26.3865],[87.1141,26.5151],[86.6516,26.4508],[86.3126,26.6437],[85.787,26.6437],[85.7362,26.7723],[85.2735,26.708],[84.9972,26.8366],[84.8836,27.0295],[84.7333,27.0295],[84.7579,27.158],[84.4318,27.4152],[83.291,27.3509],[82.5377,27.7367],[81.885,27.8652],[81.1945,28.1867],[80.957,28.5081],[80.1031,28.7652],[80.4707,29.7937],[81.011,30.1794],[81.0401,30.3079],[80.9176,30.4364],[80.3395,30.565],[79.9113,31.0148],[79.531,31.0148],[79.1796,31.4647],[78.8139,31.529],[78.8443,31.6575],[78.448,31.5933],[78.0361,31.7861],[77.7311,31.7861],[76.3007,30.5007],[76.2416,29.858],[76.1264,29.6652],[76.2519,29.5366],[76.2508,29.1509],[76.3768,29.0224],[76.3395,28.8295],[76.415,28.8295],[76.6472,28.0581],[76.8498,27.9295],[76.8265,27.8009],[77.0178,27.6081],[77.0453,26.9009],[76.8521,26.6437],[75.6241,26.0008],[74.7608,25.2293],[74.7728,24.7792],[74.6058,24.6506],[75.0339,24.5007],[74.7792,24.4981],[74.5154,24.3395],[74.2716,24.3349],[74.1671,24.2079],[74.0028,23.5983],[74.0327,21.6507],[73.3061,21.3266],[72.6704,21.2399],[72.8096,21.13],[72.8397,20.9737],[72.8884,20.9826],[72.8615,20.8524],[72.9004,20.8681],[72.8858,20.8071],[72.9468,20.7595],[72.8989,20.7322],[72.8865,20.5316],[72.6678,19.831]],[[79.739,30.9792],[79.8335,30.9615],[79.8504,30.9545],[79.739,30.9792]],[[80.0146,30.8374],[80.0286,30.8308],[80.0625,30.7848],[80.0146,30.8374]],[[80.0339,28.9159],[80.0529,28.9491],[80.0342,28.9052],[80.0339,28.9159]],[[80.0994,28.9773],[80.1131,29.0722],[80.1079,28.9946],[80.0994,28.9773]],[[80.8364,30.17],[80.8679,30.2002],[80.8839,30.2104],[80.8364,30.17]],[[80.9907,30.1956],[80.996,30.197],[81.0003,30.1915],[80.9907,30.1956]],[[84.6273,27.0365],[84.7607,26.999],[84.6402,27.0284],[84.6273,27.0365]],[[88.5401,23.65],[88.5612,23.741],[88.5416,23.6388],[88.5401,23.65]],[[88.5764,23.5918],[88.6092,23.5888],[88.5815,23.5883],[88.5764,23.5918]],[[89.0623,22.2116],[89.0762,22.175],[89.0782,22.1508],[89.0623,22.2116]]],[[[72.7439,19.5345],[72.7482,19.5176],[72.7556,19.5194],[72.7439,19.5345]]],[[[72.9513,19.2928],[72.981,19.28],[72.9727,19.2937],[72.9513,19.2928]]],[[[80.8685,15.812],[80.9865,15.7731],[80.8884,15.8467],[80.8685,15.812]]],[[[85.4994,19.6535],[85.5765,19.6906],[85.4996,19.6549],[85.4994,19.6535]]],[[[88.1338,21.631],[88.1394,21.6303],[88.1444,21.6578],[88.1391,21.67],[88.1338,21.631]]],[[[88.1421,21.6913],[88.1634,21.7055],[88.167,21.7654],[88.1584,21.8099],[88.1421,21.6913]]],[[[88.7169,22.0443],[88.7179,22.0085],[88.7307,22.0372],[88.7169,22.0443]]],[[[89.0457,21.9171],[89.0515,21.7932],[89.1136,21.7311],[89.139,21.7668],[89.0457,21.9171]]],[[[89.5274,21.8128],[89.5445,21.7433],[89.5627,21.8817],[89.5274,21.8128]]]]}},{"type":"Feature","properties":{"relationId":"cliopatria-relation-bdaf8580fce1","name":"(Alliance between Gupta Empire and Vakataka Kingdom)","name_ko":"굽타 왕조–바카타카 동맹","relationKind":"alliance","relation_kind_ko":"동맹","actor_ids":"cliopatria-q11774-e614932c2f;cliopatria-q1501306-fc655e06d0","actor_names_ko":"굽타 왕조;바카타카","color":"#4fd1c5","startYear":546,"endYear":554,"source_name":"Cliopatria v0.2.0","source_url":"https://github.com/Seshat-Global-History-Databank/cliopatria","license":"CC BY 4.0","attribution":"Seshat Global History Databank, Cliopatria contributors"},"geometry":{"type":"MultiPolygon","coordinates":[[[[72.6678,19.831],[72.6889,19.7488],[72.7328,19.7797],[72.6992,19.7086],[72.7385,19.5556],[72.8792,19.5324],[72.7571,19.4829],[72.7879,19.363],[72.9878,19.3007],[73.0497,19.2177],[72.9823,19.278],[72.8116,19.2989],[72.8096,19.0668],[72.8347,18.9756],[72.9748,19.1631],[72.9992,19.0026],[73.0568,19.0153],[72.9501,18.8598],[73.0163,18.8136],[72.9951,18.731],[72.9357,18.8179],[72.8755,18.6428],[73.015,18.47],[72.9053,18.5138],[72.9448,18.3429],[73.0715,18.273],[73.0575,18.1856],[72.9637,18.2616],[73.1213,17.6264],[73.2007,17.5865],[73.1264,17.5581],[73.249,17.2849],[73.187,17.306],[73.2606,17.1505],[73.2796,16.8955],[73.6719,16.8961],[73.8251,16.9966],[73.6748,17.8985],[74.0377,18.4101],[74.505,18.8009],[75.8238,18.7198],[77.0616,17.8516],[77.5019,17.0251],[77.4968,15.511],[78.3896,15.2879],[78.5568,15.8656],[79.2287,15.9155],[79.6835,15.5055],[80.1115,15.3529],[80.2796,15.7007],[80.3849,15.7928],[80.6702,15.9077],[80.8552,15.8091],[80.8965,16.0311],[80.91,15.8527],[80.9956,15.7901],[81.2596,16.3327],[81.4995,16.3601],[81.3805,16.7222],[81.5273,17.1744],[81.8309,17.5402],[81.1342,17.9809],[80.5171,18.7555],[80.4624,19.1132],[80.5619,19.7983],[81.1242,20.2285],[81.5423,20.3965],[81.9164,20.022],[82.0646,20.022],[83.1134,18.9291],[84.3513,18.5771],[84.7411,19.0281],[84.78,19.0971],[84.7405,19.0737],[84.7388,19.1476],[84.791,19.1206],[85.1804,19.475],[85.4089,19.6099],[85.2884,19.6013],[85.3779,19.6149],[85.3914,19.6906],[85.2476,19.6565],[85.193,19.5808],[85.2332,19.5541],[85.124,19.4783],[85.1029,19.5296],[85.2681,19.78],[85.4401,19.8962],[85.5703,19.8756],[85.5765,19.7458],[85.5099,19.7346],[85.5021,19.6739],[86.089,19.8442],[86.3724,19.965],[86.1677,20.0729],[86.1525,20.1431],[86.3972,19.9829],[86.4951,20.1841],[86.7546,20.3144],[86.6937,20.2939],[86.8071,20.4104],[86.7205,20.3685],[86.7515,20.4892],[87.0432,20.698],[86.9402,20.698],[87,20.7282],[86.8788,20.7806],[86.9627,20.7995],[86.844,21.0822],[86.9177,21.3274],[87.2009,21.552],[87.7038,21.6555],[87.834,21.7293],[87.9837,21.8542],[88.0431,22.0173],[88.1643,22.0898],[88.1326,22.1791],[87.9653,22.2448],[87.9066,22.4247],[88.009,22.2404],[88.198,22.1678],[88.2224,22.0779],[88.1467,21.9592],[88.2065,21.6072],[88.3017,21.5786],[88.2616,21.7987],[88.3097,21.6102],[88.3312,21.7191],[88.4598,21.6934],[88.4956,21.9518],[88.5166,21.7017],[88.6602,22.205],[88.6442,22.0791],[88.763,22.1306],[88.7149,22.0791],[88.763,22.0173],[88.7196,21.9428],[88.728,21.6291],[88.8109,21.6917],[88.803,21.6291],[88.8587,21.6365],[88.8587,21.7668],[88.8916,21.6535],[89.0832,21.6291],[89.0159,21.8533],[88.905,21.9694],[89.0095,21.9046],[89.0609,21.9385],[89.0437,22.1374],[89.1047,21.8159],[89.2841,21.7281],[89.3596,21.9723],[89.4064,21.7174],[89.5218,21.9623],[89.4758,22.2951],[89.5329,21.9847],[89.5613,22.272],[89.6726,22.5291],[89.8307,22.5934],[89.832,23.1077],[90.3427,24.4578],[90.204,24.5221],[90.1725,24.7792],[90.034,24.8435],[89.8765,25.2293],[89.8795,26.0651],[89.5168,26.1294],[89.2659,26.3865],[89.0408,26.3865],[88.9905,26.5151],[88.5526,26.5794],[87.9903,26.3865],[87.2399,26.3865],[87.1141,26.5151],[86.6516,26.4508],[86.3126,26.6437],[85.787,26.6437],[85.7362,26.7723],[85.2735,26.708],[84.9972,26.8366],[84.8836,27.0295],[84.7333,27.0295],[84.7579,27.158],[84.4318,27.4152],[83.291,27.3509],[82.5377,27.7367],[81.885,27.8652],[81.1945,28.1867],[80.957,28.5081],[80.1031,28.7652],[80.4707,29.7937],[81.011,30.1794],[81.0401,30.3079],[80.9176,30.4364],[80.3395,30.565],[79.9113,31.0148],[79.531,31.0148],[79.1796,31.4647],[78.8139,31.529],[78.8443,31.6575],[78.448,31.5933],[78.0361,31.7861],[77.7311,31.7861],[76.3007,30.5007],[76.2416,29.858],[76.1264,29.6652],[76.2519,29.5366],[76.2508,29.1509],[76.3768,29.0224],[76.3395,28.8295],[76.415,28.8295],[76.6472,28.0581],[76.8498,27.9295],[76.8265,27.8009],[77.0178,27.6081],[77.0453,26.9009],[76.8521,26.6437],[75.6241,26.0008],[74.7608,25.2293],[74.7728,24.7792],[74.6058,24.6506],[75.0339,24.5007],[74.7792,24.4981],[74.5154,24.3395],[74.2716,24.3349],[74.1671,24.2079],[74.0028,23.5983],[74.0327,21.6507],[73.3061,21.3266],[72.6704,21.2399],[72.8096,21.13],[72.8397,20.9737],[72.8884,20.9826],[72.8615,20.8524],[72.9004,20.8681],[72.8858,20.8071],[72.9468,20.7595],[72.8989,20.7322],[72.8865,20.5316],[72.6678,19.831]],[[79.739,30.9792],[79.8335,30.9615],[79.8504,30.9545],[79.739,30.9792]],[[80.0146,30.8374],[80.0286,30.8308],[80.0625,30.7848],[80.0146,30.8374]],[[80.0339,28.9159],[80.0529,28.9491],[80.0342,28.9052],[80.0339,28.9159]],[[80.0994,28.9773],[80.1131,29.0722],[80.1079,28.9946],[80.0994,28.9773]],[[80.8364,30.17],[80.8679,30.2002],[80.8839,30.2104],[80.8364,30.17]],[[80.9907,30.1956],[80.996,30.197],[81.0003,30.1915],[80.9907,30.1956]],[[84.6273,27.0365],[84.7607,26.999],[84.6402,27.0284],[84.6273,27.0365]],[[88.5401,23.65],[88.5612,23.741],[88.5416,23.6388],[88.5401,23.65]],[[88.5764,23.5918],[88.6092,23.5888],[88.5815,23.5883],[88.5764,23.5918]],[[89.0623,22.2116],[89.0762,22.175],[89.0782,22.1508],[89.0623,22.2116]]],[[[72.7439,19.5345],[72.7482,19.5176],[72.7556,19.5194],[72.7439,19.5345]]],[[[72.9513,19.2928],[72.981,19.28],[72.9727,19.2937],[72.9513,19.2928]]],[[[80.8685,15.812],[80.9865,15.7731],[80.8884,15.8467],[80.8685,15.812]]],[[[85.4994,19.6535],[85.5765,19.6906],[85.4996,19.6549],[85.4994,19.6535]]],[[[88.1338,21.631],[88.1394,21.6303],[88.1444,21.6578],[88.1391,21.67],[88.1338,21.631]]],[[[88.1421,21.6913],[88.1634,21.7055],[88.167,21.7654],[88.1584,21.8099],[88.1421,21.6913]]],[[[88.7169,22.0443],[88.7179,22.0085],[88.7307,22.0372],[88.7169,22.0443]]],[[[89.0457,21.9171],[89.0515,21.7932],[89.1136,21.7311],[89.139,21.7668],[89.0457,21.9171]]],[[[89.5274,21.8128],[89.5445,21.7433],[89.5627,21.8817],[89.5274,21.8128]]]]}},{"type":"Feature","properties":{"relationId":"cliopatria-relation-975bb692589e","name":"(Alliance between Northern Wei and Rouran Khaganate)","name_ko":"북위–유연 동맹","relationKind":"alliance","relation_kind_ko":"동맹","actor_ids":"cliopatria-q875305-e873a2a17e;cliopatria-q155361-c04e0a15e9","actor_names_ko":"북위;유연","color":"#4fd1c5","startYear":480,"endYear":509,"source_name":"Cliopatria v0.2.0","source_url":"https://github.com/Seshat-Global-History-Databank/cliopatria","license":"CC BY 4.0","attribution":"Seshat Global History Databank, Cliopatria contributors"},"geometry":{"type":"MultiPolygon","coordinates":[[[[77.9319,42.9515],[79.0846,42.8213],[79.2492,42.6262],[79.4094,42.6262],[79.439,42.4962],[80.0285,42.3662],[80.5338,42.4312],[80.9625,42.3012],[82.0557,42.2362],[84.1085,42.7563],[85.7915,42.7563],[85.7638,42.6912],[88.1054,42.3662],[88.0772,42.3012],[88.8482,42.2362],[88.8199,42.1712],[89.6416,42.0413],[89.6132,41.9764],[90.223,41.9114],[90.1945,41.8465],[90.4337,41.8465],[90.5362,41.7167],[90.7753,41.7167],[91.2702,41.3922],[92.4798,41.068],[92.7974,41.068],[92.769,41.0032],[93.8455,40.744],[93.5745,40.4849],[93.3649,40.5496],[93.2781,40.1612],[93.199,40.1612],[93.0905,39.9023],[93.2734,39.7729],[93.22,39.6436],[93.2988,39.6436],[93.2458,39.5143],[93.3505,39.385],[93.8759,39.5143],[94.5849,39.5143],[95.0556,39.3203],[95.3185,39.385],[95.3955,39.1911],[95.5528,39.1911],[95.813,38.868],[96.3618,38.6743],[96.7021,38.7389],[96.7325,39.1911],[96.6538,39.1911],[96.7629,39.4496],[97.2078,39.385],[97.9088,38.9972],[98.2231,38.9972],[98.3841,39.1911],[98.9068,39.1265],[99.1984,39.2557],[99.8104,38.4806],[100.2264,38.3515],[100.4138,38.6097],[100.8745,38.0288],[101.2387,37.9643],[101.2634,37.8352],[101.5492,37.7707],[101.5741,37.6417],[101.8598,37.5773],[102.0961,37.7707],[102.094,37.5773],[102.2485,37.3838],[102.534,37.3193],[102.5593,37.1904],[102.793,37.1904],[103.1033,36.8037],[103.2589,36.8037],[103.3886,36.546],[103.6479,36.4172],[103.5967,36.2884],[103.7278,36.0308],[103.6523,35.8377],[103.7298,35.8377],[103.63,35.5802],[103.7353,35.4514],[103.3856,34.1004],[103.4928,33.9718],[103.21,33.3931],[104.6984,33.2645],[105.1667,33.0716],[105.703,33.0716],[105.9483,33.3288],[106.5619,33.3288],[106.7453,33.2002],[107.4822,33.3288],[107.6652,33.2002],[107.6485,32.943],[107.8783,32.943],[108.1016,33.1359],[108.2379,32.8788],[109.1566,32.8788],[109.3161,32.6859],[109.4691,32.6859],[109.4991,32.5574],[109.8814,32.5574],[109.9115,32.4288],[110.1709,32.3002],[111.2405,32.3002],[111.6166,32.4931],[113.4441,32.8788],[113.8244,33.0716],[113.9528,33.0073],[114.0791,33.1359],[116.0204,33.2002],[116.225,33.3288],[116.8643,33.3931],[118.0466,33.8432],[118.8019,34.3577],[119.1909,34.7691],[119.2073,35.0484],[119.358,35.0971],[119.4239,35.3135],[119.5319,35.3586],[119.648,35.5839],[119.7325,35.6208],[119.7439,35.5759],[119.8401,35.6579],[119.8602,35.6061],[119.9046,35.6246],[119.9082,35.7449],[120.0029,35.7278],[120.0972,35.9008],[120.189,35.9453],[120.1753,35.89],[120.2511,35.9524],[120.2941,36.0024],[120.1753,35.9936],[120.0897,36.1117],[120.0972,36.2264],[120.2845,36.176],[120.3064,36.2742],[120.3616,36.1916],[120.292,36.062],[120.3535,36.0408],[120.6278,36.1165],[120.6836,36.2056],[120.6436,36.3225],[120.7107,36.3245],[120.7141,36.4287],[120.95,36.4592],[120.9636,36.5479],[120.8504,36.6046],[120.7503,36.5408],[120.7506,36.6168],[120.8506,36.6509],[120.9774,36.5899],[121.4017,36.7124],[121.4595,36.8287],[121.6072,36.845],[121.5032,36.7886],[121.5247,36.7543],[121.9498,36.9389],[121.9263,36.9936],[122.0492,36.9799],[122.0365,36.8993],[122.1429,36.9458],[122.1661,37.0141],[122.1627,36.9458],[122.2659,36.898],[122.1852,36.8595],[122.3212,36.8231],[122.4364,36.8707],[122.4058,36.9222],[122.5111,36.9351],[122.54,37.0277],[122.4024,37.0215],[122.4539,37.1543],[122.4707,37.1103],[122.5735,37.2601],[122.5497,37.3198],[122.5947,37.2952],[122.5708,37.3448],[122.6847,37.4102],[122.2965,37.4182],[122.2454,37.4597],[122.1832,37.4182],[122.1218,37.5627],[122.0256,37.528],[121.988,37.4256],[121.635,37.4813],[121.5874,37.4536],[121.6761,37.4392],[121.5703,37.4287],[121.3817,37.5661],[121.4298,37.5969],[121.3936,37.6225],[121.1554,37.5826],[121.138,37.7012],[121.0326,37.7104],[120.8777,37.8297],[120.2157,37.6841],[120.3225,37.6324],[120.1876,37.5118],[119.8589,37.3602],[119.8973,37.2494],[119.7706,37.1518],[119.4412,37.1206],[119.1455,37.1789],[118.9724,37.2807],[118.9446,37.3781],[119.0371,37.7221],[119.1746,37.7085],[119.2164,37.794],[118.9966,37.9631],[118.9248,38.0578],[118.95,38.0973],[118.7604,38.1551],[118.543,38.0683],[118.0652,38.1431],[117.6025,38.4806],[117.5435,38.6213],[117.584,38.8116],[117.7474,39.071],[117.7154,39.1114],[117.8856,39.2011],[118.0964,39.2024],[118.2249,39.0618],[118.4054,39.0618],[118.5271,39.1492],[118.796,39.1518],[118.8738,39.2138],[118.8806,39.1728],[119.056,39.2292],[119.2304,39.3617],[119.2814,39.575],[119.2293,39.536],[119.2086,39.5696],[119.2849,39.5954],[119.3804,39.7729],[119.5264,39.832],[119.5356,39.8908],[120.4722,40.2145],[120.5018,40.3269],[120.5888,40.3818],[120.5457,40.4024],[120.8253,40.674],[120.9282,40.6894],[120.9819,40.8268],[121.0436,40.8065],[121.2003,40.9307],[121.7565,40.8736],[121.8656,40.9943],[121.9363,41.1977],[122.49,41.4571],[122.6084,41.7816],[123.1301,42.2362],[123.8156,42.5612],[123.9903,43.0816],[125.0527,44.3201],[124.9719,44.3201],[124.8173,44.4507],[124.8615,44.516],[124.4639,44.6466],[124.5081,44.7119],[123.3056,44.9734],[123.3496,45.0388],[121.6875,45.1042],[121.731,45.1696],[120.875,45.1042],[120.9182,45.1696],[119.9428,45.1696],[119.9857,45.235],[119.3779,45.3004],[119.4207,45.3659],[118.6575,45.6933],[118.6618,45.8243],[118.3783,45.8898],[118.4357,46.3489],[118.3538,46.3489],[118.441,46.4802],[118.359,46.4802],[118.6166,46.7429],[118.4524,46.7429],[118.6295,47.0058],[118.5473,47.0058],[119.0436,47.73],[118.961,47.73],[119.1452,47.9938],[119.0625,47.9938],[119.9007,49.3826],[119.8172,49.3826],[120.168,49.8471],[120.0842,49.8471],[120.8234,51.3128],[120.7088,51.3797],[120.7638,51.4465],[120.5096,51.4465],[120.5646,51.5134],[120.026,51.5803],[120.1364,51.7142],[119.8265,51.6472],[119.8817,51.7142],[119.6822,51.7811],[119.7376,51.8481],[119.5676,51.8481],[119.5937,51.9822],[119.4235,51.9822],[119.45,52.1163],[119.0508,52.2505],[119.107,52.3176],[118.8511,52.3176],[118.9073,52.3847],[118.7366,52.3847],[118.793,52.4519],[118.3369,52.5191],[118.3933,52.5863],[118.2224,52.5863],[118.2788,52.6535],[117.0521,52.7208],[114.9902,52.1833],[113.8615,52.0492],[112.274,51.6472],[110.3569,51.5803],[110.4071,51.6472],[109.9828,51.6472],[109.9984,51.7811],[109.5236,51.7142],[109.539,51.8481],[109.2689,51.7142],[108.7243,51.7811],[107.2187,51.5803],[104.9306,50.9789],[104.2938,50.9122],[103.4952,50.9789],[103.4631,51.1792],[103.294,51.1792],[103.3012,51.3128],[103.2166,51.3128],[103.3171,51.5803],[103.1941,51.6472],[103.2878,51.7811],[103.2028,51.7811],[103.2971,51.9151],[102.7961,52.0492],[102.8435,52.1163],[102.4272,52.2505],[102.4748,52.3176],[102.2189,52.3176],[102.2665,52.3847],[101.8777,52.3176],[101.8874,52.4519],[101.7166,52.4519],[101.7265,52.5863],[101.641,52.5863],[101.6513,52.7208],[100.5584,52.99],[100.5485,52.8554],[100.0728,52.7881],[98.8409,52.1163],[98.5455,52.1833],[98.591,52.2505],[98.25,52.2505],[98.2954,52.3176],[97.8744,52.4519],[97.92,52.5191],[96.3824,52.5191],[94.5843,52.2505],[93.0944,51.7811],[92.5847,51.7811],[92.5866,51.6472],[92.3757,51.5803],[91.6124,51.5803],[91.6532,51.6472],[90.6753,51.7142],[90.6716,51.8481],[90.0767,51.8481],[88.5266,51.3797],[88.3961,51.4465],[88.28,51.246],[86.8605,50.9789],[84.9813,50.3125],[82.6876,48.9189],[82.3525,48.3899],[82.4354,48.3899],[82.3945,48.1257],[82.5814,47.9938],[82.5202,47.8619],[82.655,47.7959],[82.5942,47.6641],[82.751,47.4665],[82.631,47.2032],[82.7133,47.2032],[82.3657,46.6115],[81.7544,46.1521],[81.7792,46.0209],[81.2835,45.6278],[80.3301,45.1042],[79.8697,44.9734],[79.0919,44.0591],[77.9319,42.9515]],[[80.1498,42.6524],[80.1525,42.6604],[80.1965,42.7192],[80.1889,42.7016],[80.1498,42.6524]],[[86.596,49.6019],[86.6068,49.6128],[86.5967,49.5956],[86.596,49.6019]],[[86.5986,49.5798],[86.6106,49.5667],[86.5993,49.5735],[86.5986,49.5798]],[[87.0125,49.2807],[87.0225,49.2542],[87.0171,49.2586],[87.0125,49.2807]],[[87.0308,49.2474],[87.0534,49.2422],[87.0366,49.2427],[87.0308,49.2474]],[[88.1155,49.3566],[88.1617,49.4301],[88.1682,49.4342],[88.1155,49.3566]],[[88.5588,48.2881],[88.5808,48.212],[88.5612,48.2683],[88.5588,48.2881]],[[88.5808,48.212],[88.6358,48.1758],[88.5962,48.1977],[88.5808,48.212]],[[88.8587,49.5274],[88.8682,49.5381],[88.8799,49.5375],[88.8587,49.5274]],[[89.0747,47.9843],[89.244,47.9802],[89.2187,47.977],[89.0747,47.9843]],[[98.8401,52.0328],[98.8556,52.1067],[98.8465,52.0393],[98.8401,52.0328]],[[117.7588,49.5127],[117.795,49.5191],[117.7987,49.5182],[117.7588,49.5127]],[[117.9901,49.5869],[118.0285,49.603],[118.0171,49.5958],[117.9901,49.5869]]],[[[120.7502,37.8986],[120.7546,37.8967],[120.7549,37.8996],[120.7538,37.8998],[120.7502,37.8986]]],[[[121.8259,40.9482],[121.839,40.9176],[121.8557,40.9656],[121.8259,40.9482]]],[[[93.0513,51.8481],[93.1363,51.8481],[93.1783,51.9151],[93.0933,51.9151],[93.0513,51.8481]]]]}},{"type":"Feature","properties":{"relationId":"cliopatria-relation-975bb692589e","name":"(Alliance between Northern Wei and Rouran Khaganate)","name_ko":"북위–유연 동맹","relationKind":"alliance","relation_kind_ko":"동맹","actor_ids":"cliopatria-q875305-e873a2a17e;cliopatria-q155361-c04e0a15e9","actor_names_ko":"북위;유연","color":"#4fd1c5","startYear":510,"endYear":522,"source_name":"Cliopatria v0.2.0","source_url":"https://github.com/Seshat-Global-History-Databank/cliopatria","license":"CC BY 4.0","attribution":"Seshat Global History Databank, Cliopatria contributors"},"geometry":{"type":"MultiPolygon","coordinates":[[[[77.9319,42.9515],[79.0846,42.8213],[79.2492,42.6262],[79.4094,42.6262],[79.439,42.4962],[80.0285,42.3662],[80.5338,42.4312],[80.9625,42.3012],[82.0557,42.2362],[84.1085,42.7563],[85.7915,42.7563],[85.7638,42.6912],[88.1054,42.3662],[88.0772,42.3012],[88.8482,42.2362],[88.8199,42.1712],[89.6416,42.0413],[89.6132,41.9764],[90.223,41.9114],[90.1945,41.8465],[90.4337,41.8465],[90.5362,41.7167],[90.7753,41.7167],[91.2702,41.3922],[92.4798,41.068],[92.7974,41.068],[92.769,41.0032],[93.8455,40.744],[93.5745,40.4849],[93.3649,40.5496],[93.2781,40.1612],[93.199,40.1612],[93.0905,39.9023],[93.2734,39.7729],[93.22,39.6436],[93.2988,39.6436],[93.2458,39.5143],[93.3505,39.385],[93.8759,39.5143],[94.5849,39.5143],[95.0556,39.3203],[95.3185,39.385],[95.3955,39.1911],[95.5528,39.1911],[95.813,38.868],[96.3618,38.6743],[96.7021,38.7389],[96.7325,39.1911],[96.6538,39.1911],[96.7629,39.4496],[97.2078,39.385],[97.9088,38.9972],[98.2231,38.9972],[98.3841,39.1911],[98.9068,39.1265],[99.1984,39.2557],[99.8104,38.4806],[100.2264,38.3515],[100.4138,38.6097],[100.8745,38.0288],[101.2387,37.9643],[101.2634,37.8352],[101.5492,37.7707],[101.5741,37.6417],[101.8598,37.5773],[102.0961,37.7707],[102.094,37.5773],[102.2485,37.3838],[102.534,37.3193],[102.5593,37.1904],[102.793,37.1904],[103.1033,36.8037],[103.2589,36.8037],[103.3886,36.546],[103.6479,36.4172],[103.5967,36.2884],[103.7278,36.0308],[103.6523,35.8377],[103.7298,35.8377],[103.63,35.5802],[103.7353,35.4514],[103.3856,34.1004],[103.4928,33.9718],[103.21,33.3931],[104.6984,33.2645],[105.1667,33.0716],[105.703,33.0716],[105.9483,33.3288],[106.5619,33.3288],[106.7453,33.2002],[107.4822,33.3288],[107.6652,33.2002],[107.6485,32.943],[107.8783,32.943],[108.1016,33.1359],[108.2379,32.8788],[109.1566,32.8788],[109.3161,32.6859],[109.4691,32.6859],[109.4991,32.5574],[109.8814,32.5574],[109.9115,32.4288],[110.1709,32.3002],[111.2405,32.3002],[111.6166,32.4931],[113.6218,32.943],[113.6464,33.0073],[113.7996,33.0073],[113.8244,33.0716],[113.901,33.0716],[113.8762,33.0073],[114.0791,33.1359],[116.0204,33.2002],[116.225,33.3288],[116.8643,33.3931],[118.0466,33.8432],[118.8019,34.3577],[119.1909,34.7691],[119.2073,35.0484],[119.358,35.0971],[119.4239,35.3135],[119.5319,35.3586],[119.648,35.5839],[119.7325,35.6208],[119.7439,35.5759],[119.8401,35.6579],[119.8602,35.6061],[119.9046,35.6246],[119.9082,35.7449],[120.0029,35.7278],[120.0972,35.9008],[120.189,35.9453],[120.1753,35.89],[120.2511,35.9524],[120.2941,36.0024],[120.1753,35.9936],[120.0897,36.1117],[120.0972,36.2264],[120.2845,36.176],[120.3064,36.2742],[120.3616,36.1916],[120.292,36.062],[120.3535,36.0408],[120.6278,36.1165],[120.6836,36.2056],[120.6436,36.3225],[120.7107,36.3245],[120.7141,36.4287],[120.95,36.4592],[120.9636,36.5479],[120.8504,36.6046],[120.7503,36.5408],[120.7506,36.6168],[120.8506,36.6509],[120.9774,36.5899],[121.4017,36.7124],[121.4595,36.8287],[121.6072,36.845],[121.5032,36.7886],[121.5247,36.7543],[121.9498,36.9389],[121.9263,36.9936],[122.0492,36.9799],[122.0365,36.8993],[122.1429,36.9458],[122.1661,37.0141],[122.1627,36.9458],[122.2659,36.898],[122.1852,36.8595],[122.3212,36.8231],[122.4364,36.8707],[122.4058,36.9222],[122.5111,36.9351],[122.54,37.0277],[122.4024,37.0215],[122.4539,37.1543],[122.4707,37.1103],[122.5735,37.2601],[122.5497,37.3198],[122.5947,37.2952],[122.5708,37.3448],[122.6847,37.4102],[122.2965,37.4182],[122.2454,37.4597],[122.1832,37.4182],[122.1218,37.5627],[122.0256,37.528],[121.988,37.4256],[121.635,37.4813],[121.5874,37.4536],[121.6761,37.4392],[121.5703,37.4287],[121.3817,37.5661],[121.4298,37.5969],[121.3936,37.6225],[121.1554,37.5826],[121.138,37.7012],[121.0326,37.7104],[120.8777,37.8297],[120.2157,37.6841],[120.3225,37.6324],[120.1876,37.5118],[119.8589,37.3602],[119.8973,37.2494],[119.7706,37.1518],[119.4412,37.1206],[119.1455,37.1789],[118.9724,37.2807],[118.9446,37.3781],[119.0371,37.7221],[119.1746,37.7085],[119.2164,37.794],[118.9966,37.9631],[118.9248,38.0578],[118.95,38.0973],[118.7604,38.1551],[118.543,38.0683],[118.0652,38.1431],[117.6025,38.4806],[117.5435,38.6213],[117.584,38.8116],[117.7474,39.071],[117.7154,39.1114],[117.8856,39.2011],[118.0964,39.2024],[118.2249,39.0618],[118.4054,39.0618],[118.5271,39.1492],[118.796,39.1518],[118.8738,39.2138],[118.8806,39.1728],[119.056,39.2292],[119.2304,39.3617],[119.2814,39.575],[119.2293,39.536],[119.2086,39.5696],[119.2849,39.5954],[119.3804,39.7729],[119.5264,39.832],[119.5356,39.8908],[120.4722,40.2145],[120.5018,40.3269],[120.5888,40.3818],[120.5457,40.4024],[120.8253,40.674],[120.9282,40.6894],[120.9819,40.8268],[121.0436,40.8065],[121.2003,40.9307],[121.7565,40.8736],[121.8656,40.9943],[121.9363,41.1977],[122.49,41.4571],[122.6084,41.7816],[123.1301,42.2362],[123.8156,42.5612],[123.9903,43.0816],[125.0527,44.3201],[124.9719,44.3201],[124.8173,44.4507],[124.8615,44.516],[124.4639,44.6466],[124.5081,44.7119],[123.3056,44.9734],[123.3496,45.0388],[121.6875,45.1042],[121.731,45.1696],[120.875,45.1042],[120.9182,45.1696],[119.9428,45.1696],[119.9857,45.235],[119.3779,45.3004],[119.4207,45.3659],[118.6575,45.6933],[118.6618,45.8243],[118.3783,45.8898],[118.4357,46.3489],[118.3538,46.3489],[118.441,46.4802],[118.359,46.4802],[118.6166,46.7429],[118.4524,46.7429],[118.6295,47.0058],[118.5473,47.0058],[119.0436,47.73],[118.961,47.73],[119.1452,47.9938],[119.0625,47.9938],[119.9007,49.3826],[119.8172,49.3826],[120.168,49.8471],[120.0842,49.8471],[120.8234,51.3128],[120.7088,51.3797],[120.7638,51.4465],[120.5096,51.4465],[120.5646,51.5134],[120.026,51.5803],[120.1364,51.7142],[119.8265,51.6472],[119.8817,51.7142],[119.6822,51.7811],[119.7376,51.8481],[119.5676,51.8481],[119.5937,51.9822],[119.4235,51.9822],[119.45,52.1163],[119.0508,52.2505],[119.107,52.3176],[118.8511,52.3176],[118.9073,52.3847],[118.7366,52.3847],[118.793,52.4519],[118.3369,52.5191],[118.3933,52.5863],[118.2224,52.5863],[118.2788,52.6535],[117.0521,52.7208],[114.9902,52.1833],[113.8615,52.0492],[112.274,51.6472],[110.3569,51.5803],[110.4071,51.6472],[109.9828,51.6472],[109.9984,51.7811],[109.5236,51.7142],[109.539,51.8481],[109.2689,51.7142],[108.7243,51.7811],[107.2187,51.5803],[104.9306,50.9789],[104.2938,50.9122],[103.4952,50.9789],[103.4631,51.1792],[103.294,51.1792],[103.3012,51.3128],[103.2166,51.3128],[103.3171,51.5803],[103.1941,51.6472],[103.2878,51.7811],[103.2028,51.7811],[103.2971,51.9151],[102.7961,52.0492],[102.8435,52.1163],[102.4272,52.2505],[102.4748,52.3176],[102.2189,52.3176],[102.2665,52.3847],[101.8777,52.3176],[101.8874,52.4519],[101.7166,52.4519],[101.7265,52.5863],[101.641,52.5863],[101.6513,52.7208],[100.5584,52.99],[100.5485,52.8554],[100.0728,52.7881],[98.8409,52.1163],[98.5455,52.1833],[98.591,52.2505],[98.25,52.2505],[98.2954,52.3176],[97.8744,52.4519],[97.92,52.5191],[96.3824,52.5191],[94.5843,52.2505],[93.0944,51.7811],[92.5847,51.7811],[92.5866,51.6472],[92.3757,51.5803],[91.6124,51.5803],[91.6532,51.6472],[90.6753,51.7142],[90.6716,51.8481],[90.0767,51.8481],[88.5266,51.3797],[88.3961,51.4465],[88.28,51.246],[86.8605,50.9789],[84.9813,50.3125],[82.6876,48.9189],[82.3525,48.3899],[82.4354,48.3899],[82.3945,48.1257],[82.5814,47.9938],[82.5202,47.8619],[82.655,47.7959],[82.5942,47.6641],[82.751,47.4665],[82.631,47.2032],[82.7133,47.2032],[82.3657,46.6115],[81.7544,46.1521],[81.7792,46.0209],[81.2835,45.6278],[80.3301,45.1042],[79.8697,44.9734],[79.0919,44.0591],[77.9319,42.9515]],[[80.1498,42.6524],[80.1525,42.6604],[80.1965,42.7192],[80.1889,42.7016],[80.1498,42.6524]],[[86.596,49.6019],[86.6068,49.6128],[86.5967,49.5956],[86.596,49.6019]],[[86.5986,49.5798],[86.6106,49.5667],[86.5993,49.5735],[86.5986,49.5798]],[[87.0125,49.2807],[87.0225,49.2542],[87.0171,49.2586],[87.0125,49.2807]],[[87.0308,49.2474],[87.0534,49.2422],[87.0366,49.2427],[87.0308,49.2474]],[[88.1155,49.3566],[88.1617,49.4301],[88.1682,49.4342],[88.1155,49.3566]],[[88.5588,48.2881],[88.5808,48.212],[88.5612,48.2683],[88.5588,48.2881]],[[88.5808,48.212],[88.6358,48.1758],[88.5962,48.1977],[88.5808,48.212]],[[88.8587,49.5274],[88.8682,49.5381],[88.8799,49.5375],[88.8587,49.5274]],[[89.0747,47.9843],[89.244,47.9802],[89.2187,47.977],[89.0747,47.9843]],[[98.8401,52.0328],[98.8556,52.1067],[98.8465,52.0393],[98.8401,52.0328]],[[117.7588,49.5127],[117.795,49.5191],[117.7987,49.5182],[117.7588,49.5127]],[[117.9901,49.5869],[118.0285,49.603],[118.0171,49.5958],[117.9901,49.5869]]],[[[120.7502,37.8986],[120.7546,37.8967],[120.7549,37.8996],[120.7538,37.8998],[120.7502,37.8986]]],[[[121.8259,40.9482],[121.839,40.9176],[121.8557,40.9656],[121.8259,40.9482]]],[[[93.0513,51.8481],[93.1363,51.8481],[93.1783,51.9151],[93.0933,51.9151],[93.0513,51.8481]]]]}},{"type":"Feature","properties":{"relationId":"cliopatria-relation-975bb692589e","name":"(Alliance between Northern Wei and Rouran Khaganate)","name_ko":"북위–유연 동맹","relationKind":"alliance","relation_kind_ko":"동맹","actor_ids":"cliopatria-q875305-e873a2a17e;cliopatria-q155361-c04e0a15e9","actor_names_ko":"북위;유연","color":"#4fd1c5","startYear":523,"endYear":533,"source_name":"Cliopatria v0.2.0","source_url":"https://github.com/Seshat-Global-History-Databank/cliopatria","license":"CC BY 4.0","attribution":"Seshat Global History Databank, Cliopatria contributors"},"geometry":{"type":"MultiPolygon","coordinates":[[[[77.9319,42.9515],[79.0846,42.8213],[79.2492,42.6262],[79.4094,42.6262],[79.439,42.4962],[80.0285,42.3662],[80.5338,42.4312],[80.9625,42.3012],[82.0557,42.2362],[84.1085,42.7563],[85.7915,42.7563],[85.7638,42.6912],[88.1054,42.3662],[88.0772,42.3012],[88.8482,42.2362],[88.8199,42.1712],[89.6416,42.0413],[89.6132,41.9764],[90.223,41.9114],[90.1945,41.8465],[90.4337,41.8465],[90.5362,41.7167],[90.7753,41.7167],[91.2702,41.3922],[92.4798,41.068],[92.7974,41.068],[92.769,41.0032],[93.8455,40.744],[93.5745,40.4849],[93.3649,40.5496],[93.2781,40.1612],[93.199,40.1612],[93.0905,39.9023],[93.2734,39.7729],[93.22,39.6436],[93.2988,39.6436],[93.2458,39.5143],[93.3505,39.385],[93.8759,39.5143],[94.5849,39.5143],[95.0556,39.3203],[95.3185,39.385],[95.3955,39.1911],[95.5528,39.1911],[95.813,38.868],[96.3618,38.6743],[96.7021,38.7389],[96.7325,39.1911],[96.6538,39.1911],[96.7629,39.4496],[97.2078,39.385],[97.9088,38.9972],[98.2231,38.9972],[98.3841,39.1911],[98.9068,39.1265],[99.1984,39.2557],[99.8104,38.4806],[100.2264,38.3515],[100.4138,38.6097],[100.8745,38.0288],[101.2387,37.9643],[101.2634,37.8352],[101.5492,37.7707],[101.5741,37.6417],[101.8598,37.5773],[102.0961,37.7707],[102.094,37.5773],[102.2485,37.3838],[102.534,37.3193],[102.5593,37.1904],[102.793,37.1904],[103.1033,36.8037],[103.2589,36.8037],[103.3886,36.546],[103.6479,36.4172],[103.5967,36.2884],[103.7278,36.0308],[103.6523,35.8377],[103.7298,35.8377],[103.63,35.5802],[103.7353,35.4514],[103.3856,34.1004],[103.4928,33.9718],[103.21,33.3931],[104.6984,33.2645],[105.1667,33.0716],[105.703,33.0716],[105.9483,33.3288],[106.5619,33.3288],[106.7453,33.2002],[107.4822,33.3288],[107.6652,33.2002],[107.6485,32.943],[107.8783,32.943],[108.1016,33.1359],[108.2379,32.8788],[109.1566,32.8788],[109.3161,32.6859],[109.4691,32.6859],[109.4991,32.5574],[109.8814,32.5574],[109.9115,32.4288],[110.1709,32.3002],[111.2405,32.3002],[111.6166,32.4931],[113.6218,32.943],[113.6464,33.0073],[113.7996,33.0073],[113.8244,33.0716],[113.901,33.0716],[113.8762,33.0073],[114.0791,33.1359],[116.0204,33.2002],[116.225,33.3288],[116.8643,33.3931],[118.0466,33.8432],[118.8019,34.3577],[119.1909,34.7691],[119.2073,35.0484],[119.358,35.0971],[119.4239,35.3135],[119.5319,35.3586],[119.648,35.5839],[119.7325,35.6208],[119.7439,35.5759],[119.8401,35.6579],[119.8602,35.6061],[119.9046,35.6246],[119.9082,35.7449],[120.0029,35.7278],[120.0972,35.9008],[120.189,35.9453],[120.1753,35.89],[120.2511,35.9524],[120.2941,36.0024],[120.1753,35.9936],[120.0897,36.1117],[120.0972,36.2264],[120.2845,36.176],[120.3064,36.2742],[120.3616,36.1916],[120.292,36.062],[120.3535,36.0408],[120.6278,36.1165],[120.6836,36.2056],[120.6436,36.3225],[120.7107,36.3245],[120.7141,36.4287],[120.95,36.4592],[120.9636,36.5479],[120.8504,36.6046],[120.7503,36.5408],[120.7506,36.6168],[120.8506,36.6509],[120.9774,36.5899],[121.4017,36.7124],[121.4595,36.8287],[121.6072,36.845],[121.5032,36.7886],[121.5247,36.7543],[121.9498,36.9389],[121.9263,36.9936],[122.0492,36.9799],[122.0365,36.8993],[122.1429,36.9458],[122.1661,37.0141],[122.1627,36.9458],[122.2659,36.898],[122.1852,36.8595],[122.3212,36.8231],[122.4364,36.8707],[122.4058,36.9222],[122.5111,36.9351],[122.54,37.0277],[122.4024,37.0215],[122.4539,37.1543],[122.4707,37.1103],[122.5735,37.2601],[122.5497,37.3198],[122.5947,37.2952],[122.5708,37.3448],[122.6847,37.4102],[122.2965,37.4182],[122.2454,37.4597],[122.1832,37.4182],[122.1218,37.5627],[122.0256,37.528],[121.988,37.4256],[121.635,37.4813],[121.5874,37.4536],[121.6761,37.4392],[121.5703,37.4287],[121.3817,37.5661],[121.4298,37.5969],[121.3936,37.6225],[121.1554,37.5826],[121.138,37.7012],[121.0326,37.7104],[120.8777,37.8297],[120.2157,37.6841],[120.3225,37.6324],[120.1876,37.5118],[119.8589,37.3602],[119.8973,37.2494],[119.7706,37.1518],[119.4412,37.1206],[119.1455,37.1789],[118.9724,37.2807],[118.9446,37.3781],[119.0371,37.7221],[119.1746,37.7085],[119.2164,37.794],[118.9966,37.9631],[118.9248,38.0578],[118.95,38.0973],[118.7604,38.1551],[118.543,38.0683],[118.0652,38.1431],[117.6025,38.4806],[117.5435,38.6213],[117.584,38.8116],[117.7474,39.071],[117.7154,39.1114],[117.8856,39.2011],[118.0964,39.2024],[118.2249,39.0618],[118.4054,39.0618],[118.5271,39.1492],[118.796,39.1518],[118.8738,39.2138],[118.8806,39.1728],[119.056,39.2292],[119.2304,39.3617],[119.2814,39.575],[119.2293,39.536],[119.2086,39.5696],[119.2849,39.5954],[119.3804,39.7729],[119.5264,39.832],[119.5356,39.8908],[120.4722,40.2145],[120.5018,40.3269],[120.5888,40.3818],[120.5457,40.4024],[120.8253,40.674],[120.9282,40.6894],[120.9819,40.8268],[121.0436,40.8065],[121.2003,40.9307],[121.7565,40.8736],[121.8656,40.9943],[121.9363,41.1977],[122.49,41.4571],[122.6084,41.7816],[123.1301,42.2362],[123.8156,42.5612],[123.9903,43.0816],[125.0527,44.3201],[124.9719,44.3201],[124.8173,44.4507],[124.8615,44.516],[124.4639,44.6466],[124.5081,44.7119],[123.3056,44.9734],[123.3496,45.0388],[121.6875,45.1042],[121.731,45.1696],[120.875,45.1042],[120.9182,45.1696],[119.9428,45.1696],[119.9857,45.235],[119.3779,45.3004],[119.4207,45.3659],[118.6575,45.6933],[118.6618,45.8243],[118.3783,45.8898],[118.4357,46.3489],[118.3538,46.3489],[118.441,46.4802],[118.359,46.4802],[118.6166,46.7429],[118.4524,46.7429],[118.6295,47.0058],[118.5473,47.0058],[119.0436,47.73],[118.961,47.73],[119.1452,47.9938],[119.0625,47.9938],[119.9007,49.3826],[119.8172,49.3826],[120.168,49.8471],[120.0842,49.8471],[120.8234,51.3128],[120.7088,51.3797],[120.7638,51.4465],[120.5096,51.4465],[120.5646,51.5134],[120.026,51.5803],[120.1364,51.7142],[119.8265,51.6472],[119.8817,51.7142],[119.6822,51.7811],[119.7376,51.8481],[119.5676,51.8481],[119.5937,51.9822],[119.4235,51.9822],[119.45,52.1163],[119.0508,52.2505],[119.107,52.3176],[118.8511,52.3176],[118.9073,52.3847],[118.7366,52.3847],[118.793,52.4519],[118.3369,52.5191],[118.3933,52.5863],[118.2224,52.5863],[118.2788,52.6535],[117.0521,52.7208],[114.9902,52.1833],[113.8615,52.0492],[112.274,51.6472],[110.3569,51.5803],[110.4071,51.6472],[109.9828,51.6472],[109.9984,51.7811],[109.5236,51.7142],[109.539,51.8481],[109.2689,51.7142],[108.7243,51.7811],[107.2187,51.5803],[104.9306,50.9789],[104.2938,50.9122],[103.4952,50.9789],[103.4631,51.1792],[103.294,51.1792],[103.3012,51.3128],[103.2166,51.3128],[103.3171,51.5803],[103.1941,51.6472],[103.2878,51.7811],[103.2028,51.7811],[103.2971,51.9151],[102.7961,52.0492],[102.8435,52.1163],[102.4272,52.2505],[102.4748,52.3176],[102.2189,52.3176],[102.2665,52.3847],[101.8777,52.3176],[101.8874,52.4519],[101.7166,52.4519],[101.7265,52.5863],[101.641,52.5863],[101.6513,52.7208],[100.5584,52.99],[100.5485,52.8554],[100.0728,52.7881],[98.8409,52.1163],[98.5455,52.1833],[98.591,52.2505],[98.25,52.2505],[98.2954,52.3176],[97.8744,52.4519],[97.92,52.5191],[96.3824,52.5191],[94.5843,52.2505],[93.0944,51.7811],[92.5847,51.7811],[92.5866,51.6472],[92.3757,51.5803],[91.6124,51.5803],[91.6532,51.6472],[90.6753,51.7142],[90.6716,51.8481],[90.0767,51.8481],[88.5266,51.3797],[88.3961,51.4465],[88.28,51.246],[86.8605,50.9789],[84.9813,50.3125],[82.6876,48.9189],[82.3525,48.3899],[82.4354,48.3899],[82.3945,48.1257],[82.5814,47.9938],[82.5202,47.8619],[82.655,47.7959],[82.5942,47.6641],[82.751,47.4665],[82.631,47.2032],[82.7133,47.2032],[82.3657,46.6115],[81.7544,46.1521],[81.7792,46.0209],[81.2835,45.6278],[80.3301,45.1042],[79.8697,44.9734],[79.0919,44.0591],[77.9319,42.9515]],[[80.1498,42.6524],[80.1525,42.6604],[80.1965,42.7192],[80.1889,42.7016],[80.1498,42.6524]],[[86.596,49.6019],[86.6068,49.6128],[86.5967,49.5956],[86.596,49.6019]],[[86.5986,49.5798],[86.6106,49.5667],[86.5993,49.5735],[86.5986,49.5798]],[[87.0125,49.2807],[87.0225,49.2542],[87.0171,49.2586],[87.0125,49.2807]],[[87.0308,49.2474],[87.0534,49.2422],[87.0366,49.2427],[87.0308,49.2474]],[[88.1155,49.3566],[88.1617,49.4301],[88.1682,49.4342],[88.1155,49.3566]],[[88.5588,48.2881],[88.5808,48.212],[88.5612,48.2683],[88.5588,48.2881]],[[88.5808,48.212],[88.6358,48.1758],[88.5962,48.1977],[88.5808,48.212]],[[88.8587,49.5274],[88.8682,49.5381],[88.8799,49.5375],[88.8587,49.5274]],[[89.0747,47.9843],[89.244,47.9802],[89.2187,47.977],[89.0747,47.9843]],[[98.8401,52.0328],[98.8556,52.1067],[98.8465,52.0393],[98.8401,52.0328]],[[117.7588,49.5127],[117.795,49.5191],[117.7987,49.5182],[117.7588,49.5127]],[[117.9901,49.5869],[118.0285,49.603],[118.0171,49.5958],[117.9901,49.5869]]],[[[120.7502,37.8986],[120.7546,37.8967],[120.7549,37.8996],[120.7538,37.8998],[120.7502,37.8986]]],[[[121.8259,40.9482],[121.839,40.9176],[121.8557,40.9656],[121.8259,40.9482]]],[[[93.0513,51.8481],[93.1363,51.8481],[93.1783,51.9151],[93.0933,51.9151],[93.0513,51.8481]]]]}},{"type":"Feature","properties":{"relationId":"cliopatria-relation-c8c047aace2f","name":"(Alliance between Ostrogothic Kingdom and Visigothic Kingdom)","name_ko":"동고트 왕국–서고트 왕국 동맹","relationKind":"alliance","relation_kind_ko":"동맹","actor_ids":"cliopatria-q583038-7d984a97b7;cliopatria-q126936-c93e2b800f","actor_names_ko":"동고트 왕국;서고트 왕국","color":"#4fd1c5","startYear":500,"endYear":509,"source_name":"Cliopatria v0.2.0","source_url":"https://github.com/Seshat-Global-History-Databank/cliopatria","license":"CC BY 4.0","attribution":"Seshat Global History Databank, Cliopatria contributors"},"geometry":{"type":"MultiPolygon","coordinates":[[[[-9.4975,38.8098],[-9.4717,38.7025],[-9.3218,38.6703],[-9.1125,38.7142],[-9.1003,38.8302],[-8.9359,39.0407],[-8.7651,39.0977],[-8.9432,39.0152],[-9.0115,38.9134],[-8.9426,38.7756],[-9.1077,38.6589],[-9.2324,38.6684],[-9.1838,38.5515],[-9.2085,38.416],[-8.9549,38.5051],[-8.7884,38.4814],[-8.7733,38.5653],[-8.7362,38.4519],[-8.6068,38.4187],[-8.8226,38.4463],[-8.7744,38.1869],[-8.817,37.7403],[-8.7522,37.7308],[-8.819,37.6273],[-8.816,37.4179],[-8.9969,37.0218],[-8.7011,37.126],[-8.3117,37.126],[-7.9887,36.9971],[-7.8196,36.9987],[-7.459,37.178],[-7.4653,37.2549],[-6.9042,37.2549],[-6.8527,37.2952],[-6.8854,37.2549],[-6.5435,36.9851],[-6.3467,36.8958],[-6.1948,36.9321],[-6.3382,36.8837],[-6.3301,36.6749],[-6.1794,36.5135],[-6.2146,36.4793],[-6.0688,36.2325],[-5.8311,36.224],[-5.6403,36.0422],[-5.3215,36.2067],[-5.2282,36.4816],[-4.6888,36.546],[-4.4686,36.7393],[-2.6801,36.7393],[-2.5321,36.8682],[-2.0616,36.8037],[-1.8574,37.3193],[-1.6521,37.3626],[-1.7087,37.4483],[-1.2427,37.5792],[-1.1717,37.5518],[-0.7078,37.6411],[-0.8099,37.6669],[-0.8561,37.7425],[-0.788,37.8228],[-0.7607,37.7961],[-0.8035,38.0288],[-0.6609,38.2869],[0.0994,38.7389],[-0.3137,39.1265],[-0.3454,39.7083],[-0.1265,40.0317],[0.1825,40.1612],[0.2478,40.4201],[0.7093,40.6792],[0.6958,40.9384],[1.2384,41.1977],[2.1066,41.3274],[2.3336,41.5869],[2.5725,41.5869],[3.1168,41.9114],[3.1188,42.2183],[3.1773,42.3606],[3.0099,42.5612],[2.9849,43.1467],[3.14,43.2769],[3.6171,43.4072],[3.8509,43.6027],[4.173,43.6027],[4.1778,43.4723],[4.7288,43.4723],[4.6946,43.5791],[4.7424,43.4723],[5.0524,43.4723],[5.0291,43.5586],[5.14,43.4858],[5.2228,43.504],[5.1969,43.4454],[5.3869,43.4072],[5.3908,43.2769],[5.6319,43.2769],[5.7962,43.1467],[6.2782,43.1467],[6.5938,43.2758],[6.6726,43.4723],[6.9985,43.5442],[7.1502,43.733],[8.0339,43.9286],[8.1916,44.1896],[8.5925,44.4507],[9.1591,44.4507],[9.7274,44.1243],[9.9697,44.1243],[9.9627,44.0447],[10.1314,44.0591],[10.3742,43.6678],[10.5391,43.0796],[11.0163,42.8213],[11.0159,42.6629],[11.176,42.6262],[11.2552,42.4312],[11.4152,42.4312],[11.569,42.3314],[11.6548,42.3662],[11.8128,42.1063],[12.1317,42.0413],[12.1305,41.9131],[13,41.3274],[13.7145,41.2625],[13.862,41.1328],[13.9506,41.1328],[14.1046,40.8736],[14.4219,40.8736],[14.4194,40.7517],[14.4741,40.7297],[14.4363,40.6792],[14.8934,40.6792],[15.0414,40.2259],[15.1995,40.2259],[15.4319,40.0317],[15.5349,40.0778],[15.7478,40.0317],[15.7136,39.978],[15.7736,39.8424],[15.8989,39.7729],[16.1165,39.0618],[16.2703,38.9326],[16.2652,38.7389],[15.9497,38.6743],[15.8621,38.2869],[15.6328,38.2203],[15.6982,37.9643],[15.9328,37.9643],[16.4919,38.416],[16.5024,38.8034],[17.1383,39.0618],[17.0697,39.385],[16.9162,39.5143],[16.4473,39.6436],[16.4567,39.967],[16.6769,40.1511],[16.6245,40.2906],[16.777,40.2906],[16.9137,40.4464],[16.868,40.4849],[17.0285,40.5496],[17.3452,40.5496],[17.4175,40.3554],[17.8131,40.3554],[18.1122,39.9023],[18.3489,39.9023],[18.4381,40.1612],[17.9812,40.6144],[17.5107,40.744],[17.2027,41.0032],[15.9439,41.3922],[15.8738,41.7167],[16.1149,41.7816],[16.1189,41.9114],[15.2414,41.9114],[15.008,41.999],[14.924,41.9764],[14.7659,42.0413],[14.7178,42.1506],[14.6077,42.1063],[14.0565,42.4962],[13.9014,42.7563],[13.9329,42.8295],[13.8625,43.0186],[13.7471,43.0816],[13.6726,43.4072],[13.3874,43.6413],[13.0338,43.733],[13.019,43.8567],[12.8734,43.7982],[12.313,44.1896],[12.1537,44.4507],[12.1572,44.8426],[12.4001,44.7989],[12.4026,45.0388],[12.3688,45.011],[12.16,45.1696],[12.1628,45.4968],[12.6522,45.5623],[12.8168,45.6933],[13.0658,45.6401],[13.1448,45.8243],[13.7149,45.7588],[13.7393,45.6491],[13.8081,45.6143],[13.7119,45.5933],[13.7529,45.5529],[13.7102,45.4968],[13.5473,45.4968],[13.5448,45.3427],[13.7056,45.235],[13.8032,44.908],[13.9432,44.908],[13.9457,45.0388],[14.1552,45.0388],[14.1962,45.3659],[14.6031,45.3659],[14.576,45.2623],[14.8528,45.0937],[14.9187,44.9734],[14.9113,44.6789],[15.308,44.3544],[15.5287,44.2718],[15.2612,44.3326],[15.2953,44.2507],[15.1981,44.3017],[15.1765,44.25],[15.2129,44.131],[15.4591,43.9938],[15.4551,43.928],[15.6186,43.9286],[15.6954,43.7982],[15.8566,43.7982],[16.0117,43.6027],[15.9595,43.504],[16.5754,43.6027],[16.7342,43.5375],[16.7302,43.4247],[17.0513,43.4072],[17.1139,43.2132],[17.2058,43.1691],[17.3654,43.2118],[17.3606,43.0893],[17.4336,43.0174],[17.502,43.031],[17.5156,42.9589],[17.6632,42.8864],[17.8339,42.8864],[18.2191,42.5984],[18.6286,42.4482],[18.6873,42.4829],[18.7063,42.4197],[18.852,42.3662],[18.9259,42.2362],[19.1688,42.3012],[19.114,42.8213],[19.4579,43.2769],[19.3037,43.4072],[19.3136,43.6027],[19.4747,43.6027],[19.4109,43.9286],[19.6599,44.0591],[19.6704,44.2548],[19.9236,44.4507],[19.938,44.7119],[20.2959,45.3004],[19.2384,45.3004],[18.9976,45.3659],[19.0041,45.4968],[18.9227,45.4968],[19.0106,45.6278],[18.854,45.7588],[18.9486,46.0209],[18.8701,46.0865],[18.9518,46.0865],[19.0501,46.4145],[18.8961,46.6115],[18.906,46.8086],[18.8239,46.8086],[18.8337,47.0058],[19.166,47.0716],[19.0906,47.2032],[19.2692,47.4665],[18.9496,47.6641],[18.9565,47.7959],[18.798,47.9278],[18.626,47.7959],[17.6346,47.7959],[17.169,48.0123],[17.0856,47.9701],[17.1672,48.0131],[17.0669,48.0597],[17.0723,48.1917],[16.9895,48.1917],[16.9921,48.2578],[16.8238,48.1917],[16.8264,48.2578],[14.2576,48.2578],[13.7642,48.4559],[13.6838,48.5881],[12.9383,48.7204],[12.1113,49.1838],[11.694,49.1175],[11.6099,48.9851],[10.1134,48.4559],[9.9508,47.8619],[9.8681,47.8619],[9.9519,47.6641],[9.3766,47.4006],[9.2955,47.269],[9.1308,47.269],[8.8862,47.0716],[8.8878,46.9401],[8.7235,46.9401],[8.645,46.6772],[8.0786,46.2177],[8.0808,46.0865],[7.9014,45.9825],[7.9833,45.9988],[7.5153,45.7588],[7.4377,45.5623],[7.1147,45.4313],[7.0377,45.235],[6.6343,45.1042],[6.6375,44.9734],[6.8826,44.908],[6.887,44.7119],[6.9681,44.7119],[6.8104,44.516],[6.0852,44.3854],[5.8553,43.9286],[5.0463,43.9938],[4.391,44.2548],[4.3862,44.3854],[4.2244,44.3854],[4.1334,44.6466],[3.9688,44.7119],[4.0395,44.9734],[3.869,45.1696],[3.8582,45.4313],[3.0761,46.4802],[3.2275,46.7429],[2.9651,47.0716],[3.0343,47.3348],[2.9453,47.4665],[2.0236,47.73],[1.3124,47.2032],[-0.0045,47.2032],[-0.0959,47.3348],[-0.2607,47.3348],[-0.27,47.4665],[-1.1769,47.4665],[-1.4088,47.269],[-1.8628,47.269],[-1.727,47.2108],[-2.1613,47.269],[-2.1418,47.1214],[-1.9907,47.0354],[-2.1288,46.8935],[-2.1188,46.82],[-1.9099,46.6918],[-1.7954,46.4945],[-1.7892,46.5329],[-1.2401,46.2842],[-1.1107,46.3027],[-1.2108,46.1745],[-1.0487,46.0388],[-1.1107,46.0184],[-1.0734,45.9044],[-1.1517,45.8681],[-0.9872,45.7174],[-1.1443,45.8061],[-1.2131,45.7588],[-1.0453,45.6933],[-1.0408,45.6302],[-0.7955,45.4771],[-0.656,45.0991],[-0.4938,44.998],[-0.5962,45.0246],[-0.5347,44.895],[-0.716,45.1345],[-0.7662,45.3261],[-0.9153,45.4504],[-1.0317,45.5035],[-1.1434,45.4504],[-1.2201,44.7226],[-1.1722,44.7783],[-1.0447,44.6694],[-1.2134,44.6291],[-1.3355,44.0655],[-1.3214,43.8634],[-1.3925,43.8634],[-1.4599,43.5375],[-1.7634,43.2769],[-1.4418,43.2769],[-1.5177,43.2118],[-1.424,43.0165],[-1.1073,43.0816],[-0.9381,42.9515],[-1.2591,42.9515],[-1.3305,42.8213],[-1.807,42.7563],[-2.1323,42.8213],[-2.2785,42.6262],[-2.5284,42.7563],[-2.6789,42.6262],[-3.7201,42.6262],[-5.7342,42.7563],[-5.7044,42.4312],[-5.7844,42.4312],[-5.9028,41.9764],[-6.1303,41.8465],[-6.2542,41.4571],[-6.8544,41.068],[-6.8626,40.2906],[-7.9269,39.8376],[-8.4729,39.7729],[-8.7571,39.4496],[-8.9146,39.4496],[-8.9745,39.2557],[-9.3422,39.2557],[-9.4975,38.8098]],[[-7.5297,37.5672],[-7.5236,37.5732],[-7.5275,37.5614],[-7.5297,37.5672]],[[-7.5223,37.5475],[-7.496,37.5121],[-7.5154,37.5293],[-7.5223,37.5475]],[[-7.445,37.3868],[-7.4276,37.2745],[-7.4322,37.2639],[-7.445,37.3868]],[[-7.2658,39.2314],[-7.2643,39.2523],[-7.2596,39.2212],[-7.2658,39.2314]],[[-7.0768,39.1115],[-7.0649,39.1148],[-7.0515,39.1099],[-7.0768,39.1115]],[[-7.0298,39.1019],[-7.0158,39.0968],[-6.9857,39.0668],[-7.0298,39.1019]],[[0.6335,42.7448],[0.6476,42.741],[0.6528,42.7338],[0.6335,42.7448]],[[0.6491,42.6881],[0.6591,42.6946],[0.6567,42.688],[0.6491,42.6881]],[[0.661,42.7223],[0.6664,42.7148],[0.6638,42.7075],[0.661,42.7223]],[[1.4076,42.4868],[1.4364,42.4535],[1.4364,42.4495],[1.4076,42.4868]],[[1.418,42.5698],[1.4207,42.5759],[1.4263,42.5618],[1.418,42.5698]],[[1.444,42.4397],[1.494,42.4312],[1.4479,42.4346],[1.444,42.4397]],[[1.5106,42.4299],[1.5444,42.4504],[1.5166,42.4295],[1.5106,42.4299]],[[1.707,42.5028],[1.7112,42.5157],[1.7119,42.4997],[1.707,42.5028]],[[1.7246,42.4919],[1.7927,42.4817],[1.7306,42.4881],[1.7246,42.4919]],[[2.0043,42.3493],[2.0279,42.3508],[2.0092,42.3471],[2.0043,42.3493]],[[2.0575,42.3567],[2.137,42.4162],[2.0633,42.3579],[2.0575,42.3567]],[[6.8661,44.3721],[6.8772,44.4144],[6.8703,44.3667],[6.8661,44.3721]],[[6.9799,44.2461],[6.9887,44.2416],[6.9828,44.2417],[6.9799,44.2461]],[[6.9828,44.847],[7.0049,44.828],[7.0043,44.8249],[6.9828,44.847]],[[7.3093,44.1475],[7.339,44.1249],[7.331,44.1253],[7.3093,44.1475]],[[7.8702,45.9404],[7.8729,45.9594],[7.8807,45.9664],[7.8702,45.9404]],[[7.9891,46.0033],[8.0007,46.0175],[7.9984,46.0106],[7.9891,46.0033]],[[9.2823,46.4974],[9.331,46.5015],[9.3508,46.4979],[9.2823,46.4974]],[[9.477,47.0639],[9.5812,47.0569],[9.6691,47.0562],[9.5606,47.0524],[9.477,47.0639]],[[9.4874,47.21],[9.5046,47.2437],[9.5171,47.2564],[9.4874,47.21]],[[9.8486,47.5386],[9.8589,47.5413],[9.9188,47.5322],[9.8486,47.5386]],[[10.0226,47.488],[10.0718,47.4391],[10.0806,47.4274],[10.0226,47.488]],[[10.0427,46.2205],[10.1026,46.2289],[10.0757,46.22],[10.0427,46.2205]],[[10.0532,47.4049],[10.0806,47.4274],[10.076,47.4169],[10.0532,47.4049]],[[10.0924,46.3381],[10.0956,46.344],[10.0935,46.3356],[10.0924,46.3381]],[[10.0998,46.321],[10.1589,46.2624],[10.1049,46.3094],[10.0998,46.321]],[[10.1015,46.3549],[10.105,46.3614],[10.1332,46.3811],[10.1015,46.3549]],[[10.3639,46.9912],[10.3734,46.9963],[10.3758,46.9946],[10.3639,46.9912]],[[12.7389,48.1134],[12.7431,48.1158],[12.7397,48.1069],[12.7389,48.1134]],[[12.7414,48.092],[12.7486,48.0788],[12.742,48.0868],[12.7414,48.092]],[[12.7539,48.0725],[12.8306,48.0155],[12.7602,48.0649],[12.7539,48.0725]],[[13.5068,46.5469],[13.5492,46.5458],[13.607,46.5329],[13.5068,46.5469]],[[14.1499,46.4401],[14.3958,46.441],[14.3993,46.4393],[14.1499,46.4401]],[[14.412,46.4332],[14.4509,46.4145],[14.42,46.4244],[14.412,46.4332]],[[15.972,46.8206],[15.9817,46.8277],[16.0941,46.8629],[16.094,46.8628],[15.972,46.8206]],[[16.2337,46.4787],[16.2349,46.4933],[16.2509,46.405],[16.2337,46.4787]],[[16.3476,46.5436],[16.3579,46.547],[16.3517,46.5395],[16.3476,46.5436]],[[17.0386,46.169],[17.0889,46.1362],[17.0529,46.1535],[17.0386,46.169]],[[17.1069,46.1276],[17.2086,46.1166],[17.1162,46.1231],[17.1069,46.1276]],[[18.4437,42.8345],[18.4517,42.8023],[18.4446,42.8171],[18.4437,42.8345]],[[18.4598,42.7852],[18.4838,42.7525],[18.4674,42.7692],[18.4598,42.7852]],[[18.6487,45.0627],[18.6713,45.0869],[18.6766,45.086],[18.6487,45.0627]],[[18.6798,45.0855],[18.6841,45.0848],[18.7383,45.0159],[18.6798,45.0855]],[[18.8283,45.9057],[18.8865,45.9304],[18.8964,45.9295],[18.8283,45.9057]],[[18.8896,44.8612],[19.0158,44.8656],[19.0726,44.8767],[19.0684,44.8748],[19.005,44.8633],[18.8896,44.8612]],[[19.1228,43.5359],[19.2175,43.5328],[19.1953,43.5328],[19.1228,43.5359]],[[19.2435,44.002],[19.2728,44.0124],[19.2814,44.0115],[19.2435,44.002]],[[19.2925,44.0103],[19.3006,44.0095],[19.3646,43.9733],[19.2925,44.0103]],[[19.3074,44.2742],[19.3243,44.264],[19.3319,44.2539],[19.3074,44.2742]],[[19.3415,44.8988],[19.3532,44.899],[19.3644,44.889],[19.3415,44.8988]],[[19.3454,44.2358],[19.354,44.2243],[19.3624,44.1912],[19.3454,44.2358]],[[19.3624,44.1912],[19.4426,44.1432],[19.3812,44.1771],[19.3624,44.1912]],[[19.3696,44.8842],[19.3728,44.8814],[19.3766,44.863],[19.3696,44.8842]]],[[[-9.0797,38.8201],[-9.0414,38.8492],[-9.0346,38.8642],[-9.0411,38.8676],[-9.0614,38.8522],[-9.0797,38.8201]]],[[[-8.9426,38.4814],[-8.9114,38.4658],[-8.8817,38.4707],[-8.9045,38.4864],[-8.9273,38.4938],[-8.9426,38.4814]]],[[[-7.8658,36.9971],[-7.8585,36.9971],[-7.8601,37.0004],[-7.8658,36.9971]]],[[[-2.2322,47.269],[-2.2292,47.2648],[-2.218,47.269],[-2.2322,47.269]]],[[[-2.1732,46.9345],[-2.1426,46.9099],[-2.1448,46.9575],[-2.1732,46.9345]]],[[[-1.2275,45.9543],[-1.2227,45.8898],[-1.1778,45.8898],[-1.2275,45.9543]]],[[[-0.7545,37.7744],[-0.7469,37.6838],[-0.7265,37.6652],[-0.7401,37.7025],[-0.7327,37.7477],[-0.7545,37.7744]]],[[[12.4905,37.7062],[13.192,37.5773],[13.6022,37.2505],[14.2779,37.126],[14.6723,36.7393],[15.0498,36.7393],[15.2102,36.9971],[15.2133,37.1583],[15.0592,37.2549],[15.0665,37.6417],[15.3895,38.1578],[15.5432,38.1578],[15.5865,38.2377],[14.0562,37.9643],[13.6652,37.9643],[13.3547,38.1578],[13.1199,38.1578],[13.0404,38.0288],[12.6522,38.0929],[12.4919,37.8998],[12.4905,37.7062]]],[[[14.5158,45.1042],[14.7791,45.0187],[14.6653,45.0873],[14.6653,45.1618],[14.5974,45.1664],[14.5959,45.2375],[14.5158,45.1042]]],[[[14.9089,44.5813],[14.9595,44.5396],[14.9729,44.5361],[15.0142,44.5187],[15.0073,44.5045],[15.0755,44.4841],[15.0412,44.5275],[15.0039,44.5361],[14.9663,44.5734],[14.9095,44.6068],[14.9089,44.5813]]],[[[15.0415,44.4766],[15.1597,44.3262],[15.2271,44.3264],[15.1651,44.3674],[15.2544,44.34],[15.0415,44.4766]]],[[[15.1642,44.3057],[15.1652,44.3012],[15.1724,44.2991],[15.1642,44.3057]]],[[[15.2158,44.072],[15.2187,44.0591],[15.2398,44.0534],[15.2258,44.0662],[15.2158,44.072]]],[[[15.401,43.904],[15.4461,43.8875],[15.4268,43.9221],[15.4165,43.928],[15.401,43.904]]],[[[16.7272,43.3421],[16.7959,43.3559],[16.7282,43.3691],[16.7272,43.3421]]],[[[17.3552,42.9515],[17.4376,42.9515],[17.3905,42.9777],[17.3566,42.9879],[17.3552,42.9515]]],[[[17.5079,42.7563],[17.5159,42.7684],[17.5085,42.7718],[17.5079,42.7563]]],[[[17.5119,42.8554],[17.6218,42.8864],[17.5261,42.9218],[17.5119,42.8554]]],[[[10.1632,42.8164],[10.1963,42.7362],[10.3379,42.7648],[10.4307,42.7221],[10.3888,42.7635],[10.4367,42.8044],[10.4124,42.8734],[10.3473,42.8059],[10.1632,42.8164]]],[[[-1.8509,43.3769],[-1.8484,43.3421],[-1.768,43.3421],[-1.7706,43.3787],[-1.7755,43.3762],[-1.7941,43.386],[-1.8113,43.3951],[-1.8509,43.3769]]],[[[14.2616,44.6158],[14.2712,44.6125],[14.2619,44.6282],[14.2616,44.6158]]],[[[14.2625,44.6582],[14.2742,44.6617],[14.2804,44.6776],[14.2658,44.6795],[14.2629,44.6771],[14.2625,44.6582]]],[[[14.2925,44.9403],[14.4279,44.6566],[14.5047,44.6191],[14.4592,44.9154],[14.2925,44.9403]]],[[[14.3358,44.7168],[14.363,44.5734],[14.5024,44.516],[14.3358,44.7168]]],[[[19.0041,45.4968],[19.0856,45.4968],[19.0889,45.5623],[19.0074,45.5623],[19.0041,45.4968]]]]}},{"type":"Feature","properties":{"relationId":"cliopatria-relation-c8c047aace2f","name":"(Alliance between Ostrogothic Kingdom and Visigothic Kingdom)","name_ko":"동고트 왕국–서고트 왕국 동맹","relationKind":"alliance","relation_kind_ko":"동맹","actor_ids":"cliopatria-q583038-7d984a97b7;cliopatria-q126936-c93e2b800f","actor_names_ko":"동고트 왕국;서고트 왕국","color":"#4fd1c5","startYear":510,"endYear":522,"source_name":"Cliopatria v0.2.0","source_url":"https://github.com/Seshat-Global-History-Databank/cliopatria","license":"CC BY 4.0","attribution":"Seshat Global History Databank, Cliopatria contributors"},"geometry":{"type":"MultiPolygon","coordinates":[[[[-9.4975,38.8098],[-9.4717,38.7025],[-9.3218,38.6703],[-9.1125,38.7142],[-9.1003,38.8302],[-8.9359,39.0407],[-8.7651,39.0977],[-8.9432,39.0152],[-9.0115,38.9134],[-8.9426,38.7756],[-9.1077,38.6589],[-9.2324,38.6684],[-9.1838,38.5515],[-9.2085,38.416],[-8.9549,38.5051],[-8.7884,38.4814],[-8.7733,38.5653],[-8.7362,38.4519],[-8.6068,38.4187],[-8.8226,38.4463],[-8.7744,38.1869],[-8.817,37.7403],[-8.7522,37.7308],[-8.819,37.6273],[-8.816,37.4179],[-8.9969,37.0218],[-8.7011,37.126],[-8.3117,37.126],[-7.9887,36.9971],[-7.8196,36.9987],[-7.459,37.178],[-7.4653,37.2549],[-6.9042,37.2549],[-6.8527,37.2952],[-6.8854,37.2549],[-6.5435,36.9851],[-6.3467,36.8958],[-6.1948,36.9321],[-6.3382,36.8837],[-6.3301,36.6749],[-6.1794,36.5135],[-6.2146,36.4793],[-6.0688,36.2325],[-5.8311,36.224],[-5.6403,36.0422],[-5.3215,36.2067],[-5.2282,36.4816],[-4.6888,36.546],[-4.4686,36.7393],[-2.6801,36.7393],[-2.5321,36.8682],[-2.0616,36.8037],[-1.8574,37.3193],[-1.6521,37.3626],[-1.7087,37.4483],[-1.4038,37.5773],[-0.7078,37.6414],[-0.8099,37.6669],[-0.8561,37.7425],[-0.788,37.8228],[-0.7607,37.7961],[-0.8035,38.0288],[-0.6609,38.2869],[0.0994,38.7389],[-0.3137,39.1265],[-0.3454,39.7083],[-0.2019,39.967],[0.1825,40.1612],[0.2478,40.4201],[0.475,40.6144],[0.7093,40.6792],[0.6958,40.9384],[1.2384,41.1977],[2.1066,41.3274],[2.3336,41.5869],[2.5725,41.5869],[3.1168,41.9114],[3.1188,42.2183],[3.1773,42.3606],[3.0099,42.5612],[2.9849,43.1467],[3.6171,43.4072],[3.6924,43.5375],[4.173,43.6027],[4.1778,43.4723],[4.7288,43.4723],[4.6946,43.5791],[4.7424,43.4723],[5.0524,43.4723],[5.0291,43.5586],[5.14,43.4858],[5.2228,43.504],[5.1969,43.4454],[5.3869,43.4072],[5.3908,43.2769],[5.6319,43.2769],[5.7962,43.1467],[6.2782,43.1467],[6.5176,43.2118],[6.6726,43.4723],[6.9985,43.5442],[7.1502,43.733],[8.0339,43.9286],[8.1916,44.1896],[8.5925,44.4507],[9.1591,44.4507],[9.7274,44.1243],[9.9697,44.1243],[9.9627,44.0447],[10.1314,44.0591],[10.3742,43.6678],[10.5391,43.0796],[11.0163,42.8213],[11.0159,42.6629],[11.176,42.6262],[11.2552,42.4312],[11.4152,42.4312],[11.569,42.3314],[11.6548,42.3662],[11.8128,42.1063],[12.1317,42.0413],[12.1305,41.9131],[13,41.3274],[13.7145,41.2625],[13.862,41.1328],[13.9506,41.1328],[14.1046,40.8736],[14.4219,40.8736],[14.4194,40.7517],[14.4741,40.7297],[14.4363,40.6792],[14.8934,40.6792],[15.0414,40.2259],[15.1995,40.2259],[15.4319,40.0317],[15.5349,40.0778],[15.7478,40.0317],[15.7136,39.978],[15.7736,39.8424],[15.8989,39.7729],[16.1165,39.0618],[16.2703,38.9326],[16.2652,38.7389],[15.9497,38.6743],[15.8621,38.2869],[15.6328,38.2203],[15.6982,37.9643],[15.9328,37.9643],[16.4919,38.416],[16.5024,38.8034],[17.1383,39.0618],[17.0697,39.385],[16.9162,39.5143],[16.4473,39.6436],[16.4567,39.967],[16.6769,40.1511],[16.6245,40.2906],[16.777,40.2906],[16.9137,40.4464],[16.868,40.4849],[17.0285,40.5496],[17.3452,40.5496],[17.4175,40.3554],[17.8131,40.3554],[18.1122,39.9023],[18.3489,39.9023],[18.4381,40.1612],[17.9812,40.6144],[17.5107,40.744],[17.2027,41.0032],[15.9439,41.3922],[15.8738,41.7167],[16.1149,41.7816],[16.1189,41.9114],[15.2414,41.9114],[15.008,41.999],[14.924,41.9764],[14.7659,42.0413],[14.7178,42.1506],[14.6077,42.1063],[14.0565,42.4962],[13.9014,42.7563],[13.9329,42.8295],[13.8625,43.0186],[13.7471,43.0816],[13.6726,43.4072],[13.3874,43.6413],[13.0338,43.733],[13.019,43.8567],[12.8734,43.7982],[12.313,44.1896],[12.1537,44.4507],[12.1572,44.8426],[12.4001,44.7989],[12.4026,45.0388],[12.3688,45.011],[12.16,45.1696],[12.1628,45.4968],[12.6522,45.5623],[12.8168,45.6933],[13.0658,45.6401],[13.1448,45.8243],[13.7149,45.7588],[13.7393,45.6491],[13.8081,45.6143],[13.7119,45.5933],[13.7529,45.5529],[13.7102,45.4968],[13.5473,45.4968],[13.5448,45.3427],[13.7056,45.235],[13.8032,44.908],[13.9432,44.908],[13.9457,45.0388],[14.1552,45.0388],[14.1962,45.3659],[14.6031,45.3659],[14.576,45.2623],[14.8528,45.0937],[14.9187,44.9734],[14.9113,44.6789],[15.308,44.3544],[15.5287,44.2718],[15.2612,44.3326],[15.2953,44.2507],[15.1981,44.3017],[15.1765,44.25],[15.2129,44.131],[15.4591,43.9938],[15.4551,43.928],[15.6186,43.9286],[15.6954,43.7982],[15.8566,43.7982],[16.0117,43.6027],[15.9595,43.504],[16.5754,43.6027],[16.7342,43.5375],[16.7302,43.4247],[17.0513,43.4072],[17.1139,43.2132],[17.2058,43.1691],[17.3654,43.2118],[17.3606,43.0893],[17.4336,43.0174],[17.502,43.031],[17.5156,42.9589],[17.6632,42.8864],[17.8339,42.8864],[18.2191,42.5984],[18.6286,42.4482],[18.6873,42.4829],[18.7063,42.4197],[18.852,42.3662],[18.9259,42.2362],[19.0058,42.2362],[19.1688,42.3012],[19.114,42.8213],[19.4579,43.2769],[19.3037,43.4072],[19.3136,43.6027],[19.4747,43.6027],[19.4109,43.9286],[19.6599,44.0591],[19.6704,44.2548],[19.9236,44.4507],[19.9344,44.6466],[19.6242,44.908],[19.1406,44.9734],[19.2384,45.3004],[18.9976,45.3659],[19.0041,45.4968],[18.9227,45.4968],[18.7788,45.8898],[18.8604,45.8898],[18.8283,45.9057],[19.0501,46.4145],[18.8141,46.6115],[18.8337,47.0058],[19.0837,47.0716],[19.1833,47.4006],[19.2657,47.4006],[19.2692,47.4665],[18.9496,47.6641],[18.9565,47.7959],[18.798,47.9278],[18.626,47.7959],[17.6346,47.7959],[17.169,48.0123],[17.0856,47.9701],[17.1672,48.0131],[17.0669,48.0597],[17.0723,48.1917],[16.9895,48.1917],[16.9921,48.2578],[16.8238,48.1917],[16.8264,48.2578],[14.2576,48.2578],[13.7642,48.4559],[13.6838,48.5881],[12.9383,48.7204],[12.1113,49.1838],[11.694,49.1175],[11.6099,48.9851],[10.1134,48.4559],[9.9508,47.8619],[9.8681,47.8619],[9.9519,47.6641],[9.3766,47.4006],[9.2955,47.269],[9.1308,47.269],[8.8862,47.0716],[8.8878,46.9401],[8.7235,46.9401],[8.645,46.6772],[8.0786,46.2177],[8.0808,46.0865],[7.9014,45.9825],[7.9833,45.9988],[7.5153,45.7588],[7.4377,45.5623],[7.1147,45.4313],[7.0377,45.235],[6.6343,45.1042],[6.6375,44.9734],[6.8826,44.908],[6.887,44.7119],[6.9681,44.7119],[6.8914,44.516],[6.0852,44.3854],[5.8553,43.9286],[4.8019,44.0591],[4.7144,44.2548],[4.2367,44.0591],[4.1385,44.516],[3.8146,44.516],[3.4292,44.0591],[3.0255,44.0591],[2.7951,43.7982],[2.6338,43.7982],[2.095,43.2769],[1.9503,42.9515],[1.7898,42.9515],[1.4855,42.6262],[1.0747,42.8213],[0.0401,42.6912],[-0.9424,43.0165],[-0.9381,42.9515],[-1.2591,42.9515],[-1.3305,42.8213],[-1.807,42.7563],[-2.1323,42.8213],[-2.2785,42.6262],[-2.5284,42.7563],[-2.6789,42.6262],[-3.7201,42.6262],[-5.7342,42.7563],[-5.7044,42.4312],[-5.7844,42.4312],[-5.9028,41.9764],[-6.1303,41.8465],[-6.2542,41.4571],[-6.8544,41.068],[-6.8626,40.2906],[-7.9269,39.8376],[-8.4729,39.7729],[-8.7571,39.4496],[-8.9146,39.4496],[-8.9745,39.2557],[-9.3422,39.2557],[-9.4975,38.8098]],[[-7.5297,37.5672],[-7.5236,37.5732],[-7.5275,37.5614],[-7.5297,37.5672]],[[-7.5223,37.5475],[-7.496,37.5121],[-7.5154,37.5293],[-7.5223,37.5475]],[[-7.445,37.3868],[-7.4276,37.2745],[-7.4322,37.2639],[-7.445,37.3868]],[[-7.2658,39.2314],[-7.2643,39.2523],[-7.2596,39.2212],[-7.2658,39.2314]],[[-7.0768,39.1115],[-7.0649,39.1148],[-7.0515,39.1099],[-7.0768,39.1115]],[[-7.0298,39.1019],[-7.0158,39.0968],[-6.9857,39.0668],[-7.0298,39.1019]],[[0.6335,42.7448],[0.6476,42.741],[0.6528,42.7338],[0.6335,42.7448]],[[0.6491,42.6881],[0.6591,42.6946],[0.6567,42.688],[0.6491,42.6881]],[[0.661,42.7223],[0.6664,42.7148],[0.6638,42.7075],[0.661,42.7223]],[[1.4076,42.4868],[1.4364,42.4535],[1.4364,42.4495],[1.4076,42.4868]],[[1.418,42.5698],[1.4207,42.5759],[1.4263,42.5618],[1.418,42.5698]],[[1.444,42.4397],[1.494,42.4312],[1.4479,42.4346],[1.444,42.4397]],[[1.5106,42.4299],[1.5444,42.4504],[1.5166,42.4295],[1.5106,42.4299]],[[1.707,42.5028],[1.7112,42.5157],[1.7119,42.4997],[1.707,42.5028]],[[1.7246,42.4919],[1.7927,42.4817],[1.7306,42.4881],[1.7246,42.4919]],[[2.0043,42.3493],[2.0279,42.3508],[2.0092,42.3471],[2.0043,42.3493]],[[2.0575,42.3567],[2.137,42.4162],[2.0633,42.3579],[2.0575,42.3567]],[[6.8661,44.3721],[6.8772,44.4144],[6.8703,44.3667],[6.8661,44.3721]],[[6.9799,44.2461],[6.9887,44.2416],[6.9828,44.2417],[6.9799,44.2461]],[[6.9828,44.847],[7.0049,44.828],[7.0043,44.8249],[6.9828,44.847]],[[7.3093,44.1475],[7.339,44.1249],[7.331,44.1253],[7.3093,44.1475]],[[7.8702,45.9404],[7.8729,45.9594],[7.8807,45.9664],[7.8702,45.9404]],[[7.9891,46.0033],[8.0007,46.0175],[7.9984,46.0106],[7.9891,46.0033]],[[9.2823,46.4974],[9.331,46.5015],[9.3508,46.4979],[9.2823,46.4974]],[[9.477,47.0639],[9.5812,47.0569],[9.6691,47.0562],[9.5606,47.0524],[9.477,47.0639]],[[9.4874,47.21],[9.5046,47.2437],[9.5171,47.2564],[9.4874,47.21]],[[9.8486,47.5386],[9.8589,47.5413],[9.9188,47.5322],[9.8486,47.5386]],[[10.0226,47.488],[10.0718,47.4391],[10.0806,47.4274],[10.0226,47.488]],[[10.0427,46.2205],[10.1026,46.2289],[10.0757,46.22],[10.0427,46.2205]],[[10.0532,47.4049],[10.0806,47.4274],[10.076,47.4169],[10.0532,47.4049]],[[10.0924,46.3381],[10.0956,46.344],[10.0935,46.3356],[10.0924,46.3381]],[[10.0998,46.321],[10.1589,46.2624],[10.1049,46.3094],[10.0998,46.321]],[[10.1015,46.3549],[10.105,46.3614],[10.1332,46.3811],[10.1015,46.3549]],[[10.3639,46.9912],[10.3734,46.9963],[10.3758,46.9946],[10.3639,46.9912]],[[12.7389,48.1134],[12.7431,48.1158],[12.7397,48.1069],[12.7389,48.1134]],[[12.7414,48.092],[12.7486,48.0788],[12.742,48.0868],[12.7414,48.092]],[[12.7539,48.0725],[12.8306,48.0155],[12.7602,48.0649],[12.7539,48.0725]],[[13.5068,46.5469],[13.5492,46.5458],[13.607,46.5329],[13.5068,46.5469]],[[14.1499,46.4401],[14.3958,46.441],[14.3993,46.4393],[14.1499,46.4401]],[[14.412,46.4332],[14.4509,46.4145],[14.42,46.4244],[14.412,46.4332]],[[15.972,46.8206],[15.9817,46.8277],[16.0941,46.8629],[16.094,46.8628],[15.972,46.8206]],[[16.2337,46.4787],[16.2349,46.4933],[16.2509,46.405],[16.2337,46.4787]],[[16.3476,46.5436],[16.3579,46.547],[16.3517,46.5395],[16.3476,46.5436]],[[17.0386,46.169],[17.0889,46.1362],[17.0529,46.1535],[17.0386,46.169]],[[17.1069,46.1276],[17.2086,46.1166],[17.1162,46.1231],[17.1069,46.1276]],[[18.4437,42.8345],[18.4517,42.8023],[18.4446,42.8171],[18.4437,42.8345]],[[18.4598,42.7852],[18.4838,42.7525],[18.4674,42.7692],[18.4598,42.7852]],[[18.6487,45.0627],[18.6713,45.0869],[18.6766,45.086],[18.6487,45.0627]],[[18.6798,45.0855],[18.6841,45.0848],[18.7383,45.0159],[18.6798,45.0855]],[[18.8896,44.8612],[19.0158,44.8656],[19.0726,44.8767],[19.0684,44.8748],[19.005,44.8633],[18.8896,44.8612]],[[19.1228,43.5359],[19.2175,43.5328],[19.1953,43.5328],[19.1228,43.5359]],[[19.2435,44.002],[19.2728,44.0124],[19.2814,44.0115],[19.2435,44.002]],[[19.2925,44.0103],[19.3006,44.0095],[19.3646,43.9733],[19.2925,44.0103]],[[19.3074,44.2742],[19.3243,44.264],[19.3319,44.2539],[19.3074,44.2742]],[[19.3415,44.8988],[19.3532,44.899],[19.3644,44.889],[19.3415,44.8988]],[[19.3454,44.2358],[19.354,44.2243],[19.3624,44.1912],[19.3454,44.2358]],[[19.3624,44.1912],[19.4426,44.1432],[19.3812,44.1771],[19.3624,44.1912]],[[19.3696,44.8842],[19.3728,44.8814],[19.3766,44.863],[19.3696,44.8842]]],[[[-9.0797,38.8201],[-9.0414,38.8492],[-9.0346,38.8642],[-9.0411,38.8676],[-9.0614,38.8522],[-9.0797,38.8201]]],[[[-8.9426,38.4814],[-8.9114,38.4658],[-8.8817,38.4707],[-8.9045,38.4864],[-8.9273,38.4938],[-8.9426,38.4814]]],[[[-7.8658,36.9971],[-7.8585,36.9971],[-7.8601,37.0004],[-7.8658,36.9971]]],[[[-0.7545,37.7744],[-0.7469,37.6838],[-0.7265,37.6652],[-0.7401,37.7025],[-0.7327,37.7477],[-0.7545,37.7744]]],[[[12.4905,37.7062],[13.192,37.5773],[13.6022,37.2505],[14.2779,37.126],[14.6723,36.7393],[15.0498,36.7393],[15.2102,36.9971],[15.2133,37.1583],[15.0592,37.2549],[15.0665,37.6417],[15.3895,38.1578],[15.5432,38.1578],[15.5865,38.2377],[14.0562,37.9643],[13.6652,37.9643],[13.3547,38.1578],[13.1199,38.1578],[13.0404,38.0288],[12.6522,38.0929],[12.4919,37.8998],[12.4905,37.7062]]],[[[14.5158,45.1042],[14.7791,45.0187],[14.6653,45.0873],[14.6653,45.1618],[14.5974,45.1664],[14.5959,45.2375],[14.5158,45.1042]]],[[[14.9089,44.5813],[14.9595,44.5396],[14.9729,44.5361],[15.0142,44.5187],[15.0073,44.5045],[15.0755,44.4841],[15.0412,44.5275],[15.0039,44.5361],[14.9663,44.5734],[14.9095,44.6068],[14.9089,44.5813]]],[[[15.0415,44.4766],[15.1597,44.3262],[15.2271,44.3264],[15.1651,44.3674],[15.2544,44.34],[15.0415,44.4766]]],[[[15.1642,44.3057],[15.1652,44.3012],[15.1724,44.2991],[15.1642,44.3057]]],[[[15.2158,44.072],[15.2187,44.0591],[15.2398,44.0534],[15.2258,44.0662],[15.2158,44.072]]],[[[15.401,43.904],[15.4461,43.8875],[15.4268,43.9221],[15.4165,43.928],[15.401,43.904]]],[[[16.7272,43.3421],[16.7959,43.3559],[16.7282,43.3691],[16.7272,43.3421]]],[[[17.3552,42.9515],[17.4376,42.9515],[17.3905,42.9777],[17.3566,42.9879],[17.3552,42.9515]]],[[[17.5079,42.7563],[17.5159,42.7684],[17.5085,42.7718],[17.5079,42.7563]]],[[[17.5119,42.8554],[17.6218,42.8864],[17.5261,42.9218],[17.5119,42.8554]]],[[[10.1632,42.8164],[10.1963,42.7362],[10.3379,42.7648],[10.4307,42.7221],[10.3888,42.7635],[10.4367,42.8044],[10.4124,42.8734],[10.3473,42.8059],[10.1632,42.8164]]],[[[14.2616,44.6158],[14.2712,44.6125],[14.2619,44.6282],[14.2616,44.6158]]],[[[14.2625,44.6582],[14.2742,44.6617],[14.2804,44.6776],[14.2658,44.6795],[14.2629,44.6771],[14.2625,44.6582]]],[[[14.2925,44.9403],[14.4279,44.6566],[14.5047,44.6191],[14.4592,44.9154],[14.2925,44.9403]]],[[[14.3358,44.7168],[14.363,44.5734],[14.5024,44.516],[14.3358,44.7168]]]]}},{"type":"Feature","properties":{"relationId":"cliopatria-relation-c8c047aace2f","name":"(Alliance between Ostrogothic Kingdom and Visigothic Kingdom)","name_ko":"동고트 왕국–서고트 왕국 동맹","relationKind":"alliance","relation_kind_ko":"동맹","actor_ids":"cliopatria-q583038-7d984a97b7;cliopatria-q126936-c93e2b800f","actor_names_ko":"동고트 왕국;서고트 왕국","color":"#4fd1c5","startYear":523,"endYear":533,"source_name":"Cliopatria v0.2.0","source_url":"https://github.com/Seshat-Global-History-Databank/cliopatria","license":"CC BY 4.0","attribution":"Seshat Global History Databank, Cliopatria contributors"},"geometry":{"type":"MultiPolygon","coordinates":[[[[-9.4975,38.8098],[-9.4717,38.7025],[-9.3218,38.6703],[-9.1125,38.7142],[-9.1003,38.8302],[-8.9359,39.0407],[-8.7651,39.0977],[-8.9432,39.0152],[-9.0115,38.9134],[-8.9426,38.7756],[-9.1077,38.6589],[-9.2324,38.6684],[-9.1838,38.5515],[-9.2085,38.416],[-8.9549,38.5051],[-8.7884,38.4814],[-8.7733,38.5653],[-8.7362,38.4519],[-8.6068,38.4187],[-8.8226,38.4463],[-8.7744,38.1869],[-8.817,37.7403],[-8.7522,37.7308],[-8.819,37.6273],[-8.816,37.4179],[-8.9969,37.0218],[-8.7011,37.126],[-7.7972,37.0121],[-7.459,37.178],[-7.4653,37.2549],[-6.9042,37.2549],[-6.8527,37.2952],[-6.8854,37.2549],[-6.5435,36.9851],[-6.3467,36.8958],[-6.1948,36.9321],[-6.3382,36.8837],[-6.3301,36.6749],[-6.1794,36.5135],[-6.2146,36.4793],[-6.0688,36.2325],[-5.8311,36.224],[-5.6403,36.0422],[-5.3215,36.2067],[-5.2282,36.4816],[-4.6888,36.546],[-4.4686,36.7393],[-2.6801,36.7393],[-2.5321,36.8682],[-2.0616,36.8037],[-1.8574,37.3193],[-1.6521,37.3626],[-1.7087,37.4483],[-1.4038,37.5773],[-0.7078,37.6414],[-0.8099,37.6669],[-0.8561,37.7425],[-0.788,37.8228],[-0.7607,37.7961],[-0.8035,38.0288],[-0.6609,38.2869],[0.0994,38.7389],[-0.3137,39.1265],[-0.3454,39.7083],[-0.2019,39.967],[0.1825,40.1612],[0.2478,40.4201],[0.475,40.6144],[0.7093,40.6792],[0.6958,40.9384],[1.2384,41.1977],[2.1066,41.3274],[2.3336,41.5869],[2.5725,41.5869],[3.1168,41.9114],[3.1188,42.2183],[3.1773,42.3606],[3.0099,42.5612],[2.9849,43.1467],[3.6171,43.4072],[3.6924,43.5375],[4.173,43.6027],[4.1778,43.4723],[4.7288,43.4723],[4.6946,43.5791],[4.7424,43.4723],[5.0524,43.4723],[5.0291,43.5586],[5.14,43.4858],[5.2228,43.504],[5.1969,43.4454],[5.3869,43.4072],[5.3908,43.2769],[5.6319,43.2769],[5.7962,43.1467],[6.2782,43.1467],[6.5176,43.2118],[6.6726,43.4723],[6.9985,43.5442],[7.1502,43.733],[8.0339,43.9286],[8.1916,44.1896],[8.5925,44.4507],[9.1591,44.4507],[9.7274,44.1243],[9.9697,44.1243],[9.9627,44.0447],[10.1314,44.0591],[10.3742,43.6678],[10.5391,43.0796],[11.0163,42.8213],[11.0159,42.6629],[11.176,42.6262],[11.2552,42.4312],[11.4152,42.4312],[11.569,42.3314],[11.6548,42.3662],[11.8128,42.1063],[12.1317,42.0413],[12.1305,41.9131],[13,41.3274],[13.7145,41.2625],[13.862,41.1328],[13.9506,41.1328],[14.1046,40.8736],[14.4219,40.8736],[14.4194,40.7517],[14.4741,40.7297],[14.4363,40.6792],[14.8934,40.6792],[15.0414,40.2259],[15.1995,40.2259],[15.4319,40.0317],[15.5349,40.0778],[15.7478,40.0317],[15.7136,39.978],[15.7736,39.8424],[15.8989,39.7729],[16.1165,39.0618],[16.2703,38.9326],[16.2652,38.7389],[15.9497,38.6743],[15.8621,38.2869],[15.6328,38.2203],[15.6982,37.9643],[15.9328,37.9643],[16.4919,38.416],[16.5024,38.8034],[17.1383,39.0618],[17.0697,39.385],[16.9162,39.5143],[16.4473,39.6436],[16.4567,39.967],[16.6769,40.1511],[16.6245,40.2906],[16.777,40.2906],[16.9137,40.4464],[16.868,40.4849],[17.0285,40.5496],[17.3452,40.5496],[17.4175,40.3554],[17.8131,40.3554],[18.1122,39.9023],[18.3489,39.9023],[18.4381,40.1612],[17.9812,40.6144],[17.5107,40.744],[17.2027,41.0032],[15.9439,41.3922],[15.8738,41.7167],[16.1149,41.7816],[16.1189,41.9114],[15.2414,41.9114],[15.008,41.999],[14.924,41.9764],[14.7659,42.0413],[14.7178,42.1506],[14.6077,42.1063],[14.0565,42.4962],[13.9014,42.7563],[13.9329,42.8295],[13.8625,43.0186],[13.7471,43.0816],[13.6726,43.4072],[13.3874,43.6413],[13.0338,43.733],[13.019,43.8567],[12.8734,43.7982],[12.313,44.1896],[12.1537,44.4507],[12.1572,44.8426],[12.4001,44.7989],[12.4026,45.0388],[12.3688,45.011],[12.16,45.1696],[12.1628,45.4968],[12.6522,45.5623],[12.8168,45.6933],[13.0658,45.6401],[13.1448,45.8243],[13.7149,45.7588],[13.7393,45.6491],[13.8081,45.6143],[13.7119,45.5933],[13.7529,45.5529],[13.7102,45.4968],[13.5473,45.4968],[13.5448,45.3427],[13.7056,45.235],[13.8032,44.908],[13.9432,44.908],[13.9457,45.0388],[14.1552,45.0388],[14.1962,45.3659],[14.6031,45.3659],[14.576,45.2623],[14.8528,45.0937],[14.9187,44.9734],[14.9113,44.6789],[15.308,44.3544],[15.5287,44.2718],[15.2612,44.3326],[15.2953,44.2507],[15.1981,44.3017],[15.1765,44.25],[15.2129,44.131],[15.4591,43.9938],[15.4551,43.928],[15.6186,43.9286],[15.6954,43.7982],[15.8566,43.7982],[16.0117,43.6027],[15.9595,43.504],[16.5754,43.6027],[16.7342,43.5375],[16.7302,43.4247],[17.0513,43.4072],[17.1139,43.2132],[17.2058,43.1691],[17.3654,43.2118],[17.3606,43.0893],[17.4336,43.0174],[17.502,43.031],[17.5156,42.9589],[17.6632,42.8864],[17.8339,42.8864],[18.2191,42.5984],[18.6286,42.4482],[18.6873,42.4829],[18.7063,42.4197],[18.852,42.3662],[18.9259,42.2362],[19.0058,42.2362],[19.1688,42.3012],[19.114,42.8213],[19.4579,43.2769],[19.3037,43.4072],[19.3136,43.6027],[19.4747,43.6027],[19.4109,43.9286],[19.6599,44.0591],[19.6704,44.2548],[19.9236,44.4507],[19.9344,44.6466],[19.6242,44.908],[19.1406,44.9734],[19.2384,45.3004],[18.9976,45.3659],[19.0041,45.4968],[18.9227,45.4968],[18.7788,45.8898],[18.8604,45.8898],[18.8283,45.9057],[19.0501,46.4145],[18.8141,46.6115],[18.8337,47.0058],[19.0837,47.0716],[19.1833,47.4006],[19.2657,47.4006],[19.2692,47.4665],[18.9496,47.6641],[18.9565,47.7959],[18.798,47.9278],[18.626,47.7959],[17.6346,47.7959],[17.169,48.0123],[17.0856,47.9701],[17.1672,48.0131],[17.0669,48.0597],[17.0723,48.1917],[16.9895,48.1917],[16.9921,48.2578],[16.8238,48.1917],[16.8264,48.2578],[14.2576,48.2578],[13.7642,48.4559],[13.6838,48.5881],[12.9383,48.7204],[12.1113,49.1838],[11.694,49.1175],[11.6099,48.9851],[10.1134,48.4559],[9.9508,47.8619],[9.8681,47.8619],[9.9519,47.6641],[9.3766,47.4006],[9.2955,47.269],[9.1308,47.269],[8.8862,47.0716],[8.8878,46.9401],[8.7235,46.9401],[8.645,46.6772],[8.0786,46.2177],[8.0808,46.0865],[7.9014,45.9825],[7.9833,45.9988],[7.5153,45.7588],[7.4377,45.5623],[7.1147,45.4313],[7.0377,45.235],[6.6343,45.1042],[6.6375,44.9734],[6.8826,44.908],[6.887,44.7119],[6.9681,44.7119],[6.8914,44.516],[6.0852,44.3854],[5.8553,43.9286],[4.8019,44.0591],[4.7144,44.2548],[4.2367,44.0591],[4.1385,44.516],[3.8146,44.516],[3.4292,44.0591],[3.0255,44.0591],[1.9439,43.0816],[1.9503,42.9515],[1.7898,42.9515],[1.4855,42.6262],[1.0747,42.8213],[0.0401,42.6912],[-0.9424,43.0165],[-0.9381,42.9515],[-1.2591,42.9515],[-1.3305,42.8213],[-1.807,42.7563],[-2.1323,42.8213],[-2.2785,42.6262],[-2.5284,42.7563],[-2.6789,42.6262],[-5.7342,42.7563],[-5.7044,42.4312],[-5.7844,42.4312],[-5.9028,41.9764],[-6.1303,41.8465],[-6.2542,41.4571],[-6.8544,41.068],[-6.8626,40.2906],[-7.9269,39.8376],[-8.4729,39.7729],[-8.7571,39.4496],[-8.9146,39.4496],[-8.9745,39.2557],[-9.3422,39.2557],[-9.4975,38.8098]],[[-7.5297,37.5672],[-7.5236,37.5732],[-7.5275,37.5614],[-7.5297,37.5672]],[[-7.5223,37.5475],[-7.496,37.5121],[-7.5154,37.5293],[-7.5223,37.5475]],[[-7.445,37.3868],[-7.4276,37.2745],[-7.4322,37.2639],[-7.445,37.3868]],[[-7.2658,39.2314],[-7.2643,39.2523],[-7.2596,39.2212],[-7.2658,39.2314]],[[-7.0768,39.1115],[-7.0649,39.1148],[-7.0515,39.1099],[-7.0768,39.1115]],[[-7.0298,39.1019],[-7.0158,39.0968],[-6.9857,39.0668],[-7.0298,39.1019]],[[0.6335,42.7448],[0.6476,42.741],[0.6528,42.7338],[0.6335,42.7448]],[[0.6491,42.6881],[0.6591,42.6946],[0.6567,42.688],[0.6491,42.6881]],[[0.661,42.7223],[0.6664,42.7148],[0.6638,42.7075],[0.661,42.7223]],[[1.4076,42.4868],[1.4364,42.4535],[1.4364,42.4495],[1.4076,42.4868]],[[1.418,42.5698],[1.4207,42.5759],[1.4263,42.5618],[1.418,42.5698]],[[1.444,42.4397],[1.494,42.4312],[1.4479,42.4346],[1.444,42.4397]],[[1.5106,42.4299],[1.5444,42.4504],[1.5166,42.4295],[1.5106,42.4299]],[[1.707,42.5028],[1.7112,42.5157],[1.7119,42.4997],[1.707,42.5028]],[[1.7246,42.4919],[1.7927,42.4817],[1.7306,42.4881],[1.7246,42.4919]],[[2.0043,42.3493],[2.0279,42.3508],[2.0092,42.3471],[2.0043,42.3493]],[[2.0575,42.3567],[2.137,42.4162],[2.0633,42.3579],[2.0575,42.3567]],[[6.8661,44.3721],[6.8772,44.4144],[6.8703,44.3667],[6.8661,44.3721]],[[6.9799,44.2461],[6.9887,44.2416],[6.9828,44.2417],[6.9799,44.2461]],[[6.9828,44.847],[7.0049,44.828],[7.0043,44.8249],[6.9828,44.847]],[[7.3093,44.1475],[7.339,44.1249],[7.331,44.1253],[7.3093,44.1475]],[[7.8702,45.9404],[7.8729,45.9594],[7.8807,45.9664],[7.8702,45.9404]],[[7.9891,46.0033],[8.0007,46.0175],[7.9984,46.0106],[7.9891,46.0033]],[[9.2823,46.4974],[9.331,46.5015],[9.3508,46.4979],[9.2823,46.4974]],[[9.477,47.0639],[9.5812,47.0569],[9.6691,47.0562],[9.5606,47.0524],[9.477,47.0639]],[[9.4874,47.21],[9.5046,47.2437],[9.5171,47.2564],[9.4874,47.21]],[[9.8486,47.5386],[9.8589,47.5413],[9.9188,47.5322],[9.8486,47.5386]],[[10.0226,47.488],[10.0718,47.4391],[10.0806,47.4274],[10.0226,47.488]],[[10.0427,46.2205],[10.1026,46.2289],[10.0757,46.22],[10.0427,46.2205]],[[10.0532,47.4049],[10.0806,47.4274],[10.076,47.4169],[10.0532,47.4049]],[[10.0924,46.3381],[10.0956,46.344],[10.0935,46.3356],[10.0924,46.3381]],[[10.0998,46.321],[10.1589,46.2624],[10.1049,46.3094],[10.0998,46.321]],[[10.1015,46.3549],[10.105,46.3614],[10.1332,46.3811],[10.1015,46.3549]],[[10.3639,46.9912],[10.3734,46.9963],[10.3758,46.9946],[10.3639,46.9912]],[[12.7389,48.1134],[12.7431,48.1158],[12.7397,48.1069],[12.7389,48.1134]],[[12.7414,48.092],[12.7486,48.0788],[12.742,48.0868],[12.7414,48.092]],[[12.7539,48.0725],[12.8306,48.0155],[12.7602,48.0649],[12.7539,48.0725]],[[13.5068,46.5469],[13.5492,46.5458],[13.607,46.5329],[13.5068,46.5469]],[[14.1499,46.4401],[14.3958,46.441],[14.3993,46.4393],[14.1499,46.4401]],[[14.412,46.4332],[14.4509,46.4145],[14.42,46.4244],[14.412,46.4332]],[[15.972,46.8206],[15.9817,46.8277],[16.0941,46.8629],[16.094,46.8628],[15.972,46.8206]],[[16.2337,46.4787],[16.2349,46.4933],[16.2509,46.405],[16.2337,46.4787]],[[16.3476,46.5436],[16.3579,46.547],[16.3517,46.5395],[16.3476,46.5436]],[[17.0386,46.169],[17.0889,46.1362],[17.0529,46.1535],[17.0386,46.169]],[[17.1069,46.1276],[17.2086,46.1166],[17.1162,46.1231],[17.1069,46.1276]],[[18.4437,42.8345],[18.4517,42.8023],[18.4446,42.8171],[18.4437,42.8345]],[[18.4598,42.7852],[18.4838,42.7525],[18.4674,42.7692],[18.4598,42.7852]],[[18.6487,45.0627],[18.6713,45.0869],[18.6766,45.086],[18.6487,45.0627]],[[18.6798,45.0855],[18.6841,45.0848],[18.7383,45.0159],[18.6798,45.0855]],[[18.8896,44.8612],[19.0158,44.8656],[19.0726,44.8767],[19.0684,44.8748],[19.005,44.8633],[18.8896,44.8612]],[[19.1228,43.5359],[19.2175,43.5328],[19.1953,43.5328],[19.1228,43.5359]],[[19.2435,44.002],[19.2728,44.0124],[19.2814,44.0115],[19.2435,44.002]],[[19.2925,44.0103],[19.3006,44.0095],[19.3646,43.9733],[19.2925,44.0103]],[[19.3074,44.2742],[19.3243,44.264],[19.3319,44.2539],[19.3074,44.2742]],[[19.3415,44.8988],[19.3532,44.899],[19.3644,44.889],[19.3415,44.8988]],[[19.3454,44.2358],[19.354,44.2243],[19.3624,44.1912],[19.3454,44.2358]],[[19.3624,44.1912],[19.4426,44.1432],[19.3812,44.1771],[19.3624,44.1912]],[[19.3696,44.8842],[19.3728,44.8814],[19.3766,44.863],[19.3696,44.8842]]],[[[-9.0797,38.8201],[-9.0414,38.8492],[-9.0346,38.8642],[-9.0411,38.8676],[-9.0614,38.8522],[-9.0797,38.8201]]],[[[-8.9426,38.4814],[-8.9114,38.4658],[-8.8817,38.4707],[-8.9045,38.4864],[-8.9273,38.4938],[-8.9426,38.4814]]],[[[-0.7545,37.7744],[-0.7469,37.6838],[-0.7265,37.6652],[-0.7401,37.7025],[-0.7327,37.7477],[-0.7545,37.7744]]],[[[12.4905,37.7062],[13.192,37.5773],[13.6022,37.2505],[14.2779,37.126],[14.6723,36.7393],[15.0498,36.7393],[15.2102,36.9971],[15.2133,37.1583],[15.0592,37.2549],[15.0665,37.6417],[15.3895,38.1578],[15.5432,38.1578],[15.5865,38.2377],[14.0562,37.9643],[13.6652,37.9643],[13.3547,38.1578],[13.1199,38.1578],[13.0404,38.0288],[12.6522,38.0929],[12.4919,37.8998],[12.4905,37.7062]]],[[[14.5158,45.1042],[14.7791,45.0187],[14.6653,45.0873],[14.6653,45.1618],[14.5974,45.1664],[14.5959,45.2375],[14.5158,45.1042]]],[[[14.9089,44.5813],[14.9595,44.5396],[14.9729,44.5361],[15.0142,44.5187],[15.0073,44.5045],[15.0755,44.4841],[15.0412,44.5275],[15.0039,44.5361],[14.9663,44.5734],[14.9095,44.6068],[14.9089,44.5813]]],[[[15.0415,44.4766],[15.1597,44.3262],[15.2271,44.3264],[15.1651,44.3674],[15.2544,44.34],[15.0415,44.4766]]],[[[15.1642,44.3057],[15.1652,44.3012],[15.1724,44.2991],[15.1642,44.3057]]],[[[15.2158,44.072],[15.2187,44.0591],[15.2398,44.0534],[15.2258,44.0662],[15.2158,44.072]]],[[[15.401,43.904],[15.4461,43.8875],[15.4268,43.9221],[15.4165,43.928],[15.401,43.904]]],[[[16.7272,43.3421],[16.7959,43.3559],[16.7282,43.3691],[16.7272,43.3421]]],[[[17.3552,42.9515],[17.4376,42.9515],[17.3905,42.9777],[17.3566,42.9879],[17.3552,42.9515]]],[[[17.5079,42.7563],[17.5159,42.7684],[17.5085,42.7718],[17.5079,42.7563]]],[[[17.5119,42.8554],[17.6218,42.8864],[17.5261,42.9218],[17.5119,42.8554]]],[[[10.1632,42.8164],[10.1963,42.7362],[10.3379,42.7648],[10.4307,42.7221],[10.3888,42.7635],[10.4367,42.8044],[10.4124,42.8734],[10.3473,42.8059],[10.1632,42.8164]]],[[[14.2616,44.6158],[14.2712,44.6125],[14.2619,44.6282],[14.2616,44.6158]]],[[[14.2625,44.6582],[14.2742,44.6617],[14.2804,44.6776],[14.2658,44.6795],[14.2629,44.6771],[14.2625,44.6582]]],[[[14.2925,44.9403],[14.4279,44.6566],[14.5047,44.6191],[14.4592,44.9154],[14.2925,44.9403]]],[[[14.3358,44.7168],[14.363,44.5734],[14.5024,44.516],[14.3358,44.7168]]]]}},{"type":"Feature","properties":{"relationId":"cliopatria-relation-c8c047aace2f","name":"(Alliance between Ostrogothic Kingdom and Visigothic Kingdom)","name_ko":"동고트 왕국–서고트 왕국 동맹","relationKind":"alliance","relation_kind_ko":"동맹","actor_ids":"cliopatria-q583038-7d984a97b7;cliopatria-q126936-c93e2b800f","actor_names_ko":"동고트 왕국;서고트 왕국","color":"#4fd1c5","startYear":534,"endYear":535,"source_name":"Cliopatria v0.2.0","source_url":"https://github.com/Seshat-Global-History-Databank/cliopatria","license":"CC BY 4.0","attribution":"Seshat Global History Databank, Cliopatria contributors"},"geometry":{"type":"MultiPolygon","coordinates":[[[[-9.4975,38.8098],[-9.4717,38.7025],[-9.3218,38.6703],[-9.1125,38.7142],[-9.1003,38.8302],[-8.9359,39.0407],[-8.7651,39.0977],[-8.9432,39.0152],[-9.0115,38.9134],[-8.9426,38.7756],[-9.1077,38.6589],[-9.2324,38.6684],[-9.1838,38.5515],[-9.2085,38.416],[-8.9549,38.5051],[-8.7884,38.4814],[-8.7733,38.5653],[-8.7362,38.4519],[-8.6068,38.4187],[-8.8226,38.4463],[-8.7744,38.1869],[-8.817,37.7403],[-8.7522,37.7308],[-8.819,37.6273],[-8.816,37.4179],[-8.9969,37.0218],[-8.7011,37.126],[-8.3117,37.126],[-7.9887,36.9971],[-7.8196,36.9987],[-7.459,37.178],[-7.4653,37.2549],[-6.9042,37.2549],[-6.8527,37.2952],[-6.8854,37.2549],[-6.5435,36.9851],[-6.3467,36.8958],[-6.1948,36.9321],[-6.3382,36.8837],[-6.3301,36.6749],[-6.1794,36.5135],[-6.2146,36.4793],[-6.0688,36.2325],[-5.8311,36.224],[-5.6403,36.0422],[-5.3215,36.2067],[-5.2282,36.4816],[-4.6888,36.546],[-4.4686,36.7393],[-2.6801,36.7393],[-2.5321,36.8682],[-2.0616,36.8037],[-1.8574,37.3193],[-1.6521,37.3626],[-1.7087,37.4483],[-1.2427,37.5792],[-1.1717,37.5518],[-0.7078,37.6411],[-0.8099,37.6669],[-0.8561,37.7425],[-0.788,37.8228],[-0.7607,37.7961],[-0.8035,38.0288],[-0.6609,38.2869],[0.0994,38.7389],[-0.3137,39.1265],[-0.3454,39.7083],[-0.1265,40.0317],[0.1825,40.1612],[0.2478,40.4201],[0.7093,40.6792],[0.6958,40.9384],[1.2384,41.1977],[2.1066,41.3274],[2.3336,41.5869],[2.5725,41.5869],[3.1168,41.9114],[3.1188,42.2183],[3.1773,42.3606],[3.0099,42.5612],[2.9849,43.1467],[3.4562,43.4072],[4.012,43.6027],[4.173,43.6027],[4.1778,43.4723],[4.7288,43.4723],[4.6946,43.5791],[4.7424,43.4723],[5.0524,43.4723],[5.0291,43.5586],[5.14,43.4858],[5.2228,43.504],[5.1969,43.4454],[5.3869,43.4072],[5.3908,43.2769],[5.6319,43.2769],[5.7962,43.1467],[6.2782,43.1467],[6.5176,43.2118],[6.6726,43.4723],[6.9985,43.5442],[7.1502,43.733],[8.0339,43.9286],[8.1916,44.1896],[8.5925,44.4507],[9.1591,44.4507],[9.7274,44.1243],[9.9697,44.1243],[9.9627,44.0447],[10.1314,44.0591],[10.3742,43.6678],[10.5391,43.0796],[11.0163,42.8213],[11.0159,42.6629],[11.176,42.6262],[11.2552,42.4312],[11.4152,42.4312],[11.569,42.3314],[11.6548,42.3662],[11.8128,42.1063],[12.1317,42.0413],[12.1305,41.9131],[13,41.3274],[13.7145,41.2625],[13.862,41.1328],[13.9506,41.1328],[14.1046,40.8736],[14.4219,40.8736],[14.4194,40.7517],[14.4741,40.7297],[14.4363,40.6792],[14.8934,40.6792],[15.0414,40.2259],[15.1995,40.2259],[15.4319,40.0317],[15.5349,40.0778],[15.7478,40.0317],[15.7136,39.978],[15.7736,39.8424],[15.8989,39.7729],[16.1165,39.0618],[16.2703,38.9326],[16.2652,38.7389],[15.9497,38.6743],[15.8621,38.2869],[15.6328,38.2203],[15.6982,37.9643],[15.9328,37.9643],[16.4919,38.416],[16.5024,38.8034],[17.1383,39.0618],[17.0697,39.385],[16.9162,39.5143],[16.4473,39.6436],[16.4567,39.967],[16.6769,40.1511],[16.6245,40.2906],[16.777,40.2906],[16.9137,40.4464],[16.868,40.4849],[17.0285,40.5496],[17.3452,40.5496],[17.4175,40.3554],[17.8131,40.3554],[18.1122,39.9023],[18.3489,39.9023],[18.4381,40.1612],[17.9812,40.6144],[17.5107,40.744],[17.2027,41.0032],[15.9439,41.3922],[15.8738,41.7167],[16.1149,41.7816],[16.1189,41.9114],[15.2414,41.9114],[15.008,41.999],[14.924,41.9764],[14.7659,42.0413],[14.7178,42.1506],[14.6077,42.1063],[14.0565,42.4962],[13.9014,42.7563],[13.9329,42.8295],[13.8625,43.0186],[13.7471,43.0816],[13.6726,43.4072],[13.3874,43.6413],[13.0338,43.733],[13.019,43.8567],[12.8734,43.7982],[12.313,44.1896],[12.1537,44.4507],[12.1572,44.8426],[12.4001,44.7989],[12.4026,45.0388],[12.3688,45.011],[12.16,45.1696],[12.1628,45.4968],[12.6522,45.5623],[12.8168,45.6933],[13.0658,45.6401],[13.1448,45.8243],[13.7149,45.7588],[13.7393,45.6491],[13.8081,45.6143],[13.7119,45.5933],[13.7529,45.5529],[13.7102,45.4968],[13.5473,45.4968],[13.5448,45.3427],[13.7056,45.235],[13.8032,44.908],[13.9432,44.908],[13.9457,45.0388],[14.1552,45.0388],[14.1962,45.3659],[14.6031,45.3659],[14.576,45.2623],[14.8528,45.0937],[14.9187,44.9734],[14.9113,44.6789],[15.308,44.3544],[15.5287,44.2718],[15.2612,44.3326],[15.2953,44.2507],[15.1981,44.3017],[15.1765,44.25],[15.2129,44.131],[15.4591,43.9938],[15.4551,43.928],[15.6186,43.9286],[15.6954,43.7982],[15.8566,43.7982],[16.0117,43.6027],[15.9595,43.504],[16.5754,43.6027],[16.7342,43.5375],[16.7302,43.4247],[17.0513,43.4072],[17.0987,43.2323],[17.1724,43.1818],[17.3654,43.2118],[17.3606,43.0893],[17.6179,42.9218],[17.5565,42.9348],[17.8339,42.8864],[18.2191,42.5984],[18.6286,42.4482],[18.6873,42.4829],[18.7063,42.4197],[18.852,42.3662],[18.9259,42.2362],[19.1688,42.3012],[19.114,42.8213],[19.4579,43.2769],[19.3037,43.4072],[19.3136,43.6027],[19.4747,43.6027],[19.4109,43.9286],[19.6599,44.0591],[19.6704,44.2548],[19.9236,44.4507],[19.9344,44.6466],[19.6242,44.908],[19.1406,44.9734],[19.2384,45.3004],[18.9976,45.3659],[19.0041,45.4968],[18.9227,45.4968],[18.7788,45.8898],[18.8604,45.8898],[18.8283,45.9057],[19.0501,46.4145],[18.8141,46.6115],[18.8337,47.0058],[19.0837,47.0716],[19.1833,47.4006],[19.2657,47.4006],[19.2692,47.4665],[18.9496,47.6641],[18.9565,47.7959],[18.798,47.9278],[18.626,47.7959],[17.6346,47.7959],[17.169,48.0123],[17.0856,47.9701],[17.1672,48.0131],[17.0669,48.0597],[17.0723,48.1917],[16.9895,48.1917],[16.9921,48.2578],[16.8238,48.1917],[16.8264,48.2578],[14.2576,48.2578],[13.7642,48.4559],[13.6838,48.5881],[12.9383,48.7204],[12.1113,49.1838],[11.694,49.1175],[11.6099,48.9851],[10.1134,48.4559],[9.9508,47.8619],[9.8681,47.8619],[9.9519,47.6641],[9.5414,47.4006],[9.6056,47.0567],[9.6691,47.0562],[9.6061,47.054],[9.6274,46.9401],[9.3833,46.6772],[9.3044,46.3489],[8.1593,46.2833],[8.0808,46.0865],[7.9833,45.9988],[7.7588,45.8243],[7.5956,45.8243],[7.3576,45.4968],[7.1147,45.4313],[7.0377,45.235],[6.7156,45.1042],[6.3093,45.1042],[6.3162,44.8426],[5.9143,44.7119],[5.7579,44.516],[5.0291,44.516],[4.9526,44.3854],[4.7076,44.4507],[4.7099,44.3854],[4.629,44.3854],[4.6336,44.2548],[4.0575,44.516],[3.8146,44.516],[3.4292,44.0591],[3.0255,44.0591],[1.9439,43.0816],[1.9503,42.9515],[1.7898,42.9515],[1.4855,42.6262],[1.0747,42.8213],[0.0401,42.6912],[-0.9424,43.0165],[-0.9381,42.9515],[-1.2591,42.9515],[-1.3305,42.8213],[-1.807,42.7563],[-2.1323,42.8213],[-2.2785,42.6262],[-2.5284,42.7563],[-2.6789,42.6262],[-3.7201,42.6262],[-5.7342,42.7563],[-5.7044,42.4312],[-5.7844,42.4312],[-5.9028,41.9764],[-6.1303,41.8465],[-6.2542,41.4571],[-6.8544,41.068],[-6.8626,40.2906],[-7.9269,39.8376],[-8.4729,39.7729],[-8.7571,39.4496],[-8.9146,39.4496],[-8.9745,39.2557],[-9.3422,39.2557],[-9.4975,38.8098]],[[-7.5297,37.5672],[-7.5236,37.5732],[-7.5275,37.5614],[-7.5297,37.5672]],[[-7.5223,37.5475],[-7.496,37.5121],[-7.5154,37.5293],[-7.5223,37.5475]],[[-7.445,37.3868],[-7.4276,37.2745],[-7.4322,37.2639],[-7.445,37.3868]],[[-7.2658,39.2314],[-7.2643,39.2523],[-7.2596,39.2212],[-7.2658,39.2314]],[[-7.0768,39.1115],[-7.0649,39.1148],[-7.0515,39.1099],[-7.0768,39.1115]],[[-7.0298,39.1019],[-7.0158,39.0968],[-6.9857,39.0668],[-7.0298,39.1019]],[[0.6335,42.7448],[0.6476,42.741],[0.6528,42.7338],[0.6335,42.7448]],[[0.6491,42.6881],[0.6591,42.6946],[0.6567,42.688],[0.6491,42.6881]],[[0.661,42.7223],[0.6664,42.7148],[0.6638,42.7075],[0.661,42.7223]],[[1.4076,42.4868],[1.4364,42.4535],[1.4364,42.4495],[1.4076,42.4868]],[[1.418,42.5698],[1.4207,42.5759],[1.4263,42.5618],[1.418,42.5698]],[[1.444,42.4397],[1.494,42.4312],[1.4479,42.4346],[1.444,42.4397]],[[1.5106,42.4299],[1.5444,42.4504],[1.5166,42.4295],[1.5106,42.4299]],[[1.707,42.5028],[1.7112,42.5157],[1.7119,42.4997],[1.707,42.5028]],[[1.7246,42.4919],[1.7927,42.4817],[1.7306,42.4881],[1.7246,42.4919]],[[2.0043,42.3493],[2.0279,42.3508],[2.0092,42.3471],[2.0043,42.3493]],[[2.0575,42.3567],[2.137,42.4162],[2.0633,42.3579],[2.0575,42.3567]],[[6.8661,44.3721],[6.8772,44.4144],[6.8703,44.3667],[6.8661,44.3721]],[[6.9799,44.2461],[6.9887,44.2416],[6.9828,44.2417],[6.9799,44.2461]],[[6.9828,44.847],[7.0049,44.828],[7.0043,44.8249],[6.9828,44.847]],[[7.3093,44.1475],[7.339,44.1249],[7.331,44.1253],[7.3093,44.1475]],[[7.9891,46.0033],[8.0007,46.0175],[7.9984,46.0106],[7.9891,46.0033]],[[9.8486,47.5386],[9.8589,47.5413],[9.9188,47.5322],[9.8486,47.5386]],[[10.0226,47.488],[10.0718,47.4391],[10.0806,47.4274],[10.0226,47.488]],[[10.0427,46.2205],[10.1026,46.2289],[10.0757,46.22],[10.0427,46.2205]],[[10.0532,47.4049],[10.0806,47.4274],[10.076,47.4169],[10.0532,47.4049]],[[10.0924,46.3381],[10.0956,46.344],[10.0935,46.3356],[10.0924,46.3381]],[[10.0998,46.321],[10.1589,46.2624],[10.1049,46.3094],[10.0998,46.321]],[[10.1015,46.3549],[10.105,46.3614],[10.1332,46.3811],[10.1015,46.3549]],[[10.3639,46.9912],[10.3734,46.9963],[10.3758,46.9946],[10.3639,46.9912]],[[12.7389,48.1134],[12.7431,48.1158],[12.7397,48.1069],[12.7389,48.1134]],[[12.7414,48.092],[12.7486,48.0788],[12.742,48.0868],[12.7414,48.092]],[[12.7539,48.0725],[12.8306,48.0155],[12.7602,48.0649],[12.7539,48.0725]],[[13.5068,46.5469],[13.5492,46.5458],[13.607,46.5329],[13.5068,46.5469]],[[14.1499,46.4401],[14.3958,46.441],[14.3993,46.4393],[14.1499,46.4401]],[[14.412,46.4332],[14.4509,46.4145],[14.42,46.4244],[14.412,46.4332]],[[15.972,46.8206],[15.9817,46.8277],[16.0941,46.8629],[16.094,46.8628],[15.972,46.8206]],[[16.2337,46.4787],[16.2349,46.4933],[16.2509,46.405],[16.2337,46.4787]],[[16.3476,46.5436],[16.3579,46.547],[16.3517,46.5395],[16.3476,46.5436]],[[17.0386,46.169],[17.0889,46.1362],[17.0529,46.1535],[17.0386,46.169]],[[17.1069,46.1276],[17.2086,46.1166],[17.1162,46.1231],[17.1069,46.1276]],[[18.4437,42.8345],[18.4517,42.8023],[18.4446,42.8171],[18.4437,42.8345]],[[18.4598,42.7852],[18.4838,42.7525],[18.4674,42.7692],[18.4598,42.7852]],[[18.6487,45.0627],[18.6713,45.0869],[18.6766,45.086],[18.6487,45.0627]],[[18.6798,45.0855],[18.6841,45.0848],[18.7383,45.0159],[18.6798,45.0855]],[[18.8896,44.8612],[19.0158,44.8656],[19.0726,44.8767],[19.0684,44.8748],[19.005,44.8633],[18.8896,44.8612]],[[19.1228,43.5359],[19.2175,43.5328],[19.1953,43.5328],[19.1228,43.5359]],[[19.2435,44.002],[19.2728,44.0124],[19.2814,44.0115],[19.2435,44.002]],[[19.2925,44.0103],[19.3006,44.0095],[19.3646,43.9733],[19.2925,44.0103]],[[19.3074,44.2742],[19.3243,44.264],[19.3319,44.2539],[19.3074,44.2742]],[[19.3415,44.8988],[19.3532,44.899],[19.3644,44.889],[19.3415,44.8988]],[[19.3454,44.2358],[19.354,44.2243],[19.3624,44.1912],[19.3454,44.2358]],[[19.3624,44.1912],[19.4426,44.1432],[19.3812,44.1771],[19.3624,44.1912]],[[19.3696,44.8842],[19.3728,44.8814],[19.3766,44.863],[19.3696,44.8842]]],[[[-9.0797,38.8201],[-9.0414,38.8492],[-9.0346,38.8642],[-9.0411,38.8676],[-9.0614,38.8522],[-9.0797,38.8201]]],[[[-8.9426,38.4814],[-8.9114,38.4658],[-8.8817,38.4707],[-8.9045,38.4864],[-8.9273,38.4938],[-8.9426,38.4814]]],[[[-7.8658,36.9971],[-7.8585,36.9971],[-7.8601,37.0004],[-7.8658,36.9971]]],[[[-0.7545,37.7744],[-0.7469,37.6838],[-0.7265,37.6652],[-0.7401,37.7025],[-0.7327,37.7477],[-0.7545,37.7744]]],[[[12.4905,37.7062],[13.192,37.5773],[13.6022,37.2505],[14.2779,37.126],[14.6723,36.7393],[15.0498,36.7393],[15.2102,36.9971],[15.2133,37.1583],[15.0592,37.2549],[15.0665,37.6417],[15.3895,38.1578],[15.5432,38.1578],[15.5865,38.2377],[14.0562,37.9643],[13.6652,37.9643],[13.3547,38.1578],[13.1199,38.1578],[13.0404,38.0288],[12.6522,38.0929],[12.4919,37.8998],[12.4905,37.7062]]],[[[14.5158,45.1042],[14.7791,45.0187],[14.6653,45.0873],[14.6653,45.1618],[14.5974,45.1664],[14.5959,45.2375],[14.5158,45.1042]]],[[[14.9089,44.5813],[14.9595,44.5396],[14.9729,44.5361],[15.0142,44.5187],[15.0073,44.5045],[15.0755,44.4841],[15.0412,44.5275],[15.0039,44.5361],[14.9663,44.5734],[14.9095,44.6068],[14.9089,44.5813]]],[[[15.0415,44.4766],[15.1597,44.3262],[15.2271,44.3264],[15.1651,44.3674],[15.2544,44.34],[15.0415,44.4766]]],[[[15.1642,44.3057],[15.1652,44.3012],[15.1724,44.2991],[15.1642,44.3057]]],[[[15.2158,44.072],[15.2187,44.0591],[15.2398,44.0534],[15.2258,44.0662],[15.2158,44.072]]],[[[15.401,43.904],[15.4461,43.8875],[15.4268,43.9221],[15.4165,43.928],[15.401,43.904]]],[[[16.7272,43.3421],[16.7959,43.3559],[16.7282,43.3691],[16.7272,43.3421]]],[[[17.3552,42.9515],[17.4376,42.9515],[17.3905,42.9777],[17.3566,42.9879],[17.3552,42.9515]]],[[[17.5079,42.7563],[17.5159,42.7684],[17.5085,42.7718],[17.5079,42.7563]]],[[[17.5119,42.8554],[17.6218,42.8864],[17.5261,42.9218],[17.5119,42.8554]]],[[[10.1632,42.8164],[10.1963,42.7362],[10.3379,42.7648],[10.4307,42.7221],[10.3888,42.7635],[10.4367,42.8044],[10.4124,42.8734],[10.3473,42.8059],[10.1632,42.8164]]],[[[14.2616,44.6158],[14.2712,44.6125],[14.2619,44.6282],[14.2616,44.6158]]],[[[14.2625,44.6582],[14.2742,44.6617],[14.2804,44.6776],[14.2658,44.6795],[14.2629,44.6771],[14.2625,44.6582]]],[[[14.2925,44.9403],[14.4279,44.6566],[14.5047,44.6191],[14.4592,44.9154],[14.2925,44.9403]]],[[[14.3358,44.7168],[14.363,44.5734],[14.5024,44.516],[14.3358,44.7168]]]]}},{"type":"Feature","properties":{"relationId":"cliopatria-relation-c8c047aace2f","name":"(Alliance between Ostrogothic Kingdom and Visigothic Kingdom)","name_ko":"동고트 왕국–서고트 왕국 동맹","relationKind":"alliance","relation_kind_ko":"동맹","actor_ids":"cliopatria-q583038-7d984a97b7;cliopatria-q126936-c93e2b800f","actor_names_ko":"동고트 왕국;서고트 왕국","color":"#4fd1c5","startYear":536,"endYear":539,"source_name":"Cliopatria v0.2.0","source_url":"https://github.com/Seshat-Global-History-Databank/cliopatria","license":"CC BY 4.0","attribution":"Seshat Global History Databank, Cliopatria contributors"},"geometry":{"type":"MultiPolygon","coordinates":[[[[-9.4975,38.8098],[-9.4717,38.7025],[-9.3218,38.6703],[-9.1125,38.7142],[-9.1003,38.8302],[-8.9359,39.0407],[-8.7651,39.0977],[-8.9432,39.0152],[-9.0115,38.9134],[-8.9426,38.7756],[-9.1077,38.6589],[-9.2324,38.6684],[-9.1838,38.5515],[-9.2085,38.416],[-8.9549,38.5051],[-8.7884,38.4814],[-8.7733,38.5653],[-8.7362,38.4519],[-8.6068,38.4187],[-8.8226,38.4463],[-8.7744,38.1869],[-8.817,37.7403],[-8.7522,37.7308],[-8.819,37.6273],[-8.816,37.4179],[-8.9969,37.0218],[-8.7011,37.126],[-8.3117,37.126],[-7.9887,36.9971],[-7.8196,36.9987],[-7.459,37.178],[-7.4653,37.2549],[-6.9042,37.2549],[-6.8527,37.2952],[-6.8854,37.2549],[-6.5435,36.9851],[-6.3467,36.8958],[-6.1948,36.9321],[-6.3382,36.8837],[-6.3301,36.6749],[-6.1794,36.5135],[-6.2146,36.4793],[-6.0688,36.2325],[-5.8311,36.224],[-5.6403,36.0422],[-5.3215,36.2067],[-5.2282,36.4816],[-4.6888,36.546],[-4.4686,36.7393],[-2.6801,36.7393],[-2.5321,36.8682],[-2.0616,36.8037],[-1.8574,37.3193],[-1.6521,37.3626],[-1.7087,37.4483],[-1.2427,37.5792],[-1.1717,37.5518],[-0.7078,37.6411],[-0.8099,37.6669],[-0.8561,37.7425],[-0.788,37.8228],[-0.7607,37.7961],[-0.8035,38.0288],[-0.6609,38.2869],[0.0994,38.7389],[-0.3137,39.1265],[-0.3454,39.7083],[-0.1265,40.0317],[0.1825,40.1612],[0.2478,40.4201],[0.7093,40.6792],[0.6958,40.9384],[1.2384,41.1977],[2.1066,41.3274],[2.3336,41.5869],[2.5725,41.5869],[3.1168,41.9114],[3.1188,42.2183],[3.1773,42.3606],[3.0099,42.5612],[2.9849,43.1467],[3.4562,43.4072],[4.012,43.6027],[4.173,43.6027],[4.1778,43.4723],[4.7288,43.4723],[4.6946,43.5791],[4.7424,43.4723],[5.0524,43.4723],[5.0291,43.5586],[5.14,43.4858],[5.2228,43.504],[5.1969,43.4454],[5.3869,43.4072],[5.3908,43.2769],[5.6319,43.2769],[5.7962,43.1467],[6.2782,43.1467],[6.5176,43.2118],[6.6726,43.4723],[6.9985,43.5442],[7.1502,43.733],[8.0339,43.9286],[8.4315,44.3854],[9.1591,44.4507],[9.7274,44.1243],[9.9697,44.1243],[9.9627,44.0447],[10.2123,43.9938],[10.4208,43.4051],[10.5282,43.2468],[10.5391,43.0796],[11.0163,42.8213],[11.0159,42.6629],[11.176,42.6262],[11.2552,42.4312],[11.4152,42.4312],[11.569,42.3314],[11.6548,42.3662],[11.7353,42.1702],[11.972,42.0413],[12.0518,42.0413],[12.1334,42.2362],[12.3732,42.2362],[12.4496,41.9114],[12.2894,41.8465],[12.2888,41.7816],[12.3685,41.7816],[12.3678,41.7167],[12.5265,41.6518],[12.767,41.7816],[12.8509,42.1063],[13.0106,42.1063],[13.0924,42.2362],[14.2138,42.3662],[14.2152,42.4312],[13.9014,42.7563],[13.9329,42.8295],[13.8625,43.0186],[13.7471,43.0816],[13.6726,43.4072],[13.3874,43.6413],[13.0338,43.733],[13.019,43.8567],[12.8734,43.7982],[12.313,44.1896],[12.1537,44.4507],[12.1572,44.8426],[12.4001,44.7989],[12.4026,45.0388],[12.3688,45.011],[12.16,45.1696],[12.1628,45.4968],[12.6522,45.5623],[12.8168,45.6933],[13.0658,45.6401],[13.1448,45.8243],[13.7149,45.7588],[13.7393,45.6491],[13.8081,45.6143],[13.7119,45.5933],[13.7529,45.5529],[13.7102,45.4968],[13.5473,45.4968],[13.5448,45.3427],[13.7056,45.235],[13.8032,44.908],[13.9432,44.908],[13.9457,45.0388],[14.1552,45.0388],[14.1962,45.3659],[14.6031,45.3659],[14.6076,45.5623],[14.9335,45.5623],[15.1675,45.1696],[15.4852,44.908],[15.6475,44.908],[15.6417,44.7119],[15.8849,44.7119],[16.0387,44.4507],[16.1984,44.3854],[16.1941,44.2548],[16.3558,44.2548],[16.4277,43.9938],[17.1467,43.7982],[17.2222,43.6678],[17.8557,43.4072],[18.5023,43.4723],[18.4963,43.3421],[19.3808,43.3421],[19.3136,43.6027],[19.4747,43.6027],[19.4109,43.9286],[19.6599,44.0591],[19.6704,44.2548],[19.9236,44.4507],[19.9344,44.6466],[19.6242,44.908],[19.1406,44.9734],[19.2384,45.3004],[18.9976,45.3659],[19.0041,45.4968],[18.9227,45.4968],[18.7788,45.8898],[18.8604,45.8898],[18.8283,45.9057],[19.0501,46.4145],[18.8141,46.6115],[18.8337,47.0058],[19.0837,47.0716],[19.1833,47.4006],[19.2657,47.4006],[19.2692,47.4665],[18.9496,47.6641],[18.9565,47.7959],[18.798,47.9278],[18.626,47.7959],[17.6346,47.7959],[17.169,48.0123],[17.0856,47.9701],[17.1672,48.0131],[17.0669,48.0597],[17.0723,48.1917],[16.9895,48.1917],[16.9921,48.2578],[16.8238,48.1917],[16.8264,48.2578],[14.2576,48.2578],[13.7642,48.4559],[13.6838,48.5881],[12.9383,48.7204],[12.1113,49.1838],[11.694,49.1175],[11.6099,48.9851],[10.1134,48.4559],[9.9508,47.8619],[9.8681,47.8619],[9.9519,47.6641],[9.5414,47.4006],[9.6056,47.0567],[9.6691,47.0562],[9.6061,47.054],[9.6274,46.9401],[9.3833,46.6772],[9.3044,46.3489],[8.1593,46.2833],[8.0808,46.0865],[7.9833,45.9988],[7.7588,45.8243],[7.5956,45.8243],[7.3576,45.4968],[7.1147,45.4313],[7.0377,45.235],[6.7156,45.1042],[6.3093,45.1042],[6.3162,44.8426],[5.9143,44.7119],[5.7579,44.516],[5.0291,44.516],[4.9526,44.3854],[4.7076,44.4507],[4.7099,44.3854],[4.629,44.3854],[4.6336,44.2548],[4.0575,44.516],[3.8146,44.516],[3.4292,44.0591],[3.0255,44.0591],[1.9439,43.0816],[1.9503,42.9515],[1.7898,42.9515],[1.4855,42.6262],[1.0747,42.8213],[0.0401,42.6912],[-0.9424,43.0165],[-0.9381,42.9515],[-1.2591,42.9515],[-1.3305,42.8213],[-1.807,42.7563],[-2.1323,42.8213],[-2.2785,42.6262],[-2.5284,42.7563],[-2.6789,42.6262],[-3.7201,42.6262],[-5.7342,42.7563],[-5.7044,42.4312],[-5.7844,42.4312],[-5.9028,41.9764],[-6.1303,41.8465],[-6.2542,41.4571],[-6.8544,41.068],[-6.8626,40.2906],[-7.9269,39.8376],[-8.4729,39.7729],[-8.7571,39.4496],[-8.9146,39.4496],[-8.9745,39.2557],[-9.3422,39.2557],[-9.4975,38.8098]],[[-7.5297,37.5672],[-7.5236,37.5732],[-7.5275,37.5614],[-7.5297,37.5672]],[[-7.5223,37.5475],[-7.496,37.5121],[-7.5154,37.5293],[-7.5223,37.5475]],[[-7.445,37.3868],[-7.4276,37.2745],[-7.4322,37.2639],[-7.445,37.3868]],[[-7.2658,39.2314],[-7.2643,39.2523],[-7.2596,39.2212],[-7.2658,39.2314]],[[-7.0768,39.1115],[-7.0649,39.1148],[-7.0515,39.1099],[-7.0768,39.1115]],[[-7.0298,39.1019],[-7.0158,39.0968],[-6.9857,39.0668],[-7.0298,39.1019]],[[0.6335,42.7448],[0.6476,42.741],[0.6528,42.7338],[0.6335,42.7448]],[[0.6491,42.6881],[0.6591,42.6946],[0.6567,42.688],[0.6491,42.6881]],[[0.661,42.7223],[0.6664,42.7148],[0.6638,42.7075],[0.661,42.7223]],[[1.4076,42.4868],[1.4364,42.4535],[1.4364,42.4495],[1.4076,42.4868]],[[1.418,42.5698],[1.4207,42.5759],[1.4263,42.5618],[1.418,42.5698]],[[1.444,42.4397],[1.494,42.4312],[1.4479,42.4346],[1.444,42.4397]],[[1.5106,42.4299],[1.5444,42.4504],[1.5166,42.4295],[1.5106,42.4299]],[[1.707,42.5028],[1.7112,42.5157],[1.7119,42.4997],[1.707,42.5028]],[[1.7246,42.4919],[1.7927,42.4817],[1.7306,42.4881],[1.7246,42.4919]],[[2.0043,42.3493],[2.0279,42.3508],[2.0092,42.3471],[2.0043,42.3493]],[[2.0575,42.3567],[2.137,42.4162],[2.0633,42.3579],[2.0575,42.3567]],[[6.8661,44.3721],[6.8772,44.4144],[6.8703,44.3667],[6.8661,44.3721]],[[6.9799,44.2461],[6.9887,44.2416],[6.9828,44.2417],[6.9799,44.2461]],[[6.9828,44.847],[7.0049,44.828],[7.0043,44.8249],[6.9828,44.847]],[[7.3093,44.1475],[7.339,44.1249],[7.331,44.1253],[7.3093,44.1475]],[[7.9891,46.0033],[8.0007,46.0175],[7.9984,46.0106],[7.9891,46.0033]],[[9.8486,47.5386],[9.8589,47.5413],[9.9188,47.5322],[9.8486,47.5386]],[[10.0226,47.488],[10.0718,47.4391],[10.0806,47.4274],[10.0226,47.488]],[[10.0427,46.2205],[10.1026,46.2289],[10.0757,46.22],[10.0427,46.2205]],[[10.0532,47.4049],[10.0806,47.4274],[10.076,47.4169],[10.0532,47.4049]],[[10.0924,46.3381],[10.0956,46.344],[10.0935,46.3356],[10.0924,46.3381]],[[10.0998,46.321],[10.1589,46.2624],[10.1049,46.3094],[10.0998,46.321]],[[10.1015,46.3549],[10.105,46.3614],[10.1332,46.3811],[10.1015,46.3549]],[[10.3639,46.9912],[10.3734,46.9963],[10.3758,46.9946],[10.3639,46.9912]],[[12.7389,48.1134],[12.7431,48.1158],[12.7397,48.1069],[12.7389,48.1134]],[[12.7414,48.092],[12.7486,48.0788],[12.742,48.0868],[12.7414,48.092]],[[12.7539,48.0725],[12.8306,48.0155],[12.7602,48.0649],[12.7539,48.0725]],[[13.5068,46.5469],[13.5492,46.5458],[13.607,46.5329],[13.5068,46.5469]],[[14.1499,46.4401],[14.3958,46.441],[14.3993,46.4393],[14.1499,46.4401]],[[14.412,46.4332],[14.4509,46.4145],[14.42,46.4244],[14.412,46.4332]],[[15.972,46.8206],[15.9817,46.8277],[16.0941,46.8629],[16.094,46.8628],[15.972,46.8206]],[[16.2337,46.4787],[16.2349,46.4933],[16.2509,46.405],[16.2337,46.4787]],[[16.3476,46.5436],[16.3579,46.547],[16.3517,46.5395],[16.3476,46.5436]],[[17.0386,46.169],[17.0889,46.1362],[17.0529,46.1535],[17.0386,46.169]],[[17.1069,46.1276],[17.2086,46.1166],[17.1162,46.1231],[17.1069,46.1276]],[[18.6487,45.0627],[18.6713,45.0869],[18.6766,45.086],[18.6487,45.0627]],[[18.6798,45.0855],[18.6841,45.0848],[18.7383,45.0159],[18.6798,45.0855]],[[18.8896,44.8612],[19.0158,44.8656],[19.0726,44.8767],[19.0684,44.8748],[19.005,44.8633],[18.8896,44.8612]],[[19.1228,43.5359],[19.2175,43.5328],[19.1953,43.5328],[19.1228,43.5359]],[[19.2435,44.002],[19.2728,44.0124],[19.2814,44.0115],[19.2435,44.002]],[[19.2925,44.0103],[19.3006,44.0095],[19.3646,43.9733],[19.2925,44.0103]],[[19.3074,44.2742],[19.3243,44.264],[19.3319,44.2539],[19.3074,44.2742]],[[19.3415,44.8988],[19.3532,44.899],[19.3644,44.889],[19.3415,44.8988]],[[19.3454,44.2358],[19.354,44.2243],[19.3624,44.1912],[19.3454,44.2358]],[[19.3624,44.1912],[19.4426,44.1432],[19.3812,44.1771],[19.3624,44.1912]],[[19.3696,44.8842],[19.3728,44.8814],[19.3766,44.863],[19.3696,44.8842]]],[[[-9.0797,38.8201],[-9.0414,38.8492],[-9.0346,38.8642],[-9.0411,38.8676],[-9.0614,38.8522],[-9.0797,38.8201]]],[[[-8.9426,38.4814],[-8.9114,38.4658],[-8.8817,38.4707],[-8.9045,38.4864],[-8.9273,38.4938],[-8.9426,38.4814]]],[[[-7.8658,36.9971],[-7.8585,36.9971],[-7.8601,37.0004],[-7.8658,36.9971]]],[[[-0.7545,37.7744],[-0.7469,37.6838],[-0.7265,37.6652],[-0.7401,37.7025],[-0.7327,37.7477],[-0.7545,37.7744]]],[[[10.1632,42.8164],[10.1963,42.7362],[10.3379,42.7648],[10.4307,42.7221],[10.3888,42.7635],[10.4367,42.8044],[10.4124,42.8734],[10.3473,42.8059],[10.1632,42.8164]]],[[[14.2616,44.6158],[14.2712,44.6125],[14.2619,44.6282],[14.2616,44.6158]]],[[[14.2625,44.6582],[14.2742,44.6617],[14.2804,44.6776],[14.2658,44.6795],[14.2629,44.6771],[14.2625,44.6582]]],[[[14.2925,44.9403],[14.4279,44.6566],[14.5047,44.6191],[14.4592,44.9154],[14.2925,44.9403]]],[[[14.3358,44.7168],[14.363,44.5734],[14.5024,44.516],[14.3358,44.7168]]]]}},{"type":"Feature","properties":{"relationId":"cliopatria-relation-c8c047aace2f","name":"(Alliance between Ostrogothic Kingdom and Visigothic Kingdom)","name_ko":"동고트 왕국–서고트 왕국 동맹","relationKind":"alliance","relation_kind_ko":"동맹","actor_ids":"cliopatria-q583038-7d984a97b7;cliopatria-q126936-c93e2b800f","actor_names_ko":"동고트 왕국;서고트 왕국","color":"#4fd1c5","startYear":540,"endYear":545,"source_name":"Cliopatria v0.2.0","source_url":"https://github.com/Seshat-Global-History-Databank/cliopatria","license":"CC BY 4.0","attribution":"Seshat Global History Databank, Cliopatria contributors"},"geometry":{"type":"MultiPolygon","coordinates":[[[[-9.4975,38.8098],[-9.4717,38.7025],[-9.3218,38.6703],[-9.1125,38.7142],[-9.1003,38.8302],[-8.9359,39.0407],[-8.7651,39.0977],[-8.9432,39.0152],[-9.0115,38.9134],[-8.9426,38.7756],[-9.1077,38.6589],[-9.2324,38.6684],[-9.1838,38.5515],[-9.2085,38.416],[-8.9549,38.5051],[-8.7884,38.4814],[-8.7733,38.5653],[-8.7362,38.4519],[-8.6068,38.4187],[-8.8226,38.4463],[-8.7744,38.1869],[-8.817,37.7403],[-8.7522,37.7308],[-8.819,37.6273],[-8.816,37.4179],[-8.9969,37.0218],[-8.7011,37.126],[-8.3117,37.126],[-7.9887,36.9971],[-7.8196,36.9987],[-7.459,37.178],[-7.4653,37.2549],[-6.9042,37.2549],[-6.8527,37.2952],[-6.8854,37.2549],[-6.5435,36.9851],[-6.3467,36.8958],[-6.1948,36.9321],[-6.3382,36.8837],[-6.3301,36.6749],[-6.1794,36.5135],[-6.2146,36.4793],[-6.0688,36.2325],[-5.8311,36.224],[-5.6403,36.0422],[-5.3215,36.2067],[-5.2282,36.4816],[-4.6888,36.546],[-4.4686,36.7393],[-2.6801,36.7393],[-2.5321,36.8682],[-2.0616,36.8037],[-1.8574,37.3193],[-1.6521,37.3626],[-1.7087,37.4483],[-1.2427,37.5792],[-1.1717,37.5518],[-0.7078,37.6411],[-0.8099,37.6669],[-0.8561,37.7425],[-0.788,37.8228],[-0.7607,37.7961],[-0.8035,38.0288],[-0.6609,38.2869],[0.0994,38.7389],[-0.3137,39.1265],[-0.3454,39.7083],[-0.1265,40.0317],[0.1825,40.1612],[0.2478,40.4201],[0.7093,40.6792],[0.6958,40.9384],[1.2384,41.1977],[2.1066,41.3274],[2.3336,41.5869],[2.5725,41.5869],[3.1168,41.9114],[3.1188,42.2183],[3.1773,42.3606],[3.0099,42.5612],[2.9849,43.1467],[3.8509,43.6027],[4.0925,43.6027],[4.1633,43.8634],[4.244,43.8634],[4.315,44.1243],[4.6359,44.1896],[4.5504,44.3201],[3.8146,44.516],[3.4292,44.0591],[3.0255,44.0591],[1.9439,43.0816],[1.9503,42.9515],[1.7898,42.9515],[1.4855,42.6262],[1.0747,42.8213],[0.0401,42.6912],[-0.9424,43.0165],[-0.9381,42.9515],[-1.2591,42.9515],[-1.3305,42.8213],[-1.807,42.7563],[-2.1323,42.8213],[-2.2785,42.6262],[-2.5284,42.7563],[-2.6789,42.6262],[-3.7201,42.6262],[-5.7342,42.7563],[-5.7044,42.4312],[-5.7844,42.4312],[-5.9028,41.9764],[-6.1303,41.8465],[-6.2542,41.4571],[-6.8544,41.068],[-6.8626,40.2906],[-7.9269,39.8376],[-8.4729,39.7729],[-8.7571,39.4496],[-8.9146,39.4496],[-8.9745,39.2557],[-9.3422,39.2557],[-9.4975,38.8098]],[[-7.5297,37.5672],[-7.5236,37.5732],[-7.5275,37.5614],[-7.5297,37.5672]],[[-7.5223,37.5475],[-7.496,37.5121],[-7.5154,37.5293],[-7.5223,37.5475]],[[-7.445,37.3868],[-7.4276,37.2745],[-7.4322,37.2639],[-7.445,37.3868]],[[-7.2658,39.2314],[-7.2643,39.2523],[-7.2596,39.2212],[-7.2658,39.2314]],[[-7.0768,39.1115],[-7.0649,39.1148],[-7.0515,39.1099],[-7.0768,39.1115]],[[-7.0298,39.1019],[-7.0158,39.0968],[-6.9857,39.0668],[-7.0298,39.1019]],[[0.6335,42.7448],[0.6476,42.741],[0.6528,42.7338],[0.6335,42.7448]],[[0.6491,42.6881],[0.6591,42.6946],[0.6567,42.688],[0.6491,42.6881]],[[0.661,42.7223],[0.6664,42.7148],[0.6638,42.7075],[0.661,42.7223]],[[1.4076,42.4868],[1.4364,42.4535],[1.4364,42.4495],[1.4076,42.4868]],[[1.418,42.5698],[1.4207,42.5759],[1.4263,42.5618],[1.418,42.5698]],[[1.444,42.4397],[1.494,42.4312],[1.4479,42.4346],[1.444,42.4397]],[[1.5106,42.4299],[1.5444,42.4504],[1.5166,42.4295],[1.5106,42.4299]],[[1.707,42.5028],[1.7112,42.5157],[1.7119,42.4997],[1.707,42.5028]],[[1.7246,42.4919],[1.7927,42.4817],[1.7306,42.4881],[1.7246,42.4919]],[[2.0043,42.3493],[2.0279,42.3508],[2.0092,42.3471],[2.0043,42.3493]],[[2.0575,42.3567],[2.137,42.4162],[2.0633,42.3579],[2.0575,42.3567]]],[[[-9.0797,38.8201],[-9.0414,38.8492],[-9.0346,38.8642],[-9.0411,38.8676],[-9.0614,38.8522],[-9.0797,38.8201]]],[[[-8.9426,38.4814],[-8.9114,38.4658],[-8.8817,38.4707],[-8.9045,38.4864],[-8.9273,38.4938],[-8.9426,38.4814]]],[[[-7.8658,36.9971],[-7.8585,36.9971],[-7.8601,37.0004],[-7.8658,36.9971]]],[[[-0.7545,37.7744],[-0.7469,37.6838],[-0.7265,37.6652],[-0.7401,37.7025],[-0.7327,37.7477],[-0.7545,37.7744]]],[[[8.4145,45.6278],[8.5784,45.5623],[9.9631,45.6278],[11.5112,45.4968],[12.0824,45.6278],[12.905,46.2177],[14.1293,46.0865],[14.3703,45.8898],[14.5336,45.8898],[14.6891,45.5623],[14.9335,45.5623],[15.1675,45.1696],[15.4852,44.908],[15.6475,44.908],[15.6417,44.7119],[15.8849,44.7119],[16.0429,44.5813],[16.1941,44.2548],[16.3558,44.2548],[16.4277,43.9938],[17.1467,43.7982],[17.2222,43.6678],[17.8557,43.4072],[18.5023,43.4723],[18.4963,43.3421],[19.3808,43.3421],[19.3136,43.6027],[19.4747,43.6027],[19.4109,43.9286],[19.6599,44.0591],[19.6704,44.2548],[19.9236,44.4507],[19.9344,44.6466],[19.6242,44.908],[19.1406,44.9734],[19.2384,45.3004],[18.9976,45.3659],[19.0041,45.4968],[18.9227,45.4968],[18.7788,45.8898],[18.8604,45.8898],[18.8283,45.9057],[19.0501,46.4145],[18.8141,46.6115],[18.8337,47.0058],[19.0837,47.0716],[19.1833,47.4006],[19.2657,47.4006],[19.2692,47.4665],[18.9496,47.6641],[18.9565,47.7959],[18.798,47.9278],[18.626,47.7959],[17.6346,47.7959],[17.3124,47.9938],[17.0669,48.0597],[17.0723,48.1917],[16.9895,48.1917],[16.9921,48.2578],[16.8238,48.1917],[16.8264,48.2578],[16.5803,48.3238],[16.0783,48.1917],[15.4985,48.1917],[15.171,48.3238],[14.7565,48.3238],[14.4217,48.1917],[14.4171,47.9938],[14.5809,47.9278],[14.5778,47.7959],[13.7455,47.4665],[13.6549,47.0058],[12.8336,47.0716],[12.8312,46.8743],[12.9133,46.8743],[12.828,46.6115],[12.0905,46.6772],[11.9251,46.4802],[11.5151,46.4145],[10.5323,46.4145],[10.3679,46.6115],[10.0399,46.6115],[10.0409,46.4145],[10.1228,46.4145],[10.0415,46.2833],[9.55,46.3489],[9.3851,46.4802],[9.1427,46.1521],[8.4895,46.0865],[8.4145,45.6278]],[[10.0427,46.2205],[10.1026,46.2289],[10.0757,46.22],[10.0427,46.2205]],[[10.0924,46.3381],[10.0956,46.344],[10.0935,46.3356],[10.0924,46.3381]],[[10.0998,46.321],[10.1589,46.2624],[10.1049,46.3094],[10.0998,46.321]],[[10.1015,46.3549],[10.105,46.3614],[10.1332,46.3811],[10.1015,46.3549]],[[13.5068,46.5469],[13.5492,46.5458],[13.607,46.5329],[13.5068,46.5469]],[[14.1499,46.4401],[14.3958,46.441],[14.3993,46.4393],[14.1499,46.4401]],[[14.412,46.4332],[14.4509,46.4145],[14.42,46.4244],[14.412,46.4332]],[[15.972,46.8206],[15.9817,46.8277],[16.0941,46.8629],[16.094,46.8628],[15.972,46.8206]],[[16.2337,46.4787],[16.2349,46.4933],[16.2509,46.405],[16.2337,46.4787]],[[16.3476,46.5436],[16.3579,46.547],[16.3517,46.5395],[16.3476,46.5436]],[[17.0386,46.169],[17.0889,46.1362],[17.0529,46.1535],[17.0386,46.169]],[[17.0856,47.9701],[17.1483,48.0054],[17.1848,48.0203],[17.0856,47.9701]],[[17.1069,46.1276],[17.2086,46.1166],[17.1162,46.1231],[17.1069,46.1276]],[[18.6487,45.0627],[18.6713,45.0869],[18.6766,45.086],[18.6487,45.0627]],[[18.6798,45.0855],[18.6841,45.0848],[18.7383,45.0159],[18.6798,45.0855]],[[18.8896,44.8612],[19.0158,44.8656],[19.0726,44.8767],[19.0684,44.8748],[19.005,44.8633],[18.8896,44.8612]],[[19.1228,43.5359],[19.2175,43.5328],[19.1953,43.5328],[19.1228,43.5359]],[[19.2435,44.002],[19.2728,44.0124],[19.2814,44.0115],[19.2435,44.002]],[[19.2925,44.0103],[19.3006,44.0095],[19.3646,43.9733],[19.2925,44.0103]],[[19.3074,44.2742],[19.3243,44.264],[19.3319,44.2539],[19.3074,44.2742]],[[19.3415,44.8988],[19.3532,44.899],[19.3644,44.889],[19.3415,44.8988]],[[19.3454,44.2358],[19.354,44.2243],[19.3624,44.1912],[19.3454,44.2358]],[[19.3624,44.1912],[19.4426,44.1432],[19.3812,44.1771],[19.3624,44.1912]],[[19.3696,44.8842],[19.3728,44.8814],[19.3766,44.863],[19.3696,44.8842]]]]}},{"type":"Feature","properties":{"relationId":"cliopatria-relation-c8c047aace2f","name":"(Alliance between Ostrogothic Kingdom and Visigothic Kingdom)","name_ko":"동고트 왕국–서고트 왕국 동맹","relationKind":"alliance","relation_kind_ko":"동맹","actor_ids":"cliopatria-q583038-7d984a97b7;cliopatria-q126936-c93e2b800f","actor_names_ko":"동고트 왕국;서고트 왕국","color":"#4fd1c5","startYear":546,"endYear":554,"source_name":"Cliopatria v0.2.0","source_url":"https://github.com/Seshat-Global-History-Databank/cliopatria","license":"CC BY 4.0","attribution":"Seshat Global History Databank, Cliopatria contributors"},"geometry":{"type":"MultiPolygon","coordinates":[[[[-9.4975,38.8098],[-9.4717,38.7025],[-9.3218,38.6703],[-9.1125,38.7142],[-9.1003,38.8302],[-8.9359,39.0407],[-8.7651,39.0977],[-8.9432,39.0152],[-9.0115,38.9134],[-8.9426,38.7756],[-9.1077,38.6589],[-9.2324,38.6684],[-9.1838,38.5515],[-9.2085,38.416],[-8.9549,38.5051],[-8.7884,38.4814],[-8.7733,38.5653],[-8.7362,38.4519],[-8.6068,38.4187],[-8.8226,38.4463],[-8.7744,38.1869],[-8.817,37.7403],[-8.7522,37.7308],[-8.819,37.6273],[-8.816,37.4179],[-8.9969,37.0218],[-8.7011,37.126],[-8.3117,37.126],[-7.9887,36.9971],[-7.8196,36.9987],[-7.459,37.178],[-7.4653,37.2549],[-6.9042,37.2549],[-6.8527,37.2952],[-6.8854,37.2549],[-6.5435,36.9851],[-6.3467,36.8958],[-6.1948,36.9321],[-6.3382,36.8837],[-6.3301,36.6749],[-6.1794,36.5135],[-6.2146,36.4793],[-6.0688,36.2325],[-5.8311,36.224],[-5.6403,36.0422],[-5.3215,36.2067],[-5.2282,36.4816],[-4.6888,36.546],[-4.4686,36.7393],[-2.6801,36.7393],[-2.5321,36.8682],[-2.0616,36.8037],[-1.8574,37.3193],[-1.6521,37.3626],[-1.7087,37.4483],[-1.2427,37.5792],[-1.1717,37.5518],[-0.7078,37.6411],[-0.8099,37.6669],[-0.8561,37.7425],[-0.788,37.8228],[-0.7607,37.7961],[-0.8035,38.0288],[-0.6609,38.2869],[0.0994,38.7389],[-0.3137,39.1265],[-0.3454,39.7083],[-0.1265,40.0317],[0.1825,40.1612],[0.2478,40.4201],[0.7093,40.6792],[0.6958,40.9384],[1.2384,41.1977],[2.1066,41.3274],[2.3336,41.5869],[2.5725,41.5869],[3.1168,41.9114],[3.1188,42.2183],[3.1773,42.3606],[3.0099,42.5612],[2.9849,43.1467],[3.8509,43.6027],[4.0925,43.6027],[4.1633,43.8634],[4.244,43.8634],[4.315,44.1243],[4.6359,44.1896],[4.5504,44.3201],[3.8146,44.516],[3.4292,44.0591],[3.0255,44.0591],[1.9439,43.0816],[1.9503,42.9515],[1.7898,42.9515],[1.4855,42.6262],[1.0747,42.8213],[0.0401,42.6912],[-0.9424,43.0165],[-0.9381,42.9515],[-1.2591,42.9515],[-1.3305,42.8213],[-1.807,42.7563],[-2.1323,42.8213],[-2.2785,42.6262],[-2.5284,42.7563],[-2.6789,42.6262],[-3.7201,42.6262],[-5.7342,42.7563],[-5.7044,42.4312],[-5.7844,42.4312],[-5.9028,41.9764],[-6.1303,41.8465],[-6.2542,41.4571],[-6.8544,41.068],[-6.8626,40.2906],[-7.9269,39.8376],[-8.4729,39.7729],[-8.7571,39.4496],[-8.9146,39.4496],[-8.9745,39.2557],[-9.3422,39.2557],[-9.4975,38.8098]],[[-7.5297,37.5672],[-7.5236,37.5732],[-7.5275,37.5614],[-7.5297,37.5672]],[[-7.5223,37.5475],[-7.496,37.5121],[-7.5154,37.5293],[-7.5223,37.5475]],[[-7.445,37.3868],[-7.4276,37.2745],[-7.4322,37.2639],[-7.445,37.3868]],[[-7.2658,39.2314],[-7.2643,39.2523],[-7.2596,39.2212],[-7.2658,39.2314]],[[-7.0768,39.1115],[-7.0649,39.1148],[-7.0515,39.1099],[-7.0768,39.1115]],[[-7.0298,39.1019],[-7.0158,39.0968],[-6.9857,39.0668],[-7.0298,39.1019]],[[0.6335,42.7448],[0.6476,42.741],[0.6528,42.7338],[0.6335,42.7448]],[[0.6491,42.6881],[0.6591,42.6946],[0.6567,42.688],[0.6491,42.6881]],[[0.661,42.7223],[0.6664,42.7148],[0.6638,42.7075],[0.661,42.7223]],[[1.4076,42.4868],[1.4364,42.4535],[1.4364,42.4495],[1.4076,42.4868]],[[1.418,42.5698],[1.4207,42.5759],[1.4263,42.5618],[1.418,42.5698]],[[1.444,42.4397],[1.494,42.4312],[1.4479,42.4346],[1.444,42.4397]],[[1.5106,42.4299],[1.5444,42.4504],[1.5166,42.4295],[1.5106,42.4299]],[[1.707,42.5028],[1.7112,42.5157],[1.7119,42.4997],[1.707,42.5028]],[[1.7246,42.4919],[1.7927,42.4817],[1.7306,42.4881],[1.7246,42.4919]],[[2.0043,42.3493],[2.0279,42.3508],[2.0092,42.3471],[2.0043,42.3493]],[[2.0575,42.3567],[2.137,42.4162],[2.0633,42.3579],[2.0575,42.3567]]],[[[-9.0797,38.8201],[-9.0414,38.8492],[-9.0346,38.8642],[-9.0411,38.8676],[-9.0614,38.8522],[-9.0797,38.8201]]],[[[-8.9426,38.4814],[-8.9114,38.4658],[-8.8817,38.4707],[-8.9045,38.4864],[-8.9273,38.4938],[-8.9426,38.4814]]],[[[-7.8658,36.9971],[-7.8585,36.9971],[-7.8601,37.0004],[-7.8658,36.9971]]],[[[-0.7545,37.7744],[-0.7469,37.6838],[-0.7265,37.6652],[-0.7401,37.7025],[-0.7327,37.7477],[-0.7545,37.7744]]],[[[11.5748,42.3662],[11.6548,42.3662],[11.7349,42.1707],[12.1317,42.0413],[12.1305,41.9131],[12.6046,41.522],[12.9222,41.4571],[13,41.3274],[13.7145,41.2625],[13.862,41.1328],[13.9506,41.1328],[14.1046,40.8736],[14.4219,40.8736],[14.4205,40.8088],[15.2135,40.8088],[15.2896,40.6792],[16.1574,40.5496],[16.7138,40.6144],[16.7847,40.3554],[16.9137,40.4464],[16.868,40.4849],[17.0285,40.5496],[17.3452,40.5496],[17.4175,40.3554],[17.8131,40.3554],[18.1122,39.9023],[18.3489,39.9023],[18.3565,40.0964],[18.4355,40.0964],[18.3642,40.2906],[17.9812,40.6144],[15.9458,41.4571],[15.3923,41.5869],[14.1979,41.5869],[13.8818,41.7167],[13.8044,41.8465],[13.4057,41.8465],[13.1694,42.0413],[12.8501,42.0413],[12.0586,42.8213],[11.6561,42.5612],[11.5748,42.3662]]],[[[11.4949,42.3582],[11.5746,42.3282],[11.5748,42.3662],[11.4949,42.3582]]],[[[8.4145,45.6278],[8.5784,45.5623],[9.9631,45.6278],[11.5112,45.4968],[12.0824,45.6278],[12.7406,46.1521],[13.9659,46.0865],[13.9684,46.2177],[13.7253,46.3489],[13.6549,47.0058],[12.8336,47.0716],[12.8312,46.8743],[12.9133,46.8743],[12.828,46.6115],[12.0905,46.6772],[11.9251,46.4802],[11.5151,46.4145],[10.5323,46.4145],[10.3679,46.6115],[10.0399,46.6115],[10.1231,46.3489],[9.8779,46.2833],[9.3851,46.4802],[9.1427,46.1521],[8.4895,46.0865],[8.4145,45.6278]],[[10.0427,46.2205],[10.1026,46.2289],[10.0757,46.22],[10.0427,46.2205]],[[10.0998,46.321],[10.1589,46.2624],[10.1049,46.3094],[10.0998,46.321]],[[13.5068,46.5469],[13.5492,46.5458],[13.607,46.5329],[13.5068,46.5469]]]]}}]}
