{"type":"FeatureCollection","features":[{"type":"Feature","properties":{"relationId":"cliopatria-relation-668149133cee","name":"(Alliance between Byzantine Empire and Khazaria)","name_ko":"동로마 제국–하자르 카간국 동맹","relationKind":"alliance","relation_kind_ko":"동맹","actor_ids":"cliopatria-q12544-9c75ec2643;cliopatria-q2090473-4e85a14d79","actor_names_ko":"동로마 제국;하자르 카간국","color":"#4fd1c5","startYear":633,"endYear":633,"source_name":"Cliopatria v0.2.0","source_url":"https://github.com/Seshat-Global-History-Databank/cliopatria","license":"CC BY 4.0","attribution":"Seshat Global History Databank, Cliopatria contributors"},"geometry":{"type":"MultiPolygon","coordinates":[[[[-6.0043,35.3871],[-5.0765,35.3871],[-5.3258,35.6445],[-5.3411,35.8372],[-5.9458,35.7097],[-6.0043,35.3871]]],[[[14.3384,35.9455],[14.3815,35.843],[14.5618,35.8298],[14.5078,35.9285],[14.3773,35.9936],[14.3384,35.9455]]],[[[12.4905,37.7062],[13.192,37.5773],[13.6022,37.2505],[14.2779,37.126],[14.6723,36.7393],[15.0498,36.7393],[15.2051,37.1662],[15.0592,37.2549],[15.0665,37.6417],[15.3895,38.1578],[15.5432,38.1578],[15.5865,38.2377],[14.0562,37.9643],[13.6652,37.9643],[13.3547,38.1578],[13.1199,38.1578],[13.0404,38.0288],[12.6522,38.0929],[12.4919,37.8998],[12.4905,37.7062]]],[[[15.591,40.0778],[15.7478,40.0317],[15.7136,39.978],[15.7736,39.8424],[15.8989,39.7729],[16.1165,39.0618],[16.2703,38.9326],[16.2652,38.7389],[15.9497,38.6743],[15.8621,38.2869],[15.6328,38.2203],[15.6982,37.9643],[15.9328,37.9643],[16.4919,38.416],[16.5024,38.8034],[17.1383,39.0618],[17.0697,39.385],[16.9162,39.5143],[16.4473,39.6436],[16.4491,39.7083],[16.132,39.6436],[15.976,39.7083],[15.9865,40.0964],[15.8302,40.1612],[15.5931,40.1612],[15.591,40.0778]]],[[[1.2204,38.9553],[1.2529,38.8623],[1.4031,38.8323],[1.4147,38.8906],[1.6231,39.0292],[1.5227,39.1189],[1.3568,39.0776],[1.2928,39.0333],[1.301,38.9678],[1.2204,38.9553]]],[[[2.3508,39.5765],[2.487,39.4788],[2.6817,39.5587],[2.7435,39.5234],[2.7866,39.3759],[3.1447,39.3203],[3.2825,39.4201],[3.4744,39.7497],[3.1626,39.7691],[3.1263,39.8319],[3.1959,39.8906],[3.0947,39.8812],[3.1738,39.967],[2.8132,39.8726],[2.3508,39.5765]]],[[[3.8032,40.0181],[3.8307,39.9361],[4.3008,39.8378],[4.1705,40.0646],[4.1423,40.0248],[4.1051,40.0794],[3.8032,40.0181]]],[[[8.1567,40.7718],[8.1974,40.6912],[8.1618,40.5638],[8.1934,40.6175],[8.2163,40.5706],[8.312,40.5781],[8.386,40.3518],[8.4761,40.2921],[8.49,40.1045],[8.3772,40.0338],[8.4004,39.9361],[8.5453,39.8786],[8.5044,39.7215],[8.5658,39.7011],[8.4553,39.7561],[8.4634,39.5769],[8.374,39.3789],[8.4321,39.3018],[8.4095,39.1693],[8.5596,39.0567],[8.606,38.9088],[8.7166,38.9326],[8.8533,38.878],[9.0183,38.9953],[9.0183,39.1461],[9.0798,39.2246],[9.0139,39.2639],[9.166,39.1871],[9.2922,39.2213],[9.4052,39.1521],[9.5664,39.1492],[9.7111,39.9293],[9.6262,40.2631],[9.8225,40.5327],[9.6579,40.7999],[9.724,40.8449],[9.6141,40.8934],[9.6421,40.9206],[9.5042,40.9269],[9.6469,40.9922],[9.5119,41.0163],[9.5541,41.1239],[9.4691,41.1462],[9.4429,41.092],[9.4224,41.1807],[9.1711,41.2426],[9.1419,41.1528],[9.0055,41.1219],[8.8225,40.9473],[8.5205,40.827],[8.3102,40.8507],[8.1812,40.9341],[8.2153,40.8814],[8.1567,40.7718]]],[[[8.3533,39.0556],[8.4312,38.9661],[8.4839,39.0698],[8.3701,39.1131],[8.3533,39.0556]]],[[[9.3767,41.2147],[9.377,41.2133],[9.3953,41.2106],[9.4007,41.2115],[9.3767,41.2147]]],[[[9.437,41.1859],[9.4644,41.1727],[9.4749,41.1793],[9.4749,41.2014],[9.445,41.2055],[9.437,41.1859]]],[[[16.0895,40.9384],[16.2482,40.9384],[16.2463,40.8736],[16.7909,40.5496],[16.7847,40.3554],[16.9137,40.4464],[16.868,40.4849],[17.0285,40.5496],[17.3452,40.5496],[17.4175,40.3554],[17.8131,40.3554],[18.1122,39.9023],[18.3489,39.9023],[18.3565,40.0964],[18.4355,40.0964],[18.3642,40.2906],[17.9812,40.6144],[17.5107,40.744],[17.4136,40.8811],[16.8612,41.1386],[16.2581,41.2625],[16.2541,41.1328],[16.0933,41.068],[16.0895,40.9384]]],[[[14.0264,40.9384],[14.4219,40.8736],[14.4194,40.7517],[14.4741,40.7297],[14.4363,40.6792],[14.7349,40.6792],[14.7377,40.8088],[14.5791,40.8088],[14.5039,41.0032],[14.0276,41.0032],[14.0264,40.9384]]],[[[8.5453,42.2329],[8.5938,42.1745],[8.5596,42.154],[8.745,42.0566],[8.6457,41.9774],[8.8054,41.9069],[8.7508,41.8455],[8.7849,41.8244],[8.6551,41.7499],[8.9227,41.6946],[8.8018,41.6391],[8.7918,41.5612],[9.0798,41.4824],[9.0964,41.4035],[9.2255,41.3771],[9.2107,41.4482],[9.3506,41.5812],[9.2922,41.6264],[9.3467,41.6196],[9.4016,41.7064],[9.4032,41.9529],[9.5596,42.1466],[9.5281,42.5635],[9.4429,42.6406],[9.464,42.9901],[9.3467,43.0037],[9.3057,42.8393],[9.3425,42.7491],[9.2922,42.6748],[9.1178,42.732],[8.787,42.562],[8.7092,42.5792],[8.6595,42.4299],[8.5491,42.3771],[8.6878,42.2729],[8.5453,42.2329]]],[[[9.4566,42.6474],[9.4768,42.6191],[9.4769,42.6201],[9.4821,42.6201],[9.4566,42.6474]]],[[[11.4949,42.3582],[11.5746,42.3282],[11.5748,42.3662],[11.4949,42.3582]]],[[[10.1632,42.8164],[10.1963,42.7362],[10.3379,42.7648],[10.4307,42.7221],[10.3888,42.7635],[10.4367,42.8044],[10.4124,42.8734],[10.3473,42.8059],[10.1632,42.8164]]],[[[7.1502,43.733],[8.0339,43.9286],[8.1916,44.1896],[8.5925,44.4507],[9.1591,44.4507],[9.5774,44.1877],[9.9697,44.1243],[9.6455,44.3201],[9.6447,44.4507],[9.9684,44.4507],[10.4543,44.1896],[11.2619,44.0591],[11.2609,43.7982],[11.6628,43.6027],[11.5795,43.1467],[11.9784,42.8213],[11.5748,42.3662],[11.6548,42.3662],[11.7349,42.1707],[12.1317,42.0413],[12.1715,41.8777],[12.6046,41.522],[12.9222,41.4571],[13,41.3274],[13.3976,41.3274],[13.7955,41.2011],[14.0374,41.522],[13.9615,41.7167],[13.8044,41.8465],[13.4057,41.8465],[13.328,41.9764],[13.0097,42.0413],[12.6144,42.3662],[12.4609,42.9515],[12.3807,42.9515],[12.5472,43.4723],[12.7098,43.6027],[13.1124,43.6027],[13.4291,43.2769],[13.6715,43.3421],[13.6726,43.4072],[13.3874,43.6413],[13.0338,43.733],[13.019,43.8567],[12.8734,43.7982],[12.4739,44.1243],[12.3931,44.1243],[12.1537,44.4507],[12.1572,44.8426],[12.4001,44.7989],[12.4026,45.0388],[12.3688,45.011],[12.16,45.1696],[12.1628,45.4968],[12.6522,45.5623],[12.8168,45.6933],[13.0571,45.6393],[12.9824,45.8898],[11.9198,45.6933],[11.837,45.4968],[11.9994,45.4313],[11.9979,45.235],[11.834,45.0388],[11.2659,45.1696],[11.2655,45.0388],[10.7782,45.0388],[10.7781,44.908],[10.4537,44.7773],[10.1293,44.7773],[9.8854,44.908],[9.3178,44.8426],[9.5621,44.7119],[9.4824,44.516],[8.7522,44.6466],[8.4298,44.516],[8.1859,44.5813],[8.031,44.1243],[7.7078,44.1243],[7.6293,43.9938],[7.227,43.9286],[7.1502,43.733]]],[[[9.9404,44.0591],[9.9627,44.0447],[9.9699,44.0489],[9.9699,44.0591],[9.9404,44.0591]]],[[[14.2616,44.6158],[14.2712,44.6125],[14.2619,44.6282],[14.2616,44.6158]]],[[[14.2625,44.6582],[14.2742,44.6617],[14.2804,44.6776],[14.2658,44.6795],[14.2629,44.6771],[14.2625,44.6582]]],[[[14.2925,44.9403],[14.4279,44.6566],[14.5047,44.6191],[14.4556,44.9307],[14.2925,44.9403]]],[[[14.3358,44.7168],[14.363,44.5734],[14.5024,44.516],[14.3358,44.7168]]],[[[0.759,36.3415],[0.7669,36.1596],[0.922,36.1596],[1.005,36.0308],[1.1547,36.1596],[2.008,36.1596],[2.0031,36.2884],[2.3159,36.224],[2.7747,36.4172],[5.6494,36.3528],[5.8795,36.4816],[6.3468,36.4172],[6.422,36.546],[6.8893,36.4816],[6.9647,36.6105],[7.5865,36.6105],[7.9024,36.224],[7.8282,35.9664],[7.9057,35.9664],[7.9114,35.5158],[7.9888,35.5158],[7.9942,35.0653],[8.2286,34.8079],[8.4594,34.8723],[8.8462,34.7436],[8.9263,34.3577],[9.0033,34.3577],[8.9288,34.0361],[9.0826,34.0361],[9.3159,33.5859],[9.6236,33.4574],[9.5475,33.3288],[9.625,33.1359],[10.0848,33.1359],[10.0086,33.0073],[10.3916,33.0073],[11.1572,32.6859],[11.3099,32.4931],[11.4629,32.5574],[11.539,32.4288],[11.7684,32.4288],[11.7679,32.3002],[12.4559,32.3645],[13.0667,32.3002],[13.0657,32.1717],[13.2953,32.236],[13.8286,32.1074],[14.5861,31.6575],[14.5844,31.529],[15.1873,31.0791],[15.1845,30.8863],[15.4896,30.9506],[16.7012,30.6935],[18.2813,30.0508],[19.1911,30.0508],[20.9516,30.565],[21.9388,30.565],[22.7667,30.3722],[22.7618,30.2436],[22.916,30.3079],[23.5101,29.9865],[24.26,29.7937],[24.3304,29.6652],[24.7792,29.5366],[24.8467,29.3438],[25.0008,29.4081],[25.1465,29.2795],[25.3735,29.2795],[25.5863,28.9581],[27.1401,28.251],[27.285,28.1224],[27.2763,27.9295],[27.4299,27.9938],[27.792,27.6724],[27.7109,27.5438],[27.9367,27.5438],[28.1537,27.3509],[28.2702,26.5794],[28.3453,26.5794],[28.2437,25.9365],[28.2886,25.165],[28.5688,24.6506],[29.6728,24.2006],[29.9595,23.8792],[30.1087,23.8792],[30.104,23.7506],[30.3952,23.5577],[30.4627,23.3649],[31.6705,23.7506],[32.0409,23.6863],[33.389,23.8149],[33.7564,23.6863],[35.108,23.8792],[35.4808,23.8253],[35.5139,23.9771],[35.7925,23.9023],[35.7386,23.9833],[35.4938,24.1089],[35.3919,24.2828],[35.1446,24.5002],[35.1603,24.5746],[34.5466,25.725],[34.3387,26.0018],[34.014,26.6116],[33.9414,26.6535],[33.9961,26.8966],[33.8368,27.1208],[33.8384,27.2426],[33.6917,27.3419],[33.4963,27.6466],[33.5877,27.651],[33.5579,27.7599],[33.4735,27.8232],[33.5921,27.7912],[33.5544,27.8965],[33.2494,28.1429],[33.0029,28.4895],[32.8689,28.5789],[32.8069,28.7781],[32.6255,28.9727],[32.6528,29.081],[32.5623,29.3863],[32.3377,29.5925],[32.5095,29.8668],[32.4769,29.9322],[32.5715,29.9426],[32.5778,30.0114],[32.6045,29.8242],[32.6907,29.7336],[32.7239,29.4705],[32.8172,29.414],[32.8856,29.2431],[33.1779,28.9896],[33.2287,28.5694],[33.5538,28.3153],[33.7634,28.024],[34.0785,27.8007],[34.2631,27.7367],[34.2141,27.7915],[34.4281,27.9859],[34.4553,28.1749],[34.4102,28.32],[34.6245,28.736],[34.7366,29.3113],[34.9572,29.569],[34.9817,29.4804],[36.3193,30.8863],[36.2765,31.2719],[36.3526,31.2719],[36.4919,31.9789],[36.5682,31.9789],[36.5155,32.236],[36.5919,32.236],[36.8119,32.943],[37.0605,33.1359],[37.0732,33.2645],[37.9902,33.9718],[39.1238,34.4863],[39.509,34.4863],[40.1029,34.2933],[40.6181,34.7436],[40.7723,34.7436],[41.1122,35.001],[41.0863,36.0308],[41.6626,36.2884],[41.6796,36.4172],[41.5328,36.4816],[41.5498,36.6105],[41.2124,36.9971],[41.1778,37.3193],[41.4205,37.3838],[41.6032,37.5773],[42.0897,37.7062],[42.38,38.0933],[43.2606,38.7389],[43.3795,38.9972],[43.8244,39.3203],[44.3967,39.4496],[44.4971,39.5789],[44.4619,39.8376],[44.383,39.8376],[44.5965,40.1612],[44.6419,40.4201],[44.5064,40.5496],[44.6552,40.9384],[44.5758,40.9384],[44.6467,41.3274],[44.5672,41.3274],[44.7189,41.7167],[44.504,41.8465],[44.5528,42.1063],[44.8047,42.1712],[44.8247,42.6912],[45.2253,42.6912],[45.6207,42.5304],[45.5825,42.5336],[45.6673,42.4962],[45.7506,42.1063],[46.2967,42.0413],[46.3921,41.918],[46.3508,41.9114],[46.7367,41.8465],[47.2706,41.3274],[47.5629,41.1977],[47.8937,41.2625],[48.1849,41.522],[48.172,41.8465],[48.0923,41.8465],[48.2125,42.0413],[47.6816,42.5612],[47.6562,42.8213],[47.3764,43.0165],[47.4591,43.4072],[47.3398,43.6027],[47.3431,43.9938],[47.0093,44.3201],[46.6327,44.4507],[46.6885,44.7119],[47.0097,44.8309],[47.0032,44.9216],[47.0411,44.8426],[47.3323,45.4313],[47.4513,45.3788],[47.3814,45.411],[47.4791,45.4231],[47.4729,45.6546],[47.3848,45.7502],[47.5034,45.7174],[47.4326,45.6945],[47.4723,45.6741],[47.6189,45.7124],[47.5601,45.7716],[47.6587,45.7176],[47.9759,45.7588],[47.7754,45.9554],[47.805,46.0865],[47.6563,46.1521],[47.686,46.2833],[47.9465,46.3489],[47.9766,46.4802],[47.8428,46.6115],[47.8731,46.7429],[47.4039,47.2032],[46.8728,47.4006],[46.7532,47.5982],[46.5882,47.5982],[45.8598,48.3899],[43.6348,48.4559],[43.2049,47.9938],[43.0395,47.9938],[42.3535,47.4665],[41.7376,47.269],[41.6043,47.0058],[41.32,46.8086],[40.915,45.9554],[40.5408,45.6933],[40.2262,45.3004],[40.0757,44.908],[39.902,44.8426],[39.9376,44.5813],[39.2014,44.0591],[39.1905,43.9938],[39.3519,43.9938],[39.9778,43.4072],[40.1387,43.4072],[40.3995,43.162],[40.8173,43.1467],[41.1158,43.0165],[41.1733,42.8864],[41.3338,42.8864],[41.6087,42.6262],[41.5361,42.4757],[41.5584,42.3828],[41.7006,42.2362],[41.6641,42.114],[41.7579,42.1063],[41.7612,41.9764],[41.8153,41.9764],[41.5674,41.4571],[41.4471,41.4571],[41.3071,41.3274],[40.5393,41.0032],[40.4492,41.0425],[40.3703,40.9384],[39.7355,40.9384],[39.1683,41.0797],[38.9208,41.0382],[38.7834,40.9384],[38.2977,40.8736],[38.2217,40.9441],[38.0253,40.9769],[37.8312,40.9384],[37.7706,41.068],[37.2147,41.068],[37.226,41.1475],[37.0651,41.1328],[36.7748,41.3274],[36.451,41.2404],[36.2092,41.2625],[35.9561,41.7127],[35.9227,41.6462],[35.9457,41.7167],[35.5767,41.6297],[35.157,41.7167],[35.0921,41.928],[35.123,42.0248],[34.9178,42.0413],[34.7845,41.9114],[32.9945,41.9114],[32.6675,41.8369],[32.6947,41.7816],[31.4983,41.352],[31.3928,41.1884],[31.1801,41.068],[30.6242,41.068],[30.53,41.1522],[30.3513,41.1922],[30.1369,41.1438],[29.0894,41.1382],[29.0524,41.068],[29.1156,41.068],[29.1034,40.9447],[29.2639,40.8698],[29.2949,40.8388],[29.2546,40.8108],[29.493,40.8736],[29.4438,40.7766],[29.9393,40.7351],[29.5599,40.6911],[29.4906,40.7272],[28.9422,40.6184],[28.9156,40.4714],[29.1515,40.4341],[29.0463,40.3554],[27.9388,40.3554],[27.904,40.3999],[27.9505,40.4849],[27.7921,40.4849],[27.7918,40.3929],[27.8836,40.3863],[27.6958,40.2906],[27.5376,40.2906],[27.2948,40.4059],[26.6819,40.3561],[26.408,40.1937],[26.311,40.0195],[26.2205,40.0029],[26.1325,39.5143],[26.9377,39.5748],[26.9299,39.4877],[26.801,39.4335],[26.7422,39.2557],[26.8945,39.1911],[26.8793,38.9972],[26.9579,38.9972],[26.9399,38.9327],[27.0413,38.9401],[27.0627,38.8869],[26.9084,38.8204],[26.9314,38.7551],[26.8495,38.6097],[27.0798,38.5451],[27.0728,38.4537],[27.1642,38.4466],[27.0694,38.4094],[27.065,38.3515],[26.6762,38.3515],[26.6731,38.3072],[26.595,38.3515],[26.5358,38.6097],[26.3895,38.6719],[26.4058,38.4535],[26.513,38.4329],[26.4515,38.4261],[26.4289,38.2224],[26.8203,38.2224],[26.889,38.0933],[27.2753,38.0288],[27.2559,37.7707],[27.1794,37.6106],[27.31,37.4483],[27.2461,37.3362],[27.4072,37.4127],[27.4385,37.3908],[27.3921,37.3538],[27.5392,37.3838],[27.5644,37.2735],[27.616,37.2747],[27.598,37.126],[28.0653,37.126],[28.1313,37.0363],[28.3294,37.0368],[28.2124,37.0004],[28.1653,36.9116],[28.1034,36.9353],[28.0583,36.7721],[28.1184,36.8006],[28.1305,36.754],[28.0314,36.6749],[28.1961,36.6854],[28.2572,36.8462],[28.315,36.8291],[28.2934,36.7959],[28.452,36.8836],[28.5905,36.8682],[28.7361,36.7393],[29.1249,36.7393],[29.2163,36.3291],[29.3496,36.2326],[29.4116,36.2674],[29.4666,36.224],[29.938,36.224],[30.0261,36.3528],[30.4919,36.3528],[30.6191,36.9326],[31.086,36.9326],[32.0681,36.6105],[32.4985,36.224],[32.5369,36.1],[32.733,36.0376],[33.2744,36.224],[33.8711,36.3149],[33.9791,36.2884],[34.2507,36.6749],[34.5816,36.8682],[34.8929,36.8682],[34.9352,36.726],[35.1127,36.7393],[35.3323,36.6105],[35.4875,36.6105],[35.8336,36.9326],[36.1449,36.9326],[36.2862,36.8037],[36.2649,36.6105],[35.8417,36.2884],[35.9901,36.224],[35.9767,36.001],[35.8449,35.5802],[35.9929,35.5158],[35.9153,35.2879],[35.9624,35.1979],[35.927,34.8723],[36.0682,34.7436],[36.0488,34.5506],[35.7921,34.2933],[35.6652,34.3113],[35.6838,33.9718],[35.4705,33.9021],[35.4993,33.6502],[35.3944,33.65],[35.3984,33.3931],[35.2154,33.0716],[35.089,33.0205],[35.0218,32.6216],[34.8851,32.4821],[34.7926,32.161],[34.813,31.9789],[34.6909,31.9134],[34.6028,31.7558],[34.6334,31.6575],[34.3076,31.4005],[34.2972,31.2719],[33.7493,31.0791],[32.8317,31.0148],[32.8055,31.0655],[32.6665,31.0523],[32.7907,31.0941],[32.6016,31.061],[32.3894,31.2076],[32.2944,31.2076],[32.3039,31.0791],[32.1065,31.0534],[31.9996,31.0791],[31.9063,31.2516],[31.7806,31.2076],[31.8077,31.2812],[31.7691,31.2988],[31.8741,31.4647],[31.2658,31.4647],[31.1215,31.5275],[31.0291,31.5185],[30.9807,31.4365],[30.7985,31.4465],[30.7344,31.3881],[30.5427,31.395],[30.6916,31.4647],[30.352,31.4647],[30.3019,31.3422],[30.3388,31.2719],[30.2887,31.2379],[29.9904,31.2719],[29.8315,31.1513],[29.8696,31.0791],[29.6332,30.9506],[29.5543,30.9848],[29.4481,30.9336],[29.3971,30.822],[28.865,30.822],[28.4964,31.0148],[27.5149,31.1434],[27.2975,31.3362],[26.9303,31.4411],[25.248,31.4647],[25.102,31.5933],[25.1097,31.7462],[24.8925,31.9789],[24.1294,31.9789],[23.6803,32.1717],[23.3122,32.1627],[23.0806,32.3341],[23.0894,32.6216],[21.99,32.9134],[21.8067,32.9133],[21.4117,32.7502],[21.0578,32.7736],[20.8712,32.6216],[20.7962,32.6428],[20.6898,32.6041],[20.7159,32.5574],[20.563,32.5574],[20.482,32.4288],[20.417,32.4565],[20.3255,32.4098],[20.2461,32.236],[20.0715,32.1764],[19.9961,31.5933],[20.2143,31.2719],[20.1467,31.1636],[20.2021,30.8863],[19.9682,30.6935],[19.9643,30.565],[19.655,30.3722],[18.9686,30.2436],[18.787,30.3722],[18.5925,30.3722],[18.2175,30.7602],[17.8486,30.9237],[16.8136,31.2076],[16.1786,31.2076],[15.649,31.4005],[15.5323,31.6118],[15.4246,31.6575],[15.2823,32.3002],[15.0825,32.4133],[14.4444,32.4931],[14.0979,32.7281],[13.4537,32.8145],[13.2571,32.9186],[12.8413,32.8085],[12.8408,32.7502],[12.229,32.8145],[11.4544,33.2002],[11.1578,33.2002],[11.0798,33.5856],[10.7381,33.478],[10.584,33.6644],[10.2368,33.7146],[10.0058,33.9075],[10.0052,34.1706],[10.0661,34.242],[10.0045,34.2933],[10.543,34.5506],[10.8512,34.8079],[10.8512,34.9366],[10.9844,34.9994],[11.055,35.1404],[11.0057,35.3871],[11.0831,35.5073],[11.0161,35.5802],[10.9284,35.5802],[10.839,35.7683],[10.6962,35.7089],[10.4635,35.902],[10.5349,36.3573],[10.4625,36.4172],[11.0062,36.8037],[11.0063,36.9971],[10.5187,36.7558],[10.3553,36.7312],[10.1885,36.7976],[10.2685,36.9378],[10.1824,37.027],[10.2271,37.1177],[10.1281,37.1587],[10.2272,37.1949],[9.925,37.213],[9.8159,37.1518],[9.7718,37.2133],[9.8157,37.2491],[9.6158,37.3151],[9.0595,37.0615],[8.9723,37.0975],[8.8244,36.9795],[8.6443,36.9535],[8.5164,36.8682],[7.7383,36.8682],[7.4902,37.055],[7.3979,37.0615],[7.3463,37.0615],[7.1937,36.8682],[6.8047,36.8682],[6.3339,37.0615],[6.2357,36.9212],[6.1043,36.8741],[6.1058,36.8037],[5.5581,36.7337],[5.3044,36.643],[5.0978,36.6749],[4.8595,36.8682],[4.262,36.9116],[3.85,36.8037],[3.664,36.8344],[3.2299,36.7393],[2.8411,36.7393],[2.6008,36.5963],[2.3516,36.6383],[1.5296,36.4816],[1.197,36.5118],[1.144,36.4172],[0.759,36.3415]],[[44.8247,42.6912],[44.7446,42.6912],[44.7572,42.7563],[44.8374,42.7563],[44.8247,42.6912]],[[24.6883,30.1442],[24.6887,30.1828],[24.6967,30.127],[24.6883,30.1442]],[[24.6887,30.1828],[24.7629,30.3171],[24.767,30.3214],[24.6887,30.1828]],[[34.9635,29.5941],[34.967,29.6081],[34.9898,29.652],[34.9635,29.5941]],[[35.4529,31.4008],[35.4585,31.4916],[35.4587,31.4916],[35.4593,31.4958],[35.4529,31.4008]],[[35.552,32.3679],[35.5533,32.3691],[35.5656,32.3134],[35.552,32.3679]],[[35.5568,32.3724],[35.5594,32.3748],[35.5656,32.3679],[35.5568,32.3724]],[[35.5585,32.5191],[35.5614,32.5192],[35.5674,32.5102],[35.5585,32.5191]],[[35.5594,32.4704],[35.5626,32.4747],[35.5725,32.4567],[35.5594,32.4704]],[[35.5688,32.4829],[35.5778,32.4948],[35.58,32.4915],[35.5688,32.4829]],[[35.7716,32.7467],[35.7749,32.7473],[35.7882,32.7344],[35.7716,32.7467]],[[36.2318,33.8525],[36.3178,33.8272],[36.3006,33.8287],[36.2318,33.8525]],[[36.2672,33.9104],[36.2886,33.9465],[36.2691,33.9073],[36.2672,33.9104]],[[36.2699,33.906],[36.3111,33.872],[36.2753,33.8972],[36.2699,33.906]],[[36.6665,36.2657],[36.6691,36.2599],[36.6681,36.2532],[36.6665,36.2657]],[[40.0676,43.5413],[40.0728,43.5511],[40.0857,43.5546],[40.0676,43.5413]],[[42.5355,41.4935],[42.555,41.5503],[42.5605,41.5555],[42.5355,41.4935]],[[42.5783,41.5723],[42.5852,41.5788],[42.5991,41.5805],[42.5783,41.5723]],[[42.661,41.5883],[42.8009,41.5792],[42.8199,41.5723],[42.661,41.5883]],[[42.8066,41.5428],[42.8199,41.5723],[42.8068,41.543],[42.8066,41.5428]]],[[[9.8196,37.2276],[9.8612,37.2338],[9.906,37.2193],[9.842,37.2404],[9.8196,37.2276]]],[[[13.5448,45.3427],[13.7056,45.235],[13.8032,44.908],[13.9432,44.908],[13.9457,45.0388],[14.1552,45.0388],[14.1962,45.3659],[14.6031,45.3659],[14.576,45.2623],[14.8528,45.0937],[14.9187,44.9734],[14.9113,44.6789],[15.308,44.3544],[15.5287,44.2718],[15.2612,44.3326],[15.2953,44.2507],[15.1981,44.3017],[15.1765,44.25],[15.2129,44.131],[15.4591,43.9938],[15.4551,43.928],[15.6186,43.9286],[15.6954,43.7982],[15.8566,43.7982],[16.0117,43.6027],[15.9595,43.504],[16.5754,43.6027],[16.7342,43.5375],[16.7302,43.4247],[17.0513,43.4072],[17.1139,43.2132],[17.2058,43.1691],[17.3654,43.2118],[17.3606,43.0893],[17.4336,43.0174],[17.502,43.031],[17.5156,42.9589],[17.9915,42.8213],[18.2191,42.5984],[18.6286,42.4482],[18.6873,42.4829],[18.7063,42.4197],[18.852,42.3662],[19.4436,41.8653],[19.5916,41.8188],[19.5576,41.6605],[19.613,41.6053],[19.4715,41.5823],[19.5297,41.522],[19.4438,41.3922],[19.5233,41.3922],[19.4555,41.1485],[19.5234,40.9206],[19.3688,40.8022],[19.3044,40.6531],[19.4863,40.6144],[19.4714,40.2906],[19.6295,40.2906],[20.0094,39.967],[19.9876,39.7083],[20.155,39.7083],[20.2972,39.385],[20.9538,39.0342],[21.0584,39.009],[21.0852,39.0629],[21.1599,38.9977],[21.1774,38.876],[21.1023,38.9108],[21.0852,38.8643],[21.0274,38.9326],[20.8599,38.9605],[20.7414,38.8034],[20.9737,38.7389],[21.1933,38.416],[21.3376,38.3989],[21.3225,38.4963],[21.4224,38.3889],[21.7625,38.3284],[21.8312,38.3967],[21.9876,38.4106],[22.1892,38.3231],[22.3823,38.3427],[22.4016,38.4534],[22.5625,38.2935],[22.6465,38.39],[22.8057,38.227],[23.2234,38.1592],[23.1729,38.0795],[22.8755,38.0493],[22.9754,37.979],[22.8672,37.9395],[22.6804,38.0666],[21.8495,38.3413],[21.7333,38.2514],[21.7286,38.1578],[21.4156,38.1578],[21.2436,37.8352],[21.6966,37.5128],[21.6958,37.3164],[21.6031,37.1904],[21.681,37.1904],[21.7435,36.8682],[21.8992,36.8682],[21.9085,37.0615],[22.22,37.0615],[22.3757,36.6749],[22.5118,36.6749],[22.5994,36.8682],[22.8328,36.8682],[23.0391,36.7062],[22.8532,37.2549],[22.7007,37.3193],[22.7144,37.5773],[22.9486,37.5773],[23.1756,37.4483],[23.1685,37.3193],[23.278,37.3498],[23.23,37.3749],[23.2627,37.401],[23.3849,37.4134],[23.36,37.5475],[23.1083,37.6417],[23.0151,37.9252],[23.2044,37.963],[23.2082,38.0288],[23.5746,38.0468],[23.5597,37.9866],[23.9786,37.8352],[24.0361,38.2224],[23.6729,38.3564],[23.5929,38.4806],[23.3126,38.4806],[23.1826,38.6538],[23.1045,38.6384],[22.9149,38.7756],[22.5251,38.8581],[22.6216,38.9145],[22.792,38.878],[23.0731,39.0363],[22.9639,39.009],[22.9981,39.0698],[22.9516,39.1238],[22.7973,39.0618],[22.8163,39.385],[23.1318,39.4489],[22.6109,39.9023],[22.6497,39.9853],[22.5437,40.0964],[22.5716,40.5496],[22.9105,40.6446],[22.9832,40.5527],[22.9265,40.5153],[22.9592,40.4201],[23.7374,40.2259],[23.6936,40.3092],[23.7777,40.3548],[23.8386,40.5496],[23.6846,40.6144],[23.698,40.8088],[24.0106,40.744],[24.3466,41.0032],[25.1384,41.0101],[25.1358,40.9692],[25.8495,40.9384],[26.0822,40.8736],[26.1403,40.6144],[26.5472,40.744],[26.621,40.6792],[26.9324,40.6144],[26.7685,40.5496],[26.8466,40.5165],[26.9576,40.5584],[27.0172,40.6792],[27.5275,41.068],[29.0429,41.068],[29.0645,41.1371],[28.9631,41.1328],[28.975,41.2529],[28.5053,41.3274],[28.0814,41.6518],[27.9794,41.6518],[28.0043,41.9114],[27.7835,42.1063],[27.7804,42.2434],[27.4529,42.4801],[27.5135,42.6262],[27.8466,42.7563],[27.8049,43.1467],[27.8982,43.2769],[28.0607,43.3092],[28.1925,43.4078],[28.1592,43.4723],[28.4811,43.4723],[28.6163,43.9938],[28.5356,43.9938],[28.5769,44.3854],[28.7612,44.5223],[28.7578,44.6268],[28.8362,44.6268],[28.784,44.6492],[28.8257,44.7332],[28.802,44.9734],[29.0583,45.001],[29.1106,44.97],[29.0521,44.9446],[29.0441,44.8655],[29.0603,44.8323],[29.0964,44.8751],[29.1387,44.8072],[29.5253,44.908],[29.6584,45.3659],[29.577,45.3659],[29.5845,45.4313],[29.096,45.4313],[28.6677,45.235],[28.3494,45.3004],[28.2819,45.4313],[27.8681,45.3659],[27.8479,45.1696],[27.9969,45.0388],[27.9699,44.7773],[27.801,44.7119],[27.7877,44.5813],[27.943,44.516],[27.9163,44.2548],[27.4927,44.0591],[26.2814,44.0591],[25.8486,43.733],[25.4343,43.6027],[24.8814,43.733],[24.1509,43.6678],[23.6018,43.8634],[22.8758,43.8634],[22.8712,43.7982],[22.7007,43.6678],[22.6869,43.4723],[22.526,43.4723],[22.4366,43.3421],[22.5125,43.2769],[22.4946,43.0165],[22.4144,43.0165],[22.4813,42.8213],[22.4011,42.8213],[22.4334,42.1063],[22.2737,42.1063],[22.3365,41.8465],[21.9972,41.522],[22.0727,41.4571],[21.9692,41.068],[22.0486,41.068],[22.025,40.6792],[21.9458,40.6792],[22.002,40.2906],[21.9154,40.1612],[22.0772,40.2259],[22.0659,40.0317],[22.22,39.967],[22.5052,39.4496],[22.419,39.3203],[22.4792,38.9972],[22.1439,38.6097],[21.9086,38.6097],[21.6015,38.7389],[21.533,38.9326],[21.3759,38.9326],[21.3859,39.1265],[20.9335,39.5143],[20.6248,39.6436],[20.6313,39.7729],[20.4042,39.967],[20.4896,40.0964],[20.3316,40.0964],[20.1831,40.2906],[20.2719,40.4849],[20.0376,40.5496],[19.8887,40.744],[19.994,41.2625],[19.8382,41.3274],[19.9243,41.4571],[19.8513,41.5869],[20.014,41.6518],[19.9444,41.8465],[20.0309,41.9764],[19.4885,42.3012],[19.4951,42.4312],[19.3318,42.3662],[19.2615,42.5612],[19.1013,42.5612],[18.8766,42.8864],[18.1689,43.2118],[17.9362,43.4072],[17.9417,43.5375],[17.6975,43.4723],[17.4639,43.6678],[16.5084,43.9938],[16.3558,44.2548],[16.1963,44.3201],[16.2006,44.4507],[16.0408,44.516],[16.0449,44.6466],[15.8849,44.7119],[15.8869,44.7773],[15.6417,44.7119],[15.6475,44.908],[15.3301,45.1696],[15.1675,45.1696],[15.171,45.3004],[14.9303,45.4313],[14.9319,45.4968],[14.6091,45.6278],[14.5336,45.8898],[14.128,46.0209],[14.0424,45.8243],[13.6355,45.8898],[13.6335,45.7694],[13.7149,45.7588],[13.7393,45.6491],[13.8081,45.6143],[13.7119,45.5933],[13.7529,45.5529],[13.7102,45.4968],[13.5473,45.4968],[13.5448,45.3427]],[[18.4437,42.8345],[18.4517,42.8023],[18.4446,42.8171],[18.4437,42.8345]],[[18.4598,42.7852],[18.4838,42.7525],[18.4674,42.7692],[18.4598,42.7852]],[[19.2749,42.1913],[19.4004,42.3259],[19.2764,42.1857],[19.2749,42.1913]],[[19.2803,42.1714],[19.2925,42.1577],[19.2821,42.1646],[19.2803,42.1714]],[[19.4004,42.3259],[19.4027,42.352],[19.4111,42.3648],[19.4004,42.3259]],[[20.249,39.6848],[20.2875,39.7112],[20.2827,39.7044],[20.249,39.6848]],[[22.5088,42.4049],[22.5365,42.4784],[22.5331,42.4576],[22.5088,42.4049]],[[22.5152,42.5141],[22.5249,42.5077],[22.5365,42.4784],[22.5152,42.5141]],[[22.827,43.2814],[22.8901,43.2269],[22.8838,43.2306],[22.827,43.2814]],[[22.8815,41.3356],[22.917,41.3358],[23.1152,41.3127],[22.8815,41.3356]],[[22.9014,41.8604],[22.9427,41.7758],[22.9397,41.7767],[22.9014,41.8604]],[[22.9045,43.2186],[22.9814,43.199],[22.9155,43.2122],[22.9045,43.2186]],[[22.933,41.6123],[22.9351,41.6189],[22.9332,41.6055],[22.933,41.6123]],[[22.9334,41.595],[22.9487,41.561],[22.9337,41.5846],[22.9334,41.595]],[[22.9385,41.6299],[22.9409,41.6376],[22.9443,41.6388],[22.9385,41.6299]],[[22.967,41.647],[23.0004,41.7015],[22.9986,41.6931],[22.967,41.647]],[[24.1262,41.5294],[24.1463,41.5268],[24.1702,41.5116],[24.1262,41.5294]],[[24.1816,41.5374],[24.1963,41.547],[24.2121,41.5518],[24.1816,41.5374]],[[25.1771,41.2939],[25.2308,41.248],[25.2197,41.2497],[25.1771,41.2939]],[[26.0475,41.6746],[26.0493,41.6823],[26.055,41.6488],[26.0475,41.6746]],[[26.0522,41.6952],[26.0537,41.7015],[26.0579,41.7035],[26.0522,41.6952]],[[26.1312,41.5527],[26.1525,41.547],[26.1544,41.5437],[26.1312,41.5527]],[[26.1459,41.478],[26.1602,41.5019],[26.1593,41.4938],[26.1459,41.478]],[[26.1589,41.5362],[26.1631,41.5291],[26.1617,41.5157],[26.1589,41.5362]],[[26.2304,41.7466],[26.2344,41.7458],[26.2739,41.7149],[26.2304,41.7466]],[[26.3668,41.7112],[26.3774,41.7106],[26.4044,41.6918],[26.3668,41.7112]],[[26.5837,41.3326],[26.6097,41.3307],[26.5911,41.3293],[26.5837,41.3326]]],[[[14.5158,45.1042],[14.7791,45.0187],[14.6653,45.0873],[14.6653,45.1618],[14.5974,45.1664],[14.5959,45.2375],[14.5158,45.1042]]],[[[14.9089,44.5813],[14.9595,44.5396],[14.9729,44.5361],[15.0142,44.5187],[15.0073,44.5045],[15.0755,44.4841],[15.0412,44.5275],[15.0039,44.5361],[14.9663,44.5734],[14.9095,44.6068],[14.9089,44.5813]]],[[[15.0415,44.4766],[15.1597,44.3262],[15.2271,44.3264],[15.1651,44.3674],[15.2544,44.34],[15.0415,44.4766]]],[[[15.1642,44.3057],[15.1652,44.3012],[15.1724,44.2991],[15.1642,44.3057]]],[[[15.2158,44.072],[15.2187,44.0591],[15.2398,44.0534],[15.2258,44.0662],[15.2158,44.072]]],[[[15.401,43.904],[15.4461,43.8875],[15.4268,43.9221],[15.4165,43.928],[15.401,43.904]]],[[[16.7272,43.3421],[16.7959,43.3559],[16.7282,43.3691],[16.7272,43.3421]]],[[[17.3552,42.9515],[17.4376,42.9515],[17.3905,42.9777],[17.3566,42.9879],[17.3552,42.9515]]],[[[17.5079,42.7563],[17.5159,42.7684],[17.5085,42.7718],[17.5079,42.7563]]],[[[17.5119,42.8554],[17.6399,42.8788],[17.5261,42.9218],[17.5119,42.8554]]],[[[17.6662,42.8745],[17.677,42.8727],[17.6737,42.8751],[17.6662,42.8745]]],[[[19.7578,39.6436],[19.9065,39.5814],[19.8416,39.7042],[19.947,39.7729],[19.7637,39.7729],[19.7578,39.6436]]],[[[22.833,38.8227],[22.9818,38.845],[22.9564,38.878],[23.0202,38.9214],[22.833,38.8227]]],[[[23.0356,36.6926],[23.0463,36.6833],[23.0517,36.6872],[23.0498,36.6926],[23.0356,36.6926]]],[[[23.0365,38.9279],[23.3318,38.8034],[23.4651,38.8569],[23.2006,39.0093],[23.0365,38.9279]]],[[[23.3122,37.6174],[23.3406,37.6003],[23.3536,37.5821],[23.3442,37.6327],[23.3122,37.6174]]],[[[23.4014,37.3193],[23.4024,37.3193],[23.4023,37.3198],[23.4014,37.3193]]],[[[23.5634,38.7389],[23.6355,38.5286],[23.594,38.4534],[23.6492,38.4057],[24.0422,38.4015],[24.0669,38.351],[24.0254,38.3305],[24.1617,38.2698],[24.1789,38.5451],[24.0302,38.6743],[23.5634,38.7389]]],[[[24.1275,38.2224],[24.1447,38.2224],[24.1426,38.227],[24.157,38.2296],[24.1591,38.2287],[24.1614,38.2661],[24.1311,38.2358],[24.1275,38.2224]]],[[[26.2318,40.0656],[26.3758,40.1535],[26.3456,40.1998],[26.6167,40.3595],[26.6839,40.4849],[26.2723,40.2906],[26.2318,40.0656]]],[[[27.5815,37.1982],[27.5831,37.1912],[27.5877,37.1988],[27.5815,37.1982]]],[[[30.1795,31.2714],[30.1849,31.2719],[30.1795,31.2719],[30.1795,31.2714]]],[[[30.2409,31.2653],[30.2648,31.2719],[30.2479,31.2719],[30.2409,31.2653]]],[[[30.9691,31.5785],[30.9739,31.5799],[30.9739,31.5867],[30.9695,31.5854],[30.9691,31.5785]]],[[[30.978,31.5843],[31.119,31.5305],[31.1608,31.5935],[30.978,31.5843]]],[[[33.9551,26.79],[34.0036,26.7082],[34.0029,26.7316],[33.9756,26.79],[33.9551,26.79]]],[[[23.6154,35.5158],[23.6792,35.2584],[24.7574,35.194],[24.8237,35.001],[26.1401,35.0653],[26.2253,35.194],[25.7953,35.1151],[25.6806,35.1297],[25.6923,35.3227],[24.301,35.3227],[24.1499,35.3871],[24.1541,35.465],[24.0669,35.507],[24.1569,35.5158],[23.6154,35.5158]]],[[[22.9016,36.3383],[22.9292,36.178],[23.0533,36.1596],[23.0769,36.2707],[22.9446,36.3894],[22.9016,36.3383]]],[[[24.2754,37.5317],[24.3958,37.6247],[24.3728,37.6852],[24.2893,37.6453],[24.2754,37.5317]]],[[[24.9955,37.6789],[25.1255,37.5559],[25.216,37.5329],[25.2593,37.59],[24.9955,37.6789]]],[[[20.6195,37.8228],[20.7934,37.6685],[20.9261,37.7284],[20.886,37.814],[20.7247,37.8998],[20.6554,37.8998],[20.6195,37.8228]]],[[[24.6878,37.9287],[24.9118,37.7283],[24.9944,37.7541],[24.9538,37.8707],[24.7937,37.9941],[24.6878,37.9287]]],[[[20.339,38.2002],[20.3801,38.1518],[20.4253,38.1753],[20.4351,38.2788],[20.4943,38.1337],[20.7865,38.0933],[20.6817,38.2821],[20.6429,38.2534],[20.5991,38.3026],[20.6258,38.3518],[20.5664,38.416],[20.479,38.3095],[20.3999,38.3641],[20.339,38.2002]]],[[[20.6878,38.3367],[20.7194,38.3156],[20.7387,38.3189],[20.6951,38.3434],[20.6878,38.3367]]],[[[23.4849,38.7389],[23.5634,38.7389],[23.5668,38.7946],[23.4888,38.8034],[23.4849,38.7389]]],[[[24.4362,38.878],[24.557,38.8457],[24.5368,38.7918],[24.6643,38.7732],[24.4915,38.981],[24.4362,38.878]]],[[[21.533,38.9326],[21.6116,38.9326],[21.6149,38.9972],[21.5364,38.9972],[21.533,38.9326]]],[[[21.3859,39.1265],[21.4645,39.1265],[21.4679,39.1911],[21.3892,39.1911],[21.3859,39.1265]]],[[[20.1453,39.6436],[20.1517,39.6402],[20.1519,39.6436],[20.1453,39.6436]]],[[[24.5197,40.6853],[24.6397,40.5732],[24.7801,40.6122],[24.7864,40.7351],[24.6423,40.8039],[24.5197,40.6853]]],[[[19.9178,41.3274],[19.9973,41.3274],[20.0006,41.3922],[19.921,41.3922],[19.9178,41.3274]]],[[[32.2717,35.0728],[32.3294,34.8864],[32.459,34.7219],[32.7099,34.6458],[32.9136,34.6567],[32.9425,34.5794],[33.0303,34.5685],[33.0156,34.6344],[33.0864,34.6948],[33.2601,34.7005],[33.5917,34.8203],[33.7015,34.9729],[34.0685,34.9979],[33.9431,35.0653],[34.0123,35.0638],[33.8999,35.1645],[33.9121,35.26],[34.5384,35.671],[33.6603,35.3593],[33.4275,35.3289],[32.9231,35.3871],[32.9294,35.233],[32.8652,35.157],[32.6897,35.1839],[32.4138,35.043],[32.2717,35.0728]],[[33.7592,34.9887],[33.7911,34.9824],[33.7874,34.98],[33.7592,34.9887]],[[32.712,35.1731],[32.7315,35.1432],[32.7127,35.1634],[32.712,35.1731]],[[33.4666,35.0051],[33.4675,35.0126],[33.4768,35.0027],[33.4666,35.0051]],[[33.6195,35.0168],[33.7115,34.9856],[33.7029,34.9879],[33.6195,35.0168]],[[33.6794,35.0349],[33.7022,35.0223],[33.6794,35.0339],[33.6794,35.0349]],[[33.6966,35.009],[33.7022,35.0223],[33.7002,35.0067],[33.6966,35.009]],[[33.8412,35.0511],[33.8801,35.0731],[33.8551,35.0534],[33.8412,35.0511]]],[[[27.708,36.1688],[27.7519,35.905],[27.9934,36.062],[28.0896,36.0551],[28.0617,36.1165],[28.1634,36.2377],[28.2311,36.4498],[27.8997,36.3402],[27.708,36.1688]]],[[[26.9177,36.7161],[27.1854,36.8037],[27.1442,36.8811],[26.9177,36.7161]]],[[[25.3418,37.083],[25.3936,36.9971],[25.5644,36.9971],[25.5727,37.126],[25.3418,37.083]]],[[[25.99,37.5165],[26.2306,37.5714],[26.312,37.6796],[26.0742,37.6379],[25.99,37.5165]]],[[[25.8407,38.5224],[25.989,38.3793],[25.9644,38.3026],[25.885,38.2794],[25.8898,38.2206],[26.0115,38.1578],[26.1121,38.2226],[26.1636,38.5428],[26.0159,38.602],[25.8696,38.5831],[25.8407,38.5224]]],[[[25.8359,39.1822],[26.1021,39.1115],[26.2256,39.2076],[26.2935,39.1772],[26.1002,39.0858],[26.1657,39.0224],[26.5471,38.9879],[26.437,39.1035],[26.4893,39.1137],[26.5394,39.0194],[26.61,39.0229],[26.5397,39.166],[26.3822,39.2771],[26.4074,39.3347],[26.1658,39.3681],[26.0606,39.2895],[25.9226,39.2911],[25.8359,39.1822]]],[[[25.0447,39.9853],[25.047,39.8376],[25.2043,39.8376],[25.2388,39.9195],[25.2798,39.8891],[25.2388,39.8581],[25.3551,39.8376],[25.348,39.9064],[25.4499,39.9884],[25.4377,40.0317],[25.2852,39.9534],[25.2251,40.0089],[25.0447,39.9853]]],[[[25.7052,40.1144],[26.0122,40.1666],[25.9631,40.1571],[25.926,40.2428],[25.759,40.2067],[25.7052,40.1144]]],[[[32.5967,45.4313],[32.9224,45.4313],[33.6101,45.1042],[33.6092,44.8717],[33.5151,44.6466],[33.5715,44.6206],[33.4767,44.6099],[33.5086,44.4953],[33.6202,44.462],[34.0966,44.516],[34.286,44.7119],[34.3671,44.7119],[34.3763,44.7773],[34.5385,44.7773],[34.5478,44.8426],[34.7911,44.8426],[34.4319,45.1696],[34.2693,45.1696],[34.0621,45.4313],[33.8993,45.4313],[33.628,45.8243],[32.8337,45.6011],[32.6677,45.5254],[32.5967,45.4313]]]]}},{"type":"Feature","properties":{"relationId":"cliopatria-relation-668149133cee","name":"(Alliance between Byzantine Empire and Khazaria)","name_ko":"동로마 제국–하자르 카간국 동맹","relationKind":"alliance","relation_kind_ko":"동맹","actor_ids":"cliopatria-q12544-9c75ec2643;cliopatria-q2090473-4e85a14d79","actor_names_ko":"동로마 제국;하자르 카간국","color":"#4fd1c5","startYear":634,"endYear":637,"source_name":"Cliopatria v0.2.0","source_url":"https://github.com/Seshat-Global-History-Databank/cliopatria","license":"CC BY 4.0","attribution":"Seshat Global History Databank, Cliopatria contributors"},"geometry":{"type":"MultiPolygon","coordinates":[[[[-6.0043,35.3871],[-5.0765,35.3871],[-5.3258,35.6445],[-5.3411,35.8372],[-5.9458,35.7097],[-6.0043,35.3871]]],[[[14.3384,35.9455],[14.3815,35.843],[14.5618,35.8298],[14.5078,35.9285],[14.3773,35.9936],[14.3384,35.9455]]],[[[12.4905,37.7062],[13.192,37.5773],[13.6022,37.2505],[14.2779,37.126],[14.6723,36.7393],[15.0498,36.7393],[15.2051,37.1662],[15.0592,37.2549],[15.0665,37.6417],[15.3895,38.1578],[15.5432,38.1578],[15.5865,38.2377],[14.0562,37.9643],[13.6652,37.9643],[13.3547,38.1578],[13.1199,38.1578],[13.0404,38.0288],[12.6522,38.0929],[12.4919,37.8998],[12.4905,37.7062]]],[[[15.591,40.0778],[15.7478,40.0317],[15.7136,39.978],[15.7736,39.8424],[15.8989,39.7729],[16.1165,39.0618],[16.2703,38.9326],[16.2652,38.7389],[15.9497,38.6743],[15.8621,38.2869],[15.6328,38.2203],[15.6982,37.9643],[15.9328,37.9643],[16.4919,38.416],[16.5024,38.8034],[17.1383,39.0618],[17.0697,39.385],[16.9162,39.5143],[16.4473,39.6436],[16.4491,39.7083],[16.132,39.6436],[15.976,39.7083],[15.9865,40.0964],[15.8302,40.1612],[15.5931,40.1612],[15.591,40.0778]]],[[[1.2204,38.9553],[1.2529,38.8623],[1.4031,38.8323],[1.4147,38.8906],[1.6231,39.0292],[1.5227,39.1189],[1.3568,39.0776],[1.2928,39.0333],[1.301,38.9678],[1.2204,38.9553]]],[[[2.3508,39.5765],[2.487,39.4788],[2.6817,39.5587],[2.7435,39.5234],[2.7866,39.3759],[3.1447,39.3203],[3.2825,39.4201],[3.4744,39.7497],[3.1626,39.7691],[3.1263,39.8319],[3.1959,39.8906],[3.0947,39.8812],[3.1738,39.967],[2.8132,39.8726],[2.3508,39.5765]]],[[[3.8032,40.0181],[3.8307,39.9361],[4.3008,39.8378],[4.1705,40.0646],[4.1423,40.0248],[4.1051,40.0794],[3.8032,40.0181]]],[[[8.1567,40.7718],[8.1974,40.6912],[8.1618,40.5638],[8.1934,40.6175],[8.2163,40.5706],[8.312,40.5781],[8.386,40.3518],[8.4761,40.2921],[8.49,40.1045],[8.3772,40.0338],[8.4004,39.9361],[8.5453,39.8786],[8.5044,39.7215],[8.5658,39.7011],[8.4553,39.7561],[8.4634,39.5769],[8.374,39.3789],[8.4321,39.3018],[8.4095,39.1693],[8.5596,39.0567],[8.606,38.9088],[8.7166,38.9326],[8.8533,38.878],[9.0183,38.9953],[9.0183,39.1461],[9.0798,39.2246],[9.0139,39.2639],[9.166,39.1871],[9.2922,39.2213],[9.4052,39.1521],[9.5664,39.1492],[9.7111,39.9293],[9.6262,40.2631],[9.8225,40.5327],[9.6579,40.7999],[9.724,40.8449],[9.6141,40.8934],[9.6421,40.9206],[9.5042,40.9269],[9.6469,40.9922],[9.5119,41.0163],[9.5541,41.1239],[9.4691,41.1462],[9.4429,41.092],[9.4224,41.1807],[9.1711,41.2426],[9.1419,41.1528],[9.0055,41.1219],[8.8225,40.9473],[8.5205,40.827],[8.3102,40.8507],[8.1812,40.9341],[8.2153,40.8814],[8.1567,40.7718]]],[[[8.3533,39.0556],[8.4312,38.9661],[8.4839,39.0698],[8.3701,39.1131],[8.3533,39.0556]]],[[[9.3767,41.2147],[9.377,41.2133],[9.3953,41.2106],[9.4007,41.2115],[9.3767,41.2147]]],[[[9.437,41.1859],[9.4644,41.1727],[9.4749,41.1793],[9.4749,41.2014],[9.445,41.2055],[9.437,41.1859]]],[[[16.0895,40.9384],[16.2482,40.9384],[16.2463,40.8736],[16.7909,40.5496],[16.7847,40.3554],[16.9137,40.4464],[16.868,40.4849],[17.0285,40.5496],[17.3452,40.5496],[17.4175,40.3554],[17.8131,40.3554],[18.1122,39.9023],[18.3489,39.9023],[18.3565,40.0964],[18.4355,40.0964],[18.3642,40.2906],[17.9812,40.6144],[17.5107,40.744],[17.4136,40.8811],[16.8612,41.1386],[16.2581,41.2625],[16.2541,41.1328],[16.0933,41.068],[16.0895,40.9384]]],[[[14.0264,40.9384],[14.4219,40.8736],[14.4194,40.7517],[14.4741,40.7297],[14.4363,40.6792],[14.7349,40.6792],[14.7377,40.8088],[14.5791,40.8088],[14.5039,41.0032],[14.0276,41.0032],[14.0264,40.9384]]],[[[8.5453,42.2329],[8.5938,42.1745],[8.5596,42.154],[8.745,42.0566],[8.6457,41.9774],[8.8054,41.9069],[8.7508,41.8455],[8.7849,41.8244],[8.6551,41.7499],[8.9227,41.6946],[8.8018,41.6391],[8.7918,41.5612],[9.0798,41.4824],[9.0964,41.4035],[9.2255,41.3771],[9.2107,41.4482],[9.3506,41.5812],[9.2922,41.6264],[9.3467,41.6196],[9.4016,41.7064],[9.4032,41.9529],[9.5596,42.1466],[9.5281,42.5635],[9.4429,42.6406],[9.464,42.9901],[9.3467,43.0037],[9.3057,42.8393],[9.3425,42.7491],[9.2922,42.6748],[9.1178,42.732],[8.787,42.562],[8.7092,42.5792],[8.6595,42.4299],[8.5491,42.3771],[8.6878,42.2729],[8.5453,42.2329]]],[[[9.4566,42.6474],[9.4768,42.6191],[9.4769,42.6201],[9.4821,42.6201],[9.4566,42.6474]]],[[[11.4949,42.3582],[11.5746,42.3282],[11.5748,42.3662],[11.4949,42.3582]]],[[[10.1632,42.8164],[10.1963,42.7362],[10.3379,42.7648],[10.4307,42.7221],[10.3888,42.7635],[10.4367,42.8044],[10.4124,42.8734],[10.3473,42.8059],[10.1632,42.8164]]],[[[7.1502,43.733],[8.0339,43.9286],[8.1916,44.1896],[8.5925,44.4507],[9.1591,44.4507],[9.5774,44.1877],[9.9697,44.1243],[9.6455,44.3201],[9.6447,44.4507],[9.9684,44.4507],[10.4543,44.1896],[11.2619,44.0591],[11.2609,43.7982],[11.6628,43.6027],[11.5795,43.1467],[11.9784,42.8213],[11.5748,42.3662],[11.6548,42.3662],[11.7349,42.1707],[12.1317,42.0413],[12.1715,41.8777],[12.6046,41.522],[12.9222,41.4571],[13,41.3274],[13.3976,41.3274],[13.7955,41.2011],[14.0374,41.522],[13.9615,41.7167],[13.8044,41.8465],[13.4057,41.8465],[13.328,41.9764],[13.0097,42.0413],[12.6144,42.3662],[12.4609,42.9515],[12.3807,42.9515],[12.5472,43.4723],[12.7098,43.6027],[13.1124,43.6027],[13.4291,43.2769],[13.6715,43.3421],[13.6726,43.4072],[13.3874,43.6413],[13.0338,43.733],[13.019,43.8567],[12.8734,43.7982],[12.4739,44.1243],[12.3931,44.1243],[12.1537,44.4507],[12.1572,44.8426],[12.4001,44.7989],[12.4026,45.0388],[12.3688,45.011],[12.16,45.1696],[12.1628,45.4968],[12.6522,45.5623],[12.8168,45.6933],[13.0571,45.6393],[12.9824,45.8898],[11.9198,45.6933],[11.837,45.4968],[11.9994,45.4313],[11.9979,45.235],[11.834,45.0388],[11.2659,45.1696],[11.2655,45.0388],[10.7782,45.0388],[10.7781,44.908],[10.4537,44.7773],[10.1293,44.7773],[9.8854,44.908],[9.3178,44.8426],[9.5621,44.7119],[9.4824,44.516],[8.7522,44.6466],[8.4298,44.516],[8.1859,44.5813],[8.031,44.1243],[7.7078,44.1243],[7.6293,43.9938],[7.227,43.9286],[7.1502,43.733]]],[[[9.9404,44.0591],[9.9627,44.0447],[9.9699,44.0489],[9.9699,44.0591],[9.9404,44.0591]]],[[[14.2616,44.6158],[14.2712,44.6125],[14.2619,44.6282],[14.2616,44.6158]]],[[[14.2625,44.6582],[14.2742,44.6617],[14.2804,44.6776],[14.2658,44.6795],[14.2629,44.6771],[14.2625,44.6582]]],[[[14.2925,44.9403],[14.4279,44.6566],[14.5047,44.6191],[14.4556,44.9307],[14.2925,44.9403]]],[[[14.3358,44.7168],[14.363,44.5734],[14.5024,44.516],[14.3358,44.7168]]],[[[0.759,36.3415],[0.7669,36.1596],[0.922,36.1596],[1.005,36.0308],[1.1547,36.1596],[2.008,36.1596],[2.0031,36.2884],[2.3159,36.224],[2.7747,36.4172],[5.6494,36.3528],[5.8795,36.4816],[6.3468,36.4172],[6.422,36.546],[6.8893,36.4816],[6.9647,36.6105],[7.5865,36.6105],[7.9024,36.224],[7.8282,35.9664],[7.9057,35.9664],[7.9114,35.5158],[7.9888,35.5158],[7.9942,35.0653],[8.2286,34.8079],[8.4594,34.8723],[8.8462,34.7436],[8.9263,34.3577],[9.0033,34.3577],[8.9288,34.0361],[9.0826,34.0361],[9.3159,33.5859],[9.6236,33.4574],[9.5475,33.3288],[9.625,33.1359],[10.0848,33.1359],[10.0086,33.0073],[10.3916,33.0073],[11.1572,32.6859],[11.3099,32.4931],[11.4629,32.5574],[11.539,32.4288],[11.7684,32.4288],[11.7679,32.3002],[12.4559,32.3645],[13.0667,32.3002],[13.0657,32.1717],[13.2953,32.236],[13.8286,32.1074],[14.5861,31.6575],[14.5844,31.529],[15.1873,31.0791],[15.1845,30.8863],[15.4896,30.9506],[16.7012,30.6935],[18.2813,30.0508],[19.1911,30.0508],[20.9516,30.565],[21.9388,30.565],[22.7667,30.3722],[22.7618,30.2436],[22.916,30.3079],[23.5101,29.9865],[24.26,29.7937],[24.3304,29.6652],[24.7792,29.5366],[24.8467,29.3438],[25.0008,29.4081],[25.1465,29.2795],[25.3735,29.2795],[25.5863,28.9581],[27.1401,28.251],[27.285,28.1224],[27.2763,27.9295],[27.4299,27.9938],[27.792,27.6724],[27.7109,27.5438],[27.9367,27.5438],[28.1537,27.3509],[28.2702,26.5794],[28.3453,26.5794],[28.2437,25.9365],[28.2886,25.165],[28.5688,24.6506],[29.6728,24.2006],[29.9595,23.8792],[30.1087,23.8792],[30.104,23.7506],[30.3952,23.5577],[30.4627,23.3649],[31.6705,23.7506],[32.0409,23.6863],[33.389,23.8149],[33.7564,23.6863],[35.108,23.8792],[35.4808,23.8253],[35.5139,23.9771],[35.7925,23.9023],[35.7386,23.9833],[35.4938,24.1089],[35.3919,24.2828],[35.1446,24.5002],[35.1603,24.5746],[34.5466,25.725],[34.3387,26.0018],[34.014,26.6116],[33.9414,26.6535],[33.9961,26.8966],[33.8368,27.1208],[33.8384,27.2426],[33.6917,27.3419],[33.4963,27.6466],[33.5877,27.651],[33.5579,27.7599],[33.4735,27.8232],[33.5921,27.7912],[33.5544,27.8965],[33.2494,28.1429],[33.0029,28.4895],[32.8689,28.5789],[32.8069,28.7781],[32.6255,28.9727],[32.6528,29.081],[32.5623,29.3863],[32.3377,29.5925],[32.5095,29.8668],[32.4769,29.9322],[32.5715,29.9426],[32.5778,30.0114],[32.6045,29.8242],[32.6907,29.7336],[32.7239,29.4705],[32.8172,29.414],[32.8856,29.2431],[33.1779,28.9896],[33.2287,28.5694],[33.5538,28.3153],[33.7634,28.024],[34.0785,27.8007],[34.2631,27.7367],[34.2141,27.7915],[34.4281,27.9859],[34.4553,28.1749],[34.4102,28.32],[34.6245,28.736],[34.7366,29.3113],[34.8997,29.49],[34.8094,30.0508],[34.6676,30.1794],[34.6824,30.3722],[34.4187,30.8863],[34.4391,31.1434],[34.6884,31.4005],[35.14,31.3362],[35.5426,31.5933],[35.6639,32.1074],[35.5283,32.3002],[35.5456,32.4931],[35.8929,32.943],[35.782,33.3931],[36.0244,33.5217],[36.0493,33.7789],[36.5359,34.0361],[36.6389,34.2933],[36.8764,34.3577],[40.5257,34.615],[41.1122,35.001],[41.0863,36.0308],[41.6626,36.2884],[41.6796,36.4172],[41.5328,36.4816],[41.5498,36.6105],[41.2124,36.9971],[41.1778,37.3193],[41.4205,37.3838],[41.6032,37.5773],[42.0897,37.7062],[42.38,38.0933],[43.2606,38.7389],[43.3795,38.9972],[43.8244,39.3203],[44.3967,39.4496],[44.4971,39.5789],[44.4619,39.8376],[44.383,39.8376],[44.5965,40.1612],[44.6419,40.4201],[44.5064,40.5496],[44.6552,40.9384],[44.5758,40.9384],[44.6467,41.3274],[44.5672,41.3274],[44.7189,41.7167],[44.504,41.8465],[44.5528,42.1063],[44.8047,42.1712],[44.8247,42.6912],[45.2253,42.6912],[45.6207,42.5304],[45.5825,42.5336],[45.6673,42.4962],[45.7506,42.1063],[46.2967,42.0413],[46.3921,41.918],[46.3508,41.9114],[46.7367,41.8465],[47.2706,41.3274],[47.5629,41.1977],[47.8937,41.2625],[48.1849,41.522],[48.172,41.8465],[48.0923,41.8465],[48.2125,42.0413],[47.6816,42.5612],[47.6562,42.8213],[47.3764,43.0165],[47.4591,43.4072],[47.3398,43.6027],[47.3431,43.9938],[47.0093,44.3201],[46.6327,44.4507],[46.6885,44.7119],[47.0097,44.8309],[47.0032,44.9216],[47.0411,44.8426],[47.3323,45.4313],[47.4513,45.3788],[47.3814,45.411],[47.4791,45.4231],[47.4729,45.6546],[47.3848,45.7502],[47.5034,45.7174],[47.4326,45.6945],[47.4723,45.6741],[47.6189,45.7124],[47.5601,45.7716],[47.6587,45.7176],[47.9759,45.7588],[47.7754,45.9554],[47.805,46.0865],[47.6563,46.1521],[47.686,46.2833],[47.9465,46.3489],[47.9766,46.4802],[47.8428,46.6115],[47.8731,46.7429],[47.4039,47.2032],[46.8728,47.4006],[46.7532,47.5982],[46.5882,47.5982],[45.8598,48.3899],[43.6348,48.4559],[43.2049,47.9938],[43.0395,47.9938],[42.3535,47.4665],[41.7376,47.269],[41.6043,47.0058],[41.32,46.8086],[40.915,45.9554],[40.5408,45.6933],[40.2262,45.3004],[40.0757,44.908],[39.902,44.8426],[39.9376,44.5813],[39.2014,44.0591],[39.1905,43.9938],[39.3519,43.9938],[39.9778,43.4072],[40.1387,43.4072],[40.3995,43.162],[40.8173,43.1467],[41.1158,43.0165],[41.1733,42.8864],[41.3338,42.8864],[41.6087,42.6262],[41.5361,42.4757],[41.5584,42.3828],[41.7006,42.2362],[41.6641,42.114],[41.7579,42.1063],[41.7612,41.9764],[41.8153,41.9764],[41.5674,41.4571],[41.4471,41.4571],[41.3071,41.3274],[40.5393,41.0032],[40.4492,41.0425],[40.3703,40.9384],[39.7355,40.9384],[39.1683,41.0797],[38.9208,41.0382],[38.7834,40.9384],[38.2977,40.8736],[38.2217,40.9441],[38.0253,40.9769],[37.8312,40.9384],[37.7706,41.068],[37.2147,41.068],[37.226,41.1475],[37.0651,41.1328],[36.7748,41.3274],[36.451,41.2404],[36.2092,41.2625],[35.9561,41.7127],[35.9227,41.6462],[35.9457,41.7167],[35.5767,41.6297],[35.157,41.7167],[35.0921,41.928],[35.123,42.0248],[34.9178,42.0413],[34.7845,41.9114],[32.9945,41.9114],[32.6675,41.8369],[32.6947,41.7816],[31.4983,41.352],[31.3928,41.1884],[31.1801,41.068],[30.6242,41.068],[30.53,41.1522],[30.3513,41.1922],[30.1369,41.1438],[29.0894,41.1382],[29.0524,41.068],[29.1156,41.068],[29.1034,40.9447],[29.2639,40.8698],[29.2949,40.8388],[29.2546,40.8108],[29.493,40.8736],[29.4438,40.7766],[29.9393,40.7351],[29.5599,40.6911],[29.4906,40.7272],[28.9422,40.6184],[28.9156,40.4714],[29.1515,40.4341],[29.0463,40.3554],[27.9388,40.3554],[27.904,40.3999],[27.9505,40.4849],[27.7921,40.4849],[27.7918,40.3929],[27.8836,40.3863],[27.6958,40.2906],[27.5376,40.2906],[27.2948,40.4059],[26.6819,40.3561],[26.408,40.1937],[26.311,40.0195],[26.2205,40.0029],[26.1325,39.5143],[26.9377,39.5748],[26.9299,39.4877],[26.801,39.4335],[26.7422,39.2557],[26.8945,39.1911],[26.8793,38.9972],[26.9579,38.9972],[26.9399,38.9327],[27.0413,38.9401],[27.0627,38.8869],[26.9084,38.8204],[26.9314,38.7551],[26.8495,38.6097],[27.0798,38.5451],[27.0728,38.4537],[27.1642,38.4466],[27.0694,38.4094],[27.065,38.3515],[26.6762,38.3515],[26.6731,38.3072],[26.595,38.3515],[26.5358,38.6097],[26.3895,38.6719],[26.4058,38.4535],[26.513,38.4329],[26.4515,38.4261],[26.4289,38.2224],[26.8203,38.2224],[26.889,38.0933],[27.2753,38.0288],[27.2559,37.7707],[27.1794,37.6106],[27.31,37.4483],[27.2461,37.3362],[27.4072,37.4127],[27.4385,37.3908],[27.3921,37.3538],[27.5392,37.3838],[27.5644,37.2735],[27.616,37.2747],[27.598,37.126],[28.0653,37.126],[28.1313,37.0363],[28.3294,37.0368],[28.2124,37.0004],[28.1653,36.9116],[28.1034,36.9353],[28.0583,36.7721],[28.1184,36.8006],[28.1305,36.754],[28.0314,36.6749],[28.1961,36.6854],[28.2572,36.8462],[28.315,36.8291],[28.2934,36.7959],[28.452,36.8836],[28.5905,36.8682],[28.7361,36.7393],[29.1249,36.7393],[29.2163,36.3291],[29.3496,36.2326],[29.4116,36.2674],[29.4666,36.224],[29.938,36.224],[30.0261,36.3528],[30.4919,36.3528],[30.6191,36.9326],[31.086,36.9326],[32.0681,36.6105],[32.4985,36.224],[32.5369,36.1],[32.733,36.0376],[33.2744,36.224],[33.8711,36.3149],[33.9791,36.2884],[34.2507,36.6749],[34.5816,36.8682],[34.8929,36.8682],[34.9352,36.726],[35.1127,36.7393],[35.3323,36.6105],[35.4875,36.6105],[35.8336,36.9326],[36.1449,36.9326],[36.2862,36.8037],[36.2649,36.6105],[35.8417,36.2884],[35.9901,36.224],[35.9767,36.001],[35.8449,35.5802],[35.9929,35.5158],[35.9153,35.2879],[35.9624,35.1979],[35.927,34.8723],[36.0682,34.7436],[36.0488,34.5506],[35.7921,34.2933],[35.6652,34.3113],[35.6838,33.9718],[35.4705,33.9021],[35.4993,33.6502],[35.3944,33.65],[35.3984,33.3931],[35.2154,33.0716],[35.089,33.0205],[35.0218,32.6216],[34.8851,32.4821],[34.7926,32.161],[34.813,31.9789],[34.6909,31.9134],[34.6028,31.7558],[34.6334,31.6575],[34.3076,31.4005],[34.2972,31.2719],[33.7493,31.0791],[32.8317,31.0148],[32.8055,31.0655],[32.6665,31.0523],[32.7907,31.0941],[32.6016,31.061],[32.3894,31.2076],[32.2944,31.2076],[32.3039,31.0791],[32.1065,31.0534],[31.9996,31.0791],[31.9063,31.2516],[31.7806,31.2076],[31.8077,31.2812],[31.7691,31.2988],[31.8741,31.4647],[31.2658,31.4647],[31.1215,31.5275],[31.0291,31.5185],[30.9807,31.4365],[30.7985,31.4465],[30.7344,31.3881],[30.5427,31.395],[30.6916,31.4647],[30.352,31.4647],[30.3019,31.3422],[30.3388,31.2719],[30.2887,31.2379],[29.9904,31.2719],[29.8315,31.1513],[29.8696,31.0791],[29.6332,30.9506],[29.5543,30.9848],[29.4481,30.9336],[29.3971,30.822],[28.865,30.822],[28.4964,31.0148],[27.5149,31.1434],[27.2975,31.3362],[26.9303,31.4411],[25.248,31.4647],[25.102,31.5933],[25.1097,31.7462],[24.8925,31.9789],[24.1294,31.9789],[23.6803,32.1717],[23.3122,32.1627],[23.0806,32.3341],[23.0894,32.6216],[21.99,32.9134],[21.8067,32.9133],[21.4117,32.7502],[21.0578,32.7736],[20.8712,32.6216],[20.7962,32.6428],[20.6898,32.6041],[20.7159,32.5574],[20.563,32.5574],[20.482,32.4288],[20.417,32.4565],[20.3255,32.4098],[20.2461,32.236],[20.0715,32.1764],[19.9961,31.5933],[20.2143,31.2719],[20.1467,31.1636],[20.2021,30.8863],[19.9682,30.6935],[19.9643,30.565],[19.655,30.3722],[18.9686,30.2436],[18.787,30.3722],[18.5925,30.3722],[18.2175,30.7602],[17.8486,30.9237],[16.8136,31.2076],[16.1786,31.2076],[15.649,31.4005],[15.5323,31.6118],[15.4246,31.6575],[15.2823,32.3002],[15.0825,32.4133],[14.4444,32.4931],[14.0979,32.7281],[13.4537,32.8145],[13.2571,32.9186],[12.8413,32.8085],[12.8408,32.7502],[12.229,32.8145],[11.4544,33.2002],[11.1578,33.2002],[11.0798,33.5856],[10.7381,33.478],[10.584,33.6644],[10.2368,33.7146],[10.0058,33.9075],[10.0052,34.1706],[10.0661,34.242],[10.0045,34.2933],[10.543,34.5506],[10.8512,34.8079],[10.8512,34.9366],[10.9844,34.9994],[11.055,35.1404],[11.0057,35.3871],[11.0831,35.5073],[11.0161,35.5802],[10.9284,35.5802],[10.839,35.7683],[10.6962,35.7089],[10.4635,35.902],[10.5349,36.3573],[10.4625,36.4172],[11.0062,36.8037],[11.0063,36.9971],[10.5187,36.7558],[10.3553,36.7312],[10.1885,36.7976],[10.2685,36.9378],[10.1824,37.027],[10.2271,37.1177],[10.1281,37.1587],[10.2272,37.1949],[9.925,37.213],[9.8159,37.1518],[9.7718,37.2133],[9.8157,37.2491],[9.6158,37.3151],[9.0595,37.0615],[8.9723,37.0975],[8.8244,36.9795],[8.6443,36.9535],[8.5164,36.8682],[7.7383,36.8682],[7.4902,37.055],[7.3979,37.0615],[7.3463,37.0615],[7.1937,36.8682],[6.8047,36.8682],[6.3339,37.0615],[6.2357,36.9212],[6.1043,36.8741],[6.1058,36.8037],[5.5581,36.7337],[5.3044,36.643],[5.0978,36.6749],[4.8595,36.8682],[4.262,36.9116],[3.85,36.8037],[3.664,36.8344],[3.2299,36.7393],[2.8411,36.7393],[2.6008,36.5963],[2.3516,36.6383],[1.5296,36.4816],[1.197,36.5118],[1.144,36.4172],[0.759,36.3415]],[[44.8247,42.6912],[44.7446,42.6912],[44.7572,42.7563],[44.8374,42.7563],[44.8247,42.6912]],[[24.6883,30.1442],[24.6887,30.1828],[24.6967,30.127],[24.6883,30.1442]],[[24.6887,30.1828],[24.7629,30.3171],[24.767,30.3214],[24.6887,30.1828]],[[36.2672,33.9104],[36.2886,33.9465],[36.2691,33.9073],[36.2672,33.9104]],[[36.6665,36.2657],[36.6691,36.2599],[36.6681,36.2532],[36.6665,36.2657]],[[40.0676,43.5413],[40.0728,43.5511],[40.0857,43.5546],[40.0676,43.5413]],[[42.5355,41.4935],[42.555,41.5503],[42.5605,41.5555],[42.5355,41.4935]],[[42.5783,41.5723],[42.5852,41.5788],[42.5991,41.5805],[42.5783,41.5723]],[[42.661,41.5883],[42.8009,41.5792],[42.8199,41.5723],[42.661,41.5883]],[[42.8066,41.5428],[42.8199,41.5723],[42.8068,41.543],[42.8066,41.5428]]],[[[9.8196,37.2276],[9.8612,37.2338],[9.906,37.2193],[9.842,37.2404],[9.8196,37.2276]]],[[[13.5448,45.3427],[13.7056,45.235],[13.8032,44.908],[13.9432,44.908],[13.9457,45.0388],[14.1552,45.0388],[14.1962,45.3659],[14.6031,45.3659],[14.576,45.2623],[14.8528,45.0937],[14.9187,44.9734],[14.9113,44.6789],[15.308,44.3544],[15.5287,44.2718],[15.2612,44.3326],[15.2953,44.2507],[15.1981,44.3017],[15.1765,44.25],[15.2129,44.131],[15.4591,43.9938],[15.4551,43.928],[15.6186,43.9286],[15.6954,43.7982],[15.8566,43.7982],[16.0117,43.6027],[15.9595,43.504],[16.5754,43.6027],[16.7342,43.5375],[16.7302,43.4247],[17.0513,43.4072],[17.1139,43.2132],[17.2058,43.1691],[17.3654,43.2118],[17.3606,43.0893],[17.4336,43.0174],[17.502,43.031],[17.5156,42.9589],[17.9915,42.8213],[18.2191,42.5984],[18.6286,42.4482],[18.6873,42.4829],[18.7063,42.4197],[18.852,42.3662],[19.4436,41.8653],[19.5916,41.8188],[19.5576,41.6605],[19.613,41.6053],[19.4715,41.5823],[19.5297,41.522],[19.4438,41.3922],[19.5233,41.3922],[19.4555,41.1485],[19.5234,40.9206],[19.3688,40.8022],[19.3044,40.6531],[19.4863,40.6144],[19.4714,40.2906],[19.6295,40.2906],[20.0094,39.967],[19.9876,39.7083],[20.155,39.7083],[20.2972,39.385],[20.9538,39.0342],[21.0584,39.009],[21.0852,39.0629],[21.1599,38.9977],[21.1774,38.876],[21.1023,38.9108],[21.0852,38.8643],[21.0274,38.9326],[20.8599,38.9605],[20.7414,38.8034],[20.9737,38.7389],[21.1933,38.416],[21.3376,38.3989],[21.3225,38.4963],[21.4224,38.3889],[21.7625,38.3284],[21.8312,38.3967],[21.9876,38.4106],[22.1892,38.3231],[22.3823,38.3427],[22.4016,38.4534],[22.5625,38.2935],[22.6465,38.39],[22.8057,38.227],[23.2234,38.1592],[23.1729,38.0795],[22.8755,38.0493],[22.9754,37.979],[22.8672,37.9395],[22.6804,38.0666],[21.8495,38.3413],[21.7333,38.2514],[21.7286,38.1578],[21.4156,38.1578],[21.2436,37.8352],[21.6966,37.5128],[21.6958,37.3164],[21.6031,37.1904],[21.681,37.1904],[21.7435,36.8682],[21.8992,36.8682],[21.9085,37.0615],[22.22,37.0615],[22.3757,36.6749],[22.5118,36.6749],[22.5994,36.8682],[22.8328,36.8682],[23.0391,36.7062],[22.8532,37.2549],[22.7007,37.3193],[22.7144,37.5773],[22.9486,37.5773],[23.1756,37.4483],[23.1685,37.3193],[23.278,37.3498],[23.23,37.3749],[23.2627,37.401],[23.3849,37.4134],[23.36,37.5475],[23.1083,37.6417],[23.0151,37.9252],[23.2044,37.963],[23.2082,38.0288],[23.5746,38.0468],[23.5597,37.9866],[23.9786,37.8352],[24.0361,38.2224],[23.6729,38.3564],[23.5929,38.4806],[23.3126,38.4806],[23.1826,38.6538],[23.1045,38.6384],[22.9149,38.7756],[22.5251,38.8581],[22.6216,38.9145],[22.792,38.878],[23.0731,39.0363],[22.9639,39.009],[22.9981,39.0698],[22.9516,39.1238],[22.7973,39.0618],[22.8163,39.385],[23.1318,39.4489],[22.6109,39.9023],[22.6497,39.9853],[22.5437,40.0964],[22.5716,40.5496],[22.9105,40.6446],[22.9832,40.5527],[22.9265,40.5153],[22.9592,40.4201],[23.7374,40.2259],[23.6936,40.3092],[23.7777,40.3548],[23.8386,40.5496],[23.6846,40.6144],[23.698,40.8088],[24.0106,40.744],[24.3466,41.0032],[25.1384,41.0101],[25.1358,40.9692],[25.8495,40.9384],[26.0822,40.8736],[26.1403,40.6144],[26.5472,40.744],[26.621,40.6792],[26.9324,40.6144],[26.7685,40.5496],[26.8466,40.5165],[26.9576,40.5584],[27.0172,40.6792],[27.5275,41.068],[29.0429,41.068],[29.0645,41.1371],[28.9631,41.1328],[28.975,41.2529],[28.5053,41.3274],[28.0814,41.6518],[27.9794,41.6518],[28.0043,41.9114],[27.7835,42.1063],[27.7804,42.2434],[27.4529,42.4801],[27.5135,42.6262],[27.8466,42.7563],[27.8049,43.1467],[27.8982,43.2769],[28.0607,43.3092],[28.1925,43.4078],[28.1592,43.4723],[28.4811,43.4723],[28.6163,43.9938],[28.5356,43.9938],[28.5769,44.3854],[28.7612,44.5223],[28.7578,44.6268],[28.8362,44.6268],[28.784,44.6492],[28.8257,44.7332],[28.802,44.9734],[29.0583,45.001],[29.1106,44.97],[29.0521,44.9446],[29.0441,44.8655],[29.0603,44.8323],[29.0964,44.8751],[29.1387,44.8072],[29.5253,44.908],[29.6584,45.3659],[29.577,45.3659],[29.5845,45.4313],[29.096,45.4313],[28.6677,45.235],[28.3494,45.3004],[28.2819,45.4313],[27.8681,45.3659],[27.8479,45.1696],[27.9969,45.0388],[27.9699,44.7773],[27.801,44.7119],[27.7877,44.5813],[27.943,44.516],[27.9163,44.2548],[27.4927,44.0591],[26.2814,44.0591],[25.8486,43.733],[25.4343,43.6027],[24.8814,43.733],[24.1509,43.6678],[23.6018,43.8634],[22.8758,43.8634],[22.8712,43.7982],[22.7007,43.6678],[22.6869,43.4723],[22.526,43.4723],[22.4366,43.3421],[22.5125,43.2769],[22.4946,43.0165],[22.4144,43.0165],[22.4813,42.8213],[22.4011,42.8213],[22.4334,42.1063],[22.2737,42.1063],[22.3365,41.8465],[21.9972,41.522],[22.0727,41.4571],[21.9692,41.068],[22.0486,41.068],[22.025,40.6792],[21.9458,40.6792],[22.002,40.2906],[21.9154,40.1612],[22.0772,40.2259],[22.0659,40.0317],[22.22,39.967],[22.5052,39.4496],[22.419,39.3203],[22.4792,38.9972],[22.1439,38.6097],[21.9086,38.6097],[21.6015,38.7389],[21.533,38.9326],[21.3759,38.9326],[21.3859,39.1265],[20.9335,39.5143],[20.6248,39.6436],[20.6313,39.7729],[20.4042,39.967],[20.4896,40.0964],[20.3316,40.0964],[20.1831,40.2906],[20.2719,40.4849],[20.0376,40.5496],[19.8887,40.744],[19.994,41.2625],[19.8382,41.3274],[19.9243,41.4571],[19.8513,41.5869],[20.014,41.6518],[19.9444,41.8465],[20.0309,41.9764],[19.4885,42.3012],[19.4951,42.4312],[19.3318,42.3662],[19.2615,42.5612],[19.1013,42.5612],[18.8766,42.8864],[18.1689,43.2118],[17.9362,43.4072],[17.9417,43.5375],[17.6975,43.4723],[17.4639,43.6678],[16.5084,43.9938],[16.3558,44.2548],[16.1963,44.3201],[16.2006,44.4507],[16.0408,44.516],[16.0449,44.6466],[15.8849,44.7119],[15.8869,44.7773],[15.6417,44.7119],[15.6475,44.908],[15.3301,45.1696],[15.1675,45.1696],[15.171,45.3004],[14.9303,45.4313],[14.9319,45.4968],[14.6091,45.6278],[14.5336,45.8898],[14.128,46.0209],[14.0424,45.8243],[13.6355,45.8898],[13.6335,45.7694],[13.7149,45.7588],[13.7393,45.6491],[13.8081,45.6143],[13.7119,45.5933],[13.7529,45.5529],[13.7102,45.4968],[13.5473,45.4968],[13.5448,45.3427]],[[18.4437,42.8345],[18.4517,42.8023],[18.4446,42.8171],[18.4437,42.8345]],[[18.4598,42.7852],[18.4838,42.7525],[18.4674,42.7692],[18.4598,42.7852]],[[19.2749,42.1913],[19.4004,42.3259],[19.2764,42.1857],[19.2749,42.1913]],[[19.2803,42.1714],[19.2925,42.1577],[19.2821,42.1646],[19.2803,42.1714]],[[19.4004,42.3259],[19.4027,42.352],[19.4111,42.3648],[19.4004,42.3259]],[[20.249,39.6848],[20.2875,39.7112],[20.2827,39.7044],[20.249,39.6848]],[[22.5088,42.4049],[22.5365,42.4784],[22.5331,42.4576],[22.5088,42.4049]],[[22.5152,42.5141],[22.5249,42.5077],[22.5365,42.4784],[22.5152,42.5141]],[[22.827,43.2814],[22.8901,43.2269],[22.8838,43.2306],[22.827,43.2814]],[[22.8815,41.3356],[22.917,41.3358],[23.1152,41.3127],[22.8815,41.3356]],[[22.9014,41.8604],[22.9427,41.7758],[22.9397,41.7767],[22.9014,41.8604]],[[22.9045,43.2186],[22.9814,43.199],[22.9155,43.2122],[22.9045,43.2186]],[[22.933,41.6123],[22.9351,41.6189],[22.9332,41.6055],[22.933,41.6123]],[[22.9334,41.595],[22.9487,41.561],[22.9337,41.5846],[22.9334,41.595]],[[22.9385,41.6299],[22.9409,41.6376],[22.9443,41.6388],[22.9385,41.6299]],[[22.967,41.647],[23.0004,41.7015],[22.9986,41.6931],[22.967,41.647]],[[24.1262,41.5294],[24.1463,41.5268],[24.1702,41.5116],[24.1262,41.5294]],[[24.1816,41.5374],[24.1963,41.547],[24.2121,41.5518],[24.1816,41.5374]],[[25.1771,41.2939],[25.2308,41.248],[25.2197,41.2497],[25.1771,41.2939]],[[26.0475,41.6746],[26.0493,41.6823],[26.055,41.6488],[26.0475,41.6746]],[[26.0522,41.6952],[26.0537,41.7015],[26.0579,41.7035],[26.0522,41.6952]],[[26.1312,41.5527],[26.1525,41.547],[26.1544,41.5437],[26.1312,41.5527]],[[26.1459,41.478],[26.1602,41.5019],[26.1593,41.4938],[26.1459,41.478]],[[26.1589,41.5362],[26.1631,41.5291],[26.1617,41.5157],[26.1589,41.5362]],[[26.2304,41.7466],[26.2344,41.7458],[26.2739,41.7149],[26.2304,41.7466]],[[26.3668,41.7112],[26.3774,41.7106],[26.4044,41.6918],[26.3668,41.7112]],[[26.5837,41.3326],[26.6097,41.3307],[26.5911,41.3293],[26.5837,41.3326]]],[[[14.5158,45.1042],[14.7791,45.0187],[14.6653,45.0873],[14.6653,45.1618],[14.5974,45.1664],[14.5959,45.2375],[14.5158,45.1042]]],[[[14.9089,44.5813],[14.9595,44.5396],[14.9729,44.5361],[15.0142,44.5187],[15.0073,44.5045],[15.0755,44.4841],[15.0412,44.5275],[15.0039,44.5361],[14.9663,44.5734],[14.9095,44.6068],[14.9089,44.5813]]],[[[15.0415,44.4766],[15.1597,44.3262],[15.2271,44.3264],[15.1651,44.3674],[15.2544,44.34],[15.0415,44.4766]]],[[[15.1642,44.3057],[15.1652,44.3012],[15.1724,44.2991],[15.1642,44.3057]]],[[[15.2158,44.072],[15.2187,44.0591],[15.2398,44.0534],[15.2258,44.0662],[15.2158,44.072]]],[[[15.401,43.904],[15.4461,43.8875],[15.4268,43.9221],[15.4165,43.928],[15.401,43.904]]],[[[16.7272,43.3421],[16.7959,43.3559],[16.7282,43.3691],[16.7272,43.3421]]],[[[17.3552,42.9515],[17.4376,42.9515],[17.3905,42.9777],[17.3566,42.9879],[17.3552,42.9515]]],[[[17.5079,42.7563],[17.5159,42.7684],[17.5085,42.7718],[17.5079,42.7563]]],[[[17.5119,42.8554],[17.6399,42.8788],[17.5261,42.9218],[17.5119,42.8554]]],[[[17.6662,42.8745],[17.677,42.8727],[17.6737,42.8751],[17.6662,42.8745]]],[[[19.7578,39.6436],[19.9065,39.5814],[19.8416,39.7042],[19.947,39.7729],[19.7637,39.7729],[19.7578,39.6436]]],[[[22.833,38.8227],[22.9818,38.845],[22.9564,38.878],[23.0202,38.9214],[22.833,38.8227]]],[[[23.0356,36.6926],[23.0463,36.6833],[23.0517,36.6872],[23.0498,36.6926],[23.0356,36.6926]]],[[[23.0365,38.9279],[23.3318,38.8034],[23.4651,38.8569],[23.2006,39.0093],[23.0365,38.9279]]],[[[23.3122,37.6174],[23.3406,37.6003],[23.3536,37.5821],[23.3442,37.6327],[23.3122,37.6174]]],[[[23.4014,37.3193],[23.4024,37.3193],[23.4023,37.3198],[23.4014,37.3193]]],[[[23.5634,38.7389],[23.6355,38.5286],[23.594,38.4534],[23.6492,38.4057],[24.0422,38.4015],[24.0669,38.351],[24.0254,38.3305],[24.1617,38.2698],[24.1789,38.5451],[24.0302,38.6743],[23.5634,38.7389]]],[[[24.1275,38.2224],[24.1447,38.2224],[24.1426,38.227],[24.157,38.2296],[24.1591,38.2287],[24.1614,38.2661],[24.1311,38.2358],[24.1275,38.2224]]],[[[26.2318,40.0656],[26.3758,40.1535],[26.3456,40.1998],[26.6167,40.3595],[26.6839,40.4849],[26.2723,40.2906],[26.2318,40.0656]]],[[[27.5815,37.1982],[27.5831,37.1912],[27.5877,37.1988],[27.5815,37.1982]]],[[[30.1795,31.2714],[30.1849,31.2719],[30.1795,31.2719],[30.1795,31.2714]]],[[[30.2409,31.2653],[30.2648,31.2719],[30.2479,31.2719],[30.2409,31.2653]]],[[[30.9691,31.5785],[30.9739,31.5799],[30.9739,31.5867],[30.9695,31.5854],[30.9691,31.5785]]],[[[30.978,31.5843],[31.119,31.5305],[31.1608,31.5935],[30.978,31.5843]]],[[[33.9551,26.79],[34.0036,26.7082],[34.0029,26.7316],[33.9756,26.79],[33.9551,26.79]]],[[[23.6154,35.5158],[23.6792,35.2584],[24.7574,35.194],[24.8237,35.001],[26.1401,35.0653],[26.2253,35.194],[25.7953,35.1151],[25.6806,35.1297],[25.6923,35.3227],[24.301,35.3227],[24.1499,35.3871],[24.1541,35.465],[24.0669,35.507],[24.1569,35.5158],[23.6154,35.5158]]],[[[22.9016,36.3383],[22.9292,36.178],[23.0533,36.1596],[23.0769,36.2707],[22.9446,36.3894],[22.9016,36.3383]]],[[[24.2754,37.5317],[24.3958,37.6247],[24.3728,37.6852],[24.2893,37.6453],[24.2754,37.5317]]],[[[24.9955,37.6789],[25.1255,37.5559],[25.216,37.5329],[25.2593,37.59],[24.9955,37.6789]]],[[[20.6195,37.8228],[20.7934,37.6685],[20.9261,37.7284],[20.886,37.814],[20.7247,37.8998],[20.6554,37.8998],[20.6195,37.8228]]],[[[24.6878,37.9287],[24.9118,37.7283],[24.9944,37.7541],[24.9538,37.8707],[24.7937,37.9941],[24.6878,37.9287]]],[[[20.339,38.2002],[20.3801,38.1518],[20.4253,38.1753],[20.4351,38.2788],[20.4943,38.1337],[20.7865,38.0933],[20.6817,38.2821],[20.6429,38.2534],[20.5991,38.3026],[20.6258,38.3518],[20.5664,38.416],[20.479,38.3095],[20.3999,38.3641],[20.339,38.2002]]],[[[20.6878,38.3367],[20.7194,38.3156],[20.7387,38.3189],[20.6951,38.3434],[20.6878,38.3367]]],[[[23.4849,38.7389],[23.5634,38.7389],[23.5668,38.7946],[23.4888,38.8034],[23.4849,38.7389]]],[[[24.4362,38.878],[24.557,38.8457],[24.5368,38.7918],[24.6643,38.7732],[24.4915,38.981],[24.4362,38.878]]],[[[21.533,38.9326],[21.6116,38.9326],[21.6149,38.9972],[21.5364,38.9972],[21.533,38.9326]]],[[[21.3859,39.1265],[21.4645,39.1265],[21.4679,39.1911],[21.3892,39.1911],[21.3859,39.1265]]],[[[20.1453,39.6436],[20.1517,39.6402],[20.1519,39.6436],[20.1453,39.6436]]],[[[24.5197,40.6853],[24.6397,40.5732],[24.7801,40.6122],[24.7864,40.7351],[24.6423,40.8039],[24.5197,40.6853]]],[[[19.9178,41.3274],[19.9973,41.3274],[20.0006,41.3922],[19.921,41.3922],[19.9178,41.3274]]],[[[32.2717,35.0728],[32.3294,34.8864],[32.459,34.7219],[32.7099,34.6458],[32.9136,34.6567],[32.9425,34.5794],[33.0303,34.5685],[33.0156,34.6344],[33.0864,34.6948],[33.2601,34.7005],[33.5917,34.8203],[33.7015,34.9729],[34.0685,34.9979],[33.9431,35.0653],[34.0123,35.0638],[33.8999,35.1645],[33.9121,35.26],[34.5384,35.671],[33.6603,35.3593],[33.4275,35.3289],[32.9231,35.3871],[32.9294,35.233],[32.8652,35.157],[32.6897,35.1839],[32.4138,35.043],[32.2717,35.0728]],[[33.7592,34.9887],[33.7911,34.9824],[33.7874,34.98],[33.7592,34.9887]],[[32.712,35.1731],[32.7315,35.1432],[32.7127,35.1634],[32.712,35.1731]],[[33.4666,35.0051],[33.4675,35.0126],[33.4768,35.0027],[33.4666,35.0051]],[[33.6195,35.0168],[33.7115,34.9856],[33.7029,34.9879],[33.6195,35.0168]],[[33.6794,35.0349],[33.7022,35.0223],[33.6794,35.0339],[33.6794,35.0349]],[[33.6966,35.009],[33.7022,35.0223],[33.7002,35.0067],[33.6966,35.009]],[[33.8412,35.0511],[33.8801,35.0731],[33.8551,35.0534],[33.8412,35.0511]]],[[[27.708,36.1688],[27.7519,35.905],[27.9934,36.062],[28.0896,36.0551],[28.0617,36.1165],[28.1634,36.2377],[28.2311,36.4498],[27.8997,36.3402],[27.708,36.1688]]],[[[26.9177,36.7161],[27.1854,36.8037],[27.1442,36.8811],[26.9177,36.7161]]],[[[25.3418,37.083],[25.3936,36.9971],[25.5644,36.9971],[25.5727,37.126],[25.3418,37.083]]],[[[25.99,37.5165],[26.2306,37.5714],[26.312,37.6796],[26.0742,37.6379],[25.99,37.5165]]],[[[25.8407,38.5224],[25.989,38.3793],[25.9644,38.3026],[25.885,38.2794],[25.8898,38.2206],[26.0115,38.1578],[26.1121,38.2226],[26.1636,38.5428],[26.0159,38.602],[25.8696,38.5831],[25.8407,38.5224]]],[[[25.8359,39.1822],[26.1021,39.1115],[26.2256,39.2076],[26.2935,39.1772],[26.1002,39.0858],[26.1657,39.0224],[26.5471,38.9879],[26.437,39.1035],[26.4893,39.1137],[26.5394,39.0194],[26.61,39.0229],[26.5397,39.166],[26.3822,39.2771],[26.4074,39.3347],[26.1658,39.3681],[26.0606,39.2895],[25.9226,39.2911],[25.8359,39.1822]]],[[[25.0447,39.9853],[25.047,39.8376],[25.2043,39.8376],[25.2388,39.9195],[25.2798,39.8891],[25.2388,39.8581],[25.3551,39.8376],[25.348,39.9064],[25.4499,39.9884],[25.4377,40.0317],[25.2852,39.9534],[25.2251,40.0089],[25.0447,39.9853]]],[[[25.7052,40.1144],[26.0122,40.1666],[25.9631,40.1571],[25.926,40.2428],[25.759,40.2067],[25.7052,40.1144]]],[[[32.5967,45.4313],[32.9224,45.4313],[33.6101,45.1042],[33.6092,44.8717],[33.5151,44.6466],[33.5715,44.6206],[33.4767,44.6099],[33.5086,44.4953],[33.6202,44.462],[34.0966,44.516],[34.286,44.7119],[34.3671,44.7119],[34.3763,44.7773],[34.5385,44.7773],[34.5478,44.8426],[34.7911,44.8426],[34.4319,45.1696],[34.2693,45.1696],[34.0621,45.4313],[33.8993,45.4313],[33.628,45.8243],[32.8337,45.6011],[32.6677,45.5254],[32.5967,45.4313]]]]}},{"type":"Feature","properties":{"relationId":"cliopatria-relation-668149133cee","name":"(Alliance between Byzantine Empire and Khazaria)","name_ko":"동로마 제국–하자르 카간국 동맹","relationKind":"alliance","relation_kind_ko":"동맹","actor_ids":"cliopatria-q12544-9c75ec2643;cliopatria-q2090473-4e85a14d79","actor_names_ko":"동로마 제국;하자르 카간국","color":"#4fd1c5","startYear":638,"endYear":640,"source_name":"Cliopatria v0.2.0","source_url":"https://github.com/Seshat-Global-History-Databank/cliopatria","license":"CC BY 4.0","attribution":"Seshat Global History Databank, Cliopatria contributors"},"geometry":{"type":"MultiPolygon","coordinates":[[[[-6.0043,35.3871],[-5.0765,35.3871],[-5.3258,35.6445],[-5.3411,35.8372],[-5.9458,35.7097],[-6.0043,35.3871]]],[[[14.3384,35.9455],[14.3815,35.843],[14.5618,35.8298],[14.5078,35.9285],[14.3773,35.9936],[14.3384,35.9455]]],[[[12.4905,37.7062],[13.192,37.5773],[13.6022,37.2505],[14.2779,37.126],[14.6723,36.7393],[15.0498,36.7393],[15.2051,37.1662],[15.0592,37.2549],[15.0665,37.6417],[15.3895,38.1578],[15.5432,38.1578],[15.5865,38.2377],[14.0562,37.9643],[13.6652,37.9643],[13.3547,38.1578],[13.1199,38.1578],[13.0404,38.0288],[12.6522,38.0929],[12.4919,37.8998],[12.4905,37.7062]]],[[[15.591,40.0778],[15.7478,40.0317],[15.7136,39.978],[15.7736,39.8424],[15.8989,39.7729],[16.1165,39.0618],[16.2703,38.9326],[16.2652,38.7389],[15.9497,38.6743],[15.8621,38.2869],[15.6328,38.2203],[15.6982,37.9643],[15.9328,37.9643],[16.4919,38.416],[16.5024,38.8034],[17.1383,39.0618],[17.0697,39.385],[16.9162,39.5143],[16.4473,39.6436],[16.4491,39.7083],[16.132,39.6436],[15.976,39.7083],[15.9865,40.0964],[15.8302,40.1612],[15.5931,40.1612],[15.591,40.0778]]],[[[1.2204,38.9553],[1.2529,38.8623],[1.4031,38.8323],[1.4147,38.8906],[1.6231,39.0292],[1.5227,39.1189],[1.3568,39.0776],[1.2928,39.0333],[1.301,38.9678],[1.2204,38.9553]]],[[[2.3508,39.5765],[2.487,39.4788],[2.6817,39.5587],[2.7435,39.5234],[2.7866,39.3759],[3.1447,39.3203],[3.2825,39.4201],[3.4744,39.7497],[3.1626,39.7691],[3.1263,39.8319],[3.1959,39.8906],[3.0947,39.8812],[3.1738,39.967],[2.8132,39.8726],[2.3508,39.5765]]],[[[3.8032,40.0181],[3.8307,39.9361],[4.3008,39.8378],[4.1705,40.0646],[4.1423,40.0248],[4.1051,40.0794],[3.8032,40.0181]]],[[[8.1567,40.7718],[8.1974,40.6912],[8.1618,40.5638],[8.1934,40.6175],[8.2163,40.5706],[8.312,40.5781],[8.386,40.3518],[8.4761,40.2921],[8.49,40.1045],[8.3772,40.0338],[8.4004,39.9361],[8.5453,39.8786],[8.5044,39.7215],[8.5658,39.7011],[8.4553,39.7561],[8.4634,39.5769],[8.374,39.3789],[8.4321,39.3018],[8.4095,39.1693],[8.5596,39.0567],[8.606,38.9088],[8.7166,38.9326],[8.8533,38.878],[9.0183,38.9953],[9.0183,39.1461],[9.0798,39.2246],[9.0139,39.2639],[9.166,39.1871],[9.2922,39.2213],[9.4052,39.1521],[9.5664,39.1492],[9.7111,39.9293],[9.6262,40.2631],[9.8225,40.5327],[9.6579,40.7999],[9.724,40.8449],[9.6141,40.8934],[9.6421,40.9206],[9.5042,40.9269],[9.6469,40.9922],[9.5119,41.0163],[9.5541,41.1239],[9.4691,41.1462],[9.4429,41.092],[9.4224,41.1807],[9.1711,41.2426],[9.1419,41.1528],[9.0055,41.1219],[8.8225,40.9473],[8.5205,40.827],[8.3102,40.8507],[8.1812,40.9341],[8.2153,40.8814],[8.1567,40.7718]]],[[[8.3533,39.0556],[8.4312,38.9661],[8.4839,39.0698],[8.3701,39.1131],[8.3533,39.0556]]],[[[9.3767,41.2147],[9.377,41.2133],[9.3953,41.2106],[9.4007,41.2115],[9.3767,41.2147]]],[[[9.437,41.1859],[9.4644,41.1727],[9.4749,41.1793],[9.4749,41.2014],[9.445,41.2055],[9.437,41.1859]]],[[[14.0264,40.9384],[14.4219,40.8736],[14.4194,40.7517],[14.4741,40.7297],[14.4363,40.6792],[14.7349,40.6792],[14.7377,40.8088],[14.5791,40.8088],[14.5039,41.0032],[14.0276,41.0032],[14.0264,40.9384]]],[[[8.5453,42.2329],[8.5938,42.1745],[8.5596,42.154],[8.745,42.0566],[8.6457,41.9774],[8.8054,41.9069],[8.7508,41.8455],[8.7849,41.8244],[8.6551,41.7499],[8.9227,41.6946],[8.8018,41.6391],[8.7918,41.5612],[9.0798,41.4824],[9.0964,41.4035],[9.2255,41.3771],[9.2107,41.4482],[9.3506,41.5812],[9.2922,41.6264],[9.3467,41.6196],[9.4016,41.7064],[9.4032,41.9529],[9.5596,42.1466],[9.5281,42.5635],[9.4429,42.6406],[9.464,42.9901],[9.3467,43.0037],[9.3057,42.8393],[9.3425,42.7491],[9.2922,42.6748],[9.1178,42.732],[8.787,42.562],[8.7092,42.5792],[8.6595,42.4299],[8.5491,42.3771],[8.6878,42.2729],[8.5453,42.2329]]],[[[9.4566,42.6474],[9.4768,42.6191],[9.4769,42.6201],[9.4821,42.6201],[9.4566,42.6474]]],[[[11.4949,42.3582],[11.5746,42.3282],[11.5748,42.3662],[11.4949,42.3582]]],[[[10.1632,42.8164],[10.1963,42.7362],[10.3379,42.7648],[10.4307,42.7221],[10.3888,42.7635],[10.4367,42.8044],[10.4124,42.8734],[10.3473,42.8059],[10.1632,42.8164]]],[[[16.7195,43.1273],[17.1216,43.1404],[16.721,43.1674],[16.7195,43.1273]]],[[[17.1165,43.2118],[17.1241,43.2077],[17.1243,43.2118],[17.1165,43.2118]]],[[[16.7272,43.3421],[16.8076,43.3421],[16.8076,43.3429],[16.7962,43.3464],[16.8078,43.3464],[16.808,43.3535],[16.7282,43.3691],[16.7272,43.3421]]],[[[16.7301,43.4247],[16.8102,43.4134],[16.8123,43.4723],[16.7318,43.4723],[16.7301,43.4247]]],[[[7.1502,43.733],[8.0339,43.9286],[8.1916,44.1896],[8.5925,44.4507],[9.1591,44.4507],[9.5774,44.1877],[9.9697,44.1243],[9.6455,44.3201],[9.6447,44.4507],[9.9684,44.4507],[10.4543,44.1896],[11.2619,44.0591],[11.2609,43.7982],[11.6628,43.6027],[11.5795,43.1467],[11.9784,42.8213],[11.5748,42.3662],[11.6548,42.3662],[11.7349,42.1707],[12.1317,42.0413],[12.1715,41.8777],[12.6046,41.522],[12.9222,41.4571],[13,41.3274],[13.3976,41.3274],[13.7955,41.2011],[14.0374,41.522],[13.9615,41.7167],[13.8044,41.8465],[13.4057,41.8465],[13.328,41.9764],[13.0097,42.0413],[12.6144,42.3662],[12.4609,42.9515],[12.3807,42.9515],[12.5472,43.4723],[12.7098,43.6027],[13.1124,43.6027],[13.4291,43.2769],[13.6715,43.3421],[13.6726,43.4072],[13.3874,43.6413],[13.0338,43.733],[13.019,43.8567],[12.8734,43.7982],[12.4739,44.1243],[12.3931,44.1243],[12.1537,44.4507],[12.1572,44.8426],[12.4001,44.7989],[12.4026,45.0388],[12.3688,45.011],[12.16,45.1696],[12.1628,45.4968],[12.6522,45.5623],[12.8168,45.6933],[13.0571,45.6393],[12.9824,45.8898],[11.9198,45.6933],[11.837,45.4968],[11.9994,45.4313],[11.9979,45.235],[11.834,45.0388],[11.2659,45.1696],[11.2655,45.0388],[10.7782,45.0388],[10.7781,44.908],[10.4537,44.7773],[10.1293,44.7773],[9.8854,44.908],[9.3178,44.8426],[9.5621,44.7119],[9.4824,44.516],[8.7522,44.6466],[8.4298,44.516],[8.1859,44.5813],[8.031,44.1243],[7.7078,44.1243],[7.6293,43.9938],[7.227,43.9286],[7.1502,43.733]]],[[[15.9332,43.6678],[16.0117,43.6027],[15.9595,43.504],[16.1724,43.4897],[16.1177,43.5245],[16.2034,43.526],[16.2533,43.6027],[16.6537,43.5375],[16.6583,43.6678],[15.9332,43.6678]]],[[[9.9404,44.0591],[9.9627,44.0447],[9.9699,44.0489],[9.9699,44.0591],[9.9404,44.0591]]],[[[14.9971,44.5813],[15.149,44.4723],[15.1519,44.5813],[14.9971,44.5813]]],[[[15.012,44.5342],[15.029,44.498],[15.0755,44.4841],[15.0412,44.5275],[15.012,44.5342]]],[[[15.0415,44.4766],[15.1288,44.312],[15.2202,44.3127],[15.1651,44.3674],[15.2544,44.34],[15.0415,44.4766]]],[[[15.1325,44.2776],[15.1432,44.2548],[15.1735,44.2548],[15.1576,44.2803],[15.1406,44.2825],[15.1325,44.2776]]],[[[15.1854,44.2854],[15.3012,44.1243],[15.4241,44.2682],[15.2612,44.3326],[15.2953,44.2507],[15.1854,44.2854]]],[[[15.2124,44.4246],[15.443,44.2904],[15.4684,44.3201],[15.2124,44.4246]]],[[[13.5448,45.3427],[13.7056,45.235],[13.8032,44.908],[13.9432,44.908],[13.9457,45.0388],[13.7067,45.3004],[13.7917,45.4968],[13.5473,45.4968],[13.5448,45.3427]]],[[[0.7066,36.3344],[0.7669,36.1596],[0.922,36.1596],[1.005,36.0308],[1.1547,36.1596],[2.008,36.1596],[2.0031,36.2884],[2.3159,36.224],[2.7747,36.4172],[5.6494,36.3528],[5.8795,36.4816],[6.3468,36.4172],[6.422,36.546],[6.8893,36.4816],[6.9647,36.6105],[7.5865,36.6105],[7.9024,36.224],[7.8282,35.9664],[7.9057,35.9664],[7.9114,35.5158],[7.9888,35.5158],[7.9942,35.0653],[8.2286,34.8079],[8.4594,34.8723],[8.8462,34.7436],[8.9263,34.3577],[9.0033,34.3577],[8.9288,34.0361],[9.0826,34.0361],[9.3159,33.5859],[9.6236,33.4574],[9.5475,33.3288],[9.625,33.1359],[10.0848,33.1359],[10.0086,33.0073],[10.3916,33.0073],[11.1572,32.6859],[11.3099,32.4931],[11.4629,32.5574],[11.539,32.4288],[11.7684,32.4288],[11.7679,32.3002],[12.4559,32.3645],[13.0667,32.3002],[13.0657,32.1717],[13.2953,32.236],[13.8286,32.1074],[14.5861,31.6575],[14.5844,31.529],[15.1873,31.0791],[15.1845,30.8863],[15.4896,30.9506],[16.7012,30.6935],[18.2813,30.0508],[19.1911,30.0508],[20.9516,30.565],[21.9388,30.565],[22.7667,30.3722],[22.7618,30.2436],[22.916,30.3079],[23.5101,29.9865],[24.26,29.7937],[24.3304,29.6652],[24.7792,29.5366],[24.8467,29.3438],[25.0008,29.4081],[25.1465,29.2795],[25.3735,29.2795],[25.5863,28.9581],[27.1401,28.251],[27.285,28.1224],[27.2763,27.9295],[27.4299,27.9938],[27.792,27.6724],[27.7109,27.5438],[27.9367,27.5438],[28.1537,27.3509],[28.2702,26.5794],[28.3453,26.5794],[28.2437,25.9365],[28.2886,25.165],[28.5688,24.6506],[29.6728,24.2006],[29.9595,23.8792],[30.1087,23.8792],[30.104,23.7506],[30.3952,23.5577],[30.4627,23.3649],[31.6705,23.7506],[32.0409,23.6863],[33.389,23.8149],[33.7564,23.6863],[35.108,23.8792],[35.4808,23.8253],[35.5139,23.9771],[35.7925,23.9023],[35.7386,23.9833],[35.4938,24.1089],[35.3919,24.2828],[35.1446,24.5002],[35.1603,24.5746],[34.5466,25.725],[34.3387,26.0018],[34.014,26.6116],[33.9414,26.6535],[33.9961,26.8966],[33.8368,27.1208],[33.8384,27.2426],[33.6917,27.3419],[33.4963,27.6466],[33.5877,27.651],[33.5579,27.7599],[33.4735,27.8232],[33.5921,27.7912],[33.5544,27.8965],[33.2494,28.1429],[33.0029,28.4895],[32.8689,28.5789],[32.8069,28.7781],[32.6255,28.9727],[32.6528,29.081],[32.5623,29.3863],[32.3377,29.5925],[32.5095,29.8668],[32.4769,29.9322],[32.5715,29.9426],[32.5778,30.0114],[32.6045,29.8242],[32.6907,29.7336],[32.7239,29.4705],[32.8172,29.414],[32.8856,29.2431],[33.1779,28.9896],[33.2287,28.5694],[33.5538,28.3153],[33.7634,28.024],[34.0785,27.8007],[34.2631,27.7367],[34.2141,27.7915],[34.4281,27.9859],[34.4553,28.1749],[34.4102,28.32],[34.6245,28.736],[34.7366,29.3113],[34.8997,29.49],[34.8094,30.0508],[34.6676,30.1794],[34.6824,30.3722],[34.5405,30.5007],[34.434,31.0791],[34.2972,31.2719],[33.7493,31.0791],[32.8317,31.0148],[32.8055,31.0655],[32.6665,31.0523],[32.7907,31.0941],[32.5322,31.0791],[32.3894,31.2076],[32.2625,31.1696],[32.3039,31.0791],[31.9996,31.0791],[31.9063,31.2516],[31.7806,31.2076],[31.8077,31.2812],[31.7691,31.2988],[31.8741,31.4647],[31.2658,31.4647],[31.1215,31.5275],[31.0291,31.5185],[30.9807,31.4365],[30.7985,31.4465],[30.7344,31.3881],[30.5427,31.395],[30.6916,31.4647],[30.352,31.4647],[30.3019,31.3422],[30.3388,31.2719],[30.2887,31.2379],[29.9904,31.2719],[29.8315,31.1513],[29.8696,31.0791],[29.6332,30.9506],[29.5543,30.9848],[29.4481,30.9336],[29.3971,30.822],[28.865,30.822],[28.4964,31.0148],[27.5149,31.1434],[27.2975,31.3362],[26.9303,31.4411],[25.248,31.4647],[25.102,31.5933],[25.1097,31.7462],[24.8925,31.9789],[24.1294,31.9789],[23.6803,32.1717],[23.3122,32.1627],[23.0806,32.3341],[23.0894,32.6216],[21.99,32.9134],[21.8067,32.9133],[21.4117,32.7502],[21.0578,32.7736],[20.8712,32.6216],[20.7962,32.6428],[20.6898,32.6041],[20.7159,32.5574],[20.563,32.5574],[20.482,32.4288],[20.417,32.4565],[20.3255,32.4098],[20.2461,32.236],[20.0715,32.1764],[19.9961,31.5933],[20.2143,31.2719],[20.1467,31.1636],[20.2021,30.8863],[19.9682,30.6935],[19.9643,30.565],[19.655,30.3722],[18.9686,30.2436],[18.787,30.3722],[18.5925,30.3722],[18.2175,30.7602],[17.8486,30.9237],[16.8136,31.2076],[16.1786,31.2076],[15.649,31.4005],[15.5323,31.6118],[15.4246,31.6575],[15.2823,32.3002],[15.0825,32.4133],[14.4444,32.4931],[14.0979,32.7281],[13.4537,32.8145],[13.2571,32.9186],[12.8413,32.8085],[12.8408,32.7502],[12.229,32.8145],[11.4544,33.2002],[11.1578,33.2002],[11.0798,33.5856],[10.7381,33.478],[10.584,33.6644],[10.2368,33.7146],[10.0058,33.9075],[10.0052,34.1706],[10.0661,34.242],[10.0045,34.2933],[10.543,34.5506],[10.8512,34.8079],[10.8512,34.9366],[10.9844,34.9994],[11.055,35.1404],[11.0057,35.3871],[11.0831,35.5073],[11.0169,35.5986],[10.851,35.6445],[10.839,35.7683],[10.6962,35.7089],[10.4635,35.902],[10.5349,36.3573],[10.4625,36.4172],[11.0062,36.8037],[11.0063,36.9971],[10.5187,36.7558],[10.3553,36.7312],[10.1885,36.7976],[10.2685,36.9378],[10.1824,37.027],[10.2271,37.1177],[10.1281,37.1587],[10.2272,37.1949],[10.1501,37.2337],[9.9934,37.1904],[9.8716,37.2574],[9.8196,37.2276],[9.925,37.2131],[9.9143,37.1783],[9.8159,37.1518],[9.7718,37.2133],[9.8536,37.2673],[9.759,37.3193],[9.3969,37.2594],[9.0595,37.0615],[8.9723,37.0975],[8.8244,36.9795],[8.6443,36.9535],[8.5164,36.8682],[7.7383,36.8682],[7.4902,37.055],[7.3979,37.0615],[7.3463,37.0615],[7.1937,36.8682],[6.8047,36.8682],[6.3339,37.0615],[6.2357,36.9212],[6.1043,36.8741],[6.1058,36.8037],[5.6788,36.8037],[5.5643,36.6749],[5.0978,36.6749],[4.8595,36.8682],[4.262,36.9116],[3.85,36.8037],[3.664,36.8344],[3.2299,36.7393],[2.8411,36.7393],[2.6008,36.5963],[2.3516,36.6383],[1.5296,36.4816],[1.1787,36.5109],[0.9138,36.3528],[0.7066,36.3344]],[[24.6883,30.1442],[24.6887,30.1828],[24.6967,30.127],[24.6883,30.1442]],[[24.6887,30.1828],[24.7629,30.3171],[24.767,30.3214],[24.6887,30.1828]]],[[[30.1795,31.2714],[30.1849,31.2719],[30.1795,31.2719],[30.1795,31.2714]]],[[[30.2409,31.2653],[30.2648,31.2719],[30.2479,31.2719],[30.2409,31.2653]]],[[[30.9691,31.5785],[30.9739,31.5799],[30.9739,31.5867],[30.9695,31.5854],[30.9691,31.5785]]],[[[30.978,31.5843],[31.119,31.5305],[31.1608,31.5935],[30.978,31.5843]]],[[[33.9551,26.79],[34.0036,26.7082],[34.0029,26.7316],[33.9756,26.79],[33.9551,26.79]]],[[[22.9016,36.3383],[22.9292,36.178],[23.0533,36.1596],[23.0769,36.2707],[22.9446,36.3894],[22.9016,36.3383]]],[[[24.2754,37.5317],[24.3958,37.6247],[24.3728,37.6852],[24.2893,37.6453],[24.2754,37.5317]]],[[[20.6195,37.8228],[20.7934,37.6685],[20.9261,37.7284],[20.886,37.814],[20.7247,37.8998],[20.6554,37.8998],[20.6195,37.8228]]],[[[24.6878,37.9287],[24.9118,37.7283],[24.9944,37.7541],[24.9538,37.8707],[24.7937,37.9941],[24.6878,37.9287]]],[[[20.339,38.2002],[20.3801,38.1518],[20.4253,38.1753],[20.4351,38.2788],[20.4943,38.1337],[20.7865,38.0933],[20.6817,38.2821],[20.6429,38.2534],[20.5991,38.3026],[20.6224,38.3596],[20.5497,38.3901],[20.479,38.3095],[20.3999,38.3641],[20.339,38.2002]]],[[[20.7064,38.3243],[20.7194,38.3156],[20.7249,38.3165],[20.7064,38.3243]]],[[[21.5818,38.3515],[21.6604,38.3579],[21.6634,38.416],[21.585,38.416],[21.5818,38.3515]]],[[[23.4849,38.7389],[23.5634,38.7389],[23.5668,38.7946],[23.4888,38.8034],[23.4849,38.7389]]],[[[24.4362,38.878],[24.557,38.8457],[24.5368,38.7918],[24.6643,38.7732],[24.523,38.9643],[24.4611,38.9677],[24.4362,38.878]]],[[[21.3859,39.1265],[21.4645,39.1265],[21.4679,39.1911],[21.3892,39.1911],[21.3859,39.1265]]],[[[20.1453,39.6436],[20.1517,39.6402],[20.1519,39.6436],[20.1453,39.6436]]],[[[19.3044,40.6531],[19.4863,40.6144],[19.4714,40.2906],[19.6295,40.2906],[20.0094,39.967],[19.9876,39.7083],[20.155,39.7083],[20.2972,39.385],[20.9538,39.0342],[21.0584,39.009],[21.0852,39.0629],[21.1599,38.9977],[21.1774,38.876],[21.1023,38.9108],[21.0852,38.8643],[21.0274,38.9326],[20.8599,38.9605],[20.7414,38.8034],[20.9737,38.7389],[21.1933,38.416],[21.3431,38.416],[21.3225,38.4963],[21.3732,38.416],[21.585,38.416],[21.3693,38.8034],[21.3859,39.1265],[20.6248,39.6436],[20.6313,39.7729],[20.4042,39.967],[20.4896,40.0964],[20.2558,40.1612],[20.1895,40.4201],[20.2719,40.4849],[20.0376,40.5496],[19.8887,40.744],[19.994,41.2625],[19.8382,41.3274],[19.9243,41.4571],[19.8448,41.4571],[19.8546,41.6518],[19.5763,41.7091],[19.613,41.6053],[19.4818,41.5813],[19.5265,41.4571],[19.4564,41.449],[19.5233,41.3922],[19.4695,41.3108],[19.5166,41.2564],[19.4555,41.1485],[19.5234,40.9206],[19.3688,40.8022],[19.3044,40.6531]],[[20.249,39.6848],[20.2875,39.7112],[20.2827,39.7044],[20.249,39.6848]]],[[[19.7578,39.6436],[19.9065,39.5814],[19.8416,39.7042],[19.947,39.7729],[19.7637,39.7729],[19.7578,39.6436]]],[[[16.0895,40.9384],[16.2482,40.9384],[16.2463,40.8736],[16.7909,40.5496],[16.7847,40.3554],[16.9137,40.4464],[16.868,40.4849],[17.0285,40.5496],[17.3452,40.5496],[17.4175,40.3554],[17.8131,40.3554],[18.1122,39.9023],[18.3489,39.9023],[18.3565,40.0964],[18.4355,40.0964],[18.3642,40.2906],[17.9812,40.6144],[17.5107,40.744],[17.4136,40.8811],[16.8612,41.1386],[16.2581,41.2625],[16.2541,41.1328],[16.0933,41.068],[16.0895,40.9384]]],[[[24.5197,40.6853],[24.6397,40.5732],[24.7801,40.6122],[24.7864,40.7351],[24.6423,40.8039],[24.5197,40.6853]]],[[[19.9178,41.3274],[19.9973,41.3274],[20.0006,41.3922],[19.921,41.3922],[19.9178,41.3274]]],[[[19.8546,41.6518],[19.9343,41.6518],[19.9376,41.7167],[19.858,41.7167],[19.8546,41.6518]]],[[[17.8312,42.8213],[17.9915,42.8213],[18.0661,42.6912],[18.2292,42.7563],[18.0717,42.8213],[18.0745,42.8864],[17.8312,42.8213]]],[[[17.5079,42.7563],[17.5655,42.7563],[17.5237,42.7648],[17.5085,42.7718],[17.5079,42.7563]]],[[[17.5119,42.8554],[17.5913,42.8354],[17.5933,42.8864],[17.5131,42.8864],[17.5119,42.8554]]],[[[32.2717,35.0728],[32.3294,34.8864],[32.459,34.7219],[32.7099,34.6458],[32.9136,34.6567],[32.9425,34.5794],[33.0303,34.5685],[33.0156,34.6344],[33.0864,34.6948],[33.2601,34.7005],[33.5917,34.8203],[33.7015,34.9729],[34.0685,34.9979],[33.9431,35.0653],[34.0123,35.0638],[33.8999,35.1645],[33.9121,35.26],[34.5384,35.671],[33.6603,35.3593],[33.4275,35.3289],[32.9231,35.3871],[32.9294,35.233],[32.8652,35.157],[32.6897,35.1839],[32.4138,35.043],[32.2717,35.0728]],[[33.7592,34.9887],[33.7911,34.9824],[33.7874,34.98],[33.7592,34.9887]],[[32.712,35.1731],[32.7315,35.1432],[32.7127,35.1634],[32.712,35.1731]],[[33.4666,35.0051],[33.4675,35.0126],[33.4768,35.0027],[33.4666,35.0051]],[[33.6195,35.0168],[33.7115,34.9856],[33.7029,34.9879],[33.6195,35.0168]],[[33.6794,35.0349],[33.7022,35.0223],[33.6794,35.0339],[33.6794,35.0349]],[[33.6966,35.009],[33.7022,35.0223],[33.7002,35.0067],[33.6966,35.009]],[[33.8412,35.0511],[33.8801,35.0731],[33.8551,35.0534],[33.8412,35.0511]]],[[[23.6154,35.5158],[23.6792,35.2584],[24.7574,35.194],[24.8237,35.001],[26.1401,35.0653],[26.2253,35.194],[25.7953,35.1151],[25.6806,35.1297],[25.6923,35.3227],[24.301,35.3227],[24.1499,35.3871],[24.1541,35.465],[24.0669,35.507],[24.1569,35.5158],[23.6154,35.5158]]],[[[27.708,36.1688],[27.7519,35.905],[27.9934,36.062],[28.0896,36.0551],[28.0617,36.1165],[28.1634,36.2377],[28.2311,36.4498],[27.8997,36.3402],[27.708,36.1688]]],[[[26.9177,36.7161],[27.1854,36.8037],[27.1442,36.8811],[26.9177,36.7161]]],[[[25.3418,37.083],[25.3936,36.9971],[25.5644,36.9971],[25.5727,37.126],[25.3418,37.083]]],[[[24.9955,37.6789],[25.1255,37.5559],[25.216,37.5329],[25.2593,37.59],[24.9955,37.6789]]],[[[25.99,37.5165],[26.2306,37.5714],[26.312,37.6796],[26.0742,37.6379],[25.99,37.5165]]],[[[25.8407,38.5224],[25.989,38.3793],[25.9644,38.3026],[25.885,38.2794],[25.8898,38.2206],[26.0115,38.1578],[26.1121,38.2226],[26.1636,38.5428],[26.0159,38.602],[25.8696,38.5831],[25.8407,38.5224]]],[[[25.8359,39.1822],[26.1021,39.1115],[26.2256,39.2076],[26.2935,39.1772],[26.1002,39.0858],[26.1657,39.0224],[26.5471,38.9879],[26.437,39.1035],[26.4893,39.1137],[26.5394,39.0194],[26.61,39.0229],[26.5397,39.166],[26.3822,39.2771],[26.4074,39.3347],[26.1658,39.3681],[26.0606,39.2895],[25.9226,39.2911],[25.8359,39.1822]]],[[[25.0447,39.9853],[25.047,39.8376],[25.2043,39.8376],[25.2388,39.9195],[25.2798,39.8891],[25.2388,39.8581],[25.3551,39.8376],[25.348,39.9064],[25.4499,39.9884],[25.4377,40.0317],[25.2852,39.9534],[25.2251,40.0089],[25.0447,39.9853]]],[[[25.7052,40.1144],[26.0122,40.1666],[25.9631,40.1571],[25.926,40.2428],[25.759,40.2067],[25.7052,40.1144]]],[[[21.2436,37.8352],[21.6966,37.5128],[21.6958,37.3164],[21.6031,37.1904],[21.681,37.1904],[21.7435,36.8682],[21.8992,36.8682],[21.9085,37.0615],[22.22,37.0615],[22.3757,36.6749],[22.5118,36.6749],[22.5994,36.8682],[22.8328,36.8682],[23.0332,36.6946],[22.8532,37.2549],[22.7007,37.3193],[22.7144,37.5773],[22.9486,37.5773],[23.1756,37.4483],[23.1685,37.3193],[23.278,37.3498],[23.23,37.3749],[23.2627,37.401],[23.3849,37.4134],[23.36,37.5475],[23.1083,37.6417],[23.0151,37.9252],[23.2044,37.963],[23.2082,38.0288],[23.5746,38.0468],[23.5597,37.9866],[23.9786,37.8352],[24.0361,38.2224],[23.951,38.2909],[23.71,38.3367],[23.5929,38.4806],[23.3126,38.4806],[23.1826,38.6538],[23.1045,38.6384],[22.9149,38.7756],[22.5251,38.8581],[22.6216,38.9145],[22.792,38.878],[23.0731,39.0363],[22.9639,39.009],[22.9981,39.0698],[22.9516,39.1238],[22.7973,39.0618],[22.8163,39.385],[23.1318,39.4489],[22.6109,39.9023],[22.6497,39.9853],[22.5437,40.0964],[22.5716,40.5496],[22.9105,40.6446],[22.9832,40.5527],[22.9265,40.5153],[22.9592,40.4201],[23.7374,40.2259],[23.6936,40.3092],[23.7777,40.3548],[23.8386,40.5496],[23.6846,40.6144],[23.698,40.8088],[24.0106,40.744],[24.3466,41.0032],[25.1384,41.0101],[25.1358,40.9692],[25.8495,40.9384],[26.0822,40.8736],[26.1403,40.6144],[26.5472,40.744],[26.621,40.6792],[26.9324,40.6144],[26.7685,40.5496],[26.8466,40.5165],[26.9576,40.5584],[27.0172,40.6792],[27.5275,41.068],[29.0429,41.068],[29.0645,41.1371],[28.9631,41.1328],[28.975,41.2529],[28.5053,41.3274],[28.0814,41.6518],[27.9794,41.6518],[27.937,42.0413],[27.4529,42.4801],[27.5135,42.6262],[27.8466,42.7563],[27.8049,43.1467],[27.8982,43.2769],[28.0607,43.3092],[28.1925,43.4078],[28.1592,43.4723],[28.4811,43.4723],[28.6163,43.9938],[28.5356,43.9938],[28.5769,44.3854],[28.7612,44.5223],[28.7578,44.6268],[28.8362,44.6268],[28.784,44.6492],[28.8257,44.7332],[28.802,44.9734],[29.0583,45.001],[29.1106,44.97],[29.0521,44.9446],[29.0441,44.8655],[29.0603,44.8323],[29.0964,44.8751],[29.1387,44.8072],[29.5253,44.908],[29.6584,45.3659],[29.577,45.3659],[29.5845,45.4313],[29.096,45.4313],[28.6677,45.235],[28.3494,45.3004],[28.2819,45.4313],[27.8681,45.3659],[27.8479,45.1696],[27.9969,45.0388],[27.9699,44.7773],[27.801,44.7119],[27.7877,44.5813],[27.943,44.516],[27.8289,44.1896],[27.9097,44.1896],[27.6828,43.5375],[27.224,42.9515],[27.298,42.8864],[27.181,42.4962],[26.7808,42.4962],[26.769,42.3662],[26.2149,42.4312],[26.1236,42.3012],[25.8837,42.3012],[25.4624,42.0413],[25.2282,42.1063],[25.1431,42.0413],[25.2124,41.9114],[24.9731,41.9114],[24.8033,41.7816],[24.649,41.8465],[24.6339,41.6518],[23.7484,41.522],[23.6641,41.4571],[23.7344,41.3274],[23.4824,41.1328],[23.5218,40.5496],[23.2051,40.5496],[23.143,40.8088],[22.6672,40.8088],[22.4172,40.6144],[22.0965,40.5496],[22.0096,40.4201],[22.0659,40.0317],[22.22,39.967],[22.5052,39.4496],[22.419,39.3203],[22.4792,38.9972],[22.4007,38.9972],[22.3827,38.6743],[22.2084,38.3515],[22.3875,38.3515],[22.4016,38.4534],[22.5297,38.3515],[22.6465,38.39],[22.8351,38.3515],[22.9881,38.2869],[23.0322,38.1859],[23.2234,38.1592],[23.1755,38.145],[23.2166,38.1033],[23.0367,38.0651],[22.9463,37.9462],[22.5825,38.0288],[22.4837,37.6417],[22.012,37.5773],[21.8655,37.7707],[21.7093,37.7707],[21.6503,38.1578],[21.3474,38.096],[21.2436,37.8352]],[[24.1262,41.5294],[24.1463,41.5268],[24.1702,41.5116],[24.1262,41.5294]],[[24.1816,41.5374],[24.1963,41.547],[24.2121,41.5518],[24.1816,41.5374]],[[25.1771,41.2939],[25.2308,41.248],[25.2197,41.2497],[25.1771,41.2939]],[[26.0475,41.6746],[26.0493,41.6823],[26.055,41.6488],[26.0475,41.6746]],[[26.0522,41.6952],[26.0537,41.7015],[26.0579,41.7035],[26.0522,41.6952]],[[26.1312,41.5527],[26.1525,41.547],[26.1544,41.5437],[26.1312,41.5527]],[[26.1459,41.478],[26.1602,41.5019],[26.1593,41.4938],[26.1459,41.478]],[[26.1589,41.5362],[26.1631,41.5291],[26.1617,41.5157],[26.1589,41.5362]],[[26.2304,41.7466],[26.2344,41.7458],[26.2739,41.7149],[26.2304,41.7466]],[[26.3668,41.7112],[26.3774,41.7106],[26.4044,41.6918],[26.3668,41.7112]],[[26.5837,41.3326],[26.6097,41.3307],[26.5911,41.3293],[26.5837,41.3326]]],[[[22.833,38.8227],[22.9818,38.845],[22.9564,38.878],[23.0202,38.9214],[22.833,38.8227]]],[[[23.0356,36.6926],[23.0463,36.6833],[23.0517,36.6872],[23.0498,36.6926],[23.0356,36.6926]]],[[[23.0365,38.9279],[23.3318,38.8034],[23.4651,38.8569],[23.2006,39.0093],[23.0365,38.9279]]],[[[23.3122,37.6174],[23.3406,37.6003],[23.3536,37.5821],[23.3442,37.6327],[23.3122,37.6174]]],[[[23.4014,37.3193],[23.4024,37.3193],[23.4023,37.3198],[23.4014,37.3193]]],[[[23.5634,38.7389],[23.6355,38.5286],[23.594,38.4534],[23.6492,38.4057],[24.0422,38.4015],[24.0669,38.351],[24.0254,38.3305],[24.1617,38.2698],[24.1789,38.5451],[24.0302,38.6743],[23.5634,38.7389]]],[[[24.1275,38.2224],[24.1447,38.2224],[24.1426,38.227],[24.157,38.2296],[24.1591,38.2287],[24.1614,38.2661],[24.1311,38.2358],[24.1275,38.2224]]],[[[26.1325,39.5143],[26.9377,39.5748],[26.9299,39.4877],[26.801,39.4335],[26.7422,39.2557],[26.8945,39.1911],[26.8793,38.9972],[26.9579,38.9972],[26.9399,38.9327],[27.0413,38.9401],[27.0627,38.8869],[26.9084,38.8204],[26.9314,38.7551],[26.8495,38.6097],[27.0798,38.5451],[27.0728,38.4537],[27.1642,38.4466],[27.0694,38.4094],[27.065,38.3515],[26.6762,38.3515],[26.6731,38.3072],[26.595,38.3515],[26.5358,38.6097],[26.3895,38.6719],[26.4058,38.4535],[26.513,38.4329],[26.4515,38.4261],[26.4289,38.2224],[26.8203,38.2224],[26.889,38.0933],[27.2753,38.0288],[27.2559,37.7707],[27.1794,37.6106],[27.31,37.4483],[27.2461,37.3362],[27.4072,37.4127],[27.4385,37.3908],[27.3921,37.3538],[27.5392,37.3838],[27.5644,37.2735],[27.616,37.2747],[27.598,37.126],[28.0653,37.126],[28.1313,37.0363],[28.3294,37.0368],[28.2124,37.0004],[28.1653,36.9116],[28.1034,36.9353],[28.0583,36.7721],[28.1184,36.8006],[28.1305,36.754],[28.0314,36.6749],[28.1961,36.6854],[28.2731,36.852],[28.2934,36.7959],[28.3571,36.8682],[28.5905,36.8682],[28.7361,36.7393],[29.1249,36.7393],[29.2163,36.3291],[29.3496,36.2326],[29.4116,36.2674],[29.4666,36.224],[29.938,36.224],[30.0261,36.3528],[30.4919,36.3528],[30.6191,36.9326],[31.086,36.9326],[32.0681,36.6105],[32.4985,36.224],[32.5369,36.1],[32.733,36.0376],[33.2744,36.224],[33.8711,36.3149],[33.9791,36.2884],[34.2507,36.6749],[34.8151,36.8682],[34.927,37.1904],[35.6148,37.7707],[35.6295,37.8998],[36.0503,38.1578],[36.1591,38.416],[36.4097,38.5451],[36.6062,38.868],[37.5457,39.4496],[37.7467,39.7729],[38.2743,40.1612],[38.5113,40.1612],[38.8556,40.3554],[39.8938,40.4201],[40.3095,40.5496],[41.3389,40.5496],[41.5348,41.2625],[41.8061,41.4571],[41.8392,41.6518],[41.7097,41.7085],[41.5674,41.4571],[41.4471,41.4571],[41.3071,41.3274],[40.5393,41.0032],[40.4492,41.0425],[40.3703,40.9384],[39.7355,40.9384],[39.1683,41.0797],[38.9208,41.0382],[38.7834,40.9384],[38.2977,40.8736],[38.2217,40.9441],[38.0253,40.9769],[37.8312,40.9384],[37.7706,41.068],[37.2147,41.068],[37.226,41.1475],[37.0651,41.1328],[36.7748,41.3274],[36.451,41.2404],[36.2092,41.2625],[35.9561,41.7127],[35.9227,41.6462],[35.9457,41.7167],[35.5767,41.6297],[35.157,41.7167],[35.0921,41.928],[35.123,42.0248],[35.0615,42.0413],[34.9178,42.0413],[34.7845,41.9114],[33.2771,41.9764],[32.6675,41.8369],[32.6947,41.7816],[31.4983,41.352],[31.3928,41.1884],[31.1801,41.068],[30.6242,41.068],[30.53,41.1522],[30.3513,41.1922],[30.1369,41.1438],[29.0894,41.1382],[29.0524,41.068],[29.1156,41.068],[29.1034,40.9447],[29.2639,40.8698],[29.2949,40.8388],[29.2546,40.8108],[29.493,40.8736],[29.4438,40.7766],[29.9393,40.7351],[29.5599,40.6911],[29.4906,40.7272],[28.9422,40.6184],[28.9156,40.4714],[29.1515,40.4341],[29.0463,40.3554],[27.9388,40.3554],[27.904,40.3999],[27.9505,40.4849],[27.7921,40.4849],[27.7918,40.3929],[27.8836,40.3863],[27.6958,40.2906],[27.5376,40.2906],[27.2948,40.4059],[26.6819,40.3561],[26.408,40.1937],[26.311,40.0195],[26.2205,40.0029],[26.1325,39.5143]]],[[[26.2318,40.0656],[26.3758,40.1535],[26.3456,40.1998],[26.6167,40.3595],[26.6839,40.4849],[26.2723,40.2906],[26.2318,40.0656]]],[[[27.5815,37.1982],[27.5831,37.1912],[27.5877,37.1988],[27.5815,37.1982]]],[[[32.5967,45.4313],[32.9224,45.4313],[33.6101,45.1042],[33.6092,44.8717],[33.5151,44.6466],[33.5715,44.6206],[33.4767,44.6099],[33.5086,44.4953],[33.6202,44.462],[34.0966,44.516],[34.286,44.7119],[34.3671,44.7119],[34.3763,44.7773],[34.5385,44.7773],[34.5478,44.8426],[34.7911,44.8426],[34.4319,45.1696],[34.2693,45.1696],[34.0621,45.4313],[33.8993,45.4313],[33.628,45.8243],[32.8337,45.6011],[32.6677,45.5254],[32.5967,45.4313]]],[[[39.1905,43.9938],[39.3519,43.9938],[39.9778,43.4072],[40.0583,43.4072],[40.161,43.5375],[40.7246,43.5375],[41.3454,43.4072],[41.7125,43.2118],[42.9861,43.1467],[43.4191,42.8864],[43.6597,42.8864],[43.8511,42.6262],[44.3565,42.7563],[44.7446,42.6912],[44.7572,42.7563],[44.8374,42.7563],[44.8247,42.6912],[45.2253,42.6912],[45.6207,42.5304],[45.5243,42.5385],[45.7345,42.4312],[45.6162,42.2362],[45.7506,42.1063],[46.2967,42.0413],[46.3921,41.918],[46.3508,41.9114],[46.7367,41.8465],[47.2706,41.3274],[47.5629,41.1977],[47.8937,41.2625],[48.1849,41.522],[48.172,41.8465],[48.0923,41.8465],[48.2125,42.0413],[47.6816,42.5612],[47.6562,42.8213],[47.3764,43.0165],[47.4591,43.4072],[47.3398,43.6027],[47.3431,43.9938],[47.0093,44.3201],[46.6327,44.4507],[46.6885,44.7119],[47.0097,44.8309],[47.0032,44.9216],[47.0411,44.8426],[47.3323,45.4313],[47.4513,45.3788],[47.3814,45.411],[47.4791,45.4231],[47.4729,45.6546],[47.3848,45.7502],[47.5034,45.7174],[47.4326,45.6945],[47.4723,45.6741],[47.6189,45.7124],[47.5601,45.7716],[47.6587,45.7176],[47.9759,45.7588],[47.7754,45.9554],[47.805,46.0865],[47.6563,46.1521],[47.686,46.2833],[47.9465,46.3489],[47.9766,46.4802],[47.8428,46.6115],[47.8731,46.7429],[47.4039,47.2032],[46.8728,47.4006],[46.7532,47.5982],[46.5882,47.5982],[45.8598,48.3899],[43.6348,48.4559],[43.2049,47.9938],[43.0395,47.9938],[42.3535,47.4665],[41.7376,47.269],[41.6043,47.0058],[41.32,46.8086],[40.915,45.9554],[40.5408,45.6933],[40.2262,45.3004],[40.0757,44.908],[39.902,44.8426],[39.9376,44.5813],[39.2014,44.0591],[39.1905,43.9938]],[[40.0676,43.5413],[40.0728,43.5511],[40.0857,43.5546],[40.0676,43.5413]]]]}},{"type":"Feature","properties":{"relationId":"cliopatria-relation-668149133cee","name":"(Alliance between Byzantine Empire and Khazaria)","name_ko":"동로마 제국–하자르 카간국 동맹","relationKind":"alliance","relation_kind_ko":"동맹","actor_ids":"cliopatria-q12544-9c75ec2643;cliopatria-q2090473-4e85a14d79","actor_names_ko":"동로마 제국;하자르 카간국","color":"#4fd1c5","startYear":641,"endYear":646,"source_name":"Cliopatria v0.2.0","source_url":"https://github.com/Seshat-Global-History-Databank/cliopatria","license":"CC BY 4.0","attribution":"Seshat Global History Databank, Cliopatria contributors"},"geometry":{"type":"MultiPolygon","coordinates":[[[[0.7066,36.3344],[0.7669,36.1596],[0.922,36.1596],[1.005,36.0308],[1.1547,36.1596],[2.008,36.1596],[2.0031,36.2884],[2.3159,36.224],[2.7747,36.4172],[5.6494,36.3528],[5.8795,36.4816],[6.3468,36.4172],[6.422,36.546],[6.8893,36.4816],[6.9647,36.6105],[7.5865,36.6105],[7.9024,36.224],[7.8282,35.9664],[7.9057,35.9664],[7.9114,35.5158],[7.9888,35.5158],[7.9942,35.0653],[8.2286,34.8079],[8.4594,34.8723],[8.8462,34.7436],[8.9263,34.3577],[9.0033,34.3577],[8.9288,34.0361],[9.0826,34.0361],[9.3159,33.5859],[9.6236,33.4574],[9.5475,33.3288],[9.625,33.1359],[10.0848,33.1359],[10.0086,33.0073],[10.3916,33.0073],[11.1572,32.6859],[11.3099,32.4931],[11.4629,32.5574],[11.539,32.4288],[11.7684,32.4288],[11.7679,32.3002],[12.4559,32.3645],[13.0667,32.3002],[13.0657,32.1717],[13.2953,32.236],[13.8286,32.1074],[14.5861,31.6575],[14.5844,31.529],[15.1873,31.0791],[15.1845,30.8863],[15.4896,30.9506],[16.7012,30.6935],[18.2813,30.0508],[19.1911,30.0508],[20.9516,30.565],[21.9388,30.565],[22.7667,30.3722],[22.7618,30.2436],[22.916,30.3079],[23.5101,29.9865],[23.9622,29.9223],[24.8522,29.4723],[24.8632,29.7294],[24.7201,29.9223],[24.7353,30.2653],[24.6887,30.1828],[24.7429,30.4364],[24.9826,30.6935],[24.8641,31.4005],[25.102,31.5933],[25.1097,31.7462],[25.0238,31.8634],[24.8925,31.9789],[24.1294,31.9789],[23.6803,32.1717],[23.3005,32.2176],[23.3122,32.1627],[23.1486,32.236],[23.0806,32.3341],[23.0944,32.4365],[23.1239,32.3971],[23.0894,32.6216],[22.7098,32.6859],[22.604,32.7781],[22.114,32.9414],[21.5698,32.8788],[21.4117,32.7502],[21.0578,32.7736],[20.8712,32.6216],[20.7962,32.6428],[20.6898,32.6041],[20.7159,32.5574],[20.563,32.5574],[20.482,32.4288],[20.417,32.4565],[20.3255,32.4098],[20.2461,32.236],[20.141,32.236],[20.0606,32.1583],[19.9961,31.5933],[20.2143,31.2719],[20.1467,31.1636],[20.2021,30.8863],[19.9682,30.6935],[19.9643,30.565],[19.5014,30.3079],[18.9686,30.2436],[18.787,30.3722],[18.5925,30.3722],[18.2175,30.7602],[17.8486,30.9237],[16.8136,31.2076],[16.1786,31.2076],[15.649,31.4005],[15.5323,31.6118],[15.4246,31.6575],[15.2823,32.3002],[15.0825,32.4133],[14.4444,32.4931],[14.0979,32.7281],[13.4537,32.8145],[13.2571,32.9186],[12.8413,32.8085],[12.8408,32.7502],[12.5347,32.7502],[12.5723,32.8127],[12.229,32.8145],[11.4544,33.2002],[11.1578,33.2002],[11.0798,33.5856],[10.7381,33.478],[10.584,33.6644],[10.2368,33.7146],[10.0058,33.9075],[10.0052,34.1706],[10.0661,34.242],[10.0045,34.2933],[10.543,34.5506],[10.8512,34.8079],[10.8512,34.9366],[10.9844,34.9994],[11.055,35.1404],[11.0057,35.3871],[11.0831,35.5073],[11.0169,35.5986],[10.851,35.6445],[10.839,35.7683],[10.6962,35.7089],[10.4635,35.902],[10.5349,36.3573],[10.4625,36.4172],[11.0062,36.8037],[11.0063,36.9971],[10.5187,36.7558],[10.3553,36.7312],[10.1885,36.7976],[10.2685,36.9378],[10.1824,37.027],[10.2271,37.1177],[10.1281,37.1587],[10.2272,37.1949],[10.1501,37.2337],[9.9934,37.1904],[9.8716,37.2574],[9.8196,37.2276],[9.925,37.2131],[9.9143,37.1783],[9.8159,37.1518],[9.7718,37.2133],[9.8536,37.2673],[9.759,37.3193],[9.3969,37.2594],[9.0595,37.0615],[8.9723,37.0975],[8.8244,36.9795],[8.6443,36.9535],[8.5164,36.8682],[7.7383,36.8682],[7.4902,37.055],[7.3979,37.0615],[7.3463,37.0615],[7.1937,36.8682],[6.8047,36.8682],[6.3339,37.0615],[6.2357,36.9212],[6.1043,36.8741],[6.1058,36.8037],[5.6788,36.8037],[5.5643,36.6749],[5.0978,36.6749],[4.8595,36.8682],[4.262,36.9116],[3.85,36.8037],[3.664,36.8344],[3.2299,36.7393],[2.8411,36.7393],[2.6008,36.5963],[2.3516,36.6383],[1.5296,36.4816],[1.1787,36.5109],[0.9138,36.3528],[0.7066,36.3344]],[[24.6887,30.1828],[24.6967,30.127],[24.6883,30.1442],[24.6887,30.1828]]],[[[-6.0043,35.3871],[-5.0765,35.3871],[-5.3258,35.6445],[-5.3411,35.8372],[-5.9458,35.7097],[-6.0043,35.3871]]],[[[14.3384,35.9455],[14.3815,35.843],[14.5618,35.8298],[14.5078,35.9285],[14.3773,35.9936],[14.3384,35.9455]]],[[[12.4905,37.7062],[13.192,37.5773],[13.6022,37.2505],[14.2779,37.126],[14.6723,36.7393],[15.0498,36.7393],[15.2051,37.1662],[15.0592,37.2549],[15.0665,37.6417],[15.3895,38.1578],[15.5432,38.1578],[15.5865,38.2377],[14.0562,37.9643],[13.6652,37.9643],[13.3547,38.1578],[13.1199,38.1578],[13.0404,38.0288],[12.6522,38.0929],[12.4919,37.8998],[12.4905,37.7062]]],[[[15.591,40.0778],[15.7478,40.0317],[15.7136,39.978],[15.7736,39.8424],[15.8989,39.7729],[16.1165,39.0618],[16.2703,38.9326],[16.2652,38.7389],[15.9497,38.6743],[15.8621,38.2869],[15.6328,38.2203],[15.6982,37.9643],[15.9328,37.9643],[16.4919,38.416],[16.5024,38.8034],[17.1383,39.0618],[17.0697,39.385],[16.9162,39.5143],[16.4473,39.6436],[16.4491,39.7083],[16.132,39.6436],[15.976,39.7083],[15.9865,40.0964],[15.8302,40.1612],[15.5931,40.1612],[15.591,40.0778]]],[[[1.2204,38.9553],[1.2529,38.8623],[1.4031,38.8323],[1.4147,38.8906],[1.6231,39.0292],[1.5227,39.1189],[1.3568,39.0776],[1.2928,39.0333],[1.301,38.9678],[1.2204,38.9553]]],[[[2.3508,39.5765],[2.487,39.4788],[2.6817,39.5587],[2.7435,39.5234],[2.7866,39.3759],[3.1447,39.3203],[3.2825,39.4201],[3.4744,39.7497],[3.1626,39.7691],[3.1263,39.8319],[3.1959,39.8906],[3.0947,39.8812],[3.1738,39.967],[2.8132,39.8726],[2.3508,39.5765]]],[[[3.8032,40.0181],[3.8307,39.9361],[4.3008,39.8378],[4.1705,40.0646],[4.1423,40.0248],[4.1051,40.0794],[3.8032,40.0181]]],[[[8.1567,40.7718],[8.1974,40.6912],[8.1618,40.5638],[8.1934,40.6175],[8.2163,40.5706],[8.312,40.5781],[8.386,40.3518],[8.4761,40.2921],[8.49,40.1045],[8.3772,40.0338],[8.4004,39.9361],[8.5453,39.8786],[8.5044,39.7215],[8.5658,39.7011],[8.4553,39.7561],[8.4634,39.5769],[8.374,39.3789],[8.4321,39.3018],[8.4095,39.1693],[8.5596,39.0567],[8.606,38.9088],[8.7166,38.9326],[8.8533,38.878],[9.0183,38.9953],[9.0183,39.1461],[9.0798,39.2246],[9.0139,39.2639],[9.166,39.1871],[9.2922,39.2213],[9.4052,39.1521],[9.5664,39.1492],[9.7111,39.9293],[9.6262,40.2631],[9.8225,40.5327],[9.6579,40.7999],[9.724,40.8449],[9.6141,40.8934],[9.6421,40.9206],[9.5042,40.9269],[9.6469,40.9922],[9.5119,41.0163],[9.5541,41.1239],[9.4691,41.1462],[9.4429,41.092],[9.4224,41.1807],[9.1711,41.2426],[9.1419,41.1528],[9.0055,41.1219],[8.8225,40.9473],[8.5205,40.827],[8.3102,40.8507],[8.1812,40.9341],[8.2153,40.8814],[8.1567,40.7718]]],[[[8.3533,39.0556],[8.4312,38.9661],[8.4839,39.0698],[8.3701,39.1131],[8.3533,39.0556]]],[[[9.3767,41.2147],[9.377,41.2133],[9.3953,41.2106],[9.4007,41.2115],[9.3767,41.2147]]],[[[9.437,41.1859],[9.4644,41.1727],[9.4749,41.1793],[9.4749,41.2014],[9.445,41.2055],[9.437,41.1859]]],[[[14.0264,40.9384],[14.4219,40.8736],[14.4194,40.7517],[14.4741,40.7297],[14.4363,40.6792],[14.7349,40.6792],[14.7377,40.8088],[14.5791,40.8088],[14.5039,41.0032],[14.0276,41.0032],[14.0264,40.9384]]],[[[8.5453,42.2329],[8.5938,42.1745],[8.5596,42.154],[8.745,42.0566],[8.6457,41.9774],[8.8054,41.9069],[8.7508,41.8455],[8.7849,41.8244],[8.6551,41.7499],[8.9227,41.6946],[8.8018,41.6391],[8.7918,41.5612],[9.0798,41.4824],[9.0964,41.4035],[9.2255,41.3771],[9.2107,41.4482],[9.3506,41.5812],[9.2922,41.6264],[9.3467,41.6196],[9.4016,41.7064],[9.4032,41.9529],[9.5596,42.1466],[9.5281,42.5635],[9.4429,42.6406],[9.464,42.9901],[9.3467,43.0037],[9.3057,42.8393],[9.3425,42.7491],[9.2922,42.6748],[9.1178,42.732],[8.787,42.562],[8.7092,42.5792],[8.6595,42.4299],[8.5491,42.3771],[8.6878,42.2729],[8.5453,42.2329]]],[[[9.4566,42.6474],[9.4768,42.6191],[9.4769,42.6201],[9.4821,42.6201],[9.4566,42.6474]]],[[[11.4949,42.3582],[11.5746,42.3282],[11.5748,42.3662],[11.4949,42.3582]]],[[[10.1632,42.8164],[10.1963,42.7362],[10.3379,42.7648],[10.4307,42.7221],[10.3888,42.7635],[10.4367,42.8044],[10.4124,42.8734],[10.3473,42.8059],[10.1632,42.8164]]],[[[16.7272,43.3421],[16.8076,43.3421],[16.8076,43.3429],[16.7962,43.3464],[16.8078,43.3464],[16.808,43.3535],[16.7282,43.3691],[16.7272,43.3421]]],[[[16.7301,43.4247],[16.8102,43.4134],[16.8123,43.4723],[16.7318,43.4723],[16.7301,43.4247]]],[[[11.0209,44.5813],[11.2627,44.2548],[11.2609,43.7982],[11.6628,43.6027],[11.5795,43.1467],[11.9784,42.8213],[11.5748,42.3662],[11.6548,42.3662],[11.7349,42.1707],[12.1317,42.0413],[12.1715,41.8777],[12.6046,41.522],[12.9222,41.4571],[13,41.3274],[13.3976,41.3274],[13.7955,41.2011],[14.0374,41.522],[13.9615,41.7167],[13.8044,41.8465],[13.4057,41.8465],[13.328,41.9764],[13.0097,42.0413],[12.6144,42.3662],[12.4609,42.9515],[12.3807,42.9515],[12.5472,43.4723],[12.7098,43.6027],[13.1124,43.6027],[13.4291,43.2769],[13.6715,43.3421],[13.6726,43.4072],[13.3874,43.6413],[13.0338,43.733],[13.019,43.8567],[12.8734,43.7982],[12.4739,44.1243],[12.3931,44.1243],[12.1537,44.4507],[12.1572,44.8426],[12.4001,44.7989],[12.4026,45.0388],[12.3688,45.011],[12.16,45.1696],[12.1628,45.4968],[12.6522,45.5623],[12.8168,45.6933],[13.0559,45.6392],[12.9816,45.8243],[12.1644,45.6933],[12.0004,45.5623],[11.9979,45.235],[11.834,45.0388],[11.2659,45.1696],[11.2655,45.0388],[11.0214,44.8426],[11.0209,44.5813]]],[[[15.9332,43.6678],[16.0117,43.6027],[15.9595,43.504],[16.1724,43.4897],[16.1177,43.5245],[16.2034,43.526],[16.2533,43.6027],[16.6537,43.5375],[16.6583,43.6678],[15.9332,43.6678]]],[[[7.1502,43.733],[7.8736,43.8634],[8.1934,44.0591],[8.1916,44.1896],[8.4315,44.3854],[8.9163,44.4507],[8.9149,44.5813],[8.7522,44.6466],[8.4298,44.516],[8.1859,44.5813],[8.1108,44.1896],[7.227,43.9286],[7.1502,43.733]]],[[[14.9971,44.5813],[15.149,44.4723],[15.1519,44.5813],[14.9971,44.5813]]],[[[15.012,44.5342],[15.029,44.498],[15.0755,44.4841],[15.0412,44.5275],[15.012,44.5342]]],[[[15.0415,44.4766],[15.1288,44.312],[15.2202,44.3127],[15.1651,44.3674],[15.2544,44.34],[15.0415,44.4766]]],[[[15.1325,44.2776],[15.1432,44.2548],[15.1735,44.2548],[15.1576,44.2803],[15.1406,44.2825],[15.1325,44.2776]]],[[[15.1854,44.2854],[15.3012,44.1243],[15.4241,44.2682],[15.2612,44.3326],[15.2953,44.2507],[15.1854,44.2854]]],[[[15.2124,44.4246],[15.443,44.2904],[15.4684,44.3201],[15.2124,44.4246]]],[[[13.5448,45.3427],[13.7056,45.235],[13.8032,44.908],[13.9432,44.908],[13.9457,45.0388],[13.7067,45.3004],[13.7917,45.4968],[13.5473,45.4968],[13.5448,45.3427]]],[[[22.9016,36.3383],[22.9292,36.178],[23.0533,36.1596],[23.0769,36.2707],[22.9446,36.3894],[22.9016,36.3383]]],[[[24.2754,37.5317],[24.3958,37.6247],[24.3728,37.6852],[24.2893,37.6453],[24.2754,37.5317]]],[[[20.6195,37.8228],[20.7934,37.6685],[20.9261,37.7284],[20.886,37.814],[20.7247,37.8998],[20.6554,37.8998],[20.6195,37.8228]]],[[[24.6878,37.9287],[24.9118,37.7283],[24.9944,37.7541],[24.9538,37.8707],[24.7937,37.9941],[24.6878,37.9287]]],[[[20.339,38.2002],[20.3801,38.1518],[20.4253,38.1753],[20.4351,38.2788],[20.4943,38.1337],[20.7865,38.0933],[20.6817,38.2821],[20.6429,38.2534],[20.5991,38.3026],[20.6224,38.3596],[20.5497,38.3901],[20.479,38.3095],[20.3999,38.3641],[20.339,38.2002]]],[[[20.7064,38.3243],[20.7194,38.3156],[20.7249,38.3165],[20.7064,38.3243]]],[[[21.5818,38.3515],[21.6604,38.3579],[21.6634,38.416],[21.585,38.416],[21.5818,38.3515]]],[[[23.4849,38.7389],[23.5634,38.7389],[23.5668,38.7946],[23.4888,38.8034],[23.4849,38.7389]]],[[[24.4362,38.878],[24.557,38.8457],[24.5368,38.7918],[24.6643,38.7732],[24.4915,38.981],[24.4362,38.878]]],[[[21.3859,39.1265],[21.4645,39.1265],[21.4679,39.1911],[21.3892,39.1911],[21.3859,39.1265]]],[[[20.1453,39.6436],[20.1517,39.6402],[20.1519,39.6436],[20.1453,39.6436]]],[[[19.3044,40.6531],[19.4863,40.6144],[19.4714,40.2906],[19.6295,40.2906],[20.0094,39.967],[19.9876,39.7083],[20.155,39.7083],[20.2972,39.385],[20.9538,39.0342],[21.0584,39.009],[21.0852,39.0629],[21.1599,38.9977],[21.1774,38.876],[21.1023,38.9108],[21.0852,38.8643],[21.0274,38.9326],[20.8599,38.9605],[20.7414,38.8034],[20.9737,38.7389],[21.1933,38.416],[21.3431,38.416],[21.3225,38.4963],[21.3732,38.416],[21.585,38.416],[21.3693,38.8034],[21.3859,39.1265],[20.6248,39.6436],[20.6313,39.7729],[20.4042,39.967],[20.4896,40.0964],[20.2558,40.1612],[20.1895,40.4201],[20.2719,40.4849],[20.0376,40.5496],[19.8887,40.744],[19.994,41.2625],[19.8382,41.3274],[19.9243,41.4571],[19.8448,41.4571],[19.8546,41.6518],[19.5763,41.7091],[19.613,41.6053],[19.4818,41.5813],[19.5265,41.4571],[19.4564,41.449],[19.5233,41.3922],[19.4695,41.3108],[19.5166,41.2564],[19.4555,41.1485],[19.5234,40.9206],[19.3688,40.8022],[19.3044,40.6531]],[[20.249,39.6848],[20.2875,39.7112],[20.2827,39.7044],[20.249,39.6848]]],[[[19.7578,39.6436],[19.9065,39.5814],[19.8416,39.7042],[19.947,39.7729],[19.7637,39.7729],[19.7578,39.6436]]],[[[16.0895,40.9384],[16.2482,40.9384],[16.2463,40.8736],[16.7909,40.5496],[16.7847,40.3554],[16.9137,40.4464],[16.868,40.4849],[17.0285,40.5496],[17.3452,40.5496],[17.4175,40.3554],[17.8131,40.3554],[18.1122,39.9023],[18.3489,39.9023],[18.3565,40.0964],[18.4355,40.0964],[18.3642,40.2906],[17.9812,40.6144],[17.5107,40.744],[17.4136,40.8811],[16.8612,41.1386],[16.2581,41.2625],[16.2541,41.1328],[16.0933,41.068],[16.0895,40.9384]]],[[[24.5197,40.6853],[24.6397,40.5732],[24.7801,40.6122],[24.7864,40.7351],[24.6423,40.8039],[24.5197,40.6853]]],[[[19.9178,41.3274],[19.9973,41.3274],[20.0006,41.3922],[19.921,41.3922],[19.9178,41.3274]]],[[[19.8546,41.6518],[19.9343,41.6518],[19.9376,41.7167],[19.858,41.7167],[19.8546,41.6518]]],[[[17.8312,42.8213],[17.9915,42.8213],[18.0661,42.6912],[18.2292,42.7563],[18.0717,42.8213],[18.0745,42.8864],[17.8312,42.8213]]],[[[17.5079,42.7563],[17.5655,42.7563],[17.5237,42.7648],[17.5085,42.7718],[17.5079,42.7563]]],[[[17.5119,42.8554],[17.5913,42.8354],[17.5933,42.8864],[17.5131,42.8864],[17.5119,42.8554]]],[[[16.7195,43.1273],[17.1216,43.1404],[16.721,43.1674],[16.7195,43.1273]]],[[[17.1165,43.2118],[17.1241,43.2077],[17.1243,43.2118],[17.1165,43.2118]]],[[[32.2717,35.0728],[32.3294,34.8864],[32.459,34.7219],[32.7099,34.6458],[32.9136,34.6567],[32.9425,34.5794],[33.0303,34.5685],[33.0156,34.6344],[33.0864,34.6948],[33.2601,34.7005],[33.5917,34.8203],[33.7015,34.9729],[34.0685,34.9979],[33.9431,35.0653],[34.0123,35.0638],[33.8999,35.1645],[33.9121,35.26],[34.5384,35.671],[33.6603,35.3593],[33.4275,35.3289],[32.9231,35.3871],[32.9294,35.233],[32.8652,35.157],[32.6897,35.1839],[32.4138,35.043],[32.2717,35.0728]],[[33.7592,34.9887],[33.7911,34.9824],[33.7874,34.98],[33.7592,34.9887]],[[32.712,35.1731],[32.7315,35.1432],[32.7127,35.1634],[32.712,35.1731]],[[33.4666,35.0051],[33.4675,35.0126],[33.4768,35.0027],[33.4666,35.0051]],[[33.6195,35.0168],[33.7115,34.9856],[33.7029,34.9879],[33.6195,35.0168]],[[33.6794,35.0349],[33.7022,35.0223],[33.6794,35.0339],[33.6794,35.0349]],[[33.6966,35.009],[33.7022,35.0223],[33.7002,35.0067],[33.6966,35.009]],[[33.8412,35.0511],[33.8801,35.0731],[33.8551,35.0534],[33.8412,35.0511]]],[[[23.6154,35.5158],[23.6792,35.2584],[24.7574,35.194],[24.8237,35.001],[26.1401,35.0653],[26.2253,35.194],[25.7953,35.1151],[25.6806,35.1297],[25.6923,35.3227],[24.301,35.3227],[24.1499,35.3871],[24.1541,35.465],[24.0669,35.507],[24.1569,35.5158],[23.6154,35.5158]]],[[[27.708,36.1688],[27.7519,35.905],[27.9934,36.062],[28.0896,36.0551],[28.0617,36.1165],[28.1634,36.2377],[28.2311,36.4498],[27.8997,36.3402],[27.708,36.1688]]],[[[26.9177,36.7161],[27.1854,36.8037],[27.1442,36.8811],[26.9177,36.7161]]],[[[25.3418,37.083],[25.3936,36.9971],[25.5644,36.9971],[25.5727,37.126],[25.3418,37.083]]],[[[24.9955,37.6789],[25.1255,37.5559],[25.216,37.5329],[25.2593,37.59],[24.9955,37.6789]]],[[[25.99,37.5165],[26.2306,37.5714],[26.312,37.6796],[26.0742,37.6379],[25.99,37.5165]]],[[[25.8407,38.5224],[25.989,38.3793],[25.9644,38.3026],[25.885,38.2794],[25.8898,38.2206],[26.0115,38.1578],[26.1121,38.2226],[26.1636,38.5428],[26.0159,38.602],[25.8696,38.5831],[25.8407,38.5224]]],[[[25.8359,39.1822],[26.1021,39.1115],[26.2256,39.2076],[26.2935,39.1772],[26.1002,39.0858],[26.1657,39.0224],[26.5471,38.9879],[26.437,39.1035],[26.4893,39.1137],[26.5394,39.0194],[26.61,39.0229],[26.5397,39.166],[26.3822,39.2771],[26.4074,39.3347],[26.1658,39.3681],[26.0606,39.2895],[25.9226,39.2911],[25.8359,39.1822]]],[[[25.0447,39.9853],[25.047,39.8376],[25.2043,39.8376],[25.2388,39.9195],[25.2798,39.8891],[25.2388,39.8581],[25.3551,39.8376],[25.348,39.9064],[25.4499,39.9884],[25.4377,40.0317],[25.2852,39.9534],[25.2251,40.0089],[25.0447,39.9853]]],[[[25.7052,40.1144],[26.0122,40.1666],[25.9631,40.1571],[25.926,40.2428],[25.759,40.2067],[25.7052,40.1144]]],[[[21.2436,37.8352],[21.6966,37.5128],[21.6958,37.3164],[21.6031,37.1904],[21.681,37.1904],[21.7435,36.8682],[21.8992,36.8682],[21.9085,37.0615],[22.22,37.0615],[22.3757,36.6749],[22.5118,36.6749],[22.5994,36.8682],[22.8328,36.8682],[23.0332,36.6946],[22.8532,37.2549],[22.7007,37.3193],[22.7144,37.5773],[22.9486,37.5773],[23.1756,37.4483],[23.1685,37.3193],[23.278,37.3498],[23.23,37.3749],[23.2627,37.401],[23.3849,37.4134],[23.36,37.5475],[23.1083,37.6417],[23.0151,37.9252],[23.2044,37.963],[23.2082,38.0288],[23.5746,38.0468],[23.5597,37.9866],[23.9786,37.8352],[24.0361,38.2224],[23.951,38.2909],[23.71,38.3367],[23.5929,38.4806],[23.3126,38.4806],[23.1826,38.6538],[23.1045,38.6384],[22.9149,38.7756],[22.5251,38.8581],[22.6216,38.9145],[22.792,38.878],[23.0731,39.0363],[22.9639,39.009],[22.9981,39.0698],[22.9516,39.1238],[22.7973,39.0618],[22.8163,39.385],[23.1318,39.4489],[22.6109,39.9023],[22.6497,39.9853],[22.5437,40.0964],[22.5716,40.5496],[22.9105,40.6446],[22.9832,40.5527],[22.9265,40.5153],[22.9592,40.4201],[23.7374,40.2259],[23.6936,40.3092],[23.7777,40.3548],[23.8386,40.5496],[23.6846,40.6144],[23.698,40.8088],[24.0106,40.744],[24.3466,41.0032],[25.1384,41.0101],[25.1358,40.9692],[25.8495,40.9384],[26.0822,40.8736],[26.1403,40.6144],[26.5472,40.744],[26.621,40.6792],[26.9324,40.6144],[26.7685,40.5496],[26.8466,40.5165],[26.9576,40.5584],[27.0172,40.6792],[27.5275,41.068],[29.0429,41.068],[29.0645,41.1371],[28.9631,41.1328],[28.975,41.2529],[28.5053,41.3274],[28.0814,41.6518],[27.9794,41.6518],[27.937,42.0413],[27.4529,42.4801],[27.5135,42.6262],[27.8466,42.7563],[27.8049,43.1467],[27.8982,43.2769],[28.0607,43.3092],[28.1925,43.4078],[28.1592,43.4723],[28.4811,43.4723],[28.6163,43.9938],[28.5356,43.9938],[28.5769,44.3854],[28.7612,44.5223],[28.7578,44.6268],[28.8362,44.6268],[28.784,44.6492],[28.8257,44.7332],[28.802,44.9734],[29.0583,45.001],[29.1106,44.97],[29.0521,44.9446],[29.0441,44.8655],[29.0603,44.8323],[29.0964,44.8751],[29.1387,44.8072],[29.5253,44.908],[29.6584,45.3659],[29.577,45.3659],[29.5845,45.4313],[29.096,45.4313],[28.6677,45.235],[28.3494,45.3004],[28.2819,45.4313],[27.8681,45.3659],[27.8479,45.1696],[27.9969,45.0388],[27.9699,44.7773],[27.801,44.7119],[27.7877,44.5813],[27.943,44.516],[27.8289,44.1896],[27.9097,44.1896],[27.6828,43.5375],[27.224,42.9515],[27.298,42.8864],[27.181,42.4962],[26.7808,42.4962],[26.769,42.3662],[26.2149,42.4312],[26.1236,42.3012],[25.8837,42.3012],[25.4624,42.0413],[25.2282,42.1063],[25.1431,42.0413],[25.2124,41.9114],[24.9731,41.9114],[24.8033,41.7816],[24.649,41.8465],[24.6339,41.6518],[23.7484,41.522],[23.6641,41.4571],[23.7344,41.3274],[23.4824,41.1328],[23.5218,40.5496],[23.2051,40.5496],[23.143,40.8088],[22.6672,40.8088],[22.4172,40.6144],[22.0965,40.5496],[22.0096,40.4201],[22.0659,40.0317],[22.22,39.967],[22.5052,39.4496],[22.419,39.3203],[22.4792,38.9972],[22.4007,38.9972],[22.3827,38.6743],[22.2084,38.3515],[22.3875,38.3515],[22.4016,38.4534],[22.5297,38.3515],[22.6465,38.39],[22.8351,38.3515],[22.9881,38.2869],[23.0322,38.1859],[23.2234,38.1592],[23.1755,38.145],[23.2166,38.1033],[23.0367,38.0651],[22.9463,37.9462],[22.5825,38.0288],[22.4837,37.6417],[22.012,37.5773],[21.8655,37.7707],[21.7093,37.7707],[21.6503,38.1578],[21.3474,38.096],[21.2436,37.8352]],[[24.1262,41.5294],[24.1463,41.5268],[24.1702,41.5116],[24.1262,41.5294]],[[24.1816,41.5374],[24.1963,41.547],[24.2121,41.5518],[24.1816,41.5374]],[[25.1771,41.2939],[25.2308,41.248],[25.2197,41.2497],[25.1771,41.2939]],[[26.0475,41.6746],[26.0493,41.6823],[26.055,41.6488],[26.0475,41.6746]],[[26.0522,41.6952],[26.0537,41.7015],[26.0579,41.7035],[26.0522,41.6952]],[[26.1312,41.5527],[26.1525,41.547],[26.1544,41.5437],[26.1312,41.5527]],[[26.1459,41.478],[26.1602,41.5019],[26.1593,41.4938],[26.1459,41.478]],[[26.1589,41.5362],[26.1631,41.5291],[26.1617,41.5157],[26.1589,41.5362]],[[26.2304,41.7466],[26.2344,41.7458],[26.2739,41.7149],[26.2304,41.7466]],[[26.3668,41.7112],[26.3774,41.7106],[26.4044,41.6918],[26.3668,41.7112]],[[26.5837,41.3326],[26.6097,41.3307],[26.5911,41.3293],[26.5837,41.3326]]],[[[22.833,38.8227],[22.9818,38.845],[22.9564,38.878],[23.0202,38.9214],[22.833,38.8227]]],[[[23.0356,36.6926],[23.0463,36.6833],[23.0517,36.6872],[23.0498,36.6926],[23.0356,36.6926]]],[[[23.0365,38.9279],[23.3318,38.8034],[23.4651,38.8569],[23.2006,39.0093],[23.0365,38.9279]]],[[[23.3122,37.6174],[23.3406,37.6003],[23.3536,37.5821],[23.3442,37.6327],[23.3122,37.6174]]],[[[23.4014,37.3193],[23.4024,37.3193],[23.4023,37.3198],[23.4014,37.3193]]],[[[23.5634,38.7389],[23.6355,38.5286],[23.594,38.4534],[23.6492,38.4057],[24.0422,38.4015],[24.0669,38.351],[24.0254,38.3305],[24.1617,38.2698],[24.1789,38.5451],[24.0302,38.6743],[23.5634,38.7389]]],[[[24.1275,38.2224],[24.1447,38.2224],[24.1426,38.227],[24.157,38.2296],[24.1591,38.2287],[24.1614,38.2661],[24.1311,38.2358],[24.1275,38.2224]]],[[[26.1325,39.5143],[26.9377,39.5748],[26.9299,39.4877],[26.801,39.4335],[26.7422,39.2557],[26.8945,39.1911],[26.8793,38.9972],[26.9579,38.9972],[26.9399,38.9327],[27.0413,38.9401],[27.0627,38.8869],[26.9084,38.8204],[26.9314,38.7551],[26.8495,38.6097],[27.0798,38.5451],[27.0728,38.4537],[27.1642,38.4466],[27.0694,38.4094],[27.065,38.3515],[26.6762,38.3515],[26.6731,38.3072],[26.595,38.3515],[26.5358,38.6097],[26.3895,38.6719],[26.4058,38.4535],[26.513,38.4329],[26.4515,38.4261],[26.4289,38.2224],[26.8203,38.2224],[26.889,38.0933],[27.2753,38.0288],[27.2559,37.7707],[27.1794,37.6106],[27.31,37.4483],[27.2461,37.3362],[27.4072,37.4127],[27.4385,37.3908],[27.3921,37.3538],[27.5392,37.3838],[27.5644,37.2735],[27.616,37.2747],[27.598,37.126],[28.0653,37.126],[28.1313,37.0363],[28.3294,37.0368],[28.2124,37.0004],[28.1653,36.9116],[28.1034,36.9353],[28.0583,36.7721],[28.1184,36.8006],[28.1305,36.754],[28.0314,36.6749],[28.1961,36.6854],[28.2731,36.852],[28.2934,36.7959],[28.3571,36.8682],[28.5905,36.8682],[28.7361,36.7393],[29.1249,36.7393],[29.2163,36.3291],[29.3496,36.2326],[29.4116,36.2674],[29.4666,36.224],[29.938,36.224],[30.0261,36.3528],[30.4919,36.3528],[30.6191,36.9326],[31.086,36.9326],[32.0681,36.6105],[32.4985,36.224],[32.5369,36.1],[32.733,36.0376],[33.2744,36.224],[33.8711,36.3149],[33.9791,36.2884],[34.2507,36.6749],[34.8151,36.8682],[34.927,37.1904],[35.6148,37.7707],[35.6295,37.8998],[36.0503,38.1578],[36.1591,38.416],[36.4097,38.5451],[36.6062,38.868],[37.5457,39.4496],[37.7467,39.7729],[38.2743,40.1612],[38.5113,40.1612],[38.8556,40.3554],[39.8938,40.4201],[40.3095,40.5496],[41.3389,40.5496],[41.5348,41.2625],[41.8061,41.4571],[41.8392,41.6518],[41.7097,41.7085],[41.5674,41.4571],[41.4471,41.4571],[41.3071,41.3274],[40.5393,41.0032],[40.4492,41.0425],[40.3703,40.9384],[39.7355,40.9384],[39.1683,41.0797],[38.9208,41.0382],[38.7834,40.9384],[38.2977,40.8736],[38.2217,40.9441],[38.0253,40.9769],[37.8312,40.9384],[37.7706,41.068],[37.2147,41.068],[37.226,41.1475],[37.0651,41.1328],[36.7748,41.3274],[36.451,41.2404],[36.2092,41.2625],[35.9561,41.7127],[35.9227,41.6462],[35.9457,41.7167],[35.5767,41.6297],[35.157,41.7167],[35.0921,41.928],[35.123,42.0248],[35.0615,42.0413],[34.9178,42.0413],[34.7845,41.9114],[33.2771,41.9764],[32.6675,41.8369],[32.6947,41.7816],[31.4983,41.352],[31.3928,41.1884],[31.1801,41.068],[30.6242,41.068],[30.53,41.1522],[30.3513,41.1922],[30.1369,41.1438],[29.0894,41.1382],[29.0524,41.068],[29.1156,41.068],[29.1034,40.9447],[29.2639,40.8698],[29.2949,40.8388],[29.2546,40.8108],[29.493,40.8736],[29.4438,40.7766],[29.9393,40.7351],[29.5599,40.6911],[29.4906,40.7272],[28.9422,40.6184],[28.9156,40.4714],[29.1515,40.4341],[29.0463,40.3554],[27.9388,40.3554],[27.904,40.3999],[27.9505,40.4849],[27.7921,40.4849],[27.7918,40.3929],[27.8836,40.3863],[27.6958,40.2906],[27.5376,40.2906],[27.2948,40.4059],[26.6819,40.3561],[26.408,40.1937],[26.311,40.0195],[26.2205,40.0029],[26.1325,39.5143]]],[[[26.2318,40.0656],[26.3758,40.1535],[26.3456,40.1998],[26.6167,40.3595],[26.6839,40.4849],[26.2723,40.2906],[26.2318,40.0656]]],[[[27.5815,37.1982],[27.5831,37.1912],[27.5877,37.1988],[27.5815,37.1982]]],[[[32.5967,45.4313],[32.9224,45.4313],[33.6101,45.1042],[33.6092,44.8717],[33.5151,44.6466],[33.5715,44.6206],[33.4767,44.6099],[33.5086,44.4953],[33.6202,44.462],[34.0966,44.516],[34.286,44.7119],[34.3671,44.7119],[34.3763,44.7773],[34.5385,44.7773],[34.5478,44.8426],[34.7911,44.8426],[34.4319,45.1696],[34.2693,45.1696],[34.0621,45.4313],[33.8993,45.4313],[33.628,45.8243],[32.8337,45.6011],[32.6677,45.5254],[32.5967,45.4313]]],[[[39.1905,43.9938],[39.3519,43.9938],[39.9778,43.4072],[40.0583,43.4072],[40.161,43.5375],[40.7246,43.5375],[41.3454,43.4072],[41.7125,43.2118],[42.9861,43.1467],[43.4191,42.8864],[43.6597,42.8864],[43.8511,42.6262],[44.3565,42.7563],[44.7446,42.6912],[44.7572,42.7563],[44.8374,42.7563],[44.8247,42.6912],[45.2253,42.6912],[45.6207,42.5304],[45.5243,42.5385],[45.7345,42.4312],[45.6162,42.2362],[45.7506,42.1063],[46.2967,42.0413],[46.3921,41.918],[46.3508,41.9114],[46.7367,41.8465],[47.2706,41.3274],[47.5629,41.1977],[47.8937,41.2625],[48.1849,41.522],[48.172,41.8465],[48.0923,41.8465],[48.2125,42.0413],[47.6816,42.5612],[47.6562,42.8213],[47.3764,43.0165],[47.4591,43.4072],[47.3398,43.6027],[47.3431,43.9938],[47.0093,44.3201],[46.6327,44.4507],[46.6885,44.7119],[47.0097,44.8309],[47.0032,44.9216],[47.0411,44.8426],[47.3323,45.4313],[47.4513,45.3788],[47.3814,45.411],[47.4791,45.4231],[47.4729,45.6546],[47.3848,45.7502],[47.5034,45.7174],[47.4326,45.6945],[47.4723,45.6741],[47.6189,45.7124],[47.5601,45.7716],[47.6587,45.7176],[47.9759,45.7588],[47.7754,45.9554],[47.805,46.0865],[47.6563,46.1521],[47.686,46.2833],[47.9465,46.3489],[47.9766,46.4802],[47.8428,46.6115],[47.8731,46.7429],[47.4039,47.2032],[46.8728,47.4006],[46.7532,47.5982],[46.5882,47.5982],[45.8598,48.3899],[43.6348,48.4559],[43.2049,47.9938],[43.0395,47.9938],[42.3535,47.4665],[41.7376,47.269],[41.6043,47.0058],[41.32,46.8086],[40.915,45.9554],[40.5408,45.6933],[40.2262,45.3004],[40.0757,44.908],[39.902,44.8426],[39.9376,44.5813],[39.2014,44.0591],[39.1905,43.9938]],[[40.0676,43.5413],[40.0728,43.5511],[40.0857,43.5546],[40.0676,43.5413]]]]}},{"type":"Feature","properties":{"relationId":"cliopatria-relation-668149133cee","name":"(Alliance between Byzantine Empire and Khazaria)","name_ko":"동로마 제국–하자르 카간국 동맹","relationKind":"alliance","relation_kind_ko":"동맹","actor_ids":"cliopatria-q12544-9c75ec2643;cliopatria-q2090473-4e85a14d79","actor_names_ko":"동로마 제국;하자르 카간국","color":"#4fd1c5","startYear":647,"endYear":655,"source_name":"Cliopatria v0.2.0","source_url":"https://github.com/Seshat-Global-History-Databank/cliopatria","license":"CC BY 4.0","attribution":"Seshat Global History Databank, Cliopatria contributors"},"geometry":{"type":"MultiPolygon","coordinates":[[[[14.3384,35.9455],[14.3815,35.843],[14.5618,35.8298],[14.5078,35.9285],[14.3773,35.9936],[14.3384,35.9455]]],[[[12.4905,37.7062],[13.192,37.5773],[13.6022,37.2505],[14.2779,37.126],[14.6723,36.7393],[15.0498,36.7393],[15.2051,37.1662],[15.0592,37.2549],[15.0665,37.6417],[15.3895,38.1578],[15.5432,38.1578],[15.5865,38.2377],[14.0562,37.9643],[13.6652,37.9643],[13.3547,38.1578],[13.1199,38.1578],[13.0404,38.0288],[12.6522,38.0929],[12.4919,37.8998],[12.4905,37.7062]]],[[[15.591,40.0778],[15.7478,40.0317],[15.7136,39.978],[15.7736,39.8424],[15.8989,39.7729],[16.1165,39.0618],[16.2703,38.9326],[16.2652,38.7389],[15.9497,38.6743],[15.8621,38.2869],[15.6328,38.2203],[15.6982,37.9643],[15.9328,37.9643],[16.4919,38.416],[16.5024,38.8034],[17.1383,39.0618],[17.0697,39.385],[16.9162,39.5143],[16.4473,39.6436],[16.4491,39.7083],[16.132,39.6436],[15.976,39.7083],[15.9865,40.0964],[15.8302,40.1612],[15.5931,40.1612],[15.591,40.0778]]],[[[1.2204,38.9553],[1.2529,38.8623],[1.4031,38.8323],[1.4147,38.8906],[1.6231,39.0292],[1.5227,39.1189],[1.3568,39.0776],[1.2928,39.0333],[1.301,38.9678],[1.2204,38.9553]]],[[[2.3508,39.5765],[2.487,39.4788],[2.6817,39.5587],[2.7435,39.5234],[2.7866,39.3759],[3.1447,39.3203],[3.2825,39.4201],[3.4744,39.7497],[3.1626,39.7691],[3.1263,39.8319],[3.1959,39.8906],[3.0947,39.8812],[3.1738,39.967],[2.8132,39.8726],[2.3508,39.5765]]],[[[3.8032,40.0181],[3.8307,39.9361],[4.3008,39.8378],[4.1705,40.0646],[4.1423,40.0248],[4.1051,40.0794],[3.8032,40.0181]]],[[[8.1567,40.7718],[8.1974,40.6912],[8.1618,40.5638],[8.1934,40.6175],[8.2163,40.5706],[8.312,40.5781],[8.386,40.3518],[8.4761,40.2921],[8.49,40.1045],[8.3772,40.0338],[8.4004,39.9361],[8.5453,39.8786],[8.5044,39.7215],[8.5658,39.7011],[8.4553,39.7561],[8.4634,39.5769],[8.374,39.3789],[8.4321,39.3018],[8.4095,39.1693],[8.5596,39.0567],[8.606,38.9088],[8.7166,38.9326],[8.8533,38.878],[9.0183,38.9953],[9.0183,39.1461],[9.0798,39.2246],[9.0139,39.2639],[9.166,39.1871],[9.2922,39.2213],[9.4052,39.1521],[9.5664,39.1492],[9.7111,39.9293],[9.6262,40.2631],[9.8225,40.5327],[9.6579,40.7999],[9.724,40.8449],[9.6141,40.8934],[9.6421,40.9206],[9.5042,40.9269],[9.6469,40.9922],[9.5119,41.0163],[9.5541,41.1239],[9.4691,41.1462],[9.4429,41.092],[9.4224,41.1807],[9.1711,41.2426],[9.1419,41.1528],[9.0055,41.1219],[8.8225,40.9473],[8.5205,40.827],[8.3102,40.8507],[8.1812,40.9341],[8.2153,40.8814],[8.1567,40.7718]]],[[[8.3533,39.0556],[8.4312,38.9661],[8.4839,39.0698],[8.3701,39.1131],[8.3533,39.0556]]],[[[9.3767,41.2147],[9.377,41.2133],[9.3953,41.2106],[9.4007,41.2115],[9.3767,41.2147]]],[[[9.437,41.1859],[9.4644,41.1727],[9.4749,41.1793],[9.4749,41.2014],[9.445,41.2055],[9.437,41.1859]]],[[[16.0895,40.9384],[16.2482,40.9384],[16.2463,40.8736],[16.7909,40.5496],[16.7847,40.3554],[16.9137,40.4464],[16.868,40.4849],[17.0285,40.5496],[17.3452,40.5496],[17.4175,40.3554],[17.8131,40.3554],[18.1122,39.9023],[18.3489,39.9023],[18.3565,40.0964],[18.4355,40.0964],[18.3642,40.2906],[17.9812,40.6144],[17.5107,40.744],[17.4136,40.8811],[16.8612,41.1386],[16.2581,41.2625],[16.2541,41.1328],[16.0933,41.068],[16.0895,40.9384]]],[[[14.0264,40.9384],[14.4219,40.8736],[14.4194,40.7517],[14.4741,40.7297],[14.4363,40.6792],[14.7349,40.6792],[14.7377,40.8088],[14.5791,40.8088],[14.5039,41.0032],[14.0276,41.0032],[14.0264,40.9384]]],[[[8.5453,42.2329],[8.5938,42.1745],[8.5596,42.154],[8.745,42.0566],[8.6457,41.9774],[8.8054,41.9069],[8.7508,41.8455],[8.7849,41.8244],[8.6551,41.7499],[8.9227,41.6946],[8.8018,41.6391],[8.7918,41.5612],[9.0798,41.4824],[9.0964,41.4035],[9.2255,41.3771],[9.2107,41.4482],[9.3506,41.5812],[9.2922,41.6264],[9.3467,41.6196],[9.4016,41.7064],[9.4032,41.9529],[9.5596,42.1466],[9.5281,42.5635],[9.4429,42.6406],[9.464,42.9901],[9.3467,43.0037],[9.3057,42.8393],[9.3425,42.7491],[9.2922,42.6748],[9.1178,42.732],[8.787,42.562],[8.7092,42.5792],[8.6595,42.4299],[8.5491,42.3771],[8.6878,42.2729],[8.5453,42.2329]]],[[[9.4566,42.6474],[9.4768,42.6191],[9.4769,42.6201],[9.4821,42.6201],[9.4566,42.6474]]],[[[11.4949,42.3582],[11.5746,42.3282],[11.5748,42.3662],[11.4949,42.3582]]],[[[17.5079,42.7563],[17.5655,42.7563],[17.5237,42.7648],[17.5085,42.7718],[17.5079,42.7563]]],[[[17.5119,42.8554],[17.5913,42.8354],[17.5933,42.8864],[17.5131,42.8864],[17.5119,42.8554]]],[[[16.7195,43.1273],[17.1216,43.1404],[16.721,43.1674],[16.7195,43.1273]]],[[[17.1165,43.2118],[17.1241,43.2077],[17.1243,43.2118],[17.1165,43.2118]]],[[[16.7272,43.3421],[16.8076,43.3421],[16.8076,43.3429],[16.7962,43.3464],[16.8078,43.3464],[16.808,43.3535],[16.7282,43.3691],[16.7272,43.3421]]],[[[16.7301,43.4247],[16.8102,43.4134],[16.8123,43.4723],[16.7318,43.4723],[16.7301,43.4247]]],[[[11.0209,44.5813],[11.2627,44.2548],[11.2609,43.7982],[11.6628,43.6027],[11.5795,43.1467],[11.9784,42.8213],[11.5748,42.3662],[11.6548,42.3662],[11.7349,42.1707],[12.1317,42.0413],[12.1715,41.8777],[12.6046,41.522],[12.9222,41.4571],[13,41.3274],[13.3976,41.3274],[13.7955,41.2011],[14.0374,41.522],[13.9615,41.7167],[13.8044,41.8465],[13.4057,41.8465],[13.328,41.9764],[13.0097,42.0413],[12.6144,42.3662],[12.4609,42.9515],[12.3807,42.9515],[12.5472,43.4723],[12.7098,43.6027],[13.1124,43.6027],[13.4291,43.2769],[13.6715,43.3421],[13.6726,43.4072],[13.3874,43.6413],[13.0338,43.733],[13.019,43.8567],[12.8734,43.7982],[12.4739,44.1243],[12.3931,44.1243],[12.1537,44.4507],[12.1572,44.8426],[12.4001,44.7989],[12.4026,45.0388],[12.3688,45.011],[12.16,45.1696],[12.1628,45.4968],[12.6522,45.5623],[12.8168,45.6933],[13.0559,45.6392],[12.9816,45.8243],[12.1644,45.6933],[12.0004,45.5623],[11.9979,45.235],[11.834,45.0388],[11.2659,45.1696],[11.2655,45.0388],[11.0214,44.8426],[11.0209,44.5813]]],[[[15.9332,43.6678],[16.0117,43.6027],[15.9595,43.504],[16.1724,43.4897],[16.1177,43.5245],[16.2034,43.526],[16.2533,43.6027],[16.6537,43.5375],[16.6583,43.6678],[15.9332,43.6678]]],[[[14.9971,44.5813],[15.149,44.4723],[15.1519,44.5813],[14.9971,44.5813]]],[[[15.012,44.5342],[15.029,44.498],[15.0755,44.4841],[15.0412,44.5275],[15.012,44.5342]]],[[[15.0415,44.4766],[15.1288,44.312],[15.2202,44.3127],[15.1651,44.3674],[15.2544,44.34],[15.0415,44.4766]]],[[[15.1325,44.2776],[15.1432,44.2548],[15.1735,44.2548],[15.1576,44.2803],[15.1406,44.2825],[15.1325,44.2776]]],[[[15.1854,44.2854],[15.3012,44.1243],[15.4241,44.2682],[15.2612,44.3326],[15.2953,44.2507],[15.1854,44.2854]]],[[[15.2124,44.4246],[15.443,44.2904],[15.4684,44.3201],[15.2124,44.4246]]],[[[13.5448,45.3427],[13.7056,45.235],[13.8032,44.908],[13.9432,44.908],[13.9457,45.0388],[13.7067,45.3004],[13.7917,45.4968],[13.5473,45.4968],[13.5448,45.3427]]],[[[23.6154,35.5158],[23.6792,35.2584],[24.7574,35.194],[24.8237,35.001],[26.1401,35.0653],[26.2253,35.194],[25.7953,35.1151],[25.6806,35.1297],[25.6923,35.3227],[24.301,35.3227],[24.1499,35.3871],[24.1541,35.465],[24.0669,35.507],[24.1569,35.5158],[23.6154,35.5158]]],[[[22.9016,36.3383],[22.9292,36.178],[23.0533,36.1596],[23.0769,36.2707],[22.9446,36.3894],[22.9016,36.3383]]],[[[24.2754,37.5317],[24.3958,37.6247],[24.3728,37.6852],[24.2893,37.6453],[24.2754,37.5317]]],[[[24.9955,37.6789],[25.1255,37.5559],[25.216,37.5329],[25.2593,37.59],[24.9955,37.6789]]],[[[20.6195,37.8228],[20.7934,37.6685],[20.9261,37.7284],[20.886,37.814],[20.7247,37.8998],[20.6554,37.8998],[20.6195,37.8228]]],[[[24.6878,37.9287],[24.9118,37.7283],[24.9944,37.7541],[24.9538,37.8707],[24.7937,37.9941],[24.6878,37.9287]]],[[[20.339,38.2002],[20.3801,38.1518],[20.4253,38.1753],[20.4351,38.2788],[20.4943,38.1337],[20.7865,38.0933],[20.6817,38.2821],[20.6429,38.2534],[20.5991,38.3026],[20.6224,38.3596],[20.5497,38.3901],[20.479,38.3095],[20.3999,38.3641],[20.339,38.2002]]],[[[20.7064,38.3243],[20.7194,38.3156],[20.7249,38.3165],[20.7064,38.3243]]],[[[21.5818,38.3515],[21.6604,38.3579],[21.6634,38.416],[21.585,38.416],[21.5818,38.3515]]],[[[23.4849,38.7389],[23.5634,38.7389],[23.5668,38.7946],[23.4888,38.8034],[23.4849,38.7389]]],[[[24.4362,38.878],[24.557,38.8457],[24.5368,38.7918],[24.6643,38.7732],[24.4915,38.981],[24.4362,38.878]]],[[[21.3859,39.1265],[21.4645,39.1265],[21.4679,39.1911],[21.3892,39.1911],[21.3859,39.1265]]],[[[20.1453,39.6436],[20.1517,39.6402],[20.1519,39.6436],[20.1453,39.6436]]],[[[19.3044,40.6531],[19.4863,40.6144],[19.4714,40.2906],[19.6295,40.2906],[20.0094,39.967],[19.9876,39.7083],[20.155,39.7083],[20.2972,39.385],[20.9538,39.0342],[21.0584,39.009],[21.0852,39.0629],[21.1599,38.9977],[21.1774,38.876],[21.1023,38.9108],[21.0852,38.8643],[21.0274,38.9326],[20.8599,38.9605],[20.7414,38.8034],[20.9737,38.7389],[21.1933,38.416],[21.3431,38.416],[21.3225,38.4963],[21.3732,38.416],[21.585,38.416],[21.3693,38.8034],[21.3859,39.1265],[20.6248,39.6436],[20.6313,39.7729],[20.4042,39.967],[20.4896,40.0964],[20.2558,40.1612],[20.1895,40.4201],[20.2719,40.4849],[20.0376,40.5496],[19.8887,40.744],[19.994,41.2625],[19.8382,41.3274],[19.9243,41.4571],[19.8448,41.4571],[19.8546,41.6518],[19.5763,41.7091],[19.613,41.6053],[19.4818,41.5813],[19.5265,41.4571],[19.4564,41.449],[19.5233,41.3922],[19.4695,41.3108],[19.5166,41.2564],[19.4555,41.1485],[19.5234,40.9206],[19.3688,40.8022],[19.3044,40.6531]],[[20.249,39.6848],[20.2875,39.7112],[20.2827,39.7044],[20.249,39.6848]]],[[[19.7578,39.6436],[19.9065,39.5814],[19.8416,39.7042],[19.947,39.7729],[19.7637,39.7729],[19.7578,39.6436]]],[[[24.5197,40.6853],[24.6397,40.5732],[24.7801,40.6122],[24.7864,40.7351],[24.6423,40.8039],[24.5197,40.6853]]],[[[19.9178,41.3274],[19.9973,41.3274],[20.0006,41.3922],[19.921,41.3922],[19.9178,41.3274]]],[[[19.8546,41.6518],[19.9343,41.6518],[19.9376,41.7167],[19.858,41.7167],[19.8546,41.6518]]],[[[17.8312,42.8213],[17.9915,42.8213],[18.0661,42.6912],[18.2292,42.7563],[18.0717,42.8213],[18.0745,42.8864],[17.8312,42.8213]]],[[[32.2717,35.0728],[32.3294,34.8864],[32.459,34.7219],[32.7099,34.6458],[32.9136,34.6567],[32.9425,34.5794],[33.0303,34.5685],[33.0156,34.6344],[33.0864,34.6948],[33.2601,34.7005],[33.5917,34.8203],[33.7015,34.9729],[34.0685,34.9979],[33.9431,35.0653],[34.0123,35.0638],[33.8999,35.1645],[33.9121,35.26],[34.5384,35.671],[33.6603,35.3593],[33.4275,35.3289],[32.9231,35.3871],[32.9294,35.233],[32.8652,35.157],[32.6897,35.1839],[32.4138,35.043],[32.2717,35.0728]],[[33.7592,34.9887],[33.7911,34.9824],[33.7874,34.98],[33.7592,34.9887]],[[32.712,35.1731],[32.7315,35.1432],[32.7127,35.1634],[32.712,35.1731]],[[33.4666,35.0051],[33.4675,35.0126],[33.4768,35.0027],[33.4666,35.0051]],[[33.6195,35.0168],[33.7115,34.9856],[33.7029,34.9879],[33.6195,35.0168]],[[33.6794,35.0349],[33.7022,35.0223],[33.6794,35.0339],[33.6794,35.0349]],[[33.6966,35.009],[33.7022,35.0223],[33.7002,35.0067],[33.6966,35.009]],[[33.8412,35.0511],[33.8801,35.0731],[33.8551,35.0534],[33.8412,35.0511]]],[[[27.708,36.1688],[27.7519,35.905],[27.9934,36.062],[28.0896,36.0551],[28.0617,36.1165],[28.1634,36.2377],[28.2311,36.4498],[27.8997,36.3402],[27.708,36.1688]]],[[[26.9177,36.7161],[27.1854,36.8037],[27.1442,36.8811],[26.9177,36.7161]]],[[[25.3418,37.083],[25.3936,36.9971],[25.5644,36.9971],[25.5727,37.126],[25.3418,37.083]]],[[[25.99,37.5165],[26.2306,37.5714],[26.312,37.6796],[26.0742,37.6379],[25.99,37.5165]]],[[[25.8407,38.5224],[25.989,38.3793],[25.9644,38.3026],[25.885,38.2794],[25.8898,38.2206],[26.0115,38.1578],[26.1121,38.2226],[26.1636,38.5428],[26.0159,38.602],[25.8696,38.5831],[25.8407,38.5224]]],[[[25.8359,39.1822],[26.1021,39.1115],[26.2256,39.2076],[26.2935,39.1772],[26.1002,39.0858],[26.1657,39.0224],[26.5471,38.9879],[26.437,39.1035],[26.4893,39.1137],[26.5394,39.0194],[26.61,39.0229],[26.5397,39.166],[26.3822,39.2771],[26.4074,39.3347],[26.1658,39.3681],[26.0606,39.2895],[25.9226,39.2911],[25.8359,39.1822]]],[[[25.0447,39.9853],[25.047,39.8376],[25.2043,39.8376],[25.2388,39.9195],[25.2798,39.8891],[25.2388,39.8581],[25.3551,39.8376],[25.348,39.9064],[25.4499,39.9884],[25.4377,40.0317],[25.2852,39.9534],[25.2251,40.0089],[25.0447,39.9853]]],[[[25.7052,40.1144],[26.0122,40.1666],[25.9631,40.1571],[25.926,40.2428],[25.759,40.2067],[25.7052,40.1144]]],[[[21.2436,37.8352],[21.6966,37.5128],[21.6958,37.3164],[21.6031,37.1904],[21.681,37.1904],[21.7435,36.8682],[21.8992,36.8682],[21.9085,37.0615],[22.22,37.0615],[22.3757,36.6749],[22.5118,36.6749],[22.5994,36.8682],[22.8328,36.8682],[23.0332,36.6946],[22.8532,37.2549],[22.7007,37.3193],[22.7144,37.5773],[22.9486,37.5773],[23.1756,37.4483],[23.1685,37.3193],[23.278,37.3498],[23.23,37.3749],[23.2627,37.401],[23.3849,37.4134],[23.36,37.5475],[23.1083,37.6417],[23.0151,37.9252],[23.2044,37.963],[23.2082,38.0288],[23.5746,38.0468],[23.5597,37.9866],[23.9786,37.8352],[24.0361,38.2224],[23.951,38.2909],[23.71,38.3367],[23.5929,38.4806],[23.3126,38.4806],[23.1826,38.6538],[23.1045,38.6384],[22.9149,38.7756],[22.5251,38.8581],[22.6216,38.9145],[22.792,38.878],[23.0731,39.0363],[22.9639,39.009],[22.9981,39.0698],[22.9516,39.1238],[22.7973,39.0618],[22.8163,39.385],[23.1318,39.4489],[22.6109,39.9023],[22.6497,39.9853],[22.5437,40.0964],[22.5716,40.5496],[22.9105,40.6446],[22.9832,40.5527],[22.9265,40.5153],[22.9592,40.4201],[23.7374,40.2259],[23.6936,40.3092],[23.7777,40.3548],[23.8386,40.5496],[23.6846,40.6144],[23.698,40.8088],[24.0106,40.744],[24.3466,41.0032],[25.1384,41.0101],[25.1358,40.9692],[25.8495,40.9384],[26.0822,40.8736],[26.1403,40.6144],[26.5472,40.744],[26.621,40.6792],[26.9324,40.6144],[26.7685,40.5496],[26.8466,40.5165],[26.9576,40.5584],[27.0172,40.6792],[27.5275,41.068],[29.0429,41.068],[29.0645,41.1371],[28.9631,41.1328],[28.975,41.2529],[28.5053,41.3274],[28.0814,41.6518],[27.9794,41.6518],[27.937,42.0413],[27.4529,42.4801],[27.5135,42.6262],[27.8466,42.7563],[27.8049,43.1467],[27.8982,43.2769],[28.0607,43.3092],[28.1925,43.4078],[28.1592,43.4723],[28.4811,43.4723],[28.6163,43.9938],[28.5356,43.9938],[28.5769,44.3854],[28.7612,44.5223],[28.7578,44.6268],[28.8362,44.6268],[28.784,44.6492],[28.8257,44.7332],[28.802,44.9734],[29.0583,45.001],[29.1106,44.97],[29.0521,44.9446],[29.0441,44.8655],[29.0603,44.8323],[29.0964,44.8751],[29.1387,44.8072],[29.5253,44.908],[29.6584,45.3659],[29.577,45.3659],[29.5845,45.4313],[29.096,45.4313],[28.6677,45.235],[28.3494,45.3004],[28.2819,45.4313],[27.8681,45.3659],[27.8479,45.1696],[27.9969,45.0388],[27.9699,44.7773],[27.801,44.7119],[27.7877,44.5813],[27.943,44.516],[27.8289,44.1896],[27.9097,44.1896],[27.6828,43.5375],[27.224,42.9515],[27.298,42.8864],[27.181,42.4962],[26.7808,42.4962],[26.769,42.3662],[26.2149,42.4312],[26.1236,42.3012],[25.8837,42.3012],[25.4624,42.0413],[25.2282,42.1063],[25.1431,42.0413],[25.2124,41.9114],[24.9731,41.9114],[24.8033,41.7816],[24.649,41.8465],[24.6339,41.6518],[23.7484,41.522],[23.6641,41.4571],[23.7344,41.3274],[23.4824,41.1328],[23.5218,40.5496],[23.2051,40.5496],[23.143,40.8088],[22.6672,40.8088],[22.4172,40.6144],[22.0965,40.5496],[22.0096,40.4201],[22.0659,40.0317],[22.22,39.967],[22.5052,39.4496],[22.419,39.3203],[22.4792,38.9972],[22.4007,38.9972],[22.3827,38.6743],[22.2084,38.3515],[22.3875,38.3515],[22.4016,38.4534],[22.5297,38.3515],[22.6465,38.39],[22.8351,38.3515],[22.9881,38.2869],[23.0322,38.1859],[23.2234,38.1592],[23.1755,38.145],[23.2166,38.1033],[23.0367,38.0651],[22.9463,37.9462],[22.5825,38.0288],[22.4837,37.6417],[22.012,37.5773],[21.8655,37.7707],[21.7093,37.7707],[21.6503,38.1578],[21.3474,38.096],[21.2436,37.8352]],[[24.1262,41.5294],[24.1463,41.5268],[24.1702,41.5116],[24.1262,41.5294]],[[24.1816,41.5374],[24.1963,41.547],[24.2121,41.5518],[24.1816,41.5374]],[[25.1771,41.2939],[25.2308,41.248],[25.2197,41.2497],[25.1771,41.2939]],[[26.0475,41.6746],[26.0493,41.6823],[26.055,41.6488],[26.0475,41.6746]],[[26.0522,41.6952],[26.0537,41.7015],[26.0579,41.7035],[26.0522,41.6952]],[[26.1312,41.5527],[26.1525,41.547],[26.1544,41.5437],[26.1312,41.5527]],[[26.1459,41.478],[26.1602,41.5019],[26.1593,41.4938],[26.1459,41.478]],[[26.1589,41.5362],[26.1631,41.5291],[26.1617,41.5157],[26.1589,41.5362]],[[26.2304,41.7466],[26.2344,41.7458],[26.2739,41.7149],[26.2304,41.7466]],[[26.3668,41.7112],[26.3774,41.7106],[26.4044,41.6918],[26.3668,41.7112]],[[26.5837,41.3326],[26.6097,41.3307],[26.5911,41.3293],[26.5837,41.3326]]],[[[22.833,38.8227],[22.9818,38.845],[22.9564,38.878],[23.0202,38.9214],[22.833,38.8227]]],[[[23.0356,36.6926],[23.0463,36.6833],[23.0517,36.6872],[23.0498,36.6926],[23.0356,36.6926]]],[[[23.0365,38.9279],[23.3318,38.8034],[23.4651,38.8569],[23.2006,39.0093],[23.0365,38.9279]]],[[[23.3122,37.6174],[23.3406,37.6003],[23.3536,37.5821],[23.3442,37.6327],[23.3122,37.6174]]],[[[23.4014,37.3193],[23.4024,37.3193],[23.4023,37.3198],[23.4014,37.3193]]],[[[23.5634,38.7389],[23.6355,38.5286],[23.594,38.4534],[23.6492,38.4057],[24.0422,38.4015],[24.0669,38.351],[24.0254,38.3305],[24.1617,38.2698],[24.1789,38.5451],[24.0302,38.6743],[23.5634,38.7389]]],[[[24.1275,38.2224],[24.1447,38.2224],[24.1426,38.227],[24.157,38.2296],[24.1591,38.2287],[24.1614,38.2661],[24.1311,38.2358],[24.1275,38.2224]]],[[[26.1325,39.5143],[26.9377,39.5748],[26.9299,39.4877],[26.801,39.4335],[26.7422,39.2557],[26.8945,39.1911],[26.8793,38.9972],[26.9579,38.9972],[26.9399,38.9327],[27.0413,38.9401],[27.0627,38.8869],[26.9084,38.8204],[26.9314,38.7551],[26.8495,38.6097],[27.0798,38.5451],[27.0728,38.4537],[27.1642,38.4466],[27.0694,38.4094],[27.065,38.3515],[26.6762,38.3515],[26.6731,38.3072],[26.595,38.3515],[26.5358,38.6097],[26.3895,38.6719],[26.4058,38.4535],[26.513,38.4329],[26.4515,38.4261],[26.4289,38.2224],[26.8203,38.2224],[26.889,38.0933],[27.2753,38.0288],[27.2559,37.7707],[27.1794,37.6106],[27.31,37.4483],[27.2461,37.3362],[27.4072,37.4127],[27.4385,37.3908],[27.3921,37.3538],[27.5392,37.3838],[27.5644,37.2735],[27.616,37.2747],[27.598,37.126],[28.0653,37.126],[28.1313,37.0363],[28.3294,37.0368],[28.2124,37.0004],[28.1653,36.9116],[28.1034,36.9353],[28.0583,36.7721],[28.1184,36.8006],[28.1305,36.754],[28.0314,36.6749],[28.1961,36.6854],[28.2731,36.852],[28.2934,36.7959],[28.3571,36.8682],[28.5905,36.8682],[28.7361,36.7393],[29.1249,36.7393],[29.2163,36.3291],[29.3496,36.2326],[29.4116,36.2674],[29.4666,36.224],[29.938,36.224],[30.0261,36.3528],[30.4919,36.3528],[30.6191,36.9326],[31.086,36.9326],[32.0681,36.6105],[32.4985,36.224],[32.5369,36.1],[32.733,36.0376],[33.2744,36.224],[33.8711,36.3149],[33.9791,36.2884],[34.2507,36.6749],[34.8151,36.8682],[34.927,37.1904],[35.6148,37.7707],[35.6295,37.8998],[36.0503,38.1578],[36.1591,38.416],[36.4097,38.5451],[36.6062,38.868],[37.5457,39.4496],[37.7467,39.7729],[38.2743,40.1612],[38.5113,40.1612],[39.2704,40.4849],[40.7846,40.5496],[40.9739,40.744],[41.1324,40.744],[41.2643,41.068],[41.8061,41.4571],[41.8392,41.6518],[41.7097,41.7085],[41.5674,41.4571],[41.4471,41.4571],[41.3071,41.3274],[40.5393,41.0032],[40.4492,41.0425],[40.3703,40.9384],[39.7355,40.9384],[39.1683,41.0797],[38.9208,41.0382],[38.7834,40.9384],[38.2977,40.8736],[38.2217,40.9441],[38.0253,40.9769],[37.8312,40.9384],[37.7706,41.068],[37.2147,41.068],[37.226,41.1475],[37.0651,41.1328],[36.7748,41.3274],[36.451,41.2404],[36.2092,41.2625],[35.9561,41.7127],[35.9227,41.6462],[35.9457,41.7167],[35.5767,41.6297],[35.157,41.7167],[35.0921,41.928],[35.123,42.0248],[35.0615,42.0413],[34.9178,42.0413],[34.7845,41.9114],[33.2771,41.9764],[32.6675,41.8369],[32.6947,41.7816],[31.4983,41.352],[31.3928,41.1884],[31.1801,41.068],[30.6242,41.068],[30.53,41.1522],[30.3513,41.1922],[30.1369,41.1438],[29.0894,41.1382],[29.0524,41.068],[29.1156,41.068],[29.1034,40.9447],[29.2639,40.8698],[29.2949,40.8388],[29.2546,40.8108],[29.493,40.8736],[29.4438,40.7766],[29.9393,40.7351],[29.5599,40.6911],[29.4906,40.7272],[28.9422,40.6184],[28.9156,40.4714],[29.1515,40.4341],[29.0463,40.3554],[27.9388,40.3554],[27.904,40.3999],[27.9505,40.4849],[27.7921,40.4849],[27.7918,40.3929],[27.8836,40.3863],[27.6958,40.2906],[27.5376,40.2906],[27.2948,40.4059],[26.6819,40.3561],[26.408,40.1937],[26.311,40.0195],[26.2205,40.0029],[26.1325,39.5143]]],[[[26.2318,40.0656],[26.3758,40.1535],[26.3456,40.1998],[26.6167,40.3595],[26.6839,40.4849],[26.2723,40.2906],[26.2318,40.0656]]],[[[27.5815,37.1982],[27.5831,37.1912],[27.5877,37.1988],[27.5815,37.1982]]],[[[32.5967,45.4313],[32.9224,45.4313],[33.6101,45.1042],[33.6092,44.8717],[33.5151,44.6466],[33.5715,44.6206],[33.4767,44.6099],[33.5086,44.4953],[33.6202,44.462],[34.0966,44.516],[34.286,44.7119],[34.3671,44.7119],[34.3763,44.7773],[34.5385,44.7773],[34.5478,44.8426],[34.7911,44.8426],[34.4319,45.1696],[34.2693,45.1696],[34.0621,45.4313],[33.8993,45.4313],[33.628,45.8243],[32.8337,45.6011],[32.6677,45.5254],[32.5967,45.4313]]],[[[39.1905,43.9938],[39.3519,43.9938],[39.9778,43.4072],[40.0583,43.4072],[40.161,43.5375],[40.7246,43.5375],[41.3454,43.4072],[41.7125,43.2118],[42.9861,43.1467],[43.4191,42.8864],[43.6597,42.8864],[43.8511,42.6262],[44.3565,42.7563],[44.7446,42.6912],[44.7572,42.7563],[44.8374,42.7563],[44.8247,42.6912],[45.2253,42.6912],[45.6673,42.4962],[45.7506,42.1063],[46.2967,42.0413],[46.3921,41.918],[46.3508,41.9114],[46.7367,41.8465],[47.2706,41.3274],[47.5629,41.1977],[47.8937,41.2625],[48.4774,41.7816],[48.3977,41.7816],[47.9337,42.2362],[47.9608,42.3662],[47.6816,42.5612],[47.6562,42.8213],[47.3764,43.0165],[47.4591,43.4072],[47.3398,43.6027],[47.3431,43.9938],[47.0093,44.3201],[46.6327,44.4507],[46.6885,44.7119],[47.0097,44.8309],[47.0032,44.9216],[47.0411,44.8426],[47.0979,45.1042],[47.2891,45.235],[47.3323,45.4313],[47.4513,45.3788],[47.3814,45.411],[47.4947,45.4292],[47.5388,45.6278],[47.4573,45.6278],[47.3848,45.7502],[47.5034,45.7174],[47.4326,45.6945],[47.4916,45.6684],[47.5601,45.7716],[48.0574,45.7588],[48.3471,45.9554],[48.5929,45.9588],[48.6376,46.1521],[49.0618,46.2177],[49.1682,46.4094],[49.3276,46.5506],[49.3053,46.5876],[49.3563,46.556],[49.9908,46.6772],[50.3016,46.9401],[50.8442,47.1374],[51.5846,47.1374],[51.8145,47.0716],[51.8629,46.9401],[53.1128,47.0058],[53.2423,46.8743],[53.198,46.7065],[53.2723,46.6772],[53.268,46.3489],[53.3499,46.3489],[53.2474,45.9554],[53.0671,45.8898],[53.0646,45.5623],[53.4214,45.3659],[53.6656,45.3659],[53.8794,45.5623],[54.2868,45.5623],[54.5646,47.2032],[54.4823,47.2032],[54.5186,47.3348],[54.3721,47.4006],[54.4086,47.5323],[54.2619,47.5982],[54.2986,47.73],[54.1702,47.8619],[54.0049,47.8619],[53.959,47.9938],[53.7935,47.9938],[53.6004,48.1917],[49.6413,48.2578],[48.0977,48.7204],[47.5136,49.3826],[46.8116,49.5816],[45.0401,49.5152],[43.9564,48.7865],[43.7178,48.4559],[43.6348,48.4559],[43.2049,47.9938],[43.0395,47.9938],[42.3535,47.4665],[41.7376,47.269],[41.6043,47.0058],[41.32,46.8086],[40.915,45.9554],[40.5408,45.6933],[40.2262,45.3004],[40.0757,44.908],[39.902,44.8426],[39.9376,44.5813],[39.2014,44.0591],[39.1905,43.9938]],[[40.0676,43.5413],[40.0728,43.5511],[40.0857,43.5546],[40.0676,43.5413]]],[[[53.084,45.9554],[53.1657,45.9554],[53.1827,46.0209],[53.101,46.0209],[53.084,45.9554]]]]}},{"type":"Feature","properties":{"relationId":"cliopatria-relation-37ffecd705d8","name":"(Alliance between Sasanian Empire and Byzantine Empire)","name_ko":"사산 제국–동로마 제국 동맹","relationKind":"alliance","relation_kind_ko":"동맹","actor_ids":"cliopatria-q83891-6c78591e24;cliopatria-q12544-9c75ec2643","actor_names_ko":"사산 제국;동로마 제국","color":"#4fd1c5","startYear":633,"endYear":633,"source_name":"Cliopatria v0.2.0","source_url":"https://github.com/Seshat-Global-History-Databank/cliopatria","license":"CC BY 4.0","attribution":"Seshat Global History Databank, Cliopatria contributors"},"geometry":{"type":"MultiPolygon","coordinates":[[[[-6.0043,35.3871],[-5.0765,35.3871],[-5.3258,35.6445],[-5.3411,35.8372],[-5.9458,35.7097],[-6.0043,35.3871]]],[[[14.3384,35.9455],[14.3815,35.843],[14.5618,35.8298],[14.5078,35.9285],[14.3773,35.9936],[14.3384,35.9455]]],[[[12.4905,37.7062],[13.192,37.5773],[13.6022,37.2505],[14.2779,37.126],[14.6723,36.7393],[15.0498,36.7393],[15.2051,37.1662],[15.0592,37.2549],[15.0665,37.6417],[15.3895,38.1578],[15.5432,38.1578],[15.5865,38.2377],[14.0562,37.9643],[13.6652,37.9643],[13.3547,38.1578],[13.1199,38.1578],[13.0404,38.0288],[12.6522,38.0929],[12.4919,37.8998],[12.4905,37.7062]]],[[[15.591,40.0778],[15.7478,40.0317],[15.7136,39.978],[15.7736,39.8424],[15.8989,39.7729],[16.1165,39.0618],[16.2703,38.9326],[16.2652,38.7389],[15.9497,38.6743],[15.8621,38.2869],[15.6328,38.2203],[15.6982,37.9643],[15.9328,37.9643],[16.4919,38.416],[16.5024,38.8034],[17.1383,39.0618],[17.0697,39.385],[16.9162,39.5143],[16.4473,39.6436],[16.4491,39.7083],[16.132,39.6436],[15.976,39.7083],[15.9865,40.0964],[15.8302,40.1612],[15.5931,40.1612],[15.591,40.0778]]],[[[1.2204,38.9553],[1.2529,38.8623],[1.4031,38.8323],[1.4147,38.8906],[1.6231,39.0292],[1.5227,39.1189],[1.3568,39.0776],[1.2928,39.0333],[1.301,38.9678],[1.2204,38.9553]]],[[[2.3508,39.5765],[2.487,39.4788],[2.6817,39.5587],[2.7435,39.5234],[2.7866,39.3759],[3.1447,39.3203],[3.2825,39.4201],[3.4744,39.7497],[3.1626,39.7691],[3.1263,39.8319],[3.1959,39.8906],[3.0947,39.8812],[3.1738,39.967],[2.8132,39.8726],[2.3508,39.5765]]],[[[3.8032,40.0181],[3.8307,39.9361],[4.3008,39.8378],[4.1705,40.0646],[4.1423,40.0248],[4.1051,40.0794],[3.8032,40.0181]]],[[[8.1567,40.7718],[8.1974,40.6912],[8.1618,40.5638],[8.1934,40.6175],[8.2163,40.5706],[8.312,40.5781],[8.386,40.3518],[8.4761,40.2921],[8.49,40.1045],[8.3772,40.0338],[8.4004,39.9361],[8.5453,39.8786],[8.5044,39.7215],[8.5658,39.7011],[8.4553,39.7561],[8.4634,39.5769],[8.374,39.3789],[8.4321,39.3018],[8.4095,39.1693],[8.5596,39.0567],[8.606,38.9088],[8.7166,38.9326],[8.8533,38.878],[9.0183,38.9953],[9.0183,39.1461],[9.0798,39.2246],[9.0139,39.2639],[9.166,39.1871],[9.2922,39.2213],[9.4052,39.1521],[9.5664,39.1492],[9.7111,39.9293],[9.6262,40.2631],[9.8225,40.5327],[9.6579,40.7999],[9.724,40.8449],[9.6141,40.8934],[9.6421,40.9206],[9.5042,40.9269],[9.6469,40.9922],[9.5119,41.0163],[9.5541,41.1239],[9.4691,41.1462],[9.4429,41.092],[9.4224,41.1807],[9.1711,41.2426],[9.1419,41.1528],[9.0055,41.1219],[8.8225,40.9473],[8.5205,40.827],[8.3102,40.8507],[8.1812,40.9341],[8.2153,40.8814],[8.1567,40.7718]]],[[[8.3533,39.0556],[8.4312,38.9661],[8.4839,39.0698],[8.3701,39.1131],[8.3533,39.0556]]],[[[9.3767,41.2147],[9.377,41.2133],[9.3953,41.2106],[9.4007,41.2115],[9.3767,41.2147]]],[[[9.437,41.1859],[9.4644,41.1727],[9.4749,41.1793],[9.4749,41.2014],[9.445,41.2055],[9.437,41.1859]]],[[[16.0895,40.9384],[16.2482,40.9384],[16.2463,40.8736],[16.7909,40.5496],[16.7847,40.3554],[16.9137,40.4464],[16.868,40.4849],[17.0285,40.5496],[17.3452,40.5496],[17.4175,40.3554],[17.8131,40.3554],[18.1122,39.9023],[18.3489,39.9023],[18.3565,40.0964],[18.4355,40.0964],[18.3642,40.2906],[17.9812,40.6144],[17.5107,40.744],[17.4136,40.8811],[16.8612,41.1386],[16.2581,41.2625],[16.2541,41.1328],[16.0933,41.068],[16.0895,40.9384]]],[[[14.0264,40.9384],[14.4219,40.8736],[14.4194,40.7517],[14.4741,40.7297],[14.4363,40.6792],[14.7349,40.6792],[14.7377,40.8088],[14.5791,40.8088],[14.5039,41.0032],[14.0276,41.0032],[14.0264,40.9384]]],[[[8.5453,42.2329],[8.5938,42.1745],[8.5596,42.154],[8.745,42.0566],[8.6457,41.9774],[8.8054,41.9069],[8.7508,41.8455],[8.7849,41.8244],[8.6551,41.7499],[8.9227,41.6946],[8.8018,41.6391],[8.7918,41.5612],[9.0798,41.4824],[9.0964,41.4035],[9.2255,41.3771],[9.2107,41.4482],[9.3506,41.5812],[9.2922,41.6264],[9.3467,41.6196],[9.4016,41.7064],[9.4032,41.9529],[9.5596,42.1466],[9.5281,42.5635],[9.4429,42.6406],[9.464,42.9901],[9.3467,43.0037],[9.3057,42.8393],[9.3425,42.7491],[9.2922,42.6748],[9.1178,42.732],[8.787,42.562],[8.7092,42.5792],[8.6595,42.4299],[8.5491,42.3771],[8.6878,42.2729],[8.5453,42.2329]]],[[[9.4566,42.6474],[9.4768,42.6191],[9.4769,42.6201],[9.4821,42.6201],[9.4566,42.6474]]],[[[11.4949,42.3582],[11.5746,42.3282],[11.5748,42.3662],[11.4949,42.3582]]],[[[10.1632,42.8164],[10.1963,42.7362],[10.3379,42.7648],[10.4307,42.7221],[10.3888,42.7635],[10.4367,42.8044],[10.4124,42.8734],[10.3473,42.8059],[10.1632,42.8164]]],[[[7.1502,43.733],[8.0339,43.9286],[8.1916,44.1896],[8.5925,44.4507],[9.1591,44.4507],[9.5774,44.1877],[9.9697,44.1243],[9.6455,44.3201],[9.6447,44.4507],[9.9684,44.4507],[10.4543,44.1896],[11.2619,44.0591],[11.2609,43.7982],[11.6628,43.6027],[11.5795,43.1467],[11.9784,42.8213],[11.5748,42.3662],[11.6548,42.3662],[11.7349,42.1707],[12.1317,42.0413],[12.1715,41.8777],[12.6046,41.522],[12.9222,41.4571],[13,41.3274],[13.3976,41.3274],[13.7955,41.2011],[14.0374,41.522],[13.9615,41.7167],[13.8044,41.8465],[13.4057,41.8465],[13.328,41.9764],[13.0097,42.0413],[12.6144,42.3662],[12.4609,42.9515],[12.3807,42.9515],[12.5472,43.4723],[12.7098,43.6027],[13.1124,43.6027],[13.4291,43.2769],[13.6715,43.3421],[13.6726,43.4072],[13.3874,43.6413],[13.0338,43.733],[13.019,43.8567],[12.8734,43.7982],[12.4739,44.1243],[12.3931,44.1243],[12.1537,44.4507],[12.1572,44.8426],[12.4001,44.7989],[12.4026,45.0388],[12.3688,45.011],[12.16,45.1696],[12.1628,45.4968],[12.6522,45.5623],[12.8168,45.6933],[13.0571,45.6393],[12.9824,45.8898],[11.9198,45.6933],[11.837,45.4968],[11.9994,45.4313],[11.9979,45.235],[11.834,45.0388],[11.2659,45.1696],[11.2655,45.0388],[10.7782,45.0388],[10.7781,44.908],[10.4537,44.7773],[10.1293,44.7773],[9.8854,44.908],[9.3178,44.8426],[9.5621,44.7119],[9.4824,44.516],[8.7522,44.6466],[8.4298,44.516],[8.1859,44.5813],[8.031,44.1243],[7.7078,44.1243],[7.6293,43.9938],[7.227,43.9286],[7.1502,43.733]]],[[[9.9404,44.0591],[9.9627,44.0447],[9.9699,44.0489],[9.9699,44.0591],[9.9404,44.0591]]],[[[14.2616,44.6158],[14.2712,44.6125],[14.2619,44.6282],[14.2616,44.6158]]],[[[14.2625,44.6582],[14.2742,44.6617],[14.2804,44.6776],[14.2658,44.6795],[14.2629,44.6771],[14.2625,44.6582]]],[[[14.2925,44.9403],[14.4279,44.6566],[14.5047,44.6191],[14.4556,44.9307],[14.2925,44.9403]]],[[[14.3358,44.7168],[14.363,44.5734],[14.5024,44.516],[14.3358,44.7168]]],[[[0.759,36.3415],[0.7669,36.1596],[0.922,36.1596],[1.005,36.0308],[1.1547,36.1596],[2.008,36.1596],[2.0031,36.2884],[2.3159,36.224],[2.7747,36.4172],[5.6494,36.3528],[5.8795,36.4816],[6.3468,36.4172],[6.422,36.546],[6.8893,36.4816],[6.9647,36.6105],[7.5865,36.6105],[7.9024,36.224],[7.8282,35.9664],[7.9057,35.9664],[7.9114,35.5158],[7.9888,35.5158],[7.9942,35.0653],[8.2286,34.8079],[8.4594,34.8723],[8.8462,34.7436],[8.9263,34.3577],[9.0033,34.3577],[8.9288,34.0361],[9.0826,34.0361],[9.3159,33.5859],[9.6236,33.4574],[9.5475,33.3288],[9.625,33.1359],[10.0848,33.1359],[10.0086,33.0073],[10.3916,33.0073],[11.1572,32.6859],[11.3099,32.4931],[11.4629,32.5574],[11.539,32.4288],[11.7684,32.4288],[11.7679,32.3002],[12.4559,32.3645],[13.0667,32.3002],[13.0657,32.1717],[13.2953,32.236],[13.8286,32.1074],[14.5861,31.6575],[14.5844,31.529],[15.1873,31.0791],[15.1845,30.8863],[15.4896,30.9506],[16.7012,30.6935],[18.2813,30.0508],[19.1911,30.0508],[20.9516,30.565],[21.9388,30.565],[22.7667,30.3722],[22.7618,30.2436],[22.916,30.3079],[23.5101,29.9865],[24.26,29.7937],[24.3304,29.6652],[24.7792,29.5366],[24.8467,29.3438],[25.0008,29.4081],[25.1465,29.2795],[25.3735,29.2795],[25.5863,28.9581],[27.1401,28.251],[27.285,28.1224],[27.2763,27.9295],[27.4299,27.9938],[27.792,27.6724],[27.7109,27.5438],[27.9367,27.5438],[28.1537,27.3509],[28.2702,26.5794],[28.3453,26.5794],[28.2437,25.9365],[28.2886,25.165],[28.5688,24.6506],[29.6728,24.2006],[29.9595,23.8792],[30.1087,23.8792],[30.104,23.7506],[30.3952,23.5577],[30.4627,23.3649],[31.6705,23.7506],[32.0409,23.6863],[33.389,23.8149],[33.7564,23.6863],[35.108,23.8792],[35.4808,23.8253],[35.5139,23.9771],[35.7865,23.8939],[35.7386,23.9833],[35.4938,24.1089],[35.3919,24.2828],[35.1446,24.5002],[35.1603,24.5746],[34.5466,25.725],[34.3387,26.0018],[34.014,26.6116],[33.9414,26.6535],[33.9961,26.8966],[33.8368,27.1208],[33.8384,27.2426],[33.6917,27.3419],[33.4963,27.6466],[33.5877,27.651],[33.5579,27.7599],[33.4735,27.8232],[33.5921,27.7912],[33.5544,27.8965],[33.2494,28.1429],[33.0029,28.4895],[32.8689,28.5789],[32.8069,28.7781],[32.6255,28.9727],[32.6528,29.081],[32.5623,29.3863],[32.3377,29.5925],[32.3639,29.6882],[32.5095,29.8668],[32.4769,29.9322],[32.5715,29.9426],[32.5778,30.0114],[32.6045,29.8242],[32.6907,29.7336],[32.7239,29.4705],[32.8172,29.414],[32.8856,29.2431],[33.1779,28.9896],[33.2287,28.5694],[33.5538,28.3153],[33.7634,28.024],[34.0785,27.8007],[34.2631,27.7367],[34.2141,27.7915],[34.4281,27.9859],[34.4553,28.1749],[34.4102,28.32],[34.6245,28.736],[34.7366,29.3113],[34.9572,29.569],[34.9817,29.4804],[36.3193,30.8863],[36.2765,31.2719],[36.3526,31.2719],[36.4919,31.9789],[36.5682,31.9789],[36.5155,32.236],[36.5919,32.236],[36.8119,32.943],[37.0605,33.1359],[37.0732,33.2645],[37.9902,33.9718],[39.1238,34.4863],[39.509,34.4863],[40.7036,34.1647],[41.3502,33.7789],[41.427,33.7789],[41.4886,33.6502],[41.7881,33.5859],[42.2103,33.2645],[42.5783,33.1359],[42.7085,32.943],[43.1526,32.8145],[43.3514,32.5574],[43.5044,32.5574],[43.4891,32.4288],[43.6954,32.236],[43.9169,32.1717],[43.9093,32.1074],[44.7336,31.9789],[44.8553,31.7218],[44.8098,31.3362],[45.0993,31.2076],[45.0844,31.0791],[45.7705,30.4364],[46.4462,30.3722],[46.659,30.2436],[46.6981,29.9223],[47.6538,29.6652],[47.5347,29.2795],[48.213,28.5724],[48.2474,28.1867],[48.5359,28.3044],[48.5355,28.4076],[48.4688,28.3871],[48.4946,28.5001],[48.3518,28.6405],[48.3936,28.7434],[48.3288,28.76],[48.1585,29.0173],[48.1003,29.35],[47.9857,29.3938],[47.8579,29.323],[47.8164,29.3376],[47.8373,29.3875],[47.7047,29.3636],[47.8662,29.5366],[48.1734,29.5734],[47.9956,29.8277],[47.9348,30.1071],[47.969,30.0041],[48.1192,30.045],[48.4119,29.9384],[48.5593,29.9466],[48.4766,29.984],[48.6108,29.957],[48.6587,29.9836],[48.6433,30.0554],[48.8767,30.0245],[48.9417,30.1651],[48.8623,30.3456],[49.0373,30.4325],[48.953,30.5002],[49.2112,30.5063],[49.2638,30.4497],[49.2029,30.3466],[49.062,30.4081],[48.9212,30.3808],[49.1614,30.2238],[49.2212,30.2646],[49.2457,30.1565],[49.4798,30.1561],[49.5322,30.0229],[49.9146,30.2039],[50.0734,30.1957],[50.1613,29.9263],[50.6553,29.4491],[50.6895,29.2908],[50.6435,29.1458],[50.8403,29.1406],[50.915,29.0867],[50.929,29.0097],[50.8345,28.8914],[51.0588,28.7359],[51.0807,28.5339],[51.2853,28.2409],[51.3979,27.9379],[51.6834,27.8306],[52.0112,27.8327],[52.4596,27.6326],[52.6701,27.4486],[52.6098,27.4123],[52.6669,27.3271],[52.9326,27.1603],[53.4441,26.9757],[53.7161,26.7086],[54.0158,26.7495],[54.3081,26.715],[54.3894,26.6051],[54.791,26.4958],[55.2708,26.7925],[55.5217,26.7846],[55.5804,26.8591],[55.5545,26.8999],[55.6659,26.9954],[55.9393,27.0267],[56.1237,27.1606],[56.353,27.2016],[56.8088,27.1396],[56.8846,27.0781],[56.8677,27.0123],[56.9733,27.003],[56.9273,26.9556],[57.0524,26.8366],[57.1331,26.2637],[57.2129,26.1662],[57.1668,26.083],[57.3397,25.7812],[57.7556,25.7427],[57.7717,25.6356],[57.9632,25.6932],[58.0462,25.5749],[58.1375,25.5507],[58.419,25.612],[58.8252,25.5604],[59.044,25.3996],[59.4539,25.4616],[59.538,25.3998],[59.8446,25.3579],[60.3993,25.3579],[60.4285,25.4196],[60.5497,25.4469],[60.6321,25.3579],[60.6335,25.275],[61.0306,25.2098],[61.2236,25.1124],[61.5074,25.1467],[61.4826,25.1937],[61.5584,25.2005],[61.5545,25.2541],[61.5882,25.2021],[61.7831,25.188],[61.7207,25.0364],[61.8473,25.0379],[61.8811,25.103],[62.0972,25.1071],[62.059,25.1616],[62.1452,25.2184],[62.2542,25.212],[62.3398,25.1302],[62.4894,25.2142],[62.4772,25.2591],[63.5108,25.2293],[63.4695,25.2893],[63.5725,25.365],[64.0727,25.3579],[64.0488,25.4165],[63.9766,25.4128],[64.0454,25.4503],[64.1553,25.4469],[64.0838,25.4267],[64.1,25.3579],[64.225,25.3579],[64.4393,25.2346],[64.5654,25.2703],[64.6111,25.1886],[64.7018,25.1773],[64.6686,25.2551],[64.7444,25.324],[65.1934,25.3183],[65.2323,25.3707],[65.3954,25.3923],[65.6691,25.3495],[65.8192,25.4009],[66.3977,26.5151],[66.4784,28.5724],[66.5539,28.5724],[67.3496,30.9506],[67.4256,30.9506],[67.7955,32.4288],[68.0157,32.7502],[68.0922,32.7502],[68.1195,32.8788],[67.4218,33.2002],[67.1919,33.2002],[67.2193,33.3288],[66.9892,33.3288],[66.8769,33.5217],[66.5206,33.6502],[66.4084,33.8432],[66.2547,33.8432],[66.0165,34.1647],[65.8627,34.1647],[65.7505,34.3577],[65.4565,34.422],[65.1411,34.7436],[65.1692,34.8723],[64.9028,35.0653],[64.814,35.7089],[64.8389,36.1596],[64.7613,36.1596],[64.9295,37.1866],[64.7788,37.118],[64.9298,37.1881],[64.9407,37.2549],[64.8159,37.3838],[64.7397,38.0288],[64.3669,38.416],[64.0075,38.5451],[63.8374,38.8034],[63.6804,38.8034],[63.5726,38.9972],[63.4155,38.9972],[63.2457,39.2557],[63.0883,39.2557],[62.6538,39.7083],[62.6876,39.8376],[62.4847,39.967],[60.7131,39.5143],[60.6826,39.7083],[60.0518,39.7083],[60.0839,39.8376],[59.7683,39.8376],[59.77,40.1612],[58.9797,40.1612],[58.8537,40.2906],[58.5374,40.2906],[58.332,40.4201],[57.3512,40.2906],[57.1621,40.1612],[57.1139,40.2906],[56.9558,40.2906],[56.9868,40.4201],[56.6548,40.3554],[54.5437,40.8088],[54.2937,40.7804],[54.3182,40.7216],[54.4304,40.7214],[54.3626,40.6879],[54.4036,40.6737],[54.1711,40.7297],[53.721,40.6257],[53.6939,40.7121],[53.4044,40.6792],[53.3794,40.7915],[53.3397,40.744],[52.9433,40.744],[52.9723,40.8736],[52.893,40.8736],[52.7927,40.4201],[52.7251,40.4201],[52.7505,40.0941],[53.4985,40.0317],[53.5036,39.9747],[53.5745,39.9679],[53.5111,39.8909],[53.5338,39.6376],[53.5335,39.6805],[53.7362,39.5179],[53.1375,39.4496],[53.5176,39.385],[53.9868,38.9972],[53.8298,37.8352],[53.9079,37.8352],[53.9105,37.4483],[54.0947,37.1904],[54.0331,36.8458],[53.8892,36.7936],[53.4887,36.8682],[52.586,36.6105],[51.642,36.546],[50.8207,36.7393],[50.532,36.8682],[50.611,36.9697],[50.4759,37.0379],[50.3209,36.9971],[49.9988,37.3838],[49.0851,37.5128],[48.8843,37.7062],[48.8411,38.3515],[48.7627,38.3515],[48.801,38.9972],[48.9155,39.1911],[49.1514,39.1911],[49.2666,39.385],[49.5092,40.2259],[49.6933,40.3554],[50.2604,40.4201],[50.0495,40.5496],[49.5084,40.6144],[49.2442,40.8736],[49.2655,40.978],[49.0592,41.1328],[49.086,41.2625],[48.2787,41.9764],[48.1989,41.9764],[48.0923,41.8465],[48.172,41.8465],[48.1849,41.522],[47.8937,41.2625],[47.5629,41.1977],[47.2706,41.3274],[46.7367,41.8465],[46.3508,41.9114],[46.2942,41.9386],[46.3425,41.9312],[46.2967,42.0413],[45.8902,42.0897],[45.9287,42.036],[45.8897,42.0897],[45.7506,42.1063],[45.6673,42.4962],[45.2253,42.6912],[44.7446,42.6912],[44.3565,42.7563],[43.8511,42.6262],[43.6597,42.8864],[43.4191,42.8864],[42.9861,43.1467],[41.7125,43.2118],[41.3454,43.4072],[40.7246,43.5375],[40.161,43.5375],[40.0583,43.4072],[40.1387,43.4072],[40.3995,43.162],[40.8173,43.1467],[41.1158,43.0165],[41.1733,42.8864],[41.3338,42.8864],[41.6087,42.6262],[41.5361,42.4757],[41.5584,42.3828],[41.7006,42.2362],[41.6641,42.114],[41.7579,42.1063],[41.7612,41.9764],[41.8153,41.9764],[41.5674,41.4571],[41.4471,41.4571],[41.3071,41.3274],[40.5393,41.0032],[40.4492,41.0425],[40.3703,40.9384],[39.7355,40.9384],[39.1683,41.0797],[38.9208,41.0382],[38.7834,40.9384],[38.2977,40.8736],[38.2217,40.9441],[38.0253,40.9769],[37.8312,40.9384],[37.7706,41.068],[37.2147,41.068],[37.226,41.1475],[37.0651,41.1328],[36.7748,41.3274],[36.451,41.2404],[36.2092,41.2625],[35.9561,41.7127],[35.9227,41.6462],[35.9457,41.7167],[35.5767,41.6297],[35.157,41.7167],[35.0921,41.928],[35.123,42.0248],[34.9178,42.0413],[34.7845,41.9114],[32.9945,41.9114],[32.6675,41.8369],[32.6947,41.7816],[31.4983,41.352],[31.3928,41.1884],[31.1801,41.068],[30.6242,41.068],[30.53,41.1522],[30.3513,41.1922],[30.1369,41.1438],[29.0894,41.1382],[29.0524,41.068],[29.1156,41.068],[29.1034,40.9447],[29.2639,40.8698],[29.2949,40.8388],[29.2546,40.8108],[29.493,40.8736],[29.4438,40.7766],[29.9393,40.7351],[29.5599,40.6911],[29.4906,40.7272],[28.9422,40.6184],[28.9156,40.4714],[29.1515,40.4341],[29.0463,40.3554],[27.9388,40.3554],[27.904,40.3999],[27.9505,40.4849],[27.7921,40.4849],[27.7918,40.3929],[27.8836,40.3863],[27.6958,40.2906],[27.5376,40.2906],[27.2948,40.4059],[26.6819,40.3561],[26.408,40.1937],[26.311,40.0195],[26.2205,40.0029],[26.1325,39.5143],[26.9377,39.5748],[26.9299,39.4877],[26.801,39.4335],[26.7422,39.2557],[26.8945,39.1911],[26.8793,38.9972],[26.9579,38.9972],[26.9399,38.9327],[27.0413,38.9401],[27.0627,38.8869],[26.9084,38.8204],[26.9314,38.7551],[26.8495,38.6097],[27.0798,38.5451],[27.0728,38.4537],[27.1642,38.4466],[27.0694,38.4094],[27.065,38.3515],[26.6762,38.3515],[26.6731,38.3072],[26.595,38.3515],[26.5358,38.6097],[26.3895,38.6719],[26.4058,38.4535],[26.513,38.4329],[26.4515,38.4261],[26.4289,38.2224],[26.8203,38.2224],[26.889,38.0933],[27.2753,38.0288],[27.2559,37.7707],[27.1794,37.6106],[27.31,37.4483],[27.2461,37.3362],[27.4072,37.4127],[27.4385,37.3908],[27.3921,37.3538],[27.5392,37.3838],[27.5644,37.2735],[27.616,37.2747],[27.598,37.126],[28.0653,37.126],[28.1313,37.0363],[28.3294,37.0368],[28.2124,37.0004],[28.1653,36.9116],[28.1034,36.9353],[28.0583,36.7721],[28.1184,36.8006],[28.1305,36.754],[28.0314,36.6749],[28.1961,36.6854],[28.2572,36.8462],[28.315,36.8291],[28.2934,36.7959],[28.452,36.8836],[28.5905,36.8682],[28.7361,36.7393],[29.1249,36.7393],[29.2163,36.3291],[29.3496,36.2326],[29.4116,36.2674],[29.4666,36.224],[29.938,36.224],[30.0261,36.3528],[30.4919,36.3528],[30.6191,36.9326],[31.086,36.9326],[32.0681,36.6105],[32.4985,36.224],[32.5369,36.1],[32.733,36.0376],[33.2744,36.224],[33.8711,36.3149],[33.9791,36.2884],[34.2507,36.6749],[34.5816,36.8682],[34.8929,36.8682],[34.9352,36.726],[35.1127,36.7393],[35.3323,36.6105],[35.4875,36.6105],[35.8336,36.9326],[36.1449,36.9326],[36.2862,36.8037],[36.2649,36.6105],[35.8417,36.2884],[35.9901,36.224],[35.9767,36.001],[35.8449,35.5802],[35.9929,35.5158],[35.9153,35.2879],[35.9624,35.1979],[35.927,34.8723],[36.0682,34.7436],[36.0488,34.5506],[35.7921,34.2933],[35.6652,34.3113],[35.6838,33.9718],[35.4705,33.9021],[35.4993,33.6502],[35.3944,33.65],[35.3984,33.3931],[35.2154,33.0716],[35.089,33.0205],[35.0218,32.6216],[34.8851,32.4821],[34.7926,32.161],[34.813,31.9789],[34.6909,31.9134],[34.6028,31.7558],[34.6334,31.6575],[34.3076,31.4005],[34.2972,31.2719],[33.7493,31.0791],[32.8317,31.0148],[32.8055,31.0655],[32.6665,31.0523],[32.7907,31.0941],[32.6016,31.061],[32.3894,31.2076],[32.2944,31.2076],[32.3039,31.0791],[32.1065,31.0534],[31.9996,31.0791],[31.9063,31.2516],[31.7806,31.2076],[31.8077,31.2812],[31.7691,31.2988],[31.8741,31.4647],[31.2658,31.4647],[31.1215,31.5275],[31.0291,31.5185],[30.9807,31.4365],[30.7985,31.4465],[30.7344,31.3881],[30.5427,31.395],[30.6916,31.4647],[30.352,31.4647],[30.3019,31.3422],[30.3388,31.2719],[30.2887,31.2379],[29.9904,31.2719],[29.8315,31.1513],[29.8696,31.0791],[29.6332,30.9506],[29.5543,30.9848],[29.4481,30.9336],[29.3971,30.822],[28.865,30.822],[28.4964,31.0148],[27.5149,31.1434],[27.2975,31.3362],[26.9303,31.4411],[25.248,31.4647],[25.102,31.5933],[25.1097,31.7462],[24.8925,31.9789],[24.1294,31.9789],[23.6803,32.1717],[23.3122,32.1627],[23.0806,32.3341],[23.0894,32.6216],[21.99,32.9134],[21.8067,32.9133],[21.4117,32.7502],[21.0578,32.7736],[20.8712,32.6216],[20.7962,32.6428],[20.6898,32.6041],[20.7159,32.5574],[20.563,32.5574],[20.482,32.4288],[20.417,32.4565],[20.3255,32.4098],[20.2461,32.236],[20.0715,32.1764],[19.9961,31.5933],[20.2143,31.2719],[20.1467,31.1636],[20.2021,30.8863],[19.9682,30.6935],[19.9643,30.565],[19.655,30.3722],[18.9686,30.2436],[18.787,30.3722],[18.5925,30.3722],[18.2175,30.7602],[17.8486,30.9237],[16.8136,31.2076],[16.1786,31.2076],[15.649,31.4005],[15.5323,31.6118],[15.4246,31.6575],[15.2823,32.3002],[15.0825,32.4133],[14.4444,32.4931],[14.0979,32.7281],[13.4537,32.8145],[13.2571,32.9186],[12.8413,32.8085],[12.8408,32.7502],[12.229,32.8145],[11.4544,33.2002],[11.1578,33.2002],[11.0798,33.5856],[10.7381,33.478],[10.584,33.6644],[10.2368,33.7146],[10.0058,33.9075],[10.0052,34.1706],[10.0661,34.242],[10.0045,34.2933],[10.543,34.5506],[10.8512,34.8079],[10.8512,34.9366],[10.9844,34.9994],[11.055,35.1404],[11.0057,35.3871],[11.0831,35.5073],[11.0161,35.5802],[10.9284,35.5802],[10.839,35.7683],[10.6962,35.7089],[10.4635,35.902],[10.5349,36.3573],[10.4625,36.4172],[11.0062,36.8037],[11.0063,36.9971],[10.5187,36.7558],[10.3553,36.7312],[10.1885,36.7976],[10.2685,36.9378],[10.1824,37.027],[10.2271,37.1177],[10.1281,37.1587],[10.2272,37.1949],[9.925,37.213],[9.8159,37.1518],[9.7718,37.2133],[9.8157,37.2491],[9.6158,37.3151],[9.0595,37.0615],[8.9723,37.0975],[8.8244,36.9795],[8.6443,36.9535],[8.5164,36.8682],[7.7383,36.8682],[7.4902,37.055],[7.3979,37.0615],[7.3463,37.0615],[7.1937,36.8682],[6.8047,36.8682],[6.3339,37.0615],[6.2357,36.9212],[6.1043,36.8741],[6.1058,36.8037],[5.5581,36.7337],[5.3044,36.643],[5.0978,36.6749],[4.8595,36.8682],[4.262,36.9116],[3.85,36.8037],[3.664,36.8344],[3.2299,36.7393],[2.8411,36.7393],[2.6008,36.5963],[2.3516,36.6383],[1.5296,36.4816],[1.197,36.5118],[1.144,36.4172],[0.759,36.3415]],[[24.6883,30.1442],[24.6887,30.1828],[24.6967,30.127],[24.6883,30.1442]],[[24.6887,30.1828],[24.7629,30.3171],[24.767,30.3214],[24.6887,30.1828]],[[34.9635,29.5941],[34.967,29.6081],[34.9898,29.652],[34.9635,29.5941]],[[35.4529,31.4008],[35.4585,31.4916],[35.4587,31.4916],[35.4593,31.4958],[35.4529,31.4008]],[[35.552,32.3679],[35.5533,32.3691],[35.5656,32.3134],[35.552,32.3679]],[[35.5568,32.3724],[35.5594,32.3748],[35.5656,32.3679],[35.5568,32.3724]],[[35.5585,32.5191],[35.5614,32.5192],[35.5674,32.5102],[35.5585,32.5191]],[[35.5594,32.4704],[35.5626,32.4747],[35.5725,32.4567],[35.5594,32.4704]],[[35.5688,32.4829],[35.5778,32.4948],[35.58,32.4915],[35.5688,32.4829]],[[35.7716,32.7467],[35.7749,32.7473],[35.7882,32.7344],[35.7716,32.7467]],[[36.2318,33.8525],[36.3178,33.8272],[36.3006,33.8287],[36.2318,33.8525]],[[36.2672,33.9104],[36.2886,33.9465],[36.2691,33.9073],[36.2672,33.9104]],[[36.2699,33.906],[36.3111,33.872],[36.2753,33.8972],[36.2699,33.906]],[[36.6665,36.2657],[36.6691,36.2599],[36.6681,36.2532],[36.6665,36.2657]],[[42.5355,41.4935],[42.555,41.5503],[42.5605,41.5555],[42.5355,41.4935]],[[42.5783,41.5723],[42.5852,41.5788],[42.5991,41.5805],[42.5783,41.5723]],[[42.661,41.5883],[42.8009,41.5792],[42.8199,41.5723],[42.661,41.5883]],[[42.7157,37.3553],[42.7805,37.3755],[42.788,37.3732],[42.7157,37.3553]],[[42.7951,37.371],[42.8011,37.3691],[42.8141,37.3468],[42.7951,37.371]],[[42.8066,41.5428],[42.8199,41.5723],[42.8068,41.543],[42.8066,41.5428]],[[44.5699,37.5144],[44.5732,37.5275],[44.5793,37.477],[44.5699,37.5144]],[[44.692,39.793],[44.7746,39.7028],[44.7769,39.6984],[44.692,39.793]],[[44.7525,37.1131],[44.7649,37.1394],[44.7544,37.1084],[44.7525,37.1131]],[[44.8011,39.653],[44.8085,39.6391],[44.807,39.6399],[44.8011,39.653]],[[44.814,39.6362],[44.8723,39.6251],[44.8278,39.6288],[44.814,39.6362]],[[44.8666,36.7801],[44.9227,36.7759],[44.8772,36.7765],[44.8666,36.7801]],[[44.9552,41.2627],[45.2496,41.4445],[45.0024,41.2905],[44.9552,41.2627]],[[44.9962,36.7417],[45.0353,36.6896],[45.0373,36.6808],[44.9962,36.7417]],[[45.0355,36.633],[45.0426,36.6569],[45.0443,36.6493],[45.0355,36.633]],[[45.0382,36.494],[45.0608,36.4472],[45.0391,36.4798],[45.0382,36.494]],[[45.0791,36.4197],[45.1108,36.4025],[45.0837,36.4128],[45.0791,36.4197]],[[45.0922,39.3444],[45.096,39.3411],[45.1358,39.2785],[45.0922,39.3444]],[[45.1108,36.4025],[45.196,36.4224],[45.2213,36.4209],[45.1108,36.4025]],[[45.1696,42.6813],[45.1842,42.6748],[45.2827,42.5864],[45.1696,42.6813]],[[45.2496,41.4445],[45.2817,41.4529],[45.3144,41.4516],[45.2496,41.4445]],[[45.753,39.5635],[45.7655,39.5616],[45.7739,39.5549],[45.753,39.5635]],[[45.9417,42.027],[45.9546,42.0244],[45.9476,42.0229],[45.9417,42.027]],[[45.9692,41.1683],[46.0302,41.1659],[46.0174,41.1638],[45.9692,41.1683]],[[46.0528,41.1695],[46.0765,41.1783],[46.0614,41.1709],[46.0528,41.1695]],[[46.1064,38.8682],[46.1359,38.8637],[46.1261,38.8627],[46.1064,38.8682]],[[46.1263,41.1966],[46.1354,41.1999],[46.1676,41.1983],[46.1263,41.1966]],[[46.2083,41.7555],[46.2871,41.7514],[46.2769,41.7493],[46.2083,41.7555]],[[46.3065,41.7553],[46.3203,41.7623],[46.3137,41.7567],[46.3065,41.7553]],[[46.4126,41.0919],[46.4664,41.0506],[46.457,41.0524],[46.4126,41.0919]],[[46.5901,38.9137],[46.6522,38.9929],[46.5992,38.9197],[46.5901,38.9137]],[[46.6278,41.3454],[46.631,41.3455],[46.6439,41.3318],[46.6278,41.3454]],[[46.667,41.3072],[46.6885,41.2844],[46.6948,41.2698],[46.667,41.3072]],[[47.7437,41.1927],[47.8524,41.2059],[47.8287,41.1984],[47.7437,41.1927]],[[47.8795,41.2145],[47.8944,41.2257],[47.8946,41.2193],[47.8795,41.2145]],[[48.1351,30.4429],[48.1409,30.4419],[48.1705,30.4067],[48.1351,30.4429]],[[48.291,30.32],[48.2964,30.3198],[48.3014,30.3149],[48.291,30.32]],[[48.3292,30.2876],[48.397,30.221],[48.4026,30.2088],[48.3292,30.2876]],[[48.3811,30.1453],[48.3832,30.1481],[48.3831,30.1424],[48.3811,30.1453]],[[48.3814,41.5925],[48.4015,41.6146],[48.393,41.5989],[48.3814,41.5925]],[[48.4082,30.1885],[48.4085,30.1961],[48.4106,30.1915],[48.4082,30.1885]],[[48.4239,30.0836],[48.4618,29.9949],[48.4531,30.0014],[48.4239,30.0836]],[[54.7873,37.6519],[54.8136,37.7186],[54.8234,37.7283],[54.7873,37.6519]],[[55.4474,38.0837],[55.6299,38.1056],[55.511,38.0858],[55.4474,38.0837]],[[55.724,38.1169],[55.7384,38.1186],[55.7688,38.1115],[55.724,38.1169]],[[55.8208,38.0995],[55.8798,38.0858],[55.8541,38.086],[55.8208,38.0995]],[[56.2141,38.0688],[56.3155,38.0895],[56.2997,38.0802],[56.2141,38.0688]],[[57.1814,38.2757],[57.1859,38.2765],[57.2183,38.2651],[57.1814,38.2757]],[[61.1016,35.2353],[61.1038,35.2494],[61.1124,35.202],[61.1016,35.2353]],[[63.1743,26.685],[63.1823,26.8302],[63.1896,26.846],[63.1743,26.685]],[[63.1896,26.846],[63.206,26.8537],[63.2467,26.8595],[63.1896,26.846]],[[64.589,36.5802],[64.5901,36.5947],[64.6105,36.5009],[64.589,36.5802]],[[64.5911,36.6093],[64.592,36.6211],[64.5985,36.6369],[64.5911,36.6093]],[[64.614,36.6746],[64.6214,36.6926],[64.7652,36.9046],[64.614,36.6746]]],[[[9.8196,37.2276],[9.8612,37.2338],[9.906,37.2193],[9.842,37.2404],[9.8196,37.2276]]],[[[13.5448,45.3427],[13.7056,45.235],[13.8032,44.908],[13.9432,44.908],[13.9457,45.0388],[14.1552,45.0388],[14.1962,45.3659],[14.6031,45.3659],[14.576,45.2623],[14.8528,45.0937],[14.9187,44.9734],[14.9113,44.6789],[15.308,44.3544],[15.5287,44.2718],[15.2612,44.3326],[15.2953,44.2507],[15.1981,44.3017],[15.1765,44.25],[15.2129,44.131],[15.4591,43.9938],[15.4551,43.928],[15.6186,43.9286],[15.6954,43.7982],[15.8566,43.7982],[16.0117,43.6027],[15.9595,43.504],[16.5754,43.6027],[16.7342,43.5375],[16.7302,43.4247],[17.0513,43.4072],[17.1139,43.2132],[17.2058,43.1691],[17.3654,43.2118],[17.3606,43.0893],[17.4336,43.0174],[17.502,43.031],[17.5156,42.9589],[17.9915,42.8213],[18.2191,42.5984],[18.6286,42.4482],[18.6873,42.4829],[18.7063,42.4197],[18.852,42.3662],[19.4436,41.8653],[19.5916,41.8188],[19.5576,41.6605],[19.613,41.6053],[19.4715,41.5823],[19.5297,41.522],[19.4438,41.3922],[19.5233,41.3922],[19.4555,41.1485],[19.5234,40.9206],[19.3688,40.8022],[19.3044,40.6531],[19.4863,40.6144],[19.4714,40.2906],[19.6295,40.2906],[20.0094,39.967],[19.9876,39.7083],[20.155,39.7083],[20.2972,39.385],[20.9538,39.0342],[21.0584,39.009],[21.0852,39.0629],[21.1599,38.9977],[21.1774,38.876],[21.1023,38.9108],[21.0852,38.8643],[21.0274,38.9326],[20.8599,38.9605],[20.7414,38.8034],[20.9737,38.7389],[21.1933,38.416],[21.3376,38.3989],[21.3225,38.4963],[21.4224,38.3889],[21.7625,38.3284],[21.8312,38.3967],[21.9876,38.4106],[22.1892,38.3231],[22.3823,38.3427],[22.4016,38.4534],[22.5625,38.2935],[22.6465,38.39],[22.8057,38.227],[23.2234,38.1592],[23.1729,38.0795],[22.8755,38.0493],[22.9754,37.979],[22.8672,37.9395],[22.6804,38.0666],[21.8495,38.3413],[21.7333,38.2514],[21.7286,38.1578],[21.4156,38.1578],[21.2436,37.8352],[21.6966,37.5128],[21.6958,37.3164],[21.6031,37.1904],[21.681,37.1904],[21.7435,36.8682],[21.8992,36.8682],[21.9085,37.0615],[22.22,37.0615],[22.3757,36.6749],[22.5118,36.6749],[22.5994,36.8682],[22.8328,36.8682],[23.0391,36.7062],[22.8532,37.2549],[22.7007,37.3193],[22.7144,37.5773],[22.9486,37.5773],[23.1756,37.4483],[23.1685,37.3193],[23.278,37.3498],[23.23,37.3749],[23.2627,37.401],[23.3849,37.4134],[23.36,37.5475],[23.1083,37.6417],[23.0151,37.9252],[23.2044,37.963],[23.2082,38.0288],[23.5746,38.0468],[23.5597,37.9866],[23.9786,37.8352],[24.0361,38.2224],[23.6729,38.3564],[23.5929,38.4806],[23.3126,38.4806],[23.1826,38.6538],[23.1045,38.6384],[22.9149,38.7756],[22.5251,38.8581],[22.6216,38.9145],[22.792,38.878],[23.0731,39.0363],[22.9639,39.009],[22.9981,39.0698],[22.9516,39.1238],[22.7973,39.0618],[22.8163,39.385],[23.1318,39.4489],[22.6109,39.9023],[22.6497,39.9853],[22.5437,40.0964],[22.5716,40.5496],[22.9105,40.6446],[22.9832,40.5527],[22.9265,40.5153],[22.9592,40.4201],[23.7374,40.2259],[23.6936,40.3092],[23.7777,40.3548],[23.8386,40.5496],[23.6846,40.6144],[23.698,40.8088],[24.0106,40.744],[24.3466,41.0032],[25.1384,41.0101],[25.1358,40.9692],[25.8495,40.9384],[26.0822,40.8736],[26.1403,40.6144],[26.5472,40.744],[26.621,40.6792],[26.9324,40.6144],[26.7685,40.5496],[26.8466,40.5165],[26.9576,40.5584],[27.0172,40.6792],[27.5275,41.068],[29.0429,41.068],[29.0645,41.1371],[28.9631,41.1328],[28.975,41.2529],[28.5053,41.3274],[28.0814,41.6518],[27.9794,41.6518],[28.0043,41.9114],[27.7835,42.1063],[27.7804,42.2434],[27.4529,42.4801],[27.5135,42.6262],[27.8466,42.7563],[27.8049,43.1467],[27.8982,43.2769],[28.0607,43.3092],[28.1925,43.4078],[28.1592,43.4723],[28.4811,43.4723],[28.6163,43.9938],[28.5356,43.9938],[28.5769,44.3854],[28.7612,44.5223],[28.7578,44.6268],[28.8362,44.6268],[28.784,44.6492],[28.8257,44.7332],[28.802,44.9734],[29.0583,45.001],[29.1106,44.97],[29.0521,44.9446],[29.0441,44.8655],[29.0603,44.8323],[29.0964,44.8751],[29.1387,44.8072],[29.5253,44.908],[29.6584,45.3659],[29.577,45.3659],[29.5845,45.4313],[29.096,45.4313],[28.6677,45.235],[28.3494,45.3004],[28.2819,45.4313],[27.8681,45.3659],[27.8479,45.1696],[27.9969,45.0388],[27.9699,44.7773],[27.801,44.7119],[27.7877,44.5813],[27.943,44.516],[27.9163,44.2548],[27.4927,44.0591],[26.2814,44.0591],[25.8486,43.733],[25.4343,43.6027],[24.8814,43.733],[24.1509,43.6678],[23.6018,43.8634],[22.8758,43.8634],[22.8712,43.7982],[22.7007,43.6678],[22.6869,43.4723],[22.526,43.4723],[22.4366,43.3421],[22.5125,43.2769],[22.4946,43.0165],[22.4144,43.0165],[22.4813,42.8213],[22.4011,42.8213],[22.4334,42.1063],[22.2737,42.1063],[22.3365,41.8465],[21.9972,41.522],[22.0727,41.4571],[21.9692,41.068],[22.0486,41.068],[22.025,40.6792],[21.9458,40.6792],[22.002,40.2906],[21.9154,40.1612],[22.0772,40.2259],[22.0659,40.0317],[22.22,39.967],[22.5052,39.4496],[22.419,39.3203],[22.4792,38.9972],[22.1439,38.6097],[21.9086,38.6097],[21.6015,38.7389],[21.533,38.9326],[21.3759,38.9326],[21.3859,39.1265],[20.9335,39.5143],[20.6248,39.6436],[20.6313,39.7729],[20.4042,39.967],[20.4896,40.0964],[20.3316,40.0964],[20.1831,40.2906],[20.2719,40.4849],[20.0376,40.5496],[19.8887,40.744],[19.994,41.2625],[19.8382,41.3274],[19.9243,41.4571],[19.8513,41.5869],[20.014,41.6518],[19.9444,41.8465],[20.0309,41.9764],[19.4885,42.3012],[19.4951,42.4312],[19.3318,42.3662],[19.2615,42.5612],[19.1013,42.5612],[18.8766,42.8864],[18.1689,43.2118],[17.9362,43.4072],[17.9417,43.5375],[17.6975,43.4723],[17.4639,43.6678],[16.5084,43.9938],[16.3558,44.2548],[16.1963,44.3201],[16.2006,44.4507],[16.0408,44.516],[16.0449,44.6466],[15.8849,44.7119],[15.8869,44.7773],[15.6417,44.7119],[15.6475,44.908],[15.3301,45.1696],[15.1675,45.1696],[15.171,45.3004],[14.9303,45.4313],[14.9319,45.4968],[14.6091,45.6278],[14.5336,45.8898],[14.128,46.0209],[14.0424,45.8243],[13.6355,45.8898],[13.6335,45.7694],[13.7149,45.7588],[13.7393,45.6491],[13.8081,45.6143],[13.7119,45.5933],[13.7529,45.5529],[13.7102,45.4968],[13.5473,45.4968],[13.5448,45.3427]],[[18.4437,42.8345],[18.4517,42.8023],[18.4446,42.8171],[18.4437,42.8345]],[[18.4598,42.7852],[18.4838,42.7525],[18.4674,42.7692],[18.4598,42.7852]],[[19.2749,42.1913],[19.4004,42.3259],[19.2764,42.1857],[19.2749,42.1913]],[[19.2803,42.1714],[19.2925,42.1577],[19.2821,42.1646],[19.2803,42.1714]],[[19.4004,42.3259],[19.4027,42.352],[19.4111,42.3648],[19.4004,42.3259]],[[20.249,39.6848],[20.2875,39.7112],[20.2827,39.7044],[20.249,39.6848]],[[22.5088,42.4049],[22.5365,42.4784],[22.5331,42.4576],[22.5088,42.4049]],[[22.5152,42.5141],[22.5249,42.5077],[22.5365,42.4784],[22.5152,42.5141]],[[22.827,43.2814],[22.8901,43.2269],[22.8838,43.2306],[22.827,43.2814]],[[22.8815,41.3356],[22.917,41.3358],[23.1152,41.3127],[22.8815,41.3356]],[[22.9014,41.8604],[22.9427,41.7758],[22.9397,41.7767],[22.9014,41.8604]],[[22.9045,43.2186],[22.9814,43.199],[22.9155,43.2122],[22.9045,43.2186]],[[22.933,41.6123],[22.9351,41.6189],[22.9332,41.6055],[22.933,41.6123]],[[22.9334,41.595],[22.9487,41.561],[22.9337,41.5846],[22.9334,41.595]],[[22.9385,41.6299],[22.9409,41.6376],[22.9443,41.6388],[22.9385,41.6299]],[[22.967,41.647],[23.0004,41.7015],[22.9986,41.6931],[22.967,41.647]],[[24.1262,41.5294],[24.1463,41.5268],[24.1702,41.5116],[24.1262,41.5294]],[[24.1816,41.5374],[24.1963,41.547],[24.2121,41.5518],[24.1816,41.5374]],[[25.1771,41.2939],[25.2308,41.248],[25.2197,41.2497],[25.1771,41.2939]],[[26.0475,41.6746],[26.0493,41.6823],[26.055,41.6488],[26.0475,41.6746]],[[26.0522,41.6952],[26.0537,41.7015],[26.0579,41.7035],[26.0522,41.6952]],[[26.1312,41.5527],[26.1525,41.547],[26.1544,41.5437],[26.1312,41.5527]],[[26.1459,41.478],[26.1602,41.5019],[26.1593,41.4938],[26.1459,41.478]],[[26.1589,41.5362],[26.1631,41.5291],[26.1617,41.5157],[26.1589,41.5362]],[[26.2304,41.7466],[26.2344,41.7458],[26.2739,41.7149],[26.2304,41.7466]],[[26.3668,41.7112],[26.3774,41.7106],[26.4044,41.6918],[26.3668,41.7112]],[[26.5837,41.3326],[26.6097,41.3307],[26.5911,41.3293],[26.5837,41.3326]]],[[[14.5158,45.1042],[14.7791,45.0187],[14.6653,45.0873],[14.6653,45.1618],[14.5974,45.1664],[14.5959,45.2375],[14.5158,45.1042]]],[[[14.9089,44.5813],[14.9595,44.5396],[14.9729,44.5361],[15.0142,44.5187],[15.0073,44.5045],[15.0755,44.4841],[15.0412,44.5275],[15.0039,44.5361],[14.9663,44.5734],[14.9095,44.6068],[14.9089,44.5813]]],[[[15.0415,44.4766],[15.1597,44.3262],[15.2271,44.3264],[15.1651,44.3674],[15.2544,44.34],[15.0415,44.4766]]],[[[15.1642,44.3057],[15.1652,44.3012],[15.1724,44.2991],[15.1642,44.3057]]],[[[15.2158,44.072],[15.2187,44.0591],[15.2398,44.0534],[15.2258,44.0662],[15.2158,44.072]]],[[[15.401,43.904],[15.4461,43.8875],[15.4268,43.9221],[15.4165,43.928],[15.401,43.904]]],[[[16.7272,43.3421],[16.7959,43.3559],[16.7282,43.3691],[16.7272,43.3421]]],[[[17.3552,42.9515],[17.4376,42.9515],[17.3905,42.9777],[17.3566,42.9879],[17.3552,42.9515]]],[[[17.5079,42.7563],[17.5159,42.7684],[17.5085,42.7718],[17.5079,42.7563]]],[[[17.5119,42.8554],[17.6399,42.8788],[17.5261,42.9218],[17.5119,42.8554]]],[[[17.6662,42.8745],[17.677,42.8727],[17.6737,42.8751],[17.6662,42.8745]]],[[[19.7578,39.6436],[19.9065,39.5814],[19.8416,39.7042],[19.947,39.7729],[19.7637,39.7729],[19.7578,39.6436]]],[[[22.833,38.8227],[22.9818,38.845],[22.9564,38.878],[23.0202,38.9214],[22.833,38.8227]]],[[[23.0356,36.6926],[23.0463,36.6833],[23.0517,36.6872],[23.0498,36.6926],[23.0356,36.6926]]],[[[23.0365,38.9279],[23.3318,38.8034],[23.4651,38.8569],[23.2006,39.0093],[23.0365,38.9279]]],[[[23.3122,37.6174],[23.3406,37.6003],[23.3536,37.5821],[23.3442,37.6327],[23.3122,37.6174]]],[[[23.4014,37.3193],[23.4024,37.3193],[23.4023,37.3198],[23.4014,37.3193]]],[[[23.5634,38.7389],[23.6355,38.5286],[23.594,38.4534],[23.6492,38.4057],[24.0422,38.4015],[24.0669,38.351],[24.0254,38.3305],[24.1617,38.2698],[24.1789,38.5451],[24.0302,38.6743],[23.5634,38.7389]]],[[[24.1275,38.2224],[24.1447,38.2224],[24.1426,38.227],[24.157,38.2296],[24.1591,38.2287],[24.1614,38.2661],[24.1311,38.2358],[24.1275,38.2224]]],[[[26.2318,40.0656],[26.3758,40.1535],[26.3456,40.1998],[26.6167,40.3595],[26.6839,40.4849],[26.2723,40.2906],[26.2318,40.0656]]],[[[27.5815,37.1982],[27.5831,37.1912],[27.5877,37.1988],[27.5815,37.1982]]],[[[30.1795,31.2714],[30.1849,31.2719],[30.1795,31.2719],[30.1795,31.2714]]],[[[30.2409,31.2653],[30.2648,31.2719],[30.2479,31.2719],[30.2409,31.2653]]],[[[30.9691,31.5785],[30.9739,31.5799],[30.9739,31.5867],[30.9695,31.5854],[30.9691,31.5785]]],[[[30.978,31.5843],[31.119,31.5305],[31.1608,31.5935],[30.978,31.5843]]],[[[33.9551,26.79],[34.0036,26.7082],[34.0029,26.7316],[33.9756,26.79],[33.9551,26.79]]],[[[48.0108,29.9805],[48.0311,29.971],[48.0789,30.0041],[48.1061,30.0176],[48.1092,30.028],[48.0547,30.0245],[48.0108,29.9805]]],[[[48.0461,29.8005],[48.1858,29.6039],[48.3527,29.7098],[48.3445,29.7906],[48.1621,29.9957],[48.1227,29.9697],[48.1974,29.9254],[48.0951,29.8947],[48.1133,29.8391],[48.0461,29.8005]]],[[[55.2926,26.5485],[55.8766,26.7429],[55.947,26.6963],[56.2874,26.9551],[56.2124,27.003],[55.8977,26.9068],[55.758,26.954],[55.7742,26.7969],[55.3045,26.6564],[55.2926,26.5485]]],[[[23.6154,35.5158],[23.6792,35.2584],[24.7574,35.194],[24.8237,35.001],[26.1401,35.0653],[26.2253,35.194],[25.7953,35.1151],[25.6806,35.1297],[25.6923,35.3227],[24.301,35.3227],[24.1499,35.3871],[24.1541,35.465],[24.0669,35.507],[24.1569,35.5158],[23.6154,35.5158]]],[[[22.9016,36.3383],[22.9292,36.178],[23.0533,36.1596],[23.0769,36.2707],[22.9446,36.3894],[22.9016,36.3383]]],[[[24.2754,37.5317],[24.3958,37.6247],[24.3728,37.6852],[24.2893,37.6453],[24.2754,37.5317]]],[[[24.9955,37.6789],[25.1255,37.5559],[25.216,37.5329],[25.2593,37.59],[24.9955,37.6789]]],[[[20.6195,37.8228],[20.7934,37.6685],[20.9261,37.7284],[20.886,37.814],[20.7247,37.8998],[20.6554,37.8998],[20.6195,37.8228]]],[[[24.6878,37.9287],[24.9118,37.7283],[24.9944,37.7541],[24.9538,37.8707],[24.7937,37.9941],[24.6878,37.9287]]],[[[20.339,38.2002],[20.3801,38.1518],[20.4253,38.1753],[20.4351,38.2788],[20.4943,38.1337],[20.7865,38.0933],[20.6817,38.2821],[20.6429,38.2534],[20.5991,38.3026],[20.6258,38.3518],[20.5664,38.416],[20.479,38.3095],[20.3999,38.3641],[20.339,38.2002]]],[[[20.6878,38.3367],[20.7194,38.3156],[20.7387,38.3189],[20.6951,38.3434],[20.6878,38.3367]]],[[[23.4849,38.7389],[23.5634,38.7389],[23.5668,38.7946],[23.4888,38.8034],[23.4849,38.7389]]],[[[24.4362,38.878],[24.557,38.8457],[24.5368,38.7918],[24.6643,38.7732],[24.4915,38.981],[24.4362,38.878]]],[[[21.533,38.9326],[21.6116,38.9326],[21.6149,38.9972],[21.5364,38.9972],[21.533,38.9326]]],[[[21.3859,39.1265],[21.4645,39.1265],[21.4679,39.1911],[21.3892,39.1911],[21.3859,39.1265]]],[[[20.1453,39.6436],[20.1517,39.6402],[20.1519,39.6436],[20.1453,39.6436]]],[[[24.5197,40.6853],[24.6397,40.5732],[24.7801,40.6122],[24.7864,40.7351],[24.6423,40.8039],[24.5197,40.6853]]],[[[19.9178,41.3274],[19.9973,41.3274],[20.0006,41.3922],[19.921,41.3922],[19.9178,41.3274]]],[[[32.2717,35.0728],[32.3294,34.8864],[32.459,34.7219],[32.7099,34.6458],[32.9136,34.6567],[32.9425,34.5794],[33.0303,34.5685],[33.0156,34.6344],[33.0864,34.6948],[33.2601,34.7005],[33.5917,34.8203],[33.7015,34.9729],[34.0685,34.9979],[33.9431,35.0653],[34.0123,35.0638],[33.8999,35.1645],[33.9121,35.26],[34.5384,35.671],[33.6603,35.3593],[33.4275,35.3289],[32.9231,35.3871],[32.9294,35.233],[32.8652,35.157],[32.6897,35.1839],[32.4138,35.043],[32.2717,35.0728]],[[33.7592,34.9887],[33.7911,34.9824],[33.7874,34.98],[33.7592,34.9887]],[[32.712,35.1731],[32.7315,35.1432],[32.7127,35.1634],[32.712,35.1731]],[[33.4666,35.0051],[33.4675,35.0126],[33.4768,35.0027],[33.4666,35.0051]],[[33.6195,35.0168],[33.7115,34.9856],[33.7029,34.9879],[33.6195,35.0168]],[[33.6794,35.0349],[33.7022,35.0223],[33.6794,35.0339],[33.6794,35.0349]],[[33.6966,35.009],[33.7022,35.0223],[33.7002,35.0067],[33.6966,35.009]],[[33.8412,35.0511],[33.8801,35.0731],[33.8551,35.0534],[33.8412,35.0511]]],[[[27.708,36.1688],[27.7519,35.905],[27.9934,36.062],[28.0896,36.0551],[28.0617,36.1165],[28.1634,36.2377],[28.2311,36.4498],[27.8997,36.3402],[27.708,36.1688]]],[[[26.9177,36.7161],[27.1854,36.8037],[27.1442,36.8811],[26.9177,36.7161]]],[[[25.3418,37.083],[25.3936,36.9971],[25.5644,36.9971],[25.5727,37.126],[25.3418,37.083]]],[[[25.99,37.5165],[26.2306,37.5714],[26.312,37.6796],[26.0742,37.6379],[25.99,37.5165]]],[[[25.8407,38.5224],[25.989,38.3793],[25.9644,38.3026],[25.885,38.2794],[25.8898,38.2206],[26.0115,38.1578],[26.1121,38.2226],[26.1636,38.5428],[26.0159,38.602],[25.8696,38.5831],[25.8407,38.5224]]],[[[25.8359,39.1822],[26.1021,39.1115],[26.2256,39.2076],[26.2935,39.1772],[26.1002,39.0858],[26.1657,39.0224],[26.5471,38.9879],[26.437,39.1035],[26.4893,39.1137],[26.5394,39.0194],[26.61,39.0229],[26.5397,39.166],[26.3822,39.2771],[26.4074,39.3347],[26.1658,39.3681],[26.0606,39.2895],[25.9226,39.2911],[25.8359,39.1822]]],[[[25.0447,39.9853],[25.047,39.8376],[25.2043,39.8376],[25.2388,39.9195],[25.2798,39.8891],[25.2388,39.8581],[25.3551,39.8376],[25.348,39.9064],[25.4499,39.9884],[25.4377,40.0317],[25.2852,39.9534],[25.2251,40.0089],[25.0447,39.9853]]],[[[25.7052,40.1144],[26.0122,40.1666],[25.9631,40.1571],[25.926,40.2428],[25.759,40.2067],[25.7052,40.1144]]],[[[32.5967,45.4313],[32.9224,45.4313],[33.6101,45.1042],[33.6092,44.8717],[33.5151,44.6466],[33.5715,44.6206],[33.4767,44.6099],[33.5086,44.4953],[33.6202,44.462],[34.0966,44.516],[34.286,44.7119],[34.3671,44.7119],[34.3763,44.7773],[34.5385,44.7773],[34.5478,44.8426],[34.7911,44.8426],[34.4319,45.1696],[34.2693,45.1696],[34.0621,45.4313],[33.8993,45.4313],[33.628,45.8243],[32.8337,45.6011],[32.6677,45.5254],[32.5967,45.4313]]]]}},{"type":"Feature","properties":{"relationId":"cliopatria-relation-37ffecd705d8","name":"(Alliance between Sasanian Empire and Byzantine Empire)","name_ko":"사산 제국–동로마 제국 동맹","relationKind":"alliance","relation_kind_ko":"동맹","actor_ids":"cliopatria-q83891-6c78591e24;cliopatria-q12544-9c75ec2643","actor_names_ko":"사산 제국;동로마 제국","color":"#4fd1c5","startYear":634,"endYear":637,"source_name":"Cliopatria v0.2.0","source_url":"https://github.com/Seshat-Global-History-Databank/cliopatria","license":"CC BY 4.0","attribution":"Seshat Global History Databank, Cliopatria contributors"},"geometry":{"type":"MultiPolygon","coordinates":[[[[-6.0043,35.3871],[-5.0765,35.3871],[-5.3258,35.6445],[-5.3411,35.8372],[-5.9458,35.7097],[-6.0043,35.3871]]],[[[14.3384,35.9455],[14.3815,35.843],[14.5618,35.8298],[14.5078,35.9285],[14.3773,35.9936],[14.3384,35.9455]]],[[[12.4905,37.7062],[13.192,37.5773],[13.6022,37.2505],[14.2779,37.126],[14.6723,36.7393],[15.0498,36.7393],[15.2051,37.1662],[15.0592,37.2549],[15.0665,37.6417],[15.3895,38.1578],[15.5432,38.1578],[15.5865,38.2377],[14.0562,37.9643],[13.6652,37.9643],[13.3547,38.1578],[13.1199,38.1578],[13.0404,38.0288],[12.6522,38.0929],[12.4919,37.8998],[12.4905,37.7062]]],[[[15.591,40.0778],[15.7478,40.0317],[15.7136,39.978],[15.7736,39.8424],[15.8989,39.7729],[16.1165,39.0618],[16.2703,38.9326],[16.2652,38.7389],[15.9497,38.6743],[15.8621,38.2869],[15.6328,38.2203],[15.6982,37.9643],[15.9328,37.9643],[16.4919,38.416],[16.5024,38.8034],[17.1383,39.0618],[17.0697,39.385],[16.9162,39.5143],[16.4473,39.6436],[16.4491,39.7083],[16.132,39.6436],[15.976,39.7083],[15.9865,40.0964],[15.8302,40.1612],[15.5931,40.1612],[15.591,40.0778]]],[[[1.2204,38.9553],[1.2529,38.8623],[1.4031,38.8323],[1.4147,38.8906],[1.6231,39.0292],[1.5227,39.1189],[1.3568,39.0776],[1.2928,39.0333],[1.301,38.9678],[1.2204,38.9553]]],[[[2.3508,39.5765],[2.487,39.4788],[2.6817,39.5587],[2.7435,39.5234],[2.7866,39.3759],[3.1447,39.3203],[3.2825,39.4201],[3.4744,39.7497],[3.1626,39.7691],[3.1263,39.8319],[3.1959,39.8906],[3.0947,39.8812],[3.1738,39.967],[2.8132,39.8726],[2.3508,39.5765]]],[[[3.8032,40.0181],[3.8307,39.9361],[4.3008,39.8378],[4.1705,40.0646],[4.1423,40.0248],[4.1051,40.0794],[3.8032,40.0181]]],[[[8.1567,40.7718],[8.1974,40.6912],[8.1618,40.5638],[8.1934,40.6175],[8.2163,40.5706],[8.312,40.5781],[8.386,40.3518],[8.4761,40.2921],[8.49,40.1045],[8.3772,40.0338],[8.4004,39.9361],[8.5453,39.8786],[8.5044,39.7215],[8.5658,39.7011],[8.4553,39.7561],[8.4634,39.5769],[8.374,39.3789],[8.4321,39.3018],[8.4095,39.1693],[8.5596,39.0567],[8.606,38.9088],[8.7166,38.9326],[8.8533,38.878],[9.0183,38.9953],[9.0183,39.1461],[9.0798,39.2246],[9.0139,39.2639],[9.166,39.1871],[9.2922,39.2213],[9.4052,39.1521],[9.5664,39.1492],[9.7111,39.9293],[9.6262,40.2631],[9.8225,40.5327],[9.6579,40.7999],[9.724,40.8449],[9.6141,40.8934],[9.6421,40.9206],[9.5042,40.9269],[9.6469,40.9922],[9.5119,41.0163],[9.5541,41.1239],[9.4691,41.1462],[9.4429,41.092],[9.4224,41.1807],[9.1711,41.2426],[9.1419,41.1528],[9.0055,41.1219],[8.8225,40.9473],[8.5205,40.827],[8.3102,40.8507],[8.1812,40.9341],[8.2153,40.8814],[8.1567,40.7718]]],[[[8.3533,39.0556],[8.4312,38.9661],[8.4839,39.0698],[8.3701,39.1131],[8.3533,39.0556]]],[[[9.3767,41.2147],[9.377,41.2133],[9.3953,41.2106],[9.4007,41.2115],[9.3767,41.2147]]],[[[9.437,41.1859],[9.4644,41.1727],[9.4749,41.1793],[9.4749,41.2014],[9.445,41.2055],[9.437,41.1859]]],[[[16.0895,40.9384],[16.2482,40.9384],[16.2463,40.8736],[16.7909,40.5496],[16.7847,40.3554],[16.9137,40.4464],[16.868,40.4849],[17.0285,40.5496],[17.3452,40.5496],[17.4175,40.3554],[17.8131,40.3554],[18.1122,39.9023],[18.3489,39.9023],[18.3565,40.0964],[18.4355,40.0964],[18.3642,40.2906],[17.9812,40.6144],[17.5107,40.744],[17.4136,40.8811],[16.8612,41.1386],[16.2581,41.2625],[16.2541,41.1328],[16.0933,41.068],[16.0895,40.9384]]],[[[14.0264,40.9384],[14.4219,40.8736],[14.4194,40.7517],[14.4741,40.7297],[14.4363,40.6792],[14.7349,40.6792],[14.7377,40.8088],[14.5791,40.8088],[14.5039,41.0032],[14.0276,41.0032],[14.0264,40.9384]]],[[[8.5453,42.2329],[8.5938,42.1745],[8.5596,42.154],[8.745,42.0566],[8.6457,41.9774],[8.8054,41.9069],[8.7508,41.8455],[8.7849,41.8244],[8.6551,41.7499],[8.9227,41.6946],[8.8018,41.6391],[8.7918,41.5612],[9.0798,41.4824],[9.0964,41.4035],[9.2255,41.3771],[9.2107,41.4482],[9.3506,41.5812],[9.2922,41.6264],[9.3467,41.6196],[9.4016,41.7064],[9.4032,41.9529],[9.5596,42.1466],[9.5281,42.5635],[9.4429,42.6406],[9.464,42.9901],[9.3467,43.0037],[9.3057,42.8393],[9.3425,42.7491],[9.2922,42.6748],[9.1178,42.732],[8.787,42.562],[8.7092,42.5792],[8.6595,42.4299],[8.5491,42.3771],[8.6878,42.2729],[8.5453,42.2329]]],[[[9.4566,42.6474],[9.4768,42.6191],[9.4769,42.6201],[9.4821,42.6201],[9.4566,42.6474]]],[[[11.4949,42.3582],[11.5746,42.3282],[11.5748,42.3662],[11.4949,42.3582]]],[[[10.1632,42.8164],[10.1963,42.7362],[10.3379,42.7648],[10.4307,42.7221],[10.3888,42.7635],[10.4367,42.8044],[10.4124,42.8734],[10.3473,42.8059],[10.1632,42.8164]]],[[[7.1502,43.733],[8.0339,43.9286],[8.1916,44.1896],[8.5925,44.4507],[9.1591,44.4507],[9.5774,44.1877],[9.9697,44.1243],[9.6455,44.3201],[9.6447,44.4507],[9.9684,44.4507],[10.4543,44.1896],[11.2619,44.0591],[11.2609,43.7982],[11.6628,43.6027],[11.5795,43.1467],[11.9784,42.8213],[11.5748,42.3662],[11.6548,42.3662],[11.7349,42.1707],[12.1317,42.0413],[12.1715,41.8777],[12.6046,41.522],[12.9222,41.4571],[13,41.3274],[13.3976,41.3274],[13.7955,41.2011],[14.0374,41.522],[13.9615,41.7167],[13.8044,41.8465],[13.4057,41.8465],[13.328,41.9764],[13.0097,42.0413],[12.6144,42.3662],[12.4609,42.9515],[12.3807,42.9515],[12.5472,43.4723],[12.7098,43.6027],[13.1124,43.6027],[13.4291,43.2769],[13.6715,43.3421],[13.6726,43.4072],[13.3874,43.6413],[13.0338,43.733],[13.019,43.8567],[12.8734,43.7982],[12.4739,44.1243],[12.3931,44.1243],[12.1537,44.4507],[12.1572,44.8426],[12.4001,44.7989],[12.4026,45.0388],[12.3688,45.011],[12.16,45.1696],[12.1628,45.4968],[12.6522,45.5623],[12.8168,45.6933],[13.0571,45.6393],[12.9824,45.8898],[11.9198,45.6933],[11.837,45.4968],[11.9994,45.4313],[11.9979,45.235],[11.834,45.0388],[11.2659,45.1696],[11.2655,45.0388],[10.7782,45.0388],[10.7781,44.908],[10.4537,44.7773],[10.1293,44.7773],[9.8854,44.908],[9.3178,44.8426],[9.5621,44.7119],[9.4824,44.516],[8.7522,44.6466],[8.4298,44.516],[8.1859,44.5813],[8.031,44.1243],[7.7078,44.1243],[7.6293,43.9938],[7.227,43.9286],[7.1502,43.733]]],[[[9.9404,44.0591],[9.9627,44.0447],[9.9699,44.0489],[9.9699,44.0591],[9.9404,44.0591]]],[[[14.2616,44.6158],[14.2712,44.6125],[14.2619,44.6282],[14.2616,44.6158]]],[[[14.2625,44.6582],[14.2742,44.6617],[14.2804,44.6776],[14.2658,44.6795],[14.2629,44.6771],[14.2625,44.6582]]],[[[14.2925,44.9403],[14.4279,44.6566],[14.5047,44.6191],[14.4556,44.9307],[14.2925,44.9403]]],[[[14.3358,44.7168],[14.363,44.5734],[14.5024,44.516],[14.3358,44.7168]]],[[[0.759,36.3415],[0.7669,36.1596],[0.922,36.1596],[1.005,36.0308],[1.1547,36.1596],[2.008,36.1596],[2.0031,36.2884],[2.3159,36.224],[2.7747,36.4172],[5.6494,36.3528],[5.8795,36.4816],[6.3468,36.4172],[6.422,36.546],[6.8893,36.4816],[6.9647,36.6105],[7.5865,36.6105],[7.9024,36.224],[7.8282,35.9664],[7.9057,35.9664],[7.9114,35.5158],[7.9888,35.5158],[7.9942,35.0653],[8.2286,34.8079],[8.4594,34.8723],[8.8462,34.7436],[8.9263,34.3577],[9.0033,34.3577],[8.9288,34.0361],[9.0826,34.0361],[9.3159,33.5859],[9.6236,33.4574],[9.5475,33.3288],[9.625,33.1359],[10.0848,33.1359],[10.0086,33.0073],[10.3916,33.0073],[11.1572,32.6859],[11.3099,32.4931],[11.4629,32.5574],[11.539,32.4288],[11.7684,32.4288],[11.7679,32.3002],[12.4559,32.3645],[13.0667,32.3002],[13.0657,32.1717],[13.2953,32.236],[13.8286,32.1074],[14.5861,31.6575],[14.5844,31.529],[15.1873,31.0791],[15.1845,30.8863],[15.4896,30.9506],[16.7012,30.6935],[18.2813,30.0508],[19.1911,30.0508],[20.9516,30.565],[21.9388,30.565],[22.7667,30.3722],[22.7618,30.2436],[22.916,30.3079],[23.5101,29.9865],[24.26,29.7937],[24.3304,29.6652],[24.7792,29.5366],[24.8467,29.3438],[25.0008,29.4081],[25.1465,29.2795],[25.3735,29.2795],[25.5863,28.9581],[27.1401,28.251],[27.285,28.1224],[27.2763,27.9295],[27.4299,27.9938],[27.792,27.6724],[27.7109,27.5438],[27.9367,27.5438],[28.1537,27.3509],[28.2702,26.5794],[28.3453,26.5794],[28.2437,25.9365],[28.2886,25.165],[28.5688,24.6506],[29.6728,24.2006],[29.9595,23.8792],[30.1087,23.8792],[30.104,23.7506],[30.3952,23.5577],[30.4627,23.3649],[31.6705,23.7506],[32.0409,23.6863],[33.389,23.8149],[33.7564,23.6863],[35.108,23.8792],[35.4808,23.8253],[35.5139,23.9771],[35.7925,23.9023],[35.7386,23.9833],[35.4938,24.1089],[35.3919,24.2828],[35.1446,24.5002],[35.1603,24.5746],[34.5466,25.725],[34.3387,26.0018],[34.014,26.6116],[33.9414,26.6535],[33.9961,26.8966],[33.8368,27.1208],[33.8384,27.2426],[33.6917,27.3419],[33.4963,27.6466],[33.5877,27.651],[33.5579,27.7599],[33.4735,27.8232],[33.5921,27.7912],[33.5544,27.8965],[33.2494,28.1429],[33.0029,28.4895],[32.8689,28.5789],[32.8069,28.7781],[32.6255,28.9727],[32.6528,29.081],[32.5623,29.3863],[32.3377,29.5925],[32.5095,29.8668],[32.4769,29.9322],[32.5715,29.9426],[32.5778,30.0114],[32.6045,29.8242],[32.6907,29.7336],[32.7239,29.4705],[32.8172,29.414],[32.8856,29.2431],[33.1779,28.9896],[33.2287,28.5694],[33.5538,28.3153],[33.7634,28.024],[34.0785,27.8007],[34.2631,27.7367],[34.2141,27.7915],[34.4281,27.9859],[34.4553,28.1749],[34.4102,28.32],[34.6245,28.736],[34.7366,29.3113],[34.8997,29.49],[34.8094,30.0508],[34.6676,30.1794],[34.6824,30.3722],[34.4187,30.8863],[34.4391,31.1434],[34.6884,31.4005],[35.14,31.3362],[35.5426,31.5933],[35.6639,32.1074],[35.5283,32.3002],[35.5456,32.4931],[35.8929,32.943],[35.782,33.3931],[36.0244,33.5217],[36.0493,33.7789],[36.5359,34.0361],[36.6389,34.2933],[36.8764,34.3577],[40.5257,34.615],[41.828,34.5506],[42.1123,34.3577],[42.7201,34.2933],[42.9348,34.1647],[43.9184,34.0361],[44.4231,33.7789],[44.2805,33.2645],[43.8124,33.2002],[43.7041,32.943],[43.9102,32.7502],[44.7964,32.4931],[44.7805,32.3645],[45.1152,31.9789],[45.1372,31.529],[45.2896,31.529],[45.2667,31.3362],[45.4875,31.2719],[46.0279,30.6935],[46.5446,30.565],[47.0079,30.6292],[47.1217,30.3079],[47.3418,30.2436],[47.4709,30.0508],[47.9468,29.9997],[47.9348,30.1071],[47.969,30.0041],[48.1192,30.045],[48.2853,29.9865],[48.6587,29.9865],[48.6433,30.0554],[48.8767,30.0245],[48.9417,30.1651],[48.8623,30.3456],[49.0373,30.4325],[48.9456,30.4797],[48.9815,30.5156],[49.2112,30.5063],[49.2638,30.4497],[49.2029,30.3466],[49.062,30.4081],[48.9212,30.3808],[49.1614,30.2238],[49.2212,30.2646],[49.2457,30.1565],[49.4798,30.1561],[49.5322,30.0229],[49.9146,30.2039],[50.0734,30.1957],[50.1613,29.9263],[50.6553,29.4491],[50.6895,29.2908],[50.6435,29.1458],[50.8403,29.1406],[50.915,29.0867],[50.929,29.0097],[50.8345,28.8914],[51.0588,28.7359],[51.0807,28.5339],[51.2853,28.2409],[51.3979,27.9379],[51.6834,27.8306],[52.0112,27.8327],[52.4596,27.6326],[52.6701,27.4486],[52.6098,27.4123],[52.6669,27.3271],[52.9326,27.1603],[53.4441,26.9757],[53.7161,26.7086],[54.0158,26.7495],[54.3081,26.715],[54.3894,26.6051],[54.791,26.4958],[55.2708,26.7925],[55.5217,26.7846],[55.5804,26.8591],[55.5545,26.8999],[55.6659,26.9954],[55.9393,27.0267],[56.1237,27.1606],[56.353,27.2016],[56.8088,27.1396],[56.8846,27.0781],[56.8677,27.0123],[56.9733,27.003],[56.9273,26.9556],[57.0524,26.8366],[57.1331,26.2637],[57.2129,26.1662],[57.1668,26.083],[57.3397,25.7812],[57.7556,25.7427],[57.7717,25.6356],[57.9632,25.6932],[58.0462,25.5749],[58.1375,25.5507],[58.419,25.612],[58.8252,25.5604],[59.044,25.3996],[59.4539,25.4616],[59.538,25.3998],[59.8446,25.3579],[60.3993,25.3579],[60.4285,25.4196],[60.5497,25.4469],[60.6321,25.3579],[60.6335,25.275],[61.0306,25.2098],[61.2236,25.1124],[61.5074,25.1467],[61.4826,25.1937],[61.5584,25.2005],[61.5545,25.2541],[61.5882,25.2021],[61.7831,25.188],[61.7207,25.0364],[61.8473,25.0379],[61.8811,25.103],[62.0972,25.1071],[62.059,25.1616],[62.1452,25.2184],[62.2542,25.212],[62.3398,25.1302],[62.4894,25.2142],[62.4772,25.2591],[63.5108,25.2293],[63.4695,25.2893],[63.5725,25.365],[64.0727,25.3579],[64.0488,25.4165],[63.9766,25.4128],[64.0454,25.4503],[64.1553,25.4469],[64.0838,25.4267],[64.1,25.3579],[64.225,25.3579],[64.4393,25.2346],[64.5654,25.2703],[64.6111,25.1886],[64.7018,25.1773],[64.6686,25.2551],[64.7444,25.324],[65.1934,25.3183],[65.2323,25.3707],[65.3954,25.3923],[65.6691,25.3495],[65.8192,25.4009],[66.3977,26.5151],[66.4784,28.5724],[66.5539,28.5724],[67.3496,30.9506],[67.4256,30.9506],[67.7955,32.4288],[68.0157,32.7502],[68.0922,32.7502],[68.1195,32.8788],[67.4218,33.2002],[67.1919,33.2002],[67.2193,33.3288],[66.9892,33.3288],[66.8769,33.5217],[66.5206,33.6502],[66.4084,33.8432],[66.2547,33.8432],[66.0165,34.1647],[65.8627,34.1647],[65.7505,34.3577],[65.4565,34.422],[65.1411,34.7436],[65.1692,34.8723],[64.9028,35.0653],[64.814,35.7089],[64.8389,36.1596],[64.7613,36.1596],[64.9295,37.1866],[64.7788,37.118],[64.9298,37.1881],[64.9407,37.2549],[64.8159,37.3838],[64.7397,38.0288],[64.3669,38.416],[64.0075,38.5451],[63.8374,38.8034],[63.6804,38.8034],[63.5726,38.9972],[63.4155,38.9972],[63.2457,39.2557],[63.0883,39.2557],[62.6538,39.7083],[62.6876,39.8376],[62.4847,39.967],[60.7131,39.5143],[60.6826,39.7083],[60.0518,39.7083],[60.0839,39.8376],[59.7683,39.8376],[59.77,40.1612],[58.9797,40.1612],[58.8537,40.2906],[58.5374,40.2906],[58.332,40.4201],[57.3512,40.2906],[57.1621,40.1612],[57.1139,40.2906],[56.9558,40.2906],[56.9868,40.4201],[56.6548,40.3554],[54.5437,40.8088],[54.2937,40.7804],[54.3182,40.7216],[54.4304,40.7214],[54.3626,40.6879],[54.4036,40.6737],[54.1711,40.7297],[53.721,40.6257],[53.6939,40.7121],[53.4044,40.6792],[53.3794,40.7915],[53.3397,40.744],[52.9433,40.744],[52.9723,40.8736],[52.893,40.8736],[52.7927,40.4201],[52.7251,40.4201],[52.7505,40.0941],[53.4985,40.0317],[53.5036,39.9747],[53.5745,39.9679],[53.5111,39.8909],[53.5338,39.6376],[53.5335,39.6805],[53.7362,39.5179],[53.1375,39.4496],[53.5176,39.385],[53.9868,38.9972],[53.8298,37.8352],[53.9079,37.8352],[53.9105,37.4483],[54.0947,37.1904],[54.0331,36.8458],[53.8892,36.7936],[53.4887,36.8682],[52.586,36.6105],[51.642,36.546],[50.8207,36.7393],[50.532,36.8682],[50.611,36.9697],[50.4759,37.0379],[50.3209,36.9971],[49.9988,37.3838],[49.0851,37.5128],[48.8843,37.7062],[48.8411,38.3515],[48.7627,38.3515],[48.801,38.9972],[48.9155,39.1911],[49.1514,39.1911],[49.2666,39.385],[49.5092,40.2259],[49.6933,40.3554],[50.2604,40.4201],[50.0495,40.5496],[49.5084,40.6144],[49.2442,40.8736],[49.2655,40.978],[49.0592,41.1328],[49.086,41.2625],[48.2787,41.9764],[48.1989,41.9764],[48.0923,41.8465],[48.172,41.8465],[48.1849,41.522],[47.8937,41.2625],[47.5629,41.1977],[47.2706,41.3274],[46.7367,41.8465],[46.3508,41.9114],[46.2942,41.9386],[46.3425,41.9312],[46.2967,42.0413],[45.8902,42.0897],[45.9287,42.036],[45.8897,42.0897],[45.7506,42.1063],[45.6673,42.4962],[45.2253,42.6912],[44.7446,42.6912],[44.3565,42.7563],[43.8511,42.6262],[43.6597,42.8864],[43.4191,42.8864],[42.9861,43.1467],[41.7125,43.2118],[41.3454,43.4072],[40.7246,43.5375],[40.161,43.5375],[40.0583,43.4072],[40.1387,43.4072],[40.3995,43.162],[40.8173,43.1467],[41.1158,43.0165],[41.1733,42.8864],[41.3338,42.8864],[41.6087,42.6262],[41.5361,42.4757],[41.5584,42.3828],[41.7006,42.2362],[41.6641,42.114],[41.7579,42.1063],[41.7612,41.9764],[41.8153,41.9764],[41.5674,41.4571],[41.4471,41.4571],[41.3071,41.3274],[40.5393,41.0032],[40.4492,41.0425],[40.3703,40.9384],[39.7355,40.9384],[39.1683,41.0797],[38.9208,41.0382],[38.7834,40.9384],[38.2977,40.8736],[38.2217,40.9441],[38.0253,40.9769],[37.8312,40.9384],[37.7706,41.068],[37.2147,41.068],[37.226,41.1475],[37.0651,41.1328],[36.7748,41.3274],[36.451,41.2404],[36.2092,41.2625],[35.9561,41.7127],[35.9227,41.6462],[35.9457,41.7167],[35.5767,41.6297],[35.157,41.7167],[35.0921,41.928],[35.123,42.0248],[34.9178,42.0413],[34.7845,41.9114],[32.9945,41.9114],[32.6675,41.8369],[32.6947,41.7816],[31.4983,41.352],[31.3928,41.1884],[31.1801,41.068],[30.6242,41.068],[30.53,41.1522],[30.3513,41.1922],[30.1369,41.1438],[29.0894,41.1382],[29.0524,41.068],[29.1156,41.068],[29.1034,40.9447],[29.2639,40.8698],[29.2949,40.8388],[29.2546,40.8108],[29.493,40.8736],[29.4438,40.7766],[29.9393,40.7351],[29.5599,40.6911],[29.4906,40.7272],[28.9422,40.6184],[28.9156,40.4714],[29.1515,40.4341],[29.0463,40.3554],[27.9388,40.3554],[27.904,40.3999],[27.9505,40.4849],[27.7921,40.4849],[27.7918,40.3929],[27.8836,40.3863],[27.6958,40.2906],[27.5376,40.2906],[27.2948,40.4059],[26.6819,40.3561],[26.408,40.1937],[26.311,40.0195],[26.2205,40.0029],[26.1325,39.5143],[26.9377,39.5748],[26.9299,39.4877],[26.801,39.4335],[26.7422,39.2557],[26.8945,39.1911],[26.8793,38.9972],[26.9579,38.9972],[26.9399,38.9327],[27.0413,38.9401],[27.0627,38.8869],[26.9084,38.8204],[26.9314,38.7551],[26.8495,38.6097],[27.0798,38.5451],[27.0728,38.4537],[27.1642,38.4466],[27.0694,38.4094],[27.065,38.3515],[26.6762,38.3515],[26.6731,38.3072],[26.595,38.3515],[26.5358,38.6097],[26.3895,38.6719],[26.4058,38.4535],[26.513,38.4329],[26.4515,38.4261],[26.4289,38.2224],[26.8203,38.2224],[26.889,38.0933],[27.2753,38.0288],[27.2559,37.7707],[27.1794,37.6106],[27.31,37.4483],[27.2461,37.3362],[27.4072,37.4127],[27.4385,37.3908],[27.3921,37.3538],[27.5392,37.3838],[27.5644,37.2735],[27.616,37.2747],[27.598,37.126],[28.0653,37.126],[28.1313,37.0363],[28.3294,37.0368],[28.2124,37.0004],[28.1653,36.9116],[28.1034,36.9353],[28.0583,36.7721],[28.1184,36.8006],[28.1305,36.754],[28.0314,36.6749],[28.1961,36.6854],[28.2572,36.8462],[28.315,36.8291],[28.2934,36.7959],[28.452,36.8836],[28.5905,36.8682],[28.7361,36.7393],[29.1249,36.7393],[29.2163,36.3291],[29.3496,36.2326],[29.4116,36.2674],[29.4666,36.224],[29.938,36.224],[30.0261,36.3528],[30.4919,36.3528],[30.6191,36.9326],[31.086,36.9326],[32.0681,36.6105],[32.4985,36.224],[32.5369,36.1],[32.733,36.0376],[33.2744,36.224],[33.8711,36.3149],[33.9791,36.2884],[34.2507,36.6749],[34.5816,36.8682],[34.8929,36.8682],[34.9352,36.726],[35.1127,36.7393],[35.3323,36.6105],[35.4875,36.6105],[35.8336,36.9326],[36.1449,36.9326],[36.2862,36.8037],[36.2649,36.6105],[35.8417,36.2884],[35.9901,36.224],[35.9767,36.001],[35.8449,35.5802],[35.9929,35.5158],[35.9153,35.2879],[35.9624,35.1979],[35.927,34.8723],[36.0682,34.7436],[36.0488,34.5506],[35.7921,34.2933],[35.6652,34.3113],[35.6838,33.9718],[35.4705,33.9021],[35.4993,33.6502],[35.3944,33.65],[35.3984,33.3931],[35.2154,33.0716],[35.089,33.0205],[35.0218,32.6216],[34.8851,32.4821],[34.7926,32.161],[34.813,31.9789],[34.6909,31.9134],[34.6028,31.7558],[34.6334,31.6575],[34.3076,31.4005],[34.2972,31.2719],[33.7493,31.0791],[32.8317,31.0148],[32.8055,31.0655],[32.6665,31.0523],[32.7907,31.0941],[32.6016,31.061],[32.3894,31.2076],[32.2944,31.2076],[32.3039,31.0791],[32.1065,31.0534],[31.9996,31.0791],[31.9063,31.2516],[31.7806,31.2076],[31.8077,31.2812],[31.7691,31.2988],[31.8741,31.4647],[31.2658,31.4647],[31.1215,31.5275],[31.0291,31.5185],[30.9807,31.4365],[30.7985,31.4465],[30.7344,31.3881],[30.5427,31.395],[30.6916,31.4647],[30.352,31.4647],[30.3019,31.3422],[30.3388,31.2719],[30.2887,31.2379],[29.9904,31.2719],[29.8315,31.1513],[29.8696,31.0791],[29.6332,30.9506],[29.5543,30.9848],[29.4481,30.9336],[29.3971,30.822],[28.865,30.822],[28.4964,31.0148],[27.5149,31.1434],[27.2975,31.3362],[26.9303,31.4411],[25.248,31.4647],[25.102,31.5933],[25.1097,31.7462],[24.8925,31.9789],[24.1294,31.9789],[23.6803,32.1717],[23.3122,32.1627],[23.0806,32.3341],[23.0894,32.6216],[21.99,32.9134],[21.8067,32.9133],[21.4117,32.7502],[21.0578,32.7736],[20.8712,32.6216],[20.7962,32.6428],[20.6898,32.6041],[20.7159,32.5574],[20.563,32.5574],[20.482,32.4288],[20.417,32.4565],[20.3255,32.4098],[20.2461,32.236],[20.0715,32.1764],[19.9961,31.5933],[20.2143,31.2719],[20.1467,31.1636],[20.2021,30.8863],[19.9682,30.6935],[19.9643,30.565],[19.655,30.3722],[18.9686,30.2436],[18.787,30.3722],[18.5925,30.3722],[18.2175,30.7602],[17.8486,30.9237],[16.8136,31.2076],[16.1786,31.2076],[15.649,31.4005],[15.5323,31.6118],[15.4246,31.6575],[15.2823,32.3002],[15.0825,32.4133],[14.4444,32.4931],[14.0979,32.7281],[13.4537,32.8145],[13.2571,32.9186],[12.8413,32.8085],[12.8408,32.7502],[12.229,32.8145],[11.4544,33.2002],[11.1578,33.2002],[11.0798,33.5856],[10.7381,33.478],[10.584,33.6644],[10.2368,33.7146],[10.0058,33.9075],[10.0052,34.1706],[10.0661,34.242],[10.0045,34.2933],[10.543,34.5506],[10.8512,34.8079],[10.8512,34.9366],[10.9844,34.9994],[11.055,35.1404],[11.0057,35.3871],[11.0831,35.5073],[11.0161,35.5802],[10.9284,35.5802],[10.839,35.7683],[10.6962,35.7089],[10.4635,35.902],[10.5349,36.3573],[10.4625,36.4172],[11.0062,36.8037],[11.0063,36.9971],[10.5187,36.7558],[10.3553,36.7312],[10.1885,36.7976],[10.2685,36.9378],[10.1824,37.027],[10.2271,37.1177],[10.1281,37.1587],[10.2272,37.1949],[9.925,37.213],[9.8159,37.1518],[9.7718,37.2133],[9.8157,37.2491],[9.6158,37.3151],[9.0595,37.0615],[8.9723,37.0975],[8.8244,36.9795],[8.6443,36.9535],[8.5164,36.8682],[7.7383,36.8682],[7.4902,37.055],[7.3979,37.0615],[7.3463,37.0615],[7.1937,36.8682],[6.8047,36.8682],[6.3339,37.0615],[6.2357,36.9212],[6.1043,36.8741],[6.1058,36.8037],[5.5581,36.7337],[5.3044,36.643],[5.0978,36.6749],[4.8595,36.8682],[4.262,36.9116],[3.85,36.8037],[3.664,36.8344],[3.2299,36.7393],[2.8411,36.7393],[2.6008,36.5963],[2.3516,36.6383],[1.5296,36.4816],[1.197,36.5118],[1.144,36.4172],[0.759,36.3415]],[[24.6883,30.1442],[24.6887,30.1828],[24.6967,30.127],[24.6883,30.1442]],[[24.6887,30.1828],[24.7629,30.3171],[24.767,30.3214],[24.6887,30.1828]],[[36.2672,33.9104],[36.2886,33.9465],[36.2691,33.9073],[36.2672,33.9104]],[[36.6665,36.2657],[36.6691,36.2599],[36.6681,36.2532],[36.6665,36.2657]],[[42.5355,41.4935],[42.555,41.5503],[42.5605,41.5555],[42.5355,41.4935]],[[42.5783,41.5723],[42.5852,41.5788],[42.5991,41.5805],[42.5783,41.5723]],[[42.661,41.5883],[42.8009,41.5792],[42.8199,41.5723],[42.661,41.5883]],[[42.7157,37.3553],[42.7805,37.3755],[42.788,37.3732],[42.7157,37.3553]],[[42.7951,37.371],[42.8011,37.3691],[42.8141,37.3468],[42.7951,37.371]],[[42.8066,41.5428],[42.8199,41.5723],[42.8068,41.543],[42.8066,41.5428]],[[44.5699,37.5144],[44.5732,37.5275],[44.5793,37.477],[44.5699,37.5144]],[[44.692,39.793],[44.7746,39.7028],[44.7769,39.6984],[44.692,39.793]],[[44.7525,37.1131],[44.7649,37.1394],[44.7544,37.1084],[44.7525,37.1131]],[[44.8011,39.653],[44.8085,39.6391],[44.807,39.6399],[44.8011,39.653]],[[44.814,39.6362],[44.8723,39.6251],[44.8278,39.6288],[44.814,39.6362]],[[44.8666,36.7801],[44.9227,36.7759],[44.8772,36.7765],[44.8666,36.7801]],[[44.9552,41.2627],[45.2496,41.4445],[45.0024,41.2905],[44.9552,41.2627]],[[44.9962,36.7417],[45.0353,36.6896],[45.0373,36.6808],[44.9962,36.7417]],[[45.0355,36.633],[45.0426,36.6569],[45.0443,36.6493],[45.0355,36.633]],[[45.0382,36.494],[45.0608,36.4472],[45.0391,36.4798],[45.0382,36.494]],[[45.0791,36.4197],[45.1108,36.4025],[45.0837,36.4128],[45.0791,36.4197]],[[45.0922,39.3444],[45.096,39.3411],[45.1358,39.2785],[45.0922,39.3444]],[[45.1108,36.4025],[45.196,36.4224],[45.2213,36.4209],[45.1108,36.4025]],[[45.1696,42.6813],[45.1842,42.6748],[45.2827,42.5864],[45.1696,42.6813]],[[45.2496,41.4445],[45.2817,41.4529],[45.3144,41.4516],[45.2496,41.4445]],[[45.753,39.5635],[45.7655,39.5616],[45.7739,39.5549],[45.753,39.5635]],[[45.9417,42.027],[45.9546,42.0244],[45.9476,42.0229],[45.9417,42.027]],[[45.9692,41.1683],[46.0302,41.1659],[46.0174,41.1638],[45.9692,41.1683]],[[46.0528,41.1695],[46.0765,41.1783],[46.0614,41.1709],[46.0528,41.1695]],[[46.1064,38.8682],[46.1359,38.8637],[46.1261,38.8627],[46.1064,38.8682]],[[46.1263,41.1966],[46.1354,41.1999],[46.1676,41.1983],[46.1263,41.1966]],[[46.2083,41.7555],[46.2871,41.7514],[46.2769,41.7493],[46.2083,41.7555]],[[46.3065,41.7553],[46.3203,41.7623],[46.3137,41.7567],[46.3065,41.7553]],[[46.4126,41.0919],[46.4664,41.0506],[46.457,41.0524],[46.4126,41.0919]],[[46.5901,38.9137],[46.6522,38.9929],[46.5992,38.9197],[46.5901,38.9137]],[[46.6278,41.3454],[46.631,41.3455],[46.6439,41.3318],[46.6278,41.3454]],[[46.667,41.3072],[46.6885,41.2844],[46.6948,41.2698],[46.667,41.3072]],[[47.7437,41.1927],[47.8524,41.2059],[47.8287,41.1984],[47.7437,41.1927]],[[47.8795,41.2145],[47.8944,41.2257],[47.8946,41.2193],[47.8795,41.2145]],[[48.1351,30.4429],[48.1409,30.4419],[48.1705,30.4067],[48.1351,30.4429]],[[48.291,30.32],[48.2964,30.3198],[48.3014,30.3149],[48.291,30.32]],[[48.3292,30.2876],[48.397,30.221],[48.4026,30.2088],[48.3292,30.2876]],[[48.3811,30.1453],[48.3832,30.1481],[48.3831,30.1424],[48.3811,30.1453]],[[48.3814,41.5925],[48.4015,41.6146],[48.393,41.5989],[48.3814,41.5925]],[[48.4082,30.1885],[48.4085,30.1961],[48.4106,30.1915],[48.4082,30.1885]],[[48.4239,30.0836],[48.4618,29.9949],[48.4531,30.0014],[48.4239,30.0836]],[[54.7873,37.6519],[54.8136,37.7186],[54.8234,37.7283],[54.7873,37.6519]],[[55.4474,38.0837],[55.6299,38.1056],[55.511,38.0858],[55.4474,38.0837]],[[55.724,38.1169],[55.7384,38.1186],[55.7688,38.1115],[55.724,38.1169]],[[55.8208,38.0995],[55.8798,38.0858],[55.8541,38.086],[55.8208,38.0995]],[[56.2141,38.0688],[56.3155,38.0895],[56.2997,38.0802],[56.2141,38.0688]],[[57.1814,38.2757],[57.1859,38.2765],[57.2183,38.2651],[57.1814,38.2757]],[[61.1016,35.2353],[61.1038,35.2494],[61.1124,35.202],[61.1016,35.2353]],[[63.1743,26.685],[63.1823,26.8302],[63.1896,26.846],[63.1743,26.685]],[[63.1896,26.846],[63.206,26.8537],[63.2467,26.8595],[63.1896,26.846]],[[64.589,36.5802],[64.5901,36.5947],[64.6105,36.5009],[64.589,36.5802]],[[64.5911,36.6093],[64.592,36.6211],[64.5985,36.6369],[64.5911,36.6093]],[[64.614,36.6746],[64.6214,36.6926],[64.7652,36.9046],[64.614,36.6746]]],[[[9.8196,37.2276],[9.8612,37.2338],[9.906,37.2193],[9.842,37.2404],[9.8196,37.2276]]],[[[13.5448,45.3427],[13.7056,45.235],[13.8032,44.908],[13.9432,44.908],[13.9457,45.0388],[14.1552,45.0388],[14.1962,45.3659],[14.6031,45.3659],[14.576,45.2623],[14.8528,45.0937],[14.9187,44.9734],[14.9113,44.6789],[15.308,44.3544],[15.5287,44.2718],[15.2612,44.3326],[15.2953,44.2507],[15.1981,44.3017],[15.1765,44.25],[15.2129,44.131],[15.4591,43.9938],[15.4551,43.928],[15.6186,43.9286],[15.6954,43.7982],[15.8566,43.7982],[16.0117,43.6027],[15.9595,43.504],[16.5754,43.6027],[16.7342,43.5375],[16.7302,43.4247],[17.0513,43.4072],[17.1139,43.2132],[17.2058,43.1691],[17.3654,43.2118],[17.3606,43.0893],[17.4336,43.0174],[17.502,43.031],[17.5156,42.9589],[17.9915,42.8213],[18.2191,42.5984],[18.6286,42.4482],[18.6873,42.4829],[18.7063,42.4197],[18.852,42.3662],[19.4436,41.8653],[19.5916,41.8188],[19.5576,41.6605],[19.613,41.6053],[19.4715,41.5823],[19.5297,41.522],[19.4438,41.3922],[19.5233,41.3922],[19.4555,41.1485],[19.5234,40.9206],[19.3688,40.8022],[19.3044,40.6531],[19.4863,40.6144],[19.4714,40.2906],[19.6295,40.2906],[20.0094,39.967],[19.9876,39.7083],[20.155,39.7083],[20.2972,39.385],[20.9538,39.0342],[21.0584,39.009],[21.0852,39.0629],[21.1599,38.9977],[21.1774,38.876],[21.1023,38.9108],[21.0852,38.8643],[21.0274,38.9326],[20.8599,38.9605],[20.7414,38.8034],[20.9737,38.7389],[21.1933,38.416],[21.3376,38.3989],[21.3225,38.4963],[21.4224,38.3889],[21.7625,38.3284],[21.8312,38.3967],[21.9876,38.4106],[22.1892,38.3231],[22.3823,38.3427],[22.4016,38.4534],[22.5625,38.2935],[22.6465,38.39],[22.8057,38.227],[23.2234,38.1592],[23.1729,38.0795],[22.8755,38.0493],[22.9754,37.979],[22.8672,37.9395],[22.6804,38.0666],[21.8495,38.3413],[21.7333,38.2514],[21.7286,38.1578],[21.4156,38.1578],[21.2436,37.8352],[21.6966,37.5128],[21.6958,37.3164],[21.6031,37.1904],[21.681,37.1904],[21.7435,36.8682],[21.8992,36.8682],[21.9085,37.0615],[22.22,37.0615],[22.3757,36.6749],[22.5118,36.6749],[22.5994,36.8682],[22.8328,36.8682],[23.0391,36.7062],[22.8532,37.2549],[22.7007,37.3193],[22.7144,37.5773],[22.9486,37.5773],[23.1756,37.4483],[23.1685,37.3193],[23.278,37.3498],[23.23,37.3749],[23.2627,37.401],[23.3849,37.4134],[23.36,37.5475],[23.1083,37.6417],[23.0151,37.9252],[23.2044,37.963],[23.2082,38.0288],[23.5746,38.0468],[23.5597,37.9866],[23.9786,37.8352],[24.0361,38.2224],[23.6729,38.3564],[23.5929,38.4806],[23.3126,38.4806],[23.1826,38.6538],[23.1045,38.6384],[22.9149,38.7756],[22.5251,38.8581],[22.6216,38.9145],[22.792,38.878],[23.0731,39.0363],[22.9639,39.009],[22.9981,39.0698],[22.9516,39.1238],[22.7973,39.0618],[22.8163,39.385],[23.1318,39.4489],[22.6109,39.9023],[22.6497,39.9853],[22.5437,40.0964],[22.5716,40.5496],[22.9105,40.6446],[22.9832,40.5527],[22.9265,40.5153],[22.9592,40.4201],[23.7374,40.2259],[23.6936,40.3092],[23.7777,40.3548],[23.8386,40.5496],[23.6846,40.6144],[23.698,40.8088],[24.0106,40.744],[24.3466,41.0032],[25.1384,41.0101],[25.1358,40.9692],[25.8495,40.9384],[26.0822,40.8736],[26.1403,40.6144],[26.5472,40.744],[26.621,40.6792],[26.9324,40.6144],[26.7685,40.5496],[26.8466,40.5165],[26.9576,40.5584],[27.0172,40.6792],[27.5275,41.068],[29.0429,41.068],[29.0645,41.1371],[28.9631,41.1328],[28.975,41.2529],[28.5053,41.3274],[28.0814,41.6518],[27.9794,41.6518],[28.0043,41.9114],[27.7835,42.1063],[27.7804,42.2434],[27.4529,42.4801],[27.5135,42.6262],[27.8466,42.7563],[27.8049,43.1467],[27.8982,43.2769],[28.0607,43.3092],[28.1925,43.4078],[28.1592,43.4723],[28.4811,43.4723],[28.6163,43.9938],[28.5356,43.9938],[28.5769,44.3854],[28.7612,44.5223],[28.7578,44.6268],[28.8362,44.6268],[28.784,44.6492],[28.8257,44.7332],[28.802,44.9734],[29.0583,45.001],[29.1106,44.97],[29.0521,44.9446],[29.0441,44.8655],[29.0603,44.8323],[29.0964,44.8751],[29.1387,44.8072],[29.5253,44.908],[29.6584,45.3659],[29.577,45.3659],[29.5845,45.4313],[29.096,45.4313],[28.6677,45.235],[28.3494,45.3004],[28.2819,45.4313],[27.8681,45.3659],[27.8479,45.1696],[27.9969,45.0388],[27.9699,44.7773],[27.801,44.7119],[27.7877,44.5813],[27.943,44.516],[27.9163,44.2548],[27.4927,44.0591],[26.2814,44.0591],[25.8486,43.733],[25.4343,43.6027],[24.8814,43.733],[24.1509,43.6678],[23.6018,43.8634],[22.8758,43.8634],[22.8712,43.7982],[22.7007,43.6678],[22.6869,43.4723],[22.526,43.4723],[22.4366,43.3421],[22.5125,43.2769],[22.4946,43.0165],[22.4144,43.0165],[22.4813,42.8213],[22.4011,42.8213],[22.4334,42.1063],[22.2737,42.1063],[22.3365,41.8465],[21.9972,41.522],[22.0727,41.4571],[21.9692,41.068],[22.0486,41.068],[22.025,40.6792],[21.9458,40.6792],[22.002,40.2906],[21.9154,40.1612],[22.0772,40.2259],[22.0659,40.0317],[22.22,39.967],[22.5052,39.4496],[22.419,39.3203],[22.4792,38.9972],[22.1439,38.6097],[21.9086,38.6097],[21.6015,38.7389],[21.533,38.9326],[21.3759,38.9326],[21.3859,39.1265],[20.9335,39.5143],[20.6248,39.6436],[20.6313,39.7729],[20.4042,39.967],[20.4896,40.0964],[20.3316,40.0964],[20.1831,40.2906],[20.2719,40.4849],[20.0376,40.5496],[19.8887,40.744],[19.994,41.2625],[19.8382,41.3274],[19.9243,41.4571],[19.8513,41.5869],[20.014,41.6518],[19.9444,41.8465],[20.0309,41.9764],[19.4885,42.3012],[19.4951,42.4312],[19.3318,42.3662],[19.2615,42.5612],[19.1013,42.5612],[18.8766,42.8864],[18.1689,43.2118],[17.9362,43.4072],[17.9417,43.5375],[17.6975,43.4723],[17.4639,43.6678],[16.5084,43.9938],[16.3558,44.2548],[16.1963,44.3201],[16.2006,44.4507],[16.0408,44.516],[16.0449,44.6466],[15.8849,44.7119],[15.8869,44.7773],[15.6417,44.7119],[15.6475,44.908],[15.3301,45.1696],[15.1675,45.1696],[15.171,45.3004],[14.9303,45.4313],[14.9319,45.4968],[14.6091,45.6278],[14.5336,45.8898],[14.128,46.0209],[14.0424,45.8243],[13.6355,45.8898],[13.6335,45.7694],[13.7149,45.7588],[13.7393,45.6491],[13.8081,45.6143],[13.7119,45.5933],[13.7529,45.5529],[13.7102,45.4968],[13.5473,45.4968],[13.5448,45.3427]],[[18.4437,42.8345],[18.4517,42.8023],[18.4446,42.8171],[18.4437,42.8345]],[[18.4598,42.7852],[18.4838,42.7525],[18.4674,42.7692],[18.4598,42.7852]],[[19.2749,42.1913],[19.4004,42.3259],[19.2764,42.1857],[19.2749,42.1913]],[[19.2803,42.1714],[19.2925,42.1577],[19.2821,42.1646],[19.2803,42.1714]],[[19.4004,42.3259],[19.4027,42.352],[19.4111,42.3648],[19.4004,42.3259]],[[20.249,39.6848],[20.2875,39.7112],[20.2827,39.7044],[20.249,39.6848]],[[22.5088,42.4049],[22.5365,42.4784],[22.5331,42.4576],[22.5088,42.4049]],[[22.5152,42.5141],[22.5249,42.5077],[22.5365,42.4784],[22.5152,42.5141]],[[22.827,43.2814],[22.8901,43.2269],[22.8838,43.2306],[22.827,43.2814]],[[22.8815,41.3356],[22.917,41.3358],[23.1152,41.3127],[22.8815,41.3356]],[[22.9014,41.8604],[22.9427,41.7758],[22.9397,41.7767],[22.9014,41.8604]],[[22.9045,43.2186],[22.9814,43.199],[22.9155,43.2122],[22.9045,43.2186]],[[22.933,41.6123],[22.9351,41.6189],[22.9332,41.6055],[22.933,41.6123]],[[22.9334,41.595],[22.9487,41.561],[22.9337,41.5846],[22.9334,41.595]],[[22.9385,41.6299],[22.9409,41.6376],[22.9443,41.6388],[22.9385,41.6299]],[[22.967,41.647],[23.0004,41.7015],[22.9986,41.6931],[22.967,41.647]],[[24.1262,41.5294],[24.1463,41.5268],[24.1702,41.5116],[24.1262,41.5294]],[[24.1816,41.5374],[24.1963,41.547],[24.2121,41.5518],[24.1816,41.5374]],[[25.1771,41.2939],[25.2308,41.248],[25.2197,41.2497],[25.1771,41.2939]],[[26.0475,41.6746],[26.0493,41.6823],[26.055,41.6488],[26.0475,41.6746]],[[26.0522,41.6952],[26.0537,41.7015],[26.0579,41.7035],[26.0522,41.6952]],[[26.1312,41.5527],[26.1525,41.547],[26.1544,41.5437],[26.1312,41.5527]],[[26.1459,41.478],[26.1602,41.5019],[26.1593,41.4938],[26.1459,41.478]],[[26.1589,41.5362],[26.1631,41.5291],[26.1617,41.5157],[26.1589,41.5362]],[[26.2304,41.7466],[26.2344,41.7458],[26.2739,41.7149],[26.2304,41.7466]],[[26.3668,41.7112],[26.3774,41.7106],[26.4044,41.6918],[26.3668,41.7112]],[[26.5837,41.3326],[26.6097,41.3307],[26.5911,41.3293],[26.5837,41.3326]]],[[[14.5158,45.1042],[14.7791,45.0187],[14.6653,45.0873],[14.6653,45.1618],[14.5974,45.1664],[14.5959,45.2375],[14.5158,45.1042]]],[[[14.9089,44.5813],[14.9595,44.5396],[14.9729,44.5361],[15.0142,44.5187],[15.0073,44.5045],[15.0755,44.4841],[15.0412,44.5275],[15.0039,44.5361],[14.9663,44.5734],[14.9095,44.6068],[14.9089,44.5813]]],[[[15.0415,44.4766],[15.1597,44.3262],[15.2271,44.3264],[15.1651,44.3674],[15.2544,44.34],[15.0415,44.4766]]],[[[15.1642,44.3057],[15.1652,44.3012],[15.1724,44.2991],[15.1642,44.3057]]],[[[15.2158,44.072],[15.2187,44.0591],[15.2398,44.0534],[15.2258,44.0662],[15.2158,44.072]]],[[[15.401,43.904],[15.4461,43.8875],[15.4268,43.9221],[15.4165,43.928],[15.401,43.904]]],[[[16.7272,43.3421],[16.7959,43.3559],[16.7282,43.3691],[16.7272,43.3421]]],[[[17.3552,42.9515],[17.4376,42.9515],[17.3905,42.9777],[17.3566,42.9879],[17.3552,42.9515]]],[[[17.5079,42.7563],[17.5159,42.7684],[17.5085,42.7718],[17.5079,42.7563]]],[[[17.5119,42.8554],[17.6399,42.8788],[17.5261,42.9218],[17.5119,42.8554]]],[[[17.6662,42.8745],[17.677,42.8727],[17.6737,42.8751],[17.6662,42.8745]]],[[[19.7578,39.6436],[19.9065,39.5814],[19.8416,39.7042],[19.947,39.7729],[19.7637,39.7729],[19.7578,39.6436]]],[[[22.833,38.8227],[22.9818,38.845],[22.9564,38.878],[23.0202,38.9214],[22.833,38.8227]]],[[[23.0356,36.6926],[23.0463,36.6833],[23.0517,36.6872],[23.0498,36.6926],[23.0356,36.6926]]],[[[23.0365,38.9279],[23.3318,38.8034],[23.4651,38.8569],[23.2006,39.0093],[23.0365,38.9279]]],[[[23.3122,37.6174],[23.3406,37.6003],[23.3536,37.5821],[23.3442,37.6327],[23.3122,37.6174]]],[[[23.4014,37.3193],[23.4024,37.3193],[23.4023,37.3198],[23.4014,37.3193]]],[[[23.5634,38.7389],[23.6355,38.5286],[23.594,38.4534],[23.6492,38.4057],[24.0422,38.4015],[24.0669,38.351],[24.0254,38.3305],[24.1617,38.2698],[24.1789,38.5451],[24.0302,38.6743],[23.5634,38.7389]]],[[[24.1275,38.2224],[24.1447,38.2224],[24.1426,38.227],[24.157,38.2296],[24.1591,38.2287],[24.1614,38.2661],[24.1311,38.2358],[24.1275,38.2224]]],[[[26.2318,40.0656],[26.3758,40.1535],[26.3456,40.1998],[26.6167,40.3595],[26.6839,40.4849],[26.2723,40.2906],[26.2318,40.0656]]],[[[27.5815,37.1982],[27.5831,37.1912],[27.5877,37.1988],[27.5815,37.1982]]],[[[30.1795,31.2714],[30.1849,31.2719],[30.1795,31.2719],[30.1795,31.2714]]],[[[30.2409,31.2653],[30.2648,31.2719],[30.2479,31.2719],[30.2409,31.2653]]],[[[30.9691,31.5785],[30.9739,31.5799],[30.9739,31.5867],[30.9695,31.5854],[30.9691,31.5785]]],[[[30.978,31.5843],[31.119,31.5305],[31.1608,31.5935],[30.978,31.5843]]],[[[33.9551,26.79],[34.0036,26.7082],[34.0029,26.7316],[33.9756,26.79],[33.9551,26.79]]],[[[48.0219,29.9916],[48.0557,29.988],[48.0789,30.0041],[48.1061,30.0176],[48.1092,30.028],[48.0547,30.0245],[48.0219,29.9916]]],[[[48.1356,29.9865],[48.1822,29.9865],[48.1621,29.9957],[48.1356,29.9865]]],[[[55.2926,26.5485],[55.8766,26.7429],[55.947,26.6963],[56.2874,26.9551],[56.2124,27.003],[55.8977,26.9068],[55.758,26.954],[55.7742,26.7969],[55.3045,26.6564],[55.2926,26.5485]]],[[[23.6154,35.5158],[23.6792,35.2584],[24.7574,35.194],[24.8237,35.001],[26.1401,35.0653],[26.2253,35.194],[25.7953,35.1151],[25.6806,35.1297],[25.6923,35.3227],[24.301,35.3227],[24.1499,35.3871],[24.1541,35.465],[24.0669,35.507],[24.1569,35.5158],[23.6154,35.5158]]],[[[22.9016,36.3383],[22.9292,36.178],[23.0533,36.1596],[23.0769,36.2707],[22.9446,36.3894],[22.9016,36.3383]]],[[[24.2754,37.5317],[24.3958,37.6247],[24.3728,37.6852],[24.2893,37.6453],[24.2754,37.5317]]],[[[24.9955,37.6789],[25.1255,37.5559],[25.216,37.5329],[25.2593,37.59],[24.9955,37.6789]]],[[[20.6195,37.8228],[20.7934,37.6685],[20.9261,37.7284],[20.886,37.814],[20.7247,37.8998],[20.6554,37.8998],[20.6195,37.8228]]],[[[24.6878,37.9287],[24.9118,37.7283],[24.9944,37.7541],[24.9538,37.8707],[24.7937,37.9941],[24.6878,37.9287]]],[[[20.339,38.2002],[20.3801,38.1518],[20.4253,38.1753],[20.4351,38.2788],[20.4943,38.1337],[20.7865,38.0933],[20.6817,38.2821],[20.6429,38.2534],[20.5991,38.3026],[20.6258,38.3518],[20.5664,38.416],[20.479,38.3095],[20.3999,38.3641],[20.339,38.2002]]],[[[20.6878,38.3367],[20.7194,38.3156],[20.7387,38.3189],[20.6951,38.3434],[20.6878,38.3367]]],[[[23.4849,38.7389],[23.5634,38.7389],[23.5668,38.7946],[23.4888,38.8034],[23.4849,38.7389]]],[[[24.4362,38.878],[24.557,38.8457],[24.5368,38.7918],[24.6643,38.7732],[24.4915,38.981],[24.4362,38.878]]],[[[21.533,38.9326],[21.6116,38.9326],[21.6149,38.9972],[21.5364,38.9972],[21.533,38.9326]]],[[[21.3859,39.1265],[21.4645,39.1265],[21.4679,39.1911],[21.3892,39.1911],[21.3859,39.1265]]],[[[20.1453,39.6436],[20.1517,39.6402],[20.1519,39.6436],[20.1453,39.6436]]],[[[24.5197,40.6853],[24.6397,40.5732],[24.7801,40.6122],[24.7864,40.7351],[24.6423,40.8039],[24.5197,40.6853]]],[[[19.9178,41.3274],[19.9973,41.3274],[20.0006,41.3922],[19.921,41.3922],[19.9178,41.3274]]],[[[32.2717,35.0728],[32.3294,34.8864],[32.459,34.7219],[32.7099,34.6458],[32.9136,34.6567],[32.9425,34.5794],[33.0303,34.5685],[33.0156,34.6344],[33.0864,34.6948],[33.2601,34.7005],[33.5917,34.8203],[33.7015,34.9729],[34.0685,34.9979],[33.9431,35.0653],[34.0123,35.0638],[33.8999,35.1645],[33.9121,35.26],[34.5384,35.671],[33.6603,35.3593],[33.4275,35.3289],[32.9231,35.3871],[32.9294,35.233],[32.8652,35.157],[32.6897,35.1839],[32.4138,35.043],[32.2717,35.0728]],[[33.7592,34.9887],[33.7911,34.9824],[33.7874,34.98],[33.7592,34.9887]],[[32.712,35.1731],[32.7315,35.1432],[32.7127,35.1634],[32.712,35.1731]],[[33.4666,35.0051],[33.4675,35.0126],[33.4768,35.0027],[33.4666,35.0051]],[[33.6195,35.0168],[33.7115,34.9856],[33.7029,34.9879],[33.6195,35.0168]],[[33.6794,35.0349],[33.7022,35.0223],[33.6794,35.0339],[33.6794,35.0349]],[[33.6966,35.009],[33.7022,35.0223],[33.7002,35.0067],[33.6966,35.009]],[[33.8412,35.0511],[33.8801,35.0731],[33.8551,35.0534],[33.8412,35.0511]]],[[[27.708,36.1688],[27.7519,35.905],[27.9934,36.062],[28.0896,36.0551],[28.0617,36.1165],[28.1634,36.2377],[28.2311,36.4498],[27.8997,36.3402],[27.708,36.1688]]],[[[26.9177,36.7161],[27.1854,36.8037],[27.1442,36.8811],[26.9177,36.7161]]],[[[25.3418,37.083],[25.3936,36.9971],[25.5644,36.9971],[25.5727,37.126],[25.3418,37.083]]],[[[25.99,37.5165],[26.2306,37.5714],[26.312,37.6796],[26.0742,37.6379],[25.99,37.5165]]],[[[25.8407,38.5224],[25.989,38.3793],[25.9644,38.3026],[25.885,38.2794],[25.8898,38.2206],[26.0115,38.1578],[26.1121,38.2226],[26.1636,38.5428],[26.0159,38.602],[25.8696,38.5831],[25.8407,38.5224]]],[[[25.8359,39.1822],[26.1021,39.1115],[26.2256,39.2076],[26.2935,39.1772],[26.1002,39.0858],[26.1657,39.0224],[26.5471,38.9879],[26.437,39.1035],[26.4893,39.1137],[26.5394,39.0194],[26.61,39.0229],[26.5397,39.166],[26.3822,39.2771],[26.4074,39.3347],[26.1658,39.3681],[26.0606,39.2895],[25.9226,39.2911],[25.8359,39.1822]]],[[[25.0447,39.9853],[25.047,39.8376],[25.2043,39.8376],[25.2388,39.9195],[25.2798,39.8891],[25.2388,39.8581],[25.3551,39.8376],[25.348,39.9064],[25.4499,39.9884],[25.4377,40.0317],[25.2852,39.9534],[25.2251,40.0089],[25.0447,39.9853]]],[[[25.7052,40.1144],[26.0122,40.1666],[25.9631,40.1571],[25.926,40.2428],[25.759,40.2067],[25.7052,40.1144]]],[[[32.5967,45.4313],[32.9224,45.4313],[33.6101,45.1042],[33.6092,44.8717],[33.5151,44.6466],[33.5715,44.6206],[33.4767,44.6099],[33.5086,44.4953],[33.6202,44.462],[34.0966,44.516],[34.286,44.7119],[34.3671,44.7119],[34.3763,44.7773],[34.5385,44.7773],[34.5478,44.8426],[34.7911,44.8426],[34.4319,45.1696],[34.2693,45.1696],[34.0621,45.4313],[33.8993,45.4313],[33.628,45.8243],[32.8337,45.6011],[32.6677,45.5254],[32.5967,45.4313]]]]}},{"type":"Feature","properties":{"relationId":"cliopatria-relation-37ffecd705d8","name":"(Alliance between Sasanian Empire and Byzantine Empire)","name_ko":"사산 제국–동로마 제국 동맹","relationKind":"alliance","relation_kind_ko":"동맹","actor_ids":"cliopatria-q83891-6c78591e24;cliopatria-q12544-9c75ec2643","actor_names_ko":"사산 제국;동로마 제국","color":"#4fd1c5","startYear":638,"endYear":640,"source_name":"Cliopatria v0.2.0","source_url":"https://github.com/Seshat-Global-History-Databank/cliopatria","license":"CC BY 4.0","attribution":"Seshat Global History Databank, Cliopatria contributors"},"geometry":{"type":"MultiPolygon","coordinates":[[[[-6.0043,35.3871],[-5.0765,35.3871],[-5.3258,35.6445],[-5.3411,35.8372],[-5.9458,35.7097],[-6.0043,35.3871]]],[[[14.3384,35.9455],[14.3815,35.843],[14.5618,35.8298],[14.5078,35.9285],[14.3773,35.9936],[14.3384,35.9455]]],[[[12.4905,37.7062],[13.192,37.5773],[13.6022,37.2505],[14.2779,37.126],[14.6723,36.7393],[15.0498,36.7393],[15.2051,37.1662],[15.0592,37.2549],[15.0665,37.6417],[15.3895,38.1578],[15.5432,38.1578],[15.5865,38.2377],[14.0562,37.9643],[13.6652,37.9643],[13.3547,38.1578],[13.1199,38.1578],[13.0404,38.0288],[12.6522,38.0929],[12.4919,37.8998],[12.4905,37.7062]]],[[[15.591,40.0778],[15.7478,40.0317],[15.7136,39.978],[15.7736,39.8424],[15.8989,39.7729],[16.1165,39.0618],[16.2703,38.9326],[16.2652,38.7389],[15.9497,38.6743],[15.8621,38.2869],[15.6328,38.2203],[15.6982,37.9643],[15.9328,37.9643],[16.4919,38.416],[16.5024,38.8034],[17.1383,39.0618],[17.0697,39.385],[16.9162,39.5143],[16.4473,39.6436],[16.4491,39.7083],[16.132,39.6436],[15.976,39.7083],[15.9865,40.0964],[15.8302,40.1612],[15.5931,40.1612],[15.591,40.0778]]],[[[1.2204,38.9553],[1.2529,38.8623],[1.4031,38.8323],[1.4147,38.8906],[1.6231,39.0292],[1.5227,39.1189],[1.3568,39.0776],[1.2928,39.0333],[1.301,38.9678],[1.2204,38.9553]]],[[[2.3508,39.5765],[2.487,39.4788],[2.6817,39.5587],[2.7435,39.5234],[2.7866,39.3759],[3.1447,39.3203],[3.2825,39.4201],[3.4744,39.7497],[3.1626,39.7691],[3.1263,39.8319],[3.1959,39.8906],[3.0947,39.8812],[3.1738,39.967],[2.8132,39.8726],[2.3508,39.5765]]],[[[3.8032,40.0181],[3.8307,39.9361],[4.3008,39.8378],[4.1705,40.0646],[4.1423,40.0248],[4.1051,40.0794],[3.8032,40.0181]]],[[[8.1567,40.7718],[8.1974,40.6912],[8.1618,40.5638],[8.1934,40.6175],[8.2163,40.5706],[8.312,40.5781],[8.386,40.3518],[8.4761,40.2921],[8.49,40.1045],[8.3772,40.0338],[8.4004,39.9361],[8.5453,39.8786],[8.5044,39.7215],[8.5658,39.7011],[8.4553,39.7561],[8.4634,39.5769],[8.374,39.3789],[8.4321,39.3018],[8.4095,39.1693],[8.5596,39.0567],[8.606,38.9088],[8.7166,38.9326],[8.8533,38.878],[9.0183,38.9953],[9.0183,39.1461],[9.0798,39.2246],[9.0139,39.2639],[9.166,39.1871],[9.2922,39.2213],[9.4052,39.1521],[9.5664,39.1492],[9.7111,39.9293],[9.6262,40.2631],[9.8225,40.5327],[9.6579,40.7999],[9.724,40.8449],[9.6141,40.8934],[9.6421,40.9206],[9.5042,40.9269],[9.6469,40.9922],[9.5119,41.0163],[9.5541,41.1239],[9.4691,41.1462],[9.4429,41.092],[9.4224,41.1807],[9.1711,41.2426],[9.1419,41.1528],[9.0055,41.1219],[8.8225,40.9473],[8.5205,40.827],[8.3102,40.8507],[8.1812,40.9341],[8.2153,40.8814],[8.1567,40.7718]]],[[[8.3533,39.0556],[8.4312,38.9661],[8.4839,39.0698],[8.3701,39.1131],[8.3533,39.0556]]],[[[9.3767,41.2147],[9.377,41.2133],[9.3953,41.2106],[9.4007,41.2115],[9.3767,41.2147]]],[[[9.437,41.1859],[9.4644,41.1727],[9.4749,41.1793],[9.4749,41.2014],[9.445,41.2055],[9.437,41.1859]]],[[[14.0264,40.9384],[14.4219,40.8736],[14.4194,40.7517],[14.4741,40.7297],[14.4363,40.6792],[14.7349,40.6792],[14.7377,40.8088],[14.5791,40.8088],[14.5039,41.0032],[14.0276,41.0032],[14.0264,40.9384]]],[[[8.5453,42.2329],[8.5938,42.1745],[8.5596,42.154],[8.745,42.0566],[8.6457,41.9774],[8.8054,41.9069],[8.7508,41.8455],[8.7849,41.8244],[8.6551,41.7499],[8.9227,41.6946],[8.8018,41.6391],[8.7918,41.5612],[9.0798,41.4824],[9.0964,41.4035],[9.2255,41.3771],[9.2107,41.4482],[9.3506,41.5812],[9.2922,41.6264],[9.3467,41.6196],[9.4016,41.7064],[9.4032,41.9529],[9.5596,42.1466],[9.5281,42.5635],[9.4429,42.6406],[9.464,42.9901],[9.3467,43.0037],[9.3057,42.8393],[9.3425,42.7491],[9.2922,42.6748],[9.1178,42.732],[8.787,42.562],[8.7092,42.5792],[8.6595,42.4299],[8.5491,42.3771],[8.6878,42.2729],[8.5453,42.2329]]],[[[9.4566,42.6474],[9.4768,42.6191],[9.4769,42.6201],[9.4821,42.6201],[9.4566,42.6474]]],[[[11.4949,42.3582],[11.5746,42.3282],[11.5748,42.3662],[11.4949,42.3582]]],[[[10.1632,42.8164],[10.1963,42.7362],[10.3379,42.7648],[10.4307,42.7221],[10.3888,42.7635],[10.4367,42.8044],[10.4124,42.8734],[10.3473,42.8059],[10.1632,42.8164]]],[[[16.7195,43.1273],[17.1216,43.1404],[16.721,43.1674],[16.7195,43.1273]]],[[[17.1165,43.2118],[17.1241,43.2077],[17.1243,43.2118],[17.1165,43.2118]]],[[[16.7272,43.3421],[16.8076,43.3421],[16.8076,43.3429],[16.7962,43.3464],[16.8078,43.3464],[16.808,43.3535],[16.7282,43.3691],[16.7272,43.3421]]],[[[16.7301,43.4247],[16.8102,43.4134],[16.8123,43.4723],[16.7318,43.4723],[16.7301,43.4247]]],[[[7.1502,43.733],[8.0339,43.9286],[8.1916,44.1896],[8.5925,44.4507],[9.1591,44.4507],[9.5774,44.1877],[9.9697,44.1243],[9.6455,44.3201],[9.6447,44.4507],[9.9684,44.4507],[10.4543,44.1896],[11.2619,44.0591],[11.2609,43.7982],[11.6628,43.6027],[11.5795,43.1467],[11.9784,42.8213],[11.5748,42.3662],[11.6548,42.3662],[11.7349,42.1707],[12.1317,42.0413],[12.1715,41.8777],[12.6046,41.522],[12.9222,41.4571],[13,41.3274],[13.3976,41.3274],[13.7955,41.2011],[14.0374,41.522],[13.9615,41.7167],[13.8044,41.8465],[13.4057,41.8465],[13.328,41.9764],[13.0097,42.0413],[12.6144,42.3662],[12.4609,42.9515],[12.3807,42.9515],[12.5472,43.4723],[12.7098,43.6027],[13.1124,43.6027],[13.4291,43.2769],[13.6715,43.3421],[13.6726,43.4072],[13.3874,43.6413],[13.0338,43.733],[13.019,43.8567],[12.8734,43.7982],[12.4739,44.1243],[12.3931,44.1243],[12.1537,44.4507],[12.1572,44.8426],[12.4001,44.7989],[12.4026,45.0388],[12.3688,45.011],[12.16,45.1696],[12.1628,45.4968],[12.6522,45.5623],[12.8168,45.6933],[13.0571,45.6393],[12.9824,45.8898],[11.9198,45.6933],[11.837,45.4968],[11.9994,45.4313],[11.9979,45.235],[11.834,45.0388],[11.2659,45.1696],[11.2655,45.0388],[10.7782,45.0388],[10.7781,44.908],[10.4537,44.7773],[10.1293,44.7773],[9.8854,44.908],[9.3178,44.8426],[9.5621,44.7119],[9.4824,44.516],[8.7522,44.6466],[8.4298,44.516],[8.1859,44.5813],[8.031,44.1243],[7.7078,44.1243],[7.6293,43.9938],[7.227,43.9286],[7.1502,43.733]]],[[[15.9332,43.6678],[16.0117,43.6027],[15.9595,43.504],[16.1724,43.4897],[16.1177,43.5245],[16.2034,43.526],[16.2533,43.6027],[16.6537,43.5375],[16.6583,43.6678],[15.9332,43.6678]]],[[[9.9404,44.0591],[9.9627,44.0447],[9.9699,44.0489],[9.9699,44.0591],[9.9404,44.0591]]],[[[14.9971,44.5813],[15.149,44.4723],[15.1519,44.5813],[14.9971,44.5813]]],[[[15.012,44.5342],[15.029,44.498],[15.0755,44.4841],[15.0412,44.5275],[15.012,44.5342]]],[[[15.0415,44.4766],[15.1288,44.312],[15.2202,44.3127],[15.1651,44.3674],[15.2544,44.34],[15.0415,44.4766]]],[[[15.1325,44.2776],[15.1432,44.2548],[15.1735,44.2548],[15.1576,44.2803],[15.1406,44.2825],[15.1325,44.2776]]],[[[15.1854,44.2854],[15.3012,44.1243],[15.4241,44.2682],[15.2612,44.3326],[15.2953,44.2507],[15.1854,44.2854]]],[[[15.2124,44.4246],[15.443,44.2904],[15.4684,44.3201],[15.2124,44.4246]]],[[[13.5448,45.3427],[13.7056,45.235],[13.8032,44.908],[13.9432,44.908],[13.9457,45.0388],[13.7067,45.3004],[13.7917,45.4968],[13.5473,45.4968],[13.5448,45.3427]]],[[[0.7066,36.3344],[0.7669,36.1596],[0.922,36.1596],[1.005,36.0308],[1.1547,36.1596],[2.008,36.1596],[2.0031,36.2884],[2.3159,36.224],[2.7747,36.4172],[5.6494,36.3528],[5.8795,36.4816],[6.3468,36.4172],[6.422,36.546],[6.8893,36.4816],[6.9647,36.6105],[7.5865,36.6105],[7.9024,36.224],[7.8282,35.9664],[7.9057,35.9664],[7.9114,35.5158],[7.9888,35.5158],[7.9942,35.0653],[8.2286,34.8079],[8.4594,34.8723],[8.8462,34.7436],[8.9263,34.3577],[9.0033,34.3577],[8.9288,34.0361],[9.0826,34.0361],[9.3159,33.5859],[9.6236,33.4574],[9.5475,33.3288],[9.625,33.1359],[10.0848,33.1359],[10.0086,33.0073],[10.3916,33.0073],[11.1572,32.6859],[11.3099,32.4931],[11.4629,32.5574],[11.539,32.4288],[11.7684,32.4288],[11.7679,32.3002],[12.4559,32.3645],[13.0667,32.3002],[13.0657,32.1717],[13.2953,32.236],[13.8286,32.1074],[14.5861,31.6575],[14.5844,31.529],[15.1873,31.0791],[15.1845,30.8863],[15.4896,30.9506],[16.7012,30.6935],[18.2813,30.0508],[19.1911,30.0508],[20.9516,30.565],[21.9388,30.565],[22.7667,30.3722],[22.7618,30.2436],[22.916,30.3079],[23.5101,29.9865],[24.26,29.7937],[24.3304,29.6652],[24.7792,29.5366],[24.8467,29.3438],[25.0008,29.4081],[25.1465,29.2795],[25.3735,29.2795],[25.5863,28.9581],[27.1401,28.251],[27.285,28.1224],[27.2763,27.9295],[27.4299,27.9938],[27.792,27.6724],[27.7109,27.5438],[27.9367,27.5438],[28.1537,27.3509],[28.2702,26.5794],[28.3453,26.5794],[28.2437,25.9365],[28.2886,25.165],[28.5688,24.6506],[29.6728,24.2006],[29.9595,23.8792],[30.1087,23.8792],[30.104,23.7506],[30.3952,23.5577],[30.4627,23.3649],[31.6705,23.7506],[32.0409,23.6863],[33.389,23.8149],[33.7564,23.6863],[35.108,23.8792],[35.4808,23.8253],[35.5139,23.9771],[35.7925,23.9023],[35.7386,23.9833],[35.4938,24.1089],[35.3919,24.2828],[35.1446,24.5002],[35.1603,24.5746],[34.5466,25.725],[34.3387,26.0018],[34.014,26.6116],[33.9414,26.6535],[33.9961,26.8966],[33.8368,27.1208],[33.8384,27.2426],[33.6917,27.3419],[33.4963,27.6466],[33.5877,27.651],[33.5579,27.7599],[33.4735,27.8232],[33.5921,27.7912],[33.5544,27.8965],[33.2494,28.1429],[33.0029,28.4895],[32.8689,28.5789],[32.8069,28.7781],[32.6255,28.9727],[32.6528,29.081],[32.5623,29.3863],[32.3377,29.5925],[32.5095,29.8668],[32.4769,29.9322],[32.5715,29.9426],[32.5778,30.0114],[32.6045,29.8242],[32.6907,29.7336],[32.7239,29.4705],[32.8172,29.414],[32.8856,29.2431],[33.1779,28.9896],[33.2287,28.5694],[33.5538,28.3153],[33.7634,28.024],[34.0785,27.8007],[34.2631,27.7367],[34.2141,27.7915],[34.4281,27.9859],[34.4553,28.1749],[34.4102,28.32],[34.6245,28.736],[34.7366,29.3113],[34.8997,29.49],[34.8094,30.0508],[34.6676,30.1794],[34.6824,30.3722],[34.5405,30.5007],[34.434,31.0791],[34.2972,31.2719],[33.7493,31.0791],[32.8317,31.0148],[32.8055,31.0655],[32.6665,31.0523],[32.7907,31.0941],[32.5322,31.0791],[32.3894,31.2076],[32.2625,31.1696],[32.3039,31.0791],[31.9996,31.0791],[31.9063,31.2516],[31.7806,31.2076],[31.8077,31.2812],[31.7691,31.2988],[31.8741,31.4647],[31.2658,31.4647],[31.1215,31.5275],[31.0291,31.5185],[30.9807,31.4365],[30.7985,31.4465],[30.7344,31.3881],[30.5427,31.395],[30.6916,31.4647],[30.352,31.4647],[30.3019,31.3422],[30.3388,31.2719],[30.2887,31.2379],[29.9904,31.2719],[29.8315,31.1513],[29.8696,31.0791],[29.6332,30.9506],[29.5543,30.9848],[29.4481,30.9336],[29.3971,30.822],[28.865,30.822],[28.4964,31.0148],[27.5149,31.1434],[27.2975,31.3362],[26.9303,31.4411],[25.248,31.4647],[25.102,31.5933],[25.1097,31.7462],[24.8925,31.9789],[24.1294,31.9789],[23.6803,32.1717],[23.3122,32.1627],[23.0806,32.3341],[23.0894,32.6216],[21.99,32.9134],[21.8067,32.9133],[21.4117,32.7502],[21.0578,32.7736],[20.8712,32.6216],[20.7962,32.6428],[20.6898,32.6041],[20.7159,32.5574],[20.563,32.5574],[20.482,32.4288],[20.417,32.4565],[20.3255,32.4098],[20.2461,32.236],[20.0715,32.1764],[19.9961,31.5933],[20.2143,31.2719],[20.1467,31.1636],[20.2021,30.8863],[19.9682,30.6935],[19.9643,30.565],[19.655,30.3722],[18.9686,30.2436],[18.787,30.3722],[18.5925,30.3722],[18.2175,30.7602],[17.8486,30.9237],[16.8136,31.2076],[16.1786,31.2076],[15.649,31.4005],[15.5323,31.6118],[15.4246,31.6575],[15.2823,32.3002],[15.0825,32.4133],[14.4444,32.4931],[14.0979,32.7281],[13.4537,32.8145],[13.2571,32.9186],[12.8413,32.8085],[12.8408,32.7502],[12.229,32.8145],[11.4544,33.2002],[11.1578,33.2002],[11.0798,33.5856],[10.7381,33.478],[10.584,33.6644],[10.2368,33.7146],[10.0058,33.9075],[10.0052,34.1706],[10.0661,34.242],[10.0045,34.2933],[10.543,34.5506],[10.8512,34.8079],[10.8512,34.9366],[10.9844,34.9994],[11.055,35.1404],[11.0057,35.3871],[11.0831,35.5073],[11.0169,35.5986],[10.851,35.6445],[10.839,35.7683],[10.6962,35.7089],[10.4635,35.902],[10.5349,36.3573],[10.4625,36.4172],[11.0062,36.8037],[11.0063,36.9971],[10.5187,36.7558],[10.3553,36.7312],[10.1885,36.7976],[10.2685,36.9378],[10.1824,37.027],[10.2271,37.1177],[10.1281,37.1587],[10.2272,37.1949],[10.1501,37.2337],[9.9934,37.1904],[9.8716,37.2574],[9.8196,37.2276],[9.925,37.2131],[9.9143,37.1783],[9.8159,37.1518],[9.7718,37.2133],[9.8536,37.2673],[9.759,37.3193],[9.3969,37.2594],[9.0595,37.0615],[8.9723,37.0975],[8.8244,36.9795],[8.6443,36.9535],[8.5164,36.8682],[7.7383,36.8682],[7.4902,37.055],[7.3979,37.0615],[7.3463,37.0615],[7.1937,36.8682],[6.8047,36.8682],[6.3339,37.0615],[6.2357,36.9212],[6.1043,36.8741],[6.1058,36.8037],[5.6788,36.8037],[5.5643,36.6749],[5.0978,36.6749],[4.8595,36.8682],[4.262,36.9116],[3.85,36.8037],[3.664,36.8344],[3.2299,36.7393],[2.8411,36.7393],[2.6008,36.5963],[2.3516,36.6383],[1.5296,36.4816],[1.1787,36.5109],[0.9138,36.3528],[0.7066,36.3344]],[[24.6883,30.1442],[24.6887,30.1828],[24.6967,30.127],[24.6883,30.1442]],[[24.6887,30.1828],[24.7629,30.3171],[24.767,30.3214],[24.6887,30.1828]]],[[[30.1795,31.2714],[30.1849,31.2719],[30.1795,31.2719],[30.1795,31.2714]]],[[[30.2409,31.2653],[30.2648,31.2719],[30.2479,31.2719],[30.2409,31.2653]]],[[[30.9691,31.5785],[30.9739,31.5799],[30.9739,31.5867],[30.9695,31.5854],[30.9691,31.5785]]],[[[30.978,31.5843],[31.119,31.5305],[31.1608,31.5935],[30.978,31.5843]]],[[[33.9551,26.79],[34.0036,26.7082],[34.0029,26.7316],[33.9756,26.79],[33.9551,26.79]]],[[[22.9016,36.3383],[22.9292,36.178],[23.0533,36.1596],[23.0769,36.2707],[22.9446,36.3894],[22.9016,36.3383]]],[[[24.2754,37.5317],[24.3958,37.6247],[24.3728,37.6852],[24.2893,37.6453],[24.2754,37.5317]]],[[[20.6195,37.8228],[20.7934,37.6685],[20.9261,37.7284],[20.886,37.814],[20.7247,37.8998],[20.6554,37.8998],[20.6195,37.8228]]],[[[24.6878,37.9287],[24.9118,37.7283],[24.9944,37.7541],[24.9538,37.8707],[24.7937,37.9941],[24.6878,37.9287]]],[[[20.339,38.2002],[20.3801,38.1518],[20.4253,38.1753],[20.4351,38.2788],[20.4943,38.1337],[20.7865,38.0933],[20.6817,38.2821],[20.6429,38.2534],[20.5991,38.3026],[20.6224,38.3596],[20.5497,38.3901],[20.479,38.3095],[20.3999,38.3641],[20.339,38.2002]]],[[[20.7064,38.3243],[20.7194,38.3156],[20.7249,38.3165],[20.7064,38.3243]]],[[[21.5818,38.3515],[21.6604,38.3579],[21.6634,38.416],[21.585,38.416],[21.5818,38.3515]]],[[[23.4849,38.7389],[23.5634,38.7389],[23.5668,38.7946],[23.4888,38.8034],[23.4849,38.7389]]],[[[24.4362,38.878],[24.557,38.8457],[24.5368,38.7918],[24.6643,38.7732],[24.523,38.9643],[24.4611,38.9677],[24.4362,38.878]]],[[[21.3859,39.1265],[21.4645,39.1265],[21.4679,39.1911],[21.3892,39.1911],[21.3859,39.1265]]],[[[20.1453,39.6436],[20.1517,39.6402],[20.1519,39.6436],[20.1453,39.6436]]],[[[19.3044,40.6531],[19.4863,40.6144],[19.4714,40.2906],[19.6295,40.2906],[20.0094,39.967],[19.9876,39.7083],[20.155,39.7083],[20.2972,39.385],[20.9538,39.0342],[21.0584,39.009],[21.0852,39.0629],[21.1599,38.9977],[21.1774,38.876],[21.1023,38.9108],[21.0852,38.8643],[21.0274,38.9326],[20.8599,38.9605],[20.7414,38.8034],[20.9737,38.7389],[21.1933,38.416],[21.3431,38.416],[21.3225,38.4963],[21.3732,38.416],[21.585,38.416],[21.3693,38.8034],[21.3859,39.1265],[20.6248,39.6436],[20.6313,39.7729],[20.4042,39.967],[20.4896,40.0964],[20.2558,40.1612],[20.1895,40.4201],[20.2719,40.4849],[20.0376,40.5496],[19.8887,40.744],[19.994,41.2625],[19.8382,41.3274],[19.9243,41.4571],[19.8448,41.4571],[19.8546,41.6518],[19.5763,41.7091],[19.613,41.6053],[19.4818,41.5813],[19.5265,41.4571],[19.4564,41.449],[19.5233,41.3922],[19.4695,41.3108],[19.5166,41.2564],[19.4555,41.1485],[19.5234,40.9206],[19.3688,40.8022],[19.3044,40.6531]],[[20.249,39.6848],[20.2875,39.7112],[20.2827,39.7044],[20.249,39.6848]]],[[[19.7578,39.6436],[19.9065,39.5814],[19.8416,39.7042],[19.947,39.7729],[19.7637,39.7729],[19.7578,39.6436]]],[[[16.0895,40.9384],[16.2482,40.9384],[16.2463,40.8736],[16.7909,40.5496],[16.7847,40.3554],[16.9137,40.4464],[16.868,40.4849],[17.0285,40.5496],[17.3452,40.5496],[17.4175,40.3554],[17.8131,40.3554],[18.1122,39.9023],[18.3489,39.9023],[18.3565,40.0964],[18.4355,40.0964],[18.3642,40.2906],[17.9812,40.6144],[17.5107,40.744],[17.4136,40.8811],[16.8612,41.1386],[16.2581,41.2625],[16.2541,41.1328],[16.0933,41.068],[16.0895,40.9384]]],[[[24.5197,40.6853],[24.6397,40.5732],[24.7801,40.6122],[24.7864,40.7351],[24.6423,40.8039],[24.5197,40.6853]]],[[[19.9178,41.3274],[19.9973,41.3274],[20.0006,41.3922],[19.921,41.3922],[19.9178,41.3274]]],[[[19.8546,41.6518],[19.9343,41.6518],[19.9376,41.7167],[19.858,41.7167],[19.8546,41.6518]]],[[[17.8312,42.8213],[17.9915,42.8213],[18.0661,42.6912],[18.2292,42.7563],[18.0717,42.8213],[18.0745,42.8864],[17.8312,42.8213]]],[[[17.5079,42.7563],[17.5655,42.7563],[17.5237,42.7648],[17.5085,42.7718],[17.5079,42.7563]]],[[[17.5119,42.8554],[17.5913,42.8354],[17.5933,42.8864],[17.5131,42.8864],[17.5119,42.8554]]],[[[43.0155,38.1578],[43.2707,37.7707],[43.4107,37.126],[44.2203,36.8037],[44.3571,36.6749],[44.3975,36.4172],[44.6119,36.2884],[44.5934,36.1596],[45.0216,35.902],[45.2036,35.001],[45.34,34.8723],[45.7168,34.8079],[45.6898,34.615],[45.5356,34.615],[45.5002,34.3577],[45.6453,34.2933],[45.439,33.9075],[45.5928,33.9075],[46.1378,33.3931],[46.2312,32.943],[46.6821,32.8788],[46.9456,32.5574],[47.3194,32.4931],[47.5994,32.3002],[47.5824,32.1717],[47.9813,31.7218],[47.7957,31.4647],[47.739,31.0148],[48.1031,30.8863],[48.0478,30.4364],[48.2755,30.4364],[48.4117,30.3079],[48.3884,30.1151],[48.6005,29.9865],[48.6588,29.9962],[48.6433,30.0554],[48.9153,30.0422],[48.936,30.2101],[48.8623,30.3456],[49.0373,30.4325],[48.9456,30.4797],[48.9815,30.5156],[49.2112,30.5063],[49.2638,30.4497],[49.2029,30.3466],[49.062,30.4081],[48.9212,30.3808],[49.1614,30.2238],[49.2212,30.2646],[49.2457,30.1565],[49.4798,30.1561],[49.5322,30.0229],[49.9146,30.2039],[50.0734,30.1957],[50.1613,29.9263],[50.6553,29.4491],[50.6895,29.2908],[50.6435,29.1458],[50.8403,29.1406],[50.915,29.0867],[50.929,29.0097],[50.8345,28.8914],[51.0588,28.7359],[51.0807,28.5339],[51.2853,28.2409],[51.4062,27.9322],[51.6834,27.8306],[52.0112,27.8327],[52.4596,27.6326],[52.6701,27.4486],[52.6098,27.4123],[52.6669,27.3271],[52.9326,27.1603],[53.4441,26.9757],[53.7161,26.7086],[54.0158,26.7495],[54.3081,26.715],[54.3894,26.6051],[54.5613,26.5847],[54.62,26.5082],[54.791,26.4958],[55.2708,26.7925],[55.5217,26.7846],[55.5804,26.8591],[55.5545,26.8999],[55.6659,26.9954],[55.9393,27.0267],[56.1237,27.1606],[56.353,27.2016],[56.8088,27.1396],[56.8846,27.0781],[56.8677,27.0123],[56.9733,27.003],[56.9273,26.9556],[57.0524,26.8366],[57.1331,26.2637],[57.2129,26.1662],[57.1668,26.083],[57.3057,25.8135],[57.5207,25.7436],[57.7556,25.7427],[57.7717,25.6356],[57.9632,25.6932],[58.0462,25.5749],[58.1375,25.5507],[58.419,25.612],[58.8252,25.5604],[59.044,25.3996],[59.4539,25.4616],[59.538,25.3998],[59.8446,25.3579],[60.3993,25.3579],[60.4285,25.4196],[60.5497,25.4469],[60.6321,25.3579],[60.6335,25.275],[61.0306,25.2098],[61.2236,25.1124],[61.5074,25.1467],[61.4826,25.1937],[61.5584,25.2005],[61.5545,25.2541],[61.5882,25.2021],[61.7831,25.188],[61.7207,25.0364],[61.8473,25.0379],[61.8811,25.103],[62.0972,25.1071],[62.059,25.1616],[62.1452,25.2184],[62.2542,25.212],[62.3398,25.1302],[62.4894,25.2142],[62.4772,25.2591],[63.5108,25.2293],[63.4695,25.2893],[63.5725,25.365],[64.0727,25.3579],[64.0488,25.4165],[63.9766,25.4128],[64.0454,25.4503],[64.1553,25.4469],[64.0838,25.4267],[64.1,25.3579],[64.225,25.3579],[64.4393,25.2346],[64.5654,25.2703],[64.6111,25.1886],[64.7018,25.1773],[64.6686,25.2551],[64.7444,25.324],[65.1934,25.3183],[65.2323,25.3707],[65.3954,25.3923],[65.6691,25.3495],[65.8192,25.4009],[66.3977,26.5151],[66.4784,28.5724],[66.5539,28.5724],[67.3496,30.9506],[67.4256,30.9506],[67.7955,32.4288],[68.0157,32.7502],[68.0922,32.7502],[68.1195,32.8788],[67.4218,33.2002],[67.1919,33.2002],[67.2193,33.3288],[66.9892,33.3288],[66.8769,33.5217],[66.5206,33.6502],[66.4084,33.8432],[66.2547,33.8432],[66.0165,34.1647],[65.8627,34.1647],[65.7505,34.3577],[65.4565,34.422],[65.1411,34.7436],[65.1692,34.8723],[64.9028,35.0653],[64.814,35.7089],[64.8389,36.1596],[64.7613,36.1596],[64.9295,37.1866],[64.7788,37.118],[64.9298,37.1881],[64.9407,37.2549],[64.8159,37.3838],[64.7397,38.0288],[64.3669,38.416],[64.0075,38.5451],[63.8374,38.8034],[63.6804,38.8034],[63.5726,38.9972],[63.4155,38.9972],[63.2457,39.2557],[63.0883,39.2557],[62.6538,39.7083],[62.6876,39.8376],[62.4058,39.967],[60.7131,39.5143],[60.6826,39.7083],[60.0518,39.7083],[60.0839,39.8376],[59.7683,39.8376],[59.77,40.1612],[58.9797,40.1612],[58.8537,40.2906],[58.5374,40.2906],[58.332,40.4201],[57.3512,40.2906],[57.2411,40.1612],[56.9558,40.2906],[56.9868,40.4201],[56.6548,40.3554],[54.5437,40.8088],[54.2937,40.7804],[54.3182,40.7216],[54.4304,40.7214],[54.3626,40.6879],[54.4036,40.6737],[54.1711,40.7297],[53.721,40.6257],[53.6939,40.7121],[53.4044,40.6792],[53.3794,40.7915],[53.3397,40.744],[52.9433,40.744],[52.9723,40.8736],[52.893,40.8736],[52.7927,40.4201],[52.7251,40.4201],[52.7505,40.0941],[53.4985,40.0317],[53.5036,39.9747],[53.5745,39.9679],[53.5111,39.8909],[53.5338,39.6376],[53.5335,39.6805],[53.7362,39.5179],[53.1375,39.4496],[53.5176,39.385],[53.9868,38.9972],[53.8298,37.8352],[53.9079,37.8352],[53.9105,37.4483],[54.0947,37.1904],[54.0143,36.8211],[53.0877,36.8037],[52.1859,36.546],[51.642,36.546],[50.8207,36.7393],[50.532,36.8682],[50.611,36.9697],[50.4759,37.0379],[50.3209,36.9971],[49.9988,37.3838],[49.0851,37.5128],[48.8285,37.8352],[48.8411,38.3515],[48.7627,38.3515],[48.7656,38.8034],[48.9155,39.1911],[48.6733,39.5789],[48.3035,39.7083],[47.1208,39.7083],[46.5561,39.1911],[46.5113,38.9326],[46.1261,38.8627],[45.872,38.868],[45.501,38.9972],[45.4441,39.1265],[45.2869,39.1265],[44.8691,39.4496],[44.891,39.5789],[44.7554,39.7083],[44.5189,39.7083],[44.3967,39.4496],[43.8244,39.3203],[43.2908,38.9326],[43.2606,38.7389],[43.0937,38.6743],[43.0543,38.416],[43.1327,38.416],[43.0155,38.1578]],[[44.5699,37.5144],[44.5732,37.5275],[44.5793,37.477],[44.5699,37.5144]],[[44.7525,37.1131],[44.7649,37.1394],[44.7544,37.1084],[44.7525,37.1131]],[[44.8011,39.653],[44.8085,39.6391],[44.807,39.6399],[44.8011,39.653]],[[44.8666,36.7801],[44.9227,36.7759],[44.8772,36.7765],[44.8666,36.7801]],[[44.9962,36.7417],[45.0353,36.6896],[45.0373,36.6808],[44.9962,36.7417]],[[45.0355,36.633],[45.0426,36.6569],[45.0443,36.6493],[45.0355,36.633]],[[45.0382,36.494],[45.0608,36.4472],[45.0391,36.4798],[45.0382,36.494]],[[45.0791,36.4197],[45.1108,36.4025],[45.0837,36.4128],[45.0791,36.4197]],[[45.1108,36.4025],[45.196,36.4224],[45.2213,36.4209],[45.1108,36.4025]],[[46.5901,38.9137],[46.6522,38.9929],[46.5992,38.9197],[46.5901,38.9137]],[[48.4082,30.1885],[48.4085,30.1961],[48.4106,30.1915],[48.4082,30.1885]],[[54.7873,37.6519],[54.8136,37.7186],[54.8234,37.7283],[54.7873,37.6519]],[[55.4474,38.0837],[55.6299,38.1056],[55.511,38.0858],[55.4474,38.0837]],[[55.724,38.1169],[55.7384,38.1186],[55.7688,38.1115],[55.724,38.1169]],[[55.8208,38.0995],[55.8798,38.0858],[55.8541,38.086],[55.8208,38.0995]],[[56.2141,38.0688],[56.3155,38.0895],[56.2997,38.0802],[56.2141,38.0688]],[[57.1814,38.2757],[57.1859,38.2765],[57.2183,38.2651],[57.1814,38.2757]],[[61.1016,35.2353],[61.1038,35.2494],[61.1124,35.202],[61.1016,35.2353]],[[63.1743,26.685],[63.1823,26.8302],[63.1896,26.846],[63.1743,26.685]],[[63.1896,26.846],[63.206,26.8537],[63.2467,26.8595],[63.1896,26.846]],[[64.589,36.5802],[64.5901,36.5947],[64.6105,36.5009],[64.589,36.5802]],[[64.5911,36.6093],[64.592,36.6211],[64.5985,36.6369],[64.5911,36.6093]],[[64.614,36.6746],[64.6214,36.6926],[64.7652,36.9046],[64.614,36.6746]]],[[[55.2926,26.5485],[55.8766,26.7429],[55.947,26.6963],[56.2874,26.9551],[56.2124,27.003],[55.8977,26.9068],[55.758,26.954],[55.7742,26.7969],[55.3045,26.6564],[55.2926,26.5485]]],[[[32.2717,35.0728],[32.3294,34.8864],[32.459,34.7219],[32.7099,34.6458],[32.9136,34.6567],[32.9425,34.5794],[33.0303,34.5685],[33.0156,34.6344],[33.0864,34.6948],[33.2601,34.7005],[33.5917,34.8203],[33.7015,34.9729],[34.0685,34.9979],[33.9431,35.0653],[34.0123,35.0638],[33.8999,35.1645],[33.9121,35.26],[34.5384,35.671],[33.6603,35.3593],[33.4275,35.3289],[32.9231,35.3871],[32.9294,35.233],[32.8652,35.157],[32.6897,35.1839],[32.4138,35.043],[32.2717,35.0728]],[[33.7592,34.9887],[33.7911,34.9824],[33.7874,34.98],[33.7592,34.9887]],[[32.712,35.1731],[32.7315,35.1432],[32.7127,35.1634],[32.712,35.1731]],[[33.4666,35.0051],[33.4675,35.0126],[33.4768,35.0027],[33.4666,35.0051]],[[33.6195,35.0168],[33.7115,34.9856],[33.7029,34.9879],[33.6195,35.0168]],[[33.6794,35.0349],[33.7022,35.0223],[33.6794,35.0339],[33.6794,35.0349]],[[33.6966,35.009],[33.7022,35.0223],[33.7002,35.0067],[33.6966,35.009]],[[33.8412,35.0511],[33.8801,35.0731],[33.8551,35.0534],[33.8412,35.0511]]],[[[23.6154,35.5158],[23.6792,35.2584],[24.7574,35.194],[24.8237,35.001],[26.1401,35.0653],[26.2253,35.194],[25.7953,35.1151],[25.6806,35.1297],[25.6923,35.3227],[24.301,35.3227],[24.1499,35.3871],[24.1541,35.465],[24.0669,35.507],[24.1569,35.5158],[23.6154,35.5158]]],[[[27.708,36.1688],[27.7519,35.905],[27.9934,36.062],[28.0896,36.0551],[28.0617,36.1165],[28.1634,36.2377],[28.2311,36.4498],[27.8997,36.3402],[27.708,36.1688]]],[[[26.9177,36.7161],[27.1854,36.8037],[27.1442,36.8811],[26.9177,36.7161]]],[[[25.3418,37.083],[25.3936,36.9971],[25.5644,36.9971],[25.5727,37.126],[25.3418,37.083]]],[[[24.9955,37.6789],[25.1255,37.5559],[25.216,37.5329],[25.2593,37.59],[24.9955,37.6789]]],[[[25.99,37.5165],[26.2306,37.5714],[26.312,37.6796],[26.0742,37.6379],[25.99,37.5165]]],[[[25.8407,38.5224],[25.989,38.3793],[25.9644,38.3026],[25.885,38.2794],[25.8898,38.2206],[26.0115,38.1578],[26.1121,38.2226],[26.1636,38.5428],[26.0159,38.602],[25.8696,38.5831],[25.8407,38.5224]]],[[[25.8359,39.1822],[26.1021,39.1115],[26.2256,39.2076],[26.2935,39.1772],[26.1002,39.0858],[26.1657,39.0224],[26.5471,38.9879],[26.437,39.1035],[26.4893,39.1137],[26.5394,39.0194],[26.61,39.0229],[26.5397,39.166],[26.3822,39.2771],[26.4074,39.3347],[26.1658,39.3681],[26.0606,39.2895],[25.9226,39.2911],[25.8359,39.1822]]],[[[47.042,39.7083],[47.1208,39.7083],[47.1326,39.7729],[47.0538,39.7729],[47.042,39.7083]]],[[[25.0447,39.9853],[25.047,39.8376],[25.2043,39.8376],[25.2388,39.9195],[25.2798,39.8891],[25.2388,39.8581],[25.3551,39.8376],[25.348,39.9064],[25.4499,39.9884],[25.4377,40.0317],[25.2852,39.9534],[25.2251,40.0089],[25.0447,39.9853]]],[[[25.7052,40.1144],[26.0122,40.1666],[25.9631,40.1571],[25.926,40.2428],[25.759,40.2067],[25.7052,40.1144]]],[[[21.2436,37.8352],[21.6966,37.5128],[21.6958,37.3164],[21.6031,37.1904],[21.681,37.1904],[21.7435,36.8682],[21.8992,36.8682],[21.9085,37.0615],[22.22,37.0615],[22.3757,36.6749],[22.5118,36.6749],[22.5994,36.8682],[22.8328,36.8682],[23.0332,36.6946],[22.8532,37.2549],[22.7007,37.3193],[22.7144,37.5773],[22.9486,37.5773],[23.1756,37.4483],[23.1685,37.3193],[23.278,37.3498],[23.23,37.3749],[23.2627,37.401],[23.3849,37.4134],[23.36,37.5475],[23.1083,37.6417],[23.0151,37.9252],[23.2044,37.963],[23.2082,38.0288],[23.5746,38.0468],[23.5597,37.9866],[23.9786,37.8352],[24.0361,38.2224],[23.951,38.2909],[23.71,38.3367],[23.5929,38.4806],[23.3126,38.4806],[23.1826,38.6538],[23.1045,38.6384],[22.9149,38.7756],[22.5251,38.8581],[22.6216,38.9145],[22.792,38.878],[23.0731,39.0363],[22.9639,39.009],[22.9981,39.0698],[22.9516,39.1238],[22.7973,39.0618],[22.8163,39.385],[23.1318,39.4489],[22.6109,39.9023],[22.6497,39.9853],[22.5437,40.0964],[22.5716,40.5496],[22.9105,40.6446],[22.9832,40.5527],[22.9265,40.5153],[22.9592,40.4201],[23.7374,40.2259],[23.6936,40.3092],[23.7777,40.3548],[23.8386,40.5496],[23.6846,40.6144],[23.698,40.8088],[24.0106,40.744],[24.3466,41.0032],[25.1384,41.0101],[25.1358,40.9692],[25.8495,40.9384],[26.0822,40.8736],[26.1403,40.6144],[26.5472,40.744],[26.621,40.6792],[26.9324,40.6144],[26.7685,40.5496],[26.8466,40.5165],[26.9576,40.5584],[27.0172,40.6792],[27.5275,41.068],[29.0429,41.068],[29.0645,41.1371],[28.9631,41.1328],[28.975,41.2529],[28.5053,41.3274],[28.0814,41.6518],[27.9794,41.6518],[27.937,42.0413],[27.4529,42.4801],[27.5135,42.6262],[27.8466,42.7563],[27.8049,43.1467],[27.8982,43.2769],[28.0607,43.3092],[28.1925,43.4078],[28.1592,43.4723],[28.4811,43.4723],[28.6163,43.9938],[28.5356,43.9938],[28.5769,44.3854],[28.7612,44.5223],[28.7578,44.6268],[28.8362,44.6268],[28.784,44.6492],[28.8257,44.7332],[28.802,44.9734],[29.0583,45.001],[29.1106,44.97],[29.0521,44.9446],[29.0441,44.8655],[29.0603,44.8323],[29.0964,44.8751],[29.1387,44.8072],[29.5253,44.908],[29.6584,45.3659],[29.577,45.3659],[29.5845,45.4313],[29.096,45.4313],[28.6677,45.235],[28.3494,45.3004],[28.2819,45.4313],[27.8681,45.3659],[27.8479,45.1696],[27.9969,45.0388],[27.9699,44.7773],[27.801,44.7119],[27.7877,44.5813],[27.943,44.516],[27.8289,44.1896],[27.9097,44.1896],[27.6828,43.5375],[27.224,42.9515],[27.298,42.8864],[27.181,42.4962],[26.7808,42.4962],[26.769,42.3662],[26.2149,42.4312],[26.1236,42.3012],[25.8837,42.3012],[25.4624,42.0413],[25.2282,42.1063],[25.1431,42.0413],[25.2124,41.9114],[24.9731,41.9114],[24.8033,41.7816],[24.649,41.8465],[24.6339,41.6518],[23.7484,41.522],[23.6641,41.4571],[23.7344,41.3274],[23.4824,41.1328],[23.5218,40.5496],[23.2051,40.5496],[23.143,40.8088],[22.6672,40.8088],[22.4172,40.6144],[22.0965,40.5496],[22.0096,40.4201],[22.0659,40.0317],[22.22,39.967],[22.5052,39.4496],[22.419,39.3203],[22.4792,38.9972],[22.4007,38.9972],[22.3827,38.6743],[22.2084,38.3515],[22.3875,38.3515],[22.4016,38.4534],[22.5297,38.3515],[22.6465,38.39],[22.8351,38.3515],[22.9881,38.2869],[23.0322,38.1859],[23.2234,38.1592],[23.1755,38.145],[23.2166,38.1033],[23.0367,38.0651],[22.9463,37.9462],[22.5825,38.0288],[22.4837,37.6417],[22.012,37.5773],[21.8655,37.7707],[21.7093,37.7707],[21.6503,38.1578],[21.3474,38.096],[21.2436,37.8352]],[[24.1262,41.5294],[24.1463,41.5268],[24.1702,41.5116],[24.1262,41.5294]],[[24.1816,41.5374],[24.1963,41.547],[24.2121,41.5518],[24.1816,41.5374]],[[25.1771,41.2939],[25.2308,41.248],[25.2197,41.2497],[25.1771,41.2939]],[[26.0475,41.6746],[26.0493,41.6823],[26.055,41.6488],[26.0475,41.6746]],[[26.0522,41.6952],[26.0537,41.7015],[26.0579,41.7035],[26.0522,41.6952]],[[26.1312,41.5527],[26.1525,41.547],[26.1544,41.5437],[26.1312,41.5527]],[[26.1459,41.478],[26.1602,41.5019],[26.1593,41.4938],[26.1459,41.478]],[[26.1589,41.5362],[26.1631,41.5291],[26.1617,41.5157],[26.1589,41.5362]],[[26.2304,41.7466],[26.2344,41.7458],[26.2739,41.7149],[26.2304,41.7466]],[[26.3668,41.7112],[26.3774,41.7106],[26.4044,41.6918],[26.3668,41.7112]],[[26.5837,41.3326],[26.6097,41.3307],[26.5911,41.3293],[26.5837,41.3326]]],[[[22.833,38.8227],[22.9818,38.845],[22.9564,38.878],[23.0202,38.9214],[22.833,38.8227]]],[[[23.0356,36.6926],[23.0463,36.6833],[23.0517,36.6872],[23.0498,36.6926],[23.0356,36.6926]]],[[[23.0365,38.9279],[23.3318,38.8034],[23.4651,38.8569],[23.2006,39.0093],[23.0365,38.9279]]],[[[23.3122,37.6174],[23.3406,37.6003],[23.3536,37.5821],[23.3442,37.6327],[23.3122,37.6174]]],[[[23.4014,37.3193],[23.4024,37.3193],[23.4023,37.3198],[23.4014,37.3193]]],[[[23.5634,38.7389],[23.6355,38.5286],[23.594,38.4534],[23.6492,38.4057],[24.0422,38.4015],[24.0669,38.351],[24.0254,38.3305],[24.1617,38.2698],[24.1789,38.5451],[24.0302,38.6743],[23.5634,38.7389]]],[[[24.1275,38.2224],[24.1447,38.2224],[24.1426,38.227],[24.157,38.2296],[24.1591,38.2287],[24.1614,38.2661],[24.1311,38.2358],[24.1275,38.2224]]],[[[26.1325,39.5143],[26.9377,39.5748],[26.9299,39.4877],[26.801,39.4335],[26.7422,39.2557],[26.8945,39.1911],[26.8793,38.9972],[26.9579,38.9972],[26.9399,38.9327],[27.0413,38.9401],[27.0627,38.8869],[26.9084,38.8204],[26.9314,38.7551],[26.8495,38.6097],[27.0798,38.5451],[27.0728,38.4537],[27.1642,38.4466],[27.0694,38.4094],[27.065,38.3515],[26.6762,38.3515],[26.6731,38.3072],[26.595,38.3515],[26.5358,38.6097],[26.3895,38.6719],[26.4058,38.4535],[26.513,38.4329],[26.4515,38.4261],[26.4289,38.2224],[26.8203,38.2224],[26.889,38.0933],[27.2753,38.0288],[27.2559,37.7707],[27.1794,37.6106],[27.31,37.4483],[27.2461,37.3362],[27.4072,37.4127],[27.4385,37.3908],[27.3921,37.3538],[27.5392,37.3838],[27.5644,37.2735],[27.616,37.2747],[27.598,37.126],[28.0653,37.126],[28.1313,37.0363],[28.3294,37.0368],[28.2124,37.0004],[28.1653,36.9116],[28.1034,36.9353],[28.0583,36.7721],[28.1184,36.8006],[28.1305,36.754],[28.0314,36.6749],[28.1961,36.6854],[28.2731,36.852],[28.2934,36.7959],[28.3571,36.8682],[28.5905,36.8682],[28.7361,36.7393],[29.1249,36.7393],[29.2163,36.3291],[29.3496,36.2326],[29.4116,36.2674],[29.4666,36.224],[29.938,36.224],[30.0261,36.3528],[30.4919,36.3528],[30.6191,36.9326],[31.086,36.9326],[32.0681,36.6105],[32.4985,36.224],[32.5369,36.1],[32.733,36.0376],[33.2744,36.224],[33.8711,36.3149],[33.9791,36.2884],[34.2507,36.6749],[34.8151,36.8682],[34.927,37.1904],[35.6148,37.7707],[35.6295,37.8998],[36.0503,38.1578],[36.1591,38.416],[36.4097,38.5451],[36.6062,38.868],[37.5457,39.4496],[37.7467,39.7729],[38.2743,40.1612],[38.5113,40.1612],[38.8556,40.3554],[39.8938,40.4201],[40.3095,40.5496],[41.3389,40.5496],[41.5348,41.2625],[41.8061,41.4571],[41.8392,41.6518],[41.7097,41.7085],[41.5674,41.4571],[41.4471,41.4571],[41.3071,41.3274],[40.5393,41.0032],[40.4492,41.0425],[40.3703,40.9384],[39.7355,40.9384],[39.1683,41.0797],[38.9208,41.0382],[38.7834,40.9384],[38.2977,40.8736],[38.2217,40.9441],[38.0253,40.9769],[37.8312,40.9384],[37.7706,41.068],[37.2147,41.068],[37.226,41.1475],[37.0651,41.1328],[36.7748,41.3274],[36.451,41.2404],[36.2092,41.2625],[35.9561,41.7127],[35.9227,41.6462],[35.9457,41.7167],[35.5767,41.6297],[35.157,41.7167],[35.0921,41.928],[35.123,42.0248],[35.0615,42.0413],[34.9178,42.0413],[34.7845,41.9114],[33.2771,41.9764],[32.6675,41.8369],[32.6947,41.7816],[31.4983,41.352],[31.3928,41.1884],[31.1801,41.068],[30.6242,41.068],[30.53,41.1522],[30.3513,41.1922],[30.1369,41.1438],[29.0894,41.1382],[29.0524,41.068],[29.1156,41.068],[29.1034,40.9447],[29.2639,40.8698],[29.2949,40.8388],[29.2546,40.8108],[29.493,40.8736],[29.4438,40.7766],[29.9393,40.7351],[29.5599,40.6911],[29.4906,40.7272],[28.9422,40.6184],[28.9156,40.4714],[29.1515,40.4341],[29.0463,40.3554],[27.9388,40.3554],[27.904,40.3999],[27.9505,40.4849],[27.7921,40.4849],[27.7918,40.3929],[27.8836,40.3863],[27.6958,40.2906],[27.5376,40.2906],[27.2948,40.4059],[26.6819,40.3561],[26.408,40.1937],[26.311,40.0195],[26.2205,40.0029],[26.1325,39.5143]]],[[[26.2318,40.0656],[26.3758,40.1535],[26.3456,40.1998],[26.6167,40.3595],[26.6839,40.4849],[26.2723,40.2906],[26.2318,40.0656]]],[[[27.5815,37.1982],[27.5831,37.1912],[27.5877,37.1988],[27.5815,37.1982]]],[[[32.5967,45.4313],[32.9224,45.4313],[33.6101,45.1042],[33.6092,44.8717],[33.5151,44.6466],[33.5715,44.6206],[33.4767,44.6099],[33.5086,44.4953],[33.6202,44.462],[34.0966,44.516],[34.286,44.7119],[34.3671,44.7119],[34.3763,44.7773],[34.5385,44.7773],[34.5478,44.8426],[34.7911,44.8426],[34.4319,45.1696],[34.2693,45.1696],[34.0621,45.4313],[33.8993,45.4313],[33.628,45.8243],[32.8337,45.6011],[32.6677,45.5254],[32.5967,45.4313]]]]}},{"type":"Feature","properties":{"relationId":"cliopatria-relation-37ffecd705d8","name":"(Alliance between Sasanian Empire and Byzantine Empire)","name_ko":"사산 제국–동로마 제국 동맹","relationKind":"alliance","relation_kind_ko":"동맹","actor_ids":"cliopatria-q83891-6c78591e24;cliopatria-q12544-9c75ec2643","actor_names_ko":"사산 제국;동로마 제국","color":"#4fd1c5","startYear":641,"endYear":643,"source_name":"Cliopatria v0.2.0","source_url":"https://github.com/Seshat-Global-History-Databank/cliopatria","license":"CC BY 4.0","attribution":"Seshat Global History Databank, Cliopatria contributors"},"geometry":{"type":"MultiPolygon","coordinates":[[[[0.7066,36.3344],[0.7669,36.1596],[0.922,36.1596],[1.005,36.0308],[1.1547,36.1596],[2.008,36.1596],[2.0031,36.2884],[2.3159,36.224],[2.7747,36.4172],[5.6494,36.3528],[5.8795,36.4816],[6.3468,36.4172],[6.422,36.546],[6.8893,36.4816],[6.9647,36.6105],[7.5865,36.6105],[7.9024,36.224],[7.8282,35.9664],[7.9057,35.9664],[7.9114,35.5158],[7.9888,35.5158],[7.9942,35.0653],[8.2286,34.8079],[8.4594,34.8723],[8.8462,34.7436],[8.9263,34.3577],[9.0033,34.3577],[8.9288,34.0361],[9.0826,34.0361],[9.3159,33.5859],[9.6236,33.4574],[9.5475,33.3288],[9.625,33.1359],[10.0848,33.1359],[10.0086,33.0073],[10.3916,33.0073],[11.1572,32.6859],[11.3099,32.4931],[11.4629,32.5574],[11.539,32.4288],[11.7684,32.4288],[11.7679,32.3002],[12.4559,32.3645],[13.0667,32.3002],[13.0657,32.1717],[13.2953,32.236],[13.8286,32.1074],[14.5861,31.6575],[14.5844,31.529],[15.1873,31.0791],[15.1845,30.8863],[15.4896,30.9506],[16.7012,30.6935],[18.2813,30.0508],[19.1911,30.0508],[20.9516,30.565],[21.9388,30.565],[22.7667,30.3722],[22.7618,30.2436],[22.916,30.3079],[23.5101,29.9865],[23.9622,29.9223],[24.8522,29.4723],[24.8632,29.7294],[24.7201,29.9223],[24.7353,30.2653],[24.6887,30.1828],[24.7429,30.4364],[24.9826,30.6935],[24.8641,31.4005],[25.102,31.5933],[25.1097,31.7462],[25.0238,31.8634],[24.8925,31.9789],[24.1294,31.9789],[23.6803,32.1717],[23.3005,32.2176],[23.3122,32.1627],[23.1486,32.236],[23.0806,32.3341],[23.0944,32.4365],[23.1239,32.3971],[23.0894,32.6216],[22.7098,32.6859],[22.604,32.7781],[22.114,32.9414],[21.5698,32.8788],[21.4117,32.7502],[21.0578,32.7736],[20.8712,32.6216],[20.7962,32.6428],[20.6898,32.6041],[20.7159,32.5574],[20.563,32.5574],[20.482,32.4288],[20.417,32.4565],[20.3255,32.4098],[20.2461,32.236],[20.141,32.236],[20.0606,32.1583],[19.9961,31.5933],[20.2143,31.2719],[20.1467,31.1636],[20.2021,30.8863],[19.9682,30.6935],[19.9643,30.565],[19.5014,30.3079],[18.9686,30.2436],[18.787,30.3722],[18.5925,30.3722],[18.2175,30.7602],[17.8486,30.9237],[16.8136,31.2076],[16.1786,31.2076],[15.649,31.4005],[15.5323,31.6118],[15.4246,31.6575],[15.2823,32.3002],[15.0825,32.4133],[14.4444,32.4931],[14.0979,32.7281],[13.4537,32.8145],[13.2571,32.9186],[12.8413,32.8085],[12.8408,32.7502],[12.5347,32.7502],[12.5723,32.8127],[12.229,32.8145],[11.4544,33.2002],[11.1578,33.2002],[11.0798,33.5856],[10.7381,33.478],[10.584,33.6644],[10.2368,33.7146],[10.0058,33.9075],[10.0052,34.1706],[10.0661,34.242],[10.0045,34.2933],[10.543,34.5506],[10.8512,34.8079],[10.8512,34.9366],[10.9844,34.9994],[11.055,35.1404],[11.0057,35.3871],[11.0831,35.5073],[11.0169,35.5986],[10.851,35.6445],[10.839,35.7683],[10.6962,35.7089],[10.4635,35.902],[10.5349,36.3573],[10.4625,36.4172],[11.0062,36.8037],[11.0063,36.9971],[10.5187,36.7558],[10.3553,36.7312],[10.1885,36.7976],[10.2685,36.9378],[10.1824,37.027],[10.2271,37.1177],[10.1281,37.1587],[10.2272,37.1949],[10.1501,37.2337],[9.9934,37.1904],[9.8716,37.2574],[9.8196,37.2276],[9.925,37.2131],[9.9143,37.1783],[9.8159,37.1518],[9.7718,37.2133],[9.8536,37.2673],[9.759,37.3193],[9.3969,37.2594],[9.0595,37.0615],[8.9723,37.0975],[8.8244,36.9795],[8.6443,36.9535],[8.5164,36.8682],[7.7383,36.8682],[7.4902,37.055],[7.3979,37.0615],[7.3463,37.0615],[7.1937,36.8682],[6.8047,36.8682],[6.3339,37.0615],[6.2357,36.9212],[6.1043,36.8741],[6.1058,36.8037],[5.6788,36.8037],[5.5643,36.6749],[5.0978,36.6749],[4.8595,36.8682],[4.262,36.9116],[3.85,36.8037],[3.664,36.8344],[3.2299,36.7393],[2.8411,36.7393],[2.6008,36.5963],[2.3516,36.6383],[1.5296,36.4816],[1.1787,36.5109],[0.9138,36.3528],[0.7066,36.3344]],[[24.6887,30.1828],[24.6967,30.127],[24.6883,30.1442],[24.6887,30.1828]]],[[[-6.0043,35.3871],[-5.0765,35.3871],[-5.3258,35.6445],[-5.3411,35.8372],[-5.9458,35.7097],[-6.0043,35.3871]]],[[[14.3384,35.9455],[14.3815,35.843],[14.5618,35.8298],[14.5078,35.9285],[14.3773,35.9936],[14.3384,35.9455]]],[[[12.4905,37.7062],[13.192,37.5773],[13.6022,37.2505],[14.2779,37.126],[14.6723,36.7393],[15.0498,36.7393],[15.2051,37.1662],[15.0592,37.2549],[15.0665,37.6417],[15.3895,38.1578],[15.5432,38.1578],[15.5865,38.2377],[14.0562,37.9643],[13.6652,37.9643],[13.3547,38.1578],[13.1199,38.1578],[13.0404,38.0288],[12.6522,38.0929],[12.4919,37.8998],[12.4905,37.7062]]],[[[15.591,40.0778],[15.7478,40.0317],[15.7136,39.978],[15.7736,39.8424],[15.8989,39.7729],[16.1165,39.0618],[16.2703,38.9326],[16.2652,38.7389],[15.9497,38.6743],[15.8621,38.2869],[15.6328,38.2203],[15.6982,37.9643],[15.9328,37.9643],[16.4919,38.416],[16.5024,38.8034],[17.1383,39.0618],[17.0697,39.385],[16.9162,39.5143],[16.4473,39.6436],[16.4491,39.7083],[16.132,39.6436],[15.976,39.7083],[15.9865,40.0964],[15.8302,40.1612],[15.5931,40.1612],[15.591,40.0778]]],[[[1.2204,38.9553],[1.2529,38.8623],[1.4031,38.8323],[1.4147,38.8906],[1.6231,39.0292],[1.5227,39.1189],[1.3568,39.0776],[1.2928,39.0333],[1.301,38.9678],[1.2204,38.9553]]],[[[2.3508,39.5765],[2.487,39.4788],[2.6817,39.5587],[2.7435,39.5234],[2.7866,39.3759],[3.1447,39.3203],[3.2825,39.4201],[3.4744,39.7497],[3.1626,39.7691],[3.1263,39.8319],[3.1959,39.8906],[3.0947,39.8812],[3.1738,39.967],[2.8132,39.8726],[2.3508,39.5765]]],[[[3.8032,40.0181],[3.8307,39.9361],[4.3008,39.8378],[4.1705,40.0646],[4.1423,40.0248],[4.1051,40.0794],[3.8032,40.0181]]],[[[8.1567,40.7718],[8.1974,40.6912],[8.1618,40.5638],[8.1934,40.6175],[8.2163,40.5706],[8.312,40.5781],[8.386,40.3518],[8.4761,40.2921],[8.49,40.1045],[8.3772,40.0338],[8.4004,39.9361],[8.5453,39.8786],[8.5044,39.7215],[8.5658,39.7011],[8.4553,39.7561],[8.4634,39.5769],[8.374,39.3789],[8.4321,39.3018],[8.4095,39.1693],[8.5596,39.0567],[8.606,38.9088],[8.7166,38.9326],[8.8533,38.878],[9.0183,38.9953],[9.0183,39.1461],[9.0798,39.2246],[9.0139,39.2639],[9.166,39.1871],[9.2922,39.2213],[9.4052,39.1521],[9.5664,39.1492],[9.7111,39.9293],[9.6262,40.2631],[9.8225,40.5327],[9.6579,40.7999],[9.724,40.8449],[9.6141,40.8934],[9.6421,40.9206],[9.5042,40.9269],[9.6469,40.9922],[9.5119,41.0163],[9.5541,41.1239],[9.4691,41.1462],[9.4429,41.092],[9.4224,41.1807],[9.1711,41.2426],[9.1419,41.1528],[9.0055,41.1219],[8.8225,40.9473],[8.5205,40.827],[8.3102,40.8507],[8.1812,40.9341],[8.2153,40.8814],[8.1567,40.7718]]],[[[8.3533,39.0556],[8.4312,38.9661],[8.4839,39.0698],[8.3701,39.1131],[8.3533,39.0556]]],[[[9.3767,41.2147],[9.377,41.2133],[9.3953,41.2106],[9.4007,41.2115],[9.3767,41.2147]]],[[[9.437,41.1859],[9.4644,41.1727],[9.4749,41.1793],[9.4749,41.2014],[9.445,41.2055],[9.437,41.1859]]],[[[14.0264,40.9384],[14.4219,40.8736],[14.4194,40.7517],[14.4741,40.7297],[14.4363,40.6792],[14.7349,40.6792],[14.7377,40.8088],[14.5791,40.8088],[14.5039,41.0032],[14.0276,41.0032],[14.0264,40.9384]]],[[[8.5453,42.2329],[8.5938,42.1745],[8.5596,42.154],[8.745,42.0566],[8.6457,41.9774],[8.8054,41.9069],[8.7508,41.8455],[8.7849,41.8244],[8.6551,41.7499],[8.9227,41.6946],[8.8018,41.6391],[8.7918,41.5612],[9.0798,41.4824],[9.0964,41.4035],[9.2255,41.3771],[9.2107,41.4482],[9.3506,41.5812],[9.2922,41.6264],[9.3467,41.6196],[9.4016,41.7064],[9.4032,41.9529],[9.5596,42.1466],[9.5281,42.5635],[9.4429,42.6406],[9.464,42.9901],[9.3467,43.0037],[9.3057,42.8393],[9.3425,42.7491],[9.2922,42.6748],[9.1178,42.732],[8.787,42.562],[8.7092,42.5792],[8.6595,42.4299],[8.5491,42.3771],[8.6878,42.2729],[8.5453,42.2329]]],[[[9.4566,42.6474],[9.4768,42.6191],[9.4769,42.6201],[9.4821,42.6201],[9.4566,42.6474]]],[[[11.4949,42.3582],[11.5746,42.3282],[11.5748,42.3662],[11.4949,42.3582]]],[[[10.1632,42.8164],[10.1963,42.7362],[10.3379,42.7648],[10.4307,42.7221],[10.3888,42.7635],[10.4367,42.8044],[10.4124,42.8734],[10.3473,42.8059],[10.1632,42.8164]]],[[[16.7272,43.3421],[16.8076,43.3421],[16.8076,43.3429],[16.7962,43.3464],[16.8078,43.3464],[16.808,43.3535],[16.7282,43.3691],[16.7272,43.3421]]],[[[16.7301,43.4247],[16.8102,43.4134],[16.8123,43.4723],[16.7318,43.4723],[16.7301,43.4247]]],[[[11.0209,44.5813],[11.2627,44.2548],[11.2609,43.7982],[11.6628,43.6027],[11.5795,43.1467],[11.9784,42.8213],[11.5748,42.3662],[11.6548,42.3662],[11.7349,42.1707],[12.1317,42.0413],[12.1715,41.8777],[12.6046,41.522],[12.9222,41.4571],[13,41.3274],[13.3976,41.3274],[13.7955,41.2011],[14.0374,41.522],[13.9615,41.7167],[13.8044,41.8465],[13.4057,41.8465],[13.328,41.9764],[13.0097,42.0413],[12.6144,42.3662],[12.4609,42.9515],[12.3807,42.9515],[12.5472,43.4723],[12.7098,43.6027],[13.1124,43.6027],[13.4291,43.2769],[13.6715,43.3421],[13.6726,43.4072],[13.3874,43.6413],[13.0338,43.733],[13.019,43.8567],[12.8734,43.7982],[12.4739,44.1243],[12.3931,44.1243],[12.1537,44.4507],[12.1572,44.8426],[12.4001,44.7989],[12.4026,45.0388],[12.3688,45.011],[12.16,45.1696],[12.1628,45.4968],[12.6522,45.5623],[12.8168,45.6933],[13.0559,45.6392],[12.9816,45.8243],[12.1644,45.6933],[12.0004,45.5623],[11.9979,45.235],[11.834,45.0388],[11.2659,45.1696],[11.2655,45.0388],[11.0214,44.8426],[11.0209,44.5813]]],[[[15.9332,43.6678],[16.0117,43.6027],[15.9595,43.504],[16.1724,43.4897],[16.1177,43.5245],[16.2034,43.526],[16.2533,43.6027],[16.6537,43.5375],[16.6583,43.6678],[15.9332,43.6678]]],[[[7.1502,43.733],[7.8736,43.8634],[8.1934,44.0591],[8.1916,44.1896],[8.4315,44.3854],[8.9163,44.4507],[8.9149,44.5813],[8.7522,44.6466],[8.4298,44.516],[8.1859,44.5813],[8.1108,44.1896],[7.227,43.9286],[7.1502,43.733]]],[[[14.9971,44.5813],[15.149,44.4723],[15.1519,44.5813],[14.9971,44.5813]]],[[[15.012,44.5342],[15.029,44.498],[15.0755,44.4841],[15.0412,44.5275],[15.012,44.5342]]],[[[15.0415,44.4766],[15.1288,44.312],[15.2202,44.3127],[15.1651,44.3674],[15.2544,44.34],[15.0415,44.4766]]],[[[15.1325,44.2776],[15.1432,44.2548],[15.1735,44.2548],[15.1576,44.2803],[15.1406,44.2825],[15.1325,44.2776]]],[[[15.1854,44.2854],[15.3012,44.1243],[15.4241,44.2682],[15.2612,44.3326],[15.2953,44.2507],[15.1854,44.2854]]],[[[15.2124,44.4246],[15.443,44.2904],[15.4684,44.3201],[15.2124,44.4246]]],[[[13.5448,45.3427],[13.7056,45.235],[13.8032,44.908],[13.9432,44.908],[13.9457,45.0388],[13.7067,45.3004],[13.7917,45.4968],[13.5473,45.4968],[13.5448,45.3427]]],[[[22.9016,36.3383],[22.9292,36.178],[23.0533,36.1596],[23.0769,36.2707],[22.9446,36.3894],[22.9016,36.3383]]],[[[24.2754,37.5317],[24.3958,37.6247],[24.3728,37.6852],[24.2893,37.6453],[24.2754,37.5317]]],[[[20.6195,37.8228],[20.7934,37.6685],[20.9261,37.7284],[20.886,37.814],[20.7247,37.8998],[20.6554,37.8998],[20.6195,37.8228]]],[[[24.6878,37.9287],[24.9118,37.7283],[24.9944,37.7541],[24.9538,37.8707],[24.7937,37.9941],[24.6878,37.9287]]],[[[20.339,38.2002],[20.3801,38.1518],[20.4253,38.1753],[20.4351,38.2788],[20.4943,38.1337],[20.7865,38.0933],[20.6817,38.2821],[20.6429,38.2534],[20.5991,38.3026],[20.6224,38.3596],[20.5497,38.3901],[20.479,38.3095],[20.3999,38.3641],[20.339,38.2002]]],[[[20.7064,38.3243],[20.7194,38.3156],[20.7249,38.3165],[20.7064,38.3243]]],[[[21.5818,38.3515],[21.6604,38.3579],[21.6634,38.416],[21.585,38.416],[21.5818,38.3515]]],[[[23.4849,38.7389],[23.5634,38.7389],[23.5668,38.7946],[23.4888,38.8034],[23.4849,38.7389]]],[[[24.4362,38.878],[24.557,38.8457],[24.5368,38.7918],[24.6643,38.7732],[24.4915,38.981],[24.4362,38.878]]],[[[21.3859,39.1265],[21.4645,39.1265],[21.4679,39.1911],[21.3892,39.1911],[21.3859,39.1265]]],[[[20.1453,39.6436],[20.1517,39.6402],[20.1519,39.6436],[20.1453,39.6436]]],[[[19.3044,40.6531],[19.4863,40.6144],[19.4714,40.2906],[19.6295,40.2906],[20.0094,39.967],[19.9876,39.7083],[20.155,39.7083],[20.2972,39.385],[20.9538,39.0342],[21.0584,39.009],[21.0852,39.0629],[21.1599,38.9977],[21.1774,38.876],[21.1023,38.9108],[21.0852,38.8643],[21.0274,38.9326],[20.8599,38.9605],[20.7414,38.8034],[20.9737,38.7389],[21.1933,38.416],[21.3431,38.416],[21.3225,38.4963],[21.3732,38.416],[21.585,38.416],[21.3693,38.8034],[21.3859,39.1265],[20.6248,39.6436],[20.6313,39.7729],[20.4042,39.967],[20.4896,40.0964],[20.2558,40.1612],[20.1895,40.4201],[20.2719,40.4849],[20.0376,40.5496],[19.8887,40.744],[19.994,41.2625],[19.8382,41.3274],[19.9243,41.4571],[19.8448,41.4571],[19.8546,41.6518],[19.5763,41.7091],[19.613,41.6053],[19.4818,41.5813],[19.5265,41.4571],[19.4564,41.449],[19.5233,41.3922],[19.4695,41.3108],[19.5166,41.2564],[19.4555,41.1485],[19.5234,40.9206],[19.3688,40.8022],[19.3044,40.6531]],[[20.249,39.6848],[20.2875,39.7112],[20.2827,39.7044],[20.249,39.6848]]],[[[19.7578,39.6436],[19.9065,39.5814],[19.8416,39.7042],[19.947,39.7729],[19.7637,39.7729],[19.7578,39.6436]]],[[[16.0895,40.9384],[16.2482,40.9384],[16.2463,40.8736],[16.7909,40.5496],[16.7847,40.3554],[16.9137,40.4464],[16.868,40.4849],[17.0285,40.5496],[17.3452,40.5496],[17.4175,40.3554],[17.8131,40.3554],[18.1122,39.9023],[18.3489,39.9023],[18.3565,40.0964],[18.4355,40.0964],[18.3642,40.2906],[17.9812,40.6144],[17.5107,40.744],[17.4136,40.8811],[16.8612,41.1386],[16.2581,41.2625],[16.2541,41.1328],[16.0933,41.068],[16.0895,40.9384]]],[[[24.5197,40.6853],[24.6397,40.5732],[24.7801,40.6122],[24.7864,40.7351],[24.6423,40.8039],[24.5197,40.6853]]],[[[19.9178,41.3274],[19.9973,41.3274],[20.0006,41.3922],[19.921,41.3922],[19.9178,41.3274]]],[[[19.8546,41.6518],[19.9343,41.6518],[19.9376,41.7167],[19.858,41.7167],[19.8546,41.6518]]],[[[17.8312,42.8213],[17.9915,42.8213],[18.0661,42.6912],[18.2292,42.7563],[18.0717,42.8213],[18.0745,42.8864],[17.8312,42.8213]]],[[[17.5079,42.7563],[17.5655,42.7563],[17.5237,42.7648],[17.5085,42.7718],[17.5079,42.7563]]],[[[17.5119,42.8554],[17.5913,42.8354],[17.5933,42.8864],[17.5131,42.8864],[17.5119,42.8554]]],[[[16.7195,43.1273],[17.1216,43.1404],[16.721,43.1674],[16.7195,43.1273]]],[[[17.1165,43.2118],[17.1241,43.2077],[17.1243,43.2118],[17.1165,43.2118]]],[[[43.0155,38.1578],[43.2707,37.7707],[43.4107,37.126],[44.2203,36.8037],[44.3571,36.6749],[44.3975,36.4172],[44.6119,36.2884],[44.5934,36.1596],[45.0216,35.902],[45.2036,35.001],[45.34,34.8723],[45.7168,34.8079],[45.6898,34.615],[45.5356,34.615],[45.5002,34.3577],[45.6453,34.2933],[45.439,33.9075],[45.5928,33.9075],[46.1378,33.3931],[46.2312,32.943],[46.6141,32.943],[47.2837,33.9075],[47.7144,34.229],[48.108,34.8079],[48.4937,34.8079],[48.5416,34.615],[47.0221,32.5574],[47.4637,32.4288],[47.5824,32.1717],[47.7267,32.1074],[47.7098,31.9789],[47.9218,31.8503],[47.9729,31.6575],[47.7957,31.4647],[47.739,31.0148],[48.1031,30.8863],[48.0478,30.4364],[48.2755,30.4364],[48.4117,30.3079],[48.3884,30.1151],[48.6005,29.9865],[48.6588,29.9962],[48.6433,30.0554],[48.9153,30.0422],[48.936,30.2101],[48.8623,30.3456],[49.0373,30.4325],[48.9456,30.4797],[48.9815,30.5156],[49.2112,30.5063],[49.2638,30.4497],[49.2029,30.3466],[49.062,30.4081],[48.9212,30.3808],[49.1614,30.2238],[49.2212,30.2646],[49.2457,30.1565],[49.4798,30.1561],[49.5322,30.0229],[49.9146,30.2039],[50.0734,30.1957],[50.1613,29.9263],[50.6553,29.4491],[50.6895,29.2908],[50.6435,29.1458],[50.8403,29.1406],[50.915,29.0867],[50.929,29.0097],[50.8345,28.8914],[51.0588,28.7359],[51.0807,28.5339],[51.2853,28.2409],[51.4062,27.9322],[51.6834,27.8306],[52.0112,27.8327],[52.4596,27.6326],[52.6701,27.4486],[52.6098,27.4123],[52.6669,27.3271],[52.9326,27.1603],[53.4441,26.9757],[53.7161,26.7086],[54.0158,26.7495],[54.3081,26.715],[54.3894,26.6051],[54.5613,26.5847],[54.62,26.5082],[54.791,26.4958],[55.2708,26.7925],[55.5217,26.7846],[55.5804,26.8591],[55.5545,26.8999],[55.6659,26.9954],[55.9393,27.0267],[56.1237,27.1606],[56.353,27.2016],[56.8088,27.1396],[56.8846,27.0781],[56.8677,27.0123],[56.9733,27.003],[56.9273,26.9556],[57.0524,26.8366],[57.1331,26.2637],[57.2129,26.1662],[57.1668,26.083],[57.3057,25.8135],[57.5207,25.7436],[57.7556,25.7427],[57.7717,25.6356],[57.9632,25.6932],[58.0462,25.5749],[58.1375,25.5507],[58.419,25.612],[58.8252,25.5604],[59.044,25.3996],[59.4539,25.4616],[59.538,25.3998],[59.8446,25.3579],[60.3993,25.3579],[60.4285,25.4196],[60.5497,25.4469],[60.6321,25.3579],[60.6335,25.275],[61.0306,25.2098],[61.2236,25.1124],[61.5074,25.1467],[61.4826,25.1937],[61.5584,25.2005],[61.5545,25.2541],[61.5882,25.2021],[61.7831,25.188],[61.7207,25.0364],[61.8473,25.0379],[61.8811,25.103],[62.0972,25.1071],[62.059,25.1616],[62.1452,25.2184],[62.2542,25.212],[62.3398,25.1302],[62.4894,25.2142],[62.4772,25.2591],[63.5108,25.2293],[63.4695,25.2893],[63.5725,25.365],[64.0727,25.3579],[64.0488,25.4165],[63.9766,25.4128],[64.0454,25.4503],[64.1553,25.4469],[64.0838,25.4267],[64.1,25.3579],[64.225,25.3579],[64.4393,25.2346],[64.5654,25.2703],[64.6111,25.1886],[64.7018,25.1773],[64.6686,25.2551],[64.7444,25.324],[65.1934,25.3183],[65.2323,25.3707],[65.3954,25.3923],[65.6691,25.3495],[65.8192,25.4009],[66.3977,26.5151],[66.4784,28.5724],[66.5539,28.5724],[67.3496,30.9506],[67.4256,30.9506],[67.7955,32.4288],[68.0157,32.7502],[68.0922,32.7502],[68.1195,32.8788],[67.4218,33.2002],[67.1919,33.2002],[67.2193,33.3288],[66.9892,33.3288],[66.8769,33.5217],[66.5206,33.6502],[66.4084,33.8432],[66.2547,33.8432],[66.0165,34.1647],[65.8627,34.1647],[65.7505,34.3577],[65.4565,34.422],[65.1411,34.7436],[65.1692,34.8723],[64.9028,35.0653],[64.814,35.7089],[64.8389,36.1596],[64.7613,36.1596],[64.9295,37.1866],[64.7788,37.118],[64.9298,37.1881],[64.9407,37.2549],[64.8159,37.3838],[64.7397,38.0288],[64.3669,38.416],[64.0075,38.5451],[63.8374,38.8034],[63.6804,38.8034],[63.5726,38.9972],[63.4155,38.9972],[63.2457,39.2557],[63.0883,39.2557],[62.6538,39.7083],[62.6876,39.8376],[62.4058,39.967],[60.7131,39.5143],[60.6826,39.7083],[60.0518,39.7083],[60.0839,39.8376],[59.7683,39.8376],[59.77,40.1612],[58.9797,40.1612],[58.8537,40.2906],[58.5374,40.2906],[58.332,40.4201],[57.3512,40.2906],[57.2411,40.1612],[56.9558,40.2906],[56.9868,40.4201],[56.6548,40.3554],[54.5437,40.8088],[54.2937,40.7804],[54.3182,40.7216],[54.4304,40.7214],[54.3626,40.6879],[54.4036,40.6737],[54.1711,40.7297],[53.721,40.6257],[53.6939,40.7121],[53.4044,40.6792],[53.3794,40.7915],[53.3397,40.744],[52.9433,40.744],[52.9723,40.8736],[52.893,40.8736],[52.7927,40.4201],[52.7251,40.4201],[52.7505,40.0941],[53.4985,40.0317],[53.5036,39.9747],[53.5745,39.9679],[53.5111,39.8909],[53.5338,39.6376],[53.5335,39.6805],[53.7362,39.5179],[53.1375,39.4496],[53.5176,39.385],[53.9868,38.9972],[53.8298,37.8352],[53.9079,37.8352],[53.9105,37.4483],[54.0947,37.1904],[54.0143,36.8211],[53.0877,36.8037],[52.1859,36.546],[51.642,36.546],[50.8207,36.7393],[50.532,36.8682],[50.611,36.9697],[50.4759,37.0379],[50.3209,36.9971],[49.9988,37.3838],[49.0851,37.5128],[48.8285,37.8352],[48.8411,38.3515],[48.7627,38.3515],[48.7656,38.8034],[48.9155,39.1911],[48.6733,39.5789],[48.3035,39.7083],[47.1208,39.7083],[46.5561,39.1911],[46.5113,38.9326],[46.1261,38.8627],[45.872,38.868],[45.501,38.9972],[45.4441,39.1265],[45.2869,39.1265],[44.8691,39.4496],[44.891,39.5789],[44.7554,39.7083],[44.5189,39.7083],[44.3967,39.4496],[43.8244,39.3203],[43.2908,38.9326],[43.2606,38.7389],[43.0937,38.6743],[43.0543,38.416],[43.1327,38.416],[43.0155,38.1578]],[[44.5699,37.5144],[44.5732,37.5275],[44.5793,37.477],[44.5699,37.5144]],[[44.7525,37.1131],[44.7649,37.1394],[44.7544,37.1084],[44.7525,37.1131]],[[44.8011,39.653],[44.8085,39.6391],[44.807,39.6399],[44.8011,39.653]],[[44.8666,36.7801],[44.9227,36.7759],[44.8772,36.7765],[44.8666,36.7801]],[[44.9962,36.7417],[45.0353,36.6896],[45.0373,36.6808],[44.9962,36.7417]],[[45.0355,36.633],[45.0426,36.6569],[45.0443,36.6493],[45.0355,36.633]],[[45.0382,36.494],[45.0608,36.4472],[45.0391,36.4798],[45.0382,36.494]],[[45.0791,36.4197],[45.1108,36.4025],[45.0837,36.4128],[45.0791,36.4197]],[[45.1108,36.4025],[45.196,36.4224],[45.2213,36.4209],[45.1108,36.4025]],[[46.5901,38.9137],[46.6522,38.9929],[46.5992,38.9197],[46.5901,38.9137]],[[48.4082,30.1885],[48.4085,30.1961],[48.4106,30.1915],[48.4082,30.1885]],[[54.7873,37.6519],[54.8136,37.7186],[54.8234,37.7283],[54.7873,37.6519]],[[55.4474,38.0837],[55.6299,38.1056],[55.511,38.0858],[55.4474,38.0837]],[[55.724,38.1169],[55.7384,38.1186],[55.7688,38.1115],[55.724,38.1169]],[[55.8208,38.0995],[55.8798,38.0858],[55.8541,38.086],[55.8208,38.0995]],[[56.2141,38.0688],[56.3155,38.0895],[56.2997,38.0802],[56.2141,38.0688]],[[57.1814,38.2757],[57.1859,38.2765],[57.2183,38.2651],[57.1814,38.2757]],[[61.1016,35.2353],[61.1038,35.2494],[61.1124,35.202],[61.1016,35.2353]],[[63.1743,26.685],[63.1823,26.8302],[63.1896,26.846],[63.1743,26.685]],[[63.1896,26.846],[63.206,26.8537],[63.2467,26.8595],[63.1896,26.846]],[[64.589,36.5802],[64.5901,36.5947],[64.6105,36.5009],[64.589,36.5802]],[[64.5911,36.6093],[64.592,36.6211],[64.5985,36.6369],[64.5911,36.6093]],[[64.614,36.6746],[64.6214,36.6926],[64.7652,36.9046],[64.614,36.6746]]],[[[55.2926,26.5485],[55.8766,26.7429],[55.947,26.6963],[56.2874,26.9551],[56.2124,27.003],[55.8977,26.9068],[55.758,26.954],[55.7742,26.7969],[55.3045,26.6564],[55.2926,26.5485]]],[[[32.2717,35.0728],[32.3294,34.8864],[32.459,34.7219],[32.7099,34.6458],[32.9136,34.6567],[32.9425,34.5794],[33.0303,34.5685],[33.0156,34.6344],[33.0864,34.6948],[33.2601,34.7005],[33.5917,34.8203],[33.7015,34.9729],[34.0685,34.9979],[33.9431,35.0653],[34.0123,35.0638],[33.8999,35.1645],[33.9121,35.26],[34.5384,35.671],[33.6603,35.3593],[33.4275,35.3289],[32.9231,35.3871],[32.9294,35.233],[32.8652,35.157],[32.6897,35.1839],[32.4138,35.043],[32.2717,35.0728]],[[33.7592,34.9887],[33.7911,34.9824],[33.7874,34.98],[33.7592,34.9887]],[[32.712,35.1731],[32.7315,35.1432],[32.7127,35.1634],[32.712,35.1731]],[[33.4666,35.0051],[33.4675,35.0126],[33.4768,35.0027],[33.4666,35.0051]],[[33.6195,35.0168],[33.7115,34.9856],[33.7029,34.9879],[33.6195,35.0168]],[[33.6794,35.0349],[33.7022,35.0223],[33.6794,35.0339],[33.6794,35.0349]],[[33.6966,35.009],[33.7022,35.0223],[33.7002,35.0067],[33.6966,35.009]],[[33.8412,35.0511],[33.8801,35.0731],[33.8551,35.0534],[33.8412,35.0511]]],[[[23.6154,35.5158],[23.6792,35.2584],[24.7574,35.194],[24.8237,35.001],[26.1401,35.0653],[26.2253,35.194],[25.7953,35.1151],[25.6806,35.1297],[25.6923,35.3227],[24.301,35.3227],[24.1499,35.3871],[24.1541,35.465],[24.0669,35.507],[24.1569,35.5158],[23.6154,35.5158]]],[[[27.708,36.1688],[27.7519,35.905],[27.9934,36.062],[28.0896,36.0551],[28.0617,36.1165],[28.1634,36.2377],[28.2311,36.4498],[27.8997,36.3402],[27.708,36.1688]]],[[[26.9177,36.7161],[27.1854,36.8037],[27.1442,36.8811],[26.9177,36.7161]]],[[[25.3418,37.083],[25.3936,36.9971],[25.5644,36.9971],[25.5727,37.126],[25.3418,37.083]]],[[[24.9955,37.6789],[25.1255,37.5559],[25.216,37.5329],[25.2593,37.59],[24.9955,37.6789]]],[[[25.99,37.5165],[26.2306,37.5714],[26.312,37.6796],[26.0742,37.6379],[25.99,37.5165]]],[[[25.8407,38.5224],[25.989,38.3793],[25.9644,38.3026],[25.885,38.2794],[25.8898,38.2206],[26.0115,38.1578],[26.1121,38.2226],[26.1636,38.5428],[26.0159,38.602],[25.8696,38.5831],[25.8407,38.5224]]],[[[25.8359,39.1822],[26.1021,39.1115],[26.2256,39.2076],[26.2935,39.1772],[26.1002,39.0858],[26.1657,39.0224],[26.5471,38.9879],[26.437,39.1035],[26.4893,39.1137],[26.5394,39.0194],[26.61,39.0229],[26.5397,39.166],[26.3822,39.2771],[26.4074,39.3347],[26.1658,39.3681],[26.0606,39.2895],[25.9226,39.2911],[25.8359,39.1822]]],[[[47.042,39.7083],[47.1208,39.7083],[47.1326,39.7729],[47.0538,39.7729],[47.042,39.7083]]],[[[25.0447,39.9853],[25.047,39.8376],[25.2043,39.8376],[25.2388,39.9195],[25.2798,39.8891],[25.2388,39.8581],[25.3551,39.8376],[25.348,39.9064],[25.4499,39.9884],[25.4377,40.0317],[25.2852,39.9534],[25.2251,40.0089],[25.0447,39.9853]]],[[[25.7052,40.1144],[26.0122,40.1666],[25.9631,40.1571],[25.926,40.2428],[25.759,40.2067],[25.7052,40.1144]]],[[[21.2436,37.8352],[21.6966,37.5128],[21.6958,37.3164],[21.6031,37.1904],[21.681,37.1904],[21.7435,36.8682],[21.8992,36.8682],[21.9085,37.0615],[22.22,37.0615],[22.3757,36.6749],[22.5118,36.6749],[22.5994,36.8682],[22.8328,36.8682],[23.0332,36.6946],[22.8532,37.2549],[22.7007,37.3193],[22.7144,37.5773],[22.9486,37.5773],[23.1756,37.4483],[23.1685,37.3193],[23.278,37.3498],[23.23,37.3749],[23.2627,37.401],[23.3849,37.4134],[23.36,37.5475],[23.1083,37.6417],[23.0151,37.9252],[23.2044,37.963],[23.2082,38.0288],[23.5746,38.0468],[23.5597,37.9866],[23.9786,37.8352],[24.0361,38.2224],[23.951,38.2909],[23.71,38.3367],[23.5929,38.4806],[23.3126,38.4806],[23.1826,38.6538],[23.1045,38.6384],[22.9149,38.7756],[22.5251,38.8581],[22.6216,38.9145],[22.792,38.878],[23.0731,39.0363],[22.9639,39.009],[22.9981,39.0698],[22.9516,39.1238],[22.7973,39.0618],[22.8163,39.385],[23.1318,39.4489],[22.6109,39.9023],[22.6497,39.9853],[22.5437,40.0964],[22.5716,40.5496],[22.9105,40.6446],[22.9832,40.5527],[22.9265,40.5153],[22.9592,40.4201],[23.7374,40.2259],[23.6936,40.3092],[23.7777,40.3548],[23.8386,40.5496],[23.6846,40.6144],[23.698,40.8088],[24.0106,40.744],[24.3466,41.0032],[25.1384,41.0101],[25.1358,40.9692],[25.8495,40.9384],[26.0822,40.8736],[26.1403,40.6144],[26.5472,40.744],[26.621,40.6792],[26.9324,40.6144],[26.7685,40.5496],[26.8466,40.5165],[26.9576,40.5584],[27.0172,40.6792],[27.5275,41.068],[29.0429,41.068],[29.0645,41.1371],[28.9631,41.1328],[28.975,41.2529],[28.5053,41.3274],[28.0814,41.6518],[27.9794,41.6518],[27.937,42.0413],[27.4529,42.4801],[27.5135,42.6262],[27.8466,42.7563],[27.8049,43.1467],[27.8982,43.2769],[28.0607,43.3092],[28.1925,43.4078],[28.1592,43.4723],[28.4811,43.4723],[28.6163,43.9938],[28.5356,43.9938],[28.5769,44.3854],[28.7612,44.5223],[28.7578,44.6268],[28.8362,44.6268],[28.784,44.6492],[28.8257,44.7332],[28.802,44.9734],[29.0583,45.001],[29.1106,44.97],[29.0521,44.9446],[29.0441,44.8655],[29.0603,44.8323],[29.0964,44.8751],[29.1387,44.8072],[29.5253,44.908],[29.6584,45.3659],[29.577,45.3659],[29.5845,45.4313],[29.096,45.4313],[28.6677,45.235],[28.3494,45.3004],[28.2819,45.4313],[27.8681,45.3659],[27.8479,45.1696],[27.9969,45.0388],[27.9699,44.7773],[27.801,44.7119],[27.7877,44.5813],[27.943,44.516],[27.8289,44.1896],[27.9097,44.1896],[27.6828,43.5375],[27.224,42.9515],[27.298,42.8864],[27.181,42.4962],[26.7808,42.4962],[26.769,42.3662],[26.2149,42.4312],[26.1236,42.3012],[25.8837,42.3012],[25.4624,42.0413],[25.2282,42.1063],[25.1431,42.0413],[25.2124,41.9114],[24.9731,41.9114],[24.8033,41.7816],[24.649,41.8465],[24.6339,41.6518],[23.7484,41.522],[23.6641,41.4571],[23.7344,41.3274],[23.4824,41.1328],[23.5218,40.5496],[23.2051,40.5496],[23.143,40.8088],[22.6672,40.8088],[22.4172,40.6144],[22.0965,40.5496],[22.0096,40.4201],[22.0659,40.0317],[22.22,39.967],[22.5052,39.4496],[22.419,39.3203],[22.4792,38.9972],[22.4007,38.9972],[22.3827,38.6743],[22.2084,38.3515],[22.3875,38.3515],[22.4016,38.4534],[22.5297,38.3515],[22.6465,38.39],[22.8351,38.3515],[22.9881,38.2869],[23.0322,38.1859],[23.2234,38.1592],[23.1755,38.145],[23.2166,38.1033],[23.0367,38.0651],[22.9463,37.9462],[22.5825,38.0288],[22.4837,37.6417],[22.012,37.5773],[21.8655,37.7707],[21.7093,37.7707],[21.6503,38.1578],[21.3474,38.096],[21.2436,37.8352]],[[24.1262,41.5294],[24.1463,41.5268],[24.1702,41.5116],[24.1262,41.5294]],[[24.1816,41.5374],[24.1963,41.547],[24.2121,41.5518],[24.1816,41.5374]],[[25.1771,41.2939],[25.2308,41.248],[25.2197,41.2497],[25.1771,41.2939]],[[26.0475,41.6746],[26.0493,41.6823],[26.055,41.6488],[26.0475,41.6746]],[[26.0522,41.6952],[26.0537,41.7015],[26.0579,41.7035],[26.0522,41.6952]],[[26.1312,41.5527],[26.1525,41.547],[26.1544,41.5437],[26.1312,41.5527]],[[26.1459,41.478],[26.1602,41.5019],[26.1593,41.4938],[26.1459,41.478]],[[26.1589,41.5362],[26.1631,41.5291],[26.1617,41.5157],[26.1589,41.5362]],[[26.2304,41.7466],[26.2344,41.7458],[26.2739,41.7149],[26.2304,41.7466]],[[26.3668,41.7112],[26.3774,41.7106],[26.4044,41.6918],[26.3668,41.7112]],[[26.5837,41.3326],[26.6097,41.3307],[26.5911,41.3293],[26.5837,41.3326]]],[[[22.833,38.8227],[22.9818,38.845],[22.9564,38.878],[23.0202,38.9214],[22.833,38.8227]]],[[[23.0356,36.6926],[23.0463,36.6833],[23.0517,36.6872],[23.0498,36.6926],[23.0356,36.6926]]],[[[23.0365,38.9279],[23.3318,38.8034],[23.4651,38.8569],[23.2006,39.0093],[23.0365,38.9279]]],[[[23.3122,37.6174],[23.3406,37.6003],[23.3536,37.5821],[23.3442,37.6327],[23.3122,37.6174]]],[[[23.4014,37.3193],[23.4024,37.3193],[23.4023,37.3198],[23.4014,37.3193]]],[[[23.5634,38.7389],[23.6355,38.5286],[23.594,38.4534],[23.6492,38.4057],[24.0422,38.4015],[24.0669,38.351],[24.0254,38.3305],[24.1617,38.2698],[24.1789,38.5451],[24.0302,38.6743],[23.5634,38.7389]]],[[[24.1275,38.2224],[24.1447,38.2224],[24.1426,38.227],[24.157,38.2296],[24.1591,38.2287],[24.1614,38.2661],[24.1311,38.2358],[24.1275,38.2224]]],[[[26.1325,39.5143],[26.9377,39.5748],[26.9299,39.4877],[26.801,39.4335],[26.7422,39.2557],[26.8945,39.1911],[26.8793,38.9972],[26.9579,38.9972],[26.9399,38.9327],[27.0413,38.9401],[27.0627,38.8869],[26.9084,38.8204],[26.9314,38.7551],[26.8495,38.6097],[27.0798,38.5451],[27.0728,38.4537],[27.1642,38.4466],[27.0694,38.4094],[27.065,38.3515],[26.6762,38.3515],[26.6731,38.3072],[26.595,38.3515],[26.5358,38.6097],[26.3895,38.6719],[26.4058,38.4535],[26.513,38.4329],[26.4515,38.4261],[26.4289,38.2224],[26.8203,38.2224],[26.889,38.0933],[27.2753,38.0288],[27.2559,37.7707],[27.1794,37.6106],[27.31,37.4483],[27.2461,37.3362],[27.4072,37.4127],[27.4385,37.3908],[27.3921,37.3538],[27.5392,37.3838],[27.5644,37.2735],[27.616,37.2747],[27.598,37.126],[28.0653,37.126],[28.1313,37.0363],[28.3294,37.0368],[28.2124,37.0004],[28.1653,36.9116],[28.1034,36.9353],[28.0583,36.7721],[28.1184,36.8006],[28.1305,36.754],[28.0314,36.6749],[28.1961,36.6854],[28.2731,36.852],[28.2934,36.7959],[28.3571,36.8682],[28.5905,36.8682],[28.7361,36.7393],[29.1249,36.7393],[29.2163,36.3291],[29.3496,36.2326],[29.4116,36.2674],[29.4666,36.224],[29.938,36.224],[30.0261,36.3528],[30.4919,36.3528],[30.6191,36.9326],[31.086,36.9326],[32.0681,36.6105],[32.4985,36.224],[32.5369,36.1],[32.733,36.0376],[33.2744,36.224],[33.8711,36.3149],[33.9791,36.2884],[34.2507,36.6749],[34.8151,36.8682],[34.927,37.1904],[35.6148,37.7707],[35.6295,37.8998],[36.0503,38.1578],[36.1591,38.416],[36.4097,38.5451],[36.6062,38.868],[37.5457,39.4496],[37.7467,39.7729],[38.2743,40.1612],[38.5113,40.1612],[38.8556,40.3554],[39.8938,40.4201],[40.3095,40.5496],[41.3389,40.5496],[41.5348,41.2625],[41.8061,41.4571],[41.8392,41.6518],[41.7097,41.7085],[41.5674,41.4571],[41.4471,41.4571],[41.3071,41.3274],[40.5393,41.0032],[40.4492,41.0425],[40.3703,40.9384],[39.7355,40.9384],[39.1683,41.0797],[38.9208,41.0382],[38.7834,40.9384],[38.2977,40.8736],[38.2217,40.9441],[38.0253,40.9769],[37.8312,40.9384],[37.7706,41.068],[37.2147,41.068],[37.226,41.1475],[37.0651,41.1328],[36.7748,41.3274],[36.451,41.2404],[36.2092,41.2625],[35.9561,41.7127],[35.9227,41.6462],[35.9457,41.7167],[35.5767,41.6297],[35.157,41.7167],[35.0921,41.928],[35.123,42.0248],[35.0615,42.0413],[34.9178,42.0413],[34.7845,41.9114],[33.2771,41.9764],[32.6675,41.8369],[32.6947,41.7816],[31.4983,41.352],[31.3928,41.1884],[31.1801,41.068],[30.6242,41.068],[30.53,41.1522],[30.3513,41.1922],[30.1369,41.1438],[29.0894,41.1382],[29.0524,41.068],[29.1156,41.068],[29.1034,40.9447],[29.2639,40.8698],[29.2949,40.8388],[29.2546,40.8108],[29.493,40.8736],[29.4438,40.7766],[29.9393,40.7351],[29.5599,40.6911],[29.4906,40.7272],[28.9422,40.6184],[28.9156,40.4714],[29.1515,40.4341],[29.0463,40.3554],[27.9388,40.3554],[27.904,40.3999],[27.9505,40.4849],[27.7921,40.4849],[27.7918,40.3929],[27.8836,40.3863],[27.6958,40.2906],[27.5376,40.2906],[27.2948,40.4059],[26.6819,40.3561],[26.408,40.1937],[26.311,40.0195],[26.2205,40.0029],[26.1325,39.5143]]],[[[26.2318,40.0656],[26.3758,40.1535],[26.3456,40.1998],[26.6167,40.3595],[26.6839,40.4849],[26.2723,40.2906],[26.2318,40.0656]]],[[[27.5815,37.1982],[27.5831,37.1912],[27.5877,37.1988],[27.5815,37.1982]]],[[[32.5967,45.4313],[32.9224,45.4313],[33.6101,45.1042],[33.6092,44.8717],[33.5151,44.6466],[33.5715,44.6206],[33.4767,44.6099],[33.5086,44.4953],[33.6202,44.462],[34.0966,44.516],[34.286,44.7119],[34.3671,44.7119],[34.3763,44.7773],[34.5385,44.7773],[34.5478,44.8426],[34.7911,44.8426],[34.4319,45.1696],[34.2693,45.1696],[34.0621,45.4313],[33.8993,45.4313],[33.628,45.8243],[32.8337,45.6011],[32.6677,45.5254],[32.5967,45.4313]]]]}}]}
